confidence,confluence,p_success,atr,atr_pct,approx_stop_pct,minutes_since_midnight,minutes_to_eod_flatten,belief_posterior,qty,risk_rupees,is_futures,is_contaminated_futures,is_clean,is_short_hold,is_quality_hold,hold_bucket,exit_quality,y_binary,honest_pnl,y_R,hold_sec,symbol,signal_id,buy_time,sell_time,buy_price,sell_price,fees,atr_source,model_version,feature_hash,regime_id,meta_prob,portfolio_heat_at_entry,is_synthetic,tbm_label,tbm_touch_sec,tbm_ret,y_meta,avg_uniqueness
0.597034875511702,73.6,0.6764270463849127,22.144148857780333,0.0169634965862053,0.025445244879308,445,134.55340661666668,0.251207729468599,1.0,33.2162232866705,0,0,1,0,1,>15m,quality,1,1.9099267578125,0.0574998169216589,8014.611162,RELIANCE,147,2026-08-14 07:25:26.795603,2026-08-14 09:39:01.406765,1305.4000244140625,1309.699951171875,2.39,price_bars,v3_baseline,f5345ea443dc,0,,,0,0,1800.0,0.224519624530383,0,0.2112955620768121
0.597034875511702,73.6,0.6764270463849127,6.81638308748654,0.0213914427053178,0.0320871640579768,469,110.12204475,0.251207729468599,2.0,20.44914926245962,0,0,1,0,1,>15m,quality,0,-2.37001220703125,-0.1158978389082473,6548.740686,BPCL,571,2026-08-14 07:49:52.677315,2026-08-14 09:39:01.418001,318.6499938964844,318.04998779296875,1.17,price_bars,v3_baseline,a23d3eb8bbde,0,,,0,0,1800.0,-0.125338008878889,0,0.15871526621526627
0.597034875511702,73.6,0.6764270463849127,6.290911349022943,0.025093384226573,0.0376400763398596,469,110.1219125,0.251207729468599,3.0,28.309101070603248,0,0,1,0,1,>15m,quality,0,-3.4699908447265626,-0.122575098236866,6548.736512,JIOFIN,583,2026-08-14 07:49:52.685250,2026-08-14 09:39:01.421762,250.6999969482422,250.0,1.37,price_bars,v3_baseline,e56b6470b376,0,,,0,-1,1444.3328648020051,-1.0105677341290522,0,0.13433778523064235
0.597034875511702,73.6,0.6764270463849127,3.643034173190915,0.0197465123568761,0.0296197685353142,469,110.12184618333336,0.251207729468599,3.0,16.393653779359116,0,0,1,0,1,>15m,quality,0,-2.120031127929688,-0.1293202330891586,6548.735414,WIPRO,590,2026-08-14 07:49:52.689229,2026-08-14 09:39:01.424643,184.4900054931641,184.1199951171875,1.01,price_bars,v3_baseline,014e6903924f,0,,,0,0,1800.0,-0.6347320934867389,0,0.11903043537658921
0.5845254859939495,70.4,0.6536827018071808,1.8874913676351763,0.0509306880111311,0.0763960320166967,469,110.12178411666667,0.251207729468599,2.0,5.662474102905529,0,0,1,0,1,>15m,quality,0,-0.5200048828125,-0.0918335118823192,6548.734422,VISL,540,2026-08-14 07:49:52.692953,2026-08-14 09:39:01.427375,37.060001373291016,36.869998931884766,0.14,price_bars,v3_baseline,cb521d20d461,0,,,0,1,475.97317854135343,1.0685803592218261,1,0.10811630499130498
0.597034875511702,73.6,0.6764270463849127,35.47398585835256,0.017760080817441,0.0266401212261616,477,102.54488958333332,0.251207729468599,4.0,212.8439151501153,0,0,1,0,1,>15m,quality,0,-43.7801953125,-0.2056915523360042,6094.123507,BHARTIARTL,1575,2026-08-14 07:57:27.306625,2026-08-14 09:39:01.430132,1997.4000244140625,1990.0999755859373,14.58,price_bars,v3_baseline,82272e72fee3,0,,,0,0,1800.0,-0.5518902852242418,0,0.09976324180869636
0.597034875511702,73.6,0.6764270463849127,29.39731558550506,0.0252012992588984,0.0378019488883476,478,101.45065951666668,0.251207729468599,6.0,264.57584026954555,0,0,1,0,1,>15m,quality,0,-9.46970703125,-0.0357920323397722,6028.45451,INFY,1864,2026-08-14 07:58:32.960429,2026-08-14 09:39:01.414939,1166.5,1169.800048828125,29.27,price_bars,v3_baseline,e66882d55593,0,,,0,-1,302.17817092731826,-1.0218707174043358,0,0.09307289932289932
0.597034875511702,73.6,0.6764270463849127,27.986986297753354,0.0257091557279242,0.0385637335918863,520,59.9964428,0.251207729468599,3.0,125.94143833989008,0,0,1,0,1,>15m,quality,0,-8.6600732421875,-0.0687626992064021,3541.219491,BAJFINANCE,7308,2026-08-14 08:40:00.213432,2026-08-14 09:39:01.432923,1088.5999755859375,1087.699951171875,5.96,price_bars,v3_baseline,ccef38df16f8,0,,,0,0,1800.0,0.1679106556998077,0,0.08754131670798337
0.597034875511702,73.6,0.6764270463849127,32.384658235464954,0.0237337180179296,0.0356005770268944,520,59.99610621666667,0.251207729468599,1.0,48.57698735319743,0,0,1,0,1,>15m,quality,0,-5.689951171875,-0.1171326482332889,3541.202032,HCLTECH,7311,2026-08-14 08:40:00.233627,2026-08-14 09:39:01.435659,1364.5,1361.300048828125,2.49,price_bars,v3_baseline,c9c7a751fca4,0,,,0,-1,1686.286681904762,-1.0251808905166435,0,0.0828589812964813
0.597034875511702,73.6,0.6764270463849127,1257.3167977773053,0.0216821352534479,0.0325232028801718,520,59.99586035,0.251207729468599,0.0156,29.421213067988944,0,0,1,0,1,>15m,quality,0,-19.533586116821304,-0.6639286446714994,3541.190237,BNBUSDT,7388,2026-08-14 08:40:00.248379,2026-08-14 09:39:01.438616,57988.6059689331,58033.24788452148,20.23,price_bars,v3_baseline,e5a8eecfcdfc,0,,,0,1,1215.897399671679,1.0212360061135592,1,0.07882296275153418
0.597034875511702,73.6,0.6764270463849127,28.351096530149395,0.0339132523133321,0.0508698784699982,520,59.99574251666666,0.251207729468599,0.3791,16.121851041869455,0,0,1,0,1,>15m,quality,0,-6.088198910473592,-0.3776364695754947,3541.186307,LINKUSDT,7393,2026-08-14 08:40:00.255449,2026-08-14 09:39:01.441756,835.9887240600585,838.6313014526368,7.09,price_bars,v3_baseline,84e7d5dc24a9,0,,,0,0,1800.0,-0.21664023580380096,0,0.07529345654345654
0.747034875511702,73.6,0.6764270463849127,25.08242991392207,0.0242295509051445,0.0363443263577167,535,44.57831613333334,0.251207729468599,1.0,37.62364487088311,0,0,1,0,1,>15m,quality,0,-2.089951171875,-0.0555488756883416,2616.143464,HINDALCO,9615,2026-08-14 08:55:25.301032,2026-08-14 09:39:01.444496,1035.199951171875,1035.0,1.89,price_bars,v3_baseline,6912beb424b5,0,,,0,0,1800.0,0.3191130187509129,0,0.07217032967032967
0.7528041062809327,73.6,0.6764270463849127,29.14958092123112,0.025841827057829,0.0387627405867435,536,43.55813903333333,0.251207729468599,1.0,43.72437138184667,0,0,1,0,1,>15m,quality,0,-3.1599755859375,-0.0722703491455899,2554.935555,SHRIRAMFIN,9749,2026-08-14 08:56:26.511658,2026-08-14 09:39:01.447213,1128.0,1126.9000244140625,2.06,price_bars,v3_baseline,f30981734b3a,0,,,0,-1,1556.0133831203007,-1.0358293176808475,0,0.06937957875457876
0.7577491612259877,73.6,0.6764270463849127,41.750364698477625,0.0335236581660743,0.0502854872491114,537,42.53695928333333,0.251207729468599,1.0,62.62554704771644,0,0,1,0,1,>15m,quality,0,-9.4700732421875,-0.1512174134777927,2493.667552,LODHA,9893,2026-08-14 08:57:27.782443,2026-08-14 09:39:01.449995,1245.4000244140625,1238.199951171875,2.27,price_bars,v3_baseline,41c34d7245c9,0,,,0,0,1800.0,0.5989352589963651,0,0.06686507936507936
0.765784875511702,73.6,0.6764270463849127,34.22163733176183,0.0227598017341188,0.0341397026011782,539,40.490764633333335,0.251207729468599,1.0,51.332455997642754,0,0,1,0,1,>15m,quality,0,-3.939951171875,-0.0767536073484566,2370.898692,NESTLEIND,10131,2026-08-14 08:59:30.554122,2026-08-14 09:39:01.452814,1503.5999755859375,1502.4000244140625,2.74,price_bars,v3_baseline,75e80fa73d1d,0,,,0,0,1800.0,0.5505402628761287,0,0.06458333333333333
0.7690936990411137,73.6,0.6764270463849127,39.19284536842427,0.0240786671647972,0.0361180007471958,542,37.61568896666667,0.251207729468599,1.0,58.78926805263641,0,0,1,0,1,>15m,quality,0,-1.5699755859374998,-0.0267051391851287,2198.396918,TECHM,10519,2026-08-14 09:02:23.058662,2026-08-14 09:39:01.455580,1627.699951171875,1629.0999755859375,2.97,price_bars,v3_baseline,df6ca38a45f5,0,,,0,0,1800.0,-0.2858500588208169,0,0.0625
0.669034875511702,73.6,0.6764270463849127,35.47398585835256,0.0178252280254956,0.0267378420382434,579,0.9685336166666668,0.251207729468599,5.0,266.05489393764424,0,0,1,1,0,1-2m,scratch,0,-10.55,-0.0396534709204508,60.030958,BHARTIARTL,15727,2026-08-14 09:39:01.887983,2026-08-14 09:40:01.918941,1990.0999755859373,1990.0999755859373,10.55,price_bars,v3_baseline,1a3e4ac863b1,0,,,0,0,60.03095799999999,-0.0396534709204508,0,0.31432980599647264
0.669034875511702,73.6,0.6764270463849127,27.986986297753354,0.0257304289363997,0.0385956434045995,579,0.9684622833333332,0.251207729468599,9.0,377.8243150196703,0,0,1,1,0,1-2m,scratch,0,-10.38,-0.0274730862661911,60.030079,BAJFINANCE,15731,2026-08-14 09:39:01.892263,2026-08-14 09:40:01.922342,1087.699951171875,1087.699951171875,10.38,price_bars,v3_baseline,614e53456141,0,,,0,0,60.03007900000001,-0.0274730862661911,0,0.22862103174603174
0.669034875511702,73.6,0.6764270463849127,32.384658235464954,0.0237895078776668,0.0356842618165002,579,0.9684188333333332,0.251207729468599,7.0,340.03891147238204,0,0,1,1,0,1-2m,scratch,0,-10.1,-0.0297024830372106,60.031073,HCLTECH,15734,2026-08-14 09:39:01.894870,2026-08-14 09:40:01.925943,1361.300048828125,1361.300048828125,10.1,price_bars,v3_baseline,cde3438f9d4b,0,,,0,0,60.03107299999999,-0.0297024830372106,0,0.18985260770975057
0.669034875511702,73.6,0.6764270463849127,74.64017530950416,0.0217991166207664,0.0326986749311496,579,0.9683763833333334,0.251207729468599,3.0,335.8807888927687,0,0,1,1,0,1-2m,scratch,0,-10.9,-0.0324519899930325,60.031572,M&M,15737,2026-08-14 09:39:01.897417,2026-08-14 09:40:01.928989,3424.0,3424.0,10.9,price_bars,v3_baseline,a991475c4786,0,,,0,0,60.031572,-0.0324519899930325,0,0.16593915343915344
0.669034875511702,73.6,0.6764270463849127,44.80491841781936,0.0223065413533867,0.0334598120300801,579,0.9683314,0.251207729468599,5.0,336.0368881336452,0,0,1,1,0,1-2m,scratch,0,-10.65,-0.0316929491257649,60.031792,BAJAJFINSV,15748,2026-08-14 09:39:01.900116,2026-08-14 09:40:01.931908,2008.5999755859373,2008.5999755859373,10.65,price_bars,v3_baseline,2d4fa019acd2,0,,,0,0,60.031791999999996,-0.0316929491257649,0,0.14912698412698414
0.669034875511702,73.6,0.6764270463849127,83.24175872757456,0.0256507333847071,0.0384761000770607,579,0.9682774333333334,0.251207729468599,1.0,124.86263809136184,0,0,1,1,0,1-2m,scratch,0,-3.4400000000000004,-0.0275502748667135,60.031361,GRASIM,15756,2026-08-14 09:39:01.903354,2026-08-14 09:40:01.934715,3245.199951171875,3245.199951171875,3.4400000000000004,price_bars,v3_baseline,a2a7a40eed73,0,,,0,0,60.031361000000004,-0.0275502748667135,0,0.13640873015873017
0.669034875511702,73.6,0.6764270463849127,34.22163733176183,0.0227779797495066,0.0341669696242599,579,0.9682352833333332,0.251207729468599,1.0,51.332455997642754,0,0,1,1,0,1-2m,scratch,0,-1.59,-0.0309745553587581,60.031601,NESTLEIND,15763,2026-08-14 09:39:01.905883,2026-08-14 09:40:01.937484,1502.4000244140625,1502.4000244140625,1.59,price_bars,v3_baseline,f479f6618987,0,,,0,0,60.031600999999995,-0.0309745553587581,0,0.1263227513227513
0.669034875511702,73.6,0.6764270463849127,39.19284536842427,0.0240579743145154,0.0360869614717732,579,0.9681929833333334,0.251207729468599,1.0,58.78926805263641,0,0,1,1,0,1-2m,scratch,0,-1.7200000000000002,-0.029257040561553,60.032162,TECHM,15767,2026-08-14 09:39:01.908421,2026-08-14 09:40:01.940583,1629.0999755859375,1629.0999755859375,1.7200000000000002,price_bars,v3_baseline,cbf8eb0891dc,0,,,0,0,60.032162,-0.029257040561553,0,0.11805555555555555
0.669034875511702,73.6,0.6764270463849127,1257.3167977773053,0.0216654563308122,0.0324981844962184,579,0.9681242,0.251207729468599,0.0146,27.535237871322984,0,0,1,1,0,1-2m,scratch,0,-18.94,-0.687845882737965,60.031199,BNBUSDT,15813,2026-08-14 09:39:01.912548,2026-08-14 09:40:01.943747,58033.24788452148,58033.24788452148,18.94,price_bars,v3_baseline,727b179e5b6e,0,,,0,0,60.031199,-0.687845882737965,0,0.1111111111111111
0.627034875511702,73.6,0.6764270463849127,35.47398585835256,0.0178252280254956,0.0267378420382434,580,0.0,0.251207729468599,5.0,266.05489393764424,0,0,1,1,0,1-2m,scratch,0,-10.55,-0.0396534709204508,60.065958,BHARTIARTL,15983,2026-08-14 09:40:02.409699,2026-08-14 09:41:02.475657,1990.0999755859373,1990.0999755859373,10.55,price_bars,v3_baseline,18d84dc3950e,0,,,0,0,60.06595800000001,-0.0396534709204508,0,0.31432980599647264
0.627034875511702,73.6,0.6764270463849127,27.986986297753354,0.0257304289363997,0.0385956434045995,580,0.0,0.251207729468599,9.0,377.8243150196703,0,0,1,1,0,1-2m,scratch,0,-10.38,-0.0274730862661911,60.069301,BAJFINANCE,15987,2026-08-14 09:40:02.412479,2026-08-14 09:41:02.481780,1087.699951171875,1087.699951171875,10.38,price_bars,v3_baseline,10bcdbd385ae,0,,,0,0,60.069301,-0.0274730862661911,0,0.22862103174603174
0.627034875511702,73.6,0.6764270463849127,32.384658235464954,0.0237895078776668,0.0356842618165002,580,0.0,0.251207729468599,7.0,340.03891147238204,0,0,1,1,0,1-2m,scratch,0,-10.1,-0.0297024830372106,60.070029,HCLTECH,15990,2026-08-14 09:40:02.415224,2026-08-14 09:41:02.485253,1361.300048828125,1361.300048828125,10.1,price_bars,v3_baseline,aba0f1ccba0a,0,,,0,0,60.07002899999999,-0.0297024830372106,0,0.18985260770975057
0.627034875511702,73.6,0.6764270463849127,74.64017530950416,0.0217991166207664,0.0326986749311496,580,0.0,0.251207729468599,3.0,335.8807888927687,0,0,1,1,0,1-2m,scratch,0,-10.9,-0.0324519899930325,60.069344,M&M,15993,2026-08-14 09:40:02.419072,2026-08-14 09:41:02.488416,3424.0,3424.0,10.9,price_bars,v3_baseline,838b70bf5bfc,0,,,0,0,60.069344,-0.0324519899930325,0,0.16593915343915344
0.627034875511702,73.6,0.6764270463849127,44.80491841781936,0.0223065413533867,0.0334598120300801,580,0.0,0.251207729468599,5.0,336.0368881336452,0,0,1,1,0,1-2m,scratch,0,-10.65,-0.0316929491257649,60.070599,BAJAJFINSV,16004,2026-08-14 09:40:02.421946,2026-08-14 09:41:02.492545,2008.5999755859373,2008.5999755859373,10.65,price_bars,v3_baseline,0337b3fb086b,0,,,0,0,60.07059900000001,-0.0316929491257649,0,0.14912698412698414
0.627034875511702,73.6,0.6764270463849127,83.24175872757456,0.0256507333847071,0.0384761000770607,580,0.0,0.251207729468599,1.0,124.86263809136184,0,0,1,1,0,1-2m,scratch,0,-3.4400000000000004,-0.0275502748667135,60.070916,GRASIM,16012,2026-08-14 09:40:02.425249,2026-08-14 09:41:02.496165,3245.199951171875,3245.199951171875,3.4400000000000004,price_bars,v3_baseline,64b0025d1c3a,0,,,0,0,60.070916000000004,-0.0275502748667135,0,0.13640873015873017
0.627034875511702,73.6,0.6764270463849127,34.22163733176183,0.0227779797495066,0.0341669696242599,580,0.0,0.251207729468599,1.0,51.332455997642754,0,0,1,1,0,1-2m,scratch,0,-1.59,-0.0309745553587581,60.074255,NESTLEIND,16019,2026-08-14 09:40:02.427995,2026-08-14 09:41:02.502250,1502.4000244140625,1502.4000244140625,1.59,price_bars,v3_baseline,c72c53eee73c,0,,,0,0,60.074255,-0.0309745553587581,0,0.1263227513227513
0.627034875511702,73.6,0.6764270463849127,39.19284536842427,0.0240579743145154,0.0360869614717732,580,0.0,0.251207729468599,1.0,58.78926805263641,0,0,1,1,0,1-2m,scratch,0,-1.7200000000000002,-0.029257040561553,60.076937,TECHM,16023,2026-08-14 09:40:02.430518,2026-08-14 09:41:02.507455,1629.0999755859375,1629.0999755859375,1.7200000000000002,price_bars,v3_baseline,4244e421cf83,0,,,0,0,60.076936999999994,-0.029257040561553,0,0.11805555555555555
0.627034875511702,73.6,0.6764270463849127,1257.3167977773053,0.0216654563308122,0.0324981844962184,580,0.0,0.251207729468599,0.0141,26.592250272990007,0,0,1,1,0,1-2m,scratch,0,-18.3,-0.6881704185293216,60.077163,BNBUSDT,16069,2026-08-14 09:40:02.435703,2026-08-14 09:41:02.512866,58033.24788452148,58033.24788452148,18.3,price_bars,v3_baseline,a62cb5435829,0,,,0,0,60.077163,-0.6881704185293216,0,0.1111111111111111
0.597034875511702,73.6,0.6764270463849127,35.47398585835256,0.0178252280254956,0.0267378420382434,581,0.0,0.251207729468599,5.0,266.05489393764424,0,0,1,1,0,1-2m,scratch,0,-3.0599999999999987,-0.0115013858783487,84.818901,BHARTIARTL,16623,2026-08-14 09:41:03.061656,2026-08-14 09:42:27.880557,1990.0999755859373,1991.5999755859373,10.56,price_bars,v3_baseline,7225281f21ff,0,,,0,0,84.818901,-0.0115013858783487,0,0.31432980599647264
0.597034875511702,73.6,0.6764270463849127,27.986986297753354,0.0257304289363997,0.0385956434045995,581,0.0,0.251207729468599,9.0,377.8243150196703,0,0,1,1,0,1-2m,scratch,0,-15.7697802734375,-0.0417383943979796,84.819297,BAJFINANCE,16627,2026-08-14 09:41:03.064564,2026-08-14 09:42:27.883861,1087.699951171875,1087.0999755859375,10.37,price_bars,v3_baseline,b5336e600198,0,,,0,0,84.819297,-0.0417383943979796,0,0.22862103174603174
0.597034875511702,73.6,0.6764270463849127,32.384658235464954,0.0237895078776668,0.0356842618165002,581,0.0,0.251207729468599,7.0,340.03891147238204,0,0,1,1,0,1-2m,scratch,0,-4.5005126953125,-0.0132352873258683,84.819004,HCLTECH,16630,2026-08-14 09:41:03.067675,2026-08-14 09:42:27.886679,1361.300048828125,1362.0999755859375,10.1,price_bars,v3_baseline,e67e102e59ec,0,,,0,0,84.819004,-0.0132352873258683,0,0.18985260770975057
0.597034875511702,73.6,0.6764270463849127,74.64017530950416,0.0217991166207664,0.0326986749311496,581,0.0,0.251207729468599,3.0,335.8807888927687,0,0,1,1,0,1-2m,scratch,0,-3.999853515625,-0.0119085510332714,84.81882,M&M,16633,2026-08-14 09:41:03.070661,2026-08-14 09:42:27.889481,3424.0,3426.300048828125,10.9,price_bars,v3_baseline,39c726a5b7df,0,,,0,0,84.81882,-0.0119085510332714,0,0.16593915343915344
0.597034875511702,73.6,0.6764270463849127,44.80491841781936,0.0223065413533867,0.0334598120300801,581,0.0,0.251207729468599,5.0,336.0368881336452,0,0,1,1,0,1-2m,scratch,0,-9.6496337890625,-0.0287159955642272,84.818988,BAJAJFINSV,16644,2026-08-14 09:41:03.073281,2026-08-14 09:42:27.892269,2008.5999755859373,2008.800048828125,10.65,price_bars,v3_baseline,7d021512453a,0,,,0,0,84.818988,-0.0287159955642272,0,0.14912698412698414
0.597034875511702,73.6,0.6764270463849127,83.24175872757456,0.0256507333847071,0.0384761000770607,581,0.0,0.251207729468599,1.0,124.86263809136184,0,0,1,1,0,1-2m,scratch,0,-5.639951171875,-0.0451692456453487,84.817953,GRASIM,16652,2026-08-14 09:41:03.077678,2026-08-14 09:42:27.895631,3245.199951171875,3243.0,3.4400000000000004,price_bars,v3_baseline,1b73746ab35e,0,,,0,0,84.817953,-0.0451692456453487,0,0.13640873015873017
0.597034875511702,73.6,0.6764270463849127,34.22163733176183,0.0227779797495066,0.0341669696242599,581,0.0,0.251207729468599,1.0,51.332455997642754,0,0,1,1,0,1-2m,scratch,0,-2.09,-0.040714981572204,84.817292,NESTLEIND,16659,2026-08-14 09:41:03.081229,2026-08-14 09:42:27.898521,1502.4000244140625,1501.9000244140625,1.59,price_bars,v3_baseline,f8880b65c20c,0,,,0,0,84.817292,-0.040714981572204,0,0.1263227513227513
0.597034875511702,73.6,0.6764270463849127,39.19284536842427,0.0240579743145154,0.0360869614717732,581,0.0,0.251207729468599,1.0,58.78926805263641,0,0,1,1,0,1-2m,scratch,0,-0.3199755859375002,-0.0054427550560931,84.816916,TECHM,16663,2026-08-14 09:41:03.084473,2026-08-14 09:42:27.901389,1629.0999755859375,1630.5,1.7200000000000002,price_bars,v3_baseline,1360509b2cec,0,,,0,0,84.816916,-0.0054427550560931,0,0.11805555555555555
0.597034875511702,73.6,0.6764270463849127,1257.3167977773053,0.0216654563308122,0.0324981844962184,581,0.0,0.251207729468599,0.0136,25.649262674657027,0,0,1,1,0,1-2m,scratch,0,-18.14621377294916,-0.7074750648048326,84.814244,BNBUSDT,16709,2026-08-14 09:41:03.089950,2026-08-14 09:42:27.904194,58033.24788452148,57996.026283569336,17.64,price_bars,v3_baseline,a30f54479827,0,,,0,0,84.814244,-0.7074750648048326,0,0.1111111111111111
0.591409875511702,73.6,0.6764270463849127,29.39731558550506,0.0251409513024198,0.0377114269536297,582,0.0,0.251207729468599,8.0,352.7677870260607,0,0,1,1,0,1-2m,scratch,0,-9.92,-0.0281204814181833,60.08512,INFY,16732,2026-08-14 09:42:28.345029,2026-08-14 09:43:28.430149,1169.300048828125,1169.300048828125,9.92,price_bars,v3_baseline,54e8d081abcc,0,,,0,0,60.08512,-0.0281204814181833,0,0.3397321428571428
0.591409875511702,73.6,0.6764270463849127,35.47398585835256,0.0178118027180212,0.0267177040770318,582,0.0,0.251207729468599,5.0,266.05489393764424,0,0,1,1,0,1-2m,scratch,0,-10.56,-0.0396910571488114,60.085313,BHARTIARTL,16751,2026-08-14 09:42:28.348199,2026-08-14 09:43:28.433512,1991.5999755859373,1991.5999755859373,10.56,price_bars,v3_baseline,f9f1b1ec8326,0,,,0,0,60.085313,-0.0396910571488114,0,0.2454081632653061
0.591409875511702,73.6,0.6764270463849127,32.384658235464954,0.023775536903254,0.0356633053548811,582,0.0,0.251207729468599,7.0,340.03891147238204,0,0,1,1,0,1-2m,scratch,0,-10.11,-0.0297318914362573,60.08541,HCLTECH,16758,2026-08-14 09:42:28.350896,2026-08-14 09:43:28.436306,1362.0999755859375,1362.0999755859375,10.11,price_bars,v3_baseline,e499dbd523ca,0,,,0,0,60.08541,-0.0297318914362573,0,0.20297619047619045
0.591409875511702,73.6,0.6764270463849127,74.64017530950416,0.0217844830417093,0.032676724562564,582,0.0,0.251207729468599,3.0,335.8807888927687,0,0,1,1,0,1-2m,scratch,0,-10.9,-0.0324519899930325,60.085578,M&M,16761,2026-08-14 09:42:28.353560,2026-08-14 09:43:28.439138,3426.300048828125,3426.300048828125,10.9,price_bars,v3_baseline,7280b787e978,0,,,0,0,60.08557799999999,-0.0324519899930325,0,0.1769047619047619
0.591409875511702,73.6,0.6764270463849127,44.80491841781936,0.0223043196578759,0.0334564794868139,582,0.0,0.251207729468599,5.0,336.0368881336452,0,0,1,1,0,1-2m,scratch,0,-10.65,-0.0316929491257649,60.085649,BAJAJFINSV,16772,2026-08-14 09:42:28.356259,2026-08-14 09:43:28.441908,2008.800048828125,2008.800048828125,10.65,price_bars,v3_baseline,d0a38aa62967,0,,,0,0,60.08564899999999,-0.0316929491257649,0,0.15863095238095237
0.591409875511702,73.6,0.6764270463849127,83.24175872757456,0.0256681340510559,0.0385022010765839,582,0.0,0.251207729468599,1.0,124.86263809136184,0,0,1,1,0,1-2m,scratch,0,-3.4400000000000004,-0.0275502748667135,60.086036,GRASIM,16780,2026-08-14 09:42:28.359386,2026-08-14 09:43:28.445422,3243.0,3243.0,3.4400000000000004,price_bars,v3_baseline,0263144d768f,0,,,0,0,60.086036,-0.0275502748667135,0,0.14484126984126985
0.591409875511702,73.6,0.6764270463849127,34.22163733176183,0.0227855628040972,0.0341783442061459,582,0.0,0.251207729468599,2.0,102.66491199528552,0,0,1,1,0,1-2m,scratch,0,-3.18,-0.0309745553587581,60.086269,NESTLEIND,16787,2026-08-14 09:42:28.362153,2026-08-14 09:43:28.448422,1501.9000244140625,1501.9000244140625,3.18,price_bars,v3_baseline,d1970fa53a95,0,,,0,0,60.086269,-0.0309745553587581,0,0.13392857142857142
0.591409875511702,73.6,0.6764270463849127,1257.3167977773053,0.0216793611277728,0.0325190416916592,582,0.0,0.251207729468599,0.0194,36.58791881531958,0,0,1,1,0,1-2m,scratch,0,-25.15999999999985,-0.6876586811891912,60.085949,BNBUSDT,16837,2026-08-14 09:42:28.366642,2026-08-14 09:43:28.452591,57996.02628356933,57996.026283569336,25.16,price_bars,v3_baseline,6ee136cf866a,0,,,0,0,60.08594899999999,-0.6876586811891912,0,0.125
0.574282066522938,73.6,0.6764270463849127,29.39731558550506,0.0251409513024198,0.0377114269536297,583,0.0,0.251207729468599,8.0,352.7677870260607,0,0,1,1,0,1-2m,scratch,0,-9.92,-0.0281204814181833,60.044397,INFY,16860,2026-08-14 09:43:28.912315,2026-08-14 09:44:28.956712,1169.300048828125,1169.300048828125,9.92,price_bars,v3_baseline,c9980a27ce06,0,,,0,0,60.044397000000004,-0.0281204814181833,0,0.3397321428571428
0.574282066522938,73.6,0.6764270463849127,35.47398585835256,0.0178118027180212,0.0267177040770318,583,0.0,0.251207729468599,5.0,266.05489393764424,0,0,1,1,0,1-2m,scratch,0,-10.56,-0.0396910571488114,60.045681,BHARTIARTL,16879,2026-08-14 09:43:28.915415,2026-08-14 09:44:28.961096,1991.5999755859373,1991.5999755859373,10.56,price_bars,v3_baseline,0ea6eab40fbf,0,,,0,0,60.04568100000001,-0.0396910571488114,0,0.2454081632653061
0.574282066522938,73.6,0.6764270463849127,32.384658235464954,0.023775536903254,0.0356633053548811,583,0.0,0.251207729468599,7.0,340.03891147238204,0,0,1,1,0,1-2m,scratch,0,-10.11,-0.0297318914362573,60.045589,HCLTECH,16886,2026-08-14 09:43:28.918413,2026-08-14 09:44:28.964002,1362.0999755859375,1362.0999755859375,10.11,price_bars,v3_baseline,35768eb38dbe,0,,,0,0,60.045589,-0.0297318914362573,0,0.20297619047619045
0.574282066522938,73.6,0.6764270463849127,74.64017530950416,0.0217844830417093,0.032676724562564,583,0.0,0.251207729468599,3.0,335.8807888927687,0,0,1,1,0,1-2m,scratch,0,-10.9,-0.0324519899930325,60.04585,M&M,16889,2026-08-14 09:43:28.921008,2026-08-14 09:44:28.966858,3426.300048828125,3426.300048828125,10.9,price_bars,v3_baseline,af5fca9ca52b,0,,,0,0,60.04585,-0.0324519899930325,0,0.1769047619047619
0.574282066522938,73.6,0.6764270463849127,44.80491841781936,0.0223043196578759,0.0334564794868139,583,0.0,0.251207729468599,5.0,336.0368881336452,0,0,1,1,0,1-2m,scratch,0,-10.65,-0.0316929491257649,60.046096,BAJAJFINSV,16900,2026-08-14 09:43:28.923673,2026-08-14 09:44:28.969769,2008.800048828125,2008.800048828125,10.65,price_bars,v3_baseline,0f238a0bd2cf,0,,,0,0,60.046096,-0.0316929491257649,0,0.15863095238095237
0.574282066522938,73.6,0.6764270463849127,83.24175872757456,0.0256681340510559,0.0385022010765839,583,0.0,0.251207729468599,1.0,124.86263809136184,0,0,1,1,0,1-2m,scratch,0,-3.4400000000000004,-0.0275502748667135,60.048205,GRASIM,16908,2026-08-14 09:43:28.927123,2026-08-14 09:44:28.975328,3243.0,3243.0,3.4400000000000004,price_bars,v3_baseline,6310b760a99d,0,,,0,0,60.048204999999996,-0.0275502748667135,0,0.14484126984126985
0.574282066522938,73.6,0.6764270463849127,34.22163733176183,0.0227855628040972,0.0341783442061459,583,0.0,0.251207729468599,2.0,102.66491199528552,0,0,1,1,0,1-2m,scratch,0,-3.18,-0.0309745553587581,60.049888,NESTLEIND,16915,2026-08-14 09:43:28.930331,2026-08-14 09:44:28.980219,1501.9000244140625,1501.9000244140625,3.18,price_bars,v3_baseline,f3e6976836ec,0,,,0,0,60.049888,-0.0309745553587581,0,0.13392857142857142
0.574282066522938,73.6,0.6764270463849127,1257.3167977773053,0.0216793611277728,0.0325190416916592,583,0.0,0.251207729468599,0.0189,35.644931216986606,0,0,1,1,0,1-2m,scratch,0,-24.5,-0.6873347531759162,60.04787,BNBUSDT,16965,2026-08-14 09:43:28.936380,2026-08-14 09:44:28.984250,57996.026283569336,57996.026283569336,24.5,price_bars,v3_baseline,12e013a9bcf1,0,,,0,0,60.04787,-0.6873347531759162,0,0.125
0.560300181634151,73.6,0.6764270463849127,29.39731558550506,0.0251409513024198,0.0377114269536297,584,0.0,0.251207729468599,8.0,352.7677870260607,0,0,1,1,0,1-2m,scratch,0,-9.92,-0.0281204814181833,60.057273,INFY,16988,2026-08-14 09:44:29.456411,2026-08-14 09:45:29.513684,1169.300048828125,1169.300048828125,9.92,price_bars,v3_baseline,ab336d0ab814,0,,,0,0,60.05727300000001,-0.0281204814181833,0,0.3397321428571428
0.560300181634151,73.6,0.6764270463849127,35.47398585835256,0.0178118027180212,0.0267177040770318,584,0.0,0.251207729468599,5.0,266.05489393764424,0,0,1,1,0,1-2m,scratch,0,-10.56,-0.0396910571488114,60.057749,BHARTIARTL,17007,2026-08-14 09:44:29.459358,2026-08-14 09:45:29.517107,1991.5999755859373,1991.5999755859373,10.56,price_bars,v3_baseline,78bec4146b5d,0,,,0,0,60.057748999999994,-0.0396910571488114,0,0.2454081632653061
0.560300181634151,73.6,0.6764270463849127,32.384658235464954,0.023775536903254,0.0356633053548811,584,0.0,0.251207729468599,7.0,340.03891147238204,0,0,1,1,0,1-2m,scratch,0,-10.11,-0.0297318914362573,60.058286,HCLTECH,17014,2026-08-14 09:44:29.462059,2026-08-14 09:45:29.520345,1362.0999755859375,1362.0999755859375,10.11,price_bars,v3_baseline,df48854e2283,0,,,0,0,60.058285999999995,-0.0297318914362573,0,0.20297619047619045
0.560300181634151,73.6,0.6764270463849127,74.64017530950416,0.0217844830417093,0.032676724562564,584,0.0,0.251207729468599,3.0,335.8807888927687,0,0,1,1,0,1-2m,scratch,0,-10.9,-0.0324519899930325,60.058097,M&M,17017,2026-08-14 09:44:29.465332,2026-08-14 09:45:29.523429,3426.300048828125,3426.300048828125,10.9,price_bars,v3_baseline,6057a6004cd2,0,,,0,0,60.058097,-0.0324519899930325,0,0.1769047619047619
0.560300181634151,73.6,0.6764270463849127,44.80491841781936,0.0223043196578759,0.0334564794868139,584,0.0,0.251207729468599,5.0,336.0368881336452,0,0,1,1,0,1-2m,scratch,0,-10.65,-0.0316929491257649,60.058295,BAJAJFINSV,17028,2026-08-14 09:44:29.467903,2026-08-14 09:45:29.526198,2008.800048828125,2008.800048828125,10.65,price_bars,v3_baseline,245299ae7031,0,,,0,0,60.058294999999994,-0.0316929491257649,0,0.15863095238095237
0.560300181634151,73.6,0.6764270463849127,83.24175872757456,0.0256681340510559,0.0385022010765839,584,0.0,0.251207729468599,1.0,124.86263809136184,0,0,1,1,0,1-2m,scratch,0,-3.4400000000000004,-0.0275502748667135,60.058041,GRASIM,17036,2026-08-14 09:44:29.471398,2026-08-14 09:45:29.529439,3243.0,3243.0,3.4400000000000004,price_bars,v3_baseline,c3253f8a1cb3,0,,,0,0,60.058041,-0.0275502748667135,0,0.14484126984126985
0.560300181634151,73.6,0.6764270463849127,34.22163733176183,0.0227855628040972,0.0341783442061459,584,0.0,0.251207729468599,2.0,102.66491199528552,0,0,1,1,0,1-2m,scratch,0,-3.18,-0.0309745553587581,60.058979,NESTLEIND,17043,2026-08-14 09:44:29.473986,2026-08-14 09:45:29.532965,1501.9000244140625,1501.9000244140625,3.18,price_bars,v3_baseline,75bb4f1815b9,0,,,0,0,60.058978999999994,-0.0309745553587581,0,0.13392857142857142
0.560300181634151,73.6,0.6764270463849127,1257.3167977773053,0.0216793611277728,0.0325190416916592,584,0.0,0.251207729468599,0.0184,34.70194361865362,0,0,1,1,0,1-2m,scratch,0,-23.86,-0.6875695569735851,60.055189,BNBUSDT,17093,2026-08-14 09:44:29.480745,2026-08-14 09:45:29.535934,57996.026283569336,57996.026283569336,23.86,price_bars,v3_baseline,c22356ee9544,0,,,0,0,60.055189,-0.6875695569735851,0,0.125
0.5486703895303936,73.6,0.6764270463849127,29.39731558550506,0.0251409513024198,0.0377114269536297,585,0.0,0.251207729468599,8.0,352.7677870260607,0,0,1,1,0,1-2m,scratch,0,-9.92,-0.0281204814181833,60.034653,INFY,17116,2026-08-14 09:45:29.992020,2026-08-14 09:46:30.026673,1169.300048828125,1169.300048828125,9.92,price_bars,v3_baseline,61caae065ec5,0,,,0,0,60.034653000000006,-0.0281204814181833,0,0.31432980599647264
0.5486703895303936,73.6,0.6764270463849127,35.47398585835256,0.0178118027180212,0.0267177040770318,585,0.0,0.251207729468599,5.0,266.05489393764424,0,0,1,1,0,1-2m,scratch,0,-10.56,-0.0396910571488114,60.034538,BHARTIARTL,17135,2026-08-14 09:45:29.995449,2026-08-14 09:46:30.029987,1991.5999755859373,1991.5999755859373,10.56,price_bars,v3_baseline,12f5371a053e,0,,,0,0,60.034538,-0.0396910571488114,0,0.22862103174603174
0.5486703895303936,73.6,0.6764270463849127,32.384658235464954,0.023775536903254,0.0356633053548811,585,0.0,0.251207729468599,7.0,340.03891147238204,0,0,1,1,0,1-2m,scratch,0,-10.11,-0.0297318914362573,60.034423,HCLTECH,17142,2026-08-14 09:45:29.998351,2026-08-14 09:46:30.032774,1362.0999755859375,1362.0999755859375,10.11,price_bars,v3_baseline,0e177695ff6c,0,,,0,0,60.034423,-0.0297318914362573,0,0.18985260770975057
0.5486703895303936,73.6,0.6764270463849127,74.64017530950416,0.0217844830417093,0.032676724562564,585,0.0,0.251207729468599,2.0,223.9205259285125,0,0,1,1,0,1-2m,scratch,0,-7.27,-0.0324668762269742,60.034591,M&M,17145,2026-08-14 09:45:30.001025,2026-08-14 09:46:30.035616,3426.300048828125,3426.300048828125,7.27,price_bars,v3_baseline,95071507499d,0,,,0,0,60.034591,-0.0324668762269742,0,0.16593915343915344
0.5486703895303936,73.6,0.6764270463849127,44.80491841781936,0.0223043196578759,0.0334564794868139,585,0.0,0.251207729468599,5.0,336.0368881336452,0,0,1,1,0,1-2m,scratch,0,-10.65,-0.0316929491257649,60.03456,BAJAJFINSV,17156,2026-08-14 09:45:30.003867,2026-08-14 09:46:30.038427,2008.800048828125,2008.800048828125,10.65,price_bars,v3_baseline,85506d4673d3,0,,,0,0,60.03455999999999,-0.0316929491257649,0,0.14912698412698414
0.5486703895303936,73.6,0.6764270463849127,110.97175553049424,0.0199607438673431,0.0299411158010147,585,0.0,0.251207729468599,1.0,166.45763329574137,0,0,1,1,0,1-2m,scratch,0,-5.9,-0.0354444544427566,60.03482,BRITANNIA,17159,2026-08-14 09:45:30.006625,2026-08-14 09:46:30.041445,5559.5,5559.5,5.9,price_bars,v3_baseline,8d14758984b0,0,,,0,0,60.03482,-0.0354444544427566,0,0.13640873015873017
0.5486703895303936,73.6,0.6764270463849127,83.24175872757456,0.0256681340510559,0.0385022010765839,585,0.0,0.251207729468599,1.0,124.86263809136184,0,0,1,1,0,1-2m,scratch,0,-3.4400000000000004,-0.0275502748667135,60.034235,GRASIM,17164,2026-08-14 09:45:30.010096,2026-08-14 09:46:30.044331,3243.0,3243.0,3.4400000000000004,price_bars,v3_baseline,805a220707b9,0,,,0,0,60.034235,-0.0275502748667135,0,0.1263227513227513
0.5486703895303936,73.6,0.6764270463849127,34.22163733176183,0.0227855628040972,0.0341783442061459,585,0.0,0.251207729468599,1.0,51.332455997642754,0,0,1,1,0,1-2m,scratch,0,-1.59,-0.0309745553587581,60.03445,NESTLEIND,17171,2026-08-14 09:45:30.012649,2026-08-14 09:46:30.047099,1501.9000244140625,1501.9000244140625,1.59,price_bars,v3_baseline,5dc6d26321fb,0,,,0,0,60.03445000000001,-0.0309745553587581,0,0.11805555555555555
0.5486703895303936,73.6,0.6764270463849127,1257.3167977773053,0.0216793611277728,0.0325190416916592,585,0.0,0.251207729468599,0.0108,20.368532123992345,0,0,1,1,0,1-2m,scratch,0,-14.0,-0.6873347531759163,60.032765,BNBUSDT,17221,2026-08-14 09:45:30.017121,2026-08-14 09:46:30.049886,57996.026283569336,57996.026283569336,14.0,price_bars,v3_baseline,62c626525119,0,,,0,0,60.032765,-0.6873347531759163,0,0.1111111111111111
0.5374194908963175,73.6,0.6764270463849127,29.39731558550506,0.0251409513024198,0.0377114269536297,586,0.0,0.251207729468599,8.0,352.7677870260607,0,0,1,0,0,2-5m,medium,0,-10.72078125,-0.0303904768073622,128.32805,INFY,17244,2026-08-14 09:46:30.470069,2026-08-14 09:48:38.798119,1169.300048828125,1169.199951171875,9.92,price_bars,v3_baseline,9ee68d3c634c,0,,,0,0,128.32805,-0.0303904768073622,0,0.31432980599647264
0.5374194908963175,73.6,0.6764270463849127,35.47398585835256,0.0178118027180212,0.0267177040770318,586,0.0,0.251207729468599,5.0,266.05489393764424,0,0,1,0,0,2-5m,medium,0,-8.559877929687499,-0.0321733526604238,128.333281,BHARTIARTL,17263,2026-08-14 09:46:30.472856,2026-08-14 09:48:38.806137,1991.5999755859373,1992.0,10.56,price_bars,v3_baseline,0a0fb68b31ba,0,,,0,0,128.333281,-0.0321733526604238,0,0.22862103174603174
0.5374194908963175,73.6,0.6764270463849127,32.384658235464954,0.023775536903254,0.0356633053548811,586,0.0,0.251207729468599,7.0,340.03891147238204,0,0,1,0,0,2-5m,medium,0,-19.2094873046875,-0.0564920268139597,128.33415,HCLTECH,17270,2026-08-14 09:46:30.475440,2026-08-14 09:48:38.809590,1362.0999755859375,1360.800048828125,10.11,price_bars,v3_baseline,355146c2e172,0,,,0,0,128.33415,-0.0564920268139597,0,0.18985260770975057
0.5374194908963175,73.6,0.6764270463849127,74.64017530950416,0.0217844830417093,0.032676724562564,586,0.0,0.251207729468599,2.0,223.9205259285125,0,0,1,0,0,2-5m,medium,0,-15.06029296875,-0.0672573133092678,128.334442,M&M,17273,2026-08-14 09:46:30.477995,2026-08-14 09:48:38.812437,3426.300048828125,3422.39990234375,7.26,price_bars,v3_baseline,083ffa043bfd,0,,,0,0,128.334442,-0.0672573133092678,0,0.16593915343915344
0.5374194908963175,73.6,0.6764270463849127,44.80491841781936,0.0223043196578759,0.0334564794868139,586,0.0,0.251207729468599,5.0,336.0368881336452,0,0,1,0,0,2-5m,medium,0,-21.6403662109375,-0.0643987817264005,128.334689,BAJAJFINSV,17284,2026-08-14 09:46:30.480536,2026-08-14 09:48:38.815225,2008.800048828125,2006.5999755859373,10.64,price_bars,v3_baseline,83f4ebb960d4,0,,,0,0,128.334689,-0.0643987817264005,0,0.14912698412698414
0.5374194908963175,73.6,0.6764270463849127,110.97175553049424,0.0199607438673431,0.0299411158010147,586,0.0,0.251207729468599,1.0,166.45763329574137,0,0,1,0,0,2-5m,medium,0,-15.39,-0.092455958283733,128.334987,BRITANNIA,17287,2026-08-14 09:46:30.483077,2026-08-14 09:48:38.818064,5559.5,5550.0,5.89,price_bars,v3_baseline,468bd5aab7a0,0,,,0,0,128.334987,-0.092455958283733,0,0.13640873015873017
0.5374194908963175,73.6,0.6764270463849127,83.24175872757456,0.0256681340510559,0.0385022010765839,586,0.0,0.251207729468599,1.0,124.86263809136184,0,0,1,0,0,2-5m,medium,0,-13.629951171875,-0.109159564303791,128.334641,GRASIM,17292,2026-08-14 09:46:30.486290,2026-08-14 09:48:38.820931,3243.0,3232.800048828125,3.43,price_bars,v3_baseline,0228fdc03e47,0,,,0,0,128.334641,-0.109159564303791,0,0.1263227513227513
0.5374194908963175,73.6,0.6764270463849127,34.22163733176183,0.0227855628040972,0.0341783442061459,586,0.0,0.251207729468599,1.0,51.332455997642754,0,0,1,0,0,2-5m,medium,0,-3.2900732421875,-0.0640934313047204,128.334885,NESTLEIND,17299,2026-08-14 09:46:30.489020,2026-08-14 09:48:38.823905,1501.9000244140625,1500.199951171875,1.59,price_bars,v3_baseline,a9b8ebdc6e8f,0,,,0,0,128.334885,-0.0640934313047204,0,0.11805555555555555
0.5374194908963175,73.6,0.6764270463849127,1257.3167977773053,0.0216793611277728,0.0325190416916592,586,0.0,0.251207729468599,0.0104,19.614142045325963,0,0,1,0,0,2-5m,medium,0,-13.400593917968749,-0.6832108122293373,128.333364,BNBUSDT,17349,2026-08-14 09:46:30.493437,2026-08-14 09:48:38.826801,57996.026283569336,58003.66148376465,13.48,price_bars,v3_baseline,2ada18d0f06e,0,,,0,0,128.333364,-0.6832108122293373,0,0.1111111111111111
0.5279403873227256,73.6,0.6764270463849127,29.39731558550506,0.0251431036719087,0.037714655507863,588,0.0,0.251207729468599,8.0,352.7677870260607,0,0,1,1,0,1-2m,scratch,0,-9.92,-0.0281204814181833,60.048871,INFY,17500,2026-08-14 09:48:39.250694,2026-08-14 09:49:39.299565,1169.199951171875,1169.199951171875,9.92,price_bars,v3_baseline,cce64d9b39ec,0,,,0,0,60.048871,-0.0281204814181833,0,0.31432980599647264
0.5279403873227256,73.6,0.6764270463849127,35.47398585835256,0.0178082258325063,0.0267123387487594,588,0.0,0.251207729468599,5.0,266.05489393764424,0,0,1,1,0,1-2m,scratch,0,-10.57,-0.039728643377172,60.052278,BHARTIARTL,17519,2026-08-14 09:48:39.255218,2026-08-14 09:49:39.307496,1992.0,1992.0,10.57,price_bars,v3_baseline,70c1d8a29a26,0,,,0,0,60.052278,-0.039728643377172,0,0.22862103174603174
0.5279403873227256,73.6,0.6764270463849127,32.384658235464954,0.02379824887819,0.0356973733172851,588,0.0,0.251207729468599,7.0,340.03891147238204,0,0,1,1,0,1-2m,scratch,0,-10.1,-0.0297024830372106,60.052741,HCLTECH,17526,2026-08-14 09:48:39.257833,2026-08-14 09:49:39.310574,1360.800048828125,1360.800048828125,10.1,price_bars,v3_baseline,a92de745ec44,0,,,0,0,60.052741,-0.0297024830372106,0,0.18985260770975057
0.5279403873227256,73.6,0.6764270463849127,74.64017530950416,0.02180930850845,0.032713962762675,588,0.0,0.251207729468599,2.0,223.9205259285125,0,0,1,1,0,1-2m,scratch,0,-7.26,-0.032422217525149,60.053212,M&M,17529,2026-08-14 09:48:39.260521,2026-08-14 09:49:39.313733,3422.39990234375,3422.39990234375,7.26,price_bars,v3_baseline,df767169a793,0,,,0,0,60.053211999999995,-0.032422217525149,0,0.16593915343915344
0.5279403873227256,73.6,0.6764270463849127,44.80491841781936,0.0223287745255434,0.0334931617883151,588,0.0,0.251207729468599,5.0,336.0368881336452,0,0,1,1,0,1-2m,scratch,0,-10.64,-0.0316631904880882,60.053903,BAJAJFINSV,17540,2026-08-14 09:48:39.263037,2026-08-14 09:49:39.316940,2006.5999755859373,2006.5999755859373,10.64,price_bars,v3_baseline,632ca5a65867,0,,,0,0,60.053903000000005,-0.0316631904880882,0,0.14912698412698414
0.5279403873227256,73.6,0.6764270463849127,110.97175553049424,0.0199949109063953,0.029992366359593,588,0.0,0.251207729468599,1.0,166.45763329574137,0,0,1,1,0,1-2m,scratch,0,-5.88,-0.0353243037497303,60.059991,BRITANNIA,17543,2026-08-14 09:48:39.265605,2026-08-14 09:49:39.325596,5550.0,5550.0,5.88,price_bars,v3_baseline,1e67cfa7f990,0,,,0,0,60.059991,-0.0353243037497303,0,0.13640873015873017
0.5279403873227256,73.6,0.6764270463849127,83.24175872757456,0.0257491207220654,0.0386236810830982,588,0.0,0.251207729468599,1.0,124.86263809136184,0,0,1,1,0,1-2m,scratch,0,-3.43,-0.0274701868583801,60.061172,GRASIM,17548,2026-08-14 09:48:39.268693,2026-08-14 09:49:39.329865,3232.800048828125,3232.800048828125,3.43,price_bars,v3_baseline,70d6f0cfd2fc,0,,,0,0,60.061172,-0.0274701868583801,0,0.1263227513227513
0.5279403873227256,73.6,0.6764270463849127,34.22163733176183,0.0228113841125176,0.0342170761687764,588,0.0,0.251207729468599,1.0,51.332455997642754,0,0,1,1,0,1-2m,scratch,0,-1.59,-0.0309745553587581,60.061338,NESTLEIND,17555,2026-08-14 09:48:39.271323,2026-08-14 09:49:39.332661,1500.199951171875,1500.199951171875,1.59,price_bars,v3_baseline,1e652c2959fe,0,,,0,0,60.061338,-0.0309745553587581,0,0.11805555555555555
0.5279403873227256,73.6,0.6764270463849127,1257.3167977773053,0.021676507406851,0.0325147611102765,588,0.0,0.251207729468599,0.01,18.85975196665958,0,0,1,1,0,1-2m,scratch,0,-12.960000000000074,-0.6871776480894799,60.062215,BNBUSDT,17605,2026-08-14 09:48:39.275885,2026-08-14 09:49:39.338100,58003.661483764656,58003.66148376465,12.96,price_bars,v3_baseline,e9dd3864a491,0,,,0,0,60.062214999999995,-0.6871776480894799,0,0.1111111111111111
0.5198450944898042,73.6,0.6764270463849127,29.39731558550506,0.0251431036719087,0.037714655507863,589,0.0,0.251207729468599,8.0,352.7677870260607,0,0,1,1,0,1-2m,scratch,0,-9.92,-0.0281204814181833,60.061413,INFY,18268,2026-08-14 09:49:40.011471,2026-08-14 09:50:40.072884,1169.199951171875,1169.199951171875,9.92,price_bars,v3_baseline,dfb383239615,0,,,0,0,60.061413,-0.0281204814181833,0,0.31432980599647264
0.5198450944898042,73.6,0.6764270463849127,35.47398585835256,0.0178082258325063,0.0267123387487594,589,0.0,0.251207729468599,5.0,266.05489393764424,0,0,1,1,0,1-2m,scratch,0,-10.57,-0.039728643377172,60.062676,BHARTIARTL,18287,2026-08-14 09:49:40.014207,2026-08-14 09:50:40.076883,1992.0,1992.0,10.57,price_bars,v3_baseline,ad42a5581bfb,0,,,0,0,60.062675999999996,-0.039728643377172,0,0.22862103174603174
0.5198450944898042,73.6,0.6764270463849127,32.384658235464954,0.02379824887819,0.0356973733172851,589,0.0,0.251207729468599,7.0,340.03891147238204,0,0,1,1,0,1-2m,scratch,0,-10.1,-0.0297024830372106,60.066804,HCLTECH,18294,2026-08-14 09:49:40.016829,2026-08-14 09:50:40.083633,1360.800048828125,1360.800048828125,10.1,price_bars,v3_baseline,0995bfe8a455,0,,,0,0,60.066804,-0.0297024830372106,0,0.18985260770975057
0.5198450944898042,73.6,0.6764270463849127,74.64017530950416,0.02180930850845,0.032713962762675,589,0.0,0.251207729468599,2.0,223.9205259285125,0,0,1,1,0,1-2m,scratch,0,-7.26,-0.032422217525149,60.065019,M&M,18297,2026-08-14 09:49:40.024133,2026-08-14 09:50:40.089152,3422.39990234375,3422.39990234375,7.26,price_bars,v3_baseline,2af10d326002,0,,,0,0,60.065019,-0.032422217525149,0,0.16593915343915344
0.5198450944898042,73.6,0.6764270463849127,44.80491841781936,0.0223287745255434,0.0334931617883151,589,0.0,0.251207729468599,5.0,336.0368881336452,0,0,1,1,0,1-2m,scratch,0,-10.64,-0.0316631904880882,60.066662,BAJAJFINSV,18308,2026-08-14 09:49:40.028472,2026-08-14 09:50:40.095134,2006.5999755859373,2006.5999755859373,10.64,price_bars,v3_baseline,913ae231ceb9,0,,,0,0,60.066661999999994,-0.0316631904880882,0,0.14912698412698414
0.5198450944898042,73.6,0.6764270463849127,110.97175553049424,0.0199949109063953,0.029992366359593,589,0.0,0.251207729468599,1.0,166.45763329574137,0,0,1,1,0,1-2m,scratch,0,-5.88,-0.0353243037497303,60.071235,BRITANNIA,18311,2026-08-14 09:49:40.031059,2026-08-14 09:50:40.102294,5550.0,5550.0,5.88,price_bars,v3_baseline,1c5ca2790126,0,,,0,0,60.071235,-0.0353243037497303,0,0.13640873015873017
0.5198450944898042,73.6,0.6764270463849127,83.24175872757456,0.0257491207220654,0.0386236810830982,589,0.0,0.251207729468599,1.0,124.86263809136184,0,0,1,1,0,1-2m,scratch,0,-3.43,-0.0274701868583801,60.072111,GRASIM,18316,2026-08-14 09:49:40.035165,2026-08-14 09:50:40.107276,3232.800048828125,3232.800048828125,3.43,price_bars,v3_baseline,e7b47279601f,0,,,0,0,60.072111,-0.0274701868583801,0,0.1263227513227513
0.5198450944898042,73.6,0.6764270463849127,34.22163733176183,0.0228113841125176,0.0342170761687764,589,0.0,0.251207729468599,1.0,51.332455997642754,0,0,1,1,0,1-2m,scratch,0,-1.59,-0.0309745553587581,60.075299,NESTLEIND,18323,2026-08-14 09:49:40.041480,2026-08-14 09:50:40.116779,1500.199951171875,1500.199951171875,1.59,price_bars,v3_baseline,f295c440e0d5,0,,,0,0,60.075299,-0.0309745553587581,0,0.11805555555555555
0.5198450944898042,73.6,0.6764270463849127,1257.3167977773053,0.021676507406851,0.0325147611102765,589,0.0,0.251207729468599,0.0096,18.1053618879932,0,0,1,1,0,1-2m,scratch,0,-12.46,-0.6881939216173861,60.075376,BNBUSDT,18373,2026-08-14 09:49:40.046358,2026-08-14 09:50:40.121734,58003.66148376465,58003.66148376465,12.46,price_bars,v3_baseline,b09b9af688d6,0,,,0,0,60.075376,-0.6881939216173861,0,0.1111111111111111
0.5128512020423143,73.6,0.6764270463849127,29.39731558550506,0.0251431036719087,0.037714655507863,590,0.0,0.251207729468599,8.0,352.7677870260607,0,0,1,1,0,1-2m,scratch,0,-9.92,-0.0281204814181833,60.072864,INFY,18396,2026-08-14 09:50:40.780997,2026-08-14 09:51:40.853861,1169.199951171875,1169.199951171875,9.92,price_bars,v3_baseline,6bf983fdbdd8,0,,,0,0,60.072864,-0.0281204814181833,0,0.31432980599647264
0.5128512020423143,73.6,0.6764270463849127,35.47398585835256,0.0178082258325063,0.0267123387487594,590,0.0,0.251207729468599,5.0,266.05489393764424,0,0,1,1,0,1-2m,scratch,0,-10.57,-0.039728643377172,60.088791,BHARTIARTL,18415,2026-08-14 09:50:40.783793,2026-08-14 09:51:40.872584,1992.0,1992.0,10.57,price_bars,v3_baseline,5d359bde5046,0,,,0,0,60.088791,-0.039728643377172,0,0.22862103174603174
0.5128512020423143,73.6,0.6764270463849127,32.384658235464954,0.02379824887819,0.0356973733172851,590,0.0,0.251207729468599,7.0,340.03891147238204,0,0,1,1,0,1-2m,scratch,0,-10.1,-0.0297024830372106,60.089104,HCLTECH,18422,2026-08-14 09:50:40.786398,2026-08-14 09:51:40.875502,1360.800048828125,1360.800048828125,10.1,price_bars,v3_baseline,935583f28875,0,,,0,0,60.08910399999999,-0.0297024830372106,0,0.18985260770975057
0.5128512020423143,73.6,0.6764270463849127,74.64017530950416,0.02180930850845,0.032713962762675,590,0.0,0.251207729468599,2.0,223.9205259285125,0,0,1,1,0,1-2m,scratch,0,-7.26,-0.032422217525149,60.089427,M&M,18425,2026-08-14 09:50:40.788985,2026-08-14 09:51:40.878412,3422.39990234375,3422.39990234375,7.26,price_bars,v3_baseline,f2823eec7fb0,0,,,0,0,60.08942699999999,-0.032422217525149,0,0.16593915343915344
0.5128512020423143,73.6,0.6764270463849127,44.80491841781936,0.0223287745255434,0.0334931617883151,590,0.0,0.251207729468599,5.0,336.0368881336452,0,0,1,1,0,1-2m,scratch,0,-10.64,-0.0316631904880882,60.089651,BAJAJFINSV,18436,2026-08-14 09:50:40.791590,2026-08-14 09:51:40.881241,2006.5999755859373,2006.5999755859373,10.64,price_bars,v3_baseline,8492fa647815,0,,,0,0,60.089650999999996,-0.0316631904880882,0,0.14912698412698414
0.5128512020423143,73.6,0.6764270463849127,110.97175553049424,0.0199949109063953,0.029992366359593,590,0.0,0.251207729468599,1.0,166.45763329574137,0,0,1,1,0,1-2m,scratch,0,-5.88,-0.0353243037497303,60.08761,BRITANNIA,18439,2026-08-14 09:50:40.796425,2026-08-14 09:51:40.884035,5550.0,5550.0,5.88,price_bars,v3_baseline,a194b3813a17,0,,,0,0,60.087610000000005,-0.0353243037497303,0,0.13640873015873017
0.5128512020423143,73.6,0.6764270463849127,83.24175872757456,0.0257491207220654,0.0386236810830982,590,0.0,0.251207729468599,1.0,124.86263809136184,0,0,1,1,0,1-2m,scratch,0,-3.43,-0.0274701868583801,60.089177,GRASIM,18444,2026-08-14 09:50:40.799800,2026-08-14 09:51:40.888977,3232.800048828125,3232.800048828125,3.43,price_bars,v3_baseline,9d0f7f89c5ad,0,,,0,0,60.089177,-0.0274701868583801,0,0.1263227513227513
0.5128512020423143,73.6,0.6764270463849127,34.22163733176183,0.0228113841125176,0.0342170761687764,590,0.0,0.251207729468599,1.0,51.332455997642754,0,0,1,1,0,1-2m,scratch,0,-1.59,-0.0309745553587581,60.08952,NESTLEIND,18451,2026-08-14 09:50:40.802489,2026-08-14 09:51:40.892009,1500.199951171875,1500.199951171875,1.59,price_bars,v3_baseline,de0f77d76db9,0,,,0,0,60.08952,-0.0309745553587581,0,0.11805555555555555
0.5128512020423143,73.6,0.6764270463849127,1257.3167977773053,0.021676507406851,0.0325147611102765,590,0.0,0.251207729468599,0.0092,17.35097180932681,0,0,1,1,0,1-2m,scratch,0,-11.94,-0.688145893567863,60.087737,BNBUSDT,18501,2026-08-14 09:50:40.807101,2026-08-14 09:51:40.894838,58003.66148376465,58003.66148376465,11.94,price_bars,v3_baseline,a538489d836d,0,,,0,0,60.087737,-0.688145893567863,0,0.1111111111111111
0.5067482513078804,73.6,0.6764270463849127,29.39731558550506,0.0251431036719087,0.037714655507863,591,0.0,0.251207729468599,8.0,352.7677870260607,0,0,1,1,0,1-2m,scratch,0,-9.92,-0.0281204814181833,101.448193,INFY,18524,2026-08-14 09:51:41.774711,2026-08-14 09:53:23.222904,1169.199951171875,1169.199951171875,9.92,price_bars,v3_baseline,1ebce4927fbc,0,,,0,0,101.448193,-0.0281204814181833,0,0.31432980599647264
0.5067482513078804,73.6,0.6764270463849127,35.47398585835256,0.0178082258325063,0.0267123387487594,591,0.0,0.251207729468599,5.0,266.05489393764424,0,0,1,1,0,1-2m,scratch,0,-10.57,-0.039728643377172,101.463514,BHARTIARTL,18543,2026-08-14 09:51:41.777515,2026-08-14 09:53:23.241029,1992.0,1992.0,10.57,price_bars,v3_baseline,20d6ae5e6a39,0,,,0,0,101.463514,-0.039728643377172,0,0.22862103174603174
0.5067482513078804,73.6,0.6764270463849127,32.384658235464954,0.02379824887819,0.0356973733172851,591,0.0,0.251207729468599,7.0,340.03891147238204,0,0,1,1,0,1-2m,scratch,0,-10.1,-0.0297024830372106,101.468524,HCLTECH,18550,2026-08-14 09:51:41.780077,2026-08-14 09:53:23.248601,1360.800048828125,1360.800048828125,10.1,price_bars,v3_baseline,da03bd23ea33,0,,,0,0,101.468524,-0.0297024830372106,0,0.18985260770975057
0.5067482513078804,73.6,0.6764270463849127,74.64017530950416,0.02180930850845,0.032713962762675,591,0.0,0.251207729468599,2.0,223.9205259285125,0,0,1,1,0,1-2m,scratch,0,-7.26,-0.032422217525149,101.473012,M&M,18553,2026-08-14 09:51:41.782619,2026-08-14 09:53:23.255631,3422.39990234375,3422.39990234375,7.26,price_bars,v3_baseline,c2861809f19d,0,,,0,0,101.473012,-0.032422217525149,0,0.16593915343915344
0.5067482513078804,73.6,0.6764270463849127,44.80491841781936,0.0223287745255434,0.0334931617883151,591,0.0,0.251207729468599,5.0,336.0368881336452,0,0,1,1,0,1-2m,scratch,0,-10.64,-0.0316631904880882,101.477537,BAJAJFINSV,18564,2026-08-14 09:51:41.785294,2026-08-14 09:53:23.262831,2006.5999755859373,2006.5999755859373,10.64,price_bars,v3_baseline,cf32f53dc19c,0,,,0,0,101.477537,-0.0316631904880882,0,0.14912698412698414
0.5067482513078804,73.6,0.6764270463849127,110.97175553049424,0.0199949109063953,0.029992366359593,591,0.0,0.251207729468599,1.0,166.45763329574137,0,0,1,1,0,1-2m,scratch,0,-5.88,-0.0353243037497303,101.478062,BRITANNIA,18567,2026-08-14 09:51:41.791714,2026-08-14 09:53:23.269776,5550.0,5550.0,5.88,price_bars,v3_baseline,326b02d85f5d,0,,,0,0,101.478062,-0.0353243037497303,0,0.13640873015873017
0.5067482513078804,73.6,0.6764270463849127,83.24175872757456,0.0257491207220654,0.0386236810830982,591,0.0,0.251207729468599,1.0,124.86263809136184,0,0,1,1,0,1-2m,scratch,0,-3.43,-0.0274701868583801,101.483193,GRASIM,18572,2026-08-14 09:51:41.794662,2026-08-14 09:53:23.277855,3232.800048828125,3232.800048828125,3.43,price_bars,v3_baseline,d19bcf5cd6a7,0,,,0,0,101.483193,-0.0274701868583801,0,0.1263227513227513
0.5067482513078804,73.6,0.6764270463849127,41.750364698477625,0.0338032268834521,0.0507048403251781,591,0.0,0.251207729468599,1.0,62.62554704771644,0,0,1,1,0,1-2m,scratch,0,-1.31,-0.0209179809479647,101.486062,LODHA,18597,2026-08-14 09:51:41.798876,2026-08-14 09:53:23.284938,1235.0999755859375,1235.0999755859375,1.31,price_bars,v3_baseline,6b943005f0c1,0,,,0,0,101.48606199999999,-0.0209179809479647,0,0.11805555555555555
0.5067482513078804,73.6,0.6764270463849127,1257.3167977773053,0.021676507406851,0.0325147611102765,591,0.0,0.251207729468599,0.0118,22.254507320658306,0,0,1,1,0,1-2m,scratch,0,-15.308739545150772,-0.6878938870482229,101.491406,BNBUSDT,18629,2026-08-14 09:51:41.801889,2026-08-14 09:53:23.293295,58003.66148376465,58002.92084434509,15.3,price_bars,v3_baseline,739568017786,0,,,0,0,101.491406,-0.6878938870482229,0,0.1111111111111111
0.5013761928769714,73.6,0.6764270463849127,29.39731558550506,0.0251431036719087,0.037714655507863,593,0.0,0.251207729468599,8.0,352.7677870260607,0,0,1,1,0,1-2m,scratch,0,-9.92,-0.0281204814181833,60.117434,INFY,18652,2026-08-14 09:53:24.449490,2026-08-14 09:54:24.566924,1169.199951171875,1169.199951171875,9.92,price_bars,v3_baseline,f8c342f6d4b6,0,,,0,0,60.117433999999996,-0.0281204814181833,0,0.31432980599647264
0.5013761928769714,73.6,0.6764270463849127,35.47398585835256,0.0178082258325063,0.0267123387487594,593,0.0,0.251207729468599,5.0,266.05489393764424,0,0,1,1,0,1-2m,scratch,0,-10.57,-0.039728643377172,60.112876,BHARTIARTL,18671,2026-08-14 09:53:24.457176,2026-08-14 09:54:24.570052,1992.0,1992.0,10.57,price_bars,v3_baseline,3d643a30dbce,0,,,0,0,60.11287600000001,-0.039728643377172,0,0.22862103174603174
0.5013761928769714,73.6,0.6764270463849127,32.384658235464954,0.02379824887819,0.0356973733172851,593,0.0,0.251207729468599,7.0,340.03891147238204,0,0,1,1,0,1-2m,scratch,0,-10.1,-0.0297024830372106,60.109763,HCLTECH,18678,2026-08-14 09:53:24.463284,2026-08-14 09:54:24.573047,1360.800048828125,1360.800048828125,10.1,price_bars,v3_baseline,10eff8ecd566,0,,,0,0,60.109763,-0.0297024830372106,0,0.18985260770975057
0.5013761928769714,73.6,0.6764270463849127,74.64017530950416,0.02180930850845,0.032713962762675,593,0.0,0.251207729468599,2.0,223.9205259285125,0,0,1,1,0,1-2m,scratch,0,-7.26,-0.032422217525149,60.106525,M&M,18681,2026-08-14 09:53:24.469372,2026-08-14 09:54:24.575897,3422.39990234375,3422.39990234375,7.26,price_bars,v3_baseline,54d0422e9fb1,0,,,0,0,60.106525,-0.032422217525149,0,0.16593915343915344
0.5013761928769714,73.6,0.6764270463849127,44.80491841781936,0.0223287745255434,0.0334931617883151,593,0.0,0.251207729468599,5.0,336.0368881336452,0,0,1,1,0,1-2m,scratch,0,-10.64,-0.0316631904880882,60.102207,BAJAJFINSV,18692,2026-08-14 09:53:24.476483,2026-08-14 09:54:24.578690,2006.5999755859373,2006.5999755859373,10.64,price_bars,v3_baseline,1b8ac791c681,0,,,0,0,60.10220699999999,-0.0316631904880882,0,0.14912698412698414
0.5013761928769714,73.6,0.6764270463849127,110.97175553049424,0.0199949109063953,0.029992366359593,593,0.0,0.251207729468599,1.0,166.45763329574137,0,0,1,1,0,1-2m,scratch,0,-5.88,-0.0353243037497303,60.098797,BRITANNIA,18695,2026-08-14 09:53:24.482897,2026-08-14 09:54:24.581694,5550.0,5550.0,5.88,price_bars,v3_baseline,1c350be287ed,0,,,0,0,60.098797,-0.0353243037497303,0,0.13640873015873017
0.5013761928769714,73.6,0.6764270463849127,83.24175872757456,0.0257491207220654,0.0386236810830982,593,0.0,0.251207729468599,1.0,124.86263809136184,0,0,1,1,0,1-2m,scratch,0,-3.43,-0.0274701868583801,60.093717,GRASIM,18700,2026-08-14 09:53:24.490785,2026-08-14 09:54:24.584502,3232.800048828125,3232.800048828125,3.43,price_bars,v3_baseline,41ffbe39e423,0,,,0,0,60.093717,-0.0274701868583801,0,0.1263227513227513
0.5013761928769714,73.6,0.6764270463849127,41.750364698477625,0.0338032268834521,0.0507048403251781,593,0.0,0.251207729468599,1.0,62.62554704771644,0,0,1,1,0,1-2m,scratch,0,-1.31,-0.0209179809479647,60.085994,LODHA,18725,2026-08-14 09:53:24.501252,2026-08-14 09:54:24.587246,1235.0999755859375,1235.0999755859375,1.31,price_bars,v3_baseline,5c91801ed1b7,0,,,0,0,60.085994,-0.0209179809479647,0,0.11805555555555555
0.5013761928769714,73.6,0.6764270463849127,1257.3167977773053,0.0216767841942202,0.0325151762913303,593,0.0,0.251207729468599,0.0114,21.50011724199192,0,0,1,1,0,1-2m,scratch,0,-14.78,-0.6874381117854164,60.081463,BNBUSDT,18757,2026-08-14 09:53:24.508517,2026-08-14 09:54:24.589980,58002.92084434509,58002.92084434509,14.78,price_bars,v3_baseline,47d08ab986bd,0,,,0,0,60.08146300000001,-0.6874381117854164,0,0.1111111111111111
0.4966111466981426,73.6,0.6764270463849127,29.39731558550506,0.0251431036719087,0.037714655507863,594,0.0,0.251207729468599,8.0,352.7677870260607,0,0,1,1,0,1-2m,scratch,0,-9.92,-0.0281204814181833,109.265472,INFY,19292,2026-08-14 09:54:25.005113,2026-08-14 09:56:14.270585,1169.199951171875,1169.199951171875,9.92,price_bars,v3_baseline,13765c7b7057,0,,,0,0,109.265472,-0.0281204814181833,0,0.31432980599647264
0.4966111466981426,73.6,0.6764270463849127,35.47398585835256,0.0178082258325063,0.0267123387487594,594,0.0,0.251207729468599,5.0,266.05489393764424,0,0,1,1,0,1-2m,scratch,0,-10.57,-0.039728643377172,109.266243,BHARTIARTL,19311,2026-08-14 09:54:25.007836,2026-08-14 09:56:14.274079,1992.0,1992.0,10.57,price_bars,v3_baseline,5d092ba54162,0,,,0,0,109.266243,-0.039728643377172,0,0.22862103174603174
0.4966111466981426,73.6,0.6764270463849127,32.384658235464954,0.02379824887819,0.0356973733172851,594,0.0,0.251207729468599,7.0,340.03891147238204,0,0,1,1,0,1-2m,scratch,0,-10.1,-0.0297024830372106,109.268463,HCLTECH,19318,2026-08-14 09:54:25.010508,2026-08-14 09:56:14.278971,1360.800048828125,1360.800048828125,10.1,price_bars,v3_baseline,a5b7da65851c,0,,,0,0,109.268463,-0.0297024830372106,0,0.18985260770975057
0.4966111466981426,73.6,0.6764270463849127,74.64017530950416,0.02180930850845,0.032713962762675,594,0.0,0.251207729468599,2.0,223.9205259285125,0,0,1,1,0,1-2m,scratch,0,-7.26,-0.032422217525149,109.268967,M&M,19321,2026-08-14 09:54:25.013148,2026-08-14 09:56:14.282115,3422.39990234375,3422.39990234375,7.26,price_bars,v3_baseline,5b20a8d13adf,0,,,0,0,109.268967,-0.032422217525149,0,0.16593915343915344
0.4966111466981426,73.6,0.6764270463849127,44.80491841781936,0.0223287745255434,0.0334931617883151,594,0.0,0.251207729468599,5.0,336.0368881336452,0,0,1,1,0,1-2m,scratch,0,-10.64,-0.0316631904880882,109.271016,BAJAJFINSV,19332,2026-08-14 09:54:25.015684,2026-08-14 09:56:14.286700,2006.5999755859373,2006.5999755859373,10.64,price_bars,v3_baseline,4c5d95e2e2df,0,,,0,0,109.271016,-0.0316631904880882,0,0.14912698412698414
0.4966111466981426,73.6,0.6764270463849127,110.97175553049424,0.0199949109063953,0.029992366359593,594,0.0,0.251207729468599,1.0,166.45763329574137,0,0,1,1,0,1-2m,scratch,0,-5.88,-0.0353243037497303,109.271483,BRITANNIA,19335,2026-08-14 09:54:25.018207,2026-08-14 09:56:14.289690,5550.0,5550.0,5.88,price_bars,v3_baseline,d7764901c377,0,,,0,0,109.271483,-0.0353243037497303,0,0.13640873015873017
0.4966111466981426,73.6,0.6764270463849127,83.24175872757456,0.0257491207220654,0.0386236810830982,594,0.0,0.251207729468599,1.0,124.86263809136184,0,0,1,1,0,1-2m,scratch,0,-3.43,-0.0274701868583801,109.271478,GRASIM,19340,2026-08-14 09:54:25.020999,2026-08-14 09:56:14.292477,3232.800048828125,3232.800048828125,3.43,price_bars,v3_baseline,55a098c14365,0,,,0,0,109.271478,-0.0274701868583801,0,0.1263227513227513
0.4966111466981426,73.6,0.6764270463849127,41.750364698477625,0.0338032268834521,0.0507048403251781,594,0.0,0.251207729468599,1.0,62.62554704771644,0,0,1,1,0,1-2m,scratch,0,-1.31,-0.0209179809479647,109.270092,LODHA,19365,2026-08-14 09:54:25.025147,2026-08-14 09:56:14.295239,1235.0999755859375,1235.0999755859375,1.31,price_bars,v3_baseline,15e6b0bfe43a,0,,,0,0,109.270092,-0.0209179809479647,0,0.11805555555555555
0.4966111466981426,73.6,0.6764270463849127,1257.3167977773053,0.0216767841942202,0.0325151762913303,594,0.0,0.251207729468599,0.0109,20.55712964365894,0,0,1,1,0,1-2m,scratch,0,-14.14,-0.6878392190498069,109.269883,BNBUSDT,19397,2026-08-14 09:54:25.028216,2026-08-14 09:56:14.298099,58002.92084434509,58002.92084434509,14.14,price_bars,v3_baseline,3025b5bbf143,0,,,0,0,109.269883,-0.6878392190498069,0,0.1111111111111111
0.4923557311266753,73.6,0.6764270463849127,29.39731558550506,0.0251431036719087,0.037714655507863,596,0.0,0.251207729468599,8.0,352.7677870260607,0,0,1,1,0,<1m,scratch,0,-9.92,-0.0281204814181833,10.287656,INFY,20828,2026-08-14 09:56:14.764068,2026-08-14 09:56:25.051724,1169.199951171875,1169.199951171875,9.92,price_bars,v3_baseline,b92d18e583cf,0,,,0,0,10.287656,-0.0281204814181833,0,0.31432980599647264
0.4923557311266753,73.6,0.6764270463849127,35.47398585835256,0.0178082258325063,0.0267123387487594,596,0.0,0.251207729468599,5.0,266.05489393764424,0,0,1,1,0,<1m,scratch,0,-10.57,-0.039728643377172,10.287923,BHARTIARTL,20847,2026-08-14 09:56:14.767091,2026-08-14 09:56:25.055014,1992.0,1992.0,10.57,price_bars,v3_baseline,31e7d33dfb00,0,,,0,0,10.287923,-0.039728643377172,0,0.22862103174603174
0.4923557311266753,73.6,0.6764270463849127,32.384658235464954,0.02379824887819,0.0356973733172851,596,0.0,0.251207729468599,7.0,340.03891147238204,0,0,1,1,0,<1m,scratch,0,-10.1,-0.0297024830372106,10.287023,HCLTECH,20854,2026-08-14 09:56:14.770816,2026-08-14 09:56:25.057839,1360.800048828125,1360.800048828125,10.1,price_bars,v3_baseline,065ff3b2efb1,0,,,0,0,10.287023,-0.0297024830372106,0,0.18985260770975057
0.4923557311266753,73.6,0.6764270463849127,74.64017530950416,0.02180930850845,0.032713962762675,596,0.0,0.251207729468599,2.0,223.9205259285125,0,0,1,1,0,<1m,scratch,0,-7.26,-0.032422217525149,10.286931,M&M,20857,2026-08-14 09:56:14.773671,2026-08-14 09:56:25.060602,3422.39990234375,3422.39990234375,7.26,price_bars,v3_baseline,ca6888190d8d,0,,,0,0,10.286931,-0.032422217525149,0,0.16593915343915344
0.4923557311266753,73.6,0.6764270463849127,44.80491841781936,0.0223287745255434,0.0334931617883151,596,0.0,0.251207729468599,5.0,336.0368881336452,0,0,1,1,0,<1m,scratch,0,-10.64,-0.0316631904880882,10.287138,BAJAJFINSV,20868,2026-08-14 09:56:14.776299,2026-08-14 09:56:25.063437,2006.5999755859373,2006.5999755859373,10.64,price_bars,v3_baseline,0e6d40402ce3,0,,,0,0,10.287138,-0.0316631904880882,0,0.14912698412698414
0.4923557311266753,73.6,0.6764270463849127,110.97175553049424,0.0199949109063953,0.029992366359593,596,0.0,0.251207729468599,1.0,166.45763329574137,0,0,1,1,0,<1m,scratch,0,-5.88,-0.0353243037497303,10.287771,BRITANNIA,20871,2026-08-14 09:56:14.778857,2026-08-14 09:56:25.066628,5550.0,5550.0,5.88,price_bars,v3_baseline,2e37a4ed7209,0,,,0,0,10.287771,-0.0353243037497303,0,0.13640873015873017
0.4923557311266753,73.6,0.6764270463849127,83.24175872757456,0.0257491207220654,0.0386236810830982,596,0.0,0.251207729468599,1.0,124.86263809136184,0,0,1,1,0,<1m,scratch,0,-3.43,-0.0274701868583801,10.289592,GRASIM,20876,2026-08-14 09:56:14.781783,2026-08-14 09:56:25.071375,3232.800048828125,3232.800048828125,3.43,price_bars,v3_baseline,d8055fb317d9,0,,,0,0,10.289592,-0.0274701868583801,0,0.1263227513227513
0.4923557311266753,73.6,0.6764270463849127,41.750364698477625,0.0338032268834521,0.0507048403251781,596,0.0,0.251207729468599,1.0,62.62554704771644,0,0,1,1,0,<1m,scratch,0,-1.31,-0.0209179809479647,10.287749,LODHA,20901,2026-08-14 09:56:14.786715,2026-08-14 09:56:25.074464,1235.0999755859375,1235.0999755859375,1.31,price_bars,v3_baseline,540ffcbe79a1,0,,,0,0,10.287749,-0.0209179809479647,0,0.11805555555555555
0.4923557311266753,73.6,0.6764270463849127,1257.3167977773053,0.0216767841942202,0.0325151762913303,596,0.0,0.251207729468599,0.0105,19.80273956499256,0,0,1,1,0,<1m,scratch,0,-13.62,-0.6877836248514597,10.287554,BNBUSDT,20933,2026-08-14 09:56:14.789700,2026-08-14 09:56:25.077254,58002.92084434509,58002.92084434509,13.62,price_bars,v3_baseline,aece265f5371,0,,,0,0,10.287554,-0.6877836248514597,0,0.1111111111111111
0.488532337440636,73.6,0.6764270463849127,29.39731558550506,0.0251431036719087,0.037714655507863,596,0.0,0.251207729468599,8.0,352.7677870260607,0,0,1,1,0,1-2m,scratch,0,-9.92,-0.0281204814181833,60.041948,INFY,21084,2026-08-14 09:56:25.500992,2026-08-14 09:57:25.542940,1169.199951171875,1169.199951171875,9.92,price_bars,v3_baseline,1a14ee9cb338,0,,,0,0,60.041948,-0.0281204814181833,0,0.31432980599647264
0.488532337440636,73.6,0.6764270463849127,35.47398585835256,0.0178082258325063,0.0267123387487594,596,0.0,0.251207729468599,5.0,266.05489393764424,0,0,1,1,0,1-2m,scratch,0,-10.57,-0.039728643377172,60.0423,BHARTIARTL,21103,2026-08-14 09:56:25.503770,2026-08-14 09:57:25.546070,1992.0,1992.0,10.57,price_bars,v3_baseline,ffcb41a9724b,0,,,0,0,60.0423,-0.039728643377172,0,0.22862103174603174
0.488532337440636,73.6,0.6764270463849127,32.384658235464954,0.02379824887819,0.0356973733172851,596,0.0,0.251207729468599,7.0,340.03891147238204,0,0,1,1,0,1-2m,scratch,0,-10.1,-0.0297024830372106,60.042561,HCLTECH,21110,2026-08-14 09:56:25.506401,2026-08-14 09:57:25.548962,1360.800048828125,1360.800048828125,10.1,price_bars,v3_baseline,888c3b7530e8,0,,,0,0,60.042561,-0.0297024830372106,0,0.18985260770975057
0.488532337440636,73.6,0.6764270463849127,74.64017530950416,0.02180930850845,0.032713962762675,596,0.0,0.251207729468599,2.0,223.9205259285125,0,0,1,1,0,1-2m,scratch,0,-7.26,-0.032422217525149,60.042814,M&M,21113,2026-08-14 09:56:25.508988,2026-08-14 09:57:25.551802,3422.39990234375,3422.39990234375,7.26,price_bars,v3_baseline,dfb6e1dabd95,0,,,0,0,60.042814,-0.032422217525149,0,0.16593915343915344
0.488532337440636,73.6,0.6764270463849127,44.80491841781936,0.0223287745255434,0.0334931617883151,596,0.0,0.251207729468599,5.0,336.0368881336452,0,0,1,1,0,1-2m,scratch,0,-10.64,-0.0316631904880882,60.043059,BAJAJFINSV,21124,2026-08-14 09:56:25.511569,2026-08-14 09:57:25.554628,2006.5999755859373,2006.5999755859373,10.64,price_bars,v3_baseline,a62ce38eca45,0,,,0,0,60.04305899999999,-0.0316631904880882,0,0.14912698412698414
0.488532337440636,73.6,0.6764270463849127,110.97175553049424,0.0199949109063953,0.029992366359593,596,0.0,0.251207729468599,1.0,166.45763329574137,0,0,1,1,0,1-2m,scratch,0,-5.88,-0.0353243037497303,60.043165,BRITANNIA,21127,2026-08-14 09:56:25.514412,2026-08-14 09:57:25.557577,5550.0,5550.0,5.88,price_bars,v3_baseline,6234659674ce,0,,,0,0,60.043165,-0.0353243037497303,0,0.13640873015873017
0.488532337440636,73.6,0.6764270463849127,83.24175872757456,0.0257491207220654,0.0386236810830982,596,0.0,0.251207729468599,1.0,124.86263809136184,0,0,1,1,0,1-2m,scratch,0,-3.43,-0.0274701868583801,60.043425,GRASIM,21132,2026-08-14 09:56:25.517306,2026-08-14 09:57:25.560731,3232.800048828125,3232.800048828125,3.43,price_bars,v3_baseline,121c847d004b,0,,,0,0,60.04342499999999,-0.0274701868583801,0,0.1263227513227513
0.488532337440636,73.6,0.6764270463849127,41.750364698477625,0.0338032268834521,0.0507048403251781,596,0.0,0.251207729468599,1.0,62.62554704771644,0,0,1,1,0,1-2m,scratch,0,-1.31,-0.0209179809479647,60.04204,LODHA,21157,2026-08-14 09:56:25.521513,2026-08-14 09:57:25.563553,1235.0999755859375,1235.0999755859375,1.31,price_bars,v3_baseline,0ca942a64230,0,,,0,0,60.04204,-0.0209179809479647,0,0.11805555555555555
0.488532337440636,73.6,0.6764270463849127,1257.3167977773053,0.0216767841942202,0.0325151762913303,596,0.0,0.251207729468599,0.0101,19.048349486326178,0,0,1,1,0,1-2m,scratch,0,-13.100000000000072,-0.6877236271522571,60.042053,BNBUSDT,21189,2026-08-14 09:56:25.524417,2026-08-14 09:57:25.566470,58002.9208443451,58002.92084434509,13.1,price_bars,v3_baseline,c6ba7427096b,0,,,0,0,60.042052999999996,-0.6877236271522571,0,0.1111111111111111
0.5782830247852659,73.6,0.6760884247562085,46.696285761766696,0.0207828237961708,0.0311742356942562,498,83.43158557731604,0.251208,6.2,5.448999538970629,0,0,1,0,0,2-5m,medium,1,8.27,1.518,249.0,HCLTECH,90000,2026-08-15 04:00:00.000000,2026-08-15 04:04:09.000000,2246.87,2247.93,5.32,synthetic,synth_v4,02c74c84f179,0,,0.215,1,1,186.75,1.02877762021437,1,1.0
0.4976009536255703,73.6,0.675594172030409,9.893651511707557,0.0234954768211793,0.035243215231769,524,19.454365051290168,0.251208,1.1,8.71858126623831,0,0,1,0,1,>15m,quality,1,9.98,1.145,1352.0,M&M,90001,2026-08-15 04:05:00.000000,2026-08-15 04:27:32.000000,421.09,421.26,3.23,synthetic,synth_v4,1817c6a9b3d9,0,,0.081,1,1,839.3457249070632,1.0104151347330816,1,0.4520833333333333
0.6050270717483874,73.6,0.6738351456052235,36.233967047658005,0.0245663156438513,0.036849473465777,508,57.24876032011454,0.251208,2.9,4.500915823326596,0,0,1,0,0,2-5m,medium,0,-5.14,-1.141,180.0,INFY,90002,2026-08-15 04:09:00.000000,2026-08-15 04:12:00.000000,1474.95,1474.32,6.29,synthetic,synth_v4,95bccea07a9f,0,,0.129,1,-1,154.2857142857143,-1.0089953450691524,0,0.41666666666666663
0.6164338829834729,73.6,0.6756978962447862,12.017549318161343,0.0214487127478567,0.0321730691217851,502,88.31641697399809,0.251208,2.0,2.989239174155144,0,0,1,0,0,2-5m,medium,0,-1.93,-0.647,161.0,BNBUSDT,90003,2026-08-15 04:10:00.000000,2026-08-15 04:12:41.000000,560.29,560.18,8.56,synthetic,synth_v4,06d736ff379e,0,,0.077,1,0,161.0,-0.647,0,0.3333333333333333
0.48,73.6,0.674507803486695,23.33441248191593,0.0289845420080047,0.0434768130120071,500,98.19325537584734,0.251208,6.1,7.631483119025075,0,0,1,1,0,2-5m,medium,0,-5.5,-0.72,104.0,RELIANCE,90004,2026-08-15 04:14:00.000000,2026-08-15 04:15:44.000000,805.06,804.81,10.06,synthetic,synth_v4,539c5b7475e7,0,,0.075,1,0,104.0,-0.72,0,0.5
0.4818692295882609,70.4,0.6734993689221538,12.138489442454636,0.0263744144904577,0.0395616217356866,503,93.63754717238196,0.251208,7.6,5.376169285814768,0,0,1,0,1,>15m,quality,0,-4.67,-0.869,1630.0,TCS,90005,2026-08-15 04:16:00.000000,2026-08-15 04:43:10.000000,460.24,460.08,6.63,synthetic,synth_v4,bb104f2e0c9a,0,,0.176,1,-1,662.0307692307692,-1.011790031030797,0,0.21162698412698414
0.5676704241900372,70.4,0.6770224436290951,21.76575479659057,0.021006768858999,0.0315101532884985,547,9.119804966378169,0.251208,4.5,4.247492767221242,0,0,1,0,1,>15m,quality,1,2.0,0.472,1773.0,BRITANNIA,90006,2026-08-15 04:21:00.000000,2026-08-15 04:50:33.000000,1036.13,1036.28,10.86,synthetic,synth_v4,a02a51009259,0,,0.104,1,1,592.6742209631728,1.0070142954512842,1,0.17273809523809525
0.5410254444593852,73.6,0.6767825293198665,63.59486494082844,0.0251803613589288,0.0377705420383932,529,55.52328460219356,0.251208,5.6,3.0671383665520597,0,0,1,0,1,>15m,quality,1,5.62,1.831,1403.0,INFY,90007,2026-08-15 04:24:00.000000,2026-08-15 04:47:23.000000,2525.57,2527.32,3.15,synthetic,synth_v4,544e0dfc2161,0,,0.109,1,1,467.6666666666667,1.0490673887163373,1,0.15489417989417992
0.5088173643455852,73.6,0.6757546307250097,71.62533016365761,0.0313097540972648,0.0469646311458973,537,18.124966516266323,0.251208,5.1,5.865212216039964,0,0,1,0,1,>15m,quality,0,-6.73,-1.148,1211.0,BHARTIARTL,90009,2026-08-15 04:27:00.000000,2026-08-15 04:47:11.000000,2287.64,2286.4,7.19,synthetic,synth_v4,9976d8f24b39,0,,0.161,1,-1,1170.8008298755187,-1.0667940194580534,0,0.14300595238095237
0.5589919305497427,73.6,0.6724265849772639,47.59900573510935,0.0311596902614686,0.046739535392203,532,63.23272824724394,0.251208,5.4,8.476714838790858,0,0,1,0,1,5-15m,quality,0,-8.97,-1.059,704.0,BAJAJFINSV,90008,2026-08-15 04:28:00.000000,2026-08-15 04:39:44.000000,1527.58,1526.83,6.33,synthetic,synth_v4,292d3aeb619f,0,,0.099,1,-1,693.8705035971223,-1.0038559776189313,0,0.15267857142857144
0.6127638784917697,73.6,0.6779914027717999,39.52982649333365,0.017637061848165,0.0264555927722475,568,11.881432269401454,0.251208,3.7,2.9613319942409104,0,0,1,0,1,5-15m,quality,0,-3.49,-1.18,822.0,TCS,90010,2026-08-15 04:35:00.000000,2026-08-15 04:48:42.000000,2241.29,2240.59,5.63,synthetic,synth_v4,66a4bafc44b3,0,,0.08,1,-1,816.9570552147239,-1.0572192048292486,0,0.12400793650793651
0.606667516125737,73.6,0.6781184474777927,37.06445363448848,0.0186205627328539,0.0279308440992808,583,1.1076359746268434,0.251208,5.2,2.4264481832455056,0,0,1,0,1,>15m,quality,0,-2.26,-0.933,1285.0,BHARTIARTL,90011,2026-08-15 04:35:00.000000,2026-08-15 04:56:25.000000,1990.51,1989.99,5.4,synthetic,synth_v4,464eed39f95d,0,,0.222,1,-1,577.24609375,-1.062291450669472,0,0.12872023809523808
0.563961841853673,73.6,0.6780516736857706,15.151237348906074,0.0287410908278439,0.0431116362417659,543,32.48853122729898,0.251208,5.9,6.119328936075078,0,0,1,0,1,>15m,quality,0,-5.85,-0.956,1599.0,HCLTECH,90012,2026-08-15 04:37:00.000000,2026-08-15 05:03:39.000000,527.16,526.95,5.94,synthetic,synth_v4,223747a6625e,0,,0.25,1,1,432.4339622641509,1.0019417361391862,1,0.1511904761904762
0.627634472418082,73.6,0.676077826413803,9.910462837072712,0.0181841777977895,0.0272762666966843,557,0.0,0.251208,3.0,6.25784953055522,0,0,1,0,1,5-15m,quality,0,-6.9,-1.103,755.0,BNBUSDT,90013,2026-08-15 04:43:00.000000,2026-08-15 04:55:35.000000,545.0,544.84,6.42,synthetic,synth_v4,abbe8a728d00,0,,0.104,1,-1,468.09999999999997,-1.0216044683488028,0,0.12380952380952381
0.5880505605351228,73.6,0.6743099093440618,28.483959201458497,0.0173394638210425,0.0260091957315638,568,7.11452834889407,0.251208,2.5,3.5693469369487416,0,0,1,0,1,5-15m,quality,0,-2.8,-0.784,838.0,RELIANCE,90014,2026-08-15 04:43:00.000000,2026-08-15 04:56:58.000000,1642.72,1642.39,7.06,synthetic,synth_v4,fcb3366973f2,0,,0.228,1,0,838.0,-0.784,0,0.12380952380952381
0.5084424522270058,73.6,0.673832602345284,51.94710455679456,0.0201565139646816,0.0302347709470225,562,13.09041854617464,0.251208,4.5,5.909162719591152,0,0,1,0,1,>15m,quality,0,-7.08,-1.198,2031.0,RELIANCE,90015,2026-08-15 04:46:00.000000,2026-08-15 05:19:51.000000,2577.19,2576.25,4.88,synthetic,synth_v4,d8889ea54010,0,,0.086,1,-1,860.2481203007518,-1.0612397298745702,0,0.18001443001443
0.5821250470449499,73.6,0.6766892098095008,15.234586807532034,0.0237286519516105,0.0355929779274158,496,81.77891393178369,0.251208,5.0,7.425157326994261,0,0,1,0,0,2-5m,medium,0,-4.56,-0.615,194.0,BNBUSDT,90016,2026-08-15 04:53:00.000000,2026-08-15 04:56:14.000000,642.03,641.89,10.79,synthetic,synth_v4,9a015b0a3134,0,,0.074,1,0,194.0,-0.615,0,0.14285714285714285
0.5024670439502601,73.6,0.6767585600687304,13.747222705315467,0.0215982230730226,0.032397334609534,597,0.0,0.251208,2.5,4.398817357931663,0,0,1,0,1,5-15m,quality,0,-3.24,-0.737,732.0,BNBUSDT,90017,2026-08-15 04:53:00.000000,2026-08-15 05:05:12.000000,636.5,636.35,3.21,synthetic,synth_v4,1c3b50399896,0,,0.143,1,0,732.0,-0.737,0,0.18373015873015874
0.6127070180784364,70.4,0.6785746622232102,59.166943025488045,0.0195688888523728,0.0293533332785593,499,74.354817701378,0.251208,3.3,6.448308698393053,0,0,1,0,1,>15m,quality,1,5.87,0.91,1803.0,INFY,90018,2026-08-15 04:57:00.000000,2026-08-15 05:27:03.000000,3023.52,3024.33,10.15,synthetic,synth_v4,0e96453fb3d9,0,,0.2,1,1,1772.866295264624,1.0139961127154462,1,0.195
0.5570044453408248,73.6,0.6781999593006842,42.94217619299424,0.0194857652193697,0.0292286478290545,529,50.40440576479533,0.251208,7.4,5.7761520014478975,0,0,1,0,1,>15m,quality,0,-4.84,-0.838,1810.0,BAJAJFINSV,90019,2026-08-15 04:59:00.000000,2026-08-15 05:29:10.000000,2203.77,2203.23,6.08,synthetic,synth_v4,a41d20f2c66e,0,,0.128,1,0,1800.0,-0.7662525932619193,0,0.19
0.5489082581872844,73.6,0.6757355426869377,19.8805601108967,0.0193525033221916,0.0290287549832874,558,28.636819074545667,0.251208,7.2,5.08209835631848,0,0,1,0,0,2-5m,medium,1,4.57,0.9,143.0,BRITANNIA,90020,2026-08-15 05:02:00.000000,2026-08-15 05:04:23.000000,1027.29,1027.55,6.74,synthetic,synth_v4,df12c062df9a,0,,0.118,1,0,143.0,0.9,0,0.16666666666666666
0.5191442273357636,73.6,0.6735115882422783,15.930769370905514,0.0187788403035679,0.0281682604553519,528,47.43359855714999,0.251208,4.4,2.2582133540261724,0,0,1,0,1,>15m,quality,0,-1.65,-0.731,1900.0,HCLTECH,90021,2026-08-15 05:05:00.000000,2026-08-15 05:36:40.000000,848.34,848.16,9.17,synthetic,synth_v4,9c42404861c9,0,,0.107,1,0,1800.0,-0.7172251145535854,0,0.19833333333333333
0.6333524803204419,73.6,0.6753617868059782,69.31045504412516,0.0331730026282054,0.0497595039423081,509,64.85526607447997,0.251208,6.5,4.27759716328133,0,0,1,0,0,2-5m,medium,0,-4.16,-0.972,179.0,NESTLEIND,90022,2026-08-15 05:08:00.000000,2026-08-15 05:10:59.000000,2089.36,2088.35,4.51,synthetic,synth_v4,dc458f4fea40,0,,0.176,1,-1,157.94117647058823,-1.0340806886559566,0,0.2
0.5507282310758719,73.6,0.6764344623896211,15.34675979080728,0.0232102605542619,0.0348153908313928,590,0.0,0.251208,3.5,8.649786142596632,0,0,1,0,0,2-5m,medium,0,-10.31,-1.192,156.0,TCS,90023,2026-08-15 05:13:00.000000,2026-08-15 05:15:36.000000,661.21,660.93,9.24,synthetic,synth_v4,0c493a4d37b8,0,,0.176,1,-1,140.4,-1.1035876756356304,0,0.2
0.5343003306702137,73.6,0.6755958335092213,71.61610123394473,0.0258073434984668,0.0387110152477002,488,63.18626111157228,0.251208,1.4,8.244992051248124,0,0,1,0,1,>15m,quality,0,-5.35,-0.649,916.0,NESTLEIND,90024,2026-08-15 05:16:00.000000,2026-08-15 05:31:16.000000,2775.03,2774.33,7.95,synthetic,synth_v4,384d1d279d9e,0,,0.247,1,0,916.0,-0.649,0,0.18666666666666668
0.5388719869707063,73.6,0.6748442117838447,36.15238245901829,0.0201460554333348,0.0302190831500022,509,78.15552690839687,0.251208,6.6,7.234028279280398,0,0,1,1,0,2-5m,medium,0,-4.49,-0.621,113.0,BHARTIARTL,90025,2026-08-15 05:17:00.000000,2026-08-15 05:18:53.000000,1794.51,1794.18,7.95,synthetic,synth_v4,f31b83522a21,0,,0.207,1,0,113.00000000000001,-0.621,0,0.16666666666666666
0.5919385511332009,73.6,0.6765057696299398,48.36831833026798,0.0212757994658103,0.0319136991987154,599,0.0,0.251208,2.6,7.448387557421688,0,0,1,0,0,2-5m,medium,1,8.85,1.188,226.0,TCS,90026,2026-08-15 05:21:00.000000,2026-08-15 05:24:46.000000,2273.4,2274.26,9.42,synthetic,synth_v4,50fc3ae3b11e,0,,0.098,1,1,205.45454545454547,1.088100472538538,1,0.18333333333333335
0.5819266438618448,73.6,0.6749920845171788,60.79071584811887,0.0193482647163275,0.0290223970744913,567,13.595402898963428,0.251208,2.6,2.4226535095658392,0,0,1,0,1,>15m,quality,1,4.05,1.671,925.0,BRITANNIA,90027,2026-08-15 05:24:00.000000,2026-08-15 05:39:25.000000,3141.92,3143.44,4.37,synthetic,synth_v4,c1c4ad3f9138,0,,0.222,1,1,568.0706521739131,1.0403216100600001,1,0.21333333333333332
0.5847639566957593,73.6,0.6747438678325492,19.24062570710773,0.015,0.0225,490,104.41101461391696,0.251208,6.0,4.828815883450857,0,0,1,0,1,>15m,quality,1,2.64,0.547,2043.0,NESTLEIND,90028,2026-08-15 05:28:00.000000,2026-08-15 06:02:03.000000,1282.71,1282.87,3.59,synthetic,synth_v4,7dd62e70f168,0,,0.082,1,1,491.5488721804511,1.0075199835954642,1,0.22424242424242424
0.585849260180473,73.6,0.6766229056686069,28.481682583896443,0.0171672033827207,0.0257508050740811,570,0.0,0.251208,2.7,4.035016645312022,0,0,1,0,0,2-5m,medium,0,-5.13,-1.271,189.0,BHARTIARTL,90029,2026-08-15 05:33:00.000000,2026-08-15 05:36:09.000000,1659.08,1658.53,4.36,synthetic,synth_v4,fc8c0f98ef71,0,,0.052,1,-1,141.75,-1.0228789186270364,0,0.225
0.6884988560522277,73.6,0.6751960148397417,18.338751736621525,0.0158811217256846,0.023821682588527,596,0.0,0.251208,1.2,5.103197443630252,0,0,1,0,0,2-5m,medium,0,-6.23,-1.221,254.0,INFY,90030,2026-08-15 05:36:00.000000,2026-08-15 05:40:14.000000,1154.75,1154.42,8.21,synthetic,synth_v4,0fe95e6f459c,0,,0.175,1,-1,139.9591836734694,-1.0189884615928184,0,0.2333333333333333
0.5292654362557078,73.6,0.6765464080457043,28.302305586715704,0.0177409910036502,0.0266114865054753,529,50.89324717307226,0.251208,2.5,3.432718928951684,0,0,1,0,1,>15m,quality,0,-4.02,-1.172,2238.0,BAJAJFINSV,90032,2026-08-15 05:39:00.000000,2026-08-15 06:16:18.000000,1595.31,1594.81,10.12,synthetic,synth_v4,89ca96361c5c,0,,0.233,1,-1,746.0,-1.0298547084518106,0,0.2576923076923077
0.5356150990169232,73.6,0.6764882087779568,6.186021229814649,0.015,0.0225,491,93.1070576798528,0.251208,3.2,1.8256878744249485,0,0,1,0,1,>15m,quality,1,2.95,1.617,1837.0,BAJAJFINSV,90031,2026-08-15 05:40:00.000000,2026-08-15 06:10:37.000000,412.4,412.55,10.73,synthetic,synth_v4,8b369e54862b,0,,0.166,1,1,657.5054644808744,1.0193296231794828,1,0.22407407407407406
0.5111736363051274,73.6,0.6737211419978169,81.87687335658492,0.0279253387516216,0.0418880081274324,536,46.55265414787898,0.251208,2.6,8.701188242730073,0,0,1,1,0,2-5m,medium,0,-9.4,-1.08,74.0,BAJAJFINSV,90033,2026-08-15 05:43:00.000000,2026-08-15 05:44:14.000000,2931.99,2930.67,5.11,synthetic,synth_v4,facffc16236c,0,,0.082,1,-1,64.13333333333334,-1.0054335069428884,0,0.25
0.5969587653545297,70.4,0.6750375177522692,26.155113729427832,0.0218247346411692,0.0327371019617538,495,78.06809387241331,0.251208,5.4,7.032372567361222,0,0,1,0,1,5-15m,quality,0,-6.74,-0.958,330.0,BHARTIARTL,90034,2026-08-15 05:48:00.000000,2026-08-15 05:53:30.000000,1198.42,1198.04,3.9,synthetic,synth_v4,93992deed5c6,0,,0.234,1,0,330.0,-0.958,0,0.225
0.6277383375632536,73.6,0.678875553879833,14.134558611897807,0.027752999670262,0.041629499505393,504,85.96530511359897,0.251208,1.0,7.716089436838786,0,0,1,0,0,2-5m,medium,0,-6.91,-0.896,228.0,M&M,90035,2026-08-15 05:49:00.000000,2026-08-15 05:52:48.000000,509.3,509.11,10.55,synthetic,synth_v4,e79f781007b0,0,,0.191,1,0,228.0,-0.896,0,0.2
0.5531631525407076,73.6,0.6736758409745315,47.058578152567314,0.0236892016374683,0.0355338024562025,500,93.9895826448668,0.251208,2.6,4.662516443659816,0,0,1,0,1,5-15m,quality,1,4.03,0.863,673.0,GRASIM,90036,2026-08-15 05:55:00.000000,2026-08-15 06:06:13.000000,1986.5,1987.11,3.68,synthetic,synth_v4,2cba335e53cb,0,,0.144,1,1,571.796992481203,1.0015983732409763,1,0.21333333333333332
0.5095906113822484,73.6,0.671766691102059,31.901986027075058,0.0253278110246569,0.0379917165369854,502,85.25973440927291,0.251208,5.3,5.043842613580606,0,0,1,0,0,2-5m,medium,0,-5.83,-1.155,142.0,BAJAJFINSV,90037,2026-08-15 05:56:00.000000,2026-08-15 05:58:22.000000,1259.56,1259.01,4.18,synthetic,synth_v4,ec7ff1e4e865,0,,0.183,1,-1,115.70370370370371,-1.004483048080691,0,0.18333333333333335
0.5105311270585257,73.6,0.672276309693515,13.092967134906344,0.0187066858903457,0.0280600288355186,528,48.08757312393125,0.251208,1.3,6.856464505320561,0,0,1,0,0,2-5m,medium,0,-7.75,-1.13,197.0,M&M,90038,2026-08-15 05:58:00.000000,2026-08-15 06:01:17.000000,699.91,699.69,6.4,synthetic,synth_v4,a383efaaf190,0,,0.205,1,-1,160.71052631578948,-1.0116653964846964,0,0.16666666666666666
0.5990355672694821,73.6,0.6760582198931534,52.0346070969706,0.0241758360771849,0.0362637541157774,535,13.384659185783956,0.251208,5.9,5.608772349570873,0,0,1,0,0,2-5m,medium,1,5.99,1.067,143.0,TCS,90039,2026-08-15 06:04:00.000000,2026-08-15 06:06:23.000000,2152.34,2153.17,6.03,synthetic,synth_v4,7fcefc3409d9,0,,0.097,1,1,90.03703703703704,1.0133458794241714,1,0.225
0.6045952502722066,73.6,0.6760618345560654,20.39533605704836,0.0250835189640016,0.0376252784460025,508,83.53854312055692,0.251208,6.1,5.8699702414821,0,0,1,0,0,2-5m,medium,0,-5.49,-0.935,120.0,BRITANNIA,90040,2026-08-15 06:06:00.000000,2026-08-15 06:08:00.000000,813.1,812.81,3.97,synthetic,synth_v4,7837e71e6fd6,0,,0.108,1,0,120.0,-0.935,0,0.2
0.5925892560983117,73.6,0.6757647782891498,34.10205386195825,0.0198309914895789,0.0297464872343683,514,84.32592999326388,0.251208,4.4,5.17281202645642,0,0,1,0,0,2-5m,medium,0,-6.03,-1.165,154.0,NESTLEIND,90041,2026-08-15 06:11:00.000000,2026-08-15 06:13:34.000000,1719.63,1719.04,8.01,synthetic,synth_v4,3705edc6e8e6,0,,0.137,1,-1,106.20689655172414,-1.0183349866834321,0,0.3611111111111111
0.5200694175626784,73.6,0.6784283796578571,66.17606935681691,0.0243312059043354,0.0364968088565031,503,86.6683761797597,0.251208,7.2,5.4604845560415205,0,0,1,0,0,2-5m,medium,0,-6.57,-1.204,128.0,BRITANNIA,90042,2026-08-15 06:12:00.000000,2026-08-15 06:14:08.000000,2719.8,2718.61,8.3,synthetic,synth_v4,a93987e88d8b,0,,0.177,1,-1,96.0,-1.0395475092176896,0,0.29166666666666663
0.5739296793840032,73.6,0.6706543311337941,49.392921772292446,0.0243603363423057,0.0365405045134585,575,0.0,0.251208,4.0,6.356372987184133,0,0,1,0,0,2-5m,medium,0,-4.76,-0.748,239.0,SBIN,90043,2026-08-15 06:13:00.000000,2026-08-15 06:16:59.000000,2027.6,2027.04,5.22,synthetic,synth_v4,6b70a2cffd4f,0,,0.168,1,0,239.00000000000003,-0.748,0,0.25
0.5670011485484437,73.6,0.6767918677488617,4.431362904338028,0.0199279442733195,0.0298919164099792,505,85.10691590501636,0.251208,7.0,4.588320146933292,0,0,1,0,1,>15m,quality,0,-2.89,-0.629,1138.0,NESTLEIND,90044,2026-08-15 06:19:00.000000,2026-08-15 06:37:58.000000,222.37,222.33,2.46,synthetic,synth_v4,4f9b5ad23b8e,0,,0.155,1,0,1138.0,-0.629,0,0.42857142857142855
0.5731213158037408,73.6,0.6791228764036072,36.75682685689088,0.0179743211319849,0.0269614816979774,588,4.907945619421682,0.251208,2.4,5.9461265954690665,0,0,1,0,0,2-5m,medium,0,-5.25,-0.883,130.0,INFY,90045,2026-08-15 06:19:00.000000,2026-08-15 06:21:10.000000,2044.96,2044.48,10.96,synthetic,synth_v4,aad460dace87,0,,0.088,1,0,130.0,-0.883,0,0.5
0.6122857266768914,73.6,0.6737444384702166,44.24616267691991,0.017776890968235,0.0266653364523525,544,59.38224371698628,0.251208,2.7,6.254052636385023,0,0,1,0,1,5-15m,quality,0,-7.5,-1.2,459.0,NESTLEIND,90046,2026-08-15 06:25:00.000000,2026-08-15 06:32:39.000000,2488.97,2488.17,3.51,synthetic,synth_v4,cf916d53ff9d,0,,0.113,1,-1,351.9,-1.0170432483736054,0,0.38888888888888884
0.573415732926481,73.6,0.6752403869764203,12.951081838972922,0.0223452428583715,0.0335178642875573,576,0.0,0.251208,2.7,7.992627825224867,0,0,1,0,0,2-5m,medium,0,-6.41,-0.802,226.0,BNBUSDT,90047,2026-08-15 06:27:00.000000,2026-08-15 06:30:46.000000,579.59,579.43,11.99,synthetic,synth_v4,272d1c8832d0,0,,0.096,1,0,226.0,-0.802,0,0.3333333333333333
0.6007348137843137,73.6,0.6744942161655428,15.805245237496417,0.0233338297869946,0.035000744680492,556,20.60318123183792,0.251208,7.9,6.157693436588167,0,0,1,0,0,2-5m,medium,0,-6.71,-1.09,120.0,TCS,90048,2026-08-15 06:31:00.000000,2026-08-15 06:33:00.000000,677.35,677.09,4.26,synthetic,synth_v4,94be9fbb6156,0,,0.134,1,-1,120.0,-1.09,0,0.3333333333333333
0.5640547441693335,73.6,0.674211307907845,35.77915884302753,0.0190751760002168,0.0286127640003253,511,80.20908076715183,0.251208,1.8,4.439706815754729,0,0,1,0,1,>15m,quality,1,7.51,1.691,2248.0,TCS,90049,2026-08-15 06:35:00.000000,2026-08-15 07:12:28.000000,1875.69,1876.6,10.17,synthetic,synth_v4,8dca3d839070,0,,0.105,1,1,1498.6666666666667,1.0703339555077882,1,0.2486111111111111
0.5773471639213991,73.6,0.6753474759899539,40.87094653696288,0.0221055302504629,0.0331582953756943,552,28.861151071572365,0.251208,5.2,6.628038520688156,0,0,1,0,1,5-15m,quality,1,13.56,2.046,754.0,INFY,90050,2026-08-15 06:37:00.000000,2026-08-15 06:49:34.000000,1848.9,1850.16,2.55,synthetic,synth_v4,0161f89aea6f,0,,0.084,1,1,435.19463087248323,1.0015395191251453,1,0.2791666666666667
0.48,73.6,0.679674773350975,50.91796373966399,0.0245894326112295,0.0368841489168443,494,92.21924427540054,0.251208,3.5,6.48080245851313,0,0,1,0,0,2-5m,medium,0,-4.48,-0.691,270.0,M&M,90052,2026-08-15 06:41:00.000000,2026-08-15 06:45:30.000000,2070.73,2070.2,4.76,synthetic,synth_v4,97754cccb82e,0,,0.151,1,0,270.0,-0.691,0,0.26111111111111107
0.5978772935503125,73.6,0.6788549705673691,16.66520060797374,0.0243794147848745,0.0365691221773117,512,51.24008596923088,0.251208,3.1,8.137178606002811,0,0,1,0,1,>15m,quality,0,-8.39,-1.031,1140.0,NESTLEIND,90051,2026-08-15 06:42:00.000000,2026-08-15 07:01:00.000000,683.58,683.32,3.45,synthetic,synth_v4,6e9fdcd8d7fe,0,,0.234,1,-1,401.7621145374449,-1.0675238651390275,0,0.2
0.540819727018562,73.6,0.6753281215499197,31.503137646166827,0.0290896044506362,0.0436344066759543,510,78.6799245072275,0.251208,3.4,8.683106151255584,0,0,1,0,1,>15m,quality,0,-10.66,-1.228,1496.0,NESTLEIND,90053,2026-08-15 06:44:00.000000,2026-08-15 07:08:56.000000,1082.97,1082.39,6.53,synthetic,synth_v4,879808660641,0,,0.151,1,-1,1270.0939597315437,-1.0359411234883507,0,0.1880952380952381
0.5317776407424323,73.6,0.6798101204281289,24.08525633167674,0.0276852284818988,0.0415278427228482,513,68.31944344496503,0.251208,4.4,8.615116653275237,0,0,1,0,1,>15m,quality,1,4.06,0.471,1437.0,BRITANNIA,90054,2026-08-15 06:51:00.000000,2026-08-15 07:14:57.000000,869.97,870.14,3.5,synthetic,synth_v4,4746a0819d35,0,,0.12,1,0,1437.0,0.471,0,0.2074074074074074
0.5216673291053996,73.6,0.6760711529539692,43.20892969944868,0.0183716735140631,0.0275575102710946,496,87.29377390769916,0.251208,2.2,5.373354658050067,0,0,1,0,0,2-5m,medium,0,-6.65,-1.237,224.0,SBIN,90055,2026-08-15 06:52:00.000000,2026-08-15 06:55:44.000000,2351.93,2351.13,7.81,synthetic,synth_v4,a6e0ad9bf709,0,,0.133,1,-1,182.32558139534885,-1.0184203905870688,0,0.18333333333333335
0.543491464926399,73.6,0.6795073820534022,89.33935842076038,0.0297874740446821,0.0446812110670231,482,94.11941147471404,0.251208,3.9,9.241982536275913,0,0,1,1,0,2-5m,medium,0,-6.95,-0.751,61.0,BAJAJFINSV,90056,2026-08-15 06:55:00.000000,2026-08-15 06:56:01.000000,2999.23,2998.22,9.84,synthetic,synth_v4,5a048aa5dca0,0,,0.133,1,0,61.0,-0.751,0,0.16666666666666666
0.6496964786740638,73.6,0.675813402700693,60.22562178636221,0.0199946888850093,0.029992033327514,593,9.17418403574089,0.251208,3.0,3.46317128670158,0,0,1,0,1,5-15m,quality,0,-4.49,-1.296,789.0,INFY,90057,2026-08-15 06:56:00.000000,2026-08-15 07:09:09.000000,3012.08,3010.91,6.12,synthetic,synth_v4,9b9381f708af,0,,0.202,1,-1,323.6923076923077,-1.0007689661843884,0,0.16666666666666666
0.5080501330584055,73.6,0.6762621156520924,15.211102125611935,0.0265523846133497,0.0398285769200245,541,25.48961724430985,0.251208,8.0,6.560709480378779,0,0,1,0,1,>15m,quality,0,-6.71,-1.023,975.0,BNBUSDT,90058,2026-08-15 07:00:00.000000,2026-08-15 07:16:15.000000,572.87,572.64,7.56,synthetic,synth_v4,6ac777841885,0,,0.188,1,-1,919.7164948453608,-1.055932108110744,0,0.21666666666666665
0.6180967012754889,73.6,0.6767309489452857,47.44558900087524,0.0222708811250419,0.0334063216875629,528,43.19018855854332,0.251208,6.8,6.013326792553621,0,0,1,0,0,2-5m,medium,0,-3.96,-0.659,151.0,BAJAJFINSV,90059,2026-08-15 07:05:00.000000,2026-08-15 07:07:31.000000,2130.39,2129.92,10.62,synthetic,synth_v4,a9f434e8cc0a,0,,0.163,1,0,151.0,-0.659,0,0.16666666666666666
0.48,73.6,0.6823577073587351,5.482611061602842,0.0204269593516815,0.0306404390275223,591,0.0,0.251208,5.3,2.464142353389422,0,0,1,0,0,2-5m,medium,0,-1.59,-0.646,210.0,TCS,90060,2026-08-15 07:10:00.000000,2026-08-15 07:13:30.000000,268.4,268.35,10.25,synthetic,synth_v4,f7cf20944bfb,0,,0.14,1,0,210.0,-0.646,0,0.25
0.5399068982008536,73.6,0.6777025711496896,11.029178167990814,0.0158894762432497,0.0238342143648746,506,87.1843104155134,0.251208,3.0,5.374940116161387,0,0,1,0,0,2-5m,medium,0,-3.51,-0.652,175.0,M&M,90061,2026-08-15 07:13:00.000000,2026-08-15 07:15:55.000000,694.12,694.01,7.1,synthetic,synth_v4,fea76f08794f,0,,0.217,1,0,175.0,-0.652,0,0.25
0.5697651839063004,73.6,0.6745854709400971,43.43948214062119,0.021330987794612,0.031996481691918,528,29.53940244858195,0.251208,6.3,5.877886998086867,0,0,1,0,1,>15m,quality,0,-5.95,-1.013,2217.0,BAJAJFINSV,90062,2026-08-15 07:14:00.000000,2026-08-15 07:50:57.000000,2036.45,2035.79,11.36,synthetic,synth_v4,c040a0bbc790,0,,0.073,1,1,1022.375939849624,1.032880716595781,1,0.2448717948717949
0.5951733398815567,73.6,0.6779379957405518,49.50134568817908,0.0166157903810027,0.024923685571504,581,0.0,0.251208,5.2,2.541048911327917,0,0,1,0,1,>15m,quality,0,-2.96,-1.167,1139.0,BHARTIARTL,90063,2026-08-15 07:17:00.000000,2026-08-15 07:35:59.000000,2979.17,2978.31,9.67,synthetic,synth_v4,3b5ab730110e,0,,0.061,1,-1,907.1681415929204,-1.012686202275059,0,0.26666666666666666
0.6026735947875713,73.6,0.6752763349258314,54.14602733764761,0.0261842036759461,0.0392763055139191,555,0.0,0.251208,3.1,8.592897705572806,0,0,1,0,1,>15m,quality,1,13.03,1.516,1496.0,BAJAJFINSV,90064,2026-08-15 07:18:00.000000,2026-08-15 07:42:56.000000,2067.89,2069.12,6.32,synthetic,synth_v4,7ccdf487fed1,0,,0.161,1,1,928.7248322147651,1.0158144021505318,1,0.23095238095238096
0.6076008341119956,73.6,0.6750204996341976,53.69790848067447,0.028906460927672,0.0433596913915081,527,53.49042837879906,0.251208,1.3,8.754308003069461,0,0,1,1,0,2-5m,medium,1,8.4,0.96,82.0,NESTLEIND,90065,2026-08-15 07:21:00.000000,2026-08-15 07:22:22.000000,1857.64,1858.42,6.39,synthetic,synth_v4,67bf7cc664bf,0,,0.093,1,0,82.0,0.96,0,0.25
0.5390764956650937,73.6,0.6778172027197843,59.65323617680728,0.019060125359154,0.028590188038731,510,53.22541274190184,0.251208,3.1,5.972802554441065,0,0,1,0,1,5-15m,quality,0,-6.05,-1.013,701.0,TCS,90066,2026-08-15 07:26:00.000000,2026-08-15 07:37:41.000000,3129.74,3128.83,3.75,synthetic,synth_v4,4058a366f38d,0,,0.094,1,-1,620.3093525179855,-1.0255607740813266,0,0.19583333333333333
0.532258892440126,73.6,0.6760621711755423,37.93875786213268,0.0232288998585819,0.0348433497878729,484,90.23174834973123,0.251208,7.1,5.109680330189584,0,0,1,0,1,>15m,quality,1,3.27,0.64,1342.0,SBIN,90067,2026-08-15 07:29:00.000000,2026-08-15 07:51:22.000000,1633.26,1633.62,7.0,synthetic,synth_v4,2a5fad2ac935,0,,0.061,1,0,1342.0,0.64,0,0.2
0.6114785528754293,70.4,0.6765571518290237,17.032183432239922,0.0193070821503631,0.0289606232255447,490,99.92067284837562,0.251208,6.9,6.522350140344195,0,0,1,0,0,2-5m,medium,1,4.87,0.746,243.0,BHARTIARTL,90068,2026-08-15 07:30:00.000000,2026-08-15 07:34:03.000000,882.17,882.36,8.21,synthetic,synth_v4,31181aefc7ca,0,,0.163,1,0,243.0,0.746,0,0.16666666666666666
0.5485217405071031,73.6,0.6760279704437306,22.729571893429185,0.0196468142783696,0.0294702214175545,499,71.3768591882573,0.251208,7.5,4.431870081534991,0,0,1,1,0,2-5m,medium,0,-4.12,-0.93,87.0,INFY,90069,2026-08-15 07:35:00.000000,2026-08-15 07:36:27.000000,1156.91,1156.59,5.31,synthetic,synth_v4,0c3e5b7ca77d,0,,0.217,1,0,87.0,-0.93,0,0.16666666666666666
0.4834588205997247,73.6,0.676673166253211,41.73039842703978,0.0252910733144984,0.0379366099717476,574,9.469230341150467,0.251208,7.3,6.714269945243338,0,0,1,0,0,2-5m,medium,1,12.48,1.859,245.0,INFY,90070,2026-08-15 07:40:00.000000,2026-08-15 07:44:05.000000,1650.01,1651.17,4.77,synthetic,synth_v4,21460956f3a6,0,,0.182,1,1,173.54166666666669,1.0400481515660747,1,0.25
0.4920027671597912,73.6,0.6768499317948723,11.308323220914744,0.021847916585699,0.0327718748785485,556,19.50993138372417,0.251208,4.3,2.62532840468655,0,0,1,0,1,>15m,quality,0,-3.41,-1.298,2181.0,BNBUSDT,90071,2026-08-15 07:44:00.000000,2026-08-15 08:20:21.000000,517.59,517.37,4.17,synthetic,synth_v4,ec32c1bef231,0,,0.063,1,-1,481.02255639097746,-1.0430662137487958,0,0.17985347985347983
0.5048328628399034,73.6,0.6721260661345893,35.33288631657597,0.0300895850697029,0.0451343776045544,532,58.08171472644655,0.251208,5.1,8.558761141396642,0,0,1,0,1,>15m,quality,0,-7.23,-0.845,1583.0,BAJAJFINSV,90072,2026-08-15 07:47:00.000000,2026-08-15 08:13:23.000000,1174.26,1173.81,6.55,synthetic,synth_v4,45d53c1679bb,0,,0.11,1,-1,336.7015873015873,-1.0201812112505455,0,0.17785714285714288
0.5898296446432258,73.6,0.6773331453372191,64.0143467689474,0.0201708926476537,0.0302563389714806,573,14.126921010220132,0.251208,7.6,6.114500053033317,0,0,1,0,1,5-15m,quality,0,-3.72,-0.609,465.0,INFY,90073,2026-08-15 07:47:00.000000,2026-08-15 07:54:45.000000,3173.6,3173.02,3.26,synthetic,synth_v4,e4f1a34071f6,0,,0.133,1,0,464.99999999999994,-0.609,0,0.18888888888888888
0.568545544164234,73.6,0.6740359611603395,63.217966539110726,0.026335635741641,0.0395034536124615,499,70.62099455738085,0.251208,3.6,6.968748636169352,0,0,1,0,1,>15m,quality,0,-4.79,-0.688,1857.0,BRITANNIA,90074,2026-08-15 07:50:00.000000,2026-08-15 08:20:57.000000,2400.47,2399.82,9.46,synthetic,synth_v4,42bfedd11ee3,0,,0.075,1,0,1800.0,-0.38184472693614285,0,0.1688095238095238
0.6014291212440661,73.6,0.6731154017288812,26.76484865381018,0.022389158982018,0.033583738473027,505,72.47022369899321,0.251208,6.0,5.521670324013807,0,0,1,0,1,>15m,quality,1,10.29,1.863,1515.0,BRITANNIA,90075,2026-08-15 07:56:00.000000,2026-08-15 08:21:15.000000,1195.44,1196.19,8.26,synthetic,synth_v4,839ed36c7e4d,0,,0.217,1,1,1244.1059602649007,1.0146849771671613,1,0.16904761904761903
0.534364841219808,73.6,0.6758831775122827,18.360078636965323,0.0253881491211225,0.0380822236816837,527,68.65615096580741,0.251208,1.3,8.290088827708088,0,0,1,0,1,>15m,quality,0,-6.97,-0.841,1129.0,SBIN,90076,2026-08-15 07:58:00.000000,2026-08-15 08:16:49.000000,723.18,722.94,3.92,synthetic,synth_v4,37ccc82faa71,0,,0.051,1,-1,791.3080357142857,-1.0103858984000194,0,0.1603174603174603
0.5695123814646029,73.6,0.676167962006629,34.76408467108537,0.0202986437818266,0.03044796567274,590,0.0,0.251208,4.7,5.9627274812593125,0,0,1,1,0,2-5m,medium,1,8.26,1.385,67.0,INFY,90077,2026-08-15 07:59:00.000000,2026-08-15 08:00:07.000000,1712.63,1713.35,8.58,synthetic,synth_v4,8f25695ec4cf,0,,0.127,1,1,53.6,1.0641517938704959,1,0.16666666666666666
0.5975354236380402,73.6,0.6746129876708555,48.44274507991936,0.0218046197525558,0.0327069296288337,553,6.045569133733029,0.251208,1.4,4.1626955385905084,0,0,1,0,0,2-5m,medium,0,-4.33,-1.039,225.0,BRITANNIA,90078,2026-08-15 08:04:00.000000,2026-08-15 08:07:45.000000,2221.67,2220.92,10.66,synthetic,synth_v4,29b7e892f8ff,0,,0.055,1,-1,209.6590909090909,-1.090395489634897,0,0.14285714285714285
0.5414392076167858,73.6,0.677662063715336,38.60046233626833,0.0215473460338604,0.0323210190507906,582,7.8342709175707395,0.251208,7.3,7.855380221365309,0,0,1,0,0,2-5m,medium,0,-7.57,-0.964,196.0,INFY,90079,2026-08-15 08:04:00.000000,2026-08-15 08:07:16.000000,1791.43,1790.87,7.72,synthetic,synth_v4,d8b46a069e6a,0,,0.172,1,0,196.0,-0.964,0,0.14285714285714285
0.5874065142534447,73.6,0.6733156496672582,10.735496326786691,0.0189262940101238,0.0283894410151858,509,54.730840663456426,0.251208,5.7,5.684571730784249,0,0,1,0,1,>15m,quality,1,7.13,1.254,1499.0,BHARTIARTL,90080,2026-08-15 08:10:00.000000,2026-08-15 08:34:59.000000,567.23,567.43,10.8,synthetic,synth_v4,ddabba92ec89,0,,0.245,1,1,628.7751677852349,1.0312926396951139,1,0.15476190476190477
0.520284443536001,73.6,0.675186112502455,37.89931649661315,0.0247844670813979,0.0371767006220969,581,20.18769604941509,0.251208,3.4,9.217948714593463,0,0,1,0,1,>15m,quality,0,-7.2,-0.781,1250.0,RELIANCE,90081,2026-08-15 08:12:00.000000,2026-08-15 08:32:50.000000,1529.16,1528.71,9.53,synthetic,synth_v4,d585b32190a3,0,,0.159,1,0,1250.0,-0.781,0,0.15306122448979592
0.5370957263601003,73.6,0.6759068254593213,6.34432318845417,0.0244806325908885,0.0367209488863328,507,77.34828213877601,0.251208,1.4,8.67402619452544,0,0,1,0,1,>15m,quality,0,-5.22,-0.602,1149.0,M&M,90083,2026-08-15 08:17:00.000000,2026-08-15 08:36:09.000000,259.16,259.1,11.3,synthetic,synth_v4,61d826e226fc,0,,0.065,1,-1,745.8421052631579,-1.0231345275878814,0,0.15773809523809523
0.5382167692060957,73.6,0.674830251730134,17.71963723371866,0.0247317359295877,0.0370976038943816,488,107.36148259761538,0.251208,2.2,9.093157801659824,0,0,1,0,1,>15m,quality,0,-10.67,-1.174,913.0,SBIN,90082,2026-08-15 08:18:00.000000,2026-08-15 08:33:13.000000,716.47,716.16,6.59,synthetic,synth_v4,91156854e1d4,0,,0.084,1,-1,519.5524861878453,-1.0150373570912832,0,0.15238095238095237
0.4882496212646576,73.6,0.6765577285692945,45.07143960404587,0.0290116151166632,0.0435174226749948,542,40.3584926515429,0.251208,2.7,9.069603662147465,0,0,1,0,1,>15m,quality,0,-9.38,-1.034,1355.0,RELIANCE,90084,2026-08-15 08:24:00.000000,2026-08-15 08:46:35.000000,1553.57,1552.87,11.63,synthetic,synth_v4,97769a846809,0,,0.232,1,-1,898.3148148148148,-1.0099289227866168,0,0.1607142857142857
0.589218348847135,73.6,0.6739842141007529,40.387064633449405,0.0285576404733996,0.0428364607100994,486,90.8645161595887,0.251208,4.1,7.8649023806721345,0,0,1,0,1,>15m,quality,1,10.49,1.334,1301.0,INFY,90085,2026-08-15 08:24:00.000000,2026-08-15 08:45:41.000000,1414.23,1415.04,5.75,synthetic,synth_v4,ce89e893d856,0,,0.058,1,1,823.7992277992279,1.008143908700779,1,0.1607142857142857
0.5318358595878366,73.6,0.6774485653549125,11.680893576700084,0.0205642145862994,0.0308463218794492,582,8.177859271000422,0.251208,1.7,3.370547141083456,0,0,1,0,0,2-5m,medium,0,-3.88,-1.152,262.0,BAJAJFINSV,90086,2026-08-15 08:26:00.000000,2026-08-15 08:30:22.000000,568.02,567.82,7.61,synthetic,synth_v4,98e5b0a532b9,0,,0.07,1,-1,246.58823529411768,-1.0158257662582455,0,0.14285714285714285
0.5607496471236613,73.6,0.6761260047366694,11.970912572387649,0.0235280157502313,0.035292023625347,584,0.0,0.251208,4.4,6.083276970327221,0,0,1,0,1,>15m,quality,1,9.67,1.589,1530.0,M&M,90087,2026-08-15 08:32:00.000000,2026-08-15 08:57:30.000000,508.79,509.08,6.42,synthetic,synth_v4,1d20a9b6115b,0,,0.078,1,1,1289.2131147540983,1.0327409546874855,1,0.16243386243386243
0.5888447995343546,73.6,0.6722161074933762,15.316821428903769,0.0196640939246941,0.0294961408870412,544,39.53354805959841,0.251208,2.7,6.197552406113355,0,0,1,0,0,2-5m,medium,0,-5.44,-0.878,253.0,INFY,90088,2026-08-15 08:35:00.000000,2026-08-15 08:39:13.000000,778.92,778.72,10.0,synthetic,synth_v4,5c9171898ca0,0,,0.233,1,0,253.0,-0.878,0,0.16666666666666666
0.5867918705617967,73.6,0.672082817119206,31.323737467780976,0.0220926817303145,0.0331390225954718,516,77.07901549779177,0.251208,3.8,5.5854403233684495,0,0,1,0,1,>15m,quality,1,4.42,0.792,1362.0,INFY,90089,2026-08-15 08:35:00.000000,2026-08-15 08:57:42.000000,1417.83,1418.21,9.12,synthetic,synth_v4,dfaf03ccf512,0,,0.175,1,0,1362.0,0.792,0,0.16488095238095238
0.5999231065383672,73.6,0.6759753614141414,10.329899332094303,0.0197486977510382,0.0296230466265573,491,80.57290184711616,0.251208,4.1,6.7422247213641695,0,0,1,0,1,5-15m,quality,1,13.22,1.96,572.0,RELIANCE,90090,2026-08-15 08:39:00.000000,2026-08-15 08:48:32.000000,523.07,523.37,7.65,synthetic,synth_v4,abaee150c9d7,0,,0.078,1,1,404.95575221238937,1.0023665111107194,1,0.175
0.5540908709294347,73.6,0.6755580653644273,31.799479264089086,0.0294488573299269,0.0441732859948904,554,16.75710890013958,0.251208,3.1,4.357319316914938,0,0,1,0,1,>15m,quality,1,4.46,1.023,1302.0,BHARTIARTL,90091,2026-08-15 08:42:00.000000,2026-08-15 09:03:42.000000,1079.82,1080.31,4.61,synthetic,synth_v4,c2b2525cb3f6,0,,0.142,1,1,1291.945945945946,1.034563554000977,1,0.16984126984126982
0.5346021012773509,73.6,0.6757931597728508,14.137170999967235,0.0234884337801063,0.0352326506701595,544,18.08451778913312,0.251208,2.4,5.100273549137068,0,0,1,0,1,>15m,quality,0,-3.27,-0.641,1950.0,BNBUSDT,90092,2026-08-15 08:47:00.000000,2026-08-15 09:19:30.000000,601.88,601.74,3.03,synthetic,synth_v4,fc40322aaf49,0,,0.214,1,0,1800.0,-0.5847352881367957,0,0.18051948051948055
0.5552169073456161,73.6,0.6759440350869396,34.64733188165807,0.0211533272583629,0.0317299908875444,571,0.0,0.251208,1.4,5.267621157541301,0,0,1,0,1,>15m,quality,1,4.07,0.773,2021.0,BRITANNIA,90093,2026-08-15 08:48:00.000000,2026-08-15 09:21:41.000000,1637.91,1638.32,4.58,synthetic,synth_v4,7dbbad6c549a,0,,0.211,1,0,1800.0,0.38418775774490777,0,0.1785714285714286
0.48,73.6,0.6764511196790204,77.11277847783127,0.0272729071215375,0.0409093606823063,552,0.5740703283774664,0.251208,5.2,6.279394602919506,0,0,1,0,0,2-5m,medium,1,8.84,1.408,132.0,GRASIM,90094,2026-08-15 08:54:00.000000,2026-08-15 08:56:12.000000,2827.45,2829.08,6.23,synthetic,synth_v4,885d1f3585bf,0,,0.135,1,1,105.60000000000001,1.0535461189557533,1,0.14285714285714285
0.48,73.6,0.6778952992196966,11.730002002182466,0.015,0.0225,495,95.94743183523296,0.251208,5.6,2.2153435454174404,0,0,1,0,1,>15m,quality,0,-1.42,-0.641,1870.0,TCS,90095,2026-08-15 08:54:00.000000,2026-08-15 09:25:10.000000,782.0,781.89,7.85,synthetic,synth_v4,5024b1afe60c,0,,0.081,1,0,1800.0,-0.577881001056139,0,0.18051948051948055
0.4806380232587359,73.6,0.673777790198165,8.783230109995438,0.0153099659599824,0.0229649489399736,494,113.13371813124157,0.251208,1.3,2.436576718905845,0,0,1,0,1,5-15m,quality,1,4.61,1.892,457.0,BNBUSDT,90096,2026-08-15 09:00:00.000000,2026-08-15 09:07:37.000000,573.69,573.94,5.28,synthetic,synth_v4,b579dc0efcfb,0,,0.224,1,1,228.5,1.094651618028106,1,0.20000000000000004
0.5001651903439112,73.6,0.6736560568141985,17.350230065749926,0.0253884262643829,0.0380826393965744,573,28.379934152054584,0.251208,4.4,8.469386295471521,0,0,1,1,0,2-5m,medium,0,-10.06,-1.188,60.0,BNBUSDT,90097,2026-08-15 09:04:00.000000,2026-08-15 09:05:00.000000,683.39,683.08,11.56,synthetic,synth_v4,19699f3597cb,0,,0.225,1,-1,48.0,-1.0012184472669836,0,0.2
0.5839864536034063,73.6,0.6738133522842252,61.80997584801615,0.0222407629482144,0.0333611444223217,499,56.60873267060225,0.251208,3.7,5.416025802395955,0,0,1,0,1,>15m,quality,0,-6.74,-1.244,1680.0,BRITANNIA,90098,2026-08-15 09:06:00.000000,2026-08-15 09:34:00.000000,2779.13,2777.98,9.56,synthetic,synth_v4,b1b2cae43dbe,0,,0.165,1,-1,391.1641791044776,-1.009438259549765,0,0.18888888888888888
0.5056712566783964,73.6,0.6765778333343374,54.29231199551686,0.0230144616885766,0.034521692532865,592,0.0,0.251208,2.2,3.047672110717361,0,0,1,1,0,2-5m,medium,0,-2.05,-0.671,95.0,TCS,90099,2026-08-15 09:10:00.000000,2026-08-15 09:11:35.000000,2359.05,2358.51,9.31,synthetic,synth_v4,bdef580ebe6c,0,,0.242,1,0,95.0,-0.671,0,0.2
0.6379536978671639,73.6,0.675137321123521,55.97291359127764,0.0219081866237374,0.0328622799356061,567,6.14785028892004,0.251208,4.9,5.274094199351894,0,0,1,1,0,2-5m,medium,1,6.95,1.318,80.0,M&M,90101,2026-08-15 09:13:00.000000,2026-08-15 09:14:20.000000,2554.89,2555.99,5.07,synthetic,synth_v4,9d6cabfc838b,0,,0.172,1,1,64.0,1.0451119710178567,1,0.18333333333333335
0.5373102467576367,73.6,0.6784898947572929,54.72842961884869,0.0173274362340678,0.0259911543511017,492,109.33159524885336,0.251208,3.6,2.152158913868596,0,0,1,0,1,>15m,quality,0,-2.71,-1.258,1532.0,M&M,90100,2026-08-15 09:14:00.000000,2026-08-15 09:39:32.000000,3158.48,3157.45,4.0,synthetic,synth_v4,2afa362a7fb1,0,,0.072,1,-1,336.5377049180328,-1.0052346261693046,0,0.20555555555555557
0.5386241617363146,70.4,0.6709966003116807,48.751963896506496,0.0315531727720987,0.0473297591581481,597,0.0,0.251208,7.0,5.108981669135467,0,0,1,0,1,5-15m,quality,1,2.37,0.465,887.0,RELIANCE,90102,2026-08-15 09:17:00.000000,2026-08-15 09:31:47.000000,1545.07,1545.41,8.68,synthetic,synth_v4,3508a369722b,0,,0.202,1,0,887.0,0.465,0,0.18666666666666668
0.6042509341080252,73.6,0.6725920142747793,49.77307706034743,0.0255183648952599,0.0382775473428899,532,17.881604237929945,0.251208,7.9,7.6505873901477,0,0,1,0,1,5-15m,quality,0,-9.09,-1.188,639.0,M&M,90103,2026-08-15 09:22:00.000000,2026-08-15 09:32:39.000000,1950.48,1949.59,4.41,synthetic,synth_v4,949e59ba847a,0,,0.102,1,-1,218.07142857142856,-1.0300429359277665,0,0.19166666666666665
0.5039829391994074,73.6,0.674333926554408,13.854503075198773,0.0226824076693109,0.0340236115039664,486,98.00104251964962,0.251208,5.3,7.322050926853024,0,0,1,0,0,2-5m,medium,0,-4.75,-0.649,127.0,BNBUSDT,90104,2026-08-15 09:23:00.000000,2026-08-15 09:25:07.000000,610.8,610.67,9.26,synthetic,synth_v4,a3f129173372,0,,0.117,1,0,127.0,-0.649,0,0.16666666666666666
0.5476737465279422,73.6,0.6748845422250096,4.813133798754038,0.0203282745014397,0.0304924117521595,585,0.0,0.251208,5.4,3.622816870282022,0,0,1,0,0,2-5m,medium,0,-2.22,-0.613,132.0,HCLTECH,90105,2026-08-15 09:28:00.000000,2026-08-15 09:30:12.000000,236.77,236.73,11.99,synthetic,synth_v4,9fa7cf142a2b,0,,0.109,1,0,132.0,-0.613,0,0.2
0.5029986767053651,73.6,0.6751832227454906,21.41997935506339,0.0204916879900536,0.0307375319850804,502,80.99452526867272,0.251208,4.0,5.553352382108692,0,0,1,0,1,>15m,quality,1,8.71,1.568,1703.0,SBIN,90106,2026-08-15 09:31:00.000000,2026-08-15 09:59:23.000000,1045.3,1045.8,4.51,synthetic,synth_v4,8902aea47f23,0,,0.119,1,1,1270.9705014749263,1.021613167402414,1,0.21216931216931215
0.5396580154459663,73.6,0.6760771622459619,31.719303236071312,0.015,0.0225,543,13.581956167166794,0.251208,3.4,2.390750761331601,0,0,1,0,0,2-5m,medium,0,-2.29,-0.958,180.0,BHARTIARTL,90107,2026-08-15 09:35:00.000000,2026-08-15 09:38:00.000000,2114.62,2114.16,5.96,synthetic,synth_v4,c008d2104841,0,,0.058,1,0,180.0,-0.958,0,0.25
0.6104184882474438,73.6,0.6753765073383552,32.73804276638527,0.0230442833796632,0.0345664250694949,598,0.0,0.251208,3.3,4.549254391944709,0,0,1,0,1,>15m,quality,0,-5.31,-1.168,1950.0,INFY,90108,2026-08-15 09:35:00.000000,2026-08-15 10:07:30.000000,1420.66,1420.08,2.86,synthetic,synth_v4,118ab3396cb8,0,,0.177,1,0,1800.0,-0.6083025792276573,0,0.1996031746031746
0.48,73.6,0.6780986792210869,71.50729621101931,0.0256163139677758,0.0384244709516637,569,26.367690131400344,0.251208,1.3,8.879712106317607,0,0,1,0,1,>15m,quality,1,4.72,0.531,1857.0,SBIN,90109,2026-08-15 09:38:00.000000,2026-08-15 10:08:57.000000,2791.47,2792.04,3.45,synthetic,synth_v4,dd2af76fb614,0,,0.079,1,1,481.8162162162162,1.0134812000123798,1,0.1895238095238095
0.5860654186127515,73.6,0.6746479653886374,49.10037130122659,0.0165673016797188,0.0248509525195782,485,83.25230207427248,0.251208,4.1,4.286706693927672,0,0,1,0,1,>15m,quality,1,3.15,0.734,1069.0,SBIN,90110,2026-08-15 09:41:00.000000,2026-08-15 09:58:49.000000,2963.69,2964.23,5.44,synthetic,synth_v4,e6ee171eae74,0,,0.203,1,0,1069.0,0.734,0,0.19190476190476188
0.5742641361399368,73.6,0.6742753640810489,47.414812482736366,0.0195306966056215,0.0292960449084323,578,0.0,0.251208,2.7,6.755699542133479,0,0,1,1,0,2-5m,medium,0,-6.74,-0.998,65.0,BRITANNIA,90111,2026-08-15 09:45:00.000000,2026-08-15 09:46:05.000000,2427.71,2427.0,3.61,synthetic,synth_v4,18e485327677,0,,0.122,1,0,65.0,-0.998,0,0.2
0.5243510026581923,73.6,0.6769577510770409,40.81901658983765,0.0178624156231136,0.0267936234346704,499,48.659654361750285,0.251208,5.7,3.169474698367895,0,0,1,0,1,>15m,quality,1,4.74,1.495,1864.0,M&M,90112,2026-08-15 09:48:00.000000,2026-08-15 10:19:04.000000,2285.19,2286.11,10.29,synthetic,synth_v4,7d5981ac1535,0,,0.105,1,1,778.7601078167115,1.0130041804044028,1,0.1811904761904762
0.48,73.6,0.6729287158601478,22.54136509949709,0.0184909095989773,0.0277363643984659,569,7.003796988872344,0.251208,1.3,3.77503397747788,0,0,1,0,0,2-5m,medium,0,-4.19,-1.111,267.0,TCS,90113,2026-08-15 09:52:00.000000,2026-08-15 09:56:27.000000,1219.05,1218.68,10.69,synthetic,synth_v4,7135f6c293c5,0,,0.166,1,-1,205.38461538461542,-1.0088849432403053,0,0.15476190476190477
0.5643277704628322,73.6,0.67677938341064,11.41479220708658,0.0222128099266328,0.0333192148899492,554,17.276090985775923,0.251208,6.1,5.333135626896983,0,0,1,0,1,5-15m,quality,0,-6.75,-1.265,675.0,BNBUSDT,90114,2026-08-15 09:55:00.000000,2026-08-15 10:06:15.000000,513.88,513.67,9.49,synthetic,synth_v4,35d40e69a615,0,,0.183,1,-1,463.4328358208955,-1.0242798504660726,0,0.1657142857142857
0.5282304374561719,73.6,0.6762051063674526,12.265440329910437,0.0151174554381377,0.0226761831572066,514,42.73470881477918,0.251208,7.4,3.664779884166818,0,0,1,1,0,2-5m,medium,0,-4.16,-1.136,83.0,M&M,90115,2026-08-15 10:00:00.000000,2026-08-15 10:01:23.000000,811.34,811.13,9.53,synthetic,synth_v4,c3805bd719e0,0,,0.182,1,-1,71.93333333333334,-1.0353383369012095,0,0.2
0.5739605726812823,73.6,0.6757051150201637,71.58028625514224,0.0245720872052221,0.0368581308078332,530,56.79528134468258,0.251208,7.5,9.19979514131303,0,0,1,0,0,2-5m,medium,0,-11.17,-1.214,215.0,BRITANNIA,90116,2026-08-15 10:02:00.000000,2026-08-15 10:05:35.000000,2913.07,2911.77,7.96,synthetic,synth_v4,07604372485e,0,,0.133,1,-1,168.92857142857142,-1.0444365052952227,0,0.1619047619047619
0.5613111287314066,73.6,0.6791765522142986,32.53478699361321,0.0251972879059628,0.0377959318589442,494,79.25044427203026,0.251208,6.7,3.7590210198748975,0,0,1,0,1,>15m,quality,0,-3.62,-0.964,1383.0,BRITANNIA,90117,2026-08-15 10:05:00.000000,2026-08-15 10:28:03.000000,1291.2,1290.73,8.45,synthetic,synth_v4,4abe3a6b5239,0,,0.065,1,-1,643.7236363636364,-1.0062623277243468,0,0.18988095238095237
0.656106733479255,70.4,0.6747555851094106,14.299665998372191,0.0210277708918195,0.0315416563377292,598,0.0,0.251208,7.2,7.091638529018473,0,0,1,0,1,5-15m,quality,1,6.61,0.932,665.0,BNBUSDT,90118,2026-08-15 10:05:00.000000,2026-08-15 10:16:05.000000,680.04,680.24,11.52,synthetic,synth_v4,71de038bdfcd,0,,0.136,1,1,624.6969696969697,1.0050758714315995,1,0.18047619047619048
0.5456386623516186,73.6,0.6801205963410482,38.28274084383182,0.015,0.0225,508,63.68141391539329,0.251208,6.8,5.103583800788653,0,0,1,0,1,>15m,quality,1,5.95,1.166,2293.0,HCLTECH,90119,2026-08-15 10:10:00.000000,2026-08-15 10:48:13.000000,2552.18,2552.85,5.16,synthetic,synth_v4,b43272897008,0,,0.079,1,1,1057.423558897243,1.0283794037650522,1,0.19175824175824172
0.4985901504426882,73.6,0.6755491371015439,5.344552417921074,0.0183877944735796,0.0275816917103694,517,79.06956808394423,0.251208,5.2,4.800421535474055,0,0,1,0,0,2-5m,medium,0,-3.11,-0.648,254.0,GRASIM,90120,2026-08-15 10:15:00.000000,2026-08-15 10:19:14.000000,290.66,290.61,8.5,synthetic,synth_v4,8a65975965c6,0,,0.186,1,0,254.0,-0.648,0,0.18333333333333335
0.570756538097379,73.6,0.6734459671100596,26.556837772161888,0.0274664374102092,0.0411996561153139,540,49.04405415632833,0.251208,6.1,5.705588703162915,0,0,1,0,1,>15m,quality,0,-6.04,-1.059,1113.0,SBIN,90121,2026-08-15 10:16:00.000000,2026-08-15 10:34:33.000000,966.88,966.46,4.16,synthetic,synth_v4,6953b746c349,0,,0.216,1,-1,579.1628959276018,-1.0306033403105026,0,0.19999999999999998
0.5731998010383059,73.6,0.6761398391619897,34.35177130842349,0.015,0.0225,560,18.049609077522653,0.251208,6.5,3.786039848902733,0,0,1,0,1,5-15m,quality,1,6.39,1.687,445.0,BHARTIARTL,90122,2026-08-15 10:20:00.000000,2026-08-15 10:27:25.000000,2290.12,2290.99,3.89,synthetic,synth_v4,a1bd4a2829b2,0,,0.098,1,1,166.875,1.0589658387641168,1,0.20555555555555557
0.6415512545144262,73.6,0.6738475095993625,52.43598976830913,0.020665966962766,0.0309989504441491,540,49.28657527697279,0.251208,1.6,4.021168656460092,0,0,1,0,1,>15m,quality,1,2.11,0.524,2141.0,BHARTIARTL,90123,2026-08-15 10:24:00.000000,2026-08-15 10:59:41.000000,2537.31,2537.72,3.91,synthetic,synth_v4,58950d6479c3,0,,0.141,1,1,1625.8721804511279,1.065079457060207,1,0.1799603174603175
0.6101066747548748,73.6,0.674496488304373,33.54561499990924,0.0177901033878899,0.0266851550818349,540,22.586320654198914,0.251208,3.7,5.759944458620557,0,0,1,0,0,2-5m,medium,0,-6.24,-1.084,202.0,M&M,90124,2026-08-15 10:27:00.000000,2026-08-15 10:30:22.000000,1885.63,1885.09,11.78,synthetic,synth_v4,45f1460692d2,0,,0.143,1,-1,150.2051282051282,-1.0206814830507394,0,0.16666666666666666
0.5814122635489706,73.6,0.676794066600031,38.17317997002122,0.0254283605352192,0.0381425408028288,549,31.48555151090546,0.251208,3.9,6.282360898418671,0,0,1,0,1,>15m,quality,1,13.7,2.18,2372.0,SBIN,90125,2026-08-15 10:31:00.000000,2026-08-15 11:10:32.000000,1501.2,1502.45,5.12,synthetic,synth_v4,d83509588836,0,,0.115,1,1,410.1954887218045,1.0324822473368327,1,0.17874149659863942
0.6477981734731737,73.6,0.6771111641773003,6.28327197262997,0.0194826035543783,0.0292239053315675,582,0.2098349572970583,0.251208,5.8,6.937555538398174,0,0,1,0,1,>15m,quality,1,14.6,2.104,1351.0,BAJAJFINSV,90126,2026-08-15 10:32:00.000000,2026-08-15 10:54:31.000000,322.51,322.71,4.01,synthetic,synth_v4,8ef6f44b4701,0,,0.127,1,1,833.7026022304833,1.0909299392740377,1,0.16785714285714284
0.488674216740629,73.6,0.6747556645994915,15.132856833746626,0.0236592504285417,0.0354888756428125,527,45.9524523725191,0.251208,4.9,6.595874717655262,0,0,1,0,0,2-5m,medium,0,-6.2,-0.94,277.0,RELIANCE,90127,2026-08-15 10:34:00.000000,2026-08-15 10:38:37.000000,639.62,639.4,9.29,synthetic,synth_v4,1d96020eed55,0,,0.121,1,0,277.0,-0.94,0,0.16666666666666666
0.5216149080350152,73.6,0.6779748102900929,21.42251890302764,0.0243571472692081,0.0365357209038122,579,7.5318750393612675,0.251208,6.7,6.117332366024172,0,0,1,0,1,5-15m,quality,1,6.81,1.113,692.0,HCLTECH,90128,2026-08-15 10:37:00.000000,2026-08-15 10:48:32.000000,879.52,879.87,4.68,synthetic,synth_v4,428f4d8b5367,0,,0.205,1,1,616.2335766423357,1.0647772972560126,1,0.1607142857142857
0.5044054435156685,73.6,0.6783150155160423,36.54467789771736,0.030617235576055,0.0459258533640825,574,0.0,0.251208,2.3,9.225667639146602,0,0,1,1,0,2-5m,medium,0,-7.1,-0.77,79.0,HCLTECH,90129,2026-08-15 10:42:00.000000,2026-08-15 10:43:19.000000,1193.6,1193.18,9.27,synthetic,synth_v4,24a34194ef24,0,,0.144,1,0,79.0,-0.77,0,0.16666666666666666
0.536611411810654,73.6,0.6788726035131266,65.32575793435,0.0212108512787394,0.0318162769181091,595,0.0,0.251208,2.0,5.270958180009651,0,0,1,0,1,>15m,quality,0,-5.16,-0.979,1986.0,BAJAJFINSV,90130,2026-08-15 10:45:00.000000,2026-08-15 11:18:06.000000,3079.83,3078.87,5.53,synthetic,synth_v4,49eb7625392e,0,,0.127,1,-1,712.1515151515152,-1.0128964430178538,0,0.16547619047619044
0.48,73.6,0.6770588268142514,39.27269165324345,0.0235406906280221,0.0353110359420331,589,0.0,0.251208,6.5,8.254522437770577,0,0,1,0,1,>15m,quality,1,13.63,1.651,2024.0,INFY,90131,2026-08-15 10:48:00.000000,2026-08-15 11:21:44.000000,1668.29,1669.26,2.06,synthetic,synth_v4,212dfe246a13,0,,0.236,1,1,1734.857142857143,1.0672175017630328,1,0.1633116883116883
0.5981090568088643,73.6,0.6787268574241715,51.39352007483695,0.0168395867228634,0.0252593800842951,575,0.0,0.251208,6.7,2.812778814022752,0,0,1,0,0,2-5m,medium,0,-3.61,-1.285,148.0,HCLTECH,90132,2026-08-15 10:49:00.000000,2026-08-15 10:51:28.000000,3051.95,3050.96,11.28,synthetic,synth_v4,d9eb834e91e1,0,,0.17,1,-1,126.85714285714286,-1.0501490790906929,0,0.16666666666666666
0.5466666381740737,73.6,0.6722384031440519,34.669139085314185,0.027257177876933,0.0408857668153996,509,88.85458555265177,0.251208,4.1,10.036199588562882,0,0,1,1,0,2-5m,medium,0,-11.25,-1.121,104.0,BRITANNIA,90133,2026-08-15 10:54:00.000000,2026-08-15 10:55:44.000000,1271.93,1271.34,8.58,synthetic,synth_v4,0286abe197e0,0,,0.135,1,-1,87.57894736842105,-1.0165415293934175,0,0.16666666666666666
0.48,73.6,0.6753641869027431,9.123514530551605,0.0191854247031715,0.0287781370547573,572,0.0,0.251208,6.8,6.275717237058529,0,0,1,0,0,2-5m,medium,0,-4.28,-0.683,251.0,BAJAJFINSV,90134,2026-08-15 10:56:00.000000,2026-08-15 11:00:11.000000,475.54,475.45,4.04,synthetic,synth_v4,08d5425ee44f,0,,0.239,1,0,250.99999999999997,-0.683,0,0.2
0.4990652551275475,73.6,0.6742659894873532,13.257954268586198,0.0198878044831103,0.0298317067246654,568,2.75926461665812,0.251208,1.9,6.751651225252225,0,0,1,0,1,>15m,quality,1,8.75,1.296,1138.0,RELIANCE,90135,2026-08-15 11:00:00.000000,2026-08-15 11:18:58.000000,666.64,666.9,10.12,synthetic,synth_v4,a3c48b687d74,0,,0.214,1,1,689.8495575221239,1.007282866992507,1,0.16289682539682537
0.5788108308470118,73.6,0.6762384517222548,67.52406139401077,0.0219120749024584,0.0328681123536876,514,81.38022051386632,0.251208,2.9,5.327734699739193,0,0,1,0,1,>15m,quality,1,3.65,0.685,2266.0,INFY,90136,2026-08-15 11:05:00.000000,2026-08-15 11:42:46.000000,3081.59,3082.28,10.27,synthetic,synth_v4,64afd6d0f925,0,,0.12,1,-1,959.7844611528822,-1.0128185932184834,0,0.12800968872397445
0.610287594073663,73.6,0.6748571015616066,30.092096806302973,0.0166053224119278,0.0249079836178917,561,14.240699121213389,0.251208,4.1,5.5376491103130085,0,0,1,0,1,>15m,quality,1,6.52,1.178,2131.0,RELIANCE,90137,2026-08-15 11:07:00.000000,2026-08-15 11:42:31.000000,1812.2,1812.73,2.06,synthetic,synth_v4,c62f50237a8a,0,,0.165,1,1,945.3308270676692,1.0501522646118882,1,0.12247197247197247
0.6798038535015072,70.4,0.6756676843161006,16.58972472252083,0.0229248404522523,0.0343872606783785,510,48.00721026295688,0.251208,7.5,4.544331319098093,0,0,1,0,1,>15m,quality,0,-4.1,-0.902,2091.0,NESTLEIND,90138,2026-08-15 11:09:00.000000,2026-08-15 11:43:51.000000,723.66,723.43,7.3,synthetic,synth_v4,0378ab6ff669,0,,0.086,1,-1,1373.0375939849623,-1.0068692343222099,0,0.11878908128908129
0.7348317479604398,73.6,0.6797643497604081,55.97939210667593,0.0261849909597184,0.0392774864395777,542,21.59394407424994,0.251208,2.3,8.229858487872821,0,0,1,0,1,>15m,quality,0,-6.57,-0.799,1752.0,RELIANCE,90139,2026-08-15 11:14:00.000000,2026-08-15 11:43:12.000000,2137.84,2137.17,2.64,synthetic,synth_v4,60ecc15963bb,0,,0.187,1,-1,507.025787965616,-1.0531892777382577,0,0.11660107569198477
0.5848645659965598,73.6,0.6756605604071593,12.028141942662325,0.0231911453898151,0.0347867180847227,575,20.403586194809296,0.251208,6.2,3.6135234577995288,0,0,1,0,1,>15m,quality,0,-2.47,-0.683,1720.0,BRITANNIA,90140,2026-08-15 11:18:00.000000,2026-08-15 11:46:40.000000,518.65,518.53,2.55,synthetic,synth_v4,4af964f98eea,0,,0.212,1,0,1719.9999999999998,-0.683,0,0.11397546897546895
0.5006277127980883,73.6,0.6768275846343804,42.7811974459482,0.0165277517418647,0.0247916276127971,502,49.17743204177043,0.251208,2.0,3.2774240579412948,0,0,1,0,1,>15m,quality,0,-3.14,-0.958,1428.0,HCLTECH,90141,2026-08-15 11:19:00.000000,2026-08-15 11:42:48.000000,2588.45,2587.83,7.18,synthetic,synth_v4,37e2ca347737,0,,0.069,1,-1,985.5211267605633,-1.0139066805265227,0,0.11275052108385442
0.48,73.6,0.6755354613401515,8.36487134003621,0.0215151379995548,0.0322727069993322,520,76.93486651443025,0.251208,7.6,5.027266499535484,0,0,1,0,1,5-15m,quality,0,-3.6,-0.716,371.0,BAJAJFINSV,90142,2026-08-15 11:23:00.000000,2026-08-15 11:29:11.000000,388.79,388.7,4.08,synthetic,synth_v4,3eef83e34398,0,,0.187,1,0,371.0,-0.716,0,0.13392857142857142
0.5760626877406302,73.6,0.6761514265759138,14.705907492903362,0.0251437072350098,0.0377155608525148,575,4.17346851436566,0.251208,2.5,5.083844588613805,0,0,1,0,1,>15m,quality,0,-5.15,-1.013,1126.0,BRITANNIA,90143,2026-08-15 11:24:00.000000,2026-08-15 11:42:46.000000,584.87,584.65,6.51,synthetic,synth_v4,51ceda2cab92,0,,0.165,1,-1,593.1607142857143,-1.0136025066070946,0,0.10414862914862914
0.5112235342813805,73.6,0.6760120333608722,4.358264350686496,0.0156897004609822,0.0235345506914733,534,28.114070043363498,0.251208,1.0,3.431170622759144,0,0,1,0,1,>15m,quality,1,2.62,0.764,1839.0,BRITANNIA,90144,2026-08-15 11:30:00.000000,2026-08-15 12:00:39.000000,277.78,277.83,5.5,synthetic,synth_v4,e7092c6d4ebd,0,,0.123,1,1,1632.9918032786884,1.035834142929445,1,0.15182479557479558
0.535078564389219,73.6,0.6768966481319464,51.698762677450695,0.0181302999833539,0.0271954499750309,595,0.0,0.251208,7.4,5.967165983381074,0,0,1,0,0,2-5m,medium,0,-6.6,-1.107,279.0,SBIN,90145,2026-08-15 11:30:00.000000,2026-08-15 11:34:39.000000,2851.51,2850.65,10.81,synthetic,synth_v4,3c16f12de7b6,0,,0.079,1,-1,232.5,-1.009439330350982,0,0.1074074074074074
0.5232741920564116,73.6,0.6783306150710944,62.79384213176181,0.0257599330461591,0.0386398995692386,480,84.74163488347538,0.251208,3.2,4.777240183556171,0,0,1,0,0,2-5m,medium,0,-3.52,-0.737,166.0,BRITANNIA,90146,2026-08-15 11:33:00.000000,2026-08-15 11:35:46.000000,2437.66,2436.96,8.63,synthetic,synth_v4,2bb9d93c19ea,0,,0.097,1,0,166.0,-0.737,0,0.1
0.551552546815017,73.6,0.6792947879952067,27.028278658073205,0.0230960043686825,0.0346440065530238,566,26.99337801287793,0.251208,7.0,7.160839912276518,0,0,1,0,1,>15m,quality,1,9.23,1.288,1795.0,BAJAJFINSV,90147,2026-08-15 11:35:00.000000,2026-08-15 12:04:55.000000,1170.26,1170.78,4.51,synthetic,synth_v4,d2af04653ca1,0,,0.243,1,1,832.31843575419,1.0379407544008956,1,0.16425324675324676
0.6239588138472587,73.6,0.6766192401638184,6.411067943513936,0.0236934191868221,0.0355401287802332,577,13.986417146442577,0.251208,2.8,3.288565495329209,0,0,1,0,0,2-5m,medium,0,-2.03,-0.618,206.0,M&M,90148,2026-08-15 11:42:00.000000,2026-08-15 11:45:26.000000,270.58,270.52,3.71,synthetic,synth_v4,42a26ef9cc2f,0,,0.151,1,0,206.0,-0.618,0,0.09090909090909091
0.5694229140467207,73.6,0.6771790937720712,16.545765776548304,0.0307457421725072,0.0461186132587609,590,0.0,0.251208,5.4,9.69300943932217,0,0,1,0,0,2-5m,medium,0,-9.36,-0.965,202.0,M&M,90149,2026-08-15 11:42:00.000000,2026-08-15 11:45:22.000000,538.15,537.91,10.75,synthetic,synth_v4,18a9aa4fcc0b,0,,0.123,1,0,202.0,-0.965,0,0.09090909090909091
0.4978607748304514,73.6,0.6758242465151688,44.864707238595614,0.0247657659733865,0.0371486489600797,598,0.0,0.251208,4.3,5.508728272608432,0,0,1,0,1,>15m,quality,0,-4.17,-0.758,2176.0,BHARTIARTL,90151,2026-08-15 11:48:00.000000,2026-08-15 12:24:16.000000,1811.56,1811.05,5.27,synthetic,synth_v4,28739ef0fc47,0,,0.072,1,-1,785.3233082706766,-1.0061709196741992,0,0.20210622710622714
0.5504819097776787,73.6,0.6736982709816289,33.51213965909351,0.0239359605462606,0.0359039408193909,498,75.94611822220999,0.251208,6.5,7.706563724035472,0,0,1,0,1,>15m,quality,1,9.2,1.194,1376.0,INFY,90150,2026-08-15 11:49:00.000000,2026-08-15 12:11:56.000000,1400.07,1400.68,7.91,synthetic,synth_v4,18473547b0ed,0,,0.07,1,1,251.09489051094891,1.0232505757232977,1,0.18050595238095238
0.48,73.6,0.6778805789297673,26.093882961891943,0.0358368483743864,0.0537552725615797,527,72.40264952689056,0.251208,2.3,10.902710496617289,0,0,1,0,1,>15m,quality,1,8.96,0.822,966.0,BHARTIARTL,90152,2026-08-15 11:53:00.000000,2026-08-15 12:09:06.000000,728.13,728.45,3.46,synthetic,synth_v4,6b8b12763f7f,0,,0.164,1,0,966.0,0.822,0,0.1573412698412698
0.5308215254556002,73.6,0.6777319372768343,32.410564920422914,0.0211694188439557,0.0317541282659336,522,37.74851322810369,0.251208,2.7,7.480432044387317,0,0,1,0,1,5-15m,quality,1,8.0,1.07,798.0,SBIN,90153,2026-08-15 11:56:00.000000,2026-08-15 12:09:18.000000,1531.01,1531.53,6.29,synthetic,synth_v4,5d3c2643019d,0,,0.185,1,1,787.8987341772153,1.0518022070423472,1,0.14880952380952378
0.5567730469509008,73.6,0.6764232194655901,56.13630256258797,0.0190567916654553,0.028585187498183,522,82.0634365702752,0.251208,3.1,6.177865181672892,0,0,1,0,0,2-5m,medium,1,3.27,0.529,149.0,INFY,90154,2026-08-15 11:59:00.000000,2026-08-15 12:01:29.000000,2945.74,2946.18,3.98,synthetic,synth_v4,b3f49e2ec7f4,0,,0.241,1,0,149.0,0.529,0,0.13392857142857142
0.6660757948147931,73.6,0.677772787919136,62.53140597132938,0.0237610053198965,0.0356415079798448,556,23.500578907245934,0.251208,3.4,5.217058049110283,0,0,1,0,0,2-5m,medium,0,-4.24,-0.812,263.0,M&M,90155,2026-08-15 12:00:00.000000,2026-08-15 12:04:23.000000,2631.68,2630.92,10.41,synthetic,synth_v4,cabe5fdfab72,0,,0.154,1,0,263.0,-0.812,0,0.13392857142857142
0.5678164712883732,73.6,0.6769815334179877,15.902517593146026,0.0238089328156574,0.0357133992234861,559,3.5709839042986857,0.251208,6.3,5.796866730510391,0,0,1,0,1,>15m,quality,0,-4.1,-0.708,1481.0,BNBUSDT,90156,2026-08-15 12:03:00.000000,2026-08-15 12:27:41.000000,667.92,667.75,4.98,synthetic,synth_v4,385a574e12f6,0,,0.171,1,0,1481.0,-0.708,0,0.20136054421768707
0.6189643706613835,73.6,0.6784006125165187,26.176535278226496,0.0200100306996128,0.0300150460494192,536,33.840887239860834,0.251208,1.0,6.377920625223937,0,0,1,0,0,2-5m,medium,1,13.92,2.183,184.0,BAJAJFINSV,90157,2026-08-15 12:07:00.000000,2026-08-15 12:10:04.000000,1308.17,1309.03,11.62,synthetic,synth_v4,1d02fe9cf4d9,0,,0.16,1,1,89.37142857142857,1.054623963330463,1,0.16666666666666666
0.530042264087651,73.6,0.6765787183139143,36.53224501442567,0.0182690978395993,0.027403646759399,488,79.97571738847324,0.251208,4.9,3.5553787340211547,0,0,1,0,1,>15m,quality,1,7.8,2.193,1986.0,INFY,90158,2026-08-15 12:11:00.000000,2026-08-15 12:44:06.000000,1999.67,2000.88,4.9,synthetic,synth_v4,9fa271b10bc9,0,,0.244,1,1,541.6363636363637,1.0121095493697505,1,0.23611111111111113
0.4889033740149786,73.6,0.675288603368858,68.85116955878783,0.0333418861642276,0.0500128292463415,598,0.0,0.251208,5.7,10.83578287798262,0,0,1,0,0,2-5m,medium,1,23.44,2.163,214.0,BRITANNIA,90159,2026-08-15 12:15:00.000000,2026-08-15 12:18:34.000000,2065.01,2067.24,6.55,synthetic,synth_v4,bc84ba75cdee,0,,0.108,1,1,93.95121951219512,1.0540436203546526,1,0.225
0.5020929942660577,73.6,0.6766716825138661,29.18252725659254,0.0233331309093059,0.0349996963639589,506,75.42240289595563,0.251208,2.2,4.75198207293642,0,0,1,0,0,2-5m,medium,1,5.52,1.162,251.0,SBIN,90160,2026-08-15 12:18:00.000000,2026-08-15 12:22:11.000000,1250.69,1251.2,8.62,synthetic,synth_v4,a3bed50ed388,0,,0.226,1,1,169.0408163265306,1.06632194615556,1,0.2
0.5164864361278548,73.6,0.6701388112482944,21.370819791551583,0.0192831389531907,0.0289247084297861,491,70.58126673962235,0.251208,3.3,6.277193915134271,0,0,1,0,1,5-15m,quality,0,-6.05,-0.963,834.0,INFY,90161,2026-08-15 12:20:00.000000,2026-08-15 12:33:54.000000,1108.26,1107.96,8.7,synthetic,synth_v4,89576756152a,0,,0.08,1,0,834.0,-0.963,0,0.21250000000000002
0.6877081839461099,73.6,0.6767657714727702,33.506701989660634,0.0259432097257199,0.0389148145885799,551,0.0,0.251208,1.7,3.687415104150384,0,0,1,0,1,>15m,quality,0,-3.9,-1.057,945.0,M&M,90162,2026-08-15 12:23:00.000000,2026-08-15 12:38:45.000000,1291.54,1291.01,3.75,synthetic,synth_v4,236ce5f5c619,0,,0.237,1,-1,623.2978723404254,-1.0438415827404712,0,0.24666666666666667
0.5107167992465369,73.6,0.6687031743495705,20.306974883752343,0.0215720032056489,0.0323580048084734,529,45.3048529372774,0.251208,5.6,2.8328637356536106,0,0,1,0,0,2-5m,medium,0,-2.41,-0.852,177.0,SBIN,90163,2026-08-15 12:28:00.000000,2026-08-15 12:30:57.000000,941.36,941.1,3.56,synthetic,synth_v4,b03e113c9081,0,,0.089,1,0,177.0,-0.852,0,0.225
0.6103093522241807,73.6,0.6725530731851892,13.539644074865013,0.021021038993247,0.0315315584898705,553,0.0,0.251208,1.1,7.870429172040021,0,0,1,1,0,2-5m,medium,0,-7.14,-0.907,93.0,NESTLEIND,90164,2026-08-15 12:30:00.000000,2026-08-15 12:31:33.000000,644.1,643.92,7.01,synthetic,synth_v4,1f12b8d54dc8,0,,0.223,1,0,93.0,-0.907,0,0.2
0.5058243693147785,73.6,0.676903537201882,13.758719567438929,0.0243431761571902,0.0365147642357853,585,0.0,0.251208,1.9,8.31834485642942,0,0,1,0,1,5-15m,quality,0,-6.04,-0.726,610.0,BNBUSDT,90165,2026-08-15 12:35:00.000000,2026-08-15 12:45:10.000000,565.2,565.05,11.82,synthetic,synth_v4,a73f286efcae,0,,0.185,1,0,610.0,-0.726,0,0.25666666666666665
0.6158943807724547,73.6,0.6769550586745336,42.82861870752876,0.0174354178338924,0.0261531267508386,491,75.36345667094966,0.251208,5.9,6.017417992235317,0,0,1,0,1,5-15m,quality,1,7.32,1.216,381.0,BHARTIARTL,90166,2026-08-15 12:36:00.000000,2026-08-15 12:42:21.000000,2456.41,2457.2,5.85,synthetic,synth_v4,b5837743c8a6,0,,0.115,1,1,345.44,1.0313893563318566,1,0.2333333333333333
0.5830970579663518,73.6,0.6736751424397202,15.08217850578651,0.0234416733324367,0.035162509998655,514,52.93175891961279,0.251208,6.0,8.499397213662824,0,0,1,0,1,>15m,quality,1,8.6,1.011,2109.0,BNBUSDT,90167,2026-08-15 12:39:00.000000,2026-08-15 13:14:09.000000,643.39,643.62,11.51,synthetic,synth_v4,9b096fe7c945,0,,0.164,1,1,391.1428571428571,1.0470549191272318,1,0.3180555555555556
0.5506017261405146,73.6,0.6745757959162422,51.79797824339892,0.0310430303793384,0.0465645455690076,541,69.01444652385231,0.251208,5.3,7.19486360529354,0,0,1,0,0,2-5m,medium,0,-8.24,-1.145,132.0,INFY,90168,2026-08-15 12:40:00.000000,2026-08-15 12:42:12.000000,1668.59,1667.7,6.27,synthetic,synth_v4,31ac0a7745a9,0,,0.208,1,-1,126.72,-1.044071319649985,0,0.2
0.5575542484318741,73.6,0.6787410819772283,46.74703884604709,0.0239257296091391,0.0358885944137087,574,6.846173507543561,0.251208,1.1,4.621088783605715,0,0,1,1,0,2-5m,medium,0,-5.35,-1.159,94.0,M&M,90169,2026-08-15 12:43:00.000000,2026-08-15 12:44:34.000000,1953.84,1953.03,7.7,synthetic,synth_v4,baaba46619e7,0,,0.177,1,-1,66.35294117647058,-1.0059208615766417,0,0.25
0.5207127382742366,73.6,0.6750319397368547,29.629666425480544,0.0205595237144139,0.0308392855716209,552,31.68056513492998,0.251208,5.0,3.148822097706644,0,0,1,0,0,2-5m,medium,0,-3.53,-1.123,240.0,RELIANCE,90170,2026-08-15 12:51:00.000000,2026-08-15 12:55:00.000000,1441.17,1440.67,6.75,synthetic,synth_v4,100b071bd5dc,0,,0.156,1,-1,168.51063829787236,-1.0141425821929388,0,0.38888888888888884
0.5867643320889249,73.6,0.680485840624806,10.310697402300336,0.0200807873132331,0.0301211809698496,525,28.35402555486558,0.251208,7.3,4.976186350147089,0,0,1,1,0,2-5m,medium,0,-3.05,-0.614,113.0,BNBUSDT,90171,2026-08-15 12:51:00.000000,2026-08-15 12:52:53.000000,513.46,513.37,11.1,synthetic,synth_v4,f035d7852b83,0,,0.16,1,0,113.00000000000001,-0.614,0,0.3333333333333333
0.5327009911795533,73.6,0.6759961602936474,7.614956023775904,0.0204336133512437,0.0306504200268655,553,17.19055299544617,0.251208,5.2,3.5986110884476874,0,0,1,1,0,2-5m,medium,0,-2.85,-0.791,116.0,GRASIM,90172,2026-08-15 12:55:00.000000,2026-08-15 12:56:56.000000,372.67,372.58,6.29,synthetic,synth_v4,eedc1f88ea0f,0,,0.192,1,0,116.0,-0.791,0,0.5
0.4864636541739652,70.4,0.6768160723537626,7.174655446966579,0.0210169482407504,0.0315254223611257,597,0.0,0.251208,6.0,7.535951891723467,0,0,1,0,0,2-5m,medium,0,-6.99,-0.928,247.0,NESTLEIND,90173,2026-08-15 12:58:00.000000,2026-08-15 13:02:07.000000,341.37,341.27,4.87,synthetic,synth_v4,81ead5ee31a1,0,,0.18,1,0,247.0,-0.928,0,0.41666666666666663
0.4833237455408229,73.6,0.6792337487969973,18.097968579010168,0.0205536240349929,0.0308304360524893,537,27.632066306304903,0.251208,4.1,2.48741615562812,0,0,1,0,1,>15m,quality,0,-2.53,-1.017,1160.0,GRASIM,90174,2026-08-15 12:59:00.000000,2026-08-15 13:18:20.000000,880.52,880.25,10.36,synthetic,synth_v4,f30041bd1b57,0,,0.171,1,-1,391.68831168831167,-1.0105534488609371,0,0.2642857142857143
0.5703552750633272,73.6,0.6762620542323868,10.539241518075906,0.0259449896202387,0.038917484430358,586,7.620942652769781,0.251208,4.1,4.060784412399968,0,0,1,1,0,2-5m,medium,1,5.24,1.292,67.0,BRITANNIA,90175,2026-08-15 13:04:00.000000,2026-08-15 13:05:07.000000,406.21,406.42,5.12,synthetic,synth_v4,cb336532347d,0,,0.178,1,1,53.6,1.0044277807810287,1,0.3333333333333333
0.6547454753846261,73.6,0.6739953120386184,3.723142381481463,0.0161039537243079,0.0241559305864618,573,0.0,0.251208,5.3,2.9446295586317306,0,0,1,0,1,>15m,quality,1,1.99,0.674,1199.0,HCLTECH,90176,2026-08-15 13:06:00.000000,2026-08-15 13:25:59.000000,231.19,231.23,9.35,synthetic,synth_v4,62cef2ea65a1,0,,0.204,1,1,937.0336134453781,1.033273344702904,1,0.2527777777777777
0.5695994968144064,73.6,0.6757805450966115,9.684237306080028,0.0256925858623051,0.0385388787934576,516,59.70450796202236,0.251208,3.1,4.386596964326574,0,0,1,0,1,>15m,quality,1,3.03,0.691,1477.0,BRITANNIA,90177,2026-08-15 13:08:00.000000,2026-08-15 13:32:37.000000,376.93,377.03,6.21,synthetic,synth_v4,657aaa24aab1,0,,0.086,1,0,1477.0,0.691,0,0.2523809523809524
0.5528817004334071,70.4,0.6759287785276199,8.493759255557862,0.0205466698934972,0.0308200048402459,509,62.20922540036662,0.251208,1.8,3.648544113615346,0,0,1,0,0,2-5m,medium,1,5.48,1.502,231.0,SBIN,90178,2026-08-15 13:13:00.000000,2026-08-15 13:16:51.000000,413.39,413.58,8.69,synthetic,synth_v4,792f86b0f698,0,,0.103,1,1,133.46666666666667,1.0042370692119178,1,0.2
0.5771495683761526,73.6,0.6732705166955969,54.95802929250538,0.0235445190061792,0.0353167785092688,572,10.46480989072874,0.251208,1.3,6.764155233853438,0,0,1,0,0,2-5m,medium,0,-5.82,-0.86,279.0,GRASIM,90179,2026-08-15 13:16:00.000000,2026-08-15 13:20:39.000000,2334.22,2333.51,7.63,synthetic,synth_v4,42042204c2ba,0,,0.128,1,0,279.0,-0.86,0,0.2
0.6383601045024095,73.6,0.6754883358573184,45.83303290255381,0.0179606747096732,0.0269410120645098,504,66.3926489221686,0.251208,3.6,3.655277130189016,0,0,1,0,0,2-5m,medium,0,-2.33,-0.637,182.0,HCLTECH,90180,2026-08-15 13:18:00.000000,2026-08-15 13:21:02.000000,2551.85,2551.42,8.23,synthetic,synth_v4,686d1b4a8d0a,0,,0.096,1,0,182.0,-0.637,0,0.2
0.5731629500818314,73.6,0.6745156158120051,54.24511535146212,0.0279438194232889,0.0419157291349334,520,55.93659559393594,0.251208,1.6,7.735721549345753,0,0,1,0,1,>15m,quality,0,-8.66,-1.12,1999.0,TCS,90181,2026-08-15 13:23:00.000000,2026-08-15 13:56:19.000000,1941.22,1940.31,6.35,synthetic,synth_v4,214ef68f64e3,0,,0.087,1,-1,291.3115577889447,-1.0030269990637557,0,0.19920634920634916
0.5353443661499758,73.6,0.6778487155143749,42.2495315991733,0.0275294611615396,0.0412941917423094,508,68.45804862333021,0.251208,5.1,9.553157247442131,0,0,1,0,1,5-15m,quality,0,-6.74,-0.705,843.0,SBIN,90182,2026-08-15 13:27:00.000000,2026-08-15 13:41:03.000000,1534.7,1534.26,5.6,synthetic,synth_v4,2577ba939500,0,,0.108,1,0,843.0000000000001,-0.705,0,0.2198412698412698
0.6263773226035934,73.6,0.6760692237483705,14.135133353962734,0.0261478965127707,0.039221844769156,552,16.984183639130485,0.251208,7.4,7.155423528281646,0,0,1,0,1,>15m,quality,1,10.14,1.417,1058.0,BNBUSDT,90183,2026-08-15 13:28:00.000000,2026-08-15 13:45:38.000000,540.58,540.88,9.99,synthetic,synth_v4,641055af55a1,0,,0.077,1,1,171.2952380952381,1.0307008920705327,1,0.18809523809523807
0.5857253863076969,73.6,0.6754344085017049,24.380887152219486,0.0167498046198332,0.0251247069297499,515,72.2764080274567,0.251208,1.1,4.976465136189148,0,0,1,0,1,>15m,quality,0,-5.69,-1.143,1708.0,TCS,90184,2026-08-15 13:34:00.000000,2026-08-15 14:02:28.000000,1455.59,1455.17,7.28,synthetic,synth_v4,ac2180680afd,0,,0.076,1,-1,843.9529411764706,-1.0440793609162342,0,0.16212121212121214
0.6521453595197596,73.6,0.6757876361387549,21.193980808070208,0.025540980641066,0.038311470961599,559,24.57582562256138,0.251208,5.9,5.445422406277882,0,0,1,0,1,>15m,quality,0,-5.31,-0.974,1173.0,RELIANCE,90185,2026-08-15 13:36:00.000000,2026-08-15 13:55:33.000000,829.8,829.49,4.57,synthetic,synth_v4,9a345069a892,0,,0.228,1,-1,1132.725321888412,-1.0061463035201494,0,0.15634920634920632
0.5709940662333144,73.6,0.6764462440368124,63.815809854022085,0.0236630880818913,0.0354946321228369,592,0.0,0.251208,5.3,3.803446454329698,0,0,1,0,1,>15m,quality,1,4.62,1.215,1211.0,BAJAJFINSV,90186,2026-08-15 13:39:00.000000,2026-08-15 13:59:11.000000,2696.85,2698.01,10.69,synthetic,synth_v4,4bc827c01097,0,,0.122,1,1,914.5311203319502,1.014790697245278,1,0.14583333333333331
0.48653185809677,73.6,0.6772336283993796,30.44386928619584,0.0164791118243333,0.0247186677365,579,0.0,0.251208,4.6,3.3246432755438238,0,0,1,0,1,5-15m,quality,1,1.85,0.558,669.0,BRITANNIA,90187,2026-08-15 13:39:00.000000,2026-08-15 13:50:09.000000,1847.42,1847.68,11.04,synthetic,synth_v4,e4b1ebd95ee8,0,,0.083,1,0,669.0,0.558,0,0.14285714285714285
0.48,73.6,0.6740005755426612,53.95596405980794,0.0219039924591873,0.032855988688781,593,0.0,0.251208,3.6,8.01449726086618,0,0,1,1,0,2-5m,medium,0,-7.67,-0.957,97.0,SBIN,90188,2026-08-15 13:45:00.000000,2026-08-15 13:46:37.000000,2463.29,2462.52,10.68,synthetic,synth_v4,06bacd056232,0,,0.125,1,0,97.0,-0.957,0,0.14285714285714285
0.659055675933875,73.6,0.6739168247347574,16.9124865774106,0.023491970017744,0.035237955026616,482,94.46248634278729,0.251208,5.1,6.5439678741968645,0,0,1,0,1,>15m,quality,1,5.23,0.799,1860.0,NESTLEIND,90189,2026-08-15 13:46:00.000000,2026-08-15 14:17:00.000000,719.93,720.13,6.21,synthetic,synth_v4,ce07b73f7328,0,,0.053,1,1,606.6307277628032,1.0018549253442364,1,0.18982683982683984
0.6634199432469978,73.6,0.6782093584308051,19.10830711930896,0.0243160348390172,0.0364740522585259,534,41.39954068261094,0.251208,6.4,4.638656543016985,0,0,1,0,1,>15m,quality,0,-3.37,-0.726,2073.0,TCS,90190,2026-08-15 13:52:00.000000,2026-08-15 14:26:33.000000,785.83,785.62,10.92,synthetic,synth_v4,b56118de5a77,0,,0.159,1,0,1800.0,-0.39850472498302536,0,0.23154761904761903
0.549228847203044,73.6,0.6751753262555906,11.735866485598864,0.0227132737300906,0.0340699105951359,506,75.57035044832189,0.251208,4.7,5.337242130103984,0,0,1,0,0,2-5m,medium,0,-5.49,-1.03,210.0,INFY,90191,2026-08-15 13:56:00.000000,2026-08-15 13:59:30.000000,516.7,516.52,10.56,synthetic,synth_v4,5cf8dd933d52,0,,0.2,1,-1,204.8780487804878,-1.0267891831301592,0,0.14285714285714285
0.5370087607318408,73.6,0.6731663158148063,13.25366249077984,0.0231840399417198,0.0347760599125797,590,15.44880024456276,0.251208,7.3,7.721579539071471,0,0,1,0,1,>15m,quality,0,-5.87,-0.76,960.0,INFY,90192,2026-08-15 13:56:00.000000,2026-08-15 14:12:00.000000,571.67,571.52,10.54,synthetic,synth_v4,c0ff510127a2,0,,0.061,1,-1,276.4397905759162,-1.0311396516789681,0,0.17789115646258505
0.6476866575345321,73.6,0.6768876254187662,76.6120384888676,0.0286826526851759,0.0430239790277639,565,0.0,0.251208,1.7,8.330965690660216,0,0,1,0,0,2-5m,medium,1,15.28,1.834,189.0,M&M,90193,2026-08-15 13:59:00.000000,2026-08-15 14:02:09.000000,2671.02,2673.13,2.63,synthetic,synth_v4,816b768ebe4a,0,,0.202,1,1,63.0,1.0627687049471937,1,0.15476190476190477
0.4935772590773908,73.6,0.6769267396120654,39.60277057716517,0.0274325031618542,0.0411487547427813,518,73.54785339583032,0.251208,7.3,7.213828640053908,0,0,1,0,0,2-5m,medium,0,-6.24,-0.865,164.0,BRITANNIA,90194,2026-08-15 14:01:00.000000,2026-08-15 14:03:44.000000,1443.64,1443.13,10.39,synthetic,synth_v4,d20911539954,0,,0.062,1,0,164.0,-0.865,0,0.16666666666666666
0.5063163788626505,73.6,0.6729385694854866,30.723925887352756,0.015,0.0225,547,4.602432581428424,0.251208,6.4,5.185748003124441,0,0,1,0,1,>15m,quality,0,-3.79,-0.731,1138.0,NESTLEIND,90195,2026-08-15 14:07:00.000000,2026-08-15 14:25:58.000000,2048.26,2047.92,7.5,synthetic,synth_v4,afa4b482cd67,0,,0.247,1,0,1138.0,-0.731,0,0.25277777777777777
0.5985996076813427,73.6,0.6764589634309273,10.647344024367117,0.0207781824075214,0.0311672736112821,552,31.25909737342936,0.251208,2.4,6.056260271739386,0,0,1,0,0,2-5m,medium,1,9.65,1.593,135.0,SBIN,90196,2026-08-15 14:10:00.000000,2026-08-15 14:12:15.000000,512.43,512.68,10.26,synthetic,synth_v4,3363bdf502bb,0,,0.249,1,1,83.07692307692308,1.0019876144015334,1,0.2
0.5363236926284247,73.6,0.6774711661848568,10.572367018013924,0.0213575491726412,0.0320363237589619,539,64.62624241413096,0.251208,1.7,6.063324517389727,0,0,1,0,0,2-5m,medium,0,-4.64,-0.766,213.0,RELIANCE,90197,2026-08-15 14:12:00.000000,2026-08-15 14:15:33.000000,495.02,494.9,9.63,synthetic,synth_v4,53fb171cded8,0,,0.063,1,0,213.0,-0.766,0,0.2
0.5596926879967957,73.6,0.6767487729034126,46.00448300602909,0.0160492915797322,0.0240739373695983,536,51.330027867009605,0.251208,6.6,2.702554252060626,0,0,1,0,0,2-5m,medium,0,-1.68,-0.621,173.0,M&M,90198,2026-08-15 14:13:00.000000,2026-08-15 14:15:53.000000,2866.45,2866.02,10.82,synthetic,synth_v4,d7cfcba1f727,0,,0.18,1,0,173.0,-0.621,0,0.2
0.5501934260885293,73.6,0.6772639629675228,26.126593394087557,0.0223761442795811,0.0335642164193717,486,96.5593761780969,0.251208,7.3,3.29218228635381,0,0,1,0,0,2-5m,medium,0,-2.69,-0.816,190.0,INFY,90199,2026-08-15 14:17:00.000000,2026-08-15 14:20:10.000000,1167.61,1167.29,4.99,synthetic,synth_v4,0678b9288501,0,,0.105,1,0,190.0,-0.816,0,0.3333333333333333
0.5802544729279361,73.6,0.6731914618038185,61.76864036554081,0.0275449399923883,0.0413174099885826,534,37.59325796795387,0.251208,7.3,10.08451213219716,0,0,1,0,0,2-5m,medium,1,10.48,1.039,187.0,BRITANNIA,90200,2026-08-15 14:22:00.000000,2026-08-15 14:25:07.000000,2242.47,2243.43,3.56,synthetic,synth_v4,72b0788bcf36,0,,0.24,1,1,119.47222222222223,1.002802721873038,1,0.3333333333333333
0.5654350944141048,73.6,0.6753947604810592,49.57529405477484,0.0233733064759295,0.0350599597138943,578,0.0,0.251208,6.5,5.2823501854409125,0,0,1,0,1,5-15m,quality,1,7.31,1.383,731.0,BHARTIARTL,90202,2026-08-15 14:26:00.000000,2026-08-15 14:38:11.000000,2121.02,2122.05,10.97,synthetic,synth_v4,a4442ea8a425,0,,0.186,1,1,443.6413793103448,1.0273611871217143,1,0.4666666666666667
0.644448911678823,73.6,0.6766620803099924,11.26303794788512,0.0180918260827368,0.0271377391241053,521,59.46570800732832,0.251208,5.7,4.933801707340371,0,0,1,1,0,2-5m,medium,0,-5.83,-1.182,105.0,BNBUSDT,90201,2026-08-15 14:27:00.000000,2026-08-15 14:28:45.000000,622.55,622.35,11.14,synthetic,synth_v4,4a763547892d,0,,0.126,1,-1,89.25,-1.024816558446717,0,0.5
0.5986363275966116,70.4,0.6750344196825507,7.517049163773601,0.0186564928472271,0.0279847392708407,583,0.0,0.251208,2.3,5.040990138373001,0,0,1,0,0,2-5m,medium,1,3.14,0.623,183.0,RELIANCE,90203,2026-08-15 14:30:00.000000,2026-08-15 14:33:03.000000,402.92,402.99,11.54,synthetic,synth_v4,1f5596ffff75,0,,0.244,1,0,183.0,0.623,0,0.5
0.48,73.6,0.6777411112188395,6.050851484045316,0.0194938355333433,0.029240753300015,570,5.651865767876952,0.251208,3.7,2.6465230757981884,0,0,1,0,0,2-5m,medium,1,2.93,1.107,217.0,INFY,90204,2026-08-15 14:35:00.000000,2026-08-15 14:38:37.000000,310.4,310.5,9.6,synthetic,synth_v4,35faf0ed5443,0,,0.201,1,1,206.66666666666669,1.0308746512444962,1,0.41666666666666663
0.557076895884193,73.6,0.6789585490213486,13.13775757475485,0.0287021865854252,0.0430532798781378,483,99.9757174093966,0.251208,5.3,9.461459245454504,0,0,1,0,0,2-5m,medium,0,-11.17,-1.18,254.0,SBIN,90205,2026-08-15 14:36:00.000000,2026-08-15 14:40:14.000000,457.73,457.49,3.43,synthetic,synth_v4,2964cafbe67d,0,,0.149,1,-1,165.87755102040816,-1.008409174877849,0,0.3333333333333333
0.5094061837824277,73.6,0.6795887401092008,7.172792781728477,0.019953050636145,0.0299295759542175,580,0.0,0.251208,1.6,3.4966646083459425,0,0,1,0,0,2-5m,medium,0,-2.68,-0.765,263.0,GRASIM,90206,2026-08-15 14:42:00.000000,2026-08-15 14:46:23.000000,359.48,359.4,11.11,synthetic,synth_v4,5d57715d354d,0,,0.199,1,0,263.0,-0.765,0,0.5555555555555555
0.4868712163745823,73.6,0.6786296157430118,71.61771777189499,0.0239086591626454,0.0358629887439682,527,40.90577268972974,0.251208,4.3,7.774121242176923,0,0,1,0,1,5-15m,quality,0,-6.28,-0.807,885.0,BHARTIARTL,90207,2026-08-15 14:45:00.000000,2026-08-15 14:59:45.000000,2995.47,2994.6,6.13,synthetic,synth_v4,21f922f10165,0,,0.122,1,0,885.0,-0.807,0,0.3611111111111111
0.507310857984275,73.6,0.6757805316367397,8.958934280491617,0.0157088334218544,0.0235632501327816,529,30.596348436117385,0.251208,6.2,4.025647807734314,0,0,1,0,0,2-5m,medium,0,-3.27,-0.811,233.0,BNBUSDT,90208,2026-08-15 14:45:00.000000,2026-08-15 14:48:53.000000,570.31,570.2,10.01,synthetic,synth_v4,5f4e544c59f3,0,,0.225,1,0,233.0,-0.811,0,0.3333333333333333
0.5399525935579513,73.6,0.6767054403260527,28.55893982433724,0.0307613679206005,0.0461420518809008,593,0.0,0.251208,4.7,5.860836184975608,0,0,1,0,0,2-5m,medium,0,-3.68,-0.629,163.0,BRITANNIA,90209,2026-08-15 14:50:00.000000,2026-08-15 14:52:43.000000,928.4,928.13,4.23,synthetic,synth_v4,d5e45a05e95c,0,,0.058,1,0,163.0,-0.629,0,0.5
0.6149541525413609,73.6,0.6775336457435686,45.28845658680845,0.0245207548015939,0.0367811322023909,584,4.179848929505905,0.251208,6.1,3.131387113211504,0,0,1,0,1,>15m,quality,0,-2.57,-0.82,1982.0,RELIANCE,90210,2026-08-15 14:54:00.000000,2026-08-15 15:27:02.000000,1846.94,1846.39,2.88,synthetic,synth_v4,bf2379968a69,0,,0.249,1,-1,1570.546835443038,-1.0383178207458723,0,0.25000000000000006
0.4804164369356262,73.6,0.6762423558985989,67.76399371069111,0.0212890420306516,0.0319335630459774,486,97.47490666354776,0.251208,4.3,6.983604244524893,0,0,1,0,1,5-15m,quality,0,-8.48,-1.215,697.0,RELIANCE,90211,2026-08-15 14:57:00.000000,2026-08-15 15:08:37.000000,3183.05,3181.81,10.66,synthetic,synth_v4,03df1cfa4988,0,,0.099,1,-1,621.2391304347826,-1.0498870141387466,0,0.22999999999999998
0.561837889555665,73.6,0.6762615283758231,69.24332744905514,0.024401407746371,0.0366021116195566,523,71.47755739092999,0.251208,6.7,4.026167274623126,0,0,1,0,1,5-15m,quality,1,8.31,2.064,438.0,HCLTECH,90212,2026-08-15 14:57:00.000000,2026-08-15 15:04:18.000000,2837.68,2839.82,10.12,synthetic,synth_v4,5603b13224c2,0,,0.143,1,1,152.7906976744186,1.0068826563266575,1,0.2375
0.5309498339999853,73.6,0.6776475062637524,45.40352484473851,0.0170691878174792,0.0256037817262188,569,12.318014556210914,0.251208,5.8,2.273791706532136,0,0,1,0,1,>15m,quality,1,2.88,1.265,1421.0,RELIANCE,90213,2026-08-15 15:00:00.000000,2026-08-15 15:23:41.000000,2659.97,2660.83,3.32,synthetic,synth_v4,307c7aa949ea,0,,0.073,1,1,692.9257950530035,1.0120857819693923,1,0.21875
0.5403396143382824,73.6,0.6758814347079481,17.01410753656835,0.0272185298779871,0.0408277948169807,544,41.88016406048635,0.251208,4.6,8.512563138508751,0,0,1,0,0,2-5m,medium,0,-7.84,-0.921,261.0,BNBUSDT,90214,2026-08-15 15:04:00.000000,2026-08-15 15:08:21.000000,625.09,624.86,11.07,synthetic,synth_v4,9eef55c2fe69,0,,0.182,1,-1,235.41176470588232,-1.0065166471790692,0,0.2
0.6201654695182763,73.6,0.6745414261272528,28.81529083291862,0.0207537134844129,0.0311305702266193,510,74.55756138456344,0.251208,3.9,4.342943287923358,0,0,1,0,1,>15m,quality,0,-3.77,-0.867,1789.0,TCS,90215,2026-08-15 15:06:00.000000,2026-08-15 15:35:49.000000,1388.44,1388.07,8.05,synthetic,synth_v4,432a2f243116,0,,0.202,1,-1,663.3370786516855,-1.0116046586709273,0,0.28833333333333333
0.5922869262202356,70.4,0.6751710538683283,36.60849356516321,0.0212065467008228,0.0318098200512343,542,36.62689970872688,0.251208,6.1,4.650175195907172,0,0,1,0,1,5-15m,quality,0,-4.38,-0.943,514.0,RELIANCE,90216,2026-08-15 15:10:00.000000,2026-08-15 15:18:34.000000,1726.28,1725.77,9.05,synthetic,synth_v4,9b0661b66720,0,,0.216,1,-1,427.4851485148515,-1.0463674415322286,0,0.21666666666666667
0.6402438864465647,73.6,0.6772678207554675,7.806102957024311,0.0201367084942314,0.0302050627413471,583,0.0,0.251208,6.3,3.685062655086224,0,0,1,1,0,2-5m,medium,0,-3.64,-0.988,62.0,NESTLEIND,90217,2026-08-15 15:15:00.000000,2026-08-15 15:16:02.000000,387.66,387.54,7.14,synthetic,synth_v4,3ab61fe8f534,0,,0.065,1,0,62.00000000000001,-0.988,0,0.2
0.550729659245006,70.4,0.6760059865824,46.56173476927671,0.0198167036524372,0.0297250554786559,506,107.21228923687866,0.251208,4.7,6.719656188998992,0,0,1,1,0,2-5m,medium,0,-4.13,-0.614,94.0,BRITANNIA,90218,2026-08-15 15:17:00.000000,2026-08-15 15:18:34.000000,2349.62,2349.19,9.94,synthetic,synth_v4,a91fa236a63e,0,,0.11,1,0,94.0,-0.614,0,0.2
0.5182434432997579,73.6,0.6766804199537367,20.08686716964888,0.024930280860867,0.0373954212913005,569,4.220735302197372,0.251208,3.5,4.881823394790449,0,0,1,0,0,2-5m,medium,0,-5.81,-1.19,277.0,RELIANCE,90219,2026-08-15 15:19:00.000000,2026-08-15 15:23:37.000000,805.72,805.36,6.1,synthetic,synth_v4,edced02993ef,0,,0.189,1,-1,179.53703703703704,-1.021818232764463,0,0.225
0.5465684709871701,73.6,0.6773401584844044,54.43099842457339,0.0230370936999757,0.0345556405499636,568,2.0118343331934554,0.251208,2.2,3.999218854717315,0,0,1,0,0,2-5m,medium,0,-5.13,-1.282,243.0,M&M,90220,2026-08-15 15:22:00.000000,2026-08-15 15:26:03.000000,2362.75,2361.71,5.66,synthetic,synth_v4,1569e5912e34,0,,0.082,1,-1,180.95744680851064,-1.0257705765813796,0,0.225
0.5745498074762734,73.6,0.6752503170742048,15.766898312768358,0.024738410551743,0.0371076158276145,586,0.5101473517516046,0.251208,2.7,4.9194476729542576,0,0,1,1,0,2-5m,medium,0,-5.2,-1.057,108.0,BNBUSDT,90221,2026-08-15 15:26:00.000000,2026-08-15 15:27:48.000000,637.34,637.09,7.25,synthetic,synth_v4,cd2ea49beda3,0,,0.208,1,-1,102.60000000000001,-1.04081133986295,0,0.25
0.5705944015072227,73.6,0.6775124963272596,24.05457377599012,0.0219652005814117,0.0329478008721176,515,68.77781622942507,0.251208,3.3,3.7736904672474303,0,0,1,1,0,2-5m,medium,0,-4.01,-1.062,88.0,BAJAJFINSV,90222,2026-08-15 15:30:00.000000,2026-08-15 15:31:28.000000,1095.12,1094.74,8.53,synthetic,synth_v4,e09b2be0b6a9,0,,0.16,1,-1,82.5,-1.0714514939253308,0,0.5
0.494936715665998,73.6,0.6767576852069168,11.80348238786358,0.0241290961002596,0.0361936441503895,505,53.92812678584509,0.251208,7.1,4.84999853616847,0,0,1,0,0,2-5m,medium,1,9.17,1.891,239.0,RELIANCE,90223,2026-08-15 15:34:00.000000,2026-08-15 15:37:59.000000,489.18,489.52,7.13,synthetic,synth_v4,ad246428dae8,0,,0.145,1,1,129.8913043478261,1.074530572801403,1,0.41666666666666663
0.5654293868976725,73.6,0.6735303738261771,27.155138370940616,0.0204023416178546,0.0306035124267819,545,51.84017381845608,0.251208,3.3,2.879764747762564,0,0,1,0,1,5-15m,quality,0,-2.4,-0.834,763.0,INFY,90224,2026-08-15 15:35:00.000000,2026-08-15 15:47:43.000000,1330.98,1330.64,4.71,synthetic,synth_v4,48e5b92f6898,0,,0.163,1,0,763.0,-0.834,0,0.3833333333333333
0.5736936998083344,73.6,0.6788846095823725,52.15030502685572,0.0328645373658225,0.0492968060487338,543,35.5870813697375,0.251208,7.2,5.272298580627055,0,0,1,1,0,2-5m,medium,1,4.89,0.927,97.0,BHARTIARTL,90225,2026-08-15 15:38:00.000000,2026-08-15 15:39:37.000000,1586.83,1587.55,11.41,synthetic,synth_v4,5fb123eb1464,0,,0.094,1,0,97.0,0.927,0,0.5
0.7110484422520353,70.4,0.6749985105124862,42.404880671465776,0.0165902467647878,0.0248853701471818,529,34.33603357176419,0.251208,8.0,3.755177225399187,0,0,1,0,1,>15m,quality,1,7.95,2.116,2110.0,RELIANCE,90226,2026-08-15 15:42:00.000000,2026-08-15 16:17:10.000000,2556.01,2557.36,10.64,synthetic,synth_v4,a67dd9e1f8ac,0,,0.055,1,1,1274.4611528822054,1.016402476236805,1,0.2763888888888889
0.6726106766769002,73.6,0.6726898093136296,26.329766302638724,0.027605393535921,0.0414080903038815,573,24.83176171530811,0.251208,1.3,9.503544530151698,0,0,1,0,1,>15m,quality,0,-6.0,-0.631,1069.0,HCLTECH,90227,2026-08-15 15:43:00.000000,2026-08-15 16:00:49.000000,953.79,953.54,10.21,synthetic,synth_v4,e55a785f467d,0,,0.166,1,-1,191.61320754716982,-1.0105758082900336,0,0.26666666666666666
0.5088053989664708,73.6,0.6739099125808274,52.43852585939162,0.0281420751989585,0.0422131127984378,575,14.385133573942309,0.251208,2.8,3.788180552003104,0,0,1,0,1,>15m,quality,1,6.97,1.84,1305.0,BRITANNIA,90228,2026-08-15 15:47:00.000000,2026-08-15 16:08:45.000000,1863.35,1864.8,8.02,synthetic,synth_v4,ac9fd049e9e9,0,,0.056,1,1,301.15384615384613,1.000948322856849,1,0.24285714285714285
0.5427569983070495,73.6,0.6739579096786434,40.34797193423242,0.0188715192641757,0.0283072788962636,509,52.03187012078129,0.251208,6.1,3.2880234922354266,0,0,1,0,0,2-5m,medium,1,7.04,2.14,152.0,NESTLEIND,90229,2026-08-15 15:49:00.000000,2026-08-15 15:51:32.000000,2138.04,2139.33,8.73,synthetic,synth_v4,94875b2f7c2f,0,,0.116,1,1,68.13793103448276,1.0386459194880904,1,0.25
0.48,70.4,0.6761043466373151,77.1146139681478,0.0328618267595098,0.0492927401392648,575,31.657742603865863,0.251208,1.9,11.555143259127655,0,0,1,1,0,2-5m,medium,0,-10.29,-0.89,87.0,BAJAJFINSV,90230,2026-08-15 15:55:00.000000,2026-08-15 15:56:27.000000,2346.63,2345.6,3.95,synthetic,synth_v4,e1135098221f,0,,0.177,1,0,87.0,-0.89,0,0.25
0.5245575791621908,73.6,0.6754522989889076,28.113531337016106,0.0263174101823452,0.0394761152735178,507,82.88196052549289,0.251208,1.8,9.130923940165545,0,0,1,0,1,5-15m,quality,1,6.31,0.691,749.0,TCS,90231,2026-08-15 15:58:00.000000,2026-08-15 16:10:29.000000,1068.25,1068.54,3.55,synthetic,synth_v4,adb9142411aa,0,,0.083,1,0,749.0,0.691,0,0.2375
0.5789363002154205,73.6,0.6753263360647188,52.98516250988986,0.0262023073736645,0.0393034610604968,528,51.84705826562431,0.251208,2.2,7.684087677564507,0,0,1,0,0,2-5m,medium,0,-9.82,-1.279,178.0,HCLTECH,90232,2026-08-15 16:01:00.000000,2026-08-15 16:03:58.000000,2022.16,2021.14,9.12,synthetic,synth_v4,6d4a4c971e06,0,,0.106,1,-1,146.58823529411765,-1.0031006701140155,0,0.25
0.632351217253294,70.4,0.677239403930965,25.08906761159364,0.0221112481923477,0.0331668722885216,483,120.8532820843267,0.251208,2.6,4.009228244847152,0,0,1,0,1,5-15m,quality,1,2.46,0.614,708.0,GRASIM,90233,2026-08-15 16:05:00.000000,2026-08-15 16:16:48.000000,1134.67,1134.91,9.85,synthetic,synth_v4,6d82279e15eb,0,,0.242,1,0,708.0,0.614,0,0.24666666666666665
0.5162549697353835,73.6,0.6766797507223854,6.898926252289884,0.0211563848665816,0.0317345772998724,520,62.38946675744461,0.251208,2.8,4.8035930031815,0,0,1,1,0,2-5m,medium,0,-3.39,-0.706,64.0,BAJAJFINSV,90234,2026-08-15 16:06:00.000000,2026-08-15 16:07:04.000000,326.09,326.02,3.58,synthetic,synth_v4,2acf7b4150cd,0,,0.219,1,0,64.0,-0.706,0,0.2
0.5207512135959322,73.6,0.6766320957412886,9.63042945669642,0.0211861753851474,0.0317792630777211,595,0.0,0.251208,7.8,3.6834571296806224,0,0,1,0,0,2-5m,medium,1,3.34,0.906,270.0,GRASIM,90235,2026-08-15 16:12:00.000000,2026-08-15 16:16:30.000000,454.56,454.69,7.89,synthetic,synth_v4,2bbce7bb4339,0,,0.154,1,0,270.0,0.906,0,0.26111111111111107
0.5502400447673056,73.6,0.6772322693360046,17.151896972697227,0.0283111574423567,0.0424667361635351,565,23.72775658960618,0.251208,1.4,6.1406784586888365,0,0,1,0,0,2-5m,medium,0,-7.95,-1.294,252.0,BNBUSDT,90237,2026-08-15 16:14:00.000000,2026-08-15 16:18:12.000000,605.84,605.5,10.33,synthetic,synth_v4,e0267dda7af0,0,,0.055,1,-1,190.2857142857143,-1.0345716587486447,0,0.225
0.48,73.6,0.6768196569146574,6.670980277703262,0.0236021535667301,0.0354032303500952,533,37.095498259670165,0.251208,6.4,3.6061746915265567,0,0,1,0,0,2-5m,medium,0,-3.83,-1.061,202.0,NESTLEIND,90236,2026-08-15 16:15:00.000000,2026-08-15 16:18:22.000000,282.64,282.54,3.17,synthetic,synth_v4,3c63f62f6df1,0,,0.218,1,-1,155.3846153846154,-1.048880362587122,0,0.2
0.5282336343580356,73.6,0.6752711234954711,38.6603445969087,0.0186712069357682,0.0280068104036523,556,24.22020209834567,0.251208,3.0,3.954241086261949,0,0,1,0,1,5-15m,quality,0,-4.88,-1.234,788.0,HCLTECH,90239,2026-08-15 16:20:00.000000,2026-08-15 16:33:08.000000,2070.59,2069.87,3.34,synthetic,synth_v4,c7cc2ba231d7,0,,0.242,1,-1,550.5897435897435,-1.009435221937231,0,0.4833333333333333
0.4962551352884262,73.6,0.6717840933164452,58.94926372241292,0.0227298494076326,0.0340947741114489,492,95.14904450985968,0.251208,4.3,6.0651082129880525,0,0,1,0,1,>15m,quality,1,4.4,0.726,2287.0,RELIANCE,90238,2026-08-15 16:21:00.000000,2026-08-15 16:59:07.000000,2593.47,2594.12,10.81,synthetic,synth_v4,987421433250,0,,0.177,1,0,1800.0,0.3388439309257389,0,0.2515873015873015
0.5073883533099448,73.6,0.6716395798710211,45.60399653163646,0.0255194096299821,0.0382791144449731,524,44.15020469198596,0.251208,2.9,7.037239044022496,0,0,1,1,0,2-5m,medium,0,-5.59,-0.795,80.0,NESTLEIND,90240,2026-08-15 16:25:00.000000,2026-08-15 16:26:20.000000,1787.03,1786.49,4.64,synthetic,synth_v4,78afadbda00e,0,,0.169,1,0,80.0,-0.795,0,0.3333333333333333
0.5543442467448466,73.6,0.6760721198535956,67.35482063905926,0.0259675994969922,0.0389513992454883,569,12.948947812491108,0.251208,6.4,5.077833140580459,0,0,1,0,0,2-5m,medium,0,-5.35,-1.054,230.0,HCLTECH,90241,2026-08-15 16:29:00.000000,2026-08-15 16:32:50.000000,2593.8,2592.74,10.69,synthetic,synth_v4,309aa2cdad4f,0,,0.109,1,-1,229.99999999999997,-1.054,0,0.29166666666666663
0.48,73.6,0.6759907340555513,5.643406274676901,0.0247513781051051,0.0371270671576576,591,0.0,0.251208,6.2,5.153036053629269,0,0,1,0,1,>15m,quality,0,-3.24,-0.628,1427.0,NESTLEIND,90242,2026-08-15 16:30:00.000000,2026-08-15 16:53:47.000000,228.0,227.95,5.02,synthetic,synth_v4,7d984cf4b51d,0,,0.162,1,-1,1281.2852112676057,-1.0517638008724894,0,0.2107142857142857
0.48,73.6,0.6780910645495795,17.810372521329086,0.025159416916223,0.0377391253743345,543,16.997885218986983,0.251208,6.7,8.091816096839482,0,0,1,0,1,>15m,quality,0,-7.66,-0.947,2061.0,GRASIM,90243,2026-08-15 16:34:00.000000,2026-08-15 17:08:21.000000,707.9,707.65,10.17,synthetic,synth_v4,8a14166e2df0,0,,0.225,1,0,1800.0,-0.6555148141767505,0,0.1851731601731602
0.687754826721698,73.6,0.6783752687854423,66.57513300776276,0.0209528649734978,0.0314292974602467,492,65.92281473013722,0.251208,2.7,7.207162336786276,0,0,1,0,1,5-15m,quality,0,-7.63,-1.058,545.0,BHARTIARTL,90244,2026-08-15 16:36:00.000000,2026-08-15 16:45:05.000000,3177.38,3176.32,5.09,synthetic,synth_v4,852a7e6a72a3,0,,0.1,1,-1,257.36111111111114,-1.0914627573707005,0,0.225
0.4827546451235582,73.6,0.6764055500965048,18.66068919632625,0.0186123325862418,0.0279184988793627,537,51.47730068214654,0.251208,4.9,3.761900294887045,0,0,1,0,1,5-15m,quality,0,-3.67,-0.975,488.0,INFY,90245,2026-08-15 16:41:00.000000,2026-08-15 16:49:08.000000,1002.6,1002.33,4.4,synthetic,synth_v4,76889ef92e63,0,,0.129,1,-1,462.5833333333333,-1.0017977999536918,0,0.17142857142857143
0.4941928652927216,73.6,0.6749992778452062,50.95826781149356,0.018817130200551,0.0282256953008265,494,46.971675274224665,0.251208,5.8,5.000398871690631,0,0,1,0,1,>15m,quality,0,-3.83,-0.766,1499.0,BRITANNIA,90246,2026-08-15 16:46:00.000000,2026-08-15 17:10:59.000000,2708.08,2707.49,7.94,synthetic,synth_v4,eab835de0ce9,0,,0.08,1,-1,689.1375838926175,-1.0167810240084705,0,0.15035714285714286
0.6702148116992789,73.6,0.6769703222250916,43.405869185355066,0.0163897980089205,0.0245846970133808,533,50.0811579044189,0.251208,1.3,3.1293267909775118,0,0,1,0,1,>15m,quality,1,2.13,0.681,2154.0,BRITANNIA,90247,2026-08-15 16:49:00.000000,2026-08-15 17:24:54.000000,2648.35,2648.79,4.64,synthetic,synth_v4,bfe005fae66c,0,,0.061,1,0,1800.0,0.32068917018812637,0,0.13797313797313798
0.7343040301544245,73.6,0.6749441647253515,29.96359127192133,0.0229586139922163,0.0344379209883245,487,85.82875413369263,0.251208,5.6,3.0672784891663327,0,0,1,1,0,2-5m,medium,1,3.72,1.211,103.0,NESTLEIND,90248,2026-08-15 16:49:00.000000,2026-08-15 16:50:43.000000,1305.11,1305.66,5.47,synthetic,synth_v4,4f9c350623f5,0,,0.141,1,1,75.89473684210527,1.077638979267183,1,0.14285714285714285
0.4897060022704795,73.6,0.6759972146971134,34.109212397168285,0.0216720123009165,0.0325080184513748,556,43.62369910319865,0.251208,1.3,6.678308203354402,0,0,1,0,1,>15m,quality,0,-6.15,-0.921,1978.0,RELIANCE,90249,2026-08-15 16:53:00.000000,2026-08-15 17:25:58.000000,1573.88,1573.41,6.3,synthetic,synth_v4,15edbea5e76b,0,,0.178,1,-1,1385.6040609137056,-1.0218052639065447,0,0.1370851370851371
0.5379050625927182,73.6,0.6779722726339216,8.655367157190366,0.0203248579512887,0.030487286926933,517,55.597976862691866,0.251208,5.7,3.325266438171981,0,0,1,0,1,>15m,quality,1,2.97,0.894,2204.0,TCS,90250,2026-08-15 16:57:00.000000,2026-08-15 17:33:44.000000,425.85,425.97,5.09,synthetic,synth_v4,7bf80a04e045,0,,0.053,1,1,1143.4285714285713,1.0544297131847677,1,0.14232804232804233
0.5804933330564306,73.6,0.6748844573080212,10.001800068791034,0.015,0.0225,504,85.89226321377843,0.251208,4.5,3.4283504033319576,0,0,1,0,1,>15m,quality,1,5.87,1.713,2128.0,NESTLEIND,90251,2026-08-15 17:00:00.000000,2026-08-15 17:35:28.000000,666.79,667.04,5.1,synthetic,synth_v4,358cf1aad118,0,,0.189,1,0,1800.0,0.45727825619689966,0,0.1451058201058201
0.6637218586643356,73.6,0.6776113572784851,44.26279684164708,0.017575841355013,0.0263637620325195,482,92.04629238143312,0.251208,3.0,4.291960715299622,0,0,1,0,1,>15m,quality,1,4.11,0.957,1378.0,BHARTIARTL,90252,2026-08-15 17:04:00.000000,2026-08-15 17:26:58.000000,2518.39,2519.02,8.21,synthetic,synth_v4,8d65c438e3a0,0,,0.21,1,1,1101.3941605839416,1.0060007690173358,1,0.1259920634920635
0.5007885752943058,73.6,0.6773548027373847,36.51874712769292,0.026917961313461,0.0403769419701915,586,0.0,0.251208,1.3,4.4963830940386655,0,0,1,1,0,2-5m,medium,1,6.17,1.372,62.0,BHARTIARTL,90253,2026-08-15 17:08:00.000000,2026-08-15 17:09:02.000000,1356.67,1357.42,7.35,synthetic,synth_v4,aecbcac6391e,0,,0.249,1,1,41.333333333333336,1.0979096236950379,1,0.125
0.5452833292434734,73.6,0.6740904163657384,16.846557513798558,0.0195194181635779,0.0292791272453669,580,11.052547963800768,0.251208,6.3,2.812974864076017,0,0,1,0,1,>15m,quality,0,-2.24,-0.796,1413.0,BHARTIARTL,90254,2026-08-15 17:09:00.000000,2026-08-15 17:32:33.000000,863.07,862.87,5.45,synthetic,synth_v4,6f42ee355216,0,,0.082,1,0,1413.0,-0.796,0,0.13834325396825398
0.6066402545637047,73.6,0.6779477882564349,51.59270989185341,0.0234753035393985,0.0352129553090978,577,0.0,0.251208,4.5,4.900312769269283,0,0,1,1,0,2-5m,medium,0,-5.6,-1.143,114.0,SBIN,90255,2026-08-15 17:10:00.000000,2026-08-15 17:11:54.000000,2197.74,2196.86,7.39,synthetic,synth_v4,a118f1c73b02,0,,0.215,1,-1,108.57142857142858,-1.1089650270984754,0,0.125
0.5860859644679972,73.6,0.6773971326907431,37.70376772193208,0.0171280774988153,0.025692116248223,486,108.94832326747606,0.251208,3.6,6.214630140373499,0,0,1,0,0,2-5m,medium,0,-4.22,-0.678,209.0,BRITANNIA,90256,2026-08-15 17:17:00.000000,2026-08-15 17:20:29.000000,2201.28,2200.9,2.43,synthetic,synth_v4,63110139b896,0,,0.126,1,0,209.0,-0.678,0,0.12169312169312169
0.5374306357261941,73.6,0.6762038517747454,86.9371051983809,0.0285030027160582,0.0427545040740874,521,44.09453184340275,0.251208,4.4,7.891329230933936,0,0,1,0,1,>15m,quality,1,4.2,0.532,1412.0,BAJAJFINSV,90257,2026-08-15 17:20:00.000000,2026-08-15 17:43:32.000000,3050.1,3050.8,3.08,synthetic,synth_v4,afbab58a2f24,0,,0.188,1,0,1412.0,0.532,0,0.179320987654321
0.5519706221290376,73.6,0.6744753530839448,62.67820867971438,0.0214369801388318,0.0321554702082477,596,0.0,0.251208,5.0,4.657389906870002,0,0,1,1,0,2-5m,medium,0,-4.53,-0.974,92.0,RELIANCE,90258,2026-08-15 17:20:00.000000,2026-08-15 17:21:32.000000,2923.84,2922.92,5.76,synthetic,synth_v4,69deb702b079,0,,0.166,1,0,92.0,-0.974,0,0.1111111111111111
0.48,73.6,0.6742815879628489,61.373384133969424,0.0231790701949914,0.0347686052924872,549,44.83959584181779,0.251208,7.0,3.011477168146896,0,0,1,0,0,2-5m,medium,0,-2.91,-0.967,235.0,SBIN,90259,2026-08-15 17:24:00.000000,2026-08-15 17:27:55.000000,2647.79,2646.9,10.19,synthetic,synth_v4,fd1c3a433d35,0,,0.141,1,0,235.0,-0.967,0,0.125
0.5457095753615201,73.6,0.674924674846194,63.78301496878469,0.0334376602074978,0.0501564903112467,495,94.90056237685502,0.251208,2.1,9.1308113986724,0,0,1,0,1,>15m,quality,0,-10.91,-1.195,1882.0,INFY,90260,2026-08-15 17:30:00.000000,2026-08-15 18:01:22.000000,1907.52,1906.38,2.61,synthetic,synth_v4,0b76cbad9890,0,,0.15,1,-1,1440.3573333333331,-1.0110335333330085,0,0.20757575757575755
0.5440167505994628,73.6,0.677085188926584,62.61089984096862,0.0289046265766928,0.0433569398650393,496,112.74667315103116,0.251208,7.0,4.148556717524456,0,0,1,0,1,>15m,quality,0,-5.38,-1.297,2231.0,HCLTECH,90261,2026-08-15 17:31:00.000000,2026-08-15 18:08:11.000000,2166.12,2164.9,9.83,synthetic,synth_v4,58882262b952,0,,0.221,1,-1,877.8621553884713,-1.0605943457845401,0,0.20512820512820512
0.5739301933775754,73.6,0.6740887496651973,48.08576384080562,0.0208188877907434,0.0312283316861151,511,57.54841024034009,0.251208,1.1,5.378533389740458,0,0,1,0,0,2-5m,medium,0,-3.63,-0.675,260.0,BAJAJFINSV,90262,2026-08-15 17:34:00.000000,2026-08-15 17:38:20.000000,2309.72,2309.23,8.26,synthetic,synth_v4,356a06f2d71b,0,,0.074,1,0,260.0,-0.675,0,0.2
0.5266803668708591,73.6,0.6768750244972398,7.4342700674556434,0.0197719213992777,0.0296578820989166,596,0.0,0.251208,2.1,6.163844686065781,0,0,1,1,0,2-5m,medium,0,-4.87,-0.79,82.0,TCS,90263,2026-08-15 17:39:00.000000,2026-08-15 17:40:22.000000,376.0,375.91,10.23,synthetic,synth_v4,70deceff98de,0,,0.199,1,0,82.0,-0.79,0,0.25
0.5882923113527084,73.6,0.6735164889422433,65.08463993820673,0.0207478857783344,0.0311218286675017,500,65.08497337257322,0.251208,7.3,4.730813901468181,0,0,1,0,1,>15m,quality,0,-4.02,-0.85,1541.0,RELIANCE,90264,2026-08-15 17:42:00.000000,2026-08-15 18:07:41.000000,3136.93,3136.1,3.33,synthetic,synth_v4,136ff7e0120d,0,,0.226,1,0,1541.0,-0.85,0,0.2
0.6207629490691897,73.6,0.6755918628311224,65.49355411586554,0.0241147608904259,0.0361721413356389,588,1.906638498226556,0.251208,7.1,4.734931641214219,0,0,1,0,0,2-5m,medium,0,-4.43,-0.935,190.0,SBIN,90265,2026-08-15 17:43:00.000000,2026-08-15 17:46:10.000000,2715.91,2714.99,3.52,synthetic,synth_v4,44dc8efa3938,0,,0.073,1,0,190.0,-0.935,0,0.2
0.569325759660108,70.4,0.676219295509148,15.574756259989607,0.0215872337353804,0.0323808506030706,561,26.46884401404068,0.251208,3.6,2.851306153597716,0,0,1,0,1,5-15m,quality,0,-2.7,-0.946,375.0,NESTLEIND,90266,2026-08-15 17:44:00.000000,2026-08-15 17:50:15.000000,721.48,721.26,6.56,synthetic,synth_v4,61d931854b7e,0,,0.075,1,-1,339.52702702702703,-1.0046832446477814,0,0.2
0.5811053845039522,73.6,0.6808902602901179,5.366183324850096,0.020489212072341,0.0307338181085115,590,0.0,0.251208,8.0,2.588163629097347,0,0,1,1,0,2-5m,medium,0,-3.1,-1.199,116.0,SBIN,90267,2026-08-15 17:49:00.000000,2026-08-15 17:50:56.000000,261.9,261.81,10.77,synthetic,synth_v4,3b531737de16,0,,0.232,1,-1,100.18181818181817,-1.0183169789199131,0,0.2
0.5631893208546721,73.6,0.6732453686889593,24.647277534077432,0.028649473856898,0.0429742107853471,579,0.0,0.251208,4.0,6.579545778859654,0,0,1,0,1,>15m,quality,1,13.35,2.029,1549.0,BHARTIARTL,90268,2026-08-15 17:53:00.000000,2026-08-15 18:18:49.000000,860.3,861.05,6.53,synthetic,synth_v4,c52542ce39ee,0,,0.051,1,1,814.7337662337662,1.010487132308058,1,0.20555555555555555
0.5600050635854849,73.6,0.6789440291329804,54.69466726142896,0.0215523459807032,0.0323285189710549,519,72.5030093999359,0.251208,8.0,7.441013055809525,0,0,1,0,1,>15m,quality,0,-4.56,-0.613,2285.0,M&M,90269,2026-08-15 17:54:00.000000,2026-08-15 18:32:05.000000,2537.76,2537.26,7.29,synthetic,synth_v4,b5e06c29f98a,0,,0.128,1,-1,1311.4411027568922,-1.0478692523136026,0,0.2012820512820513
0.5167065179874292,73.6,0.6762996848279746,16.248533812477728,0.0332803951741255,0.0499205927611883,579,0.0,0.251208,2.9,6.064886380905874,0,0,1,0,0,2-5m,medium,0,-5.57,-0.919,134.0,TCS,90270,2026-08-15 17:59:00.000000,2026-08-15 18:01:14.000000,488.23,488.01,7.02,synthetic,synth_v4,625098b739b4,0,,0.136,1,0,134.0,-0.919,0,0.16666666666666666
0.5789896557003985,73.6,0.676822343836032,41.03713546258445,0.0223622912693738,0.0335434369040608,500,97.3842437356535,0.251208,6.9,5.956960040720475,0,0,1,0,0,2-5m,medium,0,-6.15,-1.033,130.0,BAJAJFINSV,90271,2026-08-15 18:03:00.000000,2026-08-15 18:05:10.000000,1835.1,1834.47,4.25,synthetic,synth_v4,f0b6413a913f,0,,0.056,1,-1,130.0,-1.033,0,0.16666666666666666
0.5541628040951907,73.6,0.6762366958267765,18.27881610579688,0.0303379609292102,0.0455069413938153,514,108.86157634709798,0.251208,5.0,8.934468332879549,0,0,1,0,0,2-5m,medium,0,-8.24,-0.922,244.0,BAJAJFINSV,90272,2026-08-15 18:03:00.000000,2026-08-15 18:07:04.000000,602.51,602.25,10.08,synthetic,synth_v4,d1eae90bd5a9,0,,0.227,1,0,244.0,-0.922,0,0.16666666666666666
0.6855900985358357,73.6,0.6768894536363905,49.39438414956389,0.0234614805186567,0.0351922207779851,505,80.49676719857325,0.251208,3.8,3.1793031438294075,0,0,1,0,1,>15m,quality,0,-2.2,-0.691,1724.0,INFY,90273,2026-08-15 18:08:00.000000,2026-08-15 18:36:44.000000,2105.34,2104.83,3.55,synthetic,synth_v4,8d480d138e17,0,,0.13,1,0,1724.0,-0.691,0,0.21296296296296297
0.6544012941485146,73.6,0.675692629791276,73.52220506461413,0.026163762862202,0.039245644293303,495,93.74662203486616,0.251208,4.4,4.161100434755802,0,0,1,0,1,5-15m,quality,1,2.38,0.572,435.0,TCS,90274,2026-08-15 18:12:00.000000,2026-08-15 18:19:15.000000,2810.08,2810.71,4.26,synthetic,synth_v4,2832f28daa88,0,,0.108,1,0,435.0,0.572,0,0.21666666666666667
0.5831507931533901,73.6,0.6789081003629149,11.767591514078852,0.0193097946903106,0.028964692035466,490,82.60710346656661,0.251208,7.4,3.948381513819336,0,0,1,0,0,2-5m,medium,1,6.64,1.682,186.0,M&M,90275,2026-08-15 18:13:00.000000,2026-08-15 18:16:06.000000,609.41,609.71,2.5,synthetic,synth_v4,5dd2299fdc84,0,,0.053,1,1,98.16666666666667,1.0343499205733768,1,0.2
0.514216567418314,73.6,0.6750870577115506,49.667267843440335,0.0188660836343881,0.0282991254515822,502,50.84680018369775,0.251208,4.7,5.487648672038069,0,0,1,0,0,2-5m,medium,1,9.38,1.71,278.0,INFY,90276,2026-08-15 18:17:00.000000,2026-08-15 18:21:38.000000,2632.62,2633.9,8.26,synthetic,synth_v4,cd24b64d7407,0,,0.122,1,1,139.0,1.0004454605109405,1,0.20000000000000004
0.493255311680995,73.6,0.6782644691443586,9.703348571039186,0.0238978745796449,0.0358468118694674,494,76.95920955454666,0.251208,7.0,5.543206491819679,0,0,1,0,1,>15m,quality,0,-6.26,-1.129,2381.0,BHARTIARTL,90277,2026-08-15 18:21:00.000000,2026-08-15 19:00:41.000000,406.03,405.87,3.92,synthetic,synth_v4,02ba6209dea3,0,,0.057,1,0,1800.0,-0.7677753328710764,0,0.17967032967032964
0.631468577185332,73.6,0.674711265759574,11.824577581054657,0.026284569001309,0.0394268535019635,525,38.60657138351876,0.251208,1.7,8.075138517562918,0,0,1,1,0,2-5m,medium,1,10.77,1.333,116.0,HCLTECH,90278,2026-08-15 18:21:00.000000,2026-08-15 18:22:56.000000,449.87,450.1,10.0,synthetic,synth_v4,3e74fe675d2c,0,,0.148,1,1,110.72727272727272,1.1797950582676147,1,0.2
0.5757649535088284,73.6,0.6758794963071975,20.487477026077947,0.0221599947223598,0.0332399920835398,488,70.29493135377476,0.251208,3.4,7.561820217852508,0,0,1,0,1,5-15m,quality,0,-7.65,-1.012,656.0,NESTLEIND,90279,2026-08-15 18:27:00.000000,2026-08-15 18:37:56.000000,924.53,924.21,9.29,synthetic,synth_v4,c73f020375ce,0,,0.063,1,-1,656.0,-1.012,0,0.19
0.5888086042034967,73.6,0.6738560748954197,35.75675230218557,0.0174526526782937,0.0261789790174406,487,118.83539912993474,0.251208,5.2,5.469398347197186,0,0,1,0,1,>15m,quality,0,-5.26,-0.961,943.0,INFY,90280,2026-08-15 18:29:00.000000,2026-08-15 18:44:43.000000,2048.79,2048.27,11.72,synthetic,synth_v4,3f34ce476a4c,0,,0.125,1,0,943.0,-0.961,0,0.1733333333333333
0.48,73.6,0.676910047440695,6.806757257514434,0.017222143135259,0.0258332147028886,598,0.0,0.251208,4.8,6.42425615085811,0,0,1,0,1,>15m,quality,0,-7.8,-1.214,1982.0,HCLTECH,90281,2026-08-15 18:32:00.000000,2026-08-15 19:05:02.000000,395.23,395.11,8.38,synthetic,synth_v4,25ac7476c2c0,0,,0.078,1,-1,817.8886075949367,-1.00298253463217,0,0.1632034632034632
0.6156463088934909,73.6,0.6788902519138531,13.498867633385888,0.0170160650534299,0.0255240975801449,490,95.69531370920976,0.251208,6.9,5.315173346336338,0,0,1,0,1,5-15m,quality,0,-3.64,-0.685,775.0,NESTLEIND,90282,2026-08-15 18:37:00.000000,2026-08-15 18:49:55.000000,793.3,793.16,10.35,synthetic,synth_v4,1982d8e10226,0,,0.136,1,0,775.0,-0.685,0,0.1733333333333333
0.5872652202928619,73.6,0.6758452876403583,49.61765098772423,0.0160045086477588,0.0240067629716382,488,87.36466452205626,0.251208,7.9,5.398411908194976,0,0,1,0,1,>15m,quality,1,9.62,1.782,2165.0,NESTLEIND,90283,2026-08-15 18:37:00.000000,2026-08-15 19:13:05.000000,3100.23,3101.56,3.29,synthetic,synth_v4,3ca2ce5ecb4c,0,,0.124,1,1,607.719298245614,1.0264492240111731,1,0.16150793650793652
0.4933741589351313,73.6,0.6756062286025922,10.198309777285552,0.0224378624091702,0.0336567936137553,483,94.40693376334843,0.251208,3.7,7.455056554541671,0,0,1,1,0,2-5m,medium,1,6.58,0.882,117.0,SBIN,90284,2026-08-15 18:40:00.000000,2026-08-15 18:41:57.000000,454.51,454.65,4.61,synthetic,synth_v4,be62f614c488,0,,0.24,1,0,117.0,0.882,0,0.16666666666666666
0.5317085115530031,73.6,0.6737707660738642,38.6499771059772,0.0269383348438222,0.0404075022657333,495,99.46826023359,0.251208,6.3,8.248996806724811,0,0,1,0,1,5-15m,quality,0,-7.44,-0.902,421.0,BRITANNIA,90285,2026-08-15 18:45:00.000000,2026-08-15 18:52:01.000000,1434.76,1434.23,5.87,synthetic,synth_v4,c5cee446eabc,0,,0.076,1,0,421.0,-0.902,0,0.17777777777777778
0.5631480079013746,73.6,0.672814411480557,8.525112885872327,0.015,0.0225,579,8.960409070370991,0.251208,1.5,5.375163346592844,0,0,1,0,1,>15m,quality,1,5.23,0.972,1888.0,BNBUSDT,90287,2026-08-15 18:49:00.000000,2026-08-15 19:20:28.000000,568.34,568.47,5.18,synthetic,synth_v4,5f0b4204ad0f,0,,0.099,1,1,1491.3191489361702,1.0148089771316653,1,0.17164502164502163
0.5758230322613912,73.6,0.6755414146928954,4.41683766339053,0.0219469375782366,0.032920406367355,543,36.51494321957177,0.251208,1.4,7.120891586555617,0,0,1,0,1,5-15m,quality,1,13.94,1.957,776.0,NESTLEIND,90286,2026-08-15 18:50:00.000000,2026-08-15 19:02:56.000000,201.25,201.38,5.64,synthetic,synth_v4,3341717f1482,0,,0.187,1,1,332.5714285714286,1.0291070712321744,1,0.1488095238095238
0.5424697288517868,73.6,0.6741742440265623,38.356993763606006,0.0212574106383405,0.0318861159575108,568,9.05993553232476,0.251208,1.8,5.1268172644450685,0,0,1,0,1,>15m,quality,1,6.51,1.27,1572.0,SBIN,90288,2026-08-15 18:55:00.000000,2026-08-15 19:21:12.000000,1804.41,1805.14,4.87,synthetic,synth_v4,f1f06479abb8,0,,0.178,1,1,336.49840255591056,1.0714520243185521,1,0.17275132275132277
0.5537907039160423,73.6,0.6764535720922183,50.74850675918607,0.0213646702309596,0.0320470053464394,549,25.867706639019293,0.251208,2.8,6.041142331256151,0,0,1,0,1,>15m,quality,1,12.76,2.112,1057.0,INFY,90289,2026-08-15 18:55:00.000000,2026-08-15 19:12:37.000000,2375.35,2376.95,5.29,synthetic,synth_v4,d3e0573bb7c5,0,,0.099,1,1,412.73333333333335,1.075922695048067,1,0.15079365079365079
0.5448813573075869,73.6,0.6786380263954829,24.753832542717035,0.0320828695367821,0.0481243043051732,490,68.89628751597206,0.251208,2.3,8.06273404057804,0,0,1,1,0,2-5m,medium,0,-7.17,-0.89,102.0,M&M,90290,2026-08-15 19:01:00.000000,2026-08-15 19:02:42.000000,771.56,771.23,6.45,synthetic,synth_v4,711d8df6d4a5,0,,0.088,1,0,102.0,-0.89,0,0.14285714285714285
0.5691537507261482,73.6,0.681618421722459,11.341484098590678,0.0169244213481102,0.0253866320221653,572,0.0,0.251208,1.7,5.703774243059783,0,0,1,0,1,>15m,quality,0,-6.51,-1.141,1669.0,SBIN,90291,2026-08-15 19:04:00.000000,2026-08-15 19:31:49.000000,670.13,669.93,8.4,synthetic,synth_v4,16c67e8dff55,0,,0.172,1,-1,1005.4216867469879,-1.0857931053256467,0,0.23624338624338626
0.6482895183795895,73.6,0.6748268298298582,51.673222775092064,0.0205060606700141,0.0307590910050211,484,92.07657148400398,0.251208,3.3,4.716326258106156,0,0,1,0,0,2-5m,medium,0,-5.64,-1.195,209.0,RELIANCE,90292,2026-08-15 19:07:00.000000,2026-08-15 19:10:29.000000,2519.9,2518.97,11.18,synthetic,synth_v4,784449958b24,0,,0.197,1,-1,188.1,-1.0347855683883362,0,0.15476190476190477
0.48,73.6,0.6788706003132909,78.1809226787217,0.0299071007612688,0.0448606511419032,555,25.84745037989849,0.251208,6.0,9.840343132392704,0,0,1,0,0,2-5m,medium,0,-10.96,-1.113,216.0,BRITANNIA,90293,2026-08-15 19:08:00.000000,2026-08-15 19:11:36.000000,2614.13,2612.82,5.58,synthetic,synth_v4,a9b3d7e96e92,0,,0.107,1,-1,169.71428571428572,-1.0399410868219114,0,0.14285714285714285
0.545788984129419,73.6,0.6764875049608033,12.39098591096896,0.0238560667200367,0.035784100080055,529,31.708049449368136,0.251208,4.2,7.725439305664479,0,0,1,0,1,5-15m,quality,0,-7.65,-0.991,531.0,BNBUSDT,90294,2026-08-15 19:14:00.000000,2026-08-15 19:22:51.000000,519.41,519.22,2.43,synthetic,synth_v4,b2426a7c954f,0,,0.051,1,0,531.0,-0.991,0,0.21666666666666667
0.5705907452823469,73.6,0.6756975047065072,72.90921352564483,0.0243477345098716,0.0365216017648074,585,0.0,0.251208,5.8,8.893763734523375,0,0,1,0,0,2-5m,medium,0,-9.84,-1.107,217.0,GRASIM,90295,2026-08-15 19:15:00.000000,2026-08-15 19:18:37.000000,2994.5,2993.29,7.62,synthetic,synth_v4,ae0afc212c6a,0,,0.118,1,-1,134.33333333333334,-1.0224155475965953,0,0.2
0.577759639381226,73.6,0.6768651889034524,64.56196625191559,0.0224584660953,0.03368769914295,516,64.80628844485753,0.251208,5.6,4.120562088032233,0,0,1,0,0,2-5m,medium,0,-4.44,-1.077,194.0,BHARTIARTL,90296,2026-08-15 19:20:00.000000,2026-08-15 19:23:14.000000,2874.73,2873.68,8.02,synthetic,synth_v4,61a8f6f1ad6f,0,,0.142,1,-1,136.32432432432432,-1.021643382846102,0,0.26666666666666666
0.5376851251207226,73.6,0.67612383296736,28.881320031086613,0.0233461547164659,0.0350192320746989,556,0.0,0.251208,5.9,7.026094717218824,0,0,1,0,0,2-5m,medium,0,-5.37,-0.764,252.0,NESTLEIND,90297,2026-08-15 19:23:00.000000,2026-08-15 19:27:12.000000,1237.09,1236.76,11.81,synthetic,synth_v4,1ac164d37283,0,,0.135,1,0,252.00000000000003,-0.764,0,0.3333333333333333
0.48,73.6,0.6762207914512245,37.561616034266535,0.0253052572049308,0.0379578858073962,532,34.27313010780748,0.251208,4.0,7.920911720297857,0,0,1,1,0,2-5m,medium,0,-7.81,-0.986,98.0,NESTLEIND,90298,2026-08-15 19:25:00.000000,2026-08-15 19:26:38.000000,1484.34,1483.79,11.91,synthetic,synth_v4,2fbc061e9f48,0,,0.191,1,0,98.0,-0.986,0,0.3333333333333333
0.5796797290228466,73.6,0.6751833336743467,24.295270884011583,0.0190170304269862,0.0285255456404793,542,44.10895840603203,0.251208,3.6,6.822378980617127,0,0,1,0,0,2-5m,medium,0,-7.77,-1.139,194.0,BAJAJFINSV,90299,2026-08-15 19:27:00.000000,2026-08-15 19:30:14.000000,1277.55,1277.14,6.31,synthetic,synth_v4,3867dd431240,0,,0.057,1,-1,173.02702702702703,-1.0009976031920491,0,0.3333333333333333
0.6636410128498511,73.6,0.6732037806804023,67.8738499356093,0.0257669586210551,0.0386504379315827,592,0.0,0.251208,5.6,9.050904889766406,0,0,1,0,0,2-5m,medium,0,-7.44,-0.822,242.0,SBIN,90300,2026-08-15 19:33:00.000000,2026-08-15 19:37:02.000000,2634.14,2633.31,3.98,synthetic,synth_v4,112e35fd12e0,0,,0.196,1,0,241.99999999999997,-0.822,0,0.75
0.48,73.6,0.6729127495949558,40.52321744650203,0.0171826801818854,0.0257740202728281,565,0.0,0.251208,2.8,4.574873043559273,0,0,1,0,0,2-5m,medium,1,5.35,1.169,121.0,NESTLEIND,90301,2026-08-15 19:37:00.000000,2026-08-15 19:39:01.000000,2358.38,2359.09,8.23,synthetic,synth_v4,196acd5a98d4,0,,0.172,1,1,84.17391304347827,1.0960001319110226,1,0.5
0.6118296808218914,73.6,0.6773064897665625,14.195500236330023,0.0233395346426069,0.0350093019639103,529,53.37672075749602,0.251208,2.4,6.247621447549202,0,0,1,0,1,5-15m,quality,1,8.24,1.319,512.0,INFY,90302,2026-08-15 19:40:00.000000,2026-08-15 19:48:32.000000,608.22,608.5,6.86,synthetic,synth_v4,9baf73e1e060,0,,0.059,1,1,238.25742574257427,1.087206621923915,1,0.5416666666666666
0.5563205392502693,73.6,0.6748078222006877,33.82265476925168,0.0196899764671699,0.0295349647007549,564,27.656094384863472,0.251208,4.5,7.258030306168982,0,0,1,0,0,2-5m,medium,0,-4.81,-0.663,217.0,SBIN,90304,2026-08-15 19:43:00.000000,2026-08-15 19:46:37.000000,1717.76,1717.42,7.59,synthetic,synth_v4,43ff629c246e,0,,0.087,1,0,217.0,-0.663,0,0.3333333333333333
0.5402884866126264,73.6,0.6754465998198286,13.248065671496006,0.0227193237014834,0.0340789855522251,533,62.33610838040708,0.251208,6.5,3.695508454664306,0,0,1,1,0,2-5m,medium,0,-3.52,-0.952,81.0,BNBUSDT,90303,2026-08-15 19:43:00.000000,2026-08-15 19:44:21.000000,583.12,582.93,3.49,synthetic,synth_v4,0e75d1599acb,0,,0.142,1,0,81.0,-0.952,0,0.3333333333333333
0.4968260893577631,73.6,0.6760170112534464,14.055306191996172,0.0219103494715008,0.0328655242072513,521,57.57071319479098,0.251208,5.7,4.054059977517825,0,0,1,0,0,2-5m,medium,0,-4.32,-1.066,193.0,SBIN,90305,2026-08-15 19:47:00.000000,2026-08-15 19:50:13.000000,641.49,641.27,5.96,synthetic,synth_v4,130626c55f3f,0,,0.108,1,-1,130.4054054054054,-1.0451519806072154,0,0.5
0.5399326296586474,70.4,0.6775898645058313,53.8535475868196,0.0196678480914219,0.0295017721371329,500,72.98035530013561,0.251208,1.2,5.994912242937793,0,0,1,0,1,>15m,quality,0,-7.23,-1.206,973.0,SBIN,90306,2026-08-15 19:49:00.000000,2026-08-15 20:05:13.000000,2738.15,2737.18,9.5,synthetic,synth_v4,dbe31264e6dc,0,,0.126,1,-1,483.979274611399,-1.0021574230319952,0,0.31666666666666665
0.6380026756819376,73.6,0.6763607278860528,36.209197864889134,0.0181403042073796,0.0272104563110694,536,34.55983273498244,0.251208,2.7,5.858007190725338,0,0,1,0,1,5-15m,quality,1,9.82,1.677,770.0,INFY,90307,2026-08-15 19:55:00.000000,2026-08-15 20:07:50.000000,1996.06,1996.97,3.55,synthetic,synth_v4,b391550bd1cc,0,,0.157,1,1,432.81045751633985,1.0140446837301351,1,0.27999999999999997
0.5949593145192624,73.6,0.6746878901267181,16.235556252436673,0.0206433204020643,0.0309649806030965,488,99.01729674364486,0.251208,4.1,4.7997774704007945,0,0,1,0,1,>15m,quality,0,-4.11,-0.856,1904.0,BAJAJFINSV,90308,2026-08-15 19:58:00.000000,2026-08-15 20:29:44.000000,786.48,786.27,6.45,synthetic,synth_v4,6dbe033979dd,0,,0.093,1,0,1800.0,-0.6984006480245005,0,0.17557720057720058
0.6639386963245967,70.4,0.678452585911298,34.17934839191806,0.018035183680844,0.0270527755212661,500,82.92655959714332,0.251208,2.0,3.135496012607318,0,0,1,0,1,>15m,quality,0,-1.99,-0.634,1759.0,RELIANCE,90309,2026-08-15 20:01:00.000000,2026-08-15 20:30:19.000000,1895.15,1894.82,7.1,synthetic,synth_v4,78154936d3d9,0,,0.073,1,0,1759.0,-0.634,0,0.1553751803751804
0.6306447133386617,73.6,0.6791583710059633,13.11112969611506,0.023316144016657,0.0349742160249855,530,59.44106009153301,0.251208,4.2,3.921423302635656,0,0,1,0,1,5-15m,quality,0,-2.43,-0.621,816.0,BNBUSDT,90310,2026-08-15 20:01:00.000000,2026-08-15 20:14:36.000000,562.32,562.2,6.34,synthetic,synth_v4,d15f75fbb675,0,,0.232,1,-1,433.1851851851852,-1.0078395066991908,0,0.17936507936507937
0.5863452007357747,73.6,0.6769891133106457,29.86642666308068,0.0178861570484781,0.0268292355727172,575,6.97810719681728,0.251208,6.7,6.05279145161483,0,0,1,0,1,>15m,quality,1,2.79,0.46,1748.0,GRASIM,90311,2026-08-15 20:05:00.000000,2026-08-15 20:34:08.000000,1669.81,1670.01,4.26,synthetic,synth_v4,28e88e974884,0,,0.12,1,0,1748.0,0.46,0,0.14545855379188713
0.6646360715700675,73.6,0.6779473270226882,36.567875580574345,0.025008063615871,0.0375120954238065,573,19.28145925521163,0.251208,5.7,6.258090465675072,0,0,1,0,1,>15m,quality,1,6.82,1.089,1804.0,HCLTECH,90312,2026-08-15 20:10:00.000000,2026-08-15 20:40:04.000000,1462.24,1462.84,10.38,synthetic,synth_v4,7b47c763e989,0,,0.163,1,1,894.4623955431754,1.0075987761791896,1,0.13785714285714284
0.586339589524298,73.6,0.6784839199936277,37.70886221549048,0.0177853702116237,0.0266780553174356,511,70.4188879943655,0.251208,2.2,2.5430399221986613,0,0,1,0,1,>15m,quality,0,-2.16,-0.849,1441.0,INFY,90313,2026-08-15 20:13:00.000000,2026-08-15 20:37:01.000000,2120.22,2119.74,2.37,synthetic,synth_v4,95b0204c1e32,0,,0.208,1,0,1441.0,-0.849,0,0.13095238095238096
0.6096792906078236,73.6,0.6782601986328091,9.407659318311252,0.0198679795619703,0.0298019693429555,530,61.7703307419753,0.251208,7.6,6.01681824618535,0,0,1,0,1,>15m,quality,0,-4.77,-0.792,1523.0,HCLTECH,90314,2026-08-15 20:14:00.000000,2026-08-15 20:39:23.000000,473.51,473.4,11.64,synthetic,synth_v4,aee2f9fd4dcd,0,,0.173,1,0,1523.0,-0.792,0,0.12648809523809523
0.5422057427879176,73.6,0.6772281983542253,26.26475452753843,0.0196605450842129,0.0294908176263193,498,95.0623415554996,0.251208,6.8,3.613482722027314,0,0,1,1,0,2-5m,medium,0,-4.65,-1.286,95.0,BHARTIARTL,90315,2026-08-15 20:16:00.000000,2026-08-15 20:17:35.000000,1335.91,1335.41,4.05,synthetic,synth_v4,66b755769931,0,,0.136,1,-1,73.88888888888889,-1.0733629666116586,0,0.14285714285714285
0.5639927489515524,73.6,0.6771966940941498,82.05025858085631,0.0279262990900609,0.0418894486350913,570,0.0,0.251208,7.4,9.592143683066569,0,0,1,0,1,>15m,quality,0,-7.45,-0.777,1264.0,M&M,90316,2026-08-15 20:19:00.000000,2026-08-15 20:40:04.000000,2938.1,2937.14,8.51,synthetic,synth_v4,76aa052ea21d,0,,0.072,1,-1,720.1274900398406,-1.0056447341807908,0,0.12103174603174605
0.5181545706019834,73.6,0.6770393211466931,38.44367036803517,0.0233476104705351,0.0350214157058026,509,43.87783929693881,0.251208,2.7,4.6447924320526175,0,0,1,0,1,>15m,quality,0,-5.15,-1.108,1121.0,BAJAJFINSV,90317,2026-08-15 20:25:00.000000,2026-08-15 20:43:41.000000,1646.58,1645.94,10.85,synthetic,synth_v4,211cd4e5e614,0,,0.078,1,-1,955.1121076233184,-1.0681488913163748,0,0.1357142857142857
0.6193750360756912,73.6,0.6738053246509059,48.98920017575416,0.0211773109191608,0.0317659663787412,575,28.1523928402183,0.251208,4.2,3.6227827076979375,0,0,1,0,1,>15m,quality,0,-2.89,-0.799,1441.0,BRITANNIA,90318,2026-08-15 20:27:00.000000,2026-08-15 20:51:01.000000,2313.29,2312.7,10.38,synthetic,synth_v4,23299de52e4e,0,,0.065,1,0,1441.0,-0.799,0,0.14895833333333333
0.4893017826131081,73.6,0.6774014463137192,62.65003994850398,0.024066286308525,0.0360994294627875,581,2.849880960683925,0.251208,1.3,3.408722394586667,0,0,1,0,1,>15m,quality,1,2.9,0.85,2058.0,INFY,90319,2026-08-15 20:30:00.000000,2026-08-15 21:04:18.000000,2603.23,2604.03,2.28,synthetic,synth_v4,8358019f8ffc,0,,0.142,1,0,1800.0,0.30906787427726046,0,0.15288600288600288
0.5485609365496905,73.6,0.6744108010897499,18.129593874619346,0.021829852356811,0.0327447785352166,519,50.29270754171934,0.251208,5.6,5.128663706220619,0,0,1,0,0,2-5m,medium,1,6.1,1.188,240.0,BHARTIARTL,90321,2026-08-15 20:35:00.000000,2026-08-15 20:39:00.000000,830.5,830.82,9.5,synthetic,synth_v4,45f72bbe228c,0,,0.062,1,1,219.5744680851064,1.0110365782710689,1,0.11805555555555555
0.6069410205450597,73.6,0.6732883720577469,29.82742894738407,0.0150555671160501,0.0225833506740752,562,0.0,0.251208,1.2,3.77052285062339,0,0,1,0,1,>15m,quality,1,5.16,1.368,1795.0,INFY,90320,2026-08-15 20:36:00.000000,2026-08-15 21:05:55.000000,1981.16,1981.77,2.35,synthetic,synth_v4,5dc6d1ae7882,0,,0.195,1,1,1007.8072625698325,1.0029270013969698,1,0.16062610229276897
0.6302748256080393,73.6,0.6786071301356162,31.685046636109615,0.0315191407882835,0.0472787111824252,594,0.0,0.251208,3.7,9.820878776325909,0,0,1,1,0,2-5m,medium,0,-10.54,-1.073,90.0,BAJAJFINSV,90322,2026-08-15 20:41:00.000000,2026-08-15 20:42:30.000000,1005.26,1004.75,2.87,synthetic,synth_v4,7796f6f6c680,0,,0.218,1,-1,79.41176470588235,-1.0452275880794164,0,0.18333333333333335
0.6050521393238757,73.6,0.6776804403253884,42.40638254135619,0.0225303845918839,0.0337955768878259,562,13.804847533006605,0.251208,4.5,5.372903268846151,0,0,1,0,1,>15m,quality,0,-4.17,-0.775,1858.0,TCS,90323,2026-08-15 20:42:00.000000,2026-08-15 21:12:58.000000,1882.19,1881.69,11.69,synthetic,synth_v4,728160506c62,0,,0.117,1,0,1800.0,-0.7293477634959564,0,0.1667857142857143
0.6692387694588081,70.4,0.6789747965793718,52.5377312929605,0.022270586656082,0.0334058799841231,557,15.319078710213097,0.251208,7.5,4.625001147796981,0,0,1,0,0,2-5m,medium,0,-5.19,-1.122,261.0,BAJAJFINSV,90324,2026-08-15 20:48:00.000000,2026-08-15 20:52:21.000000,2359.06,2358.18,11.08,synthetic,synth_v4,3e618cda0af3,0,,0.248,1,-1,214.94117647058823,-1.014065540218411,0,0.17777777777777778
0.6038464814683188,73.6,0.6754566512326254,12.78009446570792,0.0242812770523867,0.0364219155785801,582,19.0132279046945,0.251208,6.6,4.533848698430025,0,0,1,0,1,>15m,quality,0,-5.16,-1.139,2375.0,BNBUSDT,90325,2026-08-15 20:51:00.000000,2026-08-15 21:30:35.000000,526.34,526.12,10.04,synthetic,synth_v4,53a4b863ee39,0,,0.179,1,0,1800.0,0.5599366952564243,0,0.16573129251700677
0.48,73.6,0.6736955023174465,80.01251127986902,0.0258484696270842,0.0387727044406264,585,0.0,0.251208,2.4,4.9351816192991,0,0,1,0,1,>15m,quality,0,-5.46,-1.107,2000.0,TCS,90326,2026-08-15 20:52:00.000000,2026-08-15 21:25:20.000000,3095.44,3094.12,7.0,synthetic,synth_v4,a8f72b561643,0,,0.154,1,-1,1097.7443609022555,-1.0364733665959704,0,0.16764069264069265
0.555982809626108,70.4,0.6755191256058594,10.52627185266057,0.0153558797860182,0.0230338196790273,489,79.02769963367749,0.251208,6.1,5.47592538856737,0,0,1,0,1,>15m,quality,0,-3.38,-0.617,2080.0,M&M,90327,2026-08-15 20:54:00.000000,2026-08-15 21:28:40.000000,685.49,685.39,2.89,synthetic,synth_v4,5c33801c6f84,0,,0.189,1,-1,1428.3709273182956,-1.0176332074697323,0,0.16547619047619047
0.4896795684443111,73.6,0.6762040625944812,20.285728473464708,0.0162521252791947,0.024378187918792,585,0.0,0.251208,6.0,2.634388954624956,0,0,1,0,1,5-15m,quality,0,-2.88,-1.093,489.0,GRASIM,90328,2026-08-15 20:57:00.000000,2026-08-15 21:05:09.000000,1248.19,1247.86,3.57,synthetic,synth_v4,dce0c69453a6,0,,0.219,1,-1,427.875,-1.055567101124256,0,0.13392857142857142
0.5289032094580236,73.6,0.67615797743268,15.774897789919835,0.022848715144376,0.034273072716564,571,14.856823980808231,0.251208,2.1,8.499379034784173,0,0,1,0,0,2-5m,medium,0,-10.99,-1.293,164.0,BNBUSDT,90329,2026-08-15 20:59:00.000000,2026-08-15 21:01:44.000000,690.41,690.1,8.92,synthetic,synth_v4,3bd36706dbae,0,,0.151,1,-1,116.38709677419354,-1.0002799431066682,0,0.125
0.5982520286538618,73.6,0.6752774591499932,37.20814065075992,0.0278604188004136,0.0417906282006204,516,77.6685706685342,0.251208,7.1,3.971210445082284,0,0,1,0,0,2-5m,medium,0,-3.15,-0.792,204.0,NESTLEIND,90331,2026-08-15 21:06:00.000000,2026-08-15 21:09:24.000000,1335.52,1335.08,3.1,synthetic,synth_v4,b6948384c737,0,,0.17,1,0,204.0,-0.792,0,0.18333333333333335
0.6506737059966033,73.6,0.6782673609575135,44.86702071167894,0.019343659129696,0.029015488694544,504,83.44514551511097,0.251208,4.4,3.933812814110127,0,0,1,0,0,2-5m,medium,0,-3.03,-0.77,241.0,INFY,90330,2026-08-15 21:07:00.000000,2026-08-15 21:11:01.000000,2319.47,2318.95,8.0,synthetic,synth_v4,edaacd237e2e,0,,0.096,1,0,241.0,-0.77,0,0.16666666666666666
0.5180641742852753,73.6,0.6767040689436059,56.94750323264494,0.020786652275179,0.0311799784127686,570,12.978679310222752,0.251208,5.1,3.812605592774392,0,0,1,0,1,>15m,quality,0,-4.46,-1.169,2088.0,BAJAJFINSV,90332,2026-08-15 21:11:00.000000,2026-08-15 21:45:48.000000,2739.62,2738.62,6.03,synthetic,synth_v4,161b829af674,0,,0.1,1,-1,612.2706766917294,-1.1615264972632735,0,0.17103174603174606
0.4991769580135761,73.6,0.6740227457011309,23.459844530887715,0.0155308275189846,0.0232962412784769,505,82.34075908407614,0.251208,7.7,2.0950413339184317,0,0,1,1,0,2-5m,medium,0,-1.49,-0.712,106.0,BHARTIARTL,90333,2026-08-15 21:14:00.000000,2026-08-15 21:15:46.000000,1510.53,1510.28,7.09,synthetic,synth_v4,5301d1351b21,0,,0.144,1,0,106.0,-0.712,0,0.2
0.5619669255725757,73.6,0.6769006345560876,10.082703157758564,0.0175104868202886,0.026265730230433,534,42.11186111027375,0.251208,4.0,5.628878912882657,0,0,1,0,1,>15m,quality,1,4.77,0.848,1430.0,BNBUSDT,90334,2026-08-15 21:18:00.000000,2026-08-15 21:41:50.000000,575.81,575.94,5.37,synthetic,synth_v4,d9873ddb5a0c,0,,0.08,1,1,973.4035087719298,1.0408516766816573,1,0.16488095238095238
0.4870063910371324,73.6,0.6760062171003713,35.12141463911927,0.015,0.0225,562,18.940474548550718,0.251208,7.1,3.7605148904697288,0,0,1,0,1,>15m,quality,0,-4.24,-1.129,1733.0,RELIANCE,90335,2026-08-15 21:22:00.000000,2026-08-15 21:50:53.000000,2341.43,2340.83,11.06,synthetic,synth_v4,bd469d6de00b,0,,0.226,1,-1,1692.814492753623,-1.0368649498768363,0,0.16857142857142857
0.5197315833562052,73.6,0.674500373323431,22.193106312379573,0.0210921272901647,0.031638190935247,558,23.61301270080452,0.251208,5.5,4.343535263176066,0,0,1,0,1,>15m,quality,0,-2.72,-0.626,1886.0,BAJAJFINSV,90336,2026-08-15 21:23:00.000000,2026-08-15 21:54:26.000000,1052.2,1051.99,11.55,synthetic,synth_v4,3ffe0fe3299d,0,,0.195,1,-1,897.8563829787233,-1.061462446007377,0,0.1911255411255411
0.5787205682930747,73.6,0.6755283412756503,35.824399610427704,0.0212665052270808,0.0318997578406212,589,0.0,0.251208,5.8,6.14224837850811,0,0,1,1,0,2-5m,medium,1,8.39,1.366,81.0,GRASIM,90337,2026-08-15 21:27:00.000000,2026-08-15 21:28:21.000000,1684.55,1685.28,9.73,synthetic,synth_v4,4d5919cd0b4c,0,,0.234,1,1,64.80000000000001,1.0565000050047149,1,0.14285714285714285
0.6293187221664018,73.6,0.6756316485069696,30.56387260177648,0.0203817351822888,0.0305726027734332,493,98.5880971137414,0.251208,2.9,5.723494195689869,0,0,1,0,0,2-5m,medium,0,-5.74,-1.003,196.0,HCLTECH,90338,2026-08-15 21:29:00.000000,2026-08-15 21:32:16.000000,1499.57,1499.11,7.0,synthetic,synth_v4,bf2d7d05243d,0,,0.116,1,-1,185.68421052631578,-1.0059148159568163,0,0.16666666666666666
0.5965256883334664,73.6,0.6754596897413259,80.90212022947965,0.0267154134171274,0.0400731201256911,515,73.32718522917247,0.251208,4.6,9.608662822903558,0,0,1,0,1,>15m,quality,0,-7.81,-0.812,2396.0,TCS,90339,2026-08-15 21:32:00.000000,2026-08-15 22:11:56.000000,3028.29,3027.31,6.72,synthetic,synth_v4,071725168229,0,,0.12,1,0,1800.0,-0.2916509434252037,0,0.25512820512820517
0.48,73.6,0.6795426824845354,48.0468816795222,0.027296978650715,0.0409454679760725,598,0.0,0.251208,1.9,9.966711927967037,0,0,1,0,0,2-5m,medium,1,16.67,1.672,200.0,HCLTECH,90340,2026-08-15 21:34:00.000000,2026-08-15 21:37:20.000000,1760.15,1761.36,10.69,synthetic,synth_v4,5458a1c4235d,0,,0.122,1,1,123.0769230769231,1.06509059850879,1,0.16666666666666666
0.5782620037418157,73.6,0.6758031079953842,31.954937192606835,0.0213355039496233,0.0320032559244349,548,19.863110225884405,0.251208,2.4,6.263556976914011,0,0,1,0,0,2-5m,medium,0,-4.47,-0.714,190.0,BRITANNIA,90341,2026-08-15 21:38:00.000000,2026-08-15 21:41:10.000000,1497.74,1497.39,7.53,synthetic,synth_v4,b0c56567a741,0,,0.19,1,0,190.0,-0.714,0,0.16666666666666666
0.5643220143939547,70.4,0.6755122077796454,5.322344923751819,0.015,0.0225,509,72.01506887094064,0.251208,7.8,4.9281459217089445,0,0,1,0,0,2-5m,medium,1,4.59,0.931,162.0,GRASIM,90342,2026-08-15 21:42:00.000000,2026-08-15 21:44:42.000000,354.82,354.9,9.04,synthetic,synth_v4,d238a3606c8b,0,,0.107,1,0,162.0,0.931,0,0.18333333333333335
0.5848334171223616,73.6,0.6718050980847797,13.298123609219974,0.0245854090236299,0.0368781135354449,514,65.57973322656385,0.251208,3.1,7.918183361980107,0,0,1,0,1,5-15m,quality,0,-9.45,-1.194,447.0,BNBUSDT,90343,2026-08-15 21:43:00.000000,2026-08-15 21:50:27.000000,540.89,540.66,10.76,synthetic,synth_v4,1822ec9ac0f1,0,,0.108,1,-1,299.6931818181818,-1.0001856505962774,0,0.18333333333333335
0.6569725808990725,73.6,0.6742115852960411,56.33820865667951,0.0243129053683952,0.0364693580525929,520,62.897723697197975,0.251208,7.1,5.963527800118628,0,0,1,0,0,2-5m,medium,0,-4.37,-0.733,121.0,TCS,90344,2026-08-15 21:47:00.000000,2026-08-15 21:49:01.000000,2317.21,2316.59,8.59,synthetic,synth_v4,e79a78cb98bd,0,,0.201,1,0,121.0,-0.733,0,0.2
0.48,73.6,0.6754738531510873,16.74670681678121,0.0232599485697789,0.0348899228546683,546,67.09787960710602,0.251208,7.1,6.969538033422477,0,0,1,0,0,2-5m,medium,1,10.46,1.501,224.0,GRASIM,90345,2026-08-15 21:51:00.000000,2026-08-15 21:54:44.000000,719.98,720.36,4.76,synthetic,synth_v4,73bb518daebb,0,,0.076,1,1,125.0232558139535,1.0013659066361444,1,0.29166666666666663
0.5245337944885338,70.4,0.6746282946476467,21.13004888185226,0.0262511240279635,0.0393766860419454,514,58.143408321881466,0.251208,2.0,3.6740035471923553,0,0,1,1,0,2-5m,medium,0,-2.41,-0.655,75.0,SBIN,90346,2026-08-15 21:54:00.000000,2026-08-15 21:55:15.000000,804.92,804.71,8.26,synthetic,synth_v4,fab72ab91451,0,,0.114,1,0,75.0,-0.655,0,0.25
0.5954543793676014,73.6,0.6787634151867556,10.704103025751742,0.0178387560395393,0.0267581340593089,554,32.3343352868804,0.251208,5.2,5.5887997844068655,0,0,1,0,1,5-15m,quality,0,-5.27,-0.942,567.0,SBIN,90347,2026-08-15 21:59:00.000000,2026-08-15 22:08:27.000000,600.05,599.9,9.59,synthetic,synth_v4,4b16168be70b,0,,0.209,1,-1,202.5,-1.0085361830944293,0,0.3333333333333333
0.48,73.6,0.6756701244492076,59.0791636560877,0.0315829817362707,0.0473744726044061,533,63.02693100866448,0.251208,6.7,11.53623415472472,0,0,1,0,0,2-5m,medium,0,-7.53,-0.653,147.0,GRASIM,90348,2026-08-15 22:02:00.000000,2026-08-15 22:04:27.000000,1870.6,1870.02,3.61,synthetic,synth_v4,164b6bcca8d0,0,,0.092,1,0,147.0,-0.653,0,0.29166666666666663
0.6485569428832105,70.4,0.6785768884986365,3.8360365928882088,0.0185106354815568,0.0277659532223352,553,28.470028711490745,0.251208,4.7,2.622375111249507,0,0,1,0,1,5-15m,quality,1,4.47,1.706,829.0,HCLTECH,90349,2026-08-15 22:04:00.000000,2026-08-15 22:17:49.000000,207.23,207.33,3.95,synthetic,synth_v4,9a1011e8c40a,0,,0.195,1,1,550.9817073170732,1.036158468540854,1,0.2833333333333333
0.5821013967620395,73.6,0.6761234092681008,20.802322144526386,0.0251762875239575,0.0377644312859363,498,117.06767678758249,0.251208,5.5,8.388978808906908,0,0,1,0,0,2-5m,medium,0,-9.68,-1.153,204.0,BRITANNIA,90350,2026-08-15 22:05:00.000000,2026-08-15 22:08:24.000000,826.27,825.91,4.12,synthetic,synth_v4,3c012c222e26,0,,0.054,1,-1,146.46153846153845,-1.0640343999719737,0,0.25
0.6107950391506043,70.4,0.6760744556728432,40.19842994290766,0.0162374429474875,0.0243561644212313,554,20.32941062402785,0.251208,4.0,5.811541691933562,0,0,1,0,1,>15m,quality,0,-6.94,-1.195,1003.0,SBIN,90351,2026-08-15 22:10:00.000000,2026-08-15 22:26:43.000000,2475.66,2474.94,11.47,synthetic,synth_v4,5fd62ce32471,0,,0.157,1,-1,861.8743718592965,-1.0193149898522762,0,0.25555555555555554
0.5257433803086924,73.6,0.6758224071045751,28.82990109439454,0.0186080598038522,0.0279120897057784,590,0.0,0.251208,2.4,3.3062459555052253,0,0,1,0,1,>15m,quality,0,-4.25,-1.287,1508.0,SBIN,90352,2026-08-15 22:14:00.000000,2026-08-15 22:39:08.000000,1549.32,1548.77,10.78,synthetic,synth_v4,bd1308bf4ad1,0,,0.188,1,-1,1382.3333333333333,-1.0519050601086906,0,0.2021164021164021
0.6088258213979727,73.6,0.6760075925032429,35.370611052446655,0.0289042548165771,0.0433563822248657,496,72.01791382660527,0.251208,4.7,7.336676033787216,0,0,1,0,1,>15m,quality,1,15.07,2.054,1840.0,HCLTECH,90353,2026-08-15 22:16:00.000000,2026-08-15 22:46:40.000000,1223.72,1224.81,8.69,synthetic,synth_v4,0708dd98d2b4,0,,0.207,1,1,466.2670299727521,1.0002830355157757,1,0.19357142857142856
0.6241082933593424,73.6,0.6794375900060997,5.616204401530243,0.0209907210479686,0.0314860815719529,519,55.7271289728506,0.251208,1.8,7.485371887359209,0,0,1,0,1,>15m,quality,0,-8.52,-1.138,1978.0,M&M,90354,2026-08-15 22:19:00.000000,2026-08-15 22:51:58.000000,267.56,267.46,5.95,synthetic,synth_v4,e6ceeb4ae0f1,0,,0.143,1,-1,1315.3197969543146,-1.097391287774868,0,0.19415584415584416
0.5739726812082302,73.6,0.6713607785464976,15.594578405121132,0.0255906876665477,0.0383860314998216,563,20.734008655949868,0.251208,3.9,9.336957681602032,0,0,1,0,1,5-15m,quality,0,-8.91,-0.954,702.0,INFY,90355,2026-08-15 22:22:00.000000,2026-08-15 22:33:42.000000,609.38,609.16,6.42,synthetic,synth_v4,95d42a56dc6c,0,,0.072,1,0,702.0,-0.954,0,0.16904761904761906
0.5740640535619218,73.6,0.6719969085111227,45.8584589702232,0.0229586419992444,0.0344379629988667,554,38.69456093461594,0.251208,3.7,3.503718539399764,0,0,1,0,1,>15m,quality,0,-4.34,-1.239,2199.0,BRITANNIA,90356,2026-08-15 22:25:00.000000,2026-08-15 23:01:39.000000,1997.44,1996.59,7.07,synthetic,synth_v4,3886ab735d86,0,,0.113,1,-1,1344.751879699248,-1.0559295733436762,0,0.1924908424908425
0.5762205943569036,73.6,0.6749136583378879,14.482838966223584,0.021588267272361,0.0323824009085415,560,24.786422510353614,0.251208,5.0,4.511863180304302,0,0,1,0,1,5-15m,quality,0,-4.74,-1.051,664.0,BNBUSDT,90357,2026-08-15 22:28:00.000000,2026-08-15 22:39:04.000000,670.87,670.64,6.95,synthetic,synth_v4,fc03a929978d,0,,0.232,1,-1,643.7251908396946,-1.0053519964542255,0,0.15476190476190477
0.5081992841156372,70.4,0.6760290557638752,74.19600704518012,0.0281215310323711,0.0421822965485566,547,51.88672274002104,0.251208,2.6,8.380972252642428,0,0,1,0,1,5-15m,quality,1,10.79,1.288,365.0,BRITANNIA,90358,2026-08-15 22:29:00.000000,2026-08-15 22:35:05.000000,2638.41,2639.84,3.53,synthetic,synth_v4,731a42a04f58,0,,0.188,1,1,243.33333333333334,1.0466038925532153,1,0.14285714285714285
0.5511482791855788,73.6,0.6773802088495281,12.517286989090788,0.0210825116471213,0.0316237674706819,561,17.575520341109925,0.251208,5.8,3.721008856829317,0,0,1,0,0,2-5m,medium,1,2.03,0.545,124.0,BNBUSDT,90359,2026-08-15 22:34:00.000000,2026-08-15 22:36:04.000000,593.73,593.83,9.61,synthetic,synth_v4,0fd364d2336f,0,,0.109,1,0,124.0,0.545,0,0.14285714285714285
0.5508486480528585,73.6,0.676946174396055,26.70433568343632,0.0159667685063532,0.0239501527595299,553,22.01747205241492,0.251208,2.9,3.2383242692551377,0,0,1,0,0,2-5m,medium,0,-3.07,-0.948,129.0,INFY,90360,2026-08-15 22:37:00.000000,2026-08-15 22:39:09.000000,1672.49,1672.12,8.67,synthetic,synth_v4,7f1941dbe564,0,,0.199,1,-1,107.5,-1.0160825223466377,0,0.16666666666666666
0.5830036318612097,73.6,0.6752315081742389,30.768317105482588,0.0190384236949838,0.0285576355424757,488,132.5597766091908,0.251208,6.1,2.3976842359100914,0,0,1,0,0,2-5m,medium,0,-2.66,-1.111,255.0,M&M,90361,2026-08-15 22:42:00.000000,2026-08-15 22:46:15.000000,1616.12,1615.6,7.1,synthetic,synth_v4,9529a9293dae,0,,0.193,1,-1,173.39999999999998,-1.0450426142426952,0,0.225
0.6199894548146178,73.6,0.6780380873864835,58.70877676234294,0.0242946695092666,0.0364420042639,570,15.91356474163046,0.251208,6.0,3.8664487587982976,0,0,1,0,1,5-15m,quality,1,7.36,1.905,752.0,SBIN,90362,2026-08-15 22:46:00.000000,2026-08-15 22:58:32.000000,2416.53,2418.21,4.67,synthetic,synth_v4,b5a0df6efb0d,0,,0.161,1,1,469.3691275167785,1.0001342616452438,1,0.22000000000000003
0.4964878350812955,73.6,0.6780603908063055,65.34055022840246,0.0236233136869848,0.0354349705304772,533,36.20777681032179,0.251208,2.7,6.222239583167033,0,0,1,0,1,>15m,quality,0,-4.65,-0.748,1762.0,BHARTIARTL,90363,2026-08-15 22:47:00.000000,2026-08-15 23:16:22.000000,2765.94,2765.2,9.36,synthetic,synth_v4,3bd4c496c913,0,,0.241,1,0,1762.0,-0.748,0,0.21666666666666665
0.5524994581808254,73.6,0.6763681156625432,23.305659577348983,0.01659285147067,0.0248892772060051,486,83.58604356627896,0.251208,5.3,4.754481925605029,0,0,1,0,0,2-5m,medium,0,-6.11,-1.285,158.0,TCS,90364,2026-08-15 22:49:00.000000,2026-08-15 22:51:38.000000,1404.56,1404.11,11.92,synthetic,synth_v4,1a9132ab86c4,0,,0.164,1,-1,110.6,-1.0213321143615595,0,0.2
0.6488873328595385,73.6,0.6779253151449737,10.09961738356828,0.0193107280668507,0.028966092100276,529,36.85980128202989,0.251208,1.3,5.51268214498382,0,0,1,0,1,5-15m,quality,1,3.37,0.611,403.0,BNBUSDT,90365,2026-08-15 22:55:00.000000,2026-08-15 23:01:43.000000,523.01,523.1,9.9,synthetic,synth_v4,27634877ef2a,0,,0.135,1,0,403.0,0.611,0,0.20416666666666666
0.5153847062712462,73.6,0.6765452905268643,24.627738008287885,0.0198128875137908,0.0297193312706862,532,62.04854033785182,0.251208,6.3,6.310046457095966,0,0,1,0,1,>15m,quality,1,12.57,1.992,1243.0,GRASIM,90366,2026-08-15 22:57:00.000000,2026-08-15 23:17:43.000000,1243.02,1243.75,6.65,synthetic,synth_v4,58a53ae8922d,0,,0.224,1,1,372.39676113360326,1.0114600056028926,1,0.2095238095238095
0.5106649989625809,73.6,0.6748770339464343,49.53675924649775,0.020599317134136,0.0308989757012041,490,84.53434060660138,0.251208,7.8,4.653319009183355,0,0,1,0,0,2-5m,medium,0,-3.87,-0.832,121.0,BHARTIARTL,90367,2026-08-15 22:59:00.000000,2026-08-15 23:01:01.000000,2404.78,2404.16,10.89,synthetic,synth_v4,87d11af30010,0,,0.101,1,0,121.0,-0.832,0,0.18333333333333335
0.5721383715098717,73.6,0.677395633678,4.4931346301293535,0.0171736804834457,0.0257605207251685,599,0.0,0.251208,7.9,3.2585364128716394,0,0,1,0,0,2-5m,medium,0,-2.86,-0.878,252.0,INFY,90368,2026-08-15 23:00:00.000000,2026-08-15 23:04:12.000000,261.63,261.57,4.61,synthetic,synth_v4,0f0c1ab7f9a4,0,,0.183,1,0,252.00000000000003,-0.878,0,0.20833333333333331
0.6106631114291192,73.6,0.6762212262451573,53.9799573090193,0.0196472160983996,0.0294708241475994,506,73.04736988342597,0.251208,2.1,2.4357258638864154,0,0,1,0,1,>15m,quality,1,1.87,0.769,1482.0,BRITANNIA,90369,2026-08-15 23:03:00.000000,2026-08-15 23:27:42.000000,2747.46,2748.08,10.48,synthetic,synth_v4,f29de1e148de,0,,0.052,1,1,627.9661016949153,1.0473117213422172,1,0.24047619047619045
0.5606855633336396,73.6,0.676002679693509,31.18435003345028,0.0192958986087942,0.0289438479131913,519,71.97238611911402,0.251208,3.6,3.3322204171855216,0,0,1,0,0,2-5m,medium,0,-4.15,-1.246,229.0,BRITANNIA,90370,2026-08-15 23:08:00.000000,2026-08-15 23:11:49.000000,1616.11,1615.53,7.86,synthetic,synth_v4,290f53a77914,0,,0.233,1,-1,145.72727272727272,-1.0107139494064261,0,0.225
0.6397376354262194,73.6,0.6789459071443792,29.852014496297148,0.0252775952491372,0.0379163928737058,532,35.2988386067397,0.251208,5.1,5.046896662686144,0,0,1,0,1,>15m,quality,0,-6.51,-1.291,907.0,GRASIM,90371,2026-08-15 23:11:00.000000,2026-08-15 23:26:07.000000,1180.97,1180.39,10.77,synthetic,synth_v4,4e7f5a0243e0,0,,0.205,1,-1,876.7666666666667,-1.1119014870803847,0,0.23666666666666666
0.6114076389539916,73.6,0.6710982557429199,77.06965068043618,0.0254491995169428,0.0381737992754142,579,0.0,0.251208,1.3,4.210385512727075,0,0,1,1,0,2-5m,medium,0,-4.45,-1.056,114.0,BHARTIARTL,90372,2026-08-15 23:16:00.000000,2026-08-15 23:17:54.000000,3028.37,3027.15,7.89,synthetic,synth_v4,2cae832d8caa,0,,0.165,1,-1,108.57142857142858,-1.0296836405541385,0,0.2
0.6105092040134038,73.6,0.6731646316596809,54.84328906299052,0.0214301020374058,0.0321451530561088,569,14.364459607723914,0.251208,2.0,2.6816952548024644,0,0,1,0,1,>15m,quality,0,-2.92,-1.09,1561.0,INFY,90373,2026-08-15 23:18:00.000000,2026-08-15 23:44:01.000000,2559.17,2558.27,3.79,synthetic,synth_v4,c209640e600a,0,,0.2,1,-1,772.9710610932476,-1.0140332538557835,0,0.26666666666666666
0.5932469900794457,73.6,0.6736258591472513,32.97253721900867,0.0205010333071642,0.0307515499607463,572,17.014389270498455,0.251208,6.1,3.283222857551209,0,0,1,0,1,5-15m,quality,0,-2.71,-0.825,849.0,BHARTIARTL,90374,2026-08-15 23:23:00.000000,2026-08-15 23:37:09.000000,1608.34,1607.93,8.51,synthetic,synth_v4,4f9d3ec63892,0,,0.092,1,0,849.0,-0.825,0,0.2472222222222222
0.6996591860207652,73.6,0.6752734787048624,25.08529464749547,0.0225611371179792,0.0338417056769688,508,76.98798469646461,0.251208,7.8,6.539467111534504,0,0,1,0,0,2-5m,medium,0,-7.85,-1.2,131.0,HCLTECH,90375,2026-08-15 23:24:00.000000,2026-08-15 23:26:11.000000,1111.88,1111.43,6.49,synthetic,synth_v4,7a3ddc42944d,0,,0.059,1,-1,110.04,-1.0166063543201913,0,0.2
0.5476902986680374,73.6,0.675490783660468,10.797149156704554,0.0189927805140997,0.0284891707711496,581,0.0,0.251208,8.0,5.3283159573272085,0,0,1,0,1,5-15m,quality,1,2.72,0.511,545.0,BNBUSDT,90376,2026-08-15 23:29:00.000000,2026-08-15 23:38:05.000000,568.49,568.57,5.03,synthetic,synth_v4,62a2fca09a85,0,,0.055,1,0,545.0,0.511,0,0.2583333333333333
0.48,73.6,0.6729853487044539,31.118036906949406,0.0178966345028386,0.0268449517542578,579,11.162272631370907,0.251208,1.6,6.417721107011744,0,0,1,1,0,2-5m,medium,0,-4.33,-0.674,111.0,BHARTIARTL,90377,2026-08-15 23:30:00.000000,2026-08-15 23:31:51.000000,1738.76,1738.45,4.74,synthetic,synth_v4,3ddf1c3a8261,0,,0.248,1,0,111.0,-0.674,0,0.25
0.6562552616910285,70.4,0.6740296839353784,6.538306675048448,0.0185747407904301,0.0278621111856452,535,33.842086093565484,0.251208,4.1,6.009540020412244,0,0,1,0,1,>15m,quality,1,4.59,0.764,1886.0,M&M,90378,2026-08-15 23:32:00.000000,2026-08-16 00:03:26.000000,352.0,352.07,3.72,synthetic,synth_v4,793a9ad514ef,0,,0.075,1,0,1800.0,0.5587694154086473,0,0.24393939393939393
0.5325380341425905,73.6,0.6742783166429529,38.48739162766763,0.019624446978726,0.0294366704680891,545,27.17692032820425,0.251208,4.5,5.196118089455456,0,0,1,0,0,2-5m,medium,0,-6.26,-1.205,146.0,RELIANCE,90379,2026-08-15 23:37:00.000000,2026-08-15 23:39:26.000000,1961.2,1960.5,9.43,synthetic,synth_v4,30f2efa72509,0,,0.228,1,-1,114.71428571428572,-1.0518465879359544,0,0.2
0.5664728266605821,70.4,0.6809148481841518,52.97575034196586,0.0178431051838389,0.0267646577757583,484,81.84069712916997,0.251208,4.6,2.7670528782023167,0,0,1,0,0,2-5m,medium,1,2.88,1.042,137.0,BHARTIARTL,90380,2026-08-15 23:40:00.000000,2026-08-15 23:42:17.000000,2968.98,2969.8,4.59,synthetic,synth_v4,d69dfafdca4c,0,,0.219,1,1,110.65384615384615,1.0231998091074503,1,0.29166666666666663
0.6385730410916317,73.6,0.6796034838954943,6.944628222086459,0.0226512077768726,0.0339768116653089,571,28.517375229780463,0.251208,4.9,5.976256465970535,0,0,1,0,1,>15m,quality,0,-6.41,-1.073,1732.0,BHARTIARTL,90381,2026-08-15 23:42:00.000000,2026-08-16 00:10:52.000000,306.59,306.48,9.22,synthetic,synth_v4,9bdd5f43ab06,0,,0.106,1,-1,1596.4521739130435,-1.0300820072902963,0,0.23888888888888887
0.48,73.6,0.6751765011646308,23.102415044371345,0.0250880409052994,0.0376320613579492,595,0.0,0.251208,6.9,3.40461625761968,0,0,1,0,0,2-5m,medium,1,2.06,0.604,190.0,M&M,90382,2026-08-15 23:46:00.000000,2026-08-15 23:49:10.000000,920.85,921.06,2.79,synthetic,synth_v4,dc3a4a2882e3,0,,0.082,1,0,190.0,0.604,0,0.3333333333333333
0.4849011671536317,73.6,0.6752728334193865,9.52632436140276,0.0165331054088818,0.0247996581133227,536,53.0749006351831,0.251208,7.0,3.80055833320298,0,0,1,0,1,5-15m,quality,1,5.4,1.422,432.0,BNBUSDT,90383,2026-08-15 23:50:00.000000,2026-08-15 23:57:12.000000,576.2,576.4,3.45,synthetic,synth_v4,ced140fa6dc8,0,,0.225,1,1,315.10588235294114,1.0367798967196264,1,0.26111111111111107
0.48,73.6,0.6737015920056234,34.42089421604244,0.02209973508565,0.033149602628475,544,54.70817131713676,0.251208,3.5,4.851244350506615,0,0,1,0,1,>15m,quality,1,3.56,0.734,2147.0,BRITANNIA,90384,2026-08-15 23:51:00.000000,2026-08-16 00:26:47.000000,1557.53,1557.9,3.18,synthetic,synth_v4,b4974e17b93a,0,,0.239,1,1,618.8095238095239,1.015107263679541,1,0.2287878787878788
0.5123518225984747,73.6,0.6721837391735496,32.02645842730563,0.0211460686802057,0.0317191030203086,539,83.18973872358086,0.251208,5.8,4.8444061913826495,0,0,1,0,1,>15m,quality,0,-3.37,-0.695,2308.0,BHARTIARTL,90385,2026-08-15 23:56:00.000000,2026-08-16 00:34:28.000000,1514.53,1514.2,7.75,synthetic,synth_v4,61bb8b2b675f,0,,0.15,1,0,1800.0,-0.272432054230217,0,0.22261904761904766
0.5863781963610196,73.6,0.675766239627183,67.72859209891834,0.0233948056453653,0.0350922084680479,489,65.36160844134767,0.251208,5.9,4.476727286166225,0,0,1,1,0,2-5m,medium,0,-4.41,-0.985,98.0,BRITANNIA,90386,2026-08-16 00:00:00.000000,2026-08-16 00:01:38.000000,2895.03,2894.03,7.32,synthetic,synth_v4,148259cbab1f,0,,0.179,1,0,98.0,-0.985,0,0.18333333333333335
0.5914512705687663,73.6,0.674004296033512,44.31868497111082,0.0219488220975538,0.0329232331463307,554,14.92435128684338,0.251208,4.0,6.472417125121626,0,0,1,0,0,2-5m,medium,1,13.96,2.157,129.0,BRITANNIA,90387,2026-08-16 00:01:00.000000,2026-08-16 00:03:09.000000,2019.18,2020.62,8.25,synthetic,synth_v4,e045a38fd7c3,0,,0.139,1,1,64.5,1.1506513884852085,1,0.16666666666666666
0.5765764507597133,73.6,0.675830298936676,52.613235168068805,0.0169352048588685,0.0254028072883028,566,4.757373737382142,0.251208,7.7,5.663824124366648,0,0,1,0,0,2-5m,medium,0,-5.43,-0.959,151.0,SBIN,90388,2026-08-16 00:03:00.000000,2026-08-16 00:05:31.000000,3106.74,3105.98,10.21,synthetic,synth_v4,47611eb3c710,0,,0.17,1,0,151.0,-0.959,0,0.16666666666666666
0.48,73.6,0.6727995883019131,42.90902151739949,0.0175282239614344,0.0262923359421516,591,0.0,0.251208,2.2,5.538425056305083,0,0,1,1,0,2-5m,medium,0,-4.16,-0.751,91.0,TCS,90389,2026-08-16 00:07:00.000000,2026-08-16 00:08:31.000000,2448.0,2447.51,6.79,synthetic,synth_v4,214ce7935852,0,,0.101,1,0,91.0,-0.751,0,0.25
0.563261215123423,73.6,0.6762972541906057,60.33589113321168,0.0264755858300593,0.0397133787450889,539,36.50520403916951,0.251208,4.0,6.811583754538463,0,0,1,0,1,>15m,quality,0,-7.13,-1.047,1287.0,INFY,90391,2026-08-16 00:12:00.000000,2026-08-16 00:33:27.000000,2278.93,2277.98,10.03,synthetic,synth_v4,7951231eef6f,0,,0.25,1,-1,784.265625,-1.0616143091035546,0,0.24166666666666664
0.48,73.6,0.6744760510833795,68.56686679660388,0.0221168264569205,0.0331752396853808,591,0.0,0.251208,7.0,6.19440963577711,0,0,1,0,0,2-5m,medium,0,-7.79,-1.257,145.0,NESTLEIND,90390,2026-08-16 00:13:00.000000,2026-08-16 00:15:25.000000,3100.21,3098.92,7.14,synthetic,synth_v4,fa8b94d181c7,0,,0.101,1,-1,113.92857142857143,-1.0719141093550597,0,0.25
0.5316934379816999,73.6,0.6767324191955679,13.998136956512148,0.015,0.0225,595,0.0,0.251208,2.9,1.918896988530716,0,0,1,0,0,2-5m,medium,0,-2.36,-1.23,246.0,TCS,90392,2026-08-16 00:19:00.000000,2026-08-16 00:23:06.000000,933.21,932.95,2.93,synthetic,synth_v4,f2430fc86ab9,0,,0.129,1,-1,194.75,-1.0405524787492686,0,0.225
0.5875631463029968,73.6,0.6768349439174841,5.906410863215493,0.023412574216628,0.035118861324942,543,42.0256355130612,0.251208,1.8,7.125574110010426,0,0,1,0,0,2-5m,medium,1,5.65,0.793,249.0,BAJAJFINSV,90393,2026-08-16 00:20:00.000000,2026-08-16 00:24:09.000000,252.28,252.35,4.72,synthetic,synth_v4,396c8bb912d1,0,,0.082,1,0,249.0,0.793,0,0.2
0.6021172175732763,70.4,0.673359022031686,14.084894318486096,0.0272532945388625,0.0408799418082937,557,23.77547482142922,0.251208,7.1,7.057803390265415,0,0,1,0,1,>15m,quality,0,-7.31,-1.036,2047.0,TCS,90394,2026-08-16 00:25:00.000000,2026-08-16 00:59:07.000000,516.81,516.6,4.21,synthetic,synth_v4,9185665e9778,0,,0.072,1,-1,856.7644110275689,-1.0104726733759575,0,0.21666666666666665
0.5682944859235209,70.4,0.6777093714602712,4.929373364279423,0.021402287217546,0.032103430826319,552,35.21542997145483,0.251208,6.0,4.045866286717136,0,0,1,0,0,2-5m,medium,1,6.01,1.486,192.0,RELIANCE,90395,2026-08-16 00:27:00.000000,2026-08-16 00:30:12.000000,230.32,230.43,4.57,synthetic,synth_v4,ec6488ce696a,0,,0.152,1,1,129.72972972972974,1.0466184228339424,1,0.225
0.6056079851225513,73.6,0.6743995766067964,76.65759936170734,0.0242903439398232,0.0364355159097349,599,0.0,0.251208,1.9,4.945507222607963,0,0,1,0,1,>15m,quality,0,-4.11,-0.832,1405.0,HCLTECH,90396,2026-08-16 00:30:00.000000,2026-08-16 00:53:25.000000,3155.89,3154.93,6.12,synthetic,synth_v4,62d0c5abd031,0,,0.22,1,0,1405.0,-0.832,0,0.2
0.591803882336088,73.6,0.6759787226467636,31.94843661939789,0.0215323517666306,0.0322985276499459,494,80.39886594764177,0.251208,1.1,6.012099022370859,0,0,1,0,1,5-15m,quality,0,-4.72,-0.786,589.0,BHARTIARTL,90398,2026-08-16 00:33:00.000000,2026-08-16 00:42:49.000000,1483.74,1483.36,11.1,synthetic,synth_v4,99b721554530,0,,0.178,1,0,589.0,-0.786,0,0.20000000000000004
0.5737526824469041,73.6,0.6772657158292147,18.11822741683333,0.0193848148290413,0.029077222243562,568,21.045102801400148,0.251208,2.9,6.95100167815512,0,0,1,0,1,>15m,quality,0,-5.12,-0.737,1851.0,HCLTECH,90397,2026-08-16 00:34:00.000000,2026-08-16 01:04:51.000000,934.66,934.46,10.08,synthetic,synth_v4,83799d6d5b5b,0,,0.105,1,0,1800.0,-0.7659116332139055,0,0.2
0.5177196042278072,73.6,0.6732472250018442,32.02818830695811,0.0164327783509509,0.0246491675264264,488,123.817151039505,0.251208,2.4,3.966177108177201,0,0,1,0,1,5-15m,quality,0,-3.14,-0.791,781.0,INFY,90399,2026-08-16 00:38:00.000000,2026-08-16 00:51:01.000000,1949.04,1948.66,9.0,synthetic,synth_v4,16e25fc8b81d,0,,0.185,1,0,781.0,-0.791,0,0.2
