date,open,high,low,close,volume,symbol,exchange,source,interval
2021-08-16,1132.0,1144.5,1128.3499755859375,1139.0999755859375,479277,SBILIFE,NSE,yfinance,1d
2021-08-17,1138.0,1151.800048828125,1123.550048828125,1134.800048828125,1991904,SBILIFE,NSE,yfinance,1d
2021-08-18,1135.0,1146.4000244140625,1100.199951171875,1114.050048828125,3428721,SBILIFE,NSE,yfinance,1d
2021-08-20,1114.050048828125,1133.5,1100.5,1125.300048828125,2127671,SBILIFE,NSE,yfinance,1d
2021-08-23,1127.0,1140.949951171875,1118.5999755859375,1135.449951171875,1251406,SBILIFE,NSE,yfinance,1d
2021-08-24,1140.0,1165.9000244140625,1130.6500244140625,1160.4000244140625,1211218,SBILIFE,NSE,yfinance,1d
2021-08-25,1168.0,1171.6500244140625,1150.1500244140625,1156.1500244140625,893931,SBILIFE,NSE,yfinance,1d
2021-08-26,1151.199951171875,1164.5,1144.8499755859375,1151.800048828125,823814,SBILIFE,NSE,yfinance,1d
2021-08-27,1154.800048828125,1192.6500244140625,1145.300048828125,1184.050048828125,2469538,SBILIFE,NSE,yfinance,1d
2021-08-30,1189.5,1199.0,1176.550048828125,1180.699951171875,1690833,SBILIFE,NSE,yfinance,1d
2021-08-31,1180.699951171875,1194.5,1171.6500244140625,1192.050048828125,1719768,SBILIFE,NSE,yfinance,1d
2021-09-01,1189.0,1222.800048828125,1183.9000244140625,1220.5,1955177,SBILIFE,NSE,yfinance,1d
2021-09-02,1229.800048828125,1250.0,1224.199951171875,1243.4000244140625,2468599,SBILIFE,NSE,yfinance,1d
2021-09-03,1246.949951171875,1253.6500244140625,1226.0,1244.1500244140625,1295336,SBILIFE,NSE,yfinance,1d
2021-09-06,1245.0,1248.0,1233.5,1244.6500244140625,1166873,SBILIFE,NSE,yfinance,1d
2021-09-07,1245.0,1253.3499755859375,1228.25,1238.75,1164891,SBILIFE,NSE,yfinance,1d
2021-09-08,1246.050048828125,1246.949951171875,1211.949951171875,1220.050048828125,1909087,SBILIFE,NSE,yfinance,1d
2021-09-09,1177.0,1199.6500244140625,1168.0,1173.199951171875,10115407,SBILIFE,NSE,yfinance,1d
2021-09-13,1179.050048828125,1179.050048828125,1153.3499755859375,1165.1500244140625,2374250,SBILIFE,NSE,yfinance,1d
2021-09-14,1170.0,1174.0,1158.050048828125,1170.9000244140625,1338821,SBILIFE,NSE,yfinance,1d
2021-09-15,1170.9000244140625,1176.0,1165.5,1172.449951171875,1875092,SBILIFE,NSE,yfinance,1d
2021-09-16,1174.199951171875,1187.0,1168.0,1184.9000244140625,3028407,SBILIFE,NSE,yfinance,1d
2021-09-17,1203.0,1204.800048828125,1183.449951171875,1198.800048828125,4143024,SBILIFE,NSE,yfinance,1d
2021-09-20,1189.8499755859375,1198.699951171875,1174.0,1177.5,2117784,SBILIFE,NSE,yfinance,1d
2021-09-21,1189.0,1195.949951171875,1170.9000244140625,1184.5999755859375,2117913,SBILIFE,NSE,yfinance,1d
2021-09-22,1184.5999755859375,1203.550048828125,1177.75,1191.300048828125,1399326,SBILIFE,NSE,yfinance,1d
2021-09-23,1224.0,1224.0,1198.5,1218.300048828125,2659260,SBILIFE,NSE,yfinance,1d
2021-09-24,1219.0,1238.550048828125,1207.5999755859375,1222.050048828125,1703375,SBILIFE,NSE,yfinance,1d
2021-09-27,1229.949951171875,1233.0,1208.8499755859375,1222.800048828125,728019,SBILIFE,NSE,yfinance,1d
2021-09-28,1222.5,1229.1500244140625,1202.300048828125,1210.300048828125,1588306,SBILIFE,NSE,yfinance,1d
2021-09-29,1206.0,1214.800048828125,1196.800048828125,1205.949951171875,1623118,SBILIFE,NSE,yfinance,1d
2021-09-30,1209.1500244140625,1219.0,1196.75,1215.0999755859375,1234882,SBILIFE,NSE,yfinance,1d
2021-10-01,1204.0,1217.550048828125,1199.4000244140625,1209.050048828125,830634,SBILIFE,NSE,yfinance,1d
2021-10-04,1211.0,1240.0,1206.050048828125,1230.8499755859375,1664614,SBILIFE,NSE,yfinance,1d
2021-10-05,1231.0,1267.5,1227.0,1261.949951171875,2282814,SBILIFE,NSE,yfinance,1d
2021-10-06,1273.0,1273.9000244140625,1205.4000244140625,1212.050048828125,2630744,SBILIFE,NSE,yfinance,1d
2021-10-07,1227.0,1234.199951171875,1207.199951171875,1215.050048828125,2674007,SBILIFE,NSE,yfinance,1d
2021-10-08,1224.949951171875,1229.0,1191.949951171875,1196.449951171875,1661548,SBILIFE,NSE,yfinance,1d
2021-10-11,1199.949951171875,1218.5,1199.949951171875,1206.0999755859375,822914,SBILIFE,NSE,yfinance,1d
2021-10-12,1209.0,1215.0,1198.1500244140625,1210.5999755859375,815338,SBILIFE,NSE,yfinance,1d
2021-10-13,1210.5999755859375,1218.6500244140625,1184.4000244140625,1191.75,1281752,SBILIFE,NSE,yfinance,1d
2021-10-14,1192.949951171875,1198.9000244140625,1173.800048828125,1185.550048828125,2080766,SBILIFE,NSE,yfinance,1d
2021-10-18,1220.0,1220.0,1185.550048828125,1192.5,934860,SBILIFE,NSE,yfinance,1d
2021-10-19,1193.5,1215.9000244140625,1186.550048828125,1193.449951171875,1313098,SBILIFE,NSE,yfinance,1d
2021-10-20,1199.0,1203.0,1155.9000244140625,1168.75,2063277,SBILIFE,NSE,yfinance,1d
2021-10-21,1170.0,1184.449951171875,1138.050048828125,1158.300048828125,1985866,SBILIFE,NSE,yfinance,1d
2021-10-22,1168.0,1171.800048828125,1141.699951171875,1167.199951171875,1112991,SBILIFE,NSE,yfinance,1d
2021-10-25,1157.5999755859375,1166.949951171875,1126.300048828125,1129.699951171875,1843700,SBILIFE,NSE,yfinance,1d
2021-10-26,1135.0,1178.300048828125,1134.0,1172.050048828125,1572647,SBILIFE,NSE,yfinance,1d
2021-10-27,1175.4000244140625,1202.050048828125,1175.300048828125,1186.0,1916766,SBILIFE,NSE,yfinance,1d
2021-10-28,1210.0,1221.75,1158.0999755859375,1167.0999755859375,3565017,SBILIFE,NSE,yfinance,1d
2021-10-29,1167.0999755859375,1180.0,1142.0999755859375,1145.550048828125,1518940,SBILIFE,NSE,yfinance,1d
2021-11-01,1148.0,1173.050048828125,1138.550048828125,1163.3499755859375,972538,SBILIFE,NSE,yfinance,1d
2021-11-02,1163.3499755859375,1172.25,1155.300048828125,1166.050048828125,1159884,SBILIFE,NSE,yfinance,1d
2021-11-03,1170.0,1198.4000244140625,1167.0,1178.800048828125,1941052,SBILIFE,NSE,yfinance,1d
2021-11-04,1189.949951171875,1189.949951171875,1172.550048828125,1181.75,119047,SBILIFE,NSE,yfinance,1d
2021-11-08,1183.0,1202.0999755859375,1177.3499755859375,1200.6500244140625,1361707,SBILIFE,NSE,yfinance,1d
2021-11-09,1212.0,1212.0,1192.4000244140625,1207.25,1521269,SBILIFE,NSE,yfinance,1d
2021-11-10,1197.0999755859375,1204.800048828125,1181.050048828125,1183.75,842679,SBILIFE,NSE,yfinance,1d
2021-11-11,1178.0,1192.0999755859375,1150.0999755859375,1153.199951171875,1271079,SBILIFE,NSE,yfinance,1d
2021-11-12,1154.0,1177.0,1147.5999755859375,1174.9000244140625,1281030,SBILIFE,NSE,yfinance,1d
2021-11-15,1177.199951171875,1179.5,1155.5,1159.9000244140625,662558,SBILIFE,NSE,yfinance,1d
2021-11-16,1169.9000244140625,1174.1500244140625,1150.6500244140625,1153.0,694696,SBILIFE,NSE,yfinance,1d
2021-11-17,1150.0,1196.949951171875,1150.0,1187.199951171875,2862829,SBILIFE,NSE,yfinance,1d
2021-11-18,1190.0,1205.0,1178.5,1182.050048828125,1527355,SBILIFE,NSE,yfinance,1d
2021-11-22,1182.050048828125,1189.6500244140625,1137.1500244140625,1150.6500244140625,772737,SBILIFE,NSE,yfinance,1d
2021-11-23,1143.5999755859375,1159.199951171875,1131.550048828125,1153.5,820238,SBILIFE,NSE,yfinance,1d
2021-11-24,1159.25,1181.3499755859375,1152.0,1163.75,1136850,SBILIFE,NSE,yfinance,1d
2021-11-25,1157.75,1174.0,1152.5,1159.5,768462,SBILIFE,NSE,yfinance,1d
2021-11-26,1154.0,1154.0,1105.25,1130.3499755859375,2315515,SBILIFE,NSE,yfinance,1d
2021-11-29,1112.0,1147.8499755859375,1103.75,1136.25,1120859,SBILIFE,NSE,yfinance,1d
2021-11-30,1135.0,1167.9000244140625,1134.1500244140625,1160.550048828125,2253521,SBILIFE,NSE,yfinance,1d
2021-12-01,1160.800048828125,1179.449951171875,1155.5,1164.8499755859375,1239348,SBILIFE,NSE,yfinance,1d
2021-12-02,1170.6500244140625,1190.0,1157.050048828125,1188.050048828125,1030248,SBILIFE,NSE,yfinance,1d
2021-12-03,1177.0,1188.050048828125,1163.699951171875,1165.949951171875,1327943,SBILIFE,NSE,yfinance,1d
2021-12-06,1165.949951171875,1179.0,1145.0,1148.5,936271,SBILIFE,NSE,yfinance,1d
2021-12-07,1157.0,1162.449951171875,1139.0,1159.1500244140625,2090791,SBILIFE,NSE,yfinance,1d
2021-12-08,1165.0,1173.0,1158.5999755859375,1169.5,2315306,SBILIFE,NSE,yfinance,1d
2021-12-09,1180.0,1184.949951171875,1153.0999755859375,1161.3499755859375,1136171,SBILIFE,NSE,yfinance,1d
2021-12-10,1161.0,1177.800048828125,1156.800048828125,1175.5999755859375,949040,SBILIFE,NSE,yfinance,1d
2021-12-13,1182.0,1204.6500244140625,1178.0,1186.6500244140625,2187282,SBILIFE,NSE,yfinance,1d
2021-12-14,1179.0,1192.9000244140625,1178.1500244140625,1188.550048828125,1171502,SBILIFE,NSE,yfinance,1d
2021-12-15,1188.550048828125,1190.6500244140625,1162.300048828125,1174.6500244140625,857540,SBILIFE,NSE,yfinance,1d
2021-12-16,1178.5,1186.949951171875,1160.1500244140625,1163.800048828125,993629,SBILIFE,NSE,yfinance,1d
2021-12-17,1156.0,1161.949951171875,1137.0,1142.550048828125,982598,SBILIFE,NSE,yfinance,1d
2021-12-20,1139.5,1142.550048828125,1100.5999755859375,1125.699951171875,1341693,SBILIFE,NSE,yfinance,1d
2021-12-21,1135.5999755859375,1141.449951171875,1117.699951171875,1135.25,878721,SBILIFE,NSE,yfinance,1d
2021-12-22,1139.3499755859375,1139.9000244140625,1118.949951171875,1124.300048828125,846447,SBILIFE,NSE,yfinance,1d
2021-12-23,1134.0,1134.0,1116.1500244140625,1125.449951171875,1026376,SBILIFE,NSE,yfinance,1d
2021-12-24,1130.800048828125,1153.6500244140625,1126.0,1148.199951171875,1930715,SBILIFE,NSE,yfinance,1d
2021-12-27,1148.0,1165.050048828125,1135.3499755859375,1161.949951171875,798129,SBILIFE,NSE,yfinance,1d
2021-12-28,1165.300048828125,1182.5,1161.5999755859375,1177.5999755859375,776910,SBILIFE,NSE,yfinance,1d
2021-12-29,1177.5999755859375,1192.199951171875,1167.0,1185.6500244140625,1400668,SBILIFE,NSE,yfinance,1d
2021-12-30,1183.9000244140625,1202.699951171875,1180.9000244140625,1195.199951171875,1335116,SBILIFE,NSE,yfinance,1d
2021-12-31,1199.0,1204.949951171875,1187.0999755859375,1196.0,843128,SBILIFE,NSE,yfinance,1d
2022-01-03,1196.0,1214.449951171875,1196.0,1209.4000244140625,925281,SBILIFE,NSE,yfinance,1d
2022-01-04,1206.300048828125,1227.0,1205.5,1220.5999755859375,1409464,SBILIFE,NSE,yfinance,1d
2022-01-05,1215.0,1225.0,1213.75,1219.8499755859375,378090,SBILIFE,NSE,yfinance,1d
2022-01-06,1208.800048828125,1228.449951171875,1202.1500244140625,1205.5999755859375,1387627,SBILIFE,NSE,yfinance,1d
2022-01-07,1208.0,1219.25,1206.0,1217.4000244140625,1050768,SBILIFE,NSE,yfinance,1d
2022-01-10,1219.0,1240.699951171875,1213.300048828125,1229.0999755859375,1379165,SBILIFE,NSE,yfinance,1d
2022-01-11,1230.800048828125,1239.949951171875,1224.0999755859375,1233.4000244140625,985871,SBILIFE,NSE,yfinance,1d
2022-01-12,1240.0,1255.4000244140625,1231.1500244140625,1249.4000244140625,1371034,SBILIFE,NSE,yfinance,1d
2022-01-13,1255.0,1261.0,1246.0,1258.699951171875,933511,SBILIFE,NSE,yfinance,1d
2022-01-14,1259.0,1272.25,1254.5,1263.5999755859375,895522,SBILIFE,NSE,yfinance,1d
2022-01-17,1256.300048828125,1293.25,1256.300048828125,1287.949951171875,1427239,SBILIFE,NSE,yfinance,1d
2022-01-18,1287.949951171875,1293.0,1263.0999755859375,1265.9000244140625,869578,SBILIFE,NSE,yfinance,1d
2022-01-19,1263.0,1272.0999755859375,1240.5999755859375,1248.0999755859375,625670,SBILIFE,NSE,yfinance,1d
2022-01-20,1248.0,1255.6500244140625,1230.949951171875,1238.699951171875,716954,SBILIFE,NSE,yfinance,1d
2022-01-21,1225.0,1263.199951171875,1201.0,1240.6500244140625,2421446,SBILIFE,NSE,yfinance,1d
2022-01-24,1240.0,1240.0,1205.1500244140625,1225.0,1073781,SBILIFE,NSE,yfinance,1d
2022-01-25,1212.0999755859375,1232.9000244140625,1210.25,1228.0,1083251,SBILIFE,NSE,yfinance,1d
2022-01-27,1219.0,1221.9000244140625,1201.8499755859375,1211.6500244140625,1793456,SBILIFE,NSE,yfinance,1d
2022-01-28,1210.0,1237.75,1201.0,1205.550048828125,635096,SBILIFE,NSE,yfinance,1d
2022-01-31,1210.0,1238.4000244140625,1206.050048828125,1233.25,1771932,SBILIFE,NSE,yfinance,1d
2022-02-01,1250.0,1250.0,1202.5999755859375,1214.949951171875,1593083,SBILIFE,NSE,yfinance,1d
2022-02-02,1216.699951171875,1227.550048828125,1211.050048828125,1220.0999755859375,937000,SBILIFE,NSE,yfinance,1d
2022-02-03,1218.050048828125,1220.0,1175.5999755859375,1185.199951171875,1236574,SBILIFE,NSE,yfinance,1d
2022-02-04,1194.0,1194.0,1165.1500244140625,1172.0999755859375,856452,SBILIFE,NSE,yfinance,1d
2022-02-07,1161.800048828125,1171.699951171875,1131.9000244140625,1144.0,1519928,SBILIFE,NSE,yfinance,1d
2022-02-08,1145.0,1149.0,1117.3499755859375,1131.1500244140625,1511667,SBILIFE,NSE,yfinance,1d
2022-02-09,1132.0,1140.800048828125,1118.0,1125.699951171875,1741687,SBILIFE,NSE,yfinance,1d
2022-02-10,1125.0,1150.0,1108.0,1146.25,2030639,SBILIFE,NSE,yfinance,1d
2022-02-11,1144.8499755859375,1144.8499755859375,1124.0,1133.300048828125,1942394,SBILIFE,NSE,yfinance,1d
2022-02-14,1125.0,1127.0,1090.0,1096.300048828125,2448602,SBILIFE,NSE,yfinance,1d
2022-02-15,1096.0,1123.6500244140625,1086.199951171875,1119.949951171875,1245681,SBILIFE,NSE,yfinance,1d
2022-02-16,1128.0,1131.5,1102.0,1122.1500244140625,1294606,SBILIFE,NSE,yfinance,1d
2022-02-17,1128.0,1132.8499755859375,1111.9000244140625,1126.3499755859375,1182862,SBILIFE,NSE,yfinance,1d
2022-02-18,1124.800048828125,1160.9000244140625,1111.3499755859375,1150.5,1734791,SBILIFE,NSE,yfinance,1d
2022-02-21,1145.0,1150.5,1123.0,1134.75,1020384,SBILIFE,NSE,yfinance,1d
2022-02-22,1106.0,1126.5,1096.0999755859375,1100.949951171875,2115917,SBILIFE,NSE,yfinance,1d
2022-02-23,1108.0,1114.949951171875,1098.699951171875,1101.75,1743770,SBILIFE,NSE,yfinance,1d
2022-02-24,1078.0,1091.5,1040.699951171875,1054.199951171875,2088599,SBILIFE,NSE,yfinance,1d
2022-02-25,1060.0,1077.699951171875,1049.0,1055.5999755859375,1415912,SBILIFE,NSE,yfinance,1d
2022-02-28,1049.0,1062.800048828125,1016.8499755859375,1060.1500244140625,1566146,SBILIFE,NSE,yfinance,1d
2022-03-02,1060.0,1125.0,1056.050048828125,1121.1500244140625,3762611,SBILIFE,NSE,yfinance,1d
2022-03-03,1120.0999755859375,1126.75,1075.1500244140625,1081.300048828125,1105747,SBILIFE,NSE,yfinance,1d
2022-03-04,1071.5,1077.4000244140625,1049.75,1057.3499755859375,1586668,SBILIFE,NSE,yfinance,1d
2022-03-07,1026.5999755859375,1048.800048828125,1023.0,1028.9000244140625,852067,SBILIFE,NSE,yfinance,1d
2022-03-08,1009.0,1039.75,1003.5,1031.949951171875,1580056,SBILIFE,NSE,yfinance,1d
2022-03-09,1035.800048828125,1041.949951171875,1020.7999877929688,1025.199951171875,1409037,SBILIFE,NSE,yfinance,1d
2022-03-10,1039.0,1057.0999755859375,1036.050048828125,1050.050048828125,1580932,SBILIFE,NSE,yfinance,1d
2022-03-11,1050.0,1066.0999755859375,1041.6500244140625,1058.5,698477,SBILIFE,NSE,yfinance,1d
2022-03-14,1047.0,1072.5999755859375,1040.1500244140625,1069.699951171875,1278905,SBILIFE,NSE,yfinance,1d
2022-03-15,1069.050048828125,1079.3499755859375,1060.0,1070.550048828125,1068905,SBILIFE,NSE,yfinance,1d
2022-03-16,1075.9000244140625,1097.800048828125,1075.0,1085.75,1616431,SBILIFE,NSE,yfinance,1d
2022-03-17,1096.0,1140.0,1088.0999755859375,1128.550048828125,1867149,SBILIFE,NSE,yfinance,1d
2022-03-21,1139.0,1139.0,1094.0,1095.800048828125,849763,SBILIFE,NSE,yfinance,1d
2022-03-22,1092.5,1101.8499755859375,1070.0,1097.6500244140625,998586,SBILIFE,NSE,yfinance,1d
2022-03-23,1110.449951171875,1117.699951171875,1079.0999755859375,1092.25,1054362,SBILIFE,NSE,yfinance,1d
2022-03-24,1088.0,1097.5,1084.300048828125,1088.949951171875,526345,SBILIFE,NSE,yfinance,1d
2022-03-25,1094.0,1101.300048828125,1085.5999755859375,1092.5999755859375,598919,SBILIFE,NSE,yfinance,1d
2022-03-28,1092.9000244140625,1103.800048828125,1056.0,1077.0,926829,SBILIFE,NSE,yfinance,1d
2022-03-29,1111.0,1114.949951171875,1086.4000244140625,1101.25,2864668,SBILIFE,NSE,yfinance,1d
2022-03-30,1110.0,1127.6500244140625,1103.5,1121.800048828125,1287813,SBILIFE,NSE,yfinance,1d
2022-03-31,1128.0,1128.0,1114.449951171875,1121.449951171875,749342,SBILIFE,NSE,yfinance,1d
2022-04-01,1119.0,1120.800048828125,1089.0,1113.3499755859375,1519104,SBILIFE,NSE,yfinance,1d
2022-04-04,1113.3499755859375,1129.9000244140625,1104.0,1126.300048828125,1802143,SBILIFE,NSE,yfinance,1d
2022-04-05,1123.050048828125,1130.199951171875,1111.0,1118.3499755859375,773451,SBILIFE,NSE,yfinance,1d
2022-04-06,1111.0,1122.449951171875,1101.5,1107.0999755859375,1354847,SBILIFE,NSE,yfinance,1d
2022-04-07,1103.5,1115.75,1100.0,1108.8499755859375,966698,SBILIFE,NSE,yfinance,1d
2022-04-08,1109.0,1165.0,1109.0,1160.449951171875,2390240,SBILIFE,NSE,yfinance,1d
2022-04-11,1160.0,1160.0,1133.050048828125,1142.5,1318874,SBILIFE,NSE,yfinance,1d
2022-04-12,1141.0,1153.0,1119.050048828125,1149.0999755859375,1506254,SBILIFE,NSE,yfinance,1d
2022-04-13,1150.0,1157.9000244140625,1140.0,1146.9000244140625,509293,SBILIFE,NSE,yfinance,1d
2022-04-18,1145.0,1181.949951171875,1133.5999755859375,1173.4000244140625,2382085,SBILIFE,NSE,yfinance,1d
2022-04-19,1184.949951171875,1184.949951171875,1112.0,1124.699951171875,971382,SBILIFE,NSE,yfinance,1d
2022-04-20,1127.5,1135.699951171875,1117.699951171875,1128.3499755859375,645638,SBILIFE,NSE,yfinance,1d
2022-04-21,1125.199951171875,1148.5999755859375,1125.199951171875,1144.550048828125,731288,SBILIFE,NSE,yfinance,1d
2022-04-22,1133.5,1140.0,1122.0,1137.25,824665,SBILIFE,NSE,yfinance,1d
2022-04-25,1120.0,1129.199951171875,1087.449951171875,1091.25,1073577,SBILIFE,NSE,yfinance,1d
2022-04-26,1106.0,1106.0,1083.5999755859375,1094.8499755859375,922785,SBILIFE,NSE,yfinance,1d
2022-04-27,1093.0,1098.9000244140625,1061.199951171875,1074.199951171875,1202603,SBILIFE,NSE,yfinance,1d
2022-04-28,1068.5,1125.0,1066.4000244140625,1116.8499755859375,1643102,SBILIFE,NSE,yfinance,1d
2022-04-29,1114.5,1132.5999755859375,1066.25,1105.5,3259418,SBILIFE,NSE,yfinance,1d
2022-05-02,1088.949951171875,1093.4000244140625,1064.199951171875,1081.050048828125,1925857,SBILIFE,NSE,yfinance,1d
2022-05-04,1081.050048828125,1096.949951171875,1065.0,1077.8499755859375,1169983,SBILIFE,NSE,yfinance,1d
2022-05-05,1082.0,1115.0,1080.0,1083.6500244140625,814132,SBILIFE,NSE,yfinance,1d
2022-05-06,1073.0,1081.0,1052.199951171875,1059.1500244140625,1350057,SBILIFE,NSE,yfinance,1d
2022-05-09,1034.0,1074.9000244140625,1033.199951171875,1064.449951171875,1201027,SBILIFE,NSE,yfinance,1d
2022-05-10,1070.0,1096.800048828125,1062.0,1081.050048828125,1410429,SBILIFE,NSE,yfinance,1d
2022-05-11,1079.0,1104.449951171875,1079.0,1087.1500244140625,1886732,SBILIFE,NSE,yfinance,1d
2022-05-12,1075.5,1081.949951171875,1048.0,1060.5999755859375,1457225,SBILIFE,NSE,yfinance,1d
2022-05-13,1075.0,1079.0,1038.550048828125,1044.949951171875,1108831,SBILIFE,NSE,yfinance,1d
2022-05-16,1045.0,1054.0,1034.1500244140625,1044.6500244140625,590395,SBILIFE,NSE,yfinance,1d
2022-05-17,1042.0,1075.3499755859375,1036.300048828125,1070.4000244140625,545334,SBILIFE,NSE,yfinance,1d
2022-05-18,1063.5,1085.0,1061.0,1073.9000244140625,775879,SBILIFE,NSE,yfinance,1d
2022-05-19,1073.9000244140625,1073.9000244140625,1047.0,1056.6500244140625,1069562,SBILIFE,NSE,yfinance,1d
2022-05-20,1081.0,1083.5,1061.3499755859375,1071.3499755859375,941175,SBILIFE,NSE,yfinance,1d
2022-05-23,1062.0,1091.9000244140625,1062.0,1076.5,620152,SBILIFE,NSE,yfinance,1d
2022-05-24,1072.75,1083.5999755859375,1057.25,1073.4000244140625,847697,SBILIFE,NSE,yfinance,1d
2022-05-25,1078.0,1116.0,1078.0,1096.0,3185769,SBILIFE,NSE,yfinance,1d
2022-05-26,1097.0,1109.800048828125,1073.4000244140625,1105.3499755859375,1177148,SBILIFE,NSE,yfinance,1d
2022-05-27,1115.0,1129.4000244140625,1102.8499755859375,1121.0999755859375,687512,SBILIFE,NSE,yfinance,1d
2022-05-30,1125.4000244140625,1150.0,1118.8499755859375,1148.4000244140625,580398,SBILIFE,NSE,yfinance,1d
2022-05-31,1154.0,1180.9000244140625,1139.5999755859375,1174.1500244140625,2649820,SBILIFE,NSE,yfinance,1d
2022-06-01,1162.0,1176.0,1144.050048828125,1152.75,683413,SBILIFE,NSE,yfinance,1d
2022-06-02,1140.199951171875,1148.0,1121.300048828125,1143.75,950691,SBILIFE,NSE,yfinance,1d
2022-06-03,1154.0,1161.8499755859375,1138.949951171875,1141.1500244140625,917466,SBILIFE,NSE,yfinance,1d
2022-06-06,1135.5999755859375,1149.5999755859375,1134.0999755859375,1142.0,1199089,SBILIFE,NSE,yfinance,1d
2022-06-07,1135.050048828125,1138.0,1113.5,1134.300048828125,848821,SBILIFE,NSE,yfinance,1d
2022-06-08,1144.25,1159.199951171875,1129.199951171875,1136.050048828125,1387431,SBILIFE,NSE,yfinance,1d
2022-06-09,1136.949951171875,1167.25,1130.550048828125,1163.699951171875,1142045,SBILIFE,NSE,yfinance,1d
2022-06-10,1154.75,1163.699951171875,1152.25,1154.9000244140625,611509,SBILIFE,NSE,yfinance,1d
2022-06-13,1137.050048828125,1161.800048828125,1130.3499755859375,1133.699951171875,1014220,SBILIFE,NSE,yfinance,1d
2022-06-14,1125.0,1145.0,1124.1500244140625,1132.0999755859375,768306,SBILIFE,NSE,yfinance,1d
2022-06-15,1140.0,1144.699951171875,1122.800048828125,1125.75,947417,SBILIFE,NSE,yfinance,1d
2022-06-16,1131.3499755859375,1137.6500244140625,1099.9000244140625,1105.1500244140625,1385141,SBILIFE,NSE,yfinance,1d
2022-06-17,1105.1500244140625,1114.3499755859375,1075.9000244140625,1082.0999755859375,1535565,SBILIFE,NSE,yfinance,1d
2022-06-20,1078.1500244140625,1092.800048828125,1069.1500244140625,1075.949951171875,532685,SBILIFE,NSE,yfinance,1d
2022-06-21,1080.0999755859375,1098.5,1077.3499755859375,1096.3499755859375,659138,SBILIFE,NSE,yfinance,1d
2022-06-22,1095.5,1096.0,1062.5999755859375,1070.449951171875,560136,SBILIFE,NSE,yfinance,1d
2022-06-23,1077.0,1083.0,1061.449951171875,1073.8499755859375,895014,SBILIFE,NSE,yfinance,1d
2022-06-24,1072.0999755859375,1092.9000244140625,1072.0999755859375,1078.550048828125,492066,SBILIFE,NSE,yfinance,1d
2022-06-27,1083.9000244140625,1096.5999755859375,1077.050048828125,1084.550048828125,793805,SBILIFE,NSE,yfinance,1d
2022-06-28,1085.0,1090.0,1068.0,1078.050048828125,572706,SBILIFE,NSE,yfinance,1d
2022-06-29,1070.050048828125,1088.0,1051.550048828125,1067.6500244140625,1224658,SBILIFE,NSE,yfinance,1d
2022-06-30,1073.5,1092.6500244140625,1057.550048828125,1081.5999755859375,1569542,SBILIFE,NSE,yfinance,1d
2022-07-01,1085.449951171875,1105.3499755859375,1075.0,1099.8499755859375,696341,SBILIFE,NSE,yfinance,1d
2022-07-04,1105.0,1122.0,1095.0999755859375,1117.6500244140625,1436248,SBILIFE,NSE,yfinance,1d
2022-07-05,1118.0,1131.3499755859375,1106.949951171875,1111.0,1020111,SBILIFE,NSE,yfinance,1d
2022-07-06,1114.199951171875,1125.0,1111.0,1116.0999755859375,602752,SBILIFE,NSE,yfinance,1d
2022-07-07,1121.699951171875,1130.0,1111.1500244140625,1124.5999755859375,792663,SBILIFE,NSE,yfinance,1d
2022-07-08,1135.800048828125,1149.4000244140625,1127.550048828125,1146.9000244140625,1135110,SBILIFE,NSE,yfinance,1d
2022-07-11,1145.949951171875,1155.0999755859375,1141.050048828125,1147.4000244140625,543156,SBILIFE,NSE,yfinance,1d
2022-07-12,1143.0,1147.0,1134.0999755859375,1139.75,331672,SBILIFE,NSE,yfinance,1d
2022-07-13,1145.449951171875,1150.800048828125,1137.5999755859375,1139.8499755859375,368619,SBILIFE,NSE,yfinance,1d
2022-07-14,1143.0999755859375,1146.9000244140625,1130.050048828125,1138.949951171875,728701,SBILIFE,NSE,yfinance,1d
2022-07-15,1144.6500244140625,1158.0999755859375,1136.8499755859375,1155.449951171875,591171,SBILIFE,NSE,yfinance,1d
2022-07-18,1165.449951171875,1186.8499755859375,1157.300048828125,1177.1500244140625,1044459,SBILIFE,NSE,yfinance,1d
2022-07-19,1176.4000244140625,1185.949951171875,1155.5,1169.949951171875,1099874,SBILIFE,NSE,yfinance,1d
2022-07-20,1175.0,1199.0,1163.5,1186.050048828125,1608377,SBILIFE,NSE,yfinance,1d
2022-07-21,1187.0,1187.0,1163.0,1168.550048828125,1048591,SBILIFE,NSE,yfinance,1d
2022-07-22,1169.550048828125,1176.199951171875,1158.4000244140625,1164.949951171875,753148,SBILIFE,NSE,yfinance,1d
2022-07-25,1172.0,1172.0,1139.199951171875,1144.949951171875,934158,SBILIFE,NSE,yfinance,1d
2022-07-26,1142.0,1150.0999755859375,1135.0,1138.199951171875,687125,SBILIFE,NSE,yfinance,1d
2022-07-27,1140.0,1177.5,1132.199951171875,1149.3499755859375,1554002,SBILIFE,NSE,yfinance,1d
2022-07-28,1155.0,1195.0,1147.5,1191.449951171875,1043318,SBILIFE,NSE,yfinance,1d
2022-07-29,1262.699951171875,1304.699951171875,1241.0,1294.4000244140625,7628351,SBILIFE,NSE,yfinance,1d
2022-08-01,1300.0,1317.25,1287.4000244140625,1313.300048828125,2973441,SBILIFE,NSE,yfinance,1d
2022-08-02,1310.0,1312.800048828125,1280.449951171875,1285.199951171875,1673860,SBILIFE,NSE,yfinance,1d
2022-08-03,1283.0,1287.550048828125,1258.5999755859375,1283.550048828125,1409000,SBILIFE,NSE,yfinance,1d
2022-08-04,1284.0999755859375,1286.949951171875,1270.25,1278.800048828125,1015838,SBILIFE,NSE,yfinance,1d
2022-08-05,1285.199951171875,1287.8499755859375,1260.949951171875,1266.6500244140625,922856,SBILIFE,NSE,yfinance,1d
2022-08-08,1261.199951171875,1272.3499755859375,1251.25,1269.9000244140625,1002771,SBILIFE,NSE,yfinance,1d
2022-08-10,1270.0,1294.300048828125,1269.050048828125,1273.199951171875,1187710,SBILIFE,NSE,yfinance,1d
2022-08-11,1279.5999755859375,1283.949951171875,1259.050048828125,1261.5,943196,SBILIFE,NSE,yfinance,1d
2022-08-12,1255.5,1289.8499755859375,1252.5,1286.550048828125,1572048,SBILIFE,NSE,yfinance,1d
2022-08-16,1289.0,1321.0,1287.050048828125,1309.5999755859375,1710276,SBILIFE,NSE,yfinance,1d
2022-08-17,1305.0,1321.0,1292.449951171875,1305.3499755859375,1209377,SBILIFE,NSE,yfinance,1d
2022-08-18,1306.0,1333.0,1303.3499755859375,1324.199951171875,1498235,SBILIFE,NSE,yfinance,1d
2022-08-19,1320.0,1334.699951171875,1293.3499755859375,1296.949951171875,961803,SBILIFE,NSE,yfinance,1d
2022-08-22,1292.050048828125,1311.4000244140625,1271.1500244140625,1276.0,966451,SBILIFE,NSE,yfinance,1d
2022-08-23,1276.0,1292.6500244140625,1270.0,1279.25,803737,SBILIFE,NSE,yfinance,1d
2022-08-24,1284.0,1289.949951171875,1272.25,1287.5,684029,SBILIFE,NSE,yfinance,1d
2022-08-25,1288.0,1316.0,1288.0,1297.0,1286241,SBILIFE,NSE,yfinance,1d
2022-08-26,1306.0,1327.5,1306.0,1313.699951171875,869870,SBILIFE,NSE,yfinance,1d
2022-08-29,1256.0,1310.9000244140625,1256.0,1298.199951171875,737193,SBILIFE,NSE,yfinance,1d
2022-08-30,1300.0999755859375,1333.6500244140625,1300.0999755859375,1329.0999755859375,1086386,SBILIFE,NSE,yfinance,1d
2022-09-01,1291.0999755859375,1313.0,1291.0,1296.550048828125,2045072,SBILIFE,NSE,yfinance,1d
2022-09-02,1303.050048828125,1311.0,1282.699951171875,1288.199951171875,1141002,SBILIFE,NSE,yfinance,1d
2022-09-05,1294.6500244140625,1296.0,1282.0,1293.4000244140625,440939,SBILIFE,NSE,yfinance,1d
2022-09-06,1293.0,1317.0,1285.050048828125,1311.3499755859375,1792194,SBILIFE,NSE,yfinance,1d
2022-09-07,1304.0,1337.4000244140625,1301.199951171875,1331.550048828125,839563,SBILIFE,NSE,yfinance,1d
2022-09-08,1338.0,1340.3499755859375,1304.75,1317.699951171875,1205449,SBILIFE,NSE,yfinance,1d
2022-09-09,1322.050048828125,1326.949951171875,1291.300048828125,1297.449951171875,548609,SBILIFE,NSE,yfinance,1d
2022-09-12,1297.800048828125,1311.0,1295.050048828125,1306.0,1002755,SBILIFE,NSE,yfinance,1d
2022-09-13,1312.550048828125,1335.0,1311.0,1324.4000244140625,1160040,SBILIFE,NSE,yfinance,1d
2022-09-14,1304.949951171875,1320.0,1300.0,1303.300048828125,800852,SBILIFE,NSE,yfinance,1d
2022-09-15,1309.8499755859375,1317.0,1276.5999755859375,1295.0,1441219,SBILIFE,NSE,yfinance,1d
2022-09-16,1289.0,1302.949951171875,1266.0,1272.25,1717631,SBILIFE,NSE,yfinance,1d
2022-09-19,1278.5,1308.0,1272.449951171875,1303.300048828125,859607,SBILIFE,NSE,yfinance,1d
2022-09-20,1309.8499755859375,1322.5,1306.6500244140625,1309.300048828125,671787,SBILIFE,NSE,yfinance,1d
2022-09-21,1309.300048828125,1318.75,1298.0,1306.300048828125,453755,SBILIFE,NSE,yfinance,1d
2022-09-22,1297.0,1299.949951171875,1269.0,1285.5,932867,SBILIFE,NSE,yfinance,1d
2022-09-23,1274.0,1289.949951171875,1265.550048828125,1273.0,415333,SBILIFE,NSE,yfinance,1d
2022-09-26,1271.800048828125,1271.800048828125,1251.8499755859375,1259.800048828125,1271968,SBILIFE,NSE,yfinance,1d
2022-09-27,1266.0,1270.6500244140625,1237.300048828125,1242.300048828125,821405,SBILIFE,NSE,yfinance,1d
2022-09-28,1227.5,1250.8499755859375,1215.0,1238.800048828125,1102669,SBILIFE,NSE,yfinance,1d
2022-09-29,1245.0,1251.0,1236.0,1239.800048828125,1382993,SBILIFE,NSE,yfinance,1d
2022-09-30,1243.0,1258.0,1234.550048828125,1250.449951171875,1344894,SBILIFE,NSE,yfinance,1d
2022-10-03,1255.5999755859375,1256.6500244140625,1227.8499755859375,1237.25,981699,SBILIFE,NSE,yfinance,1d
2022-10-04,1252.25,1265.0,1250.050048828125,1260.6500244140625,420656,SBILIFE,NSE,yfinance,1d
2022-10-06,1267.0,1279.949951171875,1242.449951171875,1245.1500244140625,900769,SBILIFE,NSE,yfinance,1d
2022-10-07,1239.0999755859375,1256.9000244140625,1238.3499755859375,1243.199951171875,570691,SBILIFE,NSE,yfinance,1d
2022-10-10,1230.0,1243.949951171875,1218.050048828125,1239.300048828125,539842,SBILIFE,NSE,yfinance,1d
2022-10-11,1240.050048828125,1243.0,1200.1500244140625,1206.3499755859375,712461,SBILIFE,NSE,yfinance,1d
2022-10-12,1206.0,1220.449951171875,1200.300048828125,1212.199951171875,721135,SBILIFE,NSE,yfinance,1d
2022-10-13,1207.0,1216.550048828125,1185.050048828125,1187.9000244140625,689562,SBILIFE,NSE,yfinance,1d
2022-10-14,1201.0,1217.050048828125,1177.5999755859375,1179.800048828125,717290,SBILIFE,NSE,yfinance,1d
2022-10-17,1178.0,1198.6500244140625,1167.5999755859375,1189.800048828125,1615547,SBILIFE,NSE,yfinance,1d
2022-10-18,1195.75,1226.0,1193.1500244140625,1219.050048828125,1367703,SBILIFE,NSE,yfinance,1d
2022-10-19,1220.0,1233.800048828125,1213.3499755859375,1227.0999755859375,947326,SBILIFE,NSE,yfinance,1d
2022-10-20,1220.0,1230.0,1214.0,1222.949951171875,878595,SBILIFE,NSE,yfinance,1d
2022-10-21,1228.449951171875,1250.25,1227.0,1246.3499755859375,1020728,SBILIFE,NSE,yfinance,1d
2022-10-24,1268.949951171875,1268.949951171875,1238.800048828125,1257.5999755859375,157253,SBILIFE,NSE,yfinance,1d
2022-10-25,1261.5999755859375,1278.5999755859375,1243.199951171875,1254.8499755859375,1260061,SBILIFE,NSE,yfinance,1d
2022-10-27,1255.5,1264.0,1243.550048828125,1252.9000244140625,1512949,SBILIFE,NSE,yfinance,1d
2022-10-28,1259.199951171875,1265.3499755859375,1244.449951171875,1252.800048828125,528795,SBILIFE,NSE,yfinance,1d
2022-10-31,1259.0999755859375,1273.75,1255.300048828125,1265.949951171875,539055,SBILIFE,NSE,yfinance,1d
2022-11-01,1265.949951171875,1286.4000244140625,1260.050048828125,1268.75,1038607,SBILIFE,NSE,yfinance,1d
2022-11-02,1275.0999755859375,1279.4000244140625,1262.5,1272.6500244140625,369486,SBILIFE,NSE,yfinance,1d
2022-11-03,1263.0,1281.0,1263.0,1276.050048828125,431610,SBILIFE,NSE,yfinance,1d
2022-11-04,1280.0,1281.8499755859375,1259.5,1265.5999755859375,336277,SBILIFE,NSE,yfinance,1d
2022-11-07,1271.949951171875,1282.0,1265.4000244140625,1278.6500244140625,474230,SBILIFE,NSE,yfinance,1d
2022-11-09,1290.0,1290.0,1256.050048828125,1263.800048828125,992095,SBILIFE,NSE,yfinance,1d
2022-11-10,1268.0999755859375,1268.0999755859375,1225.949951171875,1238.3499755859375,497796,SBILIFE,NSE,yfinance,1d
2022-11-11,1251.0,1273.199951171875,1238.3499755859375,1250.25,1136441,SBILIFE,NSE,yfinance,1d
2022-11-14,1251.0,1259.9000244140625,1239.949951171875,1248.5999755859375,772676,SBILIFE,NSE,yfinance,1d
2022-11-15,1248.5999755859375,1262.0,1238.5,1259.300048828125,775345,SBILIFE,NSE,yfinance,1d
2022-11-16,1260.0,1265.550048828125,1246.300048828125,1254.9000244140625,1280120,SBILIFE,NSE,yfinance,1d
2022-11-17,1255.5,1261.1500244140625,1244.0,1254.3499755859375,796479,SBILIFE,NSE,yfinance,1d
2022-11-18,1254.3499755859375,1261.0,1237.6500244140625,1242.75,1253218,SBILIFE,NSE,yfinance,1d
2022-11-21,1230.0999755859375,1248.9000244140625,1205.5,1226.5999755859375,1040107,SBILIFE,NSE,yfinance,1d
2022-11-22,1232.699951171875,1235.949951171875,1219.6500244140625,1229.050048828125,750489,SBILIFE,NSE,yfinance,1d
2022-11-23,1234.949951171875,1235.0,1217.1500244140625,1226.300048828125,880563,SBILIFE,NSE,yfinance,1d
2022-11-24,1230.0,1245.3499755859375,1220.25,1240.6500244140625,1717980,SBILIFE,NSE,yfinance,1d
2022-11-25,1248.199951171875,1254.949951171875,1229.0999755859375,1235.25,1429364,SBILIFE,NSE,yfinance,1d
2022-11-28,1230.0,1269.5,1227.0,1253.5,1073327,SBILIFE,NSE,yfinance,1d
2022-11-29,1253.5,1273.300048828125,1247.949951171875,1258.4000244140625,1070183,SBILIFE,NSE,yfinance,1d
2022-11-30,1258.3499755859375,1289.699951171875,1252.75,1282.9000244140625,1401332,SBILIFE,NSE,yfinance,1d
2022-12-01,1290.0,1298.1500244140625,1276.199951171875,1290.75,949604,SBILIFE,NSE,yfinance,1d
2022-12-02,1292.0,1299.949951171875,1265.0,1295.1500244140625,1614314,SBILIFE,NSE,yfinance,1d
2022-12-05,1298.0999755859375,1298.0999755859375,1273.6500244140625,1284.550048828125,684421,SBILIFE,NSE,yfinance,1d
2022-12-06,1286.0,1313.5,1281.550048828125,1285.0999755859375,1991151,SBILIFE,NSE,yfinance,1d
2022-12-07,1285.9000244140625,1296.5999755859375,1259.0,1262.050048828125,636553,SBILIFE,NSE,yfinance,1d
2022-12-08,1242.0,1268.75,1242.0,1266.8499755859375,608199,SBILIFE,NSE,yfinance,1d
2022-12-09,1277.0,1277.0,1257.050048828125,1269.6500244140625,679420,SBILIFE,NSE,yfinance,1d
2022-12-12,1268.949951171875,1273.0,1253.050048828125,1263.199951171875,498780,SBILIFE,NSE,yfinance,1d
2022-12-13,1265.5,1280.3499755859375,1259.25,1277.800048828125,598044,SBILIFE,NSE,yfinance,1d
2022-12-14,1285.0,1286.0,1266.5999755859375,1269.75,609946,SBILIFE,NSE,yfinance,1d
2022-12-15,1274.949951171875,1295.0,1268.6500244140625,1273.5,1303760,SBILIFE,NSE,yfinance,1d
2022-12-16,1263.0,1278.75,1250.5999755859375,1254.1500244140625,722024,SBILIFE,NSE,yfinance,1d
2022-12-19,1254.199951171875,1270.9000244140625,1251.3499755859375,1267.5,378502,SBILIFE,NSE,yfinance,1d
2022-12-20,1260.0,1269.0,1229.050048828125,1231.25,1478618,SBILIFE,NSE,yfinance,1d
2022-12-21,1231.050048828125,1244.800048828125,1221.5999755859375,1234.3499755859375,1281437,SBILIFE,NSE,yfinance,1d
2022-12-22,1234.4000244140625,1249.0,1229.1500244140625,1244.75,1176517,SBILIFE,NSE,yfinance,1d
2022-12-23,1239.300048828125,1248.0,1216.75,1224.5999755859375,877135,SBILIFE,NSE,yfinance,1d
2022-12-26,1222.949951171875,1249.3499755859375,1205.0,1243.300048828125,567165,SBILIFE,NSE,yfinance,1d
2022-12-27,1243.5,1254.75,1235.0999755859375,1241.050048828125,471890,SBILIFE,NSE,yfinance,1d
2022-12-28,1241.0,1249.9000244140625,1232.0999755859375,1242.050048828125,376439,SBILIFE,NSE,yfinance,1d
2022-12-29,1238.0,1262.800048828125,1229.050048828125,1258.5999755859375,678487,SBILIFE,NSE,yfinance,1d
2022-12-30,1262.0,1263.800048828125,1228.800048828125,1231.300048828125,1052741,SBILIFE,NSE,yfinance,1d
2023-01-02,1230.0,1247.6500244140625,1222.0,1240.050048828125,703923,SBILIFE,NSE,yfinance,1d
2023-01-03,1244.699951171875,1275.0,1226.4000244140625,1268.4000244140625,1871263,SBILIFE,NSE,yfinance,1d
2023-01-04,1268.3499755859375,1282.300048828125,1253.050048828125,1259.050048828125,1073081,SBILIFE,NSE,yfinance,1d
2023-01-05,1260.6500244140625,1274.550048828125,1255.050048828125,1267.6500244140625,878852,SBILIFE,NSE,yfinance,1d
2023-01-06,1270.949951171875,1287.3499755859375,1266.5,1269.050048828125,1675874,SBILIFE,NSE,yfinance,1d
2023-01-09,1275.4000244140625,1313.9000244140625,1271.1500244140625,1306.3499755859375,1432882,SBILIFE,NSE,yfinance,1d
2023-01-10,1306.3499755859375,1313.6500244140625,1297.9000244140625,1302.5999755859375,1000059,SBILIFE,NSE,yfinance,1d
2023-01-11,1309.1500244140625,1309.1500244140625,1287.3499755859375,1291.300048828125,652049,SBILIFE,NSE,yfinance,1d
2023-01-12,1291.300048828125,1320.0,1291.300048828125,1315.699951171875,1377949,SBILIFE,NSE,yfinance,1d
2023-01-13,1319.0,1326.0,1306.0,1312.949951171875,1214977,SBILIFE,NSE,yfinance,1d
2023-01-16,1319.550048828125,1322.75,1295.0,1300.9000244140625,600742,SBILIFE,NSE,yfinance,1d
2023-01-17,1304.699951171875,1310.4000244140625,1294.5,1298.449951171875,895667,SBILIFE,NSE,yfinance,1d
2023-01-18,1309.0,1322.0,1302.1500244140625,1310.6500244140625,1078873,SBILIFE,NSE,yfinance,1d
2023-01-19,1313.0,1330.0,1303.5999755859375,1323.0999755859375,1189082,SBILIFE,NSE,yfinance,1d
2023-01-20,1324.050048828125,1325.949951171875,1292.3499755859375,1296.0999755859375,966855,SBILIFE,NSE,yfinance,1d
2023-01-23,1285.0,1318.1500244140625,1280.0,1295.4000244140625,1367408,SBILIFE,NSE,yfinance,1d
2023-01-24,1296.0,1301.0,1270.199951171875,1273.25,657428,SBILIFE,NSE,yfinance,1d
2023-01-25,1273.199951171875,1278.800048828125,1250.050048828125,1257.449951171875,599832,SBILIFE,NSE,yfinance,1d
2023-01-27,1263.699951171875,1291.5,1230.0,1250.25,1164597,SBILIFE,NSE,yfinance,1d
2023-01-30,1222.0,1244.449951171875,1215.5999755859375,1233.449951171875,1694822,SBILIFE,NSE,yfinance,1d
2023-01-31,1243.699951171875,1243.699951171875,1212.550048828125,1219.550048828125,1760628,SBILIFE,NSE,yfinance,1d
2023-02-01,1219.550048828125,1228.75,1068.8499755859375,1109.4000244140625,8470232,SBILIFE,NSE,yfinance,1d
2023-02-02,1090.199951171875,1155.0,1088.75,1107.5,8566734,SBILIFE,NSE,yfinance,1d
2023-02-03,1115.0,1145.6500244140625,1115.0,1138.050048828125,4061171,SBILIFE,NSE,yfinance,1d
2023-02-06,1127.199951171875,1146.8499755859375,1115.0,1138.4000244140625,2909587,SBILIFE,NSE,yfinance,1d
2023-02-07,1143.0,1147.8499755859375,1124.449951171875,1131.75,1741642,SBILIFE,NSE,yfinance,1d
2023-02-08,1140.0,1172.0,1135.1500244140625,1164.5,3265863,SBILIFE,NSE,yfinance,1d
2023-02-09,1170.5999755859375,1185.0,1162.75,1180.449951171875,2186484,SBILIFE,NSE,yfinance,1d
2023-02-10,1179.8499755859375,1187.5,1167.050048828125,1184.5,1655228,SBILIFE,NSE,yfinance,1d
2023-02-13,1180.199951171875,1187.949951171875,1173.050048828125,1179.0999755859375,812659,SBILIFE,NSE,yfinance,1d
2023-02-14,1178.0,1181.449951171875,1155.0999755859375,1161.699951171875,990530,SBILIFE,NSE,yfinance,1d
2023-02-15,1160.9000244140625,1183.8499755859375,1150.0,1180.3499755859375,1243115,SBILIFE,NSE,yfinance,1d
2023-02-16,1186.300048828125,1186.300048828125,1169.550048828125,1174.0999755859375,356750,SBILIFE,NSE,yfinance,1d
2023-02-17,1175.5999755859375,1175.5999755859375,1137.25,1149.699951171875,909951,SBILIFE,NSE,yfinance,1d
2023-02-20,1144.0,1170.6500244140625,1141.1500244140625,1158.4000244140625,488052,SBILIFE,NSE,yfinance,1d
2023-02-21,1164.199951171875,1168.0,1144.199951171875,1150.3499755859375,610755,SBILIFE,NSE,yfinance,1d
2023-02-22,1148.9000244140625,1148.949951171875,1125.1500244140625,1131.1500244140625,944068,SBILIFE,NSE,yfinance,1d
2023-02-23,1136.8499755859375,1141.9000244140625,1123.8499755859375,1135.4000244140625,768179,SBILIFE,NSE,yfinance,1d
2023-02-24,1136.0999755859375,1142.3499755859375,1119.199951171875,1122.050048828125,973799,SBILIFE,NSE,yfinance,1d
2023-02-27,1122.050048828125,1135.0,1110.449951171875,1129.1500244140625,987563,SBILIFE,NSE,yfinance,1d
2023-02-28,1131.4000244140625,1134.9000244140625,1109.050048828125,1121.0,1219508,SBILIFE,NSE,yfinance,1d
2023-03-01,1126.6500244140625,1126.6500244140625,1108.800048828125,1118.1500244140625,675500,SBILIFE,NSE,yfinance,1d
2023-03-02,1121.699951171875,1123.0,1098.0999755859375,1100.1500244140625,491880,SBILIFE,NSE,yfinance,1d
2023-03-03,1100.1500244140625,1132.699951171875,1100.1500244140625,1129.25,922485,SBILIFE,NSE,yfinance,1d
2023-03-06,1132.0,1145.949951171875,1125.0,1128.699951171875,920574,SBILIFE,NSE,yfinance,1d
2023-03-08,1130.0,1141.300048828125,1110.699951171875,1129.199951171875,959097,SBILIFE,NSE,yfinance,1d
2023-03-09,1129.199951171875,1134.699951171875,1092.0,1096.699951171875,1239659,SBILIFE,NSE,yfinance,1d
2023-03-10,1093.0,1100.550048828125,1083.949951171875,1095.9000244140625,893708,SBILIFE,NSE,yfinance,1d
2023-03-13,1092.0,1101.4000244140625,1066.1500244140625,1072.5,875379,SBILIFE,NSE,yfinance,1d
2023-03-14,1074.800048828125,1092.550048828125,1071.0,1077.0999755859375,1089923,SBILIFE,NSE,yfinance,1d
2023-03-15,1080.0,1081.4000244140625,1062.0,1067.050048828125,1566147,SBILIFE,NSE,yfinance,1d
2023-03-16,1071.949951171875,1088.550048828125,1054.5999755859375,1062.6500244140625,1023855,SBILIFE,NSE,yfinance,1d
2023-03-17,1068.0,1091.0999755859375,1066.1500244140625,1071.5999755859375,1569036,SBILIFE,NSE,yfinance,1d
2023-03-20,1071.5999755859375,1089.949951171875,1054.0,1074.0999755859375,842875,SBILIFE,NSE,yfinance,1d
2023-03-21,1075.050048828125,1099.699951171875,1075.050048828125,1097.699951171875,842669,SBILIFE,NSE,yfinance,1d
2023-03-22,1119.5,1127.6500244140625,1103.050048828125,1113.0999755859375,1399723,SBILIFE,NSE,yfinance,1d
2023-03-23,1113.800048828125,1125.550048828125,1105.0,1118.6500244140625,463672,SBILIFE,NSE,yfinance,1d
2023-03-24,1110.0,1121.8499755859375,1088.5,1112.199951171875,1019781,SBILIFE,NSE,yfinance,1d
2023-03-27,1109.699951171875,1116.5999755859375,1095.0999755859375,1099.300048828125,1078978,SBILIFE,NSE,yfinance,1d
2023-03-28,1104.800048828125,1106.5,1088.050048828125,1091.300048828125,609715,SBILIFE,NSE,yfinance,1d
2023-03-29,1094.0,1106.0,1083.25,1098.699951171875,890212,SBILIFE,NSE,yfinance,1d
2023-03-31,1100.199951171875,1112.949951171875,1097.25,1101.0999755859375,959958,SBILIFE,NSE,yfinance,1d
2023-04-03,1100.0,1126.800048828125,1091.800048828125,1103.800048828125,1689388,SBILIFE,NSE,yfinance,1d
2023-04-05,1109.550048828125,1118.9000244140625,1100.449951171875,1105.550048828125,713828,SBILIFE,NSE,yfinance,1d
2023-04-06,1108.9000244140625,1120.0,1105.0,1116.25,959185,SBILIFE,NSE,yfinance,1d
2023-04-10,1119.4000244140625,1119.449951171875,1104.050048828125,1106.25,985731,SBILIFE,NSE,yfinance,1d
2023-04-11,1110.9000244140625,1131.8499755859375,1108.4000244140625,1112.6500244140625,913188,SBILIFE,NSE,yfinance,1d
2023-04-12,1118.5,1130.0,1112.0999755859375,1126.8499755859375,784276,SBILIFE,NSE,yfinance,1d
2023-04-13,1126.8499755859375,1139.0,1123.5,1130.25,1508398,SBILIFE,NSE,yfinance,1d
2023-04-17,1120.0,1150.75,1119.0,1145.3499755859375,1053536,SBILIFE,NSE,yfinance,1d
2023-04-18,1145.3499755859375,1153.300048828125,1140.0999755859375,1145.550048828125,521013,SBILIFE,NSE,yfinance,1d
2023-04-19,1140.0,1145.25,1120.5,1123.4000244140625,1033060,SBILIFE,NSE,yfinance,1d
2023-04-20,1123.4000244140625,1131.800048828125,1112.5,1128.8499755859375,663526,SBILIFE,NSE,yfinance,1d
2023-04-21,1136.5999755859375,1136.5999755859375,1103.3499755859375,1106.550048828125,835506,SBILIFE,NSE,yfinance,1d
2023-04-24,1106.0,1113.6500244140625,1090.5999755859375,1105.699951171875,1337055,SBILIFE,NSE,yfinance,1d
2023-04-25,1106.0,1122.1500244140625,1101.050048828125,1105.8499755859375,1099269,SBILIFE,NSE,yfinance,1d
2023-04-26,1106.0,1122.0,1104.0,1118.300048828125,993607,SBILIFE,NSE,yfinance,1d
2023-04-27,1138.75,1145.0,1125.0,1137.050048828125,1895316,SBILIFE,NSE,yfinance,1d
2023-04-28,1148.0,1148.0,1130.1500244140625,1140.0999755859375,1380448,SBILIFE,NSE,yfinance,1d
2023-05-02,1147.0,1158.25,1144.3499755859375,1150.9000244140625,916515,SBILIFE,NSE,yfinance,1d
2023-05-03,1148.5,1150.0999755859375,1134.300048828125,1136.9000244140625,623440,SBILIFE,NSE,yfinance,1d
2023-05-04,1136.949951171875,1169.9000244140625,1136.949951171875,1167.449951171875,2409910,SBILIFE,NSE,yfinance,1d
2023-05-05,1172.0,1183.25,1167.5,1173.699951171875,1360996,SBILIFE,NSE,yfinance,1d
2023-05-08,1178.0,1185.699951171875,1168.0,1182.3499755859375,1221625,SBILIFE,NSE,yfinance,1d
2023-05-09,1183.949951171875,1189.949951171875,1176.9000244140625,1183.1500244140625,1412254,SBILIFE,NSE,yfinance,1d
2023-05-10,1184.4000244140625,1195.0,1181.3499755859375,1188.800048828125,1420187,SBILIFE,NSE,yfinance,1d
2023-05-11,1189.0999755859375,1195.800048828125,1179.050048828125,1185.4000244140625,621616,SBILIFE,NSE,yfinance,1d
2023-05-12,1180.0,1193.949951171875,1174.0,1187.050048828125,1158276,SBILIFE,NSE,yfinance,1d
2023-05-15,1181.0999755859375,1194.5,1181.0999755859375,1189.449951171875,680497,SBILIFE,NSE,yfinance,1d
2023-05-16,1196.0,1201.800048828125,1174.199951171875,1180.75,926172,SBILIFE,NSE,yfinance,1d
2023-05-17,1182.800048828125,1184.949951171875,1159.199951171875,1162.5999755859375,688730,SBILIFE,NSE,yfinance,1d
2023-05-18,1162.5999755859375,1172.8499755859375,1150.5,1152.699951171875,1133501,SBILIFE,NSE,yfinance,1d
2023-05-19,1152.699951171875,1157.699951171875,1142.550048828125,1154.1500244140625,333053,SBILIFE,NSE,yfinance,1d
2023-05-22,1157.449951171875,1159.9000244140625,1149.199951171875,1150.800048828125,392404,SBILIFE,NSE,yfinance,1d
2023-05-23,1147.0,1167.8499755859375,1144.8499755859375,1165.5999755859375,1139676,SBILIFE,NSE,yfinance,1d
2023-05-24,1169.5,1177.1500244140625,1158.800048828125,1175.3499755859375,995336,SBILIFE,NSE,yfinance,1d
2023-05-25,1175.3499755859375,1182.0,1171.5,1177.3499755859375,1136179,SBILIFE,NSE,yfinance,1d
2023-05-26,1175.0,1203.699951171875,1173.1500244140625,1195.75,703725,SBILIFE,NSE,yfinance,1d
2023-05-29,1198.949951171875,1231.9000244140625,1197.0999755859375,1218.0999755859375,1370649,SBILIFE,NSE,yfinance,1d
2023-05-30,1214.6500244140625,1217.800048828125,1200.8499755859375,1215.9000244140625,745769,SBILIFE,NSE,yfinance,1d
2023-05-31,1215.550048828125,1239.6500244140625,1211.949951171875,1235.0,2382996,SBILIFE,NSE,yfinance,1d
2023-06-01,1241.5,1243.0,1204.4000244140625,1207.75,1041761,SBILIFE,NSE,yfinance,1d
2023-06-02,1211.800048828125,1216.199951171875,1199.25,1202.5,737046,SBILIFE,NSE,yfinance,1d
2023-06-05,1208.0,1219.0,1205.0,1215.4000244140625,1599077,SBILIFE,NSE,yfinance,1d
2023-06-06,1219.8499755859375,1225.0,1210.0999755859375,1223.0,793761,SBILIFE,NSE,yfinance,1d
2023-06-07,1225.300048828125,1248.0,1221.0,1245.800048828125,1067618,SBILIFE,NSE,yfinance,1d
2023-06-08,1247.699951171875,1254.75,1234.050048828125,1238.9000244140625,760962,SBILIFE,NSE,yfinance,1d
2023-06-09,1227.5999755859375,1253.5999755859375,1227.5,1232.4000244140625,1904738,SBILIFE,NSE,yfinance,1d
2023-06-12,1242.199951171875,1256.300048828125,1234.8499755859375,1238.9000244140625,1402903,SBILIFE,NSE,yfinance,1d
2023-06-13,1238.0,1248.800048828125,1238.0,1243.300048828125,1253147,SBILIFE,NSE,yfinance,1d
2023-06-14,1240.0999755859375,1254.949951171875,1227.6500244140625,1242.300048828125,713768,SBILIFE,NSE,yfinance,1d
2023-06-15,1245.0,1250.5999755859375,1236.449951171875,1241.0999755859375,738348,SBILIFE,NSE,yfinance,1d
2023-06-16,1241.0,1291.949951171875,1236.050048828125,1281.3499755859375,2049003,SBILIFE,NSE,yfinance,1d
2023-06-19,1281.3499755859375,1288.1500244140625,1275.0,1280.5,741782,SBILIFE,NSE,yfinance,1d
2023-06-20,1281.8499755859375,1306.800048828125,1280.5,1295.3499755859375,1474323,SBILIFE,NSE,yfinance,1d
2023-06-21,1295.3499755859375,1306.300048828125,1286.25,1294.949951171875,855234,SBILIFE,NSE,yfinance,1d
2023-06-22,1295.9000244140625,1306.0,1272.949951171875,1276.5,556505,SBILIFE,NSE,yfinance,1d
2023-06-23,1271.199951171875,1274.9000244140625,1260.5,1262.699951171875,1076729,SBILIFE,NSE,yfinance,1d
2023-06-26,1266.949951171875,1276.199951171875,1263.199951171875,1266.3499755859375,1009927,SBILIFE,NSE,yfinance,1d
2023-06-27,1268.5,1290.0,1258.1500244140625,1286.4000244140625,1650539,SBILIFE,NSE,yfinance,1d
2023-06-28,1290.0,1312.5999755859375,1285.0,1299.9000244140625,2245575,SBILIFE,NSE,yfinance,1d
2023-06-30,1301.050048828125,1315.449951171875,1301.0,1306.9000244140625,972782,SBILIFE,NSE,yfinance,1d
2023-07-03,1307.949951171875,1312.0,1291.0,1297.949951171875,599025,SBILIFE,NSE,yfinance,1d
2023-07-04,1320.0,1320.050048828125,1282.8499755859375,1289.25,866223,SBILIFE,NSE,yfinance,1d
2023-07-05,1289.550048828125,1316.699951171875,1285.0999755859375,1291.550048828125,960704,SBILIFE,NSE,yfinance,1d
2023-07-06,1298.0,1311.75,1289.3499755859375,1292.949951171875,726222,SBILIFE,NSE,yfinance,1d
2023-07-07,1292.5999755859375,1318.0,1288.449951171875,1294.0,939840,SBILIFE,NSE,yfinance,1d
2023-07-10,1300.699951171875,1302.0,1283.199951171875,1293.300048828125,675354,SBILIFE,NSE,yfinance,1d
2023-07-11,1298.75,1308.75,1289.5,1295.0,821816,SBILIFE,NSE,yfinance,1d
2023-07-12,1291.0,1306.5999755859375,1291.0,1300.5999755859375,905809,SBILIFE,NSE,yfinance,1d
2023-07-13,1312.0,1336.0,1305.050048828125,1313.949951171875,1579954,SBILIFE,NSE,yfinance,1d
2023-07-14,1320.5,1326.050048828125,1311.3499755859375,1320.300048828125,1321159,SBILIFE,NSE,yfinance,1d
2023-07-17,1321.0,1328.550048828125,1296.75,1314.5,1055414,SBILIFE,NSE,yfinance,1d
2023-07-18,1315.0,1322.300048828125,1305.6500244140625,1314.550048828125,1427102,SBILIFE,NSE,yfinance,1d
2023-07-19,1314.5999755859375,1321.550048828125,1307.25,1310.449951171875,659900,SBILIFE,NSE,yfinance,1d
2023-07-20,1315.0,1321.5999755859375,1303.1500244140625,1314.050048828125,898725,SBILIFE,NSE,yfinance,1d
2023-07-21,1314.800048828125,1322.75,1288.0,1290.699951171875,524241,SBILIFE,NSE,yfinance,1d
2023-07-24,1290.699951171875,1324.4000244140625,1287.9000244140625,1317.1500244140625,1183272,SBILIFE,NSE,yfinance,1d
2023-07-25,1318.0,1320.0,1290.0999755859375,1301.0999755859375,1362929,SBILIFE,NSE,yfinance,1d
2023-07-26,1290.0,1299.949951171875,1275.25,1292.6500244140625,2302730,SBILIFE,NSE,yfinance,1d
2023-07-27,1295.0,1312.0,1292.75,1296.5,1946045,SBILIFE,NSE,yfinance,1d
2023-07-28,1301.949951171875,1301.949951171875,1281.300048828125,1289.75,1051700,SBILIFE,NSE,yfinance,1d
2023-07-31,1296.949951171875,1296.949951171875,1270.0,1282.1500244140625,1061701,SBILIFE,NSE,yfinance,1d
2023-08-01,1285.0,1285.0,1261.0999755859375,1279.949951171875,1219778,SBILIFE,NSE,yfinance,1d
2023-08-02,1280.0,1284.9000244140625,1252.449951171875,1262.25,888107,SBILIFE,NSE,yfinance,1d
2023-08-03,1259.949951171875,1274.800048828125,1251.6500244140625,1253.75,871719,SBILIFE,NSE,yfinance,1d
2023-08-04,1258.949951171875,1287.1500244140625,1254.0,1267.9000244140625,1609140,SBILIFE,NSE,yfinance,1d
2023-08-07,1273.0,1305.699951171875,1266.550048828125,1302.550048828125,1719680,SBILIFE,NSE,yfinance,1d
2023-08-08,1306.9000244140625,1358.75,1293.75,1349.3499755859375,3458915,SBILIFE,NSE,yfinance,1d
2023-08-09,1366.0,1374.0,1343.0,1349.3499755859375,1746764,SBILIFE,NSE,yfinance,1d
2023-08-10,1344.949951171875,1358.9000244140625,1330.0999755859375,1334.3499755859375,841571,SBILIFE,NSE,yfinance,1d
2023-08-11,1340.0,1340.0,1304.9000244140625,1311.5,891342,SBILIFE,NSE,yfinance,1d
2023-08-14,1314.0,1315.949951171875,1291.949951171875,1297.0999755859375,888959,SBILIFE,NSE,yfinance,1d
2023-08-16,1295.0,1299.949951171875,1281.0,1291.300048828125,395774,SBILIFE,NSE,yfinance,1d
2023-08-17,1286.5,1289.949951171875,1276.25,1284.449951171875,843146,SBILIFE,NSE,yfinance,1d
2023-08-18,1278.550048828125,1285.8499755859375,1266.0,1282.449951171875,886254,SBILIFE,NSE,yfinance,1d
2023-08-21,1282.949951171875,1289.800048828125,1274.300048828125,1278.550048828125,703317,SBILIFE,NSE,yfinance,1d
2023-08-22,1284.3499755859375,1313.199951171875,1278.75,1286.75,1405263,SBILIFE,NSE,yfinance,1d
2023-08-23,1289.949951171875,1304.5,1286.25,1300.25,583458,SBILIFE,NSE,yfinance,1d
2023-08-24,1299.9000244140625,1311.6500244140625,1290.1500244140625,1293.75,618797,SBILIFE,NSE,yfinance,1d
2023-08-25,1293.050048828125,1298.550048828125,1282.449951171875,1296.4000244140625,487521,SBILIFE,NSE,yfinance,1d
2023-08-28,1300.0,1307.0,1289.550048828125,1291.550048828125,764751,SBILIFE,NSE,yfinance,1d
2023-08-29,1292.0,1301.6500244140625,1290.0,1297.199951171875,1011094,SBILIFE,NSE,yfinance,1d
2023-08-30,1301.949951171875,1307.8499755859375,1293.300048828125,1300.5999755859375,812860,SBILIFE,NSE,yfinance,1d
2023-08-31,1304.8499755859375,1308.5999755859375,1286.5,1292.550048828125,1390078,SBILIFE,NSE,yfinance,1d
2023-09-01,1297.949951171875,1327.0999755859375,1293.199951171875,1320.550048828125,761000,SBILIFE,NSE,yfinance,1d
2023-09-04,1328.5,1332.449951171875,1301.5,1328.3499755859375,542261,SBILIFE,NSE,yfinance,1d
2023-09-05,1328.3499755859375,1338.949951171875,1305.6500244140625,1309.449951171875,1922115,SBILIFE,NSE,yfinance,1d
2023-09-06,1310.0,1329.0,1305.449951171875,1319.800048828125,1461738,SBILIFE,NSE,yfinance,1d
2023-09-07,1320.0,1351.300048828125,1311.449951171875,1347.5,1468196,SBILIFE,NSE,yfinance,1d
2023-09-08,1348.0,1349.449951171875,1334.3499755859375,1341.449951171875,1214231,SBILIFE,NSE,yfinance,1d
2023-09-11,1344.449951171875,1356.8499755859375,1337.0,1350.1500244140625,844034,SBILIFE,NSE,yfinance,1d
2023-09-12,1352.800048828125,1352.800048828125,1331.300048828125,1346.5,1139357,SBILIFE,NSE,yfinance,1d
2023-09-13,1350.0,1351.050048828125,1328.25,1345.5,438029,SBILIFE,NSE,yfinance,1d
2023-09-14,1345.5,1360.75,1342.25,1352.75,889229,SBILIFE,NSE,yfinance,1d
2023-09-15,1355.300048828125,1374.8499755859375,1352.0,1372.6500244140625,878944,SBILIFE,NSE,yfinance,1d
2023-09-18,1375.0,1393.0,1367.550048828125,1373.699951171875,1324270,SBILIFE,NSE,yfinance,1d
2023-09-20,1370.0,1376.800048828125,1340.3499755859375,1345.199951171875,574012,SBILIFE,NSE,yfinance,1d
2023-09-21,1345.5,1351.9000244140625,1328.050048828125,1334.199951171875,783641,SBILIFE,NSE,yfinance,1d
2023-09-22,1326.050048828125,1337.5999755859375,1316.0,1318.8499755859375,1084861,SBILIFE,NSE,yfinance,1d
2023-09-25,1318.800048828125,1340.0,1289.0999755859375,1294.1500244140625,908011,SBILIFE,NSE,yfinance,1d
2023-09-26,1295.5,1302.3499755859375,1285.199951171875,1289.699951171875,749346,SBILIFE,NSE,yfinance,1d
2023-09-27,1283.300048828125,1304.0,1277.949951171875,1301.0,643756,SBILIFE,NSE,yfinance,1d
2023-09-28,1301.0,1308.5,1284.5,1289.4000244140625,1026081,SBILIFE,NSE,yfinance,1d
2023-09-29,1289.949951171875,1312.0,1289.0,1305.4000244140625,1294800,SBILIFE,NSE,yfinance,1d
2023-10-03,1302.1500244140625,1302.1500244140625,1282.6500244140625,1292.449951171875,1282289,SBILIFE,NSE,yfinance,1d
2023-10-04,1291.5999755859375,1297.699951171875,1264.3499755859375,1270.550048828125,1139615,SBILIFE,NSE,yfinance,1d
2023-10-05,1271.0,1282.0999755859375,1264.949951171875,1274.449951171875,979561,SBILIFE,NSE,yfinance,1d
2023-10-06,1276.0,1287.550048828125,1272.0,1282.949951171875,784191,SBILIFE,NSE,yfinance,1d
2023-10-09,1278.0999755859375,1290.75,1272.0,1277.25,1345177,SBILIFE,NSE,yfinance,1d
2023-10-10,1285.0,1312.5999755859375,1279.800048828125,1302.050048828125,1221002,SBILIFE,NSE,yfinance,1d
2023-10-11,1310.0,1310.949951171875,1291.1500244140625,1309.3499755859375,1374812,SBILIFE,NSE,yfinance,1d
2023-10-12,1311.949951171875,1317.4000244140625,1300.949951171875,1313.6500244140625,726322,SBILIFE,NSE,yfinance,1d
2023-10-13,1315.8499755859375,1329.6500244140625,1312.8499755859375,1316.449951171875,916350,SBILIFE,NSE,yfinance,1d
2023-10-16,1319.199951171875,1332.199951171875,1310.550048828125,1322.199951171875,578729,SBILIFE,NSE,yfinance,1d
2023-10-17,1325.0,1351.0999755859375,1325.0,1348.3499755859375,1073063,SBILIFE,NSE,yfinance,1d
2023-10-18,1344.050048828125,1358.5999755859375,1339.0,1356.3499755859375,454861,SBILIFE,NSE,yfinance,1d
2023-10-19,1349.0,1353.5999755859375,1338.5999755859375,1348.1500244140625,595436,SBILIFE,NSE,yfinance,1d
2023-10-20,1340.0,1368.6500244140625,1336.5,1362.6500244140625,936229,SBILIFE,NSE,yfinance,1d
2023-10-23,1359.949951171875,1366.550048828125,1329.050048828125,1338.4000244140625,976136,SBILIFE,NSE,yfinance,1d
2023-10-25,1323.050048828125,1346.0999755859375,1308.6500244140625,1314.1500244140625,945901,SBILIFE,NSE,yfinance,1d
2023-10-26,1315.800048828125,1315.800048828125,1290.75,1305.5999755859375,1107874,SBILIFE,NSE,yfinance,1d
2023-10-27,1307.5999755859375,1320.699951171875,1293.6500244140625,1302.9000244140625,654531,SBILIFE,NSE,yfinance,1d
2023-10-30,1305.199951171875,1330.699951171875,1305.0,1326.199951171875,1242401,SBILIFE,NSE,yfinance,1d
2023-10-31,1325.0,1375.4000244140625,1319.5,1367.8499755859375,2287988,SBILIFE,NSE,yfinance,1d
2023-11-01,1371.050048828125,1377.949951171875,1332.4000244140625,1336.050048828125,968893,SBILIFE,NSE,yfinance,1d
2023-11-02,1342.0,1357.75,1340.1500244140625,1343.5,637519,SBILIFE,NSE,yfinance,1d
2023-11-03,1344.800048828125,1349.949951171875,1326.0999755859375,1329.3499755859375,690163,SBILIFE,NSE,yfinance,1d
2023-11-06,1335.0,1340.699951171875,1323.4000244140625,1331.8499755859375,377106,SBILIFE,NSE,yfinance,1d
2023-11-07,1332.5,1344.050048828125,1320.4000244140625,1340.8499755859375,1038346,SBILIFE,NSE,yfinance,1d
2023-11-08,1342.1500244140625,1349.3499755859375,1334.699951171875,1345.5,498283,SBILIFE,NSE,yfinance,1d
2023-11-09,1345.0999755859375,1353.3499755859375,1335.449951171875,1350.699951171875,493454,SBILIFE,NSE,yfinance,1d
2023-11-10,1351.800048828125,1360.0,1341.0,1355.4000244140625,639801,SBILIFE,NSE,yfinance,1d
2023-11-13,1351.5,1359.699951171875,1325.0,1328.3499755859375,1332535,SBILIFE,NSE,yfinance,1d
2023-11-15,1348.949951171875,1359.0,1332.050048828125,1357.0999755859375,742427,SBILIFE,NSE,yfinance,1d
2023-11-16,1362.75,1365.0999755859375,1348.050048828125,1359.949951171875,577249,SBILIFE,NSE,yfinance,1d
2023-11-17,1354.0,1434.449951171875,1354.0,1413.949951171875,3192944,SBILIFE,NSE,yfinance,1d
2023-11-20,1413.949951171875,1420.0,1383.0,1385.300048828125,726211,SBILIFE,NSE,yfinance,1d
2023-11-21,1389.0,1425.1500244140625,1387.0999755859375,1423.6500244140625,2049132,SBILIFE,NSE,yfinance,1d
2023-11-22,1425.0,1438.550048828125,1417.3499755859375,1430.0999755859375,865655,SBILIFE,NSE,yfinance,1d
2023-11-23,1430.0999755859375,1434.4000244140625,1406.3499755859375,1410.949951171875,549853,SBILIFE,NSE,yfinance,1d
2023-11-24,1414.0,1418.949951171875,1401.050048828125,1409.699951171875,387896,SBILIFE,NSE,yfinance,1d
2023-11-28,1409.800048828125,1417.300048828125,1393.0999755859375,1412.449951171875,1123470,SBILIFE,NSE,yfinance,1d
2023-11-29,1415.449951171875,1421.800048828125,1406.0,1407.8499755859375,887709,SBILIFE,NSE,yfinance,1d
2023-11-30,1410.0,1444.199951171875,1409.050048828125,1435.25,3027395,SBILIFE,NSE,yfinance,1d
2023-12-01,1438.050048828125,1445.0,1420.0999755859375,1423.6500244140625,808841,SBILIFE,NSE,yfinance,1d
2023-12-04,1439.9000244140625,1458.699951171875,1415.0,1454.0,2078827,SBILIFE,NSE,yfinance,1d
2023-12-05,1454.0,1472.0999755859375,1443.0,1460.949951171875,1932719,SBILIFE,NSE,yfinance,1d
2023-12-06,1462.0,1462.949951171875,1445.1500244140625,1450.699951171875,724418,SBILIFE,NSE,yfinance,1d
2023-12-07,1456.8499755859375,1483.449951171875,1450.0999755859375,1455.75,1244939,SBILIFE,NSE,yfinance,1d
2023-12-08,1455.0,1469.550048828125,1451.550048828125,1465.199951171875,1654799,SBILIFE,NSE,yfinance,1d
2023-12-11,1465.199951171875,1468.300048828125,1455.0,1460.5999755859375,731571,SBILIFE,NSE,yfinance,1d
2023-12-12,1464.5,1491.9000244140625,1459.949951171875,1481.449951171875,1763549,SBILIFE,NSE,yfinance,1d
2023-12-13,1483.1500244140625,1483.1500244140625,1460.0,1466.800048828125,2279728,SBILIFE,NSE,yfinance,1d
2023-12-14,1473.0,1477.5999755859375,1454.949951171875,1469.8499755859375,2953215,SBILIFE,NSE,yfinance,1d
2023-12-15,1474.0,1485.0,1448.5999755859375,1452.5,1482700,SBILIFE,NSE,yfinance,1d
2023-12-18,1452.5,1461.4000244140625,1441.6500244140625,1446.949951171875,1580916,SBILIFE,NSE,yfinance,1d
2023-12-19,1444.949951171875,1448.0,1419.050048828125,1424.550048828125,1282514,SBILIFE,NSE,yfinance,1d
2023-12-20,1437.0,1437.0,1404.050048828125,1409.25,1151553,SBILIFE,NSE,yfinance,1d
2023-12-21,1401.5,1410.300048828125,1379.949951171875,1403.75,1841616,SBILIFE,NSE,yfinance,1d
2023-12-22,1414.0,1417.699951171875,1387.050048828125,1394.300048828125,1111420,SBILIFE,NSE,yfinance,1d
2023-12-26,1400.0,1409.1500244140625,1387.6500244140625,1395.300048828125,875367,SBILIFE,NSE,yfinance,1d
2023-12-27,1405.0,1424.0,1399.0999755859375,1421.3499755859375,718369,SBILIFE,NSE,yfinance,1d
2023-12-28,1428.5,1444.949951171875,1419.199951171875,1435.300048828125,1446654,SBILIFE,NSE,yfinance,1d
2023-12-29,1433.0,1435.25,1421.050048828125,1432.5999755859375,383858,SBILIFE,NSE,yfinance,1d
2024-01-01,1435.8499755859375,1437.5999755859375,1425.949951171875,1432.0999755859375,158288,SBILIFE,NSE,yfinance,1d
2024-01-02,1437.0,1449.699951171875,1421.75,1437.6500244140625,691712,SBILIFE,NSE,yfinance,1d
2024-01-03,1430.0,1440.9000244140625,1415.5999755859375,1422.699951171875,550221,SBILIFE,NSE,yfinance,1d
2024-01-04,1420.800048828125,1436.5999755859375,1415.0,1431.5999755859375,938454,SBILIFE,NSE,yfinance,1d
2024-01-05,1435.9000244140625,1468.0,1433.699951171875,1454.1500244140625,1258280,SBILIFE,NSE,yfinance,1d
2024-01-08,1454.1500244140625,1460.0999755859375,1416.4000244140625,1421.050048828125,738502,SBILIFE,NSE,yfinance,1d
2024-01-09,1429.0,1468.25,1421.0,1449.3499755859375,1871763,SBILIFE,NSE,yfinance,1d
2024-01-10,1454.949951171875,1495.3499755859375,1448.0,1451.449951171875,2547856,SBILIFE,NSE,yfinance,1d
2024-01-11,1450.050048828125,1463.300048828125,1425.9000244140625,1427.800048828125,908421,SBILIFE,NSE,yfinance,1d
2024-01-12,1434.800048828125,1440.9000244140625,1418.5,1435.300048828125,557158,SBILIFE,NSE,yfinance,1d
2024-01-15,1442.0,1444.550048828125,1424.550048828125,1430.050048828125,902104,SBILIFE,NSE,yfinance,1d
2024-01-16,1425.050048828125,1431.9000244140625,1405.550048828125,1408.800048828125,1729041,SBILIFE,NSE,yfinance,1d
2024-01-17,1397.0,1444.949951171875,1386.550048828125,1421.1500244140625,2628568,SBILIFE,NSE,yfinance,1d
2024-01-18,1416.9000244140625,1438.0,1384.199951171875,1404.9000244140625,2296538,SBILIFE,NSE,yfinance,1d
2024-01-19,1405.9000244140625,1445.0,1405.4000244140625,1440.5999755859375,570639,SBILIFE,NSE,yfinance,1d
2024-01-23,1444.0,1448.6500244140625,1367.3499755859375,1375.5,2880301,SBILIFE,NSE,yfinance,1d
2024-01-24,1380.4000244140625,1413.9000244140625,1368.550048828125,1410.550048828125,1255876,SBILIFE,NSE,yfinance,1d
2024-01-25,1414.9000244140625,1414.9000244140625,1357.1500244140625,1380.9000244140625,3230297,SBILIFE,NSE,yfinance,1d
2024-01-29,1388.0,1424.5999755859375,1388.0,1418.4000244140625,1607583,SBILIFE,NSE,yfinance,1d
2024-01-30,1425.0,1433.699951171875,1392.8499755859375,1399.0,1464906,SBILIFE,NSE,yfinance,1d
2024-01-31,1400.0,1406.5,1381.699951171875,1401.1500244140625,1343827,SBILIFE,NSE,yfinance,1d
2024-02-01,1407.300048828125,1459.699951171875,1398.5,1432.75,1803699,SBILIFE,NSE,yfinance,1d
2024-02-02,1440.800048828125,1456.0,1420.050048828125,1435.449951171875,1817169,SBILIFE,NSE,yfinance,1d
2024-02-05,1435.0,1460.0,1414.9000244140625,1419.8499755859375,1010779,SBILIFE,NSE,yfinance,1d
2024-02-06,1422.5999755859375,1469.949951171875,1404.9000244140625,1464.0,1515381,SBILIFE,NSE,yfinance,1d
2024-02-07,1472.5999755859375,1493.0,1453.6500244140625,1469.449951171875,690402,SBILIFE,NSE,yfinance,1d
2024-02-08,1481.9000244140625,1492.0999755859375,1455.1500244140625,1459.050048828125,1679065,SBILIFE,NSE,yfinance,1d
2024-02-09,1468.0,1468.0,1436.5,1439.699951171875,596482,SBILIFE,NSE,yfinance,1d
2024-02-12,1442.449951171875,1452.0,1423.25,1436.0,515507,SBILIFE,NSE,yfinance,1d
2024-02-13,1436.0,1475.8499755859375,1428.199951171875,1467.5999755859375,1388464,SBILIFE,NSE,yfinance,1d
2024-02-14,1460.0,1464.0,1439.050048828125,1453.699951171875,504590,SBILIFE,NSE,yfinance,1d
2024-02-15,1464.0,1464.3499755859375,1443.6500244140625,1453.3499755859375,736364,SBILIFE,NSE,yfinance,1d
2024-02-16,1456.4000244140625,1516.199951171875,1451.5999755859375,1508.449951171875,2008339,SBILIFE,NSE,yfinance,1d
2024-02-19,1517.0999755859375,1522.0,1486.0,1488.8499755859375,1163429,SBILIFE,NSE,yfinance,1d
2024-02-20,1488.8499755859375,1517.6500244140625,1473.3499755859375,1513.550048828125,1569035,SBILIFE,NSE,yfinance,1d
2024-02-21,1510.050048828125,1519.5,1495.4000244140625,1501.699951171875,1156081,SBILIFE,NSE,yfinance,1d
2024-02-22,1510.0,1513.5,1470.199951171875,1509.6500244140625,1355358,SBILIFE,NSE,yfinance,1d
2024-02-23,1508.4000244140625,1536.25,1501.25,1529.1500244140625,1115653,SBILIFE,NSE,yfinance,1d
2024-02-26,1531.1500244140625,1553.4000244140625,1525.0999755859375,1549.1500244140625,1283074,SBILIFE,NSE,yfinance,1d
2024-02-27,1553.800048828125,1569.0,1538.9000244140625,1542.699951171875,1764621,SBILIFE,NSE,yfinance,1d
2024-02-28,1544.0,1556.75,1536.4000244140625,1540.199951171875,834214,SBILIFE,NSE,yfinance,1d
2024-02-29,1540.199951171875,1567.0999755859375,1525.4000244140625,1552.550048828125,1672455,SBILIFE,NSE,yfinance,1d
2024-03-01,1564.9000244140625,1569.3499755859375,1536.050048828125,1542.1500244140625,1088145,SBILIFE,NSE,yfinance,1d
2024-03-04,1553.8499755859375,1554.0,1508.25,1517.949951171875,2126926,SBILIFE,NSE,yfinance,1d
2024-03-05,1525.0,1525.0,1487.949951171875,1491.25,1476872,SBILIFE,NSE,yfinance,1d
2024-03-06,1492.25,1523.9000244140625,1487.0,1520.4000244140625,1568041,SBILIFE,NSE,yfinance,1d
2024-03-07,1520.0,1521.300048828125,1489.0,1510.4000244140625,2468543,SBILIFE,NSE,yfinance,1d
2024-03-11,1526.949951171875,1539.800048828125,1513.5999755859375,1532.0999755859375,1824218,SBILIFE,NSE,yfinance,1d
2024-03-12,1533.0,1551.75,1509.050048828125,1516.4000244140625,1608593,SBILIFE,NSE,yfinance,1d
2024-03-13,1524.0,1532.5999755859375,1480.6500244140625,1487.3499755859375,1461171,SBILIFE,NSE,yfinance,1d
2024-03-14,1482.199951171875,1514.550048828125,1465.300048828125,1505.8499755859375,1094035,SBILIFE,NSE,yfinance,1d
2024-03-15,1482.0,1504.949951171875,1481.0999755859375,1500.0,1466897,SBILIFE,NSE,yfinance,1d
2024-03-18,1493.0,1503.449951171875,1478.300048828125,1489.699951171875,641326,SBILIFE,NSE,yfinance,1d
2024-03-19,1480.0,1488.949951171875,1456.300048828125,1461.3499755859375,1010444,SBILIFE,NSE,yfinance,1d
2024-03-20,1460.0,1469.449951171875,1450.0,1458.4000244140625,477278,SBILIFE,NSE,yfinance,1d
2024-03-21,1472.9000244140625,1477.0,1458.0,1468.050048828125,958834,SBILIFE,NSE,yfinance,1d
2024-03-22,1474.0,1511.0,1458.0999755859375,1501.0999755859375,563028,SBILIFE,NSE,yfinance,1d
2024-03-26,1458.5,1509.449951171875,1457.800048828125,1486.4000244140625,1349881,SBILIFE,NSE,yfinance,1d
2024-03-27,1490.0,1499.0,1473.5,1479.550048828125,795193,SBILIFE,NSE,yfinance,1d
2024-03-28,1480.0,1521.8499755859375,1480.0,1500.25,1704887,SBILIFE,NSE,yfinance,1d
2024-04-01,1498.0,1519.0999755859375,1486.75,1489.949951171875,838186,SBILIFE,NSE,yfinance,1d
2024-04-02,1495.0,1496.5999755859375,1465.300048828125,1470.5999755859375,941688,SBILIFE,NSE,yfinance,1d
2024-04-03,1470.0,1472.949951171875,1456.050048828125,1460.800048828125,1862464,SBILIFE,NSE,yfinance,1d
2024-04-04,1467.5,1475.050048828125,1447.0,1463.75,1905528,SBILIFE,NSE,yfinance,1d
2024-04-05,1469.0,1489.9000244140625,1460.1500244140625,1485.300048828125,836975,SBILIFE,NSE,yfinance,1d
2024-04-08,1488.699951171875,1528.0,1487.0,1518.800048828125,822205,SBILIFE,NSE,yfinance,1d
2024-04-09,1525.0999755859375,1527.4000244140625,1503.050048828125,1510.550048828125,718575,SBILIFE,NSE,yfinance,1d
2024-04-10,1515.0,1516.699951171875,1481.0,1503.3499755859375,1056524,SBILIFE,NSE,yfinance,1d
2024-04-12,1501.0,1511.4000244140625,1488.199951171875,1493.1500244140625,787733,SBILIFE,NSE,yfinance,1d
2024-04-15,1489.8499755859375,1489.9000244140625,1462.5,1466.9000244140625,994053,SBILIFE,NSE,yfinance,1d
2024-04-16,1460.199951171875,1476.9000244140625,1452.0,1462.75,717750,SBILIFE,NSE,yfinance,1d
2024-04-18,1465.0,1483.6500244140625,1448.0,1456.949951171875,1746383,SBILIFE,NSE,yfinance,1d
2024-04-19,1450.0,1457.550048828125,1425.3499755859375,1447.550048828125,1129149,SBILIFE,NSE,yfinance,1d
2024-04-22,1456.5,1482.9000244140625,1452.0,1475.4000244140625,772048,SBILIFE,NSE,yfinance,1d
2024-04-23,1478.0,1489.199951171875,1464.25,1469.8499755859375,1042729,SBILIFE,NSE,yfinance,1d
2024-04-24,1469.8499755859375,1478.0,1452.550048828125,1460.050048828125,898680,SBILIFE,NSE,yfinance,1d
2024-04-25,1464.0,1464.0,1436.1500244140625,1444.449951171875,2406788,SBILIFE,NSE,yfinance,1d
2024-04-26,1455.0,1466.8499755859375,1411.199951171875,1415.25,2180945,SBILIFE,NSE,yfinance,1d
2024-04-29,1437.0,1460.9000244140625,1414.050048828125,1422.3499755859375,4381119,SBILIFE,NSE,yfinance,1d
2024-04-30,1432.0,1449.8499755859375,1423.199951171875,1436.550048828125,2402464,SBILIFE,NSE,yfinance,1d
2024-05-02,1416.3499755859375,1464.75,1416.3499755859375,1460.9000244140625,2194261,SBILIFE,NSE,yfinance,1d
2024-05-03,1469.0,1472.699951171875,1438.4000244140625,1443.25,1355425,SBILIFE,NSE,yfinance,1d
2024-05-06,1450.0,1457.449951171875,1431.5999755859375,1440.5999755859375,920880,SBILIFE,NSE,yfinance,1d
2024-05-07,1440.9000244140625,1458.9000244140625,1431.550048828125,1450.1500244140625,1800920,SBILIFE,NSE,yfinance,1d
2024-05-08,1440.0,1465.949951171875,1423.0,1426.75,1297162,SBILIFE,NSE,yfinance,1d
2024-05-09,1431.9000244140625,1439.5,1413.199951171875,1422.4000244140625,1645954,SBILIFE,NSE,yfinance,1d
2024-05-10,1425.0,1438.5,1415.75,1431.949951171875,741292,SBILIFE,NSE,yfinance,1d
2024-05-13,1435.0,1440.0,1420.550048828125,1425.0999755859375,771284,SBILIFE,NSE,yfinance,1d
2024-05-14,1427.199951171875,1436.75,1422.050048828125,1432.8499755859375,896653,SBILIFE,NSE,yfinance,1d
2024-05-15,1440.0,1443.8499755859375,1425.75,1430.0999755859375,254646,SBILIFE,NSE,yfinance,1d
2024-05-16,1431.550048828125,1458.199951171875,1420.1500244140625,1452.199951171875,1176239,SBILIFE,NSE,yfinance,1d
2024-05-17,1450.0,1450.0,1430.5,1434.199951171875,2433315,SBILIFE,NSE,yfinance,1d
2024-05-21,1438.8499755859375,1440.699951171875,1422.5,1429.6500244140625,1300334,SBILIFE,NSE,yfinance,1d
2024-05-22,1434.25,1435.550048828125,1424.0,1427.4000244140625,966583,SBILIFE,NSE,yfinance,1d
2024-05-23,1434.0,1452.949951171875,1424.050048828125,1446.800048828125,1206423,SBILIFE,NSE,yfinance,1d
2024-05-24,1442.5,1448.449951171875,1433.449951171875,1436.25,487961,SBILIFE,NSE,yfinance,1d
2024-05-27,1435.0,1448.0,1402.1500244140625,1410.199951171875,1675749,SBILIFE,NSE,yfinance,1d
2024-05-28,1415.0,1455.0,1405.9000244140625,1450.75,1600105,SBILIFE,NSE,yfinance,1d
2024-05-29,1448.0,1449.449951171875,1406.5999755859375,1412.800048828125,1518325,SBILIFE,NSE,yfinance,1d
2024-05-30,1418.800048828125,1418.800048828125,1371.0,1380.050048828125,2097166,SBILIFE,NSE,yfinance,1d
2024-05-31,1393.800048828125,1401.1500244140625,1372.5999755859375,1386.4000244140625,2559060,SBILIFE,NSE,yfinance,1d
2024-06-03,1435.300048828125,1436.4000244140625,1387.3499755859375,1391.5,870693,SBILIFE,NSE,yfinance,1d
2024-06-04,1398.1500244140625,1402.699951171875,1307.699951171875,1338.8499755859375,3277433,SBILIFE,NSE,yfinance,1d
2024-06-05,1341.0,1396.199951171875,1330.699951171875,1390.0999755859375,1238176,SBILIFE,NSE,yfinance,1d
2024-06-06,1390.0999755859375,1445.800048828125,1380.25,1442.8499755859375,2227021,SBILIFE,NSE,yfinance,1d
2024-06-07,1435.0999755859375,1440.0,1420.0,1425.8499755859375,1279929,SBILIFE,NSE,yfinance,1d
2024-06-10,1436.8499755859375,1452.0,1418.3499755859375,1432.300048828125,2059288,SBILIFE,NSE,yfinance,1d
2024-06-11,1432.449951171875,1439.800048828125,1422.0,1428.050048828125,991450,SBILIFE,NSE,yfinance,1d
2024-06-12,1428.0999755859375,1461.800048828125,1425.800048828125,1452.699951171875,1823958,SBILIFE,NSE,yfinance,1d
2024-06-13,1459.6500244140625,1479.449951171875,1432.8499755859375,1449.9000244140625,3086173,SBILIFE,NSE,yfinance,1d
2024-06-14,1444.9000244140625,1473.75,1440.5999755859375,1469.9000244140625,856835,SBILIFE,NSE,yfinance,1d
2024-06-18,1480.0,1480.0,1455.050048828125,1473.550048828125,1427035,SBILIFE,NSE,yfinance,1d
2024-06-19,1478.3499755859375,1478.4000244140625,1446.1500244140625,1449.199951171875,578983,SBILIFE,NSE,yfinance,1d
2024-06-20,1476.0,1480.9000244140625,1451.449951171875,1455.5,1444553,SBILIFE,NSE,yfinance,1d
2024-06-21,1455.5,1478.550048828125,1445.1500244140625,1464.1500244140625,1184387,SBILIFE,NSE,yfinance,1d
2024-06-24,1464.1500244140625,1464.1500244140625,1447.199951171875,1452.75,460942,SBILIFE,NSE,yfinance,1d
2024-06-25,1457.4000244140625,1467.5,1430.0,1462.0,1845922,SBILIFE,NSE,yfinance,1d
2024-06-26,1462.0,1475.6500244140625,1447.0,1450.9000244140625,780636,SBILIFE,NSE,yfinance,1d
2024-06-27,1445.0,1473.6500244140625,1437.550048828125,1463.449951171875,1492222,SBILIFE,NSE,yfinance,1d
2024-06-28,1450.0999755859375,1498.800048828125,1450.0,1491.949951171875,1533271,SBILIFE,NSE,yfinance,1d
2024-07-01,1491.949951171875,1511.9000244140625,1481.9000244140625,1501.8499755859375,788569,SBILIFE,NSE,yfinance,1d
2024-07-02,1507.0,1510.3499755859375,1468.0999755859375,1494.9000244140625,1462260,SBILIFE,NSE,yfinance,1d
2024-07-03,1503.0,1506.949951171875,1486.199951171875,1496.3499755859375,527776,SBILIFE,NSE,yfinance,1d
2024-07-04,1496.4000244140625,1518.8499755859375,1492.25,1507.75,1363288,SBILIFE,NSE,yfinance,1d
2024-07-05,1507.75,1531.949951171875,1505.449951171875,1529.4000244140625,961676,SBILIFE,NSE,yfinance,1d
2024-07-08,1529.4000244140625,1531.949951171875,1508.25,1514.949951171875,774723,SBILIFE,NSE,yfinance,1d
2024-07-09,1525.0,1529.0,1512.4000244140625,1524.75,726889,SBILIFE,NSE,yfinance,1d
2024-07-10,1524.75,1562.5,1518.5999755859375,1558.800048828125,1964480,SBILIFE,NSE,yfinance,1d
2024-07-11,1562.0,1569.6500244140625,1546.1500244140625,1558.800048828125,1156236,SBILIFE,NSE,yfinance,1d
2024-07-12,1562.9000244140625,1570.0,1547.3499755859375,1562.8499755859375,589534,SBILIFE,NSE,yfinance,1d
2024-07-15,1562.8499755859375,1620.9000244140625,1557.9000244140625,1613.449951171875,2498480,SBILIFE,NSE,yfinance,1d
2024-07-16,1613.4000244140625,1639.5999755859375,1592.199951171875,1621.3499755859375,1844059,SBILIFE,NSE,yfinance,1d
2024-07-18,1620.0,1664.949951171875,1615.050048828125,1659.800048828125,2104021,SBILIFE,NSE,yfinance,1d
2024-07-19,1632.0,1658.550048828125,1632.0,1647.699951171875,567209,SBILIFE,NSE,yfinance,1d
2024-07-22,1641.0999755859375,1647.699951171875,1618.6500244140625,1621.1500244140625,397490,SBILIFE,NSE,yfinance,1d
2024-07-23,1621.1500244140625,1638.0,1578.050048828125,1594.8499755859375,2145861,SBILIFE,NSE,yfinance,1d
2024-07-24,1580.0,1650.0,1579.6500244140625,1632.949951171875,2099093,SBILIFE,NSE,yfinance,1d
2024-07-25,1645.0,1701.3499755859375,1645.0,1695.4000244140625,4427012,SBILIFE,NSE,yfinance,1d
2024-07-26,1686.25,1777.699951171875,1686.25,1750.949951171875,2982227,SBILIFE,NSE,yfinance,1d
2024-07-29,1752.5,1763.550048828125,1736.5,1746.699951171875,1368641,SBILIFE,NSE,yfinance,1d
2024-07-30,1740.5,1746.300048828125,1708.0,1721.050048828125,2096978,SBILIFE,NSE,yfinance,1d
2024-07-31,1721.050048828125,1760.0,1720.0,1753.6500244140625,1082466,SBILIFE,NSE,yfinance,1d
2024-08-01,1791.0999755859375,1791.1500244140625,1758.0999755859375,1767.25,1247361,SBILIFE,NSE,yfinance,1d
2024-08-02,1760.0,1768.9000244140625,1731.0,1744.9000244140625,594517,SBILIFE,NSE,yfinance,1d
2024-08-05,1680.0,1739.3499755859375,1679.949951171875,1722.199951171875,1240111,SBILIFE,NSE,yfinance,1d
2024-08-06,1722.199951171875,1780.0,1670.0999755859375,1674.5,1500825,SBILIFE,NSE,yfinance,1d
2024-08-07,1690.050048828125,1698.9000244140625,1677.0999755859375,1685.699951171875,603417,SBILIFE,NSE,yfinance,1d
2024-08-08,1671.0999755859375,1715.1500244140625,1670.050048828125,1706.300048828125,1291138,SBILIFE,NSE,yfinance,1d
2024-08-09,1720.0,1733.4000244140625,1708.0,1725.0999755859375,804893,SBILIFE,NSE,yfinance,1d
2024-08-12,1722.9000244140625,1730.0,1692.050048828125,1705.0,1019251,SBILIFE,NSE,yfinance,1d
2024-08-13,1705.0,1721.300048828125,1672.050048828125,1682.4000244140625,1064268,SBILIFE,NSE,yfinance,1d
2024-08-14,1696.199951171875,1707.3499755859375,1673.0,1692.0999755859375,557473,SBILIFE,NSE,yfinance,1d
2024-08-16,1699.0,1702.0999755859375,1666.1500244140625,1688.9000244140625,721574,SBILIFE,NSE,yfinance,1d
2024-08-19,1696.800048828125,1696.800048828125,1666.0,1671.550048828125,632647,SBILIFE,NSE,yfinance,1d
2024-08-20,1672.800048828125,1770.800048828125,1672.75,1761.300048828125,3951662,SBILIFE,NSE,yfinance,1d
2024-08-21,1761.300048828125,1804.449951171875,1750.9000244140625,1800.5999755859375,2972530,SBILIFE,NSE,yfinance,1d
2024-08-22,1801.0,1812.4000244140625,1789.8499755859375,1795.25,1380510,SBILIFE,NSE,yfinance,1d
2024-08-23,1789.5,1798.4000244140625,1782.0,1789.300048828125,858249,SBILIFE,NSE,yfinance,1d
2024-08-26,1791.0,1801.449951171875,1769.3499755859375,1796.25,593628,SBILIFE,NSE,yfinance,1d
2024-08-27,1788.4000244140625,1848.5999755859375,1784.0999755859375,1838.949951171875,2239371,SBILIFE,NSE,yfinance,1d
2024-08-28,1838.75,1854.25,1826.0,1843.699951171875,724092,SBILIFE,NSE,yfinance,1d
2024-08-29,1840.0,1867.75,1835.5,1843.699951171875,2248185,SBILIFE,NSE,yfinance,1d
2024-08-30,1839.949951171875,1869.800048828125,1837.0,1850.300048828125,2125138,SBILIFE,NSE,yfinance,1d
2024-09-02,1850.300048828125,1894.6500244140625,1849.050048828125,1888.75,2522132,SBILIFE,NSE,yfinance,1d
2024-09-03,1890.0,1936.0,1881.75,1928.6500244140625,3457882,SBILIFE,NSE,yfinance,1d
2024-09-04,1910.0,1920.0,1902.3499755859375,1912.199951171875,952279,SBILIFE,NSE,yfinance,1d
2024-09-05,1919.0,1919.0,1900.199951171875,1907.8499755859375,947097,SBILIFE,NSE,yfinance,1d
2024-09-06,1898.0999755859375,1916.8499755859375,1889.449951171875,1896.300048828125,772396,SBILIFE,NSE,yfinance,1d
2024-09-09,1900.8499755859375,1932.8499755859375,1894.5,1901.75,1845859,SBILIFE,NSE,yfinance,1d
2024-09-10,1890.0,1890.0,1838.75,1853.449951171875,2515665,SBILIFE,NSE,yfinance,1d
2024-09-11,1845.0999755859375,1871.050048828125,1844.550048828125,1859.1500244140625,630094,SBILIFE,NSE,yfinance,1d
2024-09-12,1863.0,1880.0,1840.5999755859375,1875.949951171875,1126825,SBILIFE,NSE,yfinance,1d
2024-09-13,1869.0,1871.75,1841.75,1846.5,886112,SBILIFE,NSE,yfinance,1d
2024-09-16,1851.0,1864.800048828125,1816.0999755859375,1821.25,1576652,SBILIFE,NSE,yfinance,1d
2024-09-17,1823.5,1844.300048828125,1808.449951171875,1819.1500244140625,844866,SBILIFE,NSE,yfinance,1d
2024-09-18,1818.199951171875,1848.949951171875,1815.050048828125,1842.449951171875,518691,SBILIFE,NSE,yfinance,1d
2024-09-19,1850.0,1860.0,1828.199951171875,1840.949951171875,776068,SBILIFE,NSE,yfinance,1d
2024-09-20,1850.0,1885.0,1845.0,1870.25,1512372,SBILIFE,NSE,yfinance,1d
2024-09-23,1882.0,1925.0,1880.0,1920.1500244140625,1022492,SBILIFE,NSE,yfinance,1d
2024-09-24,1927.0999755859375,1927.949951171875,1854.5999755859375,1864.3499755859375,2608386,SBILIFE,NSE,yfinance,1d
2024-09-25,1873.699951171875,1875.0,1841.050048828125,1863.5999755859375,1395256,SBILIFE,NSE,yfinance,1d
2024-09-26,1873.0,1902.050048828125,1868.5,1898.300048828125,1396821,SBILIFE,NSE,yfinance,1d
2024-09-27,1898.300048828125,1913.0,1873.9000244140625,1882.6500244140625,1678089,SBILIFE,NSE,yfinance,1d
2024-09-30,1892.0,1893.5999755859375,1838.25,1844.0,1473366,SBILIFE,NSE,yfinance,1d
2024-10-01,1840.199951171875,1859.300048828125,1824.300048828125,1834.199951171875,885515,SBILIFE,NSE,yfinance,1d
2024-10-03,1807.0,1845.199951171875,1795.050048828125,1805.550048828125,1307453,SBILIFE,NSE,yfinance,1d
2024-10-04,1805.550048828125,1850.0,1782.550048828125,1798.0999755859375,1554623,SBILIFE,NSE,yfinance,1d
2024-10-07,1800.0,1819.8499755859375,1776.0,1787.949951171875,692912,SBILIFE,NSE,yfinance,1d
2024-10-08,1785.0,1799.050048828125,1723.550048828125,1728.050048828125,2888148,SBILIFE,NSE,yfinance,1d
2024-10-09,1748.050048828125,1759.0,1733.050048828125,1737.4000244140625,704112,SBILIFE,NSE,yfinance,1d
2024-10-10,1745.1500244140625,1754.449951171875,1729.550048828125,1734.5,784503,SBILIFE,NSE,yfinance,1d
2024-10-11,1737.5,1746.75,1718.5999755859375,1735.050048828125,805944,SBILIFE,NSE,yfinance,1d
2024-10-14,1738.75,1743.8499755859375,1717.300048828125,1738.300048828125,1349793,SBILIFE,NSE,yfinance,1d
2024-10-15,1741.949951171875,1754.949951171875,1718.5,1723.75,2159705,SBILIFE,NSE,yfinance,1d
2024-10-16,1725.050048828125,1749.0,1724.0,1733.75,891554,SBILIFE,NSE,yfinance,1d
2024-10-17,1734.0,1739.0,1695.75,1702.0,2442434,SBILIFE,NSE,yfinance,1d
2024-10-18,1706.0,1717.449951171875,1680.5999755859375,1706.050048828125,2045293,SBILIFE,NSE,yfinance,1d
2024-10-21,1715.1500244140625,1776.050048828125,1696.800048828125,1711.8499755859375,1574574,SBILIFE,NSE,yfinance,1d
2024-10-22,1701.0,1726.949951171875,1672.9000244140625,1698.1500244140625,1290296,SBILIFE,NSE,yfinance,1d
2024-10-23,1703.199951171875,1728.9000244140625,1692.25,1716.0,952362,SBILIFE,NSE,yfinance,1d
2024-10-24,1724.449951171875,1724.449951171875,1623.0,1635.300048828125,4320374,SBILIFE,NSE,yfinance,1d
2024-10-25,1644.8499755859375,1653.300048828125,1603.949951171875,1616.75,1639581,SBILIFE,NSE,yfinance,1d
2024-10-28,1617.0,1620.0,1593.5999755859375,1605.9000244140625,2366566,SBILIFE,NSE,yfinance,1d
2024-10-29,1606.0,1665.800048828125,1595.9000244140625,1661.3499755859375,2052244,SBILIFE,NSE,yfinance,1d
2024-10-30,1636.5,1649.3499755859375,1619.300048828125,1624.1500244140625,1512352,SBILIFE,NSE,yfinance,1d
2024-10-31,1630.0999755859375,1641.949951171875,1613.050048828125,1622.1500244140625,809110,SBILIFE,NSE,yfinance,1d
2024-11-01,1639.4000244140625,1639.4000244140625,1623.0,1628.8499755859375,53886,SBILIFE,NSE,yfinance,1d
2024-11-04,1637.0,1641.1500244140625,1588.0,1608.800048828125,1470020,SBILIFE,NSE,yfinance,1d
2024-11-05,1606.800048828125,1642.0,1598.6500244140625,1633.199951171875,978590,SBILIFE,NSE,yfinance,1d
2024-11-06,1633.199951171875,1638.6500244140625,1600.449951171875,1603.949951171875,1352644,SBILIFE,NSE,yfinance,1d
2024-11-07,1605.050048828125,1617.949951171875,1575.0,1589.8499755859375,1359619,SBILIFE,NSE,yfinance,1d
2024-11-08,1589.0,1603.3499755859375,1566.8499755859375,1569.949951171875,1131938,SBILIFE,NSE,yfinance,1d
2024-11-11,1578.5999755859375,1578.5999755859375,1555.25,1566.0,862991,SBILIFE,NSE,yfinance,1d
2024-11-12,1569.0999755859375,1585.949951171875,1557.0,1562.449951171875,1177157,SBILIFE,NSE,yfinance,1d
2024-11-13,1560.0,1572.0,1540.0,1546.699951171875,2946117,SBILIFE,NSE,yfinance,1d
2024-11-14,1546.199951171875,1568.949951171875,1546.050048828125,1562.300048828125,684365,SBILIFE,NSE,yfinance,1d
2024-11-18,1551.0,1566.550048828125,1551.0,1562.5999755859375,490930,SBILIFE,NSE,yfinance,1d
2024-11-19,1568.0,1568.050048828125,1501.0,1522.9000244140625,4198931,SBILIFE,NSE,yfinance,1d
2024-11-21,1513.300048828125,1515.5,1474.0,1477.949951171875,1827614,SBILIFE,NSE,yfinance,1d
2024-11-22,1485.3499755859375,1496.449951171875,1475.0,1485.1500244140625,977581,SBILIFE,NSE,yfinance,1d
2024-11-25,1492.5999755859375,1511.0,1488.3499755859375,1495.199951171875,1785465,SBILIFE,NSE,yfinance,1d
2024-11-26,1495.199951171875,1516.9000244140625,1489.25,1506.75,601372,SBILIFE,NSE,yfinance,1d
2024-11-27,1507.0,1515.949951171875,1495.0999755859375,1505.4000244140625,467560,SBILIFE,NSE,yfinance,1d
2024-11-28,1507.1500244140625,1519.699951171875,1403.0,1428.5999755859375,5574277,SBILIFE,NSE,yfinance,1d
2024-11-29,1442.0,1460.0,1396.6500244140625,1437.75,9016112,SBILIFE,NSE,yfinance,1d
2024-12-02,1428.4000244140625,1449.800048828125,1411.1500244140625,1422.050048828125,3117960,SBILIFE,NSE,yfinance,1d
2024-12-03,1430.0999755859375,1448.3499755859375,1416.949951171875,1440.949951171875,4645704,SBILIFE,NSE,yfinance,1d
2024-12-04,1441.0,1472.3499755859375,1435.050048828125,1452.5999755859375,1976987,SBILIFE,NSE,yfinance,1d
2024-12-05,1452.5999755859375,1456.050048828125,1417.550048828125,1431.8499755859375,2632452,SBILIFE,NSE,yfinance,1d
2024-12-06,1435.0,1452.949951171875,1429.300048828125,1448.550048828125,1359753,SBILIFE,NSE,yfinance,1d
2024-12-09,1454.0,1484.4000244140625,1449.050048828125,1469.300048828125,2397565,SBILIFE,NSE,yfinance,1d
2024-12-10,1463.699951171875,1483.9000244140625,1451.5999755859375,1461.8499755859375,1994725,SBILIFE,NSE,yfinance,1d
2024-12-11,1455.5,1473.5,1454.449951171875,1456.1500244140625,1213092,SBILIFE,NSE,yfinance,1d
2024-12-12,1450.0,1455.75,1420.3499755859375,1432.5,2851447,SBILIFE,NSE,yfinance,1d
2024-12-13,1422.050048828125,1441.949951171875,1409.300048828125,1428.800048828125,3926561,SBILIFE,NSE,yfinance,1d
2024-12-16,1428.800048828125,1436.949951171875,1415.6500244140625,1421.6500244140625,1601339,SBILIFE,NSE,yfinance,1d
2024-12-17,1421.699951171875,1425.0,1405.5999755859375,1409.699951171875,1973758,SBILIFE,NSE,yfinance,1d
2024-12-18,1414.800048828125,1420.3499755859375,1392.699951171875,1398.0,1454595,SBILIFE,NSE,yfinance,1d
2024-12-19,1380.050048828125,1409.0,1377.5,1405.9000244140625,1081337,SBILIFE,NSE,yfinance,1d
2024-12-20,1402.449951171875,1414.800048828125,1391.0999755859375,1400.5999755859375,1542712,SBILIFE,NSE,yfinance,1d
2024-12-23,1400.5999755859375,1408.1500244140625,1381.5,1405.300048828125,1325302,SBILIFE,NSE,yfinance,1d
2024-12-24,1406.949951171875,1418.0,1385.0,1387.0,756679,SBILIFE,NSE,yfinance,1d
2024-12-26,1393.949951171875,1411.800048828125,1385.199951171875,1409.050048828125,1935656,SBILIFE,NSE,yfinance,1d
2024-12-27,1410.0,1420.4000244140625,1400.800048828125,1405.300048828125,665711,SBILIFE,NSE,yfinance,1d
2024-12-30,1391.25,1414.949951171875,1389.0,1403.8499755859375,1439560,SBILIFE,NSE,yfinance,1d
2024-12-31,1399.75,1399.75,1382.449951171875,1390.4000244140625,2096160,SBILIFE,NSE,yfinance,1d
2025-01-01,1392.199951171875,1404.699951171875,1384.949951171875,1400.4000244140625,511676,SBILIFE,NSE,yfinance,1d
2025-01-02,1404.0,1425.5,1398.050048828125,1422.25,1083889,SBILIFE,NSE,yfinance,1d
2025-01-03,1428.25,1451.0,1424.9000244140625,1447.699951171875,1107442,SBILIFE,NSE,yfinance,1d
2025-01-06,1450.0,1462.6500244140625,1425.199951171875,1434.6500244140625,1012018,SBILIFE,NSE,yfinance,1d
2025-01-07,1447.0,1490.800048828125,1434.3499755859375,1477.75,2362510,SBILIFE,NSE,yfinance,1d
2025-01-08,1478.699951171875,1484.6500244140625,1455.0,1463.1500244140625,1229808,SBILIFE,NSE,yfinance,1d
2025-01-09,1457.800048828125,1481.199951171875,1453.0,1468.449951171875,1253461,SBILIFE,NSE,yfinance,1d
2025-01-10,1469.9000244140625,1488.0,1458.6500244140625,1478.300048828125,1124758,SBILIFE,NSE,yfinance,1d
2025-01-13,1478.300048828125,1478.300048828125,1445.6500244140625,1467.4000244140625,1444590,SBILIFE,NSE,yfinance,1d
2025-01-14,1475.0,1504.0,1468.8499755859375,1499.25,2024378,SBILIFE,NSE,yfinance,1d
2025-01-15,1504.5,1504.8499755859375,1469.3499755859375,1472.75,1433596,SBILIFE,NSE,yfinance,1d
2025-01-16,1486.0,1545.0,1486.0,1513.5999755859375,2929496,SBILIFE,NSE,yfinance,1d
2025-01-17,1519.5,1555.0,1500.0,1540.5,2603818,SBILIFE,NSE,yfinance,1d
2025-01-20,1547.800048828125,1547.800048828125,1487.300048828125,1499.699951171875,4033718,SBILIFE,NSE,yfinance,1d
2025-01-21,1499.699951171875,1505.949951171875,1460.0,1466.550048828125,877160,SBILIFE,NSE,yfinance,1d
2025-01-22,1466.0999755859375,1470.75,1450.050048828125,1460.050048828125,631080,SBILIFE,NSE,yfinance,1d
2025-01-23,1458.050048828125,1463.699951171875,1447.1500244140625,1449.8499755859375,1301601,SBILIFE,NSE,yfinance,1d
2025-01-24,1451.300048828125,1455.5999755859375,1418.1500244140625,1440.4000244140625,1504123,SBILIFE,NSE,yfinance,1d
2025-01-27,1435.0,1445.949951171875,1416.0,1424.4000244140625,896819,SBILIFE,NSE,yfinance,1d
2025-01-28,1420.0,1435.699951171875,1411.8499755859375,1419.5,1527262,SBILIFE,NSE,yfinance,1d
2025-01-29,1419.5,1470.0999755859375,1410.5,1460.9000244140625,1021447,SBILIFE,NSE,yfinance,1d
2025-01-30,1465.9000244140625,1480.0,1453.9000244140625,1472.9000244140625,1016159,SBILIFE,NSE,yfinance,1d
2025-01-31,1479.699951171875,1490.0,1467.0,1483.5999755859375,892312,SBILIFE,NSE,yfinance,1d
2025-02-01,1475.5999755859375,1528.0,1372.550048828125,1454.3499755859375,4329907,SBILIFE,NSE,yfinance,1d
2025-02-03,1434.3499755859375,1481.9000244140625,1434.3499755859375,1459.949951171875,1127198,SBILIFE,NSE,yfinance,1d
2025-02-04,1461.25,1478.699951171875,1454.050048828125,1472.4000244140625,614905,SBILIFE,NSE,yfinance,1d
2025-02-05,1472.4000244140625,1484.300048828125,1465.0,1469.1500244140625,791375,SBILIFE,NSE,yfinance,1d
2025-02-06,1470.0,1480.4000244140625,1456.449951171875,1465.0999755859375,1510856,SBILIFE,NSE,yfinance,1d
2025-02-07,1472.449951171875,1475.949951171875,1454.25,1470.949951171875,562410,SBILIFE,NSE,yfinance,1d
2025-02-10,1462.9000244140625,1474.550048828125,1445.0,1448.199951171875,530759,SBILIFE,NSE,yfinance,1d
2025-02-11,1448.199951171875,1450.0,1402.9000244140625,1419.0,1448104,SBILIFE,NSE,yfinance,1d
2025-02-12,1427.449951171875,1466.949951171875,1407.5,1452.1500244140625,1590502,SBILIFE,NSE,yfinance,1d
2025-02-13,1452.1500244140625,1479.4000244140625,1446.0,1470.5,983142,SBILIFE,NSE,yfinance,1d
2025-02-14,1470.5,1477.1500244140625,1450.0,1465.449951171875,625676,SBILIFE,NSE,yfinance,1d
2025-02-17,1460.5,1481.550048828125,1451.8499755859375,1476.199951171875,717439,SBILIFE,NSE,yfinance,1d
2025-02-18,1476.25,1481.0,1454.4000244140625,1475.3499755859375,679042,SBILIFE,NSE,yfinance,1d
2025-02-19,1475.0,1482.199951171875,1465.050048828125,1475.5999755859375,391966,SBILIFE,NSE,yfinance,1d
2025-02-20,1473.0,1489.6500244140625,1466.0,1469.800048828125,346720,SBILIFE,NSE,yfinance,1d
2025-02-21,1469.699951171875,1501.4000244140625,1461.699951171875,1495.4000244140625,1051158,SBILIFE,NSE,yfinance,1d
2025-02-24,1480.0,1495.199951171875,1475.199951171875,1486.5,1116079,SBILIFE,NSE,yfinance,1d
2025-02-25,1480.0,1484.050048828125,1463.449951171875,1471.75,964505,SBILIFE,NSE,yfinance,1d
2025-02-27,1464.0,1479.9000244140625,1454.0,1469.75,1421562,SBILIFE,NSE,yfinance,1d
2025-02-28,1460.0,1462.050048828125,1411.8499755859375,1430.5,2397364,SBILIFE,NSE,yfinance,1d
2025-03-03,1432.550048828125,1452.1500244140625,1405.0999755859375,1408.5,1056418,SBILIFE,NSE,yfinance,1d
2025-03-04,1392.199951171875,1415.0,1390.0,1393.0999755859375,977231,SBILIFE,NSE,yfinance,1d
2025-03-05,1391.1500244140625,1424.0,1379.8499755859375,1420.699951171875,1118219,SBILIFE,NSE,yfinance,1d
2025-03-06,1417.0999755859375,1426.4000244140625,1395.0,1421.300048828125,1606815,SBILIFE,NSE,yfinance,1d
2025-03-07,1421.3499755859375,1446.199951171875,1406.550048828125,1411.5999755859375,901496,SBILIFE,NSE,yfinance,1d
2025-03-10,1419.0,1427.75,1404.3499755859375,1419.449951171875,1092967,SBILIFE,NSE,yfinance,1d
2025-03-11,1403.0,1424.4000244140625,1397.449951171875,1417.25,691907,SBILIFE,NSE,yfinance,1d
2025-03-12,1425.0,1425.0,1404.5,1409.0,734156,SBILIFE,NSE,yfinance,1d
2025-03-13,1411.699951171875,1413.949951171875,1382.6500244140625,1385.550048828125,911321,SBILIFE,NSE,yfinance,1d
2025-03-17,1392.0,1441.300048828125,1392.0,1434.25,1352197,SBILIFE,NSE,yfinance,1d
2025-03-18,1434.25,1434.25,1434.25,1434.25,0,SBILIFE,NSE,yfinance,1d
2025-03-19,1457.949951171875,1488.9000244140625,1455.0,1484.9000244140625,917293,SBILIFE,NSE,yfinance,1d
2025-03-20,1492.0,1506.300048828125,1488.5,1498.3499755859375,798992,SBILIFE,NSE,yfinance,1d
2025-03-21,1500.0,1553.300048828125,1493.449951171875,1546.4000244140625,1977397,SBILIFE,NSE,yfinance,1d
2025-03-24,1550.0,1584.0,1541.699951171875,1569.800048828125,1229003,SBILIFE,NSE,yfinance,1d
2025-03-25,1577.6500244140625,1583.9000244140625,1551.300048828125,1557.199951171875,1241287,SBILIFE,NSE,yfinance,1d
2025-03-26,1564.300048828125,1570.300048828125,1533.449951171875,1541.300048828125,1106876,SBILIFE,NSE,yfinance,1d
2025-03-27,1541.4000244140625,1552.0999755859375,1529.6500244140625,1544.9000244140625,1405775,SBILIFE,NSE,yfinance,1d
2025-03-28,1544.9000244140625,1564.5,1534.75,1547.8499755859375,1120169,SBILIFE,NSE,yfinance,1d
2025-04-01,1537.75,1566.4000244140625,1535.3499755859375,1545.25,937836,SBILIFE,NSE,yfinance,1d
2025-04-02,1543.0,1563.1500244140625,1542.300048828125,1559.8499755859375,1876774,SBILIFE,NSE,yfinance,1d
2025-04-03,1546.0,1558.9000244140625,1540.0,1542.25,373548,SBILIFE,NSE,yfinance,1d
2025-04-04,1536.3499755859375,1546.9000244140625,1501.0999755859375,1512.5999755859375,826558,SBILIFE,NSE,yfinance,1d
2025-04-07,1450.0,1485.5,1430.550048828125,1460.800048828125,916977,SBILIFE,NSE,yfinance,1d
2025-04-08,1490.0,1498.050048828125,1458.050048828125,1488.0,2142568,SBILIFE,NSE,yfinance,1d
2025-04-09,1488.0,1499.9000244140625,1475.0,1481.6500244140625,1047950,SBILIFE,NSE,yfinance,1d
2025-04-11,1539.0,1539.0,1500.050048828125,1521.9000244140625,1134200,SBILIFE,NSE,yfinance,1d
2025-04-15,1555.5,1574.0999755859375,1525.0,1562.5999755859375,1363406,SBILIFE,NSE,yfinance,1d
2025-04-16,1548.5,1576.800048828125,1548.5,1565.4000244140625,784495,SBILIFE,NSE,yfinance,1d
2025-04-17,1558.0,1615.0,1549.4000244140625,1608.199951171875,1500299,SBILIFE,NSE,yfinance,1d
2025-04-21,1618.0,1630.699951171875,1595.300048828125,1628.5,1016066,SBILIFE,NSE,yfinance,1d
2025-04-22,1627.800048828125,1639.9000244140625,1612.800048828125,1619.0,1102055,SBILIFE,NSE,yfinance,1d
2025-04-23,1625.0,1625.0,1601.0,1615.5,1136215,SBILIFE,NSE,yfinance,1d
2025-04-24,1612.9000244140625,1636.5999755859375,1603.0,1608.199951171875,857476,SBILIFE,NSE,yfinance,1d
2025-04-25,1723.5,1762.0,1651.0999755859375,1695.0999755859375,10321746,SBILIFE,NSE,yfinance,1d
2025-04-28,1690.0,1755.0,1681.4000244140625,1736.0999755859375,2100813,SBILIFE,NSE,yfinance,1d
2025-04-29,1733.9000244140625,1764.9000244140625,1721.0,1730.0999755859375,2049847,SBILIFE,NSE,yfinance,1d
2025-04-30,1722.0,1772.5,1718.5,1765.800048828125,2031563,SBILIFE,NSE,yfinance,1d
2025-05-02,1761.0,1777.0999755859375,1747.5999755859375,1762.199951171875,902461,SBILIFE,NSE,yfinance,1d
2025-05-05,1773.0,1787.5999755859375,1766.9000244140625,1769.9000244140625,947983,SBILIFE,NSE,yfinance,1d
2025-05-06,1770.0,1797.800048828125,1717.199951171875,1726.0,1295777,SBILIFE,NSE,yfinance,1d
2025-05-07,1714.0,1756.5,1712.300048828125,1744.5,753313,SBILIFE,NSE,yfinance,1d
2025-05-08,1741.300048828125,1744.0,1721.0999755859375,1731.5,1107891,SBILIFE,NSE,yfinance,1d
2025-05-09,1706.0,1728.699951171875,1693.0999755859375,1699.800048828125,1076900,SBILIFE,NSE,yfinance,1d
2025-05-12,1725.0,1756.9000244140625,1720.0,1751.5,728808,SBILIFE,NSE,yfinance,1d
2025-05-13,1742.699951171875,1756.0,1732.300048828125,1740.0,478541,SBILIFE,NSE,yfinance,1d
2025-05-14,1741.0,1760.0,1737.4000244140625,1755.199951171875,603108,SBILIFE,NSE,yfinance,1d
2025-05-15,1757.699951171875,1788.4000244140625,1737.0999755859375,1784.5999755859375,1318425,SBILIFE,NSE,yfinance,1d
2025-05-16,1790.0,1790.9000244140625,1767.9000244140625,1773.4000244140625,696146,SBILIFE,NSE,yfinance,1d
2025-05-19,1773.0999755859375,1781.199951171875,1764.4000244140625,1770.0,288530,SBILIFE,NSE,yfinance,1d
2025-05-20,1778.800048828125,1778.800048828125,1753.300048828125,1757.800048828125,529693,SBILIFE,NSE,yfinance,1d
2025-05-21,1756.9000244140625,1777.9000244140625,1751.199951171875,1763.9000244140625,521050,SBILIFE,NSE,yfinance,1d
2025-05-22,1766.300048828125,1768.699951171875,1741.199951171875,1759.300048828125,1103303,SBILIFE,NSE,yfinance,1d
2025-05-23,1765.0,1806.0,1759.800048828125,1798.699951171875,1067774,SBILIFE,NSE,yfinance,1d
2025-05-26,1806.0,1810.0999755859375,1790.0999755859375,1801.5999755859375,633624,SBILIFE,NSE,yfinance,1d
2025-05-27,1801.5999755859375,1809.5999755859375,1794.0,1803.300048828125,1219984,SBILIFE,NSE,yfinance,1d
2025-05-28,1810.5999755859375,1814.5,1802.0999755859375,1807.4000244140625,763018,SBILIFE,NSE,yfinance,1d
2025-05-29,1807.5999755859375,1830.0,1801.4000244140625,1825.0,1189803,SBILIFE,NSE,yfinance,1d
2025-05-30,1825.0,1833.9000244140625,1804.9000244140625,1812.199951171875,1364259,SBILIFE,NSE,yfinance,1d
2025-06-02,1812.199951171875,1829.0,1795.5999755859375,1802.5,1238769,SBILIFE,NSE,yfinance,1d
2025-06-03,1809.800048828125,1814.0,1770.0999755859375,1775.300048828125,1576208,SBILIFE,NSE,yfinance,1d
2025-06-04,1775.0,1779.0999755859375,1762.300048828125,1775.9000244140625,918721,SBILIFE,NSE,yfinance,1d
2025-06-05,1782.0,1791.0,1765.0,1774.800048828125,912222,SBILIFE,NSE,yfinance,1d
2025-06-06,1774.800048828125,1783.5,1751.300048828125,1780.5999755859375,1589674,SBILIFE,NSE,yfinance,1d
2025-06-09,1789.5999755859375,1799.0,1759.0999755859375,1790.800048828125,1221496,SBILIFE,NSE,yfinance,1d
2025-06-10,1790.9000244140625,1796.5999755859375,1772.0,1785.5,1400311,SBILIFE,NSE,yfinance,1d
2025-06-11,1785.5,1800.9000244140625,1774.0,1799.300048828125,1089930,SBILIFE,NSE,yfinance,1d
2025-06-12,1799.9000244140625,1812.300048828125,1760.0,1766.0,984693,SBILIFE,NSE,yfinance,1d
2025-06-13,1720.0,1766.5,1720.0,1755.199951171875,1774169,SBILIFE,NSE,yfinance,1d
2025-06-16,1762.0,1800.0,1751.9000244140625,1797.800048828125,728053,SBILIFE,NSE,yfinance,1d
2025-06-17,1796.0999755859375,1806.699951171875,1785.4000244140625,1800.199951171875,557790,SBILIFE,NSE,yfinance,1d
2025-06-18,1800.0,1805.0,1791.300048828125,1797.199951171875,349531,SBILIFE,NSE,yfinance,1d
2025-06-19,1795.0,1804.9000244140625,1781.0,1789.4000244140625,537885,SBILIFE,NSE,yfinance,1d
2025-06-20,1787.0999755859375,1821.0,1779.0999755859375,1810.9000244140625,1669329,SBILIFE,NSE,yfinance,1d
2025-06-23,1810.0,1826.199951171875,1798.5999755859375,1818.5999755859375,627282,SBILIFE,NSE,yfinance,1d
2025-06-24,1832.199951171875,1850.9000244140625,1828.0,1843.0,876488,SBILIFE,NSE,yfinance,1d
2025-06-25,1843.0,1855.0,1825.0,1842.699951171875,990856,SBILIFE,NSE,yfinance,1d
2025-06-26,1850.0,1866.4000244140625,1842.699951171875,1860.800048828125,1147822,SBILIFE,NSE,yfinance,1d
2025-06-27,1848.0,1862.9000244140625,1815.300048828125,1850.5999755859375,6763121,SBILIFE,NSE,yfinance,1d
2025-06-30,1846.0,1855.0999755859375,1826.0999755859375,1838.300048828125,1362010,SBILIFE,NSE,yfinance,1d
2025-07-01,1831.0,1865.300048828125,1827.300048828125,1862.5,667136,SBILIFE,NSE,yfinance,1d
2025-07-02,1865.0,1875.0,1852.0999755859375,1856.800048828125,1072946,SBILIFE,NSE,yfinance,1d
2025-07-03,1850.0,1861.800048828125,1803.0,1810.199951171875,916863,SBILIFE,NSE,yfinance,1d
2025-07-04,1806.0,1812.0999755859375,1783.0999755859375,1799.699951171875,685665,SBILIFE,NSE,yfinance,1d
2025-07-07,1799.699951171875,1811.800048828125,1792.199951171875,1808.300048828125,376143,SBILIFE,NSE,yfinance,1d
2025-07-08,1801.0,1818.800048828125,1797.300048828125,1816.9000244140625,616714,SBILIFE,NSE,yfinance,1d
2025-07-09,1820.0,1821.0,1799.0,1814.9000244140625,597896,SBILIFE,NSE,yfinance,1d
2025-07-10,1811.0,1823.5,1801.4000244140625,1810.199951171875,1104366,SBILIFE,NSE,yfinance,1d
2025-07-11,1814.0,1840.0,1812.0,1835.199951171875,770854,SBILIFE,NSE,yfinance,1d
2025-07-14,1843.0,1856.300048828125,1831.699951171875,1851.300048828125,1231109,SBILIFE,NSE,yfinance,1d
2025-07-15,1849.9000244140625,1851.699951171875,1822.4000244140625,1824.800048828125,1313007,SBILIFE,NSE,yfinance,1d
2025-07-16,1833.9000244140625,1839.9000244140625,1821.5999755859375,1829.0999755859375,652826,SBILIFE,NSE,yfinance,1d
2025-07-17,1829.0,1829.0,1796.300048828125,1802.800048828125,886192,SBILIFE,NSE,yfinance,1d
2025-07-18,1799.0,1802.800048828125,1754.0999755859375,1788.4000244140625,1600088,SBILIFE,NSE,yfinance,1d
2025-07-21,1794.699951171875,1807.4000244140625,1781.0,1804.699951171875,481174,SBILIFE,NSE,yfinance,1d
2025-07-22,1791.0999755859375,1815.300048828125,1791.0999755859375,1809.0,578221,SBILIFE,NSE,yfinance,1d
2025-07-23,1809.0,1818.5,1792.0,1809.5,555690,SBILIFE,NSE,yfinance,1d
2025-07-24,1808.0,1822.5,1778.699951171875,1793.5999755859375,928018,SBILIFE,NSE,yfinance,1d
2025-07-25,1814.0,1847.0,1810.9000244140625,1832.0999755859375,1821229,SBILIFE,NSE,yfinance,1d
2025-07-28,1832.0,1858.0,1819.0,1850.5,1182404,SBILIFE,NSE,yfinance,1d
2025-07-29,1848.0,1851.800048828125,1822.9000244140625,1833.4000244140625,585182,SBILIFE,NSE,yfinance,1d
2025-07-30,1825.0,1850.0,1824.5,1839.0999755859375,480951,SBILIFE,NSE,yfinance,1d
2025-07-31,1838.0,1857.4000244140625,1821.4000244140625,1840.699951171875,1570804,SBILIFE,NSE,yfinance,1d
2025-08-01,1840.0,1843.300048828125,1788.9000244140625,1796.199951171875,559870,SBILIFE,NSE,yfinance,1d
2025-08-04,1798.0,1836.199951171875,1781.0,1831.5,844169,SBILIFE,NSE,yfinance,1d
2025-08-05,1833.300048828125,1860.4000244140625,1818.699951171875,1857.0,1251783,SBILIFE,NSE,yfinance,1d
2025-08-06,1858.5999755859375,1876.0,1850.5999755859375,1854.300048828125,816457,SBILIFE,NSE,yfinance,1d
2025-08-07,1835.0,1863.0999755859375,1835.0,1861.0999755859375,742694,SBILIFE,NSE,yfinance,1d
2025-08-08,1851.0999755859375,1870.9000244140625,1831.0,1833.5999755859375,779798,SBILIFE,NSE,yfinance,1d
2025-08-11,1836.0,1852.699951171875,1825.9000244140625,1851.0,455452,SBILIFE,NSE,yfinance,1d
2025-08-12,1849.699951171875,1863.9000244140625,1834.0,1838.0,627624,SBILIFE,NSE,yfinance,1d
2025-08-13,1841.300048828125,1859.0,1838.0,1840.300048828125,570828,SBILIFE,NSE,yfinance,1d
2025-08-14,1842.0999755859375,1853.699951171875,1832.199951171875,1840.5999755859375,468063,SBILIFE,NSE,yfinance,1d
2025-08-18,1879.0,1912.0,1850.0,1863.0,1924632,SBILIFE,NSE,yfinance,1d
2025-08-19,1865.0,1869.9000244140625,1836.5999755859375,1854.0999755859375,621923,SBILIFE,NSE,yfinance,1d
2025-08-20,1846.0,1864.9000244140625,1843.4000244140625,1858.5,446416,SBILIFE,NSE,yfinance,1d
2025-08-21,1870.0,1892.5,1870.0,1877.300048828125,1316202,SBILIFE,NSE,yfinance,1d
2025-08-22,1860.0999755859375,1870.0,1849.4000244140625,1859.0,605948,SBILIFE,NSE,yfinance,1d
2025-08-25,1858.9000244140625,1862.4000244140625,1843.4000244140625,1846.800048828125,613536,SBILIFE,NSE,yfinance,1d
2025-08-26,1846.9000244140625,1857.5999755859375,1809.800048828125,1816.5999755859375,669578,SBILIFE,NSE,yfinance,1d
2025-08-28,1815.699951171875,1841.300048828125,1806.199951171875,1816.800048828125,948055,SBILIFE,NSE,yfinance,1d
2025-08-29,1826.9000244140625,1826.9000244140625,1801.0999755859375,1805.5,801378,SBILIFE,NSE,yfinance,1d
2025-09-01,1800.0,1815.9000244140625,1796.5999755859375,1809.800048828125,530198,SBILIFE,NSE,yfinance,1d
2025-09-02,1814.9000244140625,1825.0,1802.699951171875,1814.5,388232,SBILIFE,NSE,yfinance,1d
2025-09-03,1814.5,1818.9000244140625,1797.0,1810.699951171875,1249945,SBILIFE,NSE,yfinance,1d
2025-09-04,1890.0,1890.0,1773.0,1791.0999755859375,2151243,SBILIFE,NSE,yfinance,1d
2025-09-05,1815.0,1827.5,1800.0999755859375,1805.300048828125,757123,SBILIFE,NSE,yfinance,1d
2025-09-08,1807.0,1810.0,1769.5,1780.9000244140625,1553347,SBILIFE,NSE,yfinance,1d
2025-09-09,1789.800048828125,1811.5,1778.300048828125,1805.699951171875,895295,SBILIFE,NSE,yfinance,1d
2025-09-10,1804.9000244140625,1843.5999755859375,1796.0,1833.699951171875,881560,SBILIFE,NSE,yfinance,1d
2025-09-11,1824.800048828125,1824.9000244140625,1802.0,1814.199951171875,663203,SBILIFE,NSE,yfinance,1d
2025-09-12,1814.199951171875,1834.5,1803.5999755859375,1830.199951171875,509725,SBILIFE,NSE,yfinance,1d
2025-09-15,1830.0999755859375,1833.0,1812.300048828125,1822.199951171875,485383,SBILIFE,NSE,yfinance,1d
2025-09-16,1830.4000244140625,1832.9000244140625,1810.0,1818.800048828125,496743,SBILIFE,NSE,yfinance,1d
2025-09-17,1810.0999755859375,1827.5,1800.699951171875,1804.0,706812,SBILIFE,NSE,yfinance,1d
2025-09-18,1804.9000244140625,1831.0,1795.300048828125,1821.800048828125,817549,SBILIFE,NSE,yfinance,1d
2025-09-19,1828.0,1846.9000244140625,1821.800048828125,1841.699951171875,1633208,SBILIFE,NSE,yfinance,1d
2025-09-22,1855.0,1879.699951171875,1852.800048828125,1857.699951171875,1003774,SBILIFE,NSE,yfinance,1d
2025-09-23,1865.0,1865.699951171875,1815.4000244140625,1819.4000244140625,737343,SBILIFE,NSE,yfinance,1d
2025-09-24,1824.9000244140625,1825.4000244140625,1806.0,1817.0999755859375,507030,SBILIFE,NSE,yfinance,1d
2025-09-25,1810.0999755859375,1819.699951171875,1797.5,1809.800048828125,1003709,SBILIFE,NSE,yfinance,1d
2025-09-26,1807.4000244140625,1819.0,1790.0,1798.800048828125,1561042,SBILIFE,NSE,yfinance,1d
2025-09-29,1814.0,1814.0,1785.0,1788.699951171875,1003806,SBILIFE,NSE,yfinance,1d
2025-09-30,1783.0,1795.699951171875,1778.0,1790.5999755859375,1668918,SBILIFE,NSE,yfinance,1d
2025-10-01,1783.0,1806.5,1769.0999755859375,1801.0999755859375,704858,SBILIFE,NSE,yfinance,1d
2025-10-03,1801.0999755859375,1803.199951171875,1766.199951171875,1785.0999755859375,715403,SBILIFE,NSE,yfinance,1d
2025-10-06,1776.0,1784.199951171875,1759.4000244140625,1770.9000244140625,1560572,SBILIFE,NSE,yfinance,1d
2025-10-07,1777.0,1793.699951171875,1771.300048828125,1784.0999755859375,859968,SBILIFE,NSE,yfinance,1d
2025-10-08,1784.0,1795.9000244140625,1757.699951171875,1772.9000244140625,1323877,SBILIFE,NSE,yfinance,1d
2025-10-09,1772.9000244140625,1813.4000244140625,1770.5999755859375,1809.800048828125,848466,SBILIFE,NSE,yfinance,1d
2025-10-10,1825.0,1843.699951171875,1806.4000244140625,1810.4000244140625,1097936,SBILIFE,NSE,yfinance,1d
2025-10-13,1810.0,1827.9000244140625,1798.0999755859375,1815.300048828125,409793,SBILIFE,NSE,yfinance,1d
2025-10-14,1817.4000244140625,1825.800048828125,1807.5999755859375,1816.199951171875,655909,SBILIFE,NSE,yfinance,1d
2025-10-15,1816.0999755859375,1858.4000244140625,1813.4000244140625,1840.5999755859375,891713,SBILIFE,NSE,yfinance,1d
2025-10-16,1842.5999755859375,1844.9000244140625,1809.5,1835.699951171875,969316,SBILIFE,NSE,yfinance,1d
2025-10-17,1844.0,1852.4000244140625,1820.0999755859375,1844.0999755859375,1183570,SBILIFE,NSE,yfinance,1d
2025-10-20,1850.0,1857.199951171875,1828.0,1839.699951171875,590467,SBILIFE,NSE,yfinance,1d
2025-10-21,1852.0,1852.0,1832.5,1841.0,41649,SBILIFE,NSE,yfinance,1d
2025-10-23,1850.0,1864.199951171875,1841.0,1852.699951171875,543795,SBILIFE,NSE,yfinance,1d
2025-10-24,1860.0,1864.0,1831.800048828125,1839.800048828125,517403,SBILIFE,NSE,yfinance,1d
2025-10-27,1880.199951171875,1923.9000244140625,1880.199951171875,1903.0999755859375,2866910,SBILIFE,NSE,yfinance,1d
2025-10-28,1903.0999755859375,1945.5999755859375,1894.800048828125,1936.800048828125,2166517,SBILIFE,NSE,yfinance,1d
2025-10-29,1934.0,1975.0,1934.0,1970.4000244140625,2398496,SBILIFE,NSE,yfinance,1d
2025-10-30,1970.4000244140625,1971.9000244140625,1954.0999755859375,1968.4000244140625,842738,SBILIFE,NSE,yfinance,1d
2025-10-31,1965.0,1978.699951171875,1951.800048828125,1955.699951171875,1167506,SBILIFE,NSE,yfinance,1d
2025-11-03,1950.0,1982.199951171875,1945.0,1969.5999755859375,687299,SBILIFE,NSE,yfinance,1d
2025-11-04,1959.0999755859375,1997.300048828125,1956.9000244140625,1971.5,664256,SBILIFE,NSE,yfinance,1d
2025-11-06,1976.9000244140625,1990.800048828125,1964.0,1970.800048828125,1094086,SBILIFE,NSE,yfinance,1d
2025-11-07,1962.0999755859375,2004.0,1957.699951171875,1998.9000244140625,1241016,SBILIFE,NSE,yfinance,1d
2025-11-10,2000.0999755859375,2017.9000244140625,1985.199951171875,1989.300048828125,1087154,SBILIFE,NSE,yfinance,1d
2025-11-11,1994.9000244140625,2002.199951171875,1982.300048828125,1997.300048828125,901898,SBILIFE,NSE,yfinance,1d
2025-11-12,1997.300048828125,2009.0,1983.800048828125,1996.699951171875,1006737,SBILIFE,NSE,yfinance,1d
2025-11-13,1980.5999755859375,2005.0,1975.5,1987.9000244140625,671028,SBILIFE,NSE,yfinance,1d
2025-11-14,1982.5999755859375,2003.9000244140625,1977.800048828125,2000.9000244140625,678599,SBILIFE,NSE,yfinance,1d
2025-11-17,2000.9000244140625,2012.9000244140625,1993.300048828125,1996.0,726715,SBILIFE,NSE,yfinance,1d
2025-11-18,1991.0999755859375,2013.5,1988.0,1993.300048828125,855558,SBILIFE,NSE,yfinance,1d
2025-11-19,1990.9000244140625,2008.300048828125,1985.0,2004.800048828125,894171,SBILIFE,NSE,yfinance,1d
2025-11-20,2013.9000244140625,2032.0,2000.0,2027.0999755859375,805778,SBILIFE,NSE,yfinance,1d
2025-11-21,2026.9000244140625,2030.5,2016.5999755859375,2022.5,506477,SBILIFE,NSE,yfinance,1d
2025-11-24,2027.0,2086.60009765625,2005.0,2014.800048828125,2592739,SBILIFE,NSE,yfinance,1d
2025-11-25,1972.4000244140625,2044.0,1972.4000244140625,2031.0,748087,SBILIFE,NSE,yfinance,1d
2025-11-26,2031.0,2045.0,2024.0,2029.0999755859375,826123,SBILIFE,NSE,yfinance,1d
2025-11-27,2030.0,2036.0,2000.800048828125,2004.5,652128,SBILIFE,NSE,yfinance,1d
2025-11-28,2011.0,2011.0999755859375,1961.0,1966.0,1011160,SBILIFE,NSE,yfinance,1d
2025-12-01,1967.0,1977.0,1951.199951171875,1971.5999755859375,483716,SBILIFE,NSE,yfinance,1d
2025-12-02,1952.0,1989.9000244140625,1952.0,1981.5,942591,SBILIFE,NSE,yfinance,1d
2025-12-03,1982.0,1991.0,1959.9000244140625,1972.800048828125,515105,SBILIFE,NSE,yfinance,1d
2025-12-04,1970.199951171875,2009.0,1959.0,2002.9000244140625,660360,SBILIFE,NSE,yfinance,1d
2025-12-05,2003.0,2046.300048828125,2000.699951171875,2023.699951171875,749526,SBILIFE,NSE,yfinance,1d
2025-12-08,2005.0,2036.0,2005.0,2020.699951171875,1050200,SBILIFE,NSE,yfinance,1d
2025-12-09,2019.0,2028.199951171875,1990.4000244140625,2006.199951171875,887191,SBILIFE,NSE,yfinance,1d
2025-12-10,1996.0,2030.800048828125,1994.5999755859375,2014.5,598172,SBILIFE,NSE,yfinance,1d
2025-12-11,2006.0999755859375,2017.5999755859375,1995.5,2006.9000244140625,635250,SBILIFE,NSE,yfinance,1d
2025-12-12,2012.0,2030.4000244140625,2002.4000244140625,2025.9000244140625,557472,SBILIFE,NSE,yfinance,1d
2025-12-15,2030.0999755859375,2040.0,2008.0,2034.9000244140625,565860,SBILIFE,NSE,yfinance,1d
2025-12-16,2034.9000244140625,2052.199951171875,2021.0,2036.0,815797,SBILIFE,NSE,yfinance,1d
2025-12-17,2039.4000244140625,2048.699951171875,1995.5,2010.199951171875,896027,SBILIFE,NSE,yfinance,1d
2025-12-18,2018.0,2020.4000244140625,2001.5999755859375,2014.4000244140625,301399,SBILIFE,NSE,yfinance,1d
2025-12-19,2014.5,2035.5,2012.4000244140625,2028.4000244140625,751874,SBILIFE,NSE,yfinance,1d
2025-12-22,2027.699951171875,2031.0999755859375,2013.0999755859375,2022.300048828125,526892,SBILIFE,NSE,yfinance,1d
2025-12-23,2032.199951171875,2032.199951171875,2018.300048828125,2024.800048828125,290105,SBILIFE,NSE,yfinance,1d
2025-12-24,2029.199951171875,2033.5999755859375,2020.199951171875,2025.4000244140625,353971,SBILIFE,NSE,yfinance,1d
2025-12-26,2025.4000244140625,2034.9000244140625,2004.0999755859375,2019.0999755859375,180039,SBILIFE,NSE,yfinance,1d
2025-12-29,2026.699951171875,2026.699951171875,2006.5999755859375,2009.800048828125,407998,SBILIFE,NSE,yfinance,1d
2025-12-30,2009.800048828125,2019.800048828125,1968.199951171875,1995.5,3166927,SBILIFE,NSE,yfinance,1d
2025-12-31,2010.199951171875,2043.5,1992.5,2034.9000244140625,751134,SBILIFE,NSE,yfinance,1d
2026-01-01,2034.9000244140625,2045.9000244140625,2027.199951171875,2040.4000244140625,235630,SBILIFE,NSE,yfinance,1d
2026-01-02,2040.4000244140625,2077.300048828125,2040.0,2067.39990234375,472182,SBILIFE,NSE,yfinance,1d
2026-01-05,2067.39990234375,2094.89990234375,2063.199951171875,2075.60009765625,788144,SBILIFE,NSE,yfinance,1d
2026-01-06,2064.0,2106.0,2064.0,2095.800048828125,618958,SBILIFE,NSE,yfinance,1d
2026-01-07,2090.0,2109.60009765625,2065.0,2070.800048828125,1065734,SBILIFE,NSE,yfinance,1d
2026-01-08,2080.89990234375,2095.5,2067.699951171875,2082.89990234375,956736,SBILIFE,NSE,yfinance,1d
2026-01-09,2093.800048828125,2093.89990234375,2065.0,2070.0,455165,SBILIFE,NSE,yfinance,1d
2026-01-12,2085.0,2105.699951171875,2080.0,2098.0,1051481,SBILIFE,NSE,yfinance,1d
2026-01-13,2090.0,2102.10009765625,2071.699951171875,2082.39990234375,425540,SBILIFE,NSE,yfinance,1d
2026-01-14,2070.199951171875,2082.0,2063.300048828125,2068.800048828125,942775,SBILIFE,NSE,yfinance,1d
2026-01-15,2068.800048828125,2068.800048828125,2068.800048828125,2068.800048828125,0,SBILIFE,NSE,yfinance,1d
2026-01-16,2062.0,2097.199951171875,2061.89990234375,2081.0,753887,SBILIFE,NSE,yfinance,1d
2026-01-19,2066.199951171875,2095.60009765625,2066.199951171875,2073.699951171875,552463,SBILIFE,NSE,yfinance,1d
2026-01-20,2080.0,2080.0,2044.0,2049.10009765625,576100,SBILIFE,NSE,yfinance,1d
2026-01-21,2038.199951171875,2076.800048828125,2038.199951171875,2055.39990234375,1014083,SBILIFE,NSE,yfinance,1d
2026-01-22,2056.10009765625,2067.10009765625,2009.300048828125,2022.0,1829617,SBILIFE,NSE,yfinance,1d
2026-01-23,2022.0,2022.0,1986.300048828125,2002.5999755859375,1128576,SBILIFE,NSE,yfinance,1d
2026-01-27,2005.199951171875,2047.800048828125,2005.199951171875,2038.199951171875,1396624,SBILIFE,NSE,yfinance,1d
2026-01-28,2046.9000244140625,2079.39990234375,2037.5999755859375,2053.199951171875,1391036,SBILIFE,NSE,yfinance,1d
2026-01-29,2057.39990234375,2065.0,1962.9000244140625,1996.300048828125,3546891,SBILIFE,NSE,yfinance,1d
2026-01-30,1986.300048828125,2018.4000244140625,1951.5,1998.5,2050622,SBILIFE,NSE,yfinance,1d
2026-02-02,1972.5,2020.0,1955.5,2001.0,1337964,SBILIFE,NSE,yfinance,1d
2026-02-03,2056.39990234375,2064.89990234375,1997.5999755859375,2002.0999755859375,1915073,SBILIFE,NSE,yfinance,1d
2026-02-04,2002.0999755859375,2047.5,1995.800048828125,2041.699951171875,1109824,SBILIFE,NSE,yfinance,1d
2026-02-05,2031.0,2045.300048828125,2005.300048828125,2017.800048828125,925742,SBILIFE,NSE,yfinance,1d
2026-02-06,2026.0,2029.9000244140625,1974.300048828125,1996.699951171875,884292,SBILIFE,NSE,yfinance,1d
2026-02-09,1996.699951171875,2036.199951171875,1996.699951171875,2024.0,1266623,SBILIFE,NSE,yfinance,1d
2026-02-10,2024.0,2027.5999755859375,1999.0,2018.300048828125,570843,SBILIFE,NSE,yfinance,1d
2026-02-11,2023.0,2039.0999755859375,2017.300048828125,2026.300048828125,662626,SBILIFE,NSE,yfinance,1d
2026-02-12,2022.0,2026.0,1998.0,2022.0999755859375,426707,SBILIFE,NSE,yfinance,1d
2026-02-13,2039.0,2043.9000244140625,2005.199951171875,2034.199951171875,1240712,SBILIFE,NSE,yfinance,1d
2026-02-16,2033.9000244140625,2050.300048828125,2023.800048828125,2042.4000244140625,580680,SBILIFE,NSE,yfinance,1d
2026-02-17,2042.4000244140625,2045.0,2026.5999755859375,2039.5,377148,SBILIFE,NSE,yfinance,1d
2026-02-18,2034.4000244140625,2062.39990234375,2034.4000244140625,2059.60009765625,353144,SBILIFE,NSE,yfinance,1d
2026-02-19,2065.0,2068.0,2037.5999755859375,2043.0,420142,SBILIFE,NSE,yfinance,1d
2026-02-20,2042.9000244140625,2083.300048828125,2036.0,2080.0,922200,SBILIFE,NSE,yfinance,1d
2026-02-23,2089.699951171875,2132.0,2072.199951171875,2109.60009765625,998892,SBILIFE,NSE,yfinance,1d
2026-02-24,2109.60009765625,2119.0,2076.60009765625,2082.89990234375,841918,SBILIFE,NSE,yfinance,1d
2026-02-25,2089.699951171875,2106.0,2069.5,2073.60009765625,355352,SBILIFE,NSE,yfinance,1d
2026-02-26,2080.0,2103.39990234375,2063.300048828125,2082.800048828125,567098,SBILIFE,NSE,yfinance,1d
2026-02-27,2076.10009765625,2093.800048828125,2030.9000244140625,2037.199951171875,1374835,SBILIFE,NSE,yfinance,1d
2026-03-02,2028.0,2053.39990234375,1996.5,2032.199951171875,1009225,SBILIFE,NSE,yfinance,1d
2026-03-04,1964.0,1997.199951171875,1923.5999755859375,1930.5999755859375,966848,SBILIFE,NSE,yfinance,1d
2026-03-05,1947.5999755859375,1951.0999755859375,1898.0,1945.0,1955176,SBILIFE,NSE,yfinance,1d
2026-03-06,1930.0,1962.9000244140625,1924.800048828125,1941.5999755859375,858666,SBILIFE,NSE,yfinance,1d
2026-03-09,1900.0,1926.0999755859375,1890.0,1912.5,1617012,SBILIFE,NSE,yfinance,1d
2026-03-10,1933.300048828125,1974.800048828125,1926.5,1963.699951171875,587710,SBILIFE,NSE,yfinance,1d
2026-03-11,1985.0,1985.0,1927.300048828125,1938.5999755859375,829640,SBILIFE,NSE,yfinance,1d
2026-03-12,1925.0,1948.0999755859375,1907.0,1939.4000244140625,868643,SBILIFE,NSE,yfinance,1d
2026-03-13,1932.5,1938.9000244140625,1900.4000244140625,1904.4000244140625,989732,SBILIFE,NSE,yfinance,1d
2026-03-16,1901.0,1918.0,1881.0,1909.199951171875,902404,SBILIFE,NSE,yfinance,1d
2026-03-17,1903.0,1938.699951171875,1901.5,1932.0999755859375,1255806,SBILIFE,NSE,yfinance,1d
2026-03-18,1932.0,1974.699951171875,1932.0,1962.5,705652,SBILIFE,NSE,yfinance,1d
2026-03-19,1950.0,1956.199951171875,1897.5,1903.0999755859375,741211,SBILIFE,NSE,yfinance,1d
2026-03-20,1906.9000244140625,1919.9000244140625,1890.0,1896.9000244140625,1782505,SBILIFE,NSE,yfinance,1d
2026-03-23,1875.0,1889.800048828125,1811.5,1832.300048828125,1338816,SBILIFE,NSE,yfinance,1d
2026-03-24,1842.0,1866.5,1812.199951171875,1836.0,1403010,SBILIFE,NSE,yfinance,1d
2026-03-25,1845.300048828125,1867.4000244140625,1839.199951171875,1851.800048828125,1167758,SBILIFE,NSE,yfinance,1d
2026-03-27,1835.199951171875,1851.0999755859375,1828.9000244140625,1837.5999755859375,1156884,SBILIFE,NSE,yfinance,1d
2026-03-30,1820.800048828125,1828.4000244140625,1766.0,1777.300048828125,2274502,SBILIFE,NSE,yfinance,1d
2026-04-01,1828.4000244140625,1845.5999755859375,1762.5,1790.5,1132054,SBILIFE,NSE,yfinance,1d
2026-04-02,1760.0,1778.9000244140625,1728.0999755859375,1774.0,1494738,SBILIFE,NSE,yfinance,1d
2026-04-06,1757.5,1844.5,1757.5,1836.800048828125,1721071,SBILIFE,NSE,yfinance,1d
2026-04-07,1814.5,1845.9000244140625,1805.5,1841.4000244140625,974742,SBILIFE,NSE,yfinance,1d
2026-04-08,1880.0,1923.0,1870.0,1907.5999755859375,1104494,SBILIFE,NSE,yfinance,1d
2026-04-09,1907.0,1930.0,1881.0999755859375,1904.0,1330082,SBILIFE,NSE,yfinance,1d
2026-04-10,1914.9000244140625,1950.5999755859375,1914.300048828125,1923.199951171875,763543,SBILIFE,NSE,yfinance,1d
2026-04-13,1909.0,1931.800048828125,1889.0,1914.4000244140625,638729,SBILIFE,NSE,yfinance,1d
2026-04-15,1929.800048828125,1974.199951171875,1928.0999755859375,1971.0,1341053,SBILIFE,NSE,yfinance,1d
2026-04-16,1971.0999755859375,1990.9000244140625,1962.0999755859375,1974.699951171875,642257,SBILIFE,NSE,yfinance,1d
2026-04-17,1967.0,1975.800048828125,1954.9000244140625,1970.9000244140625,533713,SBILIFE,NSE,yfinance,1d
2026-04-20,1976.300048828125,1989.5999755859375,1956.5999755859375,1982.5,1033871,SBILIFE,NSE,yfinance,1d
2026-04-21,1974.4000244140625,1975.800048828125,1891.699951171875,1911.5999755859375,5153618,SBILIFE,NSE,yfinance,1d
2026-04-22,1910.0,1930.5999755859375,1880.0,1884.800048828125,4044590,SBILIFE,NSE,yfinance,1d
2026-04-23,1865.0,1886.699951171875,1807.699951171875,1828.0999755859375,4199895,SBILIFE,NSE,yfinance,1d
2026-04-24,1817.0,1836.300048828125,1762.0999755859375,1768.9000244140625,5283235,SBILIFE,NSE,yfinance,1d
2026-04-27,1768.9000244140625,1818.5,1759.0,1815.4000244140625,1918952,SBILIFE,NSE,yfinance,1d
2026-04-28,1814.5999755859375,1824.0,1798.800048828125,1808.300048828125,1487099,SBILIFE,NSE,yfinance,1d
2026-04-29,1808.5999755859375,1829.5,1792.9000244140625,1816.199951171875,1431080,SBILIFE,NSE,yfinance,1d
2026-04-30,1814.9000244140625,1826.0,1785.199951171875,1819.0,1082053,SBILIFE,NSE,yfinance,1d
2026-05-01,1819.0,1819.0,1819.0,1819.0,0,SBILIFE,NSE,yfinance,1d
2026-05-04,1810.0999755859375,1845.0,1810.0999755859375,1820.0999755859375,1929706,SBILIFE,NSE,yfinance,1d
2026-05-05,1820.0,1835.0,1802.5999755859375,1821.199951171875,1003169,SBILIFE,NSE,yfinance,1d
2026-05-06,1839.0,1868.9000244140625,1825.9000244140625,1859.0,1236623,SBILIFE,NSE,yfinance,1d
2026-05-07,1868.0,1879.199951171875,1860.0,1872.199951171875,1232684,SBILIFE,NSE,yfinance,1d
2026-05-08,1874.9000244140625,1885.0,1865.199951171875,1872.0999755859375,673259,SBILIFE,NSE,yfinance,1d
2026-05-11,1865.5999755859375,1895.0,1863.9000244140625,1884.4000244140625,672604,SBILIFE,NSE,yfinance,1d
2026-05-12,1866.0,1875.5999755859375,1825.0,1833.9000244140625,1291216,SBILIFE,NSE,yfinance,1d
2026-05-13,1820.0,1851.4000244140625,1818.199951171875,1837.5,853301,SBILIFE,NSE,yfinance,1d
2026-05-14,1831.0,1870.0,1825.0,1866.699951171875,765124,SBILIFE,NSE,yfinance,1d
2026-05-15,1866.699951171875,1883.9000244140625,1850.0,1864.5,851184,SBILIFE,NSE,yfinance,1d
2026-05-18,1846.0,1867.5,1825.300048828125,1860.4000244140625,746942,SBILIFE,NSE,yfinance,1d
2026-05-19,1846.0,1892.0,1845.4000244140625,1881.4000244140625,1351813,SBILIFE,NSE,yfinance,1d
2026-05-20,1860.0,1882.4000244140625,1856.0999755859375,1864.199951171875,563774,SBILIFE,NSE,yfinance,1d
2026-05-21,1869.9000244140625,1876.4000244140625,1854.9000244140625,1859.9000244140625,383464,SBILIFE,NSE,yfinance,1d
2026-05-22,1872.0,1893.0,1860.9000244140625,1870.699951171875,934443,SBILIFE,NSE,yfinance,1d
2026-05-25,1881.5,1905.0,1879.800048828125,1901.9000244140625,445135,SBILIFE,NSE,yfinance,1d
2026-05-26,1904.800048828125,1906.9000244140625,1876.0999755859375,1883.199951171875,812898,SBILIFE,NSE,yfinance,1d
2026-05-27,1883.0,1888.5,1860.0,1864.5,372683,SBILIFE,NSE,yfinance,1d
2026-05-28,1864.5,1864.5,1864.5,1864.5,0,SBILIFE,NSE,yfinance,1d
2026-05-29,1862.4000244140625,1864.0,1820.5,1830.0999755859375,2094924,SBILIFE,NSE,yfinance,1d
2026-06-01,1839.0,1846.4000244140625,1801.800048828125,1812.5,1991126,SBILIFE,NSE,yfinance,1d
2026-06-02,1786.0,1819.0,1781.699951171875,1801.699951171875,1196704,SBILIFE,NSE,yfinance,1d
2026-06-03,1801.699951171875,1809.9000244140625,1759.0,1784.199951171875,784328,SBILIFE,NSE,yfinance,1d
2026-06-04,1781.5999755859375,1784.0999755859375,1760.5,1764.9000244140625,727483,SBILIFE,NSE,yfinance,1d
2026-06-05,1774.0,1797.800048828125,1766.0999755859375,1782.800048828125,715458,SBILIFE,NSE,yfinance,1d
2026-06-08,1772.5999755859375,1786.4000244140625,1755.300048828125,1764.4000244140625,438892,SBILIFE,NSE,yfinance,1d
2026-06-09,1755.0,1782.0999755859375,1754.699951171875,1769.0999755859375,857754,SBILIFE,NSE,yfinance,1d
2026-06-10,1756.9000244140625,1774.0,1722.199951171875,1728.699951171875,1149490,SBILIFE,NSE,yfinance,1d
2026-06-11,1727.0,1740.0,1704.199951171875,1719.0999755859375,965035,SBILIFE,NSE,yfinance,1d
2026-06-12,1742.0,1744.9000244140625,1700.4000244140625,1706.0,1438254,SBILIFE,NSE,yfinance,1d
2026-06-15,1723.0,1766.300048828125,1710.0,1759.5,1258362,SBILIFE,NSE,yfinance,1d
2026-06-16,1771.699951171875,1793.0,1764.0,1767.5999755859375,1423732,SBILIFE,NSE,yfinance,1d
2026-06-17,1756.0,1803.0999755859375,1756.0,1793.5999755859375,730989,SBILIFE,NSE,yfinance,1d
2026-06-18,1801.0,1816.4000244140625,1792.9000244140625,1807.5999755859375,784096,SBILIFE,NSE,yfinance,1d
2026-06-19,1800.0,1814.199951171875,1786.9000244140625,1800.199951171875,352560,SBILIFE,NSE,yfinance,1d
2026-06-22,1800.0,1820.0,1795.0999755859375,1805.5,549653,SBILIFE,NSE,yfinance,1d
2026-06-23,1805.5,1816.699951171875,1775.199951171875,1786.199951171875,961453,SBILIFE,NSE,yfinance,1d
2026-06-24,1786.199951171875,1794.0,1748.199951171875,1767.699951171875,1280774,SBILIFE,NSE,yfinance,1d
2026-06-25,1767.699951171875,1779.0,1740.0,1744.9000244140625,933399,SBILIFE,NSE,yfinance,1d
2026-06-26,1744.9000244140625,1744.9000244140625,1744.9000244140625,1744.9000244140625,0,SBILIFE,NSE,yfinance,1d
2026-06-29,1759.5999755859375,1772.699951171875,1736.9000244140625,1755.4000244140625,3910884,SBILIFE,NSE,yfinance,1d
2026-06-30,1747.5,1777.0,1738.0,1765.699951171875,1456822,SBILIFE,NSE,yfinance,1d
2026-07-01,1777.0,1794.199951171875,1758.5999755859375,1790.9000244140625,624234,SBILIFE,NSE,yfinance,1d
2026-07-02,1798.0,1799.9000244140625,1771.4000244140625,1784.4000244140625,646630,SBILIFE,NSE,yfinance,1d
2026-07-03,1784.0,1800.0,1777.5,1788.699951171875,631175,SBILIFE,NSE,yfinance,1d
2026-07-06,1779.4000244140625,1797.0,1779.4000244140625,1787.699951171875,647063,SBILIFE,NSE,yfinance,1d
2026-07-07,1773.0,1848.0,1773.0,1832.300048828125,1702487,SBILIFE,NSE,yfinance,1d
2026-07-08,1831.9000244140625,1848.5,1784.199951171875,1789.0,1365022,SBILIFE,NSE,yfinance,1d
2026-07-09,1789.0,1839.0,1784.9000244140625,1821.699951171875,868224,SBILIFE,NSE,yfinance,1d
2026-07-10,1830.699951171875,1866.0,1830.699951171875,1862.9000244140625,828830,SBILIFE,NSE,yfinance,1d
2026-07-13,1850.0,1861.0,1832.0999755859375,1855.9000244140625,455392,SBILIFE,NSE,yfinance,1d
2026-07-14,1842.0,1852.5999755859375,1829.5999755859375,1840.300048828125,1035413,SBILIFE,NSE,yfinance,1d
2026-07-15,1842.5,1880.5999755859375,1838.0,1866.4000244140625,895874,SBILIFE,NSE,yfinance,1d
2026-07-16,1871.0,1872.0999755859375,1810.0,1822.0999755859375,898103,SBILIFE,NSE,yfinance,1d
2026-07-17,1824.0999755859375,1839.800048828125,1811.300048828125,1829.4000244140625,1025533,SBILIFE,NSE,yfinance,1d
2026-07-20,1831.0,1835.0,1803.4000244140625,1824.5,597865,SBILIFE,NSE,yfinance,1d
2026-07-21,1834.5,1835.0,1816.199951171875,1827.9000244140625,583351,SBILIFE,NSE,yfinance,1d
2026-07-22,1813.0,1833.0,1797.0,1806.699951171875,484506,SBILIFE,NSE,yfinance,1d
2026-07-23,1800.0,1864.300048828125,1800.0,1853.5,912075,SBILIFE,NSE,yfinance,1d
2026-07-24,1844.0999755859375,1889.5,1830.0999755859375,1858.5999755859375,1034104,SBILIFE,NSE,yfinance,1d
2026-07-27,1860.0,1870.699951171875,1836.199951171875,1866.800048828125,1098594,SBILIFE,NSE,yfinance,1d
2026-07-28,1865.0,1893.5,1860.5,1889.0999755859375,850030,SBILIFE,NSE,yfinance,1d
2026-07-29,1895.0,1902.800048828125,1880.4000244140625,1894.9000244140625,1365116,SBILIFE,NSE,yfinance,1d
2026-07-30,1882.199951171875,1910.0,1862.5999755859375,1877.5,1513264,SBILIFE,NSE,yfinance,1d
2026-07-31,1885.0,1898.9000244140625,1870.5999755859375,1882.0,723852,SBILIFE,NSE,yfinance,1d
2026-08-03,1899.0,1915.0,1882.800048828125,1915.0,885610,SBILIFE,NSE,yfinance,1d
2026-08-04,1901.0,1909.800048828125,1856.5999755859375,1899.0,1516326,SBILIFE,NSE,yfinance,1d
2026-08-05,1910.0,1910.0,1868.0999755859375,1879.9000244140625,625147,SBILIFE,NSE,yfinance,1d
2026-08-06,1870.0,1886.0,1860.300048828125,1861.5,474116,SBILIFE,NSE,yfinance,1d
2026-08-07,1861.5,1871.800048828125,1852.800048828125,1855.5,390231,SBILIFE,NSE,yfinance,1d
2026-08-10,1855.5,1865.0999755859375,1836.0,1855.0,834293,SBILIFE,NSE,yfinance,1d
2026-08-11,1866.0,1866.0,1815.5,1837.5999755859375,1089291,SBILIFE,NSE,yfinance,1d
2026-08-12,1840.800048828125,1840.800048828125,1816.5,1830.0,1053505,SBILIFE,NSE,yfinance,1d
2026-08-13,1828.5999755859375,1833.5999755859375,1805.5,1812.0,1421896,SBILIFE,NSE,yfinance,1d
2026-08-14,1812.800048828125,1820.9000244140625,1789.4000244140625,1795.0,564182,SBILIFE,NSE,yfinance,1d
