date,open,high,low,close,volume,symbol,exchange,source,interval
2021-08-16,258.20001220703125,261.0,256.3699951171875,259.3299865722656,4215450,SHRIRAMFIN,NSE,yfinance,1d
2021-08-17,259.3299865722656,259.3999938964844,253.0,256.07000732421875,5186305,SHRIRAMFIN,NSE,yfinance,1d
2021-08-18,257.6000061035156,260.9700012207031,255.2899932861328,258.7699890136719,4998005,SHRIRAMFIN,NSE,yfinance,1d
2021-08-20,256.0,257.20001220703125,250.0,250.89999389648438,4362450,SHRIRAMFIN,NSE,yfinance,1d
2021-08-23,255.0800018310547,255.0800018310547,243.1999969482422,249.13999938964844,5190075,SHRIRAMFIN,NSE,yfinance,1d
2021-08-24,248.0,256.3999938964844,246.25999450683594,255.91000366210938,4803725,SHRIRAMFIN,NSE,yfinance,1d
2021-08-25,256.20001220703125,259.04998779296875,251.8800048828125,253.47000122070312,5152555,SHRIRAMFIN,NSE,yfinance,1d
2021-08-26,255.1999969482422,259.42999267578125,251.38999938964844,253.08999633789062,6567660,SHRIRAMFIN,NSE,yfinance,1d
2021-08-27,253.99000549316406,258.20001220703125,251.52999877929688,256.2799987792969,3930010,SHRIRAMFIN,NSE,yfinance,1d
2021-08-30,258.79998779296875,267.8500061035156,256.6400146484375,266.989990234375,7071320,SHRIRAMFIN,NSE,yfinance,1d
2021-08-31,267.0,271.3999938964844,264.1000061035156,270.5400085449219,7881915,SHRIRAMFIN,NSE,yfinance,1d
2021-09-01,270.4800109863281,271.04998779296875,264.5400085449219,265.9800109863281,6179385,SHRIRAMFIN,NSE,yfinance,1d
2021-09-02,266.3999938964844,269.79998779296875,265.32000732421875,268.6099853515625,3818570,SHRIRAMFIN,NSE,yfinance,1d
2021-09-03,269.79998779296875,277.7200012207031,266.6199951171875,270.010009765625,8012625,SHRIRAMFIN,NSE,yfinance,1d
2021-09-06,271.20001220703125,275.3999938964844,268.010009765625,269.2900085449219,3295350,SHRIRAMFIN,NSE,yfinance,1d
2021-09-07,269.5,273.7900085449219,265.20001220703125,268.9599914550781,6181705,SHRIRAMFIN,NSE,yfinance,1d
2021-09-08,268.7799987792969,276.2799987792969,267.6700134277344,273.010009765625,8546425,SHRIRAMFIN,NSE,yfinance,1d
2021-09-09,272.6000061035156,272.6000061035156,267.0899963378906,269.6700134277344,3792220,SHRIRAMFIN,NSE,yfinance,1d
2021-09-13,269.20001220703125,269.6700134277344,262.1499938964844,268.3399963378906,3625345,SHRIRAMFIN,NSE,yfinance,1d
2021-09-14,269.6000061035156,274.20001220703125,268.8399963378906,270.55999755859375,3353550,SHRIRAMFIN,NSE,yfinance,1d
2021-09-15,270.79998779296875,275.8699951171875,268.3999938964844,273.3599853515625,5161840,SHRIRAMFIN,NSE,yfinance,1d
2021-09-16,273.3599853515625,282.3800048828125,272.6199951171875,281.2799987792969,10142820,SHRIRAMFIN,NSE,yfinance,1d
2021-09-17,284.0,285.17999267578125,271.1199951171875,272.1600036621094,9870725,SHRIRAMFIN,NSE,yfinance,1d
2021-09-20,270.0,274.30999755859375,262.1499938964844,264.0199890136719,4788450,SHRIRAMFIN,NSE,yfinance,1d
2021-09-21,266.0,267.17999267578125,257.1499938964844,264.75,4585140,SHRIRAMFIN,NSE,yfinance,1d
2021-09-22,265.3999938964844,270.7799987792969,265.3999938964844,269.29998779296875,3449740,SHRIRAMFIN,NSE,yfinance,1d
2021-09-23,270.0,277.0,269.30999755859375,276.6199951171875,5925930,SHRIRAMFIN,NSE,yfinance,1d
2021-09-24,279.0,281.3599853515625,270.2099914550781,271.1400146484375,5655830,SHRIRAMFIN,NSE,yfinance,1d
2021-09-27,271.8999938964844,272.489990234375,262.79998779296875,264.8299865722656,5489955,SHRIRAMFIN,NSE,yfinance,1d
2021-09-28,267.0,269.1300048828125,258.5199890136719,262.6400146484375,4231635,SHRIRAMFIN,NSE,yfinance,1d
2021-09-29,260.0,262.239990234375,257.20001220703125,260.07000732421875,4532205,SHRIRAMFIN,NSE,yfinance,1d
2021-09-30,260.3999938964844,265.3999938964844,258.6000061035156,259.7699890136719,7981880,SHRIRAMFIN,NSE,yfinance,1d
2021-10-01,258.7699890136719,259.9100036621094,254.66000366210938,258.9100036621094,4632325,SHRIRAMFIN,NSE,yfinance,1d
2021-10-04,260.2799987792969,270.79998779296875,259.2099914550781,270.1499938964844,6773440,SHRIRAMFIN,NSE,yfinance,1d
2021-10-05,268.0,271.5,264.8599853515625,267.04998779296875,4110305,SHRIRAMFIN,NSE,yfinance,1d
2021-10-06,268.6499938964844,268.8999938964844,259.69000244140625,260.6400146484375,3570155,SHRIRAMFIN,NSE,yfinance,1d
2021-10-07,264.6400146484375,269.2799987792969,263.1600036621094,268.6400146484375,3739840,SHRIRAMFIN,NSE,yfinance,1d
2021-10-08,268.6400146484375,270.67999267578125,264.69000244140625,266.19000244140625,2327330,SHRIRAMFIN,NSE,yfinance,1d
2021-10-11,267.17999267578125,268.3800048828125,265.17999267578125,266.9800109863281,2474965,SHRIRAMFIN,NSE,yfinance,1d
2021-10-12,267.3999938964844,268.3900146484375,264.0,264.92999267578125,2928570,SHRIRAMFIN,NSE,yfinance,1d
2021-10-13,267.6000061035156,274.9599914550781,265.2099914550781,273.2799987792969,7442435,SHRIRAMFIN,NSE,yfinance,1d
2021-10-14,275.69000244140625,279.82000732421875,271.3599853515625,276.7099914550781,8878410,SHRIRAMFIN,NSE,yfinance,1d
2021-10-18,280.739990234375,283.3399963378906,276.04998779296875,279.0400085449219,5899405,SHRIRAMFIN,NSE,yfinance,1d
2021-10-19,280.0400085449219,291.6000061035156,276.739990234375,285.489990234375,14910045,SHRIRAMFIN,NSE,yfinance,1d
2021-10-20,287.55999755859375,294.92999267578125,281.3599853515625,287.739990234375,10061990,SHRIRAMFIN,NSE,yfinance,1d
2021-10-21,290.30999755859375,300.0,288.2300109863281,298.1700134277344,11697925,SHRIRAMFIN,NSE,yfinance,1d
2021-10-22,299.79998779296875,311.760009765625,297.07000732421875,303.7200012207031,19446090,SHRIRAMFIN,NSE,yfinance,1d
2021-10-25,308.04998779296875,308.04998779296875,295.7099914550781,303.3800048828125,8858895,SHRIRAMFIN,NSE,yfinance,1d
2021-10-26,300.0199890136719,317.6000061035156,299.32000732421875,305.17999267578125,9988515,SHRIRAMFIN,NSE,yfinance,1d
2021-10-27,307.79998779296875,311.6000061035156,303.3999938964844,305.6700134277344,4678970,SHRIRAMFIN,NSE,yfinance,1d
2021-10-28,305.5899963378906,305.5899963378906,293.9100036621094,297.739990234375,5604320,SHRIRAMFIN,NSE,yfinance,1d
2021-10-29,300.0,300.0,285.0,287.239990234375,6972315,SHRIRAMFIN,NSE,yfinance,1d
2021-11-01,291.0,291.0,277.8699951171875,286.1400146484375,8517215,SHRIRAMFIN,NSE,yfinance,1d
2021-11-02,288.0,324.94000244140625,286.45001220703125,315.239990234375,16632400,SHRIRAMFIN,NSE,yfinance,1d
2021-11-03,315.79998779296875,328.75,311.75,320.5299987792969,15816895,SHRIRAMFIN,NSE,yfinance,1d
2021-11-04,322.0,325.19000244140625,321.6000061035156,323.42999267578125,1071505,SHRIRAMFIN,NSE,yfinance,1d
2021-11-08,325.0400085449219,334.0,324.2099914550781,332.94000244140625,8351745,SHRIRAMFIN,NSE,yfinance,1d
2021-11-09,335.3399963378906,339.2799987792969,316.2099914550781,323.2099914550781,12628955,SHRIRAMFIN,NSE,yfinance,1d
2021-11-10,323.2099914550781,328.6000061035156,319.8999938964844,326.239990234375,6427920,SHRIRAMFIN,NSE,yfinance,1d
2021-11-11,326.239990234375,328.6000061035156,320.239990234375,327.260009765625,5065025,SHRIRAMFIN,NSE,yfinance,1d
2021-11-12,329.3800048828125,329.79998779296875,323.19000244140625,324.4800109863281,5511415,SHRIRAMFIN,NSE,yfinance,1d
2021-11-15,324.0,325.20001220703125,315.5299987792969,323.32000732421875,3522305,SHRIRAMFIN,NSE,yfinance,1d
2021-11-16,323.55999755859375,332.6000061035156,321.6199951171875,327.7900085449219,5549900,SHRIRAMFIN,NSE,yfinance,1d
2021-11-17,325.6000061035156,329.9800109863281,322.1099853515625,326.1700134277344,3780655,SHRIRAMFIN,NSE,yfinance,1d
2021-11-18,326.4200134277344,328.8800048828125,317.0400085449219,320.2799987792969,4825755,SHRIRAMFIN,NSE,yfinance,1d
2021-11-22,321.8800048828125,321.9599914550781,309.6300048828125,312.3299865722656,5279665,SHRIRAMFIN,NSE,yfinance,1d
2021-11-23,309.20001220703125,320.6300048828125,308.75,317.5899963378906,3311240,SHRIRAMFIN,NSE,yfinance,1d
2021-11-24,317.760009765625,320.19000244140625,314.0,317.3800048828125,2310765,SHRIRAMFIN,NSE,yfinance,1d
2021-11-25,318.0,318.0,306.010009765625,314.19000244140625,4290100,SHRIRAMFIN,NSE,yfinance,1d
2021-11-26,308.3999938964844,311.3999938964844,286.8900146484375,289.3399963378906,6705735,SHRIRAMFIN,NSE,yfinance,1d
2021-11-29,286.7099914550781,289.0,277.7099914550781,280.6499938964844,4893890,SHRIRAMFIN,NSE,yfinance,1d
2021-11-30,280.6000061035156,289.2900085449219,279.0799865722656,281.3399963378906,8840830,SHRIRAMFIN,NSE,yfinance,1d
2021-12-01,286.0,289.7900085449219,279.95001220703125,288.75,5539860,SHRIRAMFIN,NSE,yfinance,1d
2021-12-02,288.0,291.989990234375,285.239990234375,289.7900085449219,3870920,SHRIRAMFIN,NSE,yfinance,1d
2021-12-03,289.3399963378906,295.7799987792969,287.7699890136719,289.42999267578125,3863635,SHRIRAMFIN,NSE,yfinance,1d
2021-12-06,290.0,295.0,288.3800048828125,290.0299987792969,2886375,SHRIRAMFIN,NSE,yfinance,1d
2021-12-07,292.6000061035156,295.260009765625,288.3599853515625,292.7099914550781,3802710,SHRIRAMFIN,NSE,yfinance,1d
2021-12-08,294.0,299.3699951171875,292.82000732421875,298.4700012207031,4314475,SHRIRAMFIN,NSE,yfinance,1d
2021-12-09,300.0,301.8999938964844,297.3599853515625,298.80999755859375,2145005,SHRIRAMFIN,NSE,yfinance,1d
2021-12-10,300.0,303.4100036621094,295.1099853515625,300.8699951171875,2745385,SHRIRAMFIN,NSE,yfinance,1d
2021-12-13,304.0,306.3500061035156,281.82000732421875,295.1300048828125,9169260,SHRIRAMFIN,NSE,yfinance,1d
2021-12-14,292.20001220703125,292.7300109863281,274.010009765625,276.82000732421875,9079580,SHRIRAMFIN,NSE,yfinance,1d
2021-12-15,277.20001220703125,278.1300048828125,270.0,271.57000732421875,4271675,SHRIRAMFIN,NSE,yfinance,1d
2021-12-16,274.2799987792969,276.54998779296875,265.20001220703125,266.3599853515625,6199315,SHRIRAMFIN,NSE,yfinance,1d
2021-12-17,265.0,266.760009765625,253.14999389648438,254.74000549316406,5310545,SHRIRAMFIN,NSE,yfinance,1d
2021-12-20,250.0,252.67999267578125,231.75999450683594,240.1199951171875,8903280,SHRIRAMFIN,NSE,yfinance,1d
2021-12-21,245.0,245.0,233.2100067138672,234.75,6125145,SHRIRAMFIN,NSE,yfinance,1d
2021-12-22,236.41000366210938,238.39999389648438,231.44000244140625,234.49000549316406,4092265,SHRIRAMFIN,NSE,yfinance,1d
2021-12-23,236.39999389648438,243.97999572753906,235.72999572753906,242.05999755859375,6141175,SHRIRAMFIN,NSE,yfinance,1d
2021-12-24,244.0,244.0,233.16000366210938,235.50999450683594,5577935,SHRIRAMFIN,NSE,yfinance,1d
2021-12-27,235.50999450683594,245.60000610351562,234.22999572753906,243.74000549316406,8997655,SHRIRAMFIN,NSE,yfinance,1d
2021-12-28,245.0,249.3699951171875,240.97999572753906,242.36000061035156,4005800,SHRIRAMFIN,NSE,yfinance,1d
2021-12-29,243.25,244.99000549316406,240.4499969482422,242.3300018310547,5363660,SHRIRAMFIN,NSE,yfinance,1d
2021-12-30,242.39999389648438,243.0,237.02000427246094,239.63999938964844,4008980,SHRIRAMFIN,NSE,yfinance,1d
2021-12-31,240.94000244140625,246.3000030517578,240.3800048828125,243.39999389648438,5290815,SHRIRAMFIN,NSE,yfinance,1d
2022-01-03,244.36000061035156,251.63999938964844,243.50999450683594,250.14999389648438,2860025,SHRIRAMFIN,NSE,yfinance,1d
2022-01-04,251.39999389648438,255.24000549316406,246.25,250.58999633789062,6387390,SHRIRAMFIN,NSE,yfinance,1d
2022-01-05,250.58999633789062,255.35000610351562,249.0,249.9600067138672,4206620,SHRIRAMFIN,NSE,yfinance,1d
2022-01-06,249.8000030517578,249.8000030517578,241.8000030517578,243.25999450683594,4892065,SHRIRAMFIN,NSE,yfinance,1d
2022-01-07,243.24000549316406,246.27000427246094,240.77999877929688,243.10000610351562,4311580,SHRIRAMFIN,NSE,yfinance,1d
2022-01-10,244.02000427246094,248.60000610351562,241.63999938964844,244.5800018310547,4850740,SHRIRAMFIN,NSE,yfinance,1d
2022-01-11,244.5,246.36000061035156,241.60000610351562,244.72000122070312,3000215,SHRIRAMFIN,NSE,yfinance,1d
2022-01-12,245.22000122070312,249.8000030517578,244.8000030517578,249.0500030517578,6283615,SHRIRAMFIN,NSE,yfinance,1d
2022-01-13,250.75999450683594,251.39999389648438,246.8000030517578,249.49000549316406,3167295,SHRIRAMFIN,NSE,yfinance,1d
2022-01-14,248.10000610351562,252.9600067138672,245.82000732421875,248.05999755859375,4270915,SHRIRAMFIN,NSE,yfinance,1d
2022-01-17,248.39999389648438,250.97999572753906,247.3800048828125,247.80999755859375,2446195,SHRIRAMFIN,NSE,yfinance,1d
2022-01-18,247.0,253.39999389648438,237.25,240.77999877929688,7134135,SHRIRAMFIN,NSE,yfinance,1d
2022-01-19,241.0,241.3000030517578,234.19000244140625,239.05999755859375,5312500,SHRIRAMFIN,NSE,yfinance,1d
2022-01-20,239.60000610351562,246.85000610351562,239.41000366210938,244.19000244140625,6465015,SHRIRAMFIN,NSE,yfinance,1d
2022-01-21,242.8000030517578,244.75999450683594,237.0,239.6999969482422,5834040,SHRIRAMFIN,NSE,yfinance,1d
2022-01-24,239.02000427246094,240.60000610351562,228.17999267578125,230.9199981689453,9353860,SHRIRAMFIN,NSE,yfinance,1d
2022-01-25,228.0,240.55999755859375,220.63999938964844,233.33999633789062,10473610,SHRIRAMFIN,NSE,yfinance,1d
2022-01-27,235.99000549316406,249.52999877929688,234.02000427246094,248.22000122070312,14742195,SHRIRAMFIN,NSE,yfinance,1d
2022-01-28,250.0,259.9700012207031,247.2100067138672,248.57000732421875,9290465,SHRIRAMFIN,NSE,yfinance,1d
2022-01-31,251.8000030517578,254.39999389648438,245.0,245.67999267578125,4867125,SHRIRAMFIN,NSE,yfinance,1d
2022-02-01,249.72000122070312,258.0,246.91000366210938,256.04998779296875,5528990,SHRIRAMFIN,NSE,yfinance,1d
2022-02-02,258.20001220703125,260.8699951171875,254.1999969482422,256.760009765625,4547020,SHRIRAMFIN,NSE,yfinance,1d
2022-02-03,257.3999938964844,257.3999938964844,251.0,252.63999938964844,2367305,SHRIRAMFIN,NSE,yfinance,1d
2022-02-04,252.0,253.52000427246094,245.80999755859375,246.63999938964844,2633985,SHRIRAMFIN,NSE,yfinance,1d
2022-02-07,247.0,250.1999969482422,242.1999969482422,243.75999450683594,2030295,SHRIRAMFIN,NSE,yfinance,1d
2022-02-08,245.1199951171875,249.07000732421875,241.3300018310547,248.0500030517578,3807905,SHRIRAMFIN,NSE,yfinance,1d
2022-02-09,248.0,250.8000030517578,246.60000610351562,249.02999877929688,2220130,SHRIRAMFIN,NSE,yfinance,1d
2022-02-10,249.0,255.0,246.4199981689453,253.1199951171875,3166790,SHRIRAMFIN,NSE,yfinance,1d
2022-02-11,250.60000610351562,252.8000030517578,245.63999938964844,247.11000061035156,2919870,SHRIRAMFIN,NSE,yfinance,1d
2022-02-14,241.1999969482422,241.1999969482422,230.72000122070312,232.1699981689453,6578230,SHRIRAMFIN,NSE,yfinance,1d
2022-02-15,234.1999969482422,244.17999267578125,228.6300048828125,241.60000610351562,4886570,SHRIRAMFIN,NSE,yfinance,1d
2022-02-16,244.80999755859375,254.8800048828125,243.22000122070312,244.1199951171875,9347585,SHRIRAMFIN,NSE,yfinance,1d
2022-02-17,246.39999389648438,256.4700012207031,245.8800048828125,255.49000549316406,11096160,SHRIRAMFIN,NSE,yfinance,1d
2022-02-18,253.8000030517578,258.3900146484375,250.0800018310547,251.6199951171875,6084335,SHRIRAMFIN,NSE,yfinance,1d
2022-02-21,248.8000030517578,250.50999450683594,242.02000427246094,244.0399932861328,4546015,SHRIRAMFIN,NSE,yfinance,1d
2022-02-22,240.0,243.1999969482422,235.27000427246094,240.83999633789062,4408165,SHRIRAMFIN,NSE,yfinance,1d
2022-02-23,243.60000610351562,244.36000061035156,234.30999755859375,235.02000427246094,4670295,SHRIRAMFIN,NSE,yfinance,1d
2022-02-24,228.0,230.88999938964844,212.0,213.72000122070312,7525505,SHRIRAMFIN,NSE,yfinance,1d
2022-02-25,223.1199951171875,231.8800048828125,220.4499969482422,225.5,9287685,SHRIRAMFIN,NSE,yfinance,1d
2022-02-28,221.8000030517578,225.60000610351562,216.1999969482422,224.83999633789062,6854355,SHRIRAMFIN,NSE,yfinance,1d
2022-03-02,220.60000610351562,229.4600067138672,213.1999969482422,219.11000061035156,8430100,SHRIRAMFIN,NSE,yfinance,1d
2022-03-03,223.39999389648438,227.1999969482422,218.8000030517578,221.08999633789062,5518095,SHRIRAMFIN,NSE,yfinance,1d
2022-03-04,219.8000030517578,223.3000030517578,216.1999969482422,217.8300018310547,5340955,SHRIRAMFIN,NSE,yfinance,1d
2022-03-07,211.0,211.97000122070312,203.25999450683594,204.25999450683594,4901560,SHRIRAMFIN,NSE,yfinance,1d
2022-03-08,203.1999969482422,209.9600067138672,200.39999389648438,208.32000732421875,12217785,SHRIRAMFIN,NSE,yfinance,1d
2022-03-09,212.24000549316406,214.47000122070312,208.24000549316406,212.3699951171875,6415045,SHRIRAMFIN,NSE,yfinance,1d
2022-03-10,219.60000610351562,220.0,211.02000427246094,215.89999389648438,8349665,SHRIRAMFIN,NSE,yfinance,1d
2022-03-11,211.66000366210938,218.91000366210938,211.3000030517578,218.19000244140625,5890485,SHRIRAMFIN,NSE,yfinance,1d
2022-03-14,218.99000549316406,223.1999969482422,215.52000427246094,222.5399932861328,6630425,SHRIRAMFIN,NSE,yfinance,1d
2022-03-15,223.0,227.39999389648438,216.0,218.02999877929688,7772955,SHRIRAMFIN,NSE,yfinance,1d
2022-03-16,221.74000549316406,226.0,219.0399932861328,221.89999389648438,7527250,SHRIRAMFIN,NSE,yfinance,1d
2022-03-17,225.0,228.8800048828125,224.1300048828125,225.91000366210938,5977670,SHRIRAMFIN,NSE,yfinance,1d
2022-03-21,226.11000061035156,228.27999877929688,216.9600067138672,217.27999877929688,6308350,SHRIRAMFIN,NSE,yfinance,1d
2022-03-22,216.39999389648438,221.0,213.1999969482422,219.6300048828125,8069535,SHRIRAMFIN,NSE,yfinance,1d
2022-03-23,220.60000610351562,222.0,217.6199951171875,219.24000549316406,4335075,SHRIRAMFIN,NSE,yfinance,1d
2022-03-24,218.7899932861328,220.32000732421875,217.32000732421875,218.47999572753906,3329035,SHRIRAMFIN,NSE,yfinance,1d
2022-03-25,219.97000122070312,222.47999572753906,217.2100067138672,220.60000610351562,3234280,SHRIRAMFIN,NSE,yfinance,1d
2022-03-28,221.6999969482422,224.11000061035156,216.75,223.11000061035156,7168470,SHRIRAMFIN,NSE,yfinance,1d
2022-03-29,223.11000061035156,225.39999389648438,219.8000030517578,224.67999267578125,6632010,SHRIRAMFIN,NSE,yfinance,1d
2022-03-30,225.39999389648438,227.75999450683594,223.8000030517578,224.88999938964844,2494090,SHRIRAMFIN,NSE,yfinance,1d
2022-03-31,225.39999389648438,228.8800048828125,223.8000030517578,226.97000122070312,4371685,SHRIRAMFIN,NSE,yfinance,1d
2022-04-01,227.0,239.8000030517578,225.5800018310547,236.27000427246094,4473460,SHRIRAMFIN,NSE,yfinance,1d
2022-04-04,236.8000030517578,238.0,234.0,235.8000030517578,2766255,SHRIRAMFIN,NSE,yfinance,1d
2022-04-05,236.8000030517578,237.49000549316406,233.11000061035156,234.10000610351562,7478890,SHRIRAMFIN,NSE,yfinance,1d
2022-04-06,231.8000030517578,236.0,231.00999450683594,233.41000366210938,5148520,SHRIRAMFIN,NSE,yfinance,1d
2022-04-07,232.1999969482422,236.99000549316406,231.60000610351562,234.82000732421875,10215730,SHRIRAMFIN,NSE,yfinance,1d
2022-04-08,237.8699951171875,242.6999969482422,233.36000061035156,241.44000244140625,12013760,SHRIRAMFIN,NSE,yfinance,1d
2022-04-11,243.0,247.60000610351562,239.61000061035156,244.72000122070312,5541150,SHRIRAMFIN,NSE,yfinance,1d
2022-04-12,244.99000549316406,244.99000549316406,234.02000427246094,236.17999267578125,5301495,SHRIRAMFIN,NSE,yfinance,1d
2022-04-13,238.39999389648438,239.42999267578125,235.69000244140625,236.7899932861328,2337810,SHRIRAMFIN,NSE,yfinance,1d
2022-04-18,232.39999389648438,234.9600067138672,224.22000122070312,232.85000610351562,7199895,SHRIRAMFIN,NSE,yfinance,1d
2022-04-19,235.85000610351562,237.8000030517578,220.39999389648438,223.72000122070312,7289265,SHRIRAMFIN,NSE,yfinance,1d
2022-04-20,222.5,226.75,218.41000366210938,222.85000610351562,3195385,SHRIRAMFIN,NSE,yfinance,1d
2022-04-21,224.8000030517578,230.7899932861328,223.6199951171875,230.1699981689453,3891400,SHRIRAMFIN,NSE,yfinance,1d
2022-04-22,228.0,228.0,220.08999633789062,221.60000610351562,4432385,SHRIRAMFIN,NSE,yfinance,1d
2022-04-25,219.0,220.8000030517578,215.27000427246094,219.32000732421875,5391300,SHRIRAMFIN,NSE,yfinance,1d
2022-04-26,221.58999633789062,232.1999969482422,220.60000610351562,231.4499969482422,7799210,SHRIRAMFIN,NSE,yfinance,1d
2022-04-27,228.39999389648438,233.33999633789062,226.8000030517578,228.25,5002305,SHRIRAMFIN,NSE,yfinance,1d
2022-04-28,229.60000610351562,232.60000610351562,227.1199951171875,228.36000061035156,12255960,SHRIRAMFIN,NSE,yfinance,1d
2022-04-29,238.8800048828125,247.8000030517578,234.8300018310547,240.41000366210938,30651345,SHRIRAMFIN,NSE,yfinance,1d
2022-05-02,237.94000244140625,247.39999389648438,236.99000549316406,246.0500030517578,9994595,SHRIRAMFIN,NSE,yfinance,1d
2022-05-04,246.39999389648438,251.49000549316406,226.22000122070312,229.77999877929688,9729470,SHRIRAMFIN,NSE,yfinance,1d
2022-05-05,233.97999572753906,238.99000549316406,229.6300048828125,232.30999755859375,5106630,SHRIRAMFIN,NSE,yfinance,1d
2022-05-06,226.60000610351562,238.60000610351562,226.60000610351562,236.75999450683594,9524820,SHRIRAMFIN,NSE,yfinance,1d
2022-05-09,235.60000610351562,235.60000610351562,227.1199951171875,231.39999389648438,7602625,SHRIRAMFIN,NSE,yfinance,1d
2022-05-10,231.39999389648438,235.58999633789062,229.0,232.07000732421875,4513380,SHRIRAMFIN,NSE,yfinance,1d
2022-05-11,231.0,232.8699951171875,219.44000244140625,224.0,8918120,SHRIRAMFIN,NSE,yfinance,1d
2022-05-12,224.0,224.0,209.4199981689453,212.9499969482422,9397425,SHRIRAMFIN,NSE,yfinance,1d
2022-05-13,216.39999389648438,218.97999572753906,209.52000427246094,212.32000732421875,8482405,SHRIRAMFIN,NSE,yfinance,1d
2022-05-16,212.0,219.5,210.36000061035156,218.11000061035156,6833390,SHRIRAMFIN,NSE,yfinance,1d
2022-05-17,219.39999389648438,224.16000366210938,216.39999389648438,221.75,4101275,SHRIRAMFIN,NSE,yfinance,1d
2022-05-18,224.0,225.36000061035156,217.44000244140625,219.5399932861328,4296340,SHRIRAMFIN,NSE,yfinance,1d
2022-05-19,213.8000030517578,217.32000732421875,212.8000030517578,215.6999969482422,8110880,SHRIRAMFIN,NSE,yfinance,1d
2022-05-20,219.39999389648438,221.8000030517578,216.72000122070312,219.1999969482422,3296315,SHRIRAMFIN,NSE,yfinance,1d
2022-05-23,220.0,229.5800018310547,220.0,227.3300018310547,6070490,SHRIRAMFIN,NSE,yfinance,1d
2022-05-24,226.77000427246094,228.97999572753906,220.61000061035156,225.5500030517578,8069565,SHRIRAMFIN,NSE,yfinance,1d
2022-05-25,227.1999969482422,229.27000427246094,220.5500030517578,223.44000244140625,5017540,SHRIRAMFIN,NSE,yfinance,1d
2022-05-26,224.1999969482422,230.1999969482422,220.52000427246094,229.3300018310547,3514895,SHRIRAMFIN,NSE,yfinance,1d
2022-05-27,232.3000030517578,232.3000030517578,226.24000549316406,228.49000549316406,2271910,SHRIRAMFIN,NSE,yfinance,1d
2022-05-30,231.39999389648438,237.0,228.3800048828125,234.3800048828125,4176795,SHRIRAMFIN,NSE,yfinance,1d
2022-05-31,234.3800048828125,239.13999938964844,229.0,235.24000549316406,13941420,SHRIRAMFIN,NSE,yfinance,1d
2022-06-01,235.0399932861328,240.0,233.1999969482422,236.99000549316406,5176220,SHRIRAMFIN,NSE,yfinance,1d
2022-06-02,237.10000610351562,239.1999969482422,235.0500030517578,238.5800018310547,2790370,SHRIRAMFIN,NSE,yfinance,1d
2022-06-03,239.10000610351562,239.58999633789062,233.6699981689453,235.6999969482422,5396720,SHRIRAMFIN,NSE,yfinance,1d
2022-06-06,235.1999969482422,238.94000244140625,230.89999389648438,237.16000366210938,2524525,SHRIRAMFIN,NSE,yfinance,1d
2022-06-07,234.30999755859375,236.66000366210938,228.50999450683594,235.86000061035156,4116090,SHRIRAMFIN,NSE,yfinance,1d
2022-06-08,236.0,239.42999267578125,232.44000244140625,235.0500030517578,3753885,SHRIRAMFIN,NSE,yfinance,1d
2022-06-09,233.60000610351562,234.52999877929688,231.0,233.55999755859375,4476645,SHRIRAMFIN,NSE,yfinance,1d
2022-06-10,231.60000610351562,233.52000427246094,230.52999877929688,233.05999755859375,2121945,SHRIRAMFIN,NSE,yfinance,1d
2022-06-13,229.0,231.97999572753906,223.10000610351562,226.77999877929688,4399480,SHRIRAMFIN,NSE,yfinance,1d
2022-06-14,224.77999877929688,229.72000122070312,224.1999969482422,227.88999938964844,3860780,SHRIRAMFIN,NSE,yfinance,1d
2022-06-15,229.02000427246094,230.60000610351562,226.32000732421875,230.0,3345520,SHRIRAMFIN,NSE,yfinance,1d
2022-06-16,231.60000610351562,235.0,224.72999572753906,228.5500030517578,6698850,SHRIRAMFIN,NSE,yfinance,1d
2022-06-17,227.3000030517578,230.89999389648438,222.50999450683594,229.80999755859375,6730740,SHRIRAMFIN,NSE,yfinance,1d
2022-06-20,230.0,232.3699951171875,223.2899932861328,227.77999877929688,4386785,SHRIRAMFIN,NSE,yfinance,1d
2022-06-21,229.39999389648438,236.66000366210938,225.75999450683594,234.7899932861328,4280930,SHRIRAMFIN,NSE,yfinance,1d
2022-06-22,233.5,239.8000030517578,233.00999450683594,234.32000732421875,4890975,SHRIRAMFIN,NSE,yfinance,1d
2022-06-23,232.25,243.44000244140625,232.02000427246094,239.55999755859375,3954310,SHRIRAMFIN,NSE,yfinance,1d
2022-06-24,242.08999633789062,251.14999389648438,240.60000610351562,249.05999755859375,4996020,SHRIRAMFIN,NSE,yfinance,1d
2022-06-27,253.8000030517578,253.8000030517578,249.0800018310547,250.49000549316406,4127285,SHRIRAMFIN,NSE,yfinance,1d
2022-06-28,248.60000610351562,252.69000244140625,247.86000061035156,250.2100067138672,3527135,SHRIRAMFIN,NSE,yfinance,1d
2022-06-29,248.0,251.9600067138672,243.60000610351562,244.82000732421875,2727410,SHRIRAMFIN,NSE,yfinance,1d
2022-06-30,247.0,259.44000244140625,245.8300018310547,256.2699890136719,9956150,SHRIRAMFIN,NSE,yfinance,1d
2022-07-01,253.24000549316406,254.9600067138672,247.6999969482422,253.13999938964844,5358285,SHRIRAMFIN,NSE,yfinance,1d
2022-07-04,250.1999969482422,257.82000732421875,250.0,252.97000122070312,2008615,SHRIRAMFIN,NSE,yfinance,1d
2022-07-05,253.77000427246094,262.0899963378906,252.2100067138672,255.47999572753906,6272225,SHRIRAMFIN,NSE,yfinance,1d
2022-07-06,254.6300048828125,259.260009765625,254.02000427246094,256.80999755859375,3157810,SHRIRAMFIN,NSE,yfinance,1d
2022-07-07,256.0,264.30999755859375,251.60000610351562,261.6499938964844,4945940,SHRIRAMFIN,NSE,yfinance,1d
2022-07-08,263.9599914550781,264.7099914550781,254.1999969482422,256.0899963378906,3652815,SHRIRAMFIN,NSE,yfinance,1d
2022-07-11,255.1300048828125,256.0,248.02000427246094,251.22999572753906,3691540,SHRIRAMFIN,NSE,yfinance,1d
2022-07-12,249.8000030517578,251.5,246.74000549316406,247.25999450683594,3442455,SHRIRAMFIN,NSE,yfinance,1d
2022-07-13,248.82000732421875,254.97999572753906,248.07000732421875,253.77999877929688,3151325,SHRIRAMFIN,NSE,yfinance,1d
2022-07-14,254.8000030517578,259.8900146484375,254.00999450683594,258.989990234375,3203265,SHRIRAMFIN,NSE,yfinance,1d
2022-07-15,260.0,263.6000061035156,255.17999267578125,262.92999267578125,2703045,SHRIRAMFIN,NSE,yfinance,1d
2022-07-18,266.3999938964844,283.7900085449219,264.6000061035156,279.4200134277344,5420345,SHRIRAMFIN,NSE,yfinance,1d
2022-07-19,276.44000244140625,279.79998779296875,271.4700012207031,278.30999755859375,4993150,SHRIRAMFIN,NSE,yfinance,1d
2022-07-20,282.0,286.25,280.30999755859375,281.6099853515625,4629925,SHRIRAMFIN,NSE,yfinance,1d
2022-07-21,280.6000061035156,293.69000244140625,279.0799865722656,292.3800048828125,4855305,SHRIRAMFIN,NSE,yfinance,1d
2022-07-22,293.3999938964844,299.9800109863281,291.29998779296875,299.2200012207031,4810415,SHRIRAMFIN,NSE,yfinance,1d
2022-07-25,294.6000061035156,301.79998779296875,294.6000061035156,299.29998779296875,4721665,SHRIRAMFIN,NSE,yfinance,1d
2022-07-26,299.20001220703125,301.7799987792969,294.739990234375,295.6700134277344,4102640,SHRIRAMFIN,NSE,yfinance,1d
2022-07-27,292.20001220703125,294.79998779296875,287.0,290.1600036621094,6702695,SHRIRAMFIN,NSE,yfinance,1d
2022-07-28,295.6000061035156,301.239990234375,288.6000061035156,292.19000244140625,8557735,SHRIRAMFIN,NSE,yfinance,1d
2022-07-29,296.0,296.0,274.1000061035156,275.95001220703125,9296570,SHRIRAMFIN,NSE,yfinance,1d
2022-08-01,276.0,279.6000061035156,272.2200012207031,274.9700012207031,4709025,SHRIRAMFIN,NSE,yfinance,1d
2022-08-02,275.3999938964844,280.6700134277344,272.6300048828125,275.82000732421875,4861880,SHRIRAMFIN,NSE,yfinance,1d
2022-08-03,277.0,279.2900085449219,269.6199951171875,272.04998779296875,3733035,SHRIRAMFIN,NSE,yfinance,1d
2022-08-04,275.3999938964844,275.3999938964844,266.7099914550781,271.9800109863281,4646770,SHRIRAMFIN,NSE,yfinance,1d
2022-08-05,273.92999267578125,275.760009765625,270.80999755859375,272.489990234375,3153135,SHRIRAMFIN,NSE,yfinance,1d
2022-08-08,274.0,280.79998779296875,271.20001220703125,278.45001220703125,4775785,SHRIRAMFIN,NSE,yfinance,1d
2022-08-10,279.0,281.9200134277344,277.0400085449219,279.2799987792969,4003980,SHRIRAMFIN,NSE,yfinance,1d
2022-08-11,281.1300048828125,285.05999755859375,278.239990234375,281.2099914550781,5658525,SHRIRAMFIN,NSE,yfinance,1d
2022-08-12,281.20001220703125,281.2099914550781,272.510009765625,273.5899963378906,5225265,SHRIRAMFIN,NSE,yfinance,1d
2022-08-16,273.0,277.3999938964844,270.55999755859375,272.94000244140625,6555990,SHRIRAMFIN,NSE,yfinance,1d
2022-08-17,272.79998779296875,273.79998779296875,270.20001220703125,271.1099853515625,6599875,SHRIRAMFIN,NSE,yfinance,1d
2022-08-18,270.04998779296875,273.04998779296875,265.4100036621094,269.69000244140625,4383855,SHRIRAMFIN,NSE,yfinance,1d
2022-08-19,270.010009765625,272.9800109863281,268.0,269.3699951171875,3815695,SHRIRAMFIN,NSE,yfinance,1d
2022-08-22,272.9700012207031,272.9700012207031,261.0,262.57000732421875,4246725,SHRIRAMFIN,NSE,yfinance,1d
2022-08-23,261.0899963378906,271.32000732421875,259.6400146484375,267.32000732421875,4383165,SHRIRAMFIN,NSE,yfinance,1d
2022-08-24,269.20001220703125,269.94000244140625,265.4200134277344,268.6099853515625,2029850,SHRIRAMFIN,NSE,yfinance,1d
2022-08-25,269.79998779296875,272.739990234375,264.0,264.94000244140625,3292195,SHRIRAMFIN,NSE,yfinance,1d
2022-08-26,267.0,269.489990234375,264.8299865722656,266.6700134277344,2107620,SHRIRAMFIN,NSE,yfinance,1d
2022-08-29,260.45001220703125,266.3599853515625,260.0,264.9800109863281,2128080,SHRIRAMFIN,NSE,yfinance,1d
2022-08-30,266.3999938964844,271.80999755859375,266.0899963378906,270.92999267578125,5142225,SHRIRAMFIN,NSE,yfinance,1d
2022-09-01,268.3999938964844,271.6000061035156,264.6000061035156,265.8500061035156,2217970,SHRIRAMFIN,NSE,yfinance,1d
2022-09-02,268.0,268.0,261.32000732421875,261.7200012207031,2321585,SHRIRAMFIN,NSE,yfinance,1d
2022-09-05,264.17999267578125,267.6000061035156,262.010009765625,264.1600036621094,2988435,SHRIRAMFIN,NSE,yfinance,1d
2022-09-06,266.760009765625,278.30999755859375,263.489990234375,276.95001220703125,8058715,SHRIRAMFIN,NSE,yfinance,1d
2022-09-07,275.20001220703125,278.1700134277344,272.20001220703125,273.32000732421875,3464835,SHRIRAMFIN,NSE,yfinance,1d
2022-09-08,274.79998779296875,277.17999267578125,271.20001220703125,272.2900085449219,3184610,SHRIRAMFIN,NSE,yfinance,1d
2022-09-09,273.989990234375,275.0,264.0,264.82000732421875,3022760,SHRIRAMFIN,NSE,yfinance,1d
2022-09-12,266.25,266.8699951171875,262.0,265.70001220703125,4745365,SHRIRAMFIN,NSE,yfinance,1d
2022-09-13,267.0,270.0,264.7300109863281,266.5199890136719,3598305,SHRIRAMFIN,NSE,yfinance,1d
2022-09-14,264.6700134277344,270.8900146484375,263.0199890136719,266.92999267578125,3689160,SHRIRAMFIN,NSE,yfinance,1d
2022-09-15,268.2699890136719,274.79998779296875,262.6000061035156,265.19000244140625,4760095,SHRIRAMFIN,NSE,yfinance,1d
2022-09-16,265.9599914550781,267.6000061035156,253.60000610351562,256.80999755859375,5117185,SHRIRAMFIN,NSE,yfinance,1d
2022-09-19,257.3999938964844,261.6600036621094,256.0199890136719,257.3800048828125,1969205,SHRIRAMFIN,NSE,yfinance,1d
2022-09-20,259.0400085449219,263.70001220703125,258.0,259.2200012207031,3808500,SHRIRAMFIN,NSE,yfinance,1d
2022-09-21,259.95001220703125,261.989990234375,252.60000610351562,254.55999755859375,3779985,SHRIRAMFIN,NSE,yfinance,1d
2022-09-22,252.60000610351562,255.1999969482422,248.25,251.44000244140625,4041540,SHRIRAMFIN,NSE,yfinance,1d
2022-09-23,251.0,251.3800048828125,239.30999755859375,240.6300048828125,5578410,SHRIRAMFIN,NSE,yfinance,1d
2022-09-26,238.22999572753906,240.44000244140625,229.64999389648438,234.99000549316406,3960710,SHRIRAMFIN,NSE,yfinance,1d
2022-09-27,236.02000427246094,237.8300018310547,229.1999969482422,233.00999450683594,3060765,SHRIRAMFIN,NSE,yfinance,1d
2022-09-28,231.9499969482422,238.6999969482422,231.0,234.97999572753906,7037355,SHRIRAMFIN,NSE,yfinance,1d
2022-09-29,238.0,242.52999877929688,237.39999389648438,241.85000610351562,8863220,SHRIRAMFIN,NSE,yfinance,1d
2022-09-30,240.0,244.5500030517578,237.8000030517578,239.50999450683594,3689185,SHRIRAMFIN,NSE,yfinance,1d
2022-10-03,240.0,243.39999389648438,231.52999877929688,233.92999267578125,3393565,SHRIRAMFIN,NSE,yfinance,1d
2022-10-04,236.02000427246094,240.75,235.0800018310547,239.97000122070312,2886230,SHRIRAMFIN,NSE,yfinance,1d
2022-10-06,242.16000366210938,243.60000610351562,238.39999389648438,239.5500030517578,4285510,SHRIRAMFIN,NSE,yfinance,1d
2022-10-07,239.39999389648438,241.92999267578125,234.1199951171875,239.82000732421875,5047815,SHRIRAMFIN,NSE,yfinance,1d
2022-10-10,236.7899932861328,238.5399932861328,232.8000030517578,235.5500030517578,3026365,SHRIRAMFIN,NSE,yfinance,1d
2022-10-11,235.0,238.85000610351562,233.99000549316406,234.77000427246094,2086380,SHRIRAMFIN,NSE,yfinance,1d
2022-10-12,235.9499969482422,243.57000732421875,234.3300018310547,242.39999389648438,2322665,SHRIRAMFIN,NSE,yfinance,1d
2022-10-13,242.17999267578125,242.17999267578125,235.00999450683594,237.8000030517578,2016655,SHRIRAMFIN,NSE,yfinance,1d
2022-10-14,240.0,243.16000366210938,236.07000732421875,236.77999877929688,3429520,SHRIRAMFIN,NSE,yfinance,1d
2022-10-17,236.0399932861328,239.47000122070312,234.39999389648438,238.47999572753906,1567175,SHRIRAMFIN,NSE,yfinance,1d
2022-10-18,241.9600067138672,246.1699981689453,240.32000732421875,244.8300018310547,4394830,SHRIRAMFIN,NSE,yfinance,1d
2022-10-19,245.0,246.8000030517578,241.02999877929688,242.91000366210938,1833905,SHRIRAMFIN,NSE,yfinance,1d
2022-10-20,242.55999755859375,245.69000244140625,239.0,243.16000366210938,3339120,SHRIRAMFIN,NSE,yfinance,1d
2022-10-21,245.0,246.5500030517578,236.67999267578125,239.5399932861328,5002910,SHRIRAMFIN,NSE,yfinance,1d
2022-10-24,243.0,243.0,238.4199981689453,239.8000030517578,395760,SHRIRAMFIN,NSE,yfinance,1d
2022-10-25,240.0,248.0,237.0399932861328,243.4199981689453,4718435,SHRIRAMFIN,NSE,yfinance,1d
2022-10-27,245.0,250.74000549316406,242.2100067138672,249.3800048828125,4543535,SHRIRAMFIN,NSE,yfinance,1d
2022-10-28,250.6300048828125,256.7699890136719,248.80999755859375,254.94000244140625,2765695,SHRIRAMFIN,NSE,yfinance,1d
2022-10-31,254.7899932861328,254.7899932861328,245.0,245.8300018310547,3104155,SHRIRAMFIN,NSE,yfinance,1d
2022-11-01,246.3000030517578,247.25999450683594,240.60000610351562,241.5399932861328,6675575,SHRIRAMFIN,NSE,yfinance,1d
2022-11-02,241.60000610351562,244.55999755859375,240.0,241.55999755859375,2733960,SHRIRAMFIN,NSE,yfinance,1d
2022-11-03,240.39999389648438,248.6699981689453,239.1699981689453,248.0500030517578,3636250,SHRIRAMFIN,NSE,yfinance,1d
2022-11-04,249.0,252.86000061035156,248.0800018310547,251.91000366210938,3337760,SHRIRAMFIN,NSE,yfinance,1d
2022-11-07,252.8699951171875,258.79998779296875,251.33999633789062,257.8299865722656,2258285,SHRIRAMFIN,NSE,yfinance,1d
2022-11-09,252.8000030517578,259.79998779296875,252.8000030517578,255.05999755859375,1989790,SHRIRAMFIN,NSE,yfinance,1d
2022-11-10,253.9600067138672,258.0,247.49000549316406,249.02999877929688,3089160,SHRIRAMFIN,NSE,yfinance,1d
2022-11-11,250.39999389648438,257.3999938964844,250.39999389648438,255.35000610351562,2488040,SHRIRAMFIN,NSE,yfinance,1d
2022-11-14,255.97999572753906,257.1000061035156,251.0800018310547,253.14999389648438,1655990,SHRIRAMFIN,NSE,yfinance,1d
2022-11-15,253.99000549316406,254.02000427246094,249.2100067138672,250.5399932861328,1474635,SHRIRAMFIN,NSE,yfinance,1d
2022-11-16,250.39999389648438,250.9600067138672,245.05999755859375,246.72999572753906,2486780,SHRIRAMFIN,NSE,yfinance,1d
2022-11-17,246.39999389648438,261.9599914550781,246.39999389648438,255.1300048828125,10895855,SHRIRAMFIN,NSE,yfinance,1d
2022-11-18,255.10000610351562,256.8900146484375,248.39999389648438,250.25,5665580,SHRIRAMFIN,NSE,yfinance,1d
2022-11-21,250.49000549316406,261.0,248.60000610351562,260.0299987792969,11427320,SHRIRAMFIN,NSE,yfinance,1d
2022-11-22,260.989990234375,270.989990234375,258.20001220703125,269.29998779296875,9851655,SHRIRAMFIN,NSE,yfinance,1d
2022-11-23,270.0,272.5899963378906,265.04998779296875,266.8500061035156,6956495,SHRIRAMFIN,NSE,yfinance,1d
2022-11-24,268.19000244140625,268.19000244140625,261.0,262.3399963378906,3504165,SHRIRAMFIN,NSE,yfinance,1d
2022-11-25,263.0,264.3999938964844,255.0399932861328,256.0299987792969,4325525,SHRIRAMFIN,NSE,yfinance,1d
2022-11-28,254.8000030517578,258.9599914550781,249.39999389648438,252.9499969482422,22810780,SHRIRAMFIN,NSE,yfinance,1d
2022-11-29,250.5500030517578,256.20001220703125,250.3000030517578,254.05999755859375,8742450,SHRIRAMFIN,NSE,yfinance,1d
2022-11-30,254.49000549316406,275.0,254.39999389648438,270.0,11378515,SHRIRAMFIN,NSE,yfinance,1d
2022-12-01,269.2900085449219,269.2900085449219,255.39999389648438,257.3699951171875,8011285,SHRIRAMFIN,NSE,yfinance,1d
2022-12-02,257.3299865722656,259.6400146484375,253.60000610351562,258.07000732421875,5168550,SHRIRAMFIN,NSE,yfinance,1d
2022-12-05,259.20001220703125,260.0,255.8000030517578,258.9700012207031,4417660,SHRIRAMFIN,NSE,yfinance,1d
2022-12-06,259.0,267.79998779296875,258.0400085449219,265.30999755859375,10171880,SHRIRAMFIN,NSE,yfinance,1d
2022-12-07,265.6000061035156,273.3500061035156,265.3999938964844,267.0400085449219,6943485,SHRIRAMFIN,NSE,yfinance,1d
2022-12-08,266.9800109863281,271.0,265.0,267.6400146484375,2846375,SHRIRAMFIN,NSE,yfinance,1d
2022-12-09,269.67999267578125,270.82000732421875,263.2900085449219,268.80999755859375,3202765,SHRIRAMFIN,NSE,yfinance,1d
2022-12-12,268.0,275.19000244140625,265.6499938964844,272.7099914550781,5938835,SHRIRAMFIN,NSE,yfinance,1d
2022-12-13,272.20001220703125,274.19000244140625,268.0,273.1700134277344,1977965,SHRIRAMFIN,NSE,yfinance,1d
2022-12-14,273.19000244140625,276.0,271.0799865722656,275.7099914550781,4138030,SHRIRAMFIN,NSE,yfinance,1d
2022-12-15,275.0799865722656,280.8399963378906,274.010009765625,278.6400146484375,3778060,SHRIRAMFIN,NSE,yfinance,1d
2022-12-16,275.3999938964844,280.79998779296875,267.6199951171875,274.0899963378906,9071230,SHRIRAMFIN,NSE,yfinance,1d
2022-12-19,274.7900085449219,277.3699951171875,272.3999938964844,274.45001220703125,3297195,SHRIRAMFIN,NSE,yfinance,1d
2022-12-20,273.9800109863281,279.79998779296875,270.4800109863281,277.8500061035156,2851545,SHRIRAMFIN,NSE,yfinance,1d
2022-12-21,277.3599853515625,283.8999938964844,272.04998779296875,273.8800048828125,4286630,SHRIRAMFIN,NSE,yfinance,1d
2022-12-22,275.0,277.3999938964844,265.6700134277344,267.8800048828125,1549960,SHRIRAMFIN,NSE,yfinance,1d
2022-12-23,265.3900146484375,265.3900146484375,258.1199951171875,260.29998779296875,1564975,SHRIRAMFIN,NSE,yfinance,1d
2022-12-26,260.30999755859375,273.3999938964844,259.010009765625,270.2300109863281,1606850,SHRIRAMFIN,NSE,yfinance,1d
2022-12-27,272.3999938964844,278.0,265.9100036621094,275.7799987792969,2420365,SHRIRAMFIN,NSE,yfinance,1d
2022-12-28,272.7099914550781,279.3999938964844,270.5,277.7200012207031,2201075,SHRIRAMFIN,NSE,yfinance,1d
2022-12-29,269.79998779296875,269.79998779296875,250.27000427246094,262.45001220703125,19945730,SHRIRAMFIN,NSE,yfinance,1d
2022-12-30,266.0,276.9599914550781,265.0299987792969,275.3800048828125,7329350,SHRIRAMFIN,NSE,yfinance,1d
2023-01-02,276.20001220703125,278.0,272.3999938964844,277.1600036621094,2184945,SHRIRAMFIN,NSE,yfinance,1d
2023-01-03,273.760009765625,275.3900146484375,267.1199951171875,269.92999267578125,2678225,SHRIRAMFIN,NSE,yfinance,1d
2023-01-04,269.6000061035156,270.5799865722656,263.57000732421875,265.6700134277344,2709675,SHRIRAMFIN,NSE,yfinance,1d
2023-01-05,267.19000244140625,268.0,262.25,263.9800109863281,2309935,SHRIRAMFIN,NSE,yfinance,1d
2023-01-06,264.9800109863281,265.1499938964844,257.3999938964844,258.92999267578125,1599915,SHRIRAMFIN,NSE,yfinance,1d
2023-01-09,260.0,264.94000244140625,259.8999938964844,263.7200012207031,2348255,SHRIRAMFIN,NSE,yfinance,1d
2023-01-10,264.5299987792969,267.5199890136719,263.7200012207031,266.7799987792969,2849300,SHRIRAMFIN,NSE,yfinance,1d
2023-01-11,266.79998779296875,268.7699890136719,263.82000732421875,266.8999938964844,1445245,SHRIRAMFIN,NSE,yfinance,1d
2023-01-12,268.29998779296875,268.45001220703125,261.0400085449219,262.5299987792969,2259350,SHRIRAMFIN,NSE,yfinance,1d
2023-01-13,262.0,262.6000061035156,253.52000427246094,256.6400146484375,4597480,SHRIRAMFIN,NSE,yfinance,1d
2023-01-16,257.79998779296875,260.30999755859375,253.8000030517578,254.5399932861328,2549280,SHRIRAMFIN,NSE,yfinance,1d
2023-01-17,255.5500030517578,256.1300048828125,252.5800018310547,254.3300018310547,3167635,SHRIRAMFIN,NSE,yfinance,1d
2023-01-18,255.60000610351562,258.3500061035156,251.22999572753906,256.79998779296875,2375830,SHRIRAMFIN,NSE,yfinance,1d
2023-01-19,256.79998779296875,259.4700012207031,254.4600067138672,258.9599914550781,2489795,SHRIRAMFIN,NSE,yfinance,1d
2023-01-20,258.79998779296875,258.79998779296875,253.27999877929688,255.4600067138672,1984570,SHRIRAMFIN,NSE,yfinance,1d
2023-01-23,256.4200134277344,259.3900146484375,254.97999572753906,256.9200134277344,1269830,SHRIRAMFIN,NSE,yfinance,1d
2023-01-24,257.5799865722656,258.55999755859375,252.60000610351562,253.05999755859375,1061495,SHRIRAMFIN,NSE,yfinance,1d
2023-01-25,253.7100067138672,254.1300048828125,246.0,250.83999633789062,2130930,SHRIRAMFIN,NSE,yfinance,1d
2023-01-27,251.0,256.79998779296875,246.00999450683594,248.2100067138672,2410525,SHRIRAMFIN,NSE,yfinance,1d
2023-01-30,247.8000030517578,252.97999572753906,245.47999572753906,248.77000427246094,5905675,SHRIRAMFIN,NSE,yfinance,1d
2023-01-31,249.52000427246094,259.0799865722656,246.67999267578125,257.32000732421875,6053500,SHRIRAMFIN,NSE,yfinance,1d
2023-02-01,265.6000061035156,273.3800048828125,255.63999938964844,259.4700012207031,7936630,SHRIRAMFIN,NSE,yfinance,1d
2023-02-02,258.5799865722656,259.9200134277344,250.60000610351562,252.89999389648438,2552580,SHRIRAMFIN,NSE,yfinance,1d
2023-02-03,254.24000549316406,256.8399963378906,250.0,255.80999755859375,2600590,SHRIRAMFIN,NSE,yfinance,1d
2023-02-06,252.0,259.5199890136719,252.0,258.7300109863281,2088355,SHRIRAMFIN,NSE,yfinance,1d
2023-02-07,258.7799987792969,260.6000061035156,255.8000030517578,258.260009765625,1940780,SHRIRAMFIN,NSE,yfinance,1d
2023-02-08,259.55999755859375,262.1600036621094,258.010009765625,261.5299987792969,1715770,SHRIRAMFIN,NSE,yfinance,1d
2023-02-09,261.70001220703125,263.489990234375,259.7099914550781,263.010009765625,1437655,SHRIRAMFIN,NSE,yfinance,1d
2023-02-10,264.0,264.0,253.5399932861328,255.72000122070312,3358630,SHRIRAMFIN,NSE,yfinance,1d
2023-02-13,255.72000122070312,256.94000244140625,250.60000610351562,251.22000122070312,1789390,SHRIRAMFIN,NSE,yfinance,1d
2023-02-14,252.39999389648438,254.89999389648438,249.97999572753906,254.0399932861328,1050085,SHRIRAMFIN,NSE,yfinance,1d
2023-02-15,253.10000610351562,255.5800018310547,251.39999389648438,254.5399932861328,1236070,SHRIRAMFIN,NSE,yfinance,1d
2023-02-16,256.3999938964844,256.4599914550781,249.27000427246094,251.74000549316406,3304915,SHRIRAMFIN,NSE,yfinance,1d
2023-02-17,249.97999572753906,252.25999450683594,246.10000610351562,246.82000732421875,2077315,SHRIRAMFIN,NSE,yfinance,1d
2023-02-20,251.75999450683594,251.75999450683594,246.83999633789062,247.44000244140625,2309105,SHRIRAMFIN,NSE,yfinance,1d
2023-02-21,249.39999389648438,250.52999877929688,242.1999969482422,242.99000549316406,2163550,SHRIRAMFIN,NSE,yfinance,1d
2023-02-22,242.1999969482422,244.25999450683594,239.02000427246094,241.61000061035156,3253235,SHRIRAMFIN,NSE,yfinance,1d
2023-02-23,241.99000549316406,243.0500030517578,239.02000427246094,240.05999755859375,1641205,SHRIRAMFIN,NSE,yfinance,1d
2023-02-24,240.55999755859375,244.39999389648438,240.17999267578125,243.69000244140625,2464105,SHRIRAMFIN,NSE,yfinance,1d
2023-02-27,243.69000244140625,244.1199951171875,238.39999389648438,240.5800018310547,1437525,SHRIRAMFIN,NSE,yfinance,1d
2023-02-28,241.0,242.52999877929688,238.0,240.6699981689453,13260610,SHRIRAMFIN,NSE,yfinance,1d
2023-03-01,241.39999389648438,246.2899932861328,241.0,244.3300018310547,2913235,SHRIRAMFIN,NSE,yfinance,1d
2023-03-02,244.60000610351562,244.97999572753906,238.60000610351562,241.9199981689453,2720640,SHRIRAMFIN,NSE,yfinance,1d
2023-03-03,243.1300048828125,245.8000030517578,242.07000732421875,243.3800048828125,1836725,SHRIRAMFIN,NSE,yfinance,1d
2023-03-06,244.0,249.80999755859375,244.0,249.3699951171875,3145920,SHRIRAMFIN,NSE,yfinance,1d
2023-03-08,249.0,258.9800109863281,244.22000122070312,254.08999633789062,51702925,SHRIRAMFIN,NSE,yfinance,1d
2023-03-09,255.99000549316406,262.94000244140625,255.0,258.0799865722656,8022010,SHRIRAMFIN,NSE,yfinance,1d
2023-03-10,256.989990234375,257.0,251.69000244140625,253.92999267578125,1446625,SHRIRAMFIN,NSE,yfinance,1d
2023-03-13,254.14999389648438,256.7699890136719,250.33999633789062,251.61000061035156,3683830,SHRIRAMFIN,NSE,yfinance,1d
2023-03-14,250.2100067138672,251.60000610351562,244.60000610351562,247.8000030517578,3141790,SHRIRAMFIN,NSE,yfinance,1d
2023-03-15,250.1999969482422,250.80999755859375,245.0800018310547,245.91000366210938,1987050,SHRIRAMFIN,NSE,yfinance,1d
2023-03-16,246.39999389648438,252.1699981689453,245.74000549316406,250.0399932861328,3988570,SHRIRAMFIN,NSE,yfinance,1d
2023-03-17,251.3000030517578,253.58999633789062,247.36000061035156,249.1999969482422,4182610,SHRIRAMFIN,NSE,yfinance,1d
2023-03-20,254.97999572753906,254.97999572753906,240.7100067138672,243.94000244140625,3402415,SHRIRAMFIN,NSE,yfinance,1d
2023-03-21,246.67999267578125,257.7300109863281,243.6199951171875,252.10000610351562,5079360,SHRIRAMFIN,NSE,yfinance,1d
2023-03-22,252.38999938964844,252.9600067138672,248.33999633789062,249.22999572753906,1814750,SHRIRAMFIN,NSE,yfinance,1d
2023-03-23,248.39999389648438,252.8300018310547,246.8000030517578,252.11000061035156,2141185,SHRIRAMFIN,NSE,yfinance,1d
2023-03-24,250.86000061035156,251.86000061035156,245.0,246.63999938964844,4290270,SHRIRAMFIN,NSE,yfinance,1d
2023-03-27,246.39999389648438,246.60000610351562,241.1300048828125,241.8800048828125,1948390,SHRIRAMFIN,NSE,yfinance,1d
2023-03-28,242.2100067138672,246.86000061035156,240.42999267578125,245.17999267578125,2605125,SHRIRAMFIN,NSE,yfinance,1d
2023-03-29,245.17999267578125,252.0,244.3000030517578,250.36000061035156,1649135,SHRIRAMFIN,NSE,yfinance,1d
2023-03-31,250.60000610351562,256.3800048828125,250.60000610351562,251.8800048828125,4489935,SHRIRAMFIN,NSE,yfinance,1d
2023-04-03,253.1999969482422,258.20001220703125,253.1999969482422,257.2900085449219,2297460,SHRIRAMFIN,NSE,yfinance,1d
2023-04-05,256.20001220703125,258.8399963378906,254.88999938964844,257.80999755859375,1710530,SHRIRAMFIN,NSE,yfinance,1d
2023-04-06,257.20001220703125,261.3999938964844,256.0299987792969,260.7699890136719,1428390,SHRIRAMFIN,NSE,yfinance,1d
2023-04-10,260.7699890136719,261.3999938964844,257.010009765625,260.95001220703125,630385,SHRIRAMFIN,NSE,yfinance,1d
2023-04-11,260.95001220703125,262.0,255.39999389648438,259.05999755859375,2316150,SHRIRAMFIN,NSE,yfinance,1d
2023-04-12,259.79998779296875,262.3999938964844,257.7099914550781,261.79998779296875,2680600,SHRIRAMFIN,NSE,yfinance,1d
2023-04-13,261.7900085449219,261.7900085449219,258.3999938964844,259.32000732421875,774615,SHRIRAMFIN,NSE,yfinance,1d
2023-04-17,260.0,265.3999938964844,259.17999267578125,264.2699890136719,2927410,SHRIRAMFIN,NSE,yfinance,1d
2023-04-18,265.45001220703125,269.0,263.79998779296875,267.8399963378906,2602290,SHRIRAMFIN,NSE,yfinance,1d
2023-04-19,269.4700012207031,273.9800109863281,267.510009765625,273.30999755859375,2649705,SHRIRAMFIN,NSE,yfinance,1d
2023-04-20,274.010009765625,274.7099914550781,267.1700134277344,267.8699951171875,1972785,SHRIRAMFIN,NSE,yfinance,1d
2023-04-21,271.0799865722656,272.3500061035156,268.2099914550781,271.7699890136719,1533610,SHRIRAMFIN,NSE,yfinance,1d
2023-04-24,272.20001220703125,282.3599853515625,271.239990234375,278.5199890136719,3484290,SHRIRAMFIN,NSE,yfinance,1d
2023-04-25,279.94000244140625,293.8599853515625,279.0199890136719,286.54998779296875,11463135,SHRIRAMFIN,NSE,yfinance,1d
2023-04-26,287.9700012207031,287.9700012207031,276.3999938964844,281.2300109863281,4680385,SHRIRAMFIN,NSE,yfinance,1d
2023-04-27,280.0,282.3999938964844,276.3999938964844,281.1099853515625,5355815,SHRIRAMFIN,NSE,yfinance,1d
2023-04-28,270.0,273.0,261.79998779296875,266.5199890136719,15378245,SHRIRAMFIN,NSE,yfinance,1d
2023-05-02,269.7799987792969,270.6600036621094,264.3299865722656,265.05999755859375,4445290,SHRIRAMFIN,NSE,yfinance,1d
2023-05-03,264.6099853515625,267.1400146484375,263.25,263.80999755859375,2404405,SHRIRAMFIN,NSE,yfinance,1d
2023-05-04,265.20001220703125,266.20001220703125,263.20001220703125,265.5400085449219,2605540,SHRIRAMFIN,NSE,yfinance,1d
2023-05-05,265.6000061035156,269.4700012207031,263.25,263.7699890136719,1867575,SHRIRAMFIN,NSE,yfinance,1d
2023-05-08,265.79998779296875,271.0,263.7699890136719,269.5799865722656,3146345,SHRIRAMFIN,NSE,yfinance,1d
2023-05-09,271.739990234375,280.0,269.1400146484375,269.6499938964844,4717955,SHRIRAMFIN,NSE,yfinance,1d
2023-05-10,272.20001220703125,272.20001220703125,266.1000061035156,270.6099853515625,2721495,SHRIRAMFIN,NSE,yfinance,1d
2023-05-11,270.2200012207031,273.9800109863281,268.010009765625,272.8599853515625,1675840,SHRIRAMFIN,NSE,yfinance,1d
2023-05-12,272.989990234375,274.92999267578125,268.20001220703125,269.95001220703125,1868500,SHRIRAMFIN,NSE,yfinance,1d
2023-05-15,270.6000061035156,273.5199890136719,267.2099914550781,268.1199951171875,3314115,SHRIRAMFIN,NSE,yfinance,1d
2023-05-16,270.0,272.05999755859375,265.0,265.7200012207031,5037130,SHRIRAMFIN,NSE,yfinance,1d
2023-05-17,265.79998779296875,270.1199951171875,265.0199890136719,268.8399963378906,1876620,SHRIRAMFIN,NSE,yfinance,1d
2023-05-18,270.489990234375,271.3999938964844,265.8900146484375,269.2200012207031,3189190,SHRIRAMFIN,NSE,yfinance,1d
2023-05-19,271.3800048828125,271.3800048828125,266.6000061035156,267.8599853515625,3457825,SHRIRAMFIN,NSE,yfinance,1d
2023-05-22,267.20001220703125,267.5799865722656,261.20001220703125,263.8599853515625,3724060,SHRIRAMFIN,NSE,yfinance,1d
2023-05-23,264.7900085449219,276.07000732421875,264.07000732421875,272.6600036621094,3621815,SHRIRAMFIN,NSE,yfinance,1d
2023-05-24,272.5400085449219,278.0,271.239990234375,273.92999267578125,4991420,SHRIRAMFIN,NSE,yfinance,1d
2023-05-25,273.92999267578125,277.6000061035156,271.6700134277344,275.07000732421875,2376370,SHRIRAMFIN,NSE,yfinance,1d
2023-05-26,275.07000732421875,277.2300109863281,273.0,276.7200012207031,2622815,SHRIRAMFIN,NSE,yfinance,1d
2023-05-29,277.6000061035156,284.67999267578125,276.7200012207031,281.760009765625,5878845,SHRIRAMFIN,NSE,yfinance,1d
2023-05-30,282.29998779296875,284.239990234375,281.1400146484375,283.3599853515625,3948785,SHRIRAMFIN,NSE,yfinance,1d
2023-05-31,283.5299987792969,283.9800109863281,278.2799987792969,279.95001220703125,6080605,SHRIRAMFIN,NSE,yfinance,1d
2023-06-01,279.95001220703125,283.70001220703125,279.95001220703125,282.04998779296875,2902875,SHRIRAMFIN,NSE,yfinance,1d
2023-06-02,283.07000732421875,284.8399963378906,280.8399963378906,282.6700134277344,3680045,SHRIRAMFIN,NSE,yfinance,1d
2023-06-05,284.20001220703125,285.42999267578125,279.5299987792969,280.19000244140625,2510040,SHRIRAMFIN,NSE,yfinance,1d
2023-06-06,281.489990234375,283.95001220703125,277.1499938964844,281.7799987792969,1777200,SHRIRAMFIN,NSE,yfinance,1d
2023-06-07,280.0,285.20001220703125,278.0,281.6700134277344,3799040,SHRIRAMFIN,NSE,yfinance,1d
2023-06-08,282.6000061035156,289.79998779296875,280.0,282.19000244140625,4030580,SHRIRAMFIN,NSE,yfinance,1d
2023-06-09,282.0,287.760009765625,281.79998779296875,283.44000244140625,2435880,SHRIRAMFIN,NSE,yfinance,1d
2023-06-12,285.0,292.25,283.3999938964844,290.4700012207031,2951100,SHRIRAMFIN,NSE,yfinance,1d
2023-06-13,291.6199951171875,292.20001220703125,287.0,288.67999267578125,3300860,SHRIRAMFIN,NSE,yfinance,1d
2023-06-14,290.0,290.0,280.45001220703125,281.55999755859375,3617290,SHRIRAMFIN,NSE,yfinance,1d
2023-06-15,282.79998779296875,284.0,280.79998779296875,282.8399963378906,2747890,SHRIRAMFIN,NSE,yfinance,1d
2023-06-16,281.29998779296875,282.20001220703125,278.0199890136719,280.29998779296875,6897545,SHRIRAMFIN,NSE,yfinance,1d
2023-06-19,294.6000061035156,300.17999267578125,290.55999755859375,293.9700012207031,15970295,SHRIRAMFIN,NSE,yfinance,1d
2023-06-20,294.0,314.5400085449219,291.2099914550781,311.92999267578125,13814600,SHRIRAMFIN,NSE,yfinance,1d
2023-06-21,343.1199951171875,358.7099914550781,335.0,346.8699951171875,67327115,SHRIRAMFIN,NSE,yfinance,1d
2023-06-22,353.0,353.0,338.3399963378906,343.75,20695285,SHRIRAMFIN,NSE,yfinance,1d
2023-06-23,338.6099853515625,341.7099914550781,328.3699951171875,335.3299865722656,26775580,SHRIRAMFIN,NSE,yfinance,1d
2023-06-26,333.739990234375,342.69000244140625,328.45001220703125,340.6700134277344,9027690,SHRIRAMFIN,NSE,yfinance,1d
2023-06-27,340.79998779296875,345.7099914550781,332.0,339.2300109863281,9250910,SHRIRAMFIN,NSE,yfinance,1d
2023-06-28,342.0,343.6700134277344,337.8299865722656,340.20001220703125,9058510,SHRIRAMFIN,NSE,yfinance,1d
2023-06-30,340.2200012207031,353.3900146484375,339.55999755859375,347.0400085449219,13348225,SHRIRAMFIN,NSE,yfinance,1d
2023-07-03,350.5400085449219,355.5799865722656,348.6199951171875,351.5899963378906,7848930,SHRIRAMFIN,NSE,yfinance,1d
2023-07-04,354.3999938964844,358.6400146484375,348.0,355.5400085449219,8948575,SHRIRAMFIN,NSE,yfinance,1d
2023-07-05,355.6000061035156,365.6000061035156,353.7799987792969,360.45001220703125,13158105,SHRIRAMFIN,NSE,yfinance,1d
2023-07-06,360.32000732421875,360.32000732421875,353.45001220703125,354.2699890136719,4616375,SHRIRAMFIN,NSE,yfinance,1d
2023-07-07,355.0,355.79998779296875,342.3999938964844,343.7200012207031,6705130,SHRIRAMFIN,NSE,yfinance,1d
2023-07-10,345.7900085449219,346.0799865722656,340.7699890136719,344.6400146484375,6425075,SHRIRAMFIN,NSE,yfinance,1d
2023-07-11,345.9800109863281,355.510009765625,345.2300109863281,352.1400146484375,6085610,SHRIRAMFIN,NSE,yfinance,1d
2023-07-12,352.0199890136719,363.5899963378906,351.94000244140625,361.1000061035156,6537300,SHRIRAMFIN,NSE,yfinance,1d
2023-07-13,363.5,365.8399963378906,356.6000061035156,357.79998779296875,6218315,SHRIRAMFIN,NSE,yfinance,1d
2023-07-14,360.0,362.2699890136719,354.5299987792969,356.7799987792969,4492200,SHRIRAMFIN,NSE,yfinance,1d
2023-07-17,357.2200012207031,358.4100036621094,351.0400085449219,353.8999938964844,4223875,SHRIRAMFIN,NSE,yfinance,1d
2023-07-18,355.760009765625,360.239990234375,354.0,356.8299865722656,7805875,SHRIRAMFIN,NSE,yfinance,1d
2023-07-19,356.79998779296875,358.94000244140625,354.55999755859375,357.1499938964844,5968125,SHRIRAMFIN,NSE,yfinance,1d
2023-07-20,357.0,359.70001220703125,355.6000061035156,356.57000732421875,2878425,SHRIRAMFIN,NSE,yfinance,1d
2023-07-21,355.69000244140625,373.6300048828125,355.0,366.29998779296875,15551270,SHRIRAMFIN,NSE,yfinance,1d
2023-07-24,368.1600036621094,369.5899963378906,356.0,359.260009765625,30150490,SHRIRAMFIN,NSE,yfinance,1d
2023-07-25,366.17999267578125,366.19000244140625,359.20001220703125,364.70001220703125,7020285,SHRIRAMFIN,NSE,yfinance,1d
2023-07-26,365.20001220703125,367.0799865722656,361.739990234375,363.8299865722656,3995010,SHRIRAMFIN,NSE,yfinance,1d
2023-07-27,367.6000061035156,369.82000732421875,357.30999755859375,362.3299865722656,11626560,SHRIRAMFIN,NSE,yfinance,1d
2023-07-28,365.2099914550781,367.6600036621094,358.0,363.57000732421875,5905730,SHRIRAMFIN,NSE,yfinance,1d
2023-07-31,366.2900085449219,379.6000061035156,363.6099853515625,378.6300048828125,7778860,SHRIRAMFIN,NSE,yfinance,1d
2023-08-01,378.6300048828125,380.20001220703125,369.0,370.739990234375,5345210,SHRIRAMFIN,NSE,yfinance,1d
2023-08-02,372.0,373.25,360.3299865722656,366.6300048828125,7630985,SHRIRAMFIN,NSE,yfinance,1d
2023-08-03,365.79998779296875,367.7200012207031,358.29998779296875,363.69000244140625,3816705,SHRIRAMFIN,NSE,yfinance,1d
2023-08-04,365.0,368.739990234375,360.4100036621094,367.3999938964844,5455600,SHRIRAMFIN,NSE,yfinance,1d
2023-08-07,368.17999267578125,372.0,366.6300048828125,370.9599914550781,4926185,SHRIRAMFIN,NSE,yfinance,1d
2023-08-08,370.9800109863281,374.95001220703125,368.0,372.2799987792969,9859755,SHRIRAMFIN,NSE,yfinance,1d
2023-08-09,374.6000061035156,375.17999267578125,368.0,369.7799987792969,6340300,SHRIRAMFIN,NSE,yfinance,1d
2023-08-10,370.92999267578125,374.7799987792969,368.0,370.1400146484375,5397960,SHRIRAMFIN,NSE,yfinance,1d
2023-08-11,370.0,370.010009765625,360.82000732421875,361.5899963378906,5133290,SHRIRAMFIN,NSE,yfinance,1d
2023-08-14,361.5899963378906,363.8599853515625,354.9100036621094,362.7099914550781,4598320,SHRIRAMFIN,NSE,yfinance,1d
2023-08-16,362.760009765625,363.3299865722656,352.0199890136719,359.20001220703125,9040420,SHRIRAMFIN,NSE,yfinance,1d
2023-08-17,362.3900146484375,374.0,362.3900146484375,368.8800048828125,6805160,SHRIRAMFIN,NSE,yfinance,1d
2023-08-18,370.3999938964844,370.3999938964844,361.6099853515625,364.0899963378906,4286650,SHRIRAMFIN,NSE,yfinance,1d
2023-08-21,364.0,371.0,362.92999267578125,368.6499938964844,6865250,SHRIRAMFIN,NSE,yfinance,1d
2023-08-22,370.7900085449219,370.7900085449219,366.1400146484375,369.010009765625,4892080,SHRIRAMFIN,NSE,yfinance,1d
2023-08-23,369.79998779296875,371.2699890136719,364.2300109863281,370.44000244140625,2475480,SHRIRAMFIN,NSE,yfinance,1d
2023-08-24,371.0,386.3500061035156,371.0,375.1000061035156,8085270,SHRIRAMFIN,NSE,yfinance,1d
2023-08-25,373.0,375.94000244140625,367.3999938964844,372.8299865722656,4806385,SHRIRAMFIN,NSE,yfinance,1d
2023-08-28,373.989990234375,374.19000244140625,369.2300109863281,372.3699951171875,4670145,SHRIRAMFIN,NSE,yfinance,1d
2023-08-29,373.3999938964844,375.6000061035156,369.3599853515625,374.45001220703125,2919905,SHRIRAMFIN,NSE,yfinance,1d
2023-08-30,374.3999938964844,384.0,373.55999755859375,376.82000732421875,3644915,SHRIRAMFIN,NSE,yfinance,1d
2023-08-31,379.0,387.79998779296875,377.82000732421875,385.6600036621094,12639870,SHRIRAMFIN,NSE,yfinance,1d
2023-09-01,386.0,387.19000244140625,381.3699951171875,382.4100036621094,3756035,SHRIRAMFIN,NSE,yfinance,1d
2023-09-04,383.3999938964844,389.0,377.8500061035156,378.7799987792969,7899565,SHRIRAMFIN,NSE,yfinance,1d
2023-09-05,380.760009765625,385.989990234375,376.0400085449219,382.70001220703125,6793595,SHRIRAMFIN,NSE,yfinance,1d
2023-09-06,383.9800109863281,385.3999938964844,376.3999938964844,378.5199890136719,6908360,SHRIRAMFIN,NSE,yfinance,1d
2023-09-07,379.0,380.1600036621094,374.1300048828125,378.739990234375,6035475,SHRIRAMFIN,NSE,yfinance,1d
2023-09-08,382.0,391.989990234375,380.55999755859375,390.7699890136719,7287555,SHRIRAMFIN,NSE,yfinance,1d
2023-09-11,394.3599853515625,394.3599853515625,387.6300048828125,391.44000244140625,6565460,SHRIRAMFIN,NSE,yfinance,1d
2023-09-12,393.9700012207031,393.9700012207031,378.2699890136719,382.2300109863281,6903070,SHRIRAMFIN,NSE,yfinance,1d
2023-09-13,380.4100036621094,384.0,375.44000244140625,382.07000732421875,6517920,SHRIRAMFIN,NSE,yfinance,1d
2023-09-14,384.0,385.54998779296875,381.1199951171875,383.0799865722656,5225585,SHRIRAMFIN,NSE,yfinance,1d
2023-09-15,385.5899963378906,386.7300109863281,381.20001220703125,384.45001220703125,6773145,SHRIRAMFIN,NSE,yfinance,1d
2023-09-18,383.2300109863281,384.9200134277344,380.2900085449219,382.5,3166810,SHRIRAMFIN,NSE,yfinance,1d
2023-09-20,380.0,389.0,378.5899963378906,383.5799865722656,4028295,SHRIRAMFIN,NSE,yfinance,1d
2023-09-21,382.94000244140625,384.79998779296875,378.20001220703125,380.05999755859375,2504980,SHRIRAMFIN,NSE,yfinance,1d
2023-09-22,380.05999755859375,385.94000244140625,376.20001220703125,378.19000244140625,2804785,SHRIRAMFIN,NSE,yfinance,1d
2023-09-25,378.19000244140625,391.8699951171875,372.1300048828125,389.1099853515625,10327105,SHRIRAMFIN,NSE,yfinance,1d
2023-09-26,388.3999938964844,388.6199951171875,374.20001220703125,376.9200134277344,5973300,SHRIRAMFIN,NSE,yfinance,1d
2023-09-27,379.6000061035156,382.67999267578125,376.04998779296875,378.4800109863281,3216495,SHRIRAMFIN,NSE,yfinance,1d
2023-09-28,381.8599853515625,382.4800109863281,371.2699890136719,374.2900085449219,21636670,SHRIRAMFIN,NSE,yfinance,1d
2023-09-29,374.5400085449219,386.19000244140625,373.1199951171875,383.8699951171875,6908925,SHRIRAMFIN,NSE,yfinance,1d
2023-10-03,387.6000061035156,387.9800109863281,376.20001220703125,384.3900146484375,11039535,SHRIRAMFIN,NSE,yfinance,1d
2023-10-04,381.79998779296875,383.989990234375,368.29998779296875,370.1199951171875,6700835,SHRIRAMFIN,NSE,yfinance,1d
2023-10-05,370.3999938964844,374.5899963378906,364.6000061035156,367.5,7397385,SHRIRAMFIN,NSE,yfinance,1d
2023-10-06,370.19000244140625,372.6000061035156,367.0,369.7699890136719,6311950,SHRIRAMFIN,NSE,yfinance,1d
2023-10-09,368.010009765625,368.1700134277344,360.7300109863281,364.17999267578125,5354120,SHRIRAMFIN,NSE,yfinance,1d
2023-10-10,368.0,379.3500061035156,363.0400085449219,378.57000732421875,8377560,SHRIRAMFIN,NSE,yfinance,1d
2023-10-11,381.4100036621094,384.1000061035156,377.1099853515625,379.7200012207031,4561415,SHRIRAMFIN,NSE,yfinance,1d
2023-10-12,381.7099914550781,381.7099914550781,375.0,375.6199951171875,3313985,SHRIRAMFIN,NSE,yfinance,1d
2023-10-13,374.9700012207031,377.3500061035156,374.0799865722656,376.19000244140625,2983920,SHRIRAMFIN,NSE,yfinance,1d
2023-10-16,376.19000244140625,377.0,371.1199951171875,373.510009765625,2463960,SHRIRAMFIN,NSE,yfinance,1d
2023-10-17,375.69000244140625,378.5799865722656,374.3999938964844,377.69000244140625,3378270,SHRIRAMFIN,NSE,yfinance,1d
2023-10-18,377.67999267578125,378.1700134277344,370.510009765625,373.239990234375,2524565,SHRIRAMFIN,NSE,yfinance,1d
2023-10-19,367.3999938964844,378.0,364.69000244140625,375.7699890136719,3099700,SHRIRAMFIN,NSE,yfinance,1d
2023-10-20,375.29998779296875,377.1499938964844,373.20001220703125,375.3399963378906,2206225,SHRIRAMFIN,NSE,yfinance,1d
2023-10-23,374.9599914550781,383.20001220703125,373.20001220703125,376.0,10365280,SHRIRAMFIN,NSE,yfinance,1d
2023-10-25,374.30999755859375,377.3699951171875,358.3999938964844,363.2300109863281,6849205,SHRIRAMFIN,NSE,yfinance,1d
2023-10-26,363.2300109863281,363.7699890136719,352.1700134277344,359.5199890136719,4792965,SHRIRAMFIN,NSE,yfinance,1d
2023-10-27,370.20001220703125,405.94000244140625,370.20001220703125,387.0400085449219,25056665,SHRIRAMFIN,NSE,yfinance,1d
2023-10-30,387.0,387.0400085449219,373.04998779296875,378.44000244140625,10187990,SHRIRAMFIN,NSE,yfinance,1d
2023-10-31,380.3999938964844,381.3900146484375,374.1400146484375,375.9700012207031,8455335,SHRIRAMFIN,NSE,yfinance,1d
2023-11-01,376.79998779296875,381.3999938964844,375.2300109863281,380.45001220703125,3794295,SHRIRAMFIN,NSE,yfinance,1d
2023-11-02,382.70001220703125,393.0,380.55999755859375,390.9700012207031,4288760,SHRIRAMFIN,NSE,yfinance,1d
2023-11-03,392.5,405.5899963378906,390.4100036621094,402.7099914550781,9322270,SHRIRAMFIN,NSE,yfinance,1d
2023-11-06,401.7900085449219,402.4800109863281,396.3999938964844,398.29998779296875,5634155,SHRIRAMFIN,NSE,yfinance,1d
2023-11-07,399.9800109863281,401.0799865722656,390.8500061035156,397.44000244140625,8807090,SHRIRAMFIN,NSE,yfinance,1d
2023-11-08,397.44000244140625,398.5299987792969,394.25,395.92999267578125,3525375,SHRIRAMFIN,NSE,yfinance,1d
2023-11-09,394.0,394.0,388.0,388.67999267578125,4975345,SHRIRAMFIN,NSE,yfinance,1d
2023-11-10,388.0,393.19000244140625,385.3800048828125,390.44000244140625,2430100,SHRIRAMFIN,NSE,yfinance,1d
2023-11-13,391.4800109863281,394.6000061035156,386.0400085449219,393.55999755859375,2779500,SHRIRAMFIN,NSE,yfinance,1d
2023-11-15,397.04998779296875,408.239990234375,395.0199890136719,407.1499938964844,6346865,SHRIRAMFIN,NSE,yfinance,1d
2023-11-16,407.3599853515625,410.20001220703125,403.1000061035156,407.1499938964844,3184495,SHRIRAMFIN,NSE,yfinance,1d
2023-11-17,403.7900085449219,403.7900085449219,396.2200012207031,398.9599914550781,5468870,SHRIRAMFIN,NSE,yfinance,1d
2023-11-20,399.0,401.9599914550781,395.55999755859375,397.7900085449219,2862980,SHRIRAMFIN,NSE,yfinance,1d
2023-11-21,400.0,403.9599914550781,396.0400085449219,399.9700012207031,5089455,SHRIRAMFIN,NSE,yfinance,1d
2023-11-22,400.989990234375,402.0,390.6499938964844,395.4200134277344,2639075,SHRIRAMFIN,NSE,yfinance,1d
2023-11-23,395.6000061035156,399.7799987792969,394.0,394.9700012207031,1529325,SHRIRAMFIN,NSE,yfinance,1d
2023-11-24,394.9700012207031,396.0,388.2200012207031,389.5,2379295,SHRIRAMFIN,NSE,yfinance,1d
2023-11-28,390.3599853515625,394.0,386.9100036621094,393.1400146484375,3604165,SHRIRAMFIN,NSE,yfinance,1d
2023-11-29,393.1400146484375,396.2799987792969,392.0,394.8699951171875,3299720,SHRIRAMFIN,NSE,yfinance,1d
2023-11-30,394.6099853515625,404.0,394.260009765625,401.44000244140625,11002290,SHRIRAMFIN,NSE,yfinance,1d
2023-12-01,402.79998779296875,405.9800109863281,399.3999938964844,400.6499938964844,3034950,SHRIRAMFIN,NSE,yfinance,1d
2023-12-04,405.0,421.6000061035156,401.45001220703125,418.8900146484375,9360830,SHRIRAMFIN,NSE,yfinance,1d
2023-12-05,418.8900146484375,419.7699890136719,408.6099853515625,413.989990234375,8296900,SHRIRAMFIN,NSE,yfinance,1d
2023-12-06,415.3999938964844,416.82000732421875,409.0,411.1400146484375,3598450,SHRIRAMFIN,NSE,yfinance,1d
2023-12-07,412.19000244140625,414.0,406.0,406.9599914550781,3904160,SHRIRAMFIN,NSE,yfinance,1d
2023-12-08,410.0,411.5,402.94000244140625,406.32000732421875,4218365,SHRIRAMFIN,NSE,yfinance,1d
2023-12-11,406.32000732421875,413.5799865722656,403.0899963378906,409.4200134277344,4948465,SHRIRAMFIN,NSE,yfinance,1d
2023-12-12,413.0,413.0,397.6099853515625,399.04998779296875,7159045,SHRIRAMFIN,NSE,yfinance,1d
2023-12-13,401.989990234375,402.3399963378906,395.2099914550781,399.05999755859375,7973270,SHRIRAMFIN,NSE,yfinance,1d
2023-12-14,401.20001220703125,426.0,401.0199890136719,423.6600036621094,11924520,SHRIRAMFIN,NSE,yfinance,1d
2023-12-15,423.3999938964844,424.32000732421875,414.0199890136719,415.5400085449219,11228265,SHRIRAMFIN,NSE,yfinance,1d
2023-12-18,415.3599853515625,415.7099914550781,408.5799865722656,409.6000061035156,4203410,SHRIRAMFIN,NSE,yfinance,1d
2023-12-19,411.760009765625,416.5299987792969,408.0,411.9100036621094,11070960,SHRIRAMFIN,NSE,yfinance,1d
2023-12-20,412.20001220703125,422.3900146484375,398.0,399.75,9435625,SHRIRAMFIN,NSE,yfinance,1d
2023-12-21,399.4599914550781,409.5799865722656,394.3999938964844,403.3699951171875,9405990,SHRIRAMFIN,NSE,yfinance,1d
2023-12-22,405.9800109863281,413.79998779296875,403.29998779296875,411.0899963378906,6928875,SHRIRAMFIN,NSE,yfinance,1d
2023-12-26,414.3999938964844,415.3599853515625,405.6199951171875,407.1499938964844,4822975,SHRIRAMFIN,NSE,yfinance,1d
2023-12-27,408.2099914550781,413.1000061035156,407.1600036621094,409.9800109863281,3750095,SHRIRAMFIN,NSE,yfinance,1d
2023-12-28,412.9599914550781,412.9599914550781,407.2200012207031,409.1300048828125,3288345,SHRIRAMFIN,NSE,yfinance,1d
2023-12-29,410.5,413.6000061035156,407.5899963378906,410.6600036621094,5291010,SHRIRAMFIN,NSE,yfinance,1d
2024-01-01,411.1099853515625,412.0,408.2200012207031,409.7699890136719,1523610,SHRIRAMFIN,NSE,yfinance,1d
2024-01-02,410.0,411.95001220703125,403.20001220703125,406.010009765625,5389635,SHRIRAMFIN,NSE,yfinance,1d
2024-01-03,407.0,419.6000061035156,405.79998779296875,418.010009765625,6787670,SHRIRAMFIN,NSE,yfinance,1d
2024-01-04,420.0,430.5,418.0400085449219,429.6300048828125,7695105,SHRIRAMFIN,NSE,yfinance,1d
2024-01-05,430.6000061035156,435.3500061035156,423.8900146484375,434.4800109863281,8114435,SHRIRAMFIN,NSE,yfinance,1d
2024-01-08,436.79998779296875,445.0,432.7099914550781,439.2699890136719,7487975,SHRIRAMFIN,NSE,yfinance,1d
2024-01-09,441.32000732421875,444.6099853515625,430.1199951171875,433.57000732421875,5463445,SHRIRAMFIN,NSE,yfinance,1d
2024-01-10,436.0,437.57000732421875,427.1400146484375,430.0,2470725,SHRIRAMFIN,NSE,yfinance,1d
2024-01-11,443.5899963378906,457.9700012207031,440.79998779296875,455.95001220703125,14663945,SHRIRAMFIN,NSE,yfinance,1d
2024-01-12,458.55999755859375,460.6199951171875,452.0199890136719,458.55999755859375,5187280,SHRIRAMFIN,NSE,yfinance,1d
2024-01-15,458.55999755859375,458.55999755859375,458.55999755859375,458.55999755859375,0,SHRIRAMFIN,NSE,yfinance,1d
2024-01-16,465.0,466.989990234375,459.010009765625,461.94000244140625,6647950,SHRIRAMFIN,NSE,yfinance,1d
2024-01-17,458.79998779296875,463.57000732421875,448.0,457.6000061035156,5308645,SHRIRAMFIN,NSE,yfinance,1d
2024-01-18,454.20001220703125,457.4599914550781,439.30999755859375,451.0799865722656,7883550,SHRIRAMFIN,NSE,yfinance,1d
2024-01-19,454.20001220703125,464.3900146484375,454.20001220703125,460.3699951171875,5296785,SHRIRAMFIN,NSE,yfinance,1d
2024-01-23,457.4100036621094,462.7900085449219,449.5199890136719,455.8999938964844,10999270,SHRIRAMFIN,NSE,yfinance,1d
2024-01-24,446.7699890136719,463.0,441.9100036621094,460.489990234375,8501730,SHRIRAMFIN,NSE,yfinance,1d
2024-01-25,463.55999755859375,470.5899963378906,458.3999938964844,461.42999267578125,5327820,SHRIRAMFIN,NSE,yfinance,1d
2024-01-29,486.3999938964844,488.3999938964844,460.42999267578125,481.79998779296875,17895075,SHRIRAMFIN,NSE,yfinance,1d
2024-01-30,481.79998779296875,499.30999755859375,481.79998779296875,490.5899963378906,14238795,SHRIRAMFIN,NSE,yfinance,1d
2024-01-31,490.0,495.9200134277344,480.1000061035156,493.3599853515625,9573360,SHRIRAMFIN,NSE,yfinance,1d
2024-02-01,482.20001220703125,487.7900085449219,477.7200012207031,479.44000244140625,10601720,SHRIRAMFIN,NSE,yfinance,1d
2024-02-02,479.5,484.2300109863281,477.1199951171875,481.1000061035156,4405185,SHRIRAMFIN,NSE,yfinance,1d
2024-02-05,483.79998779296875,486.4800109863281,469.44000244140625,471.4200134277344,1993400,SHRIRAMFIN,NSE,yfinance,1d
2024-02-06,472.0,480.7799987792969,464.7300109863281,479.2900085449219,7511415,SHRIRAMFIN,NSE,yfinance,1d
2024-02-07,479.5899963378906,491.8299865722656,479.2900085449219,482.7300109863281,5230250,SHRIRAMFIN,NSE,yfinance,1d
2024-02-08,485.0,485.0,468.1600036621094,469.5899963378906,4430985,SHRIRAMFIN,NSE,yfinance,1d
2024-02-09,469.5899963378906,470.80999755859375,458.29998779296875,466.82000732421875,2903050,SHRIRAMFIN,NSE,yfinance,1d
2024-02-12,467.0,470.5899963378906,450.9700012207031,452.45001220703125,2845040,SHRIRAMFIN,NSE,yfinance,1d
2024-02-13,453.3999938964844,468.70001220703125,447.04998779296875,466.1300048828125,8984610,SHRIRAMFIN,NSE,yfinance,1d
2024-02-14,457.0,480.9200134277344,456.0400085449219,478.6600036621094,3686385,SHRIRAMFIN,NSE,yfinance,1d
2024-02-15,487.44000244140625,492.67999267578125,482.3999938964844,487.5199890136719,5721585,SHRIRAMFIN,NSE,yfinance,1d
2024-02-16,488.0,491.9599914550781,486.7699890136719,489.8800048828125,4596560,SHRIRAMFIN,NSE,yfinance,1d
2024-02-19,489.8800048828125,492.3900146484375,483.30999755859375,487.9800109863281,3451410,SHRIRAMFIN,NSE,yfinance,1d
2024-02-20,487.9800109863281,488.9700012207031,479.05999755859375,483.3299865722656,4396705,SHRIRAMFIN,NSE,yfinance,1d
2024-02-21,482.760009765625,483.010009765625,469.010009765625,471.19000244140625,3665875,SHRIRAMFIN,NSE,yfinance,1d
2024-02-22,471.82000732421875,479.94000244140625,466.6099853515625,479.0400085449219,2571220,SHRIRAMFIN,NSE,yfinance,1d
2024-02-23,479.70001220703125,491.3999938964844,477.6199951171875,489.0899963378906,5723325,SHRIRAMFIN,NSE,yfinance,1d
2024-02-26,489.9800109863281,507.0,489.5899963378906,497.0299987792969,5989015,SHRIRAMFIN,NSE,yfinance,1d
2024-02-27,495.0,501.8699951171875,451.3999938964844,474.4800109863281,20513770,SHRIRAMFIN,NSE,yfinance,1d
2024-02-28,478.3999938964844,487.5899963378906,461.5799865722656,469.760009765625,11119410,SHRIRAMFIN,NSE,yfinance,1d
2024-02-29,479.79998779296875,491.0199890136719,470.2300109863281,487.7200012207031,20232355,SHRIRAMFIN,NSE,yfinance,1d
2024-03-01,493.8999938964844,494.7699890136719,487.0,490.0899963378906,5500370,SHRIRAMFIN,NSE,yfinance,1d
2024-03-04,492.0,493.0,483.79998779296875,489.29998779296875,2666695,SHRIRAMFIN,NSE,yfinance,1d
2024-03-05,482.20001220703125,491.1700134277344,482.20001220703125,486.29998779296875,6190170,SHRIRAMFIN,NSE,yfinance,1d
2024-03-06,488.79998779296875,490.6000061035156,469.7799987792969,474.9200134277344,6744720,SHRIRAMFIN,NSE,yfinance,1d
2024-03-07,474.9200134277344,491.0799865722656,474.9200134277344,489.9100036621094,5963990,SHRIRAMFIN,NSE,yfinance,1d
2024-03-11,489.20001220703125,499.9800109863281,484.1300048828125,496.19000244140625,11377355,SHRIRAMFIN,NSE,yfinance,1d
2024-03-12,496.79998779296875,496.79998779296875,482.0400085449219,484.3500061035156,7206710,SHRIRAMFIN,NSE,yfinance,1d
2024-03-13,486.9800109863281,487.94000244140625,460.0199890136719,464.2799987792969,8118855,SHRIRAMFIN,NSE,yfinance,1d
2024-03-14,463.0,465.5899963378906,453.2300109863281,458.29998779296875,10111785,SHRIRAMFIN,NSE,yfinance,1d
2024-03-15,458.79998779296875,463.0,450.20001220703125,453.3599853515625,7257360,SHRIRAMFIN,NSE,yfinance,1d
2024-03-18,453.0,466.5799865722656,452.95001220703125,461.7900085449219,5870405,SHRIRAMFIN,NSE,yfinance,1d
2024-03-19,464.6000061035156,468.5799865722656,455.510009765625,457.3999938964844,6619825,SHRIRAMFIN,NSE,yfinance,1d
2024-03-20,458.0,465.5799865722656,456.0,462.8399963378906,4526425,SHRIRAMFIN,NSE,yfinance,1d
2024-03-21,464.5400085449219,470.989990234375,458.0,462.1600036621094,8698620,SHRIRAMFIN,NSE,yfinance,1d
2024-03-22,467.79998779296875,471.739990234375,461.0299987792969,466.1400146484375,6367775,SHRIRAMFIN,NSE,yfinance,1d
2024-03-26,456.20001220703125,477.8800048828125,455.989990234375,474.510009765625,10693585,SHRIRAMFIN,NSE,yfinance,1d
2024-03-27,482.0,486.0,469.0,477.2699890136719,77232200,SHRIRAMFIN,NSE,yfinance,1d
2024-03-28,474.80999755859375,478.9100036621094,467.6499938964844,471.9599914550781,11625440,SHRIRAMFIN,NSE,yfinance,1d
2024-04-01,474.20001220703125,487.3999938964844,473.2099914550781,486.3500061035156,4228910,SHRIRAMFIN,NSE,yfinance,1d
2024-04-02,486.0,494.260009765625,485.989990234375,493.19000244140625,4433110,SHRIRAMFIN,NSE,yfinance,1d
2024-04-03,495.3999938964844,513.3599853515625,491.760009765625,511.2900085449219,11588495,SHRIRAMFIN,NSE,yfinance,1d
2024-04-04,514.989990234375,514.989990234375,497.20001220703125,499.8599853515625,7019985,SHRIRAMFIN,NSE,yfinance,1d
2024-04-05,502.1099853515625,506.3999938964844,499.6199951171875,503.7699890136719,3253480,SHRIRAMFIN,NSE,yfinance,1d
2024-04-08,508.5899963378906,516.0599975585938,505.3999938964844,513.8400268554688,3678905,SHRIRAMFIN,NSE,yfinance,1d
2024-04-09,518.0,521.1300048828125,504.6199951171875,510.0799865722656,4766875,SHRIRAMFIN,NSE,yfinance,1d
2024-04-10,511.989990234375,513.25,503.8999938964844,505.6099853515625,3504425,SHRIRAMFIN,NSE,yfinance,1d
2024-04-12,503.989990234375,503.989990234375,495.7799987792969,497.1199951171875,4144555,SHRIRAMFIN,NSE,yfinance,1d
2024-04-15,498.6000061035156,498.6000061035156,481.6099853515625,482.92999267578125,4750690,SHRIRAMFIN,NSE,yfinance,1d
2024-04-16,480.0,484.79998779296875,473.6700134277344,480.1499938964844,4033025,SHRIRAMFIN,NSE,yfinance,1d
2024-04-18,483.9800109863281,488.45001220703125,472.2200012207031,474.2900085449219,6791185,SHRIRAMFIN,NSE,yfinance,1d
2024-04-19,469.9700012207031,475.7300109863281,465.0199890136719,473.30999755859375,4797160,SHRIRAMFIN,NSE,yfinance,1d
2024-04-22,478.0,486.4599914550781,474.79998779296875,484.92999267578125,3489700,SHRIRAMFIN,NSE,yfinance,1d
2024-04-23,488.3900146484375,491.2799987792969,483.4200134277344,485.3900146484375,2892585,SHRIRAMFIN,NSE,yfinance,1d
2024-04-24,485.3999938964844,496.3399963378906,483.6000061035156,492.2099914550781,8459300,SHRIRAMFIN,NSE,yfinance,1d
2024-04-25,491.79998779296875,500.8599853515625,484.45001220703125,498.3699951171875,14587660,SHRIRAMFIN,NSE,yfinance,1d
2024-04-26,502.5,507.3900146484375,467.3999938964844,499.7200012207031,20810260,SHRIRAMFIN,NSE,yfinance,1d
2024-04-29,513.989990234375,515.3900146484375,486.04998779296875,498.44000244140625,11904615,SHRIRAMFIN,NSE,yfinance,1d
2024-04-30,498.6000061035156,515.760009765625,496.79998779296875,510.3399963378906,13426225,SHRIRAMFIN,NSE,yfinance,1d
2024-05-02,509.30999755859375,519.7999877929688,507.0,516.4199829101562,9243475,SHRIRAMFIN,NSE,yfinance,1d
2024-05-03,520.0,531.5999755859375,515.030029296875,517.7100219726562,7622145,SHRIRAMFIN,NSE,yfinance,1d
2024-05-06,520.0,521.7899780273438,499.7699890136719,509.510009765625,4326785,SHRIRAMFIN,NSE,yfinance,1d
2024-05-07,509.510009765625,513.0,488.3299865722656,497.1600036621094,7825870,SHRIRAMFIN,NSE,yfinance,1d
2024-05-08,496.70001220703125,499.6000061035156,486.54998779296875,489.6000061035156,7324775,SHRIRAMFIN,NSE,yfinance,1d
2024-05-09,489.6000061035156,494.8299865722656,470.8399963378906,472.17999267578125,4104015,SHRIRAMFIN,NSE,yfinance,1d
2024-05-10,474.79998779296875,481.3399963378906,466.2200012207031,468.8699951171875,10984650,SHRIRAMFIN,NSE,yfinance,1d
2024-05-13,469.0,470.92999267578125,455.75,460.3599853515625,8390345,SHRIRAMFIN,NSE,yfinance,1d
2024-05-14,469.0,483.57000732421875,463.3599853515625,466.07000732421875,12376035,SHRIRAMFIN,NSE,yfinance,1d
2024-05-15,467.6000061035156,468.3999938964844,460.6099853515625,464.0,4269680,SHRIRAMFIN,NSE,yfinance,1d
2024-05-16,467.3999938964844,469.1600036621094,453.0,467.739990234375,12445545,SHRIRAMFIN,NSE,yfinance,1d
2024-05-17,468.79998779296875,477.3299865722656,464.20001220703125,474.32000732421875,4729135,SHRIRAMFIN,NSE,yfinance,1d
2024-05-21,474.0,477.8999938964844,469.7300109863281,474.6499938964844,3935580,SHRIRAMFIN,NSE,yfinance,1d
2024-05-22,474.6499938964844,475.9700012207031,466.4200134277344,467.3500061035156,3465540,SHRIRAMFIN,NSE,yfinance,1d
2024-05-23,469.20001220703125,481.94000244140625,465.70001220703125,480.0899963378906,5512760,SHRIRAMFIN,NSE,yfinance,1d
2024-05-24,479.9700012207031,485.7900085449219,472.5400085449219,479.5,4877325,SHRIRAMFIN,NSE,yfinance,1d
2024-05-27,482.0,484.70001220703125,475.20001220703125,476.0,3398210,SHRIRAMFIN,NSE,yfinance,1d
2024-05-28,478.0,486.6000061035156,475.0,478.739990234375,6493910,SHRIRAMFIN,NSE,yfinance,1d
2024-05-29,475.010009765625,479.5299987792969,471.6000061035156,474.92999267578125,2197930,SHRIRAMFIN,NSE,yfinance,1d
2024-05-30,473.20001220703125,476.0,458.3999938964844,460.5400085449219,6688165,SHRIRAMFIN,NSE,yfinance,1d
2024-05-31,463.7799987792969,477.4700012207031,462.7300109863281,470.80999755859375,12916455,SHRIRAMFIN,NSE,yfinance,1d
2024-06-03,490.0,509.3900146484375,485.04998779296875,501.8299865722656,15161795,SHRIRAMFIN,NSE,yfinance,1d
2024-06-04,508.0,508.0,438.6000061035156,452.1400146484375,17788625,SHRIRAMFIN,NSE,yfinance,1d
2024-06-05,448.3800048828125,479.5799865722656,446.0,477.489990234375,7114095,SHRIRAMFIN,NSE,yfinance,1d
2024-06-06,486.0,507.0,480.010009765625,494.9599914550781,10501485,SHRIRAMFIN,NSE,yfinance,1d
2024-06-07,495.8699951171875,501.3900146484375,492.010009765625,499.5899963378906,3706890,SHRIRAMFIN,NSE,yfinance,1d
2024-06-10,502.0,510.5,497.0400085449219,503.82000732421875,4849020,SHRIRAMFIN,NSE,yfinance,1d
2024-06-11,502.989990234375,510.4100036621094,498.0,506.6000061035156,4681350,SHRIRAMFIN,NSE,yfinance,1d
2024-06-12,506.95001220703125,516.6900024414062,506.1099853515625,513.3900146484375,3510365,SHRIRAMFIN,NSE,yfinance,1d
2024-06-13,518.4000244140625,539.530029296875,516.219970703125,536.8599853515625,10022455,SHRIRAMFIN,NSE,yfinance,1d
2024-06-14,542.4000244140625,549.4000244140625,539.010009765625,546.4299926757812,15318425,SHRIRAMFIN,NSE,yfinance,1d
2024-06-18,549.7899780273438,568.22998046875,546.469970703125,565.9500122070312,12393205,SHRIRAMFIN,NSE,yfinance,1d
2024-06-19,565.9600219726562,566.2000122070312,552.0,558.25,9175135,SHRIRAMFIN,NSE,yfinance,1d
2024-06-20,560.9099731445312,570.9000244140625,552.9500122070312,561.0399780273438,6948810,SHRIRAMFIN,NSE,yfinance,1d
2024-06-21,562.0,568.4000244140625,559.0,564.3300170898438,9672340,SHRIRAMFIN,NSE,yfinance,1d
2024-06-24,563.8599853515625,578.0,555.969970703125,576.4500122070312,5367855,SHRIRAMFIN,NSE,yfinance,1d
2024-06-25,576.6500244140625,600.0,572.3300170898438,597.969970703125,15844875,SHRIRAMFIN,NSE,yfinance,1d
2024-06-26,597.1599731445312,611.8900146484375,591.719970703125,597.8099975585938,9032225,SHRIRAMFIN,NSE,yfinance,1d
2024-06-27,597.4099731445312,599.3300170898438,584.7899780273438,590.2100219726562,12298175,SHRIRAMFIN,NSE,yfinance,1d
2024-06-28,590.2100219726562,593.8599853515625,580.0,582.2999877929688,6005455,SHRIRAMFIN,NSE,yfinance,1d
2024-07-01,580.4099731445312,588.4000244140625,580.4099731445312,584.8499755859375,6673330,SHRIRAMFIN,NSE,yfinance,1d
2024-07-02,585.4000244140625,588.0,563.1300048828125,564.97998046875,12638725,SHRIRAMFIN,NSE,yfinance,1d
2024-07-03,568.0,577.0,561.1099853515625,570.0900268554688,7945600,SHRIRAMFIN,NSE,yfinance,1d
2024-07-04,573.5900268554688,573.5999755859375,564.0,566.75,3958315,SHRIRAMFIN,NSE,yfinance,1d
2024-07-05,567.0,574.4500122070312,562.8599853515625,573.1699829101562,6163345,SHRIRAMFIN,NSE,yfinance,1d
2024-07-08,571.2000122070312,571.2000122070312,559.219970703125,561.6199951171875,4065755,SHRIRAMFIN,NSE,yfinance,1d
2024-07-09,561.780029296875,562.7899780273438,555.030029296875,558.4000244140625,6359760,SHRIRAMFIN,NSE,yfinance,1d
2024-07-10,558.7899780273438,560.9299926757812,541.0,552.4199829101562,8300735,SHRIRAMFIN,NSE,yfinance,1d
2024-07-11,552.4199829101562,557.0900268554688,542.8300170898438,547.7999877929688,5689115,SHRIRAMFIN,NSE,yfinance,1d
2024-07-12,550.0,572.0,550.0,558.8800048828125,9030805,SHRIRAMFIN,NSE,yfinance,1d
2024-07-15,562.5999755859375,577.7999877929688,561.4400024414062,576.4600219726562,7400215,SHRIRAMFIN,NSE,yfinance,1d
2024-07-16,577.3800048828125,580.0,560.4000244140625,562.7000122070312,4907090,SHRIRAMFIN,NSE,yfinance,1d
2024-07-18,555.4000244140625,574.7899780273438,555.4000244140625,573.4600219726562,4119020,SHRIRAMFIN,NSE,yfinance,1d
2024-07-19,572.0,575.1699829101562,557.8699951171875,562.1699829101562,3677715,SHRIRAMFIN,NSE,yfinance,1d
2024-07-22,559.97998046875,569.5900268554688,552.8099975585938,565.47998046875,2717785,SHRIRAMFIN,NSE,yfinance,1d
2024-07-23,565.4000244140625,565.4000244140625,532.6799926757812,547.8400268554688,12227465,SHRIRAMFIN,NSE,yfinance,1d
2024-07-24,547.7999877929688,552.0,533.0599975585938,544.8499755859375,5130575,SHRIRAMFIN,NSE,yfinance,1d
2024-07-25,539.9000244140625,542.0,527.0999755859375,535.7999877929688,10445410,SHRIRAMFIN,NSE,yfinance,1d
2024-07-26,541.1599731445312,608.7999877929688,538.0,585.0,32196680,SHRIRAMFIN,NSE,yfinance,1d
2024-07-29,594.0,607.1500244140625,581.0,588.5999755859375,12753435,SHRIRAMFIN,NSE,yfinance,1d
2024-07-30,588.5999755859375,596.280029296875,578.4000244140625,582.4099731445312,9486875,SHRIRAMFIN,NSE,yfinance,1d
2024-07-31,586.780029296875,589.4099731445312,583.2100219726562,586.3900146484375,4655790,SHRIRAMFIN,NSE,yfinance,1d
2024-08-01,586.5800170898438,599.7999877929688,583.989990234375,597.8499755859375,8859720,SHRIRAMFIN,NSE,yfinance,1d
2024-08-02,589.0,604.5800170898438,584.0,598.4199829101562,8905205,SHRIRAMFIN,NSE,yfinance,1d
2024-08-05,575.2000122070312,588.3699951171875,561.6199951171875,578.2899780273438,9480440,SHRIRAMFIN,NSE,yfinance,1d
2024-08-06,584.030029296875,588.0900268554688,565.0,567.3599853515625,5917390,SHRIRAMFIN,NSE,yfinance,1d
2024-08-07,578.02001953125,586.4199829101562,574.1099853515625,585.010009765625,3986695,SHRIRAMFIN,NSE,yfinance,1d
2024-08-08,584.0,584.0,571.719970703125,574.4400024414062,4434050,SHRIRAMFIN,NSE,yfinance,1d
2024-08-09,582.0,594.6699829101562,576.02001953125,591.6199951171875,4568775,SHRIRAMFIN,NSE,yfinance,1d
2024-08-12,589.989990234375,603.0,585.52001953125,595.219970703125,5709795,SHRIRAMFIN,NSE,yfinance,1d
2024-08-13,596.0,599.0900268554688,572.0999755859375,578.27001953125,7249815,SHRIRAMFIN,NSE,yfinance,1d
2024-08-14,580.2000122070312,583.3200073242188,572.7999877929688,579.02001953125,3626125,SHRIRAMFIN,NSE,yfinance,1d
2024-08-16,582.5999755859375,598.3800048828125,580.4099731445312,596.2999877929688,4976095,SHRIRAMFIN,NSE,yfinance,1d
2024-08-19,605.5999755859375,617.0,602.6099853515625,615.1199951171875,9092170,SHRIRAMFIN,NSE,yfinance,1d
2024-08-20,623.5999755859375,635.4000244140625,610.4600219726562,631.969970703125,12149555,SHRIRAMFIN,NSE,yfinance,1d
2024-08-21,627.989990234375,638.0,623.3699951171875,631.8099975585938,5227030,SHRIRAMFIN,NSE,yfinance,1d
2024-08-22,633.0,633.3900146484375,624.6599731445312,628.719970703125,4610695,SHRIRAMFIN,NSE,yfinance,1d
2024-08-23,632.0,632.4600219726562,623.5399780273438,625.3099975585938,2466965,SHRIRAMFIN,NSE,yfinance,1d
2024-08-26,628.0,635.9500122070312,622.2000122070312,632.4299926757812,3366050,SHRIRAMFIN,NSE,yfinance,1d
2024-08-27,630.780029296875,653.780029296875,623.2000122070312,645.8900146484375,9915805,SHRIRAMFIN,NSE,yfinance,1d
2024-08-28,645.0,649.5999755859375,638.3499755859375,640.3699951171875,3352220,SHRIRAMFIN,NSE,yfinance,1d
2024-08-29,639.7999877929688,652.4000244140625,634.9099731445312,640.0999755859375,5976425,SHRIRAMFIN,NSE,yfinance,1d
2024-08-30,640.1500244140625,644.8800048828125,635.4000244140625,640.9000244140625,11026125,SHRIRAMFIN,NSE,yfinance,1d
2024-09-02,643.989990234375,651.6799926757812,642.8099975585938,645.0499877929688,3165735,SHRIRAMFIN,NSE,yfinance,1d
2024-09-03,642.2000122070312,656.6099853515625,638.010009765625,654.3200073242188,7181415,SHRIRAMFIN,NSE,yfinance,1d
2024-09-04,647.4099731445312,656.3900146484375,645.2000122070312,648.7899780273438,3467420,SHRIRAMFIN,NSE,yfinance,1d
2024-09-05,649.3900146484375,658.7999877929688,645.8300170898438,649.0999755859375,3368300,SHRIRAMFIN,NSE,yfinance,1d
2024-09-06,650.780029296875,653.3900146484375,644.0399780273438,647.1300048828125,3058060,SHRIRAMFIN,NSE,yfinance,1d
2024-09-09,658.0,664.6400146484375,643.219970703125,663.1400146484375,8095085,SHRIRAMFIN,NSE,yfinance,1d
2024-09-10,665.5800170898438,667.5800170898438,646.030029296875,652.010009765625,6190070,SHRIRAMFIN,NSE,yfinance,1d
2024-09-11,653.010009765625,659.5999755859375,650.8200073242188,655.97998046875,2946285,SHRIRAMFIN,NSE,yfinance,1d
2024-09-12,660.0,682.47998046875,659.1099853515625,680.1500244140625,9163615,SHRIRAMFIN,NSE,yfinance,1d
2024-09-13,679.9400024414062,685.0,673.0,673.6500244140625,4786700,SHRIRAMFIN,NSE,yfinance,1d
2024-09-16,675.5999755859375,687.969970703125,672.52001953125,683.7899780273438,4724820,SHRIRAMFIN,NSE,yfinance,1d
2024-09-17,683.0,693.3499755859375,681.489990234375,684.9199829101562,8030320,SHRIRAMFIN,NSE,yfinance,1d
2024-09-18,688.9000244140625,717.989990234375,688.0,714.9400024414062,10582475,SHRIRAMFIN,NSE,yfinance,1d
2024-09-19,714.3099975585938,724.72998046875,700.0,705.0700073242188,6428925,SHRIRAMFIN,NSE,yfinance,1d
2024-09-20,707.7999877929688,717.2000122070312,703.4000244140625,706.4199829101562,6407140,SHRIRAMFIN,NSE,yfinance,1d
2024-09-23,710.1900024414062,722.4000244140625,708.0,713.5399780273438,2935070,SHRIRAMFIN,NSE,yfinance,1d
2024-09-24,716.2999877929688,716.2999877929688,700.4000244140625,703.260009765625,6681865,SHRIRAMFIN,NSE,yfinance,1d
2024-09-25,703.260009765625,707.9600219726562,691.5999755859375,704.8099975585938,3801635,SHRIRAMFIN,NSE,yfinance,1d
2024-09-26,707.4199829101562,727.4000244140625,705.9099731445312,725.6900024414062,5359390,SHRIRAMFIN,NSE,yfinance,1d
2024-09-27,723.5999755859375,730.4500122070312,719.1599731445312,724.2100219726562,4967200,SHRIRAMFIN,NSE,yfinance,1d
2024-09-30,722.7899780273438,728.989990234375,713.5999755859375,715.3900146484375,4405700,SHRIRAMFIN,NSE,yfinance,1d
2024-10-01,715.4000244140625,725.5599975585938,711.5599975585938,714.0800170898438,3381135,SHRIRAMFIN,NSE,yfinance,1d
2024-10-03,714.0,714.97998046875,680.010009765625,681.9000244140625,8036680,SHRIRAMFIN,NSE,yfinance,1d
2024-10-04,681.4000244140625,682.9000244140625,663.0999755859375,667.260009765625,8827525,SHRIRAMFIN,NSE,yfinance,1d
2024-10-07,673.9600219726562,682.5999755859375,651.2000122070312,659.8699951171875,5480765,SHRIRAMFIN,NSE,yfinance,1d
2024-10-08,655.5999755859375,674.6099853515625,655.5999755859375,665.8599853515625,9122180,SHRIRAMFIN,NSE,yfinance,1d
2024-10-09,670.9000244140625,696.0,668.0,677.5900268554688,6569580,SHRIRAMFIN,NSE,yfinance,1d
2024-10-10,680.0,683.1900024414062,665.1799926757812,667.530029296875,3740385,SHRIRAMFIN,NSE,yfinance,1d
2024-10-11,670.0,671.5800170898438,661.6099853515625,668.239990234375,1799620,SHRIRAMFIN,NSE,yfinance,1d
2024-10-14,673.5999755859375,686.0,670.75,679.0599975585938,3844085,SHRIRAMFIN,NSE,yfinance,1d
2024-10-15,684.0,687.719970703125,673.719970703125,680.22998046875,5209855,SHRIRAMFIN,NSE,yfinance,1d
2024-10-16,683.4000244140625,684.4000244140625,673.4199829101562,678.0800170898438,1607350,SHRIRAMFIN,NSE,yfinance,1d
2024-10-17,675.7999877929688,677.1900024414062,649.1900024414062,651.719970703125,8237815,SHRIRAMFIN,NSE,yfinance,1d
2024-10-18,637.5499877929688,674.780029296875,629.1500244140625,668.9299926757812,9380205,SHRIRAMFIN,NSE,yfinance,1d
2024-10-21,671.3900146484375,676.7000122070312,654.4000244140625,662.6599731445312,5627980,SHRIRAMFIN,NSE,yfinance,1d
2024-10-22,662.6599731445312,678.2000122070312,648.0,650.9000244140625,19691260,SHRIRAMFIN,NSE,yfinance,1d
2024-10-23,640.0,652.0999755859375,634.010009765625,639.5499877929688,9660305,SHRIRAMFIN,NSE,yfinance,1d
2024-10-24,638.0,653.2000122070312,637.1099853515625,649.02001953125,7501270,SHRIRAMFIN,NSE,yfinance,1d
2024-10-25,650.8599853515625,650.8599853515625,605.5999755859375,618.530029296875,15251890,SHRIRAMFIN,NSE,yfinance,1d
2024-10-28,632.7999877929688,668.8300170898438,628.7999877929688,651.8599853515625,21602980,SHRIRAMFIN,NSE,yfinance,1d
2024-10-29,648.4199829101562,657.1300048828125,632.47998046875,653.1599731445312,10906400,SHRIRAMFIN,NSE,yfinance,1d
2024-10-30,643.4099731445312,651.9400024414062,635.3900146484375,637.1599731445312,6964385,SHRIRAMFIN,NSE,yfinance,1d
2024-10-31,637.0,637.0,617.52001953125,627.780029296875,8075010,SHRIRAMFIN,NSE,yfinance,1d
2024-11-01,631.7999877929688,632.7999877929688,628.0,630.1900024414062,286730,SHRIRAMFIN,NSE,yfinance,1d
2024-11-04,631.0800170898438,633.9299926757812,621.7899780273438,629.5800170898438,4842960,SHRIRAMFIN,NSE,yfinance,1d
2024-11-05,631.52001953125,635.2000122070312,611.0,632.4600219726562,7606175,SHRIRAMFIN,NSE,yfinance,1d
2024-11-06,637.4000244140625,640.0,627.260009765625,637.3400268554688,4294660,SHRIRAMFIN,NSE,yfinance,1d
2024-11-07,638.780029296875,638.780029296875,611.5999755859375,614.030029296875,5846920,SHRIRAMFIN,NSE,yfinance,1d
2024-11-08,617.0,617.0,599.4099731445312,601.5900268554688,3851745,SHRIRAMFIN,NSE,yfinance,1d
2024-11-11,602.0,611.4099731445312,591.5599975585938,599.8900146484375,4101875,SHRIRAMFIN,NSE,yfinance,1d
2024-11-12,602.8900146484375,605.0700073242188,584.530029296875,586.239990234375,5430660,SHRIRAMFIN,NSE,yfinance,1d
2024-11-13,586.0999755859375,586.0999755859375,567.8499755859375,570.77001953125,6755505,SHRIRAMFIN,NSE,yfinance,1d
2024-11-14,570.5599975585938,573.4000244140625,556.5999755859375,564.52001953125,7172685,SHRIRAMFIN,NSE,yfinance,1d
2024-11-18,564.52001953125,573.3599853515625,560.0,569.6300048828125,4841895,SHRIRAMFIN,NSE,yfinance,1d
2024-11-19,569.5999755859375,573.2000122070312,560.3400268554688,564.9500122070312,5942545,SHRIRAMFIN,NSE,yfinance,1d
2024-11-21,567.1900024414062,567.4000244140625,553.5999755859375,560.4400024414062,4777400,SHRIRAMFIN,NSE,yfinance,1d
2024-11-22,550.0,573.0,549.1099853515625,570.010009765625,8194990,SHRIRAMFIN,NSE,yfinance,1d
2024-11-25,585.3900146484375,603.0,585.3900146484375,589.5599975585938,13791540,SHRIRAMFIN,NSE,yfinance,1d
2024-11-26,592.9500122070312,615.8599853515625,589.7999877929688,609.27001953125,10105100,SHRIRAMFIN,NSE,yfinance,1d
2024-11-27,605.780029296875,613.3400268554688,601.469970703125,603.7999877929688,4064750,SHRIRAMFIN,NSE,yfinance,1d
2024-11-28,608.0,615.0,598.25,608.739990234375,12057145,SHRIRAMFIN,NSE,yfinance,1d
2024-11-29,611.5,613.3099975585938,598.4400024414062,603.9299926757812,5600545,SHRIRAMFIN,NSE,yfinance,1d
2024-12-02,603.9299926757812,622.969970703125,602.1400146484375,618.8400268554688,5433440,SHRIRAMFIN,NSE,yfinance,1d
2024-12-03,626.2000122070312,641.3800048828125,625.010009765625,631.1099853515625,9872220,SHRIRAMFIN,NSE,yfinance,1d
2024-12-04,629.1099853515625,634.6900024414062,623.9400024414062,626.4600219726562,5743725,SHRIRAMFIN,NSE,yfinance,1d
2024-12-05,630.489990234375,631.8099975585938,614.5999755859375,625.260009765625,7117350,SHRIRAMFIN,NSE,yfinance,1d
2024-12-06,625.4000244140625,629.6500244140625,618.719970703125,625.27001953125,3193785,SHRIRAMFIN,NSE,yfinance,1d
2024-12-09,620.1199951171875,632.6699829101562,619.0999755859375,621.3800048828125,3963995,SHRIRAMFIN,NSE,yfinance,1d
2024-12-10,625.0900268554688,639.4299926757812,621.7999877929688,637.2999877929688,5630900,SHRIRAMFIN,NSE,yfinance,1d
2024-12-11,639.0999755859375,653.52001953125,635.5999755859375,649.6500244140625,7350105,SHRIRAMFIN,NSE,yfinance,1d
2024-12-12,647.9000244140625,653.0,644.3099975585938,649.6199951171875,5108345,SHRIRAMFIN,NSE,yfinance,1d
2024-12-13,648.4099731445312,650.9299926757812,623.52001953125,632.510009765625,6003130,SHRIRAMFIN,NSE,yfinance,1d
2024-12-16,634.7999877929688,639.4000244140625,625.4000244140625,627.489990234375,2943305,SHRIRAMFIN,NSE,yfinance,1d
2024-12-17,627.0,627.0,593.0499877929688,595.3800048828125,10413170,SHRIRAMFIN,NSE,yfinance,1d
2024-12-18,595.3800048828125,606.5999755859375,581.77001953125,586.280029296875,7447675,SHRIRAMFIN,NSE,yfinance,1d
2024-12-19,574.0,590.5,570.6599731445312,589.0900268554688,7354675,SHRIRAMFIN,NSE,yfinance,1d
2024-12-20,590.6500244140625,592.1400146484375,568.72998046875,575.4500122070312,12499100,SHRIRAMFIN,NSE,yfinance,1d
2024-12-23,581.2000122070312,590.7999877929688,574.5599975585938,576.5800170898438,4691250,SHRIRAMFIN,NSE,yfinance,1d
2024-12-24,576.5999755859375,579.52001953125,571.02001953125,576.5900268554688,2020780,SHRIRAMFIN,NSE,yfinance,1d
2024-12-26,578.4600219726562,587.1900024414062,574.22998046875,585.3800048828125,4462340,SHRIRAMFIN,NSE,yfinance,1d
2024-12-27,587.3800048828125,587.969970703125,578.0999755859375,579.780029296875,1524915,SHRIRAMFIN,NSE,yfinance,1d
2024-12-30,582.5599975585938,593.77001953125,579.0599975585938,583.7999877929688,3452720,SHRIRAMFIN,NSE,yfinance,1d
2024-12-31,579.5800170898438,582.5399780273438,576.2100219726562,577.8300170898438,4075070,SHRIRAMFIN,NSE,yfinance,1d
2025-01-01,579.7999877929688,586.2000122070312,576.5800170898438,583.72998046875,1297175,SHRIRAMFIN,NSE,yfinance,1d
2025-01-02,587.4600219726562,613.780029296875,586.3200073242188,612.010009765625,7297085,SHRIRAMFIN,NSE,yfinance,1d
2025-01-03,612.0,619.5999755859375,607.22998046875,609.6699829101562,3652225,SHRIRAMFIN,NSE,yfinance,1d
2025-01-06,606.2000122070312,616.27001953125,591.0,593.9099731445312,5430225,SHRIRAMFIN,NSE,yfinance,1d
2025-01-07,595.4099731445312,604.4000244140625,590.0,591.6799926757812,2781710,SHRIRAMFIN,NSE,yfinance,1d
2025-01-08,594.0,594.0,568.1699829101562,579.75,4976035,SHRIRAMFIN,NSE,yfinance,1d
2025-01-09,580.75,584.8300170898438,560.2000122070312,561.969970703125,5408205,SHRIRAMFIN,NSE,yfinance,1d
2025-01-10,566.0,566.0,529.0,532.0,5999299,SHRIRAMFIN,NSE,yfinance,1d
2025-01-13,530.0499877929688,540.7000122070312,518.75,521.0999755859375,5558523,SHRIRAMFIN,NSE,yfinance,1d
2025-01-14,526.9500122070312,547.5,518.2999877929688,544.0999755859375,6987503,SHRIRAMFIN,NSE,yfinance,1d
2025-01-15,545.0,545.9500122070312,529.0999755859375,533.2000122070312,4072535,SHRIRAMFIN,NSE,yfinance,1d
2025-01-16,535.5499877929688,553.75,535.5499877929688,546.7999877929688,6194466,SHRIRAMFIN,NSE,yfinance,1d
2025-01-17,546.5499877929688,547.5499877929688,523.8499755859375,526.5,5347916,SHRIRAMFIN,NSE,yfinance,1d
2025-01-20,511.0,521.5,493.3500061035156,516.7000122070312,12701612,SHRIRAMFIN,NSE,yfinance,1d
2025-01-21,518.0,530.75,513.4500122070312,520.2999877929688,7753705,SHRIRAMFIN,NSE,yfinance,1d
2025-01-22,520.3499755859375,528.3499755859375,513.0499877929688,518.6500244140625,5895189,SHRIRAMFIN,NSE,yfinance,1d
2025-01-23,518.6500244140625,533.4500122070312,511.6000061035156,529.7999877929688,5150004,SHRIRAMFIN,NSE,yfinance,1d
2025-01-24,531.9500122070312,541.7999877929688,509.1499938964844,527.4500122070312,7602501,SHRIRAMFIN,NSE,yfinance,1d
2025-01-27,525.9000244140625,530.6500244140625,508.1499938964844,511.6499938964844,8523575,SHRIRAMFIN,NSE,yfinance,1d
2025-01-28,520.0499877929688,541.7999877929688,508.6000061035156,530.0999755859375,16222471,SHRIRAMFIN,NSE,yfinance,1d
2025-01-29,531.1500244140625,555.6500244140625,530.25,553.5,9135552,SHRIRAMFIN,NSE,yfinance,1d
2025-01-30,553.5,560.0,536.8499755859375,538.2999877929688,7172857,SHRIRAMFIN,NSE,yfinance,1d
2025-01-31,546.4000244140625,550.9000244140625,536.2000122070312,543.75,4058608,SHRIRAMFIN,NSE,yfinance,1d
2025-02-01,547.9000244140625,549.6500244140625,518.0,531.7999877929688,3874882,SHRIRAMFIN,NSE,yfinance,1d
2025-02-03,525.0,558.0,516.0,546.1500244140625,7442129,SHRIRAMFIN,NSE,yfinance,1d
2025-02-04,556.0,579.9000244140625,545.4000244140625,576.75,12290382,SHRIRAMFIN,NSE,yfinance,1d
2025-02-05,577.0,590.7999877929688,568.4000244140625,571.2999877929688,6953215,SHRIRAMFIN,NSE,yfinance,1d
2025-02-06,570.0,570.0,554.3499755859375,566.3499755859375,6345455,SHRIRAMFIN,NSE,yfinance,1d
2025-02-07,567.9000244140625,579.0999755859375,554.8499755859375,559.5499877929688,5747620,SHRIRAMFIN,NSE,yfinance,1d
2025-02-10,561.7000122070312,566.5999755859375,546.5,560.7999877929688,4253881,SHRIRAMFIN,NSE,yfinance,1d
2025-02-11,566.0,566.0,534.0,538.5499877929688,6416783,SHRIRAMFIN,NSE,yfinance,1d
2025-02-12,538.5499877929688,551.5,527.0,547.1500244140625,5467745,SHRIRAMFIN,NSE,yfinance,1d
2025-02-13,547.0,560.25,538.0,548.6500244140625,5723009,SHRIRAMFIN,NSE,yfinance,1d
2025-02-14,550.9500122070312,554.9500122070312,526.7999877929688,539.1500244140625,6763071,SHRIRAMFIN,NSE,yfinance,1d
2025-02-17,537.0,553.0,525.0999755859375,550.3499755859375,4397756,SHRIRAMFIN,NSE,yfinance,1d
2025-02-18,550.9500122070312,554.4500122070312,539.0999755859375,553.3499755859375,2988732,SHRIRAMFIN,NSE,yfinance,1d
2025-02-19,547.7999877929688,559.75,546.5,557.7999877929688,4066886,SHRIRAMFIN,NSE,yfinance,1d
2025-02-20,557.0,582.25,557.0,580.8499755859375,7590778,SHRIRAMFIN,NSE,yfinance,1d
2025-02-21,580.8499755859375,594.7000122070312,576.7000122070312,585.0999755859375,9328402,SHRIRAMFIN,NSE,yfinance,1d
2025-02-24,576.0,581.75,568.7999877929688,577.2000122070312,4523171,SHRIRAMFIN,NSE,yfinance,1d
2025-02-25,581.7999877929688,586.75,571.5,574.25,6222936,SHRIRAMFIN,NSE,yfinance,1d
2025-02-27,581.2999877929688,608.7999877929688,580.2999877929688,606.7999877929688,17099035,SHRIRAMFIN,NSE,yfinance,1d
2025-02-28,609.9500122070312,620.0,602.25,617.2999877929688,23771834,SHRIRAMFIN,NSE,yfinance,1d
2025-03-03,625.2999877929688,630.0,614.9000244140625,621.2999877929688,10284029,SHRIRAMFIN,NSE,yfinance,1d
2025-03-04,618.5999755859375,635.4000244140625,613.4000244140625,632.9000244140625,5369562,SHRIRAMFIN,NSE,yfinance,1d
2025-03-05,626.5999755859375,637.5,621.5,631.2999877929688,9532495,SHRIRAMFIN,NSE,yfinance,1d
2025-03-06,638.7999877929688,650.7999877929688,637.0,644.3499755859375,8075827,SHRIRAMFIN,NSE,yfinance,1d
2025-03-07,644.3499755859375,647.6500244140625,627.4500122070312,630.8499755859375,5829062,SHRIRAMFIN,NSE,yfinance,1d
2025-03-10,631.5499877929688,641.5,622.8499755859375,625.5999755859375,4906168,SHRIRAMFIN,NSE,yfinance,1d
2025-03-11,624.2000122070312,640.0,615.5499877929688,638.25,6734891,SHRIRAMFIN,NSE,yfinance,1d
2025-03-12,639.0,647.25,629.0999755859375,636.9500122070312,5378060,SHRIRAMFIN,NSE,yfinance,1d
2025-03-13,638.0,644.0,617.5,619.5499877929688,5273706,SHRIRAMFIN,NSE,yfinance,1d
2025-03-17,613.4000244140625,629.5,613.4000244140625,623.25,4548324,SHRIRAMFIN,NSE,yfinance,1d
2025-03-18,623.25,623.25,623.25,623.25,0,SHRIRAMFIN,NSE,yfinance,1d
2025-03-19,645.7000122070312,677.5999755859375,637.6500244140625,667.9500122070312,9823834,SHRIRAMFIN,NSE,yfinance,1d
2025-03-20,690.0,695.0,665.0,667.9000244140625,8747482,SHRIRAMFIN,NSE,yfinance,1d
2025-03-21,669.0499877929688,679.0,667.6500244140625,676.7999877929688,6365496,SHRIRAMFIN,NSE,yfinance,1d
2025-03-24,677.0,694.9000244140625,674.0,682.0,4983671,SHRIRAMFIN,NSE,yfinance,1d
2025-03-25,688.0,688.0,667.7000122070312,678.3499755859375,5257157,SHRIRAMFIN,NSE,yfinance,1d
2025-03-26,678.7999877929688,680.9000244140625,669.25,672.0,4792266,SHRIRAMFIN,NSE,yfinance,1d
2025-03-27,670.0,684.4000244140625,666.2000122070312,678.5,4628163,SHRIRAMFIN,NSE,yfinance,1d
2025-03-28,682.0,685.0,650.1500244140625,656.0,6806264,SHRIRAMFIN,NSE,yfinance,1d
2025-04-01,652.0,653.9000244140625,633.9000244140625,637.4500122070312,7600903,SHRIRAMFIN,NSE,yfinance,1d
2025-04-02,640.0,644.0,630.5,639.4000244140625,4387926,SHRIRAMFIN,NSE,yfinance,1d
2025-04-03,633.0,660.5499877929688,632.0,654.1500244140625,3704676,SHRIRAMFIN,NSE,yfinance,1d
2025-04-04,655.5,665.0,649.5,653.5999755859375,5191619,SHRIRAMFIN,NSE,yfinance,1d
2025-04-07,596.0,629.9500122070312,589.25,614.0,15188995,SHRIRAMFIN,NSE,yfinance,1d
2025-04-08,623.7000122070312,648.2999877929688,623.0499877929688,641.4500122070312,10415072,SHRIRAMFIN,NSE,yfinance,1d
2025-04-09,647.9500122070312,647.9500122070312,619.0,624.5499877929688,9235529,SHRIRAMFIN,NSE,yfinance,1d
2025-04-11,627.0,648.6500244140625,627.0,638.7999877929688,7102851,SHRIRAMFIN,NSE,yfinance,1d
2025-04-15,651.9500122070312,674.5499877929688,649.1500244140625,672.0,6085948,SHRIRAMFIN,NSE,yfinance,1d
2025-04-16,672.6500244140625,678.0,662.4500122070312,676.0499877929688,6571065,SHRIRAMFIN,NSE,yfinance,1d
2025-04-17,677.0,695.6500244140625,668.5499877929688,691.75,5771289,SHRIRAMFIN,NSE,yfinance,1d
2025-04-21,698.75,717.5,690.5,703.0,6740583,SHRIRAMFIN,NSE,yfinance,1d
2025-04-22,703.0,709.9500122070312,700.0,703.5,3672514,SHRIRAMFIN,NSE,yfinance,1d
2025-04-23,709.5,713.7999877929688,685.9000244140625,703.9000244140625,5442424,SHRIRAMFIN,NSE,yfinance,1d
2025-04-24,704.0,705.5,694.5,696.6500244140625,5010172,SHRIRAMFIN,NSE,yfinance,1d
2025-04-25,698.9000244140625,705.5999755859375,635.0,655.2000122070312,9784886,SHRIRAMFIN,NSE,yfinance,1d
2025-04-28,622.7000122070312,630.4000244140625,596.1500244140625,622.0,32221482,SHRIRAMFIN,NSE,yfinance,1d
2025-04-29,625.0,630.7999877929688,610.2000122070312,614.7000122070312,10387632,SHRIRAMFIN,NSE,yfinance,1d
2025-04-30,614.7000122070312,621.7999877929688,606.5,611.7000122070312,7374108,SHRIRAMFIN,NSE,yfinance,1d
2025-05-02,611.7000122070312,616.2999877929688,599.5,603.5999755859375,7749204,SHRIRAMFIN,NSE,yfinance,1d
2025-05-05,610.1500244140625,630.9000244140625,607.2000122070312,628.8499755859375,8616953,SHRIRAMFIN,NSE,yfinance,1d
2025-05-06,628.7999877929688,631.8499755859375,617.0499877929688,623.4500122070312,5098276,SHRIRAMFIN,NSE,yfinance,1d
2025-05-07,618.2000122070312,638.0,617.25,636.6500244140625,5983998,SHRIRAMFIN,NSE,yfinance,1d
2025-05-08,635.0,640.7999877929688,607.0,615.7999877929688,10052396,SHRIRAMFIN,NSE,yfinance,1d
2025-05-09,600.0,612.3499755859375,596.6500244140625,601.4500122070312,5637324,SHRIRAMFIN,NSE,yfinance,1d
2025-05-12,611.0499877929688,648.0,611.0,645.9500122070312,9560644,SHRIRAMFIN,NSE,yfinance,1d
2025-05-13,641.5999755859375,647.7999877929688,631.9500122070312,633.5999755859375,5748439,SHRIRAMFIN,NSE,yfinance,1d
2025-05-14,639.5,655.2999877929688,637.5999755859375,651.9500122070312,9324793,SHRIRAMFIN,NSE,yfinance,1d
2025-05-15,654.7999877929688,679.9500122070312,644.1500244140625,674.7999877929688,9817422,SHRIRAMFIN,NSE,yfinance,1d
2025-05-16,674.0,674.7999877929688,660.0499877929688,665.5,5415727,SHRIRAMFIN,NSE,yfinance,1d
2025-05-19,670.0,683.9000244140625,666.0,677.7999877929688,4356035,SHRIRAMFIN,NSE,yfinance,1d
2025-05-20,682.0499877929688,682.0499877929688,656.2000122070312,658.3499755859375,7035801,SHRIRAMFIN,NSE,yfinance,1d
2025-05-21,658.3499755859375,661.6500244140625,638.7000122070312,658.0,7986603,SHRIRAMFIN,NSE,yfinance,1d
2025-05-22,652.0,654.7000122070312,640.2999877929688,649.75,6840583,SHRIRAMFIN,NSE,yfinance,1d
2025-05-23,651.0,663.5999755859375,646.1500244140625,659.8499755859375,3128629,SHRIRAMFIN,NSE,yfinance,1d
2025-05-26,664.8499755859375,667.7999877929688,652.0999755859375,664.5,2963171,SHRIRAMFIN,NSE,yfinance,1d
2025-05-27,667.7999877929688,670.0,657.0,661.9000244140625,2493252,SHRIRAMFIN,NSE,yfinance,1d
2025-05-28,661.9000244140625,663.9000244140625,654.0,655.7000122070312,3244100,SHRIRAMFIN,NSE,yfinance,1d
2025-05-29,655.7000122070312,659.7000122070312,648.0999755859375,652.25,4173868,SHRIRAMFIN,NSE,yfinance,1d
2025-05-30,643.0999755859375,654.9500122070312,637.25,639.3499755859375,6693573,SHRIRAMFIN,NSE,yfinance,1d
2025-06-02,638.2999877929688,647.9000244140625,625.0,642.5499877929688,4344402,SHRIRAMFIN,NSE,yfinance,1d
2025-06-03,648.0,658.75,642.0999755859375,648.25,5336167,SHRIRAMFIN,NSE,yfinance,1d
2025-06-04,649.9500122070312,661.8499755859375,640.0,641.2000122070312,6290382,SHRIRAMFIN,NSE,yfinance,1d
2025-06-05,647.0,654.7999877929688,638.0999755859375,651.4500122070312,4542850,SHRIRAMFIN,NSE,yfinance,1d
2025-06-06,654.0,690.9000244140625,644.2999877929688,688.25,20115034,SHRIRAMFIN,NSE,yfinance,1d
2025-06-09,700.0,715.9000244140625,692.25,698.0,11413586,SHRIRAMFIN,NSE,yfinance,1d
2025-06-10,705.0,705.9500122070312,690.7000122070312,700.4000244140625,6453133,SHRIRAMFIN,NSE,yfinance,1d
2025-06-11,702.0999755859375,702.0999755859375,684.3499755859375,686.0499877929688,4586055,SHRIRAMFIN,NSE,yfinance,1d
2025-06-12,689.0,690.0,666.5999755859375,668.0499877929688,4970089,SHRIRAMFIN,NSE,yfinance,1d
2025-06-13,651.8499755859375,670.3499755859375,643.5,667.1500244140625,4687026,SHRIRAMFIN,NSE,yfinance,1d
2025-06-16,669.0,681.25,668.5999755859375,676.1500244140625,6882573,SHRIRAMFIN,NSE,yfinance,1d
2025-06-17,679.7999877929688,679.7999877929688,662.0,665.0,2390137,SHRIRAMFIN,NSE,yfinance,1d
2025-06-18,663.0499877929688,673.5,659.1500244140625,662.0999755859375,3352972,SHRIRAMFIN,NSE,yfinance,1d
2025-06-19,660.75,669.0,648.0,652.2000122070312,3342726,SHRIRAMFIN,NSE,yfinance,1d
2025-06-20,652.0,670.9000244140625,650.5,666.3499755859375,7441267,SHRIRAMFIN,NSE,yfinance,1d
2025-06-23,661.7999877929688,666.2000122070312,648.2999877929688,661.6500244140625,4243520,SHRIRAMFIN,NSE,yfinance,1d
2025-06-24,674.0,682.0,673.4000244140625,676.0499877929688,4823566,SHRIRAMFIN,NSE,yfinance,1d
2025-06-25,676.0499877929688,678.0,671.0,675.0999755859375,3211981,SHRIRAMFIN,NSE,yfinance,1d
2025-06-26,675.1500244140625,707.5499877929688,674.25,703.2000122070312,19068571,SHRIRAMFIN,NSE,yfinance,1d
2025-06-27,703.0499877929688,706.9000244140625,696.5999755859375,699.9500122070312,7554681,SHRIRAMFIN,NSE,yfinance,1d
2025-06-30,700.0,714.0,699.9000244140625,706.8499755859375,3721603,SHRIRAMFIN,NSE,yfinance,1d
2025-07-01,708.0,710.5499877929688,694.0,696.4500122070312,3524637,SHRIRAMFIN,NSE,yfinance,1d
2025-07-02,695.75,698.8499755859375,675.0,676.9000244140625,3288839,SHRIRAMFIN,NSE,yfinance,1d
2025-07-03,681.5999755859375,684.25,672.9500122070312,675.4000244140625,6014549,SHRIRAMFIN,NSE,yfinance,1d
2025-07-04,675.9500122070312,684.4000244140625,670.0,676.1500244140625,3843226,SHRIRAMFIN,NSE,yfinance,1d
2025-07-07,676.1500244140625,680.0,669.0,671.2999877929688,1770086,SHRIRAMFIN,NSE,yfinance,1d
2025-07-08,672.0,677.4000244140625,667.2999877929688,668.9500122070312,2820100,SHRIRAMFIN,NSE,yfinance,1d
2025-07-09,671.25,683.0,671.0,681.0499877929688,3560120,SHRIRAMFIN,NSE,yfinance,1d
2025-07-10,684.0,687.3499755859375,671.0,671.75,3035156,SHRIRAMFIN,NSE,yfinance,1d
2025-07-11,676.0,676.7000122070312,662.4000244140625,668.25,4931083,SHRIRAMFIN,NSE,yfinance,1d
2025-07-14,670.0,672.9000244140625,662.5,669.75,2832157,SHRIRAMFIN,NSE,yfinance,1d
2025-07-15,674.9000244140625,688.0,670.7000122070312,684.4500122070312,3786182,SHRIRAMFIN,NSE,yfinance,1d
2025-07-16,674.0,674.0,654.5,668.3499755859375,9358644,SHRIRAMFIN,NSE,yfinance,1d
2025-07-17,670.0,672.0,664.8499755859375,665.4500122070312,2671888,SHRIRAMFIN,NSE,yfinance,1d
2025-07-18,670.0,670.5,644.5,645.5,6570609,SHRIRAMFIN,NSE,yfinance,1d
2025-07-21,645.5,658.0,637.5,655.6500244140625,4980207,SHRIRAMFIN,NSE,yfinance,1d
2025-07-22,658.0,659.9000244140625,639.0,640.1500244140625,4671422,SHRIRAMFIN,NSE,yfinance,1d
2025-07-23,642.0,654.75,638.0499877929688,654.0499877929688,5191770,SHRIRAMFIN,NSE,yfinance,1d
2025-07-24,660.0,660.0,631.75,633.5499877929688,7248079,SHRIRAMFIN,NSE,yfinance,1d
2025-07-25,625.0,629.9500122070312,601.7000122070312,615.8499755859375,16922561,SHRIRAMFIN,NSE,yfinance,1d
2025-07-28,615.8499755859375,638.8499755859375,611.0499877929688,633.4500122070312,11583112,SHRIRAMFIN,NSE,yfinance,1d
2025-07-29,632.0,643.3499755859375,626.5499877929688,638.3499755859375,6858651,SHRIRAMFIN,NSE,yfinance,1d
2025-07-30,635.0,638.3499755859375,626.0999755859375,632.7999877929688,6024759,SHRIRAMFIN,NSE,yfinance,1d
2025-07-31,625.0,639.4500122070312,623.0499877929688,630.8499755859375,6481051,SHRIRAMFIN,NSE,yfinance,1d
2025-08-01,630.0,632.0,612.25,614.2000122070312,3528632,SHRIRAMFIN,NSE,yfinance,1d
2025-08-04,615.9000244140625,626.7999877929688,615.9000244140625,624.9000244140625,2955463,SHRIRAMFIN,NSE,yfinance,1d
2025-08-05,630.5,633.2000122070312,621.1500244140625,630.0999755859375,3996694,SHRIRAMFIN,NSE,yfinance,1d
2025-08-06,634.0,639.7999877929688,622.4000244140625,630.5999755859375,4763826,SHRIRAMFIN,NSE,yfinance,1d
2025-08-07,626.8499755859375,629.7999877929688,618.2999877929688,627.3499755859375,3482599,SHRIRAMFIN,NSE,yfinance,1d
2025-08-08,623.2999877929688,626.8499755859375,607.9500122070312,609.6500244140625,5493423,SHRIRAMFIN,NSE,yfinance,1d
2025-08-11,610.4500122070312,623.5,609.1500244140625,617.5999755859375,3348109,SHRIRAMFIN,NSE,yfinance,1d
2025-08-12,616.0,619.0,611.0,611.9000244140625,2787285,SHRIRAMFIN,NSE,yfinance,1d
2025-08-13,612.0499877929688,621.3499755859375,610.3499755859375,619.25,5325700,SHRIRAMFIN,NSE,yfinance,1d
2025-08-14,614.2999877929688,622.9000244140625,611.5,616.4500122070312,4279172,SHRIRAMFIN,NSE,yfinance,1d
2025-08-18,627.0,637.5,625.4500122070312,626.7999877929688,5265058,SHRIRAMFIN,NSE,yfinance,1d
2025-08-19,626.0,630.5499877929688,615.0999755859375,626.3499755859375,4765094,SHRIRAMFIN,NSE,yfinance,1d
2025-08-20,623.3499755859375,624.9500122070312,613.2999877929688,616.2999877929688,5710611,SHRIRAMFIN,NSE,yfinance,1d
2025-08-21,618.0,622.0,615.7999877929688,619.7999877929688,3993795,SHRIRAMFIN,NSE,yfinance,1d
2025-08-22,619.7999877929688,622.0,612.5499877929688,615.8499755859375,3496256,SHRIRAMFIN,NSE,yfinance,1d
2025-08-25,620.0,623.7999877929688,616.4000244140625,620.8499755859375,6850166,SHRIRAMFIN,NSE,yfinance,1d
2025-08-26,619.9000244140625,620.4500122070312,593.0999755859375,594.7000122070312,18048586,SHRIRAMFIN,NSE,yfinance,1d
2025-08-28,576.75,587.9500122070312,570.0,571.6500244140625,20025147,SHRIRAMFIN,NSE,yfinance,1d
2025-08-29,570.5,588.6500244140625,566.5,580.25,12236788,SHRIRAMFIN,NSE,yfinance,1d
2025-09-01,580.0,590.2000122070312,578.5999755859375,588.5999755859375,3886326,SHRIRAMFIN,NSE,yfinance,1d
2025-09-02,590.0,596.4000244140625,582.25,584.5999755859375,4136915,SHRIRAMFIN,NSE,yfinance,1d
2025-09-03,585.0,588.9000244140625,580.0,586.2999877929688,6612194,SHRIRAMFIN,NSE,yfinance,1d
2025-09-04,596.0,596.0,583.9000244140625,585.7999877929688,5054056,SHRIRAMFIN,NSE,yfinance,1d
2025-09-05,589.0,596.0,585.5999755859375,592.5,4166734,SHRIRAMFIN,NSE,yfinance,1d
2025-09-08,596.0,604.0,592.8499755859375,596.75,2968301,SHRIRAMFIN,NSE,yfinance,1d
2025-09-09,598.0,598.9500122070312,590.8499755859375,595.0,3947645,SHRIRAMFIN,NSE,yfinance,1d
2025-09-10,598.5999755859375,606.7999877929688,596.7000122070312,604.7999877929688,4708224,SHRIRAMFIN,NSE,yfinance,1d
2025-09-11,604.7999877929688,622.9000244140625,602.7999877929688,620.0499877929688,8412580,SHRIRAMFIN,NSE,yfinance,1d
2025-09-12,623.2000122070312,633.7000122070312,619.25,632.8499755859375,10816255,SHRIRAMFIN,NSE,yfinance,1d
2025-09-15,630.7999877929688,631.5999755859375,620.2000122070312,623.6500244140625,3643666,SHRIRAMFIN,NSE,yfinance,1d
2025-09-16,623.6500244140625,628.4000244140625,614.0999755859375,618.0999755859375,4759255,SHRIRAMFIN,NSE,yfinance,1d
2025-09-17,620.0,626.0,617.75,623.25,4633747,SHRIRAMFIN,NSE,yfinance,1d
2025-09-18,620.0,631.0,620.0,626.9000244140625,4675034,SHRIRAMFIN,NSE,yfinance,1d
2025-09-19,630.0,637.2999877929688,627.0999755859375,633.2000122070312,6415748,SHRIRAMFIN,NSE,yfinance,1d
2025-09-22,638.0,638.0,625.4500122070312,627.8499755859375,2712596,SHRIRAMFIN,NSE,yfinance,1d
2025-09-23,628.0,634.4000244140625,624.5,628.7999877929688,3586451,SHRIRAMFIN,NSE,yfinance,1d
2025-09-24,628.2000122070312,630.0,620.2999877929688,625.1500244140625,2129098,SHRIRAMFIN,NSE,yfinance,1d
2025-09-25,625.1500244140625,626.0,610.7999877929688,612.7000122070312,4280161,SHRIRAMFIN,NSE,yfinance,1d
2025-09-26,610.0,617.4000244140625,603.75,606.0499877929688,3958021,SHRIRAMFIN,NSE,yfinance,1d
2025-09-29,608.9000244140625,615.5,603.1500244140625,611.7999877929688,4098133,SHRIRAMFIN,NSE,yfinance,1d
2025-09-30,611.7999877929688,620.7000122070312,611.1500244140625,616.0999755859375,5882401,SHRIRAMFIN,NSE,yfinance,1d
2025-10-01,616.0499877929688,649.9500122070312,616.0499877929688,648.7000122070312,15107673,SHRIRAMFIN,NSE,yfinance,1d
2025-10-03,645.0,650.0,636.0,645.7999877929688,7200543,SHRIRAMFIN,NSE,yfinance,1d
2025-10-06,646.5,675.5,646.5,671.4500122070312,10343487,SHRIRAMFIN,NSE,yfinance,1d
2025-10-07,670.2000122070312,673.0,663.5,666.7999877929688,3729360,SHRIRAMFIN,NSE,yfinance,1d
2025-10-08,662.0,673.2999877929688,662.0,666.9000244140625,2870458,SHRIRAMFIN,NSE,yfinance,1d
2025-10-09,666.9000244140625,672.0,660.0,669.0499877929688,2274108,SHRIRAMFIN,NSE,yfinance,1d
2025-10-10,669.0,671.4000244140625,663.0,665.0499877929688,2480723,SHRIRAMFIN,NSE,yfinance,1d
2025-10-13,660.0,674.2000122070312,658.75,672.1500244140625,2469940,SHRIRAMFIN,NSE,yfinance,1d
2025-10-14,675.0499877929688,680.9500122070312,667.0,674.4500122070312,4731724,SHRIRAMFIN,NSE,yfinance,1d
2025-10-15,675.5,682.4000244140625,672.5499877929688,677.1500244140625,4687947,SHRIRAMFIN,NSE,yfinance,1d
2025-10-16,676.8499755859375,683.75,662.25,672.5,5309779,SHRIRAMFIN,NSE,yfinance,1d
2025-10-17,672.2000122070312,679.6500244140625,670.0999755859375,675.5,3516617,SHRIRAMFIN,NSE,yfinance,1d
2025-10-20,678.4000244140625,698.6500244140625,678.0999755859375,693.9500122070312,6170486,SHRIRAMFIN,NSE,yfinance,1d
2025-10-21,695.5,697.5,690.2999877929688,695.25,674998,SHRIRAMFIN,NSE,yfinance,1d
2025-10-23,695.25,717.75,695.25,709.6500244140625,8911040,SHRIRAMFIN,NSE,yfinance,1d
2025-10-24,711.0499877929688,723.3499755859375,711.0499877929688,715.4500122070312,6036751,SHRIRAMFIN,NSE,yfinance,1d
2025-10-27,721.0,730.2999877929688,718.25,719.5999755859375,8133230,SHRIRAMFIN,NSE,yfinance,1d
2025-10-28,719.5,726.8499755859375,710.25,723.7000122070312,7071903,SHRIRAMFIN,NSE,yfinance,1d
2025-10-29,723.7000122070312,741.9000244140625,717.4000244140625,738.4500122070312,10246214,SHRIRAMFIN,NSE,yfinance,1d
2025-10-30,738.5,747.8499755859375,733.1500244140625,738.25,6357608,SHRIRAMFIN,NSE,yfinance,1d
2025-10-31,733.4500122070312,769.7999877929688,727.0,748.9000244140625,18363853,SHRIRAMFIN,NSE,yfinance,1d
2025-11-03,762.7999877929688,799.9000244140625,758.5,796.4500122070312,26222030,SHRIRAMFIN,NSE,yfinance,1d
2025-11-04,792.4500122070312,814.1500244140625,792.25,796.5,8543137,SHRIRAMFIN,NSE,yfinance,1d
2025-11-06,792.5999755859375,800.5999755859375,785.0,792.5,10930939,SHRIRAMFIN,NSE,yfinance,1d
2025-11-07,792.5,820.0,780.7999877929688,816.3499755859375,9765252,SHRIRAMFIN,NSE,yfinance,1d
2025-11-10,822.0,830.7000122070312,816.6500244140625,821.0999755859375,8623863,SHRIRAMFIN,NSE,yfinance,1d
2025-11-11,821.0999755859375,833.2999877929688,804.0499877929688,832.2999877929688,7336169,SHRIRAMFIN,NSE,yfinance,1d
2025-11-12,832.2999877929688,838.6500244140625,821.4000244140625,822.5,4239741,SHRIRAMFIN,NSE,yfinance,1d
2025-11-13,826.0,826.3499755859375,809.75,814.0,6048569,SHRIRAMFIN,NSE,yfinance,1d
2025-11-14,809.5,817.9500122070312,803.9000244140625,809.2999877929688,5672058,SHRIRAMFIN,NSE,yfinance,1d
2025-11-17,809.0,828.3499755859375,808.5999755859375,817.9000244140625,7386312,SHRIRAMFIN,NSE,yfinance,1d
2025-11-18,820.0,827.7000122070312,810.0,820.2000122070312,6684086,SHRIRAMFIN,NSE,yfinance,1d
2025-11-19,824.1500244140625,826.7000122070312,815.7999877929688,818.0499877929688,3711577,SHRIRAMFIN,NSE,yfinance,1d
2025-11-20,822.0,828.7000122070312,816.5,826.5999755859375,3187958,SHRIRAMFIN,NSE,yfinance,1d
2025-11-21,825.0,832.0,810.5999755859375,823.2999877929688,3831244,SHRIRAMFIN,NSE,yfinance,1d
2025-11-24,825.0,839.5,821.0999755859375,828.2000122070312,8140579,SHRIRAMFIN,NSE,yfinance,1d
2025-11-25,828.2000122070312,841.8499755859375,827.2000122070312,838.25,5418151,SHRIRAMFIN,NSE,yfinance,1d
2025-11-26,841.9500122070312,858.8499755859375,838.2999877929688,856.5999755859375,7052927,SHRIRAMFIN,NSE,yfinance,1d
2025-11-27,860.0,869.5,857.25,867.6500244140625,6752154,SHRIRAMFIN,NSE,yfinance,1d
2025-11-28,870.0499877929688,872.0,848.75,851.6500244140625,8198342,SHRIRAMFIN,NSE,yfinance,1d
2025-12-01,857.8499755859375,865.0,849.4500122070312,851.5499877929688,6330770,SHRIRAMFIN,NSE,yfinance,1d
2025-12-02,855.75,855.9500122070312,840.7999877929688,843.4000244140625,5587375,SHRIRAMFIN,NSE,yfinance,1d
2025-12-03,843.4000244140625,846.4500122070312,818.9500122070312,828.0999755859375,9931005,SHRIRAMFIN,NSE,yfinance,1d
2025-12-04,830.4500122070312,836.0,821.0,828.1500244140625,11436899,SHRIRAMFIN,NSE,yfinance,1d
2025-12-05,828.1500244140625,857.0,828.1500244140625,854.9000244140625,12137708,SHRIRAMFIN,NSE,yfinance,1d
2025-12-08,858.5,858.8499755859375,831.0,834.25,4117973,SHRIRAMFIN,NSE,yfinance,1d
2025-12-09,830.0,849.0,817.7999877929688,846.7000122070312,5737027,SHRIRAMFIN,NSE,yfinance,1d
2025-12-10,846.0,855.7999877929688,833.2999877929688,837.25,3699625,SHRIRAMFIN,NSE,yfinance,1d
2025-12-11,841.7999877929688,850.5999755859375,835.7000122070312,847.1500244140625,4213992,SHRIRAMFIN,NSE,yfinance,1d
2025-12-12,852.0,854.75,841.5,848.0,6036788,SHRIRAMFIN,NSE,yfinance,1d
2025-12-15,852.0,870.5999755859375,845.8499755859375,855.3499755859375,7193809,SHRIRAMFIN,NSE,yfinance,1d
2025-12-16,855.3499755859375,856.6500244140625,843.0,848.4000244140625,5171831,SHRIRAMFIN,NSE,yfinance,1d
2025-12-17,856.0,875.4500122070312,855.0,864.2000122070312,11621162,SHRIRAMFIN,NSE,yfinance,1d
2025-12-18,868.5,876.9000244140625,861.7999877929688,869.4500122070312,12481529,SHRIRAMFIN,NSE,yfinance,1d
2025-12-19,869.0,913.5,850.5,901.7000122070312,35297309,SHRIRAMFIN,NSE,yfinance,1d
2025-12-22,919.0,949.7999877929688,915.0,934.8499755859375,31894463,SHRIRAMFIN,NSE,yfinance,1d
2025-12-23,938.7000122070312,959.9500122070312,931.7000122070312,957.7999877929688,14632455,SHRIRAMFIN,NSE,yfinance,1d
2025-12-24,958.0,983.7000122070312,958.0,973.7000122070312,10574513,SHRIRAMFIN,NSE,yfinance,1d
2025-12-26,976.5499877929688,978.75,956.7000122070312,960.25,4739099,SHRIRAMFIN,NSE,yfinance,1d
2025-12-29,963.0,966.0,949.2000122070312,955.5,4897735,SHRIRAMFIN,NSE,yfinance,1d
2025-12-30,960.9500122070312,984.5999755859375,960.9500122070312,979.4000244140625,17757531,SHRIRAMFIN,NSE,yfinance,1d
2025-12-31,983.0,1000.2000122070312,979.4000244140625,996.2000122070312,9795995,SHRIRAMFIN,NSE,yfinance,1d
2026-01-01,996.2000122070312,1025.5999755859375,996.0,1019.7000122070312,4289057,SHRIRAMFIN,NSE,yfinance,1d
2026-01-02,1024.75,1025.0,1007.2000122070312,1010.3499755859375,5264026,SHRIRAMFIN,NSE,yfinance,1d
2026-01-05,1013.5,1014.7999877929688,994.6500244140625,1003.3499755859375,4603571,SHRIRAMFIN,NSE,yfinance,1d
2026-01-06,1002.5,1011.75,992.4500122070312,1002.6500244140625,4352915,SHRIRAMFIN,NSE,yfinance,1d
2026-01-07,996.0499877929688,1003.0999755859375,990.25,995.8499755859375,4191098,SHRIRAMFIN,NSE,yfinance,1d
2026-01-08,1001.4000244140625,1002.5499877929688,981.0999755859375,992.9000244140625,3804564,SHRIRAMFIN,NSE,yfinance,1d
2026-01-09,987.0,993.2000122070312,961.0,975.4000244140625,6949168,SHRIRAMFIN,NSE,yfinance,1d
2026-01-12,979.0,985.6500244140625,962.4500122070312,972.7999877929688,5510203,SHRIRAMFIN,NSE,yfinance,1d
2026-01-13,975.0,987.6500244140625,969.2000122070312,979.0499877929688,3860197,SHRIRAMFIN,NSE,yfinance,1d
2026-01-14,980.0,990.5,970.4000244140625,981.0999755859375,3846614,SHRIRAMFIN,NSE,yfinance,1d
2026-01-15,981.0999755859375,981.0999755859375,981.0999755859375,981.0999755859375,0,SHRIRAMFIN,NSE,yfinance,1d
2026-01-16,981.0,1022.0,981.0,995.4500122070312,13316550,SHRIRAMFIN,NSE,yfinance,1d
2026-01-19,1002.0,1014.5,991.2000122070312,1010.3499755859375,4908985,SHRIRAMFIN,NSE,yfinance,1d
2026-01-20,1005.0,1008.0499877929688,983.0,987.5,6129218,SHRIRAMFIN,NSE,yfinance,1d
2026-01-21,982.5499877929688,997.5,972.5499877929688,986.0,7042588,SHRIRAMFIN,NSE,yfinance,1d
2026-01-22,995.0499877929688,1009.7000122070312,986.0999755859375,1005.5,7210572,SHRIRAMFIN,NSE,yfinance,1d
2026-01-23,1010.0,1020.8499755859375,973.6500244140625,1003.5499877929688,9023942,SHRIRAMFIN,NSE,yfinance,1d
2026-01-27,1011.2000122070312,1019.9500122070312,984.2000122070312,1001.0499877929688,7984660,SHRIRAMFIN,NSE,yfinance,1d
2026-01-28,1002.0,1020.7000122070312,999.5,1018.7999877929688,5587231,SHRIRAMFIN,NSE,yfinance,1d
2026-01-29,1022.4000244140625,1028.4000244140625,1006.1500244140625,1022.7999877929688,6653822,SHRIRAMFIN,NSE,yfinance,1d
2026-01-30,1025.0,1029.300048828125,1010.1500244140625,1020.0,6464610,SHRIRAMFIN,NSE,yfinance,1d
2026-02-02,990.2000122070312,992.7000122070312,939.0,962.0999755859375,13566710,SHRIRAMFIN,NSE,yfinance,1d
2026-02-03,1013.0,1041.5,997.2000122070312,1000.4000244140625,9880727,SHRIRAMFIN,NSE,yfinance,1d
2026-02-04,1010.4000244140625,1011.2000122070312,995.5,998.7999877929688,4402517,SHRIRAMFIN,NSE,yfinance,1d
2026-02-05,995.5,998.0,972.4000244140625,992.0,5775866,SHRIRAMFIN,NSE,yfinance,1d
2026-02-06,994.0,1005.0,972.9000244140625,1002.5,3270421,SHRIRAMFIN,NSE,yfinance,1d
2026-02-09,1005.0,1067.800048828125,1003.4000244140625,1062.699951171875,8667620,SHRIRAMFIN,NSE,yfinance,1d
2026-02-10,1064.9000244140625,1066.800048828125,1036.5,1048.5999755859375,4345362,SHRIRAMFIN,NSE,yfinance,1d
2026-02-11,1053.0,1059.300048828125,1041.5,1056.800048828125,4898578,SHRIRAMFIN,NSE,yfinance,1d
2026-02-12,1053.5,1087.0999755859375,1049.699951171875,1082.800048828125,8462756,SHRIRAMFIN,NSE,yfinance,1d
2026-02-13,1081.800048828125,1086.0,1060.0,1065.800048828125,4555743,SHRIRAMFIN,NSE,yfinance,1d
2026-02-16,1065.800048828125,1088.300048828125,1052.800048828125,1085.4000244140625,5096496,SHRIRAMFIN,NSE,yfinance,1d
2026-02-17,1080.0,1081.9000244140625,1060.0,1075.0,2832145,SHRIRAMFIN,NSE,yfinance,1d
2026-02-18,1076.199951171875,1087.0999755859375,1072.0999755859375,1076.199951171875,2470593,SHRIRAMFIN,NSE,yfinance,1d
2026-02-19,1078.0,1078.0,1048.0999755859375,1054.699951171875,2576169,SHRIRAMFIN,NSE,yfinance,1d
2026-02-20,1056.800048828125,1066.0,1044.5999755859375,1059.300048828125,2295049,SHRIRAMFIN,NSE,yfinance,1d
2026-02-23,1072.800048828125,1077.5,1056.9000244140625,1064.699951171875,2423932,SHRIRAMFIN,NSE,yfinance,1d
2026-02-24,1064.699951171875,1066.0,1050.199951171875,1061.699951171875,2464507,SHRIRAMFIN,NSE,yfinance,1d
2026-02-25,1065.0,1095.0,1055.800048828125,1085.9000244140625,3115583,SHRIRAMFIN,NSE,yfinance,1d
2026-02-26,1089.0,1108.0,1085.0999755859375,1104.5999755859375,5231414,SHRIRAMFIN,NSE,yfinance,1d
2026-02-27,1099.0,1103.9000244140625,1073.300048828125,1079.4000244140625,5601117,SHRIRAMFIN,NSE,yfinance,1d
2026-03-02,1044.0,1071.0,1038.0,1052.5,6717872,SHRIRAMFIN,NSE,yfinance,1d
2026-03-04,1042.300048828125,1042.5,987.4000244140625,1010.0,9200897,SHRIRAMFIN,NSE,yfinance,1d
2026-03-05,1022.2999877929688,1046.4000244140625,1018.2999877929688,1039.5,5051614,SHRIRAMFIN,NSE,yfinance,1d
2026-03-06,1043.9000244140625,1052.0,1000.0,1007.5,8166989,SHRIRAMFIN,NSE,yfinance,1d
2026-03-09,957.5,993.0,934.2000122070312,987.2000122070312,11999852,SHRIRAMFIN,NSE,yfinance,1d
2026-03-10,1010.0,1068.300048828125,1006.7000122070312,1062.9000244140625,14297519,SHRIRAMFIN,NSE,yfinance,1d
2026-03-11,1062.9000244140625,1077.9000244140625,1028.699951171875,1031.699951171875,10731059,SHRIRAMFIN,NSE,yfinance,1d
2026-03-12,1021.0999755859375,1046.699951171875,1006.0999755859375,1031.699951171875,7054662,SHRIRAMFIN,NSE,yfinance,1d
2026-03-13,1021.2999877929688,1028.0,994.7000122070312,1003.5999755859375,6562852,SHRIRAMFIN,NSE,yfinance,1d
2026-03-16,990.0,1002.9000244140625,969.2999877929688,992.0,10476354,SHRIRAMFIN,NSE,yfinance,1d
2026-03-17,999.9000244140625,1012.0,983.2000122070312,1004.5999755859375,4175225,SHRIRAMFIN,NSE,yfinance,1d
2026-03-18,1013.2999877929688,1028.9000244140625,1008.5,1021.5999755859375,3915253,SHRIRAMFIN,NSE,yfinance,1d
2026-03-19,1000.0,1000.0,946.2999877929688,949.7999877929688,11956347,SHRIRAMFIN,NSE,yfinance,1d
2026-03-20,962.0,966.9000244140625,922.2999877929688,938.5999755859375,28550627,SHRIRAMFIN,NSE,yfinance,1d
2026-03-23,930.0,930.0999755859375,870.2000122070312,877.7000122070312,10556865,SHRIRAMFIN,NSE,yfinance,1d
2026-03-24,907.0,931.9000244140625,896.2000122070312,903.5999755859375,13359073,SHRIRAMFIN,NSE,yfinance,1d
2026-03-25,919.0,965.0,917.2999877929688,956.0,14265748,SHRIRAMFIN,NSE,yfinance,1d
2026-03-27,950.0,951.0,900.0,903.7999877929688,12238678,SHRIRAMFIN,NSE,yfinance,1d
2026-03-30,888.0,896.2999877929688,867.0,872.0999755859375,10949179,SHRIRAMFIN,NSE,yfinance,1d
2026-04-01,915.5999755859375,926.2999877929688,895.75,900.5499877929688,11752172,SHRIRAMFIN,NSE,yfinance,1d
2026-04-02,876.0,895.0,863.4500122070312,891.5999755859375,7230236,SHRIRAMFIN,NSE,yfinance,1d
2026-04-06,895.0,931.0,885.6500244140625,928.0,5898399,SHRIRAMFIN,NSE,yfinance,1d
2026-04-07,920.0,932.4000244140625,910.0499877929688,930.6500244140625,5503677,SHRIRAMFIN,NSE,yfinance,1d
2026-04-08,975.0,1035.449951171875,975.0,1023.2000122070312,18256527,SHRIRAMFIN,NSE,yfinance,1d
2026-04-09,1010.0999755859375,1015.0,990.4500122070312,996.2999877929688,7668209,SHRIRAMFIN,NSE,yfinance,1d
2026-04-10,1016.0999755859375,1031.0,1011.25,1027.550048828125,8048521,SHRIRAMFIN,NSE,yfinance,1d
2026-04-13,1000.1500244140625,1015.5,988.7999877929688,1004.0999755859375,8242484,SHRIRAMFIN,NSE,yfinance,1d
2026-04-15,1030.0,1043.5,1016.4500122070312,1020.9500122070312,7869459,SHRIRAMFIN,NSE,yfinance,1d
2026-04-16,1026.0999755859375,1034.3499755859375,1015.3499755859375,1022.75,5716035,SHRIRAMFIN,NSE,yfinance,1d
2026-04-17,1022.0,1039.5,1013.1500244140625,1036.949951171875,4345572,SHRIRAMFIN,NSE,yfinance,1d
2026-04-20,1040.0,1049.949951171875,1026.0,1045.1500244140625,4670588,SHRIRAMFIN,NSE,yfinance,1d
2026-04-21,1054.0,1062.699951171875,1039.25,1045.300048828125,5699181,SHRIRAMFIN,NSE,yfinance,1d
2026-04-22,1050.0,1053.699951171875,1029.4000244140625,1044.550048828125,4404420,SHRIRAMFIN,NSE,yfinance,1d
2026-04-23,1044.9000244140625,1044.9000244140625,1006.3499755859375,1009.2999877929688,4658783,SHRIRAMFIN,NSE,yfinance,1d
2026-04-24,1006.9500122070312,1030.4000244140625,983.5499877929688,1011.2999877929688,9263466,SHRIRAMFIN,NSE,yfinance,1d
2026-04-27,1011.2999877929688,1012.0,963.75,974.6500244140625,15096574,SHRIRAMFIN,NSE,yfinance,1d
2026-04-28,974.5,979.75,949.2999877929688,953.25,6752420,SHRIRAMFIN,NSE,yfinance,1d
2026-04-29,965.0,975.2999877929688,954.9000244140625,956.8499755859375,5829309,SHRIRAMFIN,NSE,yfinance,1d
2026-04-30,945.2000122070312,950.0,921.0,937.3499755859375,5990764,SHRIRAMFIN,NSE,yfinance,1d
2026-05-01,937.3499755859375,937.3499755859375,937.3499755859375,937.3499755859375,0,SHRIRAMFIN,NSE,yfinance,1d
2026-05-04,942.0,969.0,942.0,960.4500122070312,4018048,SHRIRAMFIN,NSE,yfinance,1d
2026-05-05,955.6500244140625,966.9000244140625,937.2999877929688,964.4000244140625,4029508,SHRIRAMFIN,NSE,yfinance,1d
2026-05-06,980.0,1007.4500122070312,976.0499877929688,1004.0999755859375,5858946,SHRIRAMFIN,NSE,yfinance,1d
2026-05-07,1009.0,1023.75,1002.0499877929688,1015.6500244140625,4848929,SHRIRAMFIN,NSE,yfinance,1d
2026-05-08,1013.0,1013.3499755859375,1001.25,1007.75,5755029,SHRIRAMFIN,NSE,yfinance,1d
2026-05-11,990.0,990.8499755859375,970.4500122070312,975.9500122070312,5927270,SHRIRAMFIN,NSE,yfinance,1d
2026-05-12,971.0,979.9500122070312,925.9500122070312,930.4500122070312,8674062,SHRIRAMFIN,NSE,yfinance,1d
2026-05-13,925.2000122070312,938.4000244140625,915.0,920.5499877929688,10747950,SHRIRAMFIN,NSE,yfinance,1d
2026-05-14,929.9000244140625,941.6500244140625,901.2999877929688,935.0999755859375,9220462,SHRIRAMFIN,NSE,yfinance,1d
2026-05-15,921.0,945.9000244140625,921.0,937.9000244140625,5759607,SHRIRAMFIN,NSE,yfinance,1d
2026-05-18,923.7999877929688,937.6500244140625,911.0,933.7000122070312,5232089,SHRIRAMFIN,NSE,yfinance,1d
2026-05-19,940.0,941.8499755859375,924.7000122070312,927.3499755859375,3216479,SHRIRAMFIN,NSE,yfinance,1d
2026-05-20,920.0,925.4500122070312,913.0,923.4500122070312,5764449,SHRIRAMFIN,NSE,yfinance,1d
2026-05-21,935.0,941.9000244140625,910.0,914.75,4598094,SHRIRAMFIN,NSE,yfinance,1d
2026-05-22,916.25,944.25,913.1500244140625,941.0,5414742,SHRIRAMFIN,NSE,yfinance,1d
2026-05-25,956.9500122070312,970.5,956.9000244140625,961.9500122070312,6256205,SHRIRAMFIN,NSE,yfinance,1d
2026-05-26,961.0,965.5999755859375,948.5999755859375,952.1500244140625,4350923,SHRIRAMFIN,NSE,yfinance,1d
2026-05-27,947.0499877929688,968.0999755859375,946.5999755859375,963.2000122070312,3592277,SHRIRAMFIN,NSE,yfinance,1d
2026-05-28,963.2000122070312,963.2000122070312,963.2000122070312,963.2000122070312,0,SHRIRAMFIN,NSE,yfinance,1d
2026-05-29,961.0,975.5499877929688,942.9000244140625,947.1500244140625,11248568,SHRIRAMFIN,NSE,yfinance,1d
2026-06-01,950.0499877929688,953.8499755859375,916.4000244140625,919.0499877929688,8308513,SHRIRAMFIN,NSE,yfinance,1d
2026-06-02,908.5999755859375,917.9500122070312,900.2000122070312,911.7000122070312,7610958,SHRIRAMFIN,NSE,yfinance,1d
2026-06-03,912.6500244140625,915.9000244140625,888.9000244140625,912.9500122070312,6951317,SHRIRAMFIN,NSE,yfinance,1d
2026-06-04,907.9500122070312,919.9000244140625,903.0499877929688,915.7999877929688,3666582,SHRIRAMFIN,NSE,yfinance,1d
2026-06-05,920.0999755859375,944.9000244140625,916.1500244140625,923.2999877929688,5769377,SHRIRAMFIN,NSE,yfinance,1d
2026-06-08,909.0,911.3499755859375,892.0999755859375,896.6500244140625,4584431,SHRIRAMFIN,NSE,yfinance,1d
2026-06-09,908.4000244140625,915.0,896.75,911.7000122070312,5892611,SHRIRAMFIN,NSE,yfinance,1d
2026-06-10,907.8499755859375,914.75,894.2000122070312,897.3499755859375,4026258,SHRIRAMFIN,NSE,yfinance,1d
2026-06-11,893.9500122070312,896.2999877929688,879.0999755859375,886.25,4640157,SHRIRAMFIN,NSE,yfinance,1d
2026-06-12,908.0,959.0999755859375,901.5999755859375,954.9500122070312,9760441,SHRIRAMFIN,NSE,yfinance,1d
2026-06-15,1005.0,1009.5,988.0,1000.6500244140625,12251483,SHRIRAMFIN,NSE,yfinance,1d
2026-06-16,998.0,1010.0499877929688,992.0499877929688,1005.75,4544903,SHRIRAMFIN,NSE,yfinance,1d
2026-06-17,1005.0,1015.75,1001.9500122070312,1007.5,4353419,SHRIRAMFIN,NSE,yfinance,1d
2026-06-18,1010.0,1017.2999877929688,998.25,1002.7000122070312,3364449,SHRIRAMFIN,NSE,yfinance,1d
2026-06-19,1001.6500244140625,1007.7000122070312,992.2999877929688,1001.9000244140625,2611538,SHRIRAMFIN,NSE,yfinance,1d
2026-06-22,1003.9500122070312,1005.75,983.7999877929688,992.8499755859375,4287218,SHRIRAMFIN,NSE,yfinance,1d
2026-06-23,984.5,1007.7000122070312,984.5,993.3499755859375,2904186,SHRIRAMFIN,NSE,yfinance,1d
2026-06-24,993.3499755859375,1029.3499755859375,980.5499877929688,1019.0,7885319,SHRIRAMFIN,NSE,yfinance,1d
2026-06-25,1030.0,1052.0,1026.0,1031.800048828125,8924791,SHRIRAMFIN,NSE,yfinance,1d
2026-06-26,1031.800048828125,1031.800048828125,1031.800048828125,1031.800048828125,0,SHRIRAMFIN,NSE,yfinance,1d
2026-06-29,1036.949951171875,1055.4000244140625,1029.75,1032.6500244140625,11369236,SHRIRAMFIN,NSE,yfinance,1d
2026-06-30,1032.6500244140625,1048.0,1030.25,1042.1500244140625,5218792,SHRIRAMFIN,NSE,yfinance,1d
2026-07-01,1050.0,1058.5999755859375,1038.0,1048.0999755859375,4722961,SHRIRAMFIN,NSE,yfinance,1d
2026-07-02,1052.0,1071.0,1048.199951171875,1066.699951171875,5736423,SHRIRAMFIN,NSE,yfinance,1d
2026-07-03,1081.5,1081.5,1060.0999755859375,1063.5999755859375,3603167,SHRIRAMFIN,NSE,yfinance,1d
2026-07-06,1065.9000244140625,1076.0,1057.800048828125,1062.300048828125,4018215,SHRIRAMFIN,NSE,yfinance,1d
2026-07-07,1070.0,1087.300048828125,1058.699951171875,1066.800048828125,8356697,SHRIRAMFIN,NSE,yfinance,1d
2026-07-08,1058.0,1058.0,1005.0,1014.4000244140625,6535773,SHRIRAMFIN,NSE,yfinance,1d
2026-07-09,1019.4000244140625,1039.800048828125,1015.0,1031.699951171875,3984489,SHRIRAMFIN,NSE,yfinance,1d
2026-07-10,1049.0,1052.0,1039.0,1044.0999755859375,2773485,SHRIRAMFIN,NSE,yfinance,1d
2026-07-13,1019.9000244140625,1053.0999755859375,1017.0,1048.0999755859375,3212203,SHRIRAMFIN,NSE,yfinance,1d
2026-07-14,1040.0,1042.300048828125,1007.0,1013.9000244140625,6517181,SHRIRAMFIN,NSE,yfinance,1d
2026-07-15,1028.0,1049.0,1025.199951171875,1033.800048828125,7089054,SHRIRAMFIN,NSE,yfinance,1d
2026-07-16,1035.800048828125,1040.0,1020.0999755859375,1024.4000244140625,2703222,SHRIRAMFIN,NSE,yfinance,1d
2026-07-17,1025.4000244140625,1038.9000244140625,1022.0,1034.9000244140625,3328041,SHRIRAMFIN,NSE,yfinance,1d
2026-07-20,1040.0,1040.0,1018.0,1035.4000244140625,3238784,SHRIRAMFIN,NSE,yfinance,1d
2026-07-21,1036.0,1067.4000244140625,1031.0,1061.5,7633092,SHRIRAMFIN,NSE,yfinance,1d
2026-07-22,1058.0,1065.0,1046.800048828125,1058.800048828125,3460386,SHRIRAMFIN,NSE,yfinance,1d
2026-07-23,1057.800048828125,1079.0,1022.2999877929688,1025.800048828125,6335830,SHRIRAMFIN,NSE,yfinance,1d
2026-07-24,1018.0999755859375,1051.0,992.9000244140625,1005.0999755859375,11775846,SHRIRAMFIN,NSE,yfinance,1d
2026-07-27,1020.0,1040.0,1002.2000122070312,1038.199951171875,9459410,SHRIRAMFIN,NSE,yfinance,1d
2026-07-28,1045.0,1049.9000244140625,1036.4000244140625,1040.9000244140625,7160194,SHRIRAMFIN,NSE,yfinance,1d
2026-07-29,1050.0,1052.800048828125,1034.0999755859375,1044.699951171875,4160322,SHRIRAMFIN,NSE,yfinance,1d
2026-07-30,1038.0,1051.0,1019.5,1027.199951171875,5425880,SHRIRAMFIN,NSE,yfinance,1d
2026-07-31,1029.199951171875,1054.5999755859375,1029.0999755859375,1046.699951171875,6318223,SHRIRAMFIN,NSE,yfinance,1d
2026-08-03,1058.0,1095.0,1051.5999755859375,1090.199951171875,7047761,SHRIRAMFIN,NSE,yfinance,1d
2026-08-04,1080.0,1091.699951171875,1075.0999755859375,1087.300048828125,3516949,SHRIRAMFIN,NSE,yfinance,1d
2026-08-05,1097.699951171875,1122.4000244140625,1092.699951171875,1122.4000244140625,6684889,SHRIRAMFIN,NSE,yfinance,1d
2026-08-06,1130.0,1153.699951171875,1120.0,1141.0,12605459,SHRIRAMFIN,NSE,yfinance,1d
2026-08-07,1134.0,1134.0,1109.0,1115.0,3239689,SHRIRAMFIN,NSE,yfinance,1d
2026-08-10,1115.0,1139.199951171875,1106.0999755859375,1137.800048828125,3535895,SHRIRAMFIN,NSE,yfinance,1d
2026-08-11,1135.800048828125,1135.800048828125,1121.199951171875,1129.9000244140625,3789090,SHRIRAMFIN,NSE,yfinance,1d
2026-08-12,1135.5,1135.5,1117.0,1117.199951171875,3582194,SHRIRAMFIN,NSE,yfinance,1d
2026-08-13,1135.0,1149.0,1124.300048828125,1132.300048828125,3757182,SHRIRAMFIN,NSE,yfinance,1d
2026-08-14,1130.0,1134.9000244140625,1118.0,1122.0,2463317,SHRIRAMFIN,NSE,yfinance,1d
