date,open,high,low,close,volume,symbol,exchange,source,interval
2021-08-16,3460.0,3494.35009765625,3436.5,3472.949951171875,2083489,TCS,NSE,yfinance,1d
2021-08-17,3482.10009765625,3560.800048828125,3463.0,3553.050048828125,4336019,TCS,NSE,yfinance,1d
2021-08-18,3573.85009765625,3595.0,3536.60009765625,3560.550048828125,2631309,TCS,NSE,yfinance,1d
2021-08-20,3506.0,3575.0,3500.0,3559.5,2836148,TCS,NSE,yfinance,1d
2021-08-23,3580.0,3673.0,3561.89990234375,3637.39990234375,3744176,TCS,NSE,yfinance,1d
2021-08-24,3657.0,3667.35009765625,3594.39990234375,3613.199951171875,2511141,TCS,NSE,yfinance,1d
2021-08-25,3610.0,3697.75,3607.050048828125,3659.0,2123263,TCS,NSE,yfinance,1d
2021-08-26,3660.0,3687.60009765625,3647.89990234375,3671.85009765625,1902533,TCS,NSE,yfinance,1d
2021-08-27,3666.0,3729.5,3651.10009765625,3720.14990234375,3944728,TCS,NSE,yfinance,1d
2021-08-30,3715.0,3740.35009765625,3687.60009765625,3701.300048828125,2033114,TCS,NSE,yfinance,1d
2021-08-31,3709.39990234375,3804.10009765625,3703.449951171875,3786.449951171875,3207480,TCS,NSE,yfinance,1d
2021-09-01,3796.0,3816.699951171875,3707.0,3714.949951171875,2643336,TCS,NSE,yfinance,1d
2021-09-02,3734.0,3859.14990234375,3722.0,3836.75,3403717,TCS,NSE,yfinance,1d
2021-09-03,3825.0,3856.89990234375,3804.550048828125,3842.050048828125,1746812,TCS,NSE,yfinance,1d
2021-09-06,3849.699951171875,3877.60009765625,3814.0,3852.0,1723693,TCS,NSE,yfinance,1d
2021-09-07,3864.0,3869.949951171875,3808.25,3815.89990234375,1585039,TCS,NSE,yfinance,1d
2021-09-08,3810.0,3815.0,3756.0,3774.14990234375,4147175,TCS,NSE,yfinance,1d
2021-09-09,3789.699951171875,3808.699951171875,3765.0,3791.39990234375,1441148,TCS,NSE,yfinance,1d
2021-09-13,3767.0,3852.39990234375,3767.0,3845.35009765625,1691473,TCS,NSE,yfinance,1d
2021-09-14,3849.949951171875,3896.5,3825.0,3885.89990234375,1991188,TCS,NSE,yfinance,1d
2021-09-15,3882.10009765625,3980.0,3866.0,3954.550048828125,2461369,TCS,NSE,yfinance,1d
2021-09-16,3930.0,3981.75,3892.10009765625,3903.300048828125,2946666,TCS,NSE,yfinance,1d
2021-09-17,3920.0,3945.0,3805.0,3827.85009765625,6477148,TCS,NSE,yfinance,1d
2021-09-20,3809.0,3871.0,3807.85009765625,3823.5,2002008,TCS,NSE,yfinance,1d
2021-09-21,3858.0,3871.550048828125,3821.64990234375,3862.949951171875,1568129,TCS,NSE,yfinance,1d
2021-09-22,3862.5,3896.85009765625,3852.449951171875,3862.14990234375,1744067,TCS,NSE,yfinance,1d
2021-09-23,3870.0,3879.0,3835.0,3869.25,2003869,TCS,NSE,yfinance,1d
2021-09-24,3890.0,3944.39990234375,3855.0,3871.300048828125,2320754,TCS,NSE,yfinance,1d
2021-09-27,3900.0,3904.0,3802.89990234375,3836.949951171875,1673362,TCS,NSE,yfinance,1d
2021-09-28,3850.0,3850.0,3751.25,3779.14990234375,2253075,TCS,NSE,yfinance,1d
2021-09-29,3759.800048828125,3806.0,3722.14990234375,3791.89990234375,2489161,TCS,NSE,yfinance,1d
2021-09-30,3805.0,3805.0,3750.10009765625,3775.550048828125,2252412,TCS,NSE,yfinance,1d
2021-10-01,3781.75,3810.0,3725.0,3730.199951171875,1578374,TCS,NSE,yfinance,1d
2021-10-04,3724.800048828125,3783.64990234375,3707.449951171875,3773.300048828125,1356860,TCS,NSE,yfinance,1d
2021-10-05,3754.0,3840.0,3741.60009765625,3833.300048828125,1877966,TCS,NSE,yfinance,1d
2021-10-06,3836.0,3857.449951171875,3795.0,3810.89990234375,1678154,TCS,NSE,yfinance,1d
2021-10-07,3830.0,3899.0,3820.050048828125,3892.89990234375,1647233,TCS,NSE,yfinance,1d
2021-10-08,3925.0,3989.89990234375,3900.0,3935.64990234375,2934339,TCS,NSE,yfinance,1d
2021-10-11,3755.0,3757.5,3660.0,3685.60009765625,11845402,TCS,NSE,yfinance,1d
2021-10-12,3706.0,3707.0,3630.60009765625,3652.85009765625,5752877,TCS,NSE,yfinance,1d
2021-10-13,3650.0,3675.449951171875,3645.0,3655.199951171875,3545655,TCS,NSE,yfinance,1d
2021-10-14,3625.0,3670.0,3608.199951171875,3611.449951171875,6442299,TCS,NSE,yfinance,1d
2021-10-18,3603.449951171875,3652.699951171875,3601.449951171875,3647.14990234375,3590107,TCS,NSE,yfinance,1d
2021-10-19,3669.0,3690.10009765625,3625.199951171875,3634.14990234375,3135441,TCS,NSE,yfinance,1d
2021-10-20,3612.0,3630.0,3578.300048828125,3608.85009765625,2933693,TCS,NSE,yfinance,1d
2021-10-21,3604.10009765625,3607.449951171875,3511.25,3532.5,4871211,TCS,NSE,yfinance,1d
2021-10-22,3560.0,3561.60009765625,3485.0,3498.85009765625,2691670,TCS,NSE,yfinance,1d
2021-10-25,3503.0,3514.550048828125,3450.0,3492.949951171875,2595594,TCS,NSE,yfinance,1d
2021-10-26,3494.5,3529.0,3475.0,3482.60009765625,3878763,TCS,NSE,yfinance,1d
2021-10-27,3483.0,3511.25,3483.0,3489.75,2510813,TCS,NSE,yfinance,1d
2021-10-28,3518.0,3518.0,3415.0,3421.64990234375,2424942,TCS,NSE,yfinance,1d
2021-10-29,3400.050048828125,3461.0,3385.949951171875,3397.75,3960501,TCS,NSE,yfinance,1d
2021-11-01,3437.949951171875,3487.0,3412.949951171875,3476.39990234375,2020718,TCS,NSE,yfinance,1d
2021-11-02,3494.0,3513.60009765625,3469.75,3484.199951171875,3087414,TCS,NSE,yfinance,1d
2021-11-03,3504.199951171875,3519.89990234375,3466.050048828125,3492.25,1537639,TCS,NSE,yfinance,1d
2021-11-04,3512.949951171875,3513.25,3505.0,3508.64990234375,328991,TCS,NSE,yfinance,1d
2021-11-08,3548.0,3548.0,3481.199951171875,3502.75,2526082,TCS,NSE,yfinance,1d
2021-11-09,3508.0,3535.0,3496.0,3505.699951171875,1782692,TCS,NSE,yfinance,1d
2021-11-10,3498.0,3519.699951171875,3480.199951171875,3484.300048828125,1516489,TCS,NSE,yfinance,1d
2021-11-11,3480.0,3510.050048828125,3436.0,3488.199951171875,1284514,TCS,NSE,yfinance,1d
2021-11-12,3506.0,3534.14990234375,3485.699951171875,3526.050048828125,1747259,TCS,NSE,yfinance,1d
2021-11-15,3528.0,3569.60009765625,3528.0,3553.300048828125,1809157,TCS,NSE,yfinance,1d
2021-11-16,3569.0,3575.550048828125,3542.0,3556.39990234375,2013204,TCS,NSE,yfinance,1d
2021-11-17,3550.60009765625,3562.85009765625,3506.39990234375,3521.89990234375,1632914,TCS,NSE,yfinance,1d
2021-11-18,3515.14990234375,3520.85009765625,3451.60009765625,3475.699951171875,2136598,TCS,NSE,yfinance,1d
2021-11-22,3478.39990234375,3515.949951171875,3440.300048828125,3458.39990234375,3167936,TCS,NSE,yfinance,1d
2021-11-23,3445.0,3480.949951171875,3407.800048828125,3464.25,2153461,TCS,NSE,yfinance,1d
2021-11-24,3472.199951171875,3493.050048828125,3424.0,3443.300048828125,2161746,TCS,NSE,yfinance,1d
2021-11-25,3443.89990234375,3463.0,3434.050048828125,3445.89990234375,1849619,TCS,NSE,yfinance,1d
2021-11-26,3425.0,3490.0,3411.89990234375,3446.85009765625,1941251,TCS,NSE,yfinance,1d
2021-11-29,3447.14990234375,3529.35009765625,3406.449951171875,3502.0,2981745,TCS,NSE,yfinance,1d
2021-11-30,3491.0,3563.75,3491.0,3529.14990234375,5588446,TCS,NSE,yfinance,1d
2021-12-01,3535.0,3590.0,3535.0,3577.800048828125,2102118,TCS,NSE,yfinance,1d
2021-12-02,3589.199951171875,3648.0,3574.10009765625,3642.89990234375,3152938,TCS,NSE,yfinance,1d
2021-12-03,3646.449951171875,3665.949951171875,3630.85009765625,3640.449951171875,2486263,TCS,NSE,yfinance,1d
2021-12-06,3640.449951171875,3658.0,3522.0,3536.39990234375,1849642,TCS,NSE,yfinance,1d
2021-12-07,3562.5,3598.0,3524.300048828125,3584.5,1484458,TCS,NSE,yfinance,1d
2021-12-08,3601.0,3646.449951171875,3601.0,3626.89990234375,1428660,TCS,NSE,yfinance,1d
2021-12-09,3610.0,3634.75,3566.0,3601.75,1567957,TCS,NSE,yfinance,1d
2021-12-10,3585.0,3642.0,3575.10009765625,3636.800048828125,1510718,TCS,NSE,yfinance,1d
2021-12-13,3650.0,3662.0,3601.699951171875,3609.64990234375,1883864,TCS,NSE,yfinance,1d
2021-12-14,3605.0,3635.0,3576.699951171875,3623.800048828125,1747007,TCS,NSE,yfinance,1d
2021-12-15,3620.0,3623.0,3558.14990234375,3570.35009765625,1603233,TCS,NSE,yfinance,1d
2021-12-16,3582.0,3608.449951171875,3570.0,3581.60009765625,2072320,TCS,NSE,yfinance,1d
2021-12-17,3602.5,3651.35009765625,3573.699951171875,3584.35009765625,4333992,TCS,NSE,yfinance,1d
2021-12-20,3589.0,3606.0,3510.14990234375,3556.89990234375,2312310,TCS,NSE,yfinance,1d
2021-12-21,3582.64990234375,3641.199951171875,3566.39990234375,3608.300048828125,2340989,TCS,NSE,yfinance,1d
2021-12-22,3624.0,3636.800048828125,3606.25,3630.75,1224328,TCS,NSE,yfinance,1d
2021-12-23,3648.0,3670.5,3630.0,3662.699951171875,1792861,TCS,NSE,yfinance,1d
2021-12-24,3685.0,3705.0,3644.800048828125,3670.89990234375,2209923,TCS,NSE,yfinance,1d
2021-12-27,3671.0,3700.0,3653.10009765625,3696.10009765625,1534135,TCS,NSE,yfinance,1d
2021-12-28,3710.0,3725.0,3693.85009765625,3706.550048828125,1456218,TCS,NSE,yfinance,1d
2021-12-29,3692.25,3719.949951171875,3685.0,3694.699951171875,1456923,TCS,NSE,yfinance,1d
2021-12-30,3681.35009765625,3740.0,3680.0,3733.75,1966475,TCS,NSE,yfinance,1d
2021-12-31,3742.800048828125,3760.0,3731.300048828125,3738.35009765625,1207141,TCS,NSE,yfinance,1d
2022-01-03,3750.0,3830.0,3745.0,3817.75,2346158,TCS,NSE,yfinance,1d
2022-01-04,3831.10009765625,3889.14990234375,3811.699951171875,3884.75,2488606,TCS,NSE,yfinance,1d
2022-01-05,3865.0,3870.0,3812.39990234375,3860.949951171875,1733031,TCS,NSE,yfinance,1d
2022-01-06,3812.0,3835.0,3772.0,3807.449951171875,1810293,TCS,NSE,yfinance,1d
2022-01-07,3820.0,3864.89990234375,3796.39990234375,3853.5,2460591,TCS,NSE,yfinance,1d
2022-01-10,3978.0,3978.0,3861.0,3879.85009765625,3937092,TCS,NSE,yfinance,1d
2022-01-11,3856.0,3925.0,3856.0,3915.89990234375,1906106,TCS,NSE,yfinance,1d
2022-01-12,3925.0,3929.0,3836.550048828125,3859.89990234375,3203744,TCS,NSE,yfinance,1d
2022-01-13,3918.0,3923.0,3857.0,3897.89990234375,6684507,TCS,NSE,yfinance,1d
2022-01-14,3877.85009765625,3977.0,3860.050048828125,3968.14990234375,3348123,TCS,NSE,yfinance,1d
2022-01-17,3992.699951171875,4043.0,3962.300048828125,4019.14990234375,3442604,TCS,NSE,yfinance,1d
2022-01-18,4033.949951171875,4041.699951171875,3980.0,3990.60009765625,2389041,TCS,NSE,yfinance,1d
2022-01-19,4012.0,4012.0,3910.5,3914.64990234375,3102539,TCS,NSE,yfinance,1d
2022-01-20,3910.0,3920.0,3811.0,3826.550048828125,6176776,TCS,NSE,yfinance,1d
2022-01-21,3807.0,3851.550048828125,3771.10009765625,3833.5,3112358,TCS,NSE,yfinance,1d
2022-01-24,3840.0,3849.64990234375,3740.10009765625,3771.35009765625,3258414,TCS,NSE,yfinance,1d
2022-01-25,3769.5,3809.39990234375,3722.199951171875,3769.89990234375,3330501,TCS,NSE,yfinance,1d
2022-01-27,3731.0,3733.39990234375,3625.10009765625,3649.25,5718297,TCS,NSE,yfinance,1d
2022-01-28,3646.0,3729.800048828125,3646.0,3690.050048828125,3143862,TCS,NSE,yfinance,1d
2022-01-31,3749.0,3758.0,3721.39990234375,3736.25,2739393,TCS,NSE,yfinance,1d
2022-02-01,3770.0,3808.0,3736.39990234375,3800.64990234375,2105169,TCS,NSE,yfinance,1d
2022-02-02,3827.89990234375,3864.0,3800.64990234375,3856.199951171875,1984212,TCS,NSE,yfinance,1d
2022-02-03,3851.0,3882.5,3816.050048828125,3824.60009765625,1960538,TCS,NSE,yfinance,1d
2022-02-04,3815.300048828125,3824.699951171875,3769.0,3814.89990234375,2307366,TCS,NSE,yfinance,1d
2022-02-07,3791.0,3831.800048828125,3756.14990234375,3779.0,1919149,TCS,NSE,yfinance,1d
2022-02-08,3791.550048828125,3799.699951171875,3721.0,3743.449951171875,2946443,TCS,NSE,yfinance,1d
2022-02-09,3750.0,3777.949951171875,3746.10009765625,3760.550048828125,1638721,TCS,NSE,yfinance,1d
2022-02-10,3789.800048828125,3789.800048828125,3758.0,3770.35009765625,2112459,TCS,NSE,yfinance,1d
2022-02-11,3752.5,3752.5,3690.0,3694.949951171875,3851488,TCS,NSE,yfinance,1d
2022-02-14,3724.0,3793.25,3710.0,3733.75,5951745,TCS,NSE,yfinance,1d
2022-02-15,3786.0,3835.0,3748.0,3817.800048828125,3931683,TCS,NSE,yfinance,1d
2022-02-16,3844.0,3854.10009765625,3806.0,3813.10009765625,3256906,TCS,NSE,yfinance,1d
2022-02-17,3825.0,3835.0,3779.0,3784.199951171875,3134372,TCS,NSE,yfinance,1d
2022-02-18,3769.0,3815.949951171875,3757.60009765625,3793.89990234375,3688883,TCS,NSE,yfinance,1d
2022-02-21,3810.0,3827.800048828125,3705.550048828125,3719.39990234375,7465922,TCS,NSE,yfinance,1d
2022-02-22,3650.0,3667.89990234375,3570.0,3586.39990234375,5408531,TCS,NSE,yfinance,1d
2022-02-23,3611.0,3622.89990234375,3555.64990234375,3563.800048828125,2426203,TCS,NSE,yfinance,1d
2022-02-24,3474.0,3483.85009765625,3391.10009765625,3401.64990234375,5039136,TCS,NSE,yfinance,1d
2022-02-25,3468.0,3530.0,3462.0,3520.75,2549723,TCS,NSE,yfinance,1d
2022-02-28,3490.0,3563.75,3455.89990234375,3554.199951171875,3288942,TCS,NSE,yfinance,1d
2022-03-02,3552.5,3571.949951171875,3506.0,3546.14990234375,2761341,TCS,NSE,yfinance,1d
2022-03-03,3562.85009765625,3578.60009765625,3530.10009765625,3544.39990234375,1928039,TCS,NSE,yfinance,1d
2022-03-04,3501.5,3561.199951171875,3487.050048828125,3524.35009765625,2370257,TCS,NSE,yfinance,1d
2022-03-07,3450.0,3548.0,3431.550048828125,3484.89990234375,3054130,TCS,NSE,yfinance,1d
2022-03-08,3460.0,3609.0,3460.0,3599.949951171875,3300992,TCS,NSE,yfinance,1d
2022-03-09,3605.0,3654.0,3597.050048828125,3632.60009765625,2719654,TCS,NSE,yfinance,1d
2022-03-10,3684.0,3684.0,3615.0,3620.949951171875,2005441,TCS,NSE,yfinance,1d
2022-03-11,3603.25,3639.85009765625,3592.85009765625,3599.14990234375,1623423,TCS,NSE,yfinance,1d
2022-03-14,3580.0,3648.35009765625,3580.0,3643.0,1765688,TCS,NSE,yfinance,1d
2022-03-15,3659.0,3659.0,3585.39990234375,3593.89990234375,3651133,TCS,NSE,yfinance,1d
2022-03-16,3640.5,3668.0,3616.25,3655.89990234375,3090475,TCS,NSE,yfinance,1d
2022-03-17,3696.60009765625,3710.0,3660.300048828125,3672.75,3600452,TCS,NSE,yfinance,1d
2022-03-21,3696.0,3713.949951171875,3615.0,3626.699951171875,2413831,TCS,NSE,yfinance,1d
2022-03-22,3640.0,3711.0,3625.0,3700.949951171875,2907611,TCS,NSE,yfinance,1d
2022-03-23,3708.0,3729.800048828125,3690.0,3712.39990234375,1596195,TCS,NSE,yfinance,1d
2022-03-24,3700.0,3758.199951171875,3695.0,3749.85009765625,1879046,TCS,NSE,yfinance,1d
2022-03-25,3759.89990234375,3779.5,3672.0,3707.449951171875,1690133,TCS,NSE,yfinance,1d
2022-03-28,3695.0,3713.0,3661.199951171875,3707.699951171875,1760990,TCS,NSE,yfinance,1d
2022-03-29,3694.75,3722.0,3691.0,3705.35009765625,2689063,TCS,NSE,yfinance,1d
2022-03-30,3738.0,3738.0,3706.199951171875,3731.550048828125,1583455,TCS,NSE,yfinance,1d
2022-03-31,3740.0,3754.64990234375,3720.199951171875,3739.949951171875,2168110,TCS,NSE,yfinance,1d
2022-04-01,3748.0,3763.0,3728.050048828125,3758.75,1387014,TCS,NSE,yfinance,1d
2022-04-04,3762.0,3780.0,3737.10009765625,3770.35009765625,1472994,TCS,NSE,yfinance,1d
2022-04-05,3772.0,3835.60009765625,3772.0,3814.800048828125,2314947,TCS,NSE,yfinance,1d
2022-04-06,3809.300048828125,3809.300048828125,3731.14990234375,3755.35009765625,2051729,TCS,NSE,yfinance,1d
2022-04-07,3745.5,3745.5,3679.0,3684.14990234375,2494829,TCS,NSE,yfinance,1d
2022-04-08,3690.0,3705.0,3642.5,3685.64990234375,2296773,TCS,NSE,yfinance,1d
2022-04-11,3690.0,3712.35009765625,3656.10009765625,3696.39990234375,2291660,TCS,NSE,yfinance,1d
2022-04-12,3683.0,3739.0,3648.35009765625,3691.10009765625,4483476,TCS,NSE,yfinance,1d
2022-04-13,3707.0,3709.85009765625,3655.550048828125,3661.949951171875,1621672,TCS,NSE,yfinance,1d
2022-04-18,3610.0,3610.0,3522.5,3528.050048828125,3820792,TCS,NSE,yfinance,1d
2022-04-19,3550.0,3563.550048828125,3439.14990234375,3471.89990234375,3170014,TCS,NSE,yfinance,1d
2022-04-20,3500.0,3569.14990234375,3480.0,3556.800048828125,2640370,TCS,NSE,yfinance,1d
2022-04-21,3580.0,3644.0,3567.39990234375,3628.64990234375,2280996,TCS,NSE,yfinance,1d
2022-04-22,3581.10009765625,3617.0,3571.5,3612.550048828125,1581465,TCS,NSE,yfinance,1d
2022-04-25,3558.0,3584.0,3533.10009765625,3548.199951171875,1960694,TCS,NSE,yfinance,1d
2022-04-26,3575.14990234375,3587.89990234375,3518.14990234375,3546.300048828125,1943469,TCS,NSE,yfinance,1d
2022-04-27,3546.0,3568.449951171875,3506.300048828125,3561.199951171875,1727648,TCS,NSE,yfinance,1d
2022-04-28,3588.0,3604.39990234375,3538.050048828125,3584.300048828125,1703660,TCS,NSE,yfinance,1d
2022-04-29,3597.0,3623.25,3536.85009765625,3546.699951171875,2051115,TCS,NSE,yfinance,1d
2022-05-02,3519.89990234375,3547.949951171875,3492.75,3542.39990234375,1324161,TCS,NSE,yfinance,1d
2022-05-04,3538.5,3545.449951171875,3465.300048828125,3479.75,2305825,TCS,NSE,yfinance,1d
2022-05-05,3512.10009765625,3533.0,3485.35009765625,3513.39990234375,1612262,TCS,NSE,yfinance,1d
2022-05-06,3459.0,3474.5,3424.5,3432.60009765625,2010812,TCS,NSE,yfinance,1d
2022-05-09,3398.0,3456.0,3346.85009765625,3445.10009765625,2481830,TCS,NSE,yfinance,1d
2022-05-10,3434.0,3464.800048828125,3422.0,3438.75,1622685,TCS,NSE,yfinance,1d
2022-05-11,3435.0,3448.449951171875,3382.14990234375,3412.0,1841769,TCS,NSE,yfinance,1d
2022-05-12,3378.0,3449.699951171875,3350.10009765625,3408.64990234375,2807195,TCS,NSE,yfinance,1d
2022-05-13,3435.0,3439.89990234375,3382.14990234375,3414.89990234375,2187823,TCS,NSE,yfinance,1d
2022-05-16,3415.0,3430.0,3366.60009765625,3376.800048828125,1195813,TCS,NSE,yfinance,1d
2022-05-17,3370.0,3467.0,3350.39990234375,3451.60009765625,1754076,TCS,NSE,yfinance,1d
2022-05-18,3465.0,3495.0,3443.050048828125,3448.800048828125,1866781,TCS,NSE,yfinance,1d
2022-05-19,3397.0,3405.0,3230.0,3261.949951171875,4642963,TCS,NSE,yfinance,1d
2022-05-20,3310.0,3313.89990234375,3270.050048828125,3293.0,3065125,TCS,NSE,yfinance,1d
2022-05-23,3304.800048828125,3338.89990234375,3267.0,3321.75,2293690,TCS,NSE,yfinance,1d
2022-05-24,3315.14990234375,3324.85009765625,3275.60009765625,3288.0,1711510,TCS,NSE,yfinance,1d
2022-05-25,3292.85009765625,3292.85009765625,3154.050048828125,3167.64990234375,3548046,TCS,NSE,yfinance,1d
2022-05-26,3191.0,3241.5,3180.550048828125,3226.949951171875,2813186,TCS,NSE,yfinance,1d
2022-05-27,3253.199951171875,3278.89990234375,3229.199951171875,3261.300048828125,3103153,TCS,NSE,yfinance,1d
2022-05-30,3297.0,3386.60009765625,3286.35009765625,3375.25,2094624,TCS,NSE,yfinance,1d
2022-05-31,3354.14990234375,3383.39990234375,3325.0,3364.35009765625,4840965,TCS,NSE,yfinance,1d
2022-06-01,3388.0,3388.0,3340.050048828125,3355.199951171875,1493835,TCS,NSE,yfinance,1d
2022-06-02,3355.0,3432.0,3346.300048828125,3423.0,2657939,TCS,NSE,yfinance,1d
2022-06-03,3459.39990234375,3477.300048828125,3431.199951171875,3440.14990234375,1913622,TCS,NSE,yfinance,1d
2022-06-06,3418.0,3453.0,3377.14990234375,3430.949951171875,1084210,TCS,NSE,yfinance,1d
2022-06-07,3401.050048828125,3418.85009765625,3356.0,3362.699951171875,2308256,TCS,NSE,yfinance,1d
2022-06-08,3380.14990234375,3413.949951171875,3346.5,3404.14990234375,2185707,TCS,NSE,yfinance,1d
2022-06-09,3385.0,3437.0,3353.10009765625,3427.10009765625,1279197,TCS,NSE,yfinance,1d
2022-06-10,3382.0,3393.0,3352.0,3359.89990234375,1527582,TCS,NSE,yfinance,1d
2022-06-13,3290.0,3293.0,3192.449951171875,3219.60009765625,3030921,TCS,NSE,yfinance,1d
2022-06-14,3190.0,3238.89990234375,3174.699951171875,3210.550048828125,2611493,TCS,NSE,yfinance,1d
2022-06-15,3218.5,3234.0,3201.0,3206.300048828125,1404536,TCS,NSE,yfinance,1d
2022-06-16,3240.0,3244.85009765625,3133.050048828125,3142.0,2032028,TCS,NSE,yfinance,1d
2022-06-17,3092.0,3118.75,3023.85009765625,3088.89990234375,5240434,TCS,NSE,yfinance,1d
2022-06-20,3094.0,3138.75,3069.0,3112.39990234375,1502769,TCS,NSE,yfinance,1d
2022-06-21,3130.0,3237.75,3125.39990234375,3211.949951171875,2964461,TCS,NSE,yfinance,1d
2022-06-22,3199.89990234375,3250.550048828125,3183.0,3222.949951171875,3336315,TCS,NSE,yfinance,1d
2022-06-23,3222.949951171875,3318.0,3222.949951171875,3308.800048828125,3692578,TCS,NSE,yfinance,1d
2022-06-24,3339.0,3345.0,3277.5,3293.10009765625,2132118,TCS,NSE,yfinance,1d
2022-06-27,3350.0,3362.89990234375,3306.5,3314.699951171875,2037686,TCS,NSE,yfinance,1d
2022-06-28,3307.0,3330.0,3272.60009765625,3318.14990234375,1400046,TCS,NSE,yfinance,1d
2022-06-29,3271.0,3333.0,3271.0,3290.5,2133994,TCS,NSE,yfinance,1d
2022-06-30,3272.0,3310.89990234375,3255.0,3267.10009765625,2719603,TCS,NSE,yfinance,1d
2022-07-01,3260.0,3333.0,3252.050048828125,3315.10009765625,1502879,TCS,NSE,yfinance,1d
2022-07-04,3312.0,3317.949951171875,3225.050048828125,3235.050048828125,2622535,TCS,NSE,yfinance,1d
2022-07-05,3255.0,3272.0,3206.949951171875,3216.300048828125,2170627,TCS,NSE,yfinance,1d
2022-07-06,3218.5,3268.5,3202.25,3260.75,2182144,TCS,NSE,yfinance,1d
2022-07-07,3271.0,3319.39990234375,3265.050048828125,3287.85009765625,1989921,TCS,NSE,yfinance,1d
2022-07-08,3300.0,3305.0,3250.0,3265.449951171875,2136916,TCS,NSE,yfinance,1d
2022-07-11,3206.14990234375,3225.0,3106.0,3113.800048828125,6974600,TCS,NSE,yfinance,1d
2022-07-12,3114.89990234375,3136.199951171875,3080.25,3084.699951171875,3734815,TCS,NSE,yfinance,1d
2022-07-13,3104.0,3110.0,3035.0,3038.75,3863530,TCS,NSE,yfinance,1d
2022-07-14,3056.0,3057.0,2967.0,2998.75,4764908,TCS,NSE,yfinance,1d
2022-07-15,3018.550048828125,3028.89990234375,2953.0,2994.60009765625,4574806,TCS,NSE,yfinance,1d
2022-07-18,3023.0,3076.949951171875,3014.300048828125,3063.5,3202795,TCS,NSE,yfinance,1d
2022-07-19,3030.050048828125,3078.949951171875,3030.050048828125,3074.25,1865074,TCS,NSE,yfinance,1d
2022-07-20,3107.800048828125,3171.949951171875,3098.050048828125,3164.800048828125,3402251,TCS,NSE,yfinance,1d
2022-07-21,3167.0,3184.0,3144.050048828125,3177.300048828125,2420640,TCS,NSE,yfinance,1d
2022-07-22,3185.0,3197.0,3143.5,3171.0,2075886,TCS,NSE,yfinance,1d
2022-07-25,3165.0,3186.449951171875,3149.10009765625,3166.75,1797504,TCS,NSE,yfinance,1d
2022-07-26,3164.699951171875,3168.89990234375,3096.5,3115.89990234375,2639367,TCS,NSE,yfinance,1d
2022-07-27,3115.0,3194.10009765625,3110.0,3188.85009765625,1389808,TCS,NSE,yfinance,1d
2022-07-28,3216.0,3264.0,3201.64990234375,3260.5,2106333,TCS,NSE,yfinance,1d
2022-07-29,3290.0,3317.300048828125,3275.0,3301.89990234375,2430257,TCS,NSE,yfinance,1d
2022-08-01,3327.0,3327.0,3271.0,3298.800048828125,1306913,TCS,NSE,yfinance,1d
2022-08-02,3290.0,3312.89990234375,3271.64990234375,3291.800048828125,1269114,TCS,NSE,yfinance,1d
2022-08-03,3280.0,3349.0,3277.050048828125,3339.5,2895824,TCS,NSE,yfinance,1d
2022-08-04,3350.0,3387.89990234375,3307.35009765625,3354.949951171875,2150567,TCS,NSE,yfinance,1d
2022-08-05,3361.199951171875,3377.0,3355.0,3365.050048828125,1106933,TCS,NSE,yfinance,1d
2022-08-08,3365.0,3378.89990234375,3336.0,3374.449951171875,1068836,TCS,NSE,yfinance,1d
2022-08-10,3385.0,3385.0,3335.0,3354.25,1878359,TCS,NSE,yfinance,1d
2022-08-11,3400.0,3428.699951171875,3375.050048828125,3422.5,1449248,TCS,NSE,yfinance,1d
2022-08-12,3419.0,3419.0,3381.25,3401.550048828125,1472354,TCS,NSE,yfinance,1d
2022-08-16,3411.0,3414.85009765625,3387.5,3392.699951171875,839942,TCS,NSE,yfinance,1d
2022-08-17,3385.10009765625,3417.949951171875,3371.10009765625,3401.10009765625,1622326,TCS,NSE,yfinance,1d
2022-08-18,3390.0,3392.0,3362.0,3381.25,1430659,TCS,NSE,yfinance,1d
2022-08-19,3387.0,3421.5,3371.25,3385.75,1398410,TCS,NSE,yfinance,1d
2022-08-22,3365.0,3384.10009765625,3347.39990234375,3354.550048828125,1536532,TCS,NSE,yfinance,1d
2022-08-23,3319.949951171875,3341.89990234375,3270.0,3284.60009765625,1849256,TCS,NSE,yfinance,1d
2022-08-24,3292.0,3308.0,3250.199951171875,3255.35009765625,1691923,TCS,NSE,yfinance,1d
2022-08-25,3276.0,3278.14990234375,3214.75,3218.199951171875,1946930,TCS,NSE,yfinance,1d
2022-08-26,3234.300048828125,3257.0,3216.800048828125,3222.199951171875,1457962,TCS,NSE,yfinance,1d
2022-08-29,3125.0,3142.699951171875,3081.0,3132.550048828125,2539173,TCS,NSE,yfinance,1d
2022-08-30,3155.0,3226.5,3142.10009765625,3211.14990234375,3431525,TCS,NSE,yfinance,1d
2022-09-01,3190.0,3190.0,3121.0,3131.699951171875,3546935,TCS,NSE,yfinance,1d
2022-09-02,3163.0,3163.0,3120.300048828125,3130.39990234375,2052900,TCS,NSE,yfinance,1d
2022-09-05,3123.64990234375,3147.949951171875,3112.25,3133.39990234375,2147912,TCS,NSE,yfinance,1d
2022-09-06,3135.5,3140.85009765625,3106.35009765625,3127.050048828125,1936453,TCS,NSE,yfinance,1d
2022-09-07,3102.0,3161.89990234375,3102.0,3149.60009765625,1291534,TCS,NSE,yfinance,1d
2022-09-08,3170.0,3183.5,3160.10009765625,3169.64990234375,1346113,TCS,NSE,yfinance,1d
2022-09-09,3195.0,3233.5,3168.5,3217.64990234375,1561185,TCS,NSE,yfinance,1d
2022-09-12,3239.89990234375,3269.800048828125,3225.0,3242.949951171875,1785928,TCS,NSE,yfinance,1d
2022-09-13,3263.449951171875,3263.449951171875,3225.0,3229.35009765625,1972678,TCS,NSE,yfinance,1d
2022-09-14,3135.0,3141.39990234375,3113.800048828125,3120.39990234375,5090269,TCS,NSE,yfinance,1d
2022-09-15,3130.0,3137.75,3100.0,3104.35009765625,2138023,TCS,NSE,yfinance,1d
2022-09-16,3076.0,3094.35009765625,3000.0,3008.699951171875,5322221,TCS,NSE,yfinance,1d
2022-09-19,3036.0,3042.0,2987.800048828125,3028.800048828125,2072220,TCS,NSE,yfinance,1d
2022-09-20,3050.0,3079.949951171875,3030.0,3040.300048828125,1544295,TCS,NSE,yfinance,1d
2022-09-21,3028.0,3041.39990234375,2998.14990234375,3001.199951171875,2253818,TCS,NSE,yfinance,1d
2022-09-22,2990.0,3029.949951171875,2979.300048828125,3007.39990234375,2017983,TCS,NSE,yfinance,1d
2022-09-23,3004.0,3022.5,2979.0,2982.050048828125,2652374,TCS,NSE,yfinance,1d
2022-09-26,2959.85009765625,3025.85009765625,2926.10009765625,2994.39990234375,2925489,TCS,NSE,yfinance,1d
2022-09-27,3009.39990234375,3025.0,2976.0,3017.449951171875,2227447,TCS,NSE,yfinance,1d
2022-09-28,2980.0,3049.949951171875,2980.0,3035.64990234375,2739767,TCS,NSE,yfinance,1d
2022-09-29,3054.0,3055.85009765625,2990.0,2997.300048828125,2493902,TCS,NSE,yfinance,1d
2022-09-30,2990.85009765625,3019.699951171875,2950.10009765625,3004.550048828125,2817353,TCS,NSE,yfinance,1d
2022-10-03,2995.0,3020.699951171875,2974.0,2984.949951171875,1763331,TCS,NSE,yfinance,1d
2022-10-04,3029.949951171875,3098.0,3023.0,3091.14990234375,2145875,TCS,NSE,yfinance,1d
2022-10-06,3111.0,3124.0,3092.449951171875,3101.949951171875,1790816,TCS,NSE,yfinance,1d
2022-10-07,3097.39990234375,3105.0,3058.10009765625,3064.89990234375,1939879,TCS,NSE,yfinance,1d
2022-10-10,3010.0,3127.0,3005.0,3118.550048828125,3064063,TCS,NSE,yfinance,1d
2022-10-11,3100.0,3145.0,3053.35009765625,3069.550048828125,4730645,TCS,NSE,yfinance,1d
2022-10-12,3084.89990234375,3109.89990234375,3062.050048828125,3100.75,1665247,TCS,NSE,yfinance,1d
2022-10-13,3100.75,3110.0,3052.35009765625,3103.300048828125,2054781,TCS,NSE,yfinance,1d
2022-10-14,3145.0,3150.0,3071.0,3099.14990234375,2245977,TCS,NSE,yfinance,1d
2022-10-17,3072.64990234375,3128.39990234375,3071.449951171875,3111.75,1517005,TCS,NSE,yfinance,1d
2022-10-18,3150.0,3155.35009765625,3128.550048828125,3144.699951171875,1793722,TCS,NSE,yfinance,1d
2022-10-19,3159.0,3159.0,3112.0,3121.85009765625,1194289,TCS,NSE,yfinance,1d
2022-10-20,3105.0,3160.0,3105.0,3157.300048828125,1587601,TCS,NSE,yfinance,1d
2022-10-21,3157.800048828125,3160.39990234375,3127.0,3137.39990234375,1021913,TCS,NSE,yfinance,1d
2022-10-24,3170.10009765625,3178.0,3155.0,3161.699951171875,260949,TCS,NSE,yfinance,1d
2022-10-25,3180.5,3184.25,3151.14990234375,3162.10009765625,2069643,TCS,NSE,yfinance,1d
2022-10-27,3160.699951171875,3174.0,3134.35009765625,3157.39990234375,2438421,TCS,NSE,yfinance,1d
2022-10-28,3150.0,3178.5,3145.0,3163.25,1355739,TCS,NSE,yfinance,1d
2022-10-31,3199.0,3199.0,3177.800048828125,3193.14990234375,1919414,TCS,NSE,yfinance,1d
2022-11-01,3214.5,3262.60009765625,3203.449951171875,3259.699951171875,2991060,TCS,NSE,yfinance,1d
2022-11-02,3270.0,3270.0,3222.050048828125,3241.699951171875,1405955,TCS,NSE,yfinance,1d
2022-11-03,3228.050048828125,3228.050048828125,3195.0,3206.75,1422652,TCS,NSE,yfinance,1d
2022-11-04,3217.0,3220.050048828125,3166.14990234375,3217.39990234375,1464013,TCS,NSE,yfinance,1d
2022-11-07,3229.0,3242.800048828125,3195.10009765625,3233.699951171875,1474498,TCS,NSE,yfinance,1d
2022-11-09,3249.800048828125,3249.800048828125,3201.64990234375,3216.050048828125,1162267,TCS,NSE,yfinance,1d
2022-11-10,3170.0,3225.0,3170.0,3205.64990234375,1573092,TCS,NSE,yfinance,1d
2022-11-11,3269.60009765625,3341.60009765625,3255.050048828125,3315.949951171875,3265394,TCS,NSE,yfinance,1d
2022-11-14,3324.0,3349.0,3309.0,3335.5,1342074,TCS,NSE,yfinance,1d
2022-11-15,3321.0,3339.949951171875,3292.0,3332.60009765625,1400708,TCS,NSE,yfinance,1d
2022-11-16,3338.89990234375,3367.89990234375,3321.449951171875,3355.35009765625,1748235,TCS,NSE,yfinance,1d
2022-11-17,3340.0,3360.0,3317.75,3349.0,1417986,TCS,NSE,yfinance,1d
2022-11-18,3350.0,3362.75,3321.0,3343.449951171875,1164540,TCS,NSE,yfinance,1d
2022-11-21,3322.5,3333.699951171875,3273.0,3283.5,1304194,TCS,NSE,yfinance,1d
2022-11-22,3280.0,3318.949951171875,3255.25,3314.949951171875,1149739,TCS,NSE,yfinance,1d
2022-11-23,3330.0,3330.0,3291.0,3308.300048828125,1150011,TCS,NSE,yfinance,1d
2022-11-24,3316.25,3392.949951171875,3308.300048828125,3380.14990234375,1296591,TCS,NSE,yfinance,1d
2022-11-25,3383.0,3403.35009765625,3348.0,3389.64990234375,1588981,TCS,NSE,yfinance,1d
2022-11-28,3366.0,3417.0,3365.550048828125,3395.25,2195437,TCS,NSE,yfinance,1d
2022-11-29,3383.0,3429.0,3383.0,3397.35009765625,1576028,TCS,NSE,yfinance,1d
2022-11-30,3383.0,3414.89990234375,3375.0,3390.800048828125,3410702,TCS,NSE,yfinance,1d
2022-12-01,3425.0,3480.0,3420.0,3475.64990234375,2180856,TCS,NSE,yfinance,1d
2022-12-02,3458.10009765625,3468.89990234375,3413.0,3439.14990234375,2411749,TCS,NSE,yfinance,1d
2022-12-05,3433.0,3439.14990234375,3407.0,3425.89990234375,1475065,TCS,NSE,yfinance,1d
2022-12-06,3400.050048828125,3407.949951171875,3368.0,3385.35009765625,1166999,TCS,NSE,yfinance,1d
2022-12-07,3368.300048828125,3393.699951171875,3354.0,3380.60009765625,1167505,TCS,NSE,yfinance,1d
2022-12-08,3360.0,3380.60009765625,3339.449951171875,3350.550048828125,1285619,TCS,NSE,yfinance,1d
2022-12-09,3374.10009765625,3374.10009765625,3276.35009765625,3292.75,1797896,TCS,NSE,yfinance,1d
2022-12-12,3255.5,3296.0,3236.10009765625,3286.449951171875,1527610,TCS,NSE,yfinance,1d
2022-12-13,3277.199951171875,3336.449951171875,3267.800048828125,3332.10009765625,1378016,TCS,NSE,yfinance,1d
2022-12-14,3348.800048828125,3377.0,3340.89990234375,3365.35009765625,1213311,TCS,NSE,yfinance,1d
2022-12-15,3358.800048828125,3364.75,3298.949951171875,3305.10009765625,1415694,TCS,NSE,yfinance,1d
2022-12-16,3275.0,3292.0,3225.199951171875,3240.25,2703680,TCS,NSE,yfinance,1d
2022-12-19,3227.0,3245.5,3194.5,3202.050048828125,2120965,TCS,NSE,yfinance,1d
2022-12-20,3198.89990234375,3249.0,3163.64990234375,3243.949951171875,1529971,TCS,NSE,yfinance,1d
2022-12-21,3249.0,3283.050048828125,3240.0,3268.550048828125,1432566,TCS,NSE,yfinance,1d
2022-12-22,3294.0,3294.0,3245.10009765625,3259.699951171875,1384101,TCS,NSE,yfinance,1d
2022-12-23,3217.0,3266.85009765625,3217.0,3228.35009765625,1360281,TCS,NSE,yfinance,1d
2022-12-26,3228.35009765625,3272.0,3225.050048828125,3252.89990234375,870157,TCS,NSE,yfinance,1d
2022-12-27,3269.199951171875,3273.800048828125,3231.5,3259.5,835883,TCS,NSE,yfinance,1d
2022-12-28,3249.800048828125,3266.10009765625,3226.0,3257.10009765625,910795,TCS,NSE,yfinance,1d
2022-12-29,3231.10009765625,3271.5,3228.0,3268.75,1037927,TCS,NSE,yfinance,1d
2022-12-30,3286.050048828125,3299.0,3246.199951171875,3256.699951171875,1163131,TCS,NSE,yfinance,1d
2023-01-02,3261.0,3266.85009765625,3235.199951171875,3261.449951171875,709547,TCS,NSE,yfinance,1d
2023-01-03,3252.0,3320.0,3245.300048828125,3311.35009765625,1245178,TCS,NSE,yfinance,1d
2023-01-04,3306.699951171875,3327.35009765625,3286.199951171875,3314.64990234375,1231668,TCS,NSE,yfinance,1d
2023-01-05,3330.199951171875,3337.300048828125,3281.949951171875,3311.10009765625,1826057,TCS,NSE,yfinance,1d
2023-01-06,3300.0,3301.550048828125,3200.0,3211.550048828125,2488376,TCS,NSE,yfinance,1d
2023-01-09,3229.0,3327.0,3221.14990234375,3319.949951171875,2885060,TCS,NSE,yfinance,1d
2023-01-10,3285.0,3298.0,3230.10009765625,3286.39990234375,3864655,TCS,NSE,yfinance,1d
2023-01-11,3290.10009765625,3349.5,3271.14990234375,3328.699951171875,2720512,TCS,NSE,yfinance,1d
2023-01-12,3329.0,3350.0,3315.550048828125,3334.35009765625,2250391,TCS,NSE,yfinance,1d
2023-01-13,3342.89990234375,3379.0,3305.0,3374.550048828125,1742837,TCS,NSE,yfinance,1d
2023-01-16,3317.0,3353.0,3298.050048828125,3334.050048828125,1843607,TCS,NSE,yfinance,1d
2023-01-17,3330.0,3381.800048828125,3321.0,3378.39990234375,1688475,TCS,NSE,yfinance,1d
2023-01-18,3380.0,3408.949951171875,3372.25,3390.0,2421189,TCS,NSE,yfinance,1d
2023-01-19,3380.0,3387.0,3361.0,3373.10009765625,1585044,TCS,NSE,yfinance,1d
2023-01-20,3365.0,3394.64990234375,3355.60009765625,3363.10009765625,1529349,TCS,NSE,yfinance,1d
2023-01-23,3388.0,3419.0,3355.60009765625,3414.89990234375,1067916,TCS,NSE,yfinance,1d
2023-01-24,3425.0,3451.949951171875,3417.300048828125,3436.300048828125,1387863,TCS,NSE,yfinance,1d
2023-01-25,3425.300048828125,3435.0,3405.0,3429.75,874110,TCS,NSE,yfinance,1d
2023-01-27,3426.0,3446.0,3382.300048828125,3411.050048828125,1785879,TCS,NSE,yfinance,1d
2023-01-30,3420.0,3458.449951171875,3385.550048828125,3433.64990234375,1953798,TCS,NSE,yfinance,1d
2023-01-31,3449.0,3449.0,3351.0,3358.699951171875,2820375,TCS,NSE,yfinance,1d
2023-02-01,3363.0,3419.0,3355.0,3408.35009765625,2205161,TCS,NSE,yfinance,1d
2023-02-02,3427.0,3469.0,3420.10009765625,3460.39990234375,1813847,TCS,NSE,yfinance,1d
2023-02-03,3504.0,3504.0,3452.89990234375,3482.300048828125,1804469,TCS,NSE,yfinance,1d
2023-02-06,3473.14990234375,3473.14990234375,3436.85009765625,3459.949951171875,1138714,TCS,NSE,yfinance,1d
2023-02-07,3468.89990234375,3493.0,3461.39990234375,3472.550048828125,1455647,TCS,NSE,yfinance,1d
2023-02-08,3478.050048828125,3539.89990234375,3478.050048828125,3520.10009765625,1986946,TCS,NSE,yfinance,1d
2023-02-09,3515.0,3547.60009765625,3505.300048828125,3540.85009765625,1655427,TCS,NSE,yfinance,1d
2023-02-10,3520.0,3542.35009765625,3508.14990234375,3537.550048828125,1187821,TCS,NSE,yfinance,1d
2023-02-13,3549.0,3549.0,3473.39990234375,3482.39990234375,1087939,TCS,NSE,yfinance,1d
2023-02-14,3505.0,3524.85009765625,3495.0,3500.10009765625,1579818,TCS,NSE,yfinance,1d
2023-02-15,3487.0,3526.0,3460.14990234375,3520.64990234375,1429449,TCS,NSE,yfinance,1d
2023-02-16,3527.199951171875,3575.0,3527.0,3558.050048828125,1618931,TCS,NSE,yfinance,1d
2023-02-17,3526.14990234375,3538.89990234375,3490.0,3501.14990234375,1061369,TCS,NSE,yfinance,1d
2023-02-20,3502.0,3522.0,3475.050048828125,3487.300048828125,1296082,TCS,NSE,yfinance,1d
2023-02-21,3494.0,3508.89990234375,3444.75,3451.0,1139541,TCS,NSE,yfinance,1d
2023-02-22,3414.949951171875,3447.0,3395.0,3401.550048828125,1218430,TCS,NSE,yfinance,1d
2023-02-23,3421.0,3452.39990234375,3408.0,3413.800048828125,1441570,TCS,NSE,yfinance,1d
2023-02-24,3422.5,3433.949951171875,3382.300048828125,3400.449951171875,977592,TCS,NSE,yfinance,1d
2023-02-27,3390.0,3390.0,3316.0,3331.85009765625,1128022,TCS,NSE,yfinance,1d
2023-02-28,3328.5,3392.0,3299.89990234375,3312.85009765625,4116217,TCS,NSE,yfinance,1d
2023-03-01,3323.0,3389.0,3315.0,3385.699951171875,1669307,TCS,NSE,yfinance,1d
2023-03-02,3361.0,3369.89990234375,3318.0,3321.449951171875,1556538,TCS,NSE,yfinance,1d
2023-03-03,3354.0,3358.0,3331.10009765625,3342.14990234375,1043190,TCS,NSE,yfinance,1d
2023-03-06,3361.89990234375,3404.949951171875,3359.0,3371.85009765625,1334132,TCS,NSE,yfinance,1d
2023-03-08,3364.0,3396.0,3330.85009765625,3390.39990234375,1844590,TCS,NSE,yfinance,1d
2023-03-09,3385.0,3385.0,3330.85009765625,3336.85009765625,1648500,TCS,NSE,yfinance,1d
2023-03-10,3312.89990234375,3337.25,3290.0,3331.0,1024404,TCS,NSE,yfinance,1d
2023-03-13,3333.0,3369.800048828125,3272.0,3281.949951171875,1901233,TCS,NSE,yfinance,1d
2023-03-14,3280.0,3304.39990234375,3209.39990234375,3214.949951171875,2670334,TCS,NSE,yfinance,1d
2023-03-15,3250.0,3260.35009765625,3192.0,3198.89990234375,1780522,TCS,NSE,yfinance,1d
2023-03-16,3208.0,3219.800048828125,3172.0,3185.0,1901060,TCS,NSE,yfinance,1d
2023-03-17,3150.5,3221.39990234375,3144.0,3179.300048828125,6739966,TCS,NSE,yfinance,1d
2023-03-20,3169.64990234375,3169.64990234375,3095.050048828125,3143.300048828125,2289468,TCS,NSE,yfinance,1d
2023-03-21,3143.300048828125,3156.75,3097.449951171875,3106.10009765625,1815297,TCS,NSE,yfinance,1d
2023-03-22,3130.050048828125,3143.5,3106.10009765625,3130.800048828125,1123939,TCS,NSE,yfinance,1d
2023-03-23,3114.89990234375,3146.35009765625,3101.0,3124.64990234375,1372218,TCS,NSE,yfinance,1d
2023-03-24,3148.89990234375,3170.0,3106.0,3120.5,1329577,TCS,NSE,yfinance,1d
2023-03-27,3135.0,3152.75,3106.0,3122.300048828125,1524217,TCS,NSE,yfinance,1d
2023-03-28,3127.0,3149.550048828125,3110.14990234375,3115.89990234375,1303530,TCS,NSE,yfinance,1d
2023-03-29,3129.0,3150.0,3104.10009765625,3138.89990234375,1740616,TCS,NSE,yfinance,1d
2023-03-31,3189.949951171875,3213.0,3152.0,3205.89990234375,2382581,TCS,NSE,yfinance,1d
2023-04-03,3224.949951171875,3224.949951171875,3173.75,3200.0,1521830,TCS,NSE,yfinance,1d
2023-04-05,3185.5,3264.35009765625,3185.5,3239.800048828125,2655065,TCS,NSE,yfinance,1d
2023-04-06,3225.0,3257.35009765625,3215.0,3220.699951171875,1703464,TCS,NSE,yfinance,1d
2023-04-10,3220.0,3272.0,3215.0,3263.39990234375,2203187,TCS,NSE,yfinance,1d
2023-04-11,3264.0,3272.949951171875,3192.14990234375,3213.800048828125,2348779,TCS,NSE,yfinance,1d
2023-04-12,3227.949951171875,3260.949951171875,3199.0,3241.64990234375,2417727,TCS,NSE,yfinance,1d
2023-04-13,3210.0,3230.0,3180.0,3188.85009765625,4174070,TCS,NSE,yfinance,1d
2023-04-17,3134.10009765625,3163.39990234375,3070.25,3139.5,5505048,TCS,NSE,yfinance,1d
2023-04-18,3154.949951171875,3156.85009765625,3110.60009765625,3130.75,2617302,TCS,NSE,yfinance,1d
2023-04-19,3130.75,3140.0,3071.5,3089.60009765625,3298034,TCS,NSE,yfinance,1d
2023-04-20,3090.0,3113.0,3078.0,3104.800048828125,2419999,TCS,NSE,yfinance,1d
2023-04-21,3110.0,3164.449951171875,3100.800048828125,3160.85009765625,1929184,TCS,NSE,yfinance,1d
2023-04-24,3151.10009765625,3180.949951171875,3126.14990234375,3174.800048828125,1640676,TCS,NSE,yfinance,1d
2023-04-25,3183.0,3191.199951171875,3147.5,3176.0,2024090,TCS,NSE,yfinance,1d
2023-04-26,3181.0,3208.39990234375,3181.0,3198.14990234375,2000029,TCS,NSE,yfinance,1d
2023-04-27,3185.0,3199.199951171875,3170.64990234375,3187.949951171875,2434446,TCS,NSE,yfinance,1d
2023-04-28,3200.39990234375,3227.25,3196.25,3219.25,2931312,TCS,NSE,yfinance,1d
2023-05-02,3235.0,3235.0,3210.0,3219.39990234375,2321159,TCS,NSE,yfinance,1d
2023-05-03,3216.0,3216.0,3173.14990234375,3179.89990234375,2468285,TCS,NSE,yfinance,1d
2023-05-04,3180.14990234375,3224.449951171875,3178.0,3220.699951171875,1953253,TCS,NSE,yfinance,1d
2023-05-05,3220.0,3244.0,3210.050048828125,3230.699951171875,1710027,TCS,NSE,yfinance,1d
2023-05-08,3245.0,3254.85009765625,3231.300048828125,3250.60009765625,928235,TCS,NSE,yfinance,1d
2023-05-09,3252.60009765625,3298.0,3246.0,3283.25,1107375,TCS,NSE,yfinance,1d
2023-05-10,3290.0,3306.5,3266.050048828125,3286.800048828125,1559987,TCS,NSE,yfinance,1d
2023-05-11,3309.0,3309.699951171875,3272.0,3282.14990234375,1719623,TCS,NSE,yfinance,1d
2023-05-12,3279.14990234375,3290.0,3260.0,3274.300048828125,1027479,TCS,NSE,yfinance,1d
2023-05-15,3284.0,3292.0,3248.35009765625,3255.050048828125,1150390,TCS,NSE,yfinance,1d
2023-05-16,3256.199951171875,3285.0,3250.449951171875,3258.14990234375,986306,TCS,NSE,yfinance,1d
2023-05-17,3255.949951171875,3280.0,3198.25,3208.699951171875,1588815,TCS,NSE,yfinance,1d
2023-05-18,3225.949951171875,3228.949951171875,3195.0,3199.85009765625,1369364,TCS,NSE,yfinance,1d
2023-05-19,3210.0,3234.5,3203.050048828125,3222.85009765625,1152449,TCS,NSE,yfinance,1d
2023-05-22,3230.0,3308.449951171875,3217.050048828125,3298.699951171875,1333243,TCS,NSE,yfinance,1d
2023-05-23,3306.0,3327.949951171875,3290.10009765625,3297.050048828125,1687418,TCS,NSE,yfinance,1d
2023-05-24,3276.0,3317.199951171875,3276.0,3303.35009765625,1016555,TCS,NSE,yfinance,1d
2023-05-25,3294.0,3306.0,3267.10009765625,3293.5,1374917,TCS,NSE,yfinance,1d
2023-05-26,3293.5,3338.64990234375,3291.0,3328.89990234375,1791115,TCS,NSE,yfinance,1d
2023-05-29,3360.800048828125,3372.0,3312.0,3320.35009765625,1210372,TCS,NSE,yfinance,1d
2023-05-30,3315.0,3326.949951171875,3301.35009765625,3316.199951171875,1344224,TCS,NSE,yfinance,1d
2023-05-31,3309.0,3327.699951171875,3265.14990234375,3289.5,5815424,TCS,NSE,yfinance,1d
2023-06-01,3314.0,3340.0,3297.5,3324.0,1177314,TCS,NSE,yfinance,1d
2023-06-02,3326.25,3335.89990234375,3297.449951171875,3305.60009765625,2030661,TCS,NSE,yfinance,1d
2023-06-05,3315.0,3327.0,3285.050048828125,3288.89990234375,1861468,TCS,NSE,yfinance,1d
2023-06-06,3280.0,3288.85009765625,3220.60009765625,3232.300048828125,2022849,TCS,NSE,yfinance,1d
2023-06-07,3253.0,3278.85009765625,3241.0,3274.89990234375,1567196,TCS,NSE,yfinance,1d
2023-06-08,3261.0,3270.0,3233.0,3236.449951171875,1759366,TCS,NSE,yfinance,1d
2023-06-09,3245.0,3250.0,3205.35009765625,3209.300048828125,1775689,TCS,NSE,yfinance,1d
2023-06-12,3215.0,3254.39990234375,3211.0,3246.89990234375,2324605,TCS,NSE,yfinance,1d
2023-06-13,3260.0,3265.0,3239.0,3243.699951171875,1371928,TCS,NSE,yfinance,1d
2023-06-14,3243.699951171875,3255.85009765625,3225.85009765625,3251.050048828125,1658544,TCS,NSE,yfinance,1d
2023-06-15,3245.300048828125,3247.449951171875,3210.0,3216.300048828125,2273810,TCS,NSE,yfinance,1d
2023-06-16,3197.0,3199.39990234375,3156.0,3174.89990234375,4156189,TCS,NSE,yfinance,1d
2023-06-19,3190.0,3214.89990234375,3175.0,3210.39990234375,1468186,TCS,NSE,yfinance,1d
2023-06-20,3214.0,3232.5,3201.050048828125,3227.699951171875,1528452,TCS,NSE,yfinance,1d
2023-06-21,3250.0,3261.39990234375,3223.949951171875,3258.199951171875,1645987,TCS,NSE,yfinance,1d
2023-06-22,3260.0,3267.64990234375,3230.10009765625,3238.5,1529603,TCS,NSE,yfinance,1d
2023-06-23,3237.300048828125,3249.39990234375,3209.14990234375,3216.35009765625,1119505,TCS,NSE,yfinance,1d
2023-06-26,3205.0,3213.89990234375,3173.0,3189.64990234375,1978803,TCS,NSE,yfinance,1d
2023-06-27,3202.0,3209.64990234375,3182.300048828125,3197.35009765625,863542,TCS,NSE,yfinance,1d
2023-06-28,3208.0,3230.949951171875,3193.39990234375,3215.449951171875,1575872,TCS,NSE,yfinance,1d
2023-06-30,3220.0,3310.0,3214.10009765625,3302.25,2672406,TCS,NSE,yfinance,1d
2023-07-03,3314.300048828125,3318.800048828125,3268.75,3272.300048828125,1687264,TCS,NSE,yfinance,1d
2023-07-04,3290.0,3315.0,3277.300048828125,3308.85009765625,1656681,TCS,NSE,yfinance,1d
2023-07-05,3320.0,3329.0,3305.0,3319.949951171875,1453008,TCS,NSE,yfinance,1d
2023-07-06,3306.550048828125,3328.449951171875,3302.0,3322.89990234375,1848238,TCS,NSE,yfinance,1d
2023-07-07,3302.0,3356.89990234375,3302.0,3329.25,1789326,TCS,NSE,yfinance,1d
2023-07-10,3324.75,3324.75,3265.199951171875,3271.949951171875,1407431,TCS,NSE,yfinance,1d
2023-07-11,3295.0,3295.0,3260.800048828125,3272.39990234375,1110172,TCS,NSE,yfinance,1d
2023-07-12,3280.949951171875,3289.14990234375,3250.10009765625,3259.89990234375,1515240,TCS,NSE,yfinance,1d
2023-07-13,3284.0,3367.449951171875,3272.75,3340.550048828125,4585146,TCS,NSE,yfinance,1d
2023-07-14,3365.0,3524.85009765625,3352.0,3514.64990234375,6306101,TCS,NSE,yfinance,1d
2023-07-17,3510.0,3549.89990234375,3477.050048828125,3491.699951171875,2743228,TCS,NSE,yfinance,1d
2023-07-18,3476.0,3524.0,3465.0,3496.85009765625,2600090,TCS,NSE,yfinance,1d
2023-07-19,3500.0,3516.85009765625,3445.64990234375,3470.050048828125,2405370,TCS,NSE,yfinance,1d
2023-07-20,3453.10009765625,3478.89990234375,3436.050048828125,3463.300048828125,1715404,TCS,NSE,yfinance,1d
2023-07-21,3404.050048828125,3434.89990234375,3359.050048828125,3368.300048828125,3770223,TCS,NSE,yfinance,1d
2023-07-24,3381.0,3413.449951171875,3372.10009765625,3394.75,1680132,TCS,NSE,yfinance,1d
2023-07-25,3397.5,3406.800048828125,3380.199951171875,3399.14990234375,1272980,TCS,NSE,yfinance,1d
2023-07-26,3400.35009765625,3420.85009765625,3385.0,3388.300048828125,1066803,TCS,NSE,yfinance,1d
2023-07-27,3394.949951171875,3411.64990234375,3385.050048828125,3396.89990234375,1701769,TCS,NSE,yfinance,1d
2023-07-28,3385.0,3393.699951171875,3331.0,3355.39990234375,2599831,TCS,NSE,yfinance,1d
2023-07-31,3364.39990234375,3426.64990234375,3360.89990234375,3421.449951171875,2743678,TCS,NSE,yfinance,1d
2023-08-01,3415.0,3460.0,3415.0,3452.050048828125,1956167,TCS,NSE,yfinance,1d
2023-08-02,3434.949951171875,3446.39990234375,3413.60009765625,3440.64990234375,1914899,TCS,NSE,yfinance,1d
2023-08-03,3420.0,3433.25,3368.0,3399.949951171875,2026351,TCS,NSE,yfinance,1d
2023-08-04,3401.25,3471.0,3401.25,3443.550048828125,2248493,TCS,NSE,yfinance,1d
2023-08-07,3453.949951171875,3488.0,3441.25,3484.050048828125,1853889,TCS,NSE,yfinance,1d
2023-08-08,3484.050048828125,3489.949951171875,3456.60009765625,3470.60009765625,1634225,TCS,NSE,yfinance,1d
2023-08-09,3464.89990234375,3467.0,3425.050048828125,3462.5,1794589,TCS,NSE,yfinance,1d
2023-08-10,3450.0,3464.89990234375,3430.050048828125,3442.10009765625,1096701,TCS,NSE,yfinance,1d
2023-08-11,3438.10009765625,3466.64990234375,3414.0,3448.800048828125,1679974,TCS,NSE,yfinance,1d
2023-08-14,3440.699951171875,3455.0,3411.0,3449.85009765625,1190425,TCS,NSE,yfinance,1d
2023-08-16,3450.0,3466.0,3435.199951171875,3458.39990234375,1328445,TCS,NSE,yfinance,1d
2023-08-17,3455.0,3460.800048828125,3413.199951171875,3435.75,1843241,TCS,NSE,yfinance,1d
2023-08-18,3410.0,3410.0,3356.5,3367.10009765625,2526749,TCS,NSE,yfinance,1d
2023-08-21,3375.0,3409.75,3372.0,3401.64990234375,1375579,TCS,NSE,yfinance,1d
2023-08-22,3400.0,3411.0,3365.050048828125,3382.14990234375,1222012,TCS,NSE,yfinance,1d
2023-08-23,3388.0,3402.0,3376.0,3398.25,1330046,TCS,NSE,yfinance,1d
2023-08-24,3408.0,3413.050048828125,3378.10009765625,3387.75,1152881,TCS,NSE,yfinance,1d
2023-08-25,3375.0,3385.800048828125,3350.25,3381.300048828125,1158046,TCS,NSE,yfinance,1d
2023-08-28,3394.0,3394.0,3360.10009765625,3375.550048828125,1037485,TCS,NSE,yfinance,1d
2023-08-29,3381.050048828125,3389.550048828125,3365.0,3376.14990234375,944517,TCS,NSE,yfinance,1d
2023-08-30,3398.0,3408.10009765625,3383.050048828125,3390.949951171875,1188200,TCS,NSE,yfinance,1d
2023-08-31,3401.0,3417.39990234375,3343.64990234375,3356.800048828125,3417652,TCS,NSE,yfinance,1d
2023-09-01,3366.0,3389.0,3356.800048828125,3379.199951171875,1277950,TCS,NSE,yfinance,1d
2023-09-04,3378.0,3432.85009765625,3370.050048828125,3418.5,1828332,TCS,NSE,yfinance,1d
2023-09-05,3420.0,3447.0,3405.14990234375,3429.35009765625,1501842,TCS,NSE,yfinance,1d
2023-09-06,3434.0,3443.89990234375,3398.10009765625,3429.89990234375,1314818,TCS,NSE,yfinance,1d
2023-09-07,3430.800048828125,3460.0,3422.300048828125,3455.25,1885092,TCS,NSE,yfinance,1d
2023-09-08,3455.25,3465.0,3435.050048828125,3441.89990234375,1518917,TCS,NSE,yfinance,1d
2023-09-11,3462.0,3485.699951171875,3445.0,3480.64990234375,1783604,TCS,NSE,yfinance,1d
2023-09-12,3492.0,3589.89990234375,3483.0,3580.800048828125,4476016,TCS,NSE,yfinance,1d
2023-09-13,3571.10009765625,3588.85009765625,3545.0,3567.85009765625,1754929,TCS,NSE,yfinance,1d
2023-09-14,3570.050048828125,3597.699951171875,3545.60009765625,3560.050048828125,2604721,TCS,NSE,yfinance,1d
2023-09-15,3567.85009765625,3607.35009765625,3562.449951171875,3598.300048828125,2952897,TCS,NSE,yfinance,1d
2023-09-18,3580.050048828125,3619.300048828125,3575.25,3606.14990234375,1395753,TCS,NSE,yfinance,1d
2023-09-20,3580.0,3625.0,3580.0,3606.050048828125,1649396,TCS,NSE,yfinance,1d
2023-09-21,3588.550048828125,3605.0,3528.0,3585.300048828125,2004073,TCS,NSE,yfinance,1d
2023-09-22,3584.0,3633.75,3565.050048828125,3603.64990234375,1989083,TCS,NSE,yfinance,1d
2023-09-25,3602.5,3620.0,3558.64990234375,3577.14990234375,1238778,TCS,NSE,yfinance,1d
2023-09-26,3567.60009765625,3594.949951171875,3536.0,3585.699951171875,1726062,TCS,NSE,yfinance,1d
2023-09-27,3590.0,3614.0,3555.699951171875,3589.300048828125,1541134,TCS,NSE,yfinance,1d
2023-09-28,3600.0,3602.800048828125,3527.35009765625,3536.75,1755753,TCS,NSE,yfinance,1d
2023-09-29,3537.199951171875,3568.449951171875,3505.550048828125,3528.60009765625,2243791,TCS,NSE,yfinance,1d
2023-10-03,3534.199951171875,3534.199951171875,3480.10009765625,3513.85009765625,1948148,TCS,NSE,yfinance,1d
2023-10-04,3486.300048828125,3548.0,3477.300048828125,3537.75,1788138,TCS,NSE,yfinance,1d
2023-10-05,3554.0,3624.0,3551.199951171875,3589.35009765625,2990768,TCS,NSE,yfinance,1d
2023-10-06,3591.0,3634.949951171875,3575.050048828125,3621.39990234375,2075691,TCS,NSE,yfinance,1d
2023-10-09,3645.050048828125,3679.0,3631.0,3638.35009765625,4233074,TCS,NSE,yfinance,1d
2023-10-10,3640.050048828125,3648.0,3601.35009765625,3628.89990234375,1848148,TCS,NSE,yfinance,1d
2023-10-11,3650.0,3650.0,3605.0,3609.89990234375,2426417,TCS,NSE,yfinance,1d
2023-10-12,3575.0,3588.64990234375,3538.10009765625,3542.550048828125,4241281,TCS,NSE,yfinance,1d
2023-10-13,3530.0,3577.0,3525.0,3570.85009765625,2890357,TCS,NSE,yfinance,1d
2023-10-16,3566.0,3574.64990234375,3519.10009765625,3524.050048828125,1671104,TCS,NSE,yfinance,1d
2023-10-17,3530.0,3534.14990234375,3503.35009765625,3507.050048828125,1672065,TCS,NSE,yfinance,1d
2023-10-18,3511.0,3522.699951171875,3484.0,3487.25,1408245,TCS,NSE,yfinance,1d
2023-10-19,3469.5,3476.85009765625,3451.89990234375,3455.64990234375,1514545,TCS,NSE,yfinance,1d
2023-10-20,3450.39990234375,3499.5,3444.050048828125,3494.550048828125,1481211,TCS,NSE,yfinance,1d
2023-10-23,3473.0,3478.949951171875,3401.300048828125,3410.14990234375,1106272,TCS,NSE,yfinance,1d
2023-10-25,3390.5,3425.0,3377.199951171875,3390.10009765625,1518537,TCS,NSE,yfinance,1d
2023-10-26,3368.050048828125,3373.699951171875,3330.0,3336.75,1984471,TCS,NSE,yfinance,1d
2023-10-27,3350.0,3362.0,3337.0,3350.949951171875,1108851,TCS,NSE,yfinance,1d
2023-10-30,3350.0,3382.85009765625,3333.75,3378.550048828125,910972,TCS,NSE,yfinance,1d
2023-10-31,3399.0,3399.0,3350.050048828125,3368.75,999811,TCS,NSE,yfinance,1d
2023-11-01,3355.0,3371.60009765625,3311.0,3330.64990234375,1563475,TCS,NSE,yfinance,1d
2023-11-02,3343.199951171875,3375.949951171875,3343.199951171875,3360.10009765625,1245384,TCS,NSE,yfinance,1d
2023-11-03,3382.0,3387.89990234375,3344.300048828125,3350.89990234375,1402598,TCS,NSE,yfinance,1d
2023-11-06,3375.0,3392.300048828125,3359.0,3380.25,1099852,TCS,NSE,yfinance,1d
2023-11-07,3378.0,3404.14990234375,3366.0,3370.449951171875,1191144,TCS,NSE,yfinance,1d
2023-11-08,3371.449951171875,3401.949951171875,3369.550048828125,3381.550048828125,992899,TCS,NSE,yfinance,1d
2023-11-09,3390.10009765625,3391.5,3342.050048828125,3347.449951171875,2112352,TCS,NSE,yfinance,1d
2023-11-10,3338.0,3347.449951171875,3322.35009765625,3333.449951171875,1338557,TCS,NSE,yfinance,1d
2023-11-13,3356.0,3356.0,3327.0,3331.550048828125,1030990,TCS,NSE,yfinance,1d
2023-11-15,3383.10009765625,3413.0,3356.050048828125,3404.300048828125,2059802,TCS,NSE,yfinance,1d
2023-11-16,3430.050048828125,3529.35009765625,3414.199951171875,3497.85009765625,3951984,TCS,NSE,yfinance,1d
2023-11-17,3497.85009765625,3524.5,3492.550048828125,3502.449951171875,2021292,TCS,NSE,yfinance,1d
2023-11-20,3491.25,3533.89990234375,3491.25,3519.60009765625,1475621,TCS,NSE,yfinance,1d
2023-11-21,3519.60009765625,3539.050048828125,3501.0,3510.199951171875,1807236,TCS,NSE,yfinance,1d
2023-11-22,3500.0,3532.64990234375,3481.10009765625,3530.14990234375,1798051,TCS,NSE,yfinance,1d
2023-11-23,3530.0,3544.0,3500.0,3508.25,2729804,TCS,NSE,yfinance,1d
2023-11-24,3494.25,3504.550048828125,3453.0,3457.10009765625,1989733,TCS,NSE,yfinance,1d
2023-11-28,3457.10009765625,3481.25,3433.0,3470.14990234375,1689195,TCS,NSE,yfinance,1d
2023-11-29,3481.0,3518.0,3475.800048828125,3513.75,1441634,TCS,NSE,yfinance,1d
2023-11-30,3499.449951171875,3516.64990234375,3481.0,3487.60009765625,3266235,TCS,NSE,yfinance,1d
2023-12-01,3500.0,3516.949951171875,3490.050048828125,3511.64990234375,1172141,TCS,NSE,yfinance,1d
2023-12-04,3544.64990234375,3547.800048828125,3498.0,3512.449951171875,1625213,TCS,NSE,yfinance,1d
2023-12-05,3538.0,3538.0,3502.800048828125,3531.60009765625,1377656,TCS,NSE,yfinance,1d
2023-12-06,3532.60009765625,3612.85009765625,3525.14990234375,3604.10009765625,1896572,TCS,NSE,yfinance,1d
2023-12-07,3605.0,3630.550048828125,3591.699951171875,3614.89990234375,1967653,TCS,NSE,yfinance,1d
2023-12-08,3633.0,3645.0,3602.050048828125,3626.699951171875,1641155,TCS,NSE,yfinance,1d
2023-12-11,3622.89990234375,3653.0,3615.0,3642.89990234375,1102503,TCS,NSE,yfinance,1d
2023-12-12,3638.949951171875,3698.39990234375,3631.0,3672.10009765625,2236866,TCS,NSE,yfinance,1d
2023-12-13,3643.550048828125,3650.0,3563.0,3593.550048828125,3850968,TCS,NSE,yfinance,1d
2023-12-14,3630.0,3678.0,3627.60009765625,3667.25,3290396,TCS,NSE,yfinance,1d
2023-12-15,3666.699951171875,3895.949951171875,3666.699951171875,3861.0,8531230,TCS,NSE,yfinance,1d
2023-12-18,3858.10009765625,3929.0,3830.14990234375,3859.199951171875,2521612,TCS,NSE,yfinance,1d
2023-12-19,3845.0,3855.10009765625,3790.0,3816.199951171875,2004435,TCS,NSE,yfinance,1d
2023-12-20,3827.25,3898.800048828125,3766.550048828125,3780.050048828125,2586083,TCS,NSE,yfinance,1d
2023-12-21,3756.25,3806.699951171875,3743.35009765625,3787.5,1517562,TCS,NSE,yfinance,1d
2023-12-22,3800.0,3845.949951171875,3762.0,3824.0,2413058,TCS,NSE,yfinance,1d
2023-12-26,3819.85009765625,3834.0,3790.14990234375,3795.550048828125,1285231,TCS,NSE,yfinance,1d
2023-12-27,3799.0,3818.199951171875,3768.0,3811.199951171875,1293976,TCS,NSE,yfinance,1d
2023-12-28,3824.0,3838.0,3792.10009765625,3799.89990234375,1682889,TCS,NSE,yfinance,1d
2023-12-29,3792.0,3822.60009765625,3765.39990234375,3793.39990234375,1574996,TCS,NSE,yfinance,1d
2024-01-01,3790.0,3832.0,3773.0,3811.10009765625,825907,TCS,NSE,yfinance,1d
2024-01-02,3811.10009765625,3811.10009765625,3767.25,3783.199951171875,1344068,TCS,NSE,yfinance,1d
2024-01-03,3767.0,3771.85009765625,3687.050048828125,3691.75,1803075,TCS,NSE,yfinance,1d
2024-01-04,3701.75,3719.0,3651.0,3666.800048828125,3598144,TCS,NSE,yfinance,1d
2024-01-05,3675.0,3747.75,3674.85009765625,3737.89990234375,1963127,TCS,NSE,yfinance,1d
2024-01-08,3737.89990234375,3739.75,3672.39990234375,3678.300048828125,1067805,TCS,NSE,yfinance,1d
2024-01-09,3709.949951171875,3752.35009765625,3682.75,3689.89990234375,1370944,TCS,NSE,yfinance,1d
2024-01-10,3690.0,3729.25,3688.0,3713.050048828125,1292227,TCS,NSE,yfinance,1d
2024-01-11,3724.0,3773.0,3707.0,3735.550048828125,1777909,TCS,NSE,yfinance,1d
2024-01-12,3848.0,3905.25,3821.60009765625,3882.800048828125,6813450,TCS,NSE,yfinance,1d
2024-01-15,3960.0,3965.0,3885.0,3903.800048828125,2801505,TCS,NSE,yfinance,1d
2024-01-16,3899.0,3899.0,3855.550048828125,3861.300048828125,1432672,TCS,NSE,yfinance,1d
2024-01-17,3819.0,3909.949951171875,3812.550048828125,3884.60009765625,3458696,TCS,NSE,yfinance,1d
2024-01-18,3898.0,3908.800048828125,3862.0,3902.60009765625,2239110,TCS,NSE,yfinance,1d
2024-01-19,3945.0,3963.550048828125,3915.050048828125,3943.050048828125,2941975,TCS,NSE,yfinance,1d
2024-01-23,3900.0,3933.89990234375,3842.75,3858.25,2618854,TCS,NSE,yfinance,1d
2024-01-24,3880.0,3883.64990234375,3805.60009765625,3841.800048828125,2657709,TCS,NSE,yfinance,1d
2024-01-25,3839.89990234375,3861.0,3778.699951171875,3810.300048828125,2205154,TCS,NSE,yfinance,1d
2024-01-29,3800.800048828125,3820.0,3780.85009765625,3801.0,1646747,TCS,NSE,yfinance,1d
2024-01-30,3807.449951171875,3847.800048828125,3787.0,3800.550048828125,1411621,TCS,NSE,yfinance,1d
2024-01-31,3811.199951171875,3834.0,3796.449951171875,3815.949951171875,2459358,TCS,NSE,yfinance,1d
2024-02-01,3820.0,3904.89990234375,3805.050048828125,3854.14990234375,2363107,TCS,NSE,yfinance,1d
2024-02-02,3875.050048828125,3984.39990234375,3872.0,3966.300048828125,2826510,TCS,NSE,yfinance,1d
2024-02-05,3983.0,4022.0,3962.10009765625,3973.300048828125,1691523,TCS,NSE,yfinance,1d
2024-02-06,3997.0,4149.89990234375,3990.0,4136.0,4474396,TCS,NSE,yfinance,1d
2024-02-07,4153.0,4155.0,4073.949951171875,4083.39990234375,2124267,TCS,NSE,yfinance,1d
2024-02-08,4090.0,4158.0,4086.050048828125,4134.10009765625,2345173,TCS,NSE,yfinance,1d
2024-02-09,4136.5498046875,4184.75,4100.0,4133.7001953125,2100596,TCS,NSE,yfinance,1d
2024-02-12,4130.0,4159.60009765625,4105.5498046875,4120.7001953125,1013716,TCS,NSE,yfinance,1d
2024-02-13,4125.4501953125,4170.0,4081.5,4149.5,1257415,TCS,NSE,yfinance,1d
2024-02-14,4107.0,4114.89990234375,4049.5,4100.10009765625,1391283,TCS,NSE,yfinance,1d
2024-02-15,4128.0,4146.2998046875,4083.0,4103.2001953125,1091582,TCS,NSE,yfinance,1d
2024-02-16,4113.25,4147.9501953125,4100.10009765625,4128.2998046875,1307556,TCS,NSE,yfinance,1d
2024-02-19,4123.0498046875,4128.2998046875,4055.0,4103.7998046875,772291,TCS,NSE,yfinance,1d
2024-02-20,4082.10009765625,4098.0,4010.0,4030.64990234375,1193648,TCS,NSE,yfinance,1d
2024-02-21,4013.0,4063.35009765625,3980.60009765625,3991.5,1885939,TCS,NSE,yfinance,1d
2024-02-22,3971.0,4094.949951171875,3971.0,4087.10009765625,2982052,TCS,NSE,yfinance,1d
2024-02-23,4130.0,4130.0,4046.39990234375,4052.10009765625,2538072,TCS,NSE,yfinance,1d
2024-02-26,4036.0,4050.0,3982.75,4001.050048828125,1379284,TCS,NSE,yfinance,1d
2024-02-27,3999.0,4124.0,3999.0,4104.39990234375,2960475,TCS,NSE,yfinance,1d
2024-02-28,4095.60009765625,4154.89990234375,4089.0,4118.9501953125,1939225,TCS,NSE,yfinance,1d
2024-02-29,4099.0,4138.10009765625,4064.550048828125,4095.10009765625,3772719,TCS,NSE,yfinance,1d
2024-03-01,4107.2001953125,4140.0,4086.800048828125,4094.35009765625,2043265,TCS,NSE,yfinance,1d
2024-03-04,4105.0,4117.89990234375,4075.89990234375,4080.699951171875,1749271,TCS,NSE,yfinance,1d
2024-03-05,4062.0,4064.0,3980.0,4012.10009765625,2070859,TCS,NSE,yfinance,1d
2024-03-06,3994.050048828125,4072.0,3958.449951171875,4064.300048828125,1744204,TCS,NSE,yfinance,1d
2024-03-07,4065.0,4124.0,4037.699951171875,4108.60009765625,2688905,TCS,NSE,yfinance,1d
2024-03-11,4089.0,4153.0,4089.0,4122.35009765625,2304068,TCS,NSE,yfinance,1d
2024-03-12,4122.35009765625,4229.9501953125,4121.0498046875,4192.25,4039801,TCS,NSE,yfinance,1d
2024-03-13,4205.0,4241.0,4131.89990234375,4149.0,2837260,TCS,NSE,yfinance,1d
2024-03-14,4153.4501953125,4225.0,4086.0,4207.60009765625,2919608,TCS,NSE,yfinance,1d
2024-03-15,4192.60009765625,4239.0,4177.0,4219.25,3373143,TCS,NSE,yfinance,1d
2024-03-18,4215.25,4254.75,4117.85009765625,4152.5,1526904,TCS,NSE,yfinance,1d
2024-03-19,4051.25,4058.0,3966.60009765625,3977.300048828125,8931209,TCS,NSE,yfinance,1d
2024-03-20,3986.0,4018.0,3960.199951171875,3970.89990234375,1817913,TCS,NSE,yfinance,1d
2024-03-21,3990.050048828125,4008.39990234375,3948.0,3972.949951171875,3829582,TCS,NSE,yfinance,1d
2024-03-22,3897.0,3938.0,3855.0,3910.89990234375,5852485,TCS,NSE,yfinance,1d
2024-03-26,3875.0,3946.699951171875,3871.449951171875,3877.5,3440925,TCS,NSE,yfinance,1d
2024-03-27,3888.5,3895.0,3829.39990234375,3840.89990234375,1968575,TCS,NSE,yfinance,1d
2024-03-28,3850.10009765625,3915.0,3840.5,3876.300048828125,4311783,TCS,NSE,yfinance,1d
2024-04-01,3897.699951171875,3933.300048828125,3888.050048828125,3916.75,1569676,TCS,NSE,yfinance,1d
2024-04-02,3890.0,3909.85009765625,3873.0,3883.800048828125,2142666,TCS,NSE,yfinance,1d
2024-04-03,3851.0,3981.0,3851.0,3947.300048828125,3973090,TCS,NSE,yfinance,1d
2024-04-04,3975.89990234375,4028.64990234375,3935.25,4003.300048828125,3394637,TCS,NSE,yfinance,1d
2024-04-05,3978.0,4002.0,3960.5,3979.25,1636819,TCS,NSE,yfinance,1d
2024-04-08,3983.0,4032.64990234375,3960.0,3972.550048828125,2302538,TCS,NSE,yfinance,1d
2024-04-09,3984.0,4015.85009765625,3925.050048828125,3946.550048828125,1876992,TCS,NSE,yfinance,1d
2024-04-10,3956.39990234375,3990.199951171875,3918.0,3984.64990234375,2101965,TCS,NSE,yfinance,1d
2024-04-12,3971.0,4013.35009765625,3945.5,4001.39990234375,4354821,TCS,NSE,yfinance,1d
2024-04-15,4001.39990234375,4064.199951171875,3919.050048828125,3941.199951171875,4200329,TCS,NSE,yfinance,1d
2024-04-16,3902.0,3928.699951171875,3862.85009765625,3872.800048828125,3051420,TCS,NSE,yfinance,1d
2024-04-18,3876.800048828125,3936.0,3850.0,3862.0,3476284,TCS,NSE,yfinance,1d
2024-04-19,3838.0,3852.550048828125,3800.89990234375,3826.199951171875,2957749,TCS,NSE,yfinance,1d
2024-04-22,3837.0,3878.0,3812.0,3864.60009765625,1728883,TCS,NSE,yfinance,1d
2024-04-23,3877.050048828125,3895.0,3860.60009765625,3874.699951171875,1807586,TCS,NSE,yfinance,1d
2024-04-24,3890.0,3898.0,3824.449951171875,3831.050048828125,1317312,TCS,NSE,yfinance,1d
2024-04-25,3811.199951171875,3873.64990234375,3811.0,3852.199951171875,2856271,TCS,NSE,yfinance,1d
2024-04-26,3855.14990234375,3876.800048828125,3802.550048828125,3821.35009765625,2039178,TCS,NSE,yfinance,1d
2024-04-29,3838.0,3877.800048828125,3819.199951171875,3870.199951171875,1110693,TCS,NSE,yfinance,1d
2024-04-30,3872.0,3881.75,3810.0,3820.64990234375,2203078,TCS,NSE,yfinance,1d
2024-05-02,3778.050048828125,3871.10009765625,3778.050048828125,3863.300048828125,2491044,TCS,NSE,yfinance,1d
2024-05-03,3890.14990234375,3893.60009765625,3797.60009765625,3843.39990234375,2962234,TCS,NSE,yfinance,1d
2024-05-06,3853.0,3939.949951171875,3853.0,3921.050048828125,2053831,TCS,NSE,yfinance,1d
2024-05-07,3930.800048828125,3988.0,3913.5,3978.949951171875,2062112,TCS,NSE,yfinance,1d
2024-05-08,3961.0,3984.300048828125,3938.60009765625,3976.949951171875,1247685,TCS,NSE,yfinance,1d
2024-05-09,3962.0,3971.0,3910.050048828125,3960.199951171875,1726486,TCS,NSE,yfinance,1d
2024-05-10,3962.60009765625,3973.60009765625,3885.050048828125,3893.89990234375,1672489,TCS,NSE,yfinance,1d
2024-05-13,3884.5,3955.0,3870.0,3947.800048828125,931326,TCS,NSE,yfinance,1d
2024-05-14,3936.0,3945.800048828125,3892.89990234375,3901.199951171875,1058317,TCS,NSE,yfinance,1d
2024-05-15,3904.5,3926.949951171875,3875.5,3880.39990234375,1115021,TCS,NSE,yfinance,1d
2024-05-16,3891.10009765625,3909.5,3843.5,3900.949951171875,2599399,TCS,NSE,yfinance,1d
2024-05-17,3919.0,3920.0,3830.0,3834.10009765625,2765804,TCS,NSE,yfinance,1d
2024-05-21,3830.60009765625,3844.75,3810.050048828125,3820.199951171875,1908117,TCS,NSE,yfinance,1d
2024-05-22,3835.0,3841.25,3817.550048828125,3832.0,1311168,TCS,NSE,yfinance,1d
2024-05-23,3840.949951171875,3905.0,3825.5,3893.449951171875,2095742,TCS,NSE,yfinance,1d
2024-05-24,3878.25,3883.800048828125,3844.300048828125,3849.5,1309452,TCS,NSE,yfinance,1d
2024-05-27,3855.0,3908.35009765625,3841.35009765625,3847.050048828125,1841538,TCS,NSE,yfinance,1d
2024-05-28,3858.0,3870.0,3830.0,3839.89990234375,1801993,TCS,NSE,yfinance,1d
2024-05-29,3848.89990234375,3848.89990234375,3800.0,3803.64990234375,1568095,TCS,NSE,yfinance,1d
2024-05-30,3777.0,3794.39990234375,3715.449951171875,3736.10009765625,2919230,TCS,NSE,yfinance,1d
2024-05-31,3740.0,3749.800048828125,3653.75,3670.949951171875,10956800,TCS,NSE,yfinance,1d
2024-06-03,3732.800048828125,3751.550048828125,3696.0,3702.85009765625,2156773,TCS,NSE,yfinance,1d
2024-06-04,3700.0,3745.0,3591.5,3715.0,3395997,TCS,NSE,yfinance,1d
2024-06-05,3716.0,3783.800048828125,3700.0,3746.449951171875,2799670,TCS,NSE,yfinance,1d
2024-06-06,3781.0,3839.89990234375,3741.5,3830.39990234375,4328036,TCS,NSE,yfinance,1d
2024-06-07,3837.300048828125,3915.0,3837.300048828125,3893.949951171875,4552445,TCS,NSE,yfinance,1d
2024-06-10,3895.0,3905.89990234375,3841.89990234375,3858.699951171875,1734661,TCS,NSE,yfinance,1d
2024-06-11,3845.0,3879.949951171875,3841.0,3852.10009765625,1419898,TCS,NSE,yfinance,1d
2024-06-12,3874.39990234375,3893.5,3827.449951171875,3831.64990234375,2177001,TCS,NSE,yfinance,1d
2024-06-13,3856.800048828125,3890.0,3852.0,3878.14990234375,1932323,TCS,NSE,yfinance,1d
2024-06-14,3889.0,3889.0,3828.0,3832.050048828125,1860730,TCS,NSE,yfinance,1d
2024-06-18,3826.050048828125,3842.0,3795.050048828125,3815.10009765625,1774045,TCS,NSE,yfinance,1d
2024-06-19,3827.64990234375,3833.85009765625,3792.949951171875,3801.699951171875,1509050,TCS,NSE,yfinance,1d
2024-06-20,3796.0,3809.949951171875,3780.050048828125,3787.25,2846526,TCS,NSE,yfinance,1d
2024-06-21,3827.0,3877.800048828125,3798.050048828125,3810.75,4642195,TCS,NSE,yfinance,1d
2024-06-24,3808.75,3857.0,3791.300048828125,3816.800048828125,1702154,TCS,NSE,yfinance,1d
2024-06-25,3817.0,3847.64990234375,3792.89990234375,3838.449951171875,1338808,TCS,NSE,yfinance,1d
2024-06-26,3844.5,3866.949951171875,3841.0,3855.85009765625,1639845,TCS,NSE,yfinance,1d
2024-06-27,3831.0,3942.0,3818.10009765625,3934.14990234375,4526556,TCS,NSE,yfinance,1d
2024-06-28,3917.800048828125,3960.0,3897.85009765625,3904.14990234375,2731571,TCS,NSE,yfinance,1d
2024-07-01,3884.0,4001.699951171875,3884.0,3978.199951171875,2658723,TCS,NSE,yfinance,1d
2024-07-02,3993.60009765625,4023.39990234375,3982.550048828125,4017.39990234375,2307449,TCS,NSE,yfinance,1d
2024-07-03,4020.0,4026.10009765625,3955.0,3965.25,1821198,TCS,NSE,yfinance,1d
2024-07-04,3999.85009765625,4047.35009765625,3982.10009765625,4020.949951171875,2518001,TCS,NSE,yfinance,1d
2024-07-05,4010.0,4026.75,3988.0,4011.800048828125,1668616,TCS,NSE,yfinance,1d
2024-07-08,4022.0,4031.25,3978.050048828125,3993.199951171875,1758882,TCS,NSE,yfinance,1d
2024-07-09,3985.0,4006.949951171875,3975.10009765625,3985.5,1305801,TCS,NSE,yfinance,1d
2024-07-10,3983.699951171875,4003.300048828125,3902.0,3909.14990234375,2669716,TCS,NSE,yfinance,1d
2024-07-11,3931.0,3980.0,3895.60009765625,3923.699951171875,4872189,TCS,NSE,yfinance,1d
2024-07-12,3980.0,4199.9501953125,3971.300048828125,4183.9501953125,13509164,TCS,NSE,yfinance,1d
2024-07-15,4235.7001953125,4240.0,4157.0498046875,4169.2001953125,4848030,TCS,NSE,yfinance,1d
2024-07-16,4172.0,4194.5498046875,4144.89990234375,4178.4501953125,2029521,TCS,NSE,yfinance,1d
2024-07-18,4160.0,4325.0,4160.0,4315.5498046875,5613364,TCS,NSE,yfinance,1d
2024-07-19,4317.39990234375,4358.75,4285.25,4302.39990234375,3903354,TCS,NSE,yfinance,1d
2024-07-22,4299.9501953125,4319.9501953125,4265.0,4287.35009765625,1896386,TCS,NSE,yfinance,1d
2024-07-23,4283.0,4361.7001953125,4266.2998046875,4302.35009765625,2365208,TCS,NSE,yfinance,1d
2024-07-24,4287.5,4339.10009765625,4268.10009765625,4306.25,1809793,TCS,NSE,yfinance,1d
2024-07-25,4295.0,4343.0,4274.2001953125,4322.5,2810342,TCS,NSE,yfinance,1d
2024-07-26,4350.0,4422.4501953125,4337.0498046875,4387.85009765625,3552210,TCS,NSE,yfinance,1d
2024-07-29,4415.0,4431.0,4371.0,4381.10009765625,1746803,TCS,NSE,yfinance,1d
2024-07-30,4391.10009765625,4398.0,4327.2998046875,4365.35009765625,1797906,TCS,NSE,yfinance,1d
2024-07-31,4350.0,4414.0,4345.0,4385.35009765625,2330091,TCS,NSE,yfinance,1d
2024-08-01,4399.39990234375,4419.2998046875,4365.0498046875,4397.10009765625,2202244,TCS,NSE,yfinance,1d
2024-08-02,4365.0,4398.0,4270.0,4283.0498046875,2811282,TCS,NSE,yfinance,1d
2024-08-05,4239.0,4239.0,4110.5,4155.0498046875,2787771,TCS,NSE,yfinance,1d
2024-08-06,4170.9501953125,4258.25,4160.7998046875,4171.2001953125,2203067,TCS,NSE,yfinance,1d
2024-08-07,4228.0,4244.9501953125,4180.2998046875,4200.4501953125,1237666,TCS,NSE,yfinance,1d
2024-08-08,4181.0,4232.0,4160.0,4172.5498046875,2441283,TCS,NSE,yfinance,1d
2024-08-09,4217.0,4253.64990234375,4205.5498046875,4228.75,1302536,TCS,NSE,yfinance,1d
2024-08-12,4230.0,4239.0,4186.35009765625,4195.64990234375,936912,TCS,NSE,yfinance,1d
2024-08-13,4213.0,4234.0,4183.0,4196.9501953125,1495593,TCS,NSE,yfinance,1d
2024-08-14,4209.0,4306.2001953125,4188.14990234375,4295.25,3226545,TCS,NSE,yfinance,1d
2024-08-16,4350.0,4427.0,4325.10009765625,4416.0498046875,3457058,TCS,NSE,yfinance,1d
2024-08-19,4421.0,4494.25,4390.35009765625,4490.0,2055210,TCS,NSE,yfinance,1d
2024-08-20,4505.0,4565.0,4500.0,4523.2998046875,2212298,TCS,NSE,yfinance,1d
2024-08-21,4518.0,4560.0,4492.5498046875,4551.5,1896990,TCS,NSE,yfinance,1d
2024-08-22,4560.0,4560.9501953125,4497.2001953125,4502.0,1829872,TCS,NSE,yfinance,1d
2024-08-23,4500.0,4506.0,4455.0,4463.89990234375,1809253,TCS,NSE,yfinance,1d
2024-08-26,4489.0,4552.14990234375,4485.0,4502.4501953125,1844164,TCS,NSE,yfinance,1d
2024-08-27,4505.0,4510.0,4486.7998046875,4497.14990234375,930697,TCS,NSE,yfinance,1d
2024-08-28,4498.75,4562.5,4457.2998046875,4506.0498046875,1848058,TCS,NSE,yfinance,1d
2024-08-29,4460.0,4556.0,4460.0,4511.7998046875,2133641,TCS,NSE,yfinance,1d
2024-08-30,4500.0,4592.25,4487.7998046875,4553.75,3637222,TCS,NSE,yfinance,1d
2024-09-02,4576.0,4588.0,4512.0,4521.0498046875,1216500,TCS,NSE,yfinance,1d
2024-09-03,4521.0498046875,4555.89990234375,4495.89990234375,4512.35009765625,1717263,TCS,NSE,yfinance,1d
2024-09-04,4476.9501953125,4487.0,4436.7001953125,4479.25,1265505,TCS,NSE,yfinance,1d
2024-09-05,4481.0,4499.0,4454.14990234375,4475.9501953125,1688793,TCS,NSE,yfinance,1d
2024-09-06,4473.9501953125,4518.9501953125,4440.0,4456.75,1649179,TCS,NSE,yfinance,1d
2024-09-09,4455.0,4490.25,4430.5,4449.5498046875,1184938,TCS,NSE,yfinance,1d
2024-09-10,4442.4501953125,4539.9501953125,4440.4501953125,4507.85009765625,1385591,TCS,NSE,yfinance,1d
2024-09-11,4521.4501953125,4549.35009765625,4471.25,4479.35009765625,1325919,TCS,NSE,yfinance,1d
2024-09-12,4510.25,4532.60009765625,4431.2998046875,4517.7001953125,2742216,TCS,NSE,yfinance,1d
2024-09-13,4530.0,4547.0,4505.0,4522.60009765625,1458786,TCS,NSE,yfinance,1d
2024-09-16,4527.0,4546.0498046875,4494.4501953125,4513.25,1155120,TCS,NSE,yfinance,1d
2024-09-17,4513.25,4535.7998046875,4466.0,4505.64990234375,1699364,TCS,NSE,yfinance,1d
2024-09-18,4497.0498046875,4497.0498046875,4321.0,4346.14990234375,2961779,TCS,NSE,yfinance,1d
2024-09-19,4390.0498046875,4422.2001953125,4281.7998046875,4296.14990234375,2927551,TCS,NSE,yfinance,1d
2024-09-20,4316.89990234375,4330.7001953125,4227.5,4284.89990234375,5447908,TCS,NSE,yfinance,1d
2024-09-23,4300.0,4309.39990234375,4253.0,4268.5,1702319,TCS,NSE,yfinance,1d
2024-09-24,4251.64990234375,4291.0,4240.0,4271.2998046875,3012026,TCS,NSE,yfinance,1d
2024-09-25,4252.35009765625,4289.60009765625,4240.0,4274.75,2713073,TCS,NSE,yfinance,1d
2024-09-26,4260.0,4316.7998046875,4260.0,4292.5,3964251,TCS,NSE,yfinance,1d
2024-09-27,4335.0,4378.0,4300.0498046875,4308.7001953125,3012477,TCS,NSE,yfinance,1d
2024-09-30,4286.89990234375,4298.75,4260.0498046875,4268.5,2503416,TCS,NSE,yfinance,1d
2024-10-01,4255.5498046875,4295.75,4242.9501953125,4287.89990234375,1823365,TCS,NSE,yfinance,1d
2024-10-03,4262.60009765625,4279.0,4210.0,4232.75,3350119,TCS,NSE,yfinance,1d
2024-10-04,4225.0,4298.0,4224.0498046875,4252.25,2965463,TCS,NSE,yfinance,1d
2024-10-07,4273.89990234375,4297.25,4229.39990234375,4272.85009765625,1472619,TCS,NSE,yfinance,1d
2024-10-08,4272.60009765625,4279.39990234375,4203.9501953125,4253.25,1541867,TCS,NSE,yfinance,1d
2024-10-09,4260.0,4295.0,4246.7001953125,4252.9501953125,1082504,TCS,NSE,yfinance,1d
2024-10-10,4253.25,4293.85009765625,4198.60009765625,4227.39990234375,2378875,TCS,NSE,yfinance,1d
2024-10-11,4143.0,4241.9501953125,4112.4501953125,4149.2001953125,5759183,TCS,NSE,yfinance,1d
2024-10-14,4140.0,4165.39990234375,4122.2001953125,4136.64990234375,2137590,TCS,NSE,yfinance,1d
2024-10-15,4131.0498046875,4169.9501953125,4095.0,4116.7998046875,2759474,TCS,NSE,yfinance,1d
2024-10-16,4085.0,4115.0,4067.199951171875,4094.949951171875,2359151,TCS,NSE,yfinance,1d
2024-10-17,4112.7998046875,4129.9501953125,4092.949951171875,4109.0,2522659,TCS,NSE,yfinance,1d
2024-10-18,4090.0,4146.14990234375,4080.0,4123.0498046875,2361000,TCS,NSE,yfinance,1d
2024-10-21,4132.60009765625,4139.9501953125,4070.0,4079.85009765625,1595450,TCS,NSE,yfinance,1d
2024-10-22,4066.0,4089.800048828125,4006.35009765625,4015.5,1928049,TCS,NSE,yfinance,1d
2024-10-23,3999.60009765625,4113.5498046875,3995.14990234375,4066.25,1966476,TCS,NSE,yfinance,1d
2024-10-24,4004.0,4079.0,4004.0,4047.89990234375,2676744,TCS,NSE,yfinance,1d
2024-10-25,4057.050048828125,4092.0,4032.699951171875,4057.550048828125,1759676,TCS,NSE,yfinance,1d
2024-10-28,4068.949951171875,4134.0,4051.0,4090.85009765625,1532534,TCS,NSE,yfinance,1d
2024-10-29,4095.85009765625,4103.5,4060.10009765625,4075.25,1445885,TCS,NSE,yfinance,1d
2024-10-30,4075.0,4107.0,4060.050048828125,4084.64990234375,1935002,TCS,NSE,yfinance,1d
2024-10-31,4070.0,4078.300048828125,3960.0,3968.449951171875,3740372,TCS,NSE,yfinance,1d
2024-11-01,3989.85009765625,3998.949951171875,3976.050048828125,3984.199951171875,154895,TCS,NSE,yfinance,1d
2024-11-04,3966.300048828125,3991.89990234375,3913.25,3964.14990234375,2269192,TCS,NSE,yfinance,1d
2024-11-05,3941.10009765625,3986.0,3941.10009765625,3971.35009765625,967590,TCS,NSE,yfinance,1d
2024-11-06,4003.60009765625,4149.7998046875,3975.25,4139.64990234375,3792017,TCS,NSE,yfinance,1d
2024-11-07,4169.7001953125,4205.7998046875,4085.050048828125,4150.89990234375,3724349,TCS,NSE,yfinance,1d
2024-11-08,4155.0,4169.75,4117.64990234375,4147.0,1648039,TCS,NSE,yfinance,1d
2024-11-11,4128.2001953125,4234.2998046875,4117.64990234375,4198.7001953125,1406487,TCS,NSE,yfinance,1d
2024-11-12,4216.0,4218.0,4164.35009765625,4197.39990234375,1587640,TCS,NSE,yfinance,1d
2024-11-13,4178.10009765625,4196.75,4131.0498046875,4150.35009765625,1098813,TCS,NSE,yfinance,1d
2024-11-14,4135.0,4160.0,4116.4501953125,4145.89990234375,1825432,TCS,NSE,yfinance,1d
2024-11-18,4213.0,4213.0,3990.199951171875,4019.5,3313944,TCS,NSE,yfinance,1d
2024-11-19,4019.89990234375,4132.14990234375,4014.10009765625,4039.550048828125,1776233,TCS,NSE,yfinance,1d
2024-11-21,4044.89990234375,4092.449951171875,4024.0,4072.85009765625,2384347,TCS,NSE,yfinance,1d
2024-11-22,4071.0,4254.9501953125,4054.0,4244.60009765625,3096553,TCS,NSE,yfinance,1d
2024-11-25,4280.0,4328.10009765625,4252.2001953125,4315.10009765625,4052167,TCS,NSE,yfinance,1d
2024-11-26,4321.0498046875,4366.60009765625,4310.0,4352.7001953125,2060669,TCS,NSE,yfinance,1d
2024-11-27,4358.9501953125,4377.39990234375,4324.0498046875,4332.5498046875,1558993,TCS,NSE,yfinance,1d
2024-11-28,4319.0,4339.9501953125,4233.0,4244.89990234375,2558544,TCS,NSE,yfinance,1d
2024-11-29,4220.0,4298.7001953125,4195.64990234375,4270.85009765625,2017425,TCS,NSE,yfinance,1d
2024-12-02,4270.0,4288.2001953125,4230.0498046875,4276.64990234375,1670944,TCS,NSE,yfinance,1d
2024-12-03,4314.35009765625,4325.0,4265.4501953125,4302.75,2010905,TCS,NSE,yfinance,1d
2024-12-04,4313.5498046875,4386.9501953125,4289.0498046875,4354.39990234375,3302642,TCS,NSE,yfinance,1d
2024-12-05,4400.7998046875,4489.0,4360.0,4464.0498046875,3746747,TCS,NSE,yfinance,1d
2024-12-06,4453.0,4465.0,4412.75,4445.5,1842087,TCS,NSE,yfinance,1d
2024-12-09,4430.4501953125,4469.39990234375,4415.5498046875,4452.14990234375,2066639,TCS,NSE,yfinance,1d
2024-12-10,4426.14990234375,4493.7998046875,4412.10009765625,4432.5498046875,2087828,TCS,NSE,yfinance,1d
2024-12-11,4431.85009765625,4448.64990234375,4407.0,4427.4501953125,1635256,TCS,NSE,yfinance,1d
2024-12-12,4430.0498046875,4485.0,4426.0,4454.9501953125,1914642,TCS,NSE,yfinance,1d
2024-12-13,4434.9501953125,4494.89990234375,4394.39990234375,4473.89990234375,1967048,TCS,NSE,yfinance,1d
2024-12-16,4459.0,4475.0,4397.0,4415.2001953125,1646224,TCS,NSE,yfinance,1d
2024-12-17,4410.0,4432.9501953125,4318.0,4328.5,3225027,TCS,NSE,yfinance,1d
2024-12-18,4311.7001953125,4362.0,4289.60009765625,4347.85009765625,1575404,TCS,NSE,yfinance,1d
2024-12-19,4282.0,4364.0,4262.0,4271.89990234375,3015763,TCS,NSE,yfinance,1d
2024-12-20,4329.0,4382.0,4152.5,4170.2998046875,4116989,TCS,NSE,yfinance,1d
2024-12-23,4200.0498046875,4217.0,4114.89990234375,4158.2998046875,2195338,TCS,NSE,yfinance,1d
2024-12-24,4158.2998046875,4218.0,4158.2998046875,4179.5,1181886,TCS,NSE,yfinance,1d
2024-12-26,4179.5,4199.9501953125,4143.14990234375,4169.10009765625,1208464,TCS,NSE,yfinance,1d
2024-12-27,4163.0,4180.9501953125,4147.25,4164.85009765625,858100,TCS,NSE,yfinance,1d
2024-12-30,4151.0,4199.2998046875,4112.0,4158.7998046875,1527169,TCS,NSE,yfinance,1d
2024-12-31,4135.0,4139.9501953125,4032.050048828125,4094.800048828125,1555429,TCS,NSE,yfinance,1d
2025-01-01,4094.39990234375,4134.0,4085.449951171875,4112.4501953125,763161,TCS,NSE,yfinance,1d
2025-01-02,4120.0,4183.0,4096.9501953125,4175.75,1720835,TCS,NSE,yfinance,1d
2025-01-03,4179.9501953125,4179.9501953125,4092.300048828125,4099.89990234375,1791953,TCS,NSE,yfinance,1d
2025-01-06,4105.5,4149.64990234375,4066.39990234375,4095.0,2085593,TCS,NSE,yfinance,1d
2025-01-07,4114.9501953125,4140.35009765625,4011.550048828125,4028.300048828125,2669054,TCS,NSE,yfinance,1d
2025-01-08,4034.89990234375,4126.0,4017.75,4108.39990234375,2181277,TCS,NSE,yfinance,1d
2025-01-09,4101.0,4137.75,4025.300048828125,4038.85009765625,2392472,TCS,NSE,yfinance,1d
2025-01-10,4200.0,4297.0,4170.0,4265.64990234375,7894300,TCS,NSE,yfinance,1d
2025-01-13,4245.0,4322.9501953125,4227.39990234375,4291.10009765625,4003771,TCS,NSE,yfinance,1d
2025-01-14,4302.0,4313.89990234375,4219.0498046875,4233.0498046875,3441709,TCS,NSE,yfinance,1d
2025-01-15,4218.0,4256.4501953125,4207.4501953125,4249.60009765625,1653474,TCS,NSE,yfinance,1d
2025-01-16,4260.0,4294.0,4191.85009765625,4206.2998046875,2637705,TCS,NSE,yfinance,1d
2025-01-17,4159.89990234375,4160.60009765625,4100.0498046875,4124.2998046875,1761466,TCS,NSE,yfinance,1d
2025-01-20,4145.7998046875,4145.7998046875,4068.10009765625,4077.800048828125,1287799,TCS,NSE,yfinance,1d
2025-01-21,4095.300048828125,4111.0,4030.0,4035.85009765625,1971591,TCS,NSE,yfinance,1d
2025-01-22,4050.0,4163.14990234375,4044.199951171875,4156.60009765625,2409223,TCS,NSE,yfinance,1d
2025-01-23,4168.0,4191.35009765625,4140.0498046875,4145.4501953125,1822998,TCS,NSE,yfinance,1d
2025-01-24,4104.0,4178.0,4104.0,4152.35009765625,1910099,TCS,NSE,yfinance,1d
2025-01-27,4102.0,4156.35009765625,4041.050048828125,4065.14990234375,1551782,TCS,NSE,yfinance,1d
2025-01-28,4070.800048828125,4102.0,4028.300048828125,4040.300048828125,2468272,TCS,NSE,yfinance,1d
2025-01-29,4054.0,4107.85009765625,4054.0,4099.7998046875,1217089,TCS,NSE,yfinance,1d
2025-01-30,4099.89990234375,4129.89990234375,4058.5,4100.0498046875,1531251,TCS,NSE,yfinance,1d
2025-01-31,4110.0,4128.4501953125,4085.25,4112.39990234375,1492943,TCS,NSE,yfinance,1d
2025-02-01,4113.0,4135.89990234375,4056.0,4073.14990234375,437172,TCS,NSE,yfinance,1d
2025-02-03,4030.89990234375,4077.0,3998.699951171875,4068.64990234375,1265713,TCS,NSE,yfinance,1d
2025-02-04,4083.699951171875,4118.85009765625,4066.050048828125,4107.0498046875,2547132,TCS,NSE,yfinance,1d
2025-02-05,4150.0,4150.0,4076.0,4091.10009765625,1693912,TCS,NSE,yfinance,1d
2025-02-06,4105.39990234375,4139.5,4051.550048828125,4082.75,2284536,TCS,NSE,yfinance,1d
2025-02-07,4090.0,4090.0,4008.0,4029.39990234375,1548940,TCS,NSE,yfinance,1d
2025-02-10,4040.0,4052.0,4014.35009765625,4036.949951171875,1339511,TCS,NSE,yfinance,1d
2025-02-11,4018.39990234375,4040.0,3955.0,3963.550048828125,1810908,TCS,NSE,yfinance,1d
2025-02-12,3971.10009765625,4021.75,3940.14990234375,3950.14990234375,1678002,TCS,NSE,yfinance,1d
2025-02-13,3968.0,3984.449951171875,3902.25,3910.14990234375,2277310,TCS,NSE,yfinance,1d
2025-02-14,3925.0,3948.0,3900.0,3934.85009765625,1681975,TCS,NSE,yfinance,1d
2025-02-17,3856.5,3934.0,3856.199951171875,3904.5,1799806,TCS,NSE,yfinance,1d
2025-02-18,3898.39990234375,3924.39990234375,3864.5,3873.199951171875,2149879,TCS,NSE,yfinance,1d
2025-02-19,3872.199951171875,3874.949951171875,3768.14990234375,3784.10009765625,4366672,TCS,NSE,yfinance,1d
2025-02-20,3761.5,3788.0,3751.300048828125,3779.39990234375,2888572,TCS,NSE,yfinance,1d
2025-02-21,3776.10009765625,3817.0,3775.0,3786.0,1833931,TCS,NSE,yfinance,1d
2025-02-24,3743.14990234375,3763.199951171875,3670.0,3675.60009765625,2508516,TCS,NSE,yfinance,1d
2025-02-25,3625.0,3658.0,3621.25,3629.550048828125,4101954,TCS,NSE,yfinance,1d
2025-02-27,3611.699951171875,3638.0,3600.699951171875,3612.550048828125,3823856,TCS,NSE,yfinance,1d
2025-02-28,3584.949951171875,3600.0,3457.0,3483.25,7085018,TCS,NSE,yfinance,1d
2025-03-03,3485.0,3523.25,3476.14990234375,3493.050048828125,4990439,TCS,NSE,yfinance,1d
2025-03-04,3474.0,3551.0,3464.300048828125,3532.050048828125,2797737,TCS,NSE,yfinance,1d
2025-03-05,3520.85009765625,3600.35009765625,3520.85009765625,3547.050048828125,2501894,TCS,NSE,yfinance,1d
2025-03-06,3557.0,3609.449951171875,3536.10009765625,3601.60009765625,2786513,TCS,NSE,yfinance,1d
2025-03-07,3600.0,3625.0,3574.39990234375,3611.199951171875,2051315,TCS,NSE,yfinance,1d
2025-03-10,3606.5,3622.10009765625,3582.60009765625,3589.64990234375,1004626,TCS,NSE,yfinance,1d
2025-03-11,3558.0,3588.75,3537.64990234375,3575.300048828125,1995450,TCS,NSE,yfinance,1d
2025-03-12,3565.0,3569.25,3486.85009765625,3506.199951171875,3174167,TCS,NSE,yfinance,1d
2025-03-13,3502.300048828125,3524.300048828125,3484.10009765625,3511.050048828125,1693004,TCS,NSE,yfinance,1d
2025-03-17,3489.0,3530.449951171875,3477.35009765625,3497.699951171875,2690906,TCS,NSE,yfinance,1d
2025-03-18,3497.699951171875,3497.699951171875,3497.699951171875,3497.699951171875,0,TCS,NSE,yfinance,1d
2025-03-19,3547.0,3547.0,3462.75,3497.10009765625,3051244,TCS,NSE,yfinance,1d
2025-03-20,3512.0,3578.949951171875,3512.0,3563.14990234375,2845192,TCS,NSE,yfinance,1d
2025-03-21,3475.0,3616.25,3465.0,3578.10009765625,4161925,TCS,NSE,yfinance,1d
2025-03-24,3600.0,3649.75,3566.60009765625,3628.949951171875,1834751,TCS,NSE,yfinance,1d
2025-03-25,3645.0,3710.0,3638.0,3657.75,3135390,TCS,NSE,yfinance,1d
2025-03-26,3647.75,3680.5,3625.85009765625,3635.800048828125,1734499,TCS,NSE,yfinance,1d
2025-03-27,3614.85009765625,3663.0,3610.5,3651.199951171875,2528474,TCS,NSE,yfinance,1d
2025-03-28,3651.0,3660.949951171875,3591.89990234375,3606.14990234375,2051919,TCS,NSE,yfinance,1d
2025-04-01,3572.699951171875,3584.0,3525.0,3550.800048828125,2618493,TCS,NSE,yfinance,1d
2025-04-02,3544.0,3564.10009765625,3530.050048828125,3543.949951171875,1764313,TCS,NSE,yfinance,1d
2025-04-03,3491.0,3502.0,3396.14990234375,3403.14990234375,4537821,TCS,NSE,yfinance,1d
2025-04-04,3362.60009765625,3399.64990234375,3295.5,3299.39990234375,5317367,TCS,NSE,yfinance,1d
2025-04-07,3100.0,3291.39990234375,3056.050048828125,3274.050048828125,6623955,TCS,NSE,yfinance,1d
2025-04-08,3302.050048828125,3349.0,3255.300048828125,3292.949951171875,5557558,TCS,NSE,yfinance,1d
2025-04-09,3260.550048828125,3270.0,3212.050048828125,3246.60009765625,2990265,TCS,NSE,yfinance,1d
2025-04-11,3289.550048828125,3298.949951171875,3206.0,3231.5,7108961,TCS,NSE,yfinance,1d
2025-04-15,3314.39990234375,3314.39990234375,3238.60009765625,3248.199951171875,3512160,TCS,NSE,yfinance,1d
2025-04-16,3248.199951171875,3278.10009765625,3229.0,3273.800048828125,2384391,TCS,NSE,yfinance,1d
2025-04-17,3245.5,3303.60009765625,3218.0,3298.89990234375,2932346,TCS,NSE,yfinance,1d
2025-04-21,3290.10009765625,3354.0,3284.10009765625,3321.60009765625,2432946,TCS,NSE,yfinance,1d
2025-04-22,3322.60009765625,3333.89990234375,3295.0,3314.39990234375,2710498,TCS,NSE,yfinance,1d
2025-04-23,3365.0,3420.89990234375,3337.300048828125,3413.0,3543923,TCS,NSE,yfinance,1d
2025-04-24,3401.10009765625,3412.5,3387.699951171875,3401.60009765625,2252175,TCS,NSE,yfinance,1d
2025-04-25,3420.0,3477.800048828125,3405.0,3448.0,2742991,TCS,NSE,yfinance,1d
2025-04-28,3435.0,3457.800048828125,3405.0,3443.5,1593296,TCS,NSE,yfinance,1d
2025-04-29,3455.0,3495.0,3430.39990234375,3472.5,1578332,TCS,NSE,yfinance,1d
2025-04-30,3472.0,3509.89990234375,3366.0,3453.699951171875,2809332,TCS,NSE,yfinance,1d
2025-05-02,3472.0,3491.5,3420.0,3431.0,1721761,TCS,NSE,yfinance,1d
2025-05-05,3450.0,3504.5,3446.39990234375,3454.300048828125,1284443,TCS,NSE,yfinance,1d
2025-05-06,3460.0,3473.0,3437.0,3460.0,1324763,TCS,NSE,yfinance,1d
2025-05-07,3420.60009765625,3459.5,3420.60009765625,3445.10009765625,1477128,TCS,NSE,yfinance,1d
2025-05-08,3448.0,3477.0,3428.699951171875,3448.89990234375,2543591,TCS,NSE,yfinance,1d
2025-05-09,3399.0,3446.199951171875,3398.10009765625,3440.300048828125,2531757,TCS,NSE,yfinance,1d
2025-05-12,3505.0,3630.5,3502.199951171875,3620.39990234375,2228678,TCS,NSE,yfinance,1d
2025-05-13,3620.39990234375,3623.0,3510.5,3515.0,3062887,TCS,NSE,yfinance,1d
2025-05-14,3521.0,3561.0,3508.60009765625,3548.699951171875,2119499,TCS,NSE,yfinance,1d
2025-05-15,3564.0,3600.0,3514.10009765625,3579.89990234375,3548330,TCS,NSE,yfinance,1d
2025-05-16,3593.89990234375,3593.89990234375,3546.10009765625,3561.300048828125,1666727,TCS,NSE,yfinance,1d
2025-05-19,3550.0,3550.0,3503.699951171875,3518.800048828125,2537377,TCS,NSE,yfinance,1d
2025-05-20,3531.800048828125,3558.0,3494.0,3498.300048828125,2038374,TCS,NSE,yfinance,1d
2025-05-21,3508.0,3537.0,3498.300048828125,3525.800048828125,1440153,TCS,NSE,yfinance,1d
2025-05-22,3495.0,3497.800048828125,3451.300048828125,3477.0,2034383,TCS,NSE,yfinance,1d
2025-05-23,3477.0,3535.0,3465.60009765625,3514.60009765625,1274331,TCS,NSE,yfinance,1d
2025-05-26,3521.0,3545.0,3510.10009765625,3537.300048828125,967470,TCS,NSE,yfinance,1d
2025-05-27,3532.0,3540.0,3483.10009765625,3498.699951171875,2467680,TCS,NSE,yfinance,1d
2025-05-28,3520.0,3529.0,3493.0,3497.699951171875,1222933,TCS,NSE,yfinance,1d
2025-05-29,3504.699951171875,3532.5,3486.5,3498.10009765625,3188072,TCS,NSE,yfinance,1d
2025-05-30,3490.0,3506.699951171875,3453.10009765625,3463.39990234375,3404365,TCS,NSE,yfinance,1d
2025-06-02,3450.0,3460.0,3418.60009765625,3449.800048828125,1877585,TCS,NSE,yfinance,1d
2025-06-03,3446.0,3473.5,3400.5,3405.199951171875,2848125,TCS,NSE,yfinance,1d
2025-06-04,3389.0,3394.800048828125,3370.0,3380.89990234375,2544807,TCS,NSE,yfinance,1d
2025-06-05,3409.0,3409.0,3363.699951171875,3371.10009765625,3584683,TCS,NSE,yfinance,1d
2025-06-06,3371.10009765625,3390.89990234375,3358.699951171875,3384.199951171875,2070390,TCS,NSE,yfinance,1d
2025-06-09,3400.0,3434.0,3390.89990234375,3421.89990234375,1718678,TCS,NSE,yfinance,1d
2025-06-10,3440.0,3485.800048828125,3423.199951171875,3462.89990234375,2419874,TCS,NSE,yfinance,1d
2025-06-11,3470.0,3489.0,3449.10009765625,3471.89990234375,2847013,TCS,NSE,yfinance,1d
2025-06-12,3471.89990234375,3474.699951171875,3423.199951171875,3434.199951171875,4060134,TCS,NSE,yfinance,1d
2025-06-13,3393.199951171875,3450.5,3393.199951171875,3445.699951171875,2178493,TCS,NSE,yfinance,1d
2025-06-16,3440.0,3509.0,3426.199951171875,3496.300048828125,1934088,TCS,NSE,yfinance,1d
2025-06-17,3510.0,3520.0,3488.10009765625,3515.300048828125,2111940,TCS,NSE,yfinance,1d
2025-06-18,3519.10009765625,3538.0,3443.10009765625,3451.39990234375,2696327,TCS,NSE,yfinance,1d
2025-06-19,3450.0,3451.0,3413.0,3424.0,2672768,TCS,NSE,yfinance,1d
2025-06-20,3425.0,3446.300048828125,3410.89990234375,3435.699951171875,2351248,TCS,NSE,yfinance,1d
2025-06-23,3415.0,3425.0,3370.0,3393.60009765625,3123421,TCS,NSE,yfinance,1d
2025-06-24,3434.60009765625,3442.10009765625,3382.0,3390.39990234375,3403048,TCS,NSE,yfinance,1d
2025-06-25,3407.300048828125,3450.0,3400.0,3444.800048828125,1757699,TCS,NSE,yfinance,1d
2025-06-26,3444.800048828125,3451.39990234375,3415.300048828125,3441.800048828125,2879106,TCS,NSE,yfinance,1d
2025-06-27,3455.0,3466.39990234375,3431.0,3441.10009765625,1778433,TCS,NSE,yfinance,1d
2025-06-30,3439.89990234375,3464.89990234375,3430.0,3462.0,1468351,TCS,NSE,yfinance,1d
2025-07-01,3455.0,3485.0,3413.5,3429.699951171875,2375183,TCS,NSE,yfinance,1d
2025-07-02,3487.199951171875,3489.89990234375,3420.0,3423.300048828125,3090585,TCS,NSE,yfinance,1d
2025-07-03,3430.0,3435.300048828125,3397.60009765625,3400.800048828125,2531870,TCS,NSE,yfinance,1d
2025-07-04,3408.0,3427.0,3390.10009765625,3419.800048828125,1109320,TCS,NSE,yfinance,1d
2025-07-07,3418.300048828125,3426.10009765625,3408.39990234375,3411.699951171875,1639174,TCS,NSE,yfinance,1d
2025-07-08,3405.0,3425.0,3393.39990234375,3406.199951171875,2325242,TCS,NSE,yfinance,1d
2025-07-09,3410.0,3414.0,3367.0,3383.800048828125,2034938,TCS,NSE,yfinance,1d
2025-07-10,3380.0,3399.0,3356.0,3382.0,3035012,TCS,NSE,yfinance,1d
2025-07-11,3299.89990234375,3335.0,3261.10009765625,3266.0,7635550,TCS,NSE,yfinance,1d
2025-07-14,3266.0,3272.0,3200.0,3222.699951171875,3924009,TCS,NSE,yfinance,1d
2025-07-15,3206.0,3259.39990234375,3206.0,3252.300048828125,2590889,TCS,NSE,yfinance,1d
2025-07-16,3227.0,3244.89990234375,3220.60009765625,3233.10009765625,2540733,TCS,NSE,yfinance,1d
2025-07-17,3224.10009765625,3242.0,3204.10009765625,3209.199951171875,2947640,TCS,NSE,yfinance,1d
2025-07-18,3225.0,3228.800048828125,3187.0,3189.89990234375,3432645,TCS,NSE,yfinance,1d
2025-07-21,3190.0,3197.60009765625,3152.0,3158.199951171875,3844346,TCS,NSE,yfinance,1d
2025-07-22,3159.60009765625,3180.10009765625,3154.60009765625,3159.60009765625,3198036,TCS,NSE,yfinance,1d
2025-07-23,3159.60009765625,3182.0,3157.60009765625,3179.10009765625,1922875,TCS,NSE,yfinance,1d
2025-07-24,3165.10009765625,3173.699951171875,3140.0,3148.0,2934778,TCS,NSE,yfinance,1d
2025-07-25,3140.0,3156.89990234375,3125.60009765625,3135.800048828125,2568917,TCS,NSE,yfinance,1d
2025-07-28,3110.0,3118.0,3069.89990234375,3079.300048828125,3374473,TCS,NSE,yfinance,1d
2025-07-29,3060.0,3074.0,3041.199951171875,3056.0,4785312,TCS,NSE,yfinance,1d
2025-07-30,3060.0,3069.0,3047.199951171875,3053.60009765625,2880121,TCS,NSE,yfinance,1d
2025-07-31,3041.699951171875,3059.800048828125,3015.0,3036.800048828125,2968371,TCS,NSE,yfinance,1d
2025-08-01,3029.89990234375,3036.800048828125,3000.0,3003.0,2053847,TCS,NSE,yfinance,1d
2025-08-04,3009.10009765625,3079.39990234375,2991.60009765625,3074.39990234375,2519252,TCS,NSE,yfinance,1d
2025-08-05,3074.39990234375,3077.5,3042.0,3063.89990234375,1927996,TCS,NSE,yfinance,1d
2025-08-06,3063.0,3066.800048828125,3026.0,3032.300048828125,1487081,TCS,NSE,yfinance,1d
2025-08-07,3016.0,3051.60009765625,3010.89990234375,3047.0,2543076,TCS,NSE,yfinance,1d
2025-08-08,3048.10009765625,3059.800048828125,3025.0,3036.39990234375,2762140,TCS,NSE,yfinance,1d
2025-08-11,3036.39990234375,3049.89990234375,3021.300048828125,3040.800048828125,1884215,TCS,NSE,yfinance,1d
2025-08-12,3041.0,3096.39990234375,3026.89990234375,3035.39990234375,3358232,TCS,NSE,yfinance,1d
2025-08-13,3036.10009765625,3044.39990234375,3028.60009765625,3036.199951171875,2148166,TCS,NSE,yfinance,1d
2025-08-14,3034.0,3055.89990234375,3019.10009765625,3022.300048828125,3342174,TCS,NSE,yfinance,1d
2025-08-18,3046.5,3049.0,3003.39990234375,3011.199951171875,2945609,TCS,NSE,yfinance,1d
2025-08-19,3011.199951171875,3025.0,3011.10009765625,3016.199951171875,2650784,TCS,NSE,yfinance,1d
2025-08-20,3010.89990234375,3103.39990234375,3010.89990234375,3098.60009765625,4952358,TCS,NSE,yfinance,1d
2025-08-21,3130.0,3130.0,3083.10009765625,3102.60009765625,3230726,TCS,NSE,yfinance,1d
2025-08-22,3086.0,3095.699951171875,3050.0,3054.0,1593791,TCS,NSE,yfinance,1d
2025-08-25,3087.300048828125,3152.0,3077.10009765625,3140.60009765625,3448370,TCS,NSE,yfinance,1d
2025-08-26,3129.0,3162.0,3120.0,3157.199951171875,5522097,TCS,NSE,yfinance,1d
2025-08-28,3145.0,3146.5,3086.5,3093.699951171875,3116051,TCS,NSE,yfinance,1d
2025-08-29,3093.0,3115.0,3077.199951171875,3084.699951171875,2271789,TCS,NSE,yfinance,1d
2025-09-01,3090.0,3131.10009765625,3090.0,3112.60009765625,1246862,TCS,NSE,yfinance,1d
2025-09-02,3121.10009765625,3155.0,3103.10009765625,3111.5,2185229,TCS,NSE,yfinance,1d
2025-09-03,3129.89990234375,3141.89990234375,3088.0,3097.5,1799774,TCS,NSE,yfinance,1d
2025-09-04,3116.0,3118.0,3090.800048828125,3095.699951171875,1481391,TCS,NSE,yfinance,1d
2025-09-05,3097.10009765625,3103.39990234375,3028.60009765625,3048.300048828125,2802055,TCS,NSE,yfinance,1d
2025-09-08,3050.0,3064.89990234375,3016.0,3019.0,2626187,TCS,NSE,yfinance,1d
2025-09-09,3032.10009765625,3060.0,3030.800048828125,3049.39990234375,2489301,TCS,NSE,yfinance,1d
2025-09-10,3056.39990234375,3122.699951171875,3053.39990234375,3110.0,2079428,TCS,NSE,yfinance,1d
2025-09-11,3139.0,3139.0,3110.10009765625,3124.199951171875,2263446,TCS,NSE,yfinance,1d
2025-09-12,3144.0,3148.699951171875,3121.0,3133.39990234375,1447167,TCS,NSE,yfinance,1d
2025-09-15,3134.0,3134.0,3096.0,3111.89990234375,1732539,TCS,NSE,yfinance,1d
2025-09-16,3128.0,3150.0,3109.10009765625,3145.699951171875,2573429,TCS,NSE,yfinance,1d
2025-09-17,3152.0,3182.39990234375,3142.39990234375,3172.800048828125,2418271,TCS,NSE,yfinance,1d
2025-09-18,3185.0,3203.0,3161.39990234375,3176.699951171875,2633138,TCS,NSE,yfinance,1d
2025-09-19,3170.0,3180.5,3144.0,3169.199951171875,4901694,TCS,NSE,yfinance,1d
2025-09-22,3095.0,3106.89990234375,3065.0,3073.800048828125,3634901,TCS,NSE,yfinance,1d
2025-09-23,3070.0,3080.699951171875,3052.0,3062.39990234375,3177741,TCS,NSE,yfinance,1d
2025-09-24,3050.0,3057.0,3033.0,3035.39990234375,1625714,TCS,NSE,yfinance,1d
2025-09-25,3022.0,3029.60009765625,2951.0,2957.39990234375,4974361,TCS,NSE,yfinance,1d
2025-09-26,2941.0,2954.800048828125,2891.300048828125,2899.10009765625,3934636,TCS,NSE,yfinance,1d
2025-09-29,2916.0,2929.300048828125,2894.0,2896.10009765625,3110035,TCS,NSE,yfinance,1d
2025-09-30,2911.0,2915.300048828125,2885.10009765625,2888.39990234375,2253458,TCS,NSE,yfinance,1d
2025-10-01,2891.0,2924.800048828125,2866.60009765625,2914.199951171875,1952902,TCS,NSE,yfinance,1d
2025-10-03,2924.0,2924.0,2891.10009765625,2901.89990234375,2899519,TCS,NSE,yfinance,1d
2025-10-06,2902.0,2993.60009765625,2895.60009765625,2988.39990234375,2112774,TCS,NSE,yfinance,1d
2025-10-07,2995.0,3004.5,2955.5,2973.699951171875,3062943,TCS,NSE,yfinance,1d
2025-10-08,2975.0,3043.0,2968.0,3027.199951171875,4121889,TCS,NSE,yfinance,1d
2025-10-09,3034.0,3066.0,3020.0,3061.699951171875,3211304,TCS,NSE,yfinance,1d
2025-10-10,3050.0,3070.0,3006.89990234375,3028.300048828125,8817365,TCS,NSE,yfinance,1d
2025-10-13,3027.0,3035.5,2998.199951171875,3007.199951171875,2866865,TCS,NSE,yfinance,1d
2025-10-14,3021.0,3027.199951171875,2955.5,2960.300048828125,3611416,TCS,NSE,yfinance,1d
2025-10-15,2971.0,2979.699951171875,2951.0,2969.800048828125,4282226,TCS,NSE,yfinance,1d
2025-10-16,2969.89990234375,2975.0,2943.10009765625,2970.699951171875,3251495,TCS,NSE,yfinance,1d
2025-10-17,2970.0,2988.800048828125,2955.39990234375,2962.199951171875,4374683,TCS,NSE,yfinance,1d
2025-10-20,2985.5,3023.0,2978.5,3015.199951171875,3133039,TCS,NSE,yfinance,1d
2025-10-21,3031.10009765625,3031.800048828125,2996.0,3006.699951171875,310644,TCS,NSE,yfinance,1d
2025-10-23,3055.0,3098.0,3036.10009765625,3073.199951171875,5564758,TCS,NSE,yfinance,1d
2025-10-24,3080.0,3090.0,3058.300048828125,3063.199951171875,2684318,TCS,NSE,yfinance,1d
2025-10-27,3066.5,3094.199951171875,3060.199951171875,3084.89990234375,1946312,TCS,NSE,yfinance,1d
2025-10-28,3076.0,3090.199951171875,3040.199951171875,3057.89990234375,3470737,TCS,NSE,yfinance,1d
2025-10-29,3057.89990234375,3076.0,3046.10009765625,3057.60009765625,2895420,TCS,NSE,yfinance,1d
2025-10-30,3049.10009765625,3063.800048828125,3032.800048828125,3035.300048828125,2241536,TCS,NSE,yfinance,1d
2025-10-31,3035.0,3067.39990234375,3025.10009765625,3058.0,1868085,TCS,NSE,yfinance,1d
2025-11-03,3046.89990234375,3058.0,3010.0,3016.800048828125,2194877,TCS,NSE,yfinance,1d
2025-11-04,3019.60009765625,3029.300048828125,2976.0,2990.199951171875,2670720,TCS,NSE,yfinance,1d
2025-11-06,2990.10009765625,3024.0,2990.0,3010.89990234375,2542721,TCS,NSE,yfinance,1d
2025-11-07,3001.0,3004.0,2960.5,2991.800048828125,1830520,TCS,NSE,yfinance,1d
2025-11-10,2993.0,3047.89990234375,2992.0,3025.199951171875,1556656,TCS,NSE,yfinance,1d
2025-11-11,3045.0,3055.699951171875,3018.0,3047.0,2806868,TCS,NSE,yfinance,1d
2025-11-12,3060.0,3136.39990234375,3057.10009765625,3131.800048828125,4460315,TCS,NSE,yfinance,1d
2025-11-13,3131.800048828125,3131.89990234375,3102.0,3105.699951171875,1740435,TCS,NSE,yfinance,1d
2025-11-14,3090.0,3113.10009765625,3077.300048828125,3106.0,2210794,TCS,NSE,yfinance,1d
2025-11-17,3106.0,3123.5,3086.60009765625,3102.199951171875,2232853,TCS,NSE,yfinance,1d
2025-11-18,3102.0,3105.0,3078.0,3087.10009765625,2548350,TCS,NSE,yfinance,1d
2025-11-19,3097.0,3155.0,3083.5,3147.699951171875,3151053,TCS,NSE,yfinance,1d
2025-11-20,3148.0,3164.5,3138.10009765625,3144.800048828125,2700767,TCS,NSE,yfinance,1d
2025-11-21,3144.800048828125,3170.0,3135.199951171875,3150.60009765625,4177037,TCS,NSE,yfinance,1d
2025-11-24,3158.0,3178.89990234375,3131.0,3141.199951171875,6703764,TCS,NSE,yfinance,1d
2025-11-25,3145.300048828125,3149.800048828125,3115.0,3119.199951171875,2737920,TCS,NSE,yfinance,1d
2025-11-26,3118.800048828125,3178.0,3117.0,3162.89990234375,2508527,TCS,NSE,yfinance,1d
2025-11-27,3180.0,3180.0,3125.0,3136.60009765625,2836233,TCS,NSE,yfinance,1d
2025-11-28,3140.0,3147.300048828125,3125.0,3137.5,1616690,TCS,NSE,yfinance,1d
2025-12-01,3137.89990234375,3154.0,3122.199951171875,3133.39990234375,1747647,TCS,NSE,yfinance,1d
2025-12-02,3131.0,3144.0,3120.39990234375,3135.699951171875,2512003,TCS,NSE,yfinance,1d
2025-12-03,3140.0,3211.89990234375,3139.0,3180.0,3952112,TCS,NSE,yfinance,1d
2025-12-04,3194.0,3250.0,3187.39990234375,3229.199951171875,5025905,TCS,NSE,yfinance,1d
2025-12-05,3230.0,3271.60009765625,3222.39990234375,3238.199951171875,5244013,TCS,NSE,yfinance,1d
2025-12-08,3243.0,3259.89990234375,3208.60009765625,3236.5,2544725,TCS,NSE,yfinance,1d
2025-12-09,3230.0,3233.699951171875,3181.199951171875,3208.300048828125,2734893,TCS,NSE,yfinance,1d
2025-12-10,3225.0,3225.0,3178.10009765625,3189.199951171875,1386849,TCS,NSE,yfinance,1d
2025-12-11,3205.0,3208.39990234375,3153.10009765625,3191.89990234375,1914362,TCS,NSE,yfinance,1d
2025-12-12,3197.699951171875,3223.0,3185.699951171875,3220.5,1146554,TCS,NSE,yfinance,1d
2025-12-15,3211.10009765625,3238.199951171875,3197.300048828125,3230.199951171875,1562190,TCS,NSE,yfinance,1d
2025-12-16,3220.0,3220.0,3191.10009765625,3205.10009765625,1734623,TCS,NSE,yfinance,1d
2025-12-17,3200.5,3236.89990234375,3200.5,3217.800048828125,1376350,TCS,NSE,yfinance,1d
2025-12-18,3228.0,3287.800048828125,3221.0,3280.800048828125,2307422,TCS,NSE,yfinance,1d
2025-12-19,3299.0,3317.89990234375,3278.800048828125,3282.0,3902511,TCS,NSE,yfinance,1d
2025-12-22,3310.0,3328.60009765625,3291.0,3324.89990234375,2632816,TCS,NSE,yfinance,1d
2025-12-23,3319.89990234375,3319.89990234375,3293.5,3310.0,2365420,TCS,NSE,yfinance,1d
2025-12-24,3304.10009765625,3327.10009765625,3296.10009765625,3319.0,1367708,TCS,NSE,yfinance,1d
2025-12-26,3313.10009765625,3320.0,3271.800048828125,3280.0,1176664,TCS,NSE,yfinance,1d
2025-12-29,3280.0,3288.0,3242.89990234375,3251.5,2079473,TCS,NSE,yfinance,1d
2025-12-30,3250.0,3267.5,3239.5,3246.800048828125,2807593,TCS,NSE,yfinance,1d
2025-12-31,3240.0,3246.0,3198.5,3206.199951171875,3362634,TCS,NSE,yfinance,1d
2026-01-01,3215.0,3234.10009765625,3198.199951171875,3227.39990234375,1255735,TCS,NSE,yfinance,1d
2026-01-02,3234.0,3254.300048828125,3219.5,3250.699951171875,1184324,TCS,NSE,yfinance,1d
2026-01-05,3240.5,3247.0,3191.0,3216.10009765625,2341703,TCS,NSE,yfinance,1d
2026-01-06,3210.0,3263.199951171875,3205.0,3255.800048828125,2912325,TCS,NSE,yfinance,1d
2026-01-07,3242.89990234375,3300.60009765625,3223.199951171875,3295.60009765625,1989442,TCS,NSE,yfinance,1d
2026-01-08,3286.89990234375,3286.89990234375,3182.0,3203.89990234375,4159336,TCS,NSE,yfinance,1d
2026-01-09,3191.0,3229.699951171875,3191.0,3207.800048828125,1938673,TCS,NSE,yfinance,1d
2026-01-12,3203.0,3252.0,3174.300048828125,3239.60009765625,2228342,TCS,NSE,yfinance,1d
2026-01-13,3245.0,3280.0,3210.5,3268.0,5645341,TCS,NSE,yfinance,1d
2026-01-14,3260.0,3260.0,3183.0,3192.5,3539511,TCS,NSE,yfinance,1d
2026-01-15,3192.5,3192.5,3192.5,3192.5,0,TCS,NSE,yfinance,1d
2026-01-16,3219.39990234375,3221.89990234375,3171.0,3206.699951171875,4293470,TCS,NSE,yfinance,1d
2026-01-19,3188.0,3220.0,3152.10009765625,3163.60009765625,3387562,TCS,NSE,yfinance,1d
2026-01-20,3151.60009765625,3160.0,3091.10009765625,3102.300048828125,4499273,TCS,NSE,yfinance,1d
2026-01-21,3100.0,3138.5,3082.0,3122.60009765625,2015150,TCS,NSE,yfinance,1d
2026-01-22,3150.0,3160.0,3122.300048828125,3150.39990234375,2269827,TCS,NSE,yfinance,1d
2026-01-23,3190.300048828125,3194.5,3152.0,3162.5,2068857,TCS,NSE,yfinance,1d
2026-01-27,3175.0,3175.0,3130.0,3158.0,4279874,TCS,NSE,yfinance,1d
2026-01-28,3176.0,3205.199951171875,3170.60009765625,3200.10009765625,2751234,TCS,NSE,yfinance,1d
2026-01-29,3200.10009765625,3200.10009765625,3125.60009765625,3144.39990234375,2457641,TCS,NSE,yfinance,1d
2026-01-30,3141.0,3141.0,3092.0,3123.89990234375,3022068,TCS,NSE,yfinance,1d
2026-02-02,3198.0,3198.0,3134.0,3169.60009765625,2636272,TCS,NSE,yfinance,1d
2026-02-03,3350.0,3350.0,3186.300048828125,3225.300048828125,4366060,TCS,NSE,yfinance,1d
2026-02-04,3120.0,3120.0,2986.0,2999.10009765625,10852595,TCS,NSE,yfinance,1d
2026-02-05,2990.0,3029.699951171875,2972.300048828125,2991.5,3521545,TCS,NSE,yfinance,1d
2026-02-06,2976.60009765625,2985.0,2916.0,2941.60009765625,4687389,TCS,NSE,yfinance,1d
2026-02-09,2959.10009765625,2977.0,2937.5,2948.199951171875,2380318,TCS,NSE,yfinance,1d
2026-02-10,2949.800048828125,3011.60009765625,2943.5,2984.60009765625,3547763,TCS,NSE,yfinance,1d
2026-02-11,2980.0,2998.0,2904.199951171875,2909.800048828125,3363513,TCS,NSE,yfinance,1d
2026-02-12,2869.800048828125,2880.0,2740.0,2750.10009765625,10612156,TCS,NSE,yfinance,1d
2026-02-13,2585.0,2713.0,2585.0,2692.199951171875,11168735,TCS,NSE,yfinance,1d
2026-02-16,2700.0,2719.800048828125,2671.0,2706.60009765625,2918730,TCS,NSE,yfinance,1d
2026-02-17,2716.0,2760.0,2695.199951171875,2717.39990234375,4209118,TCS,NSE,yfinance,1d
2026-02-18,2730.0,2730.0,2657.300048828125,2694.89990234375,2950820,TCS,NSE,yfinance,1d
2026-02-19,2708.0,2748.699951171875,2666.60009765625,2677.89990234375,3238849,TCS,NSE,yfinance,1d
2026-02-20,2667.0,2702.60009765625,2647.5,2686.199951171875,2293482,TCS,NSE,yfinance,1d
2026-02-23,2686.0,2704.0,2660.199951171875,2676.300048828125,4699596,TCS,NSE,yfinance,1d
2026-02-24,2641.0,2647.5,2561.300048828125,2573.699951171875,7798833,TCS,NSE,yfinance,1d
2026-02-25,2596.0,2654.199951171875,2595.0,2629.300048828125,3621285,TCS,NSE,yfinance,1d
2026-02-26,2650.0,2671.0,2635.0,2647.699951171875,3464267,TCS,NSE,yfinance,1d
2026-02-27,2681.60009765625,2688.60009765625,2626.10009765625,2637.39990234375,5083717,TCS,NSE,yfinance,1d
2026-03-02,2592.0,2623.800048828125,2580.300048828125,2613.5,3374385,TCS,NSE,yfinance,1d
2026-03-04,2625.0,2635.0,2580.39990234375,2587.800048828125,3446434,TCS,NSE,yfinance,1d
2026-03-05,2600.0,2609.5,2546.39990234375,2578.800048828125,2960636,TCS,NSE,yfinance,1d
2026-03-06,2572.0,2619.199951171875,2553.60009765625,2557.60009765625,3998643,TCS,NSE,yfinance,1d
2026-03-09,2530.0,2560.0,2505.0,2527.39990234375,3653428,TCS,NSE,yfinance,1d
2026-03-10,2541.0,2545.199951171875,2490.10009765625,2513.10009765625,4323710,TCS,NSE,yfinance,1d
2026-03-11,2508.10009765625,2521.0,2460.10009765625,2464.89990234375,2720664,TCS,NSE,yfinance,1d
2026-03-12,2459.800048828125,2472.89990234375,2436.0,2442.39990234375,2752075,TCS,NSE,yfinance,1d
2026-03-13,2437.0,2445.89990234375,2397.0,2410.5,2466488,TCS,NSE,yfinance,1d
2026-03-16,2410.0,2425.0,2366.10009765625,2409.199951171875,3807907,TCS,NSE,yfinance,1d
2026-03-17,2420.0,2420.0,2360.0,2391.699951171875,2993367,TCS,NSE,yfinance,1d
2026-03-18,2410.0,2482.89990234375,2410.0,2440.800048828125,3082388,TCS,NSE,yfinance,1d
2026-03-19,2417.0,2424.0,2350.199951171875,2356.0,2757060,TCS,NSE,yfinance,1d
2026-03-20,2386.0,2407.800048828125,2364.199951171875,2390.60009765625,4206320,TCS,NSE,yfinance,1d
2026-03-23,2365.0,2406.800048828125,2348.0,2383.800048828125,3860515,TCS,NSE,yfinance,1d
2026-03-24,2404.10009765625,2435.39990234375,2379.10009765625,2398.800048828125,3420182,TCS,NSE,yfinance,1d
2026-03-25,2400.89990234375,2421.60009765625,2369.800048828125,2377.39990234375,5843778,TCS,NSE,yfinance,1d
2026-03-27,2403.89990234375,2422.10009765625,2385.0,2389.800048828125,4979411,TCS,NSE,yfinance,1d
2026-03-30,2375.10009765625,2398.0,2346.199951171875,2358.89990234375,6804756,TCS,NSE,yfinance,1d
2026-04-01,2429.0,2472.0,2397.89990234375,2408.199951171875,4132661,TCS,NSE,yfinance,1d
2026-04-02,2386.0,2469.89990234375,2375.699951171875,2450.699951171875,5378361,TCS,NSE,yfinance,1d
2026-04-06,2474.0,2482.0,2448.199951171875,2473.89990234375,2572417,TCS,NSE,yfinance,1d
2026-04-07,2461.0,2543.89990234375,2448.0,2539.800048828125,4516550,TCS,NSE,yfinance,1d
2026-04-08,2572.0,2580.300048828125,2540.10009765625,2559.199951171875,4769337,TCS,NSE,yfinance,1d
2026-04-09,2554.0,2605.0,2531.10009765625,2589.0,5628261,TCS,NSE,yfinance,1d
2026-04-10,2565.800048828125,2565.800048828125,2501.10009765625,2524.300048828125,10480239,TCS,NSE,yfinance,1d
2026-04-13,2489.89990234375,2504.89990234375,2470.0,2472.60009765625,3739587,TCS,NSE,yfinance,1d
2026-04-15,2501.89990234375,2559.0,2493.39990234375,2554.89990234375,5261384,TCS,NSE,yfinance,1d
2026-04-16,2572.0,2594.0,2558.0,2576.89990234375,3905403,TCS,NSE,yfinance,1d
2026-04-17,2570.0,2589.0,2555.89990234375,2581.5,2718206,TCS,NSE,yfinance,1d
2026-04-20,2587.10009765625,2594.0,2561.199951171875,2579.60009765625,2288558,TCS,NSE,yfinance,1d
2026-04-21,2560.0,2614.0,2560.0,2610.5,2719959,TCS,NSE,yfinance,1d
2026-04-22,2580.0,2580.0,2503.60009765625,2538.5,5232045,TCS,NSE,yfinance,1d
2026-04-23,2529.0,2559.5,2516.300048828125,2521.800048828125,2509050,TCS,NSE,yfinance,1d
2026-04-24,2488.0,2505.0,2388.800048828125,2396.89990234375,5107719,TCS,NSE,yfinance,1d
2026-04-27,2396.89990234375,2459.0,2396.89990234375,2447.60009765625,5853425,TCS,NSE,yfinance,1d
2026-04-28,2444.0,2487.0,2427.39990234375,2444.699951171875,4508363,TCS,NSE,yfinance,1d
2026-04-29,2451.0,2487.89990234375,2447.60009765625,2474.699951171875,2835961,TCS,NSE,yfinance,1d
2026-04-30,2479.0,2491.0,2438.0,2473.89990234375,3970446,TCS,NSE,yfinance,1d
2026-05-01,2473.89990234375,2473.89990234375,2473.89990234375,2473.89990234375,0,TCS,NSE,yfinance,1d
2026-05-04,2494.0,2498.300048828125,2425.0,2431.300048828125,2632358,TCS,NSE,yfinance,1d
2026-05-05,2430.0,2460.39990234375,2412.199951171875,2427.300048828125,3385720,TCS,NSE,yfinance,1d
2026-05-06,2441.89990234375,2471.0,2406.5,2435.39990234375,3147628,TCS,NSE,yfinance,1d
2026-05-07,2438.199951171875,2439.699951171875,2398.0,2401.39990234375,5829594,TCS,NSE,yfinance,1d
2026-05-08,2398.0,2407.0,2375.10009765625,2394.39990234375,3792199,TCS,NSE,yfinance,1d
2026-05-11,2371.0,2415.0,2371.0,2392.89990234375,1975188,TCS,NSE,yfinance,1d
2026-05-12,2375.0,2375.0,2283.0,2300.300048828125,6347884,TCS,NSE,yfinance,1d
2026-05-13,2306.0,2309.199951171875,2269.0,2272.800048828125,3171843,TCS,NSE,yfinance,1d
2026-05-14,2265.0,2265.0,2206.39990234375,2246.0,5633313,TCS,NSE,yfinance,1d
2026-05-15,2252.0,2304.89990234375,2252.0,2264.0,3410637,TCS,NSE,yfinance,1d
2026-05-18,2264.0,2292.89990234375,2252.199951171875,2283.199951171875,3773336,TCS,NSE,yfinance,1d
2026-05-19,2300.0,2377.60009765625,2297.10009765625,2327.10009765625,10394707,TCS,NSE,yfinance,1d
2026-05-20,2323.89990234375,2342.0,2317.800048828125,2327.39990234375,2537422,TCS,NSE,yfinance,1d
2026-05-21,2331.0,2335.89990234375,2314.0,2327.199951171875,3299087,TCS,NSE,yfinance,1d
2026-05-22,2331.10009765625,2340.0,2308.10009765625,2317.300048828125,2617262,TCS,NSE,yfinance,1d
2026-05-25,2325.0,2326.10009765625,2293.0,2308.199951171875,3298364,TCS,NSE,yfinance,1d
2026-05-26,2308.199951171875,2327.89990234375,2272.39990234375,2276.199951171875,3587597,TCS,NSE,yfinance,1d
2026-05-27,2275.0,2295.60009765625,2260.89990234375,2284.199951171875,2653950,TCS,NSE,yfinance,1d
2026-05-28,2284.199951171875,2284.199951171875,2284.199951171875,2284.199951171875,0,TCS,NSE,yfinance,1d
2026-05-29,2291.0,2334.0,2235.0,2258.89990234375,16331582,TCS,NSE,yfinance,1d
2026-06-01,2284.0,2335.0,2280.0,2297.39990234375,7505095,TCS,NSE,yfinance,1d
2026-06-02,2320.0,2457.39990234375,2316.199951171875,2446.89990234375,11306127,TCS,NSE,yfinance,1d
2026-06-03,2393.0,2393.0,2224.800048828125,2241.699951171875,15660062,TCS,NSE,yfinance,1d
2026-06-04,2241.699951171875,2253.10009765625,2216.60009765625,2241.0,4867263,TCS,NSE,yfinance,1d
2026-06-05,2262.89990234375,2271.800048828125,2192.0,2198.89990234375,5019717,TCS,NSE,yfinance,1d
2026-06-08,2170.0,2177.0,2143.300048828125,2151.39990234375,6536734,TCS,NSE,yfinance,1d
2026-06-09,2174.0,2174.0,2132.800048828125,2151.0,4148655,TCS,NSE,yfinance,1d
2026-06-10,2151.300048828125,2180.800048828125,2144.800048828125,2153.89990234375,2848650,TCS,NSE,yfinance,1d
2026-06-11,2127.0,2154.60009765625,2110.0,2135.60009765625,3079815,TCS,NSE,yfinance,1d
2026-06-12,2150.0,2168.0,2138.0,2161.39990234375,2124656,TCS,NSE,yfinance,1d
2026-06-15,2192.0,2192.0,2159.300048828125,2162.0,3337083,TCS,NSE,yfinance,1d
2026-06-16,2167.0,2209.0,2160.60009765625,2199.0,3079898,TCS,NSE,yfinance,1d
2026-06-17,2209.0,2231.0,2200.699951171875,2223.0,2865010,TCS,NSE,yfinance,1d
2026-06-18,2209.0,2214.0,2182.0,2203.300048828125,3735188,TCS,NSE,yfinance,1d
2026-06-19,2105.0,2138.0,2059.89990234375,2125.0,13286502,TCS,NSE,yfinance,1d
2026-06-22,2132.199951171875,2157.0,2121.0,2127.800048828125,4566101,TCS,NSE,yfinance,1d
2026-06-23,2111.0,2114.0,2055.0,2059.60009765625,6392736,TCS,NSE,yfinance,1d
2026-06-24,2061.0,2120.699951171875,2061.0,2109.0,4747277,TCS,NSE,yfinance,1d
2026-06-25,2133.60009765625,2148.5,2088.0,2094.699951171875,4738903,TCS,NSE,yfinance,1d
2026-06-26,2094.699951171875,2094.699951171875,2094.699951171875,2094.699951171875,0,TCS,NSE,yfinance,1d
2026-06-29,2090.0,2105.0,2071.0,2097.89990234375,3412470,TCS,NSE,yfinance,1d
2026-06-30,2090.0,2104.300048828125,2018.800048828125,2031.5,6848411,TCS,NSE,yfinance,1d
2026-07-01,2039.9000244140625,2052.0,1976.800048828125,1982.5999755859375,4658295,TCS,NSE,yfinance,1d
2026-07-02,2008.0,2076.89990234375,2002.5,2068.10009765625,6040621,TCS,NSE,yfinance,1d
2026-07-03,2100.0,2116.60009765625,2085.0,2093.5,4028819,TCS,NSE,yfinance,1d
2026-07-06,2090.0,2093.0,2050.60009765625,2057.60009765625,2567386,TCS,NSE,yfinance,1d
2026-07-07,2050.0,2122.699951171875,2049.0,2096.10009765625,4769048,TCS,NSE,yfinance,1d
2026-07-08,2094.0,2109.699951171875,2048.800048828125,2057.5,3666985,TCS,NSE,yfinance,1d
2026-07-09,2057.5,2065.0,2016.0,2049.5,3791498,TCS,NSE,yfinance,1d
2026-07-10,2105.199951171875,2133.300048828125,2064.60009765625,2069.0,6714551,TCS,NSE,yfinance,1d
2026-07-13,2075.0,2204.89990234375,2065.10009765625,2181.5,12382622,TCS,NSE,yfinance,1d
2026-07-14,2182.89990234375,2228.0,2179.0,2200.60009765625,9546290,TCS,NSE,yfinance,1d
2026-07-15,2174.10009765625,2202.89990234375,2145.39990234375,2189.199951171875,5426489,TCS,NSE,yfinance,1d
2026-07-16,2206.0,2231.39990234375,2187.800048828125,2201.0,5197595,TCS,NSE,yfinance,1d
2026-07-17,2224.800048828125,2275.0,2215.10009765625,2269.0,5615138,TCS,NSE,yfinance,1d
2026-07-20,2280.10009765625,2283.39990234375,2245.10009765625,2251.10009765625,2202693,TCS,NSE,yfinance,1d
2026-07-21,2245.10009765625,2259.89990234375,2218.5,2221.10009765625,2382160,TCS,NSE,yfinance,1d
2026-07-22,2216.0,2226.800048828125,2201.0,2208.300048828125,1599665,TCS,NSE,yfinance,1d
2026-07-23,2204.0,2250.0,2193.60009765625,2242.89990234375,2503539,TCS,NSE,yfinance,1d
2026-07-24,2205.10009765625,2264.300048828125,2205.10009765625,2254.300048828125,3211699,TCS,NSE,yfinance,1d
2026-07-27,2286.0,2315.0,2272.39990234375,2295.60009765625,4007292,TCS,NSE,yfinance,1d
2026-07-28,2325.0,2417.39990234375,2323.0,2398.0,8248513,TCS,NSE,yfinance,1d
2026-07-29,2440.0,2475.5,2415.10009765625,2446.60009765625,7169419,TCS,NSE,yfinance,1d
2026-07-30,2440.0,2495.0,2423.0,2431.800048828125,4901582,TCS,NSE,yfinance,1d
2026-07-31,2385.0,2391.0,2326.10009765625,2365.60009765625,4343683,TCS,NSE,yfinance,1d
2026-08-03,2383.89990234375,2473.699951171875,2383.0,2473.699951171875,3036839,TCS,NSE,yfinance,1d
2026-08-04,2463.10009765625,2467.39990234375,2435.10009765625,2460.0,2792792,TCS,NSE,yfinance,1d
2026-08-05,2460.0,2460.89990234375,2408.0,2413.0,3014409,TCS,NSE,yfinance,1d
2026-08-06,2417.0,2434.5,2368.5,2373.0,2729141,TCS,NSE,yfinance,1d
2026-08-07,2375.0,2457.699951171875,2375.0,2452.699951171875,4547979,TCS,NSE,yfinance,1d
2026-08-10,2452.699951171875,2472.89990234375,2423.5,2425.699951171875,2322023,TCS,NSE,yfinance,1d
2026-08-11,2438.0,2456.60009765625,2428.0,2445.699951171875,1514105,TCS,NSE,yfinance,1d
2026-08-12,2445.699951171875,2445.800048828125,2300.10009765625,2349.699951171875,7022647,TCS,NSE,yfinance,1d
2026-08-13,2349.699951171875,2375.0,2332.300048828125,2375.0,2123494,TCS,NSE,yfinance,1d
2026-08-14,2375.10009765625,2390.0,2333.39990234375,2361.0,2232160,TCS,NSE,yfinance,1d
