date,open,high,low,close,volume,symbol,exchange,source,interval
2021-08-14,410.7835388183594,418.9212646484375,400.7520446777344,409.03448486328125,2023364348,BNB-USD,CRYPTO,yfinance,1d
2021-08-15,408.9822082519531,414.9309997558594,396.8652038574219,414.59503173828125,1826134192,BNB-USD,CRYPTO,yfinance,1d
2021-08-16,414.357666015625,436.618408203125,411.1232604980469,417.4708557128906,2620571467,BNB-USD,CRYPTO,yfinance,1d
2021-08-17,416.0691223144531,435.72320556640625,399.74591064453125,401.9089050292969,2572609791,BNB-USD,CRYPTO,yfinance,1d
2021-08-18,401.8820495605469,412.3062438964844,387.8158874511719,398.25146484375,2288117050,BNB-USD,CRYPTO,yfinance,1d
2021-08-19,396.494384765625,431.2602233886719,391.49505615234375,430.9888610839844,2549215331,BNB-USD,CRYPTO,yfinance,1d
2021-08-20,430.97503662109375,457.6037292480469,422.0801696777344,454.9363098144531,2451578694,BNB-USD,CRYPTO,yfinance,1d
2021-08-21,455.1333923339844,460.2557067871094,444.9776611328125,448.9202575683594,2120660728,BNB-USD,CRYPTO,yfinance,1d
2021-08-22,449.2256164550781,458.40289306640625,439.168212890625,449.0534973144531,1826865701,BNB-USD,CRYPTO,yfinance,1d
2021-08-23,449.10546875,509.34271240234375,447.6663818359375,499.8905944824219,3857489743,BNB-USD,CRYPTO,yfinance,1d
2021-08-24,500.21771240234375,504.1023254394531,461.7559814453125,471.595458984375,2978438301,BNB-USD,CRYPTO,yfinance,1d
2021-08-25,472.2020263671875,506.295166015625,470.63922119140625,502.7862548828125,3289398273,BNB-USD,CRYPTO,yfinance,1d
2021-08-26,503.552490234375,518.75634765625,472.0317687988281,479.006103515625,3277913533,BNB-USD,CRYPTO,yfinance,1d
2021-08-27,478.6301574707031,495.0123291015625,467.90118408203125,494.4986877441406,2563319587,BNB-USD,CRYPTO,yfinance,1d
2021-08-28,494.6706237792969,496.8854064941406,483.3242492675781,486.1969299316406,1676741698,BNB-USD,CRYPTO,yfinance,1d
2021-08-29,486.2085876464844,495.6763000488281,477.2008056640625,480.28302001953125,1763538464,BNB-USD,CRYPTO,yfinance,1d
2021-08-30,480.2899475097656,481.13165283203125,458.1532897949219,459.4907531738281,2007036766,BNB-USD,CRYPTO,yfinance,1d
2021-08-31,460.6239929199219,477.2822265625,452.48516845703125,464.4187316894531,2378049328,BNB-USD,CRYPTO,yfinance,1d
2021-09-01,464.2729187011719,490.0687255859375,455.7580871582031,490.0687255859375,2303587593,BNB-USD,CRYPTO,yfinance,1d
2021-09-02,489.8598937988281,504.541259765625,480.0368957519531,483.9210510253906,2324361979,BNB-USD,CRYPTO,yfinance,1d
2021-09-03,483.756591796875,494.39520263671875,475.22589111328125,488.6047058105469,2051522050,BNB-USD,CRYPTO,yfinance,1d
2021-09-04,488.4070129394531,510.0576477050781,485.8561096191406,498.07843017578125,2310249697,BNB-USD,CRYPTO,yfinance,1d
2021-09-05,497.7048645019531,505.11669921875,489.47491455078125,504.619873046875,1899639214,BNB-USD,CRYPTO,yfinance,1d
2021-09-06,504.6980895996094,508.8222351074219,488.678955078125,495.9250183105469,2206397359,BNB-USD,CRYPTO,yfinance,1d
2021-09-07,496.0363464355469,504.6031494140625,372.3029479980469,417.5087890625,4471687569,BNB-USD,CRYPTO,yfinance,1d
2021-09-08,417.91888427734375,425.4935607910156,384.2314453125,415.1131591796875,2940929033,BNB-USD,CRYPTO,yfinance,1d
2021-09-09,405.5805969238281,435.7174072265625,404.5211486816406,421.27001953125,2392139922,BNB-USD,CRYPTO,yfinance,1d
2021-09-10,421.2688903808594,438.92218017578125,394.0628356933594,401.6217956542969,2306735739,BNB-USD,CRYPTO,yfinance,1d
2021-09-11,401.26348876953125,415.3570251464844,400.29925537109375,405.5273742675781,1567255682,BNB-USD,CRYPTO,yfinance,1d
2021-09-12,405.399169921875,421.20758056640625,398.0321350097656,416.6832275390625,1671909230,BNB-USD,CRYPTO,yfinance,1d
2021-09-13,416.7966003417969,419.2820129394531,385.37603759765625,399.0634460449219,2194763765,BNB-USD,CRYPTO,yfinance,1d
2021-09-14,399.206787109375,414.3195495605469,396.41607666015625,414.2362365722656,1598465255,BNB-USD,CRYPTO,yfinance,1d
2021-09-15,414.4934997558594,436.4163513183594,410.4539489746094,431.42303466796875,1838828414,BNB-USD,CRYPTO,yfinance,1d
2021-09-16,431.29058837890625,433.1927795410156,416.1762390136719,424.64923095703125,1720989872,BNB-USD,CRYPTO,yfinance,1d
2021-09-17,424.403564453125,425.7662353515625,401.842041015625,406.6328125,1516642578,BNB-USD,CRYPTO,yfinance,1d
2021-09-18,406.4624328613281,420.0019836425781,401.7784423828125,410.8092956542969,1310349981,BNB-USD,CRYPTO,yfinance,1d
2021-09-19,410.6031188964844,419.1825866699219,403.7186279296875,408.4716491699219,1243314915,BNB-USD,CRYPTO,yfinance,1d
2021-09-20,408.5135498046875,409.643310546875,357.2733154296875,361.9659118652344,2344102082,BNB-USD,CRYPTO,yfinance,1d
2021-09-21,364.05352783203125,375.6661071777344,339.01434326171875,344.53460693359375,2045164899,BNB-USD,CRYPTO,yfinance,1d
2021-09-22,343.6654052734375,380.0084533691406,342.6800537109375,379.4403381347656,1678913732,BNB-USD,CRYPTO,yfinance,1d
2021-09-23,379.1556701660156,384.7772216796875,369.6520080566406,383.8204040527344,1576382603,BNB-USD,CRYPTO,yfinance,1d
2021-09-24,383.8063049316406,385.31927490234375,335.5061950683594,355.3162841796875,2081157733,BNB-USD,CRYPTO,yfinance,1d
2021-09-25,355.4073791503906,360.63006591796875,344.19091796875,349.8800964355469,1388464569,BNB-USD,CRYPTO,yfinance,1d
2021-09-26,349.88067626953125,352.6981506347656,320.3687438964844,344.1817626953125,1958526741,BNB-USD,CRYPTO,yfinance,1d
2021-09-27,344.6517028808594,357.2929992675781,335.79046630859375,336.19122314453125,1507056912,BNB-USD,CRYPTO,yfinance,1d
2021-09-28,335.80755615234375,344.27557373046875,330.0738525390625,333.0325927734375,1294330921,BNB-USD,CRYPTO,yfinance,1d
2021-09-29,333.3979187011719,375.0068664550781,331.4485168457031,367.9895935058594,2385693434,BNB-USD,CRYPTO,yfinance,1d
2021-09-30,367.7860107421875,388.2687683105469,366.6442565917969,387.0573425292969,1796235646,BNB-USD,CRYPTO,yfinance,1d
2021-10-01,387.635986328125,423.3442687988281,382.1313781738281,421.6431884765625,2162493378,BNB-USD,CRYPTO,yfinance,1d
2021-10-02,421.4770812988281,438.1070251464844,411.038330078125,428.09832763671875,1740937420,BNB-USD,CRYPTO,yfinance,1d
2021-10-03,427.3511047363281,437.1003723144531,421.9388732910156,430.5088195800781,1470899248,BNB-USD,CRYPTO,yfinance,1d
2021-10-04,430.5845031738281,430.7255859375,411.9521484375,425.7489013671875,1647171955,BNB-USD,CRYPTO,yfinance,1d
2021-10-05,426.2142028808594,443.91424560546875,424.1143493652344,442.7061462402344,1526827785,BNB-USD,CRYPTO,yfinance,1d
2021-10-06,442.40625,442.47930908203125,415.667724609375,435.4013671875,2006344571,BNB-USD,CRYPTO,yfinance,1d
2021-10-07,434.9619140625,449.9358825683594,424.3091735839844,438.7617492675781,1962989705,BNB-USD,CRYPTO,yfinance,1d
2021-10-08,438.4752502441406,441.5137939453125,416.7060241699219,419.10205078125,2678048368,BNB-USD,CRYPTO,yfinance,1d
2021-10-09,418.7559814453125,425.9748229980469,416.8238525390625,421.5494689941406,1404867667,BNB-USD,CRYPTO,yfinance,1d
2021-10-10,421.7956848144531,422.0504150390625,402.8292541503906,405.0693054199219,1437068558,BNB-USD,CRYPTO,yfinance,1d
2021-10-11,404.5274658203125,423.55010986328125,401.22125244140625,413.4562072753906,1473121389,BNB-USD,CRYPTO,yfinance,1d
2021-10-12,413.48675537109375,443.8675231933594,392.5707702636719,443.8675231933594,3142304145,BNB-USD,CRYPTO,yfinance,1d
2021-10-13,444.4056396484375,471.65692138671875,434.4466247558594,470.74969482421875,5149146903,BNB-USD,CRYPTO,yfinance,1d
2021-10-14,470.5386657714844,482.6448669433594,461.8553466796875,472.02239990234375,2486819344,BNB-USD,CRYPTO,yfinance,1d
2021-10-15,472.60040283203125,476.7559509277344,453.90008544921875,473.70263671875,2804538828,BNB-USD,CRYPTO,yfinance,1d
2021-10-16,473.99468994140625,483.55780029296875,463.511474609375,465.6424560546875,1904086807,BNB-USD,CRYPTO,yfinance,1d
2021-10-17,465.72210693359375,472.2980041503906,455.4051818847656,470.62554931640625,1646437501,BNB-USD,CRYPTO,yfinance,1d
2021-10-18,470.9144287109375,487.49969482421875,467.58477783203125,485.11102294921875,1999805026,BNB-USD,CRYPTO,yfinance,1d
2021-10-19,485.09942626953125,497.2583312988281,481.9736328125,488.14886474609375,1844483840,BNB-USD,CRYPTO,yfinance,1d
2021-10-20,488.0538330078125,505.2679443359375,482.24603271484375,501.02032470703125,1890415594,BNB-USD,CRYPTO,yfinance,1d
2021-10-21,501.34783935546875,504.64862060546875,467.42236328125,471.2569274902344,3081793454,BNB-USD,CRYPTO,yfinance,1d
2021-10-22,470.9593811035156,498.0141906738281,470.9593811035156,478.6431579589844,1962748496,BNB-USD,CRYPTO,yfinance,1d
2021-10-23,478.9422607421875,485.90643310546875,473.1125793457031,485.90643310546875,1170864603,BNB-USD,CRYPTO,yfinance,1d
2021-10-24,485.9901428222656,486.8027038574219,468.1982116699219,476.63311767578125,1246191889,BNB-USD,CRYPTO,yfinance,1d
2021-10-25,475.92425537109375,488.8943176269531,474.8721618652344,484.64508056640625,1337787876,BNB-USD,CRYPTO,yfinance,1d
2021-10-26,484.7068786621094,489.774169921875,475.2862854003906,478.0250549316406,1486193826,BNB-USD,CRYPTO,yfinance,1d
2021-10-27,478.1210632324219,486.1675109863281,440.44500732421875,449.00799560546875,2340091135,BNB-USD,CRYPTO,yfinance,1d
2021-10-28,448.8858337402344,494.9148864746094,447.6197204589844,492.0155334472656,2626956133,BNB-USD,CRYPTO,yfinance,1d
2021-10-29,492.43255615234375,533.4754028320312,488.8721618652344,529.6221313476562,2667451365,BNB-USD,CRYPTO,yfinance,1d
2021-10-30,529.8226928710938,539.9388427734375,511.9313049316406,527.9212036132812,2194893915,BNB-USD,CRYPTO,yfinance,1d
2021-10-31,528.5473022460938,534.7709350585938,510.5654602050781,524.3644409179688,2076289915,BNB-USD,CRYPTO,yfinance,1d
2021-11-01,524.7382202148438,552.0736694335938,512.17626953125,551.2559204101562,2535579529,BNB-USD,CRYPTO,yfinance,1d
2021-11-02,551.74755859375,564.022705078125,538.3999633789062,554.4476318359375,2401108112,BNB-USD,CRYPTO,yfinance,1d
2021-11-03,554.557373046875,570.2593383789062,538.531005859375,568.5787963867188,2567651316,BNB-USD,CRYPTO,yfinance,1d
2021-11-04,568.578125,569.1212768554688,544.8768310546875,559.7373046875,2260479871,BNB-USD,CRYPTO,yfinance,1d
2021-11-05,559.3905029296875,615.5808715820312,555.0560913085938,608.6480712890625,3675930507,BNB-USD,CRYPTO,yfinance,1d
2021-11-06,608.2634887695312,636.1139526367188,596.7644653320312,636.1139526367188,2779927044,BNB-USD,CRYPTO,yfinance,1d
2021-11-07,638.18603515625,669.3458251953125,632.0792846679688,650.4540405273438,3017167868,BNB-USD,CRYPTO,yfinance,1d
2021-11-08,650.4674072265625,655.7136840820312,632.6870727539062,654.3150024414062,2828112534,BNB-USD,CRYPTO,yfinance,1d
2021-11-09,654.0003662109375,657.0405883789062,632.3316650390625,635.1906127929688,2198989754,BNB-USD,CRYPTO,yfinance,1d
2021-11-10,635.0383911132812,662.3065185546875,578.0742797851562,615.278076171875,3653998344,BNB-USD,CRYPTO,yfinance,1d
2021-11-11,615.4552001953125,634.8444213867188,606.4091796875,629.892333984375,2341652507,BNB-USD,CRYPTO,yfinance,1d
2021-11-12,629.1442260742188,634.5205688476562,604.1627197265625,626.6425170898438,2209163398,BNB-USD,CRYPTO,yfinance,1d
2021-11-13,627.07958984375,655.3208618164062,620.5878295898438,650.1041259765625,2106170805,BNB-USD,CRYPTO,yfinance,1d
2021-11-14,650.062255859375,659.99267578125,634.5494995117188,650.9180908203125,2101401990,BNB-USD,CRYPTO,yfinance,1d
2021-11-15,650.943115234375,660.044189453125,631.9422607421875,633.0486450195312,2146877925,BNB-USD,CRYPTO,yfinance,1d
2021-11-16,634.9476318359375,635.2603759765625,574.1801147460938,589.8228759765625,3772957260,BNB-USD,CRYPTO,yfinance,1d
2021-11-17,589.3280639648438,593.1080932617188,554.3214111328125,578.0927734375,2704847734,BNB-USD,CRYPTO,yfinance,1d
2021-11-18,578.0348510742188,587.9127197265625,518.423095703125,532.2376098632812,2917116815,BNB-USD,CRYPTO,yfinance,1d
2021-11-19,531.505126953125,585.8994750976562,525.2415161132812,581.5308227539062,2481119529,BNB-USD,CRYPTO,yfinance,1d
2021-11-20,581.478515625,604.8842163085938,574.0227661132812,603.8400268554688,2336197759,BNB-USD,CRYPTO,yfinance,1d
2021-11-21,604.4089965820312,605.1771240234375,580.5870971679688,585.2942504882812,2055539646,BNB-USD,CRYPTO,yfinance,1d
2021-11-22,584.8157958984375,585.1484985351562,554.270263671875,559.1270141601562,2251971535,BNB-USD,CRYPTO,yfinance,1d
2021-11-23,559.5701904296875,605.0904541015625,559.0416259765625,591.4395751953125,2927434189,BNB-USD,CRYPTO,yfinance,1d
2021-11-24,591.195556640625,594.8309936523438,577.5083618164062,581.3953247070312,2917418688,BNB-USD,CRYPTO,yfinance,1d
2021-11-25,590.3569946289062,646.9588012695312,587.8598022460938,603.730224609375,2537227998,BNB-USD,CRYPTO,yfinance,1d
2021-11-26,639.0036010742188,657.512939453125,566.5331420898438,585.1473388671875,4254504824,BNB-USD,CRYPTO,yfinance,1d
2021-11-27,587.1033325195312,621.3866577148438,584.7943115234375,600.3367919921875,2485529516,BNB-USD,CRYPTO,yfinance,1d
2021-11-28,601.0064086914062,612.737548828125,574.55126953125,611.3668212890625,2731676788,BNB-USD,CRYPTO,yfinance,1d
2021-11-29,611.7626342773438,628.4968872070312,602.4429321289062,624.31005859375,2425803182,BNB-USD,CRYPTO,yfinance,1d
2021-11-30,623.9569702148438,635.1295166015625,604.8676147460938,622.6698608398438,2781531694,BNB-USD,CRYPTO,yfinance,1d
2021-12-01,621.8128662109375,650.253173828125,619.1972045898438,627.9715576171875,2806563703,BNB-USD,CRYPTO,yfinance,1d
2021-12-02,627.5718383789062,629.8849487304688,606.6478271484375,619.4701538085938,2378758113,BNB-USD,CRYPTO,yfinance,1d
2021-12-03,620.2990112304688,628.3163452148438,579.84521484375,594.635986328125,2483348354,BNB-USD,CRYPTO,yfinance,1d
2021-12-04,596.148681640625,596.148681640625,495.13226318359375,569.0772705078125,4458419873,BNB-USD,CRYPTO,yfinance,1d
2021-12-05,568.6514282226562,581.8065795898438,543.6355590820312,557.7830810546875,2394235567,BNB-USD,CRYPTO,yfinance,1d
2021-12-06,557.9497680664062,593.3837280273438,534.263671875,589.2561645507812,3567503629,BNB-USD,CRYPTO,yfinance,1d
2021-12-07,589.1107788085938,593.7992553710938,573.3385009765625,579.6898803710938,2112954675,BNB-USD,CRYPTO,yfinance,1d
2021-12-08,579.1826782226562,607.7808837890625,567.6162109375,607.5927734375,2245501623,BNB-USD,CRYPTO,yfinance,1d
2021-12-09,606.6359252929688,616.6473388671875,568.03955078125,571.6489868164062,2132955304,BNB-USD,CRYPTO,yfinance,1d
2021-12-10,570.9810180664062,594.5972290039062,551.73583984375,552.9668579101562,2089946472,BNB-USD,CRYPTO,yfinance,1d
2021-12-11,553.6710815429688,572.1915283203125,542.565673828125,564.322509765625,1824951693,BNB-USD,CRYPTO,yfinance,1d
2021-12-12,564.1414184570312,574.18505859375,559.5152587890625,570.823974609375,1307635490,BNB-USD,CRYPTO,yfinance,1d
2021-12-13,571.1774291992188,572.8823852539062,511.99847412109375,521.0115966796875,1900967743,BNB-USD,CRYPTO,yfinance,1d
2021-12-14,520.6317138671875,536.2976684570312,510.4207763671875,511.2293701171875,2232411089,BNB-USD,CRYPTO,yfinance,1d
2021-12-15,528.4280395507812,546.578125,503.0374755859375,541.0269775390625,2079796859,BNB-USD,CRYPTO,yfinance,1d
2021-12-16,541.40380859375,545.1519775390625,525.1216430664062,526.2465209960938,1500825557,BNB-USD,CRYPTO,yfinance,1d
2021-12-17,526.1488037109375,535.4282836914062,511.70050048828125,525.706298828125,1804795681,BNB-USD,CRYPTO,yfinance,1d
2021-12-18,526.17236328125,537.8184204101562,517.3238525390625,533.891357421875,1294574825,BNB-USD,CRYPTO,yfinance,1d
2021-12-19,534.0184936523438,543.7507934570312,527.772705078125,529.9720458984375,1199582659,BNB-USD,CRYPTO,yfinance,1d
2021-12-20,529.72802734375,534.7802124023438,506.370361328125,523.1624755859375,1467380399,BNB-USD,CRYPTO,yfinance,1d
2021-12-21,523.388427734375,535.1061401367188,517.76025390625,528.7109985351562,1461697111,BNB-USD,CRYPTO,yfinance,1d
2021-12-22,528.7727661132812,544.6470947265625,527.6388549804688,533.6449584960938,1597323976,BNB-USD,CRYPTO,yfinance,1d
2021-12-23,533.7183227539062,552.5286865234375,524.7810668945312,548.725830078125,1867124970,BNB-USD,CRYPTO,yfinance,1d
2021-12-24,549.0022583007812,554.1250610351562,538.2337036132812,541.9020385742188,1677259160,BNB-USD,CRYPTO,yfinance,1d
2021-12-25,542.4671020507812,550.865966796875,540.54541015625,547.3262329101562,1305388019,BNB-USD,CRYPTO,yfinance,1d
2021-12-26,547.3241577148438,549.4100341796875,537.4617309570312,546.9949951171875,1576727325,BNB-USD,CRYPTO,yfinance,1d
2021-12-27,546.5078735351562,571.5488891601562,543.50634765625,562.6414794921875,2180356553,BNB-USD,CRYPTO,yfinance,1d
2021-12-28,563.59033203125,563.59033203125,530.0599365234375,534.9280395507812,2791585162,BNB-USD,CRYPTO,yfinance,1d
2021-12-29,534.8500366210938,540.6157836914062,511.7453308105469,514.0007934570312,2159325741,BNB-USD,CRYPTO,yfinance,1d
2021-12-30,514.5702514648438,527.5682983398438,509.00347900390625,518.9097290039062,1950603827,BNB-USD,CRYPTO,yfinance,1d
2021-12-31,519.123046875,527.6973266601562,507.8857116699219,511.70831298828125,2020489898,BNB-USD,CRYPTO,yfinance,1d
2022-01-01,511.9103698730469,527.3527221679688,511.9035339355469,527.3527221679688,1622547014,BNB-USD,CRYPTO,yfinance,1d
2022-01-02,527.2916259765625,533.3710327148438,518.7535400390625,531.3966674804688,1462276185,BNB-USD,CRYPTO,yfinance,1d
2022-01-03,531.3888549804688,532.0955810546875,510.65216064453125,512.135986328125,1949153130,BNB-USD,CRYPTO,yfinance,1d
2022-01-04,512.1303100585938,519.70166015625,503.2153625488281,507.506103515625,2200879165,BNB-USD,CRYPTO,yfinance,1d
2022-01-05,507.5978088378906,515.2391967773438,462.05755615234375,475.05694580078125,2870757788,BNB-USD,CRYPTO,yfinance,1d
2022-01-06,475.0790710449219,481.0628356933594,460.2485046386719,473.2756042480469,4400228627,BNB-USD,CRYPTO,yfinance,1d
2022-01-07,473.00006103515625,474.29620361328125,439.260009765625,447.7884826660156,4613172287,BNB-USD,CRYPTO,yfinance,1d
2022-01-08,447.8568115234375,458.4837951660156,419.1954650878906,430.24615478515625,4068139021,BNB-USD,CRYPTO,yfinance,1d
2022-01-09,430.25311279296875,444.4932556152344,428.239501953125,438.8030700683594,3347862691,BNB-USD,CRYPTO,yfinance,1d
2022-01-10,438.78564453125,445.0361633300781,408.69879150390625,424.93377685546875,4156063326,BNB-USD,CRYPTO,yfinance,1d
2022-01-11,424.8912048339844,467.28106689453125,422.00091552734375,463.518310546875,4600615710,BNB-USD,CRYPTO,yfinance,1d
2022-01-12,463.562744140625,489.3273010253906,457.1161193847656,487.0074157714844,4131335431,BNB-USD,CRYPTO,yfinance,1d
2022-01-13,487.0425720214844,488.21124267578125,467.8756103515625,475.02911376953125,4151007744,BNB-USD,CRYPTO,yfinance,1d
2022-01-14,475.127197265625,491.66064453125,468.9396057128906,489.867431640625,3112235914,BNB-USD,CRYPTO,yfinance,1d
2022-01-15,489.9179992675781,501.3111267089844,486.305908203125,494.9880676269531,1766015929,BNB-USD,CRYPTO,yfinance,1d
2022-01-16,494.9241027832031,505.30096435546875,489.50213623046875,498.42791748046875,1771927950,BNB-USD,CRYPTO,yfinance,1d
2022-01-17,498.50616455078125,498.94390869140625,468.5765075683594,475.7098693847656,2134608006,BNB-USD,CRYPTO,yfinance,1d
2022-01-18,475.7364196777344,479.662109375,458.1524658203125,472.00506591796875,2106859289,BNB-USD,CRYPTO,yfinance,1d
2022-01-19,471.9172058105469,472.7742919921875,454.75860595703125,462.82208251953125,1780063381,BNB-USD,CRYPTO,yfinance,1d
2022-01-20,462.8569641113281,478.35394287109375,439.9780578613281,440.00543212890625,1881741995,BNB-USD,CRYPTO,yfinance,1d
2022-01-21,440.067138671875,444.18023681640625,376.7701721191406,383.07391357421875,3647221590,BNB-USD,CRYPTO,yfinance,1d
2022-01-22,383.47454833984375,388.9119873046875,340.0548095703125,358.0961608886719,4226932408,BNB-USD,CRYPTO,yfinance,1d
2022-01-23,358.32659912109375,388.5939025878906,357.170654296875,383.9339599609375,2786834863,BNB-USD,CRYPTO,yfinance,1d
2022-01-24,384.0406188964844,384.0406188964844,337.85394287109375,371.36895751953125,3210871602,BNB-USD,CRYPTO,yfinance,1d
2022-01-25,371.3868408203125,387.1768493652344,358.08355712890625,384.6193542480469,2325661159,BNB-USD,CRYPTO,yfinance,1d
2022-01-26,384.58624267578125,400.1520690917969,367.5751037597656,375.7554626464844,2226973227,BNB-USD,CRYPTO,yfinance,1d
2022-01-27,375.54217529296875,391.80438232421875,360.3316955566406,390.0882873535156,1952844398,BNB-USD,CRYPTO,yfinance,1d
2022-01-28,390.00067138671875,393.3755798339844,376.7521667480469,386.0843811035156,1592850476,BNB-USD,CRYPTO,yfinance,1d
2022-01-29,386.06573486328125,396.77227783203125,381.68377685546875,389.1327819824219,1330610935,BNB-USD,CRYPTO,yfinance,1d
2022-01-30,389.20220947265625,389.2471923828125,373.0362854003906,377.6129150390625,1289330238,BNB-USD,CRYPTO,yfinance,1d
2022-01-31,377.64898681640625,384.9773864746094,366.1120300292969,375.2773132324219,1386778184,BNB-USD,CRYPTO,yfinance,1d
2022-02-01,375.09918212890625,387.7675476074219,374.32684326171875,385.46380615234375,1392647608,BNB-USD,CRYPTO,yfinance,1d
2022-02-02,385.48876953125,386.1147155761719,366.8953857421875,367.4716796875,1290849744,BNB-USD,CRYPTO,yfinance,1d
2022-02-03,367.370849609375,370.87774658203125,360.4913330078125,370.87774658203125,1202744039,BNB-USD,CRYPTO,yfinance,1d
2022-02-04,370.7108459472656,399.2165222167969,369.817626953125,399.02960205078125,1711084752,BNB-USD,CRYPTO,yfinance,1d
2022-02-05,399.14886474609375,430.3477783203125,396.9337158203125,414.20001220703125,2039010962,BNB-USD,CRYPTO,yfinance,1d
2022-02-06,414.2172546386719,421.1134338378906,408.6130676269531,419.5455627441406,1427593921,BNB-USD,CRYPTO,yfinance,1d
2022-02-07,419.66644287109375,438.6415710449219,414.2497253417969,433.2292785644531,1755674427,BNB-USD,CRYPTO,yfinance,1d
2022-02-08,433.4591064453125,444.2886047363281,407.164306640625,408.7767639160156,2247004672,BNB-USD,CRYPTO,yfinance,1d
2022-02-09,408.51690673828125,427.3935241699219,407.9497985839844,422.4655456542969,1601745132,BNB-USD,CRYPTO,yfinance,1d
2022-02-10,422.5140380859375,434.17144775390625,411.2454833984375,415.1192321777344,2037888603,BNB-USD,CRYPTO,yfinance,1d
2022-02-11,415.18719482421875,419.2860107421875,393.9773254394531,400.4223937988281,1714654174,BNB-USD,CRYPTO,yfinance,1d
2022-02-12,400.4990234375,407.1397399902344,394.79949951171875,403.3897399902344,1372516416,BNB-USD,CRYPTO,yfinance,1d
2022-02-13,403.2715759277344,406.7127685546875,395.65533447265625,398.88677978515625,1151509777,BNB-USD,CRYPTO,yfinance,1d
2022-02-14,398.64312744140625,403.9344787597656,391.3836669921875,403.6607971191406,1269083662,BNB-USD,CRYPTO,yfinance,1d
2022-02-15,403.6642150878906,436.24810791015625,403.0949401855469,432.4093933105469,2538883559,BNB-USD,CRYPTO,yfinance,1d
2022-02-16,432.491943359375,433.4287414550781,423.0782470703125,427.9181213378906,1670788158,BNB-USD,CRYPTO,yfinance,1d
2022-02-17,427.5499267578125,431.01837158203125,400.8066711425781,402.4500427246094,1644013199,BNB-USD,CRYPTO,yfinance,1d
2022-02-18,402.64984130859375,410.94293212890625,393.8162841796875,399.5691833496094,1554511893,BNB-USD,CRYPTO,yfinance,1d
2022-02-19,399.52142333984375,406.3809509277344,393.93365478515625,400.0435791015625,1192395484,BNB-USD,CRYPTO,yfinance,1d
2022-02-20,400.0033874511719,400.1314392089844,376.0079650878906,380.825927734375,1431745519,BNB-USD,CRYPTO,yfinance,1d
2022-02-21,380.7365417480469,393.62408447265625,356.1849670410156,356.6612548828125,2164511484,BNB-USD,CRYPTO,yfinance,1d
2022-02-22,356.7254638671875,374.8593444824219,350.1475830078125,374.3074645996094,2037210077,BNB-USD,CRYPTO,yfinance,1d
2022-02-23,374.2992858886719,383.24761962890625,366.53948974609375,366.53948974609375,1644707704,BNB-USD,CRYPTO,yfinance,1d
2022-02-24,366.34918212890625,368.16851806640625,324.4836730957031,361.2346496582031,2972951900,BNB-USD,CRYPTO,yfinance,1d
2022-02-25,361.21600341796875,376.8026123046875,357.3665466308594,374.9149475097656,1839035023,BNB-USD,CRYPTO,yfinance,1d
2022-02-26,374.8885803222656,385.2103271484375,371.47503662109375,373.6387634277344,1319208551,BNB-USD,CRYPTO,yfinance,1d
2022-02-27,373.5999755859375,380.9590759277344,359.6255187988281,360.5310363769531,1600855952,BNB-USD,CRYPTO,yfinance,1d
2022-02-28,360.3821716308594,396.45733642578125,356.6175842285156,395.6124267578125,1868349380,BNB-USD,CRYPTO,yfinance,1d
2022-03-01,395.6241149902344,418.4899597167969,391.3292236328125,408.4822998046875,2885318336,BNB-USD,CRYPTO,yfinance,1d
2022-03-02,408.5185241699219,414.912841796875,404.5347900390625,409.00030517578125,2045870796,BNB-USD,CRYPTO,yfinance,1d
2022-03-03,409.0327453613281,412.80059814453125,397.9063415527344,402.5506896972656,1598018507,BNB-USD,CRYPTO,yfinance,1d
2022-03-04,402.5751953125,402.9167175292969,372.868408203125,374.2808837890625,1740563403,BNB-USD,CRYPTO,yfinance,1d
2022-03-05,374.441650390625,386.84405517578125,368.17572021484375,384.87335205078125,1321262776,BNB-USD,CRYPTO,yfinance,1d
2022-03-06,384.91180419921875,387.1640930175781,373.0179443359375,375.0111999511719,1305295273,BNB-USD,CRYPTO,yfinance,1d
2022-03-07,375.07159423828125,384.4175720214844,364.4313659667969,381.3446350097656,2058321705,BNB-USD,CRYPTO,yfinance,1d
2022-03-08,381.2547607421875,387.6297912597656,377.70556640625,381.95855712890625,1684540144,BNB-USD,CRYPTO,yfinance,1d
2022-03-09,382.0426330566406,402.028076171875,381.8405456542969,393.5557556152344,2425559108,BNB-USD,CRYPTO,yfinance,1d
2022-03-10,393.4803771972656,394.40411376953125,364.087890625,372.1590270996094,2105808203,BNB-USD,CRYPTO,yfinance,1d
2022-03-11,372.1961364746094,379.57171630859375,365.6082763671875,372.1840515136719,1550840418,BNB-USD,CRYPTO,yfinance,1d
2022-03-12,372.1861877441406,379.1956481933594,372.1268615722656,372.7303771972656,1211417865,BNB-USD,CRYPTO,yfinance,1d
2022-03-13,372.60888671875,376.92840576171875,361.15087890625,361.8498229980469,1242011950,BNB-USD,CRYPTO,yfinance,1d
2022-03-14,361.83453369140625,373.6095275878906,360.3018493652344,373.4661560058594,1455465550,BNB-USD,CRYPTO,yfinance,1d
2022-03-15,373.472412109375,374.3332824707031,362.68475341796875,371.62884521484375,1360640456,BNB-USD,CRYPTO,yfinance,1d
2022-03-16,371.54278564453125,386.3632507324219,368.4816589355469,385.5282287597656,1788844135,BNB-USD,CRYPTO,yfinance,1d
2022-03-17,385.4595642089844,392.87042236328125,382.1614685058594,391.8247375488281,1635657390,BNB-USD,CRYPTO,yfinance,1d
2022-03-18,391.7787780761719,399.92352294921875,384.2483215332031,397.6455078125,1666543771,BNB-USD,CRYPTO,yfinance,1d
2022-03-19,397.5616455078125,406.00372314453125,395.414794921875,399.8535461425781,1532550954,BNB-USD,CRYPTO,yfinance,1d
2022-03-20,399.91973876953125,400.6107177734375,386.7667236328125,390.76837158203125,1334193471,BNB-USD,CRYPTO,yfinance,1d
2022-03-21,390.73895263671875,398.96173095703125,386.5613708496094,396.44781494140625,1657341491,BNB-USD,CRYPTO,yfinance,1d
2022-03-22,396.3555908203125,409.6425476074219,395.57574462890625,404.31494140625,1795119554,BNB-USD,CRYPTO,yfinance,1d
2022-03-23,404.3272705078125,411.0295715332031,398.8558654785156,408.6097717285156,1645651129,BNB-USD,CRYPTO,yfinance,1d
2022-03-24,408.55426025390625,416.5054016113281,406.0115661621094,414.1269836425781,1831451218,BNB-USD,CRYPTO,yfinance,1d
2022-03-25,414.14825439453125,421.1537170410156,406.2960510253906,410.8111572265625,1678265707,BNB-USD,CRYPTO,yfinance,1d
2022-03-26,410.8162536621094,416.3175354003906,407.98126220703125,415.9197998046875,1082240527,BNB-USD,CRYPTO,yfinance,1d
2022-03-27,415.9313659667969,431.02557373046875,412.3829040527344,430.5032653808594,1499505093,BNB-USD,CRYPTO,yfinance,1d
2022-03-28,430.54681396484375,440.7283935546875,428.5652160644531,430.390869140625,2128699500,BNB-USD,CRYPTO,yfinance,1d
2022-03-29,430.07489013671875,441.5075378417969,430.07489013671875,434.50567626953125,1987696098,BNB-USD,CRYPTO,yfinance,1d
2022-03-30,434.4297180175781,448.9471740722656,427.69207763671875,442.6848449707031,2181737151,BNB-USD,CRYPTO,yfinance,1d
2022-03-31,442.65887451171875,451.9610900878906,424.9502868652344,428.9161071777344,2632534284,BNB-USD,CRYPTO,yfinance,1d
2022-04-01,429.1240234375,446.7965393066406,414.7493896484375,446.6042785644531,2718206274,BNB-USD,CRYPTO,yfinance,1d
2022-04-02,446.8442077636719,453.5584716796875,436.7767028808594,436.9553527832031,2272901729,BNB-USD,CRYPTO,yfinance,1d
2022-04-03,436.8658142089844,455.22845458984375,432.82171630859375,450.348876953125,2128734028,BNB-USD,CRYPTO,yfinance,1d
2022-04-04,450.2645568847656,450.4326171875,434.1780090332031,447.5249328613281,2248856403,BNB-USD,CRYPTO,yfinance,1d
2022-04-05,447.6300354003906,459.8055725097656,445.0386047363281,445.172607421875,2268650039,BNB-USD,CRYPTO,yfinance,1d
2022-04-06,445.0011291503906,445.02764892578125,418.8811340332031,420.1463623046875,2323241738,BNB-USD,CRYPTO,yfinance,1d
2022-04-07,420.1826477050781,438.293701171875,417.6010437011719,436.7967834472656,2125042415,BNB-USD,CRYPTO,yfinance,1d
2022-04-08,436.93450927734375,440.6429748535156,419.43328857421875,421.67724609375,1951923760,BNB-USD,CRYPTO,yfinance,1d
2022-04-09,421.66534423828125,428.0207824707031,420.2725524902344,427.1530456542969,1399108286,BNB-USD,CRYPTO,yfinance,1d
2022-04-10,427.1497497558594,429.3641052246094,418.5906677246094,418.5906677246094,1410282903,BNB-USD,CRYPTO,yfinance,1d
2022-04-11,418.658447265625,419.49078369140625,392.10992431640625,394.0868835449219,2192782724,BNB-USD,CRYPTO,yfinance,1d
2022-04-12,394.2887878417969,416.63580322265625,393.16680908203125,413.8739318847656,2140526232,BNB-USD,CRYPTO,yfinance,1d
2022-04-13,413.8126525878906,424.3359375,411.05926513671875,423.1301574707031,1932053164,BNB-USD,CRYPTO,yfinance,1d
2022-04-14,423.0670166015625,426.8072204589844,412.047119140625,414.6637268066406,1615484732,BNB-USD,CRYPTO,yfinance,1d
2022-04-15,414.6671142578125,419.7969665527344,413.2726135253906,417.2937316894531,1242920077,BNB-USD,CRYPTO,yfinance,1d
2022-04-16,417.29388427734375,418.6585998535156,411.91290283203125,417.47845458984375,1022481382,BNB-USD,CRYPTO,yfinance,1d
2022-04-17,417.4115295410156,417.88067626953125,406.1683044433594,407.3777160644531,1088306780,BNB-USD,CRYPTO,yfinance,1d
2022-04-18,407.43292236328125,417.94696044921875,397.149658203125,416.9684143066406,1925668122,BNB-USD,CRYPTO,yfinance,1d
2022-04-19,417.0076599121094,424.2740173339844,415.0993957519531,422.3870544433594,1854452731,BNB-USD,CRYPTO,yfinance,1d
2022-04-20,422.3642883300781,430.97515869140625,415.7283935546875,418.354248046875,2035166767,BNB-USD,CRYPTO,yfinance,1d
2022-04-21,418.3168640136719,425.47412109375,402.0796813964844,405.0214538574219,2190281843,BNB-USD,CRYPTO,yfinance,1d
2022-04-22,404.96697998046875,413.28125,404.1090393066406,406.9875183105469,1895749713,BNB-USD,CRYPTO,yfinance,1d
2022-04-23,406.99334716796875,407.8970642089844,399.2784118652344,401.6524658203125,1354484386,BNB-USD,CRYPTO,yfinance,1d
2022-04-24,401.5250244140625,405.4305725097656,398.34661865234375,399.1053771972656,1222468479,BNB-USD,CRYPTO,yfinance,1d
2022-04-25,399.1299133300781,404.8739013671875,383.190673828125,404.35028076171875,1910707893,BNB-USD,CRYPTO,yfinance,1d
2022-04-26,404.26885986328125,407.0845031738281,382.08099365234375,385.4830627441406,1671963898,BNB-USD,CRYPTO,yfinance,1d
2022-04-27,385.5621643066406,394.4585266113281,384.07769775390625,391.4458312988281,1512587369,BNB-USD,CRYPTO,yfinance,1d
2022-04-28,391.43865966796875,408.2324523925781,388.8776550292969,406.71820068359375,2116381172,BNB-USD,CRYPTO,yfinance,1d
2022-04-29,406.6417236328125,410.17578125,390.53997802734375,393.0621643066406,1928209754,BNB-USD,CRYPTO,yfinance,1d
2022-04-30,392.99853515625,399.59307861328125,377.767822265625,377.767822265625,1467605770,BNB-USD,CRYPTO,yfinance,1d
2022-05-01,377.7656555175781,391.0769958496094,377.2899475097656,390.281982421875,1553846706,BNB-USD,CRYPTO,yfinance,1d
2022-05-02,390.2612609863281,392.2167053222656,382.7744140625,389.670654296875,1388077917,BNB-USD,CRYPTO,yfinance,1d
2022-05-03,389.6341552734375,391.7547607421875,380.3462219238281,383.4757995605469,1295877765,BNB-USD,CRYPTO,yfinance,1d
2022-05-04,383.4835510253906,402.8627014160156,383.42803955078125,402.5026550292969,1714496792,BNB-USD,CRYPTO,yfinance,1d
2022-05-05,402.4652099609375,412.4003601074219,372.5527648925781,378.77362060546875,2389487319,BNB-USD,CRYPTO,yfinance,1d
2022-05-06,378.7567443847656,382.68109130859375,371.97332763671875,379.3042907714844,1834770716,BNB-USD,CRYPTO,yfinance,1d
2022-05-07,379.2881774902344,380.3874206542969,361.1955871582031,365.6841125488281,1527960119,BNB-USD,CRYPTO,yfinance,1d
2022-05-08,365.7330017089844,366.50958251953125,351.1437683105469,355.39874267578125,1875845651,BNB-USD,CRYPTO,yfinance,1d
2022-05-09,355.3774108886719,358.9507141113281,299.34893798828125,299.34893798828125,2943374129,BNB-USD,CRYPTO,yfinance,1d
2022-05-10,298.8207092285156,332.4388427734375,290.5867919921875,319.32696533203125,3210603809,BNB-USD,CRYPTO,yfinance,1d
2022-05-11,319.1227722167969,322.7668151855469,262.6204528808594,269.9627685546875,3870618668,BNB-USD,CRYPTO,yfinance,1d
2022-05-12,269.88800048828125,283.4751281738281,216.3614959716797,269.4072570800781,4739990237,BNB-USD,CRYPTO,yfinance,1d
2022-05-13,269.1427307128906,312.68878173828125,265.7095947265625,290.5841979980469,2774121165,BNB-USD,CRYPTO,yfinance,1d
2022-05-14,290.6180725097656,298.8028564453125,272.6511535644531,297.3876037597656,1884570404,BNB-USD,CRYPTO,yfinance,1d
2022-05-15,297.3973693847656,312.1765441894531,286.6437683105469,312.0077209472656,1611088257,BNB-USD,CRYPTO,yfinance,1d
2022-05-16,312.0841369628906,312.1442565917969,290.4618225097656,297.7101135253906,1754184298,BNB-USD,CRYPTO,yfinance,1d
2022-05-17,297.6993103027344,310.1944580078125,296.9617919921875,305.96343994140625,1584497815,BNB-USD,CRYPTO,yfinance,1d
2022-05-18,305.9898681640625,307.7114562988281,287.43878173828125,287.43878173828125,1520090732,BNB-USD,CRYPTO,yfinance,1d
2022-05-19,287.4504699707031,307.9598083496094,287.214599609375,306.79156494140625,1646882950,BNB-USD,CRYPTO,yfinance,1d
2022-05-20,306.78106689453125,315.27386474609375,294.76080322265625,302.3592224121094,1756670714,BNB-USD,CRYPTO,yfinance,1d
2022-05-21,302.3659362792969,313.66015625,300.13006591796875,312.4660339355469,1318736979,BNB-USD,CRYPTO,yfinance,1d
2022-05-22,312.488037109375,322.8570251464844,311.82733154296875,319.6090087890625,1604297406,BNB-USD,CRYPTO,yfinance,1d
2022-05-23,319.5171203613281,336.3075256347656,316.3497314453125,316.76055908203125,2228144099,BNB-USD,CRYPTO,yfinance,1d
2022-05-24,316.850830078125,329.81866455078125,313.5509033203125,328.1893310546875,2002782969,BNB-USD,CRYPTO,yfinance,1d
2022-05-25,328.1956787109375,336.6660461425781,324.5485534667969,325.73480224609375,2008481372,BNB-USD,CRYPTO,yfinance,1d
2022-05-26,325.7552795410156,330.892333984375,298.7865905761719,304.96392822265625,2686414043,BNB-USD,CRYPTO,yfinance,1d
2022-05-27,304.79083251953125,308.86492919921875,292.1418762207031,300.9720458984375,2593113824,BNB-USD,CRYPTO,yfinance,1d
2022-05-28,302.4350280761719,309.20904541015625,297.7169189453125,307.8154296875,1471633413,BNB-USD,CRYPTO,yfinance,1d
2022-05-29,307.7525329589844,307.94439697265625,299.3061828613281,305.9750671386719,1208835000,BNB-USD,CRYPTO,yfinance,1d
2022-05-30,305.944091796875,323.2577819824219,304.3365783691406,321.7528991699219,2064357375,BNB-USD,CRYPTO,yfinance,1d
2022-05-31,321.7203063964844,323.70135498046875,314.2755126953125,320.485107421875,1711532960,BNB-USD,CRYPTO,yfinance,1d
2022-06-01,320.4720153808594,323.88507080078125,297.9685974121094,300.5040588378906,1763624947,BNB-USD,CRYPTO,yfinance,1d
2022-06-02,300.4664611816406,309.0408935546875,298.67120361328125,308.1017761230469,1228180850,BNB-USD,CRYPTO,yfinance,1d
2022-06-03,308.1941833496094,309.8567199707031,293.8630676269531,298.39788818359375,1115211127,BNB-USD,CRYPTO,yfinance,1d
2022-06-04,298.5028381347656,302.6377868652344,295.2839050292969,301.6311340332031,805954970,BNB-USD,CRYPTO,yfinance,1d
2022-06-05,301.597900390625,301.9407653808594,295.4252624511719,298.9347229003906,779603321,BNB-USD,CRYPTO,yfinance,1d
2022-06-06,298.9845886230469,311.69970703125,289.42828369140625,295.3960266113281,1470941103,BNB-USD,CRYPTO,yfinance,1d
2022-06-07,295.3734130859375,295.3734130859375,274.4277648925781,290.34112548828125,1752763456,BNB-USD,CRYPTO,yfinance,1d
2022-06-08,290.298828125,294.0399475097656,284.3733215332031,288.6160888671875,1136631692,BNB-USD,CRYPTO,yfinance,1d
2022-06-09,288.6175537109375,292.98065185546875,286.4792785644531,289.9196472167969,800984464,BNB-USD,CRYPTO,yfinance,1d
2022-06-10,289.8885803222656,297.2312927246094,283.4785461425781,286.04669189453125,1362797648,BNB-USD,CRYPTO,yfinance,1d
2022-06-11,286.1053771972656,290.3717956542969,265.6297912597656,269.48699951171875,1220361307,BNB-USD,CRYPTO,yfinance,1d
2022-06-12,269.6625671386719,271.3798828125,251.99143981933594,255.9508819580078,1380200465,BNB-USD,CRYPTO,yfinance,1d
2022-06-13,255.667724609375,256.85430908203125,214.6053009033203,222.5057830810547,2471570710,BNB-USD,CRYPTO,yfinance,1d
2022-06-14,222.5522003173828,230.36563110351562,205.39317321777344,223.22125244140625,2027226914,BNB-USD,CRYPTO,yfinance,1d
2022-06-15,223.18943786621094,234.01708984375,199.29222106933594,233.39671325683594,2244407305,BNB-USD,CRYPTO,yfinance,1d
2022-06-16,233.46786499023438,236.3285369873047,208.0655975341797,209.5387420654297,1483212957,BNB-USD,CRYPTO,yfinance,1d
2022-06-17,209.70867919921875,221.64134216308594,208.10292053222656,215.8917999267578,1108538874,BNB-USD,CRYPTO,yfinance,1d
2022-06-18,215.81561279296875,218.55020141601562,184.54005432128906,197.04299926757812,1579731402,BNB-USD,CRYPTO,yfinance,1d
2022-06-19,196.95579528808594,216.0824737548828,190.12149047851562,214.9205322265625,1333254615,BNB-USD,CRYPTO,yfinance,1d
2022-06-20,214.87974548339844,218.0797119140625,205.1668243408203,216.93426513671875,1235838900,BNB-USD,CRYPTO,yfinance,1d
2022-06-21,216.90110778808594,227.6422119140625,213.55081176757812,219.49862670898438,1165714518,BNB-USD,CRYPTO,yfinance,1d
2022-06-22,219.67340087890625,220.5269317626953,211.59193420410156,214.2619171142578,1050984086,BNB-USD,CRYPTO,yfinance,1d
2022-06-23,214.2310333251953,229.77142333984375,214.2310333251953,228.95375061035156,1148541185,BNB-USD,CRYPTO,yfinance,1d
2022-06-24,228.92286682128906,242.81625366210938,228.63003540039062,240.23831176757812,1127877901,BNB-USD,CRYPTO,yfinance,1d
2022-06-25,240.26217651367188,241.4977264404297,230.4462127685547,239.69065856933594,915553554,BNB-USD,CRYPTO,yfinance,1d
2022-06-26,239.61257934570312,244.66546630859375,233.63218688964844,233.85874938964844,823875890,BNB-USD,CRYPTO,yfinance,1d
2022-06-27,233.8336639404297,240.6182098388672,230.507080078125,233.65402221679688,841135242,BNB-USD,CRYPTO,yfinance,1d
2022-06-28,233.57284545898438,241.42324829101562,226.1501007080078,226.92733764648438,1082126615,BNB-USD,CRYPTO,yfinance,1d
2022-06-29,226.90460205078125,229.43470764160156,215.94781494140625,219.2844696044922,1062609997,BNB-USD,CRYPTO,yfinance,1d
2022-06-30,219.3875732421875,219.88706970214844,205.92666625976562,219.3000946044922,1088852065,BNB-USD,CRYPTO,yfinance,1d
2022-07-01,219.52899169921875,226.37962341308594,213.66563415527344,216.0154571533203,1234215934,BNB-USD,CRYPTO,yfinance,1d
2022-07-02,216.2319793701172,219.42201232910156,214.21044921875,218.0352325439453,767361243,BNB-USD,CRYPTO,yfinance,1d
2022-07-03,218.04757690429688,219.78871154785156,214.46449279785156,218.98031616210938,724525676,BNB-USD,CRYPTO,yfinance,1d
2022-07-04,218.97860717773438,231.76820373535156,215.21372985839844,231.57412719726562,1039372640,BNB-USD,CRYPTO,yfinance,1d
2022-07-05,231.48411560058594,235.7591552734375,223.22837829589844,230.8463592529297,1310031377,BNB-USD,CRYPTO,yfinance,1d
2022-07-06,230.9110870361328,239.4906005859375,229.2979278564453,238.49993896484375,1266715664,BNB-USD,CRYPTO,yfinance,1d
2022-07-07,238.50296020507812,243.30288696289062,235.4365997314453,241.5445098876953,1108137930,BNB-USD,CRYPTO,yfinance,1d
2022-07-08,241.54443359375,246.68301391601562,237.14039611816406,240.75071716308594,1341618380,BNB-USD,CRYPTO,yfinance,1d
2022-07-09,240.75657653808594,244.69346618652344,240.6688232421875,243.24107360839844,851653424,BNB-USD,CRYPTO,yfinance,1d
2022-07-10,243.2509307861328,243.32713317871094,232.1019744873047,234.65557861328125,881096013,BNB-USD,CRYPTO,yfinance,1d
2022-07-11,234.599365234375,234.64993286132812,225.5014190673828,225.85850524902344,1021066311,BNB-USD,CRYPTO,yfinance,1d
2022-07-12,225.86839294433594,228.1908416748047,220.4645538330078,220.4645538330078,1140033692,BNB-USD,CRYPTO,yfinance,1d
2022-07-13,220.49241638183594,230.53871154785156,216.81680297851562,230.52476501464844,1431776142,BNB-USD,CRYPTO,yfinance,1d
2022-07-14,230.5123291015625,239.66015625,227.5799102783203,238.1644744873047,1609361574,BNB-USD,CRYPTO,yfinance,1d
2022-07-15,238.22662353515625,241.8334197998047,235.6831512451172,238.57398986816406,1151260376,BNB-USD,CRYPTO,yfinance,1d
2022-07-16,238.55906677246094,250.75875854492188,234.11767578125,249.5938720703125,1030985968,BNB-USD,CRYPTO,yfinance,1d
2022-07-17,249.64080810546875,255.29649353027344,246.9508056640625,247.84848022460938,1050861669,BNB-USD,CRYPTO,yfinance,1d
2022-07-18,247.83447265625,264.88604736328125,247.8218231201172,264.88604736328125,1632324536,BNB-USD,CRYPTO,yfinance,1d
2022-07-19,264.49493408203125,274.24365234375,256.6991882324219,268.81732177734375,1925805446,BNB-USD,CRYPTO,yfinance,1d
2022-07-20,268.772705078125,271.7902526855469,256.9964904785156,258.33880615234375,1675018362,BNB-USD,CRYPTO,yfinance,1d
2022-07-21,258.3401184082031,265.90753173828125,251.545654296875,265.4625549316406,1220055525,BNB-USD,CRYPTO,yfinance,1d
2022-07-22,265.4770202636719,271.1519775390625,261.6124572753906,262.87744140625,1173778496,BNB-USD,CRYPTO,yfinance,1d
2022-07-23,262.72015380859375,271.6138610839844,253.22386169433594,259.4630126953125,1108172504,BNB-USD,CRYPTO,yfinance,1d
2022-07-24,259.473876953125,265.8866882324219,257.4329528808594,261.8648681640625,913146574,BNB-USD,CRYPTO,yfinance,1d
2022-07-25,261.84100341796875,262.4361267089844,245.14849853515625,245.14849853515625,1005244476,BNB-USD,CRYPTO,yfinance,1d
2022-07-26,245.12367248535156,248.9583740234375,240.11329650878906,248.9583740234375,926779355,BNB-USD,CRYPTO,yfinance,1d
2022-07-27,249.01580810546875,271.5043640136719,247.80410766601562,271.5043640136719,1405510237,BNB-USD,CRYPTO,yfinance,1d
2022-07-28,271.5153503417969,280.12738037109375,264.7391052246094,277.2939147949219,1648592412,BNB-USD,CRYPTO,yfinance,1d
2022-07-29,277.3141174316406,301.2096862792969,275.3043518066406,293.9533386230469,2562325488,BNB-USD,CRYPTO,yfinance,1d
2022-07-30,293.91510009765625,299.7239685058594,285.4088134765625,287.5361328125,1578905327,BNB-USD,CRYPTO,yfinance,1d
2022-07-31,287.5772399902344,296.210205078125,282.60931396484375,283.5794677734375,1313531523,BNB-USD,CRYPTO,yfinance,1d
2022-08-01,283.6294860839844,290.08477783203125,278.3435363769531,283.53948974609375,1314157614,BNB-USD,CRYPTO,yfinance,1d
2022-08-02,283.4763488769531,290.5367736816406,274.8204650878906,283.82098388671875,1768344106,BNB-USD,CRYPTO,yfinance,1d
2022-08-03,283.87384033203125,305.1868591308594,278.81182861328125,298.3567810058594,2133584480,BNB-USD,CRYPTO,yfinance,1d
2022-08-04,298.3701171875,312.74810791015625,297.4320373535156,310.7060546875,1926587001,BNB-USD,CRYPTO,yfinance,1d
2022-08-05,310.693603515625,320.95660400390625,308.6068115234375,315.185546875,1585061398,BNB-USD,CRYPTO,yfinance,1d
2022-08-06,315.1969909667969,321.8396911621094,313.733642578125,315.06890869140625,1151509385,BNB-USD,CRYPTO,yfinance,1d
2022-08-07,315.12310791015625,325.1716613769531,309.0248718261719,322.921142578125,1012978419,BNB-USD,CRYPTO,yfinance,1d
2022-08-08,322.9548034667969,332.881103515625,322.53936767578125,324.8004150390625,1318773332,BNB-USD,CRYPTO,yfinance,1d
2022-08-09,324.83636474609375,327.8254699707031,313.4969177246094,324.9123229980469,1139003043,BNB-USD,CRYPTO,yfinance,1d
2022-08-10,324.8590393066406,336.28369140625,314.41259765625,328.4711608886719,1738218767,BNB-USD,CRYPTO,yfinance,1d
2022-08-11,328.460205078125,334.09722900390625,322.30755615234375,323.80023193359375,1511577808,BNB-USD,CRYPTO,yfinance,1d
2022-08-12,323.7721252441406,327.5146789550781,318.2651672363281,327.5146789550781,980643843,BNB-USD,CRYPTO,yfinance,1d
2022-08-13,327.57415771484375,332.5167541503906,323.4788818359375,323.8701477050781,991712327,BNB-USD,CRYPTO,yfinance,1d
2022-08-14,323.9740905761719,330.8052978515625,316.6592712402344,317.98663330078125,936178150,BNB-USD,CRYPTO,yfinance,1d
2022-08-15,318.032470703125,326.8336486816406,314.85809326171875,319.8872985839844,1141553086,BNB-USD,CRYPTO,yfinance,1d
2022-08-16,319.7127685546875,322.1582946777344,312.8060607910156,316.4236755371094,963072351,BNB-USD,CRYPTO,yfinance,1d
2022-08-17,316.401611328125,323.2359924316406,305.33489990234375,306.63641357421875,1111784114,BNB-USD,CRYPTO,yfinance,1d
2022-08-18,306.7964782714844,310.1879577636719,297.02642822265625,298.1412353515625,1041814513,BNB-USD,CRYPTO,yfinance,1d
2022-08-19,298.15277099609375,298.1907043457031,278.5794372558594,279.7187194824219,1598319492,BNB-USD,CRYPTO,yfinance,1d
2022-08-20,279.6201171875,288.905517578125,278.3320617675781,283.6931457519531,1315367730,BNB-USD,CRYPTO,yfinance,1d
2022-08-21,283.63909912109375,303.6579284667969,283.63909912109375,302.0562744140625,1249205607,BNB-USD,CRYPTO,yfinance,1d
2022-08-22,302.0341796875,303.82379150390625,289.30670166015625,300.5591125488281,1463703478,BNB-USD,CRYPTO,yfinance,1d
2022-08-23,300.5709228515625,301.19500732421875,294.3196716308594,299.0299377441406,1034959891,BNB-USD,CRYPTO,yfinance,1d
2022-08-24,299.0151062011719,299.95867919921875,294.7120361328125,296.4496765136719,935405757,BNB-USD,CRYPTO,yfinance,1d
2022-08-25,296.4873046875,306.1381530761719,296.20208740234375,301.5836486816406,973529233,BNB-USD,CRYPTO,yfinance,1d
2022-08-26,301.5559997558594,301.5559997558594,277.8516540527344,279.5981750488281,1210077085,BNB-USD,CRYPTO,yfinance,1d
2022-08-27,279.57183837890625,283.85009765625,274.54437255859375,277.80157470703125,962669292,BNB-USD,CRYPTO,yfinance,1d
2022-08-28,277.8034362792969,283.6283264160156,276.2508850097656,276.2508850097656,758285305,BNB-USD,CRYPTO,yfinance,1d
2022-08-29,276.2806091308594,286.3310241699219,272.80596923828125,286.2214050292969,1009161525,BNB-USD,CRYPTO,yfinance,1d
2022-08-30,286.21527099609375,291.6630859375,277.074462890625,281.42535400390625,979620743,BNB-USD,CRYPTO,yfinance,1d
2022-08-31,281.45648193359375,289.7711181640625,278.07879638671875,279.23809814453125,952486877,BNB-USD,CRYPTO,yfinance,1d
2022-09-01,279.2513427734375,280.2213134765625,271.4728088378906,278.417236328125,954919263,BNB-USD,CRYPTO,yfinance,1d
2022-09-02,278.3879699707031,282.9059143066406,274.4879150390625,277.4161071777344,807053745,BNB-USD,CRYPTO,yfinance,1d
2022-09-03,277.4311218261719,278.4322814941406,274.77545166015625,277.77557373046875,490102253,BNB-USD,CRYPTO,yfinance,1d
2022-09-04,277.78192138671875,279.8131408691406,275.4532165527344,278.84185791015625,512014471,BNB-USD,CRYPTO,yfinance,1d
2022-09-05,278.8544921875,280.6126403808594,273.7195129394531,276.6859130859375,665273781,BNB-USD,CRYPTO,yfinance,1d
2022-09-06,276.7518615722656,285.7541809082031,262.5975646972656,262.66839599609375,1173656468,BNB-USD,CRYPTO,yfinance,1d
2022-09-07,262.6126403808594,279.76385498046875,259.99395751953125,278.7613220214844,963734560,BNB-USD,CRYPTO,yfinance,1d
2022-09-08,278.7602233886719,282.0633239746094,276.0489196777344,280.5774841308594,870477242,BNB-USD,CRYPTO,yfinance,1d
2022-09-09,280.5370178222656,294.9559326171875,280.2208251953125,293.4071350097656,1139680146,BNB-USD,CRYPTO,yfinance,1d
2022-09-10,293.39508056640625,298.4418640136719,291.24749755859375,296.96905517578125,851195253,BNB-USD,CRYPTO,yfinance,1d
2022-09-11,296.91973876953125,297.8752136230469,291.3034973144531,295.161865234375,700835025,BNB-USD,CRYPTO,yfinance,1d
2022-09-12,295.1741027832031,299.1763000488281,291.15069580078125,293.6587219238281,998624528,BNB-USD,CRYPTO,yfinance,1d
2022-09-13,293.64923095703125,297.6877136230469,275.9689636230469,277.5769348144531,1136956066,BNB-USD,CRYPTO,yfinance,1d
2022-09-14,277.4132995605469,282.1502685546875,274.83056640625,279.3858642578125,956413768,BNB-USD,CRYPTO,yfinance,1d
2022-09-15,279.383056640625,280.2467956542969,268.0102233886719,270.806884765625,1080164338,BNB-USD,CRYPTO,yfinance,1d
2022-09-16,270.812255859375,276.26324462890625,269.1295166015625,274.6545715332031,803452434,BNB-USD,CRYPTO,yfinance,1d
2022-09-17,274.7300109863281,279.5317077636719,274.7300109863281,279.24932861328125,560951664,BNB-USD,CRYPTO,yfinance,1d
2022-09-18,279.2207336425781,279.6207580566406,264.74365234375,266.31317138671875,789437105,BNB-USD,CRYPTO,yfinance,1d
2022-09-19,266.2519226074219,272.6191101074219,257.18682861328125,272.06982421875,1074224923,BNB-USD,CRYPTO,yfinance,1d
2022-09-20,272.13055419921875,273.203125,265.6932067871094,266.3695983886719,845702947,BNB-USD,CRYPTO,yfinance,1d
2022-09-21,266.3947448730469,275.83355712890625,261.2751770019531,264.7920837402344,1057177278,BNB-USD,CRYPTO,yfinance,1d
2022-09-22,264.6077575683594,275.90765380859375,264.0281066894531,275.5002746582031,843345381,BNB-USD,CRYPTO,yfinance,1d
2022-09-23,275.4934997558594,277.3817138671875,269.6694641113281,276.6262512207031,869618433,BNB-USD,CRYPTO,yfinance,1d
2022-09-24,276.6270446777344,284.6324462890625,275.1353759765625,275.1353759765625,818302597,BNB-USD,CRYPTO,yfinance,1d
2022-09-25,275.1043395996094,279.2016906738281,271.6731262207031,274.0612487792969,640533920,BNB-USD,CRYPTO,yfinance,1d
2022-09-26,274.14178466796875,276.4469909667969,271.1883239746094,275.9278564453125,716989161,BNB-USD,CRYPTO,yfinance,1d
2022-09-27,275.92596435546875,286.0679931640625,270.82208251953125,272.40155029296875,927431127,BNB-USD,CRYPTO,yfinance,1d
2022-09-28,272.3344421386719,283.3424377441406,266.9765625,281.7812194824219,857467325,BNB-USD,CRYPTO,yfinance,1d
2022-09-29,281.76666259765625,285.2337646484375,277.5006408691406,283.7890319824219,800888080,BNB-USD,CRYPTO,yfinance,1d
2022-09-30,283.83428955078125,289.537109375,280.89300537109375,284.1922912597656,905481572,BNB-USD,CRYPTO,yfinance,1d
2022-10-01,284.2734069824219,285.19287109375,278.36090087890625,282.8719177246094,593375648,BNB-USD,CRYPTO,yfinance,1d
2022-10-02,282.8950500488281,287.3795166015625,279.9544372558594,284.43310546875,556343468,BNB-USD,CRYPTO,yfinance,1d
2022-10-03,284.4148864746094,288.6329040527344,283.8986511230469,287.031982421875,700566674,BNB-USD,CRYPTO,yfinance,1d
2022-10-04,287.024169921875,297.9946594238281,286.5289611816406,296.2984619140625,794566055,BNB-USD,CRYPTO,yfinance,1d
2022-10-05,296.2894592285156,296.33306884765625,289.90374755859375,294.1376647949219,656837388,BNB-USD,CRYPTO,yfinance,1d
2022-10-06,294.1552734375,297.6993713378906,279.8035583496094,286.6341552734375,1010110227,BNB-USD,CRYPTO,yfinance,1d
2022-10-07,286.7719421386719,286.9586181640625,280.19146728515625,283.18267822265625,952606066,BNB-USD,CRYPTO,yfinance,1d
2022-10-08,282.99420166015625,282.99420166015625,276.04986572265625,276.4695739746094,604706997,BNB-USD,CRYPTO,yfinance,1d
2022-10-09,276.4495544433594,279.280029296875,275.4630432128906,278.2380676269531,570350814,BNB-USD,CRYPTO,yfinance,1d
2022-10-10,278.24456787109375,279.0643005371094,271.8060607910156,271.8060607910156,655201928,BNB-USD,CRYPTO,yfinance,1d
2022-10-11,271.7315368652344,273.662841796875,268.44683837890625,271.37139892578125,584301468,BNB-USD,CRYPTO,yfinance,1d
2022-10-12,271.4066162109375,272.7352294921875,269.66015625,270.97100830078125,546926291,BNB-USD,CRYPTO,yfinance,1d
2022-10-13,270.9587097167969,273.4926452636719,257.9745178222656,271.8514099121094,1124480167,BNB-USD,CRYPTO,yfinance,1d
2022-10-14,271.8459167480469,276.52886962890625,268.343017578125,269.5671691894531,809144930,BNB-USD,CRYPTO,yfinance,1d
2022-10-15,269.55902099609375,271.364501953125,267.88482666015625,268.4040832519531,491674298,BNB-USD,CRYPTO,yfinance,1d
2022-10-16,268.4115905761719,273.7430419921875,268.3623046875,272.51995849609375,563344666,BNB-USD,CRYPTO,yfinance,1d
2022-10-17,272.5019226074219,275.8415222167969,270.4273376464844,275.5125732421875,594844795,BNB-USD,CRYPTO,yfinance,1d
2022-10-18,275.5345153808594,275.81524658203125,270.533203125,273.2145690917969,599934776,BNB-USD,CRYPTO,yfinance,1d
2022-10-19,273.22344970703125,273.647705078125,270.6843566894531,271.9813537597656,497761035,BNB-USD,CRYPTO,yfinance,1d
2022-10-20,271.9537353515625,273.28515625,267.8604736328125,269.2712707519531,539795617,BNB-USD,CRYPTO,yfinance,1d
2022-10-21,269.2449035644531,271.04791259765625,264.5229797363281,270.0384216308594,593811687,BNB-USD,CRYPTO,yfinance,1d
2022-10-22,270.0330810546875,271.0074157714844,268.56689453125,270.4794921875,391459296,BNB-USD,CRYPTO,yfinance,1d
2022-10-23,270.47998046875,276.5697937011719,269.1025390625,276.0081787109375,483765500,BNB-USD,CRYPTO,yfinance,1d
2022-10-24,276.0007629394531,276.8754577636719,271.8848876953125,273.9774169921875,535946814,BNB-USD,CRYPTO,yfinance,1d
2022-10-25,273.95135498046875,289.601806640625,272.36651611328125,284.4325256347656,940035659,BNB-USD,CRYPTO,yfinance,1d
2022-10-26,284.356201171875,291.702392578125,284.163818359375,290.3769836425781,1017326051,BNB-USD,CRYPTO,yfinance,1d
2022-10-27,290.3919982910156,293.0694580078125,285.2253112792969,286.8441162109375,874526054,BNB-USD,CRYPTO,yfinance,1d
2022-10-28,286.8411560058594,300.7218017578125,286.1366882324219,298.0141906738281,1072756219,BNB-USD,CRYPTO,yfinance,1d
2022-10-29,298.0037841796875,307.91497802734375,295.94525146484375,304.21795654296875,1397370727,BNB-USD,CRYPTO,yfinance,1d
2022-10-30,304.22991943359375,318.06927490234375,302.53436279296875,313.7547912597656,1451550019,BNB-USD,CRYPTO,yfinance,1d
2022-10-31,313.6713562011719,336.7953186035156,307.6253356933594,326.3607177734375,2168405759,BNB-USD,CRYPTO,yfinance,1d
2022-11-01,326.2778625488281,334.20623779296875,317.9355163574219,324.5794372558594,1329110451,BNB-USD,CRYPTO,yfinance,1d
2022-11-02,324.4679870605469,329.0394592285156,316.2809143066406,320.1505432128906,1411029750,BNB-USD,CRYPTO,yfinance,1d
2022-11-03,320.1744384765625,338.642578125,318.4955749511719,329.71697998046875,1514834239,BNB-USD,CRYPTO,yfinance,1d
2022-11-04,329.67095947265625,358.1820068359375,328.7398376464844,354.4063720703125,1938879952,BNB-USD,CRYPTO,yfinance,1d
2022-11-05,354.4194641113281,360.309326171875,347.0196228027344,349.25372314453125,1231594445,BNB-USD,CRYPTO,yfinance,1d
2022-11-06,349.28814697265625,354.48809814453125,339.1924133300781,339.3893737792969,1143505730,BNB-USD,CRYPTO,yfinance,1d
2022-11-07,338.89715576171875,344.0419006347656,327.68377685546875,337.0145568847656,1811518274,BNB-USD,CRYPTO,yfinance,1d
2022-11-08,336.9876403808594,388.71551513671875,302.75189208984375,327.6902770996094,5390603525,BNB-USD,CRYPTO,yfinance,1d
2022-11-09,327.8196716308594,332.0610046386719,261.7302551269531,266.8531188964844,3191459132,BNB-USD,CRYPTO,yfinance,1d
2022-11-10,266.8857727050781,311.0740051269531,264.4677429199219,304.0800476074219,2461275687,BNB-USD,CRYPTO,yfinance,1d
2022-11-11,303.98687744140625,304.91278076171875,280.6268615722656,289.820556640625,1625174426,BNB-USD,CRYPTO,yfinance,1d
2022-11-12,289.8576354980469,290.3691711425781,272.0461120605469,282.3412780761719,1189401392,BNB-USD,CRYPTO,yfinance,1d
2022-11-13,282.3652648925781,286.08447265625,274.0527038574219,276.5794372558594,956106804,BNB-USD,CRYPTO,yfinance,1d
2022-11-14,276.62225341796875,290.7196350097656,268.2330322265625,278.57843017578125,1541330420,BNB-USD,CRYPTO,yfinance,1d
2022-11-15,278.6280212402344,281.8825378417969,274.0931091308594,276.8740234375,1116291060,BNB-USD,CRYPTO,yfinance,1d
2022-11-16,276.8630065917969,279.7919921875,269.6501770019531,272.08160400390625,908816092,BNB-USD,CRYPTO,yfinance,1d
2022-11-17,272.08831787109375,273.22247314453125,264.39849853515625,267.91131591796875,854777255,BNB-USD,CRYPTO,yfinance,1d
2022-11-18,267.91412353515625,274.5059509277344,267.9135437011719,273.91998291015625,685307608,BNB-USD,CRYPTO,yfinance,1d
2022-11-19,273.88720703125,274.262451171875,269.6495361328125,272.3976745605469,551451228,BNB-USD,CRYPTO,yfinance,1d
2022-11-20,272.4302978515625,273.6504821777344,262.5552978515625,264.2351379394531,720361905,BNB-USD,CRYPTO,yfinance,1d
2022-11-21,264.23577880859375,264.7425537109375,250.6569366455078,254.1682586669922,1094850661,BNB-USD,CRYPTO,yfinance,1d
2022-11-22,254.0190887451172,266.89215087890625,252.38995361328125,266.3243408203125,800429058,BNB-USD,CRYPTO,yfinance,1d
2022-11-23,266.42034912109375,300.02020263671875,265.03497314453125,297.8474426269531,1920236928,BNB-USD,CRYPTO,yfinance,1d
2022-11-24,297.94586181640625,303.06463623046875,294.53155517578125,300.4278259277344,1219177799,BNB-USD,CRYPTO,yfinance,1d
2022-11-25,300.3338317871094,304.16326904296875,294.9123229980469,300.57769775390625,949045515,BNB-USD,CRYPTO,yfinance,1d
2022-11-26,300.5717468261719,316.9621276855469,300.38946533203125,311.3884582519531,1221554861,BNB-USD,CRYPTO,yfinance,1d
2022-11-27,311.3720397949219,316.2198791503906,307.1563720703125,307.4292907714844,793779029,BNB-USD,CRYPTO,yfinance,1d
2022-11-28,307.3995666503906,309.0960998535156,289.4936828613281,293.5272521972656,1154829072,BNB-USD,CRYPTO,yfinance,1d
2022-11-29,293.4918212890625,304.82281494140625,289.7636413574219,295.4981689453125,986451640,BNB-USD,CRYPTO,yfinance,1d
2022-11-30,295.5482177734375,304.6509704589844,294.38226318359375,300.7943420410156,1009620336,BNB-USD,CRYPTO,yfinance,1d
2022-12-01,300.7543640136719,301.47967529296875,290.5537109375,292.0162048339844,1433086340,BNB-USD,CRYPTO,yfinance,1d
2022-12-02,292.028564453125,293.5274963378906,286.14068603515625,293.5274963378906,854253818,BNB-USD,CRYPTO,yfinance,1d
2022-12-03,293.5003662109375,294.04302978515625,289.7044677734375,290.5631408691406,634607105,BNB-USD,CRYPTO,yfinance,1d
2022-12-04,290.5531005859375,292.3376159667969,288.5040588378906,292.2882995605469,633441009,BNB-USD,CRYPTO,yfinance,1d
2022-12-05,292.2088928222656,296.91217041015625,286.5386962890625,288.4742736816406,705616866,BNB-USD,CRYPTO,yfinance,1d
2022-12-06,288.4617614746094,290.60162353515625,287.1078796386719,290.3544616699219,610280514,BNB-USD,CRYPTO,yfinance,1d
2022-12-07,290.3846130371094,290.4856872558594,282.02081298828125,284.284423828125,759320494,BNB-USD,CRYPTO,yfinance,1d
2022-12-08,284.295166015625,291.51171875,282.8092041015625,290.53717041015625,646645162,BNB-USD,CRYPTO,yfinance,1d
2022-12-09,290.5220031738281,291.5705871582031,285.57562255859375,286.0904235839844,644239750,BNB-USD,CRYPTO,yfinance,1d
2022-12-10,286.10650634765625,289.49261474609375,286.10650634765625,288.1252136230469,439735200,BNB-USD,CRYPTO,yfinance,1d
2022-12-11,288.1442565917969,290.9364318847656,284.18829345703125,284.3904113769531,496833486,BNB-USD,CRYPTO,yfinance,1d
2022-12-12,284.43438720703125,285.5374450683594,273.5308532714844,276.2781982421875,974762447,BNB-USD,CRYPTO,yfinance,1d
2022-12-13,276.28448486328125,280.6873474121094,257.44036865234375,271.9516906738281,1925504273,BNB-USD,CRYPTO,yfinance,1d
2022-12-14,271.95806884765625,277.8570861816406,266.146240234375,268.2315368652344,1026628081,BNB-USD,CRYPTO,yfinance,1d
2022-12-15,268.1503601074219,268.1503601074219,257.0812072753906,258.2737121582031,709349174,BNB-USD,CRYPTO,yfinance,1d
2022-12-16,258.2687683105469,264.2475891113281,227.34523010253906,231.23243713378906,1264053277,BNB-USD,CRYPTO,yfinance,1d
2022-12-17,231.2207489013672,243.5819549560547,221.00318908691406,242.52928161621094,1196953526,BNB-USD,CRYPTO,yfinance,1d
2022-12-18,242.51690673828125,253.33969116210938,240.03652954101562,251.15638732910156,925487110,BNB-USD,CRYPTO,yfinance,1d
2022-12-19,251.24267578125,252.93301391601562,238.65078735351562,240.65780639648438,751196285,BNB-USD,CRYPTO,yfinance,1d
2022-12-20,240.66822814941406,252.628662109375,239.8014373779297,251.74453735351562,667866377,BNB-USD,CRYPTO,yfinance,1d
2022-12-21,251.69432067871094,251.69432067871094,245.7572479248047,246.04698181152344,479296549,BNB-USD,CRYPTO,yfinance,1d
2022-12-22,246.06832885742188,248.0320281982422,240.4832000732422,245.890625,543367184,BNB-USD,CRYPTO,yfinance,1d
2022-12-23,245.89413452148438,248.27471923828125,244.45294189453125,246.14817810058594,388929772,BNB-USD,CRYPTO,yfinance,1d
2022-12-24,246.15164184570312,246.1817169189453,243.9530487060547,244.63552856445312,280627376,BNB-USD,CRYPTO,yfinance,1d
2022-12-25,244.6363983154297,245.73098754882812,241.70050048828125,243.14149475097656,298063868,BNB-USD,CRYPTO,yfinance,1d
2022-12-26,243.14793395996094,244.595947265625,242.22442626953125,244.1982879638672,276115280,BNB-USD,CRYPTO,yfinance,1d
2022-12-27,244.20265197753906,247.6796875,242.5621795654297,246.5966796875,391342277,BNB-USD,CRYPTO,yfinance,1d
2022-12-28,246.60711669921875,246.8400421142578,242.10928344726562,244.1419219970703,414698978,BNB-USD,CRYPTO,yfinance,1d
2022-12-29,244.17141723632812,246.6009979248047,243.5799102783203,246.47972106933594,345312528,BNB-USD,CRYPTO,yfinance,1d
2022-12-30,246.4580078125,246.4972381591797,243.12747192382812,245.7792205810547,342300809,BNB-USD,CRYPTO,yfinance,1d
2022-12-31,245.78868103027344,247.5836181640625,245.10824584960938,246.3491973876953,307551853,BNB-USD,CRYPTO,yfinance,1d
2023-01-01,246.33290100097656,246.48580932617188,243.57528686523438,244.13697814941406,278651737,BNB-USD,CRYPTO,yfinance,1d
2023-01-02,244.1522216796875,247.71527099609375,241.69248962402344,245.53590393066406,357733262,BNB-USD,CRYPTO,yfinance,1d
2023-01-03,245.55213928222656,246.83145141601562,244.78404235839844,246.13336181640625,377452410,BNB-USD,CRYPTO,yfinance,1d
2023-01-04,246.14089965820312,260.51605224609375,245.70497131347656,259.11968994140625,632924961,BNB-USD,CRYPTO,yfinance,1d
2023-01-05,259.07647705078125,259.07647705078125,255.5965576171875,256.4228515625,342934041,BNB-USD,CRYPTO,yfinance,1d
2023-01-06,256.4501953125,260.22174072265625,255.0677032470703,259.8671569824219,417893264,BNB-USD,CRYPTO,yfinance,1d
2023-01-07,259.8548889160156,262.9636535644531,259.5932922363281,261.2828369140625,327712514,BNB-USD,CRYPTO,yfinance,1d
2023-01-08,261.2529296875,274.38507080078125,260.51690673828125,274.38507080078125,491734030,BNB-USD,CRYPTO,yfinance,1d
2023-01-09,274.44244384765625,283.0254211425781,271.8993835449219,272.7015380859375,783671054,BNB-USD,CRYPTO,yfinance,1d
2023-01-10,272.6551818847656,278.2676696777344,271.14984130859375,277.2896423339844,470259383,BNB-USD,CRYPTO,yfinance,1d
2023-01-11,277.29351806640625,285.1723937988281,274.5263977050781,285.0465087890625,466458216,BNB-USD,CRYPTO,yfinance,1d
2023-01-12,286.9006652832031,287.9513854980469,279.74102783203125,287.8123474121094,655903255,BNB-USD,CRYPTO,yfinance,1d
2023-01-13,287.8114929199219,295.2747802734375,285.19122314453125,293.7330017089844,561853825,BNB-USD,CRYPTO,yfinance,1d
2023-01-14,293.71966552734375,314.00335693359375,293.6006164550781,305.2411193847656,1087358891,BNB-USD,CRYPTO,yfinance,1d
2023-01-15,305.3287353515625,305.76385498046875,292.9245910644531,302.0706481933594,562889882,BNB-USD,CRYPTO,yfinance,1d
2023-01-16,302.0799865722656,307.5973815917969,294.18194580078125,298.9992370605469,602126315,BNB-USD,CRYPTO,yfinance,1d
2023-01-17,299.0591125488281,304.78814697265625,296.97479248046875,299.82452392578125,529752305,BNB-USD,CRYPTO,yfinance,1d
2023-01-18,299.8314514160156,304.8897705078125,282.63104248046875,286.9910583496094,844268123,BNB-USD,CRYPTO,yfinance,1d
2023-01-19,286.885498046875,295.1185302734375,286.8704528808594,294.8522033691406,431382130,BNB-USD,CRYPTO,yfinance,1d
2023-01-20,294.84552001953125,305.02093505859375,287.2264404296875,304.9731750488281,669836014,BNB-USD,CRYPTO,yfinance,1d
2023-01-21,305.0204772949219,309.6165771484375,299.0642395019531,299.26116943359375,755028964,BNB-USD,CRYPTO,yfinance,1d
2023-01-22,299.2391052246094,310.6024169921875,299.10357666015625,303.04644775390625,571771274,BNB-USD,CRYPTO,yfinance,1d
2023-01-23,303.02032470703125,307.42926025390625,302.3316955566406,305.50408935546875,520678637,BNB-USD,CRYPTO,yfinance,1d
2023-01-24,305.3908996582031,322.7462158203125,299.6996154785156,300.6123352050781,887528741,BNB-USD,CRYPTO,yfinance,1d
2023-01-25,300.6381530761719,313.20074462890625,294.71466064453125,307.3076477050781,667706772,BNB-USD,CRYPTO,yfinance,1d
2023-01-26,307.0964050292969,309.2630920410156,302.3926696777344,304.8665466308594,540954388,BNB-USD,CRYPTO,yfinance,1d
2023-01-27,304.87445068359375,309.89447021484375,300.3205871582031,308.12310791015625,484897937,BNB-USD,CRYPTO,yfinance,1d
2023-01-28,308.1571350097656,313.0773620605469,304.09332275390625,306.24432373046875,434715822,BNB-USD,CRYPTO,yfinance,1d
2023-01-29,306.2362976074219,320.1185607910156,305.1980895996094,317.3362121582031,664644693,BNB-USD,CRYPTO,yfinance,1d
2023-01-30,317.3753967285156,320.25482177734375,303.58074951171875,307.0688781738281,630938594,BNB-USD,CRYPTO,yfinance,1d
2023-01-31,307.0965576171875,313.8247985839844,305.6813659667969,312.3610534667969,487472184,BNB-USD,CRYPTO,yfinance,1d
2023-02-01,312.2771301269531,319.2076721191406,306.1482849121094,317.47259521484375,616638893,BNB-USD,CRYPTO,yfinance,1d
2023-02-02,317.34619140625,333.49554443359375,316.7110595703125,323.34979248046875,909077028,BNB-USD,CRYPTO,yfinance,1d
2023-02-03,323.2913513183594,334.545166015625,318.9032287597656,332.2686767578125,861598551,BNB-USD,CRYPTO,yfinance,1d
2023-02-04,332.24969482421875,333.8709411621094,327.7414245605469,330.6170959472656,440935963,BNB-USD,CRYPTO,yfinance,1d
2023-02-05,330.5582580566406,337.3205261230469,324.8794860839844,327.8693542480469,662969265,BNB-USD,CRYPTO,yfinance,1d
2023-02-06,327.8618469238281,330.9574279785156,321.9461364746094,324.6271667480469,521894604,BNB-USD,CRYPTO,yfinance,1d
2023-02-07,324.5574035644531,333.5267333984375,324.2054748535156,333.2278747558594,521804212,BNB-USD,CRYPTO,yfinance,1d
2023-02-08,333.2173156738281,334.7283935546875,324.49053955078125,328.0886535644531,515127902,BNB-USD,CRYPTO,yfinance,1d
2023-02-09,328.1722106933594,329.0126037597656,303.3585510253906,305.9604187011719,778492045,BNB-USD,CRYPTO,yfinance,1d
2023-02-10,306.00726318359375,309.0569152832031,303.0165710449219,305.9541320800781,492880078,BNB-USD,CRYPTO,yfinance,1d
2023-02-11,305.97991943359375,311.1468811035156,305.4541015625,310.61602783203125,348569462,BNB-USD,CRYPTO,yfinance,1d
2023-02-12,310.6056213378906,320.23486328125,306.5174865722656,312.9296569824219,520994815,BNB-USD,CRYPTO,yfinance,1d
2023-02-13,312.9018249511719,315.123046875,283.6963806152344,294.475341796875,1322505522,BNB-USD,CRYPTO,yfinance,1d
2023-02-14,294.47039794921875,301.1332702636719,290.1734924316406,296.120361328125,662196432,BNB-USD,CRYPTO,yfinance,1d
2023-02-15,296.1449279785156,317.3873291015625,294.3832702636719,317.1692199707031,667519216,BNB-USD,CRYPTO,yfinance,1d
2023-02-16,317.150390625,326.6348876953125,304.50274658203125,304.7637023925781,1036335164,BNB-USD,CRYPTO,yfinance,1d
2023-02-17,304.74273681640625,316.4135437011719,303.5519104003906,313.37799072265625,701575686,BNB-USD,CRYPTO,yfinance,1d
2023-02-18,313.3858642578125,318.6784973144531,313.300537109375,316.6827087402344,467884011,BNB-USD,CRYPTO,yfinance,1d
2023-02-19,316.6196594238281,318.42645263671875,311.3098449707031,311.93585205078125,522437732,BNB-USD,CRYPTO,yfinance,1d
2023-02-20,312.0279235839844,319.30078125,309.4282531738281,315.37744140625,676396150,BNB-USD,CRYPTO,yfinance,1d
2023-02-21,315.39935302734375,316.9972839355469,309.95526123046875,311.4720153808594,579359973,BNB-USD,CRYPTO,yfinance,1d
2023-02-22,311.4826354980469,312.80938720703125,304.2212219238281,312.7811279296875,549179249,BNB-USD,CRYPTO,yfinance,1d
2023-02-23,312.8053283691406,314.8948974609375,306.1802062988281,308.533935546875,472852406,BNB-USD,CRYPTO,yfinance,1d
2023-02-24,308.459716796875,311.7994384765625,300.0581359863281,302.0537109375,479926281,BNB-USD,CRYPTO,yfinance,1d
2023-02-25,302.1002502441406,303.02923583984375,297.22412109375,302.3846130371094,310503640,BNB-USD,CRYPTO,yfinance,1d
2023-02-26,302.3690185546875,309.5875549316406,300.96624755859375,308.9970703125,312320211,BNB-USD,CRYPTO,yfinance,1d
2023-02-27,308.9851989746094,309.325439453125,300.93609619140625,304.8558044433594,404806423,BNB-USD,CRYPTO,yfinance,1d
2023-02-28,304.85498046875,305.6327209472656,300.56927490234375,301.4748229980469,337673265,BNB-USD,CRYPTO,yfinance,1d
2023-03-01,301.5103454589844,306.1851501464844,301.0980224609375,302.907470703125,377974810,BNB-USD,CRYPTO,yfinance,1d
2023-03-02,302.9161071777344,303.5541687011719,296.5191650390625,299.9461669921875,370516889,BNB-USD,CRYPTO,yfinance,1d
2023-03-03,299.9775695800781,300.087646484375,287.979248046875,290.2828369140625,450262903,BNB-USD,CRYPTO,yfinance,1d
2023-03-04,290.2898864746094,291.3275451660156,286.61907958984375,289.5038757324219,289197235,BNB-USD,CRYPTO,yfinance,1d
2023-03-05,289.5206298828125,292.4590759277344,287.87591552734375,288.69970703125,287599378,BNB-USD,CRYPTO,yfinance,1d
2023-03-06,288.7044982910156,289.7183837890625,283.9531555175781,288.0549621582031,374160712,BNB-USD,CRYPTO,yfinance,1d
2023-03-07,287.99554443359375,290.21673583984375,284.37408447265625,289.34368896484375,373176525,BNB-USD,CRYPTO,yfinance,1d
2023-03-08,289.32745361328125,293.6416320800781,285.5854797363281,286.86700439453125,436665040,BNB-USD,CRYPTO,yfinance,1d
2023-03-09,286.9457702636719,291.3664855957031,272.7283630371094,277.2961120605469,505668979,BNB-USD,CRYPTO,yfinance,1d
2023-03-10,277.3235168457031,278.1007385253906,265.7124328613281,277.4195861816406,558776711,BNB-USD,CRYPTO,yfinance,1d
2023-03-11,277.4346618652344,281.64410400390625,272.2830810546875,277.96142578125,523623578,BNB-USD,CRYPTO,yfinance,1d
2023-03-12,277.94403076171875,289.7134094238281,276.63861083984375,289.67578125,483074620,BNB-USD,CRYPTO,yfinance,1d
2023-03-13,289.7408142089844,313.75372314453125,287.5561828613281,308.9122009277344,1122664621,BNB-USD,CRYPTO,yfinance,1d
2023-03-14,308.93798828125,319.8389587402344,304.01312255859375,309.37078857421875,866173920,BNB-USD,CRYPTO,yfinance,1d
2023-03-15,309.4461364746094,313.9241638183594,301.69415283203125,307.12493896484375,596861029,BNB-USD,CRYPTO,yfinance,1d
2023-03-16,307.21343994140625,333.0071716308594,304.4295349121094,329.8608703613281,1337194824,BNB-USD,CRYPTO,yfinance,1d
2023-03-17,329.8863220214844,340.2700500488281,327.1355895996094,339.0811462402344,934568148,BNB-USD,CRYPTO,yfinance,1d
2023-03-18,339.0407409667969,346.44512939453125,330.7912292480469,331.5242919921875,828471428,BNB-USD,CRYPTO,yfinance,1d
2023-03-19,331.5301818847656,341.81658935546875,331.5301818847656,336.9782409667969,705888292,BNB-USD,CRYPTO,yfinance,1d
2023-03-20,337.0009460449219,339.79803466796875,332.8540954589844,332.9230041503906,682276624,BNB-USD,CRYPTO,yfinance,1d
2023-03-21,333.01580810546875,339.5476989746094,328.9939880371094,335.3092346191406,638610697,BNB-USD,CRYPTO,yfinance,1d
2023-03-22,335.29412841796875,339.685791015625,317.6002502441406,321.8877258300781,1280612242,BNB-USD,CRYPTO,yfinance,1d
2023-03-23,321.863525390625,331.968505859375,319.8922119140625,329.8370056152344,547390925,BNB-USD,CRYPTO,yfinance,1d
2023-03-24,329.8080749511719,330.1739807128906,317.77679443359375,322.3593444824219,468651735,BNB-USD,CRYPTO,yfinance,1d
2023-03-25,322.3198547363281,325.0028381347656,319.9109191894531,322.6730651855469,439062620,BNB-USD,CRYPTO,yfinance,1d
2023-03-26,322.6365051269531,329.5675354003906,322.0966491699219,328.88800048828125,363216136,BNB-USD,CRYPTO,yfinance,1d
2023-03-27,328.90447998046875,329.33050537109375,306.4544372558594,310.9491271972656,656817420,BNB-USD,CRYPTO,yfinance,1d
2023-03-28,310.9465637207031,314.98614501953125,307.37127685546875,313.2606201171875,478328374,BNB-USD,CRYPTO,yfinance,1d
2023-03-29,313.2275390625,319.5325012207031,312.7904052734375,313.8417663574219,482942200,BNB-USD,CRYPTO,yfinance,1d
2023-03-30,313.86260986328125,317.79571533203125,311.0036315917969,316.56756591796875,594180917,BNB-USD,CRYPTO,yfinance,1d
2023-03-31,316.6324157714844,319.6335754394531,313.7864990234375,317.0400085449219,419430009,BNB-USD,CRYPTO,yfinance,1d
2023-04-01,317.0597839355469,318.4306335449219,313.5613098144531,315.2173156738281,463135728,BNB-USD,CRYPTO,yfinance,1d
2023-04-02,314.94207763671875,316.18841552734375,311.53656005859375,313.9286193847656,442429679,BNB-USD,CRYPTO,yfinance,1d
2023-04-03,313.9376525878906,314.0332336425781,300.5087585449219,308.5623779296875,701865645,BNB-USD,CRYPTO,yfinance,1d
2023-04-04,308.58984375,312.0874938964844,308.4649658203125,310.9948425292969,575672802,BNB-USD,CRYPTO,yfinance,1d
2023-04-05,311.00091552734375,316.3108215332031,310.514404296875,314.06317138671875,592856922,BNB-USD,CRYPTO,yfinance,1d
2023-04-06,314.0839538574219,314.5912170410156,311.0617370605469,312.45465087890625,530706217,BNB-USD,CRYPTO,yfinance,1d
2023-04-07,312.4539489746094,312.8652648925781,309.9834289550781,310.6994934082031,478098163,BNB-USD,CRYPTO,yfinance,1d
2023-04-08,310.6653137207031,312.6832580566406,310.3880310058594,310.6347351074219,461767801,BNB-USD,CRYPTO,yfinance,1d
2023-04-09,310.6590576171875,313.6131591796875,309.88458251953125,312.87225341796875,465627007,BNB-USD,CRYPTO,yfinance,1d
2023-04-10,312.8681335449219,318.3790588378906,311.8117980957031,318.3790588378906,565754261,BNB-USD,CRYPTO,yfinance,1d
2023-04-11,318.4115295410156,332.8777770996094,318.14306640625,322.7582702636719,896643000,BNB-USD,CRYPTO,yfinance,1d
2023-04-12,322.7652282714844,323.48980712890625,317.3410339355469,318.9537658691406,639928192,BNB-USD,CRYPTO,yfinance,1d
2023-04-13,320.0234680175781,325.2355041503906,318.1626281738281,324.9480895996094,684442464,BNB-USD,CRYPTO,yfinance,1d
2023-04-14,324.9757080078125,335.52276611328125,324.037109375,329.1738586425781,941862415,BNB-USD,CRYPTO,yfinance,1d
2023-04-15,329.1726989746094,335.97052001953125,327.572021484375,333.40728759765625,730957108,BNB-USD,CRYPTO,yfinance,1d
2023-04-16,333.39019775390625,349.9566345214844,331.2898254394531,348.2209167480469,936315454,BNB-USD,CRYPTO,yfinance,1d
2023-04-17,348.1757507324219,350.0722961425781,338.2606201171875,339.9941101074219,856381072,BNB-USD,CRYPTO,yfinance,1d
2023-04-18,340.0447692871094,346.4930419921875,337.85931396484375,343.1934509277344,741280408,BNB-USD,CRYPTO,yfinance,1d
2023-04-19,343.16961669921875,343.5299072265625,321.0520324707031,322.70751953125,826810466,BNB-USD,CRYPTO,yfinance,1d
2023-04-20,322.5877380371094,326.5525207519531,315.9021911621094,317.8899230957031,663981561,BNB-USD,CRYPTO,yfinance,1d
2023-04-21,317.9211120605469,331.41717529296875,316.116943359375,321.67498779296875,1057530805,BNB-USD,CRYPTO,yfinance,1d
2023-04-22,321.65673828125,332.9909973144531,320.3104553222656,331.9950866699219,670641138,BNB-USD,CRYPTO,yfinance,1d
2023-04-23,332.0133361816406,332.220703125,327.779541015625,330.61883544921875,639990072,BNB-USD,CRYPTO,yfinance,1d
2023-04-24,330.6213073730469,333.4481201171875,328.1448669433594,331.2458801269531,662758378,BNB-USD,CRYPTO,yfinance,1d
2023-04-25,331.20050048828125,339.701171875,328.8067932128906,338.3255615234375,682400159,BNB-USD,CRYPTO,yfinance,1d
2023-04-26,338.3247985839844,344.81683349609375,325.43853759765625,330.82177734375,910334786,BNB-USD,CRYPTO,yfinance,1d
2023-04-27,330.84637451171875,336.4452819824219,329.1021728515625,331.1950988769531,750494420,BNB-USD,CRYPTO,yfinance,1d
2023-04-28,331.1993103027344,331.1993103027344,319.5908508300781,324.500244140625,1069178743,BNB-USD,CRYPTO,yfinance,1d
2023-04-29,324.4894714355469,324.7434387207031,321.87060546875,322.1347351074219,536818146,BNB-USD,CRYPTO,yfinance,1d
2023-04-30,322.10662841796875,337.9449157714844,320.7230529785156,337.6455383300781,865228956,BNB-USD,CRYPTO,yfinance,1d
2023-05-01,337.605224609375,339.39166259765625,326.6700439453125,328.7242126464844,912601797,BNB-USD,CRYPTO,yfinance,1d
2023-05-02,328.738037109375,328.75897216796875,321.95269775390625,321.95269775390625,686766524,BNB-USD,CRYPTO,yfinance,1d
2023-05-03,321.9757080078125,327.4369201660156,320.9884948730469,326.212890625,822037855,BNB-USD,CRYPTO,yfinance,1d
2023-05-04,326.2037353515625,327.4441223144531,323.5232238769531,323.9171447753906,467074893,BNB-USD,CRYPTO,yfinance,1d
2023-05-05,323.9261779785156,328.9045715332031,323.9261779785156,326.9403076171875,519090054,BNB-USD,CRYPTO,yfinance,1d
2023-05-06,326.94537353515625,328.7369079589844,320.5791015625,322.7740173339844,494274153,BNB-USD,CRYPTO,yfinance,1d
2023-05-07,322.7579650878906,325.81414794921875,321.512939453125,321.6110534667969,437921018,BNB-USD,CRYPTO,yfinance,1d
2023-05-08,321.4257507324219,322.4250183105469,311.8853454589844,313.9712219238281,636404503,BNB-USD,CRYPTO,yfinance,1d
2023-05-09,314.0020751953125,315.7340393066406,311.5994567871094,312.5137023925781,461175016,BNB-USD,CRYPTO,yfinance,1d
2023-05-10,312.4984436035156,316.6778869628906,308.8152770996094,314.57745361328125,545212280,BNB-USD,CRYPTO,yfinance,1d
2023-05-11,314.5896301269531,314.5896301269531,304.9615173339844,307.6958312988281,484941644,BNB-USD,CRYPTO,yfinance,1d
2023-05-12,307.68902587890625,308.8200988769531,301.5823974609375,308.6031188964844,509746023,BNB-USD,CRYPTO,yfinance,1d
2023-05-13,308.6343078613281,311.89794921875,307.83953857421875,311.0868835449219,385073781,BNB-USD,CRYPTO,yfinance,1d
2023-05-14,311.0894470214844,314.6377258300781,310.005859375,312.1358947753906,404468149,BNB-USD,CRYPTO,yfinance,1d
2023-05-15,312.13360595703125,316.3658142089844,311.0141296386719,313.5294189453125,432273711,BNB-USD,CRYPTO,yfinance,1d
2023-05-16,313.54290771484375,314.0379333496094,309.6927490234375,311.3800354003906,402988974,BNB-USD,CRYPTO,yfinance,1d
2023-05-17,311.36981201171875,314.2699890136719,307.6412048339844,314.0835266113281,437721579,BNB-USD,CRYPTO,yfinance,1d
2023-05-18,314.0912170410156,314.6662902832031,306.6496276855469,309.4566955566406,383049498,BNB-USD,CRYPTO,yfinance,1d
2023-05-19,309.44677734375,311.1976013183594,307.9300537109375,308.96429443359375,334636708,BNB-USD,CRYPTO,yfinance,1d
2023-05-20,308.982421875,311.8423156738281,308.0879821777344,310.719970703125,277393160,BNB-USD,CRYPTO,yfinance,1d
2023-05-21,310.7096252441406,311.5177001953125,306.478515625,306.5067138671875,302803530,BNB-USD,CRYPTO,yfinance,1d
2023-05-22,306.5234680175781,310.83538818359375,305.0476379394531,309.2456359863281,355156561,BNB-USD,CRYPTO,yfinance,1d
2023-05-23,309.2491760253906,315.2126770019531,309.2388916015625,313.5062255859375,361568579,BNB-USD,CRYPTO,yfinance,1d
2023-05-24,313.5191345214844,313.5504150390625,304.16552734375,305.9327697753906,418835791,BNB-USD,CRYPTO,yfinance,1d
2023-05-25,305.9226989746094,306.6758728027344,302.9423522949219,304.733642578125,401117895,BNB-USD,CRYPTO,yfinance,1d
2023-05-26,304.7257080078125,308.41436767578125,301.8935546875,306.8863220214844,475658791,BNB-USD,CRYPTO,yfinance,1d
2023-05-27,306.8948974609375,307.59844970703125,304.4021301269531,307.5917663574219,331579600,BNB-USD,CRYPTO,yfinance,1d
2023-05-28,307.5807189941406,314.45098876953125,306.99798583984375,314.2700500488281,405623337,BNB-USD,CRYPTO,yfinance,1d
2023-05-29,314.2846374511719,316.79559326171875,310.7929382324219,311.80718994140625,543284868,BNB-USD,CRYPTO,yfinance,1d
2023-05-30,311.8103332519531,314.276611328125,311.3135070800781,311.68450927734375,392038878,BNB-USD,CRYPTO,yfinance,1d
2023-05-31,311.6957092285156,311.8466491699219,305.37640380859375,306.86669921875,474410245,BNB-USD,CRYPTO,yfinance,1d
2023-06-01,306.8828125,307.61376953125,303.6445617675781,304.9532775878906,354897855,BNB-USD,CRYPTO,yfinance,1d
2023-06-02,304.95068359375,308.3961486816406,303.7401428222656,307.4237976074219,382256220,BNB-USD,CRYPTO,yfinance,1d
2023-06-03,307.43389892578125,308.1976623535156,305.64898681640625,306.7201232910156,260995871,BNB-USD,CRYPTO,yfinance,1d
2023-06-04,306.71844482421875,307.58392333984375,305.0121154785156,305.15679931640625,273449324,BNB-USD,CRYPTO,yfinance,1d
2023-06-05,305.1672668457031,305.1672668457031,272.8895568847656,276.8892517089844,928515688,BNB-USD,CRYPTO,yfinance,1d
2023-06-06,276.9336242675781,285.5967102050781,273.72393798828125,281.4955749511719,691784529,BNB-USD,CRYPTO,yfinance,1d
2023-06-07,281.4814453125,281.4814453125,256.095703125,259.3914489746094,958739195,BNB-USD,CRYPTO,yfinance,1d
2023-06-08,259.4009094238281,266.8072204589844,257.7645263671875,262.14849853515625,562863852,BNB-USD,CRYPTO,yfinance,1d
2023-06-09,262.1507873535156,263.9214172363281,256.5093994140625,260.7160949707031,491429998,BNB-USD,CRYPTO,yfinance,1d
2023-06-10,260.69866943359375,260.7160949707031,233.169189453125,239.08908081054688,1068424942,BNB-USD,CRYPTO,yfinance,1d
2023-06-11,239.08741760253906,239.3482666015625,234.43069458007812,235.4387969970703,376213808,BNB-USD,CRYPTO,yfinance,1d
2023-06-12,235.40391540527344,238.4732208251953,222.0713348388672,231.0514373779297,1014433334,BNB-USD,CRYPTO,yfinance,1d
2023-06-13,231.07504272460938,245.64219665527344,229.3116912841797,243.89053344726562,864407068,BNB-USD,CRYPTO,yfinance,1d
2023-06-14,243.89053344726562,251.63015747070312,234.0425567626953,237.5742645263672,738634212,BNB-USD,CRYPTO,yfinance,1d
2023-06-15,237.6096954345703,240.15533447265625,231.06581115722656,236.2806854248047,502420772,BNB-USD,CRYPTO,yfinance,1d
2023-06-16,236.27345275878906,242.80198669433594,232.82852172851562,239.1146697998047,488582672,BNB-USD,CRYPTO,yfinance,1d
2023-06-17,239.1290283203125,249.13011169433594,237.41790771484375,244.61058044433594,451849200,BNB-USD,CRYPTO,yfinance,1d
2023-06-18,244.59580993652344,248.27256774902344,242.76914978027344,244.08726501464844,372246652,BNB-USD,CRYPTO,yfinance,1d
2023-06-19,244.0900421142578,244.41200256347656,239.14566040039062,242.9033660888672,359118142,BNB-USD,CRYPTO,yfinance,1d
2023-06-20,242.88185119628906,247.82269287109375,239.01873779296875,247.6744384765625,477391843,BNB-USD,CRYPTO,yfinance,1d
2023-06-21,247.6829376220703,253.54193115234375,245.54824829101562,249.28634643554688,717670519,BNB-USD,CRYPTO,yfinance,1d
2023-06-22,249.27647399902344,256.22003173828125,240.0522003173828,240.7924346923828,709030407,BNB-USD,CRYPTO,yfinance,1d
2023-06-23,240.79205322265625,248.80978393554688,240.09481811523438,244.56494140625,493157882,BNB-USD,CRYPTO,yfinance,1d
2023-06-24,244.5535125732422,248.42861938476562,231.9947509765625,236.65965270996094,558809140,BNB-USD,CRYPTO,yfinance,1d
2023-06-25,236.6367645263672,241.8727569580078,235.63613891601562,238.8929901123047,414941211,BNB-USD,CRYPTO,yfinance,1d
2023-06-26,238.87911987304688,241.17384338378906,234.2963409423828,236.13426208496094,427457532,BNB-USD,CRYPTO,yfinance,1d
2023-06-27,236.13107299804688,240.82284545898438,234.9900665283203,237.49267578125,348181738,BNB-USD,CRYPTO,yfinance,1d
2023-06-28,237.5026397705078,237.5801544189453,226.9770965576172,230.65036010742188,480872336,BNB-USD,CRYPTO,yfinance,1d
2023-06-29,230.6324005126953,236.42100524902344,230.5876922607422,233.23245239257812,332343168,BNB-USD,CRYPTO,yfinance,1d
2023-06-30,233.19444274902344,241.3129425048828,232.2005157470703,240.36978149414062,626872820,BNB-USD,CRYPTO,yfinance,1d
2023-07-01,240.38690185546875,248.4702606201172,240.38690185546875,247.75942993164062,603755323,BNB-USD,CRYPTO,yfinance,1d
2023-07-02,247.78602600097656,248.056396484375,243.24127197265625,246.25791931152344,519491311,BNB-USD,CRYPTO,yfinance,1d
2023-07-03,246.254638671875,251.37985229492188,245.88482666015625,246.38221740722656,669962148,BNB-USD,CRYPTO,yfinance,1d
2023-07-04,246.3452911376953,246.8387908935547,241.22853088378906,242.492919921875,439591635,BNB-USD,CRYPTO,yfinance,1d
2023-07-05,242.49948120117188,243.86111450195312,237.1201171875,239.08108520507812,455501209,BNB-USD,CRYPTO,yfinance,1d
2023-07-06,239.0685272216797,244.10267639160156,232.17181396484375,232.31942749023438,536134671,BNB-USD,CRYPTO,yfinance,1d
2023-07-07,232.3334197998047,236.07911682128906,231.64573669433594,235.62115478515625,418416864,BNB-USD,CRYPTO,yfinance,1d
2023-07-08,235.61026000976562,237.4119110107422,234.63714599609375,236.28738403320312,319300746,BNB-USD,CRYPTO,yfinance,1d
2023-07-09,236.2945556640625,237.01951599121094,233.47604370117188,234.22836303710938,289327973,BNB-USD,CRYPTO,yfinance,1d
2023-07-10,234.2329559326172,246.29969787597656,232.007568359375,245.874267578125,834091613,BNB-USD,CRYPTO,yfinance,1d
2023-07-11,245.89627075195312,249.2053985595703,244.9390106201172,248.538330078125,536228377,BNB-USD,CRYPTO,yfinance,1d
2023-07-12,248.5380859375,250.3406524658203,242.80335998535156,244.01988220214844,505389150,BNB-USD,CRYPTO,yfinance,1d
2023-07-13,244.00222778320312,257.265625,243.0497283935547,256.48968505859375,761150982,BNB-USD,CRYPTO,yfinance,1d
2023-07-14,256.4642028808594,261.10260009765625,244.27566528320312,248.19161987304688,799468588,BNB-USD,CRYPTO,yfinance,1d
2023-07-15,248.17552185058594,252.53726196289062,247.50807189941406,251.09970092773438,422767368,BNB-USD,CRYPTO,yfinance,1d
2023-07-16,251.09823608398438,251.88241577148438,242.58013916015625,242.65682983398438,441487283,BNB-USD,CRYPTO,yfinance,1d
2023-07-17,242.65809631347656,244.68203735351562,240.59759521484375,244.35299682617188,671028354,BNB-USD,CRYPTO,yfinance,1d
2023-07-18,244.33457946777344,246.53085327148438,238.7042236328125,240.2649383544922,751858394,BNB-USD,CRYPTO,yfinance,1d
2023-07-19,240.27418518066406,243.92770385742188,239.99359130859375,241.1608123779297,499664149,BNB-USD,CRYPTO,yfinance,1d
2023-07-20,241.13888549804688,243.14259338378906,240.3877410888672,242.73313903808594,485038743,BNB-USD,CRYPTO,yfinance,1d
2023-07-21,242.75428771972656,245.16334533691406,242.3674774169922,243.7889862060547,413015398,BNB-USD,CRYPTO,yfinance,1d
2023-07-22,243.80908203125,244.85873413085938,240.5126190185547,241.03074645996094,310128851,BNB-USD,CRYPTO,yfinance,1d
2023-07-23,241.05465698242188,243.9764862060547,240.76121520996094,242.45596313476562,279600847,BNB-USD,CRYPTO,yfinance,1d
2023-07-24,242.44943237304688,242.89187622070312,236.29238891601562,238.9462127685547,451906472,BNB-USD,CRYPTO,yfinance,1d
2023-07-25,238.96409606933594,239.63720703125,236.99940490722656,237.80856323242188,366519529,BNB-USD,CRYPTO,yfinance,1d
2023-07-26,237.81907653808594,240.2377166748047,236.64112854003906,238.9623565673828,417581395,BNB-USD,CRYPTO,yfinance,1d
2023-07-27,238.96011352539062,243.16351318359375,238.63844299316406,240.49879455566406,433186880,BNB-USD,CRYPTO,yfinance,1d
2023-07-28,240.505126953125,242.7969970703125,239.9878692626953,241.97703552246094,388148322,BNB-USD,CRYPTO,yfinance,1d
2023-07-29,241.97134399414062,242.7262725830078,241.32313537597656,242.5763702392578,317500344,BNB-USD,CRYPTO,yfinance,1d
2023-07-30,242.58221435546875,243.7857208251953,240.92518615722656,242.52598571777344,425584373,BNB-USD,CRYPTO,yfinance,1d
2023-07-31,242.51959228515625,244.20257568359375,240.7644500732422,241.1206512451172,1092564922,BNB-USD,CRYPTO,yfinance,1d
2023-08-01,241.1280517578125,247.50502014160156,238.53024291992188,247.50502014160156,830645013,BNB-USD,CRYPTO,yfinance,1d
2023-08-02,247.4903106689453,248.5115509033203,236.8917694091797,240.49464416503906,650256385,BNB-USD,CRYPTO,yfinance,1d
2023-08-03,240.50997924804688,241.583251953125,238.5096435546875,241.0615234375,400525696,BNB-USD,CRYPTO,yfinance,1d
2023-08-04,241.04286193847656,243.1554718017578,240.45228576660156,241.47601318359375,370373499,BNB-USD,CRYPTO,yfinance,1d
2023-08-05,241.4896697998047,243.02772521972656,240.09039306640625,242.9593505859375,300760369,BNB-USD,CRYPTO,yfinance,1d
2023-08-06,242.96029663085938,245.17901611328125,242.61473083496094,242.79859924316406,417704185,BNB-USD,CRYPTO,yfinance,1d
2023-08-07,242.79168701171875,244.32424926757812,239.93536376953125,241.79750061035156,425652309,BNB-USD,CRYPTO,yfinance,1d
2023-08-08,241.7918701171875,247.64736938476562,241.3302001953125,245.14990234375,504987528,BNB-USD,CRYPTO,yfinance,1d
2023-08-09,245.1363067626953,245.34027099609375,242.76649475097656,243.89364624023438,399576464,BNB-USD,CRYPTO,yfinance,1d
2023-08-10,243.8855438232422,243.9261016845703,240.39459228515625,241.26246643066406,365863690,BNB-USD,CRYPTO,yfinance,1d
2023-08-11,241.26072692871094,241.91390991210938,238.35980224609375,239.70689392089844,386856576,BNB-USD,CRYPTO,yfinance,1d
2023-08-12,239.7035675048828,241.0026092529297,239.40377807617188,240.27362060546875,284512149,BNB-USD,CRYPTO,yfinance,1d
2023-08-13,240.26968383789062,241.6295928955078,239.902587890625,240.03334045410156,296580783,BNB-USD,CRYPTO,yfinance,1d
2023-08-14,240.04127502441406,241.02493286132812,239.7473602294922,240.33924865722656,381157536,BNB-USD,CRYPTO,yfinance,1d
2023-08-15,240.3504638671875,240.41030883789062,235.36053466796875,236.67958068847656,482870297,BNB-USD,CRYPTO,yfinance,1d
2023-08-16,236.689697265625,237.01422119140625,231.20516967773438,231.86874389648438,461572144,BNB-USD,CRYPTO,yfinance,1d
2023-08-17,231.87257385253906,232.1050567626953,214.5474395751953,218.5358428955078,786294218,BNB-USD,CRYPTO,yfinance,1d
2023-08-18,218.56573486328125,220.1370086669922,214.02224731445312,216.112548828125,567051050,BNB-USD,CRYPTO,yfinance,1d
2023-08-19,216.1444854736328,218.99758911132812,214.32884216308594,216.99945068359375,477267428,BNB-USD,CRYPTO,yfinance,1d
2023-08-20,217.01585388183594,217.88243103027344,215.6808624267578,216.63580322265625,297744717,BNB-USD,CRYPTO,yfinance,1d
2023-08-21,216.63079833984375,216.74118041992188,207.5687713623047,210.63894653320312,582113967,BNB-USD,CRYPTO,yfinance,1d
2023-08-22,210.5799560546875,211.87425231933594,204.39913940429688,210.8343505859375,637832641,BNB-USD,CRYPTO,yfinance,1d
2023-08-23,210.81869506835938,218.31671142578125,210.81869506835938,216.3992919921875,566160608,BNB-USD,CRYPTO,yfinance,1d
2023-08-24,216.44483947753906,220.38551330566406,215.8997344970703,218.64639282226562,394620698,BNB-USD,CRYPTO,yfinance,1d
2023-08-25,218.68109130859375,219.25498962402344,214.26516723632812,218.3310546875,423891092,BNB-USD,CRYPTO,yfinance,1d
2023-08-26,218.33180236816406,218.78643798828125,216.2140350341797,216.36424255371094,273738258,BNB-USD,CRYPTO,yfinance,1d
2023-08-27,216.3699493408203,219.5391845703125,216.0803985595703,218.35800170898438,325410553,BNB-USD,CRYPTO,yfinance,1d
2023-08-28,218.35824584960938,218.9700164794922,215.85018920898438,218.71856689453125,332786869,BNB-USD,CRYPTO,yfinance,1d
2023-08-29,218.7215118408203,233.0600128173828,217.04786682128906,226.86288452148438,593296661,BNB-USD,CRYPTO,yfinance,1d
2023-08-30,226.87014770507812,227.04901123046875,221.9781494140625,223.7994384765625,359750612,BNB-USD,CRYPTO,yfinance,1d
2023-08-31,223.81857299804688,225.58888244628906,215.44842529296875,216.59779357910156,428616639,BNB-USD,CRYPTO,yfinance,1d
2023-09-01,216.59848022460938,217.9657440185547,211.5917205810547,213.63055419921875,438229562,BNB-USD,CRYPTO,yfinance,1d
2023-09-02,213.62692260742188,215.59950256347656,213.29054260253906,214.44854736328125,291979876,BNB-USD,CRYPTO,yfinance,1d
2023-09-03,214.45481872558594,215.11489868164062,213.41195678710938,214.3999481201172,264565518,BNB-USD,CRYPTO,yfinance,1d
2023-09-04,214.3931121826172,216.26751708984375,213.28237915039062,215.197509765625,364530693,BNB-USD,CRYPTO,yfinance,1d
2023-09-05,215.2110137939453,215.7220001220703,213.6724395751953,214.47813415527344,298056096,BNB-USD,CRYPTO,yfinance,1d
2023-09-06,214.48904418945312,217.1808319091797,212.31671142578125,215.13465881347656,367874698,BNB-USD,CRYPTO,yfinance,1d
2023-09-07,215.13946533203125,217.6039581298828,213.5731201171875,216.88717651367188,414939879,BNB-USD,CRYPTO,yfinance,1d
2023-09-08,216.8837432861328,218.2228240966797,213.61947631835938,214.56202697753906,350437594,BNB-USD,CRYPTO,yfinance,1d
2023-09-09,214.56703186035156,215.33013916015625,214.2229461669922,214.2229461669922,218159197,BNB-USD,CRYPTO,yfinance,1d
2023-09-10,214.22056579589844,214.22784423828125,211.5386199951172,212.31802368164062,334977578,BNB-USD,CRYPTO,yfinance,1d
2023-09-11,212.32261657714844,212.61009216308594,204.3567352294922,206.03421020507812,466832593,BNB-USD,CRYPTO,yfinance,1d
2023-09-12,206.04315185546875,213.48744201660156,205.26248168945312,210.99436950683594,435525863,BNB-USD,CRYPTO,yfinance,1d
2023-09-13,211.02386474609375,213.15785217285156,209.4974365234375,212.64259338378906,329580406,BNB-USD,CRYPTO,yfinance,1d
2023-09-14,212.6405792236328,214.88356018066406,211.3829345703125,212.2828369140625,370840987,BNB-USD,CRYPTO,yfinance,1d
2023-09-15,212.30435180664062,214.9447479248047,211.19467163085938,214.17552185058594,477731080,BNB-USD,CRYPTO,yfinance,1d
2023-09-16,214.1683807373047,215.70355224609375,213.56289672851562,214.96054077148438,483436741,BNB-USD,CRYPTO,yfinance,1d
2023-09-17,214.948974609375,216.63502502441406,213.70974731445312,216.4657745361328,432102186,BNB-USD,CRYPTO,yfinance,1d
2023-09-18,216.47091674804688,221.00985717773438,215.3173065185547,216.00392150878906,572231452,BNB-USD,CRYPTO,yfinance,1d
2023-09-19,216.00177001953125,219.7490234375,215.6417694091797,217.21095275878906,385547582,BNB-USD,CRYPTO,yfinance,1d
2023-09-20,217.21060180664062,217.75669860839844,213.76046752929688,214.3633270263672,372917826,BNB-USD,CRYPTO,yfinance,1d
2023-09-21,214.35374450683594,215.109375,209.58688354492188,210.7939453125,384479845,BNB-USD,CRYPTO,yfinance,1d
2023-09-22,210.7893829345703,212.02658081054688,209.94168090820312,211.15086364746094,274805031,BNB-USD,CRYPTO,yfinance,1d
2023-09-23,211.1380615234375,211.58322143554688,210.1420135498047,210.56060791015625,215040995,BNB-USD,CRYPTO,yfinance,1d
2023-09-24,210.5747833251953,211.23727416992188,207.9329376220703,208.28289794921875,287192497,BNB-USD,CRYPTO,yfinance,1d
2023-09-25,208.2601318359375,210.5183868408203,207.47808837890625,210.0738067626953,294180845,BNB-USD,CRYPTO,yfinance,1d
2023-09-26,210.0501708984375,213.1878204345703,209.86691284179688,212.37844848632812,615780140,BNB-USD,CRYPTO,yfinance,1d
2023-09-27,212.37139892578125,215.72874450683594,210.88600158691406,211.98541259765625,753741988,BNB-USD,CRYPTO,yfinance,1d
2023-09-28,211.99095153808594,216.77532958984375,211.6513214111328,215.07598876953125,358321830,BNB-USD,CRYPTO,yfinance,1d
2023-09-29,215.09397888183594,217.25770568847656,214.50637817382812,215.2794189453125,335321479,BNB-USD,CRYPTO,yfinance,1d
2023-09-30,215.2777862548828,216.31216430664062,214.4836883544922,214.82130432128906,243788424,BNB-USD,CRYPTO,yfinance,1d
2023-10-01,214.80032348632812,219.1338348388672,213.5065155029297,218.04713439941406,387408083,BNB-USD,CRYPTO,yfinance,1d
2023-10-02,218.04934692382812,221.18829345703125,213.54632568359375,214.7579345703125,466879383,BNB-USD,CRYPTO,yfinance,1d
2023-10-03,214.7349090576172,215.72119140625,212.77056884765625,213.43594360351562,305437646,BNB-USD,CRYPTO,yfinance,1d
2023-10-04,213.44146728515625,213.7624053955078,210.9364013671875,213.4130859375,357560724,BNB-USD,CRYPTO,yfinance,1d
2023-10-05,213.42274475097656,213.78359985351562,210.4712371826172,210.67967224121094,351872670,BNB-USD,CRYPTO,yfinance,1d
2023-10-06,210.66526794433594,214.39295959472656,210.5572509765625,213.55552673339844,271152975,BNB-USD,CRYPTO,yfinance,1d
2023-10-07,213.54396057128906,213.85986328125,211.76080322265625,212.36447143554688,211771782,BNB-USD,CRYPTO,yfinance,1d
2023-10-08,212.38101196289062,212.84677124023438,209.7017822265625,211.51998901367188,267193041,BNB-USD,CRYPTO,yfinance,1d
2023-10-09,211.52261352539062,212.1028594970703,203.6554412841797,205.75096130371094,416312027,BNB-USD,CRYPTO,yfinance,1d
2023-10-10,205.75009155273438,210.45428466796875,205.75009155273438,208.57687377929688,441959353,BNB-USD,CRYPTO,yfinance,1d
2023-10-11,208.58229064941406,208.7305450439453,204.8092498779297,206.53341674804688,323117665,BNB-USD,CRYPTO,yfinance,1d
2023-10-12,206.53587341308594,206.6591033935547,203.658447265625,205.2294158935547,302337006,BNB-USD,CRYPTO,yfinance,1d
2023-10-13,205.22579956054688,207.94253540039062,204.61761474609375,206.03611755371094,296977151,BNB-USD,CRYPTO,yfinance,1d
2023-10-14,206.040283203125,207.02554321289062,205.82728576660156,206.60189819335938,203846460,BNB-USD,CRYPTO,yfinance,1d
2023-10-15,206.60028076171875,210.2316131591797,206.47857666015625,209.7425079345703,352524312,BNB-USD,CRYPTO,yfinance,1d
2023-10-16,209.74880981445312,217.12123107910156,209.74880981445312,214.82395935058594,521099239,BNB-USD,CRYPTO,yfinance,1d
2023-10-17,214.81211853027344,215.01222229003906,210.38235473632812,211.6432342529297,352621995,BNB-USD,CRYPTO,yfinance,1d
2023-10-18,211.63619995117188,213.57627868652344,210.09669494628906,210.50103759765625,275336939,BNB-USD,CRYPTO,yfinance,1d
2023-10-19,210.4916229248047,211.41201782226562,208.53712463378906,211.1441650390625,281310969,BNB-USD,CRYPTO,yfinance,1d
2023-10-20,211.14505004882812,216.1024169921875,210.74655151367188,212.30084228515625,335590168,BNB-USD,CRYPTO,yfinance,1d
2023-10-21,212.29852294921875,215.61277770996094,211.6225128173828,214.3056640625,267943731,BNB-USD,CRYPTO,yfinance,1d
2023-10-22,214.3217315673828,218.00485229492188,213.83428955078125,217.74737548828125,286771903,BNB-USD,CRYPTO,yfinance,1d
2023-10-23,218.45591735839844,229.98146057128906,218.3049774169922,228.35276794433594,611625206,BNB-USD,CRYPTO,yfinance,1d
2023-10-24,228.3383026123047,236.7500762939453,223.1171417236328,225.14295959472656,658304834,BNB-USD,CRYPTO,yfinance,1d
2023-10-25,225.16864013671875,228.8148193359375,222.0341796875,222.179931640625,414309192,BNB-USD,CRYPTO,yfinance,1d
2023-10-26,222.18551635742188,227.85787963867188,219.92672729492188,223.2360382080078,438534864,BNB-USD,CRYPTO,yfinance,1d
2023-10-27,223.21908569335938,229.85179138183594,220.20350646972656,224.4759063720703,554008090,BNB-USD,CRYPTO,yfinance,1d
2023-10-28,224.4715118408203,227.97061157226562,224.3576202392578,225.77407836914062,244363054,BNB-USD,CRYPTO,yfinance,1d
2023-10-29,225.78799438476562,228.14613342285156,224.25831604003906,227.14845275878906,207847188,BNB-USD,CRYPTO,yfinance,1d
2023-10-30,227.13491821289062,229.19149780273438,225.02120971679688,228.2874298095703,282899321,BNB-USD,CRYPTO,yfinance,1d
2023-10-31,228.28236389160156,229.24130249023438,224.33131408691406,226.43994140625,319329197,BNB-USD,CRYPTO,yfinance,1d
2023-11-01,226.4181671142578,229.14108276367188,222.8603973388672,228.00010681152344,384772000,BNB-USD,CRYPTO,yfinance,1d
2023-11-02,228.0166473388672,233.33607482910156,227.90748596191406,231.7230224609375,487639810,BNB-USD,CRYPTO,yfinance,1d
2023-11-03,231.70326232910156,232.21131896972656,226.34674072265625,230.60597229003906,332547803,BNB-USD,CRYPTO,yfinance,1d
2023-11-04,230.5974884033203,238.5099639892578,229.65533447265625,237.45460510253906,267965564,BNB-USD,CRYPTO,yfinance,1d
2023-11-05,237.44223022460938,245.59402465820312,236.7861785888672,244.32247924804688,419858434,BNB-USD,CRYPTO,yfinance,1d
2023-11-06,244.32044982910156,255.34230041503906,242.1800994873047,254.63479614257812,524115628,BNB-USD,CRYPTO,yfinance,1d
2023-11-07,254.65328979492188,255.5460968017578,242.69497680664062,246.39529418945312,549207441,BNB-USD,CRYPTO,yfinance,1d
2023-11-08,246.39012145996094,247.80906677246094,244.58038330078125,247.123291015625,369346518,BNB-USD,CRYPTO,yfinance,1d
2023-11-09,247.0521697998047,255.45465087890625,243.3295440673828,251.51084899902344,1116630429,BNB-USD,CRYPTO,yfinance,1d
2023-11-10,251.52682495117188,257.78802490234375,248.9433135986328,251.08236694335938,873515280,BNB-USD,CRYPTO,yfinance,1d
2023-11-11,251.09848022460938,255.07839965820312,246.72113037109375,251.42161560058594,872206327,BNB-USD,CRYPTO,yfinance,1d
2023-11-12,251.43441772460938,251.6469268798828,245.83245849609375,247.6400146484375,758715918,BNB-USD,CRYPTO,yfinance,1d
2023-11-13,247.64047241210938,250.1243133544922,241.12713623046875,241.33506774902344,888039233,BNB-USD,CRYPTO,yfinance,1d
2023-11-14,241.36984252929688,248.66522216796875,236.28573608398438,242.263671875,917236070,BNB-USD,CRYPTO,yfinance,1d
2023-11-15,242.281005859375,254.18177795410156,242.26116943359375,253.75534057617188,921052035,BNB-USD,CRYPTO,yfinance,1d
2023-11-16,253.74478149414062,255.5850372314453,240.67567443847656,242.75888061523438,950453378,BNB-USD,CRYPTO,yfinance,1d
2023-11-17,242.83995056152344,245.9875946044922,238.99964904785156,244.745361328125,788884171,BNB-USD,CRYPTO,yfinance,1d
2023-11-18,244.7462615966797,245.35305786132812,239.28082275390625,244.9507598876953,679630905,BNB-USD,CRYPTO,yfinance,1d
2023-11-19,244.96768188476562,246.93626403808594,242.4235076904297,246.58778381347656,618053586,BNB-USD,CRYPTO,yfinance,1d
2023-11-20,246.5845489501953,263.8700256347656,243.14175415039062,253.6350860595703,1289010990,BNB-USD,CRYPTO,yfinance,1d
2023-11-21,253.64385986328125,269.9175720214844,224.98170471191406,226.4864044189453,2480554399,BNB-USD,CRYPTO,yfinance,1d
2023-11-22,226.46131896972656,238.17669677734375,225.6582489013672,236.1365966796875,1338117919,BNB-USD,CRYPTO,yfinance,1d
2023-11-23,236.0960235595703,238.7913360595703,230.7522430419922,233.76580810546875,766695224,BNB-USD,CRYPTO,yfinance,1d
2023-11-24,233.75270080566406,236.37930297851562,232.19285583496094,232.9009552001953,709881299,BNB-USD,CRYPTO,yfinance,1d
2023-11-25,232.9174346923828,235.7812957763672,232.683349609375,234.43994140625,553022191,BNB-USD,CRYPTO,yfinance,1d
2023-11-26,234.42820739746094,234.49465942382812,229.3850555419922,232.0471954345703,606332049,BNB-USD,CRYPTO,yfinance,1d
2023-11-27,231.98388671875,232.80938720703125,223.48683166503906,227.42147827148438,795547656,BNB-USD,CRYPTO,yfinance,1d
2023-11-28,227.42799377441406,231.75552368164062,224.6786346435547,229.69296264648438,674267936,BNB-USD,CRYPTO,yfinance,1d
2023-11-29,229.6932373046875,231.19744873046875,226.51943969726562,227.34275817871094,602240832,BNB-USD,CRYPTO,yfinance,1d
2023-11-30,227.34303283691406,229.1439666748047,226.22654724121094,227.68380737304688,572448874,BNB-USD,CRYPTO,yfinance,1d
2023-12-01,227.68881225585938,229.8910675048828,227.232666015625,228.54563903808594,611750028,BNB-USD,CRYPTO,yfinance,1d
2023-12-02,228.53855895996094,230.0343017578125,226.68960571289062,229.30084228515625,628871423,BNB-USD,CRYPTO,yfinance,1d
2023-12-03,229.28953552246094,231.6390380859375,226.4960174560547,228.09820556640625,719496781,BNB-USD,CRYPTO,yfinance,1d
2023-12-04,228.07546997070312,236.83494567871094,227.1553192138672,233.29530334472656,2139028703,BNB-USD,CRYPTO,yfinance,1d
2023-12-05,233.30865478515625,234.48468017578125,228.40753173828125,231.2613525390625,851959167,BNB-USD,CRYPTO,yfinance,1d
2023-12-06,231.26344299316406,234.5861053466797,229.42440795898438,229.42440795898438,850327297,BNB-USD,CRYPTO,yfinance,1d
2023-12-07,229.53221130371094,234.53843688964844,229.2009735107422,232.97743225097656,813730268,BNB-USD,CRYPTO,yfinance,1d
2023-12-08,232.9604949951172,239.8386993408203,232.6486053466797,238.91598510742188,828993280,BNB-USD,CRYPTO,yfinance,1d
2023-12-09,238.9132537841797,245.00527954101562,237.07989501953125,237.7686004638672,856746249,BNB-USD,CRYPTO,yfinance,1d
2023-12-10,237.79371643066406,241.25057983398438,237.55775451660156,239.733154296875,640133489,BNB-USD,CRYPTO,yfinance,1d
2023-12-11,239.76890563964844,246.755859375,230.53103637695312,246.42086791992188,1442275453,BNB-USD,CRYPTO,yfinance,1d
2023-12-12,246.36578369140625,256.7091979980469,245.991943359375,254.49497985839844,1394681963,BNB-USD,CRYPTO,yfinance,1d
2023-12-13,254.40396118164062,255.56297302246094,244.81398010253906,252.42332458496094,1052163656,BNB-USD,CRYPTO,yfinance,1d
2023-12-14,252.40560913085938,254.08792114257812,248.7257080078125,253.5412139892578,876150236,BNB-USD,CRYPTO,yfinance,1d
2023-12-15,253.51744079589844,253.54971313476562,243.86737060546875,244.8984375,769388533,BNB-USD,CRYPTO,yfinance,1d
2023-12-16,244.89642333984375,248.0863800048828,243.45065307617188,244.35096740722656,651447427,BNB-USD,CRYPTO,yfinance,1d
2023-12-17,244.3507080078125,244.4321746826172,239.2306365966797,239.30828857421875,650163942,BNB-USD,CRYPTO,yfinance,1d
2023-12-18,239.2471466064453,241.3484344482422,232.7528076171875,241.3484344482422,871708609,BNB-USD,CRYPTO,yfinance,1d
2023-12-19,241.34768676757812,254.5745849609375,241.34768676757812,252.63719177246094,1254351945,BNB-USD,CRYPTO,yfinance,1d
2023-12-20,252.6297607421875,261.5574035644531,250.76504516601562,260.10736083984375,1053279744,BNB-USD,CRYPTO,yfinance,1d
2023-12-21,260.14862060546875,274.44061279296875,256.5984802246094,271.24658203125,1183480386,BNB-USD,CRYPTO,yfinance,1d
2023-12-22,271.2765197753906,276.1597900390625,265.41949462890625,271.3764953613281,1014769310,BNB-USD,CRYPTO,yfinance,1d
2023-12-23,271.38128662109375,272.1670837402344,266.16845703125,271.3909606933594,695725248,BNB-USD,CRYPTO,yfinance,1d
2023-12-24,271.3775329589844,272.59014892578125,262.775634765625,264.71710205078125,803502105,BNB-USD,CRYPTO,yfinance,1d
2023-12-25,264.73529052734375,267.9342041015625,262.48712158203125,267.0733642578125,738674209,BNB-USD,CRYPTO,yfinance,1d
2023-12-26,267.0721740722656,302.70758056640625,265.0900573730469,297.6932373046875,1941843757,BNB-USD,CRYPTO,yfinance,1d
2023-12-27,297.7483215332031,323.7694091796875,286.40338134765625,323.6773376464844,1893987416,BNB-USD,CRYPTO,yfinance,1d
2023-12-28,323.8037109375,337.4258117675781,321.3273010253906,323.5989990234375,1987714005,BNB-USD,CRYPTO,yfinance,1d
2023-12-29,323.5130310058594,325.5014343261719,309.1914367675781,313.8787536621094,1415732360,BNB-USD,CRYPTO,yfinance,1d
2023-12-30,313.8419494628906,320.111572265625,313.56005859375,317.16619873046875,901159404,BNB-USD,CRYPTO,yfinance,1d
2023-12-31,317.0681457519531,325.00653076171875,310.6978454589844,312.4356994628906,953254184,BNB-USD,CRYPTO,yfinance,1d
2024-01-01,312.38592529296875,315.74566650390625,308.09674072265625,314.4082946777344,910568057,BNB-USD,CRYPTO,yfinance,1d
2024-01-02,314.2675476074219,320.9332275390625,308.35064697265625,312.10382080078125,1133024158,BNB-USD,CRYPTO,yfinance,1d
2024-01-03,312.151611328125,332.74920654296875,301.419189453125,316.6612854003906,1927148986,BNB-USD,CRYPTO,yfinance,1d
2024-01-04,316.62445068359375,323.8224792480469,312.14544677734375,323.6000061035156,1285291962,BNB-USD,CRYPTO,yfinance,1d
2024-01-05,323.6202392578125,327.0423278808594,310.6506652832031,317.4502868652344,1257230413,BNB-USD,CRYPTO,yfinance,1d
2024-01-06,317.49517822265625,317.8272705078125,301.3959655761719,307.79449462890625,1051283820,BNB-USD,CRYPTO,yfinance,1d
2024-01-07,307.7940673828125,309.88238525390625,301.0862121582031,302.8905334472656,817795075,BNB-USD,CRYPTO,yfinance,1d
2024-01-08,302.90350341796875,308.2834777832031,290.8804016113281,304.5003967285156,1141697708,BNB-USD,CRYPTO,yfinance,1d
2024-01-09,304.4752502441406,306.6708068847656,296.5199890136719,300.9761047363281,1374376391,BNB-USD,CRYPTO,yfinance,1d
2024-01-10,300.98260498046875,309.6028747558594,290.1220397949219,305.0968322753906,1199728038,BNB-USD,CRYPTO,yfinance,1d
2024-01-11,305.2237854003906,316.7200622558594,302.64752197265625,308.7015075683594,1326827289,BNB-USD,CRYPTO,yfinance,1d
2024-01-12,308.6283264160156,312.68658447265625,290.7372741699219,296.6304626464844,1198386629,BNB-USD,CRYPTO,yfinance,1d
2024-01-13,296.62542724609375,302.9240417480469,291.5197448730469,302.227294921875,816347256,BNB-USD,CRYPTO,yfinance,1d
2024-01-14,302.22711181640625,306.5023193359375,299.0142517089844,299.05133056640625,787643004,BNB-USD,CRYPTO,yfinance,1d
2024-01-15,299.02581787109375,319.5900573730469,299.02581787109375,317.5672607421875,1667214322,BNB-USD,CRYPTO,yfinance,1d
2024-01-16,317.5467834472656,318.7459411621094,313.5428466796875,315.22625732421875,1143877764,BNB-USD,CRYPTO,yfinance,1d
2024-01-17,315.1612243652344,315.92755126953125,307.3587646484375,309.08538818359375,1206464161,BNB-USD,CRYPTO,yfinance,1d
2024-01-18,309.0931091308594,315.1431884765625,305.7171630859375,313.2928771972656,1105813150,BNB-USD,CRYPTO,yfinance,1d
2024-01-19,313.2928771972656,315.64007568359375,306.3778381347656,314.3004455566406,1036123822,BNB-USD,CRYPTO,yfinance,1d
2024-01-20,314.30023193359375,316.96038818359375,312.3036193847656,316.96038818359375,694855739,BNB-USD,CRYPTO,yfinance,1d
2024-01-21,316.9617614746094,321.2838134765625,316.22259521484375,318.3186950683594,723174009,BNB-USD,CRYPTO,yfinance,1d
2024-01-22,318.37908935546875,319.7400817871094,304.5782165527344,305.43701171875,948987847,BNB-USD,CRYPTO,yfinance,1d
2024-01-23,305.4375,311.1738586425781,291.0572814941406,298.4039001464844,1065495592,BNB-USD,CRYPTO,yfinance,1d
2024-01-24,298.4072265625,300.3409729003906,290.8543395996094,293.0914306640625,960725208,BNB-USD,CRYPTO,yfinance,1d
2024-01-25,293.0929870605469,296.052490234375,287.7281494140625,291.9192810058594,1086918042,BNB-USD,CRYPTO,yfinance,1d
2024-01-26,291.9390563964844,303.7918395996094,290.87738037109375,302.3179931640625,964268733,BNB-USD,CRYPTO,yfinance,1d
2024-01-27,302.3171691894531,307.41143798828125,302.0614318847656,305.8248291015625,691653061,BNB-USD,CRYPTO,yfinance,1d
2024-01-28,305.7743835449219,308.7686462402344,303.2923583984375,304.9756164550781,782354766,BNB-USD,CRYPTO,yfinance,1d
2024-01-29,305.0214538574219,310.7130126953125,304.60357666015625,310.7080078125,824640185,BNB-USD,CRYPTO,yfinance,1d
2024-01-30,310.7080078125,312.96221923828125,306.9179382324219,307.4627380371094,777667889,BNB-USD,CRYPTO,yfinance,1d
2024-01-31,307.4723815917969,307.864990234375,298.96063232421875,300.35107421875,814318731,BNB-USD,CRYPTO,yfinance,1d
2024-02-01,300.35107421875,301.8831787109375,296.5621337890625,300.1759033203125,754502530,BNB-USD,CRYPTO,yfinance,1d
2024-02-02,300.1639099121094,304.2850646972656,299.9427795410156,301.15496826171875,699579739,BNB-USD,CRYPTO,yfinance,1d
2024-02-03,301.181396484375,303.5091552734375,299.62506103515625,299.7367248535156,606345017,BNB-USD,CRYPTO,yfinance,1d
2024-02-04,299.7156677246094,307.4093322753906,298.2126159667969,304.7341613769531,818836774,BNB-USD,CRYPTO,yfinance,1d
2024-02-05,304.71844482421875,306.52313232421875,299.54913330078125,300.8540344238281,826414727,BNB-USD,CRYPTO,yfinance,1d
2024-02-06,300.8583679199219,303.5723571777344,300.63946533203125,302.71014404296875,680038428,BNB-USD,CRYPTO,yfinance,1d
2024-02-07,302.71160888671875,308.47808837890625,300.84954833984375,307.63458251953125,776516914,BNB-USD,CRYPTO,yfinance,1d
2024-02-08,307.57354736328125,320.4073486328125,307.5062255859375,318.87188720703125,1206142745,BNB-USD,CRYPTO,yfinance,1d
2024-02-09,318.9233703613281,325.64459228515625,318.202392578125,323.84228515625,1094700959,BNB-USD,CRYPTO,yfinance,1d
2024-02-10,323.8716125488281,325.42669677734375,319.5799560546875,323.1338806152344,737748174,BNB-USD,CRYPTO,yfinance,1d
2024-02-11,323.103515625,324.768310546875,320.30938720703125,320.78753662109375,706320478,BNB-USD,CRYPTO,yfinance,1d
2024-02-12,320.80401611328125,331.4398498535156,315.93243408203125,327.9446105957031,982444950,BNB-USD,CRYPTO,yfinance,1d
2024-02-13,327.9324035644531,329.2057800292969,319.4844055175781,324.86822509765625,886487720,BNB-USD,CRYPTO,yfinance,1d
2024-02-14,324.8655700683594,334.369140625,323.8765869140625,334.2459716796875,887463520,BNB-USD,CRYPTO,yfinance,1d
2024-02-15,334.21087646484375,365.13311767578125,333.8529968261719,354.7108154296875,1744161787,BNB-USD,CRYPTO,yfinance,1d
2024-02-16,354.68756103515625,365.56207275390625,351.70159912109375,360.890380859375,1461675119,BNB-USD,CRYPTO,yfinance,1d
2024-02-17,360.8729553222656,363.28179931640625,349.043212890625,352.9081115722656,1101515839,BNB-USD,CRYPTO,yfinance,1d
2024-02-18,352.9129943847656,358.00885009765625,349.6799621582031,349.6799621582031,959954204,BNB-USD,CRYPTO,yfinance,1d
2024-02-19,349.67828369140625,355.6981201171875,349.623779296875,351.8070983886719,1290009052,BNB-USD,CRYPTO,yfinance,1d
2024-02-20,351.8079528808594,360.3736267089844,346.0740051269531,354.8639221191406,1489888631,BNB-USD,CRYPTO,yfinance,1d
2024-02-21,354.8638610839844,379.0655212402344,351.4012451171875,378.5373229980469,2264483250,BNB-USD,CRYPTO,yfinance,1d
2024-02-22,378.7139587402344,386.5940856933594,374.3027038574219,382.009765625,2002118598,BNB-USD,CRYPTO,yfinance,1d
2024-02-23,381.9831237792969,385.45794677734375,369.40008544921875,375.319091796875,1755398357,BNB-USD,CRYPTO,yfinance,1d
2024-02-24,375.3238220214844,383.0736999511719,371.9991455078125,381.7427978515625,1088410661,BNB-USD,CRYPTO,yfinance,1d
2024-02-25,381.74261474609375,390.4501037597656,378.1285705566406,388.5517272949219,1324081579,BNB-USD,CRYPTO,yfinance,1d
2024-02-26,388.5350036621094,404.4400939941406,382.2568664550781,401.6438903808594,2011146388,BNB-USD,CRYPTO,yfinance,1d
2024-02-27,401.6438903808594,403.74005126953125,390.9178771972656,394.9956359863281,1750697179,BNB-USD,CRYPTO,yfinance,1d
2024-02-28,394.95172119140625,427.04681396484375,394.66107177734375,415.7716064453125,2323818531,BNB-USD,CRYPTO,yfinance,1d
2024-02-29,415.5836181640625,419.7790222167969,392.3798828125,399.7787170410156,2058367303,BNB-USD,CRYPTO,yfinance,1d
2024-03-01,399.67242431640625,408.55279541015625,399.4783020019531,407.8107604980469,1527194519,BNB-USD,CRYPTO,yfinance,1d
2024-03-02,407.8048400878906,414.84515380859375,406.5416564941406,410.9858703613281,1520439801,BNB-USD,CRYPTO,yfinance,1d
2024-03-03,410.9778137207031,416.6257019042969,405.0853271484375,414.3810729980469,1810575392,BNB-USD,CRYPTO,yfinance,1d
2024-03-04,414.4140319824219,423.8005676269531,411.4765319824219,419.0354309082031,2111212949,BNB-USD,CRYPTO,yfinance,1d
2024-03-05,419.0164489746094,427.0828857421875,363.22064208984375,394.6617431640625,3319029162,BNB-USD,CRYPTO,yfinance,1d
2024-03-06,394.6649475097656,433.4255065917969,386.2295227050781,429.011962890625,3281109608,BNB-USD,CRYPTO,yfinance,1d
2024-03-07,429.011962890625,477.2071838378906,423.7870178222656,475.2906494140625,3328990543,BNB-USD,CRYPTO,yfinance,1d
2024-03-08,475.2777099609375,489.57855224609375,464.8338623046875,488.09417724609375,3644157779,BNB-USD,CRYPTO,yfinance,1d
2024-03-09,488.09271240234375,494.0759582519531,482.640625,489.56182861328125,2314944823,BNB-USD,CRYPTO,yfinance,1d
2024-03-10,489.5409240722656,537.415283203125,486.8355407714844,529.374755859375,4507153439,BNB-USD,CRYPTO,yfinance,1d
2024-03-11,529.4474487304688,532.7896728515625,509.9839172363281,522.718017578125,3950105375,BNB-USD,CRYPTO,yfinance,1d
2024-03-12,522.718994140625,547.018310546875,521.9139404296875,537.86572265625,4381078189,BNB-USD,CRYPTO,yfinance,1d
2024-03-13,537.86572265625,631.1683959960938,532.0458984375,630.5613403320312,5717769152,BNB-USD,CRYPTO,yfinance,1d
2024-03-14,630.5613403320312,630.9562377929688,569.2069091796875,602.9887084960938,4918366892,BNB-USD,CRYPTO,yfinance,1d
2024-03-15,602.9675903320312,634.2008056640625,547.7039794921875,632.8027954101562,5849156503,BNB-USD,CRYPTO,yfinance,1d
2024-03-16,632.8027954101562,641.4811401367188,571.286865234375,576.7752075195312,3952760767,BNB-USD,CRYPTO,yfinance,1d
2024-03-17,576.7752075195312,589.6356811523438,550.1432495117188,571.0855712890625,3512190982,BNB-USD,CRYPTO,yfinance,1d
2024-03-18,571.0855712890625,586.5149536132812,540.8463134765625,554.55712890625,3982384372,BNB-USD,CRYPTO,yfinance,1d
2024-03-19,554.55712890625,559.8604125976562,498.5623474121094,507.0765686035156,4346763421,BNB-USD,CRYPTO,yfinance,1d
2024-03-20,507.0864562988281,558.9464721679688,501.1168518066406,556.7005004882812,3177352364,BNB-USD,CRYPTO,yfinance,1d
2024-03-21,556.7005004882812,570.05322265625,541.6550903320312,553.2482299804688,2595135487,BNB-USD,CRYPTO,yfinance,1d
2024-03-22,553.2482299804688,587.7314453125,535.97265625,551.778564453125,2949959002,BNB-USD,CRYPTO,yfinance,1d
2024-03-23,551.778564453125,567.544677734375,544.9212646484375,551.8795166015625,1962524597,BNB-USD,CRYPTO,yfinance,1d
2024-03-24,551.8795166015625,572.4882202148438,549.5263061523438,567.9948120117188,1745465728,BNB-USD,CRYPTO,yfinance,1d
2024-03-25,567.9948120117188,597.6621704101562,565.1378784179688,587.4276123046875,2490221265,BNB-USD,CRYPTO,yfinance,1d
2024-03-26,587.4276123046875,597.0130004882812,572.8078002929688,580.1505126953125,2086911757,BNB-USD,CRYPTO,yfinance,1d
2024-03-27,580.1593017578125,584.9867553710938,565.5116577148438,574.5115966796875,1983797879,BNB-USD,CRYPTO,yfinance,1d
2024-03-28,574.5115966796875,591.3146362304688,574.2017822265625,583.2708740234375,1986567688,BNB-USD,CRYPTO,yfinance,1d
2024-03-29,583.2867431640625,619.9725952148438,582.4693603515625,612.657958984375,2788931743,BNB-USD,CRYPTO,yfinance,1d
2024-03-30,612.66015625,612.9949340820312,597.6298217773438,601.016357421875,1750650703,BNB-USD,CRYPTO,yfinance,1d
2024-03-31,601.005126953125,608.6642456054688,600.8792724609375,606.9086303710938,1456592924,BNB-USD,CRYPTO,yfinance,1d
2024-04-01,606.90869140625,607.6455688476562,570.0531616210938,576.3966674804688,2020241864,BNB-USD,CRYPTO,yfinance,1d
2024-04-02,576.3765869140625,578.1329956054688,546.8681640625,550.6814575195312,2480273065,BNB-USD,CRYPTO,yfinance,1d
2024-04-03,550.6814575195312,567.9979858398438,540.246826171875,562.0196533203125,2096610785,BNB-USD,CRYPTO,yfinance,1d
2024-04-04,562.0196533203125,597.8353271484375,561.34912109375,585.4415283203125,2340488273,BNB-USD,CRYPTO,yfinance,1d
2024-04-05,585.4832153320312,591.3327026367188,565.7509765625,578.9669189453125,1983792648,BNB-USD,CRYPTO,yfinance,1d
2024-04-06,578.9669189453125,590.6022338867188,575.9175415039062,585.966796875,1328988130,BNB-USD,CRYPTO,yfinance,1d
2024-04-07,585.966796875,590.8859252929688,578.7191162109375,584.1021728515625,1374676397,BNB-USD,CRYPTO,yfinance,1d
2024-04-08,584.1021728515625,600.8928833007812,577.9833374023438,586.9009399414062,1739232272,BNB-USD,CRYPTO,yfinance,1d
2024-04-09,586.9009399414062,589.666748046875,574.1403198242188,580.830322265625,1988165022,BNB-USD,CRYPTO,yfinance,1d
2024-04-10,580.830322265625,610.4829711914062,574.46142578125,610.0839233398438,1654268255,BNB-USD,CRYPTO,yfinance,1d
2024-04-11,610.0839233398438,617.4686279296875,592.6021728515625,604.893798828125,1299527568,BNB-USD,CRYPTO,yfinance,1d
2024-04-12,604.893798828125,626.9840698242188,575.5808715820312,596.380126953125,2619549858,BNB-USD,CRYPTO,yfinance,1d
2024-04-13,596.3749389648438,599.8919677734375,517.2700805664062,554.2998046875,2660310655,BNB-USD,CRYPTO,yfinance,1d
2024-04-14,554.2998046875,570.257568359375,537.1805419921875,567.2184448242188,1724305772,BNB-USD,CRYPTO,yfinance,1d
2024-04-15,567.2184448242188,585.4859619140625,546.8653564453125,552.87451171875,1488692418,BNB-USD,CRYPTO,yfinance,1d
2024-04-16,552.8746948242188,554.1048583984375,524.2218627929688,537.829345703125,1299731119,BNB-USD,CRYPTO,yfinance,1d
2024-04-17,537.8313598632812,548.0428466796875,514.1128540039062,534.416015625,1411927485,BNB-USD,CRYPTO,yfinance,1d
2024-04-18,534.4149780273438,555.0400390625,527.4300537109375,552.172119140625,1439312699,BNB-USD,CRYPTO,yfinance,1d
2024-04-19,552.172119140625,564.5448608398438,525.0286254882812,554.8892822265625,1320094794,BNB-USD,CRYPTO,yfinance,1d
2024-04-20,554.8881225585938,574.0986938476562,549.800048828125,570.9605102539062,697007137,BNB-USD,CRYPTO,yfinance,1d
2024-04-21,570.9605102539062,582.2720336914062,567.1710815429688,579.6199340820312,782061076,BNB-USD,CRYPTO,yfinance,1d
2024-04-22,579.6146850585938,608.5170288085938,579.1416625976562,605.5755004882812,1300340623,BNB-USD,CRYPTO,yfinance,1d
2024-04-23,605.5755004882812,613.5433349609375,599.9375610351562,606.8406372070312,1380221181,BNB-USD,CRYPTO,yfinance,1d
2024-04-24,606.8406372070312,617.3051147460938,592.944091796875,608.0861206054688,1518718475,BNB-USD,CRYPTO,yfinance,1d
2024-04-25,608.0906372070312,617.8062133789062,601.7774658203125,614.0050048828125,1161642323,BNB-USD,CRYPTO,yfinance,1d
2024-04-26,614.0050048828125,614.834228515625,597.1796264648438,597.7054443359375,817787521,BNB-USD,CRYPTO,yfinance,1d
2024-04-27,597.7054443359375,599.2827758789062,586.1527099609375,595.7205200195312,781864034,BNB-USD,CRYPTO,yfinance,1d
2024-04-28,595.7205200195312,607.8242797851562,595.716552734375,600.0711669921875,681109845,BNB-USD,CRYPTO,yfinance,1d
2024-04-29,600.0711669921875,602.5989379882812,583.3385009765625,592.8312377929688,868114786,BNB-USD,CRYPTO,yfinance,1d
2024-04-30,592.831787109375,603.3228149414062,556.1708984375,578.488037109375,1727881192,BNB-USD,CRYPTO,yfinance,1d
2024-05-01,578.4874877929688,579.3329467773438,538.0464477539062,561.408203125,1502825527,BNB-USD,CRYPTO,yfinance,1d
2024-05-02,561.408203125,565.4573974609375,543.5223388671875,560.5267333984375,877449354,BNB-USD,CRYPTO,yfinance,1d
2024-05-03,560.5267333984375,590.2448120117188,559.4467163085938,587.0104370117188,854728192,BNB-USD,CRYPTO,yfinance,1d
2024-05-04,587.0184326171875,593.1934204101562,583.2993774414062,585.8465576171875,582273374,BNB-USD,CRYPTO,yfinance,1d
2024-05-05,585.8465576171875,594.9953002929688,580.2462768554688,592.140380859375,531182053,BNB-USD,CRYPTO,yfinance,1d
2024-05-06,592.139892578125,601.88671875,583.3734130859375,588.4759521484375,1522319999,BNB-USD,CRYPTO,yfinance,1d
2024-05-07,588.4759521484375,599.9354858398438,576.7245483398438,577.4862060546875,1535678414,BNB-USD,CRYPTO,yfinance,1d
2024-05-08,577.4862060546875,589.5725708007812,575.1480102539062,588.1974487304688,1603241013,BNB-USD,CRYPTO,yfinance,1d
2024-05-09,588.1974487304688,602.5897216796875,586.7303466796875,596.031982421875,1897318659,BNB-USD,CRYPTO,yfinance,1d
2024-05-10,596.0276489257812,596.5833740234375,582.0457763671875,585.6221923828125,1521708160,BNB-USD,CRYPTO,yfinance,1d
2024-05-11,585.6221923828125,594.20654296875,581.8966674804688,592.0278930664062,1333662111,BNB-USD,CRYPTO,yfinance,1d
2024-05-12,592.0291748046875,599.1841430664062,587.8043212890625,594.424560546875,1276671115,BNB-USD,CRYPTO,yfinance,1d
2024-05-13,594.424560546875,597.7680053710938,585.520751953125,591.60693359375,1636169234,BNB-USD,CRYPTO,yfinance,1d
2024-05-14,591.60693359375,592.8369750976562,563.4202270507812,566.70703125,1944063031,BNB-USD,CRYPTO,yfinance,1d
2024-05-15,566.70703125,587.4215087890625,561.1272583007812,582.0743408203125,1895100260,BNB-USD,CRYPTO,yfinance,1d
2024-05-16,582.1001586914062,586.4363403320312,565.7623291015625,569.1902465820312,1911862000,BNB-USD,CRYPTO,yfinance,1d
2024-05-17,569.1902465820312,584.666015625,568.8367309570312,581.1783447265625,1557134929,BNB-USD,CRYPTO,yfinance,1d
2024-05-18,581.1783447265625,581.9871826171875,575.0185546875,580.4811401367188,1358737176,BNB-USD,CRYPTO,yfinance,1d
2024-05-19,580.4815673828125,581.876708984375,572.36962890625,574.6316528320312,1298887094,BNB-USD,CRYPTO,yfinance,1d
2024-05-20,574.6316528320312,601.5638427734375,569.5235595703125,600.6163330078125,2145457267,BNB-USD,CRYPTO,yfinance,1d
2024-05-21,600.60107421875,629.861083984375,593.9327392578125,618.4204711914062,3564986916,BNB-USD,CRYPTO,yfinance,1d
2024-05-22,618.4204711914062,625.5662841796875,610.5460205078125,614.671875,2138536549,BNB-USD,CRYPTO,yfinance,1d
2024-05-23,614.671875,616.5244750976562,581.9541015625,598.6708374023438,2631566566,BNB-USD,CRYPTO,yfinance,1d
2024-05-24,598.6708374023438,604.3148803710938,588.8939819335938,600.2258911132812,1778282198,BNB-USD,CRYPTO,yfinance,1d
2024-05-25,600.2266235351562,606.3673095703125,599.6072387695312,602.1944580078125,1392399167,BNB-USD,CRYPTO,yfinance,1d
2024-05-26,602.1944580078125,604.830078125,598.6958618164062,599.825927734375,1372657185,BNB-USD,CRYPTO,yfinance,1d
2024-05-27,599.825927734375,613.38818359375,599.7007446289062,603.5264282226562,1691663828,BNB-USD,CRYPTO,yfinance,1d
2024-05-28,603.5264282226562,604.985107421875,593.7161865234375,601.2132568359375,1852329404,BNB-USD,CRYPTO,yfinance,1d
2024-05-29,601.2132568359375,602.9315185546875,592.9666137695312,594.9720458984375,1642696946,BNB-USD,CRYPTO,yfinance,1d
2024-05-30,594.9725341796875,601.6650390625,586.5576782226562,595.0267944335938,1737524745,BNB-USD,CRYPTO,yfinance,1d
2024-05-31,595.0267944335938,598.4236450195312,589.7748413085938,593.5223388671875,1590349553,BNB-USD,CRYPTO,yfinance,1d
2024-06-01,593.5223388671875,607.5828857421875,592.6806030273438,601.30419921875,1520074486,BNB-USD,CRYPTO,yfinance,1d
2024-06-02,601.3041381835938,604.9780883789062,596.164794921875,603.026611328125,1667233984,BNB-USD,CRYPTO,yfinance,1d
2024-06-03,603.0509643554688,637.2471313476562,601.1831665039062,626.4329833984375,2952110605,BNB-USD,CRYPTO,yfinance,1d
2024-06-04,626.4329833984375,687.40380859375,625.2649536132812,686.201416015625,3416994948,BNB-USD,CRYPTO,yfinance,1d
2024-06-05,686.201416015625,712.58837890625,685.777099609375,698.889404296875,3501231414,BNB-USD,CRYPTO,yfinance,1d
2024-06-06,698.889404296875,720.672607421875,692.9947509765625,710.4640502929688,2997888288,BNB-USD,CRYPTO,yfinance,1d
2024-06-07,710.4603881835938,710.8385009765625,665.18017578125,683.3609619140625,2987033806,BNB-USD,CRYPTO,yfinance,1d
2024-06-08,683.3685913085938,694.3128051757812,678.6458129882812,682.6651611328125,1966216051,BNB-USD,CRYPTO,yfinance,1d
2024-06-09,682.6638793945312,684.7598876953125,670.8135375976562,673.3153076171875,1856183346,BNB-USD,CRYPTO,yfinance,1d
2024-06-10,673.33544921875,674.3134765625,615.77294921875,624.3868408203125,3184376694,BNB-USD,CRYPTO,yfinance,1d
2024-06-11,624.3967895507812,628.2633666992188,597.0418701171875,602.55810546875,2604834485,BNB-USD,CRYPTO,yfinance,1d
2024-06-12,602.6026000976562,634.6758422851562,592.2932739257812,619.19482421875,2221546160,BNB-USD,CRYPTO,yfinance,1d
2024-06-13,619.2251586914062,619.298583984375,596.3087768554688,599.5150756835938,1879189691,BNB-USD,CRYPTO,yfinance,1d
2024-06-14,599.4786987304688,611.6287231445312,590.496337890625,603.1805419921875,1848914113,BNB-USD,CRYPTO,yfinance,1d
2024-06-15,603.1141967773438,609.0504760742188,601.5859375,607.8029174804688,1471028668,BNB-USD,CRYPTO,yfinance,1d
2024-06-16,607.8084716796875,611.197509765625,601.4769287109375,610.0540161132812,1428836675,BNB-USD,CRYPTO,yfinance,1d
2024-06-17,610.0736694335938,611.9440307617188,592.4261474609375,604.4673461914062,1797626078,BNB-USD,CRYPTO,yfinance,1d
2024-06-18,604.3328857421875,604.65283203125,575.76171875,588.7020874023438,2265505402,BNB-USD,CRYPTO,yfinance,1d
2024-06-19,588.584716796875,605.731689453125,587.01416015625,598.771728515625,1788904109,BNB-USD,CRYPTO,yfinance,1d
2024-06-20,598.771728515625,607.4007568359375,584.7599487304688,587.107177734375,1817442036,BNB-USD,CRYPTO,yfinance,1d
2024-06-21,587.1126098632812,588.7054443359375,578.015869140625,585.9119262695312,1672110625,BNB-USD,CRYPTO,yfinance,1d
2024-06-22,585.9009399414062,590.9393310546875,581.1376342773438,590.7633666992188,1387634576,BNB-USD,CRYPTO,yfinance,1d
2024-06-23,590.6715698242188,592.7726440429688,576.0581665039062,577.2108764648438,1444372224,BNB-USD,CRYPTO,yfinance,1d
2024-06-24,577.222900390625,581.2367553710938,552.9365234375,567.578125,2033721646,BNB-USD,CRYPTO,yfinance,1d
2024-06-25,567.653076171875,579.1007690429688,566.8991088867188,578.1034545898438,1581413208,BNB-USD,CRYPTO,yfinance,1d
2024-06-26,578.1137084960938,584.1988525390625,567.8788452148438,572.4017944335938,1537826836,BNB-USD,CRYPTO,yfinance,1d
2024-06-27,572.3585205078125,583.7315063476562,566.4297485351562,580.7982788085938,1659378248,BNB-USD,CRYPTO,yfinance,1d
2024-06-28,580.865966796875,584.3499755859375,565.00537109375,566.4644775390625,1618598501,BNB-USD,CRYPTO,yfinance,1d
2024-06-29,566.4916381835938,572.9425659179688,566.06591796875,569.127685546875,1375085097,BNB-USD,CRYPTO,yfinance,1d
2024-06-30,569.1678466796875,584.0786743164062,567.7850341796875,581.7711181640625,1564676508,BNB-USD,CRYPTO,yfinance,1d
2024-07-01,581.674560546875,587.2811889648438,576.136474609375,576.6869506835938,1613874196,BNB-USD,CRYPTO,yfinance,1d
2024-07-02,576.6046752929688,581.0347290039062,573.8269653320312,578.9810791015625,1528045271,BNB-USD,CRYPTO,yfinance,1d
2024-07-03,579.0103759765625,579.9353637695312,550.4166870117188,556.5777587890625,1736158280,BNB-USD,CRYPTO,yfinance,1d
2024-07-04,556.4862060546875,556.8927612304688,512.42236328125,513.9945068359375,2056945763,BNB-USD,CRYPTO,yfinance,1d
2024-07-05,513.614501953125,515.2207641601562,456.92340087890625,497.9958190917969,2865780557,BNB-USD,CRYPTO,yfinance,1d
2024-07-06,497.96551513671875,530.4472045898438,496.6573181152344,527.6743774414062,1604647597,BNB-USD,CRYPTO,yfinance,1d
2024-07-07,527.4404907226562,527.4404907226562,488.9649353027344,490.6131286621094,1660301909,BNB-USD,CRYPTO,yfinance,1d
2024-07-08,490.7127990722656,523.1556396484375,472.1614074707031,510.6142578125,2305009896,BNB-USD,CRYPTO,yfinance,1d
2024-07-09,510.5447692871094,520.6463012695312,507.2747802734375,516.568115234375,1586240513,BNB-USD,CRYPTO,yfinance,1d
2024-07-10,516.6347045898438,529.192138671875,511.8351745605469,524.5165405273438,1592646761,BNB-USD,CRYPTO,yfinance,1d
2024-07-11,524.5767211914062,540.0792236328125,521.0379638671875,525.1380615234375,1685684515,BNB-USD,CRYPTO,yfinance,1d
2024-07-12,525.1171264648438,537.316162109375,517.9932861328125,533.75732421875,1600204226,BNB-USD,CRYPTO,yfinance,1d
2024-07-13,533.7614135742188,539.1996459960938,527.7648315429688,532.3488159179688,1436156860,BNB-USD,CRYPTO,yfinance,1d
2024-07-14,532.3785400390625,547.3585815429688,532.1102294921875,544.8187255859375,1486806663,BNB-USD,CRYPTO,yfinance,1d
2024-07-15,544.9208984375,586.5435791015625,544.7008056640625,586.1410522460938,2019082961,BNB-USD,CRYPTO,yfinance,1d
2024-07-16,586.0093994140625,587.3955078125,556.6705322265625,576.583984375,2082707183,BNB-USD,CRYPTO,yfinance,1d
2024-07-17,576.5607299804688,584.0094604492188,565.4176635742188,568.9127197265625,1739938322,BNB-USD,CRYPTO,yfinance,1d
2024-07-18,568.96826171875,579.3433227539062,562.9327392578125,571.9515380859375,1636814280,BNB-USD,CRYPTO,yfinance,1d
2024-07-19,571.9271240234375,598.0529174804688,565.973876953125,593.7021484375,2052978808,BNB-USD,CRYPTO,yfinance,1d
2024-07-20,593.7093505859375,598.30126953125,587.2839965820312,593.5722045898438,1585229672,BNB-USD,CRYPTO,yfinance,1d
2024-07-21,593.5726318359375,603.6642456054688,583.540771484375,601.8511962890625,1815088659,BNB-USD,CRYPTO,yfinance,1d
2024-07-22,601.8511962890625,605.191162109375,587.77197265625,587.9177856445312,1985538902,BNB-USD,CRYPTO,yfinance,1d
2024-07-23,587.9177856445312,593.1072998046875,578.2872924804688,582.0995483398438,1839296067,BNB-USD,CRYPTO,yfinance,1d
2024-07-24,582.10498046875,588.8692016601562,570.95361328125,574.5784912109375,1601708271,BNB-USD,CRYPTO,yfinance,1d
2024-07-25,574.5784912109375,575.8388061523438,554.7559814453125,570.71337890625,1995371028,BNB-USD,CRYPTO,yfinance,1d
2024-07-26,570.71337890625,582.7736206054688,570.4503784179688,581.0779418945312,1665724792,BNB-USD,CRYPTO,yfinance,1d
2024-07-27,581.0779418945312,592.8525390625,574.8931274414062,581.5888061523438,1760015335,BNB-USD,CRYPTO,yfinance,1d
2024-07-28,581.5888061523438,584.68994140625,575.0437622070312,584.099609375,1464043630,BNB-USD,CRYPTO,yfinance,1d
2024-07-29,584.099609375,596.6491088867188,573.986083984375,574.642578125,1825858615,BNB-USD,CRYPTO,yfinance,1d
2024-07-30,574.642578125,587.6651000976562,567.990234375,587.6651000976562,1811656040,BNB-USD,CRYPTO,yfinance,1d
2024-07-31,587.6651000976562,592.5235595703125,575.251953125,576.3681640625,1798590737,BNB-USD,CRYPTO,yfinance,1d
2024-08-01,576.3681640625,577.2913208007812,553.7516479492188,575.146728515625,2045220020,BNB-USD,CRYPTO,yfinance,1d
2024-08-02,575.146728515625,577.0011596679688,540.11865234375,542.9151611328125,2062337930,BNB-USD,CRYPTO,yfinance,1d
2024-08-03,542.9151611328125,544.6666870117188,522.1957397460938,529.4813232421875,1826715291,BNB-USD,CRYPTO,yfinance,1d
2024-08-04,529.4813232421875,531.6157836914062,488.2488098144531,497.0390930175781,1980159444,BNB-USD,CRYPTO,yfinance,1d
2024-08-05,497.0390930175781,499.3894348144531,407.52459716796875,464.6269226074219,4703145244,BNB-USD,CRYPTO,yfinance,1d
2024-08-06,464.6269226074219,492.8955078125,464.2871398925781,484.3238220214844,2087680023,BNB-USD,CRYPTO,yfinance,1d
2024-08-07,484.3238220214844,497.62408447265625,468.9976806640625,474.2247619628906,1883200228,BNB-USD,CRYPTO,yfinance,1d
2024-08-08,474.19970703125,521.0404663085938,469.190673828125,517.3375244140625,1790085695,BNB-USD,CRYPTO,yfinance,1d
2024-08-09,517.3375244140625,517.72314453125,500.1761169433594,509.1827087402344,1565495419,BNB-USD,CRYPTO,yfinance,1d
2024-08-10,509.1827087402344,524.9590454101562,507.8503112792969,523.317626953125,1394699693,BNB-USD,CRYPTO,yfinance,1d
2024-08-11,523.3178100585938,535.5400390625,503.2338562011719,503.8045349121094,1563057068,BNB-USD,CRYPTO,yfinance,1d
2024-08-12,503.8041687011719,523.5446166992188,500.23370361328125,518.5361328125,1786263873,BNB-USD,CRYPTO,yfinance,1d
2024-08-13,518.5361328125,525.6865234375,514.5475463867188,524.1285400390625,1757981177,BNB-USD,CRYPTO,yfinance,1d
2024-08-14,524.1285400390625,531.5051879882812,516.50634765625,524.0153198242188,1604400640,BNB-USD,CRYPTO,yfinance,1d
2024-08-15,524.0153198242188,533.6436767578125,511.6082458496094,519.870361328125,1645936961,BNB-USD,CRYPTO,yfinance,1d
2024-08-16,519.870361328125,524.3740234375,511.040283203125,519.9686279296875,1538941515,BNB-USD,CRYPTO,yfinance,1d
2024-08-17,519.9686279296875,547.161376953125,518.940673828125,542.2342529296875,1554176167,BNB-USD,CRYPTO,yfinance,1d
2024-08-18,542.2342529296875,542.3954467773438,531.2366943359375,531.6085205078125,1458218557,BNB-USD,CRYPTO,yfinance,1d
2024-08-19,531.6085205078125,560.6581420898438,529.6116333007812,559.81884765625,1721716619,BNB-USD,CRYPTO,yfinance,1d
2024-08-20,559.81884765625,574.556884765625,559.1103515625,569.2669677734375,2062353969,BNB-USD,CRYPTO,yfinance,1d
2024-08-21,569.2669677734375,575.0878295898438,547.611083984375,570.0197143554688,1887431524,BNB-USD,CRYPTO,yfinance,1d
2024-08-22,570.0197143554688,589.4165649414062,561.2243041992188,583.0518798828125,1998394415,BNB-USD,CRYPTO,yfinance,1d
2024-08-23,583.0518798828125,597.5437622070312,575.76904296875,591.8060302734375,2037288685,BNB-USD,CRYPTO,yfinance,1d
2024-08-24,591.8067626953125,592.7732543945312,575.83740234375,580.76220703125,1954023736,BNB-USD,CRYPTO,yfinance,1d
2024-08-25,580.76220703125,583.9363403320312,569.9006958007812,574.2499389648438,1681089758,BNB-USD,CRYPTO,yfinance,1d
2024-08-26,574.2499389648438,575.981201171875,547.2277221679688,548.8280029296875,1818728257,BNB-USD,CRYPTO,yfinance,1d
2024-08-27,548.8280029296875,558.2140502929688,523.4385375976562,533.9758911132812,1853530701,BNB-USD,CRYPTO,yfinance,1d
2024-08-28,533.9758911132812,546.109375,523.7744140625,536.816162109375,1861040561,BNB-USD,CRYPTO,yfinance,1d
2024-08-29,536.816162109375,545.4614868164062,532.3034057617188,536.6256713867188,1577402536,BNB-USD,CRYPTO,yfinance,1d
2024-08-30,536.6256713867188,542.814697265625,523.058837890625,535.3157958984375,1598876190,BNB-USD,CRYPTO,yfinance,1d
2024-08-31,535.3157958984375,541.1749877929688,531.6283569335938,532.89697265625,1284869085,BNB-USD,CRYPTO,yfinance,1d
2024-09-01,532.89697265625,532.9790649414062,508.7206115722656,512.59521484375,1498350087,BNB-USD,CRYPTO,yfinance,1d
2024-09-02,512.59521484375,529.0226440429688,502.1722717285156,526.438720703125,1653356892,BNB-USD,CRYPTO,yfinance,1d
2024-09-03,526.438720703125,537.9566650390625,518.6689453125,518.6689453125,1559458476,BNB-USD,CRYPTO,yfinance,1d
2024-09-04,518.637939453125,523.4694213867188,496.4385070800781,507.82049560546875,1898187560,BNB-USD,CRYPTO,yfinance,1d
2024-09-05,507.82049560546875,512.6257934570312,497.34918212890625,502.0693664550781,1468645986,BNB-USD,CRYPTO,yfinance,1d
2024-09-06,502.0693664550781,508.82012939453125,473.1689147949219,486.9027404785156,1860035342,BNB-USD,CRYPTO,yfinance,1d
2024-09-07,486.9027404785156,499.10577392578125,483.2615966796875,493.22613525390625,1358748616,BNB-USD,CRYPTO,yfinance,1d
2024-09-08,493.22613525390625,506.42510986328125,491.0293273925781,503.0001525878906,1378399660,BNB-USD,CRYPTO,yfinance,1d
2024-09-09,503.0001525878906,524.6112670898438,501.9822082519531,518.5453491210938,1602303180,BNB-USD,CRYPTO,yfinance,1d
2024-09-10,518.5453491210938,523.913818359375,514.0165405273438,517.4838256835938,1461007853,BNB-USD,CRYPTO,yfinance,1d
2024-09-11,517.4838256835938,534.5135498046875,507.2425231933594,530.1940307617188,1629703281,BNB-USD,CRYPTO,yfinance,1d
2024-09-12,530.1940307617188,547.791748046875,530.1493530273438,544.3037719726562,1725751181,BNB-USD,CRYPTO,yfinance,1d
2024-09-13,544.3037719726562,559.5098876953125,539.0565795898438,557.01806640625,1745545933,BNB-USD,CRYPTO,yfinance,1d
2024-09-14,557.01806640625,559.3895263671875,548.8692016601562,553.5650634765625,1412065214,BNB-USD,CRYPTO,yfinance,1d
2024-09-15,553.5650634765625,561.5770874023438,552.3637084960938,553.9722900390625,1565883242,BNB-USD,CRYPTO,yfinance,1d
2024-09-16,553.9722900390625,554.7008666992188,527.4401245117188,533.80908203125,1805132571,BNB-USD,CRYPTO,yfinance,1d
2024-09-17,533.8087158203125,552.5006103515625,529.4241333007812,546.0135498046875,1617928146,BNB-USD,CRYPTO,yfinance,1d
2024-09-18,546.0135498046875,559.0445556640625,537.5084228515625,559.0445556640625,1657679444,BNB-USD,CRYPTO,yfinance,1d
2024-09-19,559.0445556640625,571.718994140625,553.5143432617188,566.2235107421875,1859308230,BNB-USD,CRYPTO,yfinance,1d
2024-09-20,566.2235107421875,576.9052734375,559.6436157226562,568.5850830078125,1821452417,BNB-USD,CRYPTO,yfinance,1d
2024-09-21,568.576416015625,590.0252685546875,566.8111572265625,589.0379638671875,1694887390,BNB-USD,CRYPTO,yfinance,1d
2024-09-22,589.0379638671875,593.9545288085938,577.45263671875,588.0869140625,1680179600,BNB-USD,CRYPTO,yfinance,1d
2024-09-23,588.0869140625,615.7206420898438,585.5076293945312,604.3660278320312,2189508231,BNB-USD,CRYPTO,yfinance,1d
2024-09-24,604.3660278320312,612.6076049804688,600.2676391601562,606.5230712890625,1904808937,BNB-USD,CRYPTO,yfinance,1d
2024-09-25,606.5230712890625,607.762939453125,584.8588256835938,587.3525390625,1744393946,BNB-USD,CRYPTO,yfinance,1d
2024-09-26,587.3513793945312,608.8541870117188,581.2283325195312,596.7769165039062,2081857126,BNB-USD,CRYPTO,yfinance,1d
2024-09-27,596.7769165039062,614.4735107421875,596.5009765625,607.8670043945312,2144197609,BNB-USD,CRYPTO,yfinance,1d
2024-09-28,607.8670043945312,617.3323974609375,595.207763671875,601.5671997070312,1858159482,BNB-USD,CRYPTO,yfinance,1d
2024-09-29,601.5671997070312,602.660400390625,593.0492553710938,596.4111938476562,1649655134,BNB-USD,CRYPTO,yfinance,1d
2024-09-30,596.4111938476562,596.4414672851562,564.6533203125,567.2600708007812,1978021598,BNB-USD,CRYPTO,yfinance,1d
2024-10-01,567.2600708007812,582.4347534179688,538.4796142578125,547.9971313476562,2124076272,BNB-USD,CRYPTO,yfinance,1d
2024-10-02,547.9971313476562,557.9986572265625,536.1533203125,542.7123413085938,1821113448,BNB-USD,CRYPTO,yfinance,1d
2024-10-03,542.7123413085938,550.507568359375,535.380615234375,544.4249877929688,1611934612,BNB-USD,CRYPTO,yfinance,1d
2024-10-04,544.4249877929688,557.4121704101562,542.2801513671875,555.3842163085938,1518084330,BNB-USD,CRYPTO,yfinance,1d
2024-10-05,555.3842163085938,564.8151245117188,552.3409423828125,563.2091674804688,1426434745,BNB-USD,CRYPTO,yfinance,1d
2024-10-06,563.2091674804688,571.430419921875,561.5877685546875,570.542724609375,1416593714,BNB-USD,CRYPTO,yfinance,1d
2024-10-07,570.542724609375,580.9834594726562,564.1204223632812,564.1497192382812,1703177011,BNB-USD,CRYPTO,yfinance,1d
2024-10-08,564.1497192382812,585.9742431640625,560.2928466796875,580.4038696289062,2143563900,BNB-USD,CRYPTO,yfinance,1d
2024-10-09,580.4038696289062,585.0736694335938,567.143798828125,570.2771606445312,1913652029,BNB-USD,CRYPTO,yfinance,1d
2024-10-10,570.27685546875,572.0607299804688,551.783203125,562.7257690429688,1559089785,BNB-USD,CRYPTO,yfinance,1d
2024-10-11,562.7257690429688,577.1348266601562,560.0671997070312,572.8572387695312,1622508791,BNB-USD,CRYPTO,yfinance,1d
2024-10-12,572.8572387695312,578.7108154296875,572.8572387695312,576.4497680664062,1482994534,BNB-USD,CRYPTO,yfinance,1d
2024-10-13,576.4497680664062,578.0640258789062,565.1304931640625,571.8217163085938,1472484694,BNB-USD,CRYPTO,yfinance,1d
2024-10-14,571.8217163085938,591.4108276367188,569.9707641601562,588.9004516601562,1825783992,BNB-USD,CRYPTO,yfinance,1d
2024-10-15,588.9004516601562,598.8892822265625,578.4895629882812,594.189208984375,2040945899,BNB-USD,CRYPTO,yfinance,1d
2024-10-16,594.189208984375,605.1041870117188,589.9337768554688,600.8178100585938,1918592073,BNB-USD,CRYPTO,yfinance,1d
2024-10-17,600.8178100585938,605.8289794921875,585.7150268554688,592.0396118164062,1739191571,BNB-USD,CRYPTO,yfinance,1d
2024-10-18,592.0396118164062,602.1707153320312,591.6998291015625,599.364990234375,1638190792,BNB-USD,CRYPTO,yfinance,1d
2024-10-19,599.364990234375,600.9993286132812,595.72705078125,597.9749145507812,1432675869,BNB-USD,CRYPTO,yfinance,1d
2024-10-20,597.9749145507812,606.3153686523438,593.7393188476562,605.517822265625,1608355248,BNB-USD,CRYPTO,yfinance,1d
2024-10-21,605.517822265625,610.9203491210938,591.6964721679688,598.8175659179688,1917193200,BNB-USD,CRYPTO,yfinance,1d
2024-10-22,598.8175659179688,599.5232543945312,587.2017211914062,593.3606567382812,1739710555,BNB-USD,CRYPTO,yfinance,1d
2024-10-23,593.3606567382812,593.810791015625,573.0883178710938,582.473388671875,1719055847,BNB-USD,CRYPTO,yfinance,1d
2024-10-24,584.6485595703125,597.5253295898438,583.0283813476562,594.15478515625,1595144217,BNB-USD,CRYPTO,yfinance,1d
2024-10-25,594.15478515625,596.9539794921875,567.056884765625,574.2536010742188,1712373877,BNB-USD,CRYPTO,yfinance,1d
2024-10-26,574.2536010742188,586.1702270507812,571.3250122070312,582.8060913085938,1433826425,BNB-USD,CRYPTO,yfinance,1d
2024-10-27,582.8060913085938,590.1192626953125,581.2571411132812,588.7158203125,1402058513,BNB-USD,CRYPTO,yfinance,1d
2024-10-28,588.7158203125,603.7217407226562,585.1207885742188,600.5960693359375,1671332663,BNB-USD,CRYPTO,yfinance,1d
2024-10-29,600.5960693359375,611.781494140625,599.9456787109375,605.6682739257812,1886358424,BNB-USD,CRYPTO,yfinance,1d
2024-10-30,605.6682739257812,606.065185546875,594.447509765625,595.7278442382812,1662620787,BNB-USD,CRYPTO,yfinance,1d
2024-10-31,595.7278442382812,596.06884765625,571.4256591796875,576.0344848632812,1810695051,BNB-USD,CRYPTO,yfinance,1d
2024-11-01,576.0344848632812,584.7971801757812,568.1642456054688,572.7622680664062,1708220753,BNB-USD,CRYPTO,yfinance,1d
2024-11-02,572.7622680664062,576.4204711914062,562.9451293945312,568.0368041992188,1427236241,BNB-USD,CRYPTO,yfinance,1d
2024-11-03,568.0368041992188,569.0484619140625,547.816650390625,557.6416015625,1584005358,BNB-USD,CRYPTO,yfinance,1d
2024-11-04,557.6416015625,564.1986083984375,543.9083251953125,552.0711059570312,1580672363,BNB-USD,CRYPTO,yfinance,1d
2024-11-05,552.0711059570312,571.9705200195312,551.2522583007812,563.612060546875,1513727150,BNB-USD,CRYPTO,yfinance,1d
2024-11-06,563.612060546875,594.8584594726562,563.284912109375,591.9952392578125,2342544855,BNB-USD,CRYPTO,yfinance,1d
2024-11-07,591.9952392578125,610.3167114257812,588.6566162109375,598.4359130859375,1970633102,BNB-USD,CRYPTO,yfinance,1d
2024-11-08,598.4359130859375,605.9241333007812,589.5486450195312,597.9484252929688,1878681588,BNB-USD,CRYPTO,yfinance,1d
2024-11-09,597.9484252929688,637.8369750976562,597.845703125,624.3746948242188,2739276599,BNB-USD,CRYPTO,yfinance,1d
2024-11-10,624.3746948242188,643.664306640625,613.567138671875,628.302490234375,2965668641,BNB-USD,CRYPTO,yfinance,1d
2024-11-11,628.302490234375,664.1434936523438,614.0211791992188,661.88720703125,3375111971,BNB-USD,CRYPTO,yfinance,1d
2024-11-12,661.8871459960938,666.9176025390625,613.6227416992188,627.0038452148438,3603680244,BNB-USD,CRYPTO,yfinance,1d
2024-11-13,627.0038452148438,638.8924560546875,600.5243530273438,621.0003051757812,3294001434,BNB-USD,CRYPTO,yfinance,1d
2024-11-14,621.0,659.531982421875,612.5340576171875,621.6801147460938,3392713356,BNB-USD,CRYPTO,yfinance,1d
2024-11-15,621.6801147460938,628.1688842773438,604.2251586914062,618.866455078125,2547491086,BNB-USD,CRYPTO,yfinance,1d
2024-11-16,618.98779296875,633.4874877929688,617.8651733398438,622.3731689453125,2115528251,BNB-USD,CRYPTO,yfinance,1d
2024-11-17,622.3731689453125,646.4497680664062,606.1865234375,618.4000854492188,2452647630,BNB-USD,CRYPTO,yfinance,1d
2024-11-18,618.4000854492188,629.09716796875,613.0554809570312,619.4354858398438,2284855769,BNB-USD,CRYPTO,yfinance,1d
2024-11-19,619.4354858398438,621.5847778320312,606.5615844726562,615.9874267578125,2075194269,BNB-USD,CRYPTO,yfinance,1d
2024-11-20,615.9874267578125,620.4660034179688,600.7662353515625,606.1174926757812,2115915285,BNB-USD,CRYPTO,yfinance,1d
2024-11-21,606.1171264648438,629.3636474609375,594.548095703125,622.8263549804688,2698689844,BNB-USD,CRYPTO,yfinance,1d
2024-11-22,622.8263549804688,639.73193359375,617.4517822265625,633.513427734375,2447537777,BNB-USD,CRYPTO,yfinance,1d
2024-11-23,633.5134887695312,679.4188842773438,632.2477416992188,651.197265625,3306614137,BNB-USD,CRYPTO,yfinance,1d
2024-11-24,651.197265625,687.3417358398438,638.9230346679688,660.3175659179688,3110188599,BNB-USD,CRYPTO,yfinance,1d
2024-11-25,660.3167114257812,675.9611206054688,627.268798828125,636.6397094726562,2787672069,BNB-USD,CRYPTO,yfinance,1d
2024-11-26,636.6397094726562,645.29296875,600.9912719726562,613.5872802734375,2637257322,BNB-USD,CRYPTO,yfinance,1d
2024-11-27,613.5872802734375,646.851806640625,608.6214599609375,644.948486328125,2393610865,BNB-USD,CRYPTO,yfinance,1d
2024-11-28,644.948486328125,663.02197265625,641.6170654296875,654.3616333007812,2597378212,BNB-USD,CRYPTO,yfinance,1d
2024-11-29,654.3617553710938,663.32470703125,649.1632080078125,654.8097534179688,2098059690,BNB-USD,CRYPTO,yfinance,1d
2024-11-30,654.8097534179688,676.9244384765625,648.8923950195312,654.3291625976562,2273610461,BNB-USD,CRYPTO,yfinance,1d
2024-12-01,654.3291625976562,664.2872924804688,646.5952758789062,655.9324951171875,2055110342,BNB-USD,CRYPTO,yfinance,1d
2024-12-02,655.9324951171875,667.4237060546875,629.906005859375,647.594482421875,2641248821,BNB-USD,CRYPTO,yfinance,1d
2024-12-03,647.6990966796875,744.779296875,625.9749755859375,737.6965942382812,4177512806,BNB-USD,CRYPTO,yfinance,1d
2024-12-04,737.6965942382812,793.3505249023438,723.5433349609375,739.2527465820312,5614818578,BNB-USD,CRYPTO,yfinance,1d
2024-12-05,739.253662109375,739.947509765625,695.9388427734375,714.3219604492188,3771629643,BNB-USD,CRYPTO,yfinance,1d
2024-12-06,717.95849609375,746.1255493164062,708.4383544921875,732.0062866210938,2870854029,BNB-USD,CRYPTO,yfinance,1d
2024-12-07,732.0062866210938,761.0914306640625,730.8739624023438,750.2726440429688,2326982728,BNB-USD,CRYPTO,yfinance,1d
2024-12-08,751.73193359375,757.5942993164062,729.051513671875,743.295654296875,2035017685,BNB-USD,CRYPTO,yfinance,1d
2024-12-09,743.295654296875,743.295654296875,662.2440795898438,689.9243774414062,3267965774,BNB-USD,CRYPTO,yfinance,1d
2024-12-10,689.9243774414062,704.5599975585938,650.5972900390625,676.98291015625,3102408468,BNB-USD,CRYPTO,yfinance,1d
2024-12-11,676.98291015625,712.8771362304688,660.154052734375,711.8114013671875,2276828057,BNB-USD,CRYPTO,yfinance,1d
2024-12-12,711.8114013671875,725.2216796875,700.1067504882812,705.9442138671875,2393129125,BNB-USD,CRYPTO,yfinance,1d
2024-12-13,705.9443359375,729.6268920898438,698.5020751953125,726.2548217773438,2449855057,BNB-USD,CRYPTO,yfinance,1d
2024-12-14,726.2548217773438,731.6613159179688,705.5390014648438,715.6956787109375,1957844883,BNB-USD,CRYPTO,yfinance,1d
2024-12-15,715.6956787109375,723.0733032226562,703.1802978515625,719.13427734375,1831103596,BNB-USD,CRYPTO,yfinance,1d
2024-12-16,719.13427734375,730.0011596679688,704.34130859375,720.3263549804688,2276490785,BNB-USD,CRYPTO,yfinance,1d
2024-12-17,720.3263549804688,735.7572021484375,713.72900390625,716.6824951171875,2363860623,BNB-USD,CRYPTO,yfinance,1d
2024-12-18,716.7249145507812,721.7589111328125,686.6619262695312,687.623779296875,2702479586,BNB-USD,CRYPTO,yfinance,1d
2024-12-19,687.6243896484375,704.4877319335938,651.0365600585938,666.5693359375,2806454484,BNB-USD,CRYPTO,yfinance,1d
2024-12-20,666.5693359375,679.4436645507812,619.5003662109375,678.0866088867188,3064285256,BNB-USD,CRYPTO,yfinance,1d
2024-12-21,678.0866088867188,692.6364135742188,652.6074829101562,663.2794799804688,2185739949,BNB-USD,CRYPTO,yfinance,1d
2024-12-22,663.2660522460938,668.8275146484375,639.608642578125,648.7047119140625,1091595586,BNB-USD,CRYPTO,yfinance,1d
2024-12-23,648.7047119140625,697.39990234375,637.9652709960938,693.000732421875,1738271695,BNB-USD,CRYPTO,yfinance,1d
2024-12-24,693.000732421875,698.4424438476562,681.998046875,696.7411499023438,1145844254,BNB-USD,CRYPTO,yfinance,1d
2024-12-25,696.7411499023438,711.9866333007812,695.9627075195312,702.3269653320312,893387310,BNB-USD,CRYPTO,yfinance,1d
2024-12-26,702.3269653320312,718.1624145507812,683.262451171875,688.360107421875,1253518341,BNB-USD,CRYPTO,yfinance,1d
2024-12-27,688.3508911132812,709.6464233398438,685.1991577148438,690.4293823242188,1884726979,BNB-USD,CRYPTO,yfinance,1d
2024-12-28,690.4293823242188,729.3158569335938,690.4293823242188,720.9590454101562,1890880986,BNB-USD,CRYPTO,yfinance,1d
2024-12-29,720.9590454101562,722.7669677734375,689.4752197265625,693.7545166015625,1647228348,BNB-USD,CRYPTO,yfinance,1d
2024-12-30,693.7542724609375,711.03564453125,686.9070434570312,704.1463012695312,1790325219,BNB-USD,CRYPTO,yfinance,1d
2024-12-31,704.1463012695312,713.5983276367188,698.0257568359375,700.9868774414062,2372886701,BNB-USD,CRYPTO,yfinance,1d
2025-01-01,700.9868774414062,709.198974609375,699.7586059570312,706.512939453125,1420234997,BNB-USD,CRYPTO,yfinance,1d
2025-01-02,706.512451171875,714.4386596679688,697.7047119140625,705.6785888671875,1880664942,BNB-USD,CRYPTO,yfinance,1d
2025-01-03,705.6785888671875,715.0968627929688,697.5460815429688,713.6435546875,1822243906,BNB-USD,CRYPTO,yfinance,1d
2025-01-04,713.6435546875,721.15625,708.851318359375,713.8411865234375,1524500208,BNB-USD,CRYPTO,yfinance,1d
2025-01-05,713.8411865234375,713.8411865234375,703.0022583007812,709.25830078125,1411808759,BNB-USD,CRYPTO,yfinance,1d
2025-01-06,709.25830078125,745.153564453125,706.1865844726562,729.4000854492188,2056633884,BNB-USD,CRYPTO,yfinance,1d
2025-01-07,729.3932495117188,733.0914306640625,691.5519409179688,697.368896484375,2200352831,BNB-USD,CRYPTO,yfinance,1d
2025-01-08,697.368896484375,706.7611083984375,677.1226196289062,695.837158203125,2189465209,BNB-USD,CRYPTO,yfinance,1d
2025-01-09,695.837158203125,700.9730224609375,675.7342529296875,685.1207275390625,1931492677,BNB-USD,CRYPTO,yfinance,1d
2025-01-10,685.120361328125,700.4706420898438,683.6865844726562,693.6244506835938,1680784122,BNB-USD,CRYPTO,yfinance,1d
2025-01-11,693.6244506835938,700.7665405273438,690.4573364257812,696.6578369140625,1290072226,BNB-USD,CRYPTO,yfinance,1d
2025-01-12,696.6578369140625,697.9985961914062,689.8890991210938,693.0482788085938,1291862069,BNB-USD,CRYPTO,yfinance,1d
2025-01-13,693.048095703125,699.4813842773438,659.7593994140625,688.2675170898438,2127442444,BNB-USD,CRYPTO,yfinance,1d
2025-01-14,688.2675170898438,699.8079223632812,686.4327392578125,698.6196899414062,1566844744,BNB-USD,CRYPTO,yfinance,1d
2025-01-15,698.6196899414062,714.6610107421875,688.7565307617188,714.0284423828125,1856118408,BNB-USD,CRYPTO,yfinance,1d
2025-01-16,714.0716552734375,717.0333251953125,701.2029418945312,708.2980346679688,1899114340,BNB-USD,CRYPTO,yfinance,1d
2025-01-17,708.2980346679688,729.853515625,708.1862182617188,721.75048828125,1946000436,BNB-USD,CRYPTO,yfinance,1d
2025-01-18,721.75048828125,723.0932006835938,695.2164306640625,709.4249877929688,2200623289,BNB-USD,CRYPTO,yfinance,1d
2025-01-19,709.4248046875,713.4689331054688,676.8472900390625,682.2039794921875,2841079952,BNB-USD,CRYPTO,yfinance,1d
2025-01-20,682.2048950195312,707.5763549804688,672.1893920898438,681.8033447265625,2865652878,BNB-USD,CRYPTO,yfinance,1d
2025-01-21,681.8033447265625,696.9175415039062,675.4456787109375,691.8165893554688,2008007873,BNB-USD,CRYPTO,yfinance,1d
2025-01-22,691.8165893554688,703.270263671875,690.2745361328125,694.9832153320312,1762077789,BNB-USD,CRYPTO,yfinance,1d
2025-01-23,694.96484375,697.00146484375,681.0576782226562,690.2037353515625,2277458782,BNB-USD,CRYPTO,yfinance,1d
2025-01-24,690.2037353515625,690.8380126953125,679.0867309570312,680.2131958007812,1730218663,BNB-USD,CRYPTO,yfinance,1d
2025-01-25,680.2141723632812,689.459716796875,678.1116333007812,686.2684936523438,1457363671,BNB-USD,CRYPTO,yfinance,1d
2025-01-26,686.2691650390625,690.3150024414062,665.041015625,666.7637939453125,1529267261,BNB-USD,CRYPTO,yfinance,1d
2025-01-27,666.7637939453125,679.913330078125,639.9559936523438,679.7933349609375,2295184879,BNB-USD,CRYPTO,yfinance,1d
2025-01-28,679.7933349609375,682.856689453125,659.5821533203125,661.424560546875,1659082131,BNB-USD,CRYPTO,yfinance,1d
2025-01-29,661.426025390625,678.9920654296875,660.2319946289062,667.6857299804688,1716776649,BNB-USD,CRYPTO,yfinance,1d
2025-01-30,667.7298583984375,682.32470703125,666.649169921875,677.5535888671875,1506319921,BNB-USD,CRYPTO,yfinance,1d
2025-01-31,677.5572509765625,689.2151489257812,673.79345703125,677.3753662109375,1589542506,BNB-USD,CRYPTO,yfinance,1d
2025-02-01,677.3399047851562,681.2196044921875,651.126220703125,653.4329223632812,1544346912,BNB-USD,CRYPTO,yfinance,1d
2025-02-02,653.4325561523438,662.6337280273438,602.7611694335938,617.6006469726562,2282982721,BNB-USD,CRYPTO,yfinance,1d
2025-02-03,617.6006469726562,619.1079711914062,519.1922607421875,617.1207885742188,3960962742,BNB-USD,CRYPTO,yfinance,1d
2025-02-04,617.1207885742188,619.3443603515625,559.2634887695312,573.3278198242188,2336864401,BNB-USD,CRYPTO,yfinance,1d
2025-02-05,573.3278198242188,578.96240234375,562.0692749023438,569.7468872070312,1494467850,BNB-USD,CRYPTO,yfinance,1d
2025-02-06,569.7468872070312,589.00634765625,569.597412109375,572.2740478515625,1722558011,BNB-USD,CRYPTO,yfinance,1d
2025-02-07,572.2747192382812,589.6243286132812,571.2775268554688,578.0668334960938,1583843573,BNB-USD,CRYPTO,yfinance,1d
2025-02-08,578.0668334960938,633.0552368164062,574.0418701171875,613.32421875,2087349099,BNB-USD,CRYPTO,yfinance,1d
2025-02-09,613.32421875,647.7876586914062,603.4038696289062,616.64208984375,2630256614,BNB-USD,CRYPTO,yfinance,1d
2025-02-10,616.64208984375,621.4203491210938,597.0648193359375,618.3145141601562,1860480297,BNB-USD,CRYPTO,yfinance,1d
2025-02-11,618.3145141601562,646.0993041992188,615.691650390625,642.5872802734375,2162944541,BNB-USD,CRYPTO,yfinance,1d
2025-02-12,642.5872802734375,704.7020263671875,627.5713500976562,698.037353515625,3007130370,BNB-USD,CRYPTO,yfinance,1d
2025-02-13,698.037353515625,730.834716796875,660.646728515625,668.2775268554688,5139846836,BNB-USD,CRYPTO,yfinance,1d
2025-02-14,668.2775268554688,683.9999389648438,652.4675903320312,658.0436401367188,2581045409,BNB-USD,CRYPTO,yfinance,1d
2025-02-15,658.0436401367188,670.7623291015625,654.4702758789062,662.3276977539062,1794465917,BNB-USD,CRYPTO,yfinance,1d
2025-02-16,662.3275756835938,685.0858764648438,654.3810424804688,674.100830078125,2009553142,BNB-USD,CRYPTO,yfinance,1d
2025-02-17,674.100830078125,681.6255493164062,659.2930908203125,667.2290649414062,1942930816,BNB-USD,CRYPTO,yfinance,1d
2025-02-18,667.2362060546875,667.759521484375,630.6552734375,647.443359375,1985512627,BNB-USD,CRYPTO,yfinance,1d
2025-02-19,647.443603515625,659.9885864257812,638.140869140625,653.5147094726562,1916599180,BNB-USD,CRYPTO,yfinance,1d
2025-02-20,653.5147094726562,658.9291381835938,646.6703491210938,657.2009887695312,1709065792,BNB-USD,CRYPTO,yfinance,1d
2025-02-21,657.2009887695312,668.0032958984375,635.3399047851562,646.8995361328125,1926193637,BNB-USD,CRYPTO,yfinance,1d
2025-02-22,646.8995361328125,679.123291015625,645.6533813476562,668.5747680664062,1899367077,BNB-USD,CRYPTO,yfinance,1d
2025-02-23,668.574462890625,671.0719604492188,648.9799194335938,657.9036865234375,1502735946,BNB-USD,CRYPTO,yfinance,1d
2025-02-24,657.9036865234375,659.1483154296875,612.8212280273438,613.9630126953125,1901201673,BNB-USD,CRYPTO,yfinance,1d
2025-02-25,613.9630126953125,627.2440185546875,589.2698364257812,622.9407958984375,2591258749,BNB-USD,CRYPTO,yfinance,1d
2025-02-26,622.9407958984375,630.8197631835938,595.2650146484375,610.6930541992188,1996066325,BNB-USD,CRYPTO,yfinance,1d
2025-02-27,610.6930541992188,618.6282348632812,595.80029296875,605.1236572265625,1866447677,BNB-USD,CRYPTO,yfinance,1d
2025-02-28,605.1236572265625,605.4012451171875,559.970458984375,587.4515991210938,2166029990,BNB-USD,CRYPTO,yfinance,1d
2025-03-01,587.44580078125,608.8959350585938,586.5928344726562,607.5115356445312,1694454521,BNB-USD,CRYPTO,yfinance,1d
2025-03-02,607.5109252929688,634.5426635742188,602.6329956054688,622.9360961914062,2130538305,BNB-USD,CRYPTO,yfinance,1d
2025-03-03,622.9360961914062,623.299560546875,568.5407104492188,575.1699829101562,2161303026,BNB-USD,CRYPTO,yfinance,1d
2025-03-04,575.1699829101562,587.8701782226562,551.6925048828125,583.5868530273438,1969539538,BNB-USD,CRYPTO,yfinance,1d
2025-03-05,583.5859985351562,604.5371704101562,581.321533203125,597.975830078125,1534770591,BNB-USD,CRYPTO,yfinance,1d
2025-03-06,597.975830078125,612.0313110351562,589.891357421875,596.7237548828125,1621101888,BNB-USD,CRYPTO,yfinance,1d
2025-03-07,596.7236938476562,609.43115234375,579.3677978515625,593.96337890625,1866542048,BNB-USD,CRYPTO,yfinance,1d
2025-03-08,593.9637451171875,601.6478881835938,591.710205078125,593.0808715820312,1147671365,BNB-USD,CRYPTO,yfinance,1d
2025-03-09,593.0823974609375,593.0997314453125,551.1481323242188,554.5804443359375,1540503120,BNB-USD,CRYPTO,yfinance,1d
2025-03-10,554.5804443359375,572.0503540039062,524.99609375,532.1218872070312,1896805158,BNB-USD,CRYPTO,yfinance,1d
2025-03-11,532.106201171875,565.158203125,509.835693359375,551.4745483398438,2438043846,BNB-USD,CRYPTO,yfinance,1d
2025-03-12,551.4745483398438,574.4215698242188,545.266845703125,569.8948364257812,1792696031,BNB-USD,CRYPTO,yfinance,1d
2025-03-13,569.8948364257812,603.405029296875,568.1260375976562,579.2188110351562,2402408414,BNB-USD,CRYPTO,yfinance,1d
2025-03-14,579.2188110351562,589.1632080078125,577.2465209960938,587.1362915039062,1535548122,BNB-USD,CRYPTO,yfinance,1d
2025-03-15,587.1140747070312,619.49951171875,587.083984375,619.486083984375,1403335470,BNB-USD,CRYPTO,yfinance,1d
2025-03-16,619.4927368164062,621.3615112304688,593.9570922851562,602.2166137695312,1437680152,BNB-USD,CRYPTO,yfinance,1d
2025-03-17,602.2096557617188,643.0403442382812,602.2096557617188,631.3626098632812,2488514984,BNB-USD,CRYPTO,yfinance,1d
2025-03-18,631.3464965820312,642.8888549804688,622.400146484375,628.1344604492188,2175151767,BNB-USD,CRYPTO,yfinance,1d
2025-03-19,628.1344604492188,628.1376342773438,605.617919921875,619.2575073242188,2006233746,BNB-USD,CRYPTO,yfinance,1d
2025-03-20,619.2509765625,637.2163696289062,616.9637451171875,629.9424438476562,2327219768,BNB-USD,CRYPTO,yfinance,1d
2025-03-21,629.9424438476562,637.1900634765625,625.8570556640625,634.6077880859375,1472201311,BNB-USD,CRYPTO,yfinance,1d
2025-03-22,634.5969848632812,635.7655029296875,624.1967163085938,626.5744018554688,1182741851,BNB-USD,CRYPTO,yfinance,1d
2025-03-23,626.5744018554688,628.9656372070312,619.8584594726562,623.3494873046875,1222239081,BNB-USD,CRYPTO,yfinance,1d
2025-03-24,623.3494873046875,639.0225830078125,619.0501708984375,636.64453125,1788439257,BNB-USD,CRYPTO,yfinance,1d
2025-03-25,636.6449584960938,644.874267578125,627.444091796875,629.94287109375,2238118522,BNB-USD,CRYPTO,yfinance,1d
2025-03-26,629.9423828125,634.0476684570312,615.8455200195312,617.8167724609375,1600178624,BNB-USD,CRYPTO,yfinance,1d
2025-03-27,617.8167724609375,641.4896240234375,617.6777954101562,637.2069702148438,2441273622,BNB-USD,CRYPTO,yfinance,1d
2025-03-28,637.2064208984375,637.2418823242188,615.9251098632812,619.4749145507812,1608298526,BNB-USD,CRYPTO,yfinance,1d
2025-03-29,619.474609375,623.21240234375,598.2188110351562,603.2378540039062,1367332800,BNB-USD,CRYPTO,yfinance,1d
2025-03-30,603.1913452148438,612.7893676757812,594.21435546875,601.8302001953125,1204098085,BNB-USD,CRYPTO,yfinance,1d
2025-03-31,601.8302001953125,608.5010986328125,588.086181640625,605.0728149414062,1538796118,BNB-USD,CRYPTO,yfinance,1d
2025-04-01,605.0728149414062,618.123779296875,604.7547607421875,611.297119140625,2091803391,BNB-USD,CRYPTO,yfinance,1d
2025-04-02,611.297119140625,611.5181884765625,585.1218872070312,590.6375732421875,1835749587,BNB-USD,CRYPTO,yfinance,1d
2025-04-03,590.6375732421875,609.3446655273438,579.444091796875,592.1244506835938,2067033502,BNB-USD,CRYPTO,yfinance,1d
2025-04-04,592.1237182617188,599.4798583984375,585.3539428710938,597.5794067382812,1520730677,BNB-USD,CRYPTO,yfinance,1d
2025-04-05,597.5792846679688,598.5463256835938,589.9329833984375,593.1148681640625,1008300251,BNB-USD,CRYPTO,yfinance,1d
2025-04-06,593.1387939453125,593.4614868164062,545.3226928710938,554.5949096679688,1679604717,BNB-USD,CRYPTO,yfinance,1d
2025-04-07,554.5949096679688,564.7924194335938,522.7157592773438,554.4833984375,2852045942,BNB-USD,CRYPTO,yfinance,1d
2025-04-08,554.4859008789062,564.938232421875,548.1412353515625,553.4674072265625,1676208165,BNB-USD,CRYPTO,yfinance,1d
2025-04-09,553.4674072265625,585.6036987304688,534.8805541992188,582.3693237304688,1963610005,BNB-USD,CRYPTO,yfinance,1d
2025-04-10,582.378173828125,582.3907470703125,567.2200927734375,577.4059448242188,1731740429,BNB-USD,CRYPTO,yfinance,1d
2025-04-11,577.4059448242188,589.8585205078125,575.7572631835938,586.0889892578125,1369541748,BNB-USD,CRYPTO,yfinance,1d
2025-04-12,586.0889892578125,600.055908203125,583.9794921875,597.123046875,1331878416,BNB-USD,CRYPTO,yfinance,1d
2025-04-13,597.1232299804688,597.5099487304688,580.824462890625,584.04248046875,1318461096,BNB-USD,CRYPTO,yfinance,1d
2025-04-14,584.04248046875,592.5643920898438,583.3970336914062,584.335205078125,1359554984,BNB-USD,CRYPTO,yfinance,1d
2025-04-15,584.3346557617188,590.5156860351562,579.6400756835938,579.68603515625,1329270099,BNB-USD,CRYPTO,yfinance,1d
2025-04-16,579.6860961914062,585.4108276367188,576.459228515625,582.8062133789062,1435912484,BNB-USD,CRYPTO,yfinance,1d
2025-04-17,582.8062133789062,592.8593139648438,581.203857421875,590.1621704101562,1401643770,BNB-USD,CRYPTO,yfinance,1d
2025-04-18,590.1621704101562,595.766357421875,587.26611328125,591.7638549804688,1418376835,BNB-USD,CRYPTO,yfinance,1d
2025-04-19,591.7638549804688,594.1421508789062,587.9763793945312,591.7767944335938,1227124904,BNB-USD,CRYPTO,yfinance,1d
2025-04-20,591.7767944335938,595.1541137695312,587.765380859375,592.972412109375,1307477245,BNB-USD,CRYPTO,yfinance,1d
2025-04-21,592.972412109375,607.8202514648438,592.6761474609375,597.4141845703125,1430343137,BNB-USD,CRYPTO,yfinance,1d
2025-04-22,597.4171752929688,618.9900512695312,595.8809814453125,618.8269653320312,1734142941,BNB-USD,CRYPTO,yfinance,1d
2025-04-23,618.8269653320312,619.8624877929688,601.9541625976562,605.8150024414062,1834047719,BNB-USD,CRYPTO,yfinance,1d
2025-04-24,605.8150024414062,606.7443237304688,594.3950805664062,601.7158203125,1573943361,BNB-USD,CRYPTO,yfinance,1d
2025-04-25,601.7152709960938,610.1796264648438,597.7703247070312,600.1810302734375,1735398071,BNB-USD,CRYPTO,yfinance,1d
2025-04-26,600.19189453125,609.1361083984375,600.0881958007812,607.7041015625,1507509250,BNB-USD,CRYPTO,yfinance,1d
2025-04-27,607.7041015625,608.5829467773438,597.9349975585938,603.6184692382812,1452152303,BNB-USD,CRYPTO,yfinance,1d
2025-04-28,603.6246337890625,608.1511840820312,598.9937133789062,606.364990234375,1478956158,BNB-USD,CRYPTO,yfinance,1d
2025-04-29,606.364990234375,610.6404418945312,598.6602783203125,601.0289916992188,1587553456,BNB-USD,CRYPTO,yfinance,1d
2025-04-30,601.0189819335938,604.4778442382812,592.4177856445312,599.6817016601562,1504095222,BNB-USD,CRYPTO,yfinance,1d
2025-05-01,599.6871948242188,605.1372680664062,598.4885864257812,599.918212890625,1406049035,BNB-USD,CRYPTO,yfinance,1d
2025-05-02,599.9290161132812,603.5050659179688,595.8296508789062,601.1641845703125,1444818831,BNB-USD,CRYPTO,yfinance,1d
2025-05-03,601.1643676757812,601.29443359375,595.5932006835938,599.3313598632812,1221915136,BNB-USD,CRYPTO,yfinance,1d
2025-05-04,599.3313598632812,600.4434814453125,585.30810546875,585.9950561523438,1306600030,BNB-USD,CRYPTO,yfinance,1d
2025-05-05,585.9950561523438,599.8522338867188,584.6096801757812,597.6897583007812,1465943685,BNB-USD,CRYPTO,yfinance,1d
2025-05-06,597.6897583007812,602.9686279296875,593.5989990234375,602.473876953125,1594251780,BNB-USD,CRYPTO,yfinance,1d
2025-05-07,602.473876953125,608.98583984375,598.2972412109375,603.2796630859375,1537003234,BNB-USD,CRYPTO,yfinance,1d
2025-05-08,603.2794189453125,628.6717529296875,601.0078735351562,628.6634521484375,2061341461,BNB-USD,CRYPTO,yfinance,1d
2025-05-09,628.6528930664062,667.8003540039062,623.8834838867188,666.8784790039062,2418287835,BNB-USD,CRYPTO,yfinance,1d
2025-05-10,666.8892822265625,677.3533935546875,649.3594970703125,663.6172485351562,2282413256,BNB-USD,CRYPTO,yfinance,1d
2025-05-11,663.6165161132812,667.635498046875,648.8480834960938,650.6254272460938,1906600802,BNB-USD,CRYPTO,yfinance,1d
2025-05-12,650.6254272460938,690.3782348632812,648.9622802734375,660.4843139648438,2609669556,BNB-USD,CRYPTO,yfinance,1d
2025-05-13,660.4843139648438,670.8955078125,641.682861328125,665.570556640625,2108811440,BNB-USD,CRYPTO,yfinance,1d
2025-05-14,665.6119995117188,665.6529541015625,648.1204833984375,652.571044921875,1876674692,BNB-USD,CRYPTO,yfinance,1d
2025-05-15,652.5711669921875,660.2804565429688,643.4594116210938,651.2642211914062,1888457576,BNB-USD,CRYPTO,yfinance,1d
2025-05-16,651.2623291015625,659.6885986328125,644.3860473632812,646.3213500976562,1634445685,BNB-USD,CRYPTO,yfinance,1d
2025-05-17,646.3213500976562,646.7220458984375,635.48486328125,639.618896484375,1449713512,BNB-USD,CRYPTO,yfinance,1d
2025-05-18,639.618896484375,654.7149658203125,635.4116821289062,652.164306640625,1592388678,BNB-USD,CRYPTO,yfinance,1d
2025-05-19,652.1163940429688,652.9885864257812,634.1826782226562,649.8529052734375,1595233688,BNB-USD,CRYPTO,yfinance,1d
2025-05-20,649.8463745117188,653.402099609375,641.1644287109375,650.330810546875,1512635652,BNB-USD,CRYPTO,yfinance,1d
2025-05-21,650.330810546875,677.0289916992188,649.134521484375,673.1486206054688,2377493291,BNB-USD,CRYPTO,yfinance,1d
2025-05-22,673.1505126953125,688.0584106445312,673.1314086914062,686.2356567382812,2248278627,BNB-USD,CRYPTO,yfinance,1d
2025-05-23,686.2514038085938,690.9200439453125,654.8810424804688,656.231689453125,1996132529,BNB-USD,CRYPTO,yfinance,1d
2025-05-24,656.2304077148438,676.8643188476562,656.1278076171875,668.3065185546875,1475660792,BNB-USD,CRYPTO,yfinance,1d
2025-05-25,668.3065185546875,671.4579467773438,658.1526489257812,669.9168701171875,1591152958,BNB-USD,CRYPTO,yfinance,1d
2025-05-26,669.91748046875,677.6790771484375,668.89990234375,674.3926391601562,1568627598,BNB-USD,CRYPTO,yfinance,1d
2025-05-27,674.3926391601562,695.868408203125,667.23095703125,687.1594848632812,2019130226,BNB-USD,CRYPTO,yfinance,1d
2025-05-28,687.1602172851562,688.9776000976562,680.665283203125,687.405517578125,1759924602,BNB-USD,CRYPTO,yfinance,1d
2025-05-29,687.4058227539062,690.8436889648438,673.9274291992188,675.1721801757812,1938258667,BNB-USD,CRYPTO,yfinance,1d
2025-05-30,675.2001953125,678.1555786132812,654.650634765625,655.482177734375,1904377880,BNB-USD,CRYPTO,yfinance,1d
2025-05-31,655.5108642578125,661.3086547851562,646.9629516601562,658.5012817382812,1478599983,BNB-USD,CRYPTO,yfinance,1d
2025-06-01,658.4995727539062,662.3483276367188,648.2598266601562,660.9917602539062,1468711165,BNB-USD,CRYPTO,yfinance,1d
2025-06-02,660.9854736328125,666.9949340820312,650.44970703125,666.5907592773438,1782539875,BNB-USD,CRYPTO,yfinance,1d
2025-06-03,666.5907592773438,672.7042236328125,658.549560546875,661.6989135742188,1696519631,BNB-USD,CRYPTO,yfinance,1d
2025-06-04,661.698974609375,671.9303588867188,661.3744506835938,663.706298828125,1561308740,BNB-USD,CRYPTO,yfinance,1d
2025-06-05,663.7078857421875,670.58056640625,626.680419921875,634.0535888671875,1987901562,BNB-USD,CRYPTO,yfinance,1d
2025-06-06,634.052001953125,651.379638671875,631.1067504882812,643.4342041015625,1728825229,BNB-USD,CRYPTO,yfinance,1d
2025-06-07,643.4424438476562,653.8911743164062,640.9490356445312,651.1504516601562,1468009270,BNB-USD,CRYPTO,yfinance,1d
2025-06-08,651.1504516601562,656.2777099609375,646.9312744140625,652.1478271484375,1385072458,BNB-USD,CRYPTO,yfinance,1d
2025-06-09,652.1478271484375,667.7135009765625,648.5833129882812,665.9540405273438,1629752670,BNB-USD,CRYPTO,yfinance,1d
2025-06-10,665.95458984375,673.6307373046875,657.6258544921875,673.6104736328125,1849736872,BNB-USD,CRYPTO,yfinance,1d
2025-06-11,673.6104736328125,673.9506225585938,663.1364135742188,667.6690673828125,1778663531,BNB-USD,CRYPTO,yfinance,1d
2025-06-12,667.6690673828125,669.5156860351562,652.7897338867188,656.2438354492188,1695465665,BNB-USD,CRYPTO,yfinance,1d
2025-06-13,656.2520141601562,659.311767578125,641.3123168945312,655.2557373046875,1964558213,BNB-USD,CRYPTO,yfinance,1d
2025-06-14,655.2623901367188,655.4783935546875,639.6327514648438,645.9127807617188,1337524307,BNB-USD,CRYPTO,yfinance,1d
2025-06-15,645.912353515625,651.7022094726562,642.9979858398438,648.28076171875,1352632285,BNB-USD,CRYPTO,yfinance,1d
2025-06-16,648.2817993164062,659.243408203125,646.8132934570312,650.9617309570312,1588063609,BNB-USD,CRYPTO,yfinance,1d
2025-06-17,650.9661865234375,659.038818359375,640.8545532226562,648.5108032226562,1784039065,BNB-USD,CRYPTO,yfinance,1d
2025-06-18,648.5108032226562,653.4296875,637.9425659179688,644.8067626953125,1667361898,BNB-USD,CRYPTO,yfinance,1d
2025-06-19,644.8067626953125,646.4259033203125,639.02294921875,644.6807250976562,1374982734,BNB-USD,CRYPTO,yfinance,1d
2025-06-20,644.6846923828125,649.5967407226562,638.6568603515625,641.784423828125,1614121225,BNB-USD,CRYPTO,yfinance,1d
2025-06-21,641.784423828125,644.9034423828125,624.7100830078125,628.7478637695312,1486820788,BNB-USD,CRYPTO,yfinance,1d
2025-06-22,628.7477416992188,635.169921875,602.705078125,615.99462890625,1895564160,BNB-USD,CRYPTO,yfinance,1d
2025-06-23,615.9945678710938,642.7957763671875,615.58837890625,641.2962036132812,1783710380,BNB-USD,CRYPTO,yfinance,1d
2025-06-24,641.2962036132812,644.28173828125,636.9046020507812,643.7371826171875,1498769929,BNB-USD,CRYPTO,yfinance,1d
2025-06-25,643.7371826171875,650.2681884765625,642.5645751953125,645.9231567382812,1653677161,BNB-USD,CRYPTO,yfinance,1d
2025-06-26,645.9231567382812,649.984130859375,641.8189086914062,642.4142456054688,1439442979,BNB-USD,CRYPTO,yfinance,1d
2025-06-27,642.4138793945312,647.4111328125,640.5480346679688,646.1536254882812,1358247058,BNB-USD,CRYPTO,yfinance,1d
2025-06-28,646.1536254882812,649.1661376953125,644.57421875,648.7504272460938,1185616315,BNB-USD,CRYPTO,yfinance,1d
2025-06-29,648.7504272460938,655.6026611328125,647.2733154296875,655.0361938476562,1284469590,BNB-USD,CRYPTO,yfinance,1d
2025-06-30,655.0361938476562,659.8912353515625,651.8738403320312,657.0253295898438,1487336817,BNB-USD,CRYPTO,yfinance,1d
2025-07-01,657.0258178710938,658.9859619140625,644.6724853515625,646.39794921875,1382771755,BNB-USD,CRYPTO,yfinance,1d
2025-07-02,646.39794921875,664.7877807617188,644.872802734375,660.0572509765625,1576434816,BNB-USD,CRYPTO,yfinance,1d
2025-07-03,660.0572509765625,664.3876953125,657.2025756835938,663.3231201171875,1512518612,BNB-USD,CRYPTO,yfinance,1d
2025-07-04,663.3231201171875,664.0619506835938,650.7118530273438,653.739501953125,1379813703,BNB-USD,CRYPTO,yfinance,1d
2025-07-05,653.739501953125,656.661865234375,652.3401489257812,656.1428833007812,1193229342,BNB-USD,CRYPTO,yfinance,1d
2025-07-06,656.1429443359375,664.6273803710938,653.8736572265625,663.0889892578125,1387600565,BNB-USD,CRYPTO,yfinance,1d
2025-07-07,663.0889892578125,663.2283325195312,657.1060791015625,661.0181884765625,1524912345,BNB-USD,CRYPTO,yfinance,1d
2025-07-08,661.01806640625,662.4974365234375,657.5650634765625,660.7628784179688,1517607542,BNB-USD,CRYPTO,yfinance,1d
2025-07-09,660.7628784179688,670.7850952148438,659.5992431640625,669.1525268554688,1667011677,BNB-USD,CRYPTO,yfinance,1d
2025-07-10,669.1525268554688,687.354248046875,668.0310668945312,685.6607055664062,2023565748,BNB-USD,CRYPTO,yfinance,1d
2025-07-11,685.6607055664062,696.8695068359375,683.8527221679688,689.8733520507812,2327541748,BNB-USD,CRYPTO,yfinance,1d
2025-07-12,689.8733520507812,696.9548950195312,680.401611328125,685.7778930664062,1715321874,BNB-USD,CRYPTO,yfinance,1d
2025-07-13,685.7778930664062,694.0123291015625,685.4672241210938,692.2304077148438,1631603869,BNB-USD,CRYPTO,yfinance,1d
2025-07-14,692.2304077148438,706.7133178710938,686.828857421875,689.416748046875,2362276526,BNB-USD,CRYPTO,yfinance,1d
2025-07-15,689.416748046875,692.9431762695312,675.876708984375,689.921142578125,2167202399,BNB-USD,CRYPTO,yfinance,1d
2025-07-16,689.921142578125,714.7908935546875,685.6761474609375,708.1260986328125,2298649454,BNB-USD,CRYPTO,yfinance,1d
2025-07-17,708.1260986328125,726.66064453125,707.8897705078125,721.2119750976562,2877681453,BNB-USD,CRYPTO,yfinance,1d
2025-07-18,721.2119750976562,763.0548095703125,720.235595703125,730.2163696289062,3407382999,BNB-USD,CRYPTO,yfinance,1d
2025-07-19,730.2608032226562,742.331787109375,721.0870361328125,733.529052734375,2067691091,BNB-USD,CRYPTO,yfinance,1d
2025-07-20,733.529052734375,760.4404907226562,732.3448486328125,757.7399291992188,2353254456,BNB-USD,CRYPTO,yfinance,1d
2025-07-21,757.7399291992188,780.9653930664062,747.5570678710938,766.783935546875,2776231461,BNB-USD,CRYPTO,yfinance,1d
2025-07-22,766.783935546875,787.2482299804688,746.1088256835938,786.1411743164062,3009453883,BNB-USD,CRYPTO,yfinance,1d
2025-07-23,786.1411743164062,809.3135986328125,753.7788696289062,776.6404418945312,3987433985,BNB-USD,CRYPTO,yfinance,1d
2025-07-24,776.6744995117188,785.4175415039062,745.3941040039062,771.239990234375,2833667773,BNB-USD,CRYPTO,yfinance,1d
2025-07-25,771.239990234375,785.6441040039062,753.606201171875,785.6064453125,2536046506,BNB-USD,CRYPTO,yfinance,1d
2025-07-26,785.6064453125,797.1967163085938,778.9398193359375,793.2825927734375,1760509145,BNB-USD,CRYPTO,yfinance,1d
2025-07-27,793.2825927734375,846.2210693359375,792.663330078125,843.261962890625,2914460887,BNB-USD,CRYPTO,yfinance,1d
2025-07-28,843.261962890625,859.5628662109375,821.6815795898438,822.0185546875,3448410233,BNB-USD,CRYPTO,yfinance,1d
2025-07-29,822.0791625976562,834.46142578125,800.642822265625,804.89892578125,3097306022,BNB-USD,CRYPTO,yfinance,1d
2025-07-30,804.89892578125,810.4419555664062,771.1812744140625,793.1448364257812,2836541071,BNB-USD,CRYPTO,yfinance,1d
2025-07-31,793.1448364257812,813.0089111328125,782.8258666992188,783.6668090820312,2581137230,BNB-USD,CRYPTO,yfinance,1d
2025-08-01,783.6646728515625,794.8995361328125,746.3453369140625,757.1865844726562,3061372565,BNB-USD,CRYPTO,yfinance,1d
2025-08-02,757.2212524414062,769.56103515625,732.53173828125,736.6464233398438,2181365266,BNB-USD,CRYPTO,yfinance,1d
2025-08-03,736.6464233398438,755.1250610351562,732.3884887695312,751.5609741210938,1761506433,BNB-USD,CRYPTO,yfinance,1d
2025-08-04,751.559814453125,769.5585327148438,750.8377075195312,769.05908203125,1940596416,BNB-USD,CRYPTO,yfinance,1d
2025-08-05,769.0582885742188,769.1633911132812,746.6951904296875,754.8510131835938,1951120762,BNB-USD,CRYPTO,yfinance,1d
2025-08-06,754.8510131835938,774.8028564453125,747.7263793945312,769.8478393554688,1969112524,BNB-USD,CRYPTO,yfinance,1d
2025-08-07,769.8478393554688,788.1963500976562,765.3430786132812,788.1963500976562,2162190917,BNB-USD,CRYPTO,yfinance,1d
2025-08-08,788.196533203125,797.8942260742188,781.4666137695312,793.4395751953125,2429517922,BNB-USD,CRYPTO,yfinance,1d
2025-08-09,793.4395751953125,818.5120849609375,793.1973266601562,799.0867309570312,2215143664,BNB-USD,CRYPTO,yfinance,1d
2025-08-10,799.0867309570312,815.072509765625,796.2681884765625,805.8734741210938,2090904941,BNB-USD,CRYPTO,yfinance,1d
2025-08-11,805.8734741210938,826.5098266601562,793.378662109375,806.730224609375,2805693912,BNB-USD,CRYPTO,yfinance,1d
2025-08-12,806.7435913085938,838.8615112304688,798.6620483398438,832.9265747070312,2889217820,BNB-USD,CRYPTO,yfinance,1d
2025-08-13,832.9265747070312,857.7623901367188,829.0764770507812,849.0054931640625,3364649534,BNB-USD,CRYPTO,yfinance,1d
2025-08-14,849.0054931640625,868.6798095703125,826.002197265625,840.9309692382812,4687490471,BNB-USD,CRYPTO,yfinance,1d
2025-08-15,840.9309692382812,853.4983520507812,813.8512573242188,827.2891845703125,3843113557,BNB-USD,CRYPTO,yfinance,1d
2025-08-16,827.2891845703125,839.5164794921875,826.6146850585938,839.3980712890625,1960223183,BNB-USD,CRYPTO,yfinance,1d
2025-08-17,839.3967895507812,863.3430786132812,839.1815795898438,856.4029541015625,2286889646,BNB-USD,CRYPTO,yfinance,1d
2025-08-18,856.4033203125,858.3074340820312,826.5350341796875,847.4179077148438,2765082388,BNB-USD,CRYPTO,yfinance,1d
2025-08-19,847.4179077148438,851.9415893554688,823.356689453125,823.56591796875,2718797059,BNB-USD,CRYPTO,yfinance,1d
2025-08-20,823.56591796875,880.3314819335938,819.3298950195312,869.1038818359375,3612563758,BNB-USD,CRYPTO,yfinance,1d
2025-08-21,869.1038818359375,882.5895385742188,834.07958984375,839.0408325195312,2848998239,BNB-USD,CRYPTO,yfinance,1d
2025-08-22,839.0408325195312,899.7001342773438,839.0408325195312,898.7745361328125,3534039226,BNB-USD,CRYPTO,yfinance,1d
2025-08-23,898.7745361328125,899.3594360351562,876.5121459960938,880.046142578125,2470653598,BNB-USD,CRYPTO,yfinance,1d
2025-08-24,880.0533447265625,885.5560302734375,860.0352172851562,876.0802001953125,2909070734,BNB-USD,CRYPTO,yfinance,1d
2025-08-25,876.0802001953125,879.9407348632812,835.2559814453125,840.1719360351562,3300479072,BNB-USD,CRYPTO,yfinance,1d
2025-08-26,840.1710205078125,867.7128295898438,832.7194213867188,863.6304931640625,2609863400,BNB-USD,CRYPTO,yfinance,1d
2025-08-27,863.6304931640625,866.9847412109375,853.8656616210938,855.6463012695312,2391188252,BNB-USD,CRYPTO,yfinance,1d
2025-08-28,855.6463012695312,878.80859375,851.8986206054688,874.3660278320312,2744315947,BNB-USD,CRYPTO,yfinance,1d
2025-08-29,874.3545532226562,876.8477172851562,851.3141479492188,863.2765502929688,2614507748,BNB-USD,CRYPTO,yfinance,1d
2025-08-30,863.2821655273438,863.644775390625,852.8187255859375,862.4039916992188,2030968355,BNB-USD,CRYPTO,yfinance,1d
2025-08-31,862.4039916992188,867.5966796875,857.3178100585938,857.8167724609375,1741117798,BNB-USD,CRYPTO,yfinance,1d
2025-09-01,857.8126220703125,866.973876953125,840.8975219726562,845.8262939453125,2756614903,BNB-USD,CRYPTO,yfinance,1d
2025-09-02,845.8262939453125,856.4644165039062,841.6126098632812,851.7772216796875,2385434736,BNB-USD,CRYPTO,yfinance,1d
2025-09-03,851.7772216796875,863.4725341796875,849.157958984375,855.2587890625,1915348780,BNB-USD,CRYPTO,yfinance,1d
2025-09-04,855.2588500976562,856.9368286132812,841.8807983398438,843.802978515625,1915009280,BNB-USD,CRYPTO,yfinance,1d
2025-09-05,843.802978515625,857.224609375,843.7465209960938,849.979248046875,2025139739,BNB-USD,CRYPTO,yfinance,1d
2025-09-06,849.979248046875,864.4991455078125,849.5745849609375,861.7720947265625,1992250771,BNB-USD,CRYPTO,yfinance,1d
2025-09-07,861.7720947265625,882.8858032226562,861.2745361328125,880.613037109375,1996378716,BNB-USD,CRYPTO,yfinance,1d
2025-09-08,880.613037109375,885.2318115234375,872.0386352539062,878.2759399414062,2289021738,BNB-USD,CRYPTO,yfinance,1d
2025-09-09,878.2759399414062,884.2359008789062,871.8602294921875,880.0150146484375,1795168603,BNB-USD,CRYPTO,yfinance,1d
2025-09-10,880.0150146484375,906.1226196289062,877.5120239257812,893.5665893554688,2868650920,BNB-USD,CRYPTO,yfinance,1d
2025-09-11,893.5665893554688,903.3329467773438,889.3707275390625,902.9833374023438,2250551806,BNB-USD,CRYPTO,yfinance,1d
2025-09-12,902.9833374023438,928.6170043945312,901.97412109375,925.0307006835938,2648100391,BNB-USD,CRYPTO,yfinance,1d
2025-09-13,925.0307006835938,942.5284423828125,923.8671875,933.899658203125,2744192106,BNB-USD,CRYPTO,yfinance,1d
2025-09-14,933.899658203125,944.0581665039062,923.7640380859375,927.24169921875,2338327311,BNB-USD,CRYPTO,yfinance,1d
2025-09-15,927.2432250976562,935.2177124023438,911.5524291992188,919.97021484375,2475846477,BNB-USD,CRYPTO,yfinance,1d
2025-09-16,919.97021484375,958.6553955078125,917.2383422851562,955.7125854492188,3101245055,BNB-USD,CRYPTO,yfinance,1d
2025-09-17,955.6878662109375,993.1290283203125,947.77099609375,990.3097534179688,3641636248,BNB-USD,CRYPTO,yfinance,1d
2025-09-18,990.3190307617188,1005.292236328125,980.3798217773438,981.835205078125,3741252935,BNB-USD,CRYPTO,yfinance,1d
2025-09-19,981.835205078125,1002.0828857421875,975.811767578125,984.1240844726562,3293771895,BNB-USD,CRYPTO,yfinance,1d
2025-09-20,984.134521484375,1043.243896484375,984.1197509765625,1042.650146484375,3759046572,BNB-USD,CRYPTO,yfinance,1d
2025-09-21,1042.6627197265625,1080.4776611328125,1041.0262451171875,1048.67236328125,4306431415,BNB-USD,CRYPTO,yfinance,1d
2025-09-22,1048.671142578125,1050.318359375,978.5733032226562,993.0140380859375,4892903256,BNB-USD,CRYPTO,yfinance,1d
2025-09-23,993.0140380859375,1026.24560546875,964.55322265625,1017.0198974609375,4038510425,BNB-USD,CRYPTO,yfinance,1d
2025-09-24,1017.029296875,1034.0548095703125,995.2929077148438,1018.8478393554688,3603925585,BNB-USD,CRYPTO,yfinance,1d
2025-09-25,1018.8718872070312,1019.8428344726562,943.3248291015625,945.713623046875,4693762081,BNB-USD,CRYPTO,yfinance,1d
2025-09-26,945.713623046875,964.7283935546875,933.5052490234375,960.9239501953125,3789703570,BNB-USD,CRYPTO,yfinance,1d
2025-09-27,960.9239501953125,983.9268798828125,957.402099609375,968.78955078125,2777184185,BNB-USD,CRYPTO,yfinance,1d
2025-09-28,968.78955078125,993.3856811523438,964.2875366210938,993.3155517578125,2519459113,BNB-USD,CRYPTO,yfinance,1d
2025-09-29,993.3157958984375,1035.7254638671875,992.6415405273438,1030.7412109375,3359320684,BNB-USD,CRYPTO,yfinance,1d
2025-09-30,1030.7412109375,1032.7960205078125,994.4840087890625,1008.4834594726562,3076619211,BNB-USD,CRYPTO,yfinance,1d
2025-10-01,1008.4834594726562,1034.8297119140625,1003.8837280273438,1026.166748046875,3100184262,BNB-USD,CRYPTO,yfinance,1d
2025-10-02,1026.166748046875,1097.2117919921875,1023.9827270507812,1090.6556396484375,3813163059,BNB-USD,CRYPTO,yfinance,1d
2025-10-03,1090.6556396484375,1190.354248046875,1085.595458984375,1189.9190673828125,6097241167,BNB-USD,CRYPTO,yfinance,1d
2025-10-04,1189.9288330078125,1190.0084228515625,1138.26611328125,1150.547607421875,3775482131,BNB-USD,CRYPTO,yfinance,1d
2025-10-05,1150.5452880859375,1186.8543701171875,1145.52880859375,1165.527587890625,3611451465,BNB-USD,CRYPTO,yfinance,1d
2025-10-06,1165.527587890625,1237.8118896484375,1164.016845703125,1223.5810546875,5653272930,BNB-USD,CRYPTO,yfinance,1d
2025-10-07,1223.580078125,1336.5655517578125,1209.281494140625,1310.21435546875,11163171147,BNB-USD,CRYPTO,yfinance,1d
2025-10-08,1310.2276611328125,1332.83154296875,1270.310302734375,1306.599365234375,7916662087,BNB-USD,CRYPTO,yfinance,1d
2025-10-09,1306.597412109375,1318.057373046875,1228.08203125,1255.890625,8172167891,BNB-USD,CRYPTO,yfinance,1d
2025-10-10,1255.8875732421875,1276.358154296875,962.4681396484375,1106.8985595703125,10329526518,BNB-USD,CRYPTO,yfinance,1d
2025-10-11,1106.8985595703125,1180.52587890625,1080.7183837890625,1137.1993408203125,8101403820,BNB-USD,CRYPTO,yfinance,1d
2025-10-12,1137.1993408203125,1319.77197265625,1110.1973876953125,1303.1173095703125,10201040572,BNB-USD,CRYPTO,yfinance,1d
2025-10-13,1303.1473388671875,1370.5460205078125,1257.1102294921875,1293.4732666015625,11820387271,BNB-USD,CRYPTO,yfinance,1d
2025-10-14,1293.4732666015625,1316.4071044921875,1147.75,1211.0511474609375,10106588255,BNB-USD,CRYPTO,yfinance,1d
2025-10-15,1211.0511474609375,1221.70751953125,1151.835205078125,1162.6917724609375,5853929585,BNB-USD,CRYPTO,yfinance,1d
2025-10-16,1162.6937255859375,1193.77392578125,1125.333251953125,1145.8253173828125,5605348340,BNB-USD,CRYPTO,yfinance,1d
2025-10-17,1145.8179931640625,1154.8912353515625,1024.083251953125,1071.9630126953125,6656427568,BNB-USD,CRYPTO,yfinance,1d
2025-10-18,1071.965576171875,1129.1925048828125,1071.473876953125,1093.1524658203125,3767783165,BNB-USD,CRYPTO,yfinance,1d
2025-10-19,1093.1524658203125,1132.3472900390625,1069.3074951171875,1109.6800537109375,3690436753,BNB-USD,CRYPTO,yfinance,1d
2025-10-20,1109.68212890625,1142.7445068359375,1090.0068359375,1101.0616455078125,4209252745,BNB-USD,CRYPTO,yfinance,1d
2025-10-21,1101.1649169921875,1114.313232421875,1054.304931640625,1057.4404296875,4398689427,BNB-USD,CRYPTO,yfinance,1d
2025-10-22,1057.4404296875,1082.9290771484375,1054.0701904296875,1072.0479736328125,3625757780,BNB-USD,CRYPTO,yfinance,1d
2025-10-23,1072.0509033203125,1150.999267578125,1071.939453125,1127.572998046875,5661131703,BNB-USD,CRYPTO,yfinance,1d
2025-10-24,1127.5726318359375,1141.639404296875,1098.9310302734375,1109.148681640625,3451758493,BNB-USD,CRYPTO,yfinance,1d
2025-10-25,1109.14990234375,1120.0706787109375,1102.4951171875,1116.7412109375,2230311136,BNB-USD,CRYPTO,yfinance,1d
2025-10-26,1116.741943359375,1141.9556884765625,1115.5335693359375,1137.5869140625,2746697366,BNB-USD,CRYPTO,yfinance,1d
2025-10-27,1137.587646484375,1180.014892578125,1134.291015625,1139.7459716796875,4501355092,BNB-USD,CRYPTO,yfinance,1d
2025-10-28,1139.7508544921875,1148.558349609375,1088.881591796875,1103.144775390625,4178047763,BNB-USD,CRYPTO,yfinance,1d
2025-10-29,1103.149169921875,1120.72998046875,1089.7681884765625,1107.163330078125,4169218996,BNB-USD,CRYPTO,yfinance,1d
2025-10-30,1107.1619873046875,1123.6968994140625,1050.1282958984375,1078.6114501953125,4153774666,BNB-USD,CRYPTO,yfinance,1d
2025-10-31,1078.612548828125,1104.24755859375,1073.4539794921875,1088.9554443359375,4399392720,BNB-USD,CRYPTO,yfinance,1d
2025-11-01,1088.9443359375,1097.13818359375,1082.4669189453125,1094.642333984375,2138185589,BNB-USD,CRYPTO,yfinance,1d
2025-11-02,1094.6414794921875,1094.64453125,1073.653076171875,1084.35986328125,2049912244,BNB-USD,CRYPTO,yfinance,1d
2025-11-03,1084.33642578125,1086.594482421875,975.796142578125,992.535400390625,4849653054,BNB-USD,CRYPTO,yfinance,1d
2025-11-04,992.5518798828125,1000.1986083984375,886.3854370117188,937.8932495117188,5824529918,BNB-USD,CRYPTO,yfinance,1d
2025-11-05,937.88232421875,966.803955078125,903.8692626953125,959.9510498046875,3816276917,BNB-USD,CRYPTO,yfinance,1d
2025-11-06,959.9534301757812,964.3312377929688,927.4452514648438,949.1804809570312,2798073439,BNB-USD,CRYPTO,yfinance,1d
2025-11-07,949.2072143554688,994.412841796875,927.10986328125,990.5523681640625,3614944089,BNB-USD,CRYPTO,yfinance,1d
2025-11-08,990.5819091796875,1005.8635864257812,981.1117553710938,990.2227172851562,2913804232,BNB-USD,CRYPTO,yfinance,1d
2025-11-09,990.2310791015625,1005.9384765625,977.64404296875,996.579833984375,2642212274,BNB-USD,CRYPTO,yfinance,1d
2025-11-10,996.5888671875,1017.682861328125,977.107666015625,991.919677734375,2844075057,BNB-USD,CRYPTO,yfinance,1d
2025-11-11,991.9202880859375,1005.9725341796875,956.8362426757812,958.2657470703125,2696896367,BNB-USD,CRYPTO,yfinance,1d
2025-11-12,958.2320556640625,976.957763671875,940.8616943359375,953.010498046875,2405972144,BNB-USD,CRYPTO,yfinance,1d
2025-11-13,953.0198364257812,969.8464965820312,907.6197509765625,928.046630859375,3034452281,BNB-USD,CRYPTO,yfinance,1d
2025-11-14,928.0397338867188,932.64501953125,889.4031982421875,915.3092651367188,3778463496,BNB-USD,CRYPTO,yfinance,1d
2025-11-15,915.19384765625,944.0817260742188,915.19384765625,932.201904296875,1963778260,BNB-USD,CRYPTO,yfinance,1d
2025-11-16,932.1851806640625,948.5120239257812,910.9035034179688,927.2578735351562,2497118342,BNB-USD,CRYPTO,yfinance,1d
2025-11-17,927.2578735351562,936.9906616210938,893.0040893554688,906.482421875,3757441490,BNB-USD,CRYPTO,yfinance,1d
2025-11-18,906.4705810546875,937.3841552734375,888.5147094726562,932.4823608398438,3623344375,BNB-USD,CRYPTO,yfinance,1d
2025-11-19,932.4846801757812,939.2861328125,872.9431762695312,895.6196899414062,3254464199,BNB-USD,CRYPTO,yfinance,1d
2025-11-20,895.6640014648438,912.6580200195312,866.3438720703125,866.3438720703125,3038816761,BNB-USD,CRYPTO,yfinance,1d
2025-11-21,866.3346557617188,874.2615966796875,793.8209228515625,830.0787353515625,4772315493,BNB-USD,CRYPTO,yfinance,1d
2025-11-22,830.0795288085938,841.4924926757812,815.2092895507812,833.35107421875,2015396840,BNB-USD,CRYPTO,yfinance,1d
2025-11-23,833.3475952148438,854.4036865234375,833.2874755859375,843.2247924804688,1754920246,BNB-USD,CRYPTO,yfinance,1d
2025-11-24,843.2236328125,875.2612915039062,832.0480346679688,864.421142578125,2485800089,BNB-USD,CRYPTO,yfinance,1d
2025-11-25,864.4609985351562,866.9095458984375,838.9786376953125,862.1080322265625,2007620452,BNB-USD,CRYPTO,yfinance,1d
2025-11-26,862.1033935546875,896.6287841796875,852.4906005859375,891.7533569335938,2040255309,BNB-USD,CRYPTO,yfinance,1d
2025-11-27,891.7745971679688,902.5869140625,885.2288208007812,895.559814453125,1780660164,BNB-USD,CRYPTO,yfinance,1d
2025-11-28,895.5643920898438,904.3790893554688,877.3135375976562,887.6467895507812,2009647841,BNB-USD,CRYPTO,yfinance,1d
2025-11-29,887.6465454101562,888.85302734375,869.8357543945312,873.6898803710938,1357539865,BNB-USD,CRYPTO,yfinance,1d
2025-11-30,873.6884765625,899.5747680664062,871.07373046875,877.5767822265625,1452982911,BNB-USD,CRYPTO,yfinance,1d
2025-12-01,877.5615844726562,877.704833984375,803.458251953125,827.4053955078125,2778473663,BNB-USD,CRYPTO,yfinance,1d
2025-12-02,827.4092407226562,884.0598754882812,821.3009643554688,877.03466796875,2264885312,BNB-USD,CRYPTO,yfinance,1d
2025-12-03,877.0285034179688,922.1299438476562,874.4122314453125,921.7537231445312,2754777581,BNB-USD,CRYPTO,yfinance,1d
2025-12-04,921.7321166992188,927.4549560546875,889.617431640625,900.0661010742188,2052379059,BNB-USD,CRYPTO,yfinance,1d
2025-12-05,900.063720703125,906.8523559570312,873.4063720703125,884.2180786132812,1968850986,BNB-USD,CRYPTO,yfinance,1d
2025-12-06,884.2127685546875,896.6558227539062,878.9838256835938,890.5450439453125,1418385761,BNB-USD,CRYPTO,yfinance,1d
2025-12-07,890.5266723632812,905.114501953125,872.8945922851562,894.0222778320312,1779976227,BNB-USD,CRYPTO,yfinance,1d
2025-12-08,894.02734375,911.5386352539062,891.7789916992188,897.6040649414062,1906067258,BNB-USD,CRYPTO,yfinance,1d
2025-12-09,897.5906372070312,926.51708984375,882.4072265625,898.8104248046875,2357057936,BNB-USD,CRYPTO,yfinance,1d
2025-12-10,898.7805786132812,914.1864013671875,884.947509765625,894.650634765625,2429639422,BNB-USD,CRYPTO,yfinance,1d
2025-12-11,894.6589965820312,894.6589965820312,861.253662109375,886.1666259765625,2524483059,BNB-USD,CRYPTO,yfinance,1d
2025-12-12,886.1660766601562,895.4688720703125,873.608154296875,881.8676147460938,1807202490,BNB-USD,CRYPTO,yfinance,1d
2025-12-13,881.8624267578125,903.7582397460938,880.7807006835938,897.4295654296875,1472368344,BNB-USD,CRYPTO,yfinance,1d
2025-12-14,897.435791015625,899.2176513671875,874.129638671875,877.806884765625,1640570319,BNB-USD,CRYPTO,yfinance,1d
2025-12-15,877.7892456054688,894.2052612304688,843.7678833007812,858.5451049804688,2222157806,BNB-USD,CRYPTO,yfinance,1d
2025-12-16,858.5458984375,877.6130981445312,851.3676147460938,874.8990478515625,2379705373,BNB-USD,CRYPTO,yfinance,1d
2025-12-17,874.905517578125,875.11083984375,834.8516845703125,842.93017578125,2968394043,BNB-USD,CRYPTO,yfinance,1d
2025-12-18,842.9312744140625,850.8983764648438,819.9838256835938,829.3011474609375,3195634004,BNB-USD,CRYPTO,yfinance,1d
2025-12-19,829.3038940429688,861.0877075195312,823.1718139648438,855.9432983398438,5429911683,BNB-USD,CRYPTO,yfinance,1d
2025-12-20,855.9429931640625,858.7412109375,850.890869140625,853.586181640625,1374684930,BNB-USD,CRYPTO,yfinance,1d
2025-12-21,853.5969848632812,858.9291381835938,846.0993041992188,857.8892211914062,1501917010,BNB-USD,CRYPTO,yfinance,1d
2025-12-22,857.8866577148438,869.0992431640625,852.6373291015625,857.857421875,1959463444,BNB-USD,CRYPTO,yfinance,1d
2025-12-23,857.8599243164062,860.7771606445312,839.5874633789062,843.7714233398438,1696809904,BNB-USD,CRYPTO,yfinance,1d
2025-12-24,843.7693481445312,849.3277587890625,835.2703857421875,846.2596435546875,1535799969,BNB-USD,CRYPTO,yfinance,1d
2025-12-25,846.2431030273438,847.0791625976562,827.6585693359375,829.4244384765625,1415229398,BNB-USD,CRYPTO,yfinance,1d
2025-12-26,829.4263916015625,845.7174682617188,823.3729248046875,834.1515502929688,1730790904,BNB-USD,CRYPTO,yfinance,1d
2025-12-27,834.1513671875,844.5943603515625,834.1458740234375,844.5545043945312,1496575663,BNB-USD,CRYPTO,yfinance,1d
2025-12-28,844.5575561523438,864.9430541992188,839.5921020507812,858.8287963867188,1855190489,BNB-USD,CRYPTO,yfinance,1d
2025-12-29,858.835205078125,869.98583984375,846.6453247070312,851.1875610351562,2271142660,BNB-USD,CRYPTO,yfinance,1d
2025-12-30,851.1907348632812,862.0198364257812,848.4505004882812,860.5537109375,2042633098,BNB-USD,CRYPTO,yfinance,1d
2025-12-31,860.5555419921875,873.8369140625,856.8807983398438,863.2573852539062,2539874072,BNB-USD,CRYPTO,yfinance,1d
2026-01-01,863.2581787109375,872.2593994140625,855.6074829101562,863.0546264648438,1623168589,BNB-USD,CRYPTO,yfinance,1d
2026-01-02,863.05517578125,890.1697387695312,858.8756103515625,880.8441772460938,2274583336,BNB-USD,CRYPTO,yfinance,1d
2026-01-03,880.8558959960938,883.4481201171875,869.5321044921875,878.6394653320312,1660447864,BNB-USD,CRYPTO,yfinance,1d
2026-01-04,878.6434326171875,902.0450439453125,878.4307250976562,894.3836669921875,1869811425,BNB-USD,CRYPTO,yfinance,1d
2026-01-05,894.3954467773438,915.7417602539062,891.7756958007812,910.7883911132812,2191450063,BNB-USD,CRYPTO,yfinance,1d
2026-01-06,910.7823486328125,921.5477905273438,892.9228515625,917.5072631835938,2396005647,BNB-USD,CRYPTO,yfinance,1d
2026-01-07,917.507568359375,918.7974853515625,892.78076171875,899.414306640625,2328531769,BNB-USD,CRYPTO,yfinance,1d
2026-01-08,899.4205932617188,903.2437133789062,875.6906127929688,891.7537231445312,2150672078,BNB-USD,CRYPTO,yfinance,1d
2026-01-09,891.74267578125,899.3383178710938,885.8805541992188,895.46923828125,1729373289,BNB-USD,CRYPTO,yfinance,1d
2026-01-10,895.4766235351562,913.9031982421875,895.4766235351562,906.1124877929688,1917030206,BNB-USD,CRYPTO,yfinance,1d
2026-01-11,906.108154296875,915.600830078125,898.7893676757812,902.7507934570312,1753041961,BNB-USD,CRYPTO,yfinance,1d
2026-01-12,902.7498168945312,909.0939331054688,894.8656616210938,905.4176635742188,2073080994,BNB-USD,CRYPTO,yfinance,1d
2026-01-13,905.41455078125,949.0227661132812,901.7335205078125,942.4600830078125,3312675690,BNB-USD,CRYPTO,yfinance,1d
2026-01-14,942.4613647460938,951.8939819335938,928.5576171875,949.10888671875,2898477115,BNB-USD,CRYPTO,yfinance,1d
2026-01-15,949.0888061523438,949.0888061523438,924.7374267578125,930.8783569335938,2344675895,BNB-USD,CRYPTO,yfinance,1d
2026-01-16,930.880615234375,938.5700073242188,924.5513916015625,937.5318603515625,1873697028,BNB-USD,CRYPTO,yfinance,1d
2026-01-17,937.5349731445312,954.8583374023438,935.4063720703125,947.0445556640625,1840297630,BNB-USD,CRYPTO,yfinance,1d
2026-01-18,947.0431518554688,952.6962280273438,932.496826171875,932.5913696289062,1896106924,BNB-USD,CRYPTO,yfinance,1d
2026-01-19,932.5845947265625,932.5851440429688,910.626220703125,922.4950561523438,3099807569,BNB-USD,CRYPTO,yfinance,1d
2026-01-20,922.5040893554688,931.8021850585938,884.2285766601562,884.6754760742188,2987548371,BNB-USD,CRYPTO,yfinance,1d
2026-01-21,884.6625366210938,892.538818359375,864.4113159179688,882.5582885742188,3827882862,BNB-USD,CRYPTO,yfinance,1d
2026-01-22,882.560302734375,896.4900512695312,878.450927734375,886.9723510742188,1870632923,BNB-USD,CRYPTO,yfinance,1d
2026-01-23,886.9716796875,902.139892578125,883.2767333984375,890.7664184570312,2043693107,BNB-USD,CRYPTO,yfinance,1d
2026-01-24,890.7814331054688,892.8172607421875,885.5463256835938,886.1796264648438,1290044834,BNB-USD,CRYPTO,yfinance,1d
2026-01-25,886.1843872070312,886.1843872070312,855.9146118164062,864.7267456054688,2065395074,BNB-USD,CRYPTO,yfinance,1d
2026-01-26,864.7274169921875,880.0272827148438,864.7274169921875,878.7445068359375,2107947407,BNB-USD,CRYPTO,yfinance,1d
2026-01-27,878.7389526367188,899.839599609375,875.3734130859375,897.66552734375,2080464235,BNB-USD,CRYPTO,yfinance,1d
2026-01-28,897.6614990234375,907.3658447265625,893.4732055664062,901.348876953125,1929255921,BNB-USD,CRYPTO,yfinance,1d
2026-01-29,901.3906860351562,904.4390869140625,853.1878662109375,867.09814453125,3967708737,BNB-USD,CRYPTO,yfinance,1d
2026-01-30,867.0933837890625,867.9181518554688,832.5636596679688,857.2587280273438,3063940340,BNB-USD,CRYPTO,yfinance,1d
2026-01-31,857.252685546875,858.8644409179688,765.6923217773438,780.4845581054688,3250985432,BNB-USD,CRYPTO,yfinance,1d
2026-02-01,780.4640502929688,788.1553344726562,742.9596557617188,758.4573974609375,2530207621,BNB-USD,CRYPTO,yfinance,1d
2026-02-02,758.4321899414062,779.3193969726562,730.0673217773438,774.5792846679688,3129876950,BNB-USD,CRYPTO,yfinance,1d
2026-02-03,774.5657958984375,782.135498046875,736.810791015625,753.5781860351562,2673231321,BNB-USD,CRYPTO,yfinance,1d
2026-02-04,753.5673217773438,763.9029541015625,687.341552734375,697.8617553710938,3263769381,BNB-USD,CRYPTO,yfinance,1d
2026-02-05,697.8231811523438,699.7532958984375,603.3870239257812,606.5428466796875,4896219244,BNB-USD,CRYPTO,yfinance,1d
2026-02-06,606.547607421875,668.3985595703125,576.7190551757812,657.4215087890625,4201603681,BNB-USD,CRYPTO,yfinance,1d
2026-02-07,657.4197998046875,662.0016479492188,631.9534301757812,647.3502807617188,2237248068,BNB-USD,CRYPTO,yfinance,1d
2026-02-08,647.3492431640625,650.4102783203125,633.6199951171875,640.253662109375,1623329068,BNB-USD,CRYPTO,yfinance,1d
2026-02-09,640.2106323242188,644.5773315429688,616.7033081054688,635.9544677734375,1879500739,BNB-USD,CRYPTO,yfinance,1d
2026-02-10,635.9563598632812,640.9609985351562,614.6978759765625,619.5703125,1623315797,BNB-USD,CRYPTO,yfinance,1d
2026-02-11,619.5706787109375,623.1843872070312,587.8129272460938,607.1871337890625,2137150889,BNB-USD,CRYPTO,yfinance,1d
2026-02-12,607.189453125,619.1156005859375,601.8274536132812,613.7109375,1596683425,BNB-USD,CRYPTO,yfinance,1d
2026-02-13,613.7088012695312,621.9074096679688,592.6002807617188,619.0838623046875,1865657141,BNB-USD,CRYPTO,yfinance,1d
2026-02-14,619.086181640625,636.5562744140625,616.19287109375,633.34521484375,1422078768,BNB-USD,CRYPTO,yfinance,1d
2026-02-15,633.3302612304688,640.5645141601562,609.2208862304688,614.6380004882812,1572726908,BNB-USD,CRYPTO,yfinance,1d
2026-02-16,614.6565551757812,629.6680297851562,605.3688354492188,626.5706787109375,1384918308,BNB-USD,CRYPTO,yfinance,1d
2026-02-17,626.5838623046875,630.4534912109375,610.81884765625,617.5620727539062,1273885332,BNB-USD,CRYPTO,yfinance,1d
2026-02-18,617.5640258789062,624.6931762695312,602.2733764648438,604.5238037109375,1407996950,BNB-USD,CRYPTO,yfinance,1d
2026-02-19,604.5213012695312,613.7492065429688,597.5038452148438,607.1598510742188,1468442931,BNB-USD,CRYPTO,yfinance,1d
2026-02-20,607.1751708984375,628.9857788085938,601.8662109375,625.6635131835938,1709915616,BNB-USD,CRYPTO,yfinance,1d
2026-02-21,625.6677856445312,633.5925903320312,624.1028442382812,625.8980712890625,1183913259,BNB-USD,CRYPTO,yfinance,1d
2026-02-22,625.8922119140625,626.5341186523438,610.2918090820312,614.4066772460938,1089029749,BNB-USD,CRYPTO,yfinance,1d
2026-02-23,614.40625,614.85791015625,586.0204467773438,595.8651123046875,2110764624,BNB-USD,CRYPTO,yfinance,1d
2026-02-24,595.8753051757812,602.2252197265625,578.3405151367188,584.1098022460938,1777417541,BNB-USD,CRYPTO,yfinance,1d
2026-02-25,584.1054077148438,636.5101318359375,582.2049560546875,629.0726318359375,2691687940,BNB-USD,CRYPTO,yfinance,1d
2026-02-26,629.0772094726562,633.10009765625,615.2544555664062,625.9132080078125,2766164029,BNB-USD,CRYPTO,yfinance,1d
2026-02-27,625.9151000976562,633.1871948242188,607.4542846679688,613.9695434570312,1782727960,BNB-USD,CRYPTO,yfinance,1d
2026-02-28,613.9728393554688,620.1138305664062,589.5475463867188,617.2463989257812,1819918584,BNB-USD,CRYPTO,yfinance,1d
2026-03-01,617.2444458007812,631.6217651367188,611.6749877929688,618.107177734375,1918919287,BNB-USD,CRYPTO,yfinance,1d
2026-03-02,618.0946655273438,651.0946655273438,613.5411376953125,637.2395629882812,1947915391,BNB-USD,CRYPTO,yfinance,1d
2026-03-03,637.2459716796875,641.4384155273438,621.8411254882812,633.8309326171875,1802590269,BNB-USD,CRYPTO,yfinance,1d
2026-03-04,633.8281860351562,665.103271484375,627.156494140625,657.8167724609375,2127945160,BNB-USD,CRYPTO,yfinance,1d
2026-03-05,657.8167724609375,664.6438598632812,646.8931884765625,647.6258544921875,1672800685,BNB-USD,CRYPTO,yfinance,1d
2026-03-06,647.622802734375,651.22705078125,626.0018310546875,627.2734375,1385900394,BNB-USD,CRYPTO,yfinance,1d
2026-03-07,627.2833862304688,629.9575805664062,619.0372924804688,620.0662841796875,1082294510,BNB-USD,CRYPTO,yfinance,1d
2026-03-08,620.0664672851562,623.7977294921875,609.404296875,612.0388793945312,1289759347,BNB-USD,CRYPTO,yfinance,1d
2026-03-09,612.0381469726562,642.1057739257812,611.7686157226562,634.5003662109375,1626567950,BNB-USD,CRYPTO,yfinance,1d
2026-03-10,634.5062866210938,651.5347900390625,634.5042724609375,641.8792114257812,1580638205,BNB-USD,CRYPTO,yfinance,1d
2026-03-11,641.8812255859375,655.0443725585938,636.7280883789062,651.4783325195312,1616600713,BNB-USD,CRYPTO,yfinance,1d
2026-03-12,651.4718627929688,656.0228881835938,642.4793701171875,652.135009765625,1564250832,BNB-USD,CRYPTO,yfinance,1d
2026-03-13,652.1265869140625,677.7486572265625,651.46240234375,655.8819580078125,2275392491,BNB-USD,CRYPTO,yfinance,1d
2026-03-14,655.87353515625,657.8693237304688,650.6181640625,657.8316040039062,1300376753,BNB-USD,CRYPTO,yfinance,1d
2026-03-15,657.8248291015625,678.3255615234375,654.6995849609375,673.701171875,1570006668,BNB-USD,CRYPTO,yfinance,1d
2026-03-16,673.7127685546875,685.4031372070312,670.8892211914062,679.3547973632812,2399816312,BNB-USD,CRYPTO,yfinance,1d
2026-03-17,679.3580322265625,685.6272583007812,664.715576171875,668.7809448242188,1875359590,BNB-USD,CRYPTO,yfinance,1d
2026-03-18,668.7760620117188,676.30078125,645.5967407226562,652.05908203125,1920423223,BNB-USD,CRYPTO,yfinance,1d
2026-03-19,652.0613403320312,655.2645263671875,634.0431518554688,639.2661743164062,1763650441,BNB-USD,CRYPTO,yfinance,1d
2026-03-20,639.2692260742188,646.859130859375,637.0761108398438,642.183349609375,1633691311,BNB-USD,CRYPTO,yfinance,1d
2026-03-21,642.1868896484375,645.5946655273438,629.8920288085938,630.1337890625,1236470411,BNB-USD,CRYPTO,yfinance,1d
2026-03-22,629.8768310546875,636.671142578125,622.8684692382812,626.601318359375,1616327413,BNB-USD,CRYPTO,yfinance,1d
2026-03-23,626.5970458984375,648.4214477539062,621.026123046875,638.5368041992188,2371029968,BNB-USD,CRYPTO,yfinance,1d
2026-03-24,638.5543823242188,639.3514404296875,627.3970336914062,638.2528076171875,1645704845,BNB-USD,CRYPTO,yfinance,1d
2026-03-25,638.2496337890625,651.9640502929688,638.2335205078125,647.328125,1700935601,BNB-USD,CRYPTO,yfinance,1d
2026-03-26,647.3297729492188,647.84765625,623.0634155273438,628.9946899414062,1566197398,BNB-USD,CRYPTO,yfinance,1d
2026-03-27,628.994384765625,631.232177734375,606.0051879882812,613.2924194335938,1674423686,BNB-USD,CRYPTO,yfinance,1d
2026-03-28,613.30712890625,617.5477294921875,610.1975708007812,610.7012329101562,875286131,BNB-USD,CRYPTO,yfinance,1d
2026-03-29,610.7001342773438,614.4796752929688,598.7274780273438,605.6762084960938,1340354447,BNB-USD,CRYPTO,yfinance,1d
2026-03-30,605.6853637695312,620.2302856445312,605.1995849609375,608.5535278320312,1691424092,BNB-USD,CRYPTO,yfinance,1d
2026-03-31,608.5606079101562,618.4916381835938,599.7499389648438,617.0491943359375,1789909133,BNB-USD,CRYPTO,yfinance,1d
2026-04-01,617.0487670898438,620.9547119140625,610.3040771484375,610.6229858398438,1708753116,BNB-USD,CRYPTO,yfinance,1d
2026-04-02,610.6221923828125,612.9745483398438,570.6839599609375,583.1368408203125,2253593411,BNB-USD,CRYPTO,yfinance,1d
2026-04-03,583.1388549804688,589.0858154296875,582.391845703125,588.1000366210938,1249381771,BNB-USD,CRYPTO,yfinance,1d
2026-04-04,588.0983276367188,595.6993408203125,587.4022827148438,593.28369140625,730361887,BNB-USD,CRYPTO,yfinance,1d
2026-04-05,593.28369140625,603.0015869140625,587.622314453125,601.5355834960938,869628725,BNB-USD,CRYPTO,yfinance,1d
2026-04-06,601.5371704101562,608.5709228515625,597.8638916015625,600.3857421875,1559391237,BNB-USD,CRYPTO,yfinance,1d
2026-04-07,600.3787841796875,623.72119140625,593.1414794921875,620.898681640625,1954715522,BNB-USD,CRYPTO,yfinance,1d
2026-04-08,620.8573608398438,621.1431274414062,600.3358764648438,601.1722412109375,2031695469,BNB-USD,CRYPTO,yfinance,1d
2026-04-09,601.1717529296875,610.0821533203125,597.3724365234375,602.8275146484375,1836620252,BNB-USD,CRYPTO,yfinance,1d
2026-04-10,602.8265991210938,610.1380004882812,598.0321044921875,605.9915161132812,1779562868,BNB-USD,CRYPTO,yfinance,1d
2026-04-11,605.9866333007812,613.906494140625,603.7946166992188,607.3914184570312,1673930281,BNB-USD,CRYPTO,yfinance,1d
2026-04-12,607.390380859375,607.4102783203125,589.6085815429688,592.2140502929688,1835478450,BNB-USD,CRYPTO,yfinance,1d
2026-04-13,592.2178344726562,617.2954711914062,592.0985717773438,615.05126953125,1956433843,BNB-USD,CRYPTO,yfinance,1d
2026-04-14,615.05224609375,624.8760375976562,611.7742309570312,614.0372314453125,2008088284,BNB-USD,CRYPTO,yfinance,1d
2026-04-15,614.0441284179688,626.7930297851562,610.9451904296875,622.6653442382812,1644633857,BNB-USD,CRYPTO,yfinance,1d
2026-04-16,622.6685180664062,636.8116455078125,616.1176147460938,635.5833740234375,1856483537,BNB-USD,CRYPTO,yfinance,1d
2026-04-17,635.5836791992188,645.67626953125,627.1564331054688,643.4501342773438,1994808217,BNB-USD,CRYPTO,yfinance,1d
2026-04-18,643.4588012695312,648.50390625,628.5675659179688,630.3224487304688,1585391318,BNB-USD,CRYPTO,yfinance,1d
2026-04-19,630.3184204101562,630.4656982421875,615.6062622070312,616.5244750976562,1507732097,BNB-USD,CRYPTO,yfinance,1d
2026-04-20,616.5169677734375,631.8038940429688,616.4576416015625,629.2551879882812,1537738592,BNB-USD,CRYPTO,yfinance,1d
2026-04-21,629.2555541992188,640.5401000976562,625.4496459960938,631.7921752929688,1638232350,BNB-USD,CRYPTO,yfinance,1d
2026-04-22,631.792236328125,651.9832153320312,631.4053344726562,637.9317626953125,1843147330,BNB-USD,CRYPTO,yfinance,1d
2026-04-23,637.9317626953125,640.2591552734375,631.4028930664062,638.7262573242188,1592966390,BNB-USD,CRYPTO,yfinance,1d
2026-04-24,638.7290649414062,640.2322387695312,632.4772338867188,636.4029541015625,1358812029,BNB-USD,CRYPTO,yfinance,1d
2026-04-25,636.3995361328125,638.4401245117188,627.6519775390625,628.6572875976562,758377286,BNB-USD,CRYPTO,yfinance,1d
2026-04-26,628.6551513671875,637.398193359375,627.7479858398438,636.1114501953125,1164927198,BNB-USD,CRYPTO,yfinance,1d
2026-04-27,636.1132202148438,639.6881713867188,619.8306274414062,626.9642333984375,1637610223,BNB-USD,CRYPTO,yfinance,1d
2026-04-28,626.9631958007812,627.419921875,619.69189453125,624.31103515625,1232472114,BNB-USD,CRYPTO,yfinance,1d
2026-04-29,624.3167724609375,629.2849731445312,611.4309692382812,617.3297729492188,1599657620,BNB-USD,CRYPTO,yfinance,1d
2026-04-30,617.3309936523438,620.086669921875,613.9241333007812,615.0667114257812,1271759829,BNB-USD,CRYPTO,yfinance,1d
2026-05-01,615.0634765625,622.49072265625,614.2719116210938,615.3310546875,1373446549,BNB-USD,CRYPTO,yfinance,1d
2026-05-02,615.3344116210938,620.3760986328125,614.1849365234375,617.82763671875,712563317,BNB-USD,CRYPTO,yfinance,1d
2026-05-03,617.8273315429688,621.7371215820312,615.1119995117188,617.4823608398438,834198484,BNB-USD,CRYPTO,yfinance,1d
2026-05-04,617.4823608398438,637.5142822265625,615.694091796875,622.6590576171875,2279940194,BNB-USD,CRYPTO,yfinance,1d
2026-05-05,622.6592407226562,634.3936157226562,622.5728759765625,630.3912353515625,1737844496,BNB-USD,CRYPTO,yfinance,1d
2026-05-06,630.3914184570312,662.101318359375,629.640625,647.57373046875,2481476834,BNB-USD,CRYPTO,yfinance,1d
2026-05-07,647.5768432617188,652.891357421875,634.2047729492188,637.02197265625,1667366871,BNB-USD,CRYPTO,yfinance,1d
2026-05-08,637.02197265625,651.1504516601562,635.1071166992188,649.0093383789062,1438423521,BNB-USD,CRYPTO,yfinance,1d
2026-05-09,649.0152587890625,655.5877685546875,646.34765625,649.7373657226562,1278930889,BNB-USD,CRYPTO,yfinance,1d
2026-05-10,649.737060546875,666.179443359375,645.0519409179688,663.6634521484375,1412124607,BNB-USD,CRYPTO,yfinance,1d
2026-05-11,663.6634521484375,672.29296875,649.7805786132812,669.9736328125,1803928124,BNB-USD,CRYPTO,yfinance,1d
2026-05-12,669.9802856445312,670.7261962890625,650.7424926757812,664.5411376953125,1642513243,BNB-USD,CRYPTO,yfinance,1d
2026-05-13,664.5421752929688,685.1040649414062,664.40576171875,671.3828125,1960838590,BNB-USD,CRYPTO,yfinance,1d
2026-05-14,671.38232421875,685.026611328125,665.5272827148438,677.9397583007812,1656801797,BNB-USD,CRYPTO,yfinance,1d
2026-05-15,677.9467163085938,689.1156005859375,670.1974487304688,672.111328125,1703187702,BNB-USD,CRYPTO,yfinance,1d
2026-05-16,672.100830078125,674.1542358398438,650.8592529296875,656.216064453125,1379762213,BNB-USD,CRYPTO,yfinance,1d
2026-05-17,656.2135009765625,657.0416870117188,643.2247314453125,648.7941284179688,783703455,BNB-USD,CRYPTO,yfinance,1d
2026-05-18,648.7821044921875,649.0114135742188,634.8690795898438,643.0562133789062,1418244426,BNB-USD,CRYPTO,yfinance,1d
2026-05-19,643.0573120117188,646.0852661132812,636.6726684570312,639.4500122070312,1113171362,BNB-USD,CRYPTO,yfinance,1d
2026-05-20,639.4344482421875,650.740966796875,637.5531005859375,648.8192749023438,1126919622,BNB-USD,CRYPTO,yfinance,1d
2026-05-21,648.8208618164062,658.8483276367188,646.0508422851562,657.349853515625,1228340767,BNB-USD,CRYPTO,yfinance,1d
2026-05-22,657.3369140625,662.8820190429688,648.6656494140625,649.4689331054688,1327486028,BNB-USD,CRYPTO,yfinance,1d
2026-05-23,649.475830078125,661.4991455078125,635.64599609375,655.7096557617188,1294474331,BNB-USD,CRYPTO,yfinance,1d
2026-05-24,655.7109985351562,660.9962158203125,649.513916015625,656.0982666015625,1104832926,BNB-USD,CRYPTO,yfinance,1d
2026-05-25,656.0916748046875,672.2332763671875,655.4401245117188,662.3038330078125,1309145054,BNB-USD,CRYPTO,yfinance,1d
2026-05-26,662.3070068359375,667.137939453125,653.2839965820312,655.5963745117188,1618469382,BNB-USD,CRYPTO,yfinance,1d
2026-05-27,655.6019897460938,657.9292602539062,646.1885375976562,648.1592407226562,1299270396,BNB-USD,CRYPTO,yfinance,1d
2026-05-28,648.1614990234375,648.1614990234375,628.17236328125,637.4937744140625,1387114881,BNB-USD,CRYPTO,yfinance,1d
2026-05-29,637.5028076171875,643.6944580078125,631.308349609375,642.2872924804688,1229212667,BNB-USD,CRYPTO,yfinance,1d
2026-05-30,642.301025390625,726.1751708984375,642.0878295898438,717.9337768554688,3590363740,BNB-USD,CRYPTO,yfinance,1d
2026-05-31,717.9302978515625,743.3580932617188,704.9672241210938,708.584228515625,3011261654,BNB-USD,CRYPTO,yfinance,1d
2026-06-01,708.5490112304688,725.1892700195312,674.9254150390625,692.1307983398438,3603890086,BNB-USD,CRYPTO,yfinance,1d
2026-06-02,692.1263427734375,694.2510375976562,645.6150512695312,650.4299926757812,2212967555,BNB-USD,CRYPTO,yfinance,1d
2026-06-03,650.422607421875,655.1470336914062,617.6315307617188,620.0994262695312,2023083015,BNB-USD,CRYPTO,yfinance,1d
2026-06-04,620.0994262695312,623.089111328125,588.540771484375,603.5347290039062,2306830558,BNB-USD,CRYPTO,yfinance,1d
2026-06-05,603.5301513671875,606.1956176757812,558.3897705078125,572.1068725585938,2607132303,BNB-USD,CRYPTO,yfinance,1d
2026-06-06,572.1333618164062,583.1162719726562,561.0240478515625,574.5108032226562,1418745727,BNB-USD,CRYPTO,yfinance,1d
2026-06-07,574.5046997070312,606.80908203125,573.8145141601562,603.6289672851562,1355939748,BNB-USD,CRYPTO,yfinance,1d
2026-06-08,603.6482543945312,609.70458984375,592.0619506835938,601.6277465820312,1157549571,BNB-USD,CRYPTO,yfinance,1d
2026-06-09,601.6333618164062,604.8546752929688,584.650390625,592.8506469726562,1187053835,BNB-USD,CRYPTO,yfinance,1d
2026-06-10,592.8521728515625,596.510986328125,581.291015625,586.173828125,1017565363,BNB-USD,CRYPTO,yfinance,1d
2026-06-11,586.1744384765625,605.4056396484375,586.0934448242188,605.0415649414062,1095074108,BNB-USD,CRYPTO,yfinance,1d
2026-06-12,605.0452880859375,611.7357788085938,596.2879638671875,603.506591796875,994015378,BNB-USD,CRYPTO,yfinance,1d
2026-06-13,603.5062255859375,610.4230346679688,599.4810180664062,609.5437622070312,821135662,BNB-USD,CRYPTO,yfinance,1d
2026-06-14,609.542236328125,616.3787231445312,602.63818359375,616.0859375,1036522794,BNB-USD,CRYPTO,yfinance,1d
2026-06-15,616.0867919921875,631.1109619140625,612.6526489257812,617.421875,1343292765,BNB-USD,CRYPTO,yfinance,1d
2026-06-16,617.4208984375,618.8651733398438,602.8196411132812,604.3461303710938,1347367138,BNB-USD,CRYPTO,yfinance,1d
2026-06-17,604.347412109375,611.21240234375,596.4523315429688,600.9586791992188,1281028503,BNB-USD,CRYPTO,yfinance,1d
2026-06-18,600.9449462890625,603.1732788085938,573.3677978515625,578.0147094726562,1125978611,BNB-USD,CRYPTO,yfinance,1d
2026-06-19,578.0147094726562,581.93505859375,571.0119018554688,581.1637573242188,869522115,BNB-USD,CRYPTO,yfinance,1d
2026-06-20,581.2623901367188,588.56103515625,579.6949462890625,587.6138916015625,828038134,BNB-USD,CRYPTO,yfinance,1d
2026-06-21,587.6135864257812,591.3309326171875,583.7308959960938,583.7516479492188,758751631,BNB-USD,CRYPTO,yfinance,1d
2026-06-22,583.7490844726562,601.447021484375,583.7190551757812,589.918701171875,989771505,BNB-USD,CRYPTO,yfinance,1d
2026-06-23,589.895751953125,591.8448486328125,570.8225708007812,577.5996704101562,966075609,BNB-USD,CRYPTO,yfinance,1d
2026-06-24,577.6015625,580.5236206054688,548.5870361328125,563.7708129882812,1326402841,BNB-USD,CRYPTO,yfinance,1d
2026-06-25,563.77197265625,571.3173217773438,543.183837890625,559.7989501953125,1359821571,BNB-USD,CRYPTO,yfinance,1d
2026-06-26,559.7989501953125,568.9840087890625,550.2499389648438,566.8584594726562,1485816125,BNB-USD,CRYPTO,yfinance,1d
2026-06-27,566.8609008789062,567.6494750976562,555.2898559570312,556.390869140625,908411267,BNB-USD,CRYPTO,yfinance,1d
2026-06-28,556.3785400390625,557.9688110351562,545.8073120117188,550.69970703125,900129154,BNB-USD,CRYPTO,yfinance,1d
2026-06-29,550.6596069335938,561.3637084960938,546.3059692382812,558.668212890625,1115281924,BNB-USD,CRYPTO,yfinance,1d
2026-06-30,558.6676025390625,559.3113403320312,543.345703125,545.6861572265625,1113363069,BNB-USD,CRYPTO,yfinance,1d
2026-07-01,545.67919921875,557.3272705078125,538.5992431640625,550.1094970703125,1369626811,BNB-USD,CRYPTO,yfinance,1d
2026-07-02,550.1113891601562,566.0003051757812,546.3494262695312,558.0145263671875,1333013092,BNB-USD,CRYPTO,yfinance,1d
2026-07-03,558.0144653320312,574.17626953125,556.9342651367188,573.4421997070312,1081508938,BNB-USD,CRYPTO,yfinance,1d
2026-07-04,573.4444580078125,578.0556640625,568.4288940429688,574.9729614257812,1084811368,BNB-USD,CRYPTO,yfinance,1d
2026-07-05,574.9724731445312,592.1261596679688,568.5374145507812,588.9351196289062,1328089383,BNB-USD,CRYPTO,yfinance,1d
2026-07-06,588.9380493164062,592.1600341796875,570.1879272460938,585.4335327148438,1405839910,BNB-USD,CRYPTO,yfinance,1d
2026-07-07,585.4364624023438,587.1636962890625,576.1844482421875,576.7965698242188,1091645141,BNB-USD,CRYPTO,yfinance,1d
2026-07-08,576.7944946289062,578.3355712890625,560.27587890625,568.3060913085938,1104808263,BNB-USD,CRYPTO,yfinance,1d
2026-07-09,568.3072509765625,575.0242919921875,565.54150390625,568.4684448242188,1020956200,BNB-USD,CRYPTO,yfinance,1d
2026-07-10,568.4669799804688,577.5811157226562,568.12109375,575.031982421875,1039954030,BNB-USD,CRYPTO,yfinance,1d
2026-07-11,575.0352172851562,582.0732421875,573.1099243164062,574.8894653320312,869866045,BNB-USD,CRYPTO,yfinance,1d
2026-07-12,574.8919067382812,582.97216796875,570.0609130859375,573.9483032226562,968436788,BNB-USD,CRYPTO,yfinance,1d
2026-07-13,573.9459838867188,578.9523315429688,562.2921142578125,566.6336669921875,991239692,BNB-USD,CRYPTO,yfinance,1d
2026-07-14,566.6309814453125,583.3642578125,566.2113647460938,581.7556762695312,1188215639,BNB-USD,CRYPTO,yfinance,1d
2026-07-15,581.7587280273438,584.1309204101562,575.7394409179688,580.1040649414062,1170264202,BNB-USD,CRYPTO,yfinance,1d
2026-07-16,580.107421875,584.1412963867188,571.5925903320312,572.1932373046875,1034278765,BNB-USD,CRYPTO,yfinance,1d
2026-07-17,572.1828002929688,574.2609252929688,555.6729736328125,567.7648315429688,1233596492,BNB-USD,CRYPTO,yfinance,1d
2026-07-18,567.7681274414062,571.9390869140625,566.1561279296875,570.2855224609375,834755411,BNB-USD,CRYPTO,yfinance,1d
2026-07-19,570.2862548828125,571.658447265625,566.75439453125,570.4041748046875,824772602,BNB-USD,CRYPTO,yfinance,1d
2026-07-20,570.4097900390625,574.4619750976562,563.2748413085938,570.7332763671875,1103435923,BNB-USD,CRYPTO,yfinance,1d
2026-07-21,570.7421264648438,579.148193359375,570.5935668945312,573.5968627929688,1115064597,BNB-USD,CRYPTO,yfinance,1d
2026-07-22,573.602294921875,575.0814819335938,567.2611694335938,570.7539672851562,991239577,BNB-USD,CRYPTO,yfinance,1d
2026-07-23,570.7554931640625,571.7393188476562,564.103271484375,566.9454956054688,914774204,BNB-USD,CRYPTO,yfinance,1d
2026-07-24,566.9429321289062,570.5921630859375,556.7088012695312,564.3374633789062,1011337723,BNB-USD,CRYPTO,yfinance,1d
2026-07-25,564.3324584960938,569.3478393554688,563.613037109375,568.46875,785530621,BNB-USD,CRYPTO,yfinance,1d
2026-07-26,568.466796875,575.6427001953125,568.4383544921875,574.5038452148438,818584128,BNB-USD,CRYPTO,yfinance,1d
2026-07-27,574.5032958984375,576.2010498046875,565.3123779296875,565.73046875,961806343,BNB-USD,CRYPTO,yfinance,1d
2026-07-28,565.7461547851562,574.6143188476562,562.9065551757812,570.4871826171875,987867906,BNB-USD,CRYPTO,yfinance,1d
2026-07-29,570.495361328125,572.6674194335938,565.0828247070312,571.4020385742188,939729864,BNB-USD,CRYPTO,yfinance,1d
2026-07-30,571.4003295898438,595.229248046875,570.4595336914062,592.0128173828125,1326666570,BNB-USD,CRYPTO,yfinance,1d
2026-07-31,592.0213623046875,594.3985595703125,583.5209350585938,586.427001953125,1212212216,BNB-USD,CRYPTO,yfinance,1d
2026-08-01,586.4301147460938,591.578125,573.7284545898438,574.9596557617188,1092981314,BNB-USD,CRYPTO,yfinance,1d
2026-08-02,574.9642333984375,590.129638671875,573.700927734375,587.5682983398438,941393721,BNB-USD,CRYPTO,yfinance,1d
2026-08-03,587.5711059570312,593.3220825195312,580.8663330078125,588.795166015625,1006505117,BNB-USD,CRYPTO,yfinance,1d
2026-08-04,588.7953491210938,594.4669799804688,587.5797729492188,592.8079223632812,949346459,BNB-USD,CRYPTO,yfinance,1d
2026-08-05,592.7850952148438,603.9481201171875,591.8446044921875,593.2213134765625,1306888800,BNB-USD,CRYPTO,yfinance,1d
2026-08-06,593.2227783203125,597.4979248046875,589.6243286132812,591.6528930664062,953743093,BNB-USD,CRYPTO,yfinance,1d
2026-08-07,591.6525268554688,593.7726440429688,585.1305541992188,592.1971435546875,1370866961,BNB-USD,CRYPTO,yfinance,1d
2026-08-08,592.193115234375,609.5114135742188,590.5120239257812,600.4220581054688,1072496627,BNB-USD,CRYPTO,yfinance,1d
2026-08-09,600.4210205078125,610.097412109375,599.9470825195312,601.7662963867188,1032011852,BNB-USD,CRYPTO,yfinance,1d
2026-08-10,601.7837524414062,605.95361328125,597.3451538085938,598.6873168945312,1054595862,BNB-USD,CRYPTO,yfinance,1d
2026-08-11,598.6846923828125,616.8174438476562,598.1167602539062,616.4986572265625,1311056319,BNB-USD,CRYPTO,yfinance,1d
2026-08-12,616.498291015625,619.3920288085938,608.5897827148438,609.6798095703125,1179194321,BNB-USD,CRYPTO,yfinance,1d
2026-08-13,609.66552734375,614.0260009765625,605.6968994140625,610.0366821289062,991318908,BNB-USD,CRYPTO,yfinance,1d
2026-08-14,610.0361328125,611.791748046875,602.6419067382812,607.5797729492188,904964325,BNB-USD,CRYPTO,yfinance,1d
2026-08-15,607.5672607421875,611.7742919921875,606.889404296875,610.0599975585938,905074496,BNB-USD,CRYPTO,yfinance,1d
