date,open,high,low,close,volume,symbol,exchange,source,interval
2021-08-15,182.9389190673828,186.36778259277344,175.61293029785156,184.904296875,2463135987,LTC-USD,CRYPTO,yfinance,1d
2021-08-16,184.7760009765625,188.8373565673828,176.99046325683594,178.8544921875,2512505149,LTC-USD,CRYPTO,yfinance,1d
2021-08-17,178.15264892578125,184.22093200683594,168.340576171875,168.84263610839844,2207382233,LTC-USD,CRYPTO,yfinance,1d
2021-08-18,168.67343139648438,174.30966186523438,163.58016967773438,167.3966064453125,1933140312,LTC-USD,CRYPTO,yfinance,1d
2021-08-19,167.04376220703125,175.54293823242188,162.9866943359375,175.493408203125,1886756817,LTC-USD,CRYPTO,yfinance,1d
2021-08-20,175.4324951171875,184.08155822753906,174.3670196533203,183.62852478027344,1821956870,LTC-USD,CRYPTO,yfinance,1d
2021-08-21,183.65145874023438,184.413818359375,177.05250549316406,179.73614501953125,1735474978,LTC-USD,CRYPTO,yfinance,1d
2021-08-22,179.90740966796875,189.5882568359375,179.1482696533203,186.31309509277344,2051815458,LTC-USD,CRYPTO,yfinance,1d
2021-08-23,186.13238525390625,191.38265991210938,183.9352569580078,187.10643005371094,2033355063,LTC-USD,CRYPTO,yfinance,1d
2021-08-24,187.30474853515625,188.33013916015625,172.7820281982422,173.57681274414062,1968635010,LTC-USD,CRYPTO,yfinance,1d
2021-08-25,173.70973205566406,178.9541778564453,169.92413330078125,177.6032257080078,1766315141,LTC-USD,CRYPTO,yfinance,1d
2021-08-26,177.8907012939453,180.2177276611328,166.03240966796875,168.08558654785156,1967737081,LTC-USD,CRYPTO,yfinance,1d
2021-08-27,167.98785400390625,175.98440551757812,165.39891052246094,175.98440551757812,2747733541,LTC-USD,CRYPTO,yfinance,1d
2021-08-28,176.1288299560547,177.00636291503906,171.77511596679688,175.45408630371094,2197632103,LTC-USD,CRYPTO,yfinance,1d
2021-08-29,175.52719116210938,182.30320739746094,173.50204467773438,174.7042236328125,2336929993,LTC-USD,CRYPTO,yfinance,1d
2021-08-30,174.6308135986328,176.10398864746094,167.07908630371094,167.42466735839844,2322318232,LTC-USD,CRYPTO,yfinance,1d
2021-08-31,167.5045928955078,175.23890686035156,166.14059448242188,171.6592254638672,2252832552,LTC-USD,CRYPTO,yfinance,1d
2021-09-01,171.46517944335938,182.71591186523438,169.01461791992188,180.97216796875,2807031001,LTC-USD,CRYPTO,yfinance,1d
2021-09-02,180.95639038085938,187.88600158691406,179.7144775390625,183.61724853515625,2648327451,LTC-USD,CRYPTO,yfinance,1d
2021-09-03,183.43487548828125,217.51747131347656,180.1070556640625,212.96597290039062,5461104943,LTC-USD,CRYPTO,yfinance,1d
2021-09-04,212.96484375,225.11004638671875,208.9357147216797,212.35845947265625,4290103830,LTC-USD,CRYPTO,yfinance,1d
2021-09-05,211.97352600097656,231.95567321777344,210.74658203125,231.333984375,3796951481,LTC-USD,CRYPTO,yfinance,1d
2021-09-06,232.10145568847656,232.10145568847656,216.6732177734375,219.52577209472656,3846416196,LTC-USD,CRYPTO,yfinance,1d
2021-09-07,219.52459716796875,221.43191528320312,165.84286499023438,178.11439514160156,4888577997,LTC-USD,CRYPTO,yfinance,1d
2021-09-08,178.07594299316406,188.20123291015625,170.00404357910156,179.72467041015625,4614459511,LTC-USD,CRYPTO,yfinance,1d
2021-09-09,177.9097442626953,188.45785522460938,177.24061584472656,180.37680053710938,2895886861,LTC-USD,CRYPTO,yfinance,1d
2021-09-10,180.44834899902344,187.12901306152344,171.5594024658203,174.29603576660156,2640894542,LTC-USD,CRYPTO,yfinance,1d
2021-09-11,174.30833435058594,185.77748107910156,173.75514221191406,178.68856811523438,2374798275,LTC-USD,CRYPTO,yfinance,1d
2021-09-12,178.6846160888672,185.93312072753906,175.57394409179688,183.23448181152344,2524354411,LTC-USD,CRYPTO,yfinance,1d
2021-09-13,183.24244689941406,233.05685424804688,171.38385009765625,179.48394775390625,8716460338,LTC-USD,CRYPTO,yfinance,1d
2021-09-14,179.5534210205078,187.5938262939453,176.49996948242188,183.13906860351562,3674072759,LTC-USD,CRYPTO,yfinance,1d
2021-09-15,183.0461883544922,191.49803161621094,180.04246520996094,189.23941040039062,2966645617,LTC-USD,CRYPTO,yfinance,1d
2021-09-16,189.02932739257812,194.78985595703125,181.85879516601562,185.53807067871094,3890293445,LTC-USD,CRYPTO,yfinance,1d
2021-09-17,185.39852905273438,190.08932495117188,178.46478271484375,179.68408203125,3490133355,LTC-USD,CRYPTO,yfinance,1d
2021-09-18,179.83258056640625,184.87098693847656,178.50674438476562,181.30886840820312,2288894200,LTC-USD,CRYPTO,yfinance,1d
2021-09-19,181.24803161621094,181.47645568847656,173.23143005371094,175.7406005859375,2265327476,LTC-USD,CRYPTO,yfinance,1d
2021-09-20,175.7526092529297,175.9052734375,154.10418701171875,156.46401977539062,3091999618,LTC-USD,CRYPTO,yfinance,1d
2021-09-21,157.2126922607422,162.0477294921875,145.47476196289062,148.38987731933594,2676739911,LTC-USD,CRYPTO,yfinance,1d
2021-09-22,148.24111938476562,161.9007568359375,145.7730712890625,161.41200256347656,2470322802,LTC-USD,CRYPTO,yfinance,1d
2021-09-23,161.49305725097656,164.5155487060547,157.520751953125,163.81834411621094,2168287266,LTC-USD,CRYPTO,yfinance,1d
2021-09-24,163.8912811279297,165.76832580566406,142.44131469726562,152.2317352294922,3002639992,LTC-USD,CRYPTO,yfinance,1d
2021-09-25,152.22764587402344,155.52850341796875,149.2789306640625,151.18145751953125,2780149595,LTC-USD,CRYPTO,yfinance,1d
2021-09-26,151.1856231689453,153.4053497314453,142.54745483398438,150.640869140625,3285914022,LTC-USD,CRYPTO,yfinance,1d
2021-09-27,150.86325073242188,154.82504272460938,145.27651977539062,145.34957885742188,2675737537,LTC-USD,CRYPTO,yfinance,1d
2021-09-28,145.2202606201172,148.44705200195312,140.3708953857422,140.5971221923828,2716268316,LTC-USD,CRYPTO,yfinance,1d
2021-09-29,140.67201232910156,149.6635284423828,140.14515686035156,144.9186248779297,2611872987,LTC-USD,CRYPTO,yfinance,1d
2021-09-30,144.853759765625,154.19712829589844,144.1713409423828,153.1479949951172,2490894083,LTC-USD,CRYPTO,yfinance,1d
2021-10-01,153.2936553955078,168.00570678710938,151.5926513671875,166.1322021484375,3075986940,LTC-USD,CRYPTO,yfinance,1d
2021-10-02,166.21224975585938,172.634521484375,164.80014038085938,169.25892639160156,2954252473,LTC-USD,CRYPTO,yfinance,1d
2021-10-03,169.1682586669922,174.69522094726562,166.1136474609375,170.60997009277344,3020051826,LTC-USD,CRYPTO,yfinance,1d
2021-10-04,170.60240173339844,170.7590789794922,162.34503173828125,167.54014587402344,2809356425,LTC-USD,CRYPTO,yfinance,1d
2021-10-05,167.53915405273438,175.23277282714844,166.92149353027344,173.89108276367188,2779608244,LTC-USD,CRYPTO,yfinance,1d
2021-10-06,173.89476013183594,182.7165985107422,164.39273071289062,178.70567321777344,3434445937,LTC-USD,CRYPTO,yfinance,1d
2021-10-07,178.68307495117188,186.70028686523438,173.76512145996094,178.771728515625,3653828647,LTC-USD,CRYPTO,yfinance,1d
2021-10-08,178.61398315429688,182.8628387451172,174.97140502929688,175.97238159179688,3235639420,LTC-USD,CRYPTO,yfinance,1d
2021-10-09,175.8391571044922,182.5896453857422,175.0626220703125,179.65866088867188,3261336754,LTC-USD,CRYPTO,yfinance,1d
2021-10-10,179.779052734375,183.83078002929688,174.6259765625,175.31857299804688,2933958270,LTC-USD,CRYPTO,yfinance,1d
2021-10-11,175.10952758789062,185.08250427246094,173.7331085205078,179.42605590820312,3155773236,LTC-USD,CRYPTO,yfinance,1d
2021-10-12,179.44728088378906,179.44728088378906,167.44483947753906,172.79776000976562,3014739916,LTC-USD,CRYPTO,yfinance,1d
2021-10-13,172.65509033203125,179.43910217285156,168.02479553222656,177.62832641601562,2648806965,LTC-USD,CRYPTO,yfinance,1d
2021-10-14,177.54449462890625,185.91506958007812,177.16390991210938,180.11839294433594,2669021002,LTC-USD,CRYPTO,yfinance,1d
2021-10-15,181.00021362304688,192.36476135253906,176.94956970214844,188.8141326904297,3361284929,LTC-USD,CRYPTO,yfinance,1d
2021-10-16,189.49830627441406,192.17178344726562,185.43048095703125,186.18930053710938,2812657145,LTC-USD,CRYPTO,yfinance,1d
2021-10-17,186.02996826171875,187.79721069335938,178.02435302734375,183.73052978515625,2557228667,LTC-USD,CRYPTO,yfinance,1d
2021-10-18,183.8011474609375,187.1116485595703,179.23037719726562,185.55674743652344,2735635061,LTC-USD,CRYPTO,yfinance,1d
2021-10-19,185.6239013671875,191.05386352539062,183.9536895751953,188.9398193359375,2468334299,LTC-USD,CRYPTO,yfinance,1d
2021-10-20,188.86724853515625,208.83335876464844,185.98178100585938,206.87078857421875,2998361011,LTC-USD,CRYPTO,yfinance,1d
2021-10-21,207.3284454345703,214.02157592773438,196.4022979736328,196.8691864013672,2819160222,LTC-USD,CRYPTO,yfinance,1d
2021-10-22,196.94500732421875,201.31959533691406,188.53033447265625,190.82228088378906,2250306566,LTC-USD,CRYPTO,yfinance,1d
2021-10-23,190.98883056640625,197.44529724121094,189.37583923339844,196.30950927734375,1909421304,LTC-USD,CRYPTO,yfinance,1d
2021-10-24,196.46180725097656,199.4508056640625,185.7188720703125,190.9056854248047,1964457059,LTC-USD,CRYPTO,yfinance,1d
2021-10-25,190.57064819335938,197.3959503173828,189.87562561035156,195.299560546875,2117515772,LTC-USD,CRYPTO,yfinance,1d
2021-10-26,195.3643341064453,198.97657775878906,190.97183227539062,197.4688720703125,2152699224,LTC-USD,CRYPTO,yfinance,1d
2021-10-27,197.55178833007812,204.65245056152344,174.11334228515625,179.33412170410156,3305908613,LTC-USD,CRYPTO,yfinance,1d
2021-10-28,179.32862854003906,194.41094970703125,178.429443359375,189.97763061523438,2629059101,LTC-USD,CRYPTO,yfinance,1d
2021-10-29,189.90927124023438,197.90191650390625,188.79783630371094,196.34471130371094,2323635618,LTC-USD,CRYPTO,yfinance,1d
2021-10-30,196.4240264892578,197.02651977539062,188.016357421875,190.4823455810547,2152582091,LTC-USD,CRYPTO,yfinance,1d
2021-10-31,190.44384765625,194.93223571777344,187.3317108154297,191.81637573242188,2072793808,LTC-USD,CRYPTO,yfinance,1d
2021-11-01,192.04502868652344,200.49143981933594,188.3896484375,197.55499267578125,2301982951,LTC-USD,CRYPTO,yfinance,1d
2021-11-02,197.62567138671875,204.24156188964844,195.2384033203125,200.7246856689453,2197205823,LTC-USD,CRYPTO,yfinance,1d
2021-11-03,200.71893310546875,209.02328491210938,197.8549346923828,207.11013793945312,2526891232,LTC-USD,CRYPTO,yfinance,1d
2021-11-04,207.28309631347656,207.28309631347656,197.3330535888672,202.96798706054688,2297111488,LTC-USD,CRYPTO,yfinance,1d
2021-11-05,202.95184326171875,203.23916625976562,197.13235473632812,199.53793334960938,1691201016,LTC-USD,CRYPTO,yfinance,1d
2021-11-06,199.29800415039062,201.1033935546875,191.83587646484375,197.86636352539062,1562585003,LTC-USD,CRYPTO,yfinance,1d
2021-11-07,197.8972625732422,202.4279022216797,197.35459899902344,202.0513153076172,1368484091,LTC-USD,CRYPTO,yfinance,1d
2021-11-08,202.30235290527344,229.48040771484375,202.30235290527344,228.69619750976562,3069524134,LTC-USD,CRYPTO,yfinance,1d
2021-11-09,228.87667846679688,274.27752685546875,227.10169982910156,262.9067077636719,7006560647,LTC-USD,CRYPTO,yfinance,1d
2021-11-10,262.1584167480469,294.5628662109375,254.38720703125,261.2629699707031,7776726430,LTC-USD,CRYPTO,yfinance,1d
2021-11-11,260.8917541503906,273.7519226074219,251.60540771484375,263.0867004394531,3957519255,LTC-USD,CRYPTO,yfinance,1d
2021-11-12,262.6050720214844,281.9473876953125,244.24835205078125,251.55836486816406,4974432912,LTC-USD,CRYPTO,yfinance,1d
2021-11-13,251.19338989257812,263.6808166503906,245.50743103027344,258.09320068359375,2964986959,LTC-USD,CRYPTO,yfinance,1d
2021-11-14,257.9888000488281,279.2216796875,249.1079864501953,278.00750732421875,3230589098,LTC-USD,CRYPTO,yfinance,1d
2021-11-15,279.2409362792969,280.7282409667969,259.9883728027344,262.7633972167969,2797322397,LTC-USD,CRYPTO,yfinance,1d
2021-11-16,263.3050537109375,263.3050537109375,224.916748046875,230.59942626953125,4031751969,LTC-USD,CRYPTO,yfinance,1d
2021-11-17,230.64382934570312,234.9708709716797,221.84703063964844,229.5041046142578,2863410681,LTC-USD,CRYPTO,yfinance,1d
2021-11-18,229.75303649902344,232.0609130859375,200.68801879882812,204.42291259765625,3104667090,LTC-USD,CRYPTO,yfinance,1d
2021-11-19,204.15194702148438,220.94715881347656,200.1072540283203,218.13858032226562,2357308403,LTC-USD,CRYPTO,yfinance,1d
2021-11-20,218.11883544921875,227.61883544921875,213.79388427734375,227.07960510253906,2134869389,LTC-USD,CRYPTO,yfinance,1d
2021-11-21,226.9408416748047,230.3231658935547,220.05844116210938,221.77194213867188,1787880756,LTC-USD,CRYPTO,yfinance,1d
2021-11-22,221.7183837890625,221.82920837402344,205.91053771972656,209.15802001953125,2030965166,LTC-USD,CRYPTO,yfinance,1d
2021-11-23,209.31344604492188,218.42584228515625,205.91696166992188,216.38897705078125,1944651936,LTC-USD,CRYPTO,yfinance,1d
2021-11-24,216.36253356933594,217.84107971191406,206.5169219970703,209.8065948486328,1884041986,LTC-USD,CRYPTO,yfinance,1d
2021-11-25,212.23345947265625,229.64520263671875,210.92410278320312,215.63497924804688,1953190727,LTC-USD,CRYPTO,yfinance,1d
2021-11-26,222.91036987304688,224.8620147705078,190.84671020507812,194.87464904785156,2690646017,LTC-USD,CRYPTO,yfinance,1d
2021-11-27,195.557861328125,200.845458984375,191.19830322265625,195.17442321777344,1406618152,LTC-USD,CRYPTO,yfinance,1d
2021-11-28,195.4145965576172,199.8712158203125,184.1060333251953,199.35421752929688,1712282909,LTC-USD,CRYPTO,yfinance,1d
2021-11-29,199.5909881591797,209.2916259765625,195.7545623779297,205.87020874023438,1784850980,LTC-USD,CRYPTO,yfinance,1d
2021-11-30,205.73304748535156,218.3396453857422,198.14625549316406,208.01454162597656,2122547294,LTC-USD,CRYPTO,yfinance,1d
2021-12-01,207.63661193847656,217.50633239746094,205.80560302734375,208.97125244140625,1739548260,LTC-USD,CRYPTO,yfinance,1d
2021-12-02,208.8951416015625,209.8877410888672,200.59449768066406,203.4896240234375,1523272322,LTC-USD,CRYPTO,yfinance,1d
2021-12-03,203.568359375,207.6363067626953,182.541748046875,188.09971618652344,1805361744,LTC-USD,CRYPTO,yfinance,1d
2021-12-04,188.3485565185547,189.43101501464844,132.05429077148438,163.05270385742188,3667491155,LTC-USD,CRYPTO,yfinance,1d
2021-12-05,162.95724487304688,165.01788330078125,149.2733917236328,156.4097900390625,1952282406,LTC-USD,CRYPTO,yfinance,1d
2021-12-06,156.5113525390625,164.30856323242188,141.77304077148438,161.8865203857422,1959778935,LTC-USD,CRYPTO,yfinance,1d
2021-12-07,161.78375244140625,165.4556884765625,158.70608520507812,162.29286193847656,1510598217,LTC-USD,CRYPTO,yfinance,1d
2021-12-08,162.04222106933594,169.35586547851562,156.8856658935547,165.2234649658203,1705972971,LTC-USD,CRYPTO,yfinance,1d
2021-12-09,164.9592742919922,166.9373321533203,151.79530334472656,151.79530334472656,1373978010,LTC-USD,CRYPTO,yfinance,1d
2021-12-10,151.7544403076172,159.71279907226562,148.2205352783203,148.59829711914062,1344733451,LTC-USD,CRYPTO,yfinance,1d
2021-12-11,148.74195861816406,159.4130096435547,146.49546813964844,158.0419158935547,1207041548,LTC-USD,CRYPTO,yfinance,1d
2021-12-12,157.9253387451172,162.48501586914062,153.6103515625,159.20396423339844,870576845,LTC-USD,CRYPTO,yfinance,1d
2021-12-13,159.35443115234375,160.0882110595703,143.1669464111328,144.53590393066406,1097150357,LTC-USD,CRYPTO,yfinance,1d
2021-12-14,144.62205505371094,151.633056640625,143.42257690429688,146.0780029296875,1150775410,LTC-USD,CRYPTO,yfinance,1d
2021-12-15,150.61129760742188,154.86322021484375,142.0965576171875,153.51541137695312,1356025651,LTC-USD,CRYPTO,yfinance,1d
2021-12-16,153.51084899902344,156.61610412597656,148.71083068847656,148.9417266845703,1001741958,LTC-USD,CRYPTO,yfinance,1d
2021-12-17,148.98037719726562,150.3484649658203,142.02572631835938,144.33840942382812,973529667,LTC-USD,CRYPTO,yfinance,1d
2021-12-18,144.26478576660156,150.2078857421875,143.17318725585938,148.80140686035156,782184567,LTC-USD,CRYPTO,yfinance,1d
2021-12-19,148.71047973632812,160.16497802734375,147.891845703125,153.07763671875,1587190278,LTC-USD,CRYPTO,yfinance,1d
2021-12-20,153.26048278808594,157.30357360839844,145.53555297851562,152.62867736816406,1590290392,LTC-USD,CRYPTO,yfinance,1d
2021-12-21,152.505615234375,156.4102020263672,149.45191955566406,154.92709350585938,1053723085,LTC-USD,CRYPTO,yfinance,1d
2021-12-22,155.0339813232422,159.9808349609375,153.37020874023438,155.46749877929688,1111879486,LTC-USD,CRYPTO,yfinance,1d
2021-12-23,155.5389404296875,165.08154296875,153.58148193359375,163.44949340820312,1337153835,LTC-USD,CRYPTO,yfinance,1d
2021-12-24,163.55247497558594,166.69239807128906,160.67201232910156,161.42103576660156,1085980228,LTC-USD,CRYPTO,yfinance,1d
2021-12-25,161.49082946777344,163.69915771484375,157.7855987548828,157.7855987548828,959492046,LTC-USD,CRYPTO,yfinance,1d
2021-12-26,157.77371215820312,158.3427734375,153.33297729492188,155.99234008789062,1248012717,LTC-USD,CRYPTO,yfinance,1d
2021-12-27,155.88499450683594,161.08070373535156,154.733642578125,155.8812255859375,1057977478,LTC-USD,CRYPTO,yfinance,1d
2021-12-28,155.98207092285156,155.98207092285156,145.17674255371094,145.88687133789062,1315031071,LTC-USD,CRYPTO,yfinance,1d
2021-12-29,145.9368133544922,150.60934448242188,144.5751953125,145.5126190185547,1081715291,LTC-USD,CRYPTO,yfinance,1d
2021-12-30,145.58570861816406,149.8709259033203,143.23793029785156,148.2860107421875,838034968,LTC-USD,CRYPTO,yfinance,1d
2021-12-31,148.20953369140625,152.25169372558594,144.5597381591797,146.51473999023438,1051011688,LTC-USD,CRYPTO,yfinance,1d
2022-01-01,146.536865234375,150.7519989013672,146.45693969726562,150.6974334716797,691648227,LTC-USD,CRYPTO,yfinance,1d
2022-01-02,150.685302734375,152.93603515625,148.66310119628906,151.2554931640625,680239631,LTC-USD,CRYPTO,yfinance,1d
2022-01-03,151.26339721679688,151.26339721679688,146.6741943359375,148.4615936279297,755658603,LTC-USD,CRYPTO,yfinance,1d
2022-01-04,148.4677734375,151.33206176757812,146.5630645751953,146.81228637695312,789511706,LTC-USD,CRYPTO,yfinance,1d
2022-01-05,146.81129455566406,149.54522705078125,132.1007537841797,136.089111328125,1304198400,LTC-USD,CRYPTO,yfinance,1d
2022-01-06,136.0773162841797,137.7505340576172,133.3151397705078,136.5037841796875,1136595284,LTC-USD,CRYPTO,yfinance,1d
2022-01-07,136.4918670654297,136.52577209472656,128.08090209960938,131.4884490966797,1364180297,LTC-USD,CRYPTO,yfinance,1d
2022-01-08,131.49484252929688,134.629150390625,126.74758911132812,130.13748168945312,1002118315,LTC-USD,CRYPTO,yfinance,1d
2022-01-09,130.13734436035156,132.4771728515625,128.80877685546875,131.29832458496094,710682825,LTC-USD,CRYPTO,yfinance,1d
2022-01-10,131.3038787841797,131.51531982421875,122.6286849975586,126.83382415771484,1097888042,LTC-USD,CRYPTO,yfinance,1d
2022-01-11,126.8260498046875,133.20668029785156,126.28759002685547,131.54498291015625,834900749,LTC-USD,CRYPTO,yfinance,1d
2022-01-12,131.5546875,141.74012756347656,131.27281188964844,141.73719787597656,881585292,LTC-USD,CRYPTO,yfinance,1d
2022-01-13,141.7368621826172,142.0492401123047,135.3616943359375,136.6365203857422,886433982,LTC-USD,CRYPTO,yfinance,1d
2022-01-14,136.6469268798828,146.0211944580078,136.36302185058594,144.72491455078125,1204657825,LTC-USD,CRYPTO,yfinance,1d
2022-01-15,144.72024536132812,149.92144775390625,144.45794677734375,147.93740844726562,1001838786,LTC-USD,CRYPTO,yfinance,1d
2022-01-16,147.93226623535156,148.78028869628906,144.2544708251953,146.533203125,756580688,LTC-USD,CRYPTO,yfinance,1d
2022-01-17,146.5348358154297,153.14288330078125,145.17018127441406,151.66726684570312,1608309071,LTC-USD,CRYPTO,yfinance,1d
2022-01-18,151.65390014648438,152.90213012695312,139.51914978027344,141.89076232910156,1278790664,LTC-USD,CRYPTO,yfinance,1d
2022-01-19,141.8882598876953,142.82635498046875,133.73797607421875,136.9167022705078,926249070,LTC-USD,CRYPTO,yfinance,1d
2022-01-20,136.8967742919922,142.53172302246094,130.36119079589844,130.36500549316406,706911161,LTC-USD,CRYPTO,yfinance,1d
2022-01-21,130.3922882080078,130.82464599609375,112.4258804321289,114.3918685913086,1680709016,LTC-USD,CRYPTO,yfinance,1d
2022-01-22,114.4232406616211,116.67909240722656,99.7610092163086,108.42849731445312,2098519931,LTC-USD,CRYPTO,yfinance,1d
2022-01-23,108.46219635009766,112.39445495605469,106.59941864013672,112.08950805664062,1135598050,LTC-USD,CRYPTO,yfinance,1d
2022-01-24,112.10081481933594,112.19467163085938,98.66522216796875,109.59159851074219,1645918728,LTC-USD,CRYPTO,yfinance,1d
2022-01-25,109.59247589111328,109.68234252929688,106.33942413330078,108.06637573242188,909091096,LTC-USD,CRYPTO,yfinance,1d
2022-01-26,108.06230163574219,115.78300476074219,105.84998321533203,107.28218078613281,1064088735,LTC-USD,CRYPTO,yfinance,1d
2022-01-27,107.26136016845703,109.46898651123047,103.78439331054688,106.9535140991211,825647673,LTC-USD,CRYPTO,yfinance,1d
2022-01-28,106.92748260498047,109.83932495117188,105.81873321533203,109.43273162841797,683706404,LTC-USD,CRYPTO,yfinance,1d
2022-01-29,109.43119812011719,111.85406494140625,108.31248474121094,110.82367706298828,592402655,LTC-USD,CRYPTO,yfinance,1d
2022-01-30,110.83002471923828,112.042724609375,107.72004699707031,108.79985809326172,537737428,LTC-USD,CRYPTO,yfinance,1d
2022-01-31,108.7991714477539,110.9894027709961,105.02007293701172,109.58769989013672,691404381,LTC-USD,CRYPTO,yfinance,1d
2022-02-01,109.58943939208984,116.3658218383789,108.66441345214844,115.4020004272461,824048434,LTC-USD,CRYPTO,yfinance,1d
2022-02-02,115.40450286865234,115.88226318359375,108.43699645996094,108.55602264404297,743395485,LTC-USD,CRYPTO,yfinance,1d
2022-02-03,108.53465270996094,110.28700256347656,106.41796875,110.28700256347656,683428425,LTC-USD,CRYPTO,yfinance,1d
2022-02-04,110.29109954833984,120.92221069335938,109.00498962402344,120.91803741455078,953726676,LTC-USD,CRYPTO,yfinance,1d
2022-02-05,120.92329406738281,123.39488220214844,119.2457046508789,121.91674041748047,736360985,LTC-USD,CRYPTO,yfinance,1d
2022-02-06,121.91934967041016,127.44550323486328,121.42715454101562,127.44550323486328,782675364,LTC-USD,CRYPTO,yfinance,1d
2022-02-07,127.44465637207031,139.24339294433594,125.56070709228516,137.10739135742188,1131143500,LTC-USD,CRYPTO,yfinance,1d
2022-02-08,137.14239501953125,142.35386657714844,130.99807739257812,133.99124145507812,1373203815,LTC-USD,CRYPTO,yfinance,1d
2022-02-09,133.96217346191406,140.7852020263672,132.8143310546875,140.17160034179688,1036393461,LTC-USD,CRYPTO,yfinance,1d
2022-02-10,140.1739044189453,143.23289489746094,135.08839416503906,135.08839416503906,1276403767,LTC-USD,CRYPTO,yfinance,1d
2022-02-11,135.0928497314453,135.0928497314453,125.37024688720703,126.03115844726562,1080587719,LTC-USD,CRYPTO,yfinance,1d
2022-02-12,126.01290893554688,127.5803451538086,122.20375061035156,126.68367767333984,832593853,LTC-USD,CRYPTO,yfinance,1d
2022-02-13,126.6707763671875,128.6428985595703,124.2199478149414,126.20421600341797,688706404,LTC-USD,CRYPTO,yfinance,1d
2022-02-14,126.1347885131836,126.63776397705078,122.24359893798828,124.80005645751953,712457600,LTC-USD,CRYPTO,yfinance,1d
2022-02-15,124.79279327392578,132.11190795898438,124.23802185058594,131.7626190185547,783234535,LTC-USD,CRYPTO,yfinance,1d
2022-02-16,131.76052856445312,131.76744079589844,126.02102661132812,128.1608428955078,715637001,LTC-USD,CRYPTO,yfinance,1d
2022-02-17,128.1046600341797,128.73141479492188,115.7144546508789,116.30241394042969,938120691,LTC-USD,CRYPTO,yfinance,1d
2022-02-18,116.33308410644531,121.5430679321289,114.9232177734375,115.19709014892578,1205742846,LTC-USD,CRYPTO,yfinance,1d
2022-02-19,115.19397735595703,116.9888687133789,113.67295837402344,115.7090072631836,686244892,LTC-USD,CRYPTO,yfinance,1d
2022-02-20,115.70782470703125,115.70782470703125,109.14817810058594,110.83203887939453,736479992,LTC-USD,CRYPTO,yfinance,1d
2022-02-21,110.83516693115234,114.31229400634766,103.37959289550781,103.45049285888672,980192105,LTC-USD,CRYPTO,yfinance,1d
2022-02-22,103.43082427978516,107.60649871826172,101.27152252197266,107.52279663085938,902125484,LTC-USD,CRYPTO,yfinance,1d
2022-02-23,107.51875305175781,110.81077575683594,105.79009246826172,105.96595001220703,740588315,LTC-USD,CRYPTO,yfinance,1d
2022-02-24,105.941650390625,106.20594024658203,92.61260986328125,104.2304916381836,1676181000,LTC-USD,CRYPTO,yfinance,1d
2022-02-25,104.23491668701172,110.33592987060547,102.05580139160156,109.26631164550781,903266080,LTC-USD,CRYPTO,yfinance,1d
2022-02-26,109.26405334472656,113.2392578125,107.20553588867188,108.24365997314453,773091210,LTC-USD,CRYPTO,yfinance,1d
2022-02-27,108.23714447021484,109.87517547607422,102.35350799560547,103.10559844970703,706861756,LTC-USD,CRYPTO,yfinance,1d
2022-02-28,103.10042572021484,113.47457885742188,102.22742462158203,113.47457885742188,930577763,LTC-USD,CRYPTO,yfinance,1d
2022-03-01,113.47608184814453,115.579833984375,110.73099517822266,112.5440444946289,951568702,LTC-USD,CRYPTO,yfinance,1d
2022-03-02,112.54029846191406,114.24375915527344,109.67251586914062,110.35135650634766,838169853,LTC-USD,CRYPTO,yfinance,1d
2022-03-03,110.35635375976562,112.50371551513672,108.96234893798828,111.35211944580078,905649306,LTC-USD,CRYPTO,yfinance,1d
2022-03-04,111.41283416748047,112.35623168945312,100.20732116699219,101.39179992675781,930473366,LTC-USD,CRYPTO,yfinance,1d
2022-03-05,101.40840148925781,105.35140991210938,100.21807861328125,104.97718811035156,548783174,LTC-USD,CRYPTO,yfinance,1d
2022-03-06,104.98062133789062,105.60908508300781,101.54561614990234,101.59391784667969,563304861,LTC-USD,CRYPTO,yfinance,1d
2022-03-07,101.59587860107422,103.66204071044922,97.23695373535156,98.8692626953125,756482342,LTC-USD,CRYPTO,yfinance,1d
2022-03-08,98.861572265625,102.16033172607422,98.49970245361328,100.61764526367188,699527175,LTC-USD,CRYPTO,yfinance,1d
2022-03-09,100.62169647216797,109.04586029052734,100.62169647216797,106.94209289550781,812074655,LTC-USD,CRYPTO,yfinance,1d
2022-03-10,106.93419647216797,106.97227478027344,100.6696548461914,102.65550994873047,814685365,LTC-USD,CRYPTO,yfinance,1d
2022-03-11,102.64948272705078,106.56657409667969,100.50381469726562,104.9653549194336,764305866,LTC-USD,CRYPTO,yfinance,1d
2022-03-12,104.96475982666016,107.76637268066406,104.80728149414062,105.8323974609375,536251476,LTC-USD,CRYPTO,yfinance,1d
2022-03-13,105.81227111816406,107.20188903808594,101.9041748046875,102.11479949951172,535011513,LTC-USD,CRYPTO,yfinance,1d
2022-03-14,102.11121368408203,105.77667236328125,101.50162506103516,105.67365264892578,743010065,LTC-USD,CRYPTO,yfinance,1d
2022-03-15,105.66586303710938,108.43423461914062,102.769775390625,106.98857116699219,713675630,LTC-USD,CRYPTO,yfinance,1d
2022-03-16,106.97649383544922,111.36539459228516,106.00885772705078,111.35919189453125,977477844,LTC-USD,CRYPTO,yfinance,1d
2022-03-17,111.35095977783203,111.42870330810547,108.8695297241211,110.31023406982422,616556664,LTC-USD,CRYPTO,yfinance,1d
2022-03-18,110.3034439086914,112.78976440429688,108.48085021972656,112.1158676147461,644181133,LTC-USD,CRYPTO,yfinance,1d
2022-03-19,112.0879135131836,116.3732681274414,111.79776000976562,116.3732681274414,741516370,LTC-USD,CRYPTO,yfinance,1d
2022-03-20,116.35651397705078,117.76000213623047,111.93087768554688,114.82913970947266,859708742,LTC-USD,CRYPTO,yfinance,1d
2022-03-21,114.83430480957031,116.62821197509766,113.74230194091797,116.15872955322266,833192537,LTC-USD,CRYPTO,yfinance,1d
2022-03-22,116.15018463134766,123.14498901367188,115.76655578613281,122.92796325683594,1124098345,LTC-USD,CRYPTO,yfinance,1d
2022-03-23,122.92251586914062,124.09307098388672,119.09693908691406,122.47541809082031,872780593,LTC-USD,CRYPTO,yfinance,1d
2022-03-24,122.46806335449219,127.2931900024414,120.85211944580078,126.5812759399414,1007870447,LTC-USD,CRYPTO,yfinance,1d
2022-03-25,126.58251953125,127.09410095214844,122.37696075439453,124.06736755371094,822120492,LTC-USD,CRYPTO,yfinance,1d
2022-03-26,124.0710678100586,125.3609390258789,122.28739166259766,124.88133239746094,560151992,LTC-USD,CRYPTO,yfinance,1d
2022-03-27,124.88927459716797,129.39747619628906,123.67554473876953,129.39747619628906,740569100,LTC-USD,CRYPTO,yfinance,1d
2022-03-28,129.400634765625,132.4124755859375,127.85274505615234,127.93861389160156,943699101,LTC-USD,CRYPTO,yfinance,1d
2022-03-29,127.91148376464844,131.78604125976562,127.72942352294922,130.0612335205078,837905297,LTC-USD,CRYPTO,yfinance,1d
2022-03-30,130.0547332763672,133.9067840576172,127.10261535644531,131.16934204101562,928949835,LTC-USD,CRYPTO,yfinance,1d
2022-03-31,131.16636657714844,132.77642822265625,122.52271270751953,123.71601104736328,1352615724,LTC-USD,CRYPTO,yfinance,1d
2022-04-01,123.73169708251953,125.9663314819336,120.12483215332031,124.8831787109375,854575075,LTC-USD,CRYPTO,yfinance,1d
2022-04-02,124.88237762451172,128.0952911376953,124.46917724609375,124.9234848022461,761262628,LTC-USD,CRYPTO,yfinance,1d
2022-04-03,124.90180969238281,129.3058319091797,124.21853637695312,128.9462127685547,676091829,LTC-USD,CRYPTO,yfinance,1d
2022-04-04,128.90708923339844,128.90708923339844,122.1119613647461,124.86170196533203,849319392,LTC-USD,CRYPTO,yfinance,1d
2022-04-05,124.85990905761719,127.07330322265625,123.19573211669922,123.21317291259766,662578353,LTC-USD,CRYPTO,yfinance,1d
2022-04-06,123.20003509521484,123.24894714355469,112.46133422851562,112.46133422851562,1017954203,LTC-USD,CRYPTO,yfinance,1d
2022-04-07,112.4710464477539,114.8778305053711,111.46580505371094,114.23019409179688,635873842,LTC-USD,CRYPTO,yfinance,1d
2022-04-08,114.23804473876953,115.08161926269531,110.61835479736328,110.88206481933594,747638227,LTC-USD,CRYPTO,yfinance,1d
2022-04-09,110.87825775146484,112.78964233398438,110.57122039794922,112.77727508544922,519806313,LTC-USD,CRYPTO,yfinance,1d
2022-04-10,112.77835845947266,114.36927032470703,111.17377471923828,111.17377471923828,510044015,LTC-USD,CRYPTO,yfinance,1d
2022-04-11,111.15314483642578,111.15314483642578,102.59768676757812,102.60739135742188,807193871,LTC-USD,CRYPTO,yfinance,1d
2022-04-12,102.64373016357422,105.67218780517578,102.25173950195312,104.82841491699219,638546461,LTC-USD,CRYPTO,yfinance,1d
2022-04-13,104.82460021972656,110.66858673095703,104.24492645263672,110.48245239257812,806829114,LTC-USD,CRYPTO,yfinance,1d
2022-04-14,110.47949981689453,112.1144790649414,106.3903579711914,107.41104125976562,736401323,LTC-USD,CRYPTO,yfinance,1d
2022-04-15,107.41422271728516,112.62550354003906,107.39665985107422,111.10934448242188,802528770,LTC-USD,CRYPTO,yfinance,1d
2022-04-16,111.1059341430664,114.53565216064453,110.54190063476562,114.43070983886719,639352139,LTC-USD,CRYPTO,yfinance,1d
2022-04-17,114.40483093261719,114.96900939941406,108.76372528076172,109.04278564453125,673093200,LTC-USD,CRYPTO,yfinance,1d
2022-04-18,109.0355224609375,111.32576751708984,105.70491027832031,111.22614288330078,810603033,LTC-USD,CRYPTO,yfinance,1d
2022-04-19,111.2291030883789,113.99000549316406,110.82780456542969,113.81208801269531,653731832,LTC-USD,CRYPTO,yfinance,1d
2022-04-20,113.81503295898438,113.92158508300781,111.04325103759766,111.97969055175781,669392298,LTC-USD,CRYPTO,yfinance,1d
2022-04-21,111.97532653808594,114.22015380859375,106.3016357421875,106.99798583984375,747220318,LTC-USD,CRYPTO,yfinance,1d
2022-04-22,106.99688720703125,108.34490203857422,105.54610443115234,105.60062408447266,668097133,LTC-USD,CRYPTO,yfinance,1d
2022-04-23,105.60206604003906,107.1333236694336,105.31648254394531,105.5043716430664,502713461,LTC-USD,CRYPTO,yfinance,1d
2022-04-24,105.49246215820312,105.93083953857422,104.10662841796875,104.62260437011719,487505921,LTC-USD,CRYPTO,yfinance,1d
2022-04-25,104.62039947509766,104.75668334960938,99.51075744628906,104.68701934814453,802054036,LTC-USD,CRYPTO,yfinance,1d
2022-04-26,104.67106628417969,105.1731948852539,97.59080505371094,98.40467834472656,702800418,LTC-USD,CRYPTO,yfinance,1d
2022-04-27,98.41316986083984,101.74410247802734,98.2237319946289,100.53875732421875,692599516,LTC-USD,CRYPTO,yfinance,1d
2022-04-28,100.54241180419922,104.09369659423828,100.00948333740234,103.32334899902344,780434505,LTC-USD,CRYPTO,yfinance,1d
2022-04-29,103.31861877441406,104.0232162475586,99.0388412475586,100.37800598144531,861249271,LTC-USD,CRYPTO,yfinance,1d
2022-04-30,100.37875366210938,101.41122436523438,95.9476318359375,96.16598510742188,604900808,LTC-USD,CRYPTO,yfinance,1d
2022-05-01,96.1678695678711,99.78279876708984,95.4847183227539,99.43577575683594,592413785,LTC-USD,CRYPTO,yfinance,1d
2022-05-02,99.4337158203125,101.51068115234375,98.60585021972656,100.69322967529297,613922891,LTC-USD,CRYPTO,yfinance,1d
2022-05-03,100.69754791259766,101.26874542236328,97.839599609375,99.343017578125,542363905,LTC-USD,CRYPTO,yfinance,1d
2022-05-04,99.33872985839844,106.80409240722656,99.26563262939453,106.27486419677734,768693782,LTC-USD,CRYPTO,yfinance,1d
2022-05-05,106.27082061767578,106.71279907226562,95.52877807617188,96.91891479492188,842334241,LTC-USD,CRYPTO,yfinance,1d
2022-05-06,96.9092788696289,98.20873260498047,94.0890121459961,96.79175567626953,769940452,LTC-USD,CRYPTO,yfinance,1d
2022-05-07,96.7942123413086,97.03630828857422,93.34791564941406,94.5708999633789,551811127,LTC-USD,CRYPTO,yfinance,1d
2022-05-08,94.57154846191406,95.5822982788086,92.00299072265625,93.97643280029297,729348318,LTC-USD,CRYPTO,yfinance,1d
2022-05-09,93.97541809082031,94.77955627441406,77.9571533203125,77.9571533203125,1207155617,LTC-USD,CRYPTO,yfinance,1d
2022-05-10,77.83116912841797,84.61721801757812,74.82234954833984,80.2268295288086,1720920553,LTC-USD,CRYPTO,yfinance,1d
2022-05-11,80.2115478515625,82.39093017578125,65.52423858642578,66.38880157470703,1899877236,LTC-USD,CRYPTO,yfinance,1d
2022-05-12,66.40777587890625,69.25701904296875,55.322547912597656,64.40274810791016,1925404691,LTC-USD,CRYPTO,yfinance,1d
2022-05-13,64.38304901123047,72.84160614013672,63.49441146850586,67.96253967285156,1140599762,LTC-USD,CRYPTO,yfinance,1d
2022-05-14,67.94561004638672,69.99917602539062,64.62065887451172,68.95030975341797,743433183,LTC-USD,CRYPTO,yfinance,1d
2022-05-15,68.93971252441406,71.5303726196289,66.55667114257812,71.5303726196289,741432120,LTC-USD,CRYPTO,yfinance,1d
2022-05-16,71.51973724365234,71.51973724365234,65.45767211914062,67.21134948730469,722439504,LTC-USD,CRYPTO,yfinance,1d
2022-05-17,67.21218872070312,73.51004028320312,67.21218872070312,72.96931457519531,802347484,LTC-USD,CRYPTO,yfinance,1d
2022-05-18,72.96766662597656,74.03701782226562,66.41563415527344,66.41563415527344,756026173,LTC-USD,CRYPTO,yfinance,1d
2022-05-19,66.38671112060547,72.20411682128906,65.17798614501953,72.0966796875,801021670,LTC-USD,CRYPTO,yfinance,1d
2022-05-20,72.0771713256836,72.90673828125,67.09920501708984,68.65829467773438,729408177,LTC-USD,CRYPTO,yfinance,1d
2022-05-21,68.6545639038086,70.42964935302734,68.1723403930664,69.7057876586914,449401029,LTC-USD,CRYPTO,yfinance,1d
2022-05-22,69.70726776123047,72.30361938476562,69.52865600585938,71.77400207519531,449155414,LTC-USD,CRYPTO,yfinance,1d
2022-05-23,71.76394653320312,73.74264526367188,68.99034881591797,69.01275634765625,736854342,LTC-USD,CRYPTO,yfinance,1d
2022-05-24,69.01382446289062,70.5352783203125,67.68013763427734,70.32154846191406,588236113,LTC-USD,CRYPTO,yfinance,1d
2022-05-25,70.31922149658203,71.43646240234375,68.29042053222656,68.31311798095703,529431480,LTC-USD,CRYPTO,yfinance,1d
2022-05-26,68.31510925292969,68.71247863769531,61.34075164794922,63.8281364440918,721052783,LTC-USD,CRYPTO,yfinance,1d
2022-05-27,63.80057907104492,63.928550720214844,61.28740310668945,61.56392288208008,646210455,LTC-USD,CRYPTO,yfinance,1d
2022-05-28,61.55788040161133,62.68661117553711,61.55788040161133,62.31327819824219,615552947,LTC-USD,CRYPTO,yfinance,1d
2022-05-29,63.063594818115234,64.26547241210938,62.10664367675781,63.74662780761719,418602793,LTC-USD,CRYPTO,yfinance,1d
2022-05-30,63.74580001831055,69.29692840576172,63.4140739440918,69.12091827392578,587913790,LTC-USD,CRYPTO,yfinance,1d
2022-05-31,69.11026763916016,69.56275177001953,67.18134307861328,68.41138458251953,532691935,LTC-USD,CRYPTO,yfinance,1d
2022-06-01,68.41702270507812,70.07642364501953,62.54636764526367,62.96781921386719,754343388,LTC-USD,CRYPTO,yfinance,1d
2022-06-02,62.96444320678711,64.6100082397461,62.394325256347656,64.45135498046875,497215110,LTC-USD,CRYPTO,yfinance,1d
2022-06-03,64.45580291748047,64.7627182006836,61.78827667236328,62.659263610839844,445994255,LTC-USD,CRYPTO,yfinance,1d
2022-06-04,62.65883255004883,64.20510864257812,61.72530746459961,63.74738311767578,365451394,LTC-USD,CRYPTO,yfinance,1d
2022-06-05,63.749755859375,63.78080749511719,62.06110763549805,63.2078742980957,358399957,LTC-USD,CRYPTO,yfinance,1d
2022-06-06,63.21474838256836,66.29419708251953,63.08821487426758,64.41727447509766,500130108,LTC-USD,CRYPTO,yfinance,1d
2022-06-07,64.4180679321289,65.3266830444336,60.5591926574707,63.90550994873047,578504158,LTC-USD,CRYPTO,yfinance,1d
2022-06-08,63.89841079711914,64.25390625,61.54667663574219,61.54667663574219,590606981,LTC-USD,CRYPTO,yfinance,1d
2022-06-09,61.543853759765625,62.28816604614258,59.836326599121094,60.215972900390625,461393198,LTC-USD,CRYPTO,yfinance,1d
2022-06-10,60.21354293823242,60.21354293823242,56.479984283447266,56.658416748046875,631581518,LTC-USD,CRYPTO,yfinance,1d
2022-06-11,56.66562271118164,57.678855895996094,52.23197555541992,52.29166030883789,735247033,LTC-USD,CRYPTO,yfinance,1d
2022-06-12,52.30757522583008,52.59090042114258,48.13050842285156,48.228904724121094,674269221,LTC-USD,CRYPTO,yfinance,1d
2022-06-13,48.21331787109375,48.21331787109375,41.629676818847656,43.30030059814453,1135771941,LTC-USD,CRYPTO,yfinance,1d
2022-06-14,43.314002990722656,46.132015228271484,40.68040466308594,46.132015228271484,1038406218,LTC-USD,CRYPTO,yfinance,1d
2022-06-15,46.133480072021484,50.64122009277344,41.901668548583984,50.49177169799805,1082980140,LTC-USD,CRYPTO,yfinance,1d
2022-06-16,50.51575469970703,50.88089370727539,44.331329345703125,44.6997184753418,754689123,LTC-USD,CRYPTO,yfinance,1d
2022-06-17,44.70615768432617,48.25876235961914,44.57722473144531,47.684913635253906,624241753,LTC-USD,CRYPTO,yfinance,1d
2022-06-18,47.68170166015625,48.20722579956055,41.93596267700195,47.247257232666016,878504763,LTC-USD,CRYPTO,yfinance,1d
2022-06-19,47.23798751831055,55.684326171875,45.20140075683594,54.32316589355469,1408560758,LTC-USD,CRYPTO,yfinance,1d
2022-06-20,54.321990966796875,54.37226486206055,51.61100387573242,52.90559387207031,867331545,LTC-USD,CRYPTO,yfinance,1d
2022-06-21,52.89878463745117,55.45185852050781,52.14239501953125,53.5076789855957,683095131,LTC-USD,CRYPTO,yfinance,1d
2022-06-22,53.52071762084961,53.57326889038086,50.77501678466797,52.10539245605469,571710882,LTC-USD,CRYPTO,yfinance,1d
2022-06-23,52.109195709228516,56.43814468383789,52.04600524902344,55.76283264160156,675234042,LTC-USD,CRYPTO,yfinance,1d
2022-06-24,55.76162338256836,56.961769104003906,54.882591247558594,55.99228286743164,589158085,LTC-USD,CRYPTO,yfinance,1d
2022-06-25,55.99024200439453,59.52711868286133,55.081539154052734,58.96992874145508,560628121,LTC-USD,CRYPTO,yfinance,1d
2022-06-26,58.955406188964844,60.300819396972656,56.87559509277344,56.87614440917969,486759815,LTC-USD,CRYPTO,yfinance,1d
2022-06-27,56.86295700073242,58.51468276977539,55.249855041503906,55.92555618286133,456437012,LTC-USD,CRYPTO,yfinance,1d
2022-06-28,55.91389083862305,56.72005081176758,52.752288818359375,52.81161117553711,519374670,LTC-USD,CRYPTO,yfinance,1d
2022-06-29,52.80720138549805,54.23308181762695,51.790496826171875,53.42253875732422,557459009,LTC-USD,CRYPTO,yfinance,1d
2022-06-30,53.447410583496094,53.736392974853516,50.4050178527832,53.64842987060547,632075268,LTC-USD,CRYPTO,yfinance,1d
2022-07-01,53.699031829833984,55.61848831176758,50.38762283325195,51.11524200439453,628538818,LTC-USD,CRYPTO,yfinance,1d
2022-07-02,51.13259506225586,51.41740036010742,49.99398422241211,50.48544692993164,448609019,LTC-USD,CRYPTO,yfinance,1d
2022-07-03,50.484867095947266,51.498252868652344,49.34320831298828,50.97217559814453,402299367,LTC-USD,CRYPTO,yfinance,1d
2022-07-04,50.97188186645508,52.282711029052734,49.877628326416016,52.24381637573242,425036720,LTC-USD,CRYPTO,yfinance,1d
2022-07-05,52.238739013671875,52.33161544799805,48.23786163330078,49.83059310913086,559357113,LTC-USD,CRYPTO,yfinance,1d
2022-07-06,49.8358039855957,50.592315673828125,49.25436019897461,50.361087799072266,429814449,LTC-USD,CRYPTO,yfinance,1d
2022-07-07,50.360191345214844,52.406734466552734,49.85165786743164,52.14289474487305,478192342,LTC-USD,CRYPTO,yfinance,1d
2022-07-08,52.140445709228516,53.74789810180664,50.95570373535156,51.5649528503418,565652402,LTC-USD,CRYPTO,yfinance,1d
2022-07-09,51.55635452270508,54.49441909790039,51.478233337402344,54.16061782836914,444782359,LTC-USD,CRYPTO,yfinance,1d
2022-07-10,54.15983963012695,54.881256103515625,51.16180419921875,52.16814041137695,616041879,LTC-USD,CRYPTO,yfinance,1d
2022-07-11,52.16533660888672,52.16533660888672,48.62705612182617,48.77458953857422,393277100,LTC-USD,CRYPTO,yfinance,1d
2022-07-12,48.7748908996582,49.12919235229492,47.53236389160156,47.54238510131836,368912014,LTC-USD,CRYPTO,yfinance,1d
2022-07-13,47.544437408447266,49.56312561035156,46.662994384765625,49.56312561035156,447352506,LTC-USD,CRYPTO,yfinance,1d
2022-07-14,49.55903625488281,51.504188537597656,48.13614273071289,51.218807220458984,420169921,LTC-USD,CRYPTO,yfinance,1d
2022-07-15,51.22144317626953,52.44595718383789,50.814613342285156,51.798065185546875,442039141,LTC-USD,CRYPTO,yfinance,1d
2022-07-16,51.794742584228516,55.255428314208984,51.19859313964844,55.12516403198242,426040229,LTC-USD,CRYPTO,yfinance,1d
2022-07-17,55.12351989746094,56.83445358276367,54.720367431640625,55.721351623535156,579886019,LTC-USD,CRYPTO,yfinance,1d
2022-07-18,55.7232666015625,59.00438690185547,55.528221130371094,58.62628936767578,604964726,LTC-USD,CRYPTO,yfinance,1d
2022-07-19,58.61126708984375,59.19778060913086,56.11280059814453,57.98419952392578,579491163,LTC-USD,CRYPTO,yfinance,1d
2022-07-20,57.98867416381836,61.46427917480469,56.781219482421875,57.23776626586914,662964095,LTC-USD,CRYPTO,yfinance,1d
2022-07-21,57.240596771240234,58.519569396972656,55.461177825927734,58.099822998046875,464802265,LTC-USD,CRYPTO,yfinance,1d
2022-07-22,58.10052490234375,59.097774505615234,55.72700881958008,56.17611312866211,464241227,LTC-USD,CRYPTO,yfinance,1d
2022-07-23,56.16364669799805,57.15965270996094,54.76734924316406,56.42631912231445,380442502,LTC-USD,CRYPTO,yfinance,1d
2022-07-24,56.42781066894531,59.61155700683594,56.397010803222656,58.48570251464844,402627822,LTC-USD,CRYPTO,yfinance,1d
2022-07-25,58.48329544067383,58.794830322265625,54.366275787353516,54.366275787353516,445424172,LTC-USD,CRYPTO,yfinance,1d
2022-07-26,54.353599548339844,54.353599548339844,52.19551086425781,53.7901725769043,400322025,LTC-USD,CRYPTO,yfinance,1d
2022-07-27,53.798828125,58.95100402832031,53.15217590332031,58.95100402832031,529603132,LTC-USD,CRYPTO,yfinance,1d
2022-07-28,58.95376205444336,63.92095947265625,58.64144515991211,63.46399688720703,757291482,LTC-USD,CRYPTO,yfinance,1d
2022-07-29,63.46464157104492,64.30512237548828,60.12721252441406,60.92249298095703,664571137,LTC-USD,CRYPTO,yfinance,1d
2022-07-30,60.917049407958984,63.77112579345703,60.22955322265625,60.44015121459961,667982996,LTC-USD,CRYPTO,yfinance,1d
2022-07-31,60.44405746459961,62.79286193847656,59.896419525146484,59.909507751464844,502294495,LTC-USD,CRYPTO,yfinance,1d
2022-08-01,59.91562271118164,60.570430755615234,58.44951629638672,59.53544616699219,467875340,LTC-USD,CRYPTO,yfinance,1d
2022-08-02,59.53025817871094,59.72209167480469,56.88901901245117,58.24385452270508,524322092,LTC-USD,CRYPTO,yfinance,1d
2022-08-03,58.23983383178711,60.00974655151367,56.97088623046875,57.80519104003906,472558915,LTC-USD,CRYPTO,yfinance,1d
2022-08-04,57.805233001708984,60.375362396240234,57.7509651184082,59.848575592041016,437413922,LTC-USD,CRYPTO,yfinance,1d
2022-08-05,59.839481353759766,62.40865707397461,59.70073318481445,62.40127182006836,463122316,LTC-USD,CRYPTO,yfinance,1d
2022-08-06,62.40816116333008,62.433921813964844,60.789920806884766,60.91834259033203,291347560,LTC-USD,CRYPTO,yfinance,1d
2022-08-07,60.920589447021484,61.940494537353516,60.20869064331055,61.1023063659668,276519336,LTC-USD,CRYPTO,yfinance,1d
2022-08-08,61.10433578491211,63.9603385925293,60.94041061401367,62.59212875366211,384554405,LTC-USD,CRYPTO,yfinance,1d
2022-08-09,62.59897994995117,62.782325744628906,58.754459381103516,59.2599983215332,406076522,LTC-USD,CRYPTO,yfinance,1d
2022-08-10,59.25986862182617,62.17228317260742,58.078102111816406,61.603851318359375,543530224,LTC-USD,CRYPTO,yfinance,1d
2022-08-11,61.606346130371094,63.256103515625,61.574462890625,61.90461349487305,472762678,LTC-USD,CRYPTO,yfinance,1d
2022-08-12,61.9041862487793,62.962833404541016,60.873382568359375,62.932228088378906,370984475,LTC-USD,CRYPTO,yfinance,1d
2022-08-13,62.934349060058594,65.3356704711914,62.72484588623047,63.7535285949707,391896085,LTC-USD,CRYPTO,yfinance,1d
2022-08-14,63.75997543334961,65.62770080566406,62.91333770751953,63.30875778198242,411725410,LTC-USD,CRYPTO,yfinance,1d
2022-08-15,63.30583572387695,65.17250061035156,60.03242111206055,60.82551574707031,487425277,LTC-USD,CRYPTO,yfinance,1d
2022-08-16,60.807071685791016,61.54142761230469,60.23854064941406,61.34233856201172,400419587,LTC-USD,CRYPTO,yfinance,1d
2022-08-17,61.337974548339844,64.56123352050781,60.03407287597656,60.3741569519043,564337359,LTC-USD,CRYPTO,yfinance,1d
2022-08-18,60.39039993286133,61.56446075439453,59.82616424560547,60.04568862915039,375531380,LTC-USD,CRYPTO,yfinance,1d
2022-08-19,60.04190444946289,60.10254669189453,53.635345458984375,54.0316276550293,598011455,LTC-USD,CRYPTO,yfinance,1d
2022-08-20,54.02425765991211,55.569393157958984,53.15416717529297,54.18755340576172,473723831,LTC-USD,CRYPTO,yfinance,1d
2022-08-21,54.18001174926758,55.935054779052734,53.987640380859375,55.492027282714844,346325352,LTC-USD,CRYPTO,yfinance,1d
2022-08-22,55.497440338134766,57.2607421875,52.51923370361328,57.25567626953125,766070930,LTC-USD,CRYPTO,yfinance,1d
2022-08-23,57.24626922607422,57.5816650390625,54.28071212768555,57.07943344116211,524532444,LTC-USD,CRYPTO,yfinance,1d
2022-08-24,57.0779914855957,57.46327209472656,55.827903747558594,56.47816848754883,471510182,LTC-USD,CRYPTO,yfinance,1d
2022-08-25,56.47560501098633,57.36817169189453,56.08835220336914,56.79257583618164,432646387,LTC-USD,CRYPTO,yfinance,1d
2022-08-26,56.78224182128906,57.95991134643555,52.51424026489258,52.744449615478516,567680603,LTC-USD,CRYPTO,yfinance,1d
2022-08-27,52.758628845214844,53.28228759765625,52.11684036254883,53.05023956298828,392990718,LTC-USD,CRYPTO,yfinance,1d
2022-08-28,53.04772186279297,55.6735725402832,52.711055755615234,53.61201858520508,485789560,LTC-USD,CRYPTO,yfinance,1d
2022-08-29,53.610782623291016,56.5727424621582,52.94242477416992,55.77189254760742,526456711,LTC-USD,CRYPTO,yfinance,1d
2022-08-30,55.77510070800781,56.06769561767578,52.30454635620117,53.05681228637695,464828759,LTC-USD,CRYPTO,yfinance,1d
2022-08-31,53.05765914916992,55.09647750854492,53.05765914916992,53.85666275024414,439496760,LTC-USD,CRYPTO,yfinance,1d
2022-09-01,53.85836410522461,57.57414627075195,53.549686431884766,57.52796936035156,584763245,LTC-USD,CRYPTO,yfinance,1d
2022-09-02,57.524898529052734,62.07897186279297,56.644378662109375,61.04099655151367,761493332,LTC-USD,CRYPTO,yfinance,1d
2022-09-03,61.03767776489258,61.95997619628906,59.83968734741211,60.134803771972656,529966061,LTC-USD,CRYPTO,yfinance,1d
2022-09-04,60.142940521240234,60.91429138183594,58.82038879394531,60.90089416503906,404022021,LTC-USD,CRYPTO,yfinance,1d
2022-09-05,60.90159606933594,61.32762908935547,59.51828384399414,60.416404724121094,450815584,LTC-USD,CRYPTO,yfinance,1d
2022-09-06,60.4139518737793,62.34904861450195,54.3062744140625,54.31306076049805,671460963,LTC-USD,CRYPTO,yfinance,1d
2022-09-07,54.302589416503906,58.10066223144531,53.299686431884766,57.41590118408203,623767136,LTC-USD,CRYPTO,yfinance,1d
2022-09-08,57.41305923461914,58.4691162109375,56.34557342529297,58.003257751464844,539805386,LTC-USD,CRYPTO,yfinance,1d
2022-09-09,58.00151824951172,61.653663635253906,57.855316162109375,61.23288345336914,610797768,LTC-USD,CRYPTO,yfinance,1d
2022-09-10,61.225059509277344,64.44889831542969,60.87065124511719,63.431644439697266,611529013,LTC-USD,CRYPTO,yfinance,1d
2022-09-11,63.427024841308594,64.26847839355469,61.82975387573242,62.24362564086914,467207228,LTC-USD,CRYPTO,yfinance,1d
2022-09-12,62.246158599853516,62.94322967529297,60.38718795776367,61.36201477050781,527623332,LTC-USD,CRYPTO,yfinance,1d
2022-09-13,61.36082077026367,67.06636810302734,58.63788986206055,59.10230255126953,1001779466,LTC-USD,CRYPTO,yfinance,1d
2022-09-14,59.061370849609375,60.84946823120117,58.701507568359375,60.14519119262695,622750084,LTC-USD,CRYPTO,yfinance,1d
2022-09-15,60.14997100830078,60.608158111572266,56.19339370727539,56.35026168823242,629471575,LTC-USD,CRYPTO,yfinance,1d
2022-09-16,56.35547637939453,56.75113296508789,54.940608978271484,55.844261169433594,471316851,LTC-USD,CRYPTO,yfinance,1d
2022-09-17,55.85560607910156,58.34921646118164,55.85560607910156,57.81655502319336,354646581,LTC-USD,CRYPTO,yfinance,1d
2022-09-18,57.81219482421875,57.821388244628906,52.83761978149414,52.84428405761719,447780228,LTC-USD,CRYPTO,yfinance,1d
2022-09-19,52.832515716552734,53.63090515136719,50.42839050292969,52.87487030029297,687424376,LTC-USD,CRYPTO,yfinance,1d
2022-09-20,52.88425064086914,53.530235290527344,51.1770133972168,52.36106491088867,561066601,LTC-USD,CRYPTO,yfinance,1d
2022-09-21,52.35625076293945,55.26560592651367,50.69179916381836,51.236183166503906,681284602,LTC-USD,CRYPTO,yfinance,1d
2022-09-22,51.23323440551758,53.88665771484375,50.80744552612305,53.51061248779297,480101560,LTC-USD,CRYPTO,yfinance,1d
2022-09-23,53.51188659667969,55.22101593017578,51.89682388305664,55.08971405029297,560635011,LTC-USD,CRYPTO,yfinance,1d
2022-09-24,55.09682846069336,55.630455017089844,53.438209533691406,53.5192985534668,451262561,LTC-USD,CRYPTO,yfinance,1d
2022-09-25,53.5197868347168,54.27486801147461,52.55524826049805,52.63199996948242,385124912,LTC-USD,CRYPTO,yfinance,1d
2022-09-26,52.63922882080078,53.624149322509766,52.22364044189453,53.432064056396484,464070272,LTC-USD,CRYPTO,yfinance,1d
2022-09-27,53.43476486206055,55.31169128417969,52.032012939453125,52.73725891113281,507500545,LTC-USD,CRYPTO,yfinance,1d
2022-09-28,52.73012161254883,53.66436767578125,51.35790252685547,53.30842590332031,479078426,LTC-USD,CRYPTO,yfinance,1d
2022-09-29,53.30769348144531,53.956153869628906,52.44720458984375,53.91404724121094,406391539,LTC-USD,CRYPTO,yfinance,1d
2022-09-30,53.91484069824219,54.98878860473633,53.03111267089844,53.397037506103516,412604499,LTC-USD,CRYPTO,yfinance,1d
2022-10-01,53.40304183959961,53.70939636230469,52.705291748046875,52.90686798095703,256914103,LTC-USD,CRYPTO,yfinance,1d
2022-10-02,52.90461349487305,53.39273452758789,51.91116714477539,51.9116325378418,270394848,LTC-USD,CRYPTO,yfinance,1d
2022-10-03,51.91643142700195,54.23301696777344,51.77304458618164,54.17620849609375,361537838,LTC-USD,CRYPTO,yfinance,1d
2022-10-04,54.17231750488281,55.60553741455078,53.98905944824219,55.2984619140625,346928233,LTC-USD,CRYPTO,yfinance,1d
2022-10-05,55.29716491699219,55.304988861083984,53.48540115356445,54.579307556152344,333262024,LTC-USD,CRYPTO,yfinance,1d
2022-10-06,54.580135345458984,54.993560791015625,53.464698791503906,53.49364471435547,359457748,LTC-USD,CRYPTO,yfinance,1d
2022-10-07,53.49896240234375,53.78902816772461,52.47561264038086,52.866939544677734,350100261,LTC-USD,CRYPTO,yfinance,1d
2022-10-08,52.86621856689453,53.49382019042969,52.56524658203125,52.79837417602539,262572900,LTC-USD,CRYPTO,yfinance,1d
2022-10-09,52.796817779541016,53.910037994384766,52.747379302978516,53.910037994384766,255019662,LTC-USD,CRYPTO,yfinance,1d
2022-10-10,53.91397476196289,54.36719512939453,52.75587463378906,52.75587463378906,381643338,LTC-USD,CRYPTO,yfinance,1d
2022-10-11,52.747901916503906,52.74837875366211,51.54995346069336,52.0184211730957,348076873,LTC-USD,CRYPTO,yfinance,1d
2022-10-12,52.020790100097656,52.86455154418945,51.87591552734375,52.22134780883789,329386156,LTC-USD,CRYPTO,yfinance,1d
2022-10-13,52.22258758544922,52.44142532348633,48.87171936035156,51.24348449707031,535442367,LTC-USD,CRYPTO,yfinance,1d
2022-10-14,51.240760803222656,52.482601165771484,51.03215408325195,51.3155632019043,356949435,LTC-USD,CRYPTO,yfinance,1d
2022-10-15,51.314369201660156,51.612220764160156,50.44257736206055,50.469181060791016,256385346,LTC-USD,CRYPTO,yfinance,1d
2022-10-16,50.46696853637695,51.72751235961914,50.45616149902344,51.480918884277344,264200642,LTC-USD,CRYPTO,yfinance,1d
2022-10-17,51.47489929199219,52.0576286315918,51.15899658203125,51.84383773803711,284788683,LTC-USD,CRYPTO,yfinance,1d
2022-10-18,51.84373092651367,52.15135955810547,50.90192794799805,51.87700271606445,302736361,LTC-USD,CRYPTO,yfinance,1d
2022-10-19,51.878692626953125,51.964622497558594,50.9465446472168,50.98663330078125,275310850,LTC-USD,CRYPTO,yfinance,1d
2022-10-20,50.98495864868164,51.958187103271484,50.721534729003906,51.191001892089844,289082998,LTC-USD,CRYPTO,yfinance,1d
2022-10-21,51.194400787353516,51.774085998535156,49.96644973754883,51.62337112426758,369983730,LTC-USD,CRYPTO,yfinance,1d
2022-10-22,51.623756408691406,52.46562194824219,51.43117904663086,52.180171966552734,304008099,LTC-USD,CRYPTO,yfinance,1d
2022-10-23,52.181556701660156,53.95036697387695,51.944881439208984,53.95036697387695,344691478,LTC-USD,CRYPTO,yfinance,1d
2022-10-24,53.95069122314453,54.16692352294922,52.2632942199707,52.569244384765625,397590910,LTC-USD,CRYPTO,yfinance,1d
2022-10-25,52.56521987915039,56.69667053222656,52.392093658447266,56.02515411376953,544831810,LTC-USD,CRYPTO,yfinance,1d
2022-10-26,56.012290954589844,57.4550895690918,55.77552795410156,56.39167785644531,615500789,LTC-USD,CRYPTO,yfinance,1d
2022-10-27,56.39434051513672,56.6036262512207,54.72449493408203,54.80760955810547,531516232,LTC-USD,CRYPTO,yfinance,1d
2022-10-28,54.80946350097656,55.39767074584961,53.736907958984375,55.00389862060547,485918370,LTC-USD,CRYPTO,yfinance,1d
2022-10-29,55.00160217285156,57.38797378540039,54.776119232177734,56.496177673339844,680353979,LTC-USD,CRYPTO,yfinance,1d
2022-10-30,56.51261520385742,57.30467987060547,54.90853500366211,55.38955307006836,476487677,LTC-USD,CRYPTO,yfinance,1d
2022-10-31,55.38230895996094,56.294715881347656,54.229270935058594,55.084434509277344,530884510,LTC-USD,CRYPTO,yfinance,1d
2022-11-01,55.08561325073242,55.830039978027344,54.63513946533203,55.12718963623047,427975211,LTC-USD,CRYPTO,yfinance,1d
2022-11-02,55.12697219848633,62.11707305908203,54.834171295166016,60.558467864990234,1674017428,LTC-USD,CRYPTO,yfinance,1d
2022-11-03,60.563323974609375,64.2907943725586,60.42015075683594,61.92131423950195,1257411661,LTC-USD,CRYPTO,yfinance,1d
2022-11-04,61.91897964477539,69.36846160888672,61.81066131591797,67.59659576416016,2151904532,LTC-USD,CRYPTO,yfinance,1d
2022-11-05,67.59465789794922,71.28485107421875,67.28504943847656,69.72119903564453,1505513756,LTC-USD,CRYPTO,yfinance,1d
2022-11-06,69.68710327148438,70.4658432006836,67.89131164550781,68.08605194091797,1004920656,LTC-USD,CRYPTO,yfinance,1d
2022-11-07,68.11200714111328,72.61084747314453,67.28209686279297,67.65226745605469,1373144070,LTC-USD,CRYPTO,yfinance,1d
2022-11-08,67.6431884765625,68.26932525634766,56.00795364379883,57.39180374145508,1854346680,LTC-USD,CRYPTO,yfinance,1d
2022-11-09,57.4444465637207,59.548316955566406,49.33195495605469,50.65857696533203,1725423337,LTC-USD,CRYPTO,yfinance,1d
2022-11-10,50.65410614013672,61.0633430480957,50.26551055908203,60.361053466796875,1623775451,LTC-USD,CRYPTO,yfinance,1d
2022-11-11,60.35039520263672,63.74396514892578,59.21273422241211,61.24228286743164,1292495839,LTC-USD,CRYPTO,yfinance,1d
2022-11-12,61.258323669433594,61.48381423950195,58.682254791259766,59.855552673339844,694111623,LTC-USD,CRYPTO,yfinance,1d
2022-11-13,59.861961364746094,60.19234848022461,56.75194549560547,57.48717498779297,514877448,LTC-USD,CRYPTO,yfinance,1d
2022-11-14,57.473968505859375,59.03120040893555,53.97700119018555,56.546199798583984,812582160,LTC-USD,CRYPTO,yfinance,1d
2022-11-15,56.54057693481445,59.43242645263672,56.54057693481445,58.00726318359375,554300042,LTC-USD,CRYPTO,yfinance,1d
2022-11-16,57.99906921386719,59.97846603393555,56.982696533203125,57.516422271728516,589292031,LTC-USD,CRYPTO,yfinance,1d
2022-11-17,57.51876449584961,62.91094970703125,57.27116012573242,62.48411560058594,781698635,LTC-USD,CRYPTO,yfinance,1d
2022-11-18,62.486942291259766,63.61214065551758,61.68499755859375,62.64376449584961,658083895,LTC-USD,CRYPTO,yfinance,1d
2022-11-19,62.635292053222656,64.29181671142578,61.63325500488281,63.81239700317383,536167505,LTC-USD,CRYPTO,yfinance,1d
2022-11-20,63.81458282470703,64.51478576660156,60.910369873046875,62.00232696533203,608805129,LTC-USD,CRYPTO,yfinance,1d
2022-11-21,62.0029411315918,63.187744140625,59.8094596862793,61.37348937988281,869131451,LTC-USD,CRYPTO,yfinance,1d
2022-11-22,61.36384963989258,70.49604034423828,61.302490234375,70.44279479980469,1313490535,LTC-USD,CRYPTO,yfinance,1d
2022-11-23,70.46426391601562,81.56343841552734,69.78589630126953,79.00006866455078,2115042339,LTC-USD,CRYPTO,yfinance,1d
2022-11-24,78.99910736083984,79.03105163574219,76.00837707519531,78.83014678955078,1248286495,LTC-USD,CRYPTO,yfinance,1d
2022-11-25,78.80712127685547,78.85713958740234,73.60417938232422,74.02890014648438,891650503,LTC-USD,CRYPTO,yfinance,1d
2022-11-26,74.0214614868164,79.24798583984375,74.0214614868164,76.37289428710938,765406705,LTC-USD,CRYPTO,yfinance,1d
2022-11-27,76.38352966308594,78.89019012451172,74.84988403320312,75.04431915283203,622191865,LTC-USD,CRYPTO,yfinance,1d
2022-11-28,75.04519653320312,75.28052520751953,70.88888549804688,74.12022399902344,848737350,LTC-USD,CRYPTO,yfinance,1d
2022-11-29,74.08927154541016,77.37468719482422,73.67680358886719,75.98377227783203,784423812,LTC-USD,CRYPTO,yfinance,1d
2022-11-30,75.98596954345703,79.78611755371094,75.76333618164062,79.2977066040039,730020088,LTC-USD,CRYPTO,yfinance,1d
2022-12-01,79.29113006591797,79.94892120361328,76.67385864257812,77.51800537109375,662986878,LTC-USD,CRYPTO,yfinance,1d
2022-12-02,77.52195739746094,77.95706939697266,75.7491683959961,77.95148468017578,458462393,LTC-USD,CRYPTO,yfinance,1d
2022-12-03,77.9508285522461,77.95121765136719,75.7414321899414,76.59791564941406,348753640,LTC-USD,CRYPTO,yfinance,1d
2022-12-04,76.58692932128906,77.21934509277344,75.92654418945312,77.21428680419922,322480996,LTC-USD,CRYPTO,yfinance,1d
2022-12-05,77.20143127441406,83.82389068603516,76.93034362792969,80.26353454589844,974931920,LTC-USD,CRYPTO,yfinance,1d
2022-12-06,80.25992584228516,81.64342498779297,77.9024658203125,79.92121887207031,561961413,LTC-USD,CRYPTO,yfinance,1d
2022-12-07,79.91864013671875,80.21939086914062,76.16535949707031,77.03605651855469,569587946,LTC-USD,CRYPTO,yfinance,1d
2022-12-08,77.02951049804688,78.54460144042969,74.81533813476562,78.3898696899414,612007545,LTC-USD,CRYPTO,yfinance,1d
2022-12-09,78.38641357421875,78.56754302978516,76.09815979003906,76.33456420898438,440676994,LTC-USD,CRYPTO,yfinance,1d
2022-12-10,76.34083557128906,77.32261657714844,75.98724365234375,76.3709945678711,272669009,LTC-USD,CRYPTO,yfinance,1d
2022-12-11,76.37084197998047,78.26119232177734,76.37084197998047,76.6280517578125,286405662,LTC-USD,CRYPTO,yfinance,1d
2022-12-12,76.625244140625,76.625244140625,73.81819915771484,76.22152709960938,463127138,LTC-USD,CRYPTO,yfinance,1d
2022-12-13,76.2125244140625,79.5179672241211,74.82292938232422,77.344482421875,680106244,LTC-USD,CRYPTO,yfinance,1d
2022-12-14,77.35295867919922,78.9631576538086,75.3160400390625,75.47586059570312,583539478,LTC-USD,CRYPTO,yfinance,1d
2022-12-15,75.47409057617188,75.47409057617188,72.1849136352539,72.3354721069336,471322636,LTC-USD,CRYPTO,yfinance,1d
2022-12-16,72.34021759033203,73.45869445800781,65.80487823486328,66.32679748535156,725577784,LTC-USD,CRYPTO,yfinance,1d
2022-12-17,66.33074188232422,67.53433227539062,63.48716735839844,64.9578857421875,688308693,LTC-USD,CRYPTO,yfinance,1d
2022-12-18,64.9636459350586,65.63925170898438,63.55735397338867,64.55413055419922,335700601,LTC-USD,CRYPTO,yfinance,1d
2022-12-19,64.56124114990234,64.83087158203125,61.860809326171875,63.3414306640625,461264127,LTC-USD,CRYPTO,yfinance,1d
2022-12-20,63.351200103759766,65.95455169677734,63.235496520996094,65.74638366699219,519783204,LTC-USD,CRYPTO,yfinance,1d
2022-12-21,65.7381362915039,66.65327453613281,64.90047454833984,65.39140319824219,375489125,LTC-USD,CRYPTO,yfinance,1d
2022-12-22,65.39942169189453,66.5145492553711,64.51705169677734,66.15167236328125,368489876,LTC-USD,CRYPTO,yfinance,1d
2022-12-23,66.15280151367188,66.59639739990234,65.45034790039062,65.77222442626953,306694378,LTC-USD,CRYPTO,yfinance,1d
2022-12-24,65.77223205566406,66.01224517822266,65.26317596435547,65.77478790283203,178396939,LTC-USD,CRYPTO,yfinance,1d
2022-12-25,65.77474975585938,69.36314392089844,65.54060363769531,69.20626831054688,335124962,LTC-USD,CRYPTO,yfinance,1d
2022-12-26,69.20682525634766,70.8349380493164,68.71089172363281,70.68474578857422,457389047,LTC-USD,CRYPTO,yfinance,1d
2022-12-27,70.67948150634766,70.84424591064453,67.97071075439453,68.74790954589844,440850738,LTC-USD,CRYPTO,yfinance,1d
2022-12-28,68.7469482421875,69.21504211425781,66.10697174072266,66.33906555175781,457672812,LTC-USD,CRYPTO,yfinance,1d
2022-12-29,66.34163665771484,67.1692886352539,65.92817687988281,66.7510757446289,337784432,LTC-USD,CRYPTO,yfinance,1d
2022-12-30,66.74835205078125,68.33097839355469,66.3155288696289,67.99403381347656,324391932,LTC-USD,CRYPTO,yfinance,1d
2022-12-31,67.99822998046875,70.88714599609375,67.7869644165039,69.9962158203125,367586009,LTC-USD,CRYPTO,yfinance,1d
2023-01-01,70.00282287597656,71.32891082763672,69.2348861694336,70.81565856933594,344383885,LTC-USD,CRYPTO,yfinance,1d
2023-01-02,70.82049560546875,75.75517272949219,70.22737884521484,74.86290740966797,699498243,LTC-USD,CRYPTO,yfinance,1d
2023-01-03,74.86341094970703,76.1574935913086,74.21105194091797,75.60272216796875,562329324,LTC-USD,CRYPTO,yfinance,1d
2023-01-04,75.60233306884766,77.644287109375,74.65835571289062,75.43390655517578,577893231,LTC-USD,CRYPTO,yfinance,1d
2023-01-05,75.43116760253906,76.17188262939453,73.91404724121094,74.25080871582031,432215597,LTC-USD,CRYPTO,yfinance,1d
2023-01-06,74.25939178466797,76.26553344726562,73.01207733154297,75.9925765991211,537790219,LTC-USD,CRYPTO,yfinance,1d
2023-01-07,75.99344635009766,76.60201263427734,75.66865539550781,76.37344360351562,332539243,LTC-USD,CRYPTO,yfinance,1d
2023-01-08,76.36907958984375,77.6822738647461,75.52995300292969,77.6822738647461,384160222,LTC-USD,CRYPTO,yfinance,1d
2023-01-09,77.67666625976562,83.28827667236328,77.67666625976562,81.747314453125,879528523,LTC-USD,CRYPTO,yfinance,1d
2023-01-10,81.73111724853516,82.59616088867188,79.88059997558594,80.88751983642578,561103552,LTC-USD,CRYPTO,yfinance,1d
2023-01-11,80.88765716552734,84.414794921875,80.1606216430664,84.0703125,651624972,LTC-USD,CRYPTO,yfinance,1d
2023-01-12,84.28632354736328,86.03971862792969,82.8438491821289,85.96422576904297,919252860,LTC-USD,CRYPTO,yfinance,1d
2023-01-13,85.96900939941406,87.58306121826172,83.92391204833984,86.34003448486328,726155927,LTC-USD,CRYPTO,yfinance,1d
2023-01-14,86.33483123779297,90.64549255371094,86.17276000976562,87.81385803222656,1235692684,LTC-USD,CRYPTO,yfinance,1d
2023-01-15,87.81404113769531,88.45198059082031,85.99716186523438,87.36553192138672,575262096,LTC-USD,CRYPTO,yfinance,1d
2023-01-16,87.36483001708984,88.84612274169922,85.13117218017578,85.83431243896484,643419793,LTC-USD,CRYPTO,yfinance,1d
2023-01-17,85.84930419921875,88.6110610961914,85.00495147705078,87.11742401123047,689233513,LTC-USD,CRYPTO,yfinance,1d
2023-01-18,87.12406158447266,88.21279907226562,82.76156616210938,82.77532958984375,745330320,LTC-USD,CRYPTO,yfinance,1d
2023-01-19,82.76729583740234,84.42252349853516,82.14119720458984,84.23226928710938,468877565,LTC-USD,CRYPTO,yfinance,1d
2023-01-20,84.23062133789062,90.72124481201172,83.22157287597656,90.49322509765625,618138690,LTC-USD,CRYPTO,yfinance,1d
2023-01-21,90.4991455078125,91.3327865600586,88.31027221679688,88.31465148925781,678058077,LTC-USD,CRYPTO,yfinance,1d
2023-01-22,88.31466674804688,89.89444732666016,86.98963165283203,87.62997436523438,525923629,LTC-USD,CRYPTO,yfinance,1d
2023-01-23,87.63065338134766,92.5329818725586,87.63065338134766,90.02592468261719,674337929,LTC-USD,CRYPTO,yfinance,1d
2023-01-24,90.01139068603516,91.09490203857422,86.69969177246094,87.202880859375,508764326,LTC-USD,CRYPTO,yfinance,1d
2023-01-25,87.21868133544922,91.62334442138672,85.99020385742188,89.38101196289062,526831341,LTC-USD,CRYPTO,yfinance,1d
2023-01-26,89.36752319335938,89.85004425048828,87.17108917236328,87.5894546508789,495312033,LTC-USD,CRYPTO,yfinance,1d
2023-01-27,87.59169006347656,89.10095977783203,86.3469009399414,88.84580993652344,432915139,LTC-USD,CRYPTO,yfinance,1d
2023-01-28,88.85044860839844,89.6626968383789,87.50555419921875,89.60193634033203,403642649,LTC-USD,CRYPTO,yfinance,1d
2023-01-29,89.60147094726562,97.46087646484375,89.60147094726562,95.05005645751953,1052463965,LTC-USD,CRYPTO,yfinance,1d
2023-01-30,95.04669952392578,95.84671783447266,89.49971771240234,91.26243591308594,767486345,LTC-USD,CRYPTO,yfinance,1d
2023-01-31,91.26331329345703,95.99915313720703,91.26331329345703,94.30811309814453,786998062,LTC-USD,CRYPTO,yfinance,1d
2023-02-01,94.2973861694336,101.98343658447266,94.0133056640625,100.4436264038086,1000421802,LTC-USD,CRYPTO,yfinance,1d
2023-02-02,100.43993377685547,101.87773132324219,98.49517822265625,98.690185546875,679499126,LTC-USD,CRYPTO,yfinance,1d
2023-02-03,98.67835998535156,100.4805679321289,98.03994750976562,99.9709243774414,581587515,LTC-USD,CRYPTO,yfinance,1d
2023-02-04,99.96023559570312,101.08512115478516,98.52680206298828,98.6144790649414,412470764,LTC-USD,CRYPTO,yfinance,1d
2023-02-05,98.6142349243164,98.81040954589844,95.21514892578125,96.45875549316406,467715468,LTC-USD,CRYPTO,yfinance,1d
2023-02-06,96.46707916259766,97.8489990234375,95.40951538085938,96.06245422363281,454784285,LTC-USD,CRYPTO,yfinance,1d
2023-02-07,96.04475402832031,101.16192626953125,95.97954559326172,100.92766571044922,723164903,LTC-USD,CRYPTO,yfinance,1d
2023-02-08,100.92325592041016,102.02371978759766,97.43045043945312,99.2076187133789,627006188,LTC-USD,CRYPTO,yfinance,1d
2023-02-09,99.21289825439453,99.3779296875,90.92083740234375,92.09846496582031,835624265,LTC-USD,CRYPTO,yfinance,1d
2023-02-10,92.09505462646484,94.0442886352539,91.3700942993164,93.52928161621094,636744666,LTC-USD,CRYPTO,yfinance,1d
2023-02-11,93.53056335449219,94.70785522460938,93.03905487060547,94.43054962158203,410760115,LTC-USD,CRYPTO,yfinance,1d
2023-02-12,94.42091369628906,94.52456665039062,91.60399627685547,92.39573669433594,367491351,LTC-USD,CRYPTO,yfinance,1d
2023-02-13,92.39724731445312,94.67049407958984,88.84952545166016,91.12174987792969,681702114,LTC-USD,CRYPTO,yfinance,1d
2023-02-14,91.1250991821289,95.76618194580078,90.53520202636719,95.68757629394531,594958420,LTC-USD,CRYPTO,yfinance,1d
2023-02-15,95.68885803222656,102.81857299804688,95.18052673339844,102.79530334472656,725730052,LTC-USD,CRYPTO,yfinance,1d
2023-02-16,102.78801727294922,104.48017120361328,98.91292572021484,98.95220184326172,737793870,LTC-USD,CRYPTO,yfinance,1d
2023-02-17,98.9504623413086,101.54397583007812,98.67265319824219,100.30950927734375,725287123,LTC-USD,CRYPTO,yfinance,1d
2023-02-18,100.3018798828125,101.61112976074219,99.2220230102539,99.7918472290039,625887364,LTC-USD,CRYPTO,yfinance,1d
2023-02-19,99.79312133789062,101.1244888305664,97.30595397949219,97.56421661376953,550959680,LTC-USD,CRYPTO,yfinance,1d
2023-02-20,97.60203552246094,98.48907470703125,94.90387725830078,95.9408187866211,805774822,LTC-USD,CRYPTO,yfinance,1d
2023-02-21,95.94813537597656,96.7424087524414,92.47864532470703,93.70948028564453,693293752,LTC-USD,CRYPTO,yfinance,1d
2023-02-22,93.72162628173828,95.35537719726562,92.11103820800781,95.21892547607422,668342701,LTC-USD,CRYPTO,yfinance,1d
2023-02-23,95.2168197631836,96.15288543701172,93.74882507324219,94.6919937133789,489893890,LTC-USD,CRYPTO,yfinance,1d
2023-02-24,94.687744140625,95.13282775878906,90.82508850097656,91.55509948730469,503847733,LTC-USD,CRYPTO,yfinance,1d
2023-02-25,91.56354522705078,93.39837646484375,91.15186309814453,93.2634506225586,414154710,LTC-USD,CRYPTO,yfinance,1d
2023-02-26,93.2463150024414,95.46882629394531,92.91877746582031,95.25562286376953,382931744,LTC-USD,CRYPTO,yfinance,1d
2023-02-27,95.25726318359375,95.93436431884766,92.99018096923828,94.08667755126953,432031681,LTC-USD,CRYPTO,yfinance,1d
2023-02-28,94.08485412597656,95.861083984375,93.38899993896484,93.79277801513672,409490427,LTC-USD,CRYPTO,yfinance,1d
2023-03-01,93.79537200927734,97.92925262451172,93.79537200927734,97.73766326904297,533714000,LTC-USD,CRYPTO,yfinance,1d
2023-03-02,97.73342895507812,98.11628723144531,94.28402709960938,95.25724029541016,469936514,LTC-USD,CRYPTO,yfinance,1d
2023-03-03,95.26394653320312,95.35025024414062,88.11177062988281,90.5489730834961,651979397,LTC-USD,CRYPTO,yfinance,1d
2023-03-04,90.54444122314453,90.7447738647461,88.05729675292969,89.28953552246094,353464242,LTC-USD,CRYPTO,yfinance,1d
2023-03-05,89.2894287109375,91.68465423583984,89.26779174804688,89.9533462524414,334569360,LTC-USD,CRYPTO,yfinance,1d
2023-03-06,89.94908905029297,90.46906280517578,87.15454864501953,87.42292022705078,497425953,LTC-USD,CRYPTO,yfinance,1d
2023-03-07,87.42385864257812,88.69581604003906,84.95177459716797,86.3019027709961,562810842,LTC-USD,CRYPTO,yfinance,1d
2023-03-08,86.30134582519531,86.50735473632812,82.11461639404297,82.78353118896484,501018352,LTC-USD,CRYPTO,yfinance,1d
2023-03-09,82.78529357910156,84.7593765258789,75.72064971923828,76.73104858398438,688488963,LTC-USD,CRYPTO,yfinance,1d
2023-03-10,76.73309326171875,76.77790069580078,69.158935546875,71.76221466064453,1038005217,LTC-USD,CRYPTO,yfinance,1d
2023-03-11,71.74779510498047,74.0255355834961,66.67816162109375,69.70695495605469,1077950408,LTC-USD,CRYPTO,yfinance,1d
2023-03-12,69.71017456054688,76.47943878173828,68.2200698852539,76.31184387207031,766082096,LTC-USD,CRYPTO,yfinance,1d
2023-03-13,76.34123229980469,82.90601348876953,74.9416732788086,81.7682876586914,1017027604,LTC-USD,CRYPTO,yfinance,1d
2023-03-14,81.76873779296875,88.0995864868164,79.79379272460938,84.35054016113281,882163452,LTC-USD,CRYPTO,yfinance,1d
2023-03-15,84.35587310791016,85.65532684326172,75.65375518798828,76.42815399169922,805712252,LTC-USD,CRYPTO,yfinance,1d
2023-03-16,76.46414947509766,79.8748779296875,76.20967864990234,79.05355072021484,542002591,LTC-USD,CRYPTO,yfinance,1d
2023-03-17,79.05499267578125,85.50890350341797,78.52023315429688,85.5023193359375,610202264,LTC-USD,CRYPTO,yfinance,1d
2023-03-18,85.52595520019531,87.87979125976562,82.8204345703125,82.9837417602539,602010403,LTC-USD,CRYPTO,yfinance,1d
2023-03-19,83.00101470947266,86.41730499267578,82.68276977539062,84.43609619140625,444514565,LTC-USD,CRYPTO,yfinance,1d
2023-03-20,84.42091369628906,84.48253631591797,78.3705062866211,78.42455291748047,578107211,LTC-USD,CRYPTO,yfinance,1d
2023-03-21,78.43461608886719,83.13487243652344,77.72624969482422,82.7353515625,567896558,LTC-USD,CRYPTO,yfinance,1d
2023-03-22,82.71697998046875,88.15037536621094,79.94864654541016,87.35688781738281,969686696,LTC-USD,CRYPTO,yfinance,1d
2023-03-23,87.34841918945312,94.44811248779297,86.03134155273438,93.70100402832031,1054746379,LTC-USD,CRYPTO,yfinance,1d
2023-03-24,93.69886016845703,95.75912475585938,89.8736801147461,93.70990753173828,866952422,LTC-USD,CRYPTO,yfinance,1d
2023-03-25,93.7067642211914,93.96833038330078,90.42384338378906,91.58114624023438,493921885,LTC-USD,CRYPTO,yfinance,1d
2023-03-26,91.5821762084961,94.64312744140625,90.98301696777344,93.52519226074219,489851737,LTC-USD,CRYPTO,yfinance,1d
2023-03-27,93.51691436767578,93.6174545288086,88.17765808105469,89.24687194824219,552145190,LTC-USD,CRYPTO,yfinance,1d
2023-03-28,89.24317932128906,89.42103576660156,86.03421020507812,89.13937377929688,556233998,LTC-USD,CRYPTO,yfinance,1d
2023-03-29,89.13932800292969,92.87533569335938,89.09891510009766,91.34173583984375,541611636,LTC-USD,CRYPTO,yfinance,1d
2023-03-30,91.34050750732422,92.9992904663086,87.33723449707031,89.05989074707031,593012954,LTC-USD,CRYPTO,yfinance,1d
2023-03-31,89.07251739501953,90.20854187011719,87.93004608154297,89.68412780761719,452243261,LTC-USD,CRYPTO,yfinance,1d
2023-04-01,89.68643951416016,93.85362243652344,89.5528335571289,92.87535095214844,548762293,LTC-USD,CRYPTO,yfinance,1d
2023-04-02,92.662841796875,94.4293441772461,90.8553237915039,93.01597595214844,549452266,LTC-USD,CRYPTO,yfinance,1d
2023-04-03,93.00566101074219,95.3805923461914,90.58843231201172,93.03733825683594,693703512,LTC-USD,CRYPTO,yfinance,1d
2023-04-04,93.03138732910156,93.91669464111328,91.79788970947266,92.60042572021484,455068842,LTC-USD,CRYPTO,yfinance,1d
2023-04-05,92.59849548339844,94.87064361572266,91.71532440185547,92.62211608886719,574810382,LTC-USD,CRYPTO,yfinance,1d
2023-04-06,92.6212387084961,92.6522445678711,90.22045135498047,90.92915344238281,401237969,LTC-USD,CRYPTO,yfinance,1d
2023-04-07,90.92683410644531,91.39200592041016,89.55905151367188,90.6383285522461,409439989,LTC-USD,CRYPTO,yfinance,1d
2023-04-08,90.6330795288086,91.29635620117188,89.63033294677734,89.9751968383789,321874464,LTC-USD,CRYPTO,yfinance,1d
2023-04-09,89.9766845703125,90.9792709350586,89.392578125,90.67667388916016,313065579,LTC-USD,CRYPTO,yfinance,1d
2023-04-10,90.67943572998047,94.204345703125,90.03181457519531,93.82122802734375,525494733,LTC-USD,CRYPTO,yfinance,1d
2023-04-11,93.825927734375,96.88776397705078,93.38036346435547,94.31179809570312,640151185,LTC-USD,CRYPTO,yfinance,1d
2023-04-12,94.30785369873047,94.67788696289062,91.2491226196289,92.50415802001953,501836456,LTC-USD,CRYPTO,yfinance,1d
2023-04-13,92.13507843017578,94.53761291503906,91.93038940429688,94.2594985961914,494346656,LTC-USD,CRYPTO,yfinance,1d
2023-04-14,94.2663345336914,98.80625915527344,93.99677276611328,96.45197296142578,856817465,LTC-USD,CRYPTO,yfinance,1d
2023-04-15,96.45269775390625,97.24229431152344,95.18162536621094,96.86820983886719,403922763,LTC-USD,CRYPTO,yfinance,1d
2023-04-16,96.8604507446289,101.86003875732422,95.65457916259766,100.26744842529297,768844226,LTC-USD,CRYPTO,yfinance,1d
2023-04-17,100.25770568847656,100.30293273925781,97.98225402832031,98.67469787597656,687145902,LTC-USD,CRYPTO,yfinance,1d
2023-04-18,98.69963073730469,103.04960632324219,98.15673065185547,101.8514175415039,711227682,LTC-USD,CRYPTO,yfinance,1d
2023-04-19,101.84577178955078,101.860107421875,89.46781921386719,90.44068145751953,935252615,LTC-USD,CRYPTO,yfinance,1d
2023-04-20,90.43507385253906,91.88353729248047,87.58045196533203,90.23965454101562,747749560,LTC-USD,CRYPTO,yfinance,1d
2023-04-21,90.24197387695312,90.6721420288086,84.89508056640625,85.51734161376953,662381963,LTC-USD,CRYPTO,yfinance,1d
2023-04-22,85.516357421875,87.25150299072266,85.03276824951172,87.09852600097656,380034373,LTC-USD,CRYPTO,yfinance,1d
2023-04-23,87.09872436523438,87.13085174560547,84.92311096191406,86.89732360839844,382921210,LTC-USD,CRYPTO,yfinance,1d
2023-04-24,86.88499450683594,88.88236236572266,86.3748550415039,88.40734100341797,516200917,LTC-USD,CRYPTO,yfinance,1d
2023-04-25,88.40298461914062,91.65496826171875,87.41622924804688,91.10834503173828,614049406,LTC-USD,CRYPTO,yfinance,1d
2023-04-26,91.10785675048828,93.80284118652344,85.43302154541016,88.25418853759766,798720366,LTC-USD,CRYPTO,yfinance,1d
2023-04-27,88.25872039794922,90.51069641113281,87.78321838378906,89.68881225585938,574362305,LTC-USD,CRYPTO,yfinance,1d
2023-04-28,89.69343566894531,90.18099212646484,88.3111801147461,89.73138427734375,438218243,LTC-USD,CRYPTO,yfinance,1d
2023-04-29,89.72390747070312,91.45570373535156,89.5018310546875,91.08751678466797,332392500,LTC-USD,CRYPTO,yfinance,1d
2023-04-30,91.08707427978516,91.3938217163086,88.26285552978516,88.53362274169922,364294782,LTC-USD,CRYPTO,yfinance,1d
2023-05-01,88.5123291015625,88.81195068359375,85.59090423583984,86.74261474609375,494450271,LTC-USD,CRYPTO,yfinance,1d
2023-05-02,86.74449157714844,89.02608489990234,86.2947769165039,88.29579162597656,406998356,LTC-USD,CRYPTO,yfinance,1d
2023-05-03,88.2949447631836,89.7755355834961,85.85283660888672,88.89485168457031,466944292,LTC-USD,CRYPTO,yfinance,1d
2023-05-04,88.89431762695312,89.10044860839844,87.65029907226562,88.49445343017578,311253105,LTC-USD,CRYPTO,yfinance,1d
2023-05-05,88.49211120605469,89.52669525146484,87.07610321044922,88.83866882324219,402566192,LTC-USD,CRYPTO,yfinance,1d
2023-05-06,88.8398208618164,89.34297943115234,82.33717346191406,83.63143920898438,611083498,LTC-USD,CRYPTO,yfinance,1d
2023-05-07,83.6258544921875,84.69554138183594,83.34185028076172,83.5726089477539,345770753,LTC-USD,CRYPTO,yfinance,1d
2023-05-08,83.56997680664062,84.86123657226562,76.82546997070312,77.8734359741211,718898381,LTC-USD,CRYPTO,yfinance,1d
2023-05-09,77.87397003173828,80.05975341796875,77.59510803222656,80.0215835571289,468132043,LTC-USD,CRYPTO,yfinance,1d
2023-05-10,80.01506805419922,81.9688720703125,78.1779556274414,81.06997680664062,582964296,LTC-USD,CRYPTO,yfinance,1d
2023-05-11,81.06985473632812,81.79845428466797,78.89405059814453,81.04087829589844,586874786,LTC-USD,CRYPTO,yfinance,1d
2023-05-12,81.0281753540039,81.30793762207031,77.84980010986328,80.50313568115234,526826920,LTC-USD,CRYPTO,yfinance,1d
2023-05-13,80.50262451171875,80.97518920898438,80.1424560546875,80.30570220947266,305028463,LTC-USD,CRYPTO,yfinance,1d
2023-05-14,80.3096923828125,83.81517028808594,80.0142593383789,83.44429779052734,400491842,LTC-USD,CRYPTO,yfinance,1d
2023-05-15,83.44499969482422,88.42467498779297,82.56475830078125,87.06656646728516,776623075,LTC-USD,CRYPTO,yfinance,1d
2023-05-16,87.06422424316406,90.2391128540039,86.41757202148438,89.85771942138672,809177581,LTC-USD,CRYPTO,yfinance,1d
2023-05-17,89.86700439453125,94.87337493896484,89.83343505859375,93.88973236083984,1045389525,LTC-USD,CRYPTO,yfinance,1d
2023-05-18,93.88941955566406,94.0677490234375,89.68464660644531,90.54290771484375,586904480,LTC-USD,CRYPTO,yfinance,1d
2023-05-19,90.53280639648438,93.23743438720703,90.44110870361328,91.70238494873047,558055386,LTC-USD,CRYPTO,yfinance,1d
2023-05-20,91.71121215820312,92.68251037597656,90.82449340820312,92.3713150024414,306548115,LTC-USD,CRYPTO,yfinance,1d
2023-05-21,92.37760162353516,93.29615020751953,91.46859741210938,92.27886962890625,365938794,LTC-USD,CRYPTO,yfinance,1d
2023-05-22,92.27718353271484,92.65963745117188,90.36430358886719,90.94607543945312,396591248,LTC-USD,CRYPTO,yfinance,1d
2023-05-23,90.9487533569336,92.98806762695312,90.6908950805664,91.63233184814453,384556801,LTC-USD,CRYPTO,yfinance,1d
2023-05-24,91.63601684570312,91.7929458618164,85.11100006103516,86.0003662109375,771426876,LTC-USD,CRYPTO,yfinance,1d
2023-05-25,85.98468780517578,86.60103607177734,83.53244018554688,86.60067749023438,561109959,LTC-USD,CRYPTO,yfinance,1d
2023-05-26,86.60363006591797,88.04351806640625,86.27979278564453,87.26806640625,518267207,LTC-USD,CRYPTO,yfinance,1d
2023-05-27,87.25614929199219,88.7843017578125,87.06436920166016,88.65031433105469,306057058,LTC-USD,CRYPTO,yfinance,1d
2023-05-28,88.6490707397461,92.15806579589844,88.33882141113281,91.57996368408203,448657302,LTC-USD,CRYPTO,yfinance,1d
2023-05-29,91.5782699584961,92.10299682617188,90.4075698852539,91.00045776367188,415109197,LTC-USD,CRYPTO,yfinance,1d
2023-05-30,90.99673461914062,93.11832427978516,90.72916412353516,92.32611083984375,455802742,LTC-USD,CRYPTO,yfinance,1d
2023-05-31,92.32270812988281,92.58869171142578,88.3498306274414,90.53900909423828,567208418,LTC-USD,CRYPTO,yfinance,1d
2023-06-01,90.5374755859375,95.64359283447266,89.66291809082031,93.97233581542969,961609681,LTC-USD,CRYPTO,yfinance,1d
2023-06-02,93.99617004394531,95.52638244628906,93.17652130126953,95.4177474975586,567841812,LTC-USD,CRYPTO,yfinance,1d
2023-06-03,95.41691589355469,97.17709350585938,94.36772155761719,95.99313354492188,477888613,LTC-USD,CRYPTO,yfinance,1d
2023-06-04,95.99697875976562,96.46296691894531,94.26844787597656,94.2899169921875,436188890,LTC-USD,CRYPTO,yfinance,1d
2023-06-05,94.29324340820312,94.48497772216797,85.06339263916016,87.83460235595703,896571627,LTC-USD,CRYPTO,yfinance,1d
2023-06-06,87.82861328125,91.29386138916016,86.10227966308594,90.92071533203125,649344540,LTC-USD,CRYPTO,yfinance,1d
2023-06-07,90.91618347167969,91.11282348632812,87.90330505371094,88.848388671875,537757007,LTC-USD,CRYPTO,yfinance,1d
2023-06-08,88.85504150390625,89.44023895263672,87.45428466796875,88.46656036376953,356770854,LTC-USD,CRYPTO,yfinance,1d
2023-06-09,88.47003936767578,89.88706970214844,87.3760757446289,89.2320327758789,388902174,LTC-USD,CRYPTO,yfinance,1d
2023-06-10,89.23345184326172,89.26510620117188,75.29298400878906,77.3517074584961,1185675805,LTC-USD,CRYPTO,yfinance,1d
2023-06-11,77.34902954101562,78.88540649414062,76.54277038574219,77.69893646240234,432046461,LTC-USD,CRYPTO,yfinance,1d
2023-06-12,77.69596862792969,77.80024719238281,75.98138427734375,77.548095703125,452560497,LTC-USD,CRYPTO,yfinance,1d
2023-06-13,77.54544830322266,79.20506286621094,76.64176177978516,77.4438247680664,440462157,LTC-USD,CRYPTO,yfinance,1d
2023-06-14,77.44377899169922,78.05886840820312,72.02310943603516,73.16329193115234,490434416,LTC-USD,CRYPTO,yfinance,1d
2023-06-15,73.16604614257812,74.97827911376953,72.25688934326172,74.52643585205078,402537213,LTC-USD,CRYPTO,yfinance,1d
2023-06-16,74.52815246582031,76.66400146484375,74.23796081542969,76.04912567138672,352725567,LTC-USD,CRYPTO,yfinance,1d
2023-06-17,76.05306243896484,77.65483093261719,75.801025390625,76.91241455078125,273568501,LTC-USD,CRYPTO,yfinance,1d
2023-06-18,76.90868377685547,78.43463134765625,76.50340270996094,77.17825317382812,274352131,LTC-USD,CRYPTO,yfinance,1d
2023-06-19,77.17976379394531,77.63203430175781,76.35579681396484,77.42202758789062,293010032,LTC-USD,CRYPTO,yfinance,1d
2023-06-20,77.42572021484375,80.65240478515625,76.0155258178711,80.30889892578125,437548832,LTC-USD,CRYPTO,yfinance,1d
2023-06-21,80.30741882324219,87.15467071533203,80.13422393798828,85.14774322509766,814693890,LTC-USD,CRYPTO,yfinance,1d
2023-06-22,85.15050506591797,88.69551086425781,84.866455078125,86.07022094726562,606189402,LTC-USD,CRYPTO,yfinance,1d
2023-06-23,86.06431579589844,92.427978515625,85.43560028076172,91.20945739746094,755797463,LTC-USD,CRYPTO,yfinance,1d
2023-06-24,91.21172332763672,93.15872955322266,87.15614318847656,89.74402618408203,666550721,LTC-USD,CRYPTO,yfinance,1d
2023-06-25,89.740478515625,90.31420135498047,87.13050842285156,88.2751693725586,487211798,LTC-USD,CRYPTO,yfinance,1d
2023-06-26,88.26795196533203,89.90308380126953,86.41650390625,87.27570343017578,548434353,LTC-USD,CRYPTO,yfinance,1d
2023-06-27,87.27226257324219,89.3742904663086,87.05574035644531,87.99827575683594,420226149,LTC-USD,CRYPTO,yfinance,1d
2023-06-28,88.01544189453125,88.05243682861328,82.12751007080078,83.06114959716797,556606414,LTC-USD,CRYPTO,yfinance,1d
2023-06-29,83.05780792236328,85.6585693359375,83.04206848144531,84.77587127685547,395849863,LTC-USD,CRYPTO,yfinance,1d
2023-06-30,84.76875305175781,110.79525756835938,84.58930206298828,108.16532897949219,3377766238,LTC-USD,CRYPTO,yfinance,1d
2023-07-01,108.20174407958984,111.75740814208984,104.6958236694336,107.22920227050781,1853573626,LTC-USD,CRYPTO,yfinance,1d
2023-07-02,107.2259521484375,113.62712097167969,105.70906066894531,113.21729278564453,1783628932,LTC-USD,CRYPTO,yfinance,1d
2023-07-03,113.23170471191406,114.49706268310547,105.97306823730469,106.94577026367188,1154666410,LTC-USD,CRYPTO,yfinance,1d
2023-07-04,106.95414733886719,109.16132354736328,104.71099090576172,104.71099090576172,795208399,LTC-USD,CRYPTO,yfinance,1d
2023-07-05,104.69001770019531,106.27179718017578,99.39552307128906,102.6939926147461,1061933634,LTC-USD,CRYPTO,yfinance,1d
2023-07-06,102.67760467529297,105.5124740600586,95.66722869873047,95.66722869873047,1197521335,LTC-USD,CRYPTO,yfinance,1d
2023-07-07,95.64627838134766,98.38237762451172,95.09568786621094,98.24247741699219,703059439,LTC-USD,CRYPTO,yfinance,1d
2023-07-08,98.24229431152344,98.38021087646484,96.91822814941406,97.8747787475586,417911861,LTC-USD,CRYPTO,yfinance,1d
2023-07-09,97.87844848632812,98.30692291259766,95.06183624267578,95.17955017089844,412735847,LTC-USD,CRYPTO,yfinance,1d
2023-07-10,95.18221282958984,97.64109802246094,92.89258575439453,96.7313461303711,801346663,LTC-USD,CRYPTO,yfinance,1d
2023-07-11,96.73770141601562,98.12002563476562,95.81536102294922,96.78643798828125,584873947,LTC-USD,CRYPTO,yfinance,1d
2023-07-12,96.78523254394531,97.75325775146484,94.7883071899414,96.28018188476562,502089267,LTC-USD,CRYPTO,yfinance,1d
2023-07-13,96.27791595458984,104.01946258544922,95.7929916381836,101.92713928222656,1243581127,LTC-USD,CRYPTO,yfinance,1d
2023-07-14,101.9261703491211,103.23743438720703,92.93989562988281,95.15866088867188,994506743,LTC-USD,CRYPTO,yfinance,1d
2023-07-15,95.16152954101562,95.65518188476562,94.18665313720703,94.7518081665039,405906202,LTC-USD,CRYPTO,yfinance,1d
2023-07-16,94.75725555419922,95.223876953125,92.75621032714844,92.90528106689453,412440907,LTC-USD,CRYPTO,yfinance,1d
2023-07-17,92.91064453125,93.52267456054688,90.33413696289062,92.29344940185547,581572145,LTC-USD,CRYPTO,yfinance,1d
2023-07-18,92.29016876220703,92.86105346679688,90.16366577148438,91.50321960449219,444675473,LTC-USD,CRYPTO,yfinance,1d
2023-07-19,91.51500701904297,94.06116485595703,91.51500701904297,92.16179656982422,479778485,LTC-USD,CRYPTO,yfinance,1d
2023-07-20,92.1534652709961,93.48064422607422,91.68144226074219,92.3820571899414,558800999,LTC-USD,CRYPTO,yfinance,1d
2023-07-21,92.38404083251953,94.60526275634766,91.9632568359375,94.05186462402344,454489403,LTC-USD,CRYPTO,yfinance,1d
2023-07-22,94.04817199707031,96.1513442993164,91.718017578125,92.051513671875,442970678,LTC-USD,CRYPTO,yfinance,1d
2023-07-23,92.06299591064453,93.47718048095703,91.82036590576172,93.25886535644531,361401131,LTC-USD,CRYPTO,yfinance,1d
2023-07-24,93.24933624267578,93.24933624267578,88.2190170288086,89.1534652709961,558656341,LTC-USD,CRYPTO,yfinance,1d
2023-07-25,89.155029296875,89.97694396972656,88.85782623291016,89.53140258789062,369676148,LTC-USD,CRYPTO,yfinance,1d
2023-07-26,89.53092956542969,90.97019958496094,88.94905090332031,90.62142181396484,411401840,LTC-USD,CRYPTO,yfinance,1d
2023-07-27,90.626953125,91.72827911376953,89.92593383789062,90.49376678466797,393733970,LTC-USD,CRYPTO,yfinance,1d
2023-07-28,90.49320220947266,91.89440155029297,90.49320220947266,91.53057098388672,341018407,LTC-USD,CRYPTO,yfinance,1d
2023-07-29,91.5191879272461,94.71575164794922,90.96675109863281,94.59809112548828,357766274,LTC-USD,CRYPTO,yfinance,1d
2023-07-30,94.57041931152344,95.69255065917969,92.21128845214844,94.09105682373047,764611368,LTC-USD,CRYPTO,yfinance,1d
2023-07-31,94.0893325805664,94.82227325439453,91.64766693115234,92.24313354492188,526612463,LTC-USD,CRYPTO,yfinance,1d
2023-08-01,92.2442626953125,93.82040405273438,89.78800964355469,93.82040405273438,775320147,LTC-USD,CRYPTO,yfinance,1d
2023-08-02,93.8185043334961,94.31300354003906,86.91828155517578,87.48905944824219,899573748,LTC-USD,CRYPTO,yfinance,1d
2023-08-03,87.4917221069336,88.2265625,82.69623565673828,82.70779418945312,661629539,LTC-USD,CRYPTO,yfinance,1d
2023-08-04,82.6933364868164,83.70612335205078,81.50664520263672,82.07891082763672,574898134,LTC-USD,CRYPTO,yfinance,1d
2023-08-05,82.08647155761719,83.29777526855469,81.58123779296875,83.1055908203125,266995799,LTC-USD,CRYPTO,yfinance,1d
2023-08-06,83.10028839111328,83.3685531616211,82.08924102783203,82.4717025756836,261949686,LTC-USD,CRYPTO,yfinance,1d
2023-08-07,82.47097778320312,83.21983337402344,80.51209259033203,82.34452056884766,369980930,LTC-USD,CRYPTO,yfinance,1d
2023-08-08,82.34268951416016,85.11045837402344,81.8248291015625,83.95689392089844,464971615,LTC-USD,CRYPTO,yfinance,1d
2023-08-09,83.95451354980469,84.42743682861328,83.29949951171875,84.0372085571289,1086009763,LTC-USD,CRYPTO,yfinance,1d
2023-08-10,84.03833770751953,84.27881622314453,82.70103454589844,83.0334701538086,273793336,LTC-USD,CRYPTO,yfinance,1d
2023-08-11,83.03477478027344,83.52788543701172,82.71995544433594,83.49586486816406,210777034,LTC-USD,CRYPTO,yfinance,1d
2023-08-12,83.4949722290039,83.85722351074219,83.3445053100586,83.44852447509766,187648883,LTC-USD,CRYPTO,yfinance,1d
2023-08-13,83.45048522949219,83.61597442626953,81.65193176269531,81.97803497314453,268437601,LTC-USD,CRYPTO,yfinance,1d
2023-08-14,81.97904205322266,82.9730453491211,81.66976165771484,82.0685806274414,262059229,LTC-USD,CRYPTO,yfinance,1d
2023-08-15,82.06822967529297,82.1091079711914,78.76314544677734,79.27375030517578,401918865,LTC-USD,CRYPTO,yfinance,1d
2023-08-16,79.27622985839844,79.45748901367188,73.62923431396484,74.4788589477539,622966364,LTC-USD,CRYPTO,yfinance,1d
2023-08-17,74.47917938232422,75.66679382324219,61.756107330322266,65.08576202392578,785297656,LTC-USD,CRYPTO,yfinance,1d
2023-08-18,65.09419250488281,65.76448059082031,63.73204040527344,64.08291625976562,571194825,LTC-USD,CRYPTO,yfinance,1d
2023-08-19,64.08513641357422,64.89527893066406,63.734344482421875,64.10386657714844,299693328,LTC-USD,CRYPTO,yfinance,1d
2023-08-20,64.10791778564453,65.72362518310547,64.0736312866211,65.25251007080078,246734222,LTC-USD,CRYPTO,yfinance,1d
2023-08-21,65.25150299072266,67.04644775390625,64.97805786132812,66.95868682861328,431113836,LTC-USD,CRYPTO,yfinance,1d
2023-08-22,66.95895385742188,67.10531616210938,63.27900314331055,64.7702865600586,377574603,LTC-USD,CRYPTO,yfinance,1d
2023-08-23,64.77369689941406,66.59355163574219,64.16802978515625,65.61077880859375,304886653,LTC-USD,CRYPTO,yfinance,1d
2023-08-24,65.6120834350586,65.84490203857422,64.1384506225586,64.8792724609375,225372238,LTC-USD,CRYPTO,yfinance,1d
2023-08-25,64.88139343261719,65.22283172607422,63.84314727783203,65.1119155883789,268487447,LTC-USD,CRYPTO,yfinance,1d
2023-08-26,65.1128921508789,65.49846649169922,64.96183013916016,65.0107192993164,183821199,LTC-USD,CRYPTO,yfinance,1d
2023-08-27,65.0103988647461,65.8790283203125,64.90509796142578,65.36711120605469,191462581,LTC-USD,CRYPTO,yfinance,1d
2023-08-28,65.36781311035156,65.6675796508789,64.2706298828125,65.5425033569336,252050651,LTC-USD,CRYPTO,yfinance,1d
2023-08-29,65.541748046875,70.21554565429688,64.70936584472656,68.89247131347656,540744008,LTC-USD,CRYPTO,yfinance,1d
2023-08-30,68.89306640625,68.98538208007812,66.81487274169922,67.65953063964844,294424844,LTC-USD,CRYPTO,yfinance,1d
2023-08-31,67.66082000732422,68.22232818603516,63.61683654785156,63.951377868652344,377755734,LTC-USD,CRYPTO,yfinance,1d
2023-09-01,63.946067810058594,64.21014404296875,62.191444396972656,63.00745391845703,311070837,LTC-USD,CRYPTO,yfinance,1d
2023-09-02,63.0091438293457,64.62007141113281,63.0091438293457,64.56063079833984,219217798,LTC-USD,CRYPTO,yfinance,1d
2023-09-03,64.56390380859375,64.78752136230469,63.73307800292969,63.93811798095703,203377116,LTC-USD,CRYPTO,yfinance,1d
2023-09-04,63.936500549316406,64.8372802734375,63.25442886352539,63.70868682861328,236821353,LTC-USD,CRYPTO,yfinance,1d
2023-09-05,63.713348388671875,63.72697830200195,62.66367721557617,63.123634338378906,250002419,LTC-USD,CRYPTO,yfinance,1d
2023-09-06,63.11856460571289,63.564029693603516,62.05997085571289,62.84352493286133,248375044,LTC-USD,CRYPTO,yfinance,1d
2023-09-07,62.8436393737793,64.18999481201172,62.594913482666016,63.62236785888672,213292207,LTC-USD,CRYPTO,yfinance,1d
2023-09-08,63.62635040283203,64.03904724121094,61.98211669921875,62.57698059082031,206394384,LTC-USD,CRYPTO,yfinance,1d
2023-09-09,62.57859420776367,63.19569778442383,62.54669189453125,63.08150863647461,145767952,LTC-USD,CRYPTO,yfinance,1d
2023-09-10,63.083091735839844,63.083091735839844,60.51252365112305,61.12152862548828,249697962,LTC-USD,CRYPTO,yfinance,1d
2023-09-11,61.1194953918457,61.563560485839844,58.038230895996094,58.837158203125,316901808,LTC-USD,CRYPTO,yfinance,1d
2023-09-12,58.836307525634766,61.19291687011719,58.69303894042969,60.01279067993164,285423408,LTC-USD,CRYPTO,yfinance,1d
2023-09-13,60.01713562011719,62.59047317504883,59.74307632446289,62.00352096557617,300723201,LTC-USD,CRYPTO,yfinance,1d
2023-09-14,62.00201416015625,63.320518493652344,62.00201416015625,62.808536529541016,268972316,LTC-USD,CRYPTO,yfinance,1d
2023-09-15,62.81654739379883,66.15228271484375,62.675567626953125,65.99552917480469,273527819,LTC-USD,CRYPTO,yfinance,1d
2023-09-16,65.99066925048828,66.70187377929688,64.53209686279297,65.33952331542969,225396971,LTC-USD,CRYPTO,yfinance,1d
2023-09-17,65.3468017578125,65.38236236572266,63.25345993041992,63.57822799682617,238602170,LTC-USD,CRYPTO,yfinance,1d
2023-09-18,63.57775115966797,67.35792541503906,63.222713470458984,65.89459991455078,411318370,LTC-USD,CRYPTO,yfinance,1d
2023-09-19,65.89329528808594,68.26288604736328,65.7770004272461,67.33423614501953,310488863,LTC-USD,CRYPTO,yfinance,1d
2023-09-20,67.3339614868164,67.61347961425781,63.9884033203125,64.56434631347656,407377312,LTC-USD,CRYPTO,yfinance,1d
2023-09-21,64.56512451171875,64.96765899658203,63.124759674072266,64.69098663330078,270451760,LTC-USD,CRYPTO,yfinance,1d
2023-09-22,64.69171142578125,65.46080780029297,64.17753601074219,64.33540344238281,278551984,LTC-USD,CRYPTO,yfinance,1d
2023-09-23,64.33490753173828,65.22538757324219,64.33490753173828,65.08039093017578,240624622,LTC-USD,CRYPTO,yfinance,1d
2023-09-24,65.08006286621094,65.08419799804688,63.540279388427734,63.58713912963867,189877277,LTC-USD,CRYPTO,yfinance,1d
2023-09-25,63.58618927001953,64.99095916748047,63.113136291503906,64.33724212646484,216448495,LTC-USD,CRYPTO,yfinance,1d
2023-09-26,64.33316040039062,64.91890716552734,63.39755630493164,63.75851058959961,256010742,LTC-USD,CRYPTO,yfinance,1d
2023-09-27,63.7563362121582,65.41913604736328,63.28005599975586,63.486812591552734,212329352,LTC-USD,CRYPTO,yfinance,1d
2023-09-28,63.487186431884766,65.41007232666016,63.21833801269531,65.23880767822266,235902966,LTC-USD,CRYPTO,yfinance,1d
2023-09-29,65.24066162109375,66.3995590209961,64.97479248046875,65.63209533691406,215673747,LTC-USD,CRYPTO,yfinance,1d
2023-09-30,65.63078308105469,66.5233383178711,65.42050170898438,66.06964874267578,153210629,LTC-USD,CRYPTO,yfinance,1d
2023-10-01,66.06880950927734,68.59121704101562,65.90534973144531,68.23331451416016,248362902,LTC-USD,CRYPTO,yfinance,1d
2023-10-02,68.22895050048828,68.33139038085938,65.4486312866211,66.01112365722656,283142952,LTC-USD,CRYPTO,yfinance,1d
2023-10-03,66.00701904296875,66.83684539794922,65.3681869506836,65.49351501464844,188593883,LTC-USD,CRYPTO,yfinance,1d
2023-10-04,65.4983901977539,65.50921630859375,63.72556686401367,64.45206451416016,220351720,LTC-USD,CRYPTO,yfinance,1d
2023-10-05,64.45919799804688,65.19656372070312,64.09691619873047,64.8587646484375,202994978,LTC-USD,CRYPTO,yfinance,1d
2023-10-06,64.85737609863281,65.90678405761719,64.5665283203125,65.53318786621094,178382571,LTC-USD,CRYPTO,yfinance,1d
2023-10-07,65.53359985351562,66.2298812866211,65.10038757324219,65.48564147949219,146532235,LTC-USD,CRYPTO,yfinance,1d
2023-10-08,65.4871826171875,65.96834564208984,65.10354614257812,65.36454772949219,179284709,LTC-USD,CRYPTO,yfinance,1d
2023-10-09,65.36439514160156,65.37638092041016,62.147029876708984,63.11105728149414,235298990,LTC-USD,CRYPTO,yfinance,1d
2023-10-10,63.10908508300781,63.793540954589844,62.681705474853516,63.621070861816406,164326149,LTC-USD,CRYPTO,yfinance,1d
2023-10-11,63.61977767944336,63.68592071533203,61.26277160644531,61.499820709228516,186389594,LTC-USD,CRYPTO,yfinance,1d
2023-10-12,61.50114059448242,61.521873474121094,60.75468063354492,61.12781524658203,171888213,LTC-USD,CRYPTO,yfinance,1d
2023-10-13,61.127197265625,61.99513626098633,61.11253356933594,61.574058532714844,203849754,LTC-USD,CRYPTO,yfinance,1d
2023-10-14,61.5745849609375,61.949981689453125,61.470035552978516,61.665157318115234,120785909,LTC-USD,CRYPTO,yfinance,1d
2023-10-15,61.66400909423828,62.10171890258789,61.447322845458984,61.65643310546875,134170091,LTC-USD,CRYPTO,yfinance,1d
2023-10-16,61.657100677490234,65.36457061767578,61.64601516723633,63.337162017822266,334167678,LTC-USD,CRYPTO,yfinance,1d
2023-10-17,63.33576583862305,63.33576583862305,61.688175201416016,62.16300964355469,191914626,LTC-USD,CRYPTO,yfinance,1d
2023-10-18,62.15605545043945,62.6015510559082,60.191654205322266,60.276973724365234,188485126,LTC-USD,CRYPTO,yfinance,1d
2023-10-19,60.27848434448242,61.812965393066406,60.10832977294922,61.786651611328125,182482608,LTC-USD,CRYPTO,yfinance,1d
2023-10-20,61.78886413574219,64.17544555664062,61.65102005004883,63.41781997680664,251686318,LTC-USD,CRYPTO,yfinance,1d
2023-10-21,63.418296813964844,65.25566864013672,63.418296813964844,64.73554229736328,198983839,LTC-USD,CRYPTO,yfinance,1d
2023-10-22,64.73735809326172,66.05732727050781,63.82060623168945,65.19058227539062,283863584,LTC-USD,CRYPTO,yfinance,1d
2023-10-23,65.37158966064453,69.5350112915039,65.24591064453125,68.99109649658203,471640160,LTC-USD,CRYPTO,yfinance,1d
2023-10-24,68.9913558959961,72.3819580078125,67.78724670410156,69.0318603515625,547455091,LTC-USD,CRYPTO,yfinance,1d
2023-10-25,69.0497817993164,70.32286834716797,67.98658752441406,68.6949234008789,369294933,LTC-USD,CRYPTO,yfinance,1d
2023-10-26,68.69750213623047,70.42892456054688,67.44944763183594,68.85438537597656,385302387,LTC-USD,CRYPTO,yfinance,1d
2023-10-27,68.8486557006836,68.8486557006836,66.05765533447266,67.05579376220703,308631582,LTC-USD,CRYPTO,yfinance,1d
2023-10-28,67.05213928222656,68.29448699951172,67.0185546875,67.78277587890625,287279561,LTC-USD,CRYPTO,yfinance,1d
2023-10-29,67.778076171875,69.22142028808594,67.2679443359375,68.80084228515625,232084984,LTC-USD,CRYPTO,yfinance,1d
2023-10-30,68.80012512207031,69.7035903930664,67.84952545166016,69.25083923339844,270567503,LTC-USD,CRYPTO,yfinance,1d
2023-10-31,69.24954986572266,70.35674285888672,68.31682586669922,68.9495620727539,334835486,LTC-USD,CRYPTO,yfinance,1d
2023-11-01,68.94947814941406,70.34513854980469,66.79888153076172,69.93502044677734,377378547,LTC-USD,CRYPTO,yfinance,1d
2023-11-02,69.93855285644531,70.67996215820312,68.05870056152344,69.39419555664062,350621685,LTC-USD,CRYPTO,yfinance,1d
2023-11-03,69.38985443115234,69.56597137451172,67.95130920410156,69.49114227294922,234233495,LTC-USD,CRYPTO,yfinance,1d
2023-11-04,69.49092102050781,70.6252670288086,68.96759796142578,70.47209930419922,194430502,LTC-USD,CRYPTO,yfinance,1d
2023-11-05,70.45054626464844,72.21622467041016,70.10407257080078,71.66265106201172,337144700,LTC-USD,CRYPTO,yfinance,1d
2023-11-06,71.66226959228516,74.92601776123047,71.09197235107422,74.48286437988281,307139405,LTC-USD,CRYPTO,yfinance,1d
2023-11-07,74.48506927490234,74.51031494140625,71.3797607421875,73.56438446044922,345874833,LTC-USD,CRYPTO,yfinance,1d
2023-11-08,73.56033325195312,74.26231384277344,72.61449432373047,73.17993927001953,279316148,LTC-USD,CRYPTO,yfinance,1d
2023-11-09,73.17977905273438,76.1036148071289,70.33726501464844,73.75221252441406,563715610,LTC-USD,CRYPTO,yfinance,1d
2023-11-10,73.75566864013672,74.9408187866211,71.39967346191406,73.30500030517578,391745232,LTC-USD,CRYPTO,yfinance,1d
2023-11-11,73.30033874511719,75.86489868164062,71.41221618652344,75.17430877685547,409990766,LTC-USD,CRYPTO,yfinance,1d
2023-11-12,75.1719970703125,76.63818359375,72.85487365722656,74.89127349853516,400244544,LTC-USD,CRYPTO,yfinance,1d
2023-11-13,74.89793395996094,75.93030548095703,71.19602966308594,71.49154663085938,391890703,LTC-USD,CRYPTO,yfinance,1d
2023-11-14,71.44110107421875,72.5024185180664,68.79059600830078,70.63526153564453,378863884,LTC-USD,CRYPTO,yfinance,1d
2023-11-15,70.63592529296875,74.25138854980469,70.62351989746094,74.080322265625,335516203,LTC-USD,CRYPTO,yfinance,1d
2023-11-16,74.08006286621094,74.30123138427734,70.0713882446289,71.1790542602539,343373015,LTC-USD,CRYPTO,yfinance,1d
2023-11-17,71.14913177490234,71.62705993652344,68.40803527832031,70.18233489990234,406903529,LTC-USD,CRYPTO,yfinance,1d
2023-11-18,70.19161987304688,70.27632141113281,67.9962387084961,69.89380645751953,243237870,LTC-USD,CRYPTO,yfinance,1d
2023-11-19,69.89537048339844,70.6695556640625,68.82186126708984,70.64031219482422,226121115,LTC-USD,CRYPTO,yfinance,1d
2023-11-20,70.63932037353516,70.95977783203125,69.20074462890625,69.51773834228516,271959607,LTC-USD,CRYPTO,yfinance,1d
2023-11-21,69.51911926269531,71.64383697509766,65.86429595947266,66.45738220214844,427605909,LTC-USD,CRYPTO,yfinance,1d
2023-11-22,66.44966888427734,69.0522689819336,66.27107238769531,68.7055892944336,275595694,LTC-USD,CRYPTO,yfinance,1d
2023-11-23,68.70059204101562,70.59394073486328,68.62484741210938,69.512451171875,307401786,LTC-USD,CRYPTO,yfinance,1d
2023-11-24,69.5111083984375,71.63275146484375,69.50718688964844,70.73595428466797,307601320,LTC-USD,CRYPTO,yfinance,1d
2023-11-25,70.73846435546875,72.08313751220703,70.6522445678711,71.83336639404297,237235479,LTC-USD,CRYPTO,yfinance,1d
2023-11-26,71.83610534667969,71.84637451171875,69.42903137207031,70.05899047851562,257792066,LTC-USD,CRYPTO,yfinance,1d
2023-11-27,70.05546569824219,70.45950317382812,68.28045654296875,69.2423324584961,261741816,LTC-USD,CRYPTO,yfinance,1d
2023-11-28,69.2442398071289,70.16437530517578,68.1114273071289,69.73725128173828,340266606,LTC-USD,CRYPTO,yfinance,1d
2023-11-29,69.73710632324219,70.41757202148438,69.29904174804688,69.98934936523438,241745414,LTC-USD,CRYPTO,yfinance,1d
2023-11-30,69.98896789550781,70.10887145996094,69.18724060058594,69.4455795288086,238522259,LTC-USD,CRYPTO,yfinance,1d
2023-12-01,69.4422836303711,72.13900756835938,69.28773498535156,71.54496765136719,342098446,LTC-USD,CRYPTO,yfinance,1d
2023-12-02,71.54443359375,72.67749786376953,71.4587173461914,72.27222442626953,252948067,LTC-USD,CRYPTO,yfinance,1d
2023-12-03,72.27241516113281,72.71341705322266,71.45440673828125,72.25643157958984,260490911,LTC-USD,CRYPTO,yfinance,1d
2023-12-04,72.25977325439453,74.97122192382812,72.11064910888672,72.82166290283203,579013037,LTC-USD,CRYPTO,yfinance,1d
2023-12-05,72.83030700683594,74.29496002197266,71.49230194091797,74.29119873046875,409610732,LTC-USD,CRYPTO,yfinance,1d
2023-12-06,74.28897857666016,74.64412689208984,72.41529083251953,72.41529083251953,415760055,LTC-USD,CRYPTO,yfinance,1d
2023-12-07,72.42969512939453,74.44076538085938,72.2862777709961,74.05846405029297,380178224,LTC-USD,CRYPTO,yfinance,1d
2023-12-08,74.06021881103516,78.56376647949219,73.56470489501953,78.39876556396484,518109798,LTC-USD,CRYPTO,yfinance,1d
2023-12-09,78.40948486328125,79.43228149414062,76.23912048339844,76.27754974365234,646771325,LTC-USD,CRYPTO,yfinance,1d
2023-12-10,76.28400421142578,78.70563507080078,76.28400421142578,77.14188385009766,373110524,LTC-USD,CRYPTO,yfinance,1d
2023-12-11,77.14701843261719,77.46167755126953,71.65664672851562,72.65074920654297,562479070,LTC-USD,CRYPTO,yfinance,1d
2023-12-12,72.65022277832031,73.6204833984375,71.1378173828125,72.4129867553711,327096779,LTC-USD,CRYPTO,yfinance,1d
2023-12-13,72.40437316894531,73.93169403076172,70.67697143554688,73.1978530883789,409363158,LTC-USD,CRYPTO,yfinance,1d
2023-12-14,73.19517517089844,74.01651763916016,71.90701293945312,72.96341705322266,390459199,LTC-USD,CRYPTO,yfinance,1d
2023-12-15,72.96294403076172,72.97990417480469,70.93561553955078,70.95587921142578,289918266,LTC-USD,CRYPTO,yfinance,1d
2023-12-16,70.9569320678711,72.4605712890625,70.84329986572266,72.13298034667969,239288933,LTC-USD,CRYPTO,yfinance,1d
2023-12-17,72.1331558227539,73.49186706542969,70.99337768554688,71.23487091064453,296569366,LTC-USD,CRYPTO,yfinance,1d
2023-12-18,71.2234115600586,71.4552001953125,68.37655639648438,70.80284118652344,331991740,LTC-USD,CRYPTO,yfinance,1d
2023-12-19,70.80675506591797,71.5743408203125,69.88497924804688,70.61455535888672,268798362,LTC-USD,CRYPTO,yfinance,1d
2023-12-20,70.61553955078125,71.85749816894531,69.58870697021484,69.80497741699219,388377729,LTC-USD,CRYPTO,yfinance,1d
2023-12-21,69.80982208251953,71.04276275634766,69.08536529541016,70.92453002929688,337148848,LTC-USD,CRYPTO,yfinance,1d
2023-12-22,70.92400360107422,73.76168060302734,70.57711029052734,73.7297134399414,361158771,LTC-USD,CRYPTO,yfinance,1d
2023-12-23,73.72219848632812,74.00381469726562,71.65083312988281,72.5406265258789,300928578,LTC-USD,CRYPTO,yfinance,1d
2023-12-24,72.53601837158203,72.91796875,70.57626342773438,71.17471313476562,325474499,LTC-USD,CRYPTO,yfinance,1d
2023-12-25,71.17684936523438,72.72115325927734,70.8271484375,72.27528381347656,272499306,LTC-USD,CRYPTO,yfinance,1d
2023-12-26,72.27474212646484,74.28353118896484,71.27910614013672,73.15052032470703,464032652,LTC-USD,CRYPTO,yfinance,1d
2023-12-27,73.15015411376953,76.8629379272461,72.36943817138672,75.85030364990234,534010451,LTC-USD,CRYPTO,yfinance,1d
2023-12-28,75.8705825805664,77.43397521972656,74.72697448730469,76.72232818603516,561930641,LTC-USD,CRYPTO,yfinance,1d
2023-12-29,76.7138900756836,77.71273803710938,73.29108428955078,73.40414428710938,516441232,LTC-USD,CRYPTO,yfinance,1d
2023-12-30,73.4019775390625,74.00729370117188,72.64119720458984,73.31273651123047,311515246,LTC-USD,CRYPTO,yfinance,1d
2023-12-31,73.30585479736328,74.16226196289062,72.44013214111328,72.7984390258789,286836101,LTC-USD,CRYPTO,yfinance,1d
2024-01-01,72.91329193115234,74.73192596435547,72.2520980834961,74.73192596435547,255667692,LTC-USD,CRYPTO,yfinance,1d
2024-01-02,74.72974395751953,75.80821990966797,72.70101928710938,72.98407745361328,386648433,LTC-USD,CRYPTO,yfinance,1d
2024-01-03,72.98516845703125,73.57327270507812,63.047882080078125,65.30164337158203,759247166,LTC-USD,CRYPTO,yfinance,1d
2024-01-04,65.30128479003906,66.95932006835938,64.81940460205078,66.49139404296875,396941206,LTC-USD,CRYPTO,yfinance,1d
2024-01-05,66.48836517333984,66.74877166748047,64.61968994140625,66.02114868164062,417630277,LTC-USD,CRYPTO,yfinance,1d
2024-01-06,66.02498626708984,66.10518646240234,63.635894775390625,65.67607879638672,285283013,LTC-USD,CRYPTO,yfinance,1d
2024-01-07,65.67817687988281,66.2977294921875,63.96206283569336,64.2574691772461,259336849,LTC-USD,CRYPTO,yfinance,1d
2024-01-08,64.25442504882812,68.30154418945312,61.70838928222656,67.80654907226562,504603252,LTC-USD,CRYPTO,yfinance,1d
2024-01-09,67.81297302246094,67.8353042602539,64.8712158203125,66.94928741455078,474216123,LTC-USD,CRYPTO,yfinance,1d
2024-01-10,66.9532699584961,71.03638458251953,65.40641021728516,69.89013671875,530257325,LTC-USD,CRYPTO,yfinance,1d
2024-01-11,69.91801452636719,74.51087951660156,69.73507690429688,71.9844741821289,680917400,LTC-USD,CRYPTO,yfinance,1d
2024-01-12,71.97541809082031,76.84762573242188,70.68125915527344,72.90021514892578,933230770,LTC-USD,CRYPTO,yfinance,1d
2024-01-13,72.89347076416016,73.48469543457031,71.10447692871094,71.98751068115234,405367417,LTC-USD,CRYPTO,yfinance,1d
2024-01-14,71.98599243164062,72.23558807373047,69.6949691772461,69.81559753417969,338194628,LTC-USD,CRYPTO,yfinance,1d
2024-01-15,69.79605102539062,71.52884674072266,69.05143737792969,69.255615234375,303171541,LTC-USD,CRYPTO,yfinance,1d
2024-01-16,69.22520446777344,70.40702819824219,68.60191345214844,69.47465515136719,333674337,LTC-USD,CRYPTO,yfinance,1d
2024-01-17,69.46499633789062,69.87574005126953,68.59004974365234,69.38614654541016,287190583,LTC-USD,CRYPTO,yfinance,1d
2024-01-18,69.38743591308594,70.23684692382812,66.6109619140625,67.99267578125,414154847,LTC-USD,CRYPTO,yfinance,1d
2024-01-19,67.99488067626953,71.41926574707031,67.12335205078125,71.1841812133789,403881358,LTC-USD,CRYPTO,yfinance,1d
2024-01-20,71.18571472167969,72.67486572265625,70.60953521728516,71.29741668701172,353477650,LTC-USD,CRYPTO,yfinance,1d
2024-01-21,71.29935455322266,72.14863586425781,70.5462646484375,71.60008239746094,231236531,LTC-USD,CRYPTO,yfinance,1d
2024-01-22,71.61471557617188,72.54460144042969,66.91217041015625,67.28827667236328,458158615,LTC-USD,CRYPTO,yfinance,1d
2024-01-23,67.2889404296875,68.31859588623047,63.26130294799805,65.44943237304688,408856695,LTC-USD,CRYPTO,yfinance,1d
2024-01-24,65.45223999023438,66.29458618164062,64.9065170288086,66.14016723632812,276316216,LTC-USD,CRYPTO,yfinance,1d
2024-01-25,66.14049530029297,66.14049530029297,64.6639633178711,65.49899291992188,234636079,LTC-USD,CRYPTO,yfinance,1d
2024-01-26,65.49834442138672,67.50267791748047,65.23934936523438,67.03406524658203,248070449,LTC-USD,CRYPTO,yfinance,1d
2024-01-27,67.03558349609375,68.28233337402344,66.42139434814453,68.08456420898438,211372666,LTC-USD,CRYPTO,yfinance,1d
2024-01-28,68.0787582397461,68.44358825683594,67.40785217285156,68.39750671386719,238275365,LTC-USD,CRYPTO,yfinance,1d
2024-01-29,68.39154815673828,68.70699310302734,66.92247009277344,68.45301055908203,276494459,LTC-USD,CRYPTO,yfinance,1d
2024-01-30,68.45301055908203,68.64164733886719,67.29065704345703,67.51202392578125,238389131,LTC-USD,CRYPTO,yfinance,1d
2024-01-31,67.51619720458984,69.7961654663086,66.2651596069336,66.75304412841797,348867643,LTC-USD,CRYPTO,yfinance,1d
2024-02-01,66.75057220458984,68.0745620727539,65.80314636230469,67.51658630371094,232108384,LTC-USD,CRYPTO,yfinance,1d
2024-02-02,67.51679229736328,68.34182739257812,67.41259002685547,68.0035171508789,203602294,LTC-USD,CRYPTO,yfinance,1d
2024-02-03,68.00343322753906,69.08407592773438,67.91503143310547,68.83683776855469,187461706,LTC-USD,CRYPTO,yfinance,1d
2024-02-04,68.83361053466797,68.83361053466797,66.68217468261719,66.93138885498047,207440125,LTC-USD,CRYPTO,yfinance,1d
2024-02-05,66.93228912353516,68.13233184814453,66.71401977539062,67.61941528320312,204854690,LTC-USD,CRYPTO,yfinance,1d
2024-02-06,67.61927032470703,68.75141143798828,67.555908203125,68.29098510742188,215034847,LTC-USD,CRYPTO,yfinance,1d
2024-02-07,68.29220581054688,68.74256896972656,67.75403594970703,68.5560302734375,243889376,LTC-USD,CRYPTO,yfinance,1d
2024-02-08,68.56172180175781,70.607177734375,68.45651245117188,70.5627670288086,271057492,LTC-USD,CRYPTO,yfinance,1d
2024-02-09,70.56900787353516,71.8592529296875,70.35433197021484,70.67704772949219,396248689,LTC-USD,CRYPTO,yfinance,1d
2024-02-10,70.67526245117188,71.17469024658203,70.10237121582031,70.80987548828125,229511617,LTC-USD,CRYPTO,yfinance,1d
2024-02-11,70.80158233642578,72.94056701660156,70.68895721435547,71.54000091552734,314543793,LTC-USD,CRYPTO,yfinance,1d
2024-02-12,71.5449447631836,73.41268157958984,70.45436096191406,72.93286895751953,301824432,LTC-USD,CRYPTO,yfinance,1d
2024-02-13,72.93097686767578,73.13077545166016,68.28054809570312,69.00106048583984,489477662,LTC-USD,CRYPTO,yfinance,1d
2024-02-14,68.9997787475586,70.74320983886719,68.56498718261719,69.89627838134766,437462934,LTC-USD,CRYPTO,yfinance,1d
2024-02-15,69.89649963378906,70.86344146728516,69.24420928955078,69.81148529052734,396502737,LTC-USD,CRYPTO,yfinance,1d
2024-02-16,69.81440734863281,70.96041870117188,69.24288940429688,70.6171646118164,313910640,LTC-USD,CRYPTO,yfinance,1d
2024-02-17,70.61634826660156,70.72038269042969,68.4150619506836,69.9896240234375,262442667,LTC-USD,CRYPTO,yfinance,1d
2024-02-18,69.99020385742188,71.278076171875,69.88116455078125,70.7302474975586,250736447,LTC-USD,CRYPTO,yfinance,1d
2024-02-19,70.73890686035156,71.67140197753906,70.58426666259766,71.31204223632812,294953659,LTC-USD,CRYPTO,yfinance,1d
2024-02-20,71.31291198730469,71.42372131347656,68.31145477294922,69.65516662597656,391121481,LTC-USD,CRYPTO,yfinance,1d
2024-02-21,69.6536636352539,69.66280364990234,67.50300598144531,68.93756103515625,295704432,LTC-USD,CRYPTO,yfinance,1d
2024-02-22,68.93953704833984,69.63172912597656,67.98335266113281,68.76451873779297,311236598,LTC-USD,CRYPTO,yfinance,1d
2024-02-23,68.7635498046875,69.06391906738281,67.72360229492188,68.82816314697266,256867051,LTC-USD,CRYPTO,yfinance,1d
2024-02-24,68.8262710571289,70.6188735961914,68.71939086914062,70.3870620727539,241694583,LTC-USD,CRYPTO,yfinance,1d
2024-02-25,70.38663482666016,70.55437469482422,69.80223846435547,70.08211517333984,225632198,LTC-USD,CRYPTO,yfinance,1d
2024-02-26,70.08729553222656,72.91568756103516,69.228515625,71.9378890991211,389106739,LTC-USD,CRYPTO,yfinance,1d
2024-02-27,71.94554138183594,76.28779602050781,71.94554138183594,74.03375244140625,641863534,LTC-USD,CRYPTO,yfinance,1d
2024-02-28,74.02571868896484,77.84503173828125,71.7627182006836,74.59254455566406,768473291,LTC-USD,CRYPTO,yfinance,1d
2024-02-29,74.58062744140625,84.81261444091797,74.12446594238281,79.9408950805664,1042945490,LTC-USD,CRYPTO,yfinance,1d
2024-03-01,79.91729736328125,86.05924987792969,79.91729736328125,85.08411407470703,656274472,LTC-USD,CRYPTO,yfinance,1d
2024-03-02,85.05973052978516,94.47052001953125,84.58365631103516,94.41902923583984,1040122066,LTC-USD,CRYPTO,yfinance,1d
2024-03-03,94.42616271972656,94.52516174316406,87.49765014648438,90.66835021972656,707371775,LTC-USD,CRYPTO,yfinance,1d
2024-03-04,90.67282104492188,92.42456817626953,87.78443908691406,88.93545532226562,830931633,LTC-USD,CRYPTO,yfinance,1d
2024-03-05,88.94632720947266,91.83197021484375,74.43440246582031,82.04119873046875,1367572503,LTC-USD,CRYPTO,yfinance,1d
2024-03-06,82.03903198242188,87.25851440429688,79.98624420166016,85.82997131347656,742784629,LTC-USD,CRYPTO,yfinance,1d
2024-03-07,85.82997131347656,89.60367584228516,83.59175109863281,88.10804748535156,651436457,LTC-USD,CRYPTO,yfinance,1d
2024-03-08,88.10762023925781,89.30990600585938,84.9583969116211,88.63076782226562,704449860,LTC-USD,CRYPTO,yfinance,1d
2024-03-09,88.63091278076172,91.01152801513672,87.22425079345703,90.8468017578125,526302540,LTC-USD,CRYPTO,yfinance,1d
2024-03-10,90.84618377685547,90.91190338134766,85.6823501586914,87.50755310058594,482197828,LTC-USD,CRYPTO,yfinance,1d
2024-03-11,87.50587463378906,105.58413696289062,84.83401489257812,103.7921142578125,1538166122,LTC-USD,CRYPTO,yfinance,1d
2024-03-12,103.79320526123047,104.08688354492188,93.2957992553711,97.53800201416016,1160292398,LTC-USD,CRYPTO,yfinance,1d
2024-03-13,97.53800201416016,98.78469848632812,94.63167572021484,97.32198333740234,668550065,LTC-USD,CRYPTO,yfinance,1d
2024-03-14,97.32335662841797,98.01575469970703,90.35404205322266,94.11614227294922,835527149,LTC-USD,CRYPTO,yfinance,1d
2024-03-15,94.12076568603516,95.27178955078125,84.35176849365234,89.71339416503906,922321450,LTC-USD,CRYPTO,yfinance,1d
2024-03-16,89.7118911743164,90.63287353515625,82.46944427490234,84.13844299316406,622982146,LTC-USD,CRYPTO,yfinance,1d
2024-03-17,84.14225769042969,86.679931640625,81.1246566772461,85.85752868652344,503681869,LTC-USD,CRYPTO,yfinance,1d
2024-03-18,85.85687255859375,87.86909484863281,80.94900512695312,87.1122055053711,563769105,LTC-USD,CRYPTO,yfinance,1d
2024-03-19,87.11251831054688,87.42929077148438,77.2979507446289,78.58637237548828,978488125,LTC-USD,CRYPTO,yfinance,1d
2024-03-20,78.58637237548828,85.24988555908203,77.28515625,84.78901672363281,727339448,LTC-USD,CRYPTO,yfinance,1d
2024-03-21,84.78901672363281,86.80300903320312,83.85657501220703,85.70162200927734,563676121,LTC-USD,CRYPTO,yfinance,1d
2024-03-22,85.70466613769531,86.08287811279297,80.80746459960938,83.31150817871094,473810620,LTC-USD,CRYPTO,yfinance,1d
2024-03-23,83.31150817871094,87.45525360107422,83.15123748779297,85.42414093017578,494227407,LTC-USD,CRYPTO,yfinance,1d
2024-03-24,85.42353820800781,90.4247817993164,85.37574768066406,89.69075012207031,614433135,LTC-USD,CRYPTO,yfinance,1d
2024-03-25,89.69075012207031,91.93660736083984,88.71807861328125,90.72403717041016,620722715,LTC-USD,CRYPTO,yfinance,1d
2024-03-26,90.72403717041016,96.84715270996094,87.78437042236328,95.86446380615234,964048565,LTC-USD,CRYPTO,yfinance,1d
2024-03-27,95.86512756347656,98.30583190917969,92.85340118408203,93.6755142211914,984598281,LTC-USD,CRYPTO,yfinance,1d
2024-03-28,93.6755142211914,96.38533782958984,93.5243148803711,94.2191162109375,702908138,LTC-USD,CRYPTO,yfinance,1d
2024-03-29,94.2190170288086,110.00592803955078,93.1104965209961,109.25897216796875,1803906237,LTC-USD,CRYPTO,yfinance,1d
2024-03-30,109.24394226074219,109.24998474121094,101.3065414428711,102.86311340332031,729886796,LTC-USD,CRYPTO,yfinance,1d
2024-03-31,102.86630249023438,106.54881286621094,101.55445861816406,105.18340301513672,638798519,LTC-USD,CRYPTO,yfinance,1d
2024-04-01,105.18340301513672,112.31586456298828,97.5183334350586,99.3753433227539,1354224503,LTC-USD,CRYPTO,yfinance,1d
2024-04-02,99.37517547607422,108.81121063232422,94.32090759277344,106.81754302978516,1576166267,LTC-USD,CRYPTO,yfinance,1d
2024-04-03,106.81896209716797,109.54499816894531,96.7464599609375,98.57223510742188,990603461,LTC-USD,CRYPTO,yfinance,1d
2024-04-04,98.57223510742188,103.96652221679688,96.45170593261719,98.40848541259766,952231750,LTC-USD,CRYPTO,yfinance,1d
2024-04-05,98.40848541259766,100.10220336914062,95.33878326416016,98.04344940185547,735964372,LTC-USD,CRYPTO,yfinance,1d
2024-04-06,98.04320526123047,102.31310272216797,97.30354309082031,101.50172424316406,496165238,LTC-USD,CRYPTO,yfinance,1d
2024-04-07,101.49998474121094,105.6772689819336,100.43559265136719,101.17562866210938,581333824,LTC-USD,CRYPTO,yfinance,1d
2024-04-08,101.1756362915039,105.84207916259766,99.91136932373047,103.3110580444336,706651161,LTC-USD,CRYPTO,yfinance,1d
2024-04-09,103.3110580444336,103.38558959960938,96.7442626953125,97.49812316894531,593234437,LTC-USD,CRYPTO,yfinance,1d
2024-04-10,97.49812316894531,98.1346435546875,94.45733642578125,96.69976043701172,571530949,LTC-USD,CRYPTO,yfinance,1d
2024-04-11,96.70042419433594,99.80048370361328,95.04449462890625,98.68910217285156,533522657,LTC-USD,CRYPTO,yfinance,1d
2024-04-12,98.68854522705078,99.2889633178711,80.81292724609375,86.26956939697266,1052316398,LTC-USD,CRYPTO,yfinance,1d
2024-04-13,86.26397705078125,86.49285888671875,71.311767578125,77.60658264160156,1220477380,LTC-USD,CRYPTO,yfinance,1d
2024-04-14,77.59749603271484,80.36457824707031,74.1386489868164,79.9143295288086,833631968,LTC-USD,CRYPTO,yfinance,1d
2024-04-15,79.91568756103516,82.75382232666016,75.9499740600586,78.07315063476562,713883734,LTC-USD,CRYPTO,yfinance,1d
2024-04-16,78.07255554199219,80.38191223144531,75.87028503417969,79.92219543457031,487783387,LTC-USD,CRYPTO,yfinance,1d
2024-04-17,79.92552185058594,80.71611022949219,76.52603149414062,80.16748046875,428178765,LTC-USD,CRYPTO,yfinance,1d
2024-04-18,80.16756439208984,82.39315795898438,78.88060760498047,80.79938507080078,502655456,LTC-USD,CRYPTO,yfinance,1d
2024-04-19,80.79938507080078,82.01753997802734,76.2033920288086,80.9097900390625,484059666,LTC-USD,CRYPTO,yfinance,1d
2024-04-20,80.90921020507812,85.89022064208984,80.44182586669922,85.092041015625,342916025,LTC-USD,CRYPTO,yfinance,1d
2024-04-21,85.09185791015625,85.68260192871094,82.98918914794922,84.16567993164062,297434669,LTC-USD,CRYPTO,yfinance,1d
2024-04-22,84.16493225097656,86.37734985351562,84.08796691894531,85.4677963256836,379391982,LTC-USD,CRYPTO,yfinance,1d
2024-04-23,85.4677963256836,85.90682983398438,84.1795883178711,85.10800170898438,315895462,LTC-USD,CRYPTO,yfinance,1d
2024-04-24,85.10782623291016,87.6387710571289,82.43112182617188,83.16317749023438,520985490,LTC-USD,CRYPTO,yfinance,1d
2024-04-25,83.16600036621094,85.02046203613281,82.1574478149414,83.79810333251953,455920818,LTC-USD,CRYPTO,yfinance,1d
2024-04-26,83.79810333251953,88.48827362060547,83.21366882324219,87.99208068847656,600181600,LTC-USD,CRYPTO,yfinance,1d
2024-04-27,87.99189758300781,88.36001586914062,83.35037994384766,83.88262939453125,431405902,LTC-USD,CRYPTO,yfinance,1d
2024-04-28,83.88262939453125,85.36380767822266,83.70288848876953,83.95203399658203,297363904,LTC-USD,CRYPTO,yfinance,1d
2024-04-29,83.95268249511719,85.4811019897461,81.94097137451172,83.51525115966797,384053398,LTC-USD,CRYPTO,yfinance,1d
2024-04-30,83.51441192626953,84.4456558227539,77.6153335571289,79.49531555175781,409800293,LTC-USD,CRYPTO,yfinance,1d
2024-05-01,79.4953384399414,80.6950454711914,74.9177474975586,80.09586334228516,465312453,LTC-USD,CRYPTO,yfinance,1d
2024-05-02,80.09586334228516,81.14041137695312,78.66080474853516,80.12277221679688,313083456,LTC-USD,CRYPTO,yfinance,1d
2024-05-03,80.12277221679688,82.59833526611328,79.45542907714844,81.93013763427734,306780202,LTC-USD,CRYPTO,yfinance,1d
2024-05-04,81.92999267578125,82.92390441894531,81.64507293701172,81.6870346069336,252821970,LTC-USD,CRYPTO,yfinance,1d
2024-05-05,81.6870346069336,81.73737335205078,80.54306030273438,81.37557220458984,266211647,LTC-USD,CRYPTO,yfinance,1d
2024-05-06,81.37535858154297,83.98172760009766,80.23799896240234,80.78765106201172,401251818,LTC-USD,CRYPTO,yfinance,1d
2024-05-07,80.78755950927734,82.54014587402344,80.02095031738281,80.81792449951172,334396236,LTC-USD,CRYPTO,yfinance,1d
2024-05-08,80.81816864013672,82.10762023925781,79.40979766845703,81.6363525390625,362774817,LTC-USD,CRYPTO,yfinance,1d
2024-05-09,81.6363525390625,83.07113647460938,80.76737976074219,83.05622100830078,301587301,LTC-USD,CRYPTO,yfinance,1d
2024-05-10,83.05730438232422,83.42251586914062,79.67955780029297,80.2269287109375,314299445,LTC-USD,CRYPTO,yfinance,1d
2024-05-11,80.22695922851562,82.18994903564453,80.22377014160156,81.34529876708984,239865771,LTC-USD,CRYPTO,yfinance,1d
2024-05-12,81.34733581542969,82.10115814208984,80.95101165771484,81.38278198242188,199954369,LTC-USD,CRYPTO,yfinance,1d
2024-05-13,81.3828125,82.46473693847656,79.07095336914062,80.6013412475586,335695526,LTC-USD,CRYPTO,yfinance,1d
2024-05-14,80.60125732421875,81.17059326171875,78.6698989868164,78.73124694824219,391753723,LTC-USD,CRYPTO,yfinance,1d
2024-05-15,78.73133850097656,82.78459167480469,78.31710052490234,82.5345230102539,377340508,LTC-USD,CRYPTO,yfinance,1d
2024-05-16,82.53450012207031,83.18783569335938,81.49226379394531,82.45768737792969,324211603,LTC-USD,CRYPTO,yfinance,1d
2024-05-17,82.45674133300781,84.21932220458984,82.00047302246094,84.18548583984375,315118606,LTC-USD,CRYPTO,yfinance,1d
2024-05-18,84.18548583984375,84.61653900146484,83.62666320800781,83.86661529541016,250565475,LTC-USD,CRYPTO,yfinance,1d
2024-05-19,83.86664581298828,84.37700653076172,81.86172485351562,82.2212142944336,245911982,LTC-USD,CRYPTO,yfinance,1d
2024-05-20,82.2212142944336,88.99490356445312,82.22056579589844,88.60094451904297,488444835,LTC-USD,CRYPTO,yfinance,1d
2024-05-21,88.60157775878906,89.41799926757812,87.07108306884766,88.21318054199219,626800539,LTC-USD,CRYPTO,yfinance,1d
2024-05-22,88.21331024169922,88.40859985351562,85.04737091064453,85.71488189697266,456965594,LTC-USD,CRYPTO,yfinance,1d
2024-05-23,85.71488189697266,87.71839904785156,81.87350463867188,85.41560363769531,705291984,LTC-USD,CRYPTO,yfinance,1d
2024-05-24,85.41560363769531,86.33328247070312,84.14339447021484,84.98160552978516,454791324,LTC-USD,CRYPTO,yfinance,1d
2024-05-25,84.9818115234375,85.88945007324219,84.51619720458984,84.9808578491211,262450587,LTC-USD,CRYPTO,yfinance,1d
2024-05-26,84.98089599609375,85.21260070800781,83.62319946289062,83.8999252319336,260785016,LTC-USD,CRYPTO,yfinance,1d
2024-05-27,83.8999252319336,86.3172378540039,83.8549575805664,85.2121810913086,332515348,LTC-USD,CRYPTO,yfinance,1d
2024-05-28,85.2121810913086,85.39529418945312,82.17367553710938,83.3997802734375,406136903,LTC-USD,CRYPTO,yfinance,1d
2024-05-29,83.39974975585938,84.08186340332031,82.72734832763672,83.48149871826172,325029291,LTC-USD,CRYPTO,yfinance,1d
2024-05-30,83.48162841796875,85.42882537841797,81.96820831298828,84.41934967041016,374103585,LTC-USD,CRYPTO,yfinance,1d
2024-05-31,84.41934967041016,84.59213256835938,82.15149688720703,83.23851776123047,311113104,LTC-USD,CRYPTO,yfinance,1d
2024-06-01,83.23851776123047,83.64016723632812,82.90918731689453,83.43401336669922,199228313,LTC-USD,CRYPTO,yfinance,1d
2024-06-02,83.43370819091797,83.43370819091797,82.21977233886719,83.05375671386719,260625536,LTC-USD,CRYPTO,yfinance,1d
2024-06-03,83.05375671386719,84.16109466552734,82.7299575805664,82.7983627319336,323671050,LTC-USD,CRYPTO,yfinance,1d
2024-06-04,82.79936981201172,83.65604400634766,81.22252655029297,83.65545654296875,322575434,LTC-USD,CRYPTO,yfinance,1d
2024-06-05,83.65545654296875,85.4281005859375,83.58734130859375,85.41313171386719,298932207,LTC-USD,CRYPTO,yfinance,1d
2024-06-06,85.41313171386719,85.73461151123047,84.18112182617188,84.18112182617188,303021855,LTC-USD,CRYPTO,yfinance,1d
2024-06-07,84.18128967285156,84.80403137207031,76.52325439453125,80.08868408203125,591251891,LTC-USD,CRYPTO,yfinance,1d
2024-06-08,80.08610534667969,80.39139556884766,79.04573059082031,79.99410247802734,284518077,LTC-USD,CRYPTO,yfinance,1d
2024-06-09,79.99313354492188,80.6773681640625,79.57272338867188,80.51000213623047,286027438,LTC-USD,CRYPTO,yfinance,1d
2024-06-10,80.51067352294922,80.51067352294922,79.13886260986328,79.60232543945312,345564925,LTC-USD,CRYPTO,yfinance,1d
2024-06-11,79.60664367675781,79.64070129394531,76.1424331665039,77.28195190429688,566945767,LTC-USD,CRYPTO,yfinance,1d
2024-06-12,77.2872543334961,79.19055938720703,76.53652954101562,78.46941375732422,391170592,LTC-USD,CRYPTO,yfinance,1d
2024-06-13,78.47189331054688,79.71875,77.43527221679688,79.14324188232422,348470946,LTC-USD,CRYPTO,yfinance,1d
2024-06-14,79.14163208007812,80.1712646484375,76.52998352050781,77.54237365722656,377573766,LTC-USD,CRYPTO,yfinance,1d
2024-06-15,77.5418701171875,79.34984588623047,77.49092102050781,79.19642639160156,235783709,LTC-USD,CRYPTO,yfinance,1d
2024-06-16,79.19770812988281,80.00274658203125,78.6093978881836,78.90593719482422,213769033,LTC-USD,CRYPTO,yfinance,1d
2024-06-17,78.90803527832031,79.16062927246094,75.33788299560547,76.62609100341797,374224288,LTC-USD,CRYPTO,yfinance,1d
2024-06-18,76.61924743652344,76.67543029785156,70.87077331542969,72.61646270751953,615015988,LTC-USD,CRYPTO,yfinance,1d
2024-06-19,72.61457061767578,74.879638671875,72.54847717285156,73.7035140991211,294923125,LTC-USD,CRYPTO,yfinance,1d
2024-06-20,73.7035140991211,75.29202270507812,73.29188537597656,74.7087631225586,328191289,LTC-USD,CRYPTO,yfinance,1d
2024-06-21,74.6950912475586,74.6950912475586,72.36263275146484,74.11437225341797,357955358,LTC-USD,CRYPTO,yfinance,1d
2024-06-22,74.11325073242188,74.8216323852539,73.60083770751953,74.54924774169922,197490888,LTC-USD,CRYPTO,yfinance,1d
2024-06-23,74.54876708984375,74.96100616455078,73.37391662597656,73.380126953125,210095112,LTC-USD,CRYPTO,yfinance,1d
2024-06-24,73.37001037597656,73.37001037597656,67.9246597290039,69.6898193359375,535404321,LTC-USD,CRYPTO,yfinance,1d
2024-06-25,69.6875228881836,71.91136169433594,69.44251251220703,71.36486053466797,313829290,LTC-USD,CRYPTO,yfinance,1d
2024-06-26,71.36399841308594,71.90345764160156,70.53258514404297,70.9636001586914,276567055,LTC-USD,CRYPTO,yfinance,1d
2024-06-27,70.95973205566406,73.18812561035156,70.54117584228516,73.12354278564453,274414769,LTC-USD,CRYPTO,yfinance,1d
2024-06-28,73.12694549560547,74.5482177734375,72.60485076904297,72.76513671875,366036150,LTC-USD,CRYPTO,yfinance,1d
2024-06-29,72.76770782470703,76.5953369140625,72.76770782470703,74.92382049560547,295661343,LTC-USD,CRYPTO,yfinance,1d
2024-06-30,74.91105651855469,75.80418395996094,74.08903503417969,75.27999877929688,284483188,LTC-USD,CRYPTO,yfinance,1d
2024-07-01,75.27049255371094,75.80268096923828,74.18956756591797,74.34024810791016,258562233,LTC-USD,CRYPTO,yfinance,1d
2024-07-02,74.33841705322266,76.04199981689453,74.2362289428711,75.86390686035156,226870728,LTC-USD,CRYPTO,yfinance,1d
2024-07-03,75.86984252929688,76.06666564941406,71.81166076660156,72.0750503540039,395211144,LTC-USD,CRYPTO,yfinance,1d
2024-07-04,72.06588745117188,72.29471588134766,65.21134948730469,65.3156967163086,449109396,LTC-USD,CRYPTO,yfinance,1d
2024-07-05,65.3086166381836,65.39863586425781,57.513309478759766,61.88725662231445,714310543,LTC-USD,CRYPTO,yfinance,1d
2024-07-06,61.88777160644531,65.58055877685547,61.59531784057617,65.43029022216797,266484568,LTC-USD,CRYPTO,yfinance,1d
2024-07-07,65.42943572998047,65.53449249267578,61.724735260009766,62.062255859375,239300654,LTC-USD,CRYPTO,yfinance,1d
2024-07-08,62.06187057495117,66.1348876953125,59.44060516357422,64.86933135986328,397070221,LTC-USD,CRYPTO,yfinance,1d
2024-07-09,64.86528015136719,66.1781997680664,64.36003112792969,65.31686401367188,227402086,LTC-USD,CRYPTO,yfinance,1d
2024-07-10,65.31707763671875,67.19572448730469,64.58430480957031,66.93814849853516,235892135,LTC-USD,CRYPTO,yfinance,1d
2024-07-11,66.94031524658203,69.08324432373047,66.58293151855469,67.43598175048828,255074186,LTC-USD,CRYPTO,yfinance,1d
2024-07-12,67.43190002441406,69.343994140625,66.87570190429688,69.27572631835938,308924534,LTC-USD,CRYPTO,yfinance,1d
2024-07-13,69.27706146240234,70.57685089111328,69.25384521484375,69.85125732421875,236979172,LTC-USD,CRYPTO,yfinance,1d
2024-07-14,69.84521484375,70.50310516357422,69.3447494506836,69.96685791015625,229260943,LTC-USD,CRYPTO,yfinance,1d
2024-07-15,69.97557067871094,72.51093292236328,69.81793212890625,72.45584869384766,353497138,LTC-USD,CRYPTO,yfinance,1d
2024-07-16,72.4346923828125,73.99192810058594,70.59867858886719,73.20144653320312,382767108,LTC-USD,CRYPTO,yfinance,1d
2024-07-17,73.20759582519531,74.19403839111328,71.3419418334961,71.42044830322266,299830129,LTC-USD,CRYPTO,yfinance,1d
2024-07-18,71.41646575927734,72.88584899902344,70.71131896972656,71.6102294921875,249796825,LTC-USD,CRYPTO,yfinance,1d
2024-07-19,71.60865020751953,74.11105346679688,69.7765121459961,73.45670318603516,316824843,LTC-USD,CRYPTO,yfinance,1d
2024-07-20,73.45681762695312,73.85535430908203,72.48987579345703,73.07349395751953,215480330,LTC-USD,CRYPTO,yfinance,1d
2024-07-21,73.07353973388672,74.04309844970703,71.61493682861328,73.988525390625,255675000,LTC-USD,CRYPTO,yfinance,1d
2024-07-22,73.98861694335938,74.5453872680664,70.89278411865234,71.30793762207031,476945507,LTC-USD,CRYPTO,yfinance,1d
2024-07-23,71.30793762207031,73.00350189208984,70.6475830078125,72.93016052246094,310802776,LTC-USD,CRYPTO,yfinance,1d
2024-07-24,72.93158721923828,73.62262725830078,70.88910675048828,71.24752044677734,253444139,LTC-USD,CRYPTO,yfinance,1d
2024-07-25,71.24840545654297,71.61515045166016,67.39405059814453,68.8547592163086,375680971,LTC-USD,CRYPTO,yfinance,1d
2024-07-26,68.85529327392578,71.6604232788086,68.8106918334961,71.3331069946289,243237326,LTC-USD,CRYPTO,yfinance,1d
2024-07-27,71.33331298828125,72.27794647216797,70.56980895996094,71.3629379272461,243026963,LTC-USD,CRYPTO,yfinance,1d
2024-07-28,71.36212921142578,71.72260284423828,70.44271087646484,71.1284408569336,187721468,LTC-USD,CRYPTO,yfinance,1d
2024-07-29,71.1286849975586,76.61622619628906,71.0945816040039,73.74948120117188,462935071,LTC-USD,CRYPTO,yfinance,1d
2024-07-30,73.74805450439453,74.4849853515625,71.38629150390625,71.6852035522461,259291619,LTC-USD,CRYPTO,yfinance,1d
2024-07-31,71.6852035522461,72.83888244628906,70.11434936523438,70.19042205810547,257603953,LTC-USD,CRYPTO,yfinance,1d
2024-08-01,70.19108581542969,71.38333892822266,66.36893463134766,69.56616973876953,343996932,LTC-USD,CRYPTO,yfinance,1d
2024-08-02,69.56598663330078,69.82292175292969,64.32030487060547,64.99111938476562,339170811,LTC-USD,CRYPTO,yfinance,1d
2024-08-03,64.9916763305664,66.28813171386719,62.74808883666992,64.6042251586914,297433385,LTC-USD,CRYPTO,yfinance,1d
2024-08-04,64.60388946533203,65.13240814208984,60.6561279296875,62.396121978759766,281214196,LTC-USD,CRYPTO,yfinance,1d
2024-08-05,62.39621353149414,62.49174499511719,50.429405212402344,56.21337890625,1092702214,LTC-USD,CRYPTO,yfinance,1d
2024-08-06,56.212059020996094,59.25807571411133,56.149593353271484,58.263362884521484,349503018,LTC-USD,CRYPTO,yfinance,1d
2024-08-07,58.2631721496582,59.51057052612305,55.549072265625,55.983909606933594,367194429,LTC-USD,CRYPTO,yfinance,1d
2024-08-08,55.98397445678711,61.84330368041992,55.36936569213867,61.22355270385742,294496934,LTC-USD,CRYPTO,yfinance,1d
2024-08-09,61.22541427612305,61.23487854003906,59.50537109375,60.74286651611328,246443804,LTC-USD,CRYPTO,yfinance,1d
2024-08-10,60.74296951293945,61.501312255859375,60.22174835205078,61.17485427856445,176462072,LTC-USD,CRYPTO,yfinance,1d
2024-08-11,61.176109313964844,62.30714416503906,59.047203063964844,59.70698165893555,233911051,LTC-USD,CRYPTO,yfinance,1d
2024-08-12,59.70737075805664,61.99182891845703,59.41765213012695,61.4669075012207,299287490,LTC-USD,CRYPTO,yfinance,1d
2024-08-13,61.4669075012207,63.43269348144531,61.264305114746094,63.41337966918945,255498754,LTC-USD,CRYPTO,yfinance,1d
2024-08-14,63.417381286621094,64.66471099853516,62.84146499633789,64.01732635498047,263275082,LTC-USD,CRYPTO,yfinance,1d
2024-08-15,64.01742553710938,66.82774353027344,63.682273864746094,65.27692413330078,391715001,LTC-USD,CRYPTO,yfinance,1d
2024-08-16,65.27692413330078,66.72370910644531,64.50328063964844,66.56855773925781,324517098,LTC-USD,CRYPTO,yfinance,1d
2024-08-17,66.56855773925781,67.83253479003906,65.97252655029297,67.58361053466797,205601591,LTC-USD,CRYPTO,yfinance,1d
2024-08-18,67.58380126953125,68.10401916503906,66.22050476074219,66.38336181640625,222494748,LTC-USD,CRYPTO,yfinance,1d
2024-08-19,66.3818588256836,67.40308380126953,66.06853485107422,66.36810302734375,256252677,LTC-USD,CRYPTO,yfinance,1d
2024-08-20,66.3683090209961,67.27870178222656,63.346378326416016,64.48001098632812,285075432,LTC-USD,CRYPTO,yfinance,1d
2024-08-21,64.4798355102539,64.71910095214844,62.14985275268555,64.28144836425781,309111692,LTC-USD,CRYPTO,yfinance,1d
2024-08-22,64.28114318847656,64.32396697998047,62.66316604614258,63.83037567138672,245199798,LTC-USD,CRYPTO,yfinance,1d
2024-08-23,63.83114242553711,66.7776870727539,63.64752197265625,66.20084381103516,278557924,LTC-USD,CRYPTO,yfinance,1d
2024-08-24,66.20098114013672,67.98399353027344,65.53153228759766,66.57865905761719,234226298,LTC-USD,CRYPTO,yfinance,1d
2024-08-25,66.58131408691406,66.83509826660156,64.59161376953125,64.84695434570312,233579393,LTC-USD,CRYPTO,yfinance,1d
2024-08-26,64.84695434570312,65.08028411865234,63.1539421081543,63.17496109008789,246877104,LTC-USD,CRYPTO,yfinance,1d
2024-08-27,63.17496109008789,63.941749572753906,59.49946594238281,60.463035583496094,284396748,LTC-USD,CRYPTO,yfinance,1d
2024-08-28,60.463035583496094,62.32095718383789,59.628807067871094,61.802040100097656,295624638,LTC-USD,CRYPTO,yfinance,1d
2024-08-29,61.80031967163086,63.85160827636719,61.224090576171875,62.483680725097656,336726050,LTC-USD,CRYPTO,yfinance,1d
2024-08-30,62.48529052734375,65.36481475830078,61.74536895751953,64.97552490234375,324286731,LTC-USD,CRYPTO,yfinance,1d
2024-08-31,64.97525024414062,66.37171173095703,64.90754699707031,65.05883026123047,230541644,LTC-USD,CRYPTO,yfinance,1d
2024-09-01,65.05892944335938,65.06591796875,63.088340759277344,63.52634048461914,223244709,LTC-USD,CRYPTO,yfinance,1d
2024-09-02,63.526920318603516,65.64596557617188,62.696014404296875,65.30899810791016,257230043,LTC-USD,CRYPTO,yfinance,1d
2024-09-03,65.30941009521484,66.2955093383789,64.42266845703125,64.42266845703125,241196620,LTC-USD,CRYPTO,yfinance,1d
2024-09-04,64.4212417602539,66.16659545898438,62.744937896728516,65.4273452758789,320527127,LTC-USD,CRYPTO,yfinance,1d
2024-09-05,65.42742919921875,68.35598754882812,64.48772430419922,66.08258056640625,426596399,LTC-USD,CRYPTO,yfinance,1d
2024-09-06,66.08289337158203,66.75572204589844,61.5012092590332,63.00200653076172,374017227,LTC-USD,CRYPTO,yfinance,1d
2024-09-07,63.00200653076172,64.08972930908203,61.75529479980469,62.0865592956543,246272609,LTC-USD,CRYPTO,yfinance,1d
2024-09-08,62.08685302734375,62.26115417480469,60.141632080078125,60.89545440673828,259629922,LTC-USD,CRYPTO,yfinance,1d
2024-09-09,60.89639663696289,61.73335266113281,59.786651611328125,61.419647216796875,345619612,LTC-USD,CRYPTO,yfinance,1d
2024-09-10,61.418521881103516,61.752750396728516,60.393341064453125,61.54644775390625,260893434,LTC-USD,CRYPTO,yfinance,1d
2024-09-11,61.54611587524414,62.39975357055664,60.23931884765625,62.18716812133789,302925854,LTC-USD,CRYPTO,yfinance,1d
2024-09-12,62.18716812133789,63.110389709472656,61.551612854003906,62.84511947631836,231453624,LTC-USD,CRYPTO,yfinance,1d
2024-09-13,62.84511947631836,64.99256134033203,62.45269012451172,64.97948455810547,248433624,LTC-USD,CRYPTO,yfinance,1d
2024-09-14,64.97948455810547,66.73397827148438,64.96334838867188,65.97522735595703,243105165,LTC-USD,CRYPTO,yfinance,1d
2024-09-15,65.97522735595703,66.2911605834961,63.14146423339844,63.336692810058594,205909250,LTC-USD,CRYPTO,yfinance,1d
2024-09-16,63.336692810058594,63.721614837646484,62.14505386352539,62.58589172363281,244928541,LTC-USD,CRYPTO,yfinance,1d
2024-09-17,62.58576583862305,64.00006866455078,62.01725387573242,63.743194580078125,272258838,LTC-USD,CRYPTO,yfinance,1d
2024-09-18,63.743831634521484,64.76728057861328,62.495819091796875,64.7613296508789,310968399,LTC-USD,CRYPTO,yfinance,1d
2024-09-19,64.76039123535156,66.02198028564453,64.76039123535156,65.44454193115234,296760652,LTC-USD,CRYPTO,yfinance,1d
2024-09-20,65.44486999511719,66.40876007080078,64.43228149414062,65.278564453125,290835716,LTC-USD,CRYPTO,yfinance,1d
2024-09-21,65.27884674072266,67.11405181884766,64.8871078491211,66.94282531738281,213651825,LTC-USD,CRYPTO,yfinance,1d
2024-09-22,66.94273376464844,68.73760986328125,66.59937286376953,68.59842681884766,283357159,LTC-USD,CRYPTO,yfinance,1d
2024-09-23,68.59842681884766,69.26701354980469,66.75553131103516,67.02490234375,296739054,LTC-USD,CRYPTO,yfinance,1d
2024-09-24,67.02508544921875,67.1346206665039,65.83683776855469,66.72038269042969,260127617,LTC-USD,CRYPTO,yfinance,1d
2024-09-25,66.72014617919922,67.77375030517578,66.00260925292969,66.58809661865234,250660877,LTC-USD,CRYPTO,yfinance,1d
2024-09-26,66.5876235961914,68.51920318603516,65.75457000732422,68.518310546875,291077284,LTC-USD,CRYPTO,yfinance,1d
2024-09-27,68.518310546875,71.19657897949219,68.39532470703125,71.18820190429688,316406296,LTC-USD,CRYPTO,yfinance,1d
2024-09-28,71.18637084960938,71.4619140625,69.08447265625,70.00396728515625,260685823,LTC-USD,CRYPTO,yfinance,1d
2024-09-29,70.0035171508789,70.25792694091797,68.62840270996094,69.31442260742188,220926144,LTC-USD,CRYPTO,yfinance,1d
2024-09-30,69.3143081665039,69.32129669189453,66.45427703857422,66.82044982910156,300374349,LTC-USD,CRYPTO,yfinance,1d
2024-10-01,66.82025909423828,68.51738739013672,62.44269561767578,63.4249382019043,395586913,LTC-USD,CRYPTO,yfinance,1d
2024-10-02,63.42410659790039,64.73551177978516,62.40068054199219,62.95425796508789,318776691,LTC-USD,CRYPTO,yfinance,1d
2024-10-03,62.95425796508789,63.938289642333984,62.120784759521484,63.45410919189453,294933538,LTC-USD,CRYPTO,yfinance,1d
2024-10-04,63.45412826538086,65.14322662353516,63.387962341308594,64.94314575195312,216190011,LTC-USD,CRYPTO,yfinance,1d
2024-10-05,64.9431381225586,66.27556610107422,64.83678436279297,66.27214813232422,192454685,LTC-USD,CRYPTO,yfinance,1d
2024-10-06,66.27214813232422,67.5989990234375,66.17018127441406,67.06830596923828,201634058,LTC-USD,CRYPTO,yfinance,1d
2024-10-07,67.06830596923828,67.88581085205078,64.60003662109375,64.7729721069336,288447077,LTC-USD,CRYPTO,yfinance,1d
2024-10-08,64.77369689941406,66.0897216796875,64.64989471435547,65.64762878417969,231603117,LTC-USD,CRYPTO,yfinance,1d
2024-10-09,65.64617156982422,65.89076232910156,64.14969635009766,64.54893493652344,237702418,LTC-USD,CRYPTO,yfinance,1d
2024-10-10,64.54788208007812,64.98635864257812,63.421295166015625,64.24361419677734,220488940,LTC-USD,CRYPTO,yfinance,1d
2024-10-11,64.24370574951172,65.8458251953125,64.24234771728516,65.5048828125,198224592,LTC-USD,CRYPTO,yfinance,1d
2024-10-12,65.5052719116211,66.6081314086914,65.13704681396484,66.21168518066406,167873811,LTC-USD,CRYPTO,yfinance,1d
2024-10-13,66.21113586425781,66.2498779296875,64.49746704101562,64.75692749023438,183505571,LTC-USD,CRYPTO,yfinance,1d
2024-10-14,64.7567367553711,67.2420654296875,64.20092010498047,66.8058853149414,316391805,LTC-USD,CRYPTO,yfinance,1d
2024-10-15,66.80615997314453,71.46139526367188,65.55900573730469,70.87361145019531,726572236,LTC-USD,CRYPTO,yfinance,1d
2024-10-16,70.87261962890625,72.84838104248047,69.42472076416016,70.07020568847656,516569125,LTC-USD,CRYPTO,yfinance,1d
2024-10-17,70.07170104980469,73.90220642089844,70.01713562011719,72.74100494384766,416852906,LTC-USD,CRYPTO,yfinance,1d
2024-10-18,72.7442855834961,74.6957778930664,71.91370391845703,73.12972259521484,381814830,LTC-USD,CRYPTO,yfinance,1d
2024-10-19,73.12972259521484,75.87850189208984,73.11477661132812,74.8765640258789,275571744,LTC-USD,CRYPTO,yfinance,1d
2024-10-20,74.87700653076172,75.59207153320312,73.70843505859375,74.31231689453125,267425993,LTC-USD,CRYPTO,yfinance,1d
2024-10-21,74.31197357177734,74.50643157958984,70.49466705322266,70.72498321533203,335343556,LTC-USD,CRYPTO,yfinance,1d
2024-10-22,70.72498321533203,71.45474243164062,69.41297912597656,69.92845916748047,398707379,LTC-USD,CRYPTO,yfinance,1d
2024-10-23,69.92819213867188,70.2011947631836,67.91389465332031,70.15641784667969,268108203,LTC-USD,CRYPTO,yfinance,1d
2024-10-24,70.04024505615234,71.2596435546875,69.29057312011719,71.08497619628906,244903575,LTC-USD,CRYPTO,yfinance,1d
2024-10-25,71.08477783203125,72.19135284423828,67.39370727539062,68.6461181640625,335176505,LTC-USD,CRYPTO,yfinance,1d
2024-10-26,68.64613342285156,69.5140380859375,68.14131164550781,68.39888000488281,231712158,LTC-USD,CRYPTO,yfinance,1d
2024-10-27,68.39897918701172,71.0909423828125,68.01184844970703,71.07989501953125,197424384,LTC-USD,CRYPTO,yfinance,1d
2024-10-28,71.0772476196289,71.443359375,69.69734954833984,70.71797180175781,284589804,LTC-USD,CRYPTO,yfinance,1d
2024-10-29,70.71806335449219,74.26810455322266,70.71708679199219,73.9776611328125,343094196,LTC-USD,CRYPTO,yfinance,1d
2024-10-30,73.97784423828125,74.14144897460938,71.52914428710938,71.84062194824219,262974545,LTC-USD,CRYPTO,yfinance,1d
2024-10-31,71.84062194824219,71.95084381103516,68.52349090576172,69.20464324951172,300368043,LTC-USD,CRYPTO,yfinance,1d
2024-11-01,69.20407104492188,70.935546875,67.7909164428711,70.20695495605469,326016919,LTC-USD,CRYPTO,yfinance,1d
2024-11-02,70.20692443847656,71.1883544921875,69.01476287841797,69.12836456298828,217833777,LTC-USD,CRYPTO,yfinance,1d
2024-11-03,69.12960052490234,69.23020935058594,65.52873229980469,66.91110229492188,295584618,LTC-USD,CRYPTO,yfinance,1d
2024-11-04,66.91163635253906,67.60408782958984,64.64195251464844,65.49251556396484,275984609,LTC-USD,CRYPTO,yfinance,1d
2024-11-05,65.49271392822266,67.21973419189453,65.19530487060547,65.44047546386719,324532216,LTC-USD,CRYPTO,yfinance,1d
2024-11-06,65.44072723388672,71.51042938232422,65.43687438964844,71.02344512939453,623921567,LTC-USD,CRYPTO,yfinance,1d
2024-11-07,71.02362823486328,72.35088348388672,70.0455093383789,71.49371337890625,387639215,LTC-USD,CRYPTO,yfinance,1d
2024-11-08,71.49369049072266,73.0263671875,70.84286499023438,72.8046875,379197013,LTC-USD,CRYPTO,yfinance,1d
2024-11-09,72.80320739746094,74.14163970947266,71.79473876953125,74.06351470947266,339509424,LTC-USD,CRYPTO,yfinance,1d
2024-11-10,74.06351470947266,78.20659637451172,73.82848358154297,76.52312469482422,807368526,LTC-USD,CRYPTO,yfinance,1d
2024-11-11,76.52312469482422,80.17518615722656,74.822509765625,80.11939239501953,1262708979,LTC-USD,CRYPTO,yfinance,1d
2024-11-12,80.11939239501953,82.56068420410156,74.36824035644531,76.93087005615234,1322213373,LTC-USD,CRYPTO,yfinance,1d
2024-11-13,76.92829132080078,77.83482360839844,72.05952453613281,75.44751739501953,985219056,LTC-USD,CRYPTO,yfinance,1d
2024-11-14,75.44749450683594,84.40142059326172,74.46111297607422,82.06620025634766,1829780387,LTC-USD,CRYPTO,yfinance,1d
2024-11-15,82.0682373046875,87.05353546142578,79.08575439453125,83.69956970214844,1239617781,LTC-USD,CRYPTO,yfinance,1d
2024-11-16,83.69956970214844,97.88931274414062,83.03311920166016,95.32144927978516,2147085221,LTC-USD,CRYPTO,yfinance,1d
2024-11-17,95.31871795654297,96.92909240722656,85.1912841796875,87.05650329589844,1334923131,LTC-USD,CRYPTO,yfinance,1d
2024-11-18,87.05691528320312,94.32913208007812,86.67803955078125,89.17768859863281,1360023719,LTC-USD,CRYPTO,yfinance,1d
2024-11-19,89.17833709716797,89.98341369628906,85.39171600341797,86.82052612304688,857872216,LTC-USD,CRYPTO,yfinance,1d
2024-11-20,86.8198013305664,87.69684600830078,82.61724090576172,83.3709487915039,813559484,LTC-USD,CRYPTO,yfinance,1d
2024-11-21,83.37297058105469,90.93290710449219,81.87860107421875,89.53834533691406,1267955013,LTC-USD,CRYPTO,yfinance,1d
2024-11-22,89.54496765136719,92.36090087890625,88.16837310791016,92.07102966308594,1071379018,LTC-USD,CRYPTO,yfinance,1d
2024-11-23,92.07091522216797,105.69182586669922,92.07091522216797,99.39119720458984,2506682590,LTC-USD,CRYPTO,yfinance,1d
2024-11-24,99.39128875732422,102.70941162109375,92.36915588378906,96.94950866699219,1275314163,LTC-USD,CRYPTO,yfinance,1d
2024-11-25,96.94937133789062,98.96502685546875,91.40315246582031,92.36376190185547,995234778,LTC-USD,CRYPTO,yfinance,1d
2024-11-26,92.35981750488281,95.0949478149414,88.28429412841797,93.04487609863281,863238776,LTC-USD,CRYPTO,yfinance,1d
2024-11-27,93.04319763183594,98.99482727050781,91.77574157714844,97.27632141113281,836699475,LTC-USD,CRYPTO,yfinance,1d
2024-11-28,97.27831268310547,98.29045104980469,93.84981536865234,95.66030883789062,590244817,LTC-USD,CRYPTO,yfinance,1d
2024-11-29,95.66050720214844,104.4058609008789,94.86820220947266,104.0356674194336,860277102,LTC-USD,CRYPTO,yfinance,1d
2024-11-30,104.03792572021484,104.65580749511719,100.57648468017578,102.66780853271484,807205071,LTC-USD,CRYPTO,yfinance,1d
2024-12-01,102.66685485839844,120.99210357666016,99.6501693725586,119.86519622802734,1939653658,LTC-USD,CRYPTO,yfinance,1d
2024-12-02,119.86566925048828,139.0248565673828,115.52821350097656,133.26751708984375,4378946142,LTC-USD,CRYPTO,yfinance,1d
2024-12-03,133.27035522460938,134.55455017089844,123.52460479736328,131.7918701171875,2437321820,LTC-USD,CRYPTO,yfinance,1d
2024-12-04,131.7917022705078,135.07838439941406,122.29573822021484,134.2473907470703,1927342283,LTC-USD,CRYPTO,yfinance,1d
2024-12-05,134.24853515625,146.60946655273438,125.57721710205078,135.2897186279297,2939455553,LTC-USD,CRYPTO,yfinance,1d
2024-12-06,136.15509033203125,138.82379150390625,130.90408325195312,136.23870849609375,1390423679,LTC-USD,CRYPTO,yfinance,1d
2024-12-07,136.23870849609375,138.5782012939453,132.2019500732422,133.84982299804688,1038566675,LTC-USD,CRYPTO,yfinance,1d
2024-12-08,133.8518829345703,135.29348754882812,130.44039916992188,135.17453002929688,841654335,LTC-USD,CRYPTO,yfinance,1d
2024-12-09,135.1741180419922,135.1741180419922,104.13651275634766,110.84188079833984,2034241556,LTC-USD,CRYPTO,yfinance,1d
2024-12-10,110.83818817138672,114.72270202636719,101.69247436523438,109.8656997680664,2037589188,LTC-USD,CRYPTO,yfinance,1d
2024-12-11,109.86618041992188,118.58147430419922,106.50914001464844,117.5313949584961,1164954184,LTC-USD,CRYPTO,yfinance,1d
2024-12-12,117.53033447265625,124.92489624023438,116.76866912841797,119.2668685913086,1343188269,LTC-USD,CRYPTO,yfinance,1d
2024-12-13,119.27000427246094,124.77325439453125,117.44319152832031,124.18070983886719,1094565816,LTC-USD,CRYPTO,yfinance,1d
2024-12-14,124.18070983886719,124.97249603271484,115.59950256347656,118.18441772460938,791737586,LTC-USD,CRYPTO,yfinance,1d
2024-12-15,118.18502807617188,122.00162506103516,114.92382049560547,121.13903045654297,762696903,LTC-USD,CRYPTO,yfinance,1d
2024-12-16,121.14261627197266,123.51959991455078,115.6185073852539,118.15115356445312,1084943495,LTC-USD,CRYPTO,yfinance,1d
2024-12-17,118.15097045898438,130.58755493164062,114.8248291015625,124.76040649414062,1775923471,LTC-USD,CRYPTO,yfinance,1d
2024-12-18,124.7617416381836,128.51417541503906,108.51541137695312,108.54095458984375,1958584697,LTC-USD,CRYPTO,yfinance,1d
2024-12-19,108.54349517822266,111.42552185058594,95.2081527709961,99.68569946289062,1683552328,LTC-USD,CRYPTO,yfinance,1d
2024-12-20,99.68492889404297,103.0234375,86.88713836669922,101.36201477050781,1435726361,LTC-USD,CRYPTO,yfinance,1d
2024-12-21,101.36339569091797,105.82720947265625,98.25013732910156,101.46427154541016,898120489,LTC-USD,CRYPTO,yfinance,1d
2024-12-22,101.45756530761719,103.70294952392578,97.07148742675781,99.56405639648438,661472495,LTC-USD,CRYPTO,yfinance,1d
2024-12-23,99.5758285522461,107.33769226074219,98.17106628417969,106.53765869140625,853944667,LTC-USD,CRYPTO,yfinance,1d
2024-12-24,106.54059600830078,110.58429718017578,104.0026626586914,108.32437896728516,635428194,LTC-USD,CRYPTO,yfinance,1d
2024-12-25,108.32471466064453,110.30265808105469,107.16000366210938,109.57795715332031,486255392,LTC-USD,CRYPTO,yfinance,1d
2024-12-26,109.57694244384766,110.1251220703125,101.15777587890625,102.14167785644531,571420833,LTC-USD,CRYPTO,yfinance,1d
2024-12-27,102.14068603515625,106.13684844970703,99.74529266357422,100.31396484375,538853959,LTC-USD,CRYPTO,yfinance,1d
2024-12-28,100.3167495727539,101.44341278076172,98.67845153808594,100.58467864990234,379869204,LTC-USD,CRYPTO,yfinance,1d
2024-12-29,100.58386993408203,101.37926483154297,96.83744812011719,98.27505493164062,400071703,LTC-USD,CRYPTO,yfinance,1d
2024-12-30,98.27503204345703,102.7220458984375,97.57477569580078,99.30921936035156,594835260,LTC-USD,CRYPTO,yfinance,1d
2024-12-31,99.31422424316406,104.49745178222656,97.81471252441406,103.06851196289062,493712848,LTC-USD,CRYPTO,yfinance,1d
2025-01-01,103.06864166259766,107.728759765625,102.0866928100586,104.81208801269531,532072625,LTC-USD,CRYPTO,yfinance,1d
2025-01-02,104.81171417236328,107.70021057128906,104.62227630615234,105.0898208618164,628792957,LTC-USD,CRYPTO,yfinance,1d
2025-01-03,105.09010314941406,114.67105865478516,104.1868896484375,112.68724822998047,638586297,LTC-USD,CRYPTO,yfinance,1d
2025-01-04,112.68858337402344,112.72618865966797,110.31645965576172,111.16759490966797,435541346,LTC-USD,CRYPTO,yfinance,1d
2025-01-05,111.16714477539062,116.04695892333984,110.69940185546875,115.46582794189453,481946519,LTC-USD,CRYPTO,yfinance,1d
2025-01-06,115.4661636352539,116.9095230102539,111.7595443725586,114.01073455810547,715869331,LTC-USD,CRYPTO,yfinance,1d
2025-01-07,114.01121520996094,114.75484466552734,102.33089447021484,102.8379898071289,858089236,LTC-USD,CRYPTO,yfinance,1d
2025-01-08,102.8375244140625,104.85659790039062,97.75127410888672,101.49867248535156,697152698,LTC-USD,CRYPTO,yfinance,1d
2025-01-09,101.49867248535156,105.68768310546875,100.38446807861328,102.26554870605469,663913513,LTC-USD,CRYPTO,yfinance,1d
2025-01-10,102.2651138305664,106.1594009399414,102.20291137695312,104.01673126220703,569619939,LTC-USD,CRYPTO,yfinance,1d
2025-01-11,104.01673126220703,104.84367370605469,102.19261169433594,104.37470245361328,372059719,LTC-USD,CRYPTO,yfinance,1d
2025-01-12,104.37247467041016,105.12775421142578,101.48237609863281,102.35240936279297,355892863,LTC-USD,CRYPTO,yfinance,1d
2025-01-13,102.35053253173828,104.20748901367188,93.14704132080078,98.4621810913086,679177204,LTC-USD,CRYPTO,yfinance,1d
2025-01-14,98.46150970458984,102.45130920410156,97.68531799316406,102.41368865966797,438225096,LTC-USD,CRYPTO,yfinance,1d
2025-01-15,102.41410064697266,118.3126220703125,100.89743041992188,117.21080017089844,1150190542,LTC-USD,CRYPTO,yfinance,1d
2025-01-16,117.22245025634766,129.6850128173828,114.62858581542969,124.29759216308594,2349272554,LTC-USD,CRYPTO,yfinance,1d
2025-01-17,124.29691314697266,140.61679077148438,124.2965316772461,136.990234375,2079115778,LTC-USD,CRYPTO,yfinance,1d
2025-01-18,136.9894561767578,138.97384643554688,123.34905242919922,125.40595245361328,1424136216,LTC-USD,CRYPTO,yfinance,1d
2025-01-19,125.40585327148438,128.32504272460938,112.290771484375,115.33399963378906,1622033651,LTC-USD,CRYPTO,yfinance,1d
2025-01-20,115.32474517822266,125.77989196777344,113.3494644165039,118.42407989501953,1624807420,LTC-USD,CRYPTO,yfinance,1d
2025-01-21,118.42768096923828,124.48506164550781,113.7801513671875,118.90388488769531,961440834,LTC-USD,CRYPTO,yfinance,1d
2025-01-22,118.90519714355469,120.0925521850586,114.49641418457031,115.24545288085938,602604724,LTC-USD,CRYPTO,yfinance,1d
2025-01-23,115.24545288085938,116.91870880126953,111.438232421875,116.507568359375,692580468,LTC-USD,CRYPTO,yfinance,1d
2025-01-24,116.50669860839844,122.67864990234375,113.20506286621094,118.69554138183594,1030649407,LTC-USD,CRYPTO,yfinance,1d
2025-01-25,118.69832611083984,129.0458221435547,118.55207061767578,123.98307037353516,1228083983,LTC-USD,CRYPTO,yfinance,1d
2025-01-26,123.98794555664062,124.8520278930664,117.20661163330078,117.20661163330078,626299165,LTC-USD,CRYPTO,yfinance,1d
2025-01-27,117.20271301269531,117.71218872070312,106.55506134033203,114.8987045288086,1063367632,LTC-USD,CRYPTO,yfinance,1d
2025-01-28,114.90412139892578,116.88208770751953,109.39888763427734,110.22003173828125,652725828,LTC-USD,CRYPTO,yfinance,1d
2025-01-29,110.2208023071289,118.95044708251953,110.00133514404297,115.69033813476562,738092056,LTC-USD,CRYPTO,yfinance,1d
2025-01-30,115.6900634765625,133.62950134277344,114.473388671875,129.91165161132812,1621653177,LTC-USD,CRYPTO,yfinance,1d
2025-01-31,129.90988159179688,134.53956604003906,125.59959411621094,128.01290893554688,1048380061,LTC-USD,CRYPTO,yfinance,1d
2025-02-01,128.013916015625,131.09091186523438,118.04769897460938,118.91510772705078,983459679,LTC-USD,CRYPTO,yfinance,1d
2025-02-02,118.91496276855469,121.23682403564453,105.12374877929688,109.48184204101562,1287044634,LTC-USD,CRYPTO,yfinance,1d
2025-02-03,109.48340606689453,109.48930358886719,85.30736541748047,106.95282745361328,2397646501,LTC-USD,CRYPTO,yfinance,1d
2025-02-04,106.95282745361328,108.57109832763672,98.80427551269531,101.45013427734375,985577467,LTC-USD,CRYPTO,yfinance,1d
2025-02-05,101.44993591308594,108.8306884765625,100.72579956054688,103.3876953125,771171988,LTC-USD,CRYPTO,yfinance,1d
2025-02-06,103.3876953125,109.29440307617188,99.82597351074219,101.6890869140625,881265474,LTC-USD,CRYPTO,yfinance,1d
2025-02-07,101.68403625488281,107.8051986694336,100.79510498046875,103.2164077758789,811277196,LTC-USD,CRYPTO,yfinance,1d
2025-02-08,103.21773529052734,105.10611724853516,102.03208923339844,104.68509674072266,501350634,LTC-USD,CRYPTO,yfinance,1d
2025-02-09,104.68412780761719,109.00012969970703,102.5184097290039,107.45870208740234,623178747,LTC-USD,CRYPTO,yfinance,1d
2025-02-10,107.45923614501953,121.71173095703125,107.29493713378906,120.08202362060547,1528523943,LTC-USD,CRYPTO,yfinance,1d
2025-02-11,120.08802795410156,131.6415557861328,118.28965759277344,119.69583129882812,1985970457,LTC-USD,CRYPTO,yfinance,1d
2025-02-12,119.6959228515625,124.47865295410156,112.32292938232422,122.0439224243164,1392547068,LTC-USD,CRYPTO,yfinance,1d
2025-02-13,122.04375457763672,129.00433349609375,119.33539581298828,126.31777954101562,1368690456,LTC-USD,CRYPTO,yfinance,1d
2025-02-14,126.32026672363281,133.58102416992188,124.80476379394531,125.12673950195312,1541689997,LTC-USD,CRYPTO,yfinance,1d
2025-02-15,125.1233901977539,134.51234436035156,124.56685638427734,133.84043884277344,1346292179,LTC-USD,CRYPTO,yfinance,1d
2025-02-16,133.8466339111328,137.17132568359375,125.26654815673828,125.55438232421875,1226603117,LTC-USD,CRYPTO,yfinance,1d
2025-02-17,125.55278015136719,128.5653839111328,120.52629852294922,122.30784606933594,1088409484,LTC-USD,CRYPTO,yfinance,1d
2025-02-18,122.30735778808594,129.5143280029297,120.32439422607422,129.49008178710938,1333528584,LTC-USD,CRYPTO,yfinance,1d
2025-02-19,129.49510192871094,139.41400146484375,129.49472045898438,135.21470642089844,1800586289,LTC-USD,CRYPTO,yfinance,1d
2025-02-20,135.20071411132812,135.20355224609375,126.31468200683594,130.60191345214844,1363354948,LTC-USD,CRYPTO,yfinance,1d
2025-02-21,130.60342407226562,139.8590545654297,123.93376922607422,128.05027770996094,2157310257,LTC-USD,CRYPTO,yfinance,1d
2025-02-22,128.0509490966797,130.95367431640625,125.83778381347656,126.0592269897461,882754016,LTC-USD,CRYPTO,yfinance,1d
2025-02-23,126.0571060180664,130.1383514404297,125.400634765625,129.94187927246094,606417516,LTC-USD,CRYPTO,yfinance,1d
2025-02-24,129.9398193359375,130.2569580078125,113.86595916748047,114.46142578125,1208689964,LTC-USD,CRYPTO,yfinance,1d
2025-02-25,114.46385192871094,116.80304718017578,107.50931549072266,114.61450958251953,1495685860,LTC-USD,CRYPTO,yfinance,1d
2025-02-26,114.61363983154297,128.13632202148438,114.15335083007812,124.62174224853516,1963281558,LTC-USD,CRYPTO,yfinance,1d
2025-02-27,124.6332015991211,131.72024536132812,121.86190032958984,126.77029418945312,1643976096,LTC-USD,CRYPTO,yfinance,1d
2025-02-28,126.7703857421875,129.3928680419922,114.346923828125,127.96198272705078,2011445432,LTC-USD,CRYPTO,yfinance,1d
2025-03-01,127.96327209472656,130.2673797607422,123.18787384033203,124.26994323730469,805254661,LTC-USD,CRYPTO,yfinance,1d
2025-03-02,124.27043914794922,129.27154541015625,118.43244934082031,127.49488830566406,1566031140,LTC-USD,CRYPTO,yfinance,1d
2025-03-03,127.49440002441406,130.0357208251953,107.10387420654297,109.94983673095703,1644681694,LTC-USD,CRYPTO,yfinance,1d
2025-03-04,109.94981384277344,110.75364685058594,94.65043640136719,103.70933532714844,1605915631,LTC-USD,CRYPTO,yfinance,1d
2025-03-05,103.69979858398438,106.62614440917969,100.8563461303711,104.7320785522461,749010490,LTC-USD,CRYPTO,yfinance,1d
2025-03-06,104.73485565185547,112.85941314697266,102.27266693115234,103.39810180664062,991239117,LTC-USD,CRYPTO,yfinance,1d
2025-03-07,103.3980941772461,106.51160430908203,98.03718566894531,103.48184204101562,976368252,LTC-USD,CRYPTO,yfinance,1d
2025-03-08,103.49060821533203,108.21886444091797,102.07647705078125,102.25264739990234,625236444,LTC-USD,CRYPTO,yfinance,1d
2025-03-09,102.25474548339844,102.58417510986328,93.9979248046875,94.47103881835938,774058349,LTC-USD,CRYPTO,yfinance,1d
2025-03-10,94.47138214111328,98.76484680175781,86.63914489746094,87.55799102783203,1003972797,LTC-USD,CRYPTO,yfinance,1d
2025-03-11,87.55560302734375,92.99475860595703,83.87242889404297,90.33271789550781,960802515,LTC-USD,CRYPTO,yfinance,1d
2025-03-12,90.33271026611328,92.5585708618164,87.6803207397461,91.48965454101562,591598868,LTC-USD,CRYPTO,yfinance,1d
2025-03-13,91.48965454101562,91.65618133544922,86.41110229492188,88.03050231933594,522721551,LTC-USD,CRYPTO,yfinance,1d
2025-03-14,88.02823638916016,92.71328735351562,87.9225845336914,91.33390808105469,495040756,LTC-USD,CRYPTO,yfinance,1d
2025-03-15,91.33246612548828,94.10469818115234,91.08111572265625,92.5405502319336,446857353,LTC-USD,CRYPTO,yfinance,1d
2025-03-16,92.540771484375,92.6170425415039,88.65928649902344,90.34935760498047,452344718,LTC-USD,CRYPTO,yfinance,1d
2025-03-17,90.34922790527344,94.2761459350586,90.30828094482422,92.36361694335938,682772839,LTC-USD,CRYPTO,yfinance,1d
2025-03-18,92.36336517333984,92.36336517333984,87.34113311767578,90.08269500732422,521781987,LTC-USD,CRYPTO,yfinance,1d
2025-03-19,90.08259582519531,94.13768768310547,89.45930480957031,94.05044555664062,609241860,LTC-USD,CRYPTO,yfinance,1d
2025-03-20,94.0631332397461,94.41155242919922,90.2431869506836,93.28262329101562,470588105,LTC-USD,CRYPTO,yfinance,1d
2025-03-21,93.28095245361328,93.81848907470703,90.93335723876953,90.93335723876953,417713987,LTC-USD,CRYPTO,yfinance,1d
2025-03-22,90.93338775634766,92.14759063720703,90.50015258789062,91.2575454711914,298814287,LTC-USD,CRYPTO,yfinance,1d
2025-03-23,91.25753021240234,92.94347381591797,90.77978515625,91.41535186767578,310565424,LTC-USD,CRYPTO,yfinance,1d
2025-03-24,91.41448211669922,95.5163803100586,90.95836639404297,93.67450714111328,543202292,LTC-USD,CRYPTO,yfinance,1d
2025-03-25,93.67311096191406,94.6620864868164,92.07332611083984,94.44954681396484,416701792,LTC-USD,CRYPTO,yfinance,1d
2025-03-26,94.44918060302734,96.47010803222656,91.23176574707031,92.33674621582031,490084182,LTC-USD,CRYPTO,yfinance,1d
2025-03-27,92.33684539794922,94.97689056396484,92.31645202636719,92.82347869873047,385090771,LTC-USD,CRYPTO,yfinance,1d
2025-03-28,92.82295227050781,93.3537368774414,85.85205078125,87.3966293334961,533689886,LTC-USD,CRYPTO,yfinance,1d
2025-03-29,87.39659118652344,87.92958068847656,84.46468353271484,85.4487533569336,393958821,LTC-USD,CRYPTO,yfinance,1d
2025-03-30,85.44839477539062,86.7560043334961,84.82988739013672,86.00347137451172,304673706,LTC-USD,CRYPTO,yfinance,1d
2025-03-31,86.00347900390625,86.16148376464844,81.0151596069336,83.03350067138672,490698699,LTC-USD,CRYPTO,yfinance,1d
2025-04-01,83.0338134765625,85.83924865722656,82.95877075195312,84.48882293701172,365025852,LTC-USD,CRYPTO,yfinance,1d
2025-04-02,84.48794555664062,88.07308197021484,81.16949462890625,81.75888061523438,689988277,LTC-USD,CRYPTO,yfinance,1d
2025-04-03,81.75977325439453,84.57359313964844,80.36215209960938,83.32506561279297,513143317,LTC-USD,CRYPTO,yfinance,1d
2025-04-04,83.32502746582031,84.9629898071289,81.79515075683594,84.417724609375,447174201,LTC-USD,CRYPTO,yfinance,1d
2025-04-05,84.41851806640625,84.87789154052734,81.7977294921875,82.71145629882812,236343177,LTC-USD,CRYPTO,yfinance,1d
2025-04-06,82.71119689941406,82.99740600585938,68.6411361694336,70.42854309082031,657828967,LTC-USD,CRYPTO,yfinance,1d
2025-04-07,70.42865753173828,72.35467529296875,63.751861572265625,70.96516418457031,1102503251,LTC-USD,CRYPTO,yfinance,1d
2025-04-08,70.97097778320312,73.4031982421875,68.42230224609375,69.09323120117188,520346488,LTC-USD,CRYPTO,yfinance,1d
2025-04-09,69.09361267089844,78.0263900756836,66.73370361328125,76.0118179321289,775644355,LTC-USD,CRYPTO,yfinance,1d
2025-04-10,76.01344299316406,76.01459503173828,71.30794525146484,73.7248306274414,443121281,LTC-USD,CRYPTO,yfinance,1d
2025-04-11,73.72712707519531,77.39379119873047,73.72712707519531,76.21421813964844,396930539,LTC-USD,CRYPTO,yfinance,1d
2025-04-12,76.21263122558594,79.97667694091797,74.93739318847656,78.596923828125,364154969,LTC-USD,CRYPTO,yfinance,1d
2025-04-13,78.59809875488281,79.9318618774414,76.96993255615234,77.78424835205078,381467151,LTC-USD,CRYPTO,yfinance,1d
2025-04-14,77.78338623046875,80.13285064697266,75.94672393798828,77.07643127441406,418704418,LTC-USD,CRYPTO,yfinance,1d
2025-04-15,77.07637023925781,78.61451721191406,74.84861755371094,75.40563201904297,331081560,LTC-USD,CRYPTO,yfinance,1d
2025-04-16,75.40530395507812,76.44567108154297,73.61559295654297,74.3116455078125,397457521,LTC-USD,CRYPTO,yfinance,1d
2025-04-17,74.3116455078125,76.44384765625,73.76600646972656,74.88020324707031,326332046,LTC-USD,CRYPTO,yfinance,1d
2025-04-18,74.88410186767578,76.98479461669922,74.66255950927734,75.9880599975586,266957995,LTC-USD,CRYPTO,yfinance,1d
2025-04-19,75.9880599975586,76.6787338256836,75.0457763671875,76.12681579589844,252451132,LTC-USD,CRYPTO,yfinance,1d
2025-04-20,76.12681579589844,78.34217071533203,75.48567199707031,77.74858856201172,261707695,LTC-USD,CRYPTO,yfinance,1d
2025-04-21,77.74858856201172,81.49262237548828,77.48104095458984,78.04727935791016,410886865,LTC-USD,CRYPTO,yfinance,1d
2025-04-22,78.047607421875,84.47547912597656,77.72876739501953,83.4083023071289,507393527,LTC-USD,CRYPTO,yfinance,1d
2025-04-23,83.4083023071289,85.12458038330078,82.44451141357422,83.22515106201172,526977935,LTC-USD,CRYPTO,yfinance,1d
2025-04-24,83.22531127929688,84.52508544921875,80.93468475341797,84.3316879272461,400748481,LTC-USD,CRYPTO,yfinance,1d
2025-04-25,84.33182525634766,87.2347183227539,83.05924224853516,86.32804107666016,419900402,LTC-USD,CRYPTO,yfinance,1d
2025-04-26,86.32893371582031,88.03485107421875,85.4305191040039,87.1067886352539,318675801,LTC-USD,CRYPTO,yfinance,1d
2025-04-27,87.10697937011719,87.57086181640625,84.7317886352539,85.53465270996094,308737031,LTC-USD,CRYPTO,yfinance,1d
2025-04-28,85.53252410888672,88.01630401611328,83.93118286132812,85.73147583007812,413999132,LTC-USD,CRYPTO,yfinance,1d
2025-04-29,85.73121643066406,87.2408447265625,84.69388580322266,85.47164916992188,422993505,LTC-USD,CRYPTO,yfinance,1d
2025-04-30,85.47161102294922,86.53041076660156,81.77094268798828,83.51346588134766,412774299,LTC-USD,CRYPTO,yfinance,1d
2025-05-01,83.51522064208984,90.87566375732422,83.47244262695312,88.9256362915039,476506479,LTC-USD,CRYPTO,yfinance,1d
2025-05-02,88.92963409423828,90.8663101196289,87.3414077758789,87.99943542480469,377793683,LTC-USD,CRYPTO,yfinance,1d
2025-05-03,87.99922180175781,88.00183868408203,85.81533813476562,86.67216491699219,249936836,LTC-USD,CRYPTO,yfinance,1d
2025-05-04,86.67156982421875,86.86620330810547,84.94183349609375,85.02394104003906,311019376,LTC-USD,CRYPTO,yfinance,1d
2025-05-05,85.02395629882812,89.35408782958984,82.35894012451172,83.37004852294922,568505578,LTC-USD,CRYPTO,yfinance,1d
2025-05-06,83.37004852294922,92.36015319824219,81.18242645263672,91.86149597167969,649598421,LTC-USD,CRYPTO,yfinance,1d
2025-05-07,91.8696517944336,93.2015380859375,87.30937957763672,89.44876098632812,783041527,LTC-USD,CRYPTO,yfinance,1d
2025-05-08,89.45059204101562,95.19078826904297,89.44945526123047,94.70175170898438,778491877,LTC-USD,CRYPTO,yfinance,1d
2025-05-09,94.70118713378906,101.33683776855469,93.95565795898438,100.44050598144531,830455702,LTC-USD,CRYPTO,yfinance,1d
2025-05-10,100.44161224365234,106.14918518066406,100.4412612915039,105.24385070800781,834309329,LTC-USD,CRYPTO,yfinance,1d
2025-05-11,105.24359130859375,105.64225769042969,98.50720977783203,99.97394561767578,648329187,LTC-USD,CRYPTO,yfinance,1d
2025-05-12,99.97413635253906,104.79100799560547,98.951904296875,103.92964935302734,876238985,LTC-USD,CRYPTO,yfinance,1d
2025-05-13,103.92964935302734,104.89891815185547,99.7132797241211,103.55943298339844,756388508,LTC-USD,CRYPTO,yfinance,1d
2025-05-14,103.55961608886719,105.06613159179688,98.7301254272461,101.12409210205078,685905055,LTC-USD,CRYPTO,yfinance,1d
2025-05-15,101.12201690673828,101.82231903076172,95.88257598876953,99.14827728271484,655626582,LTC-USD,CRYPTO,yfinance,1d
2025-05-16,99.15177154541016,102.1082763671875,98.40641784667969,99.47583770751953,484569633,LTC-USD,CRYPTO,yfinance,1d
2025-05-17,99.47930908203125,101.07940673828125,95.76721954345703,96.2911376953125,503355643,LTC-USD,CRYPTO,yfinance,1d
2025-05-18,96.28958129882812,102.23527526855469,96.13927459716797,101.17874145507812,529675531,LTC-USD,CRYPTO,yfinance,1d
2025-05-19,101.13946533203125,101.13946533203125,94.53633117675781,98.34387969970703,559403328,LTC-USD,CRYPTO,yfinance,1d
2025-05-20,98.34387969970703,99.53951263427734,92.53456115722656,94.39929962158203,704464955,LTC-USD,CRYPTO,yfinance,1d
2025-05-21,94.39926147460938,98.28128814697266,93.71061706542969,97.26056671142578,652438243,LTC-USD,CRYPTO,yfinance,1d
2025-05-22,97.26087951660156,100.8830795288086,97.13811492919922,100.28231811523438,689339568,LTC-USD,CRYPTO,yfinance,1d
2025-05-23,100.28231811523438,102.82711029052734,94.84696197509766,95.1402816772461,683087073,LTC-USD,CRYPTO,yfinance,1d
2025-05-24,95.1402816772461,97.76754760742188,95.02900695800781,95.6858901977539,362386410,LTC-USD,CRYPTO,yfinance,1d
2025-05-25,95.6858901977539,96.03606414794922,93.31779479980469,95.6577377319336,373036618,LTC-USD,CRYPTO,yfinance,1d
2025-05-26,95.6577377319336,97.57124328613281,94.50860595703125,95.00921630859375,359429190,LTC-USD,CRYPTO,yfinance,1d
2025-05-27,95.00664520263672,96.98282623291016,93.24906921386719,95.96477508544922,461941241,LTC-USD,CRYPTO,yfinance,1d
2025-05-28,95.9631576538086,97.42896270751953,93.59364318847656,95.30498504638672,409308570,LTC-USD,CRYPTO,yfinance,1d
2025-05-29,95.30764770507812,98.57928466796875,93.06096649169922,93.08880615234375,523998753,LTC-USD,CRYPTO,yfinance,1d
2025-05-30,93.08881378173828,93.8394775390625,85.53031158447266,85.6614990234375,676735944,LTC-USD,CRYPTO,yfinance,1d
2025-05-31,85.66189575195312,87.88267517089844,83.3930892944336,87.12788391113281,420118292,LTC-USD,CRYPTO,yfinance,1d
2025-06-01,87.12765502929688,88.7032699584961,86.11663818359375,88.38945770263672,302703072,LTC-USD,CRYPTO,yfinance,1d
2025-06-02,88.38778686523438,89.939453125,87.06846618652344,89.64005279541016,367243058,LTC-USD,CRYPTO,yfinance,1d
2025-06-03,89.64005279541016,90.56140899658203,88.85591125488281,89.56200408935547,347093463,LTC-USD,CRYPTO,yfinance,1d
2025-06-04,89.5616455078125,90.9671401977539,87.59291076660156,88.08499145507812,330087158,LTC-USD,CRYPTO,yfinance,1d
2025-06-05,88.08674621582031,89.08477783203125,82.18511962890625,83.7460708618164,442927658,LTC-USD,CRYPTO,yfinance,1d
2025-06-06,83.74506378173828,87.68367004394531,83.58772277832031,87.25169372558594,380718079,LTC-USD,CRYPTO,yfinance,1d
2025-06-07,87.25213623046875,89.31390380859375,86.7828369140625,88.37530517578125,288243852,LTC-USD,CRYPTO,yfinance,1d
2025-06-08,88.37550354003906,88.58467102050781,86.7765884399414,87.25794219970703,297151017,LTC-USD,CRYPTO,yfinance,1d
2025-06-09,87.2574234008789,90.7641372680664,86.82691192626953,90.76110076904297,419226063,LTC-USD,CRYPTO,yfinance,1d
2025-06-10,90.76040649414062,93.39981842041016,89.61417388916016,93.2669906616211,438349979,LTC-USD,CRYPTO,yfinance,1d
2025-06-11,93.26705169677734,94.00593566894531,90.5169448852539,91.57585144042969,474053032,LTC-USD,CRYPTO,yfinance,1d
2025-06-12,91.57585144042969,91.7936782836914,86.16217803955078,86.45230865478516,394517665,LTC-USD,CRYPTO,yfinance,1d
2025-06-13,86.45230865478516,86.605224609375,81.53981018066406,86.54266357421875,518619534,LTC-USD,CRYPTO,yfinance,1d
2025-06-14,86.54266357421875,86.87774658203125,84.38018035888672,85.25419616699219,275701195,LTC-USD,CRYPTO,yfinance,1d
2025-06-15,85.25411987304688,86.54517364501953,85.1011734008789,86.32762145996094,256887622,LTC-USD,CRYPTO,yfinance,1d
2025-06-16,86.32762145996094,88.89298248291016,85.50926208496094,86.84630584716797,374880407,LTC-USD,CRYPTO,yfinance,1d
2025-06-17,86.84689331054688,87.69681549072266,82.65823364257812,84.34707641601562,429229520,LTC-USD,CRYPTO,yfinance,1d
2025-06-18,84.34740447998047,85.58200073242188,83.46928405761719,85.06647491455078,341881808,LTC-USD,CRYPTO,yfinance,1d
2025-06-19,85.06597900390625,85.8410415649414,84.40480041503906,85.12791442871094,305809453,LTC-USD,CRYPTO,yfinance,1d
2025-06-20,85.12806701660156,85.92496490478516,81.1500015258789,82.895751953125,383363426,LTC-USD,CRYPTO,yfinance,1d
2025-06-21,82.895751953125,84.08651733398438,79.15865325927734,80.11610412597656,323966294,LTC-USD,CRYPTO,yfinance,1d
2025-06-22,80.1189956665039,81.98597717285156,76.42152404785156,80.13804626464844,474474626,LTC-USD,CRYPTO,yfinance,1d
2025-06-23,80.13922119140625,85.38858032226562,79.72673034667969,85.1222915649414,421570218,LTC-USD,CRYPTO,yfinance,1d
2025-06-24,85.1218032836914,85.3385238647461,83.97821807861328,84.8034439086914,315638462,LTC-USD,CRYPTO,yfinance,1d
2025-06-25,84.80503845214844,85.41447448730469,84.10187530517578,84.66546630859375,342324717,LTC-USD,CRYPTO,yfinance,1d
2025-06-26,84.66546630859375,85.89220428466797,83.99732971191406,84.28509521484375,341637057,LTC-USD,CRYPTO,yfinance,1d
2025-06-27,84.2850570678711,85.6033706665039,83.30979919433594,84.83246612548828,320633032,LTC-USD,CRYPTO,yfinance,1d
2025-06-28,84.83258056640625,87.34298706054688,84.66112518310547,86.3045883178711,274366872,LTC-USD,CRYPTO,yfinance,1d
2025-06-29,86.30479431152344,88.35588836669922,85.92716979980469,87.99116516113281,277905455,LTC-USD,CRYPTO,yfinance,1d
2025-06-30,87.99116516113281,88.24590301513672,84.93173217773438,85.98348236083984,350978484,LTC-USD,CRYPTO,yfinance,1d
2025-07-01,85.98345184326172,86.7782974243164,82.4891357421875,83.24486541748047,378604364,LTC-USD,CRYPTO,yfinance,1d
2025-07-02,83.2447509765625,88.44430541992188,83.17454528808594,87.3050537109375,445395341,LTC-USD,CRYPTO,yfinance,1d
2025-07-03,87.30486297607422,92.1041030883789,87.04298400878906,89.00467681884766,664431144,LTC-USD,CRYPTO,yfinance,1d
2025-07-04,89.00471496582031,89.20399475097656,85.83561706542969,86.86906433105469,443311764,LTC-USD,CRYPTO,yfinance,1d
2025-07-05,86.86727905273438,87.81245422363281,85.9324722290039,87.51638793945312,246712540,LTC-USD,CRYPTO,yfinance,1d
2025-07-06,87.51638793945312,88.34991455078125,86.54900360107422,87.3949203491211,284893873,LTC-USD,CRYPTO,yfinance,1d
2025-07-07,87.3949203491211,88.19832611083984,85.22537994384766,86.0885238647461,389381283,LTC-USD,CRYPTO,yfinance,1d
2025-07-08,86.08860778808594,87.93972778320312,85.58676147460938,87.68562316894531,336652893,LTC-USD,CRYPTO,yfinance,1d
2025-07-09,87.68562316894531,91.3194580078125,87.21420288085938,90.69892883300781,532651549,LTC-USD,CRYPTO,yfinance,1d
2025-07-10,90.69892883300781,95.13665008544922,90.21781921386719,94.80078125,567862448,LTC-USD,CRYPTO,yfinance,1d
2025-07-11,94.8007583618164,98.11109161376953,92.991943359375,94.24921417236328,832216258,LTC-USD,CRYPTO,yfinance,1d
2025-07-12,94.24921417236328,95.37165832519531,90.90095520019531,92.77886199951172,495945011,LTC-USD,CRYPTO,yfinance,1d
2025-07-13,92.77886199951172,96.77396392822266,92.60377502441406,94.6480712890625,479511705,LTC-USD,CRYPTO,yfinance,1d
2025-07-14,94.6480712890625,97.81761169433594,94.32838439941406,95.56168365478516,654942624,LTC-USD,CRYPTO,yfinance,1d
2025-07-15,95.56175231933594,96.65665435791016,91.43003845214844,96.32420349121094,677076010,LTC-USD,CRYPTO,yfinance,1d
2025-07-16,96.32420349121094,99.87815856933594,95.2217788696289,97.50311279296875,740323178,LTC-USD,CRYPTO,yfinance,1d
2025-07-17,97.50311279296875,103.47513580322266,95.61459350585938,101.6133804321289,1084635926,LTC-USD,CRYPTO,yfinance,1d
2025-07-18,101.61276245117188,111.89652252197266,100.21292877197266,101.67029571533203,1855244520,LTC-USD,CRYPTO,yfinance,1d
2025-07-19,101.67024993896484,113.49437713623047,99.8890151977539,113.44483947753906,1366523077,LTC-USD,CRYPTO,yfinance,1d
2025-07-20,113.43801879882812,121.29607391357422,110.85592651367188,116.86455535888672,1788741762,LTC-USD,CRYPTO,yfinance,1d
2025-07-21,116.86455535888672,121.85041809082031,114.82139587402344,115.85136413574219,1256762792,LTC-USD,CRYPTO,yfinance,1d
2025-07-22,115.85287475585938,119.72757720947266,112.97354888916016,119.72321319580078,1289928158,LTC-USD,CRYPTO,yfinance,1d
2025-07-23,119.72321319580078,121.89842987060547,109.18413543701172,112.19160461425781,1308642897,LTC-USD,CRYPTO,yfinance,1d
2025-07-24,112.18927001953125,115.28633880615234,106.9859848022461,112.31222534179688,939814899,LTC-USD,CRYPTO,yfinance,1d
2025-07-25,112.31222534179688,116.2565689086914,108.65922546386719,113.81566619873047,972174923,LTC-USD,CRYPTO,yfinance,1d
2025-07-26,113.81546020507812,115.40968322753906,112.1849136352539,113.98574829101562,502830524,LTC-USD,CRYPTO,yfinance,1d
2025-07-27,113.97541046142578,115.43243408203125,112.6373291015625,114.80377197265625,536393875,LTC-USD,CRYPTO,yfinance,1d
2025-07-28,114.80359649658203,116.271484375,108.50888061523438,108.59437561035156,694833022,LTC-USD,CRYPTO,yfinance,1d
2025-07-29,108.59674072265625,110.6766357421875,107.0328598022461,108.53234100341797,616382447,LTC-USD,CRYPTO,yfinance,1d
2025-07-30,108.53234100341797,111.12191772460938,106.57289123535156,110.53424835205078,801543068,LTC-USD,CRYPTO,yfinance,1d
2025-07-31,110.53424835205078,111.71803283691406,105.9680404663086,106.22357177734375,684405941,LTC-USD,CRYPTO,yfinance,1d
2025-08-01,106.22247314453125,108.09593200683594,103.7477035522461,106.64380645751953,1130900178,LTC-USD,CRYPTO,yfinance,1d
2025-08-02,106.6432113647461,109.85327911376953,104.56810760498047,106.23706817626953,936925752,LTC-USD,CRYPTO,yfinance,1d
2025-08-03,106.23706817626953,111.20707702636719,104.65965270996094,110.4697265625,619301155,LTC-USD,CRYPTO,yfinance,1d
2025-08-04,110.46997833251953,121.33966064453125,110.28350067138672,121.20524597167969,1214564672,LTC-USD,CRYPTO,yfinance,1d
2025-08-05,121.20436096191406,128.78732299804688,119.74081420898438,120.26901245117188,1816200417,LTC-USD,CRYPTO,yfinance,1d
2025-08-06,120.26873016357422,120.97944641113281,115.29591369628906,119.29515075683594,903681272,LTC-USD,CRYPTO,yfinance,1d
2025-08-07,119.29481506347656,122.72650146484375,117.5774917602539,122.7258071899414,1168601895,LTC-USD,CRYPTO,yfinance,1d
2025-08-08,122.72575378417969,126.08000183105469,119.70303344726562,123.87100982666016,1148348257,LTC-USD,CRYPTO,yfinance,1d
2025-08-09,123.87010955810547,126.13383483886719,120.35804748535156,120.42219543457031,833424606,LTC-USD,CRYPTO,yfinance,1d
2025-08-10,120.42184448242188,125.49437713623047,118.60415649414062,123.7939453125,934579237,LTC-USD,CRYPTO,yfinance,1d
2025-08-11,123.7939453125,127.67213439941406,119.73428344726562,120.28968811035156,1370403494,LTC-USD,CRYPTO,yfinance,1d
2025-08-12,120.28976440429688,131.7564239501953,118.53736877441406,130.46371459960938,1343826519,LTC-USD,CRYPTO,yfinance,1d
2025-08-13,130.46371459960938,133.91891479492188,128.74183654785156,130.97703552246094,1206662600,LTC-USD,CRYPTO,yfinance,1d
2025-08-14,130.97671508789062,133.68826293945312,119.89668273925781,121.29955291748047,1374736977,LTC-USD,CRYPTO,yfinance,1d
2025-08-15,121.30584716796875,123.15582275390625,116.83715057373047,119.047119140625,874257688,LTC-USD,CRYPTO,yfinance,1d
2025-08-16,119.04772186279297,120.94686889648438,117.35562896728516,120.94686889648438,563468906,LTC-USD,CRYPTO,yfinance,1d
2025-08-17,120.94698333740234,123.22441864013672,119.99160766601562,120.84668731689453,648987761,LTC-USD,CRYPTO,yfinance,1d
2025-08-18,120.84622192382812,120.9471435546875,115.56209564208984,117.70344543457031,749192122,LTC-USD,CRYPTO,yfinance,1d
2025-08-19,117.70344543457031,119.02588653564453,112.38813781738281,112.48564147949219,757336681,LTC-USD,CRYPTO,yfinance,1d
2025-08-20,112.48693084716797,117.02444458007812,112.48587036132812,116.02650451660156,681776075,LTC-USD,CRYPTO,yfinance,1d
2025-08-21,116.02650451660156,116.99514770507812,113.56800079345703,114.64163970947266,482258580,LTC-USD,CRYPTO,yfinance,1d
2025-08-22,114.64163970947266,123.50634002685547,112.6678466796875,122.79264068603516,865400443,LTC-USD,CRYPTO,yfinance,1d
2025-08-23,122.7927474975586,123.15911865234375,119.83235168457031,121.34606170654297,513144353,LTC-USD,CRYPTO,yfinance,1d
2025-08-24,121.3503646850586,124.64083099365234,117.30414581298828,118.19590759277344,739400069,LTC-USD,CRYPTO,yfinance,1d
2025-08-25,118.19728088378906,118.4730453491211,107.12153625488281,109.44448852539062,1051702884,LTC-USD,CRYPTO,yfinance,1d
2025-08-26,109.44176483154297,114.69602966308594,109.10990142822266,113.49969482421875,675662110,LTC-USD,CRYPTO,yfinance,1d
2025-08-27,113.4992904663086,116.1255111694336,112.04985046386719,112.13909912109375,639072158,LTC-USD,CRYPTO,yfinance,1d
2025-08-28,112.13748168945312,114.52999877929688,111.56938171386719,113.75818634033203,498513993,LTC-USD,CRYPTO,yfinance,1d
2025-08-29,113.75794219970703,113.75794219970703,108.86856079101562,109.91402435302734,634205711,LTC-USD,CRYPTO,yfinance,1d
2025-08-30,109.91385650634766,111.1325454711914,108.60655212402344,110.81029510498047,375821556,LTC-USD,CRYPTO,yfinance,1d
2025-08-31,110.8102035522461,111.86898040771484,108.89058685302734,108.90846252441406,330538313,LTC-USD,CRYPTO,yfinance,1d
2025-09-01,108.90746307373047,111.24774169921875,106.79910278320312,108.54405212402344,580389986,LTC-USD,CRYPTO,yfinance,1d
2025-09-02,108.54483795166016,112.05509948730469,108.54483795166016,111.67447662353516,614989597,LTC-USD,CRYPTO,yfinance,1d
2025-09-03,111.67508697509766,113.21360778808594,110.84223937988281,112.95296478271484,459682611,LTC-USD,CRYPTO,yfinance,1d
2025-09-04,112.95296478271484,113.4330825805664,109.66930389404297,111.09365844726562,401689027,LTC-USD,CRYPTO,yfinance,1d
2025-09-05,111.09260559082031,114.95743560791016,111.08059692382812,112.10284423828125,575953638,LTC-USD,CRYPTO,yfinance,1d
2025-09-06,112.10284423828125,112.48799896240234,111.29491424560547,112.16635131835938,273199193,LTC-USD,CRYPTO,yfinance,1d
2025-09-07,112.1665267944336,115.26837921142578,112.16124725341797,115.02294158935547,383914303,LTC-USD,CRYPTO,yfinance,1d
2025-09-08,115.02420043945312,115.30451965332031,112.03854370117188,112.71385192871094,687724220,LTC-USD,CRYPTO,yfinance,1d
2025-09-09,112.71476745605469,114.62589263916016,110.95941162109375,111.94290924072266,577640276,LTC-USD,CRYPTO,yfinance,1d
2025-09-10,111.94308471679688,117.87779235839844,111.60301208496094,117.56956481933594,690880713,LTC-USD,CRYPTO,yfinance,1d
2025-09-11,117.56826782226562,117.65097045898438,113.49243927001953,115.86506652832031,713400215,LTC-USD,CRYPTO,yfinance,1d
2025-09-12,115.86517333984375,118.23968505859375,114.94580078125,118.1546859741211,732906569,LTC-USD,CRYPTO,yfinance,1d
2025-09-13,118.15619659423828,120.79342651367188,117.63170623779297,119.29096221923828,779591173,LTC-USD,CRYPTO,yfinance,1d
2025-09-14,119.29077911376953,119.33483123779297,114.10334014892578,115.20269775390625,724782000,LTC-USD,CRYPTO,yfinance,1d
2025-09-15,115.2022705078125,116.72882080078125,112.38194274902344,113.78031158447266,626419211,LTC-USD,CRYPTO,yfinance,1d
2025-09-16,113.78041076660156,115.73894500732422,112.24949645996094,115.03520202636719,596285131,LTC-USD,CRYPTO,yfinance,1d
2025-09-17,115.03548431396484,117.55502319335938,113.4832534790039,117.03031921386719,653794448,LTC-USD,CRYPTO,yfinance,1d
2025-09-18,117.02936553955078,119.03903198242188,115.08155822753906,118.26287078857422,694529748,LTC-USD,CRYPTO,yfinance,1d
2025-09-19,118.2651596069336,119.37104034423828,113.5367202758789,114.12752532958984,582773714,LTC-USD,CRYPTO,yfinance,1d
2025-09-20,114.12722778320312,115.20100402832031,113.57084655761719,113.96715545654297,355111514,LTC-USD,CRYPTO,yfinance,1d
2025-09-21,113.96725463867188,116.17369079589844,113.89693450927734,114.11297607421875,410249227,LTC-USD,CRYPTO,yfinance,1d
2025-09-22,114.11297607421875,114.394287109375,104.7634048461914,105.81873321533203,876073231,LTC-USD,CRYPTO,yfinance,1d
2025-09-23,105.81881713867188,107.22338104248047,104.60342407226562,106.15792846679688,523184699,LTC-USD,CRYPTO,yfinance,1d
2025-09-24,106.15680694580078,107.60359191894531,105.1136474609375,105.61560821533203,589064383,LTC-USD,CRYPTO,yfinance,1d
2025-09-25,105.61759185791016,105.84506225585938,100.81879425048828,102.16448211669922,672852348,LTC-USD,CRYPTO,yfinance,1d
2025-09-26,102.16448211669922,104.8933334350586,101.16643524169922,104.64485931396484,473689137,LTC-USD,CRYPTO,yfinance,1d
2025-09-27,104.64485931396484,104.9557113647461,103.49834442138672,104.54808044433594,286702721,LTC-USD,CRYPTO,yfinance,1d
2025-09-28,104.54817199707031,107.12031555175781,102.8808364868164,106.8475112915039,344669714,LTC-USD,CRYPTO,yfinance,1d
2025-09-29,106.84776306152344,107.33427429199219,105.46658325195312,106.8386001586914,499980246,LTC-USD,CRYPTO,yfinance,1d
2025-09-30,106.83815002441406,107.55210876464844,104.02041625976562,106.8980712890625,489043119,LTC-USD,CRYPTO,yfinance,1d
2025-10-01,106.89817810058594,115.24842834472656,105.52688598632812,115.12531280517578,825797330,LTC-USD,CRYPTO,yfinance,1d
2025-10-02,115.12578582763672,122.4579849243164,115.1164779663086,119.63856506347656,1495691962,LTC-USD,CRYPTO,yfinance,1d
2025-10-03,119.63700103759766,123.96359252929688,116.0280990600586,120.5226821899414,1162755610,LTC-USD,CRYPTO,yfinance,1d
2025-10-04,120.52318572998047,120.92424774169922,117.6904525756836,120.43743133544922,550626645,LTC-USD,CRYPTO,yfinance,1d
2025-10-05,120.43705749511719,123.98868560791016,118.5575180053711,118.85699462890625,883469730,LTC-USD,CRYPTO,yfinance,1d
2025-10-06,118.857177734375,121.19857025146484,118.26467895507812,118.33409118652344,746248182,LTC-USD,CRYPTO,yfinance,1d
2025-10-07,118.3336181640625,119.21309661865234,115.56688690185547,117.07422637939453,774015896,LTC-USD,CRYPTO,yfinance,1d
2025-10-08,117.07440185546875,119.56070709228516,115.64061737060547,118.63648223876953,622388433,LTC-USD,CRYPTO,yfinance,1d
2025-10-09,118.63589477539062,127.4483413696289,115.66255950927734,125.93396759033203,1273616054,LTC-USD,CRYPTO,yfinance,1d
2025-10-10,125.9281997680664,135.5629425048828,66.26396942138672,96.62725067138672,3795640156,LTC-USD,CRYPTO,yfinance,1d
2025-10-11,96.62725067138672,102.40986633300781,90.6382827758789,93.41954803466797,2019304084,LTC-USD,CRYPTO,yfinance,1d
2025-10-12,93.41885375976562,102.02229309082031,91.98377990722656,98.7606430053711,1207205427,LTC-USD,CRYPTO,yfinance,1d
2025-10-13,98.77267456054688,101.28065490722656,95.92292785644531,99.57048034667969,1304474829,LTC-USD,CRYPTO,yfinance,1d
2025-10-14,99.572265625,100.39759826660156,92.01930236816406,97.36569213867188,1242393333,LTC-USD,CRYPTO,yfinance,1d
2025-10-15,97.36592102050781,99.68315124511719,93.55711364746094,95.40121459960938,812985564,LTC-USD,CRYPTO,yfinance,1d
2025-10-16,95.40499877929688,96.78978729248047,89.97236633300781,91.78864288330078,931560855,LTC-USD,CRYPTO,yfinance,1d
2025-10-17,91.78833770751953,92.85997009277344,84.54806518554688,90.11589813232422,1131196571,LTC-USD,CRYPTO,yfinance,1d
2025-10-18,90.11817932128906,92.1534194946289,90.03289794921875,91.70246887207031,468168711,LTC-USD,CRYPTO,yfinance,1d
2025-10-19,91.70246887207031,94.75799560546875,90.84564208984375,93.28386688232422,536008306,LTC-USD,CRYPTO,yfinance,1d
2025-10-20,93.28910827636719,95.79956817626953,92.37062072753906,94.11409759521484,549774243,LTC-USD,CRYPTO,yfinance,1d
2025-10-21,94.09503936767578,96.84846496582031,91.83136749267578,92.6905517578125,786338501,LTC-USD,CRYPTO,yfinance,1d
2025-10-22,92.68952941894531,94.88703918457031,90.1430435180664,91.92095947265625,813155475,LTC-USD,CRYPTO,yfinance,1d
2025-10-23,91.92095947265625,94.73509216308594,91.87411499023438,94.043701171875,573637773,LTC-USD,CRYPTO,yfinance,1d
2025-10-24,94.04379272460938,97.03467559814453,94.03112030029297,96.4134521484375,586259508,LTC-USD,CRYPTO,yfinance,1d
2025-10-25,96.41431427001953,97.0202407836914,95.78291320800781,96.98793029785156,388705087,LTC-USD,CRYPTO,yfinance,1d
2025-10-26,96.98805236816406,100.51624298095703,96.44905853271484,99.96092987060547,524114205,LTC-USD,CRYPTO,yfinance,1d
2025-10-27,99.9610824584961,102.87415313720703,98.30095672607422,99.379150390625,870204653,LTC-USD,CRYPTO,yfinance,1d
2025-10-28,99.37905883789062,106.34300994873047,95.99254608154297,96.72423553466797,1767742095,LTC-USD,CRYPTO,yfinance,1d
2025-10-29,96.72347259521484,100.5983657836914,96.32807159423828,98.55887603759766,931934576,LTC-USD,CRYPTO,yfinance,1d
2025-10-30,98.55870056152344,99.67179107666016,90.60453033447266,93.38381958007812,837783881,LTC-USD,CRYPTO,yfinance,1d
2025-10-31,93.38414764404297,96.1800765991211,93.1534423828125,95.49425506591797,603370214,LTC-USD,CRYPTO,yfinance,1d
2025-11-01,95.493896484375,101.75743103027344,95.1166000366211,101.40185546875,771158463,LTC-USD,CRYPTO,yfinance,1d
2025-11-02,101.3951644897461,101.3951644897461,97.91646575927734,99.51091003417969,701549373,LTC-USD,CRYPTO,yfinance,1d
2025-11-03,99.50585174560547,99.66692352294922,86.4770736694336,87.39720153808594,1067081583,LTC-USD,CRYPTO,yfinance,1d
2025-11-04,87.39692687988281,90.76715850830078,80.09814453125,85.4836654663086,1090634571,LTC-USD,CRYPTO,yfinance,1d
2025-11-05,85.48303985595703,89.84207153320312,82.30486297607422,89.55512237548828,656549647,LTC-USD,CRYPTO,yfinance,1d
2025-11-06,89.55393981933594,89.55572509765625,85.55814361572266,87.0000228881836,548991432,LTC-USD,CRYPTO,yfinance,1d
2025-11-07,86.99969482421875,104.45751953125,86.09718322753906,101.78585815429688,1531130020,LTC-USD,CRYPTO,yfinance,1d
2025-11-08,101.7852783203125,106.15178680419922,98.388427734375,106.15178680419922,1111008507,LTC-USD,CRYPTO,yfinance,1d
2025-11-09,106.17696380615234,113.23821258544922,99.16072082519531,110.16724395751953,2029738554,LTC-USD,CRYPTO,yfinance,1d
2025-11-10,110.17060852050781,111.60379791259766,104.16159057617188,104.2005844116211,1234198128,LTC-USD,CRYPTO,yfinance,1d
2025-11-11,104.20117950439453,106.50173950195312,99.22865295410156,99.66584777832031,921164198,LTC-USD,CRYPTO,yfinance,1d
2025-11-12,99.6683349609375,104.0236587524414,95.32373046875,97.54154205322266,1080933289,LTC-USD,CRYPTO,yfinance,1d
2025-11-13,97.54236602783203,101.62030029296875,94.17771911621094,96.79256439208984,956926925,LTC-USD,CRYPTO,yfinance,1d
2025-11-14,96.79256439208984,99.9609603881836,93.92350006103516,97.51412963867188,1107096324,LTC-USD,CRYPTO,yfinance,1d
2025-11-15,97.51412963867188,109.05707550048828,97.51139831542969,101.76781463623047,1126906970,LTC-USD,CRYPTO,yfinance,1d
2025-11-16,101.76835632324219,103.23072814941406,94.921630859375,95.89550018310547,781398030,LTC-USD,CRYPTO,yfinance,1d
2025-11-17,95.88290405273438,97.48358154296875,90.61819458007812,91.24004364013672,784384000,LTC-USD,CRYPTO,yfinance,1d
2025-11-18,91.2398452758789,97.35035705566406,90.67062377929688,95.65458679199219,808109875,LTC-USD,CRYPTO,yfinance,1d
2025-11-19,95.65458679199219,95.82930755615234,88.98589324951172,92.87193298339844,689528725,LTC-USD,CRYPTO,yfinance,1d
2025-11-20,92.87174224853516,93.53813171386719,86.12606811523438,87.26893615722656,678913031,LTC-USD,CRYPTO,yfinance,1d
2025-11-21,87.26668548583984,88.42239379882812,80.46366882324219,82.60244750976562,1043552599,LTC-USD,CRYPTO,yfinance,1d
2025-11-22,82.60198211669922,83.79682159423828,81.00630950927734,82.17462921142578,452950906,LTC-USD,CRYPTO,yfinance,1d
2025-11-23,82.17410278320312,84.32813262939453,81.9085922241211,82.9775390625,453259049,LTC-USD,CRYPTO,yfinance,1d
2025-11-24,82.97837829589844,87.18663787841797,82.26438903808594,85.4774169921875,566995168,LTC-USD,CRYPTO,yfinance,1d
2025-11-25,85.47753143310547,86.56163787841797,83.3027572631836,85.28216552734375,623882901,LTC-USD,CRYPTO,yfinance,1d
2025-11-26,85.28226470947266,87.66581726074219,83.47840881347656,86.87049102783203,525728835,LTC-USD,CRYPTO,yfinance,1d
2025-11-27,86.87026977539062,87.71068572998047,86.12614440917969,86.6272201538086,428297943,LTC-USD,CRYPTO,yfinance,1d
2025-11-28,86.62739562988281,86.64335632324219,83.37623596191406,84.3119888305664,496944485,LTC-USD,CRYPTO,yfinance,1d
2025-11-29,84.31123352050781,85.58342742919922,83.29486846923828,84.07272338867188,308254769,LTC-USD,CRYPTO,yfinance,1d
2025-11-30,84.07280731201172,84.77369689941406,82.55572509765625,82.55572509765625,295328497,LTC-USD,CRYPTO,yfinance,1d
2025-12-01,82.5545883178711,82.5545883178711,75.00689697265625,77.5888671875,752501913,LTC-USD,CRYPTO,yfinance,1d
2025-12-02,77.5888671875,83.26100158691406,77.408447265625,82.8125228881836,500105423,LTC-USD,CRYPTO,yfinance,1d
2025-12-03,82.81281280517578,86.55573272705078,82.63353729248047,85.993408203125,571293063,LTC-USD,CRYPTO,yfinance,1d
2025-12-04,85.98770904541016,86.65631103515625,82.37580871582031,83.56643676757812,483767759,LTC-USD,CRYPTO,yfinance,1d
2025-12-05,83.5666275024414,84.10447692871094,79.83222198486328,80.49064636230469,446162340,LTC-USD,CRYPTO,yfinance,1d
2025-12-06,80.49044799804688,82.45606231689453,80.00042724609375,81.70176696777344,318654513,LTC-USD,CRYPTO,yfinance,1d
2025-12-07,81.70201110839844,83.64776611328125,80.03092193603516,81.42406463623047,373060719,LTC-USD,CRYPTO,yfinance,1d
2025-12-08,81.4240951538086,84.36334228515625,81.1500015258789,83.90386962890625,424408411,LTC-USD,CRYPTO,yfinance,1d
2025-12-09,83.9036865234375,87.40348815917969,82.57372283935547,86.10201263427734,520973416,LTC-USD,CRYPTO,yfinance,1d
2025-12-10,86.10313415527344,86.93563079833984,83.88575744628906,84.5068588256836,455118837,LTC-USD,CRYPTO,yfinance,1d
2025-12-11,84.5060043334961,84.5112533569336,80.4637680053711,82.94996643066406,511752649,LTC-USD,CRYPTO,yfinance,1d
2025-12-12,82.95284271240234,84.4286117553711,80.6650161743164,81.92521667480469,388744300,LTC-USD,CRYPTO,yfinance,1d
2025-12-13,81.92521667480469,82.42469024658203,80.9941177368164,81.5561752319336,237398812,LTC-USD,CRYPTO,yfinance,1d
2025-12-14,81.55577850341797,81.81561279296875,78.1819076538086,78.97834777832031,318947661,LTC-USD,CRYPTO,yfinance,1d
2025-12-15,78.97872924804688,81.32539367675781,76.15690612792969,77.59172821044922,446077598,LTC-USD,CRYPTO,yfinance,1d
2025-12-16,77.59073638916016,79.52284240722656,76.95857238769531,79.058837890625,442772969,LTC-USD,CRYPTO,yfinance,1d
2025-12-17,79.058837890625,80.79371643066406,75.27899932861328,75.92557525634766,440038460,LTC-USD,CRYPTO,yfinance,1d
2025-12-18,75.92605590820312,78.39100646972656,72.75547790527344,74.28631591796875,500370942,LTC-USD,CRYPTO,yfinance,1d
2025-12-19,74.28631591796875,77.87434387207031,73.68997955322266,77.50352478027344,405109931,LTC-USD,CRYPTO,yfinance,1d
2025-12-20,77.50350952148438,79.05339050292969,76.45478057861328,77.84877014160156,234490174,LTC-USD,CRYPTO,yfinance,1d
2025-12-21,77.84867095947266,77.99432373046875,75.5729751586914,76.71600341796875,282682030,LTC-USD,CRYPTO,yfinance,1d
2025-12-22,76.71590423583984,79.2843017578125,76.37275695800781,76.99530792236328,397235170,LTC-USD,CRYPTO,yfinance,1d
2025-12-23,76.99530792236328,77.84679412841797,75.63272857666016,76.9299545288086,318897668,LTC-USD,CRYPTO,yfinance,1d
2025-12-24,76.93057250976562,77.3224868774414,75.3277816772461,75.74249267578125,305434352,LTC-USD,CRYPTO,yfinance,1d
2025-12-25,75.74246215820312,77.4364242553711,75.43937683105469,75.67747497558594,255084241,LTC-USD,CRYPTO,yfinance,1d
2025-12-26,75.67743682861328,77.89866638183594,75.65838623046875,76.83277893066406,306593764,LTC-USD,CRYPTO,yfinance,1d
2025-12-27,76.83277893066406,80.2055892944336,76.764892578125,80.19060516357422,261495744,LTC-USD,CRYPTO,yfinance,1d
2025-12-28,80.19044494628906,80.33125305175781,77.86415100097656,78.63316345214844,272790073,LTC-USD,CRYPTO,yfinance,1d
2025-12-29,78.63273620605469,80.08719635009766,77.0184326171875,78.2764892578125,369803795,LTC-USD,CRYPTO,yfinance,1d
2025-12-30,78.27607727050781,78.79412078857422,77.7098388671875,78.76162719726562,308551347,LTC-USD,CRYPTO,yfinance,1d
2025-12-31,78.76162719726562,78.78184509277344,76.05038452148438,76.77730560302734,302253326,LTC-USD,CRYPTO,yfinance,1d
2026-01-01,76.77796936035156,79.85816192626953,76.63522338867188,79.84381103515625,255021763,LTC-USD,CRYPTO,yfinance,1d
2026-01-02,79.84334564208984,82.1622085571289,79.02043151855469,81.82328033447266,360416066,LTC-USD,CRYPTO,yfinance,1d
2026-01-03,81.82347869873047,82.75752258300781,81.00682067871094,82.05277252197266,312443399,LTC-USD,CRYPTO,yfinance,1d
2026-01-04,82.05277252197266,82.9967269897461,81.76535034179688,82.13314819335938,320989435,LTC-USD,CRYPTO,yfinance,1d
2026-01-05,82.13367462158203,84.38826751708984,81.6244888305664,83.57546997070312,452029892,LTC-USD,CRYPTO,yfinance,1d
2026-01-06,83.57528686523438,84.75396728515625,81.29167175292969,83.9468002319336,411766696,LTC-USD,CRYPTO,yfinance,1d
2026-01-07,83.94670104980469,83.94857025146484,81.10932922363281,81.62861633300781,357477681,LTC-USD,CRYPTO,yfinance,1d
2026-01-08,81.62861633300781,82.16637420654297,80.08977508544922,81.2473373413086,330236986,LTC-USD,CRYPTO,yfinance,1d
2026-01-09,81.24774169921875,81.91614532470703,79.99271392822266,81.3693618774414,328331156,LTC-USD,CRYPTO,yfinance,1d
2026-01-10,81.36986541748047,82.19161224365234,80.74213409423828,81.12104797363281,213243077,LTC-USD,CRYPTO,yfinance,1d
2026-01-11,81.12010955810547,81.64285278320312,78.61380767822266,78.68950653076172,346868302,LTC-USD,CRYPTO,yfinance,1d
2026-01-12,78.68950653076172,80.57671356201172,75.77177429199219,76.05021667480469,689679296,LTC-USD,CRYPTO,yfinance,1d
2026-01-13,76.05021667480469,78.81372833251953,75.42427062988281,78.12391662597656,873722670,LTC-USD,CRYPTO,yfinance,1d
2026-01-14,78.12440490722656,80.70114135742188,76.29817962646484,76.7413558959961,1238753022,LTC-USD,CRYPTO,yfinance,1d
2026-01-15,76.740966796875,76.7447509765625,71.5402603149414,72.12104034423828,1081241025,LTC-USD,CRYPTO,yfinance,1d
2026-01-16,72.12112426757812,75.95524597167969,71.38726043701172,75.2646255493164,683173346,LTC-USD,CRYPTO,yfinance,1d
2026-01-17,75.26459503173828,75.91065979003906,73.88614654541016,74.83897399902344,340850829,LTC-USD,CRYPTO,yfinance,1d
2026-01-18,74.8388671875,75.83094787597656,72.23424530029297,72.25719451904297,368393329,LTC-USD,CRYPTO,yfinance,1d
2026-01-19,72.26326751708984,72.26481628417969,68.52143096923828,70.72074890136719,703146046,LTC-USD,CRYPTO,yfinance,1d
2026-01-20,70.72123718261719,70.97494506835938,66.83660888671875,67.06245422363281,535546348,LTC-USD,CRYPTO,yfinance,1d
2026-01-21,67.06282806396484,69.55957794189453,66.19188690185547,68.4201431274414,509865307,LTC-USD,CRYPTO,yfinance,1d
2026-01-22,68.42053985595703,69.50504302978516,67.20640563964844,68.12567138671875,336527343,LTC-USD,CRYPTO,yfinance,1d
2026-01-23,68.12567138671875,69.43572998046875,67.08586883544922,68.04029846191406,344777102,LTC-USD,CRYPTO,yfinance,1d
2026-01-24,68.03946685791016,68.83739471435547,67.70543670654297,68.11567687988281,212212958,LTC-USD,CRYPTO,yfinance,1d
2026-01-25,68.11553955078125,70.18705749511719,65.35962677001953,67.1728286743164,489809813,LTC-USD,CRYPTO,yfinance,1d
2026-01-26,67.17326354980469,69.96148681640625,67.0588607788086,69.73886108398438,380934311,LTC-USD,CRYPTO,yfinance,1d
2026-01-27,69.73839569091797,70.19268035888672,68.5912857055664,69.96452331542969,318526846,LTC-USD,CRYPTO,yfinance,1d
2026-01-28,69.96459197998047,70.07806396484375,68.54830169677734,69.38337707519531,311817253,LTC-USD,CRYPTO,yfinance,1d
2026-01-29,69.38180541992188,69.38214111328125,64.42410278320312,66.10388946533203,439496548,LTC-USD,CRYPTO,yfinance,1d
2026-01-30,66.10356140136719,66.26493835449219,63.209510803222656,65.34912872314453,646220871,LTC-USD,CRYPTO,yfinance,1d
2026-01-31,65.34912109375,65.36953735351562,56.90632629394531,59.43318557739258,801488870,LTC-USD,CRYPTO,yfinance,1d
2026-02-01,59.432899475097656,59.813575744628906,57.464073181152344,58.482112884521484,507225797,LTC-USD,CRYPTO,yfinance,1d
2026-02-02,58.482154846191406,61.0601692199707,56.637020111083984,59.99173355102539,555157029,LTC-USD,CRYPTO,yfinance,1d
2026-02-03,59.991817474365234,61.1273193359375,56.9638786315918,59.266666412353516,498495438,LTC-USD,CRYPTO,yfinance,1d
2026-02-04,59.27065658569336,60.85531997680664,57.14436340332031,58.794044494628906,511322598,LTC-USD,CRYPTO,yfinance,1d
2026-02-05,58.794044494628906,59.2274284362793,50.49977111816406,50.68783187866211,886638073,LTC-USD,CRYPTO,yfinance,1d
2026-02-06,50.68720245361328,56.30624008178711,46.0831184387207,55.06094741821289,895029426,LTC-USD,CRYPTO,yfinance,1d
2026-02-07,55.06060028076172,55.90404510498047,52.95992660522461,55.22378158569336,511314895,LTC-USD,CRYPTO,yfinance,1d
2026-02-08,55.223690032958984,55.67023468017578,53.80973815917969,54.545467376708984,324833058,LTC-USD,CRYPTO,yfinance,1d
2026-02-09,54.54500198364258,55.01172637939453,52.372310638427734,54.39728546142578,348353427,LTC-USD,CRYPTO,yfinance,1d
2026-02-10,54.39812469482422,54.56680679321289,52.89268112182617,53.326026916503906,289518820,LTC-USD,CRYPTO,yfinance,1d
2026-02-11,53.32648849487305,53.65777587890625,51.1775016784668,52.23699951171875,349187081,LTC-USD,CRYPTO,yfinance,1d
2026-02-12,52.236900329589844,53.6776123046875,51.61425018310547,53.09817886352539,313961951,LTC-USD,CRYPTO,yfinance,1d
2026-02-13,53.09779739379883,55.615867614746094,52.39115905761719,55.080509185791016,334226925,LTC-USD,CRYPTO,yfinance,1d
2026-02-14,55.08027648925781,56.559104919433594,54.913082122802734,56.010581970214844,299076293,LTC-USD,CRYPTO,yfinance,1d
2026-02-15,56.01118087768555,56.54235076904297,54.273651123046875,55.03819274902344,328163745,LTC-USD,CRYPTO,yfinance,1d
2026-02-16,55.03801345825195,55.431236267089844,53.381717681884766,55.04218292236328,329314319,LTC-USD,CRYPTO,yfinance,1d
2026-02-17,55.04228210449219,55.75352096557617,53.31072998046875,53.8973274230957,311838533,LTC-USD,CRYPTO,yfinance,1d
2026-02-18,53.89741516113281,54.87519073486328,53.00251770019531,53.29018783569336,269022807,LTC-USD,CRYPTO,yfinance,1d
2026-02-19,53.28999710083008,53.676719665527344,51.57398223876953,52.661590576171875,271664517,LTC-USD,CRYPTO,yfinance,1d
2026-02-20,52.661590576171875,55.3929557800293,52.661380767822266,55.21048355102539,365876773,LTC-USD,CRYPTO,yfinance,1d
2026-02-21,55.210514068603516,55.87038040161133,54.831668853759766,54.945823669433594,247942759,LTC-USD,CRYPTO,yfinance,1d
2026-02-22,54.94591522216797,54.94766616821289,53.018463134765625,53.46723175048828,237494898,LTC-USD,CRYPTO,yfinance,1d
2026-02-23,53.46454620361328,53.481910705566406,50.966102600097656,51.25557327270508,317588549,LTC-USD,CRYPTO,yfinance,1d
2026-02-24,51.25663375854492,51.830162048339844,50.356292724609375,51.16326141357422,300075205,LTC-USD,CRYPTO,yfinance,1d
2026-02-25,51.16413879394531,58.503211975097656,51.0935173034668,56.677146911621094,492727284,LTC-USD,CRYPTO,yfinance,1d
2026-02-26,56.67502975463867,57.000919342041016,54.51435089111328,55.61968231201172,354410839,LTC-USD,CRYPTO,yfinance,1d
2026-02-27,55.619773864746094,56.32912826538086,53.737918853759766,54.52947235107422,323623303,LTC-USD,CRYPTO,yfinance,1d
2026-02-28,54.528648376464844,54.92530822753906,51.58095169067383,54.38766098022461,356602878,LTC-USD,CRYPTO,yfinance,1d
2026-03-01,54.38766098022461,55.49464797973633,52.546852111816406,53.24626159667969,312027903,LTC-USD,CRYPTO,yfinance,1d
2026-03-02,53.24634552001953,55.51797103881836,52.994171142578125,54.540584564208984,390389774,LTC-USD,CRYPTO,yfinance,1d
2026-03-03,54.54152297973633,55.12779235839844,53.09606170654297,54.77610778808594,370029257,LTC-USD,CRYPTO,yfinance,1d
2026-03-04,54.77610778808594,57.6497802734375,54.386688232421875,56.7926139831543,432985743,LTC-USD,CRYPTO,yfinance,1d
2026-03-05,56.7926139831543,57.15501022338867,55.13813781738281,55.47148895263672,359157991,LTC-USD,CRYPTO,yfinance,1d
2026-03-06,55.47157287597656,55.82067108154297,53.15271759033203,53.81081008911133,296608685,LTC-USD,CRYPTO,yfinance,1d
2026-03-07,53.80930709838867,54.23338317871094,53.328269958496094,53.563411712646484,243005020,LTC-USD,CRYPTO,yfinance,1d
2026-03-08,53.562774658203125,53.845218658447266,52.14599609375,52.63649368286133,304345236,LTC-USD,CRYPTO,yfinance,1d
2026-03-09,52.63649368286133,54.658851623535156,52.57347869873047,53.720394134521484,315115156,LTC-USD,CRYPTO,yfinance,1d
2026-03-10,53.721439361572266,54.91547775268555,53.483070373535156,53.84933090209961,316110848,LTC-USD,CRYPTO,yfinance,1d
2026-03-11,53.849063873291016,55.192710876464844,53.621219635009766,54.742794036865234,279513671,LTC-USD,CRYPTO,yfinance,1d
2026-03-12,54.74367141723633,54.97324752807617,53.887081146240234,54.574989318847656,278178765,LTC-USD,CRYPTO,yfinance,1d
2026-03-13,54.574710845947266,56.598358154296875,54.53572082519531,55.30593490600586,346269516,LTC-USD,CRYPTO,yfinance,1d
2026-03-14,55.305908203125,55.80225372314453,54.42995071411133,55.000789642333984,240195212,LTC-USD,CRYPTO,yfinance,1d
2026-03-15,55.000789642333984,56.354034423828125,54.7491569519043,56.18583297729492,261359342,LTC-USD,CRYPTO,yfinance,1d
2026-03-16,56.187217712402344,58.923404693603516,55.85951614379883,58.723690032958984,454090668,LTC-USD,CRYPTO,yfinance,1d
2026-03-17,58.72349548339844,59.13798904418945,57.398372650146484,58.09467315673828,376791396,LTC-USD,CRYPTO,yfinance,1d
2026-03-18,58.095062255859375,58.52457046508789,55.41523742675781,56.05348205566406,343498586,LTC-USD,CRYPTO,yfinance,1d
2026-03-19,56.053680419921875,56.26976013183594,54.70014572143555,55.507347106933594,285778078,LTC-USD,CRYPTO,yfinance,1d
2026-03-20,55.5069580078125,56.40997314453125,55.265228271484375,56.17632293701172,268435837,LTC-USD,CRYPTO,yfinance,1d
2026-03-21,56.17665481567383,56.548057556152344,54.64005661010742,54.66731262207031,235350864,LTC-USD,CRYPTO,yfinance,1d
2026-03-22,54.67385482788086,54.969730377197266,53.098392486572266,53.48957061767578,288426839,LTC-USD,CRYPTO,yfinance,1d
2026-03-23,53.48976135253906,55.907772064208984,53.364830017089844,55.66477584838867,338040837,LTC-USD,CRYPTO,yfinance,1d
2026-03-24,55.664581298828125,56.441158294677734,55.107059478759766,56.382774353027344,288614366,LTC-USD,CRYPTO,yfinance,1d
2026-03-25,56.38285827636719,56.67990493774414,55.90449905395508,56.62164306640625,294347644,LTC-USD,CRYPTO,yfinance,1d
2026-03-26,56.62164306640625,56.62197494506836,54.21728515625,54.56801223754883,314473137,LTC-USD,CRYPTO,yfinance,1d
2026-03-27,54.56789779663086,55.108131408691406,53.355228424072266,53.68352127075195,282317429,LTC-USD,CRYPTO,yfinance,1d
2026-03-28,53.68320083618164,54.78305435180664,53.3584098815918,53.84064483642578,259780951,LTC-USD,CRYPTO,yfinance,1d
2026-03-29,53.84062957763672,54.3121223449707,52.56986999511719,53.29500961303711,248017423,LTC-USD,CRYPTO,yfinance,1d
2026-03-30,53.29466247558594,54.309391021728516,53.075016021728516,53.19775390625,339847736,LTC-USD,CRYPTO,yfinance,1d
2026-03-31,53.1970329284668,54.1373291015625,53.14234161376953,53.91790771484375,293928216,LTC-USD,CRYPTO,yfinance,1d
2026-04-01,53.9183235168457,54.68008804321289,53.805328369140625,53.80585479736328,275835213,LTC-USD,CRYPTO,yfinance,1d
2026-04-02,53.805747985839844,54.07742691040039,51.47845458984375,52.26017379760742,280225201,LTC-USD,CRYPTO,yfinance,1d
2026-04-03,52.26017379760742,53.44627380371094,52.173675537109375,53.20804977416992,206379608,LTC-USD,CRYPTO,yfinance,1d
2026-04-04,53.20722961425781,53.801353454589844,53.01543426513672,53.574546813964844,175707279,LTC-USD,CRYPTO,yfinance,1d
2026-04-05,53.574546813964844,54.11568832397461,52.64267349243164,54.1145133972168,183620530,LTC-USD,CRYPTO,yfinance,1d
2026-04-06,54.1145133972168,54.5081787109375,53.29292297363281,53.54297637939453,245384697,LTC-USD,CRYPTO,yfinance,1d
2026-04-07,53.54185485839844,55.694026947021484,52.9566535949707,55.40741729736328,283918771,LTC-USD,CRYPTO,yfinance,1d
2026-04-08,55.407161712646484,55.506412506103516,53.912471771240234,53.96843338012695,254301221,LTC-USD,CRYPTO,yfinance,1d
2026-04-09,53.96843338012695,55.14584732055664,53.69966125488281,54.50248336791992,237655046,LTC-USD,CRYPTO,yfinance,1d
2026-04-10,54.502532958984375,55.47270965576172,54.28606414794922,54.966800689697266,224539500,LTC-USD,CRYPTO,yfinance,1d
2026-04-11,54.966896057128906,55.68086242675781,54.415557861328125,55.07206344604492,196485613,LTC-USD,CRYPTO,yfinance,1d
2026-04-12,55.07167053222656,55.073951721191406,53.41682052612305,53.48984909057617,199201840,LTC-USD,CRYPTO,yfinance,1d
2026-04-13,53.48984909057617,54.71168899536133,52.703887939453125,54.650386810302734,276036236,LTC-USD,CRYPTO,yfinance,1d
2026-04-14,54.65019226074219,55.23139572143555,54.05204772949219,54.31154251098633,275658398,LTC-USD,CRYPTO,yfinance,1d
2026-04-15,54.31163787841797,55.6273193359375,53.88994216918945,55.13288497924805,248899392,LTC-USD,CRYPTO,yfinance,1d
2026-04-16,55.13288497924805,56.52577209472656,54.67678451538086,56.36906814575195,295784323,LTC-USD,CRYPTO,yfinance,1d
2026-04-17,56.368858337402344,57.33885955810547,55.39745330810547,56.47679138183594,305690674,LTC-USD,CRYPTO,yfinance,1d
2026-04-18,56.47718048095703,56.642539978027344,55.31742477416992,55.729434967041016,233909397,LTC-USD,CRYPTO,yfinance,1d
2026-04-19,55.72962188720703,55.79294204711914,53.987335205078125,54.07212448120117,233976494,LTC-USD,CRYPTO,yfinance,1d
2026-04-20,54.07221984863281,55.368629455566406,54.05386734008789,55.036502838134766,246406332,LTC-USD,CRYPTO,yfinance,1d
2026-04-21,55.0361213684082,55.836082458496094,54.72681427001953,55.54917526245117,242762274,LTC-USD,CRYPTO,yfinance,1d
2026-04-22,55.549808502197266,56.50930404663086,55.5295295715332,55.56855392456055,263722817,LTC-USD,CRYPTO,yfinance,1d
2026-04-23,55.56855392456055,56.23687744140625,54.97529220581055,56.234649658203125,251381797,LTC-USD,CRYPTO,yfinance,1d
2026-04-24,56.23385238647461,56.734169006347656,55.80783462524414,56.51952362060547,244802426,LTC-USD,CRYPTO,yfinance,1d
2026-04-25,56.51952362060547,56.697628021240234,55.973167419433594,56.04792404174805,187199544,LTC-USD,CRYPTO,yfinance,1d
2026-04-26,56.04792404174805,56.43924331665039,55.80388641357422,56.307533264160156,206807978,LTC-USD,CRYPTO,yfinance,1d
2026-04-27,56.30744171142578,56.7947883605957,55.11164855957031,55.549922943115234,251910874,LTC-USD,CRYPTO,yfinance,1d
2026-04-28,55.549922943115234,55.7185173034668,54.78488540649414,55.71846389770508,212246070,LTC-USD,CRYPTO,yfinance,1d
2026-04-29,55.71836853027344,57.61214065551758,54.43750762939453,55.30350875854492,338089706,LTC-USD,CRYPTO,yfinance,1d
2026-04-30,55.30433654785156,55.93381118774414,55.00636672973633,55.170101165771484,224660906,LTC-USD,CRYPTO,yfinance,1d
2026-05-01,55.16925811767578,55.984710693359375,54.98237609863281,55.3950080871582,251885628,LTC-USD,CRYPTO,yfinance,1d
2026-05-02,55.39480972290039,55.6670036315918,55.09149169921875,55.365638732910156,195781109,LTC-USD,CRYPTO,yfinance,1d
2026-05-03,55.36546325683594,55.71073532104492,54.900482177734375,55.28659439086914,195138866,LTC-USD,CRYPTO,yfinance,1d
2026-05-04,55.28680419921875,56.31544494628906,54.92617416381836,54.948448181152344,334068230,LTC-USD,CRYPTO,yfinance,1d
2026-05-05,54.949859619140625,56.56285858154297,54.87772750854492,56.3768310546875,299600799,LTC-USD,CRYPTO,yfinance,1d
2026-05-06,56.3768196105957,57.854042053222656,56.18777084350586,56.683311462402344,341792374,LTC-USD,CRYPTO,yfinance,1d
2026-05-07,56.68239974975586,57.346435546875,56.16721725463867,56.431556701660156,295499669,LTC-USD,CRYPTO,yfinance,1d
2026-05-08,56.431556701660156,58.91109848022461,56.15739440917969,58.233158111572266,314661149,LTC-USD,CRYPTO,yfinance,1d
2026-05-09,58.233158111572266,59.10381317138672,57.672821044921875,58.00890350341797,249017480,LTC-USD,CRYPTO,yfinance,1d
2026-05-10,58.009010314941406,60.525169372558594,57.70744705200195,60.38174819946289,328029676,LTC-USD,CRYPTO,yfinance,1d
2026-05-11,60.38174819946289,60.4857063293457,58.18722152709961,58.53215026855469,309041426,LTC-USD,CRYPTO,yfinance,1d
2026-05-12,58.532222747802734,58.586036682128906,57.09380340576172,58.00667190551758,284815414,LTC-USD,CRYPTO,yfinance,1d
2026-05-13,58.00823211669922,58.9102897644043,56.33655548095703,56.96644973754883,304031761,LTC-USD,CRYPTO,yfinance,1d
2026-05-14,56.966556549072266,59.427066802978516,56.657470703125,58.1590576171875,313523692,LTC-USD,CRYPTO,yfinance,1d
2026-05-15,58.15915298461914,58.45808029174805,56.48915100097656,57.49333953857422,298075417,LTC-USD,CRYPTO,yfinance,1d
2026-05-16,57.49333953857422,57.61260223388672,55.610469818115234,56.17809295654297,246655147,LTC-USD,CRYPTO,yfinance,1d
2026-05-17,56.17809295654297,56.44095993041992,54.019439697265625,54.564796447753906,244268225,LTC-USD,CRYPTO,yfinance,1d
2026-05-18,54.56470489501953,54.56470489501953,53.22942352294922,54.310062408447266,315343861,LTC-USD,CRYPTO,yfinance,1d
2026-05-19,54.310062408447266,54.4725341796875,53.57321548461914,54.38593673706055,236783709,LTC-USD,CRYPTO,yfinance,1d
2026-05-20,54.38596725463867,54.47888946533203,53.295650482177734,53.90673065185547,273753027,LTC-USD,CRYPTO,yfinance,1d
2026-05-21,53.906803131103516,54.62948226928711,53.366329193115234,54.131656646728516,274542485,LTC-USD,CRYPTO,yfinance,1d
2026-05-22,54.13052749633789,54.47650146484375,52.34709167480469,52.621891021728516,293337535,LTC-USD,CRYPTO,yfinance,1d
2026-05-23,52.62214660644531,54.10031509399414,51.77532196044922,53.43586730957031,265931024,LTC-USD,CRYPTO,yfinance,1d
2026-05-24,53.434810638427734,53.56864929199219,52.03951644897461,52.76504135131836,209539208,LTC-USD,CRYPTO,yfinance,1d
2026-05-25,52.76577377319336,53.07786560058594,52.4605598449707,52.65663146972656,232583143,LTC-USD,CRYPTO,yfinance,1d
2026-05-26,52.65663146972656,53.02429962158203,51.611366271972656,51.85989761352539,241069248,LTC-USD,CRYPTO,yfinance,1d
2026-05-27,51.8599967956543,52.72407531738281,51.692073822021484,51.9226188659668,252065091,LTC-USD,CRYPTO,yfinance,1d
2026-05-28,51.92250442504883,52.016544342041016,50.34196853637695,51.58763885498047,293114697,LTC-USD,CRYPTO,yfinance,1d
2026-05-29,51.58766174316406,52.223487854003906,51.23907470703125,51.830482482910156,250888377,LTC-USD,CRYPTO,yfinance,1d
2026-05-30,51.83047866821289,52.68284225463867,51.8055305480957,52.34654998779297,223316329,LTC-USD,CRYPTO,yfinance,1d
2026-05-31,52.34958267211914,52.666175842285156,51.39509201049805,52.00375747680664,206316979,LTC-USD,CRYPTO,yfinance,1d
2026-06-01,52.003265380859375,52.17869567871094,50.11167526245117,50.72057342529297,303310345,LTC-USD,CRYPTO,yfinance,1d
2026-06-02,50.72057342529297,50.725799560546875,46.45054244995117,46.90711212158203,402451348,LTC-USD,CRYPTO,yfinance,1d
2026-06-03,46.90663528442383,48.44728088378906,46.86128616333008,47.143550872802734,352488746,LTC-USD,CRYPTO,yfinance,1d
2026-06-04,47.14276885986328,47.38425827026367,44.69307327270508,45.55448532104492,391232099,LTC-USD,CRYPTO,yfinance,1d
2026-06-05,45.55530548095703,45.72702407836914,42.124656677246094,43.241554260253906,469920301,LTC-USD,CRYPTO,yfinance,1d
2026-06-06,43.241573333740234,43.97664260864258,40.76507568359375,41.33696365356445,330815380,LTC-USD,CRYPTO,yfinance,1d
2026-06-07,41.33697509765625,43.072601318359375,41.216854095458984,42.837921142578125,327484995,LTC-USD,CRYPTO,yfinance,1d
2026-06-08,42.837921142578125,43.79157257080078,42.13264465332031,43.063995361328125,281758611,LTC-USD,CRYPTO,yfinance,1d
2026-06-09,43.0637092590332,43.431026458740234,41.90495681762695,43.00632858276367,261415257,LTC-USD,CRYPTO,yfinance,1d
2026-06-10,43.00632858276367,43.158084869384766,41.302818298339844,41.71865463256836,248219678,LTC-USD,CRYPTO,yfinance,1d
2026-06-11,41.71876525878906,42.80416488647461,41.7108268737793,42.508426666259766,214340988,LTC-USD,CRYPTO,yfinance,1d
2026-06-12,42.507999420166016,43.45414352416992,42.17075729370117,43.04612350463867,225876016,LTC-USD,CRYPTO,yfinance,1d
2026-06-13,43.04599380493164,44.35209274291992,42.98772430419922,44.28620147705078,185484725,LTC-USD,CRYPTO,yfinance,1d
2026-06-14,44.28620147705078,45.35987091064453,43.752506256103516,45.358802795410156,210796666,LTC-USD,CRYPTO,yfinance,1d
2026-06-15,45.35932922363281,46.19578170776367,44.81660079956055,45.8035888671875,299791970,LTC-USD,CRYPTO,yfinance,1d
2026-06-16,45.8035888671875,46.306732177734375,44.553001403808594,45.633270263671875,234234290,LTC-USD,CRYPTO,yfinance,1d
2026-06-17,45.633270263671875,45.862186431884766,44.471439361572266,44.860389709472656,203629911,LTC-USD,CRYPTO,yfinance,1d
2026-06-18,44.860504150390625,44.984806060791016,43.0151481628418,43.80323028564453,194265553,LTC-USD,CRYPTO,yfinance,1d
2026-06-19,43.803131103515625,44.51216125488281,43.212337493896484,44.05881118774414,172460528,LTC-USD,CRYPTO,yfinance,1d
2026-06-20,44.0605583190918,44.5355110168457,43.782867431640625,44.490699768066406,155196443,LTC-USD,CRYPTO,yfinance,1d
2026-06-21,44.49079895019531,45.971736907958984,44.40107727050781,44.43974685668945,189128869,LTC-USD,CRYPTO,yfinance,1d
2026-06-22,44.43983840942383,45.754032135009766,44.320037841796875,44.540557861328125,184446407,LTC-USD,CRYPTO,yfinance,1d
2026-06-23,44.54054641723633,44.60031509399414,41.8135986328125,42.13380432128906,221787112,LTC-USD,CRYPTO,yfinance,1d
2026-06-24,42.133792877197266,42.259864807128906,39.387176513671875,41.023380279541016,264031026,LTC-USD,CRYPTO,yfinance,1d
2026-06-25,41.023372650146484,41.900508880615234,39.552616119384766,40.8530387878418,249564225,LTC-USD,CRYPTO,yfinance,1d
2026-06-26,40.8530387878418,42.04975128173828,40.064693450927734,41.84611511230469,273339064,LTC-USD,CRYPTO,yfinance,1d
2026-06-27,41.84621810913086,43.17771530151367,41.69023132324219,42.13233184814453,213580575,LTC-USD,CRYPTO,yfinance,1d
2026-06-28,42.13239669799805,43.28565216064453,41.88338088989258,42.46259307861328,179372390,LTC-USD,CRYPTO,yfinance,1d
2026-06-29,42.46208572387695,43.353797912597656,42.14299392700195,43.077484130859375,230752765,LTC-USD,CRYPTO,yfinance,1d
2026-06-30,43.077125549316406,43.1212272644043,41.549617767333984,41.87733459472656,217270918,LTC-USD,CRYPTO,yfinance,1d
2026-07-01,41.877925872802734,43.526649475097656,41.176727294921875,42.655479431152344,245030399,LTC-USD,CRYPTO,yfinance,1d
2026-07-02,42.65544128417969,43.76225662231445,42.409080505371094,43.4902458190918,246354222,LTC-USD,CRYPTO,yfinance,1d
2026-07-03,43.4902458190918,45.249603271484375,43.12730026245117,44.79949188232422,224687112,LTC-USD,CRYPTO,yfinance,1d
2026-07-04,44.79970932006836,45.644126892089844,43.99568176269531,44.82707214355469,207636094,LTC-USD,CRYPTO,yfinance,1d
2026-07-05,44.82707214355469,46.0483283996582,44.054012298583984,45.71608352661133,232840523,LTC-USD,CRYPTO,yfinance,1d
2026-07-06,45.719940185546875,45.92399215698242,43.81690979003906,44.825260162353516,257279654,LTC-USD,CRYPTO,yfinance,1d
2026-07-07,44.82535934448242,44.93571090698242,43.75271224975586,43.89899826049805,199057503,LTC-USD,CRYPTO,yfinance,1d
2026-07-08,43.89853286743164,43.94355392456055,43.19302749633789,43.62316131591797,259557825,LTC-USD,CRYPTO,yfinance,1d
2026-07-09,43.62351989746094,44.234230041503906,43.44007110595703,43.76508331298828,183355588,LTC-USD,CRYPTO,yfinance,1d
2026-07-10,43.765628814697266,44.83540725708008,43.582862854003906,44.75157928466797,188703753,LTC-USD,CRYPTO,yfinance,1d
2026-07-11,44.751625061035156,45.48725509643555,44.599403381347656,44.695613861083984,155974384,LTC-USD,CRYPTO,yfinance,1d
2026-07-12,44.69521713256836,44.844791412353516,43.96660232543945,43.969947814941406,153380886,LTC-USD,CRYPTO,yfinance,1d
2026-07-13,43.970176696777344,44.43449783325195,42.935935974121094,43.48879623413086,189185700,LTC-USD,CRYPTO,yfinance,1d
2026-07-14,43.48889923095703,45.44136047363281,43.40983963012695,45.43452453613281,217762060,LTC-USD,CRYPTO,yfinance,1d
2026-07-15,45.43558883666992,45.937843322753906,44.62472915649414,45.12337875366211,307474247,LTC-USD,CRYPTO,yfinance,1d
2026-07-16,45.1230583190918,45.37093734741211,44.343116760253906,44.94239807128906,264656558,LTC-USD,CRYPTO,yfinance,1d
2026-07-17,44.94240188598633,45.80741882324219,44.1161994934082,45.143531799316406,283631032,LTC-USD,CRYPTO,yfinance,1d
2026-07-18,45.14310073852539,47.77241516113281,45.05766296386719,47.002655029296875,295342758,LTC-USD,CRYPTO,yfinance,1d
2026-07-19,47.003639221191406,47.78412628173828,46.710113525390625,47.04228973388672,219385203,LTC-USD,CRYPTO,yfinance,1d
2026-07-20,47.04212951660156,47.721580505371094,46.4294548034668,47.33759307861328,309955094,LTC-USD,CRYPTO,yfinance,1d
2026-07-21,47.337703704833984,48.00745391845703,46.68424987792969,46.81590270996094,215590993,LTC-USD,CRYPTO,yfinance,1d
2026-07-22,46.8160400390625,47.56549072265625,46.33354187011719,47.07095718383789,187652402,LTC-USD,CRYPTO,yfinance,1d
2026-07-23,47.07112121582031,47.46598434448242,46.23712158203125,46.927825927734375,250764343,LTC-USD,CRYPTO,yfinance,1d
2026-07-24,46.92770004272461,47.3248176574707,46.00556564331055,46.32560729980469,228709166,LTC-USD,CRYPTO,yfinance,1d
2026-07-25,46.32520294189453,46.61212921142578,45.77870559692383,46.506744384765625,161851928,LTC-USD,CRYPTO,yfinance,1d
2026-07-26,46.50765609741211,48.18217849731445,46.47861099243164,47.7939567565918,230885222,LTC-USD,CRYPTO,yfinance,1d
2026-07-27,47.79450607299805,47.79676818847656,45.96215057373047,45.99911880493164,209235225,LTC-USD,CRYPTO,yfinance,1d
2026-07-28,45.999515533447266,46.63466262817383,45.90204620361328,46.134525299072266,182962017,LTC-USD,CRYPTO,yfinance,1d
2026-07-29,46.134544372558594,46.31392288208008,44.352535247802734,45.41044235229492,240123243,LTC-USD,CRYPTO,yfinance,1d
2026-07-30,45.410499572753906,45.77436828613281,44.91933059692383,45.543643951416016,191972049,LTC-USD,CRYPTO,yfinance,1d
2026-07-31,45.54365921020508,45.842952728271484,44.178688049316406,44.24483108520508,182322239,LTC-USD,CRYPTO,yfinance,1d
2026-08-01,44.24501419067383,44.70860290527344,43.67169189453125,44.1844367980957,153548958,LTC-USD,CRYPTO,yfinance,1d
2026-08-02,44.186187744140625,44.98247146606445,44.15007019042969,44.63468933105469,134711917,LTC-USD,CRYPTO,yfinance,1d
2026-08-03,44.63451385498047,44.680904388427734,44.00859069824219,44.24785614013672,162822248,LTC-USD,CRYPTO,yfinance,1d
2026-08-04,44.24757385253906,45.05815887451172,44.04960250854492,44.830284118652344,177789074,LTC-USD,CRYPTO,yfinance,1d
2026-08-05,44.830177307128906,45.369651794433594,44.72382736206055,45.27460479736328,168163718,LTC-USD,CRYPTO,yfinance,1d
2026-08-06,45.274627685546875,45.75321960449219,44.76876449584961,45.40265655517578,158221602,LTC-USD,CRYPTO,yfinance,1d
2026-08-07,45.40202331542969,45.995872497558594,45.295719146728516,45.568084716796875,170299410,LTC-USD,CRYPTO,yfinance,1d
2026-08-08,45.56704330444336,46.055328369140625,45.45088195800781,45.98006057739258,119700372,LTC-USD,CRYPTO,yfinance,1d
2026-08-09,45.98007583618164,46.425052642822266,45.400848388671875,45.403289794921875,126372772,LTC-USD,CRYPTO,yfinance,1d
2026-08-10,45.403621673583984,45.65892791748047,44.99643325805664,45.11087417602539,150980083,LTC-USD,CRYPTO,yfinance,1d
2026-08-11,45.10966873168945,45.519981384277344,44.945980072021484,45.465885162353516,133556568,LTC-USD,CRYPTO,yfinance,1d
2026-08-12,45.465309143066406,45.59673309326172,44.70136260986328,44.85169219970703,156694638,LTC-USD,CRYPTO,yfinance,1d
2026-08-13,44.85146713256836,45.0115852355957,44.61201477050781,44.81222152709961,129408890,LTC-USD,CRYPTO,yfinance,1d
2026-08-14,44.811866760253906,44.88491439819336,43.378604888916016,43.76597595214844,159764280,LTC-USD,CRYPTO,yfinance,1d
2026-08-16,44.06611251831055,44.26896667480469,44.06611251831055,44.16999816894531,108105656,LTC-USD,CRYPTO,yfinance,1d
