date,open,high,low,close,volume,symbol,exchange,source,interval
2021-08-15,0.09270299971103668,0.09504599869251251,0.08942899852991104,0.0930979996919632,1558230624,TRX-USD,CRYPTO,yfinance,1d
2021-08-16,0.09300199896097183,0.09651099890470505,0.08877900242805481,0.08966299891471863,1621564865,TRX-USD,CRYPTO,yfinance,1d
2021-08-17,0.08940500020980835,0.09215400367975235,0.0849360004067421,0.08514899760484695,1310914121,TRX-USD,CRYPTO,yfinance,1d
2021-08-18,0.08511900156736374,0.08744200319051743,0.08155299723148346,0.08476299792528152,1118460118,TRX-USD,CRYPTO,yfinance,1d
2021-08-19,0.08466000109910965,0.08820699900388718,0.08178199827671051,0.08820699900388718,1125639333,TRX-USD,CRYPTO,yfinance,1d
2021-08-20,0.08821800351142883,0.09060700237751007,0.08649300038814545,0.09056700021028519,1021270866,TRX-USD,CRYPTO,yfinance,1d
2021-08-21,0.09062699973583221,0.09062699973583221,0.08782000094652176,0.08800400048494339,987580081,TRX-USD,CRYPTO,yfinance,1d
2021-08-22,0.08806200325489044,0.09006299823522568,0.08613999933004379,0.0881119966506958,825816856,TRX-USD,CRYPTO,yfinance,1d
2021-08-23,0.08805900067090988,0.09141000360250473,0.08782000094652176,0.08994299918413162,1256305126,TRX-USD,CRYPTO,yfinance,1d
2021-08-24,0.09000000357627869,0.09098599851131439,0.08406300097703934,0.08461999893188477,1430714354,TRX-USD,CRYPTO,yfinance,1d
2021-08-25,0.08471299707889557,0.0876619964838028,0.08309400081634521,0.0874290019273758,1155743063,TRX-USD,CRYPTO,yfinance,1d
2021-08-26,0.08756600320339203,0.08834200352430344,0.0822490006685257,0.08316999673843384,1219048378,TRX-USD,CRYPTO,yfinance,1d
2021-08-27,0.08313299715518951,0.08826799690723419,0.08163399994373322,0.08826799690723419,1218334793,TRX-USD,CRYPTO,yfinance,1d
2021-08-28,0.08833099901676178,0.08875100314617157,0.08645199984312057,0.08829600363969803,1007304615,TRX-USD,CRYPTO,yfinance,1d
2021-08-29,0.08835600316524506,0.09024699777364731,0.08696600049734116,0.08859100192785263,1213189319,TRX-USD,CRYPTO,yfinance,1d
2021-08-30,0.08857300132513046,0.08889699727296829,0.08589299768209457,0.08619099855422974,1097597074,TRX-USD,CRYPTO,yfinance,1d
2021-08-31,0.08620700240135193,0.09054700285196304,0.08522699773311615,0.08881200104951859,1469838770,TRX-USD,CRYPTO,yfinance,1d
2021-09-01,0.08881600201129913,0.09521300345659256,0.08734499663114548,0.09511099755764008,1414699568,TRX-USD,CRYPTO,yfinance,1d
2021-09-02,0.09509699791669846,0.10185399651527405,0.09439799934625626,0.09992600232362747,1827683179,TRX-USD,CRYPTO,yfinance,1d
2021-09-03,0.0996209979057312,0.10584300011396408,0.09779699891805649,0.10151900351047516,2084965478,TRX-USD,CRYPTO,yfinance,1d
2021-09-04,0.10149099677801132,0.10343799740076065,0.09949199855327606,0.10166899859905243,1487349617,TRX-USD,CRYPTO,yfinance,1d
2021-09-05,0.10151299834251404,0.10518400371074677,0.10119099915027618,0.10514699667692184,1471892049,TRX-USD,CRYPTO,yfinance,1d
2021-09-06,0.10521399974822998,0.10725100338459015,0.10137200355529785,0.10371199995279312,1516943299,TRX-USD,CRYPTO,yfinance,1d
2021-09-07,0.1037449985742569,0.10582400113344193,0.0780550017952919,0.08527500182390213,2481055300,TRX-USD,CRYPTO,yfinance,1d
2021-09-08,0.08532900363206863,0.09663300216197968,0.0836779996752739,0.09279700368642807,3850532893,TRX-USD,CRYPTO,yfinance,1d
2021-09-09,0.09104999899864197,0.09447900205850601,0.09041299670934677,0.09302400052547455,1691771918,TRX-USD,CRYPTO,yfinance,1d
2021-09-10,0.09303300082683563,0.09577400237321854,0.08662399649620056,0.09087300300598145,1973955943,TRX-USD,CRYPTO,yfinance,1d
2021-09-11,0.09082899987697601,0.09701000154018402,0.09057900309562683,0.09539999812841415,2021046580,TRX-USD,CRYPTO,yfinance,1d
2021-09-12,0.09555699676275253,0.1178319975733757,0.09402699768543243,0.1126680001616478,4555490083,TRX-USD,CRYPTO,yfinance,1d
2021-09-13,0.11247900128364563,0.11670699715614319,0.09965299814939499,0.1047929972410202,3258032453,TRX-USD,CRYPTO,yfinance,1d
2021-09-14,0.10472799837589264,0.12019599974155426,0.10424800217151642,0.11826799809932709,3737125575,TRX-USD,CRYPTO,yfinance,1d
2021-09-15,0.1182899996638298,0.12268699705600739,0.1136069968342781,0.12091799825429916,2536911743,TRX-USD,CRYPTO,yfinance,1d
2021-09-16,0.12071900069713593,0.1220410019159317,0.11237099766731262,0.11608800292015076,2135501641,TRX-USD,CRYPTO,yfinance,1d
2021-09-17,0.11602699756622314,0.12047400325536728,0.10366299748420715,0.10516399890184402,2589661092,TRX-USD,CRYPTO,yfinance,1d
2021-09-18,0.10522100329399109,0.10914099961519241,0.10358700156211853,0.10593400150537491,1423069244,TRX-USD,CRYPTO,yfinance,1d
2021-09-19,0.105833999812603,0.10731399804353714,0.10256800055503845,0.10374400019645691,1197742964,TRX-USD,CRYPTO,yfinance,1d
2021-09-20,0.10373900085687637,0.10377799719572067,0.0899759978055954,0.09094399958848953,2287314375,TRX-USD,CRYPTO,yfinance,1d
2021-09-21,0.09142699837684631,0.09563300013542175,0.08726099878549576,0.08823800086975098,1968682256,TRX-USD,CRYPTO,yfinance,1d
2021-09-22,0.08814699947834015,0.0988370031118393,0.08672799915075302,0.09877199679613113,1543235375,TRX-USD,CRYPTO,yfinance,1d
2021-09-23,0.09878399968147278,0.10057999938726425,0.09628099948167801,0.09920600056648254,1221757467,TRX-USD,CRYPTO,yfinance,1d
2021-09-24,0.09925500303506851,0.09944099932909012,0.08638100326061249,0.09233000129461288,1725865390,TRX-USD,CRYPTO,yfinance,1d
2021-09-25,0.09235399961471558,0.09374099969863892,0.08953899890184402,0.0906819999217987,1339568978,TRX-USD,CRYPTO,yfinance,1d
2021-09-26,0.09072499722242355,0.09087199717760086,0.08358299732208252,0.0877159982919693,1583621546,TRX-USD,CRYPTO,yfinance,1d
2021-09-27,0.08782800287008286,0.09059599786996841,0.08602000027894974,0.08608099818229675,1359027319,TRX-USD,CRYPTO,yfinance,1d
2021-09-28,0.08605100214481354,0.08724900335073471,0.08306500315666199,0.08314500004053116,1284143801,TRX-USD,CRYPTO,yfinance,1d
2021-09-29,0.08314500004053116,0.08793699741363525,0.08267000317573547,0.08594600111246109,1177606321,TRX-USD,CRYPTO,yfinance,1d
2021-09-30,0.08586099743843079,0.08962199836969376,0.08555900305509567,0.08942600339651108,1021905677,TRX-USD,CRYPTO,yfinance,1d
2021-10-01,0.08946900069713593,0.09473200142383575,0.08864499628543854,0.09473200142383575,1244241400,TRX-USD,CRYPTO,yfinance,1d
2021-10-02,0.09480399638414383,0.09590300172567368,0.09247499704360962,0.09362699836492538,1035214700,TRX-USD,CRYPTO,yfinance,1d
2021-10-03,0.09354300051927567,0.09661799669265747,0.09275200217962265,0.09498099982738495,1058942942,TRX-USD,CRYPTO,yfinance,1d
2021-10-04,0.09501300007104874,0.09516099840402603,0.0902630016207695,0.09350699931383133,1221597030,TRX-USD,CRYPTO,yfinance,1d
2021-10-05,0.09348899871110916,0.09846799820661545,0.09299399703741074,0.09618300199508667,1803369231,TRX-USD,CRYPTO,yfinance,1d
2021-10-06,0.096220001578331,0.09697099775075912,0.09127599745988846,0.0955210030078888,1713306308,TRX-USD,CRYPTO,yfinance,1d
2021-10-07,0.09550099819898605,0.09828700125217438,0.093469999730587,0.09551399946212769,1627469794,TRX-USD,CRYPTO,yfinance,1d
2021-10-08,0.09546999633312225,0.09936700016260147,0.0953259989619255,0.09766999632120132,1430548633,TRX-USD,CRYPTO,yfinance,1d
2021-10-09,0.09768199920654297,0.10541599988937378,0.0972450003027916,0.10287000238895416,1790421869,TRX-USD,CRYPTO,yfinance,1d
2021-10-10,0.10301399976015091,0.10302399843931198,0.09737099707126617,0.09774799644947052,1221386238,TRX-USD,CRYPTO,yfinance,1d
2021-10-11,0.09765300154685974,0.10092999786138535,0.0953269973397255,0.09716200083494186,1100623957,TRX-USD,CRYPTO,yfinance,1d
2021-10-12,0.0972210019826889,0.0972210019826889,0.09160999953746796,0.09550900012254715,1280870343,TRX-USD,CRYPTO,yfinance,1d
2021-10-13,0.095489002764225,0.09801500290632248,0.0935169979929924,0.09799300134181976,1241862431,TRX-USD,CRYPTO,yfinance,1d
2021-10-14,0.09790399670600891,0.09949900209903717,0.09652700275182724,0.0971589982509613,1165003317,TRX-USD,CRYPTO,yfinance,1d
2021-10-15,0.09729400277137756,0.10274600237607956,0.0953259989619255,0.09850399941205978,1591245618,TRX-USD,CRYPTO,yfinance,1d
2021-10-16,0.09857799857854843,0.10094399750232697,0.09823600202798843,0.09869000315666199,1082612429,TRX-USD,CRYPTO,yfinance,1d
2021-10-17,0.09863299876451492,0.10205899924039841,0.09654700011014938,0.09869000315666199,1170758481,TRX-USD,CRYPTO,yfinance,1d
2021-10-18,0.0987439975142479,0.09935200214385986,0.09706500172615051,0.09814000129699707,1157169880,TRX-USD,CRYPTO,yfinance,1d
2021-10-19,0.09814000129699707,0.10092899948358536,0.09786099940538406,0.10060899704694748,1326434459,TRX-USD,CRYPTO,yfinance,1d
2021-10-20,0.10058999806642532,0.10601899772882462,0.10016100108623505,0.10306400060653687,1749882996,TRX-USD,CRYPTO,yfinance,1d
2021-10-21,0.10321100056171417,0.1058650016784668,0.09952200204133987,0.09952200204133987,1598864313,TRX-USD,CRYPTO,yfinance,1d
2021-10-22,0.09962499886751175,0.10201500356197357,0.09868799895048141,0.09982600063085556,1398644864,TRX-USD,CRYPTO,yfinance,1d
2021-10-23,0.09981700032949448,0.10123500227928162,0.09889999777078629,0.10074000060558319,1247898652,TRX-USD,CRYPTO,yfinance,1d
2021-10-24,0.1007549986243248,0.1015079990029335,0.09735199809074402,0.09923399984836578,1212237562,TRX-USD,CRYPTO,yfinance,1d
2021-10-25,0.0991630032658577,0.10146500170230865,0.09876400232315063,0.1007080003619194,1715400596,TRX-USD,CRYPTO,yfinance,1d
2021-10-26,0.10068199783563614,0.1055930033326149,0.10037799924612045,0.10118900239467621,2887926661,TRX-USD,CRYPTO,yfinance,1d
2021-10-27,0.10115200281143188,0.10267899930477142,0.08911299705505371,0.0907059982419014,2319437826,TRX-USD,CRYPTO,yfinance,1d
2021-10-28,0.09066600352525711,0.0962349995970726,0.09066600352525711,0.09536900371313095,2730738901,TRX-USD,CRYPTO,yfinance,1d
2021-10-29,0.09537400305271149,0.09944699704647064,0.09475299715995789,0.09943900257349014,2503779170,TRX-USD,CRYPTO,yfinance,1d
2021-10-30,0.0994499996304512,0.10453800112009048,0.09789899736642838,0.10112699866294861,2853009501,TRX-USD,CRYPTO,yfinance,1d
2021-10-31,0.10119300335645676,0.10236500203609467,0.09770900011062622,0.10152699798345566,2663826401,TRX-USD,CRYPTO,yfinance,1d
2021-11-01,0.10154200345277786,0.10200700163841248,0.0981770008802414,0.10054799914360046,1724266847,TRX-USD,CRYPTO,yfinance,1d
2021-11-02,0.10056500136852264,0.11043299734592438,0.09989199787378311,0.1073950007557869,2695125439,TRX-USD,CRYPTO,yfinance,1d
2021-11-03,0.10741599649190903,0.10926199704408646,0.10238400101661682,0.10586299747228622,2736243802,TRX-USD,CRYPTO,yfinance,1d
2021-11-04,0.10591000318527222,0.10721000283956528,0.10183899849653244,0.10342700034379959,1970446437,TRX-USD,CRYPTO,yfinance,1d
2021-11-05,0.10341700166463852,0.10619000345468521,0.10233599692583084,0.10371900349855423,1693587971,TRX-USD,CRYPTO,yfinance,1d
2021-11-06,0.10363800078630447,0.10433100163936615,0.09966400265693665,0.10259400308132172,1701272409,TRX-USD,CRYPTO,yfinance,1d
2021-11-07,0.10265800356864929,0.10498099774122238,0.10221400111913681,0.10458499938249588,1778269192,TRX-USD,CRYPTO,yfinance,1d
2021-11-08,0.10463500022888184,0.11001300066709518,0.10463500022888184,0.10996299982070923,2551114894,TRX-USD,CRYPTO,yfinance,1d
2021-11-09,0.10998900234699249,0.11542899906635284,0.1086290031671524,0.11443299800157547,3034203511,TRX-USD,CRYPTO,yfinance,1d
2021-11-10,0.11439400166273117,0.11748900264501572,0.10332799702882767,0.10678800195455551,3282293457,TRX-USD,CRYPTO,yfinance,1d
2021-11-11,0.10678000003099442,0.11050000041723251,0.10509900003671646,0.1092509999871254,2482719187,TRX-USD,CRYPTO,yfinance,1d
2021-11-12,0.10903300344944,0.11069300025701523,0.10483700037002563,0.10787399858236313,2509218666,TRX-USD,CRYPTO,yfinance,1d
2021-11-13,0.10798300057649612,0.11389300227165222,0.1075029969215393,0.11263100057840347,2990220769,TRX-USD,CRYPTO,yfinance,1d
2021-11-14,0.11261399835348129,0.11735499650239944,0.11065500229597092,0.1169470027089119,2500811809,TRX-USD,CRYPTO,yfinance,1d
2021-11-15,0.1170710027217865,0.12907299399375916,0.11583299934864044,0.1236020028591156,3649274121,TRX-USD,CRYPTO,yfinance,1d
2021-11-16,0.12405599653720856,0.12405599653720856,0.10592500120401382,0.10949599742889404,3293527272,TRX-USD,CRYPTO,yfinance,1d
2021-11-17,0.10950399935245514,0.11367599666118622,0.108024001121521,0.11122199892997742,2346982289,TRX-USD,CRYPTO,yfinance,1d
2021-11-18,0.11121899634599686,0.11254800111055374,0.09976000338792801,0.10043500363826752,2368557261,TRX-USD,CRYPTO,yfinance,1d
2021-11-19,0.10036399960517883,0.10572099685668945,0.09818899631500244,0.10401199758052826,2635327807,TRX-USD,CRYPTO,yfinance,1d
2021-11-20,0.10400000214576721,0.10579600185155869,0.10173200070858002,0.10511299967765808,2327286906,TRX-USD,CRYPTO,yfinance,1d
2021-11-21,0.10525999963283539,0.1097240000963211,0.10451599955558777,0.10687699913978577,2241989309,TRX-USD,CRYPTO,yfinance,1d
2021-11-22,0.10668099671602249,0.10713200271129608,0.10124500095844269,0.10181699693202972,2354774655,TRX-USD,CRYPTO,yfinance,1d
2021-11-23,0.1018960028886795,0.10351599752902985,0.10121099650859833,0.10282699763774872,2197249733,TRX-USD,CRYPTO,yfinance,1d
2021-11-24,0.10289199650287628,0.10386300086975098,0.09637299925088882,0.10069499909877777,2117457455,TRX-USD,CRYPTO,yfinance,1d
2021-11-25,0.0978889986872673,0.10125099867582321,0.09722699970006943,0.09845499694347382,1744005441,TRX-USD,CRYPTO,yfinance,1d
2021-11-26,0.10017800331115723,0.10132300108671188,0.09049800038337708,0.09192399680614471,2710143957,TRX-USD,CRYPTO,yfinance,1d
2021-11-27,0.09223800152540207,0.09543299674987793,0.0918940007686615,0.09344000369310379,1974830154,TRX-USD,CRYPTO,yfinance,1d
2021-11-28,0.09352400153875351,0.09526100009679794,0.08981099724769592,0.09510300308465958,2625603057,TRX-USD,CRYPTO,yfinance,1d
2021-11-29,0.09522499889135361,0.09724999964237213,0.09438099712133408,0.09666100144386292,2047489953,TRX-USD,CRYPTO,yfinance,1d
2021-11-30,0.09661299735307693,0.099932000041008,0.09514299780130386,0.09661000221967697,2394129999,TRX-USD,CRYPTO,yfinance,1d
2021-12-01,0.09649299830198288,0.10062699764966965,0.09584300220012665,0.09690000116825104,1783980402,TRX-USD,CRYPTO,yfinance,1d
2021-12-02,0.09691700339317322,0.09833300113677979,0.09519200026988983,0.0974150002002716,2248113731,TRX-USD,CRYPTO,yfinance,1d
2021-12-03,0.0975399985909462,0.10189999639987946,0.09363900125026703,0.09389399737119675,2566234254,TRX-USD,CRYPTO,yfinance,1d
2021-12-04,0.09406299889087677,0.09406299889087677,0.07391899824142456,0.08689700067043304,2809805061,TRX-USD,CRYPTO,yfinance,1d
2021-12-05,0.08692599833011627,0.08793599903583527,0.08232299983501434,0.08432800322771072,1832487822,TRX-USD,CRYPTO,yfinance,1d
2021-12-06,0.08436600118875504,0.0875990018248558,0.0790800005197525,0.08738499879837036,2399893667,TRX-USD,CRYPTO,yfinance,1d
2021-12-07,0.08760099858045578,0.09273599833250046,0.0869000032544136,0.09020499885082245,1742062753,TRX-USD,CRYPTO,yfinance,1d
2021-12-08,0.09007800370454788,0.09388799965381622,0.08990500122308731,0.09245699644088745,1627161249,TRX-USD,CRYPTO,yfinance,1d
2021-12-09,0.092289999127388,0.09335199743509293,0.08865699917078018,0.08878099918365479,1298412035,TRX-USD,CRYPTO,yfinance,1d
2021-12-10,0.08878500014543533,0.09300500154495239,0.08768299967050552,0.08794400095939636,1120007632,TRX-USD,CRYPTO,yfinance,1d
2021-12-11,0.08796200156211853,0.09192000329494476,0.08681599795818329,0.0916140004992485,1013565432,TRX-USD,CRYPTO,yfinance,1d
2021-12-12,0.09157399833202362,0.09240800142288208,0.08989399671554565,0.09113600105047226,845372145,TRX-USD,CRYPTO,yfinance,1d
2021-12-13,0.09115099906921387,0.09169100224971771,0.08428899943828583,0.08500900119543076,1140985647,TRX-USD,CRYPTO,yfinance,1d
2021-12-14,0.0850059986114502,0.08734499663114548,0.0840039998292923,0.08558899909257889,1563260445,TRX-USD,CRYPTO,yfinance,1d
2021-12-15,0.08716099709272385,0.0887560024857521,0.08315499871969223,0.08758799731731415,1603110499,TRX-USD,CRYPTO,yfinance,1d
2021-12-16,0.08760999888181686,0.08806999772787094,0.08522699773311615,0.08542700111865997,1466076994,TRX-USD,CRYPTO,yfinance,1d
2021-12-17,0.08538900315761566,0.0859370008111,0.0786449983716011,0.07969100028276443,2402612047,TRX-USD,CRYPTO,yfinance,1d
2021-12-18,0.07967600226402283,0.08232299983501434,0.0787850022315979,0.08043500036001205,1171642825,TRX-USD,CRYPTO,yfinance,1d
2021-12-19,0.08047100156545639,0.08175600320100784,0.07948599755764008,0.07952599972486496,775625741,TRX-USD,CRYPTO,yfinance,1d
2021-12-20,0.07947699725627899,0.08013500273227692,0.07489100098609924,0.07751400023698807,1457312918,TRX-USD,CRYPTO,yfinance,1d
2021-12-21,0.07751400023698807,0.07936300337314606,0.07703100144863129,0.07889500260353088,1151321730,TRX-USD,CRYPTO,yfinance,1d
2021-12-22,0.07894600182771683,0.08037000149488449,0.07848600298166275,0.07912000268697739,1049649725,TRX-USD,CRYPTO,yfinance,1d
2021-12-23,0.07916700094938278,0.082737997174263,0.0781169980764389,0.08264199644327164,1114421110,TRX-USD,CRYPTO,yfinance,1d
2021-12-24,0.08276499807834625,0.08322499692440033,0.08042600005865097,0.08092000335454941,1037349824,TRX-USD,CRYPTO,yfinance,1d
2021-12-25,0.08093100041151047,0.08227299898862839,0.08022599667310715,0.08149799704551697,1251308755,TRX-USD,CRYPTO,yfinance,1d
2021-12-26,0.08149600028991699,0.08194500207901001,0.07984499633312225,0.08157599717378616,1023229636,TRX-USD,CRYPTO,yfinance,1d
2021-12-27,0.08156099915504456,0.0827300027012825,0.08094999939203262,0.08100199699401855,1004525114,TRX-USD,CRYPTO,yfinance,1d
2021-12-28,0.08113200217485428,0.08114500343799591,0.0770220011472702,0.07725899666547775,1416238066,TRX-USD,CRYPTO,yfinance,1d
2021-12-29,0.0772479996085167,0.08003100007772446,0.07624199986457825,0.07646600157022476,1316794811,TRX-USD,CRYPTO,yfinance,1d
2021-12-30,0.07652600109577179,0.07859800010919571,0.07575500011444092,0.07792399823665619,1152092093,TRX-USD,CRYPTO,yfinance,1d
2021-12-31,0.0779080018401146,0.07877899706363678,0.07385300099849701,0.07539699971675873,1295328486,TRX-USD,CRYPTO,yfinance,1d
2022-01-01,0.0753989964723587,0.07679200172424316,0.0753680020570755,0.07660999894142151,1207176771,TRX-USD,CRYPTO,yfinance,1d
2022-01-02,0.07660999894142151,0.07829599827528,0.07626300305128098,0.07778199762105942,1361260678,TRX-USD,CRYPTO,yfinance,1d
2022-01-03,0.07777799665927887,0.07804899662733078,0.07647600024938583,0.07708100229501724,1342568593,TRX-USD,CRYPTO,yfinance,1d
2022-01-04,0.07708100229501724,0.07800599932670593,0.07607600092887878,0.07620000094175339,1287549032,TRX-USD,CRYPTO,yfinance,1d
2022-01-05,0.07620400190353394,0.07733699679374695,0.06998000293970108,0.07138200104236603,1548312023,TRX-USD,CRYPTO,yfinance,1d
2022-01-06,0.07137300074100494,0.07149499654769897,0.06967300176620483,0.0711119994521141,1852557542,TRX-USD,CRYPTO,yfinance,1d
2022-01-07,0.07110600173473358,0.07118000090122223,0.06712599843740463,0.06812600046396255,1606695992,TRX-USD,CRYPTO,yfinance,1d
2022-01-08,0.06814800202846527,0.06913100183010101,0.06432799994945526,0.06572200357913971,1054607408,TRX-USD,CRYPTO,yfinance,1d
2022-01-09,0.06572700291872025,0.06733600050210953,0.06524500250816345,0.0662669986486435,888640481,TRX-USD,CRYPTO,yfinance,1d
2022-01-10,0.0662669986486435,0.06688100099563599,0.06165299937129021,0.06356500089168549,1210963183,TRX-USD,CRYPTO,yfinance,1d
2022-01-11,0.06355100125074387,0.0655990019440651,0.06314700096845627,0.06493400037288666,993256206,TRX-USD,CRYPTO,yfinance,1d
2022-01-12,0.06493599712848663,0.0682850033044815,0.06493599712848663,0.06806299835443497,793399590,TRX-USD,CRYPTO,yfinance,1d
2022-01-13,0.06806600093841553,0.06847500056028366,0.06626000255346298,0.06627299636602402,1064293958,TRX-USD,CRYPTO,yfinance,1d
2022-01-14,0.06627199798822403,0.0683170035481453,0.06606800109148026,0.06766600161790848,1245430751,TRX-USD,CRYPTO,yfinance,1d
2022-01-15,0.06767000257968903,0.0692640021443367,0.06725099682807922,0.06854400038719177,745432667,TRX-USD,CRYPTO,yfinance,1d
2022-01-16,0.06853699684143066,0.07022999972105026,0.06833600252866745,0.06987299770116806,795161568,TRX-USD,CRYPTO,yfinance,1d
2022-01-17,0.06988099962472916,0.07222399860620499,0.06914500147104263,0.07079199701547623,1187460204,TRX-USD,CRYPTO,yfinance,1d
2022-01-18,0.07080099731683731,0.07125899940729141,0.06771399825811386,0.06848499923944473,1136342399,TRX-USD,CRYPTO,yfinance,1d
2022-01-19,0.0684949979186058,0.06957200169563293,0.06653899699449539,0.06928099691867828,1076902669,TRX-USD,CRYPTO,yfinance,1d
2022-01-20,0.06926099956035614,0.07194600254297256,0.0677260011434555,0.06773799657821655,771683932,TRX-USD,CRYPTO,yfinance,1d
2022-01-21,0.06775599718093872,0.0686350017786026,0.06001700088381767,0.0609080009162426,1380540047,TRX-USD,CRYPTO,yfinance,1d
2022-01-22,0.06094500049948692,0.0619020015001297,0.053275998681783676,0.056685999035835266,1742549671,TRX-USD,CRYPTO,yfinance,1d
2022-01-23,0.05670600011944771,0.05846099928021431,0.05571800097823143,0.05757300183176994,1128920315,TRX-USD,CRYPTO,yfinance,1d
2022-01-24,0.05757899954915047,0.057597000151872635,0.051371000707149506,0.05504300072789192,1622227424,TRX-USD,CRYPTO,yfinance,1d
2022-01-25,0.05504700168967247,0.056035999208688736,0.054448001086711884,0.05587499961256981,1109217822,TRX-USD,CRYPTO,yfinance,1d
2022-01-26,0.055867999792099,0.058692000806331635,0.05552100017666817,0.05626700073480606,1020554347,TRX-USD,CRYPTO,yfinance,1d
2022-01-27,0.05625300109386444,0.05711499974131584,0.05464399978518486,0.05640299990773201,740762468,TRX-USD,CRYPTO,yfinance,1d
2022-01-28,0.056403998285532,0.05764300003647804,0.055945999920368195,0.05759299919009209,608753944,TRX-USD,CRYPTO,yfinance,1d
2022-01-29,0.0575920008122921,0.06027499958872795,0.05719799920916557,0.06026799976825714,693230761,TRX-USD,CRYPTO,yfinance,1d
2022-01-30,0.06028600037097931,0.06046999990940094,0.05837700143456459,0.058733999729156494,539574622,TRX-USD,CRYPTO,yfinance,1d
2022-01-31,0.05873500183224678,0.0593079999089241,0.05683400109410286,0.059140998870134354,779591396,TRX-USD,CRYPTO,yfinance,1d
2022-02-01,0.059137001633644104,0.06019299849867821,0.05895499885082245,0.059866998344659805,735081397,TRX-USD,CRYPTO,yfinance,1d
2022-02-02,0.05986599996685982,0.061494000256061554,0.05860000103712082,0.05864600092172623,740774665,TRX-USD,CRYPTO,yfinance,1d
2022-02-03,0.05862699821591377,0.05965900048613548,0.058455999940633774,0.05965900048613548,849458813,TRX-USD,CRYPTO,yfinance,1d
2022-02-04,0.059654999524354935,0.06442400068044662,0.059654999524354935,0.06440900266170502,955304604,TRX-USD,CRYPTO,yfinance,1d
2022-02-05,0.06441099941730499,0.06607700139284134,0.06360799819231033,0.06475900113582611,866798264,TRX-USD,CRYPTO,yfinance,1d
2022-02-06,0.06475900113582611,0.06625600159168243,0.06457900255918503,0.06620600074529648,670345285,TRX-USD,CRYPTO,yfinance,1d
2022-02-07,0.06620500236749649,0.06922200322151184,0.06533099710941315,0.06856200098991394,904658907,TRX-USD,CRYPTO,yfinance,1d
2022-02-08,0.06857699900865555,0.07011699676513672,0.06687899678945541,0.06814900040626526,1032224697,TRX-USD,CRYPTO,yfinance,1d
2022-02-09,0.06813199818134308,0.07005800306797028,0.06753099709749222,0.06982000172138214,1096017424,TRX-USD,CRYPTO,yfinance,1d
2022-02-10,0.06982400268316269,0.07155799865722656,0.06864199787378311,0.06865999847650528,1231341478,TRX-USD,CRYPTO,yfinance,1d
2022-02-11,0.06865900009870529,0.06865900009870529,0.06352899968624115,0.06404799968004227,1361740340,TRX-USD,CRYPTO,yfinance,1d
2022-02-12,0.06404600292444229,0.06506700068712234,0.062483999878168106,0.06348799914121628,1088288712,TRX-USD,CRYPTO,yfinance,1d
2022-02-13,0.06347600370645523,0.06496600061655045,0.0633310005068779,0.06446400284767151,971646317,TRX-USD,CRYPTO,yfinance,1d
2022-02-14,0.06443099677562714,0.06538199633359909,0.06343500316143036,0.06454899907112122,858657148,TRX-USD,CRYPTO,yfinance,1d
2022-02-15,0.06454399973154068,0.06694500148296356,0.0644489973783493,0.06684699654579163,925056523,TRX-USD,CRYPTO,yfinance,1d
2022-02-16,0.06685300171375275,0.06689699739217758,0.06565500050783157,0.06647100299596786,895487514,TRX-USD,CRYPTO,yfinance,1d
2022-02-17,0.06644900143146515,0.06708899885416031,0.06230400130152702,0.06247999891638756,1053177299,TRX-USD,CRYPTO,yfinance,1d
2022-02-18,0.06250300258398056,0.06403099745512009,0.06233099848031998,0.06314700096845627,891046818,TRX-USD,CRYPTO,yfinance,1d
2022-02-19,0.06314700096845627,0.06435800343751907,0.06303399801254272,0.0635560005903244,753293121,TRX-USD,CRYPTO,yfinance,1d
2022-02-20,0.0635479986667633,0.06355199962854385,0.06118699908256531,0.06206599995493889,901307183,TRX-USD,CRYPTO,yfinance,1d
2022-02-21,0.06205800175666809,0.06363999843597412,0.05959700047969818,0.05962499976158142,1208227105,TRX-USD,CRYPTO,yfinance,1d
2022-02-22,0.05962299928069115,0.06271199882030487,0.059383001178503036,0.06266400218009949,1008773090,TRX-USD,CRYPTO,yfinance,1d
2022-02-23,0.06266000121831894,0.0637969970703125,0.06096599996089935,0.06096599996089935,987073097,TRX-USD,CRYPTO,yfinance,1d
2022-02-24,0.06095600128173828,0.06134700030088425,0.056453000754117966,0.061121001839637756,1307665649,TRX-USD,CRYPTO,yfinance,1d
2022-02-25,0.06112699955701828,0.06273400038480759,0.0558990016579628,0.05949600040912628,1432622630,TRX-USD,CRYPTO,yfinance,1d
2022-02-26,0.059502001851797104,0.061480000615119934,0.058917999267578125,0.059530001133680344,946242863,TRX-USD,CRYPTO,yfinance,1d
2022-02-27,0.059532999992370605,0.06072799861431122,0.05758899822831154,0.05805300176143646,1374458612,TRX-USD,CRYPTO,yfinance,1d
2022-02-28,0.058038000017404556,0.06195300072431564,0.05761399865150452,0.06174900010228157,971123894,TRX-USD,CRYPTO,yfinance,1d
2022-03-01,0.06175199896097183,0.06278900057077408,0.06118600070476532,0.06212500110268593,803573245,TRX-USD,CRYPTO,yfinance,1d
2022-03-02,0.06212899833917618,0.06284099817276001,0.06102399900555611,0.061510998755693436,724474999,TRX-USD,CRYPTO,yfinance,1d
2022-03-03,0.06151000037789345,0.06161599978804588,0.05931000038981438,0.059964001178741455,641921174,TRX-USD,CRYPTO,yfinance,1d
2022-03-04,0.059974998235702515,0.060107000172138214,0.05761700123548508,0.058191001415252686,777565049,TRX-USD,CRYPTO,yfinance,1d
2022-03-05,0.058205001056194305,0.06084899976849556,0.05782100185751915,0.06042800098657608,657435476,TRX-USD,CRYPTO,yfinance,1d
2022-03-06,0.06043500080704689,0.060830000787973404,0.05888700112700462,0.0589199997484684,758260527,TRX-USD,CRYPTO,yfinance,1d
2022-03-07,0.05891700088977814,0.06058799847960472,0.0580499991774559,0.05868000164628029,893261081,TRX-USD,CRYPTO,yfinance,1d
2022-03-08,0.058678001165390015,0.0610090009868145,0.058566998690366745,0.06054399907588959,1091513262,TRX-USD,CRYPTO,yfinance,1d
2022-03-09,0.060552000999450684,0.06255599856376648,0.060451000928878784,0.06084100157022476,1111369248,TRX-USD,CRYPTO,yfinance,1d
2022-03-10,0.060839999467134476,0.060839999467134476,0.05794399976730347,0.05986899882555008,1114796677,TRX-USD,CRYPTO,yfinance,1d
2022-03-11,0.05987099930644035,0.060825999826192856,0.059064000844955444,0.06026700139045715,958304319,TRX-USD,CRYPTO,yfinance,1d
2022-03-12,0.06026899814605713,0.06067600101232529,0.0596500001847744,0.05967500060796738,662171997,TRX-USD,CRYPTO,yfinance,1d
2022-03-13,0.05966800078749657,0.06023399904370308,0.059032000601291656,0.059363000094890594,680268525,TRX-USD,CRYPTO,yfinance,1d
2022-03-14,0.05935699865221977,0.060398001223802567,0.05903499945998192,0.06014300137758255,824441089,TRX-USD,CRYPTO,yfinance,1d
2022-03-15,0.060141999274492264,0.060669999569654465,0.05965099856257439,0.06050100177526474,744609517,TRX-USD,CRYPTO,yfinance,1d
2022-03-16,0.06049799919128418,0.06147100031375885,0.05961000174283981,0.061083998531103134,826564020,TRX-USD,CRYPTO,yfinance,1d
2022-03-17,0.06108599901199341,0.061097998172044754,0.06068500131368637,0.06079699844121933,522659354,TRX-USD,CRYPTO,yfinance,1d
2022-03-18,0.060791000723838806,0.061746999621391296,0.06014600023627281,0.06168900057673454,631362750,TRX-USD,CRYPTO,yfinance,1d
2022-03-19,0.06167899817228317,0.062139999121427536,0.06134499981999397,0.06190900132060051,696942473,TRX-USD,CRYPTO,yfinance,1d
2022-03-20,0.061896998435258865,0.06243300065398216,0.06092799827456474,0.061438001692295074,919041984,TRX-USD,CRYPTO,yfinance,1d
2022-03-21,0.06143999844789505,0.06181599944829941,0.06090899929404259,0.061781998723745346,926959844,TRX-USD,CRYPTO,yfinance,1d
2022-03-22,0.061774998903274536,0.06375399976968765,0.061670999974012375,0.0634080022573471,1002011711,TRX-USD,CRYPTO,yfinance,1d
2022-03-23,0.06341300159692764,0.06483899801969528,0.06328800320625305,0.06433600187301636,896960807,TRX-USD,CRYPTO,yfinance,1d
2022-03-24,0.06433500349521637,0.06579499691724777,0.06388600170612335,0.06557100266218185,953255096,TRX-USD,CRYPTO,yfinance,1d
2022-03-25,0.0655750036239624,0.06655199825763702,0.06407500058412552,0.06446599960327148,793393593,TRX-USD,CRYPTO,yfinance,1d
2022-03-26,0.06446799635887146,0.06616199761629105,0.06400100141763687,0.06616199761629105,977050307,TRX-USD,CRYPTO,yfinance,1d
2022-03-27,0.0661730021238327,0.0692640021443367,0.06601499766111374,0.06916999816894531,1325490972,TRX-USD,CRYPTO,yfinance,1d
2022-03-28,0.06915099918842316,0.07192099839448929,0.06864500045776367,0.06908100098371506,1246959758,TRX-USD,CRYPTO,yfinance,1d
2022-03-29,0.06904000043869019,0.07232700288295746,0.0685880035161972,0.06938199698925018,1007120138,TRX-USD,CRYPTO,yfinance,1d
2022-03-30,0.06938499957323074,0.07419399917125702,0.06779800355434418,0.07308699935674667,1790649644,TRX-USD,CRYPTO,yfinance,1d
2022-03-31,0.07311499863862991,0.0792979970574379,0.07311499863862991,0.07387600094079971,2057808251,TRX-USD,CRYPTO,yfinance,1d
2022-04-01,0.07390999794006348,0.075033999979496,0.07166100293397903,0.0748940035700798,1135129855,TRX-USD,CRYPTO,yfinance,1d
2022-04-02,0.07489900290966034,0.07635000348091125,0.07322199642658234,0.07325000315904617,1022431667,TRX-USD,CRYPTO,yfinance,1d
2022-04-03,0.07323700189590454,0.07364500313997269,0.07224400341510773,0.07315800338983536,949584135,TRX-USD,CRYPTO,yfinance,1d
2022-04-04,0.07314600050449371,0.07314600050449371,0.069132000207901,0.07081600278615952,1513711813,TRX-USD,CRYPTO,yfinance,1d
2022-04-05,0.0708099976181984,0.07170499861240387,0.06940100342035294,0.0694269984960556,1507602616,TRX-USD,CRYPTO,yfinance,1d
2022-04-06,0.06942199915647507,0.06942199915647507,0.06326299905776978,0.06328599900007248,1529128179,TRX-USD,CRYPTO,yfinance,1d
2022-04-07,0.06329099833965302,0.06476999819278717,0.06301099807024002,0.06442999839782715,971910242,TRX-USD,CRYPTO,yfinance,1d
2022-04-08,0.0644259974360466,0.06514099985361099,0.062245000153779984,0.06251899898052216,872570450,TRX-USD,CRYPTO,yfinance,1d
2022-04-09,0.0625229999423027,0.06397999823093414,0.062449000775814056,0.06396599858999252,1129762089,TRX-USD,CRYPTO,yfinance,1d
2022-04-10,0.06396599858999252,0.06418400257825851,0.06244400143623352,0.06253500282764435,1102729641,TRX-USD,CRYPTO,yfinance,1d
2022-04-11,0.0625159963965416,0.06255199760198593,0.05798500031232834,0.05822699889540672,1069383981,TRX-USD,CRYPTO,yfinance,1d
2022-04-12,0.05824299901723862,0.06037700176239014,0.05809599906206131,0.05995599925518036,1043273712,TRX-USD,CRYPTO,yfinance,1d
2022-04-13,0.059946998953819275,0.061514999717473984,0.059443000704050064,0.061514999717473984,1020106607,TRX-USD,CRYPTO,yfinance,1d
2022-04-14,0.061503998935222626,0.061875998973846436,0.059581998735666275,0.06013200059533119,1055022478,TRX-USD,CRYPTO,yfinance,1d
2022-04-15,0.060134001076221466,0.06216700002551079,0.06001900136470795,0.06188900023698807,1031895769,TRX-USD,CRYPTO,yfinance,1d
2022-04-16,0.06189199909567833,0.06220199912786484,0.061110999435186386,0.06196000054478645,875267945,TRX-USD,CRYPTO,yfinance,1d
2022-04-17,0.06195500120520592,0.06285099685192108,0.06015799939632416,0.060238998383283615,1112760166,TRX-USD,CRYPTO,yfinance,1d
2022-04-18,0.060242000967264175,0.06162500008940697,0.059098001569509506,0.06156099960207939,1069156318,TRX-USD,CRYPTO,yfinance,1d
2022-04-19,0.06156099960207939,0.06356299668550491,0.06121800094842911,0.06336800009012222,968416694,TRX-USD,CRYPTO,yfinance,1d
2022-04-20,0.06334099918603897,0.06338799744844437,0.06193400174379349,0.06264200061559677,982946556,TRX-USD,CRYPTO,yfinance,1d
2022-04-21,0.06263899803161621,0.07411900162696838,0.06255500018596649,0.07145699858665466,3205960176,TRX-USD,CRYPTO,yfinance,1d
2022-04-22,0.0714000016450882,0.07205100357532501,0.06668200343847275,0.06678999960422516,1803457516,TRX-USD,CRYPTO,yfinance,1d
2022-04-23,0.06678300350904465,0.06911800056695938,0.06669999659061432,0.06765200197696686,859038929,TRX-USD,CRYPTO,yfinance,1d
2022-04-24,0.06765399873256683,0.06785900145769119,0.06492900103330612,0.06569699943065643,731832317,TRX-USD,CRYPTO,yfinance,1d
2022-04-25,0.06570199877023697,0.06573499739170074,0.06192300096154213,0.06533099710941315,822895494,TRX-USD,CRYPTO,yfinance,1d
2022-04-26,0.06532300263643265,0.06554699689149857,0.06176400184631348,0.06191999837756157,759564577,TRX-USD,CRYPTO,yfinance,1d
2022-04-27,0.06192599982023239,0.06363199651241302,0.061852000653743744,0.06322100013494492,769914329,TRX-USD,CRYPTO,yfinance,1d
2022-04-28,0.06321500241756439,0.06404999643564224,0.06258600205183029,0.06375200301408768,750546636,TRX-USD,CRYPTO,yfinance,1d
2022-04-29,0.06374400109052658,0.06966499984264374,0.06298500299453735,0.06353399902582169,1446734275,TRX-USD,CRYPTO,yfinance,1d
2022-04-30,0.06353799998760223,0.06516499817371368,0.06211699917912483,0.06276699900627136,1060740399,TRX-USD,CRYPTO,yfinance,1d
2022-05-01,0.06276500225067139,0.07149700075387955,0.061990998685359955,0.07090599834918976,1781670101,TRX-USD,CRYPTO,yfinance,1d
2022-05-02,0.0709030032157898,0.07339300215244293,0.06487199664115906,0.06878899782896042,1653747358,TRX-USD,CRYPTO,yfinance,1d
2022-05-03,0.06879399716854095,0.07485999912023544,0.06848800182342529,0.07233600318431854,1731810530,TRX-USD,CRYPTO,yfinance,1d
2022-05-04,0.07235100120306015,0.08625199645757675,0.07022599875926971,0.08624900132417679,2980152527,TRX-USD,CRYPTO,yfinance,1d
2022-05-05,0.08625400066375732,0.08911900222301483,0.07199499756097794,0.07458499819040298,2820369694,TRX-USD,CRYPTO,yfinance,1d
2022-05-06,0.07457999885082245,0.08778899908065796,0.0731699988245964,0.08617500215768814,3585606184,TRX-USD,CRYPTO,yfinance,1d
2022-05-07,0.08624300360679626,0.08788199722766876,0.08048900216817856,0.08326499909162521,3071282411,TRX-USD,CRYPTO,yfinance,1d
2022-05-08,0.08329500257968903,0.0908690020442009,0.08068499714136124,0.08752699941396713,2832185588,TRX-USD,CRYPTO,yfinance,1d
2022-05-09,0.08754999935626984,0.08782099932432175,0.07267200201749802,0.07326299697160721,2918306329,TRX-USD,CRYPTO,yfinance,1d
2022-05-10,0.07324700057506561,0.082055002450943,0.07203099876642227,0.07699800282716751,2462951535,TRX-USD,CRYPTO,yfinance,1d
2022-05-11,0.07697200030088425,0.08181499689817429,0.06363099813461304,0.07447300106287003,4142562948,TRX-USD,CRYPTO,yfinance,1d
2022-05-12,0.07447399944067001,0.07890400290489197,0.06612399965524673,0.06740300357341766,2368941622,TRX-USD,CRYPTO,yfinance,1d
2022-05-13,0.06737799942493439,0.07629299908876419,0.06675399839878082,0.07420700043439865,1476857085,TRX-USD,CRYPTO,yfinance,1d
2022-05-14,0.0742110013961792,0.07593200355768204,0.071042999625206,0.07250099629163742,1027296113,TRX-USD,CRYPTO,yfinance,1d
2022-05-15,0.07249099761247635,0.07249099761247635,0.06809499859809875,0.07235799729824066,870741567,TRX-USD,CRYPTO,yfinance,1d
2022-05-16,0.07236099988222122,0.07236699759960175,0.0675169974565506,0.06908799707889557,855280675,TRX-USD,CRYPTO,yfinance,1d
2022-05-17,0.06910700350999832,0.07359399646520615,0.06903699785470963,0.0722929984331131,952468477,TRX-USD,CRYPTO,yfinance,1d
2022-05-18,0.07227800041437149,0.07273200154304504,0.06955300271511078,0.07097399979829788,882600967,TRX-USD,CRYPTO,yfinance,1d
2022-05-19,0.07097800076007843,0.07455100119113922,0.0702420026063919,0.07360800355672836,1024380447,TRX-USD,CRYPTO,yfinance,1d
2022-05-20,0.07361000031232834,0.0749099999666214,0.07028400152921677,0.07135099917650223,1027930564,TRX-USD,CRYPTO,yfinance,1d
2022-05-21,0.07135400176048279,0.07543399930000305,0.0706079974770546,0.07406999915838242,762864621,TRX-USD,CRYPTO,yfinance,1d
2022-05-22,0.0740709975361824,0.0783969983458519,0.07368700206279755,0.07813099771738052,893396754,TRX-USD,CRYPTO,yfinance,1d
2022-05-23,0.07812800258398056,0.08227899670600891,0.07596900314092636,0.07628200203180313,1295306336,TRX-USD,CRYPTO,yfinance,1d
2022-05-24,0.07627999782562256,0.0826520025730133,0.07615599781274796,0.08060699701309204,1477540632,TRX-USD,CRYPTO,yfinance,1d
2022-05-25,0.08059599995613098,0.08596300333738327,0.08023799955844879,0.08462999761104584,1379210475,TRX-USD,CRYPTO,yfinance,1d
2022-05-26,0.08466500043869019,0.08624500036239624,0.07968100160360336,0.08236999809741974,1876632595,TRX-USD,CRYPTO,yfinance,1d
2022-05-27,0.08233600109815598,0.08343300223350525,0.07870999723672867,0.08062200248241425,1464024903,TRX-USD,CRYPTO,yfinance,1d
2022-05-28,0.08022300153970718,0.08244399726390839,0.07917799800634384,0.0812549963593483,895921518,TRX-USD,CRYPTO,yfinance,1d
2022-05-29,0.0812549963593483,0.08216000348329544,0.0788709968328476,0.08050700277090073,744344490,TRX-USD,CRYPTO,yfinance,1d
2022-05-30,0.08050499856472015,0.08423800021409988,0.08030799776315689,0.08325900137424469,930393865,TRX-USD,CRYPTO,yfinance,1d
2022-05-31,0.0832500010728836,0.08419100195169449,0.07965199649333954,0.08419100195169449,983838110,TRX-USD,CRYPTO,yfinance,1d
2022-06-01,0.08417200297117233,0.090939000248909,0.08218000084161758,0.08347400277853012,1758857734,TRX-USD,CRYPTO,yfinance,1d
2022-06-02,0.08347100019454956,0.08535099774599075,0.08140300214290619,0.08421900123357773,1015848750,TRX-USD,CRYPTO,yfinance,1d
2022-06-03,0.08423099666833878,0.08606000244617462,0.08067300170660019,0.08114399760961533,806751464,TRX-USD,CRYPTO,yfinance,1d
2022-06-04,0.0811539962887764,0.081324003636837,0.07721500098705292,0.08036699891090393,871853678,TRX-USD,CRYPTO,yfinance,1d
2022-06-05,0.08037000149488449,0.08242899924516678,0.07937300205230713,0.08142600208520889,598654849,TRX-USD,CRYPTO,yfinance,1d
2022-06-06,0.08143399655818939,0.08473899960517883,0.0812079980969429,0.0817049965262413,779535719,TRX-USD,CRYPTO,yfinance,1d
2022-06-07,0.08170200139284134,0.08300399780273438,0.07902699708938599,0.08201300352811813,908038206,TRX-USD,CRYPTO,yfinance,1d
2022-06-08,0.08200699836015701,0.08249399811029434,0.07974299788475037,0.08063700050115585,817566177,TRX-USD,CRYPTO,yfinance,1d
2022-06-09,0.0806410014629364,0.08173699676990509,0.08009699732065201,0.08097600191831589,699118760,TRX-USD,CRYPTO,yfinance,1d
2022-06-10,0.08097299933433533,0.08152200281620026,0.07892999798059464,0.07894399762153625,768679902,TRX-USD,CRYPTO,yfinance,1d
2022-06-11,0.07895399630069733,0.0802220031619072,0.07495500147342682,0.07594700157642365,781940113,TRX-USD,CRYPTO,yfinance,1d
2022-06-12,0.07598300278186798,0.0784590020775795,0.07437200099229813,0.07642299681901932,976987397,TRX-USD,CRYPTO,yfinance,1d
2022-06-13,0.07641000300645828,0.07650499790906906,0.061268001794815063,0.06379400193691254,2287620588,TRX-USD,CRYPTO,yfinance,1d
2022-06-14,0.06380400061607361,0.06456299871206284,0.05239899829030037,0.055785998702049255,1822789352,TRX-USD,CRYPTO,yfinance,1d
2022-06-15,0.05575399845838547,0.06352599710226059,0.04743900150060654,0.06293299794197083,2755308725,TRX-USD,CRYPTO,yfinance,1d
2022-06-16,0.06294000148773193,0.06529500335454941,0.05851199850440025,0.05908999964594841,1183929294,TRX-USD,CRYPTO,yfinance,1d
2022-06-17,0.059094998985528946,0.06272400170564651,0.05883599817752838,0.059873998165130615,762884513,TRX-USD,CRYPTO,yfinance,1d
2022-06-18,0.05987599864602089,0.06198899820446968,0.05723600089550018,0.06092299893498421,1028383584,TRX-USD,CRYPTO,yfinance,1d
2022-06-19,0.06090699881315231,0.0627330020070076,0.05879399925470352,0.06149499863386154,852991390,TRX-USD,CRYPTO,yfinance,1d
2022-06-20,0.061452001333236694,0.061861999332904816,0.05958599969744682,0.06115199998021126,646782356,TRX-USD,CRYPTO,yfinance,1d
2022-06-21,0.06114400178194046,0.06657800078392029,0.06099899858236313,0.06484600156545639,729139975,TRX-USD,CRYPTO,yfinance,1d
2022-06-22,0.06487499922513962,0.06561300158500671,0.06312000006437302,0.06312499940395355,556844383,TRX-USD,CRYPTO,yfinance,1d
2022-06-23,0.063120998442173,0.06446199864149094,0.06207000091671944,0.06374700367450714,470843937,TRX-USD,CRYPTO,yfinance,1d
2022-06-24,0.06374300271272659,0.06661400198936462,0.06363700330257416,0.06590099632740021,588393543,TRX-USD,CRYPTO,yfinance,1d
2022-06-25,0.06590600311756134,0.0661970004439354,0.0637580007314682,0.06491400301456451,450270261,TRX-USD,CRYPTO,yfinance,1d
2022-06-26,0.06490200012922287,0.06581799685955048,0.06414999812841415,0.06496399641036987,429015922,TRX-USD,CRYPTO,yfinance,1d
2022-06-27,0.06497199833393097,0.07005099952220917,0.06493400037288666,0.06707199662923813,783335544,TRX-USD,CRYPTO,yfinance,1d
2022-06-28,0.06706500053405762,0.068121999502182,0.06539099663496017,0.06603799760341644,711602626,TRX-USD,CRYPTO,yfinance,1d
2022-06-29,0.0660339966416359,0.06646899878978729,0.0641700029373169,0.0648299977183342,633531668,TRX-USD,CRYPTO,yfinance,1d
2022-06-30,0.06483300030231476,0.06580899655818939,0.0623369999229908,0.06475500017404556,772177738,TRX-USD,CRYPTO,yfinance,1d
2022-07-01,0.06479199975728989,0.06616000086069107,0.06421999633312225,0.06494399905204773,775984995,TRX-USD,CRYPTO,yfinance,1d
2022-07-02,0.06496799737215042,0.06537599861621857,0.06443899869918823,0.06476599723100662,448329134,TRX-USD,CRYPTO,yfinance,1d
2022-07-03,0.06476899981498718,0.06630700081586838,0.06256099790334702,0.06624600291252136,593842787,TRX-USD,CRYPTO,yfinance,1d
2022-07-04,0.06624200195074081,0.06754299998283386,0.06562300026416779,0.06723800301551819,587238127,TRX-USD,CRYPTO,yfinance,1d
2022-07-05,0.06724400073289871,0.06884299963712692,0.06665799766778946,0.06819400191307068,645612237,TRX-USD,CRYPTO,yfinance,1d
2022-07-06,0.06820300221443176,0.06844499707221985,0.06688500195741653,0.06758599728345871,549364122,TRX-USD,CRYPTO,yfinance,1d
2022-07-07,0.06758599728345871,0.06878100335597992,0.06633999943733215,0.06864400207996368,602740360,TRX-USD,CRYPTO,yfinance,1d
2022-07-08,0.06864199787378311,0.06965000182390213,0.06774500012397766,0.06902199983596802,642392688,TRX-USD,CRYPTO,yfinance,1d
2022-07-09,0.06902900338172913,0.07118699699640274,0.06902900338172913,0.06983300298452377,523762966,TRX-USD,CRYPTO,yfinance,1d
2022-07-10,0.06983499974012375,0.06993299722671509,0.06728500127792358,0.06764700263738632,536501465,TRX-USD,CRYPTO,yfinance,1d
2022-07-11,0.06762699782848358,0.06767400354146957,0.06458800286054611,0.06471800059080124,501527155,TRX-USD,CRYPTO,yfinance,1d
2022-07-12,0.06471700221300125,0.06568200141191483,0.0645349994301796,0.06464400142431259,522121126,TRX-USD,CRYPTO,yfinance,1d
2022-07-13,0.06464599817991257,0.06624399870634079,0.06377200037240982,0.0662430003285408,647000670,TRX-USD,CRYPTO,yfinance,1d
2022-07-14,0.06624399870634079,0.06739000231027603,0.06518000364303589,0.06688199937343597,550380240,TRX-USD,CRYPTO,yfinance,1d
2022-07-15,0.06687700003385544,0.06780499964952469,0.06659100204706192,0.06707099825143814,480306925,TRX-USD,CRYPTO,yfinance,1d
2022-07-16,0.06707199662923813,0.06923100352287292,0.06615000218153,0.06889700144529343,536372612,TRX-USD,CRYPTO,yfinance,1d
2022-07-17,0.0689070001244545,0.06927300244569778,0.06742200255393982,0.06742700189352036,487931457,TRX-USD,CRYPTO,yfinance,1d
2022-07-18,0.0674310028553009,0.07051700353622437,0.06735199689865112,0.0690779983997345,695038392,TRX-USD,CRYPTO,yfinance,1d
2022-07-19,0.0690390020608902,0.06970000267028809,0.0677499994635582,0.06914199888706207,673459607,TRX-USD,CRYPTO,yfinance,1d
2022-07-20,0.06914299726486206,0.07026299834251404,0.06748700141906738,0.06760500371456146,620662504,TRX-USD,CRYPTO,yfinance,1d
2022-07-21,0.06760600209236145,0.06823000311851501,0.06655500084161758,0.06803199648857117,513203358,TRX-USD,CRYPTO,yfinance,1d
2022-07-22,0.06802800297737122,0.06902799755334854,0.06671600043773651,0.06705400347709656,467189246,TRX-USD,CRYPTO,yfinance,1d
2022-07-23,0.06704799830913544,0.06786099821329117,0.06612800061702728,0.06695900112390518,425003130,TRX-USD,CRYPTO,yfinance,1d
2022-07-24,0.06695999950170517,0.06777200102806091,0.066771000623703,0.06694400310516357,436083112,TRX-USD,CRYPTO,yfinance,1d
2022-07-25,0.06694799661636353,0.0669889971613884,0.0638360008597374,0.06385499984025955,522131861,TRX-USD,CRYPTO,yfinance,1d
2022-07-26,0.06383500248193741,0.06533899903297424,0.06313800066709518,0.06533899903297424,470056536,TRX-USD,CRYPTO,yfinance,1d
2022-07-27,0.06534100323915482,0.06866499781608582,0.065140001475811,0.06866499781608582,583569484,TRX-USD,CRYPTO,yfinance,1d
2022-07-28,0.0686660036444664,0.07030300050973892,0.06763599812984467,0.06975600123405457,681131771,TRX-USD,CRYPTO,yfinance,1d
2022-07-29,0.069752998650074,0.07165800034999847,0.06844999641180038,0.06928999722003937,697922778,TRX-USD,CRYPTO,yfinance,1d
2022-07-30,0.06929100304841995,0.0711589977145195,0.06911800056695938,0.06914299726486206,558691097,TRX-USD,CRYPTO,yfinance,1d
2022-07-31,0.06915099918842316,0.07076200097799301,0.068743996322155,0.06894300132989883,492358498,TRX-USD,CRYPTO,yfinance,1d
2022-08-01,0.06893599778413773,0.07134900242090225,0.06840900331735611,0.06993699818849564,496002227,TRX-USD,CRYPTO,yfinance,1d
2022-08-02,0.06993900239467621,0.0704059973359108,0.06792499870061874,0.06837300211191177,494878828,TRX-USD,CRYPTO,yfinance,1d
2022-08-03,0.06837700307369232,0.06916899979114532,0.06741800159215927,0.06782499700784683,372209995,TRX-USD,CRYPTO,yfinance,1d
2022-08-04,0.06782300025224686,0.06942600011825562,0.06769700348377228,0.06894399970769882,388332214,TRX-USD,CRYPTO,yfinance,1d
2022-08-05,0.06893900036811829,0.07005699723958969,0.06835000216960907,0.06982800364494324,354133861,TRX-USD,CRYPTO,yfinance,1d
2022-08-06,0.06982800364494324,0.07054699957370758,0.0694269984960556,0.06947200000286102,292783849,TRX-USD,CRYPTO,yfinance,1d
2022-08-07,0.06947900354862213,0.07020000368356705,0.06920900195837021,0.06963299959897995,280333476,TRX-USD,CRYPTO,yfinance,1d
2022-08-08,0.06963299959897995,0.07101300358772278,0.06962300091981888,0.07011000066995621,330352594,TRX-USD,CRYPTO,yfinance,1d
2022-08-09,0.07010599970817566,0.0708950012922287,0.06833899766206741,0.06847400218248367,381450851,TRX-USD,CRYPTO,yfinance,1d
2022-08-10,0.06847500056028366,0.07036100327968597,0.06803499907255173,0.07032199949026108,374260298,TRX-USD,CRYPTO,yfinance,1d
2022-08-11,0.07031700015068054,0.07104600220918655,0.07008299976587296,0.07033099979162216,375233195,TRX-USD,CRYPTO,yfinance,1d
2022-08-12,0.0703279972076416,0.07066799700260162,0.06946200132369995,0.07045099884271622,348132540,TRX-USD,CRYPTO,yfinance,1d
2022-08-13,0.07045400142669678,0.07117000222206116,0.06967499852180481,0.06990399956703186,341923295,TRX-USD,CRYPTO,yfinance,1d
2022-08-14,0.06991100311279297,0.07214599847793579,0.06964799761772156,0.07039999961853027,449741205,TRX-USD,CRYPTO,yfinance,1d
2022-08-15,0.07040300220251083,0.07104799896478653,0.06840299814939499,0.06893599778413773,427093950,TRX-USD,CRYPTO,yfinance,1d
2022-08-16,0.0689229965209961,0.07036200165748596,0.06847299635410309,0.06971599906682968,395283023,TRX-USD,CRYPTO,yfinance,1d
2022-08-17,0.06971900165081024,0.07086499780416489,0.06803800165653229,0.06821899861097336,420544638,TRX-USD,CRYPTO,yfinance,1d
2022-08-18,0.06823500245809555,0.0685340017080307,0.06744299829006195,0.06744299829006195,380890835,TRX-USD,CRYPTO,yfinance,1d
2022-08-19,0.06744000315666199,0.06744500249624252,0.064021997153759,0.06408199667930603,511432500,TRX-USD,CRYPTO,yfinance,1d
2022-08-20,0.06407900154590607,0.06578999757766724,0.06407900154590607,0.06578899919986725,366457637,TRX-USD,CRYPTO,yfinance,1d
2022-08-21,0.06578099727630615,0.06630799919366837,0.06479500234127045,0.06598299741744995,338437993,TRX-USD,CRYPTO,yfinance,1d
2022-08-22,0.06598199903964996,0.0662039965391159,0.06463100016117096,0.0655599981546402,372955310,TRX-USD,CRYPTO,yfinance,1d
2022-08-23,0.0655599981546402,0.06669600307941437,0.06496299803256989,0.06625799834728241,478282039,TRX-USD,CRYPTO,yfinance,1d
2022-08-24,0.06625299900770187,0.06634300202131271,0.0648379996418953,0.0648529976606369,444387152,TRX-USD,CRYPTO,yfinance,1d
2022-08-25,0.06485600024461746,0.06573399901390076,0.06482099741697311,0.06550200283527374,401181549,TRX-USD,CRYPTO,yfinance,1d
2022-08-26,0.06549300253391266,0.06560000032186508,0.061546001583337784,0.06164800003170967,580164367,TRX-USD,CRYPTO,yfinance,1d
2022-08-27,0.061650000512599945,0.06297100335359573,0.06124100089073181,0.06289999932050705,420606764,TRX-USD,CRYPTO,yfinance,1d
2022-08-28,0.06290200352668762,0.06311699748039246,0.06147100031375885,0.06147100031375885,296252044,TRX-USD,CRYPTO,yfinance,1d
2022-08-29,0.061468999832868576,0.06338299810886383,0.06106700003147125,0.06336099654436111,373308078,TRX-USD,CRYPTO,yfinance,1d
2022-08-30,0.0633620023727417,0.06654299795627594,0.06296200305223465,0.06469599902629852,683289145,TRX-USD,CRYPTO,yfinance,1d
2022-08-31,0.06470099836587906,0.0654899999499321,0.06333599984645844,0.06340699642896652,425044110,TRX-USD,CRYPTO,yfinance,1d
2022-09-01,0.06341099739074707,0.06367400288581848,0.06216200068593025,0.06324999779462814,387409445,TRX-USD,CRYPTO,yfinance,1d
2022-09-02,0.06324300169944763,0.06353099644184113,0.062376998364925385,0.0625929981470108,358864875,TRX-USD,CRYPTO,yfinance,1d
2022-09-03,0.06259000301361084,0.06311199814081192,0.06247999891638756,0.06311199814081192,260862804,TRX-USD,CRYPTO,yfinance,1d
2022-09-04,0.063120998442173,0.06359700113534927,0.06265199929475784,0.06351999938488007,269500806,TRX-USD,CRYPTO,yfinance,1d
2022-09-05,0.06351900100708008,0.06358999758958817,0.06252700090408325,0.06295499950647354,322145597,TRX-USD,CRYPTO,yfinance,1d
2022-09-06,0.06295900046825409,0.06399600207805634,0.06064800173044205,0.06076499819755554,465026871,TRX-USD,CRYPTO,yfinance,1d
2022-09-07,0.060756999999284744,0.061873000115156174,0.060221001505851746,0.06181899830698967,399831007,TRX-USD,CRYPTO,yfinance,1d
2022-09-08,0.06181500107049942,0.06187000125646591,0.06018799915909767,0.06122799962759018,455218021,TRX-USD,CRYPTO,yfinance,1d
2022-09-09,0.061230000108480453,0.06361500173807144,0.06118600070476532,0.0634159967303276,462054727,TRX-USD,CRYPTO,yfinance,1d
2022-09-10,0.06341800093650818,0.06468299776315689,0.06312000006437302,0.06466899812221527,425003560,TRX-USD,CRYPTO,yfinance,1d
2022-09-11,0.06466799974441528,0.06492599844932556,0.06366900354623795,0.06409800052642822,359330842,TRX-USD,CRYPTO,yfinance,1d
2022-09-12,0.06409599632024765,0.06466100364923477,0.06324800103902817,0.06382299959659576,430598942,TRX-USD,CRYPTO,yfinance,1d
2022-09-13,0.0638199970126152,0.0638820007443428,0.060649000108242035,0.06109600141644478,408384338,TRX-USD,CRYPTO,yfinance,1d
2022-09-14,0.06072700023651123,0.06170300021767616,0.060649000108242035,0.061608001589775085,348252168,TRX-USD,CRYPTO,yfinance,1d
2022-09-15,0.0616069994866848,0.06190799921751022,0.06067899987101555,0.06125300005078316,397542060,TRX-USD,CRYPTO,yfinance,1d
2022-09-16,0.061257001012563705,0.06157800182700157,0.060736000537872314,0.061292000114917755,351830909,TRX-USD,CRYPTO,yfinance,1d
2022-09-17,0.06129499897360802,0.06229399889707565,0.06129299849271774,0.06228800117969513,262000923,TRX-USD,CRYPTO,yfinance,1d
2022-09-18,0.062286000698804855,0.0625780001282692,0.06085899844765663,0.06087600067257881,313019265,TRX-USD,CRYPTO,yfinance,1d
2022-09-19,0.060869000852108,0.0611799992620945,0.059418998658657074,0.06033499911427498,403942833,TRX-USD,CRYPTO,yfinance,1d
2022-09-20,0.06032099947333336,0.06060599908232689,0.05952100083231926,0.059748001396656036,353093809,TRX-USD,CRYPTO,yfinance,1d
2022-09-21,0.059748001396656036,0.0611720010638237,0.058848001062870026,0.05919399857521057,431504689,TRX-USD,CRYPTO,yfinance,1d
2022-09-22,0.05918100103735924,0.06033499911427498,0.05883599817752838,0.06026000156998634,359264471,TRX-USD,CRYPTO,yfinance,1d
2022-09-23,0.06026000156998634,0.061115000396966934,0.05936000123620033,0.060446999967098236,376538249,TRX-USD,CRYPTO,yfinance,1d
2022-09-24,0.06044600158929825,0.060860998928546906,0.0596809983253479,0.05987099930644035,300528950,TRX-USD,CRYPTO,yfinance,1d
2022-09-25,0.05986800044775009,0.06026899814605713,0.05952899903059006,0.05972699820995331,267696551,TRX-USD,CRYPTO,yfinance,1d
2022-09-26,0.05973200127482414,0.05984700098633766,0.059039998799562454,0.05954800173640251,378865177,TRX-USD,CRYPTO,yfinance,1d
2022-09-27,0.059546999633312225,0.06081400066614151,0.05910300090909004,0.05940999835729599,347069034,TRX-USD,CRYPTO,yfinance,1d
2022-09-28,0.059401001781225204,0.05986100062727928,0.058522000908851624,0.05959499999880791,350944981,TRX-USD,CRYPTO,yfinance,1d
2022-09-29,0.05959700047969818,0.06180199980735779,0.059390000998973846,0.0610320009291172,425995005,TRX-USD,CRYPTO,yfinance,1d
2022-09-30,0.06103400141000748,0.06223300099372864,0.0603800006210804,0.061014000326395035,450033099,TRX-USD,CRYPTO,yfinance,1d
2022-10-01,0.06100799888372421,0.06138800084590912,0.06017100065946579,0.060474999248981476,292352772,TRX-USD,CRYPTO,yfinance,1d
2022-10-02,0.06047699972987175,0.06184900179505348,0.06044900044798851,0.060878999531269073,388404433,TRX-USD,CRYPTO,yfinance,1d
2022-10-03,0.06088300049304962,0.061462998390197754,0.060826998203992844,0.06139399856328964,318156914,TRX-USD,CRYPTO,yfinance,1d
2022-10-04,0.06139200180768967,0.06243100017309189,0.0611100010573864,0.06232000142335892,302584824,TRX-USD,CRYPTO,yfinance,1d
2022-10-05,0.06231699883937836,0.06264899671077728,0.06198799982666969,0.06242600083351135,290676174,TRX-USD,CRYPTO,yfinance,1d
2022-10-06,0.0624300017952919,0.06313499808311462,0.062091000378131866,0.06278400123119354,344121613,TRX-USD,CRYPTO,yfinance,1d
2022-10-07,0.06278599798679352,0.06321699917316437,0.06211100146174431,0.06249900162220001,299943015,TRX-USD,CRYPTO,yfinance,1d
2022-10-08,0.062497999519109726,0.06270000338554382,0.06189500167965889,0.06207200139760971,252050650,TRX-USD,CRYPTO,yfinance,1d
2022-10-09,0.06206899881362915,0.06273899972438812,0.06199900060892105,0.06242699921131134,226469326,TRX-USD,CRYPTO,yfinance,1d
2022-10-10,0.06242800131440163,0.06492400169372559,0.06234100088477135,0.06283199787139893,565904749,TRX-USD,CRYPTO,yfinance,1d
2022-10-11,0.06282400339841843,0.06282400339841843,0.06132600083947182,0.06162700057029724,352174118,TRX-USD,CRYPTO,yfinance,1d
2022-10-12,0.061632998287677765,0.06431800127029419,0.06125300005078316,0.06177600100636482,475164602,TRX-USD,CRYPTO,yfinance,1d
2022-10-13,0.061769999563694,0.062192000448703766,0.05950799956917763,0.0610090009868145,484368346,TRX-USD,CRYPTO,yfinance,1d
2022-10-14,0.061007000505924225,0.06500600278377533,0.06082500144839287,0.06394100189208984,698236582,TRX-USD,CRYPTO,yfinance,1d
2022-10-15,0.06396599858999252,0.06493999809026718,0.06181899830698967,0.06182299926877022,476732078,TRX-USD,CRYPTO,yfinance,1d
2022-10-16,0.061824001371860504,0.061990998685359955,0.06128399819135666,0.061820998787879944,300535408,TRX-USD,CRYPTO,yfinance,1d
2022-10-17,0.061820998787879944,0.06292899698019028,0.061737000942230225,0.06266500055789948,350961967,TRX-USD,CRYPTO,yfinance,1d
2022-10-18,0.06266699731349945,0.06293100118637085,0.061769999563694,0.06216999888420105,334605707,TRX-USD,CRYPTO,yfinance,1d
2022-10-19,0.062167998403310776,0.06302200257778168,0.061774998903274536,0.06178300082683563,384236864,TRX-USD,CRYPTO,yfinance,1d
2022-10-20,0.061778001487255096,0.062609001994133,0.061590999364852905,0.062212999910116196,309499843,TRX-USD,CRYPTO,yfinance,1d
2022-10-21,0.06221099942922592,0.06284499913454056,0.06084800139069557,0.06166199967265129,335452050,TRX-USD,CRYPTO,yfinance,1d
2022-10-22,0.0616610012948513,0.06195199862122536,0.06124899908900261,0.06164000183343887,255324499,TRX-USD,CRYPTO,yfinance,1d
2022-10-23,0.06163899973034859,0.06195500120520592,0.06117299944162369,0.061879999935626984,275426762,TRX-USD,CRYPTO,yfinance,1d
2022-10-24,0.06188099831342697,0.0619719997048378,0.06129299849271774,0.061365000903606415,281871241,TRX-USD,CRYPTO,yfinance,1d
2022-10-25,0.061361998319625854,0.06283000111579895,0.06121499836444855,0.06241200119256973,318898262,TRX-USD,CRYPTO,yfinance,1d
2022-10-26,0.062403999269008636,0.06370099633932114,0.06232399865984917,0.0634320005774498,365580095,TRX-USD,CRYPTO,yfinance,1d
2022-10-27,0.06343500316143036,0.06409099698066711,0.06280899792909622,0.06297899782657623,359452196,TRX-USD,CRYPTO,yfinance,1d
2022-10-28,0.06297899782657623,0.06372500211000443,0.06270299851894379,0.06356199830770493,320154857,TRX-USD,CRYPTO,yfinance,1d
2022-10-29,0.06356299668550491,0.06442499905824661,0.0635169968008995,0.06418000161647797,362144152,TRX-USD,CRYPTO,yfinance,1d
2022-10-30,0.0641769990324974,0.06472499668598175,0.0630199983716011,0.06313599646091461,324343312,TRX-USD,CRYPTO,yfinance,1d
2022-10-31,0.06313499808311462,0.06333799660205841,0.062497999519109726,0.0633080005645752,349700848,TRX-USD,CRYPTO,yfinance,1d
2022-11-01,0.06329800188541412,0.06339500099420547,0.06258799880743027,0.06281500309705734,300855552,TRX-USD,CRYPTO,yfinance,1d
2022-11-02,0.06281299889087677,0.06299299746751785,0.06151299923658371,0.06156099960207939,394994112,TRX-USD,CRYPTO,yfinance,1d
2022-11-03,0.061563000082969666,0.06240199878811836,0.061507001519203186,0.061788998544216156,335386203,TRX-USD,CRYPTO,yfinance,1d
2022-11-04,0.061771001666784286,0.06375300139188766,0.061597999185323715,0.06375300139188766,356635032,TRX-USD,CRYPTO,yfinance,1d
2022-11-05,0.06375499814748764,0.06468400359153748,0.06345199793577194,0.06359100341796875,370671030,TRX-USD,CRYPTO,yfinance,1d
2022-11-06,0.0635949969291687,0.06523700058460236,0.06268099695444107,0.06275299936532974,392399490,TRX-USD,CRYPTO,yfinance,1d
2022-11-07,0.06274999678134918,0.0629659965634346,0.06190299987792969,0.06227999925613403,348936354,TRX-USD,CRYPTO,yfinance,1d
2022-11-08,0.062268998473882675,0.06293399631977081,0.05716799944639206,0.05876300111413002,934087523,TRX-USD,CRYPTO,yfinance,1d
2022-11-09,0.05875900015234947,0.06457799673080444,0.05307700112462044,0.0535379983484745,1840550752,TRX-USD,CRYPTO,yfinance,1d
2022-11-10,0.05353099852800369,0.0604030005633831,0.05276999995112419,0.0577239990234375,1717038445,TRX-USD,CRYPTO,yfinance,1d
2022-11-11,0.05772100016474724,0.05792500078678131,0.0544780008494854,0.05587000027298927,632540724,TRX-USD,CRYPTO,yfinance,1d
2022-11-12,0.055879998952150345,0.055980999022722244,0.05305799841880798,0.05494900047779083,436532708,TRX-USD,CRYPTO,yfinance,1d
2022-11-13,0.05495300143957138,0.05616400018334389,0.05060499906539917,0.050891000777482986,656554023,TRX-USD,CRYPTO,yfinance,1d
2022-11-14,0.05088699981570244,0.05246400088071823,0.04579799994826317,0.05011399835348129,1022630202,TRX-USD,CRYPTO,yfinance,1d
2022-11-15,0.05011200159788132,0.05157700181007385,0.04949599876999855,0.05067100003361702,482268226,TRX-USD,CRYPTO,yfinance,1d
2022-11-16,0.05067100003361702,0.05116000026464462,0.04960300028324127,0.05020799860358238,400076924,TRX-USD,CRYPTO,yfinance,1d
2022-11-17,0.05020799860358238,0.05036599934101105,0.049038998782634735,0.05004600062966347,332743394,TRX-USD,CRYPTO,yfinance,1d
2022-11-18,0.05004499852657318,0.05097400024533272,0.050039999186992645,0.050666000694036484,283468072,TRX-USD,CRYPTO,yfinance,1d
2022-11-19,0.0506649985909462,0.05252800136804581,0.050574999302625656,0.05216199904680252,319861070,TRX-USD,CRYPTO,yfinance,1d
2022-11-20,0.05216300114989281,0.052361998707056046,0.049865998327732086,0.0500359982252121,270430040,TRX-USD,CRYPTO,yfinance,1d
2022-11-21,0.05003200098872185,0.05143100023269653,0.04936100170016289,0.05140800029039383,513977626,TRX-USD,CRYPTO,yfinance,1d
2022-11-22,0.05140100046992302,0.052448999136686325,0.04911499843001366,0.05062500014901161,659551825,TRX-USD,CRYPTO,yfinance,1d
2022-11-23,0.050624001771211624,0.051784999668598175,0.05025799944996834,0.05173699930310249,404275672,TRX-USD,CRYPTO,yfinance,1d
2022-11-24,0.05173899978399277,0.05355599895119667,0.05146700143814087,0.05288799852132797,396895080,TRX-USD,CRYPTO,yfinance,1d
2022-11-25,0.05288200080394745,0.05323899909853935,0.05211900174617767,0.05295500159263611,275859172,TRX-USD,CRYPTO,yfinance,1d
2022-11-26,0.05295500159263611,0.053575001657009125,0.052570000290870667,0.05278800055384636,214200709,TRX-USD,CRYPTO,yfinance,1d
2022-11-27,0.052786000072956085,0.054085999727249146,0.052786000072956085,0.05323699861764908,201816035,TRX-USD,CRYPTO,yfinance,1d
2022-11-28,0.05322600156068802,0.05390999838709831,0.052094001322984695,0.05303100124001503,286606539,TRX-USD,CRYPTO,yfinance,1d
2022-11-29,0.05303400009870529,0.05428300052881241,0.052880000323057175,0.053312998265028,238145016,TRX-USD,CRYPTO,yfinance,1d
2022-11-30,0.053314000368118286,0.05473800003528595,0.053307998925447464,0.054625000804662704,222788976,TRX-USD,CRYPTO,yfinance,1d
2022-12-01,0.054625000804662704,0.054962001740932465,0.05408399924635887,0.05415400117635727,197459343,TRX-USD,CRYPTO,yfinance,1d
2022-12-02,0.054159000515937805,0.05444600060582161,0.05388600006699562,0.05442100018262863,176550181,TRX-USD,CRYPTO,yfinance,1d
2022-12-03,0.05442599952220917,0.05454700067639351,0.05358399823307991,0.053638000041246414,150496348,TRX-USD,CRYPTO,yfinance,1d
2022-12-04,0.053638000041246414,0.05409599840641022,0.05300600081682205,0.05319400131702423,179442292,TRX-USD,CRYPTO,yfinance,1d
2022-12-05,0.05319000035524368,0.05371600016951561,0.05305999889969826,0.0533050000667572,216644848,TRX-USD,CRYPTO,yfinance,1d
2022-12-06,0.053307000547647476,0.053690001368522644,0.052685998380184174,0.053661998361349106,193239705,TRX-USD,CRYPTO,yfinance,1d
2022-12-07,0.053658001124858856,0.053658001124858856,0.05251099914312363,0.053109001368284225,193776336,TRX-USD,CRYPTO,yfinance,1d
2022-12-08,0.053109001368284225,0.05449200049042702,0.053022999316453934,0.05449200049042702,164264332,TRX-USD,CRYPTO,yfinance,1d
2022-12-09,0.05448799952864647,0.05499200150370598,0.05431000143289566,0.054653000086545944,175235859,TRX-USD,CRYPTO,yfinance,1d
2022-12-10,0.05465099960565567,0.05528999865055084,0.05465099960565567,0.05479000136256218,159988846,TRX-USD,CRYPTO,yfinance,1d
2022-12-11,0.054795000702142715,0.05493199825286865,0.05380399897694588,0.053950998932123184,119167446,TRX-USD,CRYPTO,yfinance,1d
2022-12-12,0.05394899845123291,0.05394899845123291,0.0521089993417263,0.05350499972701073,253168878,TRX-USD,CRYPTO,yfinance,1d
2022-12-13,0.05350000038743019,0.05447100102901459,0.05259200185537338,0.05443299934267998,261654719,TRX-USD,CRYPTO,yfinance,1d
2022-12-14,0.054434001445770264,0.05741799995303154,0.054434001445770264,0.0556659996509552,282065146,TRX-USD,CRYPTO,yfinance,1d
2022-12-15,0.05565999820828438,0.05602699890732765,0.055229999125003815,0.05577399954199791,199442912,TRX-USD,CRYPTO,yfinance,1d
2022-12-16,0.05577300116419792,0.056102000176906586,0.05272499844431877,0.05295500159263611,240564735,TRX-USD,CRYPTO,yfinance,1d
2022-12-17,0.052967000752687454,0.05488799884915352,0.05207199975848198,0.05487100034952164,225983901,TRX-USD,CRYPTO,yfinance,1d
2022-12-18,0.054868001490831375,0.055055998265743256,0.05344200134277344,0.05378799885511398,167766398,TRX-USD,CRYPTO,yfinance,1d
2022-12-19,0.05379100143909454,0.05421999841928482,0.05326399952173233,0.05363199859857559,187707442,TRX-USD,CRYPTO,yfinance,1d
2022-12-20,0.05363199859857559,0.055163998156785965,0.05355999991297722,0.05498500168323517,184653754,TRX-USD,CRYPTO,yfinance,1d
2022-12-21,0.054986000061035156,0.05541500076651573,0.05462900176644325,0.05484699830412865,137005094,TRX-USD,CRYPTO,yfinance,1d
2022-12-22,0.05485700070858002,0.05576999858021736,0.05468500033020973,0.05555199831724167,162724426,TRX-USD,CRYPTO,yfinance,1d
2022-12-23,0.05555399879813194,0.05567599833011627,0.05418999865651131,0.054235998541116714,149471811,TRX-USD,CRYPTO,yfinance,1d
2022-12-24,0.05423400178551674,0.05480799823999405,0.05412700027227402,0.0547420009970665,101569505,TRX-USD,CRYPTO,yfinance,1d
2022-12-25,0.05474099889397621,0.05486400052905083,0.05425899848341942,0.05481399968266487,112729218,TRX-USD,CRYPTO,yfinance,1d
2022-12-26,0.05481899902224541,0.054999999701976776,0.0543459989130497,0.054552000015974045,116647160,TRX-USD,CRYPTO,yfinance,1d
2022-12-27,0.05455499887466431,0.05468999966979027,0.053784001618623734,0.05410600081086159,146077041,TRX-USD,CRYPTO,yfinance,1d
2022-12-28,0.0541049987077713,0.05460200086236,0.0533749982714653,0.054145000874996185,165230958,TRX-USD,CRYPTO,yfinance,1d
2022-12-29,0.054145000874996185,0.05446299910545349,0.05333299934864044,0.05401400104165077,159780714,TRX-USD,CRYPTO,yfinance,1d
2022-12-30,0.054012998938560486,0.05444499850273132,0.0536470003426075,0.05437399819493294,160347943,TRX-USD,CRYPTO,yfinance,1d
2022-12-31,0.05437599867582321,0.055041998624801636,0.054363999515771866,0.054499998688697815,128634359,TRX-USD,CRYPTO,yfinance,1d
2023-01-01,0.05449799820780754,0.0549359992146492,0.05445700138807297,0.05482000112533569,100273280,TRX-USD,CRYPTO,yfinance,1d
2023-01-02,0.05481800064444542,0.0553940013051033,0.05450500175356865,0.055156998336315155,138920680,TRX-USD,CRYPTO,yfinance,1d
2023-01-03,0.05515899881720543,0.0554950013756752,0.05478899925947189,0.05483299866318703,130813322,TRX-USD,CRYPTO,yfinance,1d
2023-01-04,0.05483400076627731,0.05561799928545952,0.054448001086711884,0.05473199859261513,176956208,TRX-USD,CRYPTO,yfinance,1d
2023-01-05,0.05473199859261513,0.05497799813747406,0.05345999822020531,0.05366099998354912,182910374,TRX-USD,CRYPTO,yfinance,1d
2023-01-06,0.0536700002849102,0.05388600006699562,0.05006999894976616,0.052494000643491745,769019622,TRX-USD,CRYPTO,yfinance,1d
2023-01-07,0.05249200016260147,0.052813999354839325,0.051493000239133835,0.05201900005340576,277255900,TRX-USD,CRYPTO,yfinance,1d
2023-01-08,0.052014000713825226,0.053814999759197235,0.051392000168561935,0.053814999759197235,202055018,TRX-USD,CRYPTO,yfinance,1d
2023-01-09,0.053895000368356705,0.05637099966406822,0.05379100143909454,0.05462599918246269,374224118,TRX-USD,CRYPTO,yfinance,1d
2023-01-10,0.05462399870157242,0.054903000593185425,0.05400500074028969,0.05478199943900108,196148451,TRX-USD,CRYPTO,yfinance,1d
2023-01-11,0.05478699877858162,0.05648599937558174,0.05471400171518326,0.05648599937558174,209852698,TRX-USD,CRYPTO,yfinance,1d
2023-01-12,0.056777000427246094,0.05725700035691261,0.055867999792099,0.057110998779535294,241844702,TRX-USD,CRYPTO,yfinance,1d
2023-01-13,0.057110998779535294,0.06046599894762039,0.05691099911928177,0.06001099944114685,258403126,TRX-USD,CRYPTO,yfinance,1d
2023-01-14,0.06000899896025658,0.06558699905872345,0.06000899896025658,0.06187500059604645,566265041,TRX-USD,CRYPTO,yfinance,1d
2023-01-15,0.061875998973846436,0.06272699683904648,0.06078900024294853,0.062355998903512955,266691428,TRX-USD,CRYPTO,yfinance,1d
2023-01-16,0.06235300004482269,0.06316699832677841,0.06150300055742264,0.0624300017952919,249155140,TRX-USD,CRYPTO,yfinance,1d
2023-01-17,0.062431998550891876,0.06249300017952919,0.06157499924302101,0.06172600015997887,214020771,TRX-USD,CRYPTO,yfinance,1d
2023-01-18,0.06172600015997887,0.06235300004482269,0.05900299921631813,0.05900299921631813,260102160,TRX-USD,CRYPTO,yfinance,1d
2023-01-19,0.05899700149893761,0.06024099886417389,0.0589199997484684,0.06015300005674362,170235362,TRX-USD,CRYPTO,yfinance,1d
2023-01-20,0.060148000717163086,0.06285999715328217,0.05998200178146362,0.06283099949359894,193161022,TRX-USD,CRYPTO,yfinance,1d
2023-01-21,0.06282400339841843,0.06309600174427032,0.06172600015997887,0.06173200160264969,260535017,TRX-USD,CRYPTO,yfinance,1d
2023-01-22,0.06173799932003021,0.06261800229549408,0.060926999896764755,0.06167899817228317,209391461,TRX-USD,CRYPTO,yfinance,1d
2023-01-23,0.06168200075626373,0.06316699832677841,0.06142599880695343,0.06282299757003784,224484708,TRX-USD,CRYPTO,yfinance,1d
2023-01-24,0.06280999630689621,0.06344199925661087,0.05996299907565117,0.060203999280929565,228798004,TRX-USD,CRYPTO,yfinance,1d
2023-01-25,0.060208000242710114,0.06262599676847458,0.05943499878048897,0.061841998249292374,220414744,TRX-USD,CRYPTO,yfinance,1d
2023-01-26,0.061827998608350754,0.06209700182080269,0.06135400012135506,0.0617309994995594,189522704,TRX-USD,CRYPTO,yfinance,1d
2023-01-27,0.061733998358249664,0.06418800354003906,0.06104699894785881,0.06358200311660767,321741026,TRX-USD,CRYPTO,yfinance,1d
2023-01-28,0.06358499825000763,0.06391499936580658,0.062206000089645386,0.06309200078248978,232264924,TRX-USD,CRYPTO,yfinance,1d
2023-01-29,0.06309600174427032,0.06436599791049957,0.06299799680709839,0.06379400193691254,298809875,TRX-USD,CRYPTO,yfinance,1d
2023-01-30,0.06379300355911255,0.06396199762821198,0.06165299937129021,0.06224700063467026,322622838,TRX-USD,CRYPTO,yfinance,1d
2023-01-31,0.06224999949336052,0.06304199993610382,0.06178800016641617,0.062219999730587006,272093600,TRX-USD,CRYPTO,yfinance,1d
2023-02-01,0.06221799924969673,0.06332100182771683,0.06153300032019615,0.06319300085306168,281503052,TRX-USD,CRYPTO,yfinance,1d
2023-02-02,0.06318099796772003,0.06533399969339371,0.06316699832677841,0.06376100331544876,408694985,TRX-USD,CRYPTO,yfinance,1d
2023-02-03,0.06375899910926819,0.06471200287342072,0.06361900269985199,0.06412199884653091,331119561,TRX-USD,CRYPTO,yfinance,1d
2023-02-04,0.06412199884653091,0.06443899869918823,0.06322299689054489,0.06382399797439575,240138022,TRX-USD,CRYPTO,yfinance,1d
2023-02-05,0.06382399797439575,0.06565000116825104,0.0633080005645752,0.06408499926328659,383628012,TRX-USD,CRYPTO,yfinance,1d
2023-02-06,0.06409099698066711,0.0644489973783493,0.06289699673652649,0.06319399923086166,263575211,TRX-USD,CRYPTO,yfinance,1d
2023-02-07,0.06318400055170059,0.06585200130939484,0.06315500289201736,0.06577400118112564,391361423,TRX-USD,CRYPTO,yfinance,1d
2023-02-08,0.06577300280332565,0.06934300065040588,0.06556999683380127,0.06687399744987488,627966026,TRX-USD,CRYPTO,yfinance,1d
2023-02-09,0.06687100231647491,0.06702499836683273,0.062125999480485916,0.06261400133371353,649103224,TRX-USD,CRYPTO,yfinance,1d
2023-02-10,0.06261599808931351,0.06388600170612335,0.0624690018594265,0.0633229985833168,341903614,TRX-USD,CRYPTO,yfinance,1d
2023-02-11,0.06332500278949738,0.06404200196266174,0.06322800368070602,0.0638049989938736,192015517,TRX-USD,CRYPTO,yfinance,1d
2023-02-12,0.06379900127649307,0.0650779977440834,0.06366900354623795,0.06383699923753738,188947371,TRX-USD,CRYPTO,yfinance,1d
2023-02-13,0.06383199989795685,0.06567800045013428,0.06319999694824219,0.06560000032186508,312370710,TRX-USD,CRYPTO,yfinance,1d
2023-02-14,0.0655980035662651,0.0668250024318695,0.06518799811601639,0.06674599647521973,278017069,TRX-USD,CRYPTO,yfinance,1d
2023-02-15,0.0667480006814003,0.07083799690008163,0.0667480006814003,0.07082100212574005,354951527,TRX-USD,CRYPTO,yfinance,1d
2023-02-16,0.07082200050354004,0.07141900062561035,0.0668490007519722,0.06688199937343597,396517012,TRX-USD,CRYPTO,yfinance,1d
2023-02-17,0.06687500327825546,0.0714849978685379,0.06664899736642838,0.07045699656009674,367932392,TRX-USD,CRYPTO,yfinance,1d
2023-02-18,0.07045000046491623,0.07104600220918655,0.06979499757289886,0.07013799995183945,226753466,TRX-USD,CRYPTO,yfinance,1d
2023-02-19,0.07013200223445892,0.07155899703502655,0.06982100009918213,0.07038500159978867,227740238,TRX-USD,CRYPTO,yfinance,1d
2023-02-20,0.07041700184345245,0.0728909969329834,0.06972900032997131,0.07193999737501144,378596767,TRX-USD,CRYPTO,yfinance,1d
2023-02-21,0.0719359964132309,0.07203499972820282,0.06910999864339828,0.06946700066328049,303772124,TRX-USD,CRYPTO,yfinance,1d
2023-02-22,0.06947000324726105,0.06962200254201889,0.06827999651432037,0.06943400204181671,240981973,TRX-USD,CRYPTO,yfinance,1d
2023-02-23,0.06943300366401672,0.07035399973392487,0.06911200284957886,0.06959400326013565,216718423,TRX-USD,CRYPTO,yfinance,1d
2023-02-24,0.0695900022983551,0.0699860006570816,0.06745699793100357,0.06785199791193008,216581383,TRX-USD,CRYPTO,yfinance,1d
2023-02-25,0.06785599887371063,0.06874699890613556,0.06693200021982193,0.06783399730920792,206862281,TRX-USD,CRYPTO,yfinance,1d
2023-02-26,0.06783100217580795,0.06968999654054642,0.06781599670648575,0.0695130005478859,191149284,TRX-USD,CRYPTO,yfinance,1d
2023-02-27,0.06951099634170532,0.06965599954128265,0.06848900020122528,0.06939700245857239,219217373,TRX-USD,CRYPTO,yfinance,1d
2023-02-28,0.06940300017595291,0.0697769969701767,0.06866200268268585,0.06901100277900696,206608576,TRX-USD,CRYPTO,yfinance,1d
2023-03-01,0.06901499629020691,0.07025499641895294,0.06883300095796585,0.0698779970407486,213887807,TRX-USD,CRYPTO,yfinance,1d
2023-03-02,0.06987600028514862,0.0701489970088005,0.06904400140047073,0.06965100020170212,208539788,TRX-USD,CRYPTO,yfinance,1d
2023-03-03,0.06965100020170212,0.06976699829101562,0.06661999970674515,0.06715899705886841,262446714,TRX-USD,CRYPTO,yfinance,1d
2023-03-04,0.06715700030326843,0.0675249993801117,0.06618700176477432,0.06668400019407272,183966665,TRX-USD,CRYPTO,yfinance,1d
2023-03-05,0.06668700277805328,0.06779100000858307,0.06658200174570084,0.06725600361824036,164056033,TRX-USD,CRYPTO,yfinance,1d
2023-03-06,0.06725499778985977,0.06764200329780579,0.06674300134181976,0.06740099936723709,186105196,TRX-USD,CRYPTO,yfinance,1d
2023-03-07,0.06740099936723709,0.06762699782848358,0.06583800166845322,0.06626299768686295,221770992,TRX-USD,CRYPTO,yfinance,1d
2023-03-08,0.06626299768686295,0.0665149986743927,0.06488700211048126,0.06526000052690506,211024622,TRX-USD,CRYPTO,yfinance,1d
2023-03-09,0.06526099890470505,0.06618300080299377,0.05722999945282936,0.05845699831843376,456504522,TRX-USD,CRYPTO,yfinance,1d
2023-03-10,0.05846099928021431,0.05863099917769432,0.05575399845838547,0.05741700157523155,517634913,TRX-USD,CRYPTO,yfinance,1d
2023-03-11,0.05742400139570236,0.05929199978709221,0.05538000166416168,0.05927199870347977,416436742,TRX-USD,CRYPTO,yfinance,1d
2023-03-12,0.05926999822258949,0.06471399962902069,0.05894000083208084,0.06470999866724014,347554981,TRX-USD,CRYPTO,yfinance,1d
2023-03-13,0.06473100185394287,0.0687209963798523,0.06473100185394287,0.06722000241279602,629423181,TRX-USD,CRYPTO,yfinance,1d
2023-03-14,0.06721299886703491,0.06907600164413452,0.06610500067472458,0.06713300198316574,479935465,TRX-USD,CRYPTO,yfinance,1d
2023-03-15,0.0671439990401268,0.06794100254774094,0.06440100073814392,0.06531299650669098,351647072,TRX-USD,CRYPTO,yfinance,1d
2023-03-16,0.06532400101423264,0.06681100279092789,0.06515300273895264,0.06536699831485748,284940911,TRX-USD,CRYPTO,yfinance,1d
2023-03-17,0.0653659999370575,0.06794600188732147,0.06499999761581421,0.06779500097036362,298647153,TRX-USD,CRYPTO,yfinance,1d
2023-03-18,0.06778799742460251,0.06817299872636795,0.06561700254678726,0.06587699800729752,266466762,TRX-USD,CRYPTO,yfinance,1d
2023-03-19,0.06587900221347809,0.06737799942493439,0.0658779963850975,0.06676899641752243,227466259,TRX-USD,CRYPTO,yfinance,1d
2023-03-20,0.06676000356674194,0.06707999855279922,0.06507200002670288,0.06511099636554718,257085180,TRX-USD,CRYPTO,yfinance,1d
2023-03-21,0.06512600183486938,0.06727699935436249,0.06509999930858612,0.0671830028295517,272449145,TRX-USD,CRYPTO,yfinance,1d
2023-03-22,0.06717800348997116,0.068121999502182,0.05748099833726883,0.0598750002682209,656303403,TRX-USD,CRYPTO,yfinance,1d
2023-03-23,0.05987200140953064,0.06648799777030945,0.05962200090289116,0.06526300311088562,578593453,TRX-USD,CRYPTO,yfinance,1d
2023-03-24,0.06526300311088562,0.06550399959087372,0.06292299926280975,0.06344299763441086,326386910,TRX-USD,CRYPTO,yfinance,1d
2023-03-25,0.06344500184059143,0.06432999670505524,0.06289199739694595,0.06372299790382385,212310172,TRX-USD,CRYPTO,yfinance,1d
2023-03-26,0.06372399628162384,0.0648220032453537,0.06351900100708008,0.0642160028219223,198798457,TRX-USD,CRYPTO,yfinance,1d
2023-03-27,0.06421799957752228,0.06436900049448013,0.06204799935221672,0.0635799989104271,241874730,TRX-USD,CRYPTO,yfinance,1d
2023-03-28,0.0635799989104271,0.06444499641656876,0.06338199973106384,0.06421499699354172,215581345,TRX-USD,CRYPTO,yfinance,1d
2023-03-29,0.06421100348234177,0.06541500240564346,0.06405899673700333,0.0643410012125969,240013427,TRX-USD,CRYPTO,yfinance,1d
2023-03-30,0.06434399634599686,0.06534100323915482,0.06383799761533737,0.06481999903917313,258652353,TRX-USD,CRYPTO,yfinance,1d
2023-03-31,0.06482700258493423,0.06610199809074402,0.06449799984693527,0.06561599671840668,224600778,TRX-USD,CRYPTO,yfinance,1d
2023-04-01,0.06561499834060669,0.06708899885416031,0.06543000042438507,0.06684199720621109,219808205,TRX-USD,CRYPTO,yfinance,1d
2023-04-02,0.06645499914884567,0.06687100231647491,0.06495799869298935,0.06531199812889099,187174703,TRX-USD,CRYPTO,yfinance,1d
2023-04-03,0.06530199944972992,0.06614600121974945,0.06439799815416336,0.06576099991798401,226414717,TRX-USD,CRYPTO,yfinance,1d
2023-04-04,0.06575699895620346,0.06674200296401978,0.06567700207233429,0.06578300148248672,228568032,TRX-USD,CRYPTO,yfinance,1d
2023-04-05,0.06578200310468674,0.06660900264978409,0.06547799706459045,0.06610900163650513,200006422,TRX-USD,CRYPTO,yfinance,1d
2023-04-06,0.06611400097608566,0.06667099893093109,0.06573300063610077,0.06609799712896347,220436025,TRX-USD,CRYPTO,yfinance,1d
2023-04-07,0.0660960003733635,0.0664839968085289,0.0656609982252121,0.06611300259828568,175108623,TRX-USD,CRYPTO,yfinance,1d
2023-04-08,0.06611000001430511,0.06656699627637863,0.06581000238656998,0.06615299731492996,161228526,TRX-USD,CRYPTO,yfinance,1d
2023-04-09,0.06615400314331055,0.06686700135469437,0.0659710019826889,0.06665199995040894,160496297,TRX-USD,CRYPTO,yfinance,1d
2023-04-10,0.06665399670600891,0.06740500032901764,0.06629099696874619,0.06733600050210953,208000060,TRX-USD,CRYPTO,yfinance,1d
2023-04-11,0.0673379972577095,0.06769400089979172,0.06567700207233429,0.06643199920654297,314766026,TRX-USD,CRYPTO,yfinance,1d
2023-04-12,0.06643299758434296,0.06649699807167053,0.06259600073099136,0.06502600014209747,263863465,TRX-USD,CRYPTO,yfinance,1d
2023-04-13,0.06509699672460556,0.06548099964857101,0.06469500064849854,0.06530900299549103,239705567,TRX-USD,CRYPTO,yfinance,1d
2023-04-14,0.06531000137329102,0.0668879970908165,0.06525000184774399,0.06625799834728241,249121640,TRX-USD,CRYPTO,yfinance,1d
2023-04-15,0.06625600159168243,0.06625600159168243,0.06562499701976776,0.06600099802017212,160719155,TRX-USD,CRYPTO,yfinance,1d
2023-04-16,0.06599800288677216,0.06667999923229218,0.06578800082206726,0.06655199825763702,138908766,TRX-USD,CRYPTO,yfinance,1d
2023-04-17,0.06655299663543701,0.06661699712276459,0.06549400091171265,0.06578399986028671,186846117,TRX-USD,CRYPTO,yfinance,1d
2023-04-18,0.0657849982380867,0.06679800152778625,0.06566599756479263,0.06676200032234192,182633505,TRX-USD,CRYPTO,yfinance,1d
2023-04-19,0.0667639970779419,0.06711799651384354,0.06510599702596664,0.06584899872541428,284488433,TRX-USD,CRYPTO,yfinance,1d
2023-04-20,0.06583499908447266,0.06661500036716461,0.06486299633979797,0.06541299819946289,260052069,TRX-USD,CRYPTO,yfinance,1d
2023-04-21,0.06541299819946289,0.06595800071954727,0.06439399719238281,0.0650010034441948,203170564,TRX-USD,CRYPTO,yfinance,1d
2023-04-22,0.06499800086021423,0.06612999737262726,0.06491599977016449,0.06607499718666077,186829871,TRX-USD,CRYPTO,yfinance,1d
2023-04-23,0.06607399880886078,0.06695400178432465,0.06571000069379807,0.06667699664831161,179889691,TRX-USD,CRYPTO,yfinance,1d
2023-04-24,0.06667400151491165,0.06696800142526627,0.06593099981546402,0.06614000350236893,183407395,TRX-USD,CRYPTO,yfinance,1d
2023-04-25,0.06613899767398834,0.0662039965391159,0.06528999656438828,0.0658629983663559,174903064,TRX-USD,CRYPTO,yfinance,1d
2023-04-26,0.06586100161075592,0.06704899668693542,0.06421300023794174,0.06518299877643585,260293408,TRX-USD,CRYPTO,yfinance,1d
2023-04-27,0.0651789978146553,0.06610099971294403,0.06508500128984451,0.06579399853944778,190727736,TRX-USD,CRYPTO,yfinance,1d
2023-04-28,0.06579700112342834,0.06671000272035599,0.06568899750709534,0.06671000272035599,159999592,TRX-USD,CRYPTO,yfinance,1d
2023-04-29,0.06671199947595596,0.06817000359296799,0.0666939988732338,0.06800399720668793,165520602,TRX-USD,CRYPTO,yfinance,1d
2023-04-30,0.06800299882888794,0.06805799901485443,0.06734299659729004,0.06734299659729004,168124254,TRX-USD,CRYPTO,yfinance,1d
2023-05-01,0.06734299659729004,0.0693110004067421,0.06695400178432465,0.06850399821996689,273046031,TRX-USD,CRYPTO,yfinance,1d
2023-05-02,0.06850799918174744,0.0697999969124794,0.06730999797582626,0.06924600154161453,223619552,TRX-USD,CRYPTO,yfinance,1d
2023-05-03,0.06924799829721451,0.06953799724578857,0.06836800277233124,0.06924500316381454,241038777,TRX-USD,CRYPTO,yfinance,1d
2023-05-04,0.06924600154161453,0.06962800025939941,0.06904999911785126,0.06945399940013885,175585119,TRX-USD,CRYPTO,yfinance,1d
2023-05-05,0.06945399940013885,0.07134199887514114,0.06944700330495834,0.07100299745798111,216516011,TRX-USD,CRYPTO,yfinance,1d
2023-05-06,0.07100299745798111,0.07113999873399734,0.06980700045824051,0.07032699882984161,184142912,TRX-USD,CRYPTO,yfinance,1d
2023-05-07,0.07032299786806107,0.07055500149726868,0.06929600238800049,0.0693420022726059,163121117,TRX-USD,CRYPTO,yfinance,1d
2023-05-08,0.06933700293302536,0.06941699981689453,0.06742899864912033,0.06843899935483932,221247793,TRX-USD,CRYPTO,yfinance,1d
2023-05-09,0.0684410035610199,0.06928399950265884,0.0680840015411377,0.06908100098371506,181444363,TRX-USD,CRYPTO,yfinance,1d
2023-05-10,0.06908400356769562,0.07030899822711945,0.06850600242614746,0.06940799951553345,220122062,TRX-USD,CRYPTO,yfinance,1d
2023-05-11,0.06941100209951401,0.0695360004901886,0.06695400178432465,0.06770499795675278,215941932,TRX-USD,CRYPTO,yfinance,1d
2023-05-12,0.0677030012011528,0.06918100267648697,0.06730599701404572,0.06909599900245667,215884738,TRX-USD,CRYPTO,yfinance,1d
2023-05-13,0.06909900158643723,0.06955000013113022,0.06855999678373337,0.06938000023365021,148244433,TRX-USD,CRYPTO,yfinance,1d
2023-05-14,0.06937599927186966,0.06973200291395187,0.06893999874591827,0.06940100342035294,150250447,TRX-USD,CRYPTO,yfinance,1d
2023-05-15,0.06940100342035294,0.07047899812459946,0.06921499967575073,0.0702420026063919,156324130,TRX-USD,CRYPTO,yfinance,1d
2023-05-16,0.0702430009841919,0.07072900235652924,0.07001999765634537,0.07055900245904922,177030609,TRX-USD,CRYPTO,yfinance,1d
2023-05-17,0.07055500149726868,0.07131999731063843,0.07031399756669998,0.07105199992656708,180958724,TRX-USD,CRYPTO,yfinance,1d
2023-05-18,0.0710579976439476,0.07134100049734116,0.06994999945163727,0.07027599960565567,188382376,TRX-USD,CRYPTO,yfinance,1d
2023-05-19,0.07027299702167511,0.0707779973745346,0.07014200091362,0.07067500054836273,138133276,TRX-USD,CRYPTO,yfinance,1d
2023-05-20,0.07067800313234329,0.0728909969329834,0.07057400047779083,0.0726500004529953,207049769,TRX-USD,CRYPTO,yfinance,1d
2023-05-21,0.07264500111341476,0.0764549970626831,0.07211899757385254,0.07512400299310684,337181123,TRX-USD,CRYPTO,yfinance,1d
2023-05-22,0.07512100040912628,0.07914700359106064,0.07432600110769272,0.07816799730062485,400941744,TRX-USD,CRYPTO,yfinance,1d
2023-05-23,0.07814600318670273,0.07933399826288223,0.07767099887132645,0.07848100364208221,233949094,TRX-USD,CRYPTO,yfinance,1d
2023-05-24,0.07848600298166275,0.07848600298166275,0.07650599628686905,0.0768980011343956,234035901,TRX-USD,CRYPTO,yfinance,1d
2023-05-25,0.07689099758863449,0.078186996281147,0.07670100033283234,0.0768129974603653,220218292,TRX-USD,CRYPTO,yfinance,1d
2023-05-26,0.07680899649858475,0.07734400033950806,0.07546500116586685,0.07548899948596954,207970256,TRX-USD,CRYPTO,yfinance,1d
2023-05-27,0.07548400014638901,0.07723899930715561,0.07527700066566467,0.07718899846076965,158329168,TRX-USD,CRYPTO,yfinance,1d
2023-05-28,0.07718399912118912,0.07793600112199783,0.07682599872350693,0.07744800299406052,171980184,TRX-USD,CRYPTO,yfinance,1d
2023-05-29,0.07744999974966049,0.0780469998717308,0.0761599987745285,0.0761599987745285,173443791,TRX-USD,CRYPTO,yfinance,1d
2023-05-30,0.07616099715232849,0.0770139992237091,0.07584500312805176,0.07640200108289719,188724764,TRX-USD,CRYPTO,yfinance,1d
2023-05-31,0.07640200108289719,0.07665000110864639,0.07516100257635117,0.07528200000524521,194967702,TRX-USD,CRYPTO,yfinance,1d
2023-06-01,0.07527399808168411,0.07542199641466141,0.07428000122308731,0.07477299869060516,162975054,TRX-USD,CRYPTO,yfinance,1d
2023-06-02,0.07477399706840515,0.0833439975976944,0.07469499856233597,0.08275400102138519,339773520,TRX-USD,CRYPTO,yfinance,1d
2023-06-03,0.08275499939918518,0.08561799675226212,0.08119399845600128,0.08183400332927704,531303825,TRX-USD,CRYPTO,yfinance,1d
2023-06-04,0.08183000236749649,0.08248499780893326,0.08032599836587906,0.08147799968719482,264302975,TRX-USD,CRYPTO,yfinance,1d
2023-06-05,0.08147899806499481,0.08177500218153,0.07754000276327133,0.07834699749946594,256099265,TRX-USD,CRYPTO,yfinance,1d
2023-06-06,0.07834699749946594,0.07916499674320221,0.07753100246191025,0.078234001994133,244259894,TRX-USD,CRYPTO,yfinance,1d
2023-06-07,0.07823000103235245,0.0788080021739006,0.07641100138425827,0.07674100250005722,218146752,TRX-USD,CRYPTO,yfinance,1d
2023-06-08,0.07674200087785721,0.07795900106430054,0.07624500244855881,0.07749500125646591,160011052,TRX-USD,CRYPTO,yfinance,1d
2023-06-09,0.07749799638986588,0.07833199948072433,0.0714149996638298,0.07198400050401688,303441320,TRX-USD,CRYPTO,yfinance,1d
2023-06-10,0.0719899982213974,0.07200399786233902,0.06527700275182724,0.06960099935531616,395427317,TRX-USD,CRYPTO,yfinance,1d
2023-06-11,0.06960400193929672,0.07057700306177139,0.06853900104761124,0.07017699629068375,157686552,TRX-USD,CRYPTO,yfinance,1d
2023-06-12,0.07017499953508377,0.07120499759912491,0.06940100342035294,0.07103300094604492,156857411,TRX-USD,CRYPTO,yfinance,1d
2023-06-13,0.07103999704122543,0.07256700098514557,0.07103999704122543,0.07191900163888931,178497059,TRX-USD,CRYPTO,yfinance,1d
2023-06-14,0.07191900163888931,0.07275400310754776,0.07021000236272812,0.0709649994969368,166316972,TRX-USD,CRYPTO,yfinance,1d
2023-06-15,0.07096900045871735,0.0719740018248558,0.06940200179815292,0.07095099985599518,196317063,TRX-USD,CRYPTO,yfinance,1d
2023-06-16,0.0709490031003952,0.07114800065755844,0.06910199671983719,0.07051499933004379,176525558,TRX-USD,CRYPTO,yfinance,1d
2023-06-17,0.07051700353622437,0.07166899740695953,0.07037200033664703,0.07159200310707092,133558906,TRX-USD,CRYPTO,yfinance,1d
2023-06-18,0.07159099727869034,0.07197699695825577,0.06986500322818756,0.07012099772691727,147583377,TRX-USD,CRYPTO,yfinance,1d
2023-06-19,0.07012099772691727,0.07027000188827515,0.06957799941301346,0.06996899843215942,142064691,TRX-USD,CRYPTO,yfinance,1d
2023-06-20,0.06996899843215942,0.07060100138187408,0.06821899861097336,0.07059100270271301,198690663,TRX-USD,CRYPTO,yfinance,1d
2023-06-21,0.07058800011873245,0.0726500004529953,0.07040400058031082,0.07238399982452393,230525361,TRX-USD,CRYPTO,yfinance,1d
2023-06-22,0.07237999886274338,0.0740320011973381,0.07157699763774872,0.0719359964132309,189639822,TRX-USD,CRYPTO,yfinance,1d
2023-06-23,0.07194799929857254,0.07358899712562561,0.07160799950361252,0.07315199822187424,176505028,TRX-USD,CRYPTO,yfinance,1d
2023-06-24,0.07315400242805481,0.07341299951076508,0.0716949999332428,0.07224699854850769,147193406,TRX-USD,CRYPTO,yfinance,1d
2023-06-25,0.07224799692630768,0.07363799959421158,0.07214800268411636,0.07320400327444077,144466984,TRX-USD,CRYPTO,yfinance,1d
2023-06-26,0.07320199906826019,0.07457999885082245,0.07245799899101257,0.07377299666404724,173527560,TRX-USD,CRYPTO,yfinance,1d
2023-06-27,0.0737759992480278,0.07533299922943115,0.0737759992480278,0.074413001537323,150660903,TRX-USD,CRYPTO,yfinance,1d
2023-06-28,0.07441700249910355,0.0744979977607727,0.0728669986128807,0.07374399900436401,155067955,TRX-USD,CRYPTO,yfinance,1d
2023-06-29,0.07374099642038345,0.07473299652338028,0.07349900156259537,0.07444699853658676,146670527,TRX-USD,CRYPTO,yfinance,1d
2023-06-30,0.07444299757480621,0.07673999667167664,0.07430700212717056,0.07620500028133392,229107503,TRX-USD,CRYPTO,yfinance,1d
2023-07-01,0.07620999962091446,0.07766500115394592,0.07611600309610367,0.07721299678087234,157022109,TRX-USD,CRYPTO,yfinance,1d
2023-07-02,0.07721400260925293,0.07731299847364426,0.0754769966006279,0.07598599791526794,143086068,TRX-USD,CRYPTO,yfinance,1d
2023-07-03,0.07598400115966797,0.07781700044870377,0.07585100084543228,0.07733999937772751,150965021,TRX-USD,CRYPTO,yfinance,1d
2023-07-04,0.07734300196170807,0.07833299785852432,0.07706999778747559,0.07706999778747559,150713422,TRX-USD,CRYPTO,yfinance,1d
2023-07-05,0.0770760029554367,0.07788500189781189,0.07669299840927124,0.07707200199365616,154386341,TRX-USD,CRYPTO,yfinance,1d
2023-07-06,0.07707100361585617,0.07853200286626816,0.07699400186538696,0.07719500362873077,168248868,TRX-USD,CRYPTO,yfinance,1d
2023-07-07,0.07718600332736969,0.0794840008020401,0.07692199945449829,0.07879099994897842,164509056,TRX-USD,CRYPTO,yfinance,1d
2023-07-08,0.07878799736499786,0.08005200326442719,0.07873599976301193,0.08005200326442719,138044936,TRX-USD,CRYPTO,yfinance,1d
2023-07-09,0.08004699647426605,0.08038900047540665,0.07746999710798264,0.07753399759531021,151299430,TRX-USD,CRYPTO,yfinance,1d
2023-07-10,0.0775350034236908,0.07798299938440323,0.0764399990439415,0.07758700102567673,171564500,TRX-USD,CRYPTO,yfinance,1d
2023-07-11,0.07758700102567673,0.07758700102567673,0.07684899866580963,0.07734899967908859,133545108,TRX-USD,CRYPTO,yfinance,1d
2023-07-12,0.07734899967908859,0.07807999849319458,0.07719500362873077,0.07785099744796753,133008012,TRX-USD,CRYPTO,yfinance,1d
2023-07-13,0.07784800231456757,0.08202099800109863,0.07774599641561508,0.0816430002450943,234522385,TRX-USD,CRYPTO,yfinance,1d
2023-07-14,0.08164600282907486,0.08222299814224243,0.07908499985933304,0.07987599819898605,220444579,TRX-USD,CRYPTO,yfinance,1d
2023-07-15,0.07987300306558609,0.08154699951410294,0.07987300306558609,0.0808430016040802,181355334,TRX-USD,CRYPTO,yfinance,1d
2023-07-16,0.08083900064229965,0.08094000071287155,0.07924699783325195,0.07981900125741959,150273704,TRX-USD,CRYPTO,yfinance,1d
2023-07-17,0.0798180028796196,0.08048500120639801,0.07908599823713303,0.07995899766683578,158031688,TRX-USD,CRYPTO,yfinance,1d
2023-07-18,0.07995499670505524,0.08088500052690506,0.0792040005326271,0.0797789990901947,154140875,TRX-USD,CRYPTO,yfinance,1d
2023-07-19,0.07977800071239471,0.08040499687194824,0.07938399910926819,0.08027300238609314,161844857,TRX-USD,CRYPTO,yfinance,1d
2023-07-20,0.08027099817991257,0.08093699812889099,0.07938399910926819,0.08068399876356125,175730416,TRX-USD,CRYPTO,yfinance,1d
2023-07-21,0.08068700134754181,0.08146099746227264,0.08051799982786179,0.08056200295686722,165162652,TRX-USD,CRYPTO,yfinance,1d
2023-07-22,0.08055800199508667,0.09317400306463242,0.08035100251436234,0.08381599932909012,832082013,TRX-USD,CRYPTO,yfinance,1d
2023-07-23,0.08383499830961227,0.08489300310611725,0.08295600116252899,0.08336299657821655,247135687,TRX-USD,CRYPTO,yfinance,1d
2023-07-24,0.0833590030670166,0.08336599916219711,0.08060099929571152,0.08148200064897537,225684366,TRX-USD,CRYPTO,yfinance,1d
2023-07-25,0.08148500323295593,0.08209200203418732,0.08042900264263153,0.08188900351524353,216618949,TRX-USD,CRYPTO,yfinance,1d
2023-07-26,0.0818919986486435,0.08250900357961655,0.08064600080251694,0.08234599977731705,228353399,TRX-USD,CRYPTO,yfinance,1d
2023-07-27,0.08234799653291702,0.08295899629592896,0.08212099969387054,0.08255299925804138,206082067,TRX-USD,CRYPTO,yfinance,1d
2023-07-28,0.08255399763584137,0.08531200140714645,0.08255399763584137,0.08521199971437454,233743862,TRX-USD,CRYPTO,yfinance,1d
2023-07-29,0.08519499748945236,0.08526600152254105,0.08314599841833115,0.0832820013165474,179457761,TRX-USD,CRYPTO,yfinance,1d
2023-07-30,0.0832820013165474,0.0836469978094101,0.07948499917984009,0.08002600073814392,233497363,TRX-USD,CRYPTO,yfinance,1d
2023-07-31,0.0800279974937439,0.08027900010347366,0.07760199904441833,0.0779770016670227,252431660,TRX-USD,CRYPTO,yfinance,1d
2023-08-01,0.0779770016670227,0.07859399914741516,0.07704400271177292,0.07859399914741516,219695489,TRX-USD,CRYPTO,yfinance,1d
2023-08-02,0.07857800275087357,0.07864700257778168,0.07641299813985825,0.0764549970626831,207829852,TRX-USD,CRYPTO,yfinance,1d
2023-08-03,0.0764549970626831,0.07742100208997726,0.0762460008263588,0.07709600031375885,176736320,TRX-USD,CRYPTO,yfinance,1d
2023-08-04,0.07709600031375885,0.0777759999036789,0.07632199674844742,0.0767040029168129,167917309,TRX-USD,CRYPTO,yfinance,1d
2023-08-05,0.07670599967241287,0.07751300185918808,0.07592599838972092,0.07738299667835236,177803134,TRX-USD,CRYPTO,yfinance,1d
2023-08-06,0.0773869976401329,0.07747899740934372,0.0766260027885437,0.07684800028800964,143000099,TRX-USD,CRYPTO,yfinance,1d
2023-08-07,0.07684800028800964,0.07710900157690048,0.0761139988899231,0.0767429992556572,176365013,TRX-USD,CRYPTO,yfinance,1d
2023-08-08,0.07674200087785721,0.07709900289773941,0.076214998960495,0.07679200172424316,180371011,TRX-USD,CRYPTO,yfinance,1d
2023-08-09,0.0767970010638237,0.07701999694108963,0.076214998960495,0.0767119973897934,194821881,TRX-USD,CRYPTO,yfinance,1d
2023-08-10,0.07671400159597397,0.07747600227594376,0.07668399810791016,0.0772550031542778,157176421,TRX-USD,CRYPTO,yfinance,1d
2023-08-11,0.07725399732589722,0.07736600190401077,0.07684300094842911,0.07715599983930588,147827385,TRX-USD,CRYPTO,yfinance,1d
2023-08-12,0.07715599983930588,0.07749400287866592,0.07715000212192535,0.0774490013718605,127324265,TRX-USD,CRYPTO,yfinance,1d
2023-08-13,0.07745199650526047,0.07757800072431564,0.07700099796056747,0.0771080031991005,144796321,TRX-USD,CRYPTO,yfinance,1d
2023-08-14,0.07711199671030045,0.07753899693489075,0.07703399658203125,0.07743500173091888,170411109,TRX-USD,CRYPTO,yfinance,1d
2023-08-15,0.0774340033531189,0.07743900269269943,0.07627099752426147,0.0762770026922226,162346285,TRX-USD,CRYPTO,yfinance,1d
2023-08-16,0.07627899944782257,0.07664500176906586,0.0743890032172203,0.07460100203752518,206757605,TRX-USD,CRYPTO,yfinance,1d
2023-08-17,0.07459499686956406,0.07534699887037277,0.07206200063228607,0.07274200022220612,293806022,TRX-USD,CRYPTO,yfinance,1d
2023-08-18,0.07273700088262558,0.07339800149202347,0.0720679983496666,0.0729990005493164,214674143,TRX-USD,CRYPTO,yfinance,1d
2023-08-19,0.07300200313329697,0.07416500151157379,0.07297199964523315,0.07407599687576294,140745870,TRX-USD,CRYPTO,yfinance,1d
2023-08-20,0.07407599687576294,0.07624100148677826,0.07407400012016296,0.07590200006961823,156526807,TRX-USD,CRYPTO,yfinance,1d
2023-08-21,0.0759039968252182,0.0761760026216507,0.0742579996585846,0.07512299716472626,182098796,TRX-USD,CRYPTO,yfinance,1d
2023-08-22,0.07511799782514572,0.07549300044775009,0.07444000244140625,0.07543099671602249,163227059,TRX-USD,CRYPTO,yfinance,1d
2023-08-23,0.07542899996042252,0.07780300080776215,0.07542599737644196,0.07759799808263779,192175125,TRX-USD,CRYPTO,yfinance,1d
2023-08-24,0.07759799808263779,0.07790300250053406,0.07626499980688095,0.0765409991145134,167432407,TRX-USD,CRYPTO,yfinance,1d
2023-08-25,0.07655400037765503,0.0773169994354248,0.07631099969148636,0.07720199972391129,174447305,TRX-USD,CRYPTO,yfinance,1d
2023-08-26,0.07720199972391129,0.07755099982023239,0.07716400176286697,0.07743199914693832,122098369,TRX-USD,CRYPTO,yfinance,1d
2023-08-27,0.07743000239133835,0.07753600180149078,0.07718600332736969,0.07751499861478806,115622858,TRX-USD,CRYPTO,yfinance,1d
2023-08-28,0.07751499861478806,0.07752499729394913,0.0762920007109642,0.07638300210237503,146293864,TRX-USD,CRYPTO,yfinance,1d
2023-08-29,0.07638099789619446,0.07798899710178375,0.07592599838972092,0.077333003282547,205229425,TRX-USD,CRYPTO,yfinance,1d
2023-08-30,0.07733500003814697,0.0773409977555275,0.07548800110816956,0.07562699913978577,176403792,TRX-USD,CRYPTO,yfinance,1d
2023-08-31,0.07563400268554688,0.07688800245523453,0.07531700283288956,0.07671400159597397,184954077,TRX-USD,CRYPTO,yfinance,1d
2023-09-01,0.07671400159597397,0.07742399722337723,0.07580599933862686,0.07609300315380096,188298937,TRX-USD,CRYPTO,yfinance,1d
2023-09-02,0.07609300315380096,0.0771469995379448,0.07602100074291229,0.07703199982643127,129054735,TRX-USD,CRYPTO,yfinance,1d
2023-09-03,0.07703299820423126,0.07709400355815887,0.07670500129461288,0.07704100012779236,107374126,TRX-USD,CRYPTO,yfinance,1d
2023-09-04,0.07703900337219238,0.07745499908924103,0.0767429992556572,0.07743000239133835,142347287,TRX-USD,CRYPTO,yfinance,1d
2023-09-05,0.07743299752473831,0.07771500200033188,0.07710599899291992,0.0774179995059967,137744760,TRX-USD,CRYPTO,yfinance,1d
2023-09-06,0.07742200046777725,0.07886099815368652,0.07736500352621078,0.07885999977588654,191576576,TRX-USD,CRYPTO,yfinance,1d
2023-09-07,0.0788630023598671,0.07929400354623795,0.07870899885892868,0.0790409967303276,156830179,TRX-USD,CRYPTO,yfinance,1d
2023-09-08,0.07905100286006927,0.07944700121879578,0.07836399972438812,0.07912500202655792,128452654,TRX-USD,CRYPTO,yfinance,1d
2023-09-09,0.07912199944257736,0.07917600125074387,0.0787310004234314,0.07914900034666061,95346936,TRX-USD,CRYPTO,yfinance,1d
2023-09-10,0.07915099710226059,0.07915099710226059,0.07787299901247025,0.07832799851894379,118374750,TRX-USD,CRYPTO,yfinance,1d
2023-09-11,0.0783270001411438,0.07878100126981735,0.07710099965333939,0.07750499993562698,167213713,TRX-USD,CRYPTO,yfinance,1d
2023-09-12,0.07750699669122696,0.0823419988155365,0.07746800035238266,0.08078400045633316,294848591,TRX-USD,CRYPTO,yfinance,1d
2023-09-13,0.08079300075769424,0.08136200159788132,0.08035100251436234,0.08118300139904022,182359085,TRX-USD,CRYPTO,yfinance,1d
2023-09-14,0.08118399977684021,0.08391399681568146,0.08111099898815155,0.08369400352239609,214594731,TRX-USD,CRYPTO,yfinance,1d
2023-09-15,0.08369799703359604,0.08412700146436691,0.08306100219488144,0.08404099941253662,199026196,TRX-USD,CRYPTO,yfinance,1d
2023-09-16,0.08403900265693665,0.08444800227880478,0.08338399976491928,0.08351899683475494,144840486,TRX-USD,CRYPTO,yfinance,1d
2023-09-17,0.08351799845695496,0.08382699638605118,0.08317399770021439,0.08337999880313873,131356022,TRX-USD,CRYPTO,yfinance,1d
2023-09-18,0.08337900042533875,0.08479099720716476,0.08315999805927277,0.08404500037431717,179583234,TRX-USD,CRYPTO,yfinance,1d
2023-09-19,0.08403400331735611,0.08483699709177017,0.08381400257349014,0.08458799868822098,156849702,TRX-USD,CRYPTO,yfinance,1d
2023-09-20,0.08458899706602097,0.08500500023365021,0.08424200117588043,0.0845090001821518,147910377,TRX-USD,CRYPTO,yfinance,1d
2023-09-21,0.08450700342655182,0.08472900092601776,0.08292199671268463,0.0830719992518425,211943139,TRX-USD,CRYPTO,yfinance,1d
2023-09-22,0.08307100087404251,0.08419100195169449,0.08294299989938736,0.08337300270795822,159466757,TRX-USD,CRYPTO,yfinance,1d
2023-09-23,0.08336800336837769,0.08388199657201767,0.08327600359916687,0.08363500237464905,116509236,TRX-USD,CRYPTO,yfinance,1d
2023-09-24,0.08363699913024902,0.08444499969482422,0.08352799713611603,0.08361200243234634,116463706,TRX-USD,CRYPTO,yfinance,1d
2023-09-25,0.08361300081014633,0.08462599664926529,0.08337099850177765,0.08460800349712372,157124183,TRX-USD,CRYPTO,yfinance,1d
2023-09-26,0.08460699766874313,0.0849120020866394,0.08425799757242203,0.084647998213768,144903897,TRX-USD,CRYPTO,yfinance,1d
2023-09-27,0.08466300368309021,0.0859299972653389,0.08465900272130966,0.08541499823331833,166632347,TRX-USD,CRYPTO,yfinance,1d
2023-09-28,0.0854170024394989,0.08674400299787521,0.08447200059890747,0.08672399818897247,169612028,TRX-USD,CRYPTO,yfinance,1d
2023-09-29,0.08674599975347519,0.08977500349283218,0.08672299981117249,0.08913999795913696,229860537,TRX-USD,CRYPTO,yfinance,1d
2023-09-30,0.08914300054311752,0.08930499851703644,0.08848199993371964,0.08868400007486343,124895442,TRX-USD,CRYPTO,yfinance,1d
2023-10-01,0.0886790007352829,0.09031499922275543,0.08809799700975418,0.09011799842119217,150130603,TRX-USD,CRYPTO,yfinance,1d
2023-10-02,0.09011399745941162,0.09029000252485275,0.08743000030517578,0.08756600320339203,197202684,TRX-USD,CRYPTO,yfinance,1d
2023-10-03,0.08755800127983093,0.09085799753665924,0.08741699904203415,0.09085799753665924,219892593,TRX-USD,CRYPTO,yfinance,1d
2023-10-04,0.09086699783802032,0.09086699783802032,0.08830799907445908,0.08899900317192078,209971945,TRX-USD,CRYPTO,yfinance,1d
2023-10-05,0.08900000154972076,0.0894870012998581,0.08824200183153152,0.08827599883079529,164533914,TRX-USD,CRYPTO,yfinance,1d
2023-10-06,0.08827400207519531,0.08890099823474884,0.08549299836158752,0.0872659981250763,237318251,TRX-USD,CRYPTO,yfinance,1d
2023-10-07,0.0872649997472763,0.08840499818325043,0.08724399656057358,0.08812899887561798,137050862,TRX-USD,CRYPTO,yfinance,1d
2023-10-08,0.08813399821519852,0.08840099722146988,0.08757200092077255,0.08802399784326553,102573431,TRX-USD,CRYPTO,yfinance,1d
2023-10-09,0.08802299946546555,0.08828400075435638,0.08566799759864807,0.08619900047779083,165266430,TRX-USD,CRYPTO,yfinance,1d
2023-10-10,0.08620200306177139,0.08665700256824493,0.08609600365161896,0.08627499639987946,133973983,TRX-USD,CRYPTO,yfinance,1d
2023-10-11,0.08627299964427948,0.08653099834918976,0.08569200336933136,0.08602599799633026,170578364,TRX-USD,CRYPTO,yfinance,1d
2023-10-12,0.08602499961853027,0.08649899810552597,0.0848269984126091,0.08486700057983398,144336437,TRX-USD,CRYPTO,yfinance,1d
2023-10-13,0.08486499637365341,0.08572199940681458,0.0847959965467453,0.08548100292682648,129011198,TRX-USD,CRYPTO,yfinance,1d
2023-10-14,0.0854789987206459,0.08571500331163406,0.08505400270223618,0.08505900204181671,113893539,TRX-USD,CRYPTO,yfinance,1d
2023-10-15,0.08506099879741669,0.08671099692583084,0.08487100154161453,0.0866829976439476,185613393,TRX-USD,CRYPTO,yfinance,1d
2023-10-16,0.08668400347232819,0.08919399976730347,0.08664300292730331,0.08891399949789047,239895827,TRX-USD,CRYPTO,yfinance,1d
2023-10-17,0.08891300112009048,0.08891600370407104,0.08772599697113037,0.08856400102376938,170690298,TRX-USD,CRYPTO,yfinance,1d
2023-10-18,0.0885699987411499,0.08945699781179428,0.0885080024600029,0.08921299874782562,182808917,TRX-USD,CRYPTO,yfinance,1d
2023-10-19,0.08921000361442566,0.08997300267219543,0.08855299651622772,0.08996900171041489,176537551,TRX-USD,CRYPTO,yfinance,1d
2023-10-20,0.0899680033326149,0.09203600138425827,0.08996199816465378,0.09076099842786789,227444174,TRX-USD,CRYPTO,yfinance,1d
2023-10-21,0.09076400101184845,0.09182199835777283,0.09064999967813492,0.0915990024805069,175563451,TRX-USD,CRYPTO,yfinance,1d
2023-10-22,0.09160199761390686,0.09189099818468094,0.08982100337743759,0.09038099646568298,174571243,TRX-USD,CRYPTO,yfinance,1d
2023-10-23,0.09039399772882462,0.09283000230789185,0.09016499668359756,0.09223800152540207,301555123,TRX-USD,CRYPTO,yfinance,1d
2023-10-24,0.09222599864006042,0.09387599676847458,0.09196999669075012,0.09235300123691559,329845514,TRX-USD,CRYPTO,yfinance,1d
2023-10-25,0.09236100316047668,0.09407500177621841,0.09236100316047668,0.09348999708890915,226287820,TRX-USD,CRYPTO,yfinance,1d
2023-10-26,0.0934939980506897,0.09375700354576111,0.09209299832582474,0.0928419977426529,206472961,TRX-USD,CRYPTO,yfinance,1d
2023-10-27,0.09284500032663345,0.0939520001411438,0.09268700331449509,0.09362799674272537,186299988,TRX-USD,CRYPTO,yfinance,1d
2023-10-28,0.09362500160932541,0.09459900110960007,0.09337799996137619,0.0943320021033287,159783858,TRX-USD,CRYPTO,yfinance,1d
2023-10-29,0.09432899951934814,0.0951630026102066,0.0942469984292984,0.09487900137901306,142054658,TRX-USD,CRYPTO,yfinance,1d
2023-10-30,0.0948759987950325,0.0956370010972023,0.09415899962186813,0.09561099857091904,186783744,TRX-USD,CRYPTO,yfinance,1d
2023-10-31,0.09561300277709961,0.09717299789190292,0.09561000019311905,0.09717299789190292,264955245,TRX-USD,CRYPTO,yfinance,1d
2023-11-01,0.0971670001745224,0.10050000250339508,0.09701800346374512,0.10025600343942642,355168812,TRX-USD,CRYPTO,yfinance,1d
2023-11-02,0.10025499761104584,0.10095299780368805,0.09872599691152573,0.0992949977517128,248476068,TRX-USD,CRYPTO,yfinance,1d
2023-11-03,0.09929099678993225,0.09929099678993225,0.09724900126457214,0.09731300175189972,219639698,TRX-USD,CRYPTO,yfinance,1d
2023-11-04,0.09731999784708023,0.09819400310516357,0.09707900136709213,0.09777799993753433,164825258,TRX-USD,CRYPTO,yfinance,1d
2023-11-05,0.0977649986743927,0.09901700168848038,0.09750299900770187,0.09821999818086624,165027505,TRX-USD,CRYPTO,yfinance,1d
2023-11-06,0.09821999818086624,0.09902899712324142,0.09670999646186829,0.09772200137376785,214742277,TRX-USD,CRYPTO,yfinance,1d
2023-11-07,0.09772100299596786,0.09787700325250626,0.09606800228357315,0.09667100012302399,221778811,TRX-USD,CRYPTO,yfinance,1d
2023-11-08,0.09667100012302399,0.09860800206661224,0.09646300226449966,0.09841199964284897,206131116,TRX-USD,CRYPTO,yfinance,1d
2023-11-09,0.09840799868106842,0.10079800337553024,0.09748700261116028,0.09890300035476685,337814624,TRX-USD,CRYPTO,yfinance,1d
2023-11-10,0.0989060029387474,0.11151900142431259,0.0989060029387474,0.1062380000948906,776939025,TRX-USD,CRYPTO,yfinance,1d
2023-11-11,0.10623499751091003,0.10890199989080429,0.1050800010561943,0.10798899829387665,261955668,TRX-USD,CRYPTO,yfinance,1d
2023-11-12,0.10798799991607666,0.10883499681949615,0.10659900307655334,0.10841099917888641,222855732,TRX-USD,CRYPTO,yfinance,1d
2023-11-13,0.10841800272464752,0.11059299856424332,0.10715200006961823,0.10715200006961823,296261795,TRX-USD,CRYPTO,yfinance,1d
2023-11-14,0.10714499652385712,0.10714499652385712,0.10217399895191193,0.10227499902248383,313182455,TRX-USD,CRYPTO,yfinance,1d
2023-11-15,0.10227800160646439,0.10467100143432617,0.10227499902248383,0.10410500317811966,303520303,TRX-USD,CRYPTO,yfinance,1d
2023-11-16,0.10410799831151962,0.10470599681138992,0.10163599997758865,0.10239599645137787,263886939,TRX-USD,CRYPTO,yfinance,1d
2023-11-17,0.10240499675273895,0.10388699918985367,0.10197500139474869,0.10367400199174881,231161206,TRX-USD,CRYPTO,yfinance,1d
2023-11-18,0.10367400199174881,0.10372400283813477,0.10157699882984161,0.10300599783658981,192057426,TRX-USD,CRYPTO,yfinance,1d
2023-11-19,0.10300800204277039,0.10386600345373154,0.10197199881076813,0.10349900275468826,177524933,TRX-USD,CRYPTO,yfinance,1d
2023-11-20,0.10350300371646881,0.10503199696540833,0.10107599943876266,0.10112100094556808,254396121,TRX-USD,CRYPTO,yfinance,1d
2023-11-21,0.10111100226640701,0.10200099647045135,0.09599699825048447,0.09624599665403366,329930004,TRX-USD,CRYPTO,yfinance,1d
2023-11-22,0.09625600278377533,0.10187099874019623,0.09612900018692017,0.10123699903488159,359844115,TRX-USD,CRYPTO,yfinance,1d
2023-11-23,0.10123100131750107,0.1021530032157898,0.10098899900913239,0.10208400338888168,188298352,TRX-USD,CRYPTO,yfinance,1d
2023-11-24,0.10208100080490112,0.10527800023555756,0.10208000242710114,0.10472100228071213,329356342,TRX-USD,CRYPTO,yfinance,1d
2023-11-25,0.10471999645233154,0.1088239997625351,0.10462599992752075,0.10881099849939346,298382396,TRX-USD,CRYPTO,yfinance,1d
2023-11-26,0.108815997838974,0.10988400131464005,0.10727199912071228,0.10785400122404099,231468428,TRX-USD,CRYPTO,yfinance,1d
2023-11-27,0.10784299671649933,0.10792999714612961,0.10203099995851517,0.10209900140762329,298597103,TRX-USD,CRYPTO,yfinance,1d
2023-11-28,0.10210099816322327,0.10374800115823746,0.10032700002193451,0.10304299741983414,322767749,TRX-USD,CRYPTO,yfinance,1d
2023-11-29,0.10304100066423416,0.10405299812555313,0.10292799770832062,0.10354399681091309,238729774,TRX-USD,CRYPTO,yfinance,1d
2023-11-30,0.10354200005531311,0.10423599928617477,0.10301999747753143,0.10351499915122986,237850679,TRX-USD,CRYPTO,yfinance,1d
2023-12-01,0.10351400077342987,0.10412999987602234,0.10288900136947632,0.10317700356245041,221433774,TRX-USD,CRYPTO,yfinance,1d
2023-12-02,0.1031780019402504,0.10353799909353256,0.10249199718236923,0.10328599810600281,185994290,TRX-USD,CRYPTO,yfinance,1d
2023-12-03,0.10329599678516388,0.1039389967918396,0.10281199961900711,0.1031619980931282,210464602,TRX-USD,CRYPTO,yfinance,1d
2023-12-04,0.1031619980931282,0.10568699985742569,0.1025020033121109,0.10384800285100937,329972486,TRX-USD,CRYPTO,yfinance,1d
2023-12-05,0.10384199768304825,0.10410299897193909,0.10261400043964386,0.10364499688148499,270593797,TRX-USD,CRYPTO,yfinance,1d
2023-12-06,0.1036510020494461,0.1057479977607727,0.10259699821472168,0.10479799658060074,365114587,TRX-USD,CRYPTO,yfinance,1d
2023-12-07,0.10482300072908401,0.10550300031900406,0.10314399749040604,0.1042260006070137,242231940,TRX-USD,CRYPTO,yfinance,1d
2023-12-08,0.10423099994659424,0.10719999670982361,0.10420999675989151,0.10671599954366684,311278546,TRX-USD,CRYPTO,yfinance,1d
2023-12-09,0.1067190021276474,0.1086530014872551,0.10662800073623657,0.10667499899864197,284051196,TRX-USD,CRYPTO,yfinance,1d
2023-12-10,0.10668499767780304,0.10838600248098373,0.10665000230073929,0.10782299935817719,232567606,TRX-USD,CRYPTO,yfinance,1d
2023-12-11,0.10781600326299667,0.1079069972038269,0.10238199681043625,0.10378699749708176,380408061,TRX-USD,CRYPTO,yfinance,1d
2023-12-12,0.10378800332546234,0.10506799817085266,0.1029840037226677,0.10362599790096283,244770706,TRX-USD,CRYPTO,yfinance,1d
2023-12-13,0.10362499952316284,0.10448499768972397,0.1020980030298233,0.10429999977350235,259812575,TRX-USD,CRYPTO,yfinance,1d
2023-12-14,0.10429800301790237,0.10609299689531326,0.10407499969005585,0.10598500072956085,242250054,TRX-USD,CRYPTO,yfinance,1d
2023-12-15,0.10598699748516083,0.1062140017747879,0.10154099762439728,0.1015629991889,259883394,TRX-USD,CRYPTO,yfinance,1d
2023-12-16,0.1015700027346611,0.10308600217103958,0.10127799957990646,0.10275600105524063,200963120,TRX-USD,CRYPTO,yfinance,1d
2023-12-17,0.10275299847126007,0.10325100272893906,0.10202600061893463,0.10211099684238434,179934289,TRX-USD,CRYPTO,yfinance,1d
2023-12-18,0.1021059975028038,0.1021059975028038,0.09805099666118622,0.10091199725866318,284455154,TRX-USD,CRYPTO,yfinance,1d
2023-12-19,0.10091900080442429,0.10150700062513351,0.1000870019197464,0.10057400166988373,207746308,TRX-USD,CRYPTO,yfinance,1d
2023-12-20,0.10057300329208374,0.10329700261354446,0.10057300329208374,0.10269799828529358,203535146,TRX-USD,CRYPTO,yfinance,1d
2023-12-21,0.1027040034532547,0.1048860028386116,0.1027040034532547,0.10467000305652618,206355982,TRX-USD,CRYPTO,yfinance,1d
2023-12-22,0.10466799885034561,0.10515400022268295,0.10407800227403641,0.10512900352478027,207941510,TRX-USD,CRYPTO,yfinance,1d
2023-12-23,0.10513299703598022,0.10699699819087982,0.10421299934387207,0.10677599906921387,202317893,TRX-USD,CRYPTO,yfinance,1d
2023-12-24,0.10678800195455551,0.10750400274991989,0.10563299804925919,0.10638999938964844,225415800,TRX-USD,CRYPTO,yfinance,1d
2023-12-25,0.10639099776744843,0.10835900157690048,0.10569500178098679,0.10593300312757492,261129592,TRX-USD,CRYPTO,yfinance,1d
2023-12-26,0.10593199729919434,0.1064400002360344,0.1023309975862503,0.1030689999461174,289744158,TRX-USD,CRYPTO,yfinance,1d
2023-12-27,0.10306800156831741,0.10546299815177917,0.10259900242090225,0.10540899634361267,215294654,TRX-USD,CRYPTO,yfinance,1d
2023-12-28,0.10541799664497375,0.10644499957561493,0.1046769991517067,0.10559999942779541,251909690,TRX-USD,CRYPTO,yfinance,1d
2023-12-29,0.10559999942779541,0.10682900249958038,0.10491199791431427,0.10568899661302567,245388399,TRX-USD,CRYPTO,yfinance,1d
2023-12-30,0.10568699985742569,0.10699400305747986,0.10529699921607971,0.10598500072956085,197786642,TRX-USD,CRYPTO,yfinance,1d
2023-12-31,0.1059809997677803,0.10895799845457077,0.10574500262737274,0.10767299681901932,206209443,TRX-USD,CRYPTO,yfinance,1d
2024-01-01,0.10768699645996094,0.10828100144863129,0.10625699907541275,0.10781200230121613,196859913,TRX-USD,CRYPTO,yfinance,1d
2024-01-02,0.10781700164079666,0.11055199801921844,0.10770600289106369,0.10836400091648102,284111603,TRX-USD,CRYPTO,yfinance,1d
2024-01-03,0.10837200284004211,0.1099419966340065,0.10383500158786774,0.10682599991559982,414418343,TRX-USD,CRYPTO,yfinance,1d
2024-01-04,0.10682100057601929,0.10867200046777725,0.10667300224304199,0.10708499699831009,279585286,TRX-USD,CRYPTO,yfinance,1d
2024-01-05,0.10708100348711014,0.1072240024805069,0.10352999716997147,0.10446000099182129,273609126,TRX-USD,CRYPTO,yfinance,1d
2024-01-06,0.10446099936962128,0.10448399931192398,0.10202600061893463,0.10391700267791748,207408616,TRX-USD,CRYPTO,yfinance,1d
2024-01-07,0.10391300171613693,0.1041790023446083,0.10275900363922119,0.1028980016708374,168263086,TRX-USD,CRYPTO,yfinance,1d
2024-01-08,0.1029060035943985,0.1043199971318245,0.10135599970817566,0.10428500175476074,279910402,TRX-USD,CRYPTO,yfinance,1d
2024-01-09,0.10429300367832184,0.1045209988951683,0.10169100016355515,0.10276799649000168,267455370,TRX-USD,CRYPTO,yfinance,1d
2024-01-10,0.10276500135660172,0.10578600317239761,0.10276500135660172,0.10529100149869919,314121921,TRX-USD,CRYPTO,yfinance,1d
2024-01-11,0.10529399663209915,0.10754500329494476,0.10481099784374237,0.10622700303792953,338623355,TRX-USD,CRYPTO,yfinance,1d
2024-01-12,0.10621800273656845,0.10800699889659882,0.10582800209522247,0.10692299902439117,342062902,TRX-USD,CRYPTO,yfinance,1d
2024-01-13,0.10690999776124954,0.1159610003232956,0.10625600069761276,0.11414899677038193,615120221,TRX-USD,CRYPTO,yfinance,1d
2024-01-14,0.11415000259876251,0.1175139993429184,0.11113200336694717,0.11115500330924988,363975277,TRX-USD,CRYPTO,yfinance,1d
2024-01-15,0.11114100366830826,0.11430899798870087,0.1078919991850853,0.10873199999332428,334592688,TRX-USD,CRYPTO,yfinance,1d
2024-01-16,0.10870999842882156,0.11039300262928009,0.1075420007109642,0.10807199776172638,274895783,TRX-USD,CRYPTO,yfinance,1d
2024-01-17,0.10806500166654587,0.10919299721717834,0.10750400274991989,0.10830499976873398,219179246,TRX-USD,CRYPTO,yfinance,1d
2024-01-18,0.10830800235271454,0.1097090020775795,0.1070370003581047,0.10797999799251556,266078534,TRX-USD,CRYPTO,yfinance,1d
2024-01-19,0.10798200219869614,0.11036600172519684,0.10692799836397171,0.11035799980163574,282699968,TRX-USD,CRYPTO,yfinance,1d
2024-01-20,0.11035999655723572,0.11064200103282928,0.10976400226354599,0.10990100353956223,177047400,TRX-USD,CRYPTO,yfinance,1d
2024-01-21,0.10990399867296219,0.11146300286054611,0.1088699996471405,0.1088699996471405,184387378,TRX-USD,CRYPTO,yfinance,1d
2024-01-22,0.10888200253248215,0.10971199721097946,0.10801800340414047,0.10916999727487564,264631698,TRX-USD,CRYPTO,yfinance,1d
2024-01-23,0.10916800051927567,0.10980100184679031,0.10610800236463547,0.10715799778699875,310839292,TRX-USD,CRYPTO,yfinance,1d
2024-01-24,0.10715799778699875,0.10876400023698807,0.10687799751758575,0.10871899873018265,217739892,TRX-USD,CRYPTO,yfinance,1d
2024-01-25,0.10872100293636322,0.11236699670553207,0.10867899656295776,0.11207800358533859,264212763,TRX-USD,CRYPTO,yfinance,1d
2024-01-26,0.11207599937915802,0.11518000066280365,0.11207100003957748,0.11452200263738632,280239978,TRX-USD,CRYPTO,yfinance,1d
2024-01-27,0.11451099812984467,0.1163259968161583,0.11220800131559372,0.112466000020504,231608311,TRX-USD,CRYPTO,yfinance,1d
2024-01-28,0.11245899647474289,0.11345800012350082,0.11166299879550934,0.11220599710941315,206277152,TRX-USD,CRYPTO,yfinance,1d
2024-01-29,0.11220300197601318,0.11425100266933441,0.11207400262355804,0.11304599791765213,262767224,TRX-USD,CRYPTO,yfinance,1d
2024-01-30,0.11304900050163269,0.11308299750089645,0.11180700361728668,0.11204700171947479,220714015,TRX-USD,CRYPTO,yfinance,1d
2024-01-31,0.1120460033416748,0.11345499753952026,0.11146599799394608,0.11224000155925751,304178039,TRX-USD,CRYPTO,yfinance,1d
2024-02-01,0.11223900318145752,0.1157820001244545,0.11174999922513962,0.11556699872016907,276079935,TRX-USD,CRYPTO,yfinance,1d
2024-02-02,0.11557299643754959,0.11788400262594223,0.11557299643754959,0.11627999693155289,265930418,TRX-USD,CRYPTO,yfinance,1d
2024-02-03,0.11627200245857239,0.1173430010676384,0.11604499816894531,0.11721699684858322,157226912,TRX-USD,CRYPTO,yfinance,1d
2024-02-04,0.11721699684858322,0.1188960000872612,0.11697199940681458,0.11838799715042114,185096146,TRX-USD,CRYPTO,yfinance,1d
2024-02-05,0.11838600039482117,0.11975900083780289,0.1177930012345314,0.1189040020108223,242736396,TRX-USD,CRYPTO,yfinance,1d
2024-02-06,0.11889799684286118,0.12609300017356873,0.11885300278663635,0.12089700251817703,327307297,TRX-USD,CRYPTO,yfinance,1d
2024-02-07,0.12091299891471863,0.12615400552749634,0.12091299891471863,0.12351500242948532,302925715,TRX-USD,CRYPTO,yfinance,1d
2024-02-08,0.1235319972038269,0.1266469955444336,0.12121599912643433,0.12192399799823761,316971277,TRX-USD,CRYPTO,yfinance,1d
2024-02-09,0.12192200124263763,0.1238970011472702,0.12184599786996841,0.12377600371837616,276136935,TRX-USD,CRYPTO,yfinance,1d
2024-02-10,0.12377700209617615,0.12458699941635132,0.12310799956321716,0.1244100034236908,184159083,TRX-USD,CRYPTO,yfinance,1d
2024-02-11,0.12440799921751022,0.12491200119256973,0.12410300225019455,0.1242780014872551,178880486,TRX-USD,CRYPTO,yfinance,1d
2024-02-12,0.12427499890327454,0.1257600039243698,0.12365300208330154,0.12505799531936646,272926451,TRX-USD,CRYPTO,yfinance,1d
2024-02-13,0.1250620037317276,0.12706799805164337,0.12476000189781189,0.1269419938325882,269282903,TRX-USD,CRYPTO,yfinance,1d
2024-02-14,0.1269419938325882,0.12976300716400146,0.1266389936208725,0.12968400120735168,305312706,TRX-USD,CRYPTO,yfinance,1d
2024-02-15,0.12968499958515167,0.13184699416160583,0.12967799603939056,0.13116900622844696,388631451,TRX-USD,CRYPTO,yfinance,1d
2024-02-16,0.13117000460624695,0.13295100629329681,0.1308719962835312,0.13292300701141357,296219329,TRX-USD,CRYPTO,yfinance,1d
2024-02-17,0.1329299956560135,0.13937699794769287,0.13267099857330322,0.13589100539684296,455688875,TRX-USD,CRYPTO,yfinance,1d
2024-02-18,0.13589900732040405,0.13606199622154236,0.13480700552463531,0.13518600165843964,234406233,TRX-USD,CRYPTO,yfinance,1d
2024-02-19,0.13519099354743958,0.1367660015821457,0.13515600562095642,0.1363680064678192,276812945,TRX-USD,CRYPTO,yfinance,1d
2024-02-20,0.1363680064678192,0.13997499644756317,0.13598300516605377,0.13927499949932098,398791346,TRX-USD,CRYPTO,yfinance,1d
2024-02-21,0.139274001121521,0.1404159963130951,0.13865600526332855,0.1397320032119751,432026952,TRX-USD,CRYPTO,yfinance,1d
2024-02-22,0.13973599672317505,0.1401199996471405,0.1386529952287674,0.13892999291419983,317088280,TRX-USD,CRYPTO,yfinance,1d
2024-02-23,0.13892899453639984,0.13923899829387665,0.13767899572849274,0.13818900287151337,268932312,TRX-USD,CRYPTO,yfinance,1d
2024-02-24,0.13818900287151337,0.13829900324344635,0.13700999319553375,0.1374479979276657,211694410,TRX-USD,CRYPTO,yfinance,1d
2024-02-25,0.1374479979276657,0.13793499767780304,0.13725100457668304,0.13761800527572632,190733975,TRX-USD,CRYPTO,yfinance,1d
2024-02-26,0.13761700689792633,0.14007599651813507,0.13740499317646027,0.13991999626159668,300182189,TRX-USD,CRYPTO,yfinance,1d
2024-02-27,0.1399189978837967,0.1437550038099289,0.13979999721050262,0.1428849995136261,433238586,TRX-USD,CRYPTO,yfinance,1d
2024-02-28,0.14288300275802612,0.14412599802017212,0.14103899896144867,0.14223399758338928,535931021,TRX-USD,CRYPTO,yfinance,1d
2024-02-29,0.14222900569438934,0.14367100596427917,0.14039300382137299,0.1405780017375946,449732034,TRX-USD,CRYPTO,yfinance,1d
2024-03-01,0.14058199524879456,0.1416260004043579,0.14044499397277832,0.14159899950027466,327944052,TRX-USD,CRYPTO,yfinance,1d
2024-03-02,0.14160700142383575,0.14179199934005737,0.14031699299812317,0.14128099381923676,305096358,TRX-USD,CRYPTO,yfinance,1d
2024-03-03,0.14128099381923676,0.14130400121212006,0.1400109976530075,0.14068900048732758,312512282,TRX-USD,CRYPTO,yfinance,1d
2024-03-04,0.14069299399852753,0.14127899706363678,0.13966800272464752,0.14041799306869507,489746585,TRX-USD,CRYPTO,yfinance,1d
2024-03-05,0.14041399955749512,0.14057199656963348,0.13505800068378448,0.1360819935798645,712988515,TRX-USD,CRYPTO,yfinance,1d
2024-03-06,0.1360819935798645,0.13825200498104095,0.13556300103664398,0.13776299357414246,528421791,TRX-USD,CRYPTO,yfinance,1d
2024-03-07,0.13776299357414246,0.13808900117874146,0.13676400482654572,0.13732199370861053,370515128,TRX-USD,CRYPTO,yfinance,1d
2024-03-08,0.13732199370861053,0.13780100643634796,0.1361819952726364,0.13694800436496735,366795845,TRX-USD,CRYPTO,yfinance,1d
2024-03-09,0.13694800436496735,0.13737300038337708,0.1359180063009262,0.13608300685882568,315886706,TRX-USD,CRYPTO,yfinance,1d
2024-03-10,0.13608400523662567,0.13631699979305267,0.13367900252342224,0.13387900590896606,325824639,TRX-USD,CRYPTO,yfinance,1d
2024-03-11,0.13388100266456604,0.13434100151062012,0.13202999532222748,0.13375499844551086,470911165,TRX-USD,CRYPTO,yfinance,1d
2024-03-12,0.13375499844551086,0.13409799337387085,0.1306689977645874,0.1314540058374405,438184277,TRX-USD,CRYPTO,yfinance,1d
2024-03-13,0.1314540058374405,0.13236699998378754,0.13122999668121338,0.13199299573898315,372850235,TRX-USD,CRYPTO,yfinance,1d
2024-03-14,0.13199399411678314,0.13206399977207184,0.12786799669265747,0.12911200523376465,470720226,TRX-USD,CRYPTO,yfinance,1d
2024-03-15,0.12911200523376465,0.1293250024318695,0.12524299323558807,0.12637099623680115,587485000,TRX-USD,CRYPTO,yfinance,1d
2024-03-16,0.12637099623680115,0.12737399339675903,0.12482199817895889,0.1252020001411438,370216041,TRX-USD,CRYPTO,yfinance,1d
2024-03-17,0.1252020001411438,0.12650200724601746,0.1242389976978302,0.12619799375534058,330839522,TRX-USD,CRYPTO,yfinance,1d
2024-03-18,0.12619799375534058,0.12664200365543365,0.12301599979400635,0.12409599870443344,350277415,TRX-USD,CRYPTO,yfinance,1d
2024-03-19,0.12409599870443344,0.12433700263500214,0.11048699915409088,0.11238200217485428,706956687,TRX-USD,CRYPTO,yfinance,1d
2024-03-20,0.11238200217485428,0.1212180033326149,0.11064399778842926,0.12092199921607971,680147410,TRX-USD,CRYPTO,yfinance,1d
2024-03-21,0.12092199921607971,0.12193000316619873,0.12043099850416183,0.12112600356340408,409297522,TRX-USD,CRYPTO,yfinance,1d
2024-03-22,0.12112600356340408,0.12152700126171112,0.11534900218248367,0.11722800135612488,427328735,TRX-USD,CRYPTO,yfinance,1d
2024-03-23,0.11722700297832489,0.11971499770879745,0.11621300131082535,0.11833000183105469,323639416,TRX-USD,CRYPTO,yfinance,1d
2024-03-24,0.11833000183105469,0.12053599953651428,0.11676300317049026,0.12018799781799316,322960295,TRX-USD,CRYPTO,yfinance,1d
2024-03-25,0.12018399685621262,0.1210630014538765,0.11737599968910217,0.12046899646520615,384619969,TRX-USD,CRYPTO,yfinance,1d
2024-03-26,0.12046899646520615,0.1223440021276474,0.12036900222301483,0.12077800184488297,351646470,TRX-USD,CRYPTO,yfinance,1d
2024-03-27,0.12077800184488297,0.12146399915218353,0.11896900087594986,0.11948499828577042,327217155,TRX-USD,CRYPTO,yfinance,1d
2024-03-28,0.11948499828577042,0.12064799666404724,0.11906000226736069,0.12039899826049805,255729566,TRX-USD,CRYPTO,yfinance,1d
2024-03-29,0.12039899826049805,0.1210160031914711,0.11959200352430344,0.11998499929904938,263559649,TRX-USD,CRYPTO,yfinance,1d
2024-03-30,0.11998400092124939,0.122980996966362,0.1199759989976883,0.12259899824857712,236560785,TRX-USD,CRYPTO,yfinance,1d
2024-03-31,0.12259799987077713,0.12333299964666367,0.12215899676084518,0.12298700213432312,204426058,TRX-USD,CRYPTO,yfinance,1d
2024-04-01,0.12298700213432312,0.12322799861431122,0.11997000128030777,0.12059099972248077,309064934,TRX-USD,CRYPTO,yfinance,1d
2024-04-02,0.12058799713850021,0.12061499804258347,0.11594100296497345,0.1166829988360405,396269581,TRX-USD,CRYPTO,yfinance,1d
2024-04-03,0.1166829988360405,0.11848200112581253,0.11587099730968475,0.11726099997758865,334945424,TRX-USD,CRYPTO,yfinance,1d
2024-04-04,0.11726099997758865,0.11950899660587311,0.11694200336933136,0.1191760003566742,289517255,TRX-USD,CRYPTO,yfinance,1d
2024-04-05,0.1191760003566742,0.11944600194692612,0.11741600185632706,0.11796600371599197,289741311,TRX-USD,CRYPTO,yfinance,1d
2024-04-06,0.11796600371599197,0.11989899724721909,0.11782000213861465,0.11965300142765045,189209397,TRX-USD,CRYPTO,yfinance,1d
2024-04-07,0.11965300142765045,0.12094900012016296,0.11962799727916718,0.12054400146007538,184551685,TRX-USD,CRYPTO,yfinance,1d
2024-04-08,0.12054400146007538,0.12341299653053284,0.12052000313997269,0.12301500141620636,307149715,TRX-USD,CRYPTO,yfinance,1d
2024-04-09,0.12301500141620636,0.12309499830007553,0.1204179972410202,0.1210779994726181,297865516,TRX-USD,CRYPTO,yfinance,1d
2024-04-10,0.1210779994726181,0.12390399724245071,0.11794199794530869,0.11920599639415741,411323271,TRX-USD,CRYPTO,yfinance,1d
2024-04-11,0.11920599639415741,0.12049199640750885,0.11897499859333038,0.1204029992222786,276293638,TRX-USD,CRYPTO,yfinance,1d
2024-04-12,0.1204029992222786,0.12224700301885605,0.11354400217533112,0.11488000303506851,528820521,TRX-USD,CRYPTO,yfinance,1d
2024-04-13,0.11488199979066849,0.1153239980340004,0.1078680008649826,0.11030299961566925,584646397,TRX-USD,CRYPTO,yfinance,1d
2024-04-14,0.11030299961566925,0.11271200329065323,0.10903400182723999,0.11259199678897858,439868653,TRX-USD,CRYPTO,yfinance,1d
2024-04-15,0.11259199678897858,0.11541300266981125,0.11022400110960007,0.11152999848127365,497080994,TRX-USD,CRYPTO,yfinance,1d
2024-04-16,0.11152999848127365,0.1121010035276413,0.10905800014734268,0.11182499676942825,425035282,TRX-USD,CRYPTO,yfinance,1d
2024-04-17,0.11182499676942825,0.1130329966545105,0.10918799787759781,0.10973700135946274,372091717,TRX-USD,CRYPTO,yfinance,1d
2024-04-18,0.10973799973726273,0.11015500128269196,0.10769300162792206,0.10932900011539459,356937640,TRX-USD,CRYPTO,yfinance,1d
2024-04-19,0.10932900011539459,0.11064600199460983,0.10556700080633163,0.10994800180196762,462227373,TRX-USD,CRYPTO,yfinance,1d
2024-04-20,0.10994800180196762,0.1111920028924942,0.10911799967288971,0.11112000048160553,276359683,TRX-USD,CRYPTO,yfinance,1d
2024-04-21,0.11112000048160553,0.11149899661540985,0.11036299914121628,0.11134699732065201,202407396,TRX-USD,CRYPTO,yfinance,1d
2024-04-22,0.11134699732065201,0.11247199773788452,0.11054900288581848,0.11229000240564346,277496701,TRX-USD,CRYPTO,yfinance,1d
2024-04-23,0.11229000240564346,0.11367099732160568,0.11141300201416016,0.1132730022072792,270459502,TRX-USD,CRYPTO,yfinance,1d
2024-04-24,0.1132730022072792,0.11404000222682953,0.11256899684667587,0.11322399973869324,321459433,TRX-USD,CRYPTO,yfinance,1d
2024-04-25,0.11322599649429321,0.11743699759244919,0.11321800202131271,0.11722800135612488,359612035,TRX-USD,CRYPTO,yfinance,1d
2024-04-26,0.11722800135612488,0.12056799978017807,0.1165589988231659,0.12005499750375748,351468147,TRX-USD,CRYPTO,yfinance,1d
2024-04-27,0.12005499750375748,0.1205739974975586,0.11860399693250656,0.11977600306272507,287980305,TRX-USD,CRYPTO,yfinance,1d
2024-04-28,0.11977600306272507,0.12146499752998352,0.11972899734973907,0.12134400010108948,240768592,TRX-USD,CRYPTO,yfinance,1d
2024-04-29,0.12134400010108948,0.12137900292873383,0.11778199672698975,0.1190359964966774,322824228,TRX-USD,CRYPTO,yfinance,1d
2024-04-30,0.1190359964966774,0.12075000256299973,0.11779099702835083,0.11946699768304825,496122483,TRX-USD,CRYPTO,yfinance,1d
2024-05-01,0.11946699768304825,0.12092000246047974,0.11705899983644485,0.12032999843358994,482118834,TRX-USD,CRYPTO,yfinance,1d
2024-05-02,0.12032999843358994,0.12335199862718582,0.12010399997234344,0.12229199707508087,352230934,TRX-USD,CRYPTO,yfinance,1d
2024-05-03,0.12229199707508087,0.12392199784517288,0.121908999979496,0.12276600301265717,275034834,TRX-USD,CRYPTO,yfinance,1d
2024-05-04,0.12276499718427658,0.1235629990696907,0.1223210021853447,0.12232200056314468,224837130,TRX-USD,CRYPTO,yfinance,1d
2024-05-05,0.12232200056314468,0.12234900146722794,0.12076500058174133,0.12111099809408188,196753191,TRX-USD,CRYPTO,yfinance,1d
2024-05-06,0.12111099809408188,0.12201099842786789,0.1184530034661293,0.11867400258779526,297737882,TRX-USD,CRYPTO,yfinance,1d
2024-05-07,0.11867400258779526,0.12137600034475327,0.11828699707984924,0.12062299996614456,304468296,TRX-USD,CRYPTO,yfinance,1d
2024-05-08,0.12062299996614456,0.12369299679994583,0.12045399844646454,0.12287800014019012,393827836,TRX-USD,CRYPTO,yfinance,1d
2024-05-09,0.12287800014019012,0.12699300050735474,0.12287300080060959,0.12619300186634064,387865258,TRX-USD,CRYPTO,yfinance,1d
2024-05-10,0.1261949986219406,0.1274390071630478,0.12430600076913834,0.12736600637435913,356388484,TRX-USD,CRYPTO,yfinance,1d
2024-05-11,0.12736600637435913,0.12762999534606934,0.12597399950027466,0.12639200687408447,208898092,TRX-USD,CRYPTO,yfinance,1d
2024-05-12,0.12639200687408447,0.12733300030231476,0.12637799978256226,0.12731699645519257,161252978,TRX-USD,CRYPTO,yfinance,1d
2024-05-13,0.12731699645519257,0.12745599448680878,0.1256140023469925,0.12566199898719788,270909400,TRX-USD,CRYPTO,yfinance,1d
2024-05-14,0.12566199898719788,0.12577800452709198,0.12474499642848969,0.1253879964351654,258085082,TRX-USD,CRYPTO,yfinance,1d
2024-05-15,0.1253879964351654,0.1265459954738617,0.1252710074186325,0.12640699744224548,257993650,TRX-USD,CRYPTO,yfinance,1d
2024-05-16,0.12640699744224548,0.12669700384140015,0.12439999729394913,0.1250230073928833,352992921,TRX-USD,CRYPTO,yfinance,1d
2024-05-17,0.1250230073928833,0.12516500055789948,0.1240060031414032,0.12441100180149078,283983851,TRX-USD,CRYPTO,yfinance,1d
2024-05-18,0.12441100180149078,0.12460500001907349,0.12303899973630905,0.12307099997997284,216719510,TRX-USD,CRYPTO,yfinance,1d
2024-05-19,0.12307099997997284,0.12316499650478363,0.12060999870300293,0.12119600176811218,225340742,TRX-USD,CRYPTO,yfinance,1d
2024-05-20,0.12119600176811218,0.12444700300693512,0.12101300060749054,0.12444700300693512,322250099,TRX-USD,CRYPTO,yfinance,1d
2024-05-21,0.12444700300693512,0.12456800043582916,0.12286199629306793,0.12364300340414047,357307829,TRX-USD,CRYPTO,yfinance,1d
2024-05-22,0.12364300340414047,0.12383600324392319,0.12002500146627426,0.12009599804878235,299226970,TRX-USD,CRYPTO,yfinance,1d
2024-05-23,0.12009599804878235,0.12009599804878235,0.11378400027751923,0.11522500216960907,391144666,TRX-USD,CRYPTO,yfinance,1d
2024-05-24,0.11522500216960907,0.11565399914979935,0.11333899945020676,0.1154559999704361,341018841,TRX-USD,CRYPTO,yfinance,1d
2024-05-25,0.1154559999704361,0.11602099984884262,0.11321300268173218,0.11378300189971924,281110846,TRX-USD,CRYPTO,yfinance,1d
2024-05-26,0.11378300189971924,0.11408499628305435,0.11277399957180023,0.11308900266885757,207137714,TRX-USD,CRYPTO,yfinance,1d
2024-05-27,0.11308900266885757,0.11320000141859055,0.11090599745512009,0.112466000020504,353856000,TRX-USD,CRYPTO,yfinance,1d
2024-05-28,0.112466000020504,0.11249899864196777,0.11037100106477737,0.11110199987888336,329425570,TRX-USD,CRYPTO,yfinance,1d
2024-05-29,0.11110199987888336,0.112356998026371,0.11097300052642822,0.11194799840450287,276957864,TRX-USD,CRYPTO,yfinance,1d
2024-05-30,0.11194799840450287,0.11216200143098831,0.11073599755764008,0.11201299726963043,262083184,TRX-USD,CRYPTO,yfinance,1d
2024-05-31,0.11201299726963043,0.11245299875736237,0.11112000048160553,0.11207299679517746,272401228,TRX-USD,CRYPTO,yfinance,1d
2024-06-01,0.11207299679517746,0.11281099915504456,0.11100699752569199,0.11247800290584564,194791817,TRX-USD,CRYPTO,yfinance,1d
2024-06-02,0.11247800290584564,0.11521700024604797,0.11246199905872345,0.11472199857234955,242662521,TRX-USD,CRYPTO,yfinance,1d
2024-06-03,0.11472199857234955,0.11506900191307068,0.11292900145053864,0.11343400180339813,283130643,TRX-USD,CRYPTO,yfinance,1d
2024-06-04,0.11343400180339813,0.11457200348377228,0.11313600093126297,0.11447300016880035,280842437,TRX-USD,CRYPTO,yfinance,1d
2024-06-05,0.11447300016880035,0.11477600038051605,0.11379799991846085,0.11463599652051926,239489525,TRX-USD,CRYPTO,yfinance,1d
2024-06-06,0.11463599652051926,0.1151920035481453,0.11400800198316574,0.11474800109863281,249335077,TRX-USD,CRYPTO,yfinance,1d
2024-06-07,0.11474700272083282,0.11509600281715393,0.11180900037288666,0.11271099746227264,397404842,TRX-USD,CRYPTO,yfinance,1d
2024-06-08,0.11270199716091156,0.1150979995727539,0.11231400072574615,0.11475600302219391,337196249,TRX-USD,CRYPTO,yfinance,1d
2024-06-09,0.11476399749517441,0.11693400144577026,0.11388800293207169,0.11688199639320374,314074669,TRX-USD,CRYPTO,yfinance,1d
2024-06-10,0.11687900125980377,0.11777999997138977,0.11603700369596481,0.11760800331830978,357397026,TRX-USD,CRYPTO,yfinance,1d
2024-06-11,0.11760500073432922,0.11791899800300598,0.11616300046443939,0.11653400212526321,370239898,TRX-USD,CRYPTO,yfinance,1d
2024-06-12,0.11654199659824371,0.11783300340175629,0.11602400243282318,0.1164499968290329,361648488,TRX-USD,CRYPTO,yfinance,1d
2024-06-13,0.116457000374794,0.11711099743843079,0.11600799858570099,0.11687500029802322,281970353,TRX-USD,CRYPTO,yfinance,1d
2024-06-14,0.11687800288200378,0.11698699742555618,0.11568599939346313,0.11641199886798859,293614650,TRX-USD,CRYPTO,yfinance,1d
2024-06-15,0.11640899628400803,0.1165589988231659,0.1148729994893074,0.11524699628353119,181547682,TRX-USD,CRYPTO,yfinance,1d
2024-06-16,0.11525200307369232,0.11724500358104706,0.11498399823904037,0.11724500358104706,194131715,TRX-USD,CRYPTO,yfinance,1d
2024-06-17,0.1172500029206276,0.11801499873399734,0.11650899797677994,0.11680500209331512,322739696,TRX-USD,CRYPTO,yfinance,1d
2024-06-18,0.11679399758577347,0.11679500341415405,0.11371199786663055,0.11538700014352798,347521884,TRX-USD,CRYPTO,yfinance,1d
2024-06-19,0.11539000272750854,0.11709500104188919,0.1151989996433258,0.1157900020480156,245411854,TRX-USD,CRYPTO,yfinance,1d
2024-06-20,0.1157900020480156,0.11703299731016159,0.1156890019774437,0.11670699715614319,216922871,TRX-USD,CRYPTO,yfinance,1d
2024-06-21,0.1167059987783432,0.11864200234413147,0.11632200330495834,0.11826500296592712,270172643,TRX-USD,CRYPTO,yfinance,1d
2024-06-22,0.11826299875974655,0.11991500109434128,0.11791200190782547,0.1196030005812645,191626517,TRX-USD,CRYPTO,yfinance,1d
2024-06-23,0.1196030005812645,0.12041900306940079,0.11912299692630768,0.119159996509552,169799736,TRX-USD,CRYPTO,yfinance,1d
2024-06-24,0.11916399747133255,0.11973199993371964,0.11781299859285355,0.11902400106191635,322524405,TRX-USD,CRYPTO,yfinance,1d
2024-06-25,0.11902199685573578,0.1221650019288063,0.11902199685573578,0.12186399847269058,247861071,TRX-USD,CRYPTO,yfinance,1d
2024-06-26,0.1218620017170906,0.12483000010251999,0.12184199690818787,0.12249699980020523,296817761,TRX-USD,CRYPTO,yfinance,1d
2024-06-27,0.12250100076198578,0.12336000055074692,0.12184800207614899,0.12185300141572952,225331986,TRX-USD,CRYPTO,yfinance,1d
2024-06-28,0.12186100333929062,0.12356399744749069,0.12172599881887436,0.1229730024933815,242361450,TRX-USD,CRYPTO,yfinance,1d
2024-06-29,0.12296699732542038,0.12603099644184113,0.12285199761390686,0.12533800303936005,233345038,TRX-USD,CRYPTO,yfinance,1d
2024-06-30,0.1253329962491989,0.12562400102615356,0.12451700121164322,0.12452699989080429,183931851,TRX-USD,CRYPTO,yfinance,1d
2024-07-01,0.12453100085258484,0.12876300513744354,0.12448599934577942,0.12769700586795807,269814845,TRX-USD,CRYPTO,yfinance,1d
2024-07-02,0.1276949942111969,0.12912699580192566,0.12767399847507477,0.1289830058813095,232650231,TRX-USD,CRYPTO,yfinance,1d
2024-07-03,0.12898600101470947,0.1296900063753128,0.12831099331378937,0.1285579949617386,345065680,TRX-USD,CRYPTO,yfinance,1d
2024-07-04,0.12855499982833862,0.12884899973869324,0.12567099928855896,0.12719599902629852,434893718,TRX-USD,CRYPTO,yfinance,1d
2024-07-05,0.12714500725269318,0.12775200605392456,0.12121299654245377,0.12690100073814392,729512148,TRX-USD,CRYPTO,yfinance,1d
2024-07-06,0.12687699496746063,0.1303109973669052,0.12649500370025635,0.12992900609970093,296147002,TRX-USD,CRYPTO,yfinance,1d
2024-07-07,0.12993299961090088,0.13089300692081451,0.124549001455307,0.12466699630022049,327743354,TRX-USD,CRYPTO,yfinance,1d
2024-07-08,0.12467300146818161,0.12633199989795685,0.12303200364112854,0.12618300318717957,426126472,TRX-USD,CRYPTO,yfinance,1d
2024-07-09,0.12617099285125732,0.12998700141906738,0.12612299621105194,0.129940003156662,301114203,TRX-USD,CRYPTO,yfinance,1d
2024-07-10,0.12994100153446198,0.13178600370883942,0.12921300530433655,0.1314540058374405,284122579,TRX-USD,CRYPTO,yfinance,1d
2024-07-11,0.1314609944820404,0.135234996676445,0.1314609944820404,0.1343899965286255,374769340,TRX-USD,CRYPTO,yfinance,1d
2024-07-12,0.1343889981508255,0.1372860074043274,0.13401499390602112,0.1372770071029663,328033234,TRX-USD,CRYPTO,yfinance,1d
2024-07-13,0.13727599382400513,0.14148999750614166,0.13727599382400513,0.1394599974155426,379445047,TRX-USD,CRYPTO,yfinance,1d
2024-07-14,0.13946999609470367,0.14010800421237946,0.1373949944972992,0.1376889944076538,289920335,TRX-USD,CRYPTO,yfinance,1d
2024-07-15,0.1376899927854538,0.13894599676132202,0.13680599629878998,0.13743999600410461,340651377,TRX-USD,CRYPTO,yfinance,1d
2024-07-16,0.13743500411510468,0.13743500411510468,0.13292300701141357,0.13407200574874878,423036640,TRX-USD,CRYPTO,yfinance,1d
2024-07-17,0.13406799733638763,0.13506199419498444,0.13355499505996704,0.13357000052928925,290529371,TRX-USD,CRYPTO,yfinance,1d
2024-07-18,0.13356800377368927,0.1346929967403412,0.13334199786186218,0.13444599509239197,269807843,TRX-USD,CRYPTO,yfinance,1d
2024-07-19,0.13443399965763092,0.13575799763202667,0.1341239959001541,0.13476499915122986,306159807,TRX-USD,CRYPTO,yfinance,1d
2024-07-20,0.13476599752902985,0.1348470002412796,0.1338289976119995,0.1347389966249466,222964612,TRX-USD,CRYPTO,yfinance,1d
2024-07-21,0.1347389966249466,0.13501499593257904,0.13379299640655518,0.13434700667858124,208989470,TRX-USD,CRYPTO,yfinance,1d
2024-07-22,0.13434800505638123,0.13696999847888947,0.13234299421310425,0.1323940008878708,400209430,TRX-USD,CRYPTO,yfinance,1d
2024-07-23,0.1323940008878708,0.1341480016708374,0.13121099770069122,0.13411499559879303,280472644,TRX-USD,CRYPTO,yfinance,1d
2024-07-24,0.1341170072555542,0.13482800126075745,0.1336439996957779,0.13436999917030334,239802291,TRX-USD,CRYPTO,yfinance,1d
2024-07-25,0.13436999917030334,0.13631799817085266,0.13363699615001678,0.13545799255371094,308515818,TRX-USD,CRYPTO,yfinance,1d
2024-07-26,0.13545799255371094,0.13770000636577606,0.13545699417591095,0.13756400346755981,235886710,TRX-USD,CRYPTO,yfinance,1d
2024-07-27,0.13756400346755981,0.13770300149917603,0.13670599460601807,0.13725799322128296,214453550,TRX-USD,CRYPTO,yfinance,1d
2024-07-28,0.13725799322128296,0.13917599618434906,0.13685399293899536,0.13866999745368958,218590422,TRX-USD,CRYPTO,yfinance,1d
2024-07-29,0.13866999745368958,0.13937899470329285,0.13504000008106232,0.13761299848556519,368741658,TRX-USD,CRYPTO,yfinance,1d
2024-07-30,0.1376120001077652,0.13838499784469604,0.13250599801540375,0.13296400010585785,279008406,TRX-USD,CRYPTO,yfinance,1d
2024-07-31,0.13296400010585785,0.13300000131130219,0.1286430060863495,0.12880299985408783,314937649,TRX-USD,CRYPTO,yfinance,1d
2024-08-01,0.12879900634288788,0.12969599664211273,0.12706400454044342,0.12816700339317322,339233360,TRX-USD,CRYPTO,yfinance,1d
2024-08-02,0.12816700339317322,0.12829099595546722,0.12296599894762039,0.12337499856948853,345981793,TRX-USD,CRYPTO,yfinance,1d
2024-08-03,0.12337499856948853,0.12535500526428223,0.12290699779987335,0.12530599534511566,317620781,TRX-USD,CRYPTO,yfinance,1d
2024-08-04,0.12530599534511566,0.12850800156593323,0.12504200637340546,0.12627500295639038,405632494,TRX-USD,CRYPTO,yfinance,1d
2024-08-05,0.12627500295639038,0.12656399607658386,0.11736399680376053,0.12159600108861923,931977257,TRX-USD,CRYPTO,yfinance,1d
2024-08-06,0.12159399688243866,0.12380100041627884,0.12151099741458893,0.12353400141000748,388010106,TRX-USD,CRYPTO,yfinance,1d
2024-08-07,0.12353599816560745,0.12499599903821945,0.12343800067901611,0.12479300051927567,318013404,TRX-USD,CRYPTO,yfinance,1d
2024-08-08,0.12479300051927567,0.12715399265289307,0.12437299638986588,0.12712299823760986,307982262,TRX-USD,CRYPTO,yfinance,1d
2024-08-09,0.12712299823760986,0.1282770037651062,0.12639999389648438,0.128261998295784,265182217,TRX-USD,CRYPTO,yfinance,1d
2024-08-10,0.128261998295784,0.1297450065612793,0.1282549947500229,0.12915000319480896,221791160,TRX-USD,CRYPTO,yfinance,1d
2024-08-11,0.12915100157260895,0.12940900027751923,0.12754300236701965,0.12774500250816345,196251191,TRX-USD,CRYPTO,yfinance,1d
2024-08-12,0.12774500250816345,0.12823300063610077,0.12625600397586823,0.12673600018024445,273794102,TRX-USD,CRYPTO,yfinance,1d
2024-08-13,0.12673600018024445,0.12898899614810944,0.12574000656604767,0.1288129985332489,258900507,TRX-USD,CRYPTO,yfinance,1d
2024-08-14,0.1288129985332489,0.13092100620269775,0.12868699431419373,0.13052499294281006,315801896,TRX-USD,CRYPTO,yfinance,1d
2024-08-15,0.13052499294281006,0.132082998752594,0.12986600399017334,0.13021500408649445,316539517,TRX-USD,CRYPTO,yfinance,1d
2024-08-16,0.13021500408649445,0.13419799506664276,0.12948599457740784,0.13419200479984283,364725161,TRX-USD,CRYPTO,yfinance,1d
2024-08-17,0.13419200479984283,0.13624000549316406,0.133542001247406,0.13488900661468506,301391437,TRX-USD,CRYPTO,yfinance,1d
2024-08-18,0.13488900661468506,0.13567499816417694,0.13326099514961243,0.13524499535560608,243873815,TRX-USD,CRYPTO,yfinance,1d
2024-08-19,0.13524499535560608,0.14361000061035156,0.13412800431251526,0.14318400621414185,668428525,TRX-USD,CRYPTO,yfinance,1d
2024-08-20,0.14318400621414185,0.16182999312877655,0.14268900454044342,0.16170500218868256,1428595804,TRX-USD,CRYPTO,yfinance,1d
2024-08-21,0.16170500218868256,0.16561999917030334,0.15331900119781494,0.15386800467967987,1552238681,TRX-USD,CRYPTO,yfinance,1d
2024-08-22,0.15386800467967987,0.15967799723148346,0.14834000170230865,0.1556510031223297,1195024963,TRX-USD,CRYPTO,yfinance,1d
2024-08-23,0.1556510031223297,0.15896299481391907,0.15391099452972412,0.1585720032453537,730575126,TRX-USD,CRYPTO,yfinance,1d
2024-08-24,0.1585730016231537,0.16295400261878967,0.1579349935054779,0.1589459925889969,720319296,TRX-USD,CRYPTO,yfinance,1d
2024-08-25,0.1589459925889969,0.1671299934387207,0.15691600739955902,0.16655699908733368,952618330,TRX-USD,CRYPTO,yfinance,1d
2024-08-26,0.16655699908733368,0.16848699748516083,0.1615920066833496,0.16160699725151062,846196448,TRX-USD,CRYPTO,yfinance,1d
2024-08-27,0.16160699725151062,0.16292299330234528,0.1567869931459427,0.1579589992761612,701159330,TRX-USD,CRYPTO,yfinance,1d
2024-08-28,0.1579589992761612,0.1597760021686554,0.15738199651241302,0.15822100639343262,535922121,TRX-USD,CRYPTO,yfinance,1d
2024-08-29,0.15822100639343262,0.16133999824523926,0.15820099413394928,0.16000400483608246,435969861,TRX-USD,CRYPTO,yfinance,1d
2024-08-30,0.16000400483608246,0.16164200007915497,0.15918900072574615,0.15994800627231598,437714088,TRX-USD,CRYPTO,yfinance,1d
2024-08-31,0.15994800627231598,0.160179004073143,0.15681299567222595,0.15766599774360657,326335017,TRX-USD,CRYPTO,yfinance,1d
2024-09-01,0.15766599774360657,0.15775899589061737,0.1551470011472702,0.1556670069694519,330931375,TRX-USD,CRYPTO,yfinance,1d
2024-09-02,0.1556670069694519,0.15685799717903137,0.1538120061159134,0.1541530042886734,355890963,TRX-USD,CRYPTO,yfinance,1d
2024-09-03,0.1541530042886734,0.1544709950685501,0.1503549963235855,0.1503549963235855,346130570,TRX-USD,CRYPTO,yfinance,1d
2024-09-04,0.1503549963235855,0.15202000737190247,0.14889700710773468,0.14998400211334229,439739570,TRX-USD,CRYPTO,yfinance,1d
2024-09-05,0.1499830037355423,0.15118399262428284,0.14918500185012817,0.1498039960861206,320570407,TRX-USD,CRYPTO,yfinance,1d
2024-09-06,0.1498039960861206,0.15012499690055847,0.14668700098991394,0.14786000549793243,362675671,TRX-USD,CRYPTO,yfinance,1d
2024-09-07,0.14786000549793243,0.1520790010690689,0.14786000549793243,0.15157000720500946,296586155,TRX-USD,CRYPTO,yfinance,1d
2024-09-08,0.15157000720500946,0.15336300432682037,0.15116600692272186,0.1531910002231598,312836455,TRX-USD,CRYPTO,yfinance,1d
2024-09-09,0.1531910002231598,0.15495499968528748,0.15316200256347656,0.1545110046863556,329043709,TRX-USD,CRYPTO,yfinance,1d
2024-09-10,0.1545110046863556,0.15457800030708313,0.1521490067243576,0.15308000147342682,293043279,TRX-USD,CRYPTO,yfinance,1d
2024-09-11,0.15308000147342682,0.1534319967031479,0.1518390029668808,0.1533689945936203,296807897,TRX-USD,CRYPTO,yfinance,1d
2024-09-12,0.1533689945936203,0.15435899794101715,0.15191900730133057,0.15197399258613586,279070623,TRX-USD,CRYPTO,yfinance,1d
2024-09-13,0.15197399258613586,0.15197500586509705,0.14869999885559082,0.14907099306583405,289665015,TRX-USD,CRYPTO,yfinance,1d
2024-09-14,0.14907099306583405,0.1490750014781952,0.14718499779701233,0.1475210040807724,228565242,TRX-USD,CRYPTO,yfinance,1d
2024-09-15,0.1475210040807724,0.14953100681304932,0.14711299538612366,0.1489579975605011,228318597,TRX-USD,CRYPTO,yfinance,1d
2024-09-16,0.1489579975605011,0.14964500069618225,0.14787599444389343,0.14886899292469025,303035459,TRX-USD,CRYPTO,yfinance,1d
2024-09-17,0.14886899292469025,0.15130600333213806,0.14886699616909027,0.15005800127983093,271737666,TRX-USD,CRYPTO,yfinance,1d
2024-09-18,0.15005800127983093,0.15028800070285797,0.14907599985599518,0.14949500560760498,268834863,TRX-USD,CRYPTO,yfinance,1d
2024-09-19,0.14949500560760498,0.1516679972410202,0.1494770050048828,0.1515350043773651,298556385,TRX-USD,CRYPTO,yfinance,1d
2024-09-20,0.1515350043773651,0.15278099477291107,0.1515350043773651,0.1520940065383911,281155593,TRX-USD,CRYPTO,yfinance,1d
2024-09-21,0.1520940065383911,0.15254800021648407,0.15150700509548187,0.1521179974079132,181815444,TRX-USD,CRYPTO,yfinance,1d
2024-09-22,0.1521179974079132,0.15215900540351868,0.15102499723434448,0.1518629938364029,215262735,TRX-USD,CRYPTO,yfinance,1d
2024-09-23,0.1518629938364029,0.152879998087883,0.15137800574302673,0.15236300230026245,273500623,TRX-USD,CRYPTO,yfinance,1d
2024-09-24,0.15236300230026245,0.15253199636936188,0.15091000497341156,0.15126599371433258,263209284,TRX-USD,CRYPTO,yfinance,1d
2024-09-25,0.15126599371433258,0.15128199756145477,0.14991700649261475,0.15004299581050873,241028874,TRX-USD,CRYPTO,yfinance,1d
2024-09-26,0.15003900229930878,0.15351399779319763,0.14948000013828278,0.15320099890232086,307154160,TRX-USD,CRYPTO,yfinance,1d
2024-09-27,0.15320099890232086,0.15549199283123016,0.1531829982995987,0.1551699936389923,352985159,TRX-USD,CRYPTO,yfinance,1d
2024-09-28,0.1551699936389923,0.1554030030965805,0.15398600697517395,0.15506799519062042,237118461,TRX-USD,CRYPTO,yfinance,1d
2024-09-29,0.15506799519062042,0.1575479954481125,0.15476499497890472,0.15647399425506592,265085146,TRX-USD,CRYPTO,yfinance,1d
2024-09-30,0.15647399425506592,0.1567460000514984,0.1548669934272766,0.1559150069952011,356554430,TRX-USD,CRYPTO,yfinance,1d
2024-10-01,0.1559150069952011,0.15698200464248657,0.153206005692482,0.15361399948596954,453944740,TRX-USD,CRYPTO,yfinance,1d
2024-10-02,0.15361399948596954,0.1552879959344864,0.15313999354839325,0.1544570028781891,374157746,TRX-USD,CRYPTO,yfinance,1d
2024-10-03,0.1544570028781891,0.15764200687408447,0.15367500483989716,0.1576170027256012,415443928,TRX-USD,CRYPTO,yfinance,1d
2024-10-04,0.1576170027256012,0.15781399607658386,0.15646399557590485,0.15651099383831024,290440811,TRX-USD,CRYPTO,yfinance,1d
2024-10-05,0.15651099383831024,0.15658999979496002,0.15354299545288086,0.1536020040512085,200736305,TRX-USD,CRYPTO,yfinance,1d
2024-10-06,0.1536020040512085,0.15474699437618256,0.15317900478839874,0.15427400171756744,194538467,TRX-USD,CRYPTO,yfinance,1d
2024-10-07,0.15427400171756744,0.15665599703788757,0.15387700498104095,0.1558530032634735,310973002,TRX-USD,CRYPTO,yfinance,1d
2024-10-08,0.1558530032634735,0.16032299399375916,0.15561799705028534,0.15986600518226624,373856249,TRX-USD,CRYPTO,yfinance,1d
2024-10-09,0.15986600518226624,0.16180099546909332,0.15949200093746185,0.16045300662517548,322784575,TRX-USD,CRYPTO,yfinance,1d
2024-10-10,0.1604519933462143,0.1605139970779419,0.15859700739383698,0.1587280035018921,318140500,TRX-USD,CRYPTO,yfinance,1d
2024-10-11,0.1587280035018921,0.1615149974822998,0.15799300372600555,0.15974000096321106,326040956,TRX-USD,CRYPTO,yfinance,1d
2024-10-12,0.15974000096321106,0.16392099857330322,0.15906000137329102,0.1625089943408966,324423790,TRX-USD,CRYPTO,yfinance,1d
2024-10-13,0.1625089943408966,0.16333900392055511,0.1618880033493042,0.16261500120162964,252312735,TRX-USD,CRYPTO,yfinance,1d
2024-10-14,0.16261500120162964,0.16291899979114532,0.1596599966287613,0.16043700277805328,416441291,TRX-USD,CRYPTO,yfinance,1d
2024-10-15,0.16043700277805328,0.1605129987001419,0.15785199403762817,0.15873199701309204,379560522,TRX-USD,CRYPTO,yfinance,1d
2024-10-16,0.15873299539089203,0.1601559966802597,0.1584479957818985,0.15999199450016022,320841166,TRX-USD,CRYPTO,yfinance,1d
2024-10-17,0.15999199450016022,0.16044999659061432,0.1592389941215515,0.15930399298667908,261359737,TRX-USD,CRYPTO,yfinance,1d
2024-10-18,0.15930500626564026,0.15946899354457855,0.15846000611782074,0.15848299860954285,254900303,TRX-USD,CRYPTO,yfinance,1d
2024-10-19,0.15848299860954285,0.1586350053548813,0.1567859947681427,0.15690000355243683,229214919,TRX-USD,CRYPTO,yfinance,1d
2024-10-20,0.15690100193023682,0.15690100193023682,0.1561030000448227,0.15672600269317627,206835224,TRX-USD,CRYPTO,yfinance,1d
2024-10-21,0.15672600269317627,0.15867100656032562,0.15572699904441833,0.15829500555992126,321997139,TRX-USD,CRYPTO,yfinance,1d
2024-10-22,0.15829500555992126,0.1606139987707138,0.15761399269104004,0.16008399426937103,311155708,TRX-USD,CRYPTO,yfinance,1d
2024-10-23,0.16008399426937103,0.16050300002098083,0.1591850072145462,0.16026100516319275,296720485,TRX-USD,CRYPTO,yfinance,1d
2024-10-24,0.16022199392318726,0.1648859977722168,0.16018599271774292,0.16457800567150116,356686461,TRX-USD,CRYPTO,yfinance,1d
2024-10-25,0.16457800567150116,0.1666480004787445,0.16195900738239288,0.162214994430542,526759035,TRX-USD,CRYPTO,yfinance,1d
2024-10-26,0.162214994430542,0.1651259958744049,0.16217400133609772,0.16494299471378326,312412806,TRX-USD,CRYPTO,yfinance,1d
2024-10-27,0.16494299471378326,0.16603000462055206,0.16384699940681458,0.16387100517749786,277038826,TRX-USD,CRYPTO,yfinance,1d
2024-10-28,0.16387100517749786,0.1642560064792633,0.1630219966173172,0.16399699449539185,308378238,TRX-USD,CRYPTO,yfinance,1d
2024-10-29,0.16399699449539185,0.16623899340629578,0.1639380007982254,0.16623100638389587,407987206,TRX-USD,CRYPTO,yfinance,1d
2024-10-30,0.16623100638389587,0.16969400644302368,0.1659809947013855,0.1692589968442917,394070697,TRX-USD,CRYPTO,yfinance,1d
2024-10-31,0.1692589968442917,0.17034000158309937,0.16761000454425812,0.1681700050830841,379762276,TRX-USD,CRYPTO,yfinance,1d
2024-11-01,0.1681700050830841,0.16848500072956085,0.1663450002670288,0.16731299459934235,387638212,TRX-USD,CRYPTO,yfinance,1d
2024-11-02,0.16731299459934235,0.16760799288749695,0.165925994515419,0.16603200137615204,236754662,TRX-USD,CRYPTO,yfinance,1d
2024-11-03,0.16603200137615204,0.16618800163269043,0.16322000324726105,0.16516299545764923,310262027,TRX-USD,CRYPTO,yfinance,1d
2024-11-04,0.16516299545764923,0.16559700667858124,0.16261300444602966,0.16284100711345673,334207819,TRX-USD,CRYPTO,yfinance,1d
2024-11-05,0.16284100711345673,0.16310100257396698,0.15992000699043274,0.16008199751377106,360315256,TRX-USD,CRYPTO,yfinance,1d
2024-11-06,0.16008199751377106,0.1640460044145584,0.16007000207901,0.16247500479221344,539826123,TRX-USD,CRYPTO,yfinance,1d
2024-11-07,0.16247500479221344,0.1629219949245453,0.15984100103378296,0.16029800474643707,449111131,TRX-USD,CRYPTO,yfinance,1d
2024-11-08,0.16029800474643707,0.16198599338531494,0.16011600196361542,0.16106100380420685,307266130,TRX-USD,CRYPTO,yfinance,1d
2024-11-09,0.16106100380420685,0.16213099658489227,0.15999199450016022,0.16213099658489227,283528690,TRX-USD,CRYPTO,yfinance,1d
2024-11-10,0.16213099658489227,0.1668509989976883,0.16138200461864471,0.16407500207424164,670683921,TRX-USD,CRYPTO,yfinance,1d
2024-11-11,0.16407500207424164,0.16787099838256836,0.16381299495697021,0.16784200072288513,754530865,TRX-USD,CRYPTO,yfinance,1d
2024-11-12,0.16784200072288513,0.18983300030231476,0.16515399515628815,0.18807899951934814,2072659420,TRX-USD,CRYPTO,yfinance,1d
2024-11-13,0.18807299435138702,0.19194799661636353,0.17461900413036346,0.1771100014448166,1390541138,TRX-USD,CRYPTO,yfinance,1d
2024-11-14,0.1771100014448166,0.18442900478839874,0.1760929971933365,0.17642100155353546,1021784490,TRX-USD,CRYPTO,yfinance,1d
2024-11-15,0.17642100155353546,0.18985100090503693,0.17622900009155273,0.18936699628829956,1127834911,TRX-USD,CRYPTO,yfinance,1d
2024-11-16,0.19093699753284454,0.20412500202655792,0.18879100680351257,0.20006300508975983,1101999412,TRX-USD,CRYPTO,yfinance,1d
2024-11-17,0.20006300508975983,0.20128099620342255,0.1929289996623993,0.19948799908161163,766910955,TRX-USD,CRYPTO,yfinance,1d
2024-11-18,0.19948600232601166,0.20697399973869324,0.19946199655532837,0.2021770030260086,934709515,TRX-USD,CRYPTO,yfinance,1d
2024-11-19,0.2021770030260086,0.20618200302124023,0.19895699620246887,0.1998700052499771,818431431,TRX-USD,CRYPTO,yfinance,1d
2024-11-20,0.1998700052499771,0.1998700052499771,0.193572998046875,0.19489699602127075,734618512,TRX-USD,CRYPTO,yfinance,1d
2024-11-21,0.19489799439907074,0.20127099752426147,0.1933249980211258,0.1986439973115921,902777271,TRX-USD,CRYPTO,yfinance,1d
2024-11-22,0.19864299893379211,0.20480099320411682,0.19722600281238556,0.20480099320411682,838523780,TRX-USD,CRYPTO,yfinance,1d
2024-11-23,0.20480099320411682,0.22440800070762634,0.20479699969291687,0.21217100322246552,1541450569,TRX-USD,CRYPTO,yfinance,1d
2024-11-24,0.21217100322246552,0.2172590047121048,0.201664000749588,0.2088329941034317,1275286058,TRX-USD,CRYPTO,yfinance,1d
2024-11-25,0.2088319957256317,0.21217499673366547,0.19426700472831726,0.19605399668216705,1234045660,TRX-USD,CRYPTO,yfinance,1d
2024-11-26,0.1960510015487671,0.2007959932088852,0.18679100275039673,0.19436800479888916,1328602563,TRX-USD,CRYPTO,yfinance,1d
2024-11-27,0.19436800479888916,0.2022169977426529,0.1937679946422577,0.20125499367713928,762314716,TRX-USD,CRYPTO,yfinance,1d
2024-11-28,0.20125499367713928,0.20353299379348755,0.1980309933423996,0.20335599780082703,756470137,TRX-USD,CRYPTO,yfinance,1d
2024-11-29,0.20335599780082703,0.20714199542999268,0.20111699402332306,0.20449599623680115,595797501,TRX-USD,CRYPTO,yfinance,1d
2024-11-30,0.20449599623680115,0.2071869969367981,0.20273500680923462,0.2051669955253601,531481256,TRX-USD,CRYPTO,yfinance,1d
2024-12-01,0.20516499876976013,0.20972800254821777,0.20254099369049072,0.20734000205993652,646018229,TRX-USD,CRYPTO,yfinance,1d
2024-12-02,0.20734000205993652,0.2203489989042282,0.20388999581336975,0.22034500539302826,1833916031,TRX-USD,CRYPTO,yfinance,1d
2024-12-03,0.22035600244998932,0.4406749904155731,0.22035600244998932,0.4259920120239258,10927250059,TRX-USD,CRYPTO,yfinance,1d
2024-12-04,0.42607399821281433,0.4363180100917816,0.32361099123954773,0.33239901065826416,9548981749,TRX-USD,CRYPTO,yfinance,1d
2024-12-05,0.33239099383354187,0.34495699405670166,0.3146589994430542,0.319240003824234,5740350051,TRX-USD,CRYPTO,yfinance,1d
2024-12-06,0.3221929967403412,0.32912299036979675,0.3104589879512787,0.32598501443862915,2148538342,TRX-USD,CRYPTO,yfinance,1d
2024-12-07,0.325980007648468,0.33515799045562744,0.3179279863834381,0.3193120062351227,1549520534,TRX-USD,CRYPTO,yfinance,1d
2024-12-08,0.32153499126434326,0.32318100333213806,0.30909499526023865,0.3188230097293854,1170444146,TRX-USD,CRYPTO,yfinance,1d
2024-12-09,0.31883201003074646,0.32048499584198,0.24931199848651886,0.26330000162124634,2277776841,TRX-USD,CRYPTO,yfinance,1d
2024-12-10,0.26330000162124634,0.27929800748825073,0.24506600201129913,0.2699579894542694,2504928985,TRX-USD,CRYPTO,yfinance,1d
2024-12-11,0.2699579894542694,0.28706300258636475,0.2620069980621338,0.28248199820518494,1651342024,TRX-USD,CRYPTO,yfinance,1d
2024-12-12,0.28248000144958496,0.3094269931316376,0.28130701184272766,0.2972260117530823,2677027101,TRX-USD,CRYPTO,yfinance,1d
2024-12-13,0.297230988740921,0.30188098549842834,0.2847929894924164,0.29065901041030884,1454332522,TRX-USD,CRYPTO,yfinance,1d
2024-12-14,0.29065901041030884,0.2969929873943329,0.2779960036277771,0.2822439968585968,1068522044,TRX-USD,CRYPTO,yfinance,1d
2024-12-15,0.2822439968585968,0.28633999824523926,0.2756919860839844,0.2852959930896759,816567664,TRX-USD,CRYPTO,yfinance,1d
2024-12-16,0.2852959930896759,0.30440300703048706,0.2768450081348419,0.29670900106430054,2009690177,TRX-USD,CRYPTO,yfinance,1d
2024-12-17,0.29670900106430054,0.2969839870929718,0.27810901403427124,0.27930399775505066,1828006295,TRX-USD,CRYPTO,yfinance,1d
2024-12-18,0.2793079912662506,0.2811700105667114,0.25781700015068054,0.25797900557518005,1785826783,TRX-USD,CRYPTO,yfinance,1d
2024-12-19,0.2579819858074188,0.26604700088500977,0.24442900717258453,0.25148600339889526,2034219898,TRX-USD,CRYPTO,yfinance,1d
2024-12-20,0.25148600339889526,0.25404900312423706,0.2248450070619583,0.24856600165367126,2108768957,TRX-USD,CRYPTO,yfinance,1d
2024-12-21,0.24856600165367126,0.25554099678993225,0.24218599498271942,0.24477499723434448,1294992804,TRX-USD,CRYPTO,yfinance,1d
2024-12-22,0.24477499723434448,0.24996499717235565,0.24177700281143188,0.2438870072364807,1093041013,TRX-USD,CRYPTO,yfinance,1d
2024-12-23,0.2438870072364807,0.2532770037651062,0.2415730059146881,0.2521339952945709,1283469984,TRX-USD,CRYPTO,yfinance,1d
2024-12-24,0.2521339952945709,0.25901201367378235,0.2502259910106659,0.25633201003074646,853884489,TRX-USD,CRYPTO,yfinance,1d
2024-12-25,0.25633201003074646,0.2584959864616394,0.2554740011692047,0.25774499773979187,710269956,TRX-USD,CRYPTO,yfinance,1d
2024-12-26,0.25774499773979187,0.25866299867630005,0.24967700242996216,0.2535719871520996,915626820,TRX-USD,CRYPTO,yfinance,1d
2024-12-27,0.2534080147743225,0.2649199962615967,0.25283899903297424,0.2587920129299164,1301028136,TRX-USD,CRYPTO,yfinance,1d
2024-12-28,0.2587920129299164,0.2626200020313263,0.2563270032405853,0.2578980028629303,616275035,TRX-USD,CRYPTO,yfinance,1d
2024-12-29,0.2578980028629303,0.2627579867839813,0.2563149929046631,0.257286012172699,780016564,TRX-USD,CRYPTO,yfinance,1d
2024-12-30,0.257286012172699,0.2591949999332428,0.2503489851951599,0.2529659867286682,903322164,TRX-USD,CRYPTO,yfinance,1d
2024-12-31,0.2529659867286682,0.25714200735092163,0.2510479986667633,0.2542079985141754,591505441,TRX-USD,CRYPTO,yfinance,1d
2025-01-01,0.2542079985141754,0.2557089924812317,0.25257399678230286,0.2553139925003052,455436492,TRX-USD,CRYPTO,yfinance,1d
2025-01-02,0.2553139925003052,0.26639100909233093,0.2553139925003052,0.2650519907474518,929941163,TRX-USD,CRYPTO,yfinance,1d
2025-01-03,0.2650519907474518,0.271014004945755,0.26101401448249817,0.2698209881782532,888075004,TRX-USD,CRYPTO,yfinance,1d
2025-01-04,0.2698209881782532,0.2737860083580017,0.2664799988269806,0.26992300152778625,847438467,TRX-USD,CRYPTO,yfinance,1d
2025-01-05,0.26992300152778625,0.26992401480674744,0.261370986700058,0.26264598965644836,573935339,TRX-USD,CRYPTO,yfinance,1d
2025-01-06,0.26264598965644836,0.2696569859981537,0.25968998670578003,0.2687639892101288,885690661,TRX-USD,CRYPTO,yfinance,1d
2025-01-07,0.2685309946537018,0.2713940143585205,0.2527480125427246,0.2527480125427246,1145052120,TRX-USD,CRYPTO,yfinance,1d
2025-01-08,0.2527480125427246,0.25481000542640686,0.24468399584293365,0.25041499733924866,1248020275,TRX-USD,CRYPTO,yfinance,1d
2025-01-09,0.25041499733924866,0.2512510120868683,0.23706400394439697,0.24013200402259827,1188487041,TRX-USD,CRYPTO,yfinance,1d
2025-01-10,0.24013200402259827,0.24467100203037262,0.23775500059127808,0.24447500705718994,844340233,TRX-USD,CRYPTO,yfinance,1d
2025-01-11,0.2444619983434677,0.24446800351142883,0.24040399491786957,0.2409919947385788,435375413,TRX-USD,CRYPTO,yfinance,1d
2025-01-12,0.2409919947385788,0.24110199511051178,0.23161999881267548,0.23342099785804749,470623932,TRX-USD,CRYPTO,yfinance,1d
2025-01-13,0.23342099785804749,0.23660700023174286,0.21689899265766144,0.22276000678539276,1206764270,TRX-USD,CRYPTO,yfinance,1d
2025-01-14,0.22276000678539276,0.22653700411319733,0.22050000727176666,0.220892995595932,627662497,TRX-USD,CRYPTO,yfinance,1d
2025-01-15,0.220892995595932,0.23815099895000458,0.22065399587154388,0.237963005900383,852315932,TRX-USD,CRYPTO,yfinance,1d
2025-01-16,0.2379859983921051,0.24083200097084045,0.23334099352359772,0.23714600503444672,951592113,TRX-USD,CRYPTO,yfinance,1d
2025-01-17,0.23714600503444672,0.24930499494075775,0.23712700605392456,0.24901099503040314,751004539,TRX-USD,CRYPTO,yfinance,1d
2025-01-18,0.24899299442768097,0.2604210078716278,0.23852699995040894,0.24207299947738647,1548512381,TRX-USD,CRYPTO,yfinance,1d
2025-01-19,0.24207299947738647,0.2462110072374344,0.22734400629997253,0.22813700139522552,1654368911,TRX-USD,CRYPTO,yfinance,1d
2025-01-20,0.22813700139522552,0.24674199521541595,0.22416000068187714,0.23826800286769867,2149143141,TRX-USD,CRYPTO,yfinance,1d
2025-01-21,0.2382660061120987,0.2452860027551651,0.2352920025587082,0.2446649968624115,1055441083,TRX-USD,CRYPTO,yfinance,1d
2025-01-22,0.2446649968624115,0.2580209970474243,0.2446649968624115,0.25339698791503906,1086361244,TRX-USD,CRYPTO,yfinance,1d
2025-01-23,0.2533990144729614,0.254397988319397,0.24414700269699097,0.2528719902038574,1127948953,TRX-USD,CRYPTO,yfinance,1d
2025-01-24,0.2528719902038574,0.26100799441337585,0.2503899931907654,0.254285991191864,781450332,TRX-USD,CRYPTO,yfinance,1d
2025-01-25,0.254287987947464,0.2575710117816925,0.253152996301651,0.25343000888824463,469674888,TRX-USD,CRYPTO,yfinance,1d
2025-01-26,0.2534309923648834,0.25391000509262085,0.24633300304412842,0.24633300304412842,457262626,TRX-USD,CRYPTO,yfinance,1d
2025-01-27,0.24634499847888947,0.24667300283908844,0.23330800235271454,0.2463259994983673,1098051147,TRX-USD,CRYPTO,yfinance,1d
2025-01-28,0.2463269978761673,0.2482060045003891,0.23858700692653656,0.2399190068244934,549615039,TRX-USD,CRYPTO,yfinance,1d
2025-01-29,0.23991799354553223,0.24362799525260925,0.23638300597667694,0.24015100300312042,595274824,TRX-USD,CRYPTO,yfinance,1d
2025-01-30,0.24015100300312042,0.2526159882545471,0.23931999504566193,0.2522459924221039,545388830,TRX-USD,CRYPTO,yfinance,1d
2025-01-31,0.2522459924221039,0.25794801115989685,0.251213014125824,0.2537029981613159,650036998,TRX-USD,CRYPTO,yfinance,1d
2025-02-01,0.2537040114402771,0.25639599561691284,0.24410800635814667,0.24440999329090118,597036302,TRX-USD,CRYPTO,yfinance,1d
2025-02-02,0.24440999329090118,0.24618500471115112,0.22277100384235382,0.22509600222110748,1254717586,TRX-USD,CRYPTO,yfinance,1d
2025-02-03,0.22509600222110748,0.23019100725650787,0.20414699614048004,0.22893400490283966,1920497123,TRX-USD,CRYPTO,yfinance,1d
2025-02-04,0.22893300652503967,0.22955499589443207,0.21624399721622467,0.22449900209903717,1283611168,TRX-USD,CRYPTO,yfinance,1d
2025-02-05,0.22449800372123718,0.22715599834918976,0.221778005361557,0.22257199883460999,632802203,TRX-USD,CRYPTO,yfinance,1d
2025-02-06,0.22257199883460999,0.23261800408363342,0.22172099351882935,0.2316019982099533,800435519,TRX-USD,CRYPTO,yfinance,1d
2025-02-07,0.2316019982099533,0.2345619946718216,0.22771400213241577,0.22998499870300293,673936117,TRX-USD,CRYPTO,yfinance,1d
2025-02-08,0.22998499870300293,0.23409399390220642,0.22884100675582886,0.23164799809455872,450468575,TRX-USD,CRYPTO,yfinance,1d
2025-02-09,0.23164400458335876,0.23756100237369537,0.23104099929332733,0.23254099488258362,458204329,TRX-USD,CRYPTO,yfinance,1d
2025-02-10,0.23254099488258362,0.24679599702358246,0.22817599773406982,0.24614399671554565,706661670,TRX-USD,CRYPTO,yfinance,1d
2025-02-11,0.2461470067501068,0.24899600446224213,0.24050499498844147,0.24107299745082855,557162951,TRX-USD,CRYPTO,yfinance,1d
2025-02-12,0.24107299745082855,0.24544799327850342,0.23605699837207794,0.24332399666309357,678163355,TRX-USD,CRYPTO,yfinance,1d
2025-02-13,0.24332499504089355,0.2441139966249466,0.23400099575519562,0.23402200639247894,555198219,TRX-USD,CRYPTO,yfinance,1d
2025-02-14,0.23402200639247894,0.23661400377750397,0.2303760051727295,0.23148399591445923,532393077,TRX-USD,CRYPTO,yfinance,1d
2025-02-15,0.23148299753665924,0.2379709929227829,0.23056800663471222,0.2374349981546402,383260863,TRX-USD,CRYPTO,yfinance,1d
2025-02-16,0.23743200302124023,0.24392500519752502,0.2357490062713623,0.24266600608825684,424129963,TRX-USD,CRYPTO,yfinance,1d
2025-02-17,0.24266399443149567,0.2474910020828247,0.23847000300884247,0.23871800303459167,678288240,TRX-USD,CRYPTO,yfinance,1d
2025-02-18,0.2387170046567917,0.24106000363826752,0.23284199833869934,0.23897099494934082,611116651,TRX-USD,CRYPTO,yfinance,1d
2025-02-19,0.2389640063047409,0.24365000426769257,0.23896299302577972,0.24224799871444702,459982736,TRX-USD,CRYPTO,yfinance,1d
2025-02-20,0.24224799871444702,0.24779200553894043,0.23781800270080566,0.24641600251197815,473835177,TRX-USD,CRYPTO,yfinance,1d
2025-02-21,0.24641600251197815,0.25047099590301514,0.2356400042772293,0.23760099709033966,654961183,TRX-USD,CRYPTO,yfinance,1d
2025-02-22,0.23760099709033966,0.23963700234889984,0.23466899991035461,0.23836299777030945,418958920,TRX-USD,CRYPTO,yfinance,1d
2025-02-23,0.23836399614810944,0.2459850013256073,0.23807300627231598,0.24597099423408508,436385786,TRX-USD,CRYPTO,yfinance,1d
2025-02-24,0.24597099423408508,0.24885399639606476,0.23993000388145447,0.24004900455474854,825905323,TRX-USD,CRYPTO,yfinance,1d
2025-02-25,0.24004900455474854,0.24360699951648712,0.2252490073442459,0.23088699579238892,1515641403,TRX-USD,CRYPTO,yfinance,1d
2025-02-26,0.23088699579238892,0.2314240038394928,0.22281399369239807,0.22679400444030762,891096331,TRX-USD,CRYPTO,yfinance,1d
2025-02-27,0.22679400444030762,0.22959700226783752,0.2254749983549118,0.22821100056171417,518767779,TRX-USD,CRYPTO,yfinance,1d
2025-02-28,0.22821100056171417,0.2332179993391037,0.21718500554561615,0.23320099711418152,1021764254,TRX-USD,CRYPTO,yfinance,1d
2025-03-01,0.23319700360298157,0.23707400262355804,0.2300959974527359,0.23379699885845184,471587740,TRX-USD,CRYPTO,yfinance,1d
2025-03-02,0.23379699885845184,0.2464269995689392,0.2321999967098236,0.2439039945602417,649931595,TRX-USD,CRYPTO,yfinance,1d
2025-03-03,0.2439049929380417,0.24525199830532074,0.22759400308132172,0.23092800378799438,893821179,TRX-USD,CRYPTO,yfinance,1d
2025-03-04,0.23093299567699432,0.24285699427127838,0.2271919995546341,0.24244500696659088,1020664271,TRX-USD,CRYPTO,yfinance,1d
2025-03-05,0.2424439936876297,0.24490700662136078,0.2406879961490631,0.24361799657344818,565413816,TRX-USD,CRYPTO,yfinance,1d
2025-03-06,0.24361799657344818,0.24675500392913818,0.2392670065164566,0.24010400474071503,568713611,TRX-USD,CRYPTO,yfinance,1d
2025-03-07,0.24010400474071503,0.24667799472808838,0.23546099662780762,0.24370400607585907,755705195,TRX-USD,CRYPTO,yfinance,1d
2025-03-08,0.24370400607585907,0.25084298849105835,0.24355199933052063,0.24382899701595306,627401931,TRX-USD,CRYPTO,yfinance,1d
2025-03-09,0.2438250035047531,0.2438730001449585,0.23190400004386902,0.23190799355506897,585204021,TRX-USD,CRYPTO,yfinance,1d
2025-03-10,0.23190799355506897,0.23771199584007263,0.2275789976119995,0.22948600351810455,897421668,TRX-USD,CRYPTO,yfinance,1d
2025-03-11,0.22947299480438232,0.2319290041923523,0.22296899557113647,0.2244260013103485,899037133,TRX-USD,CRYPTO,yfinance,1d
2025-03-12,0.2244260013103485,0.22595299780368805,0.22035300731658936,0.22299499809741974,735832204,TRX-USD,CRYPTO,yfinance,1d
2025-03-13,0.22299499809741974,0.2264299988746643,0.2222830057144165,0.22511500120162964,648267654,TRX-USD,CRYPTO,yfinance,1d
2025-03-14,0.22511500120162964,0.2260729968547821,0.2208479940891266,0.22247399389743805,545500565,TRX-USD,CRYPTO,yfinance,1d
2025-03-15,0.22247199714183807,0.22480100393295288,0.22047799825668335,0.22165000438690186,517229174,TRX-USD,CRYPTO,yfinance,1d
2025-03-16,0.22165100276470184,0.2216780036687851,0.21120400726795197,0.2122189998626709,594289478,TRX-USD,CRYPTO,yfinance,1d
2025-03-17,0.21221700310707092,0.22071799635887146,0.21130600571632385,0.22059699892997742,641444798,TRX-USD,CRYPTO,yfinance,1d
2025-03-18,0.22059699892997742,0.23902100324630737,0.22032499313354492,0.23690199851989746,865937723,TRX-USD,CRYPTO,yfinance,1d
2025-03-19,0.23690199851989746,0.24296200275421143,0.22906699776649475,0.23096199333667755,1122973966,TRX-USD,CRYPTO,yfinance,1d
2025-03-20,0.2309660017490387,0.23660500347614288,0.22856399416923523,0.23418299853801727,711109953,TRX-USD,CRYPTO,yfinance,1d
2025-03-21,0.23417000472545624,0.23734299838542938,0.23051400482654572,0.2334350049495697,521693071,TRX-USD,CRYPTO,yfinance,1d
2025-03-22,0.2334350049495697,0.23809899389743805,0.23290400207042694,0.23716199398040771,409496867,TRX-USD,CRYPTO,yfinance,1d
2025-03-23,0.23716199398040771,0.24070100486278534,0.22974899411201477,0.22996599972248077,531967899,TRX-USD,CRYPTO,yfinance,1d
2025-03-24,0.22996599972248077,0.2300020009279251,0.22530600428581238,0.22805200517177582,607345102,TRX-USD,CRYPTO,yfinance,1d
2025-03-25,0.22805500030517578,0.22907300293445587,0.22600899636745453,0.22728799283504486,379818626,TRX-USD,CRYPTO,yfinance,1d
2025-03-26,0.22728699445724487,0.23172500729560852,0.22691400349140167,0.23134399950504303,429550233,TRX-USD,CRYPTO,yfinance,1d
2025-03-27,0.23134399950504303,0.23513899743556976,0.2308569997549057,0.23490899801254272,484566729,TRX-USD,CRYPTO,yfinance,1d
2025-03-28,0.23490799963474274,0.23496200144290924,0.22918200492858887,0.2323160022497177,487709767,TRX-USD,CRYPTO,yfinance,1d
2025-03-29,0.23231500387191772,0.2355629950761795,0.23193900287151337,0.23194099962711334,502000442,TRX-USD,CRYPTO,yfinance,1d
2025-03-30,0.2319359928369522,0.23263999819755554,0.22968299686908722,0.23135000467300415,370193761,TRX-USD,CRYPTO,yfinance,1d
2025-03-31,0.23135000467300415,0.2400449961423874,0.23130300641059875,0.2387229949235916,500905941,TRX-USD,CRYPTO,yfinance,1d
2025-04-01,0.2387229949235916,0.238987997174263,0.23335899412631989,0.2377920001745224,454025435,TRX-USD,CRYPTO,yfinance,1d
2025-04-02,0.23779399693012238,0.23994599282741547,0.2324800044298172,0.2338320016860962,661946113,TRX-USD,CRYPTO,yfinance,1d
2025-04-03,0.23382900655269623,0.23845799267292023,0.23058000206947327,0.23770900070667267,496957453,TRX-USD,CRYPTO,yfinance,1d
2025-04-04,0.2377139925956726,0.2416590005159378,0.236968994140625,0.23896799981594086,500310924,TRX-USD,CRYPTO,yfinance,1d
2025-04-05,0.23896799981594086,0.23899100720882416,0.23584100604057312,0.23741400241851807,293489513,TRX-USD,CRYPTO,yfinance,1d
2025-04-06,0.23741599917411804,0.23978200554847717,0.2282000035047531,0.22972999513149261,504677733,TRX-USD,CRYPTO,yfinance,1d
2025-04-07,0.22972999513149261,0.2319899946451187,0.2209330052137375,0.2285189926624298,977000028,TRX-USD,CRYPTO,yfinance,1d
2025-04-08,0.2285189926624298,0.2365880012512207,0.22851499915122986,0.23048700392246246,668928638,TRX-USD,CRYPTO,yfinance,1d
2025-04-09,0.23048700392246246,0.23886699974536896,0.22639000415802002,0.23836900293827057,797073985,TRX-USD,CRYPTO,yfinance,1d
2025-04-10,0.23840700089931488,0.24342599511146545,0.23485299944877625,0.2361930012702942,752440315,TRX-USD,CRYPTO,yfinance,1d
2025-04-11,0.2361930012702942,0.2435230016708374,0.23449599742889404,0.243258997797966,516142520,TRX-USD,CRYPTO,yfinance,1d
2025-04-12,0.243258997797966,0.250449001789093,0.2409600019454956,0.24607199430465698,564877672,TRX-USD,CRYPTO,yfinance,1d
2025-04-13,0.24607199430465698,0.2544670104980469,0.24572600424289703,0.25443899631500244,598804117,TRX-USD,CRYPTO,yfinance,1d
2025-04-14,0.2544400095939636,0.2587519884109497,0.2514840066432953,0.2519789934158325,705772036,TRX-USD,CRYPTO,yfinance,1d
2025-04-15,0.2519789934158325,0.25361499190330505,0.24710099399089813,0.25032299757003784,585525104,TRX-USD,CRYPTO,yfinance,1d
2025-04-16,0.25032299757003784,0.25508901476860046,0.2475689947605133,0.24757300317287445,635396916,TRX-USD,CRYPTO,yfinance,1d
2025-04-17,0.24757300317287445,0.25034299492836,0.24398499727249146,0.24778500199317932,662853890,TRX-USD,CRYPTO,yfinance,1d
2025-04-18,0.24778500199317932,0.24782000482082367,0.23976300656795502,0.23989200592041016,462292299,TRX-USD,CRYPTO,yfinance,1d
2025-04-19,0.23989200592041016,0.2444790005683899,0.23978400230407715,0.24394500255584717,359363569,TRX-USD,CRYPTO,yfinance,1d
2025-04-20,0.24394699931144714,0.24677200615406036,0.24147599935531616,0.2438250035047531,411659985,TRX-USD,CRYPTO,yfinance,1d
2025-04-21,0.2438250035047531,0.2468169927597046,0.24108099937438965,0.24637599289417267,611699471,TRX-USD,CRYPTO,yfinance,1d
2025-04-22,0.24637499451637268,0.2491450011730194,0.2437720000743866,0.24828700721263885,691773903,TRX-USD,CRYPTO,yfinance,1d
2025-04-23,0.24828700721263885,0.249331995844841,0.2437790036201477,0.2462420016527176,690739285,TRX-USD,CRYPTO,yfinance,1d
2025-04-24,0.24624300003051758,0.24742700159549713,0.24220000207424164,0.24555200338363647,585772570,TRX-USD,CRYPTO,yfinance,1d
2025-04-25,0.2455510050058365,0.24575600028038025,0.2411939948797226,0.24198099970817566,551834786,TRX-USD,CRYPTO,yfinance,1d
2025-04-26,0.24198299646377563,0.2531149983406067,0.24197499454021454,0.2519490122795105,685001974,TRX-USD,CRYPTO,yfinance,1d
2025-04-27,0.2519490122795105,0.2542319893836975,0.2454109936952591,0.2454870045185089,544084774,TRX-USD,CRYPTO,yfinance,1d
2025-04-28,0.24547900259494781,0.24838300049304962,0.24370700120925903,0.24838300049304962,557045277,TRX-USD,CRYPTO,yfinance,1d
2025-04-29,0.24838300049304962,0.2498670071363449,0.24326999485492706,0.24389000236988068,455299611,TRX-USD,CRYPTO,yfinance,1d
2025-04-30,0.24388200044631958,0.24699699878692627,0.24269700050354004,0.24683000147342682,480039646,TRX-USD,CRYPTO,yfinance,1d
2025-05-01,0.24682900309562683,0.24949899315834045,0.24410900473594666,0.2447880059480667,435437603,TRX-USD,CRYPTO,yfinance,1d
2025-05-02,0.2447900027036667,0.24837100505828857,0.24347500503063202,0.24806100130081177,406871123,TRX-USD,CRYPTO,yfinance,1d
2025-05-03,0.24805299937725067,0.24981200695037842,0.24481000006198883,0.24559099972248077,406008298,TRX-USD,CRYPTO,yfinance,1d
2025-05-04,0.24559099972248077,0.2489060014486313,0.24518199265003204,0.2470870018005371,387755538,TRX-USD,CRYPTO,yfinance,1d
2025-05-05,0.24708500504493713,0.2504290044307709,0.2465589940547943,0.24828800559043884,521869629,TRX-USD,CRYPTO,yfinance,1d
2025-05-06,0.24828800559043884,0.24836599826812744,0.24390199780464172,0.24586699903011322,441185209,TRX-USD,CRYPTO,yfinance,1d
2025-05-07,0.24586600065231323,0.24918599426746368,0.24371099472045898,0.2487259954214096,472041018,TRX-USD,CRYPTO,yfinance,1d
2025-05-08,0.2487259954214096,0.2575390040874481,0.2485869973897934,0.2570570111274719,732496554,TRX-USD,CRYPTO,yfinance,1d
2025-05-09,0.2570570111274719,0.2655949890613556,0.25421398878097534,0.26009601354599,1276502101,TRX-USD,CRYPTO,yfinance,1d
2025-05-10,0.2600939869880676,0.26653000712394714,0.258882999420166,0.2664090096950531,931086642,TRX-USD,CRYPTO,yfinance,1d
2025-05-11,0.2664029896259308,0.26823100447654724,0.2599410116672516,0.2648780047893524,955495809,TRX-USD,CRYPTO,yfinance,1d
2025-05-12,0.2648780047893524,0.27968400716781616,0.2632560133934021,0.27170100808143616,1870118401,TRX-USD,CRYPTO,yfinance,1d
2025-05-13,0.27170100808143616,0.27299201488494873,0.26096999645233154,0.2709810137748718,1022839960,TRX-USD,CRYPTO,yfinance,1d
2025-05-14,0.2709810137748718,0.2785319983959198,0.2695240080356598,0.27482399344444275,1017263192,TRX-USD,CRYPTO,yfinance,1d
2025-05-15,0.27482300996780396,0.2762500047683716,0.26767000555992126,0.27307000756263733,1030688228,TRX-USD,CRYPTO,yfinance,1d
2025-05-16,0.27307000756263733,0.2781260013580322,0.2708030045032501,0.27178001403808594,746439220,TRX-USD,CRYPTO,yfinance,1d
2025-05-17,0.27178001403808594,0.2722199857234955,0.2671310007572174,0.2695789933204651,639410332,TRX-USD,CRYPTO,yfinance,1d
2025-05-18,0.2695789933204651,0.2742150127887726,0.264411985874176,0.26779699325561523,722358483,TRX-USD,CRYPTO,yfinance,1d
2025-05-19,0.26779699325561523,0.26802700757980347,0.26082101464271545,0.2666879892349243,731471875,TRX-USD,CRYPTO,yfinance,1d
2025-05-20,0.2666879892349243,0.27510499954223633,0.26631098985671997,0.2692210078239441,874419925,TRX-USD,CRYPTO,yfinance,1d
2025-05-21,0.2692210078239441,0.2741340100765228,0.26603901386260986,0.2685199975967407,897131539,TRX-USD,CRYPTO,yfinance,1d
2025-05-22,0.268528014421463,0.2814120054244995,0.2674599885940552,0.27542999386787415,1066710540,TRX-USD,CRYPTO,yfinance,1d
2025-05-23,0.27542999386787415,0.2759479880332947,0.26525500416755676,0.26854199171066284,993291929,TRX-USD,CRYPTO,yfinance,1d
2025-05-24,0.26854199171066284,0.2738740146160126,0.2685360014438629,0.2704240083694458,489492428,TRX-USD,CRYPTO,yfinance,1d
2025-05-25,0.2704240083694458,0.2735620141029358,0.26891499757766724,0.271791011095047,525550755,TRX-USD,CRYPTO,yfinance,1d
2025-05-26,0.271791011095047,0.27470600605010986,0.2706890106201172,0.2742590010166168,485896907,TRX-USD,CRYPTO,yfinance,1d
2025-05-27,0.2742590010166168,0.2787320017814636,0.27226901054382324,0.27780601382255554,596629354,TRX-USD,CRYPTO,yfinance,1d
2025-05-28,0.27780601382255554,0.27950501441955566,0.27320998907089233,0.2737649977207184,504947693,TRX-USD,CRYPTO,yfinance,1d
2025-05-29,0.2737649977207184,0.27819401025772095,0.2726359963417053,0.27456000447273254,605812704,TRX-USD,CRYPTO,yfinance,1d
2025-05-30,0.27456000447273254,0.27607300877571106,0.2669439911842346,0.267179012298584,787547829,TRX-USD,CRYPTO,yfinance,1d
2025-05-31,0.26718300580978394,0.26942700147628784,0.2635970115661621,0.2657720148563385,594027774,TRX-USD,CRYPTO,yfinance,1d
2025-06-01,0.2657720148563385,0.2713969945907593,0.2651050090789795,0.2711620032787323,378497088,TRX-USD,CRYPTO,yfinance,1d
2025-06-02,0.2711620032787323,0.2718439996242523,0.26608800888061523,0.2689000070095062,451237883,TRX-USD,CRYPTO,yfinance,1d
2025-06-03,0.2689000070095062,0.27202901244163513,0.26865100860595703,0.2703869938850403,411969740,TRX-USD,CRYPTO,yfinance,1d
2025-06-04,0.2703869938850403,0.27464398741722107,0.268108993768692,0.27448299527168274,481260871,TRX-USD,CRYPTO,yfinance,1d
2025-06-05,0.27448299527168274,0.2831900119781494,0.2664850056171417,0.28273099660873413,824255114,TRX-USD,CRYPTO,yfinance,1d
2025-06-06,0.2827419936656952,0.2827419936656952,0.2759059965610504,0.27772700786590576,564694355,TRX-USD,CRYPTO,yfinance,1d
2025-06-07,0.27772200107574463,0.28705498576164246,0.27757298946380615,0.28704801201820374,458669895,TRX-USD,CRYPTO,yfinance,1d
2025-06-08,0.28704801201820374,0.28750601410865784,0.28172001242637634,0.2818770110607147,474032930,TRX-USD,CRYPTO,yfinance,1d
2025-06-09,0.2818770110607147,0.29009300470352173,0.2812510132789612,0.28724101185798645,565353681,TRX-USD,CRYPTO,yfinance,1d
2025-06-10,0.28724101185798645,0.2942740023136139,0.28583401441574097,0.2919270098209381,687770384,TRX-USD,CRYPTO,yfinance,1d
2025-06-11,0.2919270098209381,0.29252299666404724,0.27726998925209045,0.27935799956321716,868018073,TRX-USD,CRYPTO,yfinance,1d
2025-06-12,0.27935799956321716,0.2794339954853058,0.2707349956035614,0.27209100127220154,832910600,TRX-USD,CRYPTO,yfinance,1d
2025-06-13,0.27209100127220154,0.2741140127182007,0.2673709988594055,0.2698670029640198,810142803,TRX-USD,CRYPTO,yfinance,1d
2025-06-14,0.2698670029640198,0.27208399772644043,0.26884400844573975,0.2712160050868988,332040120,TRX-USD,CRYPTO,yfinance,1d
2025-06-15,0.2712169885635376,0.27405300736427307,0.27044299244880676,0.2739500105381012,306729717,TRX-USD,CRYPTO,yfinance,1d
2025-06-16,0.2739500105381012,0.2899079918861389,0.2700499892234802,0.2744770050048828,1414479696,TRX-USD,CRYPTO,yfinance,1d
2025-06-17,0.27447599172592163,0.2796210050582886,0.27166101336479187,0.27166101336479187,847997900,TRX-USD,CRYPTO,yfinance,1d
2025-06-18,0.27166101336479187,0.27493301033973694,0.26792600750923157,0.2731490135192871,543996944,TRX-USD,CRYPTO,yfinance,1d
2025-06-19,0.2731490135192871,0.27609899640083313,0.2723430097103119,0.2747099995613098,398476639,TRX-USD,CRYPTO,yfinance,1d
2025-06-20,0.2747099995613098,0.27549898624420166,0.2703869938850403,0.27240100502967834,531970396,TRX-USD,CRYPTO,yfinance,1d
2025-06-21,0.27240100502967834,0.2749199867248535,0.26937299966812134,0.27086499333381653,445290397,TRX-USD,CRYPTO,yfinance,1d
2025-06-22,0.27087101340293884,0.27381300926208496,0.2591789960861206,0.26347801089286804,1049191227,TRX-USD,CRYPTO,yfinance,1d
2025-06-23,0.26347699761390686,0.2735289931297302,0.2634510099887848,0.27305400371551514,822719436,TRX-USD,CRYPTO,yfinance,1d
2025-06-24,0.27305400371551514,0.27480098605155945,0.27079400420188904,0.2738809883594513,486150425,TRX-USD,CRYPTO,yfinance,1d
2025-06-25,0.2738809883594513,0.27505800127983093,0.27070799469947815,0.27315500378608704,467399346,TRX-USD,CRYPTO,yfinance,1d
2025-06-26,0.27315500378608704,0.27466100454330444,0.27059200406074524,0.27097898721694946,511751914,TRX-USD,CRYPTO,yfinance,1d
2025-06-27,0.27097898721694946,0.2734740078449249,0.2708199918270111,0.2733190059661865,387299465,TRX-USD,CRYPTO,yfinance,1d
2025-06-28,0.2733190059661865,0.2765530049800873,0.27305200695991516,0.27471399307250977,345384291,TRX-USD,CRYPTO,yfinance,1d
2025-06-29,0.27471399307250977,0.2768869996070862,0.27462801337242126,0.27687299251556396,275020893,TRX-USD,CRYPTO,yfinance,1d
2025-06-30,0.27687299251556396,0.280692994594574,0.27626699209213257,0.2797529995441437,399544558,TRX-USD,CRYPTO,yfinance,1d
2025-07-01,0.2797529995441437,0.2801400125026703,0.2779969871044159,0.2788510024547577,360863530,TRX-USD,CRYPTO,yfinance,1d
2025-07-02,0.2788510024547577,0.28520798683166504,0.2786099910736084,0.2845480144023895,452777302,TRX-USD,CRYPTO,yfinance,1d
2025-07-03,0.28454700112342834,0.2875010073184967,0.2819969952106476,0.28694599866867065,503528274,TRX-USD,CRYPTO,yfinance,1d
2025-07-04,0.28694599866867065,0.28791698813438416,0.28159499168395996,0.28248798847198486,435942312,TRX-USD,CRYPTO,yfinance,1d
2025-07-05,0.2824859917163849,0.2848680019378662,0.28198400139808655,0.28336301445961,279689364,TRX-USD,CRYPTO,yfinance,1d
2025-07-06,0.28336301445961,0.2874250113964081,0.28297001123428345,0.2873530089855194,284512467,TRX-USD,CRYPTO,yfinance,1d
2025-07-07,0.2873530089855194,0.28879600763320923,0.28571799397468567,0.28665098547935486,334920741,TRX-USD,CRYPTO,yfinance,1d
2025-07-08,0.28665098547935486,0.28790798783302307,0.28603601455688477,0.2875469923019409,324721580,TRX-USD,CRYPTO,yfinance,1d
2025-07-09,0.2875469923019409,0.2901189923286438,0.28665798902511597,0.28995099663734436,420605774,TRX-USD,CRYPTO,yfinance,1d
2025-07-10,0.28995099663734436,0.2938480079174042,0.28965499997138977,0.2938219904899597,545805389,TRX-USD,CRYPTO,yfinance,1d
2025-07-11,0.2938219904899597,0.3034000098705292,0.2932550013065338,0.30096200108528137,1111326889,TRX-USD,CRYPTO,yfinance,1d
2025-07-12,0.30096200108528137,0.30667001008987427,0.2976750135421753,0.3023670017719269,1217533359,TRX-USD,CRYPTO,yfinance,1d
2025-07-13,0.3023670017719269,0.30499398708343506,0.300025999546051,0.302931010723114,592789899,TRX-USD,CRYPTO,yfinance,1d
2025-07-14,0.302931010723114,0.304951012134552,0.300025999546051,0.3025290071964264,1019918202,TRX-USD,CRYPTO,yfinance,1d
2025-07-15,0.3025290071964264,0.3028860092163086,0.2955450117588043,0.3005029857158661,957143265,TRX-USD,CRYPTO,yfinance,1d
2025-07-16,0.3005029857158661,0.30987000465393066,0.3000290095806122,0.3096660077571869,793908732,TRX-USD,CRYPTO,yfinance,1d
2025-07-17,0.3096660077571869,0.31908300518989563,0.30793699622154236,0.315650999546051,1477370638,TRX-USD,CRYPTO,yfinance,1d
2025-07-18,0.315650999546051,0.3342980146408081,0.31564998626708984,0.32617300748825073,2364744122,TRX-USD,CRYPTO,yfinance,1d
2025-07-19,0.32617199420928955,0.32767099142074585,0.31739598512649536,0.31800100207328796,1160520863,TRX-USD,CRYPTO,yfinance,1d
2025-07-20,0.31800100207328796,0.32049599289894104,0.31282299757003784,0.31422099471092224,968404779,TRX-USD,CRYPTO,yfinance,1d
2025-07-21,0.31422099471092224,0.3179419934749603,0.31139299273490906,0.3143480122089386,1254982250,TRX-USD,CRYPTO,yfinance,1d
2025-07-22,0.3143480122089386,0.31606701016426086,0.3075209856033325,0.3157300055027008,1366717361,TRX-USD,CRYPTO,yfinance,1d
2025-07-23,0.3157300055027008,0.3186590075492859,0.30597901344299316,0.3096800148487091,1659710300,TRX-USD,CRYPTO,yfinance,1d
2025-07-24,0.30968400835990906,0.31588101387023926,0.30124300718307495,0.3140150010585785,1625713322,TRX-USD,CRYPTO,yfinance,1d
2025-07-25,0.3140150010585785,0.3177410066127777,0.31114399433135986,0.31703200936317444,1511642709,TRX-USD,CRYPTO,yfinance,1d
2025-07-26,0.31703200936317444,0.32068899273872375,0.31644099950790405,0.3201349973678589,651127378,TRX-USD,CRYPTO,yfinance,1d
2025-07-27,0.3201349973678589,0.322860985994339,0.31911700963974,0.3200699985027313,681999511,TRX-USD,CRYPTO,yfinance,1d
2025-07-28,0.3200699985027313,0.3270390033721924,0.31936201453208923,0.32177698612213135,1205600932,TRX-USD,CRYPTO,yfinance,1d
2025-07-29,0.32180100679397583,0.34999701380729675,0.3217490017414093,0.338236004114151,3051614908,TRX-USD,CRYPTO,yfinance,1d
2025-07-30,0.338236004114151,0.34004101157188416,0.32341501116752625,0.3275740146636963,1710704986,TRX-USD,CRYPTO,yfinance,1d
2025-07-31,0.3275740146636963,0.3295699954032898,0.32455798983573914,0.3248730003833771,1010029751,TRX-USD,CRYPTO,yfinance,1d
2025-08-01,0.3248730003833771,0.328328013420105,0.32156699895858765,0.3234710097312927,1737402625,TRX-USD,CRYPTO,yfinance,1d
2025-08-02,0.3234710097312927,0.32868099212646484,0.3189390003681183,0.321943998336792,1352004174,TRX-USD,CRYPTO,yfinance,1d
2025-08-03,0.321943998336792,0.3280569911003113,0.32067999243736267,0.32765498757362366,787867477,TRX-USD,CRYPTO,yfinance,1d
2025-08-04,0.32765600085258484,0.33316200971603394,0.32721999287605286,0.33294200897216797,668378415,TRX-USD,CRYPTO,yfinance,1d
2025-08-05,0.33294200897216797,0.33483099937438965,0.3300440013408661,0.3336139917373657,922475428,TRX-USD,CRYPTO,yfinance,1d
2025-08-06,0.3336139917373657,0.33797600865364075,0.3314700126647949,0.3371739983558655,874864802,TRX-USD,CRYPTO,yfinance,1d
2025-08-07,0.3371739983558655,0.34165000915527344,0.33674299716949463,0.33851200342178345,970889261,TRX-USD,CRYPTO,yfinance,1d
2025-08-08,0.33851298689842224,0.33985400199890137,0.33621498942375183,0.33800598978996277,1111261849,TRX-USD,CRYPTO,yfinance,1d
2025-08-09,0.33800598978996277,0.33872899413108826,0.3350760042667389,0.3352850079536438,602355896,TRX-USD,CRYPTO,yfinance,1d
2025-08-10,0.3352830111980438,0.34214699268341064,0.3351469933986664,0.33832600712776184,842965152,TRX-USD,CRYPTO,yfinance,1d
2025-08-11,0.33832600712776184,0.3457790017127991,0.33827298879623413,0.3449859917163849,1003068443,TRX-USD,CRYPTO,yfinance,1d
2025-08-12,0.34498700499534607,0.35358598828315735,0.3445110023021698,0.35235899686813354,1270416451,TRX-USD,CRYPTO,yfinance,1d
2025-08-13,0.35235899686813354,0.3624570071697235,0.3519279956817627,0.36233898997306824,1441490396,TRX-USD,CRYPTO,yfinance,1d
2025-08-14,0.36233800649642944,0.3697870075702667,0.35393598675727844,0.3581410050392151,2568781068,TRX-USD,CRYPTO,yfinance,1d
2025-08-15,0.3581410050392151,0.3620150089263916,0.3489780128002167,0.3524639904499054,1608484312,TRX-USD,CRYPTO,yfinance,1d
2025-08-16,0.3524639904499054,0.35500600934028625,0.34586501121520996,0.34807199239730835,931609755,TRX-USD,CRYPTO,yfinance,1d
2025-08-17,0.3480750024318695,0.35529500246047974,0.34757000207901,0.35351601243019104,915707869,TRX-USD,CRYPTO,yfinance,1d
2025-08-18,0.35351601243019104,0.35430100560188293,0.3448590040206909,0.3503580093383789,1152014923,TRX-USD,CRYPTO,yfinance,1d
2025-08-19,0.3503580093383789,0.3526709973812103,0.34627699851989746,0.34756800532341003,1287049994,TRX-USD,CRYPTO,yfinance,1d
2025-08-20,0.34757500886917114,0.355336993932724,0.34624698758125305,0.3543489873409271,1229408486,TRX-USD,CRYPTO,yfinance,1d
2025-08-21,0.3543489873409271,0.35701701045036316,0.3509039878845215,0.35354098677635193,1095353858,TRX-USD,CRYPTO,yfinance,1d
2025-08-22,0.35354098677635193,0.3672559857368469,0.35354098677635193,0.36641499400138855,1500759963,TRX-USD,CRYPTO,yfinance,1d
2025-08-23,0.36641499400138855,0.3667509853839874,0.36007899045944214,0.3622739911079407,965710293,TRX-USD,CRYPTO,yfinance,1d
2025-08-24,0.3622739911079407,0.36830198764801025,0.36131998896598816,0.3615399897098541,1241747761,TRX-USD,CRYPTO,yfinance,1d
2025-08-25,0.3615399897098541,0.36154600977897644,0.3420509994029999,0.3420509994029999,1781678557,TRX-USD,CRYPTO,yfinance,1d
2025-08-26,0.3420509994029999,0.35290300846099854,0.33936798572540283,0.3519720137119293,1384962659,TRX-USD,CRYPTO,yfinance,1d
2025-08-27,0.3519720137119293,0.3519810140132904,0.34503498673439026,0.34505000710487366,1069286386,TRX-USD,CRYPTO,yfinance,1d
2025-08-28,0.34505000710487366,0.349700003862381,0.34250399470329285,0.3449540138244629,828045290,TRX-USD,CRYPTO,yfinance,1d
2025-08-29,0.34495100378990173,0.3456690013408661,0.333638995885849,0.33883699774742126,1248429641,TRX-USD,CRYPTO,yfinance,1d
2025-08-30,0.33883699774742126,0.3407750129699707,0.3365879952907562,0.3391450047492981,579440986,TRX-USD,CRYPTO,yfinance,1d
2025-08-31,0.3391450047492981,0.3437510132789612,0.33914101123809814,0.34081199765205383,527783303,TRX-USD,CRYPTO,yfinance,1d
2025-09-01,0.34081199765205383,0.34129899740219116,0.3341509997844696,0.3370850086212158,974039173,TRX-USD,CRYPTO,yfinance,1d
2025-09-02,0.3370850086212158,0.34052398800849915,0.33557701110839844,0.33801499009132385,967907002,TRX-USD,CRYPTO,yfinance,1d
2025-09-03,0.33801499009132385,0.342070996761322,0.33678001165390015,0.3407920002937317,699105345,TRX-USD,CRYPTO,yfinance,1d
2025-09-04,0.3407920002937317,0.3417370021343231,0.33383500576019287,0.3346959948539734,830831487,TRX-USD,CRYPTO,yfinance,1d
2025-09-05,0.3346959948539734,0.3391450047492981,0.3307519853115082,0.3312709927558899,1062025589,TRX-USD,CRYPTO,yfinance,1d
2025-09-06,0.3312709927558899,0.3322269916534424,0.3015559911727905,0.3149090111255646,1336984514,TRX-USD,CRYPTO,yfinance,1d
2025-09-07,0.3149090111255646,0.33136799931526184,0.3123590052127838,0.33090901374816895,1661725397,TRX-USD,CRYPTO,yfinance,1d
2025-09-08,0.33090901374816895,0.3355030119419098,0.3295159935951233,0.33131200075149536,857702873,TRX-USD,CRYPTO,yfinance,1d
2025-09-09,0.33131200075149536,0.338265985250473,0.32987600564956665,0.3350360095500946,969245038,TRX-USD,CRYPTO,yfinance,1d
2025-09-10,0.3350360095500946,0.33992400765419006,0.33469200134277344,0.3383849859237671,675161027,TRX-USD,CRYPTO,yfinance,1d
2025-09-11,0.33838599920272827,0.34775200486183167,0.33820900321006775,0.3464440107345581,946846903,TRX-USD,CRYPTO,yfinance,1d
2025-09-12,0.3464440107345581,0.3526340126991272,0.3464199900627136,0.35262998938560486,830461305,TRX-USD,CRYPTO,yfinance,1d
2025-09-13,0.35262998938560486,0.35475000739097595,0.3481209874153137,0.3498130142688751,761085391,TRX-USD,CRYPTO,yfinance,1d
2025-09-14,0.3498130142688751,0.35194599628448486,0.3469490110874176,0.34858500957489014,653754509,TRX-USD,CRYPTO,yfinance,1d
2025-09-15,0.34858500957489014,0.35153600573539734,0.34258899092674255,0.34484800696372986,920855324,TRX-USD,CRYPTO,yfinance,1d
2025-09-16,0.34484800696372986,0.34712299704551697,0.3404650092124939,0.3424769937992096,820933052,TRX-USD,CRYPTO,yfinance,1d
2025-09-17,0.3424769937992096,0.34461501240730286,0.3390269875526428,0.3434329926967621,983893310,TRX-USD,CRYPTO,yfinance,1d
2025-09-18,0.3434320092201233,0.3519189953804016,0.3430050015449524,0.35051101446151733,941500909,TRX-USD,CRYPTO,yfinance,1d
2025-09-19,0.35051101446151733,0.3524700105190277,0.34340599179267883,0.34394800662994385,892004600,TRX-USD,CRYPTO,yfinance,1d
2025-09-20,0.34395501017570496,0.34827399253845215,0.3432050049304962,0.34684398770332336,686766156,TRX-USD,CRYPTO,yfinance,1d
2025-09-21,0.34684398770332336,0.3469640016555786,0.34225699305534363,0.3428420126438141,604017639,TRX-USD,CRYPTO,yfinance,1d
2025-09-22,0.3428420126438141,0.34321901202201843,0.3345229923725128,0.34018099308013916,1260558273,TRX-USD,CRYPTO,yfinance,1d
2025-09-23,0.34018099308013916,0.3419730067253113,0.33483800292015076,0.33607301115989685,790809212,TRX-USD,CRYPTO,yfinance,1d
2025-09-24,0.33607301115989685,0.3395160138607025,0.3348909914493561,0.3382999897003174,631619871,TRX-USD,CRYPTO,yfinance,1d
2025-09-25,0.3382999897003174,0.3385719954967499,0.3308880031108856,0.3319210112094879,1043018617,TRX-USD,CRYPTO,yfinance,1d
2025-09-26,0.3319210112094879,0.3386029899120331,0.33191901445388794,0.33852601051330566,778218689,TRX-USD,CRYPTO,yfinance,1d
2025-09-27,0.33852601051330566,0.3397110104560852,0.3358890116214752,0.33686500787734985,445559819,TRX-USD,CRYPTO,yfinance,1d
2025-09-28,0.33686500787734985,0.33723700046539307,0.33430901169776917,0.3357889950275421,404880068,TRX-USD,CRYPTO,yfinance,1d
2025-09-29,0.3357889950275421,0.3376779854297638,0.33267098665237427,0.33709800243377686,550366574,TRX-USD,CRYPTO,yfinance,1d
2025-09-30,0.33709800243377686,0.3375389873981476,0.3317430019378662,0.33369699120521545,659060372,TRX-USD,CRYPTO,yfinance,1d
2025-10-01,0.33369699120521545,0.3423140048980713,0.3332839906215668,0.3418709933757782,793296281,TRX-USD,CRYPTO,yfinance,1d
2025-10-02,0.3418709933757782,0.34417301416397095,0.34106698632240295,0.34307798743247986,741164730,TRX-USD,CRYPTO,yfinance,1d
2025-10-03,0.34307900071144104,0.345894992351532,0.34137099981307983,0.3420949876308441,828336361,TRX-USD,CRYPTO,yfinance,1d
2025-10-04,0.3420949876308441,0.34259599447250366,0.3396489918231964,0.3404799997806549,515393932,TRX-USD,CRYPTO,yfinance,1d
2025-10-05,0.34047698974609375,0.34348899126052856,0.3399229943752289,0.3414260149002075,663306391,TRX-USD,CRYPTO,yfinance,1d
2025-10-06,0.3414260149002075,0.3472050130367279,0.34070301055908203,0.34619998931884766,849681635,TRX-USD,CRYPTO,yfinance,1d
2025-10-07,0.34619998931884766,0.3470340073108673,0.33759400248527527,0.33810698986053467,920460384,TRX-USD,CRYPTO,yfinance,1d
2025-10-08,0.33810698986053467,0.34259799122810364,0.3367530107498169,0.3421750068664551,886913352,TRX-USD,CRYPTO,yfinance,1d
2025-10-09,0.34218400716781616,0.34226998686790466,0.3346109986305237,0.33667999505996704,1009351036,TRX-USD,CRYPTO,yfinance,1d
2025-10-10,0.33667200803756714,0.3372989892959595,0.31554898619651794,0.32098498940467834,1780781408,TRX-USD,CRYPTO,yfinance,1d
2025-10-11,0.32098498940467834,0.3214130103588104,0.31220701336860657,0.31463998556137085,1227917045,TRX-USD,CRYPTO,yfinance,1d
2025-10-12,0.31463900208473206,0.32412999868392944,0.3113020062446594,0.32315701246261597,1156698805,TRX-USD,CRYPTO,yfinance,1d
2025-10-13,0.323172003030777,0.32436200976371765,0.320468008518219,0.3229379951953888,989236002,TRX-USD,CRYPTO,yfinance,1d
2025-10-14,0.3229379951953888,0.32315298914909363,0.30815601348876953,0.31700098514556885,1566113387,TRX-USD,CRYPTO,yfinance,1d
2025-10-15,0.31700098514556885,0.3209730088710785,0.3119480013847351,0.3195140063762665,1175117529,TRX-USD,CRYPTO,yfinance,1d
2025-10-16,0.3195140063762665,0.3235729932785034,0.3137339949607849,0.31558001041412354,1142334489,TRX-USD,CRYPTO,yfinance,1d
2025-10-17,0.31558600068092346,0.3177100121974945,0.30484598875045776,0.3090890049934387,1122635668,TRX-USD,CRYPTO,yfinance,1d
2025-10-18,0.3090890049934387,0.3147299885749817,0.3088569939136505,0.3131349980831146,523613924,TRX-USD,CRYPTO,yfinance,1d
2025-10-19,0.3131349980831146,0.32118698954582214,0.31263700127601624,0.3204500079154968,506233918,TRX-USD,CRYPTO,yfinance,1d
2025-10-20,0.3204500079154968,0.32423898577690125,0.3183709979057312,0.3227280080318451,687227839,TRX-USD,CRYPTO,yfinance,1d
2025-10-21,0.32269200682640076,0.32538801431655884,0.3176589906215668,0.3218429982662201,835879414,TRX-USD,CRYPTO,yfinance,1d
2025-10-22,0.3218420147895813,0.32468000054359436,0.318138986825943,0.32229098677635193,1088740975,TRX-USD,CRYPTO,yfinance,1d
2025-10-23,0.32229098677635193,0.3236890137195587,0.3132849931716919,0.3138990104198456,832368643,TRX-USD,CRYPTO,yfinance,1d
2025-10-24,0.3138990104198456,0.31477999687194824,0.3032830059528351,0.30393800139427185,1087395237,TRX-USD,CRYPTO,yfinance,1d
2025-10-25,0.30393800139427185,0.30395498871803284,0.2943100035190582,0.2971319854259491,1096066510,TRX-USD,CRYPTO,yfinance,1d
2025-10-26,0.2971319854259491,0.30143600702285767,0.2945129871368408,0.3004469871520996,900752915,TRX-USD,CRYPTO,yfinance,1d
2025-10-27,0.3004310131072998,0.30199500918388367,0.29785600304603577,0.29835599660873413,805617447,TRX-USD,CRYPTO,yfinance,1d
2025-10-28,0.29835599660873413,0.29972198605537415,0.2936350107192993,0.2956480085849762,838763193,TRX-USD,CRYPTO,yfinance,1d
2025-10-29,0.29564499855041504,0.29832199215888977,0.2922869920730591,0.2961080074310303,954407235,TRX-USD,CRYPTO,yfinance,1d
2025-10-30,0.2961080074310303,0.29823899269104004,0.28871598839759827,0.2925899922847748,1342123111,TRX-USD,CRYPTO,yfinance,1d
2025-10-31,0.29259100556373596,0.29657700657844543,0.29245099425315857,0.2962439954280853,700606996,TRX-USD,CRYPTO,yfinance,1d
2025-11-01,0.2962439954280853,0.29804399609565735,0.2948850095272064,0.29741498827934265,462508467,TRX-USD,CRYPTO,yfinance,1d
2025-11-02,0.29741498827934265,0.2984600067138672,0.2952350080013275,0.29843801259994507,459448324,TRX-USD,CRYPTO,yfinance,1d
2025-11-03,0.29843801259994507,0.2984499931335449,0.2809799909591675,0.2812100052833557,1705408727,TRX-USD,CRYPTO,yfinance,1d
2025-11-04,0.2812100052833557,0.2857609987258911,0.2770470082759857,0.28547799587249756,1733018200,TRX-USD,CRYPTO,yfinance,1d
2025-11-05,0.28547799587249756,0.29019400477409363,0.28096601366996765,0.2890639901161194,806860618,TRX-USD,CRYPTO,yfinance,1d
2025-11-06,0.2890639901161194,0.2893030047416687,0.2822510004043579,0.28370699286460876,648649302,TRX-USD,CRYPTO,yfinance,1d
2025-11-07,0.28370800614356995,0.2940540015697479,0.28341299295425415,0.29204100370407104,930466796,TRX-USD,CRYPTO,yfinance,1d
2025-11-08,0.29204100370407104,0.2944509983062744,0.2900109887123108,0.29135599732398987,543830533,TRX-USD,CRYPTO,yfinance,1d
2025-11-09,0.2913520038127899,0.29259398579597473,0.2889460027217865,0.2908320128917694,465840127,TRX-USD,CRYPTO,yfinance,1d
2025-11-10,0.2908320128917694,0.2963230013847351,0.29047301411628723,0.29631298780441284,633899163,TRX-USD,CRYPTO,yfinance,1d
2025-11-11,0.29631298780441284,0.30105599761009216,0.29628100991249084,0.29673299193382263,762813277,TRX-USD,CRYPTO,yfinance,1d
2025-11-12,0.29673299193382263,0.30086299777030945,0.2941009998321533,0.2945530116558075,729215354,TRX-USD,CRYPTO,yfinance,1d
2025-11-13,0.2945530116558075,0.29961299896240234,0.2904059886932373,0.29327499866485596,939437097,TRX-USD,CRYPTO,yfinance,1d
2025-11-14,0.29327499866485596,0.29796499013900757,0.28849101066589355,0.2924309968948364,1262069842,TRX-USD,CRYPTO,yfinance,1d
2025-11-15,0.2924309968948364,0.29462599754333496,0.2910439968109131,0.2944290041923523,565627041,TRX-USD,CRYPTO,yfinance,1d
2025-11-16,0.2944290041923523,0.29901400208473206,0.289467990398407,0.2922160029411316,912869263,TRX-USD,CRYPTO,yfinance,1d
2025-11-17,0.2922160029411316,0.29545798897743225,0.28880399465560913,0.29140499234199524,970467959,TRX-USD,CRYPTO,yfinance,1d
2025-11-18,0.29140499234199524,0.29283401370048523,0.286855012178421,0.2902899980545044,1008588009,TRX-USD,CRYPTO,yfinance,1d
2025-11-19,0.2902899980545044,0.2903139889240265,0.28346699476242065,0.28660500049591064,885395533,TRX-USD,CRYPTO,yfinance,1d
2025-11-20,0.28660500049591064,0.28784599900245667,0.27732598781585693,0.28022700548171997,873695165,TRX-USD,CRYPTO,yfinance,1d
2025-11-21,0.28022700548171997,0.28172799944877625,0.27412301301956177,0.27645400166511536,1470725463,TRX-USD,CRYPTO,yfinance,1d
2025-11-22,0.27645400166511536,0.2770400047302246,0.2731289863586426,0.2741299867630005,731185993,TRX-USD,CRYPTO,yfinance,1d
2025-11-23,0.2741299867630005,0.2756139934062958,0.27388501167297363,0.27507299184799194,488311538,TRX-USD,CRYPTO,yfinance,1d
2025-11-24,0.2750760018825531,0.2773900032043457,0.2746559977531433,0.27480900287628174,701109140,TRX-USD,CRYPTO,yfinance,1d
2025-11-25,0.27480900287628174,0.2748279869556427,0.2711150050163269,0.2743549942970276,659274813,TRX-USD,CRYPTO,yfinance,1d
2025-11-26,0.2743549942970276,0.27718299627304077,0.2739819884300232,0.27651599049568176,507442065,TRX-USD,CRYPTO,yfinance,1d
2025-11-27,0.27651599049568176,0.28040099143981934,0.2761949896812439,0.2802000045776367,484871139,TRX-USD,CRYPTO,yfinance,1d
2025-11-28,0.28019899129867554,0.28231099247932434,0.27985700964927673,0.2811110019683838,580424106,TRX-USD,CRYPTO,yfinance,1d
2025-11-29,0.2811110019683838,0.2818639874458313,0.280472993850708,0.28102999925613403,344374394,TRX-USD,CRYPTO,yfinance,1d
2025-11-30,0.28102999925613403,0.28307101130485535,0.2797220051288605,0.2816849946975708,377624845,TRX-USD,CRYPTO,yfinance,1d
2025-12-01,0.2816849946975708,0.28169500827789307,0.2755869925022125,0.27699801325798035,906381700,TRX-USD,CRYPTO,yfinance,1d
2025-12-02,0.27699801325798035,0.2831670045852661,0.27661898732185364,0.281127005815506,643804446,TRX-USD,CRYPTO,yfinance,1d
2025-12-03,0.281125009059906,0.28154900670051575,0.27845799922943115,0.2805800139904022,574777439,TRX-USD,CRYPTO,yfinance,1d
2025-12-04,0.2805800139904022,0.2861120104789734,0.2794339954853058,0.2860879898071289,586418450,TRX-USD,CRYPTO,yfinance,1d
2025-12-05,0.2860879898071289,0.28793400526046753,0.2842850089073181,0.28563201427459717,719787684,TRX-USD,CRYPTO,yfinance,1d
2025-12-06,0.28563201427459717,0.2904770076274872,0.2856059968471527,0.2874220013618469,505914609,TRX-USD,CRYPTO,yfinance,1d
2025-12-07,0.2874220013618469,0.28775501251220703,0.2843250036239624,0.2868959903717041,523906170,TRX-USD,CRYPTO,yfinance,1d
2025-12-08,0.2868959903717041,0.28794100880622864,0.2814039885997772,0.28142499923706055,520147828,TRX-USD,CRYPTO,yfinance,1d
2025-12-09,0.28142499923706055,0.28348299860954285,0.28001099824905396,0.28229600191116333,622194972,TRX-USD,CRYPTO,yfinance,1d
2025-12-10,0.28229600191116333,0.2826629877090454,0.27706700563430786,0.2801550030708313,626540418,TRX-USD,CRYPTO,yfinance,1d
2025-12-11,0.28016000986099243,0.2818320095539093,0.2781650125980377,0.28054800629615784,579517973,TRX-USD,CRYPTO,yfinance,1d
2025-12-12,0.28054800629615784,0.2807460129261017,0.27373600006103516,0.27375099062919617,510498073,TRX-USD,CRYPTO,yfinance,1d
2025-12-13,0.27375099062919617,0.2750369906425476,0.2709819972515106,0.2711679935455322,404574723,TRX-USD,CRYPTO,yfinance,1d
2025-12-14,0.2711679935455322,0.2774359881877899,0.2708599865436554,0.2772189974784851,527760656,TRX-USD,CRYPTO,yfinance,1d
2025-12-15,0.2772180140018463,0.28253400325775146,0.2772180140018463,0.27819401025772095,774248826,TRX-USD,CRYPTO,yfinance,1d
2025-12-16,0.27819401025772095,0.2817789912223816,0.27772200107574463,0.28035199642181396,554211462,TRX-USD,CRYPTO,yfinance,1d
2025-12-17,0.28035199642181396,0.28161200881004333,0.27854201197624207,0.27943798899650574,602545215,TRX-USD,CRYPTO,yfinance,1d
2025-12-18,0.27943798899650574,0.28153499960899353,0.2769300043582916,0.27935001254081726,605773075,TRX-USD,CRYPTO,yfinance,1d
2025-12-19,0.2793489992618561,0.2804490029811859,0.27795401215553284,0.28002700209617615,571179154,TRX-USD,CRYPTO,yfinance,1d
2025-12-20,0.28002700209617615,0.2814759910106659,0.278533011674881,0.2814759910106659,403992963,TRX-USD,CRYPTO,yfinance,1d
2025-12-21,0.2814759910106659,0.2885110080242157,0.28141000866889954,0.28827300667762756,548526329,TRX-USD,CRYPTO,yfinance,1d
2025-12-22,0.28827300667762756,0.28897199034690857,0.2832280099391937,0.28436699509620667,619565802,TRX-USD,CRYPTO,yfinance,1d
2025-12-23,0.28436699509620667,0.28457099199295044,0.28227999806404114,0.2832790017127991,442731349,TRX-USD,CRYPTO,yfinance,1d
2025-12-24,0.2832790017127991,0.28426700830459595,0.2795239984989166,0.2801800072193146,548916817,TRX-USD,CRYPTO,yfinance,1d
2025-12-25,0.2801800072193146,0.2807590067386627,0.2768799960613251,0.27867698669433594,427247810,TRX-USD,CRYPTO,yfinance,1d
2025-12-26,0.27867698669433594,0.27997100353240967,0.2774659991264343,0.2795110046863556,443798577,TRX-USD,CRYPTO,yfinance,1d
2025-12-27,0.2795110046863556,0.2846420109272003,0.27857300639152527,0.2846300005912781,451818970,TRX-USD,CRYPTO,yfinance,1d
2025-12-28,0.28463101387023926,0.28520500659942627,0.28316500782966614,0.2849139869213104,425119511,TRX-USD,CRYPTO,yfinance,1d
2025-12-29,0.2849139869213104,0.2855289876461029,0.28130099177360535,0.28461599349975586,607571518,TRX-USD,CRYPTO,yfinance,1d
2025-12-30,0.28461599349975586,0.2864939868450165,0.283939003944397,0.28613701462745667,491384484,TRX-USD,CRYPTO,yfinance,1d
2025-12-31,0.28613701462745667,0.28635600209236145,0.28207600116729736,0.2842710018157959,441545783,TRX-USD,CRYPTO,yfinance,1d
2026-01-01,0.2842710018157959,0.2865230143070221,0.28314700722694397,0.2865230143070221,401398281,TRX-USD,CRYPTO,yfinance,1d
2026-01-02,0.2865230143070221,0.2887980043888092,0.2841480076313019,0.28877198696136475,515202672,TRX-USD,CRYPTO,yfinance,1d
2026-01-03,0.28877198696136475,0.29536598920822144,0.2878020107746124,0.29536300897598267,497185791,TRX-USD,CRYPTO,yfinance,1d
2026-01-04,0.29536300897598267,0.29558300971984863,0.2933509945869446,0.29387399554252625,491487931,TRX-USD,CRYPTO,yfinance,1d
2026-01-05,0.2938709855079651,0.29537200927734375,0.2917400002479553,0.29213300347328186,605132608,TRX-USD,CRYPTO,yfinance,1d
2026-01-06,0.29213300347328186,0.29403600096702576,0.2911039888858795,0.2940250039100647,560901613,TRX-USD,CRYPTO,yfinance,1d
2026-01-07,0.2940250039100647,0.2983289957046509,0.2938399910926819,0.29790499806404114,638247213,TRX-USD,CRYPTO,yfinance,1d
2026-01-08,0.29790499806404114,0.29822099208831787,0.29428601264953613,0.2947250008583069,595042486,TRX-USD,CRYPTO,yfinance,1d
2026-01-09,0.29472699761390686,0.29910001158714294,0.29224899411201477,0.2979680001735687,607037011,TRX-USD,CRYPTO,yfinance,1d
2026-01-10,0.2979680001735687,0.30177798867225647,0.29703399538993835,0.3017680048942566,480902572,TRX-USD,CRYPTO,yfinance,1d
2026-01-11,0.3017669916152954,0.30278998613357544,0.2982119917869568,0.2992730140686035,560171687,TRX-USD,CRYPTO,yfinance,1d
2026-01-12,0.2992730140686035,0.3002850115299225,0.2969760000705719,0.29946601390838623,510061297,TRX-USD,CRYPTO,yfinance,1d
2026-01-13,0.29946601390838623,0.3070630133152008,0.2982040047645569,0.30702200531959534,669720713,TRX-USD,CRYPTO,yfinance,1d
2026-01-14,0.30702200531959534,0.30711498856544495,0.30100399255752563,0.30473700165748596,691696563,TRX-USD,CRYPTO,yfinance,1d
2026-01-15,0.30473700165748596,0.3123529851436615,0.30243200063705444,0.31197699904441833,837724804,TRX-USD,CRYPTO,yfinance,1d
2026-01-16,0.31197699904441833,0.3122810125350952,0.30532801151275635,0.30936199426651,5230766394,TRX-USD,CRYPTO,yfinance,1d
2026-01-17,0.30936199426651,0.31926199793815613,0.3089640140533447,0.31845301389694214,1496113959,TRX-USD,CRYPTO,yfinance,1d
2026-01-18,0.31845301389694214,0.32071399688720703,0.3152469992637634,0.31773799657821655,620240218,TRX-USD,CRYPTO,yfinance,1d
2026-01-19,0.31775200366973877,0.3203809857368469,0.30820998549461365,0.3117400109767914,828519936,TRX-USD,CRYPTO,yfinance,1d
2026-01-20,0.3117400109767914,0.31372299790382385,0.296781986951828,0.296781986951828,804856859,TRX-USD,CRYPTO,yfinance,1d
2026-01-21,0.29677900671958923,0.30004599690437317,0.2949509918689728,0.2990509867668152,739560135,TRX-USD,CRYPTO,yfinance,1d
2026-01-22,0.2990509867668152,0.30731400847435,0.2983959913253784,0.30498000979423523,645666280,TRX-USD,CRYPTO,yfinance,1d
2026-01-23,0.30498000979423523,0.31016701459884644,0.2959519922733307,0.2974959909915924,729227651,TRX-USD,CRYPTO,yfinance,1d
2026-01-24,0.2974959909915924,0.29768499732017517,0.29366201162338257,0.2950499951839447,472825680,TRX-USD,CRYPTO,yfinance,1d
2026-01-25,0.2950499951839447,0.29833999276161194,0.2943649888038635,0.2954599857330322,515427059,TRX-USD,CRYPTO,yfinance,1d
2026-01-26,0.2954599857330322,0.29695698618888855,0.29449498653411865,0.29638099670410156,475902605,TRX-USD,CRYPTO,yfinance,1d
2026-01-27,0.29638099670410156,0.29639899730682373,0.29277199506759644,0.29424500465393066,465584522,TRX-USD,CRYPTO,yfinance,1d
2026-01-28,0.29424500465393066,0.29501500725746155,0.2907179892063141,0.29498401284217834,574962678,TRX-USD,CRYPTO,yfinance,1d
2026-01-29,0.2949970066547394,0.2951669991016388,0.2899389863014221,0.294530987739563,706897989,TRX-USD,CRYPTO,yfinance,1d
2026-01-30,0.294530987739563,0.2949950098991394,0.2885200083255768,0.293830007314682,891257478,TRX-USD,CRYPTO,yfinance,1d
2026-01-31,0.293830007314682,0.2938840091228485,0.28421300649642944,0.2864469885826111,897107311,TRX-USD,CRYPTO,yfinance,1d
2026-02-01,0.2864469885826111,0.287324994802475,0.28391799330711365,0.28458499908447266,698969425,TRX-USD,CRYPTO,yfinance,1d
2026-02-02,0.28458499908447266,0.2852489948272705,0.28149399161338806,0.2831229865550995,924181833,TRX-USD,CRYPTO,yfinance,1d
2026-02-03,0.2831229865550995,0.2863509953022003,0.2812870144844055,0.28562700748443604,752378135,TRX-USD,CRYPTO,yfinance,1d
2026-02-04,0.28562700748443604,0.2871370017528534,0.28171300888061523,0.2827729880809784,757152835,TRX-USD,CRYPTO,yfinance,1d
2026-02-05,0.2827729880809784,0.28316599130630493,0.2691980004310608,0.269199013710022,1230902066,TRX-USD,CRYPTO,yfinance,1d
2026-02-06,0.269199013710022,0.27402499318122864,0.26813799142837524,0.2739720046520233,1150116281,TRX-USD,CRYPTO,yfinance,1d
2026-02-07,0.2739720046520233,0.27845999598503113,0.2731969952583313,0.27808499336242676,748957619,TRX-USD,CRYPTO,yfinance,1d
2026-02-08,0.27808499336242676,0.2794399857521057,0.27610498666763306,0.2778249979019165,527482060,TRX-USD,CRYPTO,yfinance,1d
2026-02-09,0.27782100439071655,0.27917400002479553,0.2763330042362213,0.27872100472450256,609905439,TRX-USD,CRYPTO,yfinance,1d
2026-02-10,0.2787329852581024,0.2801840007305145,0.27606400847435,0.2778559923171997,515007148,TRX-USD,CRYPTO,yfinance,1d
2026-02-11,0.2778559923171997,0.2781420052051544,0.2738269865512848,0.27813300490379333,615889125,TRX-USD,CRYPTO,yfinance,1d
2026-02-12,0.27813100814819336,0.2799910008907318,0.27616098523139954,0.2797499895095825,577939223,TRX-USD,CRYPTO,yfinance,1d
2026-02-13,0.2797499895095825,0.2823129892349243,0.27689799666404724,0.2820810079574585,619946555,TRX-USD,CRYPTO,yfinance,1d
2026-02-14,0.2820810079574585,0.28379198908805847,0.2818849980831146,0.2825309932231903,456955213,TRX-USD,CRYPTO,yfinance,1d
2026-02-15,0.2825309932231903,0.2825680077075958,0.2797650098800659,0.2804110050201416,491564935,TRX-USD,CRYPTO,yfinance,1d
2026-02-16,0.2804110050201416,0.28519898653030396,0.27946799993515015,0.28431200981140137,571693196,TRX-USD,CRYPTO,yfinance,1d
2026-02-17,0.28431200981140137,0.28520798683166504,0.2796440124511719,0.28199800848960876,578640756,TRX-USD,CRYPTO,yfinance,1d
2026-02-18,0.28199800848960876,0.2820659875869751,0.2782829999923706,0.2786630094051361,482485341,TRX-USD,CRYPTO,yfinance,1d
2026-02-19,0.2786630094051361,0.2851499915122986,0.27838900685310364,0.2845720052719116,598240450,TRX-USD,CRYPTO,yfinance,1d
2026-02-20,0.2845720052719116,0.28654900193214417,0.2828820049762726,0.28547799587249756,655977062,TRX-USD,CRYPTO,yfinance,1d
2026-02-21,0.28547900915145874,0.2895300090312958,0.2845019996166229,0.2889139950275421,432453880,TRX-USD,CRYPTO,yfinance,1d
2026-02-22,0.2889139950275421,0.29104700684547424,0.2873849868774414,0.2904979884624481,446962652,TRX-USD,CRYPTO,yfinance,1d
2026-02-23,0.2904979884624481,0.2905089855194092,0.2809450030326843,0.28161099553108215,629400795,TRX-USD,CRYPTO,yfinance,1d
2026-02-24,0.28161099553108215,0.28360599279403687,0.2801389992237091,0.2833069860935211,506360914,TRX-USD,CRYPTO,yfinance,1d
2026-02-25,0.2833069860935211,0.2871930003166199,0.28330299258232117,0.2853440046310425,620700148,TRX-USD,CRYPTO,yfinance,1d
2026-02-26,0.28533899784088135,0.28738299012184143,0.2850309908390045,0.2856909930706024,488641150,TRX-USD,CRYPTO,yfinance,1d
2026-02-27,0.2856909930706024,0.2857840061187744,0.2819559872150421,0.28285300731658936,480575751,TRX-USD,CRYPTO,yfinance,1d
2026-02-28,0.2828519940376282,0.2828789949417114,0.27860400080680847,0.2819640040397644,485306095,TRX-USD,CRYPTO,yfinance,1d
2026-03-01,0.2819640040397644,0.28339600563049316,0.28012800216674805,0.2807070016860962,435591460,TRX-USD,CRYPTO,yfinance,1d
2026-03-02,0.2807070016860962,0.283378005027771,0.2807050049304962,0.2833380103111267,454935075,TRX-USD,CRYPTO,yfinance,1d
2026-03-03,0.28333601355552673,0.28355199098587036,0.280239999294281,0.2805190086364746,446666167,TRX-USD,CRYPTO,yfinance,1d
2026-03-04,0.2805190086364746,0.28803199529647827,0.2791450023651123,0.28708699345588684,693946506,TRX-USD,CRYPTO,yfinance,1d
2026-03-05,0.28708699345588684,0.28800100088119507,0.2825309932231903,0.28515100479125977,600892699,TRX-USD,CRYPTO,yfinance,1d
2026-03-06,0.28515100479125977,0.28713399171829224,0.28450900316238403,0.2845740020275116,451671049,TRX-USD,CRYPTO,yfinance,1d
2026-03-07,0.2845740020275116,0.286857008934021,0.2833299934864044,0.28653600811958313,360843643,TRX-USD,CRYPTO,yfinance,1d
2026-03-08,0.28653600811958313,0.29069700837135315,0.2859790027141571,0.2890610098838806,471075203,TRX-USD,CRYPTO,yfinance,1d
2026-03-09,0.2890610098838806,0.2908790111541748,0.28446900844573975,0.2855069935321808,538401377,TRX-USD,CRYPTO,yfinance,1d
2026-03-10,0.2855069935321808,0.28637900948524475,0.28390800952911377,0.2858169972896576,442927619,TRX-USD,CRYPTO,yfinance,1d
2026-03-11,0.2858180105686188,0.2915929853916168,0.28540199995040894,0.29102399945259094,516796469,TRX-USD,CRYPTO,yfinance,1d
2026-03-12,0.29102399945259094,0.29193198680877686,0.2886829972267151,0.2890770137310028,428800465,TRX-USD,CRYPTO,yfinance,1d
2026-03-13,0.2890760004520416,0.2934879958629608,0.2885729968547821,0.29343798756599426,503834384,TRX-USD,CRYPTO,yfinance,1d
2026-03-14,0.29343798756599426,0.29894301295280457,0.2929759919643402,0.29812198877334595,498367625,TRX-USD,CRYPTO,yfinance,1d
2026-03-15,0.29812198877334595,0.29907500743865967,0.296081006526947,0.298878014087677,407613628,TRX-USD,CRYPTO,yfinance,1d
2026-03-16,0.29887598752975464,0.29888299107551575,0.29540500044822693,0.29572799801826477,469963551,TRX-USD,CRYPTO,yfinance,1d
2026-03-17,0.29572799801826477,0.3074429929256439,0.2954069972038269,0.3067609965801239,659827918,TRX-USD,CRYPTO,yfinance,1d
2026-03-18,0.3067600131034851,0.3089730143547058,0.29994699358940125,0.304394006729126,635566620,TRX-USD,CRYPTO,yfinance,1d
2026-03-19,0.304394006729126,0.30508700013160706,0.29929500818252563,0.30349698662757874,609919577,TRX-USD,CRYPTO,yfinance,1d
2026-03-20,0.30349698662757874,0.3107360005378723,0.30307498574256897,0.3099139928817749,545679597,TRX-USD,CRYPTO,yfinance,1d
2026-03-21,0.3099139928817749,0.313042014837265,0.3078030049800873,0.31175801157951355,579557266,TRX-USD,CRYPTO,yfinance,1d
2026-03-22,0.31174299120903015,0.3186349868774414,0.30809900164604187,0.3104870021343231,799238943,TRX-USD,CRYPTO,yfinance,1d
2026-03-23,0.3104870021343231,0.3117159903049469,0.3036859929561615,0.3077619969844818,655598921,TRX-USD,CRYPTO,yfinance,1d
2026-03-24,0.3077619969844818,0.3118549883365631,0.30605900287628174,0.3060719966888428,544756197,TRX-USD,CRYPTO,yfinance,1d
2026-03-25,0.3060719966888428,0.3164069950580597,0.3055559992790222,0.3145790100097656,499284832,TRX-USD,CRYPTO,yfinance,1d
2026-03-26,0.3145790100097656,0.31595900654792786,0.308912992477417,0.3111869990825653,572350257,TRX-USD,CRYPTO,yfinance,1d
2026-03-27,0.3111959993839264,0.31680500507354736,0.3079400062561035,0.3108699917793274,756710706,TRX-USD,CRYPTO,yfinance,1d
2026-03-28,0.3108699917793274,0.318244993686676,0.30979499220848083,0.3165139853954315,519472940,TRX-USD,CRYPTO,yfinance,1d
2026-03-29,0.3165139853954315,0.32441800832748413,0.3147610127925873,0.32144099473953247,564935352,TRX-USD,CRYPTO,yfinance,1d
2026-03-30,0.32144099473953247,0.32397401332855225,0.31645599007606506,0.31945401430130005,674791736,TRX-USD,CRYPTO,yfinance,1d
2026-03-31,0.31945401430130005,0.3213059902191162,0.3111119866371155,0.31320899724960327,652542611,TRX-USD,CRYPTO,yfinance,1d
2026-04-01,0.31320899724960327,0.3162910044193268,0.3130379915237427,0.3156619966030121,621447256,TRX-USD,CRYPTO,yfinance,1d
2026-04-02,0.3156619966030121,0.3164229989051819,0.31399598717689514,0.31533101201057434,625377492,TRX-USD,CRYPTO,yfinance,1d
2026-04-03,0.31532999873161316,0.3153659999370575,0.3130660057067871,0.3151699900627136,435262178,TRX-USD,CRYPTO,yfinance,1d
2026-04-04,0.3151699900627136,0.3178989887237549,0.31501999497413635,0.3175700008869171,395387820,TRX-USD,CRYPTO,yfinance,1d
2026-04-05,0.3175700008869171,0.31960201263427734,0.31710100173950195,0.3188520073890686,461423066,TRX-USD,CRYPTO,yfinance,1d
2026-04-06,0.3188520073890686,0.31928300857543945,0.3156439960002899,0.3165990114212036,486448773,TRX-USD,CRYPTO,yfinance,1d
2026-04-07,0.3165990114212036,0.31666800379753113,0.31341299414634705,0.31546398997306824,485438496,TRX-USD,CRYPTO,yfinance,1d
2026-04-08,0.3154579997062683,0.31832700967788696,0.3146910071372986,0.31790998578071594,531567690,TRX-USD,CRYPTO,yfinance,1d
2026-04-09,0.31790998578071594,0.32047200202941895,0.31676000356674194,0.32036900520324707,552693941,TRX-USD,CRYPTO,yfinance,1d
2026-04-10,0.32036900520324707,0.32078900933265686,0.317097008228302,0.3192319869995117,529289927,TRX-USD,CRYPTO,yfinance,1d
2026-04-11,0.3192319869995117,0.3199709951877594,0.3176940083503723,0.3189559876918793,484189248,TRX-USD,CRYPTO,yfinance,1d
2026-04-12,0.3189559876918793,0.3229610025882721,0.3186019957065582,0.321491003036499,555475733,TRX-USD,CRYPTO,yfinance,1d
2026-04-13,0.321491003036499,0.32229501008987427,0.3193260133266449,0.3205220103263855,661884630,TRX-USD,CRYPTO,yfinance,1d
2026-04-14,0.3205220103263855,0.32375600934028625,0.3201630115509033,0.3237150013446808,698997369,TRX-USD,CRYPTO,yfinance,1d
2026-04-15,0.3237150013446808,0.32856500148773193,0.32197898626327515,0.3271409869194031,864951374,TRX-USD,CRYPTO,yfinance,1d
2026-04-16,0.3271409869194031,0.32783499360084534,0.32515600323677063,0.3269970118999481,729954007,TRX-USD,CRYPTO,yfinance,1d
2026-04-17,0.3269970118999481,0.3278979957103729,0.3235369920730591,0.32786300778388977,832289939,TRX-USD,CRYPTO,yfinance,1d
2026-04-18,0.32786300778388977,0.33013299107551575,0.3266479969024658,0.32966500520706177,706657285,TRX-USD,CRYPTO,yfinance,1d
2026-04-19,0.3296630084514618,0.33653199672698975,0.3276650011539459,0.3292050063610077,1046538491,TRX-USD,CRYPTO,yfinance,1d
2026-04-20,0.3292050063610077,0.3329260051250458,0.32713600993156433,0.3292649984359741,816308862,TRX-USD,CRYPTO,yfinance,1d
2026-04-21,0.3292649984359741,0.33549201488494873,0.3282279968261719,0.3328329920768738,753124461,TRX-USD,CRYPTO,yfinance,1d
2026-04-22,0.3328329920768738,0.33504900336265564,0.3281869888305664,0.3297010064125061,910566836,TRX-USD,CRYPTO,yfinance,1d
2026-04-23,0.3297010064125061,0.33029600977897644,0.3271310031414032,0.3288629949092865,737662732,TRX-USD,CRYPTO,yfinance,1d
2026-04-24,0.3288629949092865,0.3289650082588196,0.3214719891548157,0.3236440122127533,901986024,TRX-USD,CRYPTO,yfinance,1d
2026-04-25,0.32363900542259216,0.32456299662590027,0.3221629858016968,0.3240079879760742,594577275,TRX-USD,CRYPTO,yfinance,1d
2026-04-26,0.3240079879760742,0.3243519961833954,0.3230609893798828,0.32353100180625916,503739488,TRX-USD,CRYPTO,yfinance,1d
2026-04-27,0.32353100180625916,0.32631000876426697,0.3233329951763153,0.32523900270462036,665550490,TRX-USD,CRYPTO,yfinance,1d
2026-04-28,0.32523900270462036,0.3255560100078583,0.3225550055503845,0.32300999760627747,617060438,TRX-USD,CRYPTO,yfinance,1d
2026-04-29,0.32300999760627747,0.3235990107059479,0.3217250108718872,0.32305800914764404,667348996,TRX-USD,CRYPTO,yfinance,1d
2026-04-30,0.32305800914764404,0.32683899998664856,0.3230479955673218,0.3264780044555664,681294821,TRX-USD,CRYPTO,yfinance,1d
2026-05-01,0.3264780044555664,0.32718199491500854,0.3256160020828247,0.326664000749588,616915853,TRX-USD,CRYPTO,yfinance,1d
2026-05-02,0.326664000749588,0.33363500237464905,0.32634100317955017,0.3301810026168823,767738225,TRX-USD,CRYPTO,yfinance,1d
2026-05-03,0.3301810026168823,0.34305301308631897,0.32956498861312866,0.3385390043258667,977582336,TRX-USD,CRYPTO,yfinance,1d
2026-05-04,0.3385390043258667,0.3414680063724518,0.33754900097846985,0.34115201234817505,819501509,TRX-USD,CRYPTO,yfinance,1d
2026-05-05,0.34115201234817505,0.34586700797080994,0.3378340005874634,0.34464898705482483,874448592,TRX-USD,CRYPTO,yfinance,1d
2026-05-06,0.34464898705482483,0.34727999567985535,0.3420949876308441,0.34623101353645325,790300803,TRX-USD,CRYPTO,yfinance,1d
2026-05-07,0.34623101353645325,0.3496910035610199,0.3441329896450043,0.3489769995212555,664375054,TRX-USD,CRYPTO,yfinance,1d
2026-05-08,0.3489769995212555,0.35155099630355835,0.3468160033226013,0.3506140112876892,783693536,TRX-USD,CRYPTO,yfinance,1d
2026-05-09,0.3506140112876892,0.35328400135040283,0.3498989939689636,0.3501549959182739,677681939,TRX-USD,CRYPTO,yfinance,1d
2026-05-10,0.3501549959182739,0.3521350026130676,0.34880000352859497,0.3506760001182556,549619593,TRX-USD,CRYPTO,yfinance,1d
2026-05-11,0.3506760001182556,0.35252898931503296,0.34925198554992676,0.35106998682022095,657913041,TRX-USD,CRYPTO,yfinance,1d
2026-05-12,0.35106998682022095,0.35117799043655396,0.34727200865745544,0.34898900985717773,729935686,TRX-USD,CRYPTO,yfinance,1d
2026-05-13,0.34898900985717773,0.3514289855957031,0.3485510051250458,0.3495680093765259,650694994,TRX-USD,CRYPTO,yfinance,1d
2026-05-14,0.3495680093765259,0.35534098744392395,0.3492000102996826,0.353626012802124,711130328,TRX-USD,CRYPTO,yfinance,1d
2026-05-15,0.353626012802124,0.3540489971637726,0.35001298785209656,0.35197898745536804,758765587,TRX-USD,CRYPTO,yfinance,1d
2026-05-16,0.35197898745536804,0.35520699620246887,0.3493160009384155,0.35506099462509155,718196467,TRX-USD,CRYPTO,yfinance,1d
2026-05-17,0.35506099462509155,0.3573189973831177,0.3534559905529022,0.35542500019073486,627662475,TRX-USD,CRYPTO,yfinance,1d
2026-05-18,0.35542500019073486,0.35788100957870483,0.3540230095386505,0.355430006980896,807507084,TRX-USD,CRYPTO,yfinance,1d
2026-05-19,0.355430006980896,0.3572880029678345,0.35416001081466675,0.35593900084495544,652664302,TRX-USD,CRYPTO,yfinance,1d
2026-05-20,0.35593900084495544,0.35955798625946045,0.3550800085067749,0.3589169979095459,690236808,TRX-USD,CRYPTO,yfinance,1d
2026-05-21,0.3589169979095459,0.36502400040626526,0.358489990234375,0.36502400040626526,779801942,TRX-USD,CRYPTO,yfinance,1d
2026-05-22,0.36502400040626526,0.36594098806381226,0.35969099402427673,0.3618929982185364,803849762,TRX-USD,CRYPTO,yfinance,1d
2026-05-23,0.3618929982185364,0.36298999190330505,0.3583120107650757,0.3624719977378845,729320431,TRX-USD,CRYPTO,yfinance,1d
2026-05-24,0.3624719977378845,0.3674600124359131,0.36169400811195374,0.3651059865951538,663237104,TRX-USD,CRYPTO,yfinance,1d
2026-05-25,0.365105003118515,0.37323999404907227,0.36368000507354736,0.3716369867324829,923663015,TRX-USD,CRYPTO,yfinance,1d
2026-05-26,0.3716369867324829,0.37633201479911804,0.37110498547554016,0.37537500262260437,964457090,TRX-USD,CRYPTO,yfinance,1d
2026-05-27,0.37537500262260437,0.37537500262260437,0.36761099100112915,0.3677630126476288,794161650,TRX-USD,CRYPTO,yfinance,1d
2026-05-28,0.3677630126476288,0.3680019974708557,0.3477869927883148,0.3525330126285553,1316283317,TRX-USD,CRYPTO,yfinance,1d
2026-05-29,0.3525339961051941,0.3525559902191162,0.3406679928302765,0.34397798776626587,1092385097,TRX-USD,CRYPTO,yfinance,1d
2026-05-30,0.34397798776626587,0.34874799847602844,0.34163999557495117,0.3476549983024597,742165013,TRX-USD,CRYPTO,yfinance,1d
2026-05-31,0.3476549983024597,0.35086798667907715,0.3450070023536682,0.35085800290107727,630806789,TRX-USD,CRYPTO,yfinance,1d
2026-06-01,0.35085800290107727,0.35208699107170105,0.3430890142917633,0.3431850075721741,810079623,TRX-USD,CRYPTO,yfinance,1d
2026-06-02,0.3431850075721741,0.3432070016860962,0.3320060074329376,0.33231499791145325,728879810,TRX-USD,CRYPTO,yfinance,1d
2026-06-03,0.3323110044002533,0.3352929949760437,0.329382985830307,0.33293700218200684,635186762,TRX-USD,CRYPTO,yfinance,1d
2026-06-04,0.33293700218200684,0.3331960141658783,0.32626500725746155,0.3320150077342987,880540401,TRX-USD,CRYPTO,yfinance,1d
2026-06-05,0.3320150077342987,0.33215901255607605,0.3193260133266449,0.32008200883865356,1027917186,TRX-USD,CRYPTO,yfinance,1d
2026-06-06,0.32008200883865356,0.3240160048007965,0.31843799352645874,0.32400599122047424,578772831,TRX-USD,CRYPTO,yfinance,1d
2026-06-07,0.3239949941635132,0.32944899797439575,0.32284900546073914,0.3265570104122162,519121084,TRX-USD,CRYPTO,yfinance,1d
2026-06-08,0.3265570104122162,0.32778701186180115,0.3255099952220917,0.3265489935874939,489756940,TRX-USD,CRYPTO,yfinance,1d
2026-06-09,0.3265489935874939,0.3266719877719879,0.3207339942455292,0.32261601090431213,517488140,TRX-USD,CRYPTO,yfinance,1d
2026-06-10,0.32261601090431213,0.3229990005493164,0.32069599628448486,0.32075199484825134,449018060,TRX-USD,CRYPTO,yfinance,1d
2026-06-11,0.32075199484825134,0.32243800163269043,0.31279098987579346,0.31649601459503174,694248755,TRX-USD,CRYPTO,yfinance,1d
2026-06-12,0.31649601459503174,0.3165139853954315,0.31175899505615234,0.31525298953056335,525796609,TRX-USD,CRYPTO,yfinance,1d
2026-06-13,0.31525298953056335,0.3182550072669983,0.31477299332618713,0.3170740008354187,359055675,TRX-USD,CRYPTO,yfinance,1d
2026-06-14,0.3170740008354187,0.3201580047607422,0.31543299555778503,0.32014399766921997,393873103,TRX-USD,CRYPTO,yfinance,1d
2026-06-15,0.32014399766921997,0.3216730058193207,0.31834399700164795,0.3184739947319031,549707000,TRX-USD,CRYPTO,yfinance,1d
2026-06-16,0.3184739947319031,0.3188120126724243,0.31599900126457214,0.31661099195480347,451994746,TRX-USD,CRYPTO,yfinance,1d
2026-06-17,0.31661099195480347,0.32185500860214233,0.316446989774704,0.32147398591041565,531699765,TRX-USD,CRYPTO,yfinance,1d
2026-06-18,0.32147398591041565,0.3221670091152191,0.3180080056190491,0.32040101289749146,476893294,TRX-USD,CRYPTO,yfinance,1d
2026-06-19,0.3204050064086914,0.323637992143631,0.3195289969444275,0.32361900806427,536208203,TRX-USD,CRYPTO,yfinance,1d
2026-06-20,0.32361900806427,0.32656601071357727,0.32177600264549255,0.3263779878616333,564022273,TRX-USD,CRYPTO,yfinance,1d
2026-06-21,0.3263779878616333,0.32788801193237305,0.32563599944114685,0.3272700011730194,345174092,TRX-USD,CRYPTO,yfinance,1d
2026-06-22,0.3272700011730194,0.3336530029773712,0.32725098729133606,0.33365198969841003,551855546,TRX-USD,CRYPTO,yfinance,1d
2026-06-23,0.33365198969841003,0.3338319957256317,0.3283500075340271,0.3288939893245697,484296359,TRX-USD,CRYPTO,yfinance,1d
2026-06-24,0.3288939893245697,0.3312489986419678,0.3247860074043274,0.32696500420570374,854480412,TRX-USD,CRYPTO,yfinance,1d
2026-06-25,0.3269619941711426,0.32987698912620544,0.32236701250076294,0.3233970105648041,854796095,TRX-USD,CRYPTO,yfinance,1d
2026-06-26,0.3233970105648041,0.3236759901046753,0.31850799918174744,0.3201169967651367,696559182,TRX-USD,CRYPTO,yfinance,1d
2026-06-27,0.3201169967651367,0.3209950029850006,0.3195340037345886,0.3207539916038513,427738193,TRX-USD,CRYPTO,yfinance,1d
2026-06-28,0.3207539916038513,0.3239719867706299,0.32075199484825134,0.3216319978237152,526991880,TRX-USD,CRYPTO,yfinance,1d
2026-06-29,0.3216319978237152,0.3241730034351349,0.3205749988555908,0.3208869993686676,610496709,TRX-USD,CRYPTO,yfinance,1d
2026-06-30,0.3208869993686676,0.3209260106086731,0.3145639896392822,0.3149630129337311,633246570,TRX-USD,CRYPTO,yfinance,1d
2026-07-01,0.3149639964103699,0.3182379901409149,0.31403398513793945,0.3157060146331787,558077237,TRX-USD,CRYPTO,yfinance,1d
2026-07-02,0.31570500135421753,0.31881898641586304,0.3151310086250305,0.3171739876270294,458929565,TRX-USD,CRYPTO,yfinance,1d
2026-07-03,0.31717899441719055,0.3232730031013489,0.3167940080165863,0.32288599014282227,535156067,TRX-USD,CRYPTO,yfinance,1d
2026-07-04,0.32287999987602234,0.32620900869369507,0.32266199588775635,0.3249880075454712,430411876,TRX-USD,CRYPTO,yfinance,1d
2026-07-05,0.3249880075454712,0.32993000745773315,0.3240090012550354,0.32899799942970276,536020814,TRX-USD,CRYPTO,yfinance,1d
2026-07-06,0.32899799942970276,0.32979100942611694,0.3262459933757782,0.3294549882411957,569837416,TRX-USD,CRYPTO,yfinance,1d
2026-07-07,0.3294549882411957,0.33278998732566833,0.32890498638153076,0.3315039873123169,470009645,TRX-USD,CRYPTO,yfinance,1d
2026-07-08,0.3315039873123169,0.3318150043487549,0.32686400413513184,0.32821598649024963,526704309,TRX-USD,CRYPTO,yfinance,1d
2026-07-09,0.32821598649024963,0.33226799964904785,0.3277289867401123,0.33190399408340454,460774193,TRX-USD,CRYPTO,yfinance,1d
2026-07-10,0.3318989872932434,0.333171010017395,0.32927098870277405,0.33024099469184875,461816633,TRX-USD,CRYPTO,yfinance,1d
2026-07-11,0.33024200797080994,0.3314270079135895,0.3287239968776703,0.32985201478004456,354457549,TRX-USD,CRYPTO,yfinance,1d
2026-07-12,0.32985401153564453,0.3318760097026825,0.3292880058288574,0.33130401372909546,373675550,TRX-USD,CRYPTO,yfinance,1d
2026-07-13,0.3313030004501343,0.3319379985332489,0.3237360119819641,0.3240480124950409,559316833,TRX-USD,CRYPTO,yfinance,1d
2026-07-14,0.3240469992160797,0.32611000537872314,0.32362499833106995,0.32572001218795776,470478487,TRX-USD,CRYPTO,yfinance,1d
2026-07-15,0.32572200894355774,0.3283950090408325,0.3239319920539856,0.32433798909187317,528587887,TRX-USD,CRYPTO,yfinance,1d
2026-07-16,0.3243370056152344,0.3246900141239166,0.322829008102417,0.3229900002479553,410286503,TRX-USD,CRYPTO,yfinance,1d
2026-07-17,0.3229900002479553,0.32356899976730347,0.32145699858665466,0.32255399227142334,417049512,TRX-USD,CRYPTO,yfinance,1d
2026-07-18,0.32255300879478455,0.3260819911956787,0.32168400287628174,0.32564499974250793,390632425,TRX-USD,CRYPTO,yfinance,1d
2026-07-19,0.32564499974250793,0.3273659944534302,0.3252660036087036,0.3270449936389923,326736120,TRX-USD,CRYPTO,yfinance,1d
2026-07-20,0.3270449936389923,0.3271780014038086,0.32510799169540405,0.3266359865665436,418771906,TRX-USD,CRYPTO,yfinance,1d
2026-07-21,0.3266359865665436,0.3297150135040283,0.32568100094795227,0.329459011554718,436287902,TRX-USD,CRYPTO,yfinance,1d
2026-07-22,0.329459011554718,0.33016398549079895,0.3278450071811676,0.3287700116634369,377947298,TRX-USD,CRYPTO,yfinance,1d
2026-07-23,0.3287700116634369,0.32918599247932434,0.3260740041732788,0.3286049962043762,415525912,TRX-USD,CRYPTO,yfinance,1d
2026-07-24,0.3286049962043762,0.33209699392318726,0.32805800437927246,0.3305110037326813,446538833,TRX-USD,CRYPTO,yfinance,1d
2026-07-25,0.3305110037326813,0.3330790102481842,0.3292050063610077,0.3312790095806122,374137793,TRX-USD,CRYPTO,yfinance,1d
2026-07-26,0.3312790095806122,0.3326739966869354,0.3303599953651428,0.33209699392318726,305007434,TRX-USD,CRYPTO,yfinance,1d
2026-07-27,0.33209899067878723,0.3321079909801483,0.3248400092124939,0.3248650133609772,497106714,TRX-USD,CRYPTO,yfinance,1d
2026-07-28,0.32485800981521606,0.32586801052093506,0.3232690095901489,0.32447001338005066,471825658,TRX-USD,CRYPTO,yfinance,1d
2026-07-29,0.3244749903678894,0.32707899808883667,0.3241310119628906,0.32533198595046997,405230808,TRX-USD,CRYPTO,yfinance,1d
2026-07-30,0.32533401250839233,0.32922399044036865,0.325219988822937,0.328341007232666,419894754,TRX-USD,CRYPTO,yfinance,1d
2026-07-31,0.328343003988266,0.32883501052856445,0.32561901211738586,0.3256939947605133,471341460,TRX-USD,CRYPTO,yfinance,1d
2026-08-01,0.3256939947605133,0.3289479911327362,0.3256550133228302,0.3275359869003296,402948997,TRX-USD,CRYPTO,yfinance,1d
2026-08-02,0.3275359869003296,0.32834500074386597,0.3261060118675232,0.32640698552131653,385920513,TRX-USD,CRYPTO,yfinance,1d
2026-08-03,0.32640698552131653,0.3291659951210022,0.32521700859069824,0.3285079896450043,443613843,TRX-USD,CRYPTO,yfinance,1d
2026-08-04,0.3285079896450043,0.33088698983192444,0.3269200026988983,0.3269349932670593,540257385,TRX-USD,CRYPTO,yfinance,1d
2026-08-05,0.3269349932670593,0.3287869989871979,0.32617101073265076,0.3270449936389923,487371129,TRX-USD,CRYPTO,yfinance,1d
2026-08-06,0.3270440101623535,0.328480988740921,0.325654000043869,0.3268600106239319,427110107,TRX-USD,CRYPTO,yfinance,1d
2026-08-07,0.3268600106239319,0.3281410038471222,0.32634299993515015,0.3274030089378357,392364607,TRX-USD,CRYPTO,yfinance,1d
2026-08-08,0.3274039924144745,0.3292500078678131,0.327114999294281,0.3287599980831146,293051632,TRX-USD,CRYPTO,yfinance,1d
2026-08-09,0.3287599980831146,0.330049991607666,0.3287520110607147,0.32958799600601196,295463645,TRX-USD,CRYPTO,yfinance,1d
2026-08-10,0.32958799600601196,0.3315829932689667,0.32946500182151794,0.33055299520492554,869925105,TRX-USD,CRYPTO,yfinance,1d
2026-08-11,0.33055299520492554,0.33719098567962646,0.33050599694252014,0.3347649872303009,546777468,TRX-USD,CRYPTO,yfinance,1d
2026-08-12,0.3347660005092621,0.33714500069618225,0.333279013633728,0.3358190059661865,425802092,TRX-USD,CRYPTO,yfinance,1d
2026-08-13,0.3358069956302643,0.3379029929637909,0.33298900723457336,0.33427301049232483,447085183,TRX-USD,CRYPTO,yfinance,1d
2026-08-14,0.33427199721336365,0.33430400490760803,0.3317919969558716,0.33245500922203064,356543597,TRX-USD,CRYPTO,yfinance,1d
2026-08-16,0.3309208154678345,0.33103254437446594,0.33062490820884705,0.3308933973312378,296165056,TRX-USD,CRYPTO,yfinance,1d
