date,open,high,low,close,volume,symbol,exchange,source,interval
2021-08-15,0.0006120000034570694,0.000615999975707382,0.0005929999751970172,0.0006120000034570694,28,UNI-USD,CRYPTO,yfinance,1d
2021-08-16,0.0006120000034570694,0.000623999978415668,0.0005939999828115106,0.0005990000208839774,5,UNI-USD,CRYPTO,yfinance,1d
2021-08-17,0.000598000013269484,0.0006130000110715628,0.0005789999850094318,0.0005810000002384186,5,UNI-USD,CRYPTO,yfinance,1d
2021-08-18,0.0005810000002384186,0.0008140000281855464,0.00017800000205170363,0.0008069999748840928,1440,UNI-USD,CRYPTO,yfinance,1d
2021-08-19,0.0008060000254772604,0.0008140000281855464,0.00017699999443721026,0.00018699999782256782,1617,UNI-USD,CRYPTO,yfinance,1d
2021-08-20,0.00018699999782256782,0.00019700000120792538,0.00018699999782256782,0.00019700000120792538,1709,UNI-USD,CRYPTO,yfinance,1d
2021-08-21,0.00019700000120792538,0.0005469999741762877,0.00019299999985378236,0.0004400000034365803,9,UNI-USD,CRYPTO,yfinance,1d
2021-08-22,0.0004400000034365803,0.0004949999856762588,0.00043799998820759356,0.000493000028654933,38,UNI-USD,CRYPTO,yfinance,1d
2021-08-23,0.000493000028654933,0.0005050000036135316,0.0004910000134259462,0.0004949999856762588,39,UNI-USD,CRYPTO,yfinance,1d
2021-08-24,0.0004949999856762588,0.0004990000161342323,0.0004769999941345304,0.0004780000017490238,37,UNI-USD,CRYPTO,yfinance,1d
2021-08-25,0.0004769999941345304,0.0004920000210404396,0.0004720000142697245,0.0004900000058114529,10,UNI-USD,CRYPTO,yfinance,1d
2021-08-26,0.0004900000058114529,0.000493000028654933,0.00046400001156143844,0.0004689999914262444,9,UNI-USD,CRYPTO,yfinance,1d
2021-08-27,0.0004689999914262444,0.00048499999684281647,0.0004349999944679439,0.00044100001105107367,15,UNI-USD,CRYPTO,yfinance,1d
2021-08-28,0.0004419999895617366,0.0004440000047907233,0.00033999999868683517,0.0003420000139158219,28,UNI-USD,CRYPTO,yfinance,1d
2021-08-29,0.0003420000139158219,0.0004450000124052167,0.0003420000139158219,0.00043899999582208693,13,UNI-USD,CRYPTO,yfinance,1d
2021-08-30,0.00043899999582208693,0.0004400000034365803,0.00042299999040551484,0.00042299999040551484,12,UNI-USD,CRYPTO,yfinance,1d
2021-08-31,0.00042299999040551484,0.00043399998685345054,0.00042100000428035855,0.0004250000056345016,12,UNI-USD,CRYPTO,yfinance,1d
2021-09-01,0.0004239999980200082,0.0004419999895617366,0.0004189999890513718,0.0004400000034365803,13,UNI-USD,CRYPTO,yfinance,1d
2021-09-02,0.0004400000034365803,0.0004529999860096723,0.00043799998820759356,0.0004440000047907233,22,UNI-USD,CRYPTO,yfinance,1d
2021-09-03,0.0004440000047907233,0.00045900000259280205,0.0004349999944679439,0.00044999999227002263,23,UNI-USD,CRYPTO,yfinance,1d
2021-09-04,0.00044999999227002263,0.000455000001238659,0.0004459999909158796,0.00044999999227002263,5,UNI-USD,CRYPTO,yfinance,1d
2021-09-05,0.00044999999227002263,0.0004670000053010881,0.0004459999909158796,0.0004659999976865947,5,UNI-USD,CRYPTO,yfinance,1d
2021-09-06,0.0004659999976865947,0.00047400000039488077,0.00045900000259280205,0.00047400000039488077,5,UNI-USD,CRYPTO,yfinance,1d
2021-09-07,0.00047400000039488077,0.00047599998652003706,0.00026000000070780516,0.0002809999859891832,14,UNI-USD,CRYPTO,yfinance,1d
2021-09-08,0.0002809999859891832,0.0002840000088326633,0.00017800000205170363,0.00018400000408291817,23,UNI-USD,CRYPTO,yfinance,1d
2021-09-09,0.0001829999964684248,0.00018899999849963933,0.0001829999964684248,0.00018600000475998968,23,UNI-USD,CRYPTO,yfinance,1d
2021-09-10,0.00018600000475998968,0.0001880000054370612,0.00017800000205170363,0.00018000000272877514,22,UNI-USD,CRYPTO,yfinance,1d
2021-09-11,0.00018000000272877514,0.00018400000408291817,0.00017899999511428177,0.00018099999579135329,23,UNI-USD,CRYPTO,yfinance,1d
2021-09-12,0.00018099999579135329,0.0001849999971454963,0.00017899999511428177,0.00018400000408291817,23,UNI-USD,CRYPTO,yfinance,1d
2021-09-13,0.00018400000408291817,0.00018600000475998968,0.0001740000006975606,0.00018000000272877514,22,UNI-USD,CRYPTO,yfinance,1d
2021-09-14,0.00018000000272877514,0.00018899999849963933,0.00017899999511428177,0.0001880000054370612,23,UNI-USD,CRYPTO,yfinance,1d
2021-09-15,0.0001880000054370612,0.000387999985832721,0.00018699999782256782,0.00038499999209307134,55,UNI-USD,CRYPTO,yfinance,1d
2021-09-16,0.00038499999209307134,0.000387999985832721,0.0003769999893847853,0.0003819999983534217,9,UNI-USD,CRYPTO,yfinance,1d
2021-09-17,0.0003819999983534217,0.00038499999209307134,0.000375000003259629,0.00037799999699927866,26,UNI-USD,CRYPTO,yfinance,1d
2021-09-18,0.00037799999699927866,0.00039000000106170774,0.0003769999893847853,0.0003859999997075647,27,UNI-USD,CRYPTO,yfinance,1d
2021-09-19,0.0003859999997075647,0.0003870000073220581,0.000375000003259629,0.00037799999699927866,26,UNI-USD,CRYPTO,yfinance,1d
2021-09-20,0.00037799999699927866,0.00037900000461377203,0.00034100000630132854,0.0003429999924264848,24,UNI-USD,CRYPTO,yfinance,1d
2021-09-21,0.0003429999924264848,0.0003490000090096146,0.00031800000579096377,0.0003239999932702631,23,UNI-USD,CRYPTO,yfinance,1d
2021-09-22,0.0003260000084992498,0.00035200000274926424,0.00032500000088475645,0.0003490000090096146,24,UNI-USD,CRYPTO,yfinance,1d
2021-09-23,0.0003490000090096146,0.0003600000054575503,0.00034500000765547156,0.0003589999978430569,6,UNI-USD,CRYPTO,yfinance,1d
2021-09-24,0.0003589999978430569,0.00036100001307204366,0.00032699998700991273,0.0003429999924264848,6,UNI-USD,CRYPTO,yfinance,1d
2021-09-25,0.0003429999924264848,0.0003440000000409782,0.00033400001120753586,0.0003420000139158219,6,UNI-USD,CRYPTO,yfinance,1d
2021-09-26,0.0003420000139158219,0.00035099999513477087,0.00032699998700991273,0.0003459999861661345,0,UNI-USD,CRYPTO,yfinance,1d
2021-09-27,0.0003459999861661345,0.0003549999964889139,0.00021100000594742596,0.00021100000594742596,7,UNI-USD,CRYPTO,yfinance,1d
2021-09-28,0.00021100000594742596,0.00021399999968707561,0.00020500000391621143,0.00020500000391621143,6,UNI-USD,CRYPTO,yfinance,1d
2021-09-29,0.00020500000391621143,0.00021300000662449747,0.00020399999630171806,0.00020799999765586108,7,UNI-USD,CRYPTO,yfinance,1d
2021-09-30,0.00020799999765586108,0.00022000000171829015,0.00020700000459328294,0.00021899999410379678,7,UNI-USD,CRYPTO,yfinance,1d
2021-10-01,0.00021899999410379678,0.00024199999461416155,0.00021699999342672527,0.0002410000015515834,8,UNI-USD,CRYPTO,yfinance,1d
2021-10-02,0.0002410000015515834,0.0002410000015515834,0.00023700000019744039,0.0002390000008745119,8,UNI-USD,CRYPTO,yfinance,1d
2021-10-03,0.0002390000008745119,0.0002460000105202198,0.00023600000713486224,0.0002410000015515834,8,UNI-USD,CRYPTO,yfinance,1d
2021-10-04,0.0002410000015515834,0.0002469999890308827,0.00023499999952036887,0.0002460000105202198,8,UNI-USD,CRYPTO,yfinance,1d
2021-10-05,0.0002460000105202198,0.0002589999930933118,0.00024500000290572643,0.0002570000069681555,8,UNI-USD,CRYPTO,yfinance,1d
2021-10-06,0.0002579999854788184,0.00027799999224953353,0.0002519999979995191,0.0002770000137388706,9,UNI-USD,CRYPTO,yfinance,1d
2021-10-07,0.0002770000137388706,0.0002770000137388706,0.0002680000034160912,0.0002690000110305846,9,UNI-USD,CRYPTO,yfinance,1d
2021-10-08,0.0002690000110305846,0.0002800000074785203,0.0002680000034160912,0.0002699999895412475,9,UNI-USD,CRYPTO,yfinance,1d
2021-10-09,0.0002699999895412475,0.0004990000161342323,0.0002690000110305846,0.0004949999856762588,204,UNI-USD,CRYPTO,yfinance,1d
2021-10-10,0.0004949999856762588,0.0004959999932907522,0.0003260000084992498,0.00032900000223889947,307,UNI-USD,CRYPTO,yfinance,1d
2021-10-11,0.00032900000223889947,0.00034699999378062785,0.00032699998700991273,0.00034500000765547156,23,UNI-USD,CRYPTO,yfinance,1d
2021-10-12,0.00034500000765547156,0.0003459999861661345,0.00032699998700991273,0.00033599999733269215,23,UNI-USD,CRYPTO,yfinance,1d
2021-10-13,0.00033599999733269215,0.0003459999861661345,0.0003260000084992498,0.0003440000000409782,23,UNI-USD,CRYPTO,yfinance,1d
2021-10-14,0.0003440000000409782,0.00035099999513477087,0.0002859999949578196,0.00028700000257231295,55,UNI-USD,CRYPTO,yfinance,1d
2021-10-15,0.00028700000257231295,0.00031400000443682075,0.0002840000088326633,0.000307999987853691,59,UNI-USD,CRYPTO,yfinance,1d
2021-10-16,0.000307999987853691,0.0003110000106971711,0.0003009999927598983,0.00030399998649954796,59,UNI-USD,CRYPTO,yfinance,1d
2021-10-17,0.00030399998649954796,0.000307999987853691,0.00029600001289509237,0.000307999987853691,59,UNI-USD,CRYPTO,yfinance,1d
2021-10-18,0.000307999987853691,0.0003129999968223274,0.0003000000142492354,0.0003100000030826777,60,UNI-USD,CRYPTO,yfinance,1d
2021-10-19,0.0003100000030826777,0.0003220000071451068,0.000307999987853691,0.0003209999995306134,62,UNI-USD,CRYPTO,yfinance,1d
2021-10-20,0.0003209999995306134,0.00039999998989515007,0.00031800000579096377,0.00033000000985339284,32,UNI-USD,CRYPTO,yfinance,1d
2021-10-21,0.00033000000985339284,0.0003330000035930425,0.0003110000106971711,0.0003110000106971711,36,UNI-USD,CRYPTO,yfinance,1d
2021-10-22,0.0003110000106971711,0.00031900001340545714,0.0003009999927598983,0.00030300000798888505,11,UNI-USD,CRYPTO,yfinance,1d
2021-10-23,0.00030300000798888505,0.00030899999546818435,0.000299000006634742,0.00030700000934302807,11,UNI-USD,CRYPTO,yfinance,1d
2021-10-24,0.00030700000934302807,0.000307999987853691,0.00029799999902024865,0.00030499999411404133,9,UNI-USD,CRYPTO,yfinance,1d
2021-10-25,0.00030499999411404133,0.00031900001340545714,0.00030300000798888505,0.0003150000120513141,9,UNI-USD,CRYPTO,yfinance,1d
2021-10-26,0.0003150000120513141,0.00031599999056197703,0.0003000000142492354,0.0003020000003743917,9,UNI-USD,CRYPTO,yfinance,1d
2021-10-27,0.0003020000003743917,0.00030700000934302807,0.000291000003926456,0.00029299999005161226,8,UNI-USD,CRYPTO,yfinance,1d
2021-10-28,0.00029200001154094934,0.0003110000106971711,0.000291000003926456,0.00030300000798888505,11,UNI-USD,CRYPTO,yfinance,1d
2021-10-29,0.00030300000798888505,0.0003100000030826777,0.00024300000222865492,0.00024900000425986946,73,UNI-USD,CRYPTO,yfinance,1d
2021-10-30,0.00024900000425986946,0.00024900000425986946,0.00012199999764561653,0.00012399999832268804,128,UNI-USD,CRYPTO,yfinance,1d
2021-10-31,0.00012399999832268804,0.0003699999942909926,0.00012199999764561653,0.00036800000816583633,20,UNI-USD,CRYPTO,yfinance,1d
2021-11-01,0.00036800000816583633,0.0003699999942909926,0.00018099999579135329,0.0001829999964684248,26,UNI-USD,CRYPTO,yfinance,1d
2021-11-02,0.0001829999964684248,0.00019299999985378236,0.00018200000340584666,0.0001900000061141327,6,UNI-USD,CRYPTO,yfinance,1d
2021-11-03,0.0001900000061141327,0.00019099999917671084,0.00012199999764561653,0.00012599999899975955,77,UNI-USD,CRYPTO,yfinance,1d
2021-11-04,0.00012599999899975955,0.00012599999899975955,0.00012199999764561653,0.0001230000052601099,76,UNI-USD,CRYPTO,yfinance,1d
2021-11-05,0.0001230000052601099,0.0001250000059371814,0.00012199999764561653,0.00012199999764561653,10,UNI-USD,CRYPTO,yfinance,1d
2021-11-06,0.00012199999764561653,0.0001230000052601099,0.00011999999696854502,0.0001230000052601099,10,UNI-USD,CRYPTO,yfinance,1d
2021-11-07,0.0001230000052601099,0.00012700000661425292,0.0001230000052601099,0.00012700000661425292,10,UNI-USD,CRYPTO,yfinance,1d
2021-11-08,0.00012700000661425292,0.00013499999477062374,0.00012700000661425292,0.00013499999477062374,11,UNI-USD,CRYPTO,yfinance,1d
2021-11-09,0.00013499999477062374,0.00013699999544769526,0.00013299999409355223,0.0001340000017080456,11,UNI-USD,CRYPTO,yfinance,1d
2021-11-10,0.0001340000017080456,0.00013800000306218863,0.00012599999899975955,0.00013000000035390258,0,UNI-USD,CRYPTO,yfinance,1d
2021-11-11,0.00013000000035390258,0.00013099999341648072,0.00012799999967683107,0.00013000000035390258,10,UNI-USD,CRYPTO,yfinance,1d
2021-11-12,0.00013000000035390258,0.00013099999341648072,0.0001250000059371814,0.0001289999927394092,10,UNI-USD,CRYPTO,yfinance,1d
2021-11-13,0.00012799999967683107,0.00013000000035390258,0.00012700000661425292,0.0001289999927394092,10,UNI-USD,CRYPTO,yfinance,1d
2021-11-14,0.0001289999927394092,0.00013099999341648072,0.00012700000661425292,0.00013099999341648072,10,UNI-USD,CRYPTO,yfinance,1d
2021-11-15,0.00013099999341648072,0.00013299999409355223,0.00012700000661425292,0.00012700000661425292,10,UNI-USD,CRYPTO,yfinance,1d
2021-11-16,0.00012700000661425292,0.00012700000661425292,0.00011800000356743112,0.00011999999696854502,9,UNI-USD,CRYPTO,yfinance,1d
2021-11-17,0.00011999999696854502,0.00012199999764561653,0.00011700000322889537,0.00012099999730708078,9,UNI-USD,CRYPTO,yfinance,1d
2021-11-18,0.00012099999730708078,0.00012199999764561653,0.00011300000187475234,0.0001140000022132881,9,UNI-USD,CRYPTO,yfinance,1d
2021-11-19,0.0001140000022132881,0.00011700000322889537,0.00011100000119768083,0.00011600000289035961,9,UNI-USD,CRYPTO,yfinance,1d
2021-11-20,0.00011600000289035961,0.00011999999696854502,0.00011500000255182385,0.00011899999663000926,9,UNI-USD,CRYPTO,yfinance,1d
2021-11-21,0.00011899999663000926,0.00011999999696854502,0.00011700000322889537,0.00011700000322889537,9,UNI-USD,CRYPTO,yfinance,1d
2021-11-22,0.00011700000322889537,0.00011899999663000926,0.00011100000119768083,0.00011300000187475234,9,UNI-USD,CRYPTO,yfinance,1d
2021-11-23,0.00011300000187475234,0.00011600000289035961,0.00011100000119768083,0.00011500000255182385,9,UNI-USD,CRYPTO,yfinance,1d
2021-11-24,0.00011500000255182385,0.00011600000289035961,0.00011200000153621659,0.00011300000187475234,7,UNI-USD,CRYPTO,yfinance,1d
2021-11-25,0.0001140000022132881,0.00011899999663000926,0.0001140000022132881,0.00011500000255182385,47,UNI-USD,CRYPTO,yfinance,1d
2021-11-26,0.00011800000356743112,0.00011800000356743112,0.00010699999984353781,0.00010699999984353781,111,UNI-USD,CRYPTO,yfinance,1d
2021-11-27,0.00010699999984353781,0.00011100000119768083,0.00010699999984353781,0.00010900000052060932,113,UNI-USD,CRYPTO,yfinance,1d
2021-11-28,0.00011000000085914508,0.00028700000257231295,0.00010800000018207356,0.0002859999949578196,49,UNI-USD,CRYPTO,yfinance,1d
2021-11-29,0.0002859999949578196,0.00029399999766610563,0.0002840000088326633,0.00028899998869746923,58,UNI-USD,CRYPTO,yfinance,1d
2021-11-30,0.00028899998869746923,0.00029600001289509237,0.0002800000074785203,0.0002849999873433262,57,UNI-USD,CRYPTO,yfinance,1d
2021-12-01,0.0002849999873433262,0.000295000005280599,0.00028300000121816993,0.0002859999949578196,57,UNI-USD,CRYPTO,yfinance,1d
2021-12-02,0.0002859999949578196,0.00028700000257231295,0.00016799999866634607,0.00016999999934341758,93,UNI-USD,CRYPTO,yfinance,1d
2021-12-03,0.00016900000628083944,0.0001720000000204891,0.00015700000221841037,0.0001610000035725534,88,UNI-USD,CRYPTO,yfinance,1d
2021-12-04,0.0001610000035725534,0.00021100000594742596,0.00015700000221841037,0.00019700000120792538,8,UNI-USD,CRYPTO,yfinance,1d
2021-12-05,0.00019700000120792538,0.0001990000018849969,0.00019099999917671084,0.00019700000120792538,8,UNI-USD,CRYPTO,yfinance,1d
2021-12-06,0.00019700000120792538,0.00020399999630171806,0.00018899999849963933,0.00020199999562464654,8,UNI-USD,CRYPTO,yfinance,1d
2021-12-07,0.00020199999562464654,0.00020799999765586108,0.0002010000025620684,0.00020300000323913991,8,UNI-USD,CRYPTO,yfinance,1d
2021-12-08,0.00020300000323913991,0.00020500000391621143,0.00019500000053085387,0.00020199999562464654,8,UNI-USD,CRYPTO,yfinance,1d
2021-12-09,0.00020199999562464654,0.00020300000323913991,0.00018899999849963933,0.00019099999917671084,8,UNI-USD,CRYPTO,yfinance,1d
2021-12-10,0.00019099999917671084,0.00019999999494757503,0.0001880000054370612,0.00018899999849963933,8,UNI-USD,CRYPTO,yfinance,1d
2021-12-11,0.00018899999849963933,0.00019799999427050352,0.0001880000054370612,0.00019799999427050352,8,UNI-USD,CRYPTO,yfinance,1d
2021-12-12,0.00019700000120792538,0.00020300000323913991,0.00019500000053085387,0.00019999999494757503,8,UNI-USD,CRYPTO,yfinance,1d
2021-12-13,0.00019999999494757503,0.0002010000025620684,0.00018400000408291817,0.00018699999782256782,8,UNI-USD,CRYPTO,yfinance,1d
2021-12-14,0.00018699999782256782,0.0001939999929163605,0.00018600000475998968,0.00018600000475998968,8,UNI-USD,CRYPTO,yfinance,1d
2021-12-15,0.0001939999929163605,0.00019799999427050352,0.00018699999782256782,0.000195999993593432,8,UNI-USD,CRYPTO,yfinance,1d
2021-12-16,0.000195999993593432,0.00019799999427050352,0.0001900000061141327,0.0001900000061141327,8,UNI-USD,CRYPTO,yfinance,1d
2021-12-17,0.00019099999917671084,0.00019200000679120421,0.00018200000340584666,0.0001849999971454963,8,UNI-USD,CRYPTO,yfinance,1d
2021-12-18,0.0001849999971454963,0.00018899999849963933,0.00018200000340584666,0.00018699999782256782,8,UNI-USD,CRYPTO,yfinance,1d
2021-12-19,0.00018699999782256782,0.00019200000679120421,0.00018600000475998968,0.00018699999782256782,8,UNI-USD,CRYPTO,yfinance,1d
2021-12-20,0.00018699999782256782,0.0001900000061141327,0.00018200000340584666,0.0001880000054370612,8,UNI-USD,CRYPTO,yfinance,1d
2021-12-21,0.0001880000054370612,0.00019700000120792538,0.00018699999782256782,0.000195999993593432,8,UNI-USD,CRYPTO,yfinance,1d
2021-12-22,0.000195999993593432,0.00019799999427050352,0.0001939999929163605,0.0001939999929163605,9,UNI-USD,CRYPTO,yfinance,1d
2021-12-23,0.00019500000053085387,0.0001990000018849969,0.00014899999951012433,0.00015199999324977398,33,UNI-USD,CRYPTO,yfinance,1d
2021-12-24,0.00015199999324977398,0.00015500000154133886,0.00015199999324977398,0.00015300000086426735,33,UNI-USD,CRYPTO,yfinance,1d
2021-12-25,0.00015199999324977398,0.0001539999939268455,0.00015100000018719584,0.00015100000018719584,33,UNI-USD,CRYPTO,yfinance,1d
2021-12-26,0.00015100000018719584,0.0001539999939268455,0.00014899999951012433,0.00015199999324977398,33,UNI-USD,CRYPTO,yfinance,1d
2021-12-27,0.00015199999324977398,0.000155999994603917,0.00015100000018719584,0.00015199999324977398,33,UNI-USD,CRYPTO,yfinance,1d
2021-12-28,0.00015199999324977398,0.00015199999324977398,0.00014200000441633165,0.0001429999974789098,31,UNI-USD,CRYPTO,yfinance,1d
2021-12-29,0.0001429999974789098,0.00014400000509340316,0.00013899999612476677,0.00013899999612476677,31,UNI-USD,CRYPTO,yfinance,1d
2021-12-30,0.00013899999612476677,0.00014400000509340316,0.00013800000306218863,0.00014200000441633165,31,UNI-USD,CRYPTO,yfinance,1d
2021-12-31,0.00014200000441633165,0.0001449999981559813,0.00013699999544769526,0.00013899999612476677,30,UNI-USD,CRYPTO,yfinance,1d
2022-01-01,0.00013899999612476677,0.0001429999974789098,0.00013899999612476677,0.0001429999974789098,31,UNI-USD,CRYPTO,yfinance,1d
2022-01-02,0.0001429999974789098,0.00014400000509340316,0.00014099999680183828,0.00014200000441633165,31,UNI-USD,CRYPTO,yfinance,1d
2022-01-03,0.00014200000441633165,0.0001429999974789098,0.00013800000306218863,0.00013899999612476677,31,UNI-USD,CRYPTO,yfinance,1d
2022-01-04,0.00013899999612476677,0.00014200000441633165,0.00013699999544769526,0.00013800000306218863,30,UNI-USD,CRYPTO,yfinance,1d
2022-01-05,0.00013800000306218863,0.0002800000074785203,0.00013699999544769526,0.0002610000083222985,889,UNI-USD,CRYPTO,yfinance,1d
2022-01-06,0.0002610000083222985,0.00026199998683296144,0.00025599999935366213,0.0002589999930933118,880,UNI-USD,CRYPTO,yfinance,1d
2022-01-07,0.0002589999930933118,0.0002589999930933118,0.0002460000105202198,0.00024900000425986946,848,UNI-USD,CRYPTO,yfinance,1d
2022-01-08,0.00024900000425986946,0.0002530000056140125,0.00024399999529123306,0.0002500000118743628,851,UNI-USD,CRYPTO,yfinance,1d
2022-01-09,0.0002500000118743628,0.00025599999935366213,0.0002479999966453761,0.00025099999038502574,855,UNI-USD,CRYPTO,yfinance,1d
2022-01-10,0.00025099999038502574,0.0002530000056140125,0.0002390000008745119,0.00025099999038502574,851,UNI-USD,CRYPTO,yfinance,1d
2022-01-11,0.00025099999038502574,0.0002579999854788184,0.0002479999966453761,0.00025599999935366213,872,UNI-USD,CRYPTO,yfinance,1d
2022-01-12,0.00025599999935366213,0.00026500000967644155,0.00025499999173916876,0.0002640000020619482,50,UNI-USD,CRYPTO,yfinance,1d
2022-01-13,0.0002640000020619482,0.00026599998818710446,0.00025499999173916876,0.00025599999935366213,102,UNI-USD,CRYPTO,yfinance,1d
2022-01-14,0.00025599999935366213,0.00026000000070780516,0.0002519999979995191,0.0002589999930933118,104,UNI-USD,CRYPTO,yfinance,1d
2022-01-15,0.0002589999930933118,0.00026199998683296144,0.00025599999935366213,0.0002589999930933118,104,UNI-USD,CRYPTO,yfinance,1d
2022-01-16,0.0002589999930933118,0.0002610000083222985,0.00025599999935366213,0.0002589999930933118,104,UNI-USD,CRYPTO,yfinance,1d
2022-01-17,0.0002589999930933118,0.0002589999930933118,0.0001250000059371814,0.00012700000661425292,12,UNI-USD,CRYPTO,yfinance,1d
2022-01-18,0.00012700000661425292,0.00012799999967683107,0.00012399999832268804,0.00012700000661425292,12,UNI-USD,CRYPTO,yfinance,1d
2022-01-19,0.00012700000661425292,0.00012700000661425292,0.00012399999832268804,0.0001250000059371814,11,UNI-USD,CRYPTO,yfinance,1d
2022-01-20,0.0001250000059371814,0.00026000000070780516,0.0001250000059371814,0.00024399999529123306,17,UNI-USD,CRYPTO,yfinance,1d
2022-01-21,0.00024399999529123306,0.0002460000105202198,0.00021499999274965376,0.00021899999410379678,15,UNI-USD,CRYPTO,yfinance,1d
2022-01-22,0.00021899999410379678,0.00022000000171829015,0.00010299999848939478,0.0001049999991664663,391,UNI-USD,CRYPTO,yfinance,1d
2022-01-23,0.0001049999991664663,0.00010900000052060932,0.00010399999882793054,0.00010900000052060932,405,UNI-USD,CRYPTO,yfinance,1d
2022-01-24,0.00010900000052060932,0.00011200000153621659,9.999999747378752e-05,0.00011000000085914508,410,UNI-USD,CRYPTO,yfinance,1d
2022-01-25,0.00011000000085914508,0.00011200000153621659,0.00010699999984353781,0.00011100000119768083,413,UNI-USD,CRYPTO,yfinance,1d
2022-01-26,0.00011100000119768083,0.00011600000289035961,0.00010900000052060932,0.00011100000119768083,411,UNI-USD,CRYPTO,yfinance,1d
2022-01-27,0.00011100000119768083,0.00011100000119768083,0.00010699999984353781,0.00011100000119768083,415,UNI-USD,CRYPTO,yfinance,1d
2022-01-28,0.00011100000119768083,0.0001140000022132881,0.00010900000052060932,0.00011300000187475234,422,UNI-USD,CRYPTO,yfinance,1d
2022-01-29,0.00011300000187475234,0.00011600000289035961,0.00011200000153621659,0.0001140000022132881,426,UNI-USD,CRYPTO,yfinance,1d
2022-01-30,0.0001140000022132881,0.00011500000255182385,0.00011200000153621659,0.0001140000022132881,424,UNI-USD,CRYPTO,yfinance,1d
2022-01-31,0.0001140000022132881,0.00011600000289035961,0.00011000000085914508,0.00011500000255182385,430,UNI-USD,CRYPTO,yfinance,1d
2022-02-01,0.00011500000255182385,0.00011700000322889537,0.0001140000022132881,0.00011600000289035961,433,UNI-USD,CRYPTO,yfinance,1d
2022-02-02,0.00011600000289035961,0.00011700000322889537,0.00011000000085914508,0.00011100000119768083,412,UNI-USD,CRYPTO,yfinance,1d
2022-02-03,0.00011100000119768083,0.00011100000119768083,7.300000288523734e-05,7.400000322377309e-05,4,UNI-USD,CRYPTO,yfinance,1d
2022-02-04,7.400000322377309e-05,8.299999899463728e-05,7.400000322377309e-05,8.299999899463728e-05,5,UNI-USD,CRYPTO,yfinance,1d
2022-02-05,8.299999899463728e-05,8.399999933317304e-05,8.199999865610152e-05,8.299999899463728e-05,5,UNI-USD,CRYPTO,yfinance,1d
2022-02-06,8.299999899463728e-05,8.499999967170879e-05,8.199999865610152e-05,8.499999967170879e-05,5,UNI-USD,CRYPTO,yfinance,1d
2022-02-07,8.499999967170879e-05,8.900000102585182e-05,8.299999899463728e-05,8.800000068731606e-05,5,UNI-USD,CRYPTO,yfinance,1d
2022-02-08,8.800000068731606e-05,9.100000170292333e-05,8.600000001024455e-05,8.800000068731606e-05,5,UNI-USD,CRYPTO,yfinance,1d
2022-02-09,8.800000068731606e-05,8.900000102585182e-05,8.600000001024455e-05,8.900000102585182e-05,5,UNI-USD,CRYPTO,yfinance,1d
2022-02-10,8.900000102585182e-05,9.100000170292333e-05,8.70000003487803e-05,8.70000003487803e-05,5,UNI-USD,CRYPTO,yfinance,1d
2022-02-11,8.70000003487803e-05,8.800000068731606e-05,8.399999933317304e-05,8.499999967170879e-05,5,UNI-USD,CRYPTO,yfinance,1d
2022-02-12,8.499999967170879e-05,8.600000001024455e-05,8.399999933317304e-05,8.399999933317304e-05,5,UNI-USD,CRYPTO,yfinance,1d
2022-02-13,8.399999933317304e-05,8.499999967170879e-05,8.399999933317304e-05,8.399999933317304e-05,5,UNI-USD,CRYPTO,yfinance,1d
2022-02-14,8.399999933317304e-05,8.600000001024455e-05,8.299999899463728e-05,8.499999967170879e-05,5,UNI-USD,CRYPTO,yfinance,1d
2022-02-15,8.499999967170879e-05,8.900000102585182e-05,8.499999967170879e-05,8.900000102585182e-05,5,UNI-USD,CRYPTO,yfinance,1d
2022-02-16,8.900000102585182e-05,8.900000102585182e-05,8.70000003487803e-05,8.800000068731606e-05,5,UNI-USD,CRYPTO,yfinance,1d
2022-02-17,8.800000068731606e-05,8.800000068731606e-05,7.999999797903001e-05,8.099999831756577e-05,4,UNI-USD,CRYPTO,yfinance,1d
2022-02-18,8.099999831756577e-05,8.199999865610152e-05,7.899999764049426e-05,7.999999797903001e-05,4,UNI-USD,CRYPTO,yfinance,1d
2022-02-19,7.999999797903001e-05,8.099999831756577e-05,7.899999764049426e-05,7.999999797903001e-05,4,UNI-USD,CRYPTO,yfinance,1d
2022-02-20,7.999999797903001e-05,7.999999797903001e-05,7.599999662488699e-05,7.699999696342275e-05,4,UNI-USD,CRYPTO,yfinance,1d
2022-02-21,7.699999696342275e-05,7.899999764049426e-05,7.400000322377309e-05,7.400000322377309e-05,4,UNI-USD,CRYPTO,yfinance,1d
2022-02-22,7.400000322377309e-05,7.699999696342275e-05,7.300000288523734e-05,7.699999696342275e-05,4,UNI-USD,CRYPTO,yfinance,1d
2022-02-23,7.699999696342275e-05,7.79999973019585e-05,7.400000322377309e-05,7.500000356230885e-05,4,UNI-USD,CRYPTO,yfinance,1d
2022-02-24,7.500000356230885e-05,7.79999973019585e-05,6.900000153109431e-05,7.699999696342275e-05,4,UNI-USD,CRYPTO,yfinance,1d
2022-02-25,7.699999696342275e-05,7.899999764049426e-05,7.599999662488699e-05,7.79999973019585e-05,4,UNI-USD,CRYPTO,yfinance,1d
2022-02-26,7.79999973019585e-05,7.999999797903001e-05,7.699999696342275e-05,7.79999973019585e-05,4,UNI-USD,CRYPTO,yfinance,1d
2022-02-27,7.79999973019585e-05,7.999999797903001e-05,7.500000356230885e-05,7.500000356230885e-05,4,UNI-USD,CRYPTO,yfinance,1d
2022-02-28,7.500000356230885e-05,8.800000068731606e-05,7.500000356230885e-05,8.600000001024455e-05,5,UNI-USD,CRYPTO,yfinance,1d
2022-03-01,8.600000001024455e-05,9.000000136438757e-05,8.600000001024455e-05,8.900000102585182e-05,5,UNI-USD,CRYPTO,yfinance,1d
2022-03-02,8.900000102585182e-05,9.000000136438757e-05,8.70000003487803e-05,8.800000068731606e-05,5,UNI-USD,CRYPTO,yfinance,1d
2022-03-03,8.800000068731606e-05,8.800000068731606e-05,8.399999933317304e-05,8.499999967170879e-05,5,UNI-USD,CRYPTO,yfinance,1d
2022-03-04,8.499999967170879e-05,8.499999967170879e-05,7.79999973019585e-05,7.79999973019585e-05,4,UNI-USD,CRYPTO,yfinance,1d
2022-03-05,7.79999973019585e-05,7.899999764049426e-05,7.79999973019585e-05,7.899999764049426e-05,4,UNI-USD,CRYPTO,yfinance,1d
2022-03-06,7.899999764049426e-05,7.899999764049426e-05,7.599999662488699e-05,7.699999696342275e-05,4,UNI-USD,CRYPTO,yfinance,1d
2022-03-07,7.699999696342275e-05,7.899999764049426e-05,7.500000356230885e-05,7.599999662488699e-05,4,UNI-USD,CRYPTO,yfinance,1d
2022-03-08,7.599999662488699e-05,7.899999764049426e-05,7.599999662488699e-05,7.699999696342275e-05,4,UNI-USD,CRYPTO,yfinance,1d
2022-03-09,7.699999696342275e-05,8.499999967170879e-05,7.699999696342275e-05,8.399999933317304e-05,5,UNI-USD,CRYPTO,yfinance,1d
2022-03-10,8.399999933317304e-05,8.399999933317304e-05,7.79999973019585e-05,7.899999764049426e-05,4,UNI-USD,CRYPTO,yfinance,1d
2022-03-11,7.899999764049426e-05,7.999999797903001e-05,7.699999696342275e-05,7.79999973019585e-05,4,UNI-USD,CRYPTO,yfinance,1d
2022-03-12,7.79999973019585e-05,7.899999764049426e-05,7.79999973019585e-05,7.79999973019585e-05,4,UNI-USD,CRYPTO,yfinance,1d
2022-03-13,7.79999973019585e-05,7.79999973019585e-05,7.500000356230885e-05,7.599999662488699e-05,4,UNI-USD,CRYPTO,yfinance,1d
2022-03-14,7.599999662488699e-05,7.899999764049426e-05,7.500000356230885e-05,7.899999764049426e-05,4,UNI-USD,CRYPTO,yfinance,1d
2022-03-15,7.899999764049426e-05,7.999999797903001e-05,7.699999696342275e-05,7.899999764049426e-05,4,UNI-USD,CRYPTO,yfinance,1d
2022-03-16,7.899999764049426e-05,8.299999899463728e-05,7.79999973019585e-05,8.199999865610152e-05,5,UNI-USD,CRYPTO,yfinance,1d
2022-03-17,8.199999865610152e-05,8.299999899463728e-05,8.099999831756577e-05,8.199999865610152e-05,5,UNI-USD,CRYPTO,yfinance,1d
2022-03-18,8.199999865610152e-05,8.399999933317304e-05,8.099999831756577e-05,8.399999933317304e-05,5,UNI-USD,CRYPTO,yfinance,1d
2022-03-19,8.399999933317304e-05,8.499999967170879e-05,8.299999899463728e-05,8.399999933317304e-05,5,UNI-USD,CRYPTO,yfinance,1d
2022-03-20,8.399999933317304e-05,8.399999933317304e-05,8.199999865610152e-05,8.199999865610152e-05,5,UNI-USD,CRYPTO,yfinance,1d
2022-03-21,8.199999865610152e-05,8.299999899463728e-05,8.099999831756577e-05,8.199999865610152e-05,5,UNI-USD,CRYPTO,yfinance,1d
2022-03-22,8.199999865610152e-05,8.600000001024455e-05,8.199999865610152e-05,8.499999967170879e-05,5,UNI-USD,CRYPTO,yfinance,1d
2022-03-23,8.499999967170879e-05,8.600000001024455e-05,8.399999933317304e-05,8.600000001024455e-05,5,UNI-USD,CRYPTO,yfinance,1d
2022-03-24,8.600000001024455e-05,8.800000068731606e-05,8.499999967170879e-05,8.800000068731606e-05,5,UNI-USD,CRYPTO,yfinance,1d
2022-03-25,8.800000068731606e-05,9.000000136438757e-05,8.70000003487803e-05,8.900000102585182e-05,5,UNI-USD,CRYPTO,yfinance,1d
2022-03-26,8.900000102585182e-05,8.900000102585182e-05,8.800000068731606e-05,8.900000102585182e-05,5,UNI-USD,CRYPTO,yfinance,1d
2022-03-27,8.900000102585182e-05,9.40000027185306e-05,8.900000102585182e-05,9.40000027185306e-05,5,UNI-USD,CRYPTO,yfinance,1d
2022-03-28,9.40000027185306e-05,9.600000339560211e-05,9.300000237999484e-05,9.40000027185306e-05,5,UNI-USD,CRYPTO,yfinance,1d
2022-03-29,9.40000027185306e-05,9.600000339560211e-05,9.40000027185306e-05,9.500000305706635e-05,5,UNI-USD,CRYPTO,yfinance,1d
2022-03-30,9.500000305706635e-05,9.500000305706635e-05,9.300000237999484e-05,9.40000027185306e-05,5,UNI-USD,CRYPTO,yfinance,1d
2022-03-31,9.40000027185306e-05,9.500000305706635e-05,9.100000170292333e-05,9.100000170292333e-05,5,UNI-USD,CRYPTO,yfinance,1d
2022-04-01,9.100000170292333e-05,9.300000237999484e-05,8.900000102585182e-05,9.300000237999484e-05,5,UNI-USD,CRYPTO,yfinance,1d
2022-04-02,9.300000237999484e-05,9.40000027185306e-05,9.200000204145908e-05,9.200000204145908e-05,5,UNI-USD,CRYPTO,yfinance,1d
2022-04-03,9.200000204145908e-05,9.500000305706635e-05,9.100000170292333e-05,9.300000237999484e-05,5,UNI-USD,CRYPTO,yfinance,1d
2022-04-04,9.300000237999484e-05,9.40000027185306e-05,9.000000136438757e-05,9.300000237999484e-05,5,UNI-USD,CRYPTO,yfinance,1d
2022-04-05,9.300000237999484e-05,9.40000027185306e-05,9.100000170292333e-05,9.100000170292333e-05,5,UNI-USD,CRYPTO,yfinance,1d
2022-04-06,9.100000170292333e-05,9.100000170292333e-05,8.600000001024455e-05,8.600000001024455e-05,5,UNI-USD,CRYPTO,yfinance,1d
2022-04-07,8.600000001024455e-05,8.800000068731606e-05,8.600000001024455e-05,8.70000003487803e-05,5,UNI-USD,CRYPTO,yfinance,1d
2022-04-08,8.70000003487803e-05,0.00021600000036414713,8.600000001024455e-05,0.00016900000628083944,97,UNI-USD,CRYPTO,yfinance,1d
2022-04-09,0.00016900000628083944,0.00017100000695791095,0.00016900000628083944,0.00017100000695791095,98,UNI-USD,CRYPTO,yfinance,1d
2022-04-10,0.00017100000695791095,0.0001740000006975606,0.00016799999866634607,0.00016900000628083944,97,UNI-USD,CRYPTO,yfinance,1d
2022-04-11,0.00016900000628083944,0.00016999999934341758,0.00015700000221841037,0.00015799999528098851,91,UNI-USD,CRYPTO,yfinance,1d
2022-04-12,0.00015799999528098851,0.00016199999663513154,0.00015799999528098851,0.0001610000035725534,92,UNI-USD,CRYPTO,yfinance,1d
2022-04-13,0.00015999999595806003,0.00016599999798927456,0.00015900000289548188,0.00016500000492669642,95,UNI-USD,CRYPTO,yfinance,1d
2022-04-14,0.00016500000492669642,0.00016599999798927456,0.00015900000289548188,0.00015999999595806003,92,UNI-USD,CRYPTO,yfinance,1d
2022-04-15,0.00015999999595806003,0.00016199999663513154,0.00015900000289548188,0.00016199999663513154,93,UNI-USD,CRYPTO,yfinance,1d
2022-04-16,0.00016199999663513154,0.0001630000042496249,0.00015999999595806003,0.00016199999663513154,93,UNI-USD,CRYPTO,yfinance,1d
2022-04-17,0.00016199999663513154,0.00016199999663513154,0.00015799999528098851,0.00015900000289548188,19,UNI-USD,CRYPTO,yfinance,1d
2022-04-18,0.00015900000289548188,0.00016399999731220305,0.00015500000154133886,0.0001630000042496249,20,UNI-USD,CRYPTO,yfinance,1d
2022-04-19,0.0001630000042496249,0.00016700000560376793,0.00016199999663513154,0.00016599999798927456,6,UNI-USD,CRYPTO,yfinance,1d
2022-04-20,0.00016599999798927456,0.00016900000628083944,0.00016399999731220305,0.00016500000492669642,6,UNI-USD,CRYPTO,yfinance,1d
2022-04-21,0.00016500000492669642,0.0001720000000204891,0.00011999999696854502,0.00012199999764561653,4,UNI-USD,CRYPTO,yfinance,1d
2022-04-22,0.00012199999764561653,0.00012199999764561653,0.00011800000356743112,0.00011899999663000926,4,UNI-USD,CRYPTO,yfinance,1d
2022-04-23,0.00011899999663000926,0.00011999999696854502,0.00011800000356743112,0.00011800000356743112,4,UNI-USD,CRYPTO,yfinance,1d
2022-04-24,0.00011800000356743112,0.00011999999696854502,0.00011800000356743112,0.00011800000356743112,4,UNI-USD,CRYPTO,yfinance,1d
2022-04-25,0.00011800000356743112,0.00012099999730708078,0.00011500000255182385,0.00012099999730708078,4,UNI-USD,CRYPTO,yfinance,1d
2022-04-26,0.00012099999730708078,0.00012199999764561653,0.0001140000022132881,0.0001140000022132881,4,UNI-USD,CRYPTO,yfinance,1d
2022-04-27,0.0001140000022132881,0.00011800000356743112,0.0001140000022132881,0.00011800000356743112,4,UNI-USD,CRYPTO,yfinance,1d
2022-04-28,0.00011800000356743112,0.00012099999730708078,0.00011700000322889537,0.00011899999663000926,10,UNI-USD,CRYPTO,yfinance,1d
2022-04-29,0.00011899999663000926,0.00011999999696854502,0.00011500000255182385,0.00011600000289035961,5,UNI-USD,CRYPTO,yfinance,1d
2022-04-30,0.00011600000289035961,0.00011600000289035961,0.00011300000187475234,0.00011300000187475234,5,UNI-USD,CRYPTO,yfinance,1d
2022-05-01,0.00011300000187475234,0.00011600000289035961,0.00011300000187475234,0.00011500000255182385,5,UNI-USD,CRYPTO,yfinance,1d
2022-05-02,0.00011500000255182385,0.00011700000322889537,0.0001140000022132881,0.00011600000289035961,5,UNI-USD,CRYPTO,yfinance,1d
2022-05-03,0.00011600000289035961,0.00011600000289035961,0.00011300000187475234,0.00011300000187475234,5,UNI-USD,CRYPTO,yfinance,1d
2022-05-04,0.00011300000187475234,0.00011999999696854502,0.00011300000187475234,0.00011899999663000926,5,UNI-USD,CRYPTO,yfinance,1d
2022-05-05,0.00011899999663000926,0.00011899999663000926,0.00010800000018207356,0.00011000000085914508,5,UNI-USD,CRYPTO,yfinance,1d
2022-05-06,0.00011000000085914508,0.00011000000085914508,0.00010599999950500205,0.00010800000018207356,5,UNI-USD,CRYPTO,yfinance,1d
2022-05-07,0.00010800000018207356,0.00010800000018207356,0.0001049999991664663,0.00010699999984353781,5,UNI-USD,CRYPTO,yfinance,1d
2022-05-08,0.00010699999984353781,0.00010699999984353781,0.00010199999815085903,0.00010199999815085903,4,UNI-USD,CRYPTO,yfinance,1d
2022-05-09,0.00010199999815085903,0.00010299999848939478,9.100000170292333e-05,9.100000170292333e-05,4,UNI-USD,CRYPTO,yfinance,1d
2022-05-10,9.100000170292333e-05,9.7999996796716e-05,9.000000136438757e-05,9.300000237999484e-05,4,UNI-USD,CRYPTO,yfinance,1d
2022-05-11,9.300000237999484e-05,9.600000339560211e-05,8.499999967170879e-05,8.70000003487803e-05,4,UNI-USD,CRYPTO,yfinance,1d
2022-05-12,8.70000003487803e-05,9.000000136438757e-05,7.899999764049426e-05,8.70000003487803e-05,4,UNI-USD,CRYPTO,yfinance,1d
2022-05-13,8.70000003487803e-05,9.300000237999484e-05,8.600000001024455e-05,8.800000068731606e-05,4,UNI-USD,CRYPTO,yfinance,1d
2022-05-14,8.800000068731606e-05,9.100000170292333e-05,8.600000001024455e-05,9.000000136438757e-05,4,UNI-USD,CRYPTO,yfinance,1d
2022-05-15,9.000000136438757e-05,9.40000027185306e-05,8.900000102585182e-05,9.40000027185306e-05,4,UNI-USD,CRYPTO,yfinance,1d
2022-05-16,9.40000027185306e-05,9.40000027185306e-05,8.800000068731606e-05,9.000000136438757e-05,4,UNI-USD,CRYPTO,yfinance,1d
2022-05-17,9.000000136438757e-05,9.200000204145908e-05,8.900000102585182e-05,9.100000170292333e-05,4,UNI-USD,CRYPTO,yfinance,1d
2022-05-18,9.100000170292333e-05,0.00014899999951012433,8.600000001024455e-05,8.600000001024455e-05,46,UNI-USD,CRYPTO,yfinance,1d
2022-05-19,8.600000001024455e-05,9.100000170292333e-05,8.600000001024455e-05,9.100000170292333e-05,49,UNI-USD,CRYPTO,yfinance,1d
2022-05-20,9.100000170292333e-05,9.200000204145908e-05,8.600000001024455e-05,8.800000068731606e-05,47,UNI-USD,CRYPTO,yfinance,1d
2022-05-21,8.800000068731606e-05,8.900000102585182e-05,8.70000003487803e-05,8.800000068731606e-05,47,UNI-USD,CRYPTO,yfinance,1d
2022-05-22,8.800000068731606e-05,9.100000170292333e-05,8.800000068731606e-05,9.100000170292333e-05,49,UNI-USD,CRYPTO,yfinance,1d
2022-05-23,9.100000170292333e-05,9.200000204145908e-05,8.70000003487803e-05,8.70000003487803e-05,47,UNI-USD,CRYPTO,yfinance,1d
2022-05-24,8.70000003487803e-05,8.900000102585182e-05,8.600000001024455e-05,8.900000102585182e-05,48,UNI-USD,CRYPTO,yfinance,1d
2022-05-25,8.900000102585182e-05,9.000000136438757e-05,8.800000068731606e-05,8.900000102585182e-05,47,UNI-USD,CRYPTO,yfinance,1d
2022-05-26,8.900000102585182e-05,9.000000136438757e-05,8.499999967170879e-05,8.800000068731606e-05,47,UNI-USD,CRYPTO,yfinance,1d
2022-05-27,8.800000068731606e-05,0.00014699999883305281,8.600000001024455e-05,0.0001429999974789098,62,UNI-USD,CRYPTO,yfinance,1d
2022-05-28,0.00014400000509340316,0.00014600000577047467,0.0001429999974789098,0.0001449999981559813,63,UNI-USD,CRYPTO,yfinance,1d
2022-05-29,0.0001449999981559813,0.00014699999883305281,0.00014400000509340316,0.00014699999883305281,64,UNI-USD,CRYPTO,yfinance,1d
2022-05-30,0.00014699999883305281,0.00015999999595806003,0.00014699999883305281,0.00015900000289548188,69,UNI-USD,CRYPTO,yfinance,1d
2022-05-31,0.00015900000289548188,0.0001610000035725534,0.000155999994603917,0.00015900000289548188,69,UNI-USD,CRYPTO,yfinance,1d
2022-06-01,0.00015900000289548188,0.00015999999595806003,0.00014800000644754618,0.00014899999951012433,65,UNI-USD,CRYPTO,yfinance,1d
2022-06-02,0.00014899999951012433,0.00015300000086426735,0.00014800000644754618,0.00015199999324977398,66,UNI-USD,CRYPTO,yfinance,1d
2022-06-03,0.00015199999324977398,0.00015300000086426735,0.00014699999883305281,0.00014899999951012433,65,UNI-USD,CRYPTO,yfinance,1d
2022-06-04,0.00014899999951012433,0.0001500000071246177,0.00014800000644754618,0.00014899999951012433,65,UNI-USD,CRYPTO,yfinance,1d
2022-06-05,0.00014899999951012433,0.00015100000018719584,0.00014800000644754618,0.0001500000071246177,65,UNI-USD,CRYPTO,yfinance,1d
2022-06-06,0.0001500000071246177,0.00015799999528098851,0.00014899999951012433,0.00015700000221841037,68,UNI-USD,CRYPTO,yfinance,1d
2022-06-07,0.00015700000221841037,0.00015700000221841037,0.00014699999883305281,0.000155999994603917,68,UNI-USD,CRYPTO,yfinance,1d
2022-06-08,0.000155999994603917,0.000155999994603917,0.0001500000071246177,0.00015100000018719584,66,UNI-USD,CRYPTO,yfinance,1d
2022-06-09,0.00015100000018719584,0.00015300000086426735,0.0001500000071246177,0.00015100000018719584,65,UNI-USD,CRYPTO,yfinance,1d
2022-06-10,0.00015100000018719584,0.00015100000018719584,0.0001449999981559813,0.0001449999981559813,63,UNI-USD,CRYPTO,yfinance,1d
2022-06-11,0.0001449999981559813,0.00014699999883305281,0.00014099999680183828,0.00014200000441633165,62,UNI-USD,CRYPTO,yfinance,1d
2022-06-12,0.00014200000441633165,0.0001429999974789098,0.0001340000017080456,0.0001340000017080456,58,UNI-USD,CRYPTO,yfinance,1d
2022-06-13,0.0001340000017080456,0.0001340000017080456,0.00011100000119768083,0.00011200000153621659,49,UNI-USD,CRYPTO,yfinance,1d
2022-06-14,0.00011200000153621659,0.00011500000255182385,0.0001049999991664663,0.00011100000119768083,48,UNI-USD,CRYPTO,yfinance,1d
2022-06-15,0.00011100000119768083,0.00011300000187475234,0.00010099999781232327,0.00011300000187475234,49,UNI-USD,CRYPTO,yfinance,1d
2022-06-16,0.00011300000187475234,0.0001140000022132881,0.00010099999781232327,0.00010199999815085903,44,UNI-USD,CRYPTO,yfinance,1d
2022-06-17,0.00010199999815085903,0.00010599999950500205,0.00010199999815085903,0.00010199999815085903,45,UNI-USD,CRYPTO,yfinance,1d
2022-06-18,0.00010199999815085903,0.00010399999882793054,8.900000102585182e-05,9.500000305706635e-05,41,UNI-USD,CRYPTO,yfinance,1d
2022-06-19,9.500000305706635e-05,0.00010299999848939478,9.000000136438757e-05,0.00010299999848939478,45,UNI-USD,CRYPTO,yfinance,1d
2022-06-20,0.00010299999848939478,0.0001049999991664663,9.7999996796716e-05,0.00010299999848939478,45,UNI-USD,CRYPTO,yfinance,1d
2022-06-21,0.00010299999848939478,0.00010800000018207356,0.00010199999815085903,0.00010399999882793054,45,UNI-USD,CRYPTO,yfinance,1d
2022-06-22,0.00010399999882793054,0.00010399999882793054,9.899999713525176e-05,9.999999747378752e-05,20,UNI-USD,CRYPTO,yfinance,1d
2022-06-23,9.999999747378752e-05,0.00010599999950500205,9.999999747378752e-05,0.0001049999991664663,21,UNI-USD,CRYPTO,yfinance,1d
2022-06-24,0.0001049999991664663,0.00010699999984353781,0.00010399999882793054,0.00010599999950500205,21,UNI-USD,CRYPTO,yfinance,1d
2022-06-25,0.00010599999950500205,0.00010800000018207356,0.0001049999991664663,0.00010800000018207356,21,UNI-USD,CRYPTO,yfinance,1d
2022-06-26,0.00010699999984353781,0.00010900000052060932,0.0001049999991664663,0.0001049999991664663,21,UNI-USD,CRYPTO,yfinance,1d
2022-06-27,0.0001049999991664663,0.00010699999984353781,0.00010299999848939478,0.00010399999882793054,21,UNI-USD,CRYPTO,yfinance,1d
2022-06-28,0.00010399999882793054,0.00010599999950500205,0.00010099999781232327,0.00010099999781232327,20,UNI-USD,CRYPTO,yfinance,1d
2022-06-29,0.00010099999781232327,0.00010199999815085903,9.999999747378752e-05,0.00010099999781232327,20,UNI-USD,CRYPTO,yfinance,1d
2022-06-30,0.00010099999781232327,0.00010099999781232327,9.40000027185306e-05,9.899999713525176e-05,20,UNI-USD,CRYPTO,yfinance,1d
2022-07-01,9.899999713525176e-05,0.00010299999848939478,9.500000305706635e-05,9.600000339560211e-05,19,UNI-USD,CRYPTO,yfinance,1d
2022-07-02,9.600000339560211e-05,9.699999645818025e-05,9.500000305706635e-05,9.600000339560211e-05,19,UNI-USD,CRYPTO,yfinance,1d
2022-07-03,9.600000339560211e-05,9.7999996796716e-05,9.500000305706635e-05,9.600000339560211e-05,19,UNI-USD,CRYPTO,yfinance,1d
2022-07-04,9.600000339560211e-05,0.00010099999781232327,9.500000305706635e-05,0.00010099999781232327,20,UNI-USD,CRYPTO,yfinance,1d
2022-07-05,0.00010099999781232327,0.00010299999848939478,9.699999645818025e-05,0.00010099999781232327,20,UNI-USD,CRYPTO,yfinance,1d
2022-07-06,0.00010099999781232327,0.00010299999848939478,9.899999713525176e-05,0.00010299999848939478,21,UNI-USD,CRYPTO,yfinance,1d
2022-07-07,0.00010299999848939478,0.00010900000052060932,0.00010099999781232327,0.00010800000018207356,22,UNI-USD,CRYPTO,yfinance,1d
2022-07-08,0.00010800000018207356,0.00011200000153621659,0.00010599999950500205,0.00010900000052060932,22,UNI-USD,CRYPTO,yfinance,1d
2022-07-09,0.00010900000052060932,0.00010900000052060932,0.00010699999984353781,0.00010800000018207356,22,UNI-USD,CRYPTO,yfinance,1d
2022-07-10,0.00010800000018207356,0.00010800000018207356,0.00010399999882793054,0.00010399999882793054,21,UNI-USD,CRYPTO,yfinance,1d
2022-07-11,0.00010399999882793054,0.00010399999882793054,9.999999747378752e-05,9.999999747378752e-05,20,UNI-USD,CRYPTO,yfinance,1d
2022-07-12,9.999999747378752e-05,9.999999747378752e-05,9.699999645818025e-05,9.699999645818025e-05,19,UNI-USD,CRYPTO,yfinance,1d
2022-07-13,9.699999645818025e-05,0.00010099999781232327,9.500000305706635e-05,0.00010099999781232327,20,UNI-USD,CRYPTO,yfinance,1d
2022-07-14,0.00010099999781232327,0.00010399999882793054,9.7999996796716e-05,0.00010299999848939478,21,UNI-USD,CRYPTO,yfinance,1d
2022-07-15,0.00010299999848939478,0.00010599999950500205,0.00010199999815085903,0.00010399999882793054,21,UNI-USD,CRYPTO,yfinance,1d
2022-07-16,0.00010399999882793054,0.00010800000018207356,0.00010299999848939478,0.00010599999950500205,21,UNI-USD,CRYPTO,yfinance,1d
2022-07-17,0.00010599999950500205,0.00010800000018207356,0.00010399999882793054,0.00010399999882793054,21,UNI-USD,CRYPTO,yfinance,1d
2022-07-18,0.00010399999882793054,0.00011300000187475234,0.00010399999882793054,0.00011200000153621659,22,UNI-USD,CRYPTO,yfinance,1d
2022-07-19,0.00011200000153621659,0.00011800000356743112,0.00010800000018207356,0.00011700000322889537,23,UNI-USD,CRYPTO,yfinance,1d
2022-07-20,0.00011700000322889537,0.00012099999730708078,0.00011500000255182385,0.00011600000289035961,23,UNI-USD,CRYPTO,yfinance,1d
2022-07-21,0.00011600000289035961,0.00011700000322889537,0.00011200000153621659,0.00011600000289035961,23,UNI-USD,CRYPTO,yfinance,1d
2022-07-22,0.00011600000289035961,0.00011800000356743112,0.00011300000187475234,0.0001140000022132881,23,UNI-USD,CRYPTO,yfinance,1d
2022-07-23,0.0001140000022132881,0.00011500000255182385,8.800000068731606e-05,9.000000136438757e-05,4,UNI-USD,CRYPTO,yfinance,1d
2022-07-24,9.000000136438757e-05,9.200000204145908e-05,8.900000102585182e-05,9.000000136438757e-05,4,UNI-USD,CRYPTO,yfinance,1d
2022-07-25,9.000000136438757e-05,9.100000170292333e-05,8.499999967170879e-05,8.499999967170879e-05,4,UNI-USD,CRYPTO,yfinance,1d
2022-07-26,8.499999967170879e-05,8.499999967170879e-05,8.299999899463728e-05,8.499999967170879e-05,4,UNI-USD,CRYPTO,yfinance,1d
2022-07-27,8.499999967170879e-05,9.200000204145908e-05,8.399999933317304e-05,9.200000204145908e-05,4,UNI-USD,CRYPTO,yfinance,1d
2022-07-28,9.200000204145908e-05,9.600000339560211e-05,9.100000170292333e-05,9.500000305706635e-05,4,UNI-USD,CRYPTO,yfinance,1d
2022-07-29,9.500000305706635e-05,9.699999645818025e-05,9.40000027185306e-05,9.500000305706635e-05,4,UNI-USD,CRYPTO,yfinance,1d
2022-07-30,9.500000305706635e-05,9.7999996796716e-05,9.40000027185306e-05,9.500000305706635e-05,4,UNI-USD,CRYPTO,yfinance,1d
2022-07-31,9.500000305706635e-05,9.600000339560211e-05,9.300000237999484e-05,9.300000237999484e-05,4,UNI-USD,CRYPTO,yfinance,1d
2022-08-01,9.300000237999484e-05,9.40000027185306e-05,9.200000204145908e-05,9.300000237999484e-05,4,UNI-USD,CRYPTO,yfinance,1d
2022-08-02,9.300000237999484e-05,9.40000027185306e-05,9.100000170292333e-05,9.200000204145908e-05,0,UNI-USD,CRYPTO,yfinance,1d
2022-08-03,9.200000204145908e-05,9.40000027185306e-05,9.100000170292333e-05,9.100000170292333e-05,4,UNI-USD,CRYPTO,yfinance,1d
2022-08-04,9.100000170292333e-05,9.300000237999484e-05,9.000000136438757e-05,9.100000170292333e-05,4,UNI-USD,CRYPTO,yfinance,1d
2022-08-05,9.100000170292333e-05,9.40000027185306e-05,9.000000136438757e-05,9.300000237999484e-05,4,UNI-USD,CRYPTO,yfinance,1d
2022-08-06,9.300000237999484e-05,9.300000237999484e-05,9.200000204145908e-05,9.200000204145908e-05,4,UNI-USD,CRYPTO,yfinance,1d
2022-08-07,9.200000204145908e-05,9.300000237999484e-05,9.200000204145908e-05,9.300000237999484e-05,4,UNI-USD,CRYPTO,yfinance,1d
2022-08-08,9.300000237999484e-05,9.699999645818025e-05,9.300000237999484e-05,9.500000305706635e-05,4,UNI-USD,CRYPTO,yfinance,1d
2022-08-09,9.500000305706635e-05,9.600000339560211e-05,9.200000204145908e-05,9.300000237999484e-05,4,UNI-USD,CRYPTO,yfinance,1d
2022-08-10,9.300000237999484e-05,9.699999645818025e-05,9.100000170292333e-05,9.600000339560211e-05,4,UNI-USD,CRYPTO,yfinance,1d
2022-08-11,9.600000339560211e-05,9.899999713525176e-05,9.600000339560211e-05,9.600000339560211e-05,4,UNI-USD,CRYPTO,yfinance,1d
2022-08-12,9.600000339560211e-05,9.7999996796716e-05,9.500000305706635e-05,9.7999996796716e-05,4,UNI-USD,CRYPTO,yfinance,1d
2022-08-13,9.7999996796716e-05,9.899999713525176e-05,9.699999645818025e-05,9.7999996796716e-05,4,UNI-USD,CRYPTO,yfinance,1d
2022-08-14,9.7999996796716e-05,9.999999747378752e-05,9.699999645818025e-05,9.699999645818025e-05,4,UNI-USD,CRYPTO,yfinance,1d
2022-08-15,9.699999645818025e-05,0.00010099999781232327,9.500000305706635e-05,9.699999645818025e-05,4,UNI-USD,CRYPTO,yfinance,1d
2022-08-16,9.699999645818025e-05,9.699999645818025e-05,9.500000305706635e-05,9.600000339560211e-05,4,UNI-USD,CRYPTO,yfinance,1d
2022-08-17,9.600000339560211e-05,9.7999996796716e-05,9.300000237999484e-05,9.300000237999484e-05,4,UNI-USD,CRYPTO,yfinance,1d
2022-08-18,9.300000237999484e-05,0.00011800000356743112,9.300000237999484e-05,0.00011600000289035961,1,UNI-USD,CRYPTO,yfinance,1d
2022-08-19,0.00011600000289035961,0.00011600000289035961,0.00010399999882793054,0.00010399999882793054,1,UNI-USD,CRYPTO,yfinance,1d
2022-08-20,0.00010399999882793054,0.00010699999984353781,0.00010399999882793054,0.00010599999950500205,1,UNI-USD,CRYPTO,yfinance,1d
2022-08-21,0.00010599999950500205,0.00010800000018207356,0.00010599999950500205,0.00010800000018207356,1,UNI-USD,CRYPTO,yfinance,1d
2022-08-22,0.00010800000018207356,0.00010800000018207356,0.0001049999991664663,0.00010699999984353781,1,UNI-USD,CRYPTO,yfinance,1d
2022-08-23,0.00010699999984353781,0.00010800000018207356,0.0001049999991664663,0.00010800000018207356,1,UNI-USD,CRYPTO,yfinance,1d
2022-08-24,0.00010800000018207356,0.00010900000052060932,0.00010599999950500205,0.00010699999984353781,1,UNI-USD,CRYPTO,yfinance,1d
2022-08-25,0.00010699999984353781,0.00010900000052060932,0.00010699999984353781,0.00010800000018207356,1,UNI-USD,CRYPTO,yfinance,1d
2022-08-26,0.00010800000018207356,0.00010900000052060932,0.00010099999781232327,0.00010099999781232327,1,UNI-USD,CRYPTO,yfinance,1d
2022-08-27,0.00010099999781232327,0.00010199999815085903,9.899999713525176e-05,9.999999747378752e-05,1,UNI-USD,CRYPTO,yfinance,1d
2022-08-28,9.999999747378752e-05,0.00010099999781232327,9.7999996796716e-05,9.7999996796716e-05,1,UNI-USD,CRYPTO,yfinance,1d
2022-08-29,9.7999996796716e-05,0.00010199999815085903,9.7999996796716e-05,0.00010099999781232327,1,UNI-USD,CRYPTO,yfinance,1d
2022-08-30,0.00010099999781232327,0.00010299999848939478,9.7999996796716e-05,9.899999713525176e-05,1,UNI-USD,CRYPTO,yfinance,1d
2022-08-31,9.899999713525176e-05,0.00010199999815085903,9.899999713525176e-05,9.999999747378752e-05,1,UNI-USD,CRYPTO,yfinance,1d
2022-09-01,9.999999747378752e-05,0.00010099999781232327,9.7999996796716e-05,0.00010099999781232327,1,UNI-USD,CRYPTO,yfinance,1d
2022-09-02,0.00010099999781232327,0.00010199999815085903,9.899999713525176e-05,9.999999747378752e-05,1,UNI-USD,CRYPTO,yfinance,1d
2022-09-03,9.999999747378752e-05,9.999999747378752e-05,9.7999996796716e-05,9.899999713525176e-05,1,UNI-USD,CRYPTO,yfinance,1d
2022-09-04,9.899999713525176e-05,9.999999747378752e-05,9.7999996796716e-05,9.999999747378752e-05,1,UNI-USD,CRYPTO,yfinance,1d
2022-09-05,9.999999747378752e-05,9.999999747378752e-05,9.7999996796716e-05,9.899999713525176e-05,1,UNI-USD,CRYPTO,yfinance,1d
2022-09-06,9.899999713525176e-05,0.00010099999781232327,9.40000027185306e-05,9.40000027185306e-05,1,UNI-USD,CRYPTO,yfinance,1d
2022-09-07,9.40000027185306e-05,9.699999645818025e-05,9.300000237999484e-05,9.600000339560211e-05,1,UNI-USD,CRYPTO,yfinance,1d
2022-09-08,9.600000339560211e-05,9.699999645818025e-05,9.500000305706635e-05,9.699999645818025e-05,1,UNI-USD,CRYPTO,yfinance,1d
2022-09-09,9.699999645818025e-05,0.00010699999984353781,9.699999645818025e-05,0.00010699999984353781,1,UNI-USD,CRYPTO,yfinance,1d
2022-09-10,0.00010699999984353781,0.00010800000018207356,4.199999966658652e-05,4.3000000005122274e-05,4,UNI-USD,CRYPTO,yfinance,1d
2022-09-11,4.3000000005122274e-05,4.400000034365803e-05,4.3000000005122274e-05,4.400000034365803e-05,4,UNI-USD,CRYPTO,yfinance,1d
2022-09-12,4.400000034365803e-05,4.5000000682193786e-05,4.3000000005122274e-05,4.5000000682193786e-05,4,UNI-USD,CRYPTO,yfinance,1d
2022-09-13,4.5000000682193786e-05,4.5000000682193786e-05,3.9999998989515007e-05,4.099999932805076e-05,4,UNI-USD,CRYPTO,yfinance,1d
2022-09-14,3.9999998989515007e-05,4.099999932805076e-05,3.9999998989515007e-05,3.9999998989515007e-05,4,UNI-USD,CRYPTO,yfinance,1d
2022-09-15,3.9999998989515007e-05,4.099999932805076e-05,3.899999865097925e-05,3.899999865097925e-05,3,UNI-USD,CRYPTO,yfinance,1d
2022-09-16,3.899999865097925e-05,3.9999998989515007e-05,3.899999865097925e-05,3.9999998989515007e-05,4,UNI-USD,CRYPTO,yfinance,1d
2022-09-17,3.9999998989515007e-05,3.9999998989515007e-05,3.9999998989515007e-05,3.9999998989515007e-05,4,UNI-USD,CRYPTO,yfinance,1d
2022-09-18,3.9999998989515007e-05,3.9999998989515007e-05,3.899999865097925e-05,3.899999865097925e-05,3,UNI-USD,CRYPTO,yfinance,1d
2022-09-19,3.899999865097925e-05,3.899999865097925e-05,3.7000001611886546e-05,3.899999865097925e-05,3,UNI-USD,CRYPTO,yfinance,1d
2022-09-20,3.899999865097925e-05,3.899999865097925e-05,3.7999998312443495e-05,3.7999998312443495e-05,3,UNI-USD,CRYPTO,yfinance,1d
2022-09-21,3.7999998312443495e-05,3.899999865097925e-05,3.7000001611886546e-05,3.7000001611886546e-05,3,UNI-USD,CRYPTO,yfinance,1d
2022-09-22,3.7000001611886546e-05,3.899999865097925e-05,3.7000001611886546e-05,3.899999865097925e-05,3,UNI-USD,CRYPTO,yfinance,1d
2022-09-23,3.899999865097925e-05,3.899999865097925e-05,3.7000001611886546e-05,3.899999865097925e-05,3,UNI-USD,CRYPTO,yfinance,1d
2022-09-24,3.899999865097925e-05,3.899999865097925e-05,3.7999998312443495e-05,3.7999998312443495e-05,3,UNI-USD,CRYPTO,yfinance,1d
2022-09-25,3.7999998312443495e-05,3.7999998312443495e-05,3.7000001611886546e-05,3.7999998312443495e-05,3,UNI-USD,CRYPTO,yfinance,1d
2022-09-26,3.7999998312443495e-05,3.899999865097925e-05,3.7000001611886546e-05,3.7999998312443495e-05,3,UNI-USD,CRYPTO,yfinance,1d
2022-09-27,3.7999998312443495e-05,4.099999932805076e-05,3.7999998312443495e-05,3.7999998312443495e-05,3,UNI-USD,CRYPTO,yfinance,1d
2022-09-28,3.7999998312443495e-05,3.899999865097925e-05,3.7000001611886546e-05,3.899999865097925e-05,3,UNI-USD,CRYPTO,yfinance,1d
2022-09-29,3.899999865097925e-05,3.899999865097925e-05,3.7999998312443495e-05,3.899999865097925e-05,3,UNI-USD,CRYPTO,yfinance,1d
2022-09-30,3.899999865097925e-05,3.9999998989515007e-05,3.899999865097925e-05,3.899999865097925e-05,3,UNI-USD,CRYPTO,yfinance,1d
2022-10-01,3.899999865097925e-05,3.899999865097925e-05,3.7999998312443495e-05,3.899999865097925e-05,3,UNI-USD,CRYPTO,yfinance,1d
2022-10-02,3.899999865097925e-05,3.899999865097925e-05,3.7999998312443495e-05,3.7999998312443495e-05,3,UNI-USD,CRYPTO,yfinance,1d
2022-10-03,3.7999998312443495e-05,3.899999865097925e-05,3.7999998312443495e-05,3.899999865097925e-05,3,UNI-USD,CRYPTO,yfinance,1d
2022-10-04,3.899999865097925e-05,4.099999932805076e-05,3.899999865097925e-05,4.099999932805076e-05,4,UNI-USD,CRYPTO,yfinance,1d
2022-10-05,4.099999932805076e-05,4.099999932805076e-05,3.9999998989515007e-05,3.9999998989515007e-05,4,UNI-USD,CRYPTO,yfinance,1d
2022-10-06,3.9999998989515007e-05,4.099999932805076e-05,3.9999998989515007e-05,3.9999998989515007e-05,4,UNI-USD,CRYPTO,yfinance,1d
2022-10-07,3.9999998989515007e-05,3.9999998989515007e-05,3.899999865097925e-05,3.899999865097925e-05,3,UNI-USD,CRYPTO,yfinance,1d
2022-10-08,3.899999865097925e-05,3.899999865097925e-05,3.899999865097925e-05,3.899999865097925e-05,3,UNI-USD,CRYPTO,yfinance,1d
2022-10-09,3.899999865097925e-05,3.899999865097925e-05,3.899999865097925e-05,3.899999865097925e-05,3,UNI-USD,CRYPTO,yfinance,1d
2022-10-10,3.899999865097925e-05,3.899999865097925e-05,3.7999998312443495e-05,3.7999998312443495e-05,3,UNI-USD,CRYPTO,yfinance,1d
2022-10-11,3.7999998312443495e-05,3.7999998312443495e-05,3.7999998312443495e-05,3.7999998312443495e-05,3,UNI-USD,CRYPTO,yfinance,1d
2022-10-12,3.7999998312443495e-05,3.7999998312443495e-05,3.7999998312443495e-05,3.7999998312443495e-05,3,UNI-USD,CRYPTO,yfinance,1d
2022-10-13,3.7999998312443495e-05,3.899999865097925e-05,3.7000001611886546e-05,3.899999865097925e-05,3,UNI-USD,CRYPTO,yfinance,1d
2022-10-14,3.899999865097925e-05,3.9999998989515007e-05,3.7999998312443495e-05,3.7999998312443495e-05,3,UNI-USD,CRYPTO,yfinance,1d
2022-10-15,3.7999998312443495e-05,3.7999998312443495e-05,3.7999998312443495e-05,3.7999998312443495e-05,3,UNI-USD,CRYPTO,yfinance,1d
2022-10-16,3.7999998312443495e-05,3.899999865097925e-05,3.7999998312443495e-05,3.899999865097925e-05,3,UNI-USD,CRYPTO,yfinance,1d
2022-10-17,3.899999865097925e-05,3.899999865097925e-05,3.7999998312443495e-05,3.899999865097925e-05,3,UNI-USD,CRYPTO,yfinance,1d
2022-10-18,3.899999865097925e-05,3.899999865097925e-05,3.7999998312443495e-05,3.899999865097925e-05,3,UNI-USD,CRYPTO,yfinance,1d
2022-10-19,3.899999865097925e-05,3.899999865097925e-05,3.7999998312443495e-05,3.7999998312443495e-05,3,UNI-USD,CRYPTO,yfinance,1d
2022-10-20,3.7999998312443495e-05,3.899999865097925e-05,3.7999998312443495e-05,3.7999998312443495e-05,3,UNI-USD,CRYPTO,yfinance,1d
2022-10-21,3.7999998312443495e-05,1.0418139696121216,3.7999998312443495e-05,0.5981529951095581,210829,UNI-USD,CRYPTO,yfinance,1d
2022-10-22,0.5981529951095581,0.6024919748306274,0.3368709981441498,0.39584699273109436,274975,UNI-USD,CRYPTO,yfinance,1d
2022-10-23,0.3958370089530945,0.41074201464653015,0.3580999970436096,0.39835798740386963,263516,UNI-USD,CRYPTO,yfinance,1d
2022-10-24,0.39835599064826965,0.4395659863948822,0.00015500000154133886,0.00023200000578071922,281828,UNI-USD,CRYPTO,yfinance,1d
2022-10-25,0.00023200000578071922,0.00032500000088475645,0.00023099999816622585,0.0003220000071451068,289626,UNI-USD,CRYPTO,yfinance,1d
2022-10-26,0.0003220000071451068,0.0010499999625608325,0.00028300000121816993,0.0010400000028312206,388116,UNI-USD,CRYPTO,yfinance,1d
2022-10-27,0.0010400000028312206,0.00120599998626858,0.0010290000354871154,0.0011790000135079026,358338,UNI-USD,CRYPTO,yfinance,1d
2022-10-28,0.0011790000135079026,0.0011810000287368894,0.0010059999767690897,0.001028000027872622,366674,UNI-USD,CRYPTO,yfinance,1d
2022-10-29,0.001028000027872622,0.0010519999777898192,0.0010270000202581286,0.0010420000180602074,329870,UNI-USD,CRYPTO,yfinance,1d
2022-10-30,0.0010420000180602074,0.0010479999473318458,0.0010290000354871154,0.001032999949529767,327970,UNI-USD,CRYPTO,yfinance,1d
2022-10-31,0.001032999949529767,0.0010420000180602074,0.0010160000529140234,0.0010270000202581286,304957,UNI-USD,CRYPTO,yfinance,1d
2022-11-01,0.0010270000202581286,0.0010339999571442604,0.0010140000376850367,0.0010260000126436353,382387,UNI-USD,CRYPTO,yfinance,1d
2022-11-02,0.0010260000126436353,0.0010290000354871154,0.00016399999731220305,0.0009689999860711396,364658,UNI-USD,CRYPTO,yfinance,1d
2022-11-03,0.0009689999860711396,0.0009800000116229057,0.000965000013820827,0.0009679999784566462,386799,UNI-USD,CRYPTO,yfinance,1d
2022-11-04,0.0009679999784566462,0.0010209999745711684,0.0009670000290498137,0.0010140000376850367,370543,UNI-USD,CRYPTO,yfinance,1d
2022-11-05,0.0010130000300705433,0.001028000027872622,0.0010110000148415565,0.001019999966956675,343224,UNI-USD,CRYPTO,yfinance,1d
2022-11-06,0.001019999966956675,0.0010229999898001552,0.001003999961540103,0.0010049999691545963,353969,UNI-USD,CRYPTO,yfinance,1d
2022-11-07,0.001003999961540103,0.00101200002245605,0.0009840000420808792,0.000990999978967011,406749,UNI-USD,CRYPTO,yfinance,1d
2022-11-08,0.0009899999713525176,0.0009929999941959977,0.0008459999808110297,0.0008909999742172658,3025583,UNI-USD,CRYPTO,yfinance,1d
2022-11-09,0.0008909999742172658,0.000893999997060746,0.0007529999711550772,0.0007619999814778566,2701034,UNI-USD,CRYPTO,yfinance,1d
2022-11-10,0.0007619999814778566,0.0008689999813213944,0.0007600000244565308,0.0008449999731965363,1959427,UNI-USD,CRYPTO,yfinance,1d
2022-11-11,0.0008449999731965363,0.0008479999960400164,0.0007939999923110008,0.0008159999852068722,2003783,UNI-USD,CRYPTO,yfinance,1d
2022-11-12,0.0008159999852068722,0.000818000000435859,0.0007970000151544809,0.0008040000102482736,2054192,UNI-USD,CRYPTO,yfinance,1d
2022-11-13,0.0008040000102482736,0.0008099999977275729,0.0007820000173524022,0.000783999974373728,1935633,UNI-USD,CRYPTO,yfinance,1d
2022-11-14,0.000783999974373728,0.0008210000232793391,0.0007580000092275441,0.0007939999923110008,2059930,UNI-USD,CRYPTO,yfinance,1d
2022-11-15,0.0007939999923110008,0.0008149999775923789,0.0007900000200606883,0.0008060000254772604,2032161,UNI-USD,CRYPTO,yfinance,1d
2022-11-16,0.0008060000254772604,0.0008099999977275729,0.0007750000222586095,0.0007890000124461949,1811641,UNI-USD,CRYPTO,yfinance,1d
2022-11-17,0.0007890000124461949,0.0008019999950192869,0.0007880000048317015,0.0007970000151544809,1698556,UNI-USD,CRYPTO,yfinance,1d
2022-11-18,0.0007970000151544809,0.000813000020571053,0.0007919999770820141,0.0007989999721758068,1612295,UNI-USD,CRYPTO,yfinance,1d
2022-11-19,0.0007989999721758068,0.0008079999824985862,0.0007919999770820141,0.0008030000026337802,1645987,UNI-USD,CRYPTO,yfinance,1d
2022-11-20,0.0008030000026337802,0.0008040000102482736,0.0007800000021234155,0.0007830000249668956,1563420,UNI-USD,CRYPTO,yfinance,1d
2022-11-21,0.0007830000249668956,0.0007830000249668956,0.0007479999912902713,0.0007570000016130507,1700822,UNI-USD,CRYPTO,yfinance,1d
2022-11-22,0.0007570000016130507,0.0007800000021234155,0.0007510000141337514,0.0007779999868944287,1616575,UNI-USD,CRYPTO,yfinance,1d
2022-11-23,0.0007779999868944287,0.0009660000214353204,0.00019700000120792538,0.0009640000062063336,1390825,UNI-USD,CRYPTO,yfinance,1d
2022-11-24,0.0009640000062063336,0.0009730000165291131,0.0001990000018849969,0.00019999999494757503,1339896,UNI-USD,CRYPTO,yfinance,1d
2022-11-25,0.00019999999494757503,0.00019999999494757503,9.899999713525176e-05,0.00019799999427050352,1250452,UNI-USD,CRYPTO,yfinance,1d
2022-11-26,0.00019799999427050352,0.00019999999494757503,0.00019700000120792538,0.00019700000120792538,1332880,UNI-USD,CRYPTO,yfinance,1d
2022-11-27,0.00019700000120792538,0.0001990000018849969,0.00019700000120792538,0.00019700000120792538,1158451,UNI-USD,CRYPTO,yfinance,1d
2022-11-28,0.00019700000120792538,0.00019799999427050352,0.00019299999985378236,0.00019500000053085387,1585749,UNI-USD,CRYPTO,yfinance,1d
2022-11-29,0.00019500000053085387,0.00019799999427050352,0.0001939999929163605,0.00019799999427050352,5,UNI-USD,CRYPTO,yfinance,1d
2022-11-30,0.00019799999427050352,0.00020700000459328294,0.00019799999427050352,0.00020599999697878957,5,UNI-USD,CRYPTO,yfinance,1d
2022-12-01,0.00020599999697878957,0.00020700000459328294,0.00010099999781232327,0.00010199999815085903,5,UNI-USD,CRYPTO,yfinance,1d
2022-12-02,0.00010199999815085903,0.00010299999848939478,0.00010099999781232327,0.00010299999848939478,5,UNI-USD,CRYPTO,yfinance,1d
2022-12-03,0.00010299999848939478,0.00010299999848939478,0.00010099999781232327,0.00010099999781232327,5,UNI-USD,CRYPTO,yfinance,1d
2022-12-04,0.00010099999781232327,0.00010299999848939478,0.00010099999781232327,0.00010299999848939478,5,UNI-USD,CRYPTO,yfinance,1d
2022-12-05,0.00010299999848939478,0.00010399999882793054,0.00010199999815085903,0.00010199999815085903,5,UNI-USD,CRYPTO,yfinance,1d
2022-12-06,0.00010199999815085903,0.00010299999848939478,0.00010199999815085903,0.00010299999848939478,5,UNI-USD,CRYPTO,yfinance,1d
2022-12-07,0.00010299999848939478,0.00010299999848939478,0.00010099999781232327,0.00010099999781232327,5,UNI-USD,CRYPTO,yfinance,1d
2022-12-08,0.00010099999781232327,0.00010399999882793054,0.00010099999781232327,0.00010299999848939478,5,UNI-USD,CRYPTO,yfinance,1d
2022-12-09,0.00010299999848939478,0.00010399999882793054,0.00010299999848939478,0.00010299999848939478,5,UNI-USD,CRYPTO,yfinance,1d
2022-12-10,0.00010299999848939478,0.00010299999848939478,0.00010299999848939478,0.00010299999848939478,5,UNI-USD,CRYPTO,yfinance,1d
2022-12-11,0.00010299999848939478,0.00010299999848939478,0.00010299999848939478,0.00010299999848939478,5,UNI-USD,CRYPTO,yfinance,1d
2022-12-12,0.00010299999848939478,0.00010299999848939478,0.00010099999781232327,0.00010299999848939478,5,UNI-USD,CRYPTO,yfinance,1d
2022-12-13,0.00010299999848939478,0.00010800000018207356,0.00010299999848939478,0.00010699999984353781,5,UNI-USD,CRYPTO,yfinance,1d
2022-12-14,0.00010699999984353781,0.00011000000085914508,0.00010599999950500205,0.00010699999984353781,5,UNI-USD,CRYPTO,yfinance,1d
2022-12-15,0.00010699999984353781,0.00010699999984353781,0.00010399999882793054,0.00010399999882793054,5,UNI-USD,CRYPTO,yfinance,1d
2022-12-16,0.00010399999882793054,0.0001049999991664663,9.999999747378752e-05,9.999999747378752e-05,5,UNI-USD,CRYPTO,yfinance,1d
2022-12-17,9.999999747378752e-05,0.00010099999781232327,9.999999747378752e-05,0.00010099999781232327,5,UNI-USD,CRYPTO,yfinance,1d
2022-12-18,0.00010099999781232327,0.00010099999781232327,9.999999747378752e-05,0.00010099999781232327,5,UNI-USD,CRYPTO,yfinance,1d
2022-12-19,0.00010099999781232327,0.00010099999781232327,9.7999996796716e-05,9.899999713525176e-05,5,UNI-USD,CRYPTO,yfinance,1d
2022-12-20,9.899999713525176e-05,0.00010199999815085903,9.899999713525176e-05,0.00010099999781232327,5,UNI-USD,CRYPTO,yfinance,1d
2022-12-21,0.00010099999781232327,0.00010199999815085903,0.00010099999781232327,0.00010099999781232327,5,UNI-USD,CRYPTO,yfinance,1d
2022-12-22,0.00010099999781232327,0.00010099999781232327,9.999999747378752e-05,0.00010099999781232327,5,UNI-USD,CRYPTO,yfinance,1d
2022-12-23,0.00010099999781232327,0.00010099999781232327,0.00010099999781232327,0.00010099999781232327,5,UNI-USD,CRYPTO,yfinance,1d
2022-12-24,0.00010099999781232327,0.00010099999781232327,0.00010099999781232327,0.00010099999781232327,5,UNI-USD,CRYPTO,yfinance,1d
2022-12-25,0.00010099999781232327,0.00010099999781232327,0.00010099999781232327,0.00010099999781232327,5,UNI-USD,CRYPTO,yfinance,1d
2022-12-26,0.00010099999781232327,0.00010199999815085903,0.00010099999781232327,0.00010199999815085903,5,UNI-USD,CRYPTO,yfinance,1d
2022-12-27,0.00010199999815085903,0.00010199999815085903,9.999999747378752e-05,9.999999747378752e-05,5,UNI-USD,CRYPTO,yfinance,1d
2022-12-28,9.999999747378752e-05,0.00010099999781232327,9.899999713525176e-05,9.899999713525176e-05,5,UNI-USD,CRYPTO,yfinance,1d
2022-12-29,9.899999713525176e-05,9.999999747378752e-05,9.899999713525176e-05,9.999999747378752e-05,5,UNI-USD,CRYPTO,yfinance,1d
2022-12-30,9.999999747378752e-05,9.999999747378752e-05,9.7999996796716e-05,9.999999747378752e-05,5,UNI-USD,CRYPTO,yfinance,1d
2022-12-31,9.999999747378752e-05,9.999999747378752e-05,9.899999713525176e-05,9.899999713525176e-05,5,UNI-USD,CRYPTO,yfinance,1d
2023-01-01,9.899999713525176e-05,9.999999747378752e-05,9.899999713525176e-05,9.999999747378752e-05,5,UNI-USD,CRYPTO,yfinance,1d
2023-01-02,9.999999747378752e-05,0.00010099999781232327,9.899999713525176e-05,9.999999747378752e-05,5,UNI-USD,CRYPTO,yfinance,1d
2023-01-03,9.999999747378752e-05,0.00010099999781232327,9.999999747378752e-05,9.999999747378752e-05,5,UNI-USD,CRYPTO,yfinance,1d
2023-01-04,9.999999747378752e-05,0.00010199999815085903,9.999999747378752e-05,0.00010099999781232327,5,UNI-USD,CRYPTO,yfinance,1d
2023-01-05,0.00010099999781232327,0.00010099999781232327,0.00010099999781232327,0.00010099999781232327,5,UNI-USD,CRYPTO,yfinance,1d
2023-01-06,0.00010099999781232327,0.00010199999815085903,9.999999747378752e-05,0.00010199999815085903,5,UNI-USD,CRYPTO,yfinance,1d
2023-01-07,0.00010199999815085903,0.00010199999815085903,0.00010099999781232327,0.00010199999815085903,5,UNI-USD,CRYPTO,yfinance,1d
2023-01-08,0.00010199999815085903,0.00010299999848939478,0.00010199999815085903,0.00010299999848939478,5,UNI-USD,CRYPTO,yfinance,1d
2023-01-09,0.00010299999848939478,0.00010399999882793054,0.00010299999848939478,0.00010299999848939478,5,UNI-USD,CRYPTO,yfinance,1d
2023-01-10,0.00010299999848939478,0.0005070000188425183,0.00010299999848939478,0.000506000011228025,24,UNI-USD,CRYPTO,yfinance,1d
2023-01-11,0.000506000011228025,0.0005200000014156103,0.0005029999883845448,0.0005200000014156103,25,UNI-USD,CRYPTO,yfinance,1d
2023-01-12,0.0005249999812804163,0.0005520000122487545,0.000522000016644597,0.0005469999741762877,26,UNI-USD,CRYPTO,yfinance,1d
2023-01-13,0.0005469999741762877,0.0005789999850094318,0.0005440000095404685,0.000577000027988106,28,UNI-USD,CRYPTO,yfinance,1d
2023-01-14,0.000577000027988106,0.000610999995842576,0.00020300000323913991,0.0002099999983329326,2,UNI-USD,CRYPTO,yfinance,1d
2023-01-15,0.0002099999983329326,0.0002099999983329326,0.00020599999697878957,0.00020900000527035445,2,UNI-USD,CRYPTO,yfinance,1d
2023-01-16,0.00020900000527035445,0.00021399999968707561,0.00020700000459328294,0.0002119999990100041,3,UNI-USD,CRYPTO,yfinance,1d
2023-01-17,0.0002119999990100041,0.00021399999968707561,0.0002099999983329326,0.0002119999990100041,3,UNI-USD,CRYPTO,yfinance,1d
2023-01-18,0.0002119999990100041,0.00021600000036414713,0.00020500000391621143,0.00020700000459328294,2,UNI-USD,CRYPTO,yfinance,1d
2023-01-19,0.00020700000459328294,0.0002119999990100041,0.00020700000459328294,0.00021100000594742596,2,UNI-USD,CRYPTO,yfinance,1d
2023-01-20,0.00021100000594742596,0.00022699999681208283,0.00020900000527035445,0.00022699999681208283,3,UNI-USD,CRYPTO,yfinance,1d
2023-01-21,0.00022699999681208283,0.00023299999884329736,0.00022499999613501132,0.0002280000044265762,3,UNI-USD,CRYPTO,yfinance,1d
2023-01-22,0.0002280000044265762,0.00023099999816622585,0.00022400000307243317,0.00022699999681208283,3,UNI-USD,CRYPTO,yfinance,1d
2023-01-23,0.00022699999681208283,0.00023099999816622585,0.00022699999681208283,0.00022899999748915434,3,UNI-USD,CRYPTO,yfinance,1d
2023-01-24,0.00022899999748915434,0.00023099999816622585,0.00022499999613501132,0.00022600000374950469,3,UNI-USD,CRYPTO,yfinance,1d
2023-01-25,0.00022600000374950469,0.00023700000019744039,0.00022400000307243317,0.00023099999816622585,3,UNI-USD,CRYPTO,yfinance,1d
2023-01-26,0.00023099999816622585,0.0002579999854788184,0.00023099999816622585,0.00025599999935366213,8,UNI-USD,CRYPTO,yfinance,1d
2023-01-27,0.00025599999935366213,0.00026000000070780516,0.00025099999038502574,0.00025599999935366213,8,UNI-USD,CRYPTO,yfinance,1d
2023-01-28,0.00025599999935366213,0.0002570000069681555,0.00025400001322850585,0.00025599999935366213,8,UNI-USD,CRYPTO,yfinance,1d
2023-01-29,0.00025599999935366213,0.00026599998818710446,0.00025499999173916876,0.0002640000020619482,9,UNI-USD,CRYPTO,yfinance,1d
2023-01-30,0.0002640000020619482,0.0002640000020619482,0.00025099999038502574,0.00025400001322850585,8,UNI-USD,CRYPTO,yfinance,1d
2023-01-31,0.00025400001322850585,0.0002579999854788184,0.0002530000056140125,0.0002570000069681555,8,UNI-USD,CRYPTO,yfinance,1d
2023-02-01,0.0002570000069681555,0.0002640000020619482,0.00025400001322850585,0.0002629999944474548,9,UNI-USD,CRYPTO,yfinance,1d
2023-02-02,0.0002629999944474548,0.0002680000034160912,0.0002610000083222985,0.0002610000083222985,8,UNI-USD,CRYPTO,yfinance,1d
2023-02-03,0.0002610000083222985,0.0002629999944474548,0.0002579999854788184,0.00026000000070780516,8,UNI-USD,CRYPTO,yfinance,1d
2023-02-04,0.00026000000070780516,0.0002610000083222985,0.0002589999930933118,0.0002589999930933118,8,UNI-USD,CRYPTO,yfinance,1d
2023-02-05,0.0002589999930933118,0.00026000000070780516,0.00025400001322850585,0.00025499999173916876,8,UNI-USD,CRYPTO,yfinance,1d
2023-02-06,0.00025499999173916876,0.0002570000069681555,0.0002519999979995191,0.0002530000056140125,5,UNI-USD,CRYPTO,yfinance,1d
2023-02-07,0.0002530000056140125,0.0002589999930933118,0.0002530000056140125,0.0002579999854788184,5,UNI-USD,CRYPTO,yfinance,1d
2023-02-08,0.0002579999854788184,0.0002589999930933118,0.0002519999979995191,0.00025499999173916876,5,UNI-USD,CRYPTO,yfinance,1d
2023-02-09,0.00025499999173916876,0.00025499999173916876,0.00024199999461416155,0.00024199999461416155,4,UNI-USD,CRYPTO,yfinance,1d
2023-02-10,0.00024199999461416155,0.00024399999529123306,0.0002390000008745119,0.00023999999393709004,4,UNI-USD,CRYPTO,yfinance,1d
2023-02-11,0.00023999999393709004,0.00024300000222865492,0.00023999999393709004,0.00024300000222865492,4,UNI-USD,CRYPTO,yfinance,1d
2023-02-12,0.00024300000222865492,0.00024500000290572643,0.0002410000015515834,0.00024199999461416155,4,UNI-USD,CRYPTO,yfinance,1d
2023-02-13,0.00024199999461416155,0.00024300000222865492,0.00023799999326001853,0.00024199999461416155,4,UNI-USD,CRYPTO,yfinance,1d
2023-02-14,0.00024199999461416155,0.0002469999890308827,0.00023999999393709004,0.0002469999890308827,4,UNI-USD,CRYPTO,yfinance,1d
2023-02-15,0.0002469999890308827,0.0002699999895412475,0.00024500000290572643,0.0002699999895412475,5,UNI-USD,CRYPTO,yfinance,1d
2023-02-16,0.0002699999895412475,0.0002789999998640269,0.00026199998683296144,0.00026199998683296144,5,UNI-USD,CRYPTO,yfinance,1d
2023-02-17,0.00026199998683296144,0.0002770000137388706,0.00026000000070780516,0.0002730000123847276,5,UNI-USD,CRYPTO,yfinance,1d
2023-02-18,0.0002730000123847276,0.0002749999985098839,0.00027200000477023423,0.0002739999908953905,5,UNI-USD,CRYPTO,yfinance,1d
2023-02-19,0.0002739999908953905,0.0006880000000819564,0.00027099999715574086,0.0006840000278316438,28,UNI-USD,CRYPTO,yfinance,1d
2023-02-20,0.0006840000278316438,0.0009980000322684646,0.0006719999946653843,0.000990999978967011,496,UNI-USD,CRYPTO,yfinance,1d
2023-02-21,0.000990999978967011,0.000999000039882958,0.0007960000075399876,0.0008849999867379665,746,UNI-USD,CRYPTO,yfinance,1d
2023-02-22,0.0008849999867379665,0.0009469999931752682,0.000770999991800636,0.0007890000124461949,830,UNI-USD,CRYPTO,yfinance,1d
2023-02-23,0.0007890000124461949,0.0008859999943524599,0.0007730000070296228,0.0007779999868944287,120,UNI-USD,CRYPTO,yfinance,1d
2023-02-24,0.0007779999868944287,0.0007830000249668956,0.0007479999912902713,0.0007539999787695706,116,UNI-USD,CRYPTO,yfinance,1d
2023-02-25,0.0007539999787695706,0.0007539999787695706,0.0007430000114254653,0.0007529999711550772,2,UNI-USD,CRYPTO,yfinance,1d
2023-02-26,0.0007529999711550772,0.0007689999765716493,0.000750000006519258,0.0007660000119358301,2,UNI-USD,CRYPTO,yfinance,1d
2023-02-27,0.0007660000119358301,0.000770999991800636,0.000750000006519258,0.0007600000244565308,42,UNI-USD,CRYPTO,yfinance,1d
2023-02-28,0.0007600000244565308,0.0007619999814778566,0.0007450000266544521,0.0007479999912902713,41,UNI-USD,CRYPTO,yfinance,1d
2023-03-01,0.0007479999912902713,0.000770999991800636,0.0007459999760612845,0.0007639999967068434,42,UNI-USD,CRYPTO,yfinance,1d
2023-03-02,0.0007639999967068434,0.0007670000195503235,0.0007510000141337514,0.0007580000092275441,42,UNI-USD,CRYPTO,yfinance,1d
2023-03-03,0.0007580000092275441,0.0007580000092275441,0.0007169999880716205,0.0007220000261440873,40,UNI-USD,CRYPTO,yfinance,1d
2023-03-04,0.0007220000261440873,0.0007239999831654131,0.0007169999880716205,0.0007220000261440873,40,UNI-USD,CRYPTO,yfinance,1d
2023-03-05,0.0007220000261440873,0.0007300000288523734,0.0007210000185295939,0.0007249999907799065,40,UNI-USD,CRYPTO,yfinance,1d
2023-03-06,0.0007249999907799065,0.00072900002123788,0.0007210000185295939,0.0007239999831654131,40,UNI-USD,CRYPTO,yfinance,1d
2023-03-07,0.0007239999831654131,0.0007280000136233866,0.0004659999976865947,0.000526999996509403,31,UNI-USD,CRYPTO,yfinance,1d
2023-03-08,0.000526999996509403,0.0005280000041238964,0.000514000013936311,0.0005150000215508044,30,UNI-USD,CRYPTO,yfinance,1d
2023-03-09,0.0005150000215508044,0.0005169999785721302,0.00047900000936351717,0.0004830000107176602,28,UNI-USD,CRYPTO,yfinance,1d
2023-03-10,0.0004830000107176602,0.0004830000107176602,0.00046499999007210135,0.0004780000017490238,28,UNI-USD,CRYPTO,yfinance,1d
2023-03-11,0.0004780000017490238,0.000493000028654933,0.00047599998652003706,0.0004889999981969595,29,UNI-USD,CRYPTO,yfinance,1d
2023-03-12,0.0004889999981969595,0.0005249999812804163,0.00048499999684281647,0.0005249999812804163,31,UNI-USD,CRYPTO,yfinance,1d
2023-03-13,0.0005249999812804163,0.0005799999926239252,0.0005200000014156103,0.0005729999975301325,34,UNI-USD,CRYPTO,yfinance,1d
2023-03-14,0.0005729999975301325,0.0006249999860301614,0.0005719999899156392,0.0005869999877177179,35,UNI-USD,CRYPTO,yfinance,1d
2023-03-15,0.0005869999877177179,0.0005959999980404973,0.0005709999823011458,0.0005779999773949385,34,UNI-USD,CRYPTO,yfinance,1d
2023-03-16,0.0005779999773949385,0.0005959999980404973,0.0005750000127591193,0.0005939999828115106,35,UNI-USD,CRYPTO,yfinance,1d
2023-03-17,0.0005939999828115106,0.0006580000044777989,0.0005910000181756914,0.0006489999941550195,38,UNI-USD,CRYPTO,yfinance,1d
2023-03-18,0.0006500000017695129,0.0006569999968633056,0.0006360000115819275,0.0006389999762177467,38,UNI-USD,CRYPTO,yfinance,1d
2023-03-19,0.0006389999762177467,0.0006730000022798777,0.0006380000268109143,0.0006639999919570982,39,UNI-USD,CRYPTO,yfinance,1d
2023-03-20,0.0006639999919570982,0.000674000009894371,0.0006459999713115394,0.0006580000044777989,39,UNI-USD,CRYPTO,yfinance,1d
2023-03-21,0.0006580000044777989,0.0006730000022798777,0.0006510000093840063,0.0006680000224150717,39,UNI-USD,CRYPTO,yfinance,1d
2023-03-22,0.0006680000224150717,0.0006830000202171504,0.0006350000039674342,0.0006479999865405262,38,UNI-USD,CRYPTO,yfinance,1d
2023-03-23,0.0006479999865405262,0.0006799999973736703,0.000645000021904707,0.0006719999946653843,40,UNI-USD,CRYPTO,yfinance,1d
2023-03-24,0.0006719999946653843,0.0006730000022798777,0.0006430000066757202,0.0006510000093840063,38,UNI-USD,CRYPTO,yfinance,1d
2023-03-25,0.0006510000093840063,0.0006580000044777989,0.000645000021904707,0.0006520000169984996,38,UNI-USD,CRYPTO,yfinance,1d
2023-03-26,0.0006520000169984996,0.0006670000148005784,0.0006510000093840063,0.0006639999919570982,39,UNI-USD,CRYPTO,yfinance,1d
2023-03-27,0.0006639999919570982,0.0006639999919570982,0.0006319999811239541,0.0006440000142902136,38,UNI-USD,CRYPTO,yfinance,1d
2023-03-28,0.0006440000142902136,0.0006510000093840063,0.0006329999887384474,0.0006469999789260328,38,UNI-USD,CRYPTO,yfinance,1d
2023-03-29,0.0006469999789260328,0.0006769999745301902,0.0006459999713115394,0.0006719999946653843,40,UNI-USD,CRYPTO,yfinance,1d
2023-03-30,0.0006719999946653843,0.0006900000153109431,0.0006590000120922923,0.0006649999995715916,39,UNI-USD,CRYPTO,yfinance,1d
2023-03-31,0.0006649999995715916,0.0006779999821446836,0.0006549999816343188,0.0006750000175088644,40,UNI-USD,CRYPTO,yfinance,1d
2023-04-01,0.0006750000175088644,0.0006810000049881637,0.0006709999870508909,0.000674000009894371,40,UNI-USD,CRYPTO,yfinance,1d
2023-04-02,0.0006750000175088644,0.0006760000251233578,0.00011999999696854502,0.00012099999730708078,14,UNI-USD,CRYPTO,yfinance,1d
2023-04-03,0.00012099999730708078,0.00012199999764561653,0.00011800000356743112,0.00011999999696854502,14,UNI-USD,CRYPTO,yfinance,1d
2023-04-04,0.00011999999696854502,0.00012199999764561653,0.00011899999663000926,0.00012099999730708078,14,UNI-USD,CRYPTO,yfinance,1d
2023-04-05,0.00012099999730708078,0.0001230000052601099,0.00011999999696854502,0.00012099999730708078,14,UNI-USD,CRYPTO,yfinance,1d
2023-04-06,0.00012099999730708078,0.0001939999929163605,0.00011700000322889537,0.00011800000356743112,11,UNI-USD,CRYPTO,yfinance,1d
2023-04-07,0.00011800000356743112,0.00011800000356743112,0.00011700000322889537,0.00011700000322889537,11,UNI-USD,CRYPTO,yfinance,1d
2023-04-08,0.00011700000322889537,0.00011800000356743112,0.00011700000322889537,0.00011700000322889537,11,UNI-USD,CRYPTO,yfinance,1d
2023-04-09,0.00011700000322889537,0.00011999999696854502,0.00011700000322889537,0.00011899999663000926,12,UNI-USD,CRYPTO,yfinance,1d
2023-04-10,0.00011899999663000926,0.0001250000059371814,0.00011800000356743112,0.0001250000059371814,12,UNI-USD,CRYPTO,yfinance,1d
2023-04-11,0.0001250000059371814,0.00012799999967683107,0.00012399999832268804,0.00012700000661425292,12,UNI-USD,CRYPTO,yfinance,1d
2023-04-12,0.00012700000661425292,0.00012799999967683107,0.0001250000059371814,0.00012700000661425292,12,UNI-USD,CRYPTO,yfinance,1d
2023-04-13,0.00012599999899975955,0.00012799999967683107,0.00012599999899975955,0.00012799999967683107,12,UNI-USD,CRYPTO,yfinance,1d
2023-04-14,0.00012799999967683107,0.00013000000035390258,0.00012599999899975955,0.00012799999967683107,12,UNI-USD,CRYPTO,yfinance,1d
2023-04-15,0.00012799999967683107,0.00012799999967683107,0.00012700000661425292,0.00012700000661425292,12,UNI-USD,CRYPTO,yfinance,1d
2023-04-16,0.00012700000661425292,0.00012799999967683107,0.00012700000661425292,0.00012700000661425292,12,UNI-USD,CRYPTO,yfinance,1d
2023-04-17,0.00012700000661425292,0.00012700000661425292,0.00011800000356743112,0.00011800000356743112,3,UNI-USD,CRYPTO,yfinance,1d
2023-04-18,0.00011800000356743112,0.00012199999764561653,0.00011700000322889537,0.00012199999764561653,3,UNI-USD,CRYPTO,yfinance,1d
2023-04-19,0.00012199999764561653,0.00012199999764561653,0.00011500000255182385,0.00011500000255182385,3,UNI-USD,CRYPTO,yfinance,1d
2023-04-20,0.00011500000255182385,0.00011600000289035961,0.00011200000153621659,0.00011300000187475234,3,UNI-USD,CRYPTO,yfinance,1d
2023-04-21,0.00011300000187475234,0.00011300000187475234,0.00010900000052060932,0.00010900000052060932,3,UNI-USD,CRYPTO,yfinance,1d
2023-04-22,0.00010900000052060932,0.00011100000119768083,0.00010900000052060932,0.00011100000119768083,3,UNI-USD,CRYPTO,yfinance,1d
2023-04-23,0.00011100000119768083,0.00011100000119768083,0.00011000000085914508,0.00011000000085914508,3,UNI-USD,CRYPTO,yfinance,1d
2023-04-24,0.00011000000085914508,0.00011200000153621659,0.00010800000018207356,0.00011000000085914508,3,UNI-USD,CRYPTO,yfinance,1d
2023-04-25,0.00011000000085914508,0.00011300000187475234,0.00010900000052060932,0.00011300000187475234,3,UNI-USD,CRYPTO,yfinance,1d
2023-04-26,0.00011300000187475234,0.00011999999696854502,0.00011000000085914508,0.0001140000022132881,3,UNI-USD,CRYPTO,yfinance,1d
2023-04-27,0.0001140000022132881,0.00011899999663000926,0.0001140000022132881,0.00011800000356743112,3,UNI-USD,CRYPTO,yfinance,1d
2023-04-28,0.00011800000356743112,0.00011800000356743112,0.00011600000289035961,0.00011700000322889537,3,UNI-USD,CRYPTO,yfinance,1d
2023-04-29,0.00011700000322889537,0.00011800000356743112,0.00011700000322889537,0.00011700000322889537,3,UNI-USD,CRYPTO,yfinance,1d
2023-04-30,0.00011700000322889537,0.00011999999696854502,0.00011600000289035961,0.00011700000322889537,3,UNI-USD,CRYPTO,yfinance,1d
2023-05-01,0.00011700000322889537,0.00011700000322889537,0.00011100000119768083,0.00011200000153621659,3,UNI-USD,CRYPTO,yfinance,1d
2023-05-02,0.00011200000153621659,0.00011500000255182385,0.00011200000153621659,0.00011500000255182385,3,UNI-USD,CRYPTO,yfinance,1d
2023-05-03,0.00011500000255182385,0.00011700000322889537,0.00011300000187475234,0.00011600000289035961,3,UNI-USD,CRYPTO,yfinance,1d
2023-05-04,0.00011600000289035961,0.00011700000322889537,0.00011500000255182385,0.00011500000255182385,3,UNI-USD,CRYPTO,yfinance,1d
2023-05-05,0.00011500000255182385,0.00011899999663000926,0.00011500000255182385,0.00011800000356743112,3,UNI-USD,CRYPTO,yfinance,1d
2023-05-06,0.00011800000356743112,0.00011899999663000926,0.0001140000022132881,0.00011600000289035961,3,UNI-USD,CRYPTO,yfinance,1d
2023-05-07,0.00011600000289035961,0.00011600000289035961,0.0001140000022132881,0.0001140000022132881,3,UNI-USD,CRYPTO,yfinance,1d
2023-05-08,0.0001140000022132881,0.00011500000255182385,0.00010900000052060932,0.00011100000119768083,3,UNI-USD,CRYPTO,yfinance,1d
2023-05-09,0.00011100000119768083,0.00011100000119768083,0.00011000000085914508,0.00011100000119768083,3,UNI-USD,CRYPTO,yfinance,1d
2023-05-10,0.00011100000119768083,0.00011300000187475234,0.00010800000018207356,0.00011000000085914508,3,UNI-USD,CRYPTO,yfinance,1d
2023-05-11,0.00011000000085914508,0.00011000000085914508,0.00010699999984353781,0.00010800000018207356,3,UNI-USD,CRYPTO,yfinance,1d
2023-05-12,0.00010800000018207356,0.00010800000018207356,0.00010399999882793054,0.00010699999984353781,3,UNI-USD,CRYPTO,yfinance,1d
2023-05-13,0.00010699999984353781,0.00010800000018207356,0.00010699999984353781,0.00010699999984353781,3,UNI-USD,CRYPTO,yfinance,1d
2023-05-14,0.00010699999984353781,0.00010900000052060932,0.00010699999984353781,0.00010800000018207356,3,UNI-USD,CRYPTO,yfinance,1d
2023-05-15,0.00010800000018207356,0.00011100000119768083,0.00010699999984353781,0.00010900000052060932,3,UNI-USD,CRYPTO,yfinance,1d
2023-05-16,0.00010900000052060932,0.00010900000052060932,0.00010800000018207356,0.00010800000018207356,3,UNI-USD,CRYPTO,yfinance,1d
2023-05-17,0.00010800000018207356,0.00011000000085914508,0.00010599999950500205,0.00011000000085914508,3,UNI-USD,CRYPTO,yfinance,1d
2023-05-18,0.00011000000085914508,0.00011000000085914508,0.00010599999950500205,0.00010699999984353781,3,UNI-USD,CRYPTO,yfinance,1d
2023-05-19,0.00010699999984353781,0.00010800000018207356,0.00010699999984353781,0.00010800000018207356,3,UNI-USD,CRYPTO,yfinance,1d
2023-05-20,0.00010800000018207356,0.00010900000052060932,0.00010699999984353781,0.00010800000018207356,3,UNI-USD,CRYPTO,yfinance,1d
2023-05-21,0.00010800000018207356,0.00010900000052060932,0.00010699999984353781,0.00010699999984353781,3,UNI-USD,CRYPTO,yfinance,1d
2023-05-22,0.00010699999984353781,0.00010800000018207356,0.00010599999950500205,0.00010699999984353781,3,UNI-USD,CRYPTO,yfinance,1d
2023-05-23,0.00010699999984353781,0.00011000000085914508,0.00010699999984353781,0.00010900000052060932,3,UNI-USD,CRYPTO,yfinance,1d
2023-05-24,0.00010900000052060932,0.00010900000052060932,0.0001049999991664663,0.0001049999991664663,3,UNI-USD,CRYPTO,yfinance,1d
2023-05-25,0.0001049999991664663,0.00010599999950500205,0.00010399999882793054,0.00010599999950500205,3,UNI-USD,CRYPTO,yfinance,1d
2023-05-26,0.00010599999950500205,0.00010699999984353781,0.0001049999991664663,0.00010699999984353781,3,UNI-USD,CRYPTO,yfinance,1d
2023-05-27,0.00010699999984353781,0.00010699999984353781,0.00010699999984353781,0.00010699999984353781,3,UNI-USD,CRYPTO,yfinance,1d
2023-05-28,0.00010699999984353781,0.00011300000187475234,0.00010699999984353781,0.00011200000153621659,3,UNI-USD,CRYPTO,yfinance,1d
2023-05-29,0.00011200000153621659,0.0001140000022132881,0.00011000000085914508,0.00011100000119768083,3,UNI-USD,CRYPTO,yfinance,1d
2023-05-30,0.00011100000119768083,0.00011200000153621659,0.00011000000085914508,0.00011100000119768083,3,UNI-USD,CRYPTO,yfinance,1d
2023-05-31,0.00011100000119768083,0.00011100000119768083,0.00010800000018207356,0.00010900000052060932,3,UNI-USD,CRYPTO,yfinance,1d
2023-06-01,0.00010900000052060932,0.00010900000052060932,0.00010699999984353781,0.00010699999984353781,3,UNI-USD,CRYPTO,yfinance,1d
2023-06-02,0.00010699999984353781,0.00010900000052060932,0.00010599999950500205,0.00010900000052060932,3,UNI-USD,CRYPTO,yfinance,1d
2023-06-03,0.00010900000052060932,0.00010900000052060932,0.00010800000018207356,0.00010800000018207356,3,UNI-USD,CRYPTO,yfinance,1d
2023-06-04,0.00010800000018207356,0.00011000000085914508,0.00010800000018207356,0.00010800000018207356,3,UNI-USD,CRYPTO,yfinance,1d
2023-06-05,0.00010800000018207356,0.00010900000052060932,0.00010199999815085903,0.00010299999848939478,3,UNI-USD,CRYPTO,yfinance,1d
2023-06-06,0.00010299999848939478,0.00010900000052060932,0.00010199999815085903,0.00010900000052060932,3,UNI-USD,CRYPTO,yfinance,1d
2023-06-07,0.00010900000052060932,0.00010900000052060932,0.0001049999991664663,0.0001049999991664663,3,UNI-USD,CRYPTO,yfinance,1d
2023-06-08,0.0001049999991664663,0.00010699999984353781,0.0001049999991664663,0.00010599999950500205,3,UNI-USD,CRYPTO,yfinance,1d
2023-06-09,0.00010599999950500205,0.00010699999984353781,0.0001049999991664663,0.00010599999950500205,3,UNI-USD,CRYPTO,yfinance,1d
2023-06-10,0.00010599999950500205,0.00010599999950500205,0.00010199999815085903,0.00010299999848939478,3,UNI-USD,CRYPTO,yfinance,1d
2023-06-11,0.00010299999848939478,0.0001049999991664663,0.00010299999848939478,0.00010399999882793054,3,UNI-USD,CRYPTO,yfinance,1d
2023-06-12,0.00010399999882793054,0.00010399999882793054,0.00010299999848939478,0.00010399999882793054,3,UNI-USD,CRYPTO,yfinance,1d
2023-06-13,0.00010399999882793054,0.0001049999991664663,0.00010299999848939478,0.00010399999882793054,3,UNI-USD,CRYPTO,yfinance,1d
2023-06-14,0.00010399999882793054,0.00010399999882793054,9.999999747378752e-05,9.999999747378752e-05,3,UNI-USD,CRYPTO,yfinance,1d
2023-06-15,9.999999747378752e-05,0.00010299999848939478,9.899999713525176e-05,0.00010199999815085903,3,UNI-USD,CRYPTO,yfinance,1d
2023-06-16,0.00010199999815085903,0.00010599999950500205,0.00010099999781232327,0.0001049999991664663,3,UNI-USD,CRYPTO,yfinance,1d
2023-06-17,0.0001049999991664663,0.00010699999984353781,0.0001049999991664663,0.00010599999950500205,3,UNI-USD,CRYPTO,yfinance,1d
2023-06-18,0.00010599999950500205,0.00010699999984353781,0.0001049999991664663,0.0001049999991664663,3,UNI-USD,CRYPTO,yfinance,1d
2023-06-19,0.0001049999991664663,0.00010800000018207356,0.0001049999991664663,0.00010699999984353781,3,UNI-USD,CRYPTO,yfinance,1d
2023-06-20,0.00010699999984353781,0.00011300000187475234,0.00010699999984353781,0.00011300000187475234,3,UNI-USD,CRYPTO,yfinance,1d
2023-06-21,0.00011300000187475234,0.0001230000052601099,0.00011300000187475234,0.00011999999696854502,3,UNI-USD,CRYPTO,yfinance,1d
2023-06-22,0.00011999999696854502,0.00012199999764561653,0.00011899999663000926,0.00011999999696854502,3,UNI-USD,CRYPTO,yfinance,1d
2023-06-23,0.00011999999696854502,0.0001250000059371814,0.00011899999663000926,0.0001230000052601099,3,UNI-USD,CRYPTO,yfinance,1d
2023-06-24,0.0001230000052601099,0.0001230000052601099,0.00012099999730708078,0.00012199999764561653,3,UNI-USD,CRYPTO,yfinance,1d
2023-06-25,0.00012199999764561653,0.00012399999832268804,0.00012099999730708078,0.00012199999764561653,3,UNI-USD,CRYPTO,yfinance,1d
2023-06-26,0.00012199999764561653,0.0002849999873433262,0.00012099999730708078,0.00028199999360367656,6,UNI-USD,CRYPTO,yfinance,1d
2023-06-27,0.00028199999360367656,0.0002880000101868063,0.0002809999859891832,0.0002849999873433262,6,UNI-USD,CRYPTO,yfinance,1d
2023-06-28,0.0002849999873433262,0.0002849999873433262,0.0002789999998640269,0.0002800000074785203,6,UNI-USD,CRYPTO,yfinance,1d
2023-06-29,0.0002800000074785203,0.0002859999949578196,0.0002800000074785203,0.00028300000121816993,6,UNI-USD,CRYPTO,yfinance,1d
2023-06-30,0.00028300000121816993,0.0002899999963119626,0.0002770000137388706,0.0002840000088326633,6,UNI-USD,CRYPTO,yfinance,1d
2023-07-01,0.0002840000088326633,0.0002849999873433262,0.00028199999360367656,0.0002849999873433262,6,UNI-USD,CRYPTO,yfinance,1d
2023-07-02,0.0002849999873433262,0.0002859999949578196,0.00028199999360367656,0.0002849999873433262,6,UNI-USD,CRYPTO,yfinance,1d
2023-07-03,0.0002849999873433262,0.000291000003926456,0.0002849999873433262,0.0002899999963119626,6,UNI-USD,CRYPTO,yfinance,1d
2023-07-04,0.0002899999963119626,0.000291000003926456,0.0002859999949578196,0.0002859999949578196,6,UNI-USD,CRYPTO,yfinance,1d
2023-07-05,0.0002859999949578196,0.00028700000257231295,0.0002809999859891832,0.0002840000088326633,6,UNI-USD,CRYPTO,yfinance,1d
2023-07-06,0.0002840000088326633,0.00029200001154094934,0.00027799999224953353,0.00027799999224953353,6,UNI-USD,CRYPTO,yfinance,1d
2023-07-07,0.00027799999224953353,0.00028300000121816993,0.0002770000137388706,0.00028199999360367656,6,UNI-USD,CRYPTO,yfinance,1d
2023-07-08,0.00028199999360367656,0.00028199999360367656,0.0002800000074785203,0.00028199999360367656,6,UNI-USD,CRYPTO,yfinance,1d
2023-07-09,0.00028199999360367656,0.00028300000121816993,0.0002800000074785203,0.0002809999859891832,6,UNI-USD,CRYPTO,yfinance,1d
2023-07-10,0.0002809999859891832,0.0002880000101868063,0.0002789999998640269,0.00028300000121816993,6,UNI-USD,CRYPTO,yfinance,1d
2023-07-11,0.00028300000121816993,0.0002859999949578196,0.00028199999360367656,0.0002849999873433262,6,UNI-USD,CRYPTO,yfinance,1d
2023-07-12,0.0002849999873433262,0.00028700000257231295,0.00028199999360367656,0.00028300000121816993,6,UNI-USD,CRYPTO,yfinance,1d
2023-07-13,0.00028300000121816993,0.000295000005280599,0.00028199999360367656,0.00029299999005161226,6,UNI-USD,CRYPTO,yfinance,1d
2023-07-14,0.00029299999005161226,0.00029299999005161226,0.0002789999998640269,0.00028199999360367656,6,UNI-USD,CRYPTO,yfinance,1d
2023-07-15,0.00028199999360367656,0.00028300000121816993,0.00028199999360367656,0.00028199999360367656,6,UNI-USD,CRYPTO,yfinance,1d
2023-07-16,0.00028199999360367656,0.00028300000121816993,0.0002800000074785203,0.0002809999859891832,6,UNI-USD,CRYPTO,yfinance,1d
2023-07-17,0.0002809999859891832,0.00028199999360367656,0.0002770000137388706,0.0002800000074785203,6,UNI-USD,CRYPTO,yfinance,1d
2023-07-18,0.0002800000074785203,0.0002809999859891832,0.00027600000612437725,0.00027799999224953353,6,UNI-USD,CRYPTO,yfinance,1d
2023-07-19,0.00027799999224953353,0.0005590000073425472,0.00027799999224953353,0.0005569999921135604,371931,UNI-USD,CRYPTO,yfinance,1d
2023-07-20,0.0005559999844990671,0.0005779999773949385,0.0005549999768845737,0.0005660000024363399,438335,UNI-USD,CRYPTO,yfinance,1d
2023-07-21,0.0005660000024363399,0.00056900002527982,0.00028300000121816993,0.0002840000088326633,23,UNI-USD,CRYPTO,yfinance,1d
2023-07-22,0.0002840000088326633,0.0002849999873433262,0.00028199999360367656,0.00028300000121816993,23,UNI-USD,CRYPTO,yfinance,1d
2023-07-23,0.00028300000121816993,0.0002880000101868063,0.00028300000121816993,0.0002859999949578196,23,UNI-USD,CRYPTO,yfinance,1d
2023-07-24,0.0002859999949578196,0.0002859999949578196,0.0002749999985098839,0.0002770000137388706,22,UNI-USD,CRYPTO,yfinance,1d
2023-07-25,0.0002770000137388706,0.0002789999998640269,0.00027600000612437725,0.00027799999224953353,22,UNI-USD,CRYPTO,yfinance,1d
2023-07-26,0.00027799999224953353,0.00028199999360367656,0.0002770000137388706,0.0002789999998640269,22,UNI-USD,CRYPTO,yfinance,1d
2023-07-27,0.0002789999998640269,0.0002809999859891832,0.0002770000137388706,0.00027799999224953353,22,UNI-USD,CRYPTO,yfinance,1d
2023-07-28,0.00027799999224953353,0.001180000021122396,0.0002770000137388706,0.0011729999678209424,188,UNI-USD,CRYPTO,yfinance,1d
2023-07-29,0.0011729999678209424,0.0011739999754354358,0.0011129999766126275,0.0011159999994561076,294,UNI-USD,CRYPTO,yfinance,1d
2023-07-30,0.0011159999994561076,0.0011190000222995877,0.0011060000397264957,0.0011129999766126275,293,UNI-USD,CRYPTO,yfinance,1d
2023-07-31,0.0011129999766126275,0.001120000029914081,0.0011080000549554825,0.0011109999613836408,292,UNI-USD,CRYPTO,yfinance,1d
2023-08-01,0.0011109999613836408,0.0011259999591857195,0.0010930000571534038,0.0011259999591857195,297,UNI-USD,CRYPTO,yfinance,1d
2023-08-02,0.0011259999591857195,0.0011390000581741333,0.0011030000168830156,0.0011080000549554825,292,UNI-USD,CRYPTO,yfinance,1d
2023-08-03,0.0011080000549554825,0.0011159999994561076,0.0011020000092685223,0.001108999946154654,292,UNI-USD,CRYPTO,yfinance,1d
2023-08-04,0.001108999946154654,0.0011139999842271209,0.0010979999788105488,0.0011050000321120024,6,UNI-USD,CRYPTO,yfinance,1d
2023-08-05,0.0011050000321120024,0.0011060000397264957,0.001101000001654029,0.001104000024497509,6,UNI-USD,CRYPTO,yfinance,1d
2023-08-06,0.001104000024497509,0.0011080000549554825,0.001101000001654029,0.001104000024497509,6,UNI-USD,CRYPTO,yfinance,1d
2023-08-07,0.001104000024497509,0.0011109999613836408,0.0010930000571534038,0.001108999946154654,6,UNI-USD,CRYPTO,yfinance,1d
2023-08-08,0.001108999946154654,0.0011439999798312783,0.0011060000397264957,0.0011309999972581863,6,UNI-USD,CRYPTO,yfinance,1d
2023-08-09,0.0011309999972581863,0.0011419999646022916,0.0011180000146850944,0.0011239999439567327,6,UNI-USD,CRYPTO,yfinance,1d
2023-08-10,0.0011239999439567327,0.0011279999744147062,0.0011159999994561076,0.0011190000222995877,6,UNI-USD,CRYPTO,yfinance,1d
2023-08-11,0.0011190000222995877,0.0011210000375285745,0.0011129999766126275,0.0011180000146850944,6,UNI-USD,CRYPTO,yfinance,1d
2023-08-12,0.0011180000146850944,0.0011190000222995877,0.00014699999883305281,0.00014699999883305281,5,UNI-USD,CRYPTO,yfinance,1d
2023-08-13,0.00014699999883305281,0.00014699999883305281,0.00014600000577047467,0.00014600000577047467,4,UNI-USD,CRYPTO,yfinance,1d
2023-08-14,0.00014600000577047467,0.00014800000644754618,0.00014600000577047467,0.00014699999883305281,5,UNI-USD,CRYPTO,yfinance,1d
2023-08-15,0.00014699999883305281,0.00014699999883305281,0.0001449999981559813,0.00014600000577047467,4,UNI-USD,CRYPTO,yfinance,1d
2023-08-16,0.00014600000577047467,0.00014600000577047467,0.00014400000509340316,0.00014400000509340316,4,UNI-USD,CRYPTO,yfinance,1d
2023-08-17,0.00014400000509340316,0.00014400000509340316,0.00012799999967683107,0.00013299999409355223,4,UNI-USD,CRYPTO,yfinance,1d
2023-08-18,0.00013299999409355223,0.0001340000017080456,0.0001289999927394092,0.00013000000035390258,4,UNI-USD,CRYPTO,yfinance,1d
2023-08-19,0.00013000000035390258,0.00013099999341648072,0.0001289999927394092,0.00013099999341648072,4,UNI-USD,CRYPTO,yfinance,1d
2023-08-20,0.00013099999341648072,0.00013099999341648072,0.00013000000035390258,0.00013099999341648072,4,UNI-USD,CRYPTO,yfinance,1d
2023-08-21,0.00013099999341648072,0.00013099999341648072,0.00013000000035390258,0.00013099999341648072,4,UNI-USD,CRYPTO,yfinance,1d
2023-08-22,0.00013099999341648072,0.00013099999341648072,0.00012799999967683107,0.00013000000035390258,4,UNI-USD,CRYPTO,yfinance,1d
2023-08-23,0.00013000000035390258,0.0001340000017080456,0.0001289999927394092,0.0001320000010309741,4,UNI-USD,CRYPTO,yfinance,1d
2023-08-24,0.0001320000010309741,0.00013299999409355223,0.00013000000035390258,0.00013099999341648072,4,UNI-USD,CRYPTO,yfinance,1d
2023-08-25,0.00013099999341648072,0.00015700000221841037,0.00013099999341648072,0.000155999994603917,12,UNI-USD,CRYPTO,yfinance,1d
2023-08-26,0.000155999994603917,0.00015700000221841037,0.000155999994603917,0.000155999994603917,12,UNI-USD,CRYPTO,yfinance,1d
2023-08-27,0.000155999994603917,0.00015700000221841037,0.000155999994603917,0.00015700000221841037,12,UNI-USD,CRYPTO,yfinance,1d
2023-08-28,0.00015700000221841037,0.00015700000221841037,0.00015500000154133886,0.00015700000221841037,12,UNI-USD,CRYPTO,yfinance,1d
2023-08-29,0.00015700000221841037,0.00016799999866634607,0.000155999994603917,0.00016599999798927456,12,UNI-USD,CRYPTO,yfinance,1d
2023-08-30,0.00016599999798927456,0.00016599999798927456,0.0001630000042496249,0.00016399999731220305,12,UNI-USD,CRYPTO,yfinance,1d
2023-08-31,0.00016399999731220305,0.00016500000492669642,0.00015500000154133886,0.000155999994603917,12,UNI-USD,CRYPTO,yfinance,1d
2023-09-01,0.000155999994603917,0.00015700000221841037,0.00015300000086426735,0.00015500000154133886,12,UNI-USD,CRYPTO,yfinance,1d
2023-09-02,0.00015500000154133886,0.000155999994603917,0.00015500000154133886,0.00015500000154133886,12,UNI-USD,CRYPTO,yfinance,1d
2023-09-03,0.00015500000154133886,0.000155999994603917,0.00015500000154133886,0.000155999994603917,12,UNI-USD,CRYPTO,yfinance,1d
2023-09-04,0.000155999994603917,0.000155999994603917,0.0001539999939268455,0.00015500000154133886,12,UNI-USD,CRYPTO,yfinance,1d
2023-09-05,0.00015500000154133886,0.00015500000154133886,0.0001539999939268455,0.00015500000154133886,12,UNI-USD,CRYPTO,yfinance,1d
2023-09-06,0.00015500000154133886,0.000155999994603917,0.00015300000086426735,0.00015500000154133886,11,UNI-USD,CRYPTO,yfinance,1d
2023-09-07,0.00015500000154133886,0.00015799999528098851,0.0001539999939268455,0.00015700000221841037,12,UNI-USD,CRYPTO,yfinance,1d
2023-09-08,0.00015700000221841037,0.00015799999528098851,0.0001539999939268455,0.000155999994603917,12,UNI-USD,CRYPTO,yfinance,1d
2023-09-09,0.000155999994603917,0.000155999994603917,0.00015500000154133886,0.00015500000154133886,12,UNI-USD,CRYPTO,yfinance,1d
2023-09-10,0.00015500000154133886,0.000155999994603917,0.0001539999939268455,0.00015500000154133886,12,UNI-USD,CRYPTO,yfinance,1d
2023-09-11,0.00015500000154133886,0.00015500000154133886,0.0001500000071246177,0.00015100000018719584,11,UNI-USD,CRYPTO,yfinance,1d
2023-09-12,0.00015100000018719584,0.00015799999528098851,0.00015100000018719584,0.00015500000154133886,12,UNI-USD,CRYPTO,yfinance,1d
2023-09-13,0.00015500000154133886,0.00015799999528098851,0.00015500000154133886,0.00015700000221841037,12,UNI-USD,CRYPTO,yfinance,1d
2023-09-14,0.00015700000221841037,0.00015999999595806003,0.00015700000221841037,0.00015900000289548188,12,UNI-USD,CRYPTO,yfinance,1d
2023-09-15,0.00015900000289548188,0.0001610000035725534,0.00015799999528098851,0.00015999999595806003,12,UNI-USD,CRYPTO,yfinance,1d
2023-09-16,0.00015999999595806003,0.0001610000035725534,0.00015900000289548188,0.00015900000289548188,12,UNI-USD,CRYPTO,yfinance,1d
2023-09-17,0.00015900000289548188,0.00015999999595806003,0.00015900000289548188,0.00015900000289548188,12,UNI-USD,CRYPTO,yfinance,1d
2023-09-18,0.00015900000289548188,0.00016399999731220305,0.00015900000289548188,0.0001610000035725534,12,UNI-USD,CRYPTO,yfinance,1d
2023-09-19,0.0001610000035725534,0.00016500000492669642,0.00015999999595806003,0.0001630000042496249,12,UNI-USD,CRYPTO,yfinance,1d
2023-09-20,0.0001630000042496249,0.00016399999731220305,0.0001610000035725534,0.0001630000042496249,12,UNI-USD,CRYPTO,yfinance,1d
2023-09-21,0.0001630000042496249,0.0001630000042496249,0.00015900000289548188,0.00015900000289548188,12,UNI-USD,CRYPTO,yfinance,1d
2023-09-22,0.00015900000289548188,0.00015999999595806003,0.00015900000289548188,0.00015999999595806003,12,UNI-USD,CRYPTO,yfinance,1d
2023-09-23,0.00015999999595806003,0.00015999999595806003,0.00015900000289548188,0.00015999999595806003,12,UNI-USD,CRYPTO,yfinance,1d
2023-09-24,0.00015999999595806003,0.00015999999595806003,0.00015799999528098851,0.00015799999528098851,12,UNI-USD,CRYPTO,yfinance,1d
2023-09-25,0.00015799999528098851,0.00015799999528098851,0.000155999994603917,0.00015799999528098851,12,UNI-USD,CRYPTO,yfinance,1d
2023-09-26,0.00015799999528098851,0.00015799999528098851,0.00015700000221841037,0.00015700000221841037,12,UNI-USD,CRYPTO,yfinance,1d
2023-09-27,0.00015700000221841037,0.0001610000035725534,0.00015700000221841037,0.00015799999528098851,12,UNI-USD,CRYPTO,yfinance,1d
2023-09-28,0.00015799999528098851,0.0001630000042496249,0.00015799999528098851,0.00016199999663513154,12,UNI-USD,CRYPTO,yfinance,1d
2023-09-29,0.00016199999663513154,0.0001630000042496249,0.0001610000035725534,0.00016199999663513154,12,UNI-USD,CRYPTO,yfinance,1d
2023-09-30,0.00016199999663513154,0.0001630000042496249,0.0001610000035725534,0.00016199999663513154,12,UNI-USD,CRYPTO,yfinance,1d
2023-10-01,0.00016199999663513154,0.00016799999866634607,0.00016199999663513154,0.00016799999866634607,12,UNI-USD,CRYPTO,yfinance,1d
2023-10-02,0.00016799999866634607,0.00017100000695791095,0.00016500000492669642,0.00016500000492669642,12,UNI-USD,CRYPTO,yfinance,1d
2023-10-03,0.00016500000492669642,0.00016599999798927456,0.0001630000042496249,0.00016500000492669642,12,UNI-USD,CRYPTO,yfinance,1d
2023-10-04,0.00016500000492669642,0.00016700000560376793,0.00016399999731220305,0.00016700000560376793,12,UNI-USD,CRYPTO,yfinance,1d
2023-10-05,0.00016700000560376793,0.00016799999866634607,0.00016399999731220305,0.00016500000492669642,12,UNI-USD,CRYPTO,yfinance,1d
2023-10-06,0.00016500000492669642,0.00016900000628083944,0.00016399999731220305,0.00016799999866634607,12,UNI-USD,CRYPTO,yfinance,1d
2023-10-07,0.00016799999866634607,0.00016799999866634607,0.00016700000560376793,0.00016799999866634607,12,UNI-USD,CRYPTO,yfinance,1d
2023-10-08,0.00016799999866634607,0.00016900000628083944,0.00016700000560376793,0.00016799999866634607,12,UNI-USD,CRYPTO,yfinance,1d
2023-10-09,0.00016799999866634607,0.00016799999866634607,0.00016399999731220305,0.00016599999798927456,12,UNI-USD,CRYPTO,yfinance,1d
2023-10-10,0.00016599999798927456,0.00016599999798927456,0.00016399999731220305,0.00016399999731220305,12,UNI-USD,CRYPTO,yfinance,1d
2023-10-11,0.00016399999731220305,0.00016500000492669642,0.00015999999595806003,0.0001610000035725534,12,UNI-USD,CRYPTO,yfinance,1d
2023-10-12,0.0001610000035725534,0.00016199999663513154,0.00015999999595806003,0.0001610000035725534,12,UNI-USD,CRYPTO,yfinance,1d
2023-10-13,0.0001610000035725534,0.0001630000042496249,0.00015999999595806003,0.0001610000035725534,12,UNI-USD,CRYPTO,yfinance,1d
2023-10-14,0.0001610000035725534,0.00016199999663513154,0.0001610000035725534,0.0001610000035725534,12,UNI-USD,CRYPTO,yfinance,1d
2023-10-15,0.0001610000035725534,0.00016399999731220305,0.0001610000035725534,0.0001630000042496249,12,UNI-USD,CRYPTO,yfinance,1d
2023-10-16,0.0001630000042496249,0.00017600000137463212,0.0001630000042496249,0.00017100000695791095,13,UNI-USD,CRYPTO,yfinance,1d
2023-10-17,0.00017100000695791095,0.0001720000000204891,0.00016900000628083944,0.00017100000695791095,13,UNI-USD,CRYPTO,yfinance,1d
2023-10-18,0.00017100000695791095,0.00017299999308306724,0.00016900000628083944,0.00016999999934341758,13,UNI-USD,CRYPTO,yfinance,1d
2023-10-19,0.00016999999934341758,0.00017299999308306724,0.00016900000628083944,0.0001720000000204891,13,UNI-USD,CRYPTO,yfinance,1d
2023-10-20,0.0001720000000204891,0.00018000000272877514,0.0001720000000204891,0.00017800000205170363,13,UNI-USD,CRYPTO,yfinance,1d
2023-10-21,0.00017800000205170363,0.00018099999579135329,0.00017699999443721026,0.00018000000272877514,13,UNI-USD,CRYPTO,yfinance,1d
2023-10-22,0.00018000000272877514,0.00018099999579135329,0.00017899999511428177,0.00018000000272877514,13,UNI-USD,CRYPTO,yfinance,1d
2023-10-23,0.00018099999579135329,0.00020399999630171806,0.00018099999579135329,0.00019799999427050352,15,UNI-USD,CRYPTO,yfinance,1d
2023-10-24,0.00019799999427050352,0.0002099999983329326,0.00019700000120792538,0.00020300000323913991,15,UNI-USD,CRYPTO,yfinance,1d
2023-10-25,0.00020300000323913991,0.0002099999983329326,0.00020300000323913991,0.00020700000459328294,15,UNI-USD,CRYPTO,yfinance,1d
2023-10-26,0.00020700000459328294,0.00020900000527035445,0.00020300000323913991,0.00020500000391621143,15,UNI-USD,CRYPTO,yfinance,1d
2023-10-27,0.00020500000391621143,0.00020500000391621143,0.0002010000025620684,0.00020300000323913991,15,UNI-USD,CRYPTO,yfinance,1d
2023-10-28,0.00020300000323913991,0.00020599999697878957,0.00020300000323913991,0.00020500000391621143,15,UNI-USD,CRYPTO,yfinance,1d
2023-10-29,0.00020500000391621143,0.00020799999765586108,0.00020399999630171806,0.00020700000459328294,15,UNI-USD,CRYPTO,yfinance,1d
2023-10-30,0.00020700000459328294,0.00020900000527035445,0.00020500000391621143,0.00020700000459328294,15,UNI-USD,CRYPTO,yfinance,1d
2023-10-31,0.00020700000459328294,0.00020799999765586108,0.00020500000391621143,0.00020799999765586108,15,UNI-USD,CRYPTO,yfinance,1d
2023-11-01,0.00020799999765586108,0.00021300000662449747,0.00020500000391621143,0.00021300000662449747,16,UNI-USD,CRYPTO,yfinance,1d
2023-11-02,0.00021300000662449747,0.00021499999274965376,0.00020700000459328294,0.0002099999983329326,16,UNI-USD,CRYPTO,yfinance,1d
2023-11-03,0.0002099999983329326,0.0002099999983329326,0.00020500000391621143,0.00020799999765586108,15,UNI-USD,CRYPTO,yfinance,1d
2023-11-04,0.00020799999765586108,0.0002119999990100041,0.00020799999765586108,0.00021100000594742596,16,UNI-USD,CRYPTO,yfinance,1d
2023-11-05,0.00021100000594742596,0.0002119999990100041,0.00020799999765586108,0.0002099999983329326,16,UNI-USD,CRYPTO,yfinance,1d
2023-11-06,0.0002099999983329326,0.0002119999990100041,0.00020900000527035445,0.0002099999983329326,16,UNI-USD,CRYPTO,yfinance,1d
2023-11-07,0.0002099999983329326,0.00021499999274965376,0.00020799999765586108,0.00021300000662449747,16,UNI-USD,CRYPTO,yfinance,1d
2023-11-08,0.00021300000662449747,0.00021600000036414713,0.00021100000594742596,0.00021399999968707561,16,UNI-USD,CRYPTO,yfinance,1d
2023-11-09,0.00021399999968707561,0.00022699999681208283,0.00021399999968707561,0.00022000000171829015,16,UNI-USD,CRYPTO,yfinance,1d
2023-11-10,0.00022000000171829015,0.00022499999613501132,0.00021800000104121864,0.00022400000307243317,17,UNI-USD,CRYPTO,yfinance,1d
2023-11-11,0.00022400000307243317,0.00022400000307243317,0.0002209999947808683,0.0002229999954579398,17,UNI-USD,CRYPTO,yfinance,1d
2023-11-12,0.0002229999954579398,0.0002229999954579398,0.0002209999947808683,0.00022200000239536166,17,UNI-USD,CRYPTO,yfinance,1d
2023-11-13,0.00022200000239536166,0.00022400000307243317,0.00021899999410379678,0.00021899999410379678,16,UNI-USD,CRYPTO,yfinance,1d
2023-11-14,0.00021899999410379678,0.0002209999947808683,0.00021100000594742596,0.00021300000662449747,16,UNI-USD,CRYPTO,yfinance,1d
2023-11-15,0.00021300000662449747,0.00022699999681208283,0.0002119999990100041,0.00022699999681208283,17,UNI-USD,CRYPTO,yfinance,1d
2023-11-16,0.00022699999681208283,0.00022699999681208283,0.00021399999968707561,0.00021699999342672527,16,UNI-USD,CRYPTO,yfinance,1d
2023-11-17,0.00021699999342672527,0.00022000000171829015,0.00021600000036414713,0.00021899999410379678,16,UNI-USD,CRYPTO,yfinance,1d
2023-11-18,0.00021899999410379678,0.0002209999947808683,0.00021699999342672527,0.00022000000171829015,16,UNI-USD,CRYPTO,yfinance,1d
2023-11-19,0.00022000000171829015,0.00022499999613501132,0.00021899999410379678,0.00022400000307243317,17,UNI-USD,CRYPTO,yfinance,1d
2023-11-20,0.00022400000307243317,0.00022600000374950469,0.00022200000239536166,0.00022499999613501132,17,UNI-USD,CRYPTO,yfinance,1d
2023-11-21,0.00022499999613501132,0.00022600000374950469,0.00021499999274965376,0.00021499999274965376,16,UNI-USD,CRYPTO,yfinance,1d
2023-11-22,0.00021499999274965376,0.00022699999681208283,0.00021499999274965376,0.00022499999613501132,17,UNI-USD,CRYPTO,yfinance,1d
2023-11-23,0.00022499999613501132,0.00022600000374950469,0.00022200000239536166,0.00022400000307243317,17,UNI-USD,CRYPTO,yfinance,1d
2023-11-24,0.00022400000307243317,0.0002300000051036477,0.00022400000307243317,0.00022699999681208283,17,UNI-USD,CRYPTO,yfinance,1d
2023-11-25,0.00022699999681208283,0.00022699999681208283,0.00022600000374950469,0.00022699999681208283,17,UNI-USD,CRYPTO,yfinance,1d
2023-11-26,0.00022699999681208283,0.00028700000257231295,0.0002229999954579398,0.0002849999873433262,8,UNI-USD,CRYPTO,yfinance,1d
2023-11-27,0.0002849999873433262,0.0013770000077784061,0.00027799999224953353,0.0013340000296011567,83,UNI-USD,CRYPTO,yfinance,1d
2023-11-28,0.0013340000296011567,0.001370999962091446,0.0013210000470280647,0.0013549999566748738,84,UNI-USD,CRYPTO,yfinance,1d
2023-11-29,0.0013549999566748738,0.0013719999697059393,0.001348000019788742,0.0013549999566748738,84,UNI-USD,CRYPTO,yfinance,1d
2023-11-30,0.0013549999566748738,0.0013650000328198075,0.001344999996945262,0.0013510000426322222,84,UNI-USD,CRYPTO,yfinance,1d
2023-12-01,0.0013510000426322222,0.0013920000055804849,0.0013470000121742487,0.0013859999598935246,86,UNI-USD,CRYPTO,yfinance,1d
2023-12-02,0.0013859999598935246,0.0014189999783411622,0.00019700000120792538,0.00019700000120792538,18,UNI-USD,CRYPTO,yfinance,1d
2023-12-03,0.00019700000120792538,0.00019999999494757503,0.00019700000120792538,0.00019999999494757503,18,UNI-USD,CRYPTO,yfinance,1d
2023-12-04,0.00019999999494757503,0.00021100000594742596,0.00019999999494757503,0.0002099999983329326,19,UNI-USD,CRYPTO,yfinance,1d
2023-12-05,0.0002099999983329326,0.00022200000239536166,0.00020700000459328294,0.0002209999947808683,20,UNI-USD,CRYPTO,yfinance,1d
2023-12-06,0.0002209999947808683,0.0002209999947808683,0.00021800000104121864,0.00021899999410379678,20,UNI-USD,CRYPTO,yfinance,1d
2023-12-07,0.00021899999410379678,0.00022000000171829015,0.00021499999274965376,0.00021699999342672527,19,UNI-USD,CRYPTO,yfinance,1d
2023-12-08,0.00021699999342672527,0.0002229999954579398,0.00021600000036414713,0.0002209999947808683,20,UNI-USD,CRYPTO,yfinance,1d
2023-12-09,0.0002209999947808683,0.00022200000239536166,0.00021800000104121864,0.00021899999410379678,20,UNI-USD,CRYPTO,yfinance,1d
2023-12-10,0.00021899999410379678,0.00022000000171829015,0.00021800000104121864,0.00021899999410379678,20,UNI-USD,CRYPTO,yfinance,1d
2023-12-11,0.00021899999410379678,0.00021899999410379678,0.00020199999562464654,0.00020599999697878957,19,UNI-USD,CRYPTO,yfinance,1d
2023-12-12,0.00020599999697878957,0.0002099999983329326,0.00020399999630171806,0.00020700000459328294,19,UNI-USD,CRYPTO,yfinance,1d
2023-12-13,0.00020700000459328294,0.00021699999342672527,0.00020399999630171806,0.00021499999274965376,19,UNI-USD,CRYPTO,yfinance,1d
2023-12-14,0.00021499999274965376,0.00021699999342672527,0.0002099999983329326,0.00021499999274965376,19,UNI-USD,CRYPTO,yfinance,1d
2023-12-15,0.00021499999274965376,0.00021499999274965376,0.00020900000527035445,0.0002099999983329326,19,UNI-USD,CRYPTO,yfinance,1d
2023-12-16,0.0002099999983329326,0.00021300000662449747,0.00020900000527035445,0.00021100000594742596,19,UNI-USD,CRYPTO,yfinance,1d
2023-12-17,0.00021100000594742596,0.0002119999990100041,0.00020700000459328294,0.00020700000459328294,19,UNI-USD,CRYPTO,yfinance,1d
2023-12-18,0.00020700000459328294,0.00021300000662449747,0.00020300000323913991,0.00021300000662449747,19,UNI-USD,CRYPTO,yfinance,1d
2023-12-19,0.00021300000662449747,0.00021600000036414713,0.00020900000527035445,0.0002119999990100041,19,UNI-USD,CRYPTO,yfinance,1d
2023-12-20,0.0002119999990100041,0.0002209999947808683,0.00021100000594742596,0.00021800000104121864,20,UNI-USD,CRYPTO,yfinance,1d
2023-12-21,0.00021800000104121864,0.0002209999947808683,0.00021699999342672527,0.00021899999410379678,20,UNI-USD,CRYPTO,yfinance,1d
2023-12-22,0.00021899999410379678,0.00022200000239536166,0.00021699999342672527,0.00022000000171829015,20,UNI-USD,CRYPTO,yfinance,1d
2023-12-23,0.00022000000171829015,0.00022000000171829015,0.00021699999342672527,0.00021899999410379678,20,UNI-USD,CRYPTO,yfinance,1d
2023-12-24,0.00021899999410379678,0.00022000000171829015,0.00021399999968707561,0.00021499999274965376,19,UNI-USD,CRYPTO,yfinance,1d
2023-12-25,0.00021499999274965376,0.00021899999410379678,0.00021399999968707561,0.00021800000104121864,20,UNI-USD,CRYPTO,yfinance,1d
2023-12-26,0.00021800000104121864,0.00021800000104121864,0.00020900000527035445,0.00021300000662449747,19,UNI-USD,CRYPTO,yfinance,1d
2023-12-27,0.00021300000662449747,0.00021800000104121864,0.00021100000594742596,0.00021699999342672527,19,UNI-USD,CRYPTO,yfinance,1d
2023-12-28,0.00021699999342672527,0.00021899999410379678,0.0002119999990100041,0.00021300000662449747,19,UNI-USD,CRYPTO,yfinance,1d
2023-12-29,0.00021300000662449747,0.00021499999274965376,0.00020799999765586108,0.00021100000594742596,19,UNI-USD,CRYPTO,yfinance,1d
2023-12-30,0.00021100000594742596,0.00021300000662449747,0.00020799999765586108,0.00021100000594742596,19,UNI-USD,CRYPTO,yfinance,1d
2023-12-31,0.00021100000594742596,0.00021399999968707561,0.0002099999983329326,0.00021100000594742596,19,UNI-USD,CRYPTO,yfinance,1d
2024-01-01,0.0002119999990100041,0.0002209999947808683,0.00021100000594742596,0.0002209999947808683,20,UNI-USD,CRYPTO,yfinance,1d
2024-01-02,0.0002209999947808683,0.00022899999748915434,0.0002209999947808683,0.00022499999613501132,20,UNI-USD,CRYPTO,yfinance,1d
2024-01-03,0.00022499999613501132,0.00022699999681208283,0.00020900000527035445,0.00021399999968707561,19,UNI-USD,CRYPTO,yfinance,1d
2024-01-04,0.00021399999968707561,0.00022400000307243317,0.00021399999968707561,0.0002209999947808683,20,UNI-USD,CRYPTO,yfinance,1d
2024-01-05,0.0002209999947808683,0.00022200000239536166,0.00021600000036414713,0.0002209999947808683,20,UNI-USD,CRYPTO,yfinance,1d
2024-01-06,0.0002209999947808683,0.0002209999947808683,0.00021699999342672527,0.00022000000171829015,20,UNI-USD,CRYPTO,yfinance,1d
2024-01-07,0.00022000000171829015,0.00022200000239536166,0.00021800000104121864,0.00022000000171829015,20,UNI-USD,CRYPTO,yfinance,1d
2024-01-08,0.00022000000171829015,0.00023600000713486224,0.00021600000036414713,0.00023499999952036887,21,UNI-USD,CRYPTO,yfinance,1d
2024-01-09,0.00023499999952036887,0.00024300000222865492,0.00018600000475998968,0.00018899999849963933,60,UNI-USD,CRYPTO,yfinance,1d
2024-01-10,0.00018899999849963933,0.00019500000053085387,0.00018400000408291817,0.00019099999917671084,61,UNI-USD,CRYPTO,yfinance,1d
2024-01-11,0.00019099999917671084,0.00019999999494757503,0.00018699999782256782,0.0001900000061141327,61,UNI-USD,CRYPTO,yfinance,1d
2024-01-12,0.0001900000061141327,0.00019099999917671084,0.0001720000000204891,0.00017600000137463212,56,UNI-USD,CRYPTO,yfinance,1d
2024-01-13,0.00017600000137463212,0.00017699999443721026,0.0001740000006975606,0.00017600000137463212,56,UNI-USD,CRYPTO,yfinance,1d
2024-01-14,0.00017600000137463212,0.00017699999443721026,0.00017100000695791095,0.00017100000695791095,55,UNI-USD,CRYPTO,yfinance,1d
2024-01-15,0.00017100000695791095,0.00017800000205170363,0.00017100000695791095,0.0001740000006975606,56,UNI-USD,CRYPTO,yfinance,1d
2024-01-16,0.0001740000006975606,0.00017899999511428177,0.00017299999308306724,0.00017699999443721026,56,UNI-USD,CRYPTO,yfinance,1d
2024-01-17,0.00017699999443721026,0.00017699999443721026,0.00017299999308306724,0.00017499999376013875,56,UNI-USD,CRYPTO,yfinance,1d
2024-01-18,0.00017499999376013875,0.00017600000137463212,0.00016700000560376793,0.00016900000628083944,54,UNI-USD,CRYPTO,yfinance,1d
2024-01-19,0.00016900000628083944,0.00017299999308306724,0.00016500000492669642,0.00017100000695791095,55,UNI-USD,CRYPTO,yfinance,1d
2024-01-20,0.00017100000695791095,0.0001720000000204891,0.00016999999934341758,0.00017100000695791095,55,UNI-USD,CRYPTO,yfinance,1d
2024-01-21,0.00017100000695791095,0.0001720000000204891,0.00016999999934341758,0.00016999999934341758,54,UNI-USD,CRYPTO,yfinance,1d
2024-01-22,0.00016999999934341758,0.00017100000695791095,0.00016199999663513154,0.00016199999663513154,52,UNI-USD,CRYPTO,yfinance,1d
2024-01-23,0.00016199999663513154,0.00016500000492669642,0.00015799999528098851,0.0001630000042496249,52,UNI-USD,CRYPTO,yfinance,1d
2024-01-24,0.0001630000042496249,0.00016599999798927456,0.00016199999663513154,0.00016399999731220305,53,UNI-USD,CRYPTO,yfinance,1d
2024-01-25,0.00016399999731220305,0.00016500000492669642,0.00016199999663513154,0.00016399999731220305,10,UNI-USD,CRYPTO,yfinance,1d
2024-01-26,0.00016399999731220305,0.0001720000000204891,0.0001630000042496249,0.00017100000695791095,11,UNI-USD,CRYPTO,yfinance,1d
2024-01-27,0.00017100000695791095,0.00017299999308306724,0.00016999999934341758,0.00017299999308306724,11,UNI-USD,CRYPTO,yfinance,1d
2024-01-28,0.00017299999308306724,0.00017499999376013875,0.00017100000695791095,0.0001720000000204891,11,UNI-USD,CRYPTO,yfinance,1d
2024-01-29,0.0001720000000204891,0.00017800000205170363,0.0001720000000204891,0.00017699999443721026,11,UNI-USD,CRYPTO,yfinance,1d
2024-01-30,0.00017699999443721026,0.00018000000272877514,0.00017499999376013875,0.00017600000137463212,11,UNI-USD,CRYPTO,yfinance,1d
2024-01-31,0.00017600000137463212,0.00017899999511428177,0.0001740000006975606,0.00017499999376013875,11,UNI-USD,CRYPTO,yfinance,1d
2024-02-01,0.00017499999376013875,0.00017699999443721026,0.0001720000000204891,0.00017699999443721026,11,UNI-USD,CRYPTO,yfinance,1d
2024-02-02,0.00017699999443721026,0.00017800000205170363,0.00017499999376013875,0.00017699999443721026,11,UNI-USD,CRYPTO,yfinance,1d
2024-02-03,0.00017699999443721026,0.00017800000205170363,0.00017600000137463212,0.00017600000137463212,11,UNI-USD,CRYPTO,yfinance,1d
2024-02-04,0.00017600000137463212,0.00017699999443721026,0.0001740000006975606,0.00017499999376013875,11,UNI-USD,CRYPTO,yfinance,1d
2024-02-05,0.00017499999376013875,0.00017800000205170363,0.00017299999308306724,0.00017499999376013875,11,UNI-USD,CRYPTO,yfinance,1d
2024-02-06,0.00017499999376013875,0.00017800000205170363,0.0001740000006975606,0.00017699999443721026,11,UNI-USD,CRYPTO,yfinance,1d
2024-02-07,0.00017699999443721026,0.00018200000340584666,0.00017499999376013875,0.00018200000340584666,12,UNI-USD,CRYPTO,yfinance,1d
2024-02-08,0.00018200000340584666,0.00018699999782256782,0.00018200000340584666,0.00018600000475998968,12,UNI-USD,CRYPTO,yfinance,1d
2024-02-09,0.00018600000475998968,0.00019700000120792538,0.00018600000475998968,0.00019299999985378236,12,UNI-USD,CRYPTO,yfinance,1d
2024-02-10,0.00019299999985378236,0.00019700000120792538,0.00019200000679120421,0.000195999993593432,13,UNI-USD,CRYPTO,yfinance,1d
2024-02-11,0.000195999993593432,0.0001990000018849969,0.00019500000053085387,0.00019799999427050352,13,UNI-USD,CRYPTO,yfinance,1d
2024-02-12,0.00019799999427050352,0.00020599999697878957,0.000195999993593432,0.00020500000391621143,22,UNI-USD,CRYPTO,yfinance,1d
2024-02-13,0.00020500000391621143,0.00020599999697878957,0.0001990000018849969,0.00020399999630171806,22,UNI-USD,CRYPTO,yfinance,1d
2024-02-14,0.00020399999630171806,0.00021300000662449747,0.00020199999562464654,0.00021300000662449747,23,UNI-USD,CRYPTO,yfinance,1d
2024-02-15,0.00021300000662449747,0.00021600000036414713,0.00021100000594742596,0.00021300000662449747,23,UNI-USD,CRYPTO,yfinance,1d
2024-02-16,0.00021300000662449747,0.00021499999274965376,0.0002119999990100041,0.00021399999968707561,7,UNI-USD,CRYPTO,yfinance,1d
2024-02-17,0.00021399999968707561,0.00021399999968707561,0.00020799999765586108,0.0002119999990100041,7,UNI-USD,CRYPTO,yfinance,1d
2024-02-18,0.0002119999990100041,0.00021499999274965376,0.0002099999983329326,0.00021399999968707561,7,UNI-USD,CRYPTO,yfinance,1d
2024-02-19,0.00021399999968707561,0.00021499999274965376,0.0002119999990100041,0.0002119999990100041,7,UNI-USD,CRYPTO,yfinance,1d
2024-02-20,0.0002119999990100041,0.00021699999342672527,0.00020900000527035445,0.00021399999968707561,7,UNI-USD,CRYPTO,yfinance,1d
2024-02-21,0.00021399999968707561,0.00021499999274965376,0.00020799999765586108,0.00021300000662449747,7,UNI-USD,CRYPTO,yfinance,1d
2024-02-22,0.00021300000662449747,0.00021300000662449747,0.00020900000527035445,0.0002099999983329326,7,UNI-USD,CRYPTO,yfinance,1d
2024-02-23,0.0002099999983329326,0.00021100000594742596,0.00020799999765586108,0.00020799999765586108,0,UNI-USD,CRYPTO,yfinance,1d
2024-02-24,0.00020799999765586108,0.0002119999990100041,0.00020700000459328294,0.00021100000594742596,7,UNI-USD,CRYPTO,yfinance,1d
2024-02-25,0.00021100000594742596,0.00021300000662449747,0.0002099999983329326,0.0002119999990100041,7,UNI-USD,CRYPTO,yfinance,1d
2024-02-26,0.0002119999990100041,0.00022499999613501132,0.00020900000527035445,0.0002229999954579398,8,UNI-USD,CRYPTO,yfinance,1d
2024-02-27,0.0002229999954579398,0.00023600000713486224,0.0002229999954579398,0.00023400000645779073,8,UNI-USD,CRYPTO,yfinance,1d
2024-02-28,0.00023400000645779073,0.0004070000140927732,0.00023299999884329736,0.00040600000647827983,7,UNI-USD,CRYPTO,yfinance,1d
2024-02-29,0.00040600000647827983,0.00040600000647827983,0.00025400001322850585,0.0002699999895412475,39,UNI-USD,CRYPTO,yfinance,1d
2024-03-01,0.0002699999895412475,0.00027799999224953353,0.0002680000034160912,0.0002749999985098839,39,UNI-USD,CRYPTO,yfinance,1d
2024-03-02,0.0002749999985098839,0.0002749999985098839,0.00027099999715574086,0.0002730000123847276,39,UNI-USD,CRYPTO,yfinance,1d
2024-03-03,0.0002730000123847276,0.00027799999224953353,0.0002699999895412475,0.00027799999224953353,40,UNI-USD,CRYPTO,yfinance,1d
2024-03-04,0.00027799999224953353,0.0003009999927598983,0.00027600000612437725,0.0003009999927598983,43,UNI-USD,CRYPTO,yfinance,1d
2024-03-05,0.0003009999927598983,0.00030300000798888505,0.0001829999964684248,0.00019200000679120421,98,UNI-USD,CRYPTO,yfinance,1d
2024-03-06,0.00019200000679120421,0.00020300000323913991,0.00018899999849963933,0.00019799999427050352,102,UNI-USD,CRYPTO,yfinance,1d
2024-03-07,0.00019799999427050352,0.00021800000104121864,0.00019700000120792538,0.00021399999968707561,9,UNI-USD,CRYPTO,yfinance,1d
2024-03-08,0.00021399999968707561,0.0002229999954579398,0.0002119999990100041,0.00021899999410379678,9,UNI-USD,CRYPTO,yfinance,1d
2024-03-09,0.00021899999410379678,0.00022000000171829015,0.00021800000104121864,0.00021899999410379678,9,UNI-USD,CRYPTO,yfinance,1d
2024-03-10,0.00021899999410379678,0.00022400000307243317,0.00021899999410379678,0.00022000000171829015,9,UNI-USD,CRYPTO,yfinance,1d
2024-03-11,0.00022000000171829015,0.00023299999884329736,0.00021699999342672527,0.00023099999816622585,9,UNI-USD,CRYPTO,yfinance,1d
2024-03-12,0.00023099999816622585,0.00023200000578071922,0.00022200000239536166,0.00022899999748915434,9,UNI-USD,CRYPTO,yfinance,1d
2024-03-13,0.00022899999748915434,0.00023600000713486224,0.0002280000044265762,0.00023400000645779073,9,UNI-USD,CRYPTO,yfinance,1d
2024-03-14,0.00023400000645779073,0.00023600000713486224,0.00022000000171829015,0.00022899999748915434,9,UNI-USD,CRYPTO,yfinance,1d
2024-03-15,0.00022899999748915434,0.00023099999816622585,0.0002119999990100041,0.00022200000239536166,9,UNI-USD,CRYPTO,yfinance,1d
2024-03-16,0.00022200000239536166,0.00022400000307243317,0.00020799999765586108,0.00020900000527035445,8,UNI-USD,CRYPTO,yfinance,1d
2024-03-17,0.00020900000527035445,0.00022000000171829015,0.00020700000459328294,0.00021899999410379678,9,UNI-USD,CRYPTO,yfinance,1d
2024-03-18,0.00021899999410379678,0.00022000000171829015,0.00021300000662449747,0.00021699999342672527,9,UNI-USD,CRYPTO,yfinance,1d
2024-03-19,0.00021699999342672527,0.00021800000104121864,0.00019700000120792538,0.00019799999427050352,8,UNI-USD,CRYPTO,yfinance,1d
2024-03-20,0.00019799999427050352,0.00021800000104121864,0.00019500000053085387,0.00021699999342672527,9,UNI-USD,CRYPTO,yfinance,1d
2024-03-21,0.00021699999342672527,0.00021800000104121864,0.00020799999765586108,0.0002099999983329326,8,UNI-USD,CRYPTO,yfinance,1d
2024-03-22,0.0002099999983329326,0.00021300000662449747,0.00019999999494757503,0.00020300000323913991,8,UNI-USD,CRYPTO,yfinance,1d
2024-03-23,0.00020300000323913991,0.00021100000594742596,0.00020199999562464654,0.00020500000391621143,8,UNI-USD,CRYPTO,yfinance,1d
2024-03-24,0.00020500000391621143,0.00021600000036414713,0.00020399999630171806,0.00021499999274965376,9,UNI-USD,CRYPTO,yfinance,1d
2024-03-25,0.00021499999274965376,0.00022699999681208283,0.00021300000662449747,0.00022400000307243317,9,UNI-USD,CRYPTO,yfinance,1d
2024-03-26,0.00022400000307243317,0.00022899999748915434,0.00022200000239536166,0.00022400000307243317,9,UNI-USD,CRYPTO,yfinance,1d
2024-03-27,0.00022400000307243317,0.00022899999748915434,0.00021899999410379678,0.0002229999954579398,9,UNI-USD,CRYPTO,yfinance,1d
2024-03-28,0.0002229999954579398,0.00022899999748915434,0.0002209999947808683,0.00022600000374950469,9,UNI-USD,CRYPTO,yfinance,1d
2024-03-29,0.00022600000374950469,0.00022699999681208283,0.0002209999947808683,0.00022400000307243317,9,UNI-USD,CRYPTO,yfinance,1d
2024-03-30,0.00022400000307243317,0.00022499999613501132,0.0002229999954579398,0.0002229999954579398,9,UNI-USD,CRYPTO,yfinance,1d
2024-03-31,0.0002229999954579398,0.0002280000044265762,0.0002229999954579398,0.0002280000044265762,9,UNI-USD,CRYPTO,yfinance,1d
2024-04-01,0.0002280000044265762,0.0002280000044265762,0.00021800000104121864,0.0002229999954579398,9,UNI-USD,CRYPTO,yfinance,1d
2024-04-02,0.0002229999954579398,0.0002229999954579398,0.00020700000459328294,0.00020900000527035445,8,UNI-USD,CRYPTO,yfinance,1d
2024-04-03,0.00020900000527035445,0.00021399999968707561,0.00020700000459328294,0.00021100000594742596,9,UNI-USD,CRYPTO,yfinance,1d
2024-04-04,0.00021100000594742596,0.0002209999947808683,0.00020799999765586108,0.00021899999410379678,9,UNI-USD,CRYPTO,yfinance,1d
2024-04-05,0.00021899999410379678,0.00022000000171829015,0.0002119999990100041,0.00021699999342672527,9,UNI-USD,CRYPTO,yfinance,1d
2024-04-06,0.00021699999342672527,0.0002229999954579398,0.00021600000036414713,0.0002209999947808683,9,UNI-USD,CRYPTO,yfinance,1d
2024-04-07,0.0002209999947808683,0.00022499999613501132,0.00022000000171829015,0.00022200000239536166,9,UNI-USD,CRYPTO,yfinance,1d
2024-04-08,0.00022200000239536166,0.00026699999580159783,0.0002209999947808683,0.00026500000967644155,8,UNI-USD,CRYPTO,yfinance,1d
2024-04-09,0.00026500000967644155,0.0018019999843090773,0.00020700000459328294,0.00020799999765586108,334,UNI-USD,CRYPTO,yfinance,1d
2024-04-10,0.00020799999765586108,0.0018119999440386891,0.00020399999630171806,0.0002119999990100041,18,UNI-USD,CRYPTO,yfinance,1d
2024-04-11,0.0002119999990100041,0.00021399999968707561,0.00020900000527035445,0.0002099999983329326,18,UNI-USD,CRYPTO,yfinance,1d
2024-04-12,0.0002099999983329326,0.00021399999968707561,0.00019799999427050352,0.00020199999562464654,17,UNI-USD,CRYPTO,yfinance,1d
2024-04-13,0.00020199999562464654,0.00020399999630171806,0.0001849999971454963,0.00019200000679120421,17,UNI-USD,CRYPTO,yfinance,1d
2024-04-14,0.00019200000679120421,0.00019700000120792538,0.00018699999782256782,0.00019700000120792538,17,UNI-USD,CRYPTO,yfinance,1d
2024-04-15,0.00019700000120792538,0.00019999999494757503,0.0001880000054370612,0.0001900000061141327,16,UNI-USD,CRYPTO,yfinance,1d
2024-04-16,0.0001900000061141327,0.00019299999985378236,0.0001849999971454963,0.00019099999917671084,16,UNI-USD,CRYPTO,yfinance,1d
2024-04-17,0.00019099999917671084,0.00019299999985378236,0.00018000000272877514,0.00018400000408291817,16,UNI-USD,CRYPTO,yfinance,1d
2024-04-18,0.00018400000408291817,0.00019200000679120421,0.0001829999964684248,0.0001900000061141327,16,UNI-USD,CRYPTO,yfinance,1d
2024-04-19,0.0001900000061141327,0.000195999993593432,0.00018000000272877514,0.00019200000679120421,17,UNI-USD,CRYPTO,yfinance,1d
2024-04-20,0.00019200000679120421,0.000195999993593432,0.0001900000061141327,0.00019500000053085387,17,UNI-USD,CRYPTO,yfinance,1d
2024-04-21,0.00019500000053085387,0.00019700000120792538,0.00019299999985378236,0.00019500000053085387,17,UNI-USD,CRYPTO,yfinance,1d
2024-04-22,0.00019500000053085387,0.00020199999562464654,0.0001939999929163605,0.00019999999494757503,17,UNI-USD,CRYPTO,yfinance,1d
2024-04-23,0.00019999999494757503,0.00020199999562464654,0.00019799999427050352,0.00019999999494757503,13,UNI-USD,CRYPTO,yfinance,1d
2024-04-24,0.00019999999494757503,0.00020199999562464654,0.00019200000679120421,0.00019299999985378236,13,UNI-USD,CRYPTO,yfinance,1d
2024-04-25,0.00019299999985378236,0.000195999993593432,0.00018899999849963933,0.0001939999929163605,13,UNI-USD,CRYPTO,yfinance,1d
2024-04-26,0.0001939999929163605,0.00019500000053085387,0.00019099999917671084,0.00019200000679120421,13,UNI-USD,CRYPTO,yfinance,1d
2024-04-27,0.00019200000679120421,0.00019200000679120421,0.0001880000054370612,0.0001900000061141327,9,UNI-USD,CRYPTO,yfinance,1d
2024-04-28,0.0001900000061141327,0.00019299999985378236,0.00018899999849963933,0.00018899999849963933,35,UNI-USD,CRYPTO,yfinance,1d
2024-04-29,0.00018899999849963933,0.00019200000679120421,0.00018600000475998968,0.00019099999917671084,35,UNI-USD,CRYPTO,yfinance,1d
2024-04-30,0.00019099999917671084,0.0001939999929163605,0.00017899999511428177,0.00018200000340584666,33,UNI-USD,CRYPTO,yfinance,1d
2024-05-01,0.00018200000340584666,0.00018200000340584666,0.00016999999934341758,0.00017499999376013875,32,UNI-USD,CRYPTO,yfinance,1d
2024-05-02,0.00017499999376013875,0.00017899999511428177,0.00017100000695791095,0.00017699999443721026,32,UNI-USD,CRYPTO,yfinance,1d
2024-05-03,0.00017699999443721026,0.0001900000061141327,0.00017699999443721026,0.00018899999849963933,34,UNI-USD,CRYPTO,yfinance,1d
2024-05-04,0.00018899999849963933,0.00019299999985378236,0.0001880000054370612,0.00019200000679120421,35,UNI-USD,CRYPTO,yfinance,1d
2024-05-05,0.00019200000679120421,0.0001939999929163605,0.00018899999849963933,0.00019200000679120421,35,UNI-USD,CRYPTO,yfinance,1d
2024-05-06,0.00019200000679120421,0.000195999993593432,0.00018899999849963933,0.0001900000061141327,35,UNI-USD,CRYPTO,yfinance,1d
2024-05-07,0.0001900000061141327,0.00019299999985378236,0.00018699999782256782,0.00018699999782256782,34,UNI-USD,CRYPTO,yfinance,1d
2024-05-08,0.00018699999782256782,0.00018899999849963933,0.0001829999964684248,0.00018400000408291817,33,UNI-USD,CRYPTO,yfinance,1d
2024-05-09,0.00018400000408291817,0.0001900000061141327,0.00018200000340584666,0.00018899999849963933,35,UNI-USD,CRYPTO,yfinance,1d
2024-05-10,0.00018899999849963933,0.0001900000061141327,0.00018099999579135329,0.00018200000340584666,33,UNI-USD,CRYPTO,yfinance,1d
2024-05-11,0.00018200000340584666,0.00018400000408291817,0.00018200000340584666,0.00018200000340584666,33,UNI-USD,CRYPTO,yfinance,1d
2024-05-12,0.00018200000340584666,0.0001849999971454963,0.00018200000340584666,0.0001849999971454963,34,UNI-USD,CRYPTO,yfinance,1d
2024-05-13,0.0001849999971454963,0.0001900000061141327,0.00018200000340584666,0.00018899999849963933,34,UNI-USD,CRYPTO,yfinance,1d
2024-05-14,0.00018899999849963933,0.00018899999849963933,0.0001829999964684248,0.0001849999971454963,34,UNI-USD,CRYPTO,yfinance,1d
2024-05-15,0.0001849999971454963,0.0001990000018849969,0.00018400000408291817,0.0001990000018849969,36,UNI-USD,CRYPTO,yfinance,1d
2024-05-16,0.0001990000018849969,0.00019999999494757503,0.0001939999929163605,0.000195999993593432,36,UNI-USD,CRYPTO,yfinance,1d
2024-05-17,0.000195999993593432,0.00020199999562464654,0.00019500000053085387,0.0002010000025620684,37,UNI-USD,CRYPTO,yfinance,1d
2024-05-18,0.0002010000025620684,0.00020199999562464654,0.00019999999494757503,0.0002010000025620684,37,UNI-USD,CRYPTO,yfinance,1d
2024-05-19,0.0002010000025620684,0.00020300000323913991,0.00019799999427050352,0.0001990000018849969,36,UNI-USD,CRYPTO,yfinance,1d
2024-05-20,0.0001990000018849969,0.00021399999968707561,0.00019799999427050352,0.00021399999968707561,39,UNI-USD,CRYPTO,yfinance,1d
2024-05-21,0.00021399999968707561,0.00021499999274965376,0.00020799999765586108,0.00021100000594742596,38,UNI-USD,CRYPTO,yfinance,1d
2024-05-22,0.00021100000594742596,0.0002119999990100041,0.00020700000459328294,0.00020799999765586108,38,UNI-USD,CRYPTO,yfinance,1d
2024-05-23,0.00020799999765586108,0.0002099999983329326,0.00019999999494757503,0.00020399999630171806,37,UNI-USD,CRYPTO,yfinance,1d
2024-05-24,0.00020399999630171806,0.0015899999998509884,0.00013699999544769526,0.00013699999544769526,49,UNI-USD,CRYPTO,yfinance,1d
2024-05-25,0.00013699999544769526,0.00013899999612476677,0.00013699999544769526,0.00013899999612476677,50,UNI-USD,CRYPTO,yfinance,1d
2024-05-26,0.00013899999612476677,0.00013899999612476677,0.00013699999544769526,0.00013699999544769526,49,UNI-USD,CRYPTO,yfinance,1d
2024-05-27,0.00013699999544769526,0.00014099999680183828,0.00013699999544769526,0.00013899999612476677,50,UNI-USD,CRYPTO,yfinance,1d
2024-05-28,0.00013899999612476677,0.00013899999612476677,0.00013499999477062374,0.00013699999544769526,49,UNI-USD,CRYPTO,yfinance,1d
2024-05-29,0.00013699999544769526,0.00013800000306218863,0.0001340000017080456,0.00013499999477062374,48,UNI-USD,CRYPTO,yfinance,1d
2024-05-30,0.00013499999477062374,0.00013899999612476677,0.0001340000017080456,0.00013699999544769526,49,UNI-USD,CRYPTO,yfinance,1d
2024-05-31,0.00013699999544769526,0.00013800000306218863,0.00013299999409355223,0.00013499999477062374,48,UNI-USD,CRYPTO,yfinance,1d
2024-06-01,0.00013499999477062374,0.00013600000238511711,0.00013499999477062374,0.00013499999477062374,49,UNI-USD,CRYPTO,yfinance,1d
2024-06-02,0.00013499999477062374,0.00013699999544769526,0.00013499999477062374,0.00013499999477062374,12,UNI-USD,CRYPTO,yfinance,1d
2024-06-03,0.00013499999477062374,0.00014000000373926014,0.00013499999477062374,0.00013800000306218863,13,UNI-USD,CRYPTO,yfinance,1d
2024-06-04,0.00013800000306218863,0.00014200000441633165,0.00013699999544769526,0.00014099999680183828,13,UNI-USD,CRYPTO,yfinance,1d
2024-06-05,0.00014099999680183828,0.0001429999974789098,0.00014099999680183828,0.00014200000441633165,13,UNI-USD,CRYPTO,yfinance,1d
2024-06-06,0.00014200000441633165,0.0001429999974789098,0.00014000000373926014,0.00014200000441633165,13,UNI-USD,CRYPTO,yfinance,1d
2024-06-07,0.00014200000441633165,0.00014400000509340316,0.00013699999544769526,0.00013899999612476677,13,UNI-USD,CRYPTO,yfinance,1d
2024-06-08,0.00013899999612476677,0.00013899999612476677,0.00013800000306218863,0.00013899999612476677,13,UNI-USD,CRYPTO,yfinance,1d
2024-06-09,0.00013899999612476677,0.00014000000373926014,0.00013800000306218863,0.00013899999612476677,13,UNI-USD,CRYPTO,yfinance,1d
2024-06-10,0.00013899999612476677,0.00014000000373926014,0.00013899999612476677,0.00013899999612476677,13,UNI-USD,CRYPTO,yfinance,1d
2024-06-11,0.00013899999612476677,0.00013899999612476677,0.0001320000010309741,0.00013499999477062374,12,UNI-USD,CRYPTO,yfinance,1d
2024-06-12,0.00013499999477062374,0.00014000000373926014,0.0001340000017080456,0.00013600000238511711,13,UNI-USD,CRYPTO,yfinance,1d
2024-06-13,0.00013600000238511711,0.00013699999544769526,0.00013299999409355223,0.0001340000017080456,12,UNI-USD,CRYPTO,yfinance,1d
2024-06-14,0.0001340000017080456,0.00013499999477062374,0.00013000000035390258,0.0001320000010309741,12,UNI-USD,CRYPTO,yfinance,1d
2024-06-15,0.0001320000010309741,0.00013299999409355223,0.0001320000010309741,0.0001320000010309741,12,UNI-USD,CRYPTO,yfinance,1d
2024-06-16,0.0001320000010309741,0.0001340000017080456,0.0001320000010309741,0.00013299999409355223,12,UNI-USD,CRYPTO,yfinance,1d
2024-06-17,0.00013299999409355223,0.0001340000017080456,0.00013000000035390258,0.00013299999409355223,12,UNI-USD,CRYPTO,yfinance,1d
2024-06-18,0.00013299999409355223,0.00013299999409355223,0.00012799999967683107,0.00013000000035390258,12,UNI-USD,CRYPTO,yfinance,1d
2024-06-19,0.00013000000035390258,0.00013099999341648072,0.0001289999927394092,0.00013000000035390258,12,UNI-USD,CRYPTO,yfinance,1d
2024-06-20,0.00013000000035390258,0.00013299999409355223,0.0001289999927394092,0.00013000000035390258,12,UNI-USD,CRYPTO,yfinance,1d
2024-06-21,0.00013000000035390258,0.00013000000035390258,0.00012700000661425292,0.00012799999967683107,12,UNI-USD,CRYPTO,yfinance,1d
2024-06-22,0.00012799999967683107,0.0001289999927394092,0.00012799999967683107,0.0001289999927394092,12,UNI-USD,CRYPTO,yfinance,1d
2024-06-23,0.0001289999927394092,0.0001289999927394092,0.00012599999899975955,0.00012599999899975955,12,UNI-USD,CRYPTO,yfinance,1d
2024-06-24,0.00012599999899975955,0.00012700000661425292,0.00011700000322889537,0.00012099999730708078,11,UNI-USD,CRYPTO,yfinance,1d
2024-06-25,0.00012099999730708078,0.00012399999832268804,0.00011999999696854502,0.00012399999832268804,11,UNI-USD,CRYPTO,yfinance,1d
2024-06-26,0.00012399999832268804,0.0001250000059371814,0.00012099999730708078,0.00012199999764561653,11,UNI-USD,CRYPTO,yfinance,1d
2024-06-27,0.00012199999764561653,0.0001250000059371814,0.00012099999730708078,0.0001230000052601099,11,UNI-USD,CRYPTO,yfinance,1d
2024-06-28,0.0001230000052601099,0.00012399999832268804,0.00011999999696854502,0.00012099999730708078,11,UNI-USD,CRYPTO,yfinance,1d
2024-06-29,0.00012099999730708078,0.00012199999764561653,0.00012099999730708078,0.00012199999764561653,11,UNI-USD,CRYPTO,yfinance,1d
2024-06-30,0.00012199999764561653,0.00012599999899975955,0.00012099999730708078,0.0001250000059371814,12,UNI-USD,CRYPTO,yfinance,1d
2024-07-01,0.0001250000059371814,0.00012799999967683107,0.0001250000059371814,0.00012599999899975955,12,UNI-USD,CRYPTO,yfinance,1d
2024-07-02,0.00012599999899975955,0.00012599999899975955,0.0001230000052601099,0.00012399999832268804,11,UNI-USD,CRYPTO,yfinance,1d
2024-07-03,0.00012399999832268804,0.00012399999832268804,0.00011899999663000926,0.00011999999696854502,11,UNI-USD,CRYPTO,yfinance,1d
2024-07-04,0.00011999999696854502,0.00012099999730708078,0.0001140000022132881,0.0001140000022132881,11,UNI-USD,CRYPTO,yfinance,1d
2024-07-05,0.0001140000022132881,0.00011500000255182385,0.00010800000018207356,0.00011300000187475234,10,UNI-USD,CRYPTO,yfinance,1d
2024-07-06,0.00011300000187475234,0.00011700000322889537,0.00011200000153621659,0.00011700000322889537,11,UNI-USD,CRYPTO,yfinance,1d
2024-07-07,0.00011700000322889537,0.00011700000322889537,0.00011200000153621659,0.00011200000153621659,10,UNI-USD,CRYPTO,yfinance,1d
2024-07-08,0.00011200000153621659,0.00011600000289035961,0.00010900000052060932,0.00011300000187475234,10,UNI-USD,CRYPTO,yfinance,1d
2024-07-09,0.00011300000187475234,0.00011600000289035961,0.00011300000187475234,0.00011600000289035961,11,UNI-USD,CRYPTO,yfinance,1d
2024-07-10,0.00011600000289035961,0.00011899999663000926,0.0001140000022132881,0.00011500000255182385,11,UNI-USD,CRYPTO,yfinance,1d
2024-07-11,0.00011500000255182385,0.00011800000356743112,0.0001140000022132881,0.00011500000255182385,11,UNI-USD,CRYPTO,yfinance,1d
2024-07-12,0.00011500000255182385,0.00011700000322889537,0.00011300000187475234,0.00011600000289035961,11,UNI-USD,CRYPTO,yfinance,1d
2024-07-13,0.00011600000289035961,0.00011899999663000926,0.00011600000289035961,0.00011800000356743112,11,UNI-USD,CRYPTO,yfinance,1d
2024-07-14,0.00011800000356743112,0.0001230000052601099,0.00011800000356743112,0.00012199999764561653,11,UNI-USD,CRYPTO,yfinance,1d
2024-07-15,0.00012199999764561653,0.00013000000035390258,0.00012099999730708078,0.00013000000035390258,12,UNI-USD,CRYPTO,yfinance,1d
2024-07-16,0.00013000000035390258,0.00013099999341648072,0.0001250000059371814,0.00013000000035390258,12,UNI-USD,CRYPTO,yfinance,1d
2024-07-17,0.00013000000035390258,0.0001320000010309741,0.00012799999967683107,0.00012799999967683107,12,UNI-USD,CRYPTO,yfinance,1d
2024-07-18,0.00012799999967683107,0.00013000000035390258,0.00012700000661425292,0.00012799999967683107,12,UNI-USD,CRYPTO,yfinance,1d
2024-07-19,0.00012799999967683107,0.00013499999477062374,0.00012700000661425292,0.00013299999409355223,12,UNI-USD,CRYPTO,yfinance,1d
2024-07-20,0.00013299999409355223,0.00013499999477062374,0.00013299999409355223,0.0001340000017080456,12,UNI-USD,CRYPTO,yfinance,1d
2024-07-21,0.0001340000017080456,0.00013699999544769526,0.0001320000010309741,0.00013600000238511711,13,UNI-USD,CRYPTO,yfinance,1d
2024-07-22,0.00013600000238511711,0.00013699999544769526,0.00013299999409355223,0.00013499999477062374,12,UNI-USD,CRYPTO,yfinance,1d
2024-07-23,0.00013499999477062374,0.00013499999477062374,0.00013099999341648072,0.0001320000010309741,12,UNI-USD,CRYPTO,yfinance,1d
2024-07-24,0.0001320000010309741,0.0001340000017080456,0.00013000000035390258,0.00013099999341648072,12,UNI-USD,CRYPTO,yfinance,1d
2024-07-25,0.00013099999341648072,0.0001320000010309741,0.00012700000661425292,0.0001320000010309741,12,UNI-USD,CRYPTO,yfinance,1d
2024-07-26,0.0001320000010309741,0.00013600000238511711,0.0001320000010309741,0.00013600000238511711,13,UNI-USD,CRYPTO,yfinance,1d
2024-07-27,0.00013600000238511711,0.00013899999612476677,0.0001340000017080456,0.00013600000238511711,13,UNI-USD,CRYPTO,yfinance,1d
2024-07-28,0.00013600000238511711,0.00013699999544769526,0.0001340000017080456,0.00013699999544769526,13,UNI-USD,CRYPTO,yfinance,1d
2024-07-29,0.00013699999544769526,0.00014000000373926014,0.00013299999409355223,0.0001340000017080456,12,UNI-USD,CRYPTO,yfinance,1d
2024-07-30,0.0001340000017080456,0.0001340000017080456,0.00013099999341648072,0.0001320000010309741,12,UNI-USD,CRYPTO,yfinance,1d
2024-07-31,0.0001320000010309741,0.0001340000017080456,0.0001289999927394092,0.0001289999927394092,12,UNI-USD,CRYPTO,yfinance,1d
2024-08-01,0.0001289999927394092,0.00013099999341648072,0.0001250000059371814,0.00013099999341648072,12,UNI-USD,CRYPTO,yfinance,1d
2024-08-02,0.00013099999341648072,0.00013099999341648072,0.0001230000052601099,0.0001230000052601099,11,UNI-USD,CRYPTO,yfinance,1d
2024-08-03,0.0001230000052601099,0.00012399999832268804,0.00011999999696854502,0.00012099999730708078,11,UNI-USD,CRYPTO,yfinance,1d
2024-08-04,0.00012099999730708078,0.00012199999764561653,0.00011500000255182385,0.00011600000289035961,11,UNI-USD,CRYPTO,yfinance,1d
2024-08-05,0.00011600000289035961,0.00011600000289035961,9.899999713525176e-05,0.00010800000018207356,10,UNI-USD,CRYPTO,yfinance,1d
2024-08-06,0.00010800000018207356,0.0001140000022132881,0.00010800000018207356,0.00011200000153621659,10,UNI-USD,CRYPTO,yfinance,1d
2024-08-07,0.00011200000153621659,0.00011500000255182385,0.00010900000052060932,0.00011000000085914508,10,UNI-USD,CRYPTO,yfinance,1d
2024-08-08,0.00011000000085914508,0.0001250000059371814,0.00011000000085914508,0.00012399999832268804,11,UNI-USD,CRYPTO,yfinance,1d
2024-08-09,0.00012399999832268804,0.00012399999832268804,0.00011899999663000926,0.00012199999764561653,11,UNI-USD,CRYPTO,yfinance,1d
2024-08-10,0.00012199999764561653,0.0001230000052601099,0.00012099999730708078,0.00012199999764561653,11,UNI-USD,CRYPTO,yfinance,1d
2024-08-11,0.00012199999764561653,0.0001230000052601099,0.00011700000322889537,0.00011800000356743112,11,UNI-USD,CRYPTO,yfinance,1d
2024-08-12,0.00011800000356743112,0.00012099999730708078,0.00011500000255182385,0.00011899999663000926,11,UNI-USD,CRYPTO,yfinance,1d
2024-08-13,0.00011899999663000926,0.0001230000052601099,0.00011700000322889537,0.00012099999730708078,11,UNI-USD,CRYPTO,yfinance,1d
2024-08-14,0.00012099999730708078,0.0001230000052601099,0.00011700000322889537,0.00011800000356743112,11,UNI-USD,CRYPTO,yfinance,1d
2024-08-15,0.00011800000356743112,0.00011999999696854502,0.00011300000187475234,0.00011500000255182385,11,UNI-USD,CRYPTO,yfinance,1d
2024-08-16,0.00011500000255182385,0.00011999999696854502,0.0001140000022132881,0.00011800000356743112,11,UNI-USD,CRYPTO,yfinance,1d
2024-08-17,0.00011800000356743112,0.00011899999663000926,0.00011800000356743112,0.00011899999663000926,11,UNI-USD,CRYPTO,yfinance,1d
2024-08-18,0.00011899999663000926,0.00011999999696854502,0.00011700000322889537,0.00011700000322889537,11,UNI-USD,CRYPTO,yfinance,1d
2024-08-19,0.00011700000322889537,0.00011899999663000926,0.00011600000289035961,0.00011899999663000926,11,UNI-USD,CRYPTO,yfinance,1d
2024-08-20,0.00011899999663000926,0.0001230000052601099,0.00011700000322889537,0.00011800000356743112,11,UNI-USD,CRYPTO,yfinance,1d
2024-08-21,0.00011800000356743112,0.0001230000052601099,0.00011800000356743112,0.00012199999764561653,11,UNI-USD,CRYPTO,yfinance,1d
2024-08-22,0.00012199999764561653,0.0001230000052601099,0.00011999999696854502,0.00012099999730708078,11,UNI-USD,CRYPTO,yfinance,1d
2024-08-23,0.00012099999730708078,0.00013000000035390258,0.00012099999730708078,0.0001289999927394092,10,UNI-USD,CRYPTO,yfinance,1d
2024-08-24,0.0001289999927394092,0.00013000000035390258,0.00012799999967683107,0.0001289999927394092,10,UNI-USD,CRYPTO,yfinance,1d
2024-08-25,0.0001289999927394092,0.00013000000035390258,0.00012799999967683107,0.0001289999927394092,11,UNI-USD,CRYPTO,yfinance,1d
2024-08-26,0.0001289999927394092,0.00013000000035390258,0.00012599999899975955,0.00012599999899975955,10,UNI-USD,CRYPTO,yfinance,1d
2024-08-27,0.00012599999899975955,0.00012700000661425292,0.00011800000356743112,0.00011999999696854502,10,UNI-USD,CRYPTO,yfinance,1d
2024-08-28,0.00011999999696854502,0.00012099999730708078,0.00011700000322889537,0.00011899999663000926,10,UNI-USD,CRYPTO,yfinance,1d
2024-08-29,0.00011899999663000926,0.0001230000052601099,0.00011800000356743112,0.00011899999663000926,10,UNI-USD,CRYPTO,yfinance,1d
2024-08-30,0.00011899999663000926,0.00011999999696854502,0.00011700000322889537,0.00011899999663000926,10,UNI-USD,CRYPTO,yfinance,1d
2024-08-31,0.00011899999663000926,0.00011899999663000926,0.00011800000356743112,0.00011800000356743112,10,UNI-USD,CRYPTO,yfinance,1d
2024-09-01,0.00011800000356743112,0.00011899999663000926,0.00011500000255182385,0.00011500000255182385,9,UNI-USD,CRYPTO,yfinance,1d
2024-09-02,0.00011500000255182385,0.00011899999663000926,0.00011500000255182385,0.00011899999663000926,10,UNI-USD,CRYPTO,yfinance,1d
2024-09-03,0.00011899999663000926,0.00011999999696854502,0.00011600000289035961,0.00011600000289035961,9,UNI-USD,CRYPTO,yfinance,1d
2024-09-04,0.00011600000289035961,0.00011800000356743112,0.00011300000187475234,0.00011700000322889537,9,UNI-USD,CRYPTO,yfinance,1d
2024-09-05,0.00011700000322889537,0.00011700000322889537,0.00011200000153621659,0.00011300000187475234,9,UNI-USD,CRYPTO,yfinance,1d
2024-09-06,0.00011300000187475234,0.0001140000022132881,0.00010599999950500205,0.00010800000018207356,9,UNI-USD,CRYPTO,yfinance,1d
2024-09-07,0.00010800000018207356,0.00011000000085914508,0.00010800000018207356,0.00010900000052060932,9,UNI-USD,CRYPTO,yfinance,1d
2024-09-08,0.00010900000052060932,0.00011100000119768083,0.00010800000018207356,0.00011000000085914508,9,UNI-USD,CRYPTO,yfinance,1d
2024-09-09,0.00011000000085914508,0.00011600000289035961,0.00011000000085914508,0.00011500000255182385,9,UNI-USD,CRYPTO,yfinance,1d
2024-09-10,0.00011500000255182385,0.00011700000322889537,0.0001140000022132881,0.00011600000289035961,9,UNI-USD,CRYPTO,yfinance,1d
2024-09-11,0.00011600000289035961,0.00011700000322889537,0.00011200000153621659,0.00011500000255182385,9,UNI-USD,CRYPTO,yfinance,1d
2024-09-12,0.00011500000255182385,0.00011700000322889537,0.00011500000255182385,0.00011700000322889537,10,UNI-USD,CRYPTO,yfinance,1d
2024-09-13,0.00011700000322889537,0.00012199999764561653,0.00011600000289035961,0.00012199999764561653,10,UNI-USD,CRYPTO,yfinance,1d
2024-09-14,0.00012199999764561653,0.00012199999764561653,0.00011999999696854502,0.00012099999730708078,10,UNI-USD,CRYPTO,yfinance,1d
2024-09-15,0.00012099999730708078,0.00012099999730708078,0.00011800000356743112,0.00011899999663000926,10,UNI-USD,CRYPTO,yfinance,1d
2024-09-16,0.00011899999663000926,0.00011899999663000926,0.00011600000289035961,0.00011700000322889537,10,UNI-USD,CRYPTO,yfinance,1d
2024-09-17,0.00011700000322889537,0.0001230000052601099,0.00011600000289035961,0.00012099999730708078,10,UNI-USD,CRYPTO,yfinance,1d
2024-09-18,0.00012099999730708078,0.00012399999832268804,0.00011899999663000926,0.00012399999832268804,10,UNI-USD,CRYPTO,yfinance,1d
2024-09-19,0.00012399999832268804,0.00012799999967683107,0.00012399999832268804,0.00012700000661425292,10,UNI-USD,CRYPTO,yfinance,1d
2024-09-20,0.00012700000661425292,0.0001289999927394092,0.00012599999899975955,0.00012700000661425292,10,UNI-USD,CRYPTO,yfinance,1d
2024-09-21,0.00012700000661425292,0.00012799999967683107,0.00012599999899975955,0.00012700000661425292,10,UNI-USD,CRYPTO,yfinance,1d
2024-09-22,0.00012700000661425292,0.0001289999927394092,0.0001250000059371814,0.00012799999967683107,10,UNI-USD,CRYPTO,yfinance,1d
2024-09-23,0.00012799999967683107,0.00013000000035390258,0.00012599999899975955,0.00012700000661425292,10,UNI-USD,CRYPTO,yfinance,1d
2024-09-24,0.00012700000661425292,0.00013000000035390258,0.00012599999899975955,0.0001289999927394092,27,UNI-USD,CRYPTO,yfinance,1d
2024-09-25,0.0001289999927394092,0.00013000000035390258,0.00012700000661425292,0.00012700000661425292,27,UNI-USD,CRYPTO,yfinance,1d
2024-09-26,0.00012700000661425292,0.0001320000010309741,0.00012599999899975955,0.00013099999341648072,27,UNI-USD,CRYPTO,yfinance,1d
2024-09-27,0.00013099999341648072,0.0001340000017080456,0.00013000000035390258,0.0001320000010309741,28,UNI-USD,CRYPTO,yfinance,1d
2024-09-28,0.0001320000010309741,0.00013299999409355223,0.0001320000010309741,0.0001320000010309741,28,UNI-USD,CRYPTO,yfinance,1d
2024-09-29,0.0001320000010309741,0.00013299999409355223,0.0001320000010309741,0.0001320000010309741,28,UNI-USD,CRYPTO,yfinance,1d
2024-09-30,0.0001320000010309741,0.0001320000010309741,0.00012700000661425292,0.00012700000661425292,27,UNI-USD,CRYPTO,yfinance,1d
2024-10-01,0.00012700000661425292,0.0001289999927394092,0.00012199999764561653,0.00012199999764561653,26,UNI-USD,CRYPTO,yfinance,1d
2024-10-02,0.00012199999764561653,0.0001250000059371814,0.00012099999730708078,0.00012199999764561653,25,UNI-USD,CRYPTO,yfinance,1d
2024-10-03,0.00012199999764561653,0.0001230000052601099,0.00012099999730708078,0.00012199999764561653,25,UNI-USD,CRYPTO,yfinance,1d
2024-10-04,0.00012199999764561653,0.00012599999899975955,0.00012199999764561653,0.0001250000059371814,26,UNI-USD,CRYPTO,yfinance,1d
2024-10-05,0.0001250000059371814,0.0001250000059371814,0.00012399999832268804,0.0001250000059371814,26,UNI-USD,CRYPTO,yfinance,1d
2024-10-06,0.0001250000059371814,0.00012599999899975955,0.00012399999832268804,0.00012599999899975955,26,UNI-USD,CRYPTO,yfinance,1d
2024-10-07,0.00012599999899975955,0.0001289999927394092,0.0001250000059371814,0.0001250000059371814,26,UNI-USD,CRYPTO,yfinance,1d
2024-10-08,0.0001250000059371814,0.00012700000661425292,0.00012399999832268804,0.0001250000059371814,26,UNI-USD,CRYPTO,yfinance,1d
2024-10-09,0.0001250000059371814,0.00012599999899975955,0.00012199999764561653,0.00012199999764561653,25,UNI-USD,CRYPTO,yfinance,1d
2024-10-10,0.00012199999764561653,0.0001230000052601099,0.00011800000356743112,0.00012099999730708078,25,UNI-USD,CRYPTO,yfinance,1d
2024-10-11,0.00012099999730708078,0.00012599999899975955,0.00012099999730708078,0.00012599999899975955,26,UNI-USD,CRYPTO,yfinance,1d
2024-10-12,0.00012599999899975955,0.00012799999967683107,0.00012599999899975955,0.00012700000661425292,27,UNI-USD,CRYPTO,yfinance,1d
2024-10-13,0.00012700000661425292,0.00012700000661425292,0.0001250000059371814,0.00012599999899975955,26,UNI-USD,CRYPTO,yfinance,1d
2024-10-14,0.00012599999899975955,0.0001340000017080456,0.00012599999899975955,0.00013299999409355223,28,UNI-USD,CRYPTO,yfinance,1d
2024-10-15,0.00013299999409355223,0.00013600000238511711,0.00013099999341648072,0.00013499999477062374,28,UNI-USD,CRYPTO,yfinance,1d
2024-10-16,0.00013499999477062374,0.00013699999544769526,0.0001340000017080456,0.00013600000238511711,28,UNI-USD,CRYPTO,yfinance,1d
2024-10-17,0.00013600000238511711,0.00013600000238511711,0.0001340000017080456,0.00013499999477062374,28,UNI-USD,CRYPTO,yfinance,1d
2024-10-18,0.00013499999477062374,0.00013899999612476677,0.00013499999477062374,0.00013800000306218863,29,UNI-USD,CRYPTO,yfinance,1d
2024-10-19,0.00013800000306218863,0.00013800000306218863,0.00013699999544769526,0.00013699999544769526,29,UNI-USD,CRYPTO,yfinance,1d
2024-10-20,0.00013699999544769526,0.00013899999612476677,0.00013699999544769526,0.00013899999612476677,29,UNI-USD,CRYPTO,yfinance,1d
2024-10-21,0.00013899999612476677,0.00014000000373926014,0.0001340000017080456,0.00013499999477062374,28,UNI-USD,CRYPTO,yfinance,1d
2024-10-22,0.00013499999477062374,0.00013600000238511711,0.0001340000017080456,0.00013499999477062374,28,UNI-USD,CRYPTO,yfinance,1d
2024-10-23,0.00013499999477062374,0.00013499999477062374,0.00013099999341648072,0.0001340000017080456,28,UNI-USD,CRYPTO,yfinance,1d
2024-10-24,0.0001340000017080456,0.00013800000306218863,0.0001340000017080456,0.00013699999544769526,29,UNI-USD,CRYPTO,yfinance,1d
2024-10-25,0.00013699999544769526,0.00013800000306218863,0.0001320000010309741,0.0001340000017080456,28,UNI-USD,CRYPTO,yfinance,1d
2024-10-26,0.0001340000017080456,0.00013499999477062374,0.00013299999409355223,0.00013499999477062374,28,UNI-USD,CRYPTO,yfinance,1d
2024-10-27,0.00013499999477062374,0.00013699999544769526,0.0001340000017080456,0.00013699999544769526,29,UNI-USD,CRYPTO,yfinance,1d
2024-10-28,0.00013699999544769526,0.00014099999680183828,0.00013600000238511711,0.00014000000373926014,29,UNI-USD,CRYPTO,yfinance,1d
2024-10-29,0.00014000000373926014,0.00014800000644754618,0.00014000000373926014,0.00014600000577047467,31,UNI-USD,CRYPTO,yfinance,1d
2024-10-30,0.00014600000577047467,0.00014600000577047467,0.00014400000509340316,0.0001449999981559813,30,UNI-USD,CRYPTO,yfinance,1d
2024-10-31,0.0001449999981559813,0.00014600000577047467,0.00014000000373926014,0.00014099999680183828,29,UNI-USD,CRYPTO,yfinance,1d
2024-11-01,0.00014099999680183828,0.00014400000509340316,0.00013800000306218863,0.00014000000373926014,29,UNI-USD,CRYPTO,yfinance,1d
2024-11-02,0.00014000000373926014,0.00014000000373926014,0.00013899999612476677,0.00014000000373926014,29,UNI-USD,CRYPTO,yfinance,1d
2024-11-03,0.00014000000373926014,0.00014000000373926014,0.00013600000238511711,0.00013800000306218863,29,UNI-USD,CRYPTO,yfinance,1d
2024-11-04,0.00013800000306218863,0.00014000000373926014,0.0001340000017080456,0.00013600000238511711,28,UNI-USD,CRYPTO,yfinance,1d
2024-11-05,0.00013600000238511711,0.00014200000441633165,0.00013600000238511711,0.00014000000373926014,29,UNI-USD,CRYPTO,yfinance,1d
2024-11-06,0.00014000000373926014,0.0001539999939268455,0.00013899999612476677,0.00015199999324977398,32,UNI-USD,CRYPTO,yfinance,1d
2024-11-07,0.00015199999324977398,0.0001539999939268455,0.0001500000071246177,0.00015300000086426735,32,UNI-USD,CRYPTO,yfinance,1d
2024-11-08,0.00015300000086426735,0.00015500000154133886,0.00015199999324977398,0.0001539999939268455,32,UNI-USD,CRYPTO,yfinance,1d
2024-11-09,0.0001539999939268455,0.00015500000154133886,0.00015199999324977398,0.0001539999939268455,32,UNI-USD,CRYPTO,yfinance,1d
2024-11-10,0.0001539999939268455,0.0001630000042496249,0.0001539999939268455,0.00016199999663513154,34,UNI-USD,CRYPTO,yfinance,1d
2024-11-11,0.00016199999663513154,0.00018000000272877514,0.0001610000035725534,0.00017800000205170363,37,UNI-USD,CRYPTO,yfinance,1d
2024-11-12,0.00017800000205170363,0.00018099999579135329,0.00017100000695791095,0.00017699999443721026,37,UNI-USD,CRYPTO,yfinance,1d
2024-11-13,0.00017699999443721026,0.00018699999782256782,0.00017299999308306724,0.00018200000340584666,38,UNI-USD,CRYPTO,yfinance,1d
2024-11-14,0.00018200000340584666,0.00018400000408291817,0.0001740000006975606,0.00017499999376013875,37,UNI-USD,CRYPTO,yfinance,1d
2024-11-15,0.00017499999376013875,0.00018400000408291817,0.00017499999376013875,0.0001829999964684248,38,UNI-USD,CRYPTO,yfinance,1d
2024-11-16,0.0001829999964684248,0.00018400000408291817,0.00018099999579135329,0.00018200000340584666,38,UNI-USD,CRYPTO,yfinance,1d
2024-11-17,0.00018200000340584666,0.00018400000408291817,0.00017899999511428177,0.00018099999579135329,38,UNI-USD,CRYPTO,yfinance,1d
2024-11-18,0.00018099999579135329,0.00018600000475998968,0.00018000000272877514,0.00018200000340584666,38,UNI-USD,CRYPTO,yfinance,1d
2024-11-19,0.00018200000340584666,0.00018899999849963933,0.00018200000340584666,0.00018600000475998968,39,UNI-USD,CRYPTO,yfinance,1d
2024-11-20,0.00018600000475998968,0.00019099999917671084,0.00018400000408291817,0.00018899999849963933,40,UNI-USD,CRYPTO,yfinance,1d
2024-11-21,0.00018899999849963933,0.0001990000018849969,0.00018899999849963933,0.00019799999427050352,41,UNI-USD,CRYPTO,yfinance,1d
2024-11-22,0.00019799999427050352,0.00019999999494757503,0.000195999993593432,0.0001990000018849969,42,UNI-USD,CRYPTO,yfinance,1d
2024-11-23,0.0001990000018849969,0.0001990000018849969,0.000195999993593432,0.00019700000120792538,41,UNI-USD,CRYPTO,yfinance,1d
2024-11-24,0.00019700000120792538,0.00019999999494757503,0.0001900000061141327,0.00019700000120792538,41,UNI-USD,CRYPTO,yfinance,1d
2024-11-25,0.00019700000120792538,0.0001990000018849969,0.00018699999782256782,0.00018699999782256782,39,UNI-USD,CRYPTO,yfinance,1d
2024-11-26,0.00018699999782256782,0.00019099999917671084,0.0001829999964684248,0.0001849999971454963,39,UNI-USD,CRYPTO,yfinance,1d
2024-11-27,0.0001849999971454963,0.000195999993593432,0.00018400000408291817,0.00019299999985378236,40,UNI-USD,CRYPTO,yfinance,1d
2024-11-28,0.00019299999985378236,0.0001939999929163605,0.0001900000061141327,0.00019200000679120421,40,UNI-USD,CRYPTO,yfinance,1d
2024-11-29,0.00019200000679120421,0.00019799999427050352,0.00019200000679120421,0.000195999993593432,41,UNI-USD,CRYPTO,yfinance,1d
2024-11-30,0.000195999993593432,0.000195999993593432,0.00019299999985378236,0.0001939999929163605,40,UNI-USD,CRYPTO,yfinance,1d
2024-12-01,0.0001939999929163605,0.00019700000120792538,0.00019299999985378236,0.000195999993593432,41,UNI-USD,CRYPTO,yfinance,1d
2024-12-02,0.000195999993593432,0.00019700000120792538,0.0001900000061141327,0.00019200000679120421,40,UNI-USD,CRYPTO,yfinance,1d
2024-12-03,0.00019200000679120421,0.00019299999985378236,0.0001880000054370612,0.00019299999985378236,40,UNI-USD,CRYPTO,yfinance,1d
2024-12-04,0.00019299999985378236,0.0001990000018849969,0.0001900000061141327,0.0001990000018849969,41,UNI-USD,CRYPTO,yfinance,1d
2024-12-05,0.0001990000018849969,0.00020900000527035445,0.00018899999849963933,0.0001939999929163605,4,UNI-USD,CRYPTO,yfinance,1d
2024-12-06,0.00019500000053085387,0.00020500000391621143,0.0001939999929163605,0.0002010000025620684,4,UNI-USD,CRYPTO,yfinance,1d
2024-12-07,0.0002010000025620684,0.00020199999562464654,0.0001990000018849969,0.0002010000025620684,4,UNI-USD,CRYPTO,yfinance,1d
2024-12-08,0.0002010000025620684,0.00020199999562464654,0.0001990000018849969,0.00020199999562464654,4,UNI-USD,CRYPTO,yfinance,1d
2024-12-09,0.00020399999630171806,0.00020399999630171806,0.00019200000679120421,0.000195999993593432,4,UNI-USD,CRYPTO,yfinance,1d
2024-12-10,0.000195999993593432,0.00019700000120792538,0.0001900000061141327,0.0001939999929163605,4,UNI-USD,CRYPTO,yfinance,1d
2024-12-11,0.0001939999929163605,0.00020500000391621143,0.0001939999929163605,0.00020300000323913991,4,UNI-USD,CRYPTO,yfinance,1d
2024-12-12,0.00020300000323913991,0.00020599999697878957,0.00019999999494757503,0.0002010000025620684,4,UNI-USD,CRYPTO,yfinance,1d
2024-12-13,0.0002010000025620684,0.00020500000391621143,0.00019999999494757503,0.00020399999630171806,4,UNI-USD,CRYPTO,yfinance,1d
2024-12-14,0.00020399999630171806,0.00020599999697878957,0.00020199999562464654,0.00020399999630171806,4,UNI-USD,CRYPTO,yfinance,1d
2024-12-15,0.00020399999630171806,0.00021100000594742596,0.00020399999630171806,0.0002099999983329326,4,UNI-USD,CRYPTO,yfinance,1d
2024-12-16,0.0002099999983329326,0.00021699999342672527,0.00020799999765586108,0.00021300000662449747,4,UNI-USD,CRYPTO,yfinance,1d
2024-12-17,0.00021300000662449747,0.00021800000104121864,0.0002119999990100041,0.00021300000662449747,4,UNI-USD,CRYPTO,yfinance,1d
2024-12-18,0.00021300000662449747,0.00021399999968707561,0.0002010000025620684,0.0002010000025620684,4,UNI-USD,CRYPTO,yfinance,1d
2024-12-19,0.0002010000025620684,0.00020599999697878957,0.00019200000679120421,0.000195999993593432,4,UNI-USD,CRYPTO,yfinance,1d
2024-12-20,0.000195999993593432,0.00019700000120792538,0.0001849999971454963,0.00019700000120792538,4,UNI-USD,CRYPTO,yfinance,1d
2024-12-21,0.00019700000120792538,0.00019999999494757503,0.0001939999929163605,0.000195999993593432,4,UNI-USD,CRYPTO,yfinance,1d
2024-12-22,0.000195999993593432,0.000195999993593432,0.00018899999849963933,0.00019099999917671084,4,UNI-USD,CRYPTO,yfinance,1d
2024-12-23,0.00019099999917671084,0.0001939999929163605,0.00018600000475998968,0.0001900000061141327,4,UNI-USD,CRYPTO,yfinance,1d
2024-12-24,0.0001900000061141327,0.00019999999494757503,0.0001880000054370612,0.00019799999427050352,4,UNI-USD,CRYPTO,yfinance,1d
2024-12-25,0.00019799999427050352,0.00019999999494757503,0.000195999993593432,0.00019999999494757503,4,UNI-USD,CRYPTO,yfinance,1d
2024-12-26,0.00019999999494757503,0.0002010000025620684,0.00019099999917671084,0.00019200000679120421,4,UNI-USD,CRYPTO,yfinance,1d
2024-12-27,0.00019200000679120421,0.00019500000053085387,0.0001880000054370612,0.00018899999849963933,4,UNI-USD,CRYPTO,yfinance,1d
2024-12-28,0.00018899999849963933,0.00019200000679120421,0.00018899999849963933,0.00019099999917671084,4,UNI-USD,CRYPTO,yfinance,1d
2024-12-29,0.00019099999917671084,0.00019099999917671084,0.00018699999782256782,0.0001880000054370612,4,UNI-USD,CRYPTO,yfinance,1d
2024-12-30,0.0001880000054370612,0.00019099999917671084,0.00018400000408291817,0.00018600000475998968,4,UNI-USD,CRYPTO,yfinance,1d
2024-12-31,0.00018600000475998968,0.00019299999985378236,0.0001849999971454963,0.0001880000054370612,4,UNI-USD,CRYPTO,yfinance,1d
2025-01-01,0.0001880000054370612,0.00019099999917671084,0.00018699999782256782,0.0001900000061141327,4,UNI-USD,CRYPTO,yfinance,1d
2025-01-02,0.0001900000061141327,0.000195999993593432,0.00018899999849963933,0.00019500000053085387,4,UNI-USD,CRYPTO,yfinance,1d
2025-01-03,0.00019500000053085387,0.0001990000018849969,0.00019299999985378236,0.00019700000120792538,4,UNI-USD,CRYPTO,yfinance,1d
2025-01-04,0.00019700000120792538,0.00019799999427050352,0.000195999993593432,0.00019799999427050352,4,UNI-USD,CRYPTO,yfinance,1d
2025-01-05,0.00019799999427050352,0.0001990000018849969,0.000195999993593432,0.00019799999427050352,4,UNI-USD,CRYPTO,yfinance,1d
2025-01-06,0.00019799999427050352,0.00020599999697878957,0.00019700000120792538,0.00020500000391621143,4,UNI-USD,CRYPTO,yfinance,1d
2025-01-07,0.00020500000391621143,0.00020599999697878957,0.00019299999985378236,0.00019500000053085387,4,UNI-USD,CRYPTO,yfinance,1d
2025-01-08,0.00019500000053085387,0.00019500000053085387,0.00018699999782256782,0.00019099999917671084,4,UNI-USD,CRYPTO,yfinance,1d
2025-01-09,0.00019099999917671084,0.00019099999917671084,0.0001829999964684248,0.00018600000475998968,4,UNI-USD,CRYPTO,yfinance,1d
2025-01-10,0.00018600000475998968,0.00019200000679120421,0.00018600000475998968,0.0001900000061141327,4,UNI-USD,CRYPTO,yfinance,1d
2025-01-11,0.0001900000061141327,0.00019099999917671084,0.00018899999849963933,0.0001900000061141327,4,UNI-USD,CRYPTO,yfinance,1d
2025-01-12,0.0001900000061141327,0.00019099999917671084,0.0001880000054370612,0.0001900000061141327,4,UNI-USD,CRYPTO,yfinance,1d
2025-01-13,0.0001900000061141327,0.00019200000679120421,0.00018099999579135329,0.0001900000061141327,4,UNI-USD,CRYPTO,yfinance,1d
2025-01-14,0.0001900000061141327,0.00019500000053085387,0.0001900000061141327,0.0001939999929163605,4,UNI-USD,CRYPTO,yfinance,1d
2025-01-15,0.0001939999929163605,0.00020199999562464654,0.0001939999929163605,0.00020199999562464654,4,UNI-USD,CRYPTO,yfinance,1d
2025-01-16,0.00020199999562464654,0.00020199999562464654,0.000195999993593432,0.0002010000025620684,4,UNI-USD,CRYPTO,yfinance,1d
2025-01-17,0.0002010000025620684,0.00021300000662449747,0.0002010000025620684,0.00020900000527035445,4,UNI-USD,CRYPTO,yfinance,1d
2025-01-18,0.00020900000527035445,0.00021100000594742596,0.00020599999697878957,0.0002099999983329326,4,UNI-USD,CRYPTO,yfinance,1d
2025-01-19,0.0002099999983329326,0.00021300000662449747,0.0002010000025620684,0.00020300000323913991,4,UNI-USD,CRYPTO,yfinance,1d
2025-01-20,0.00020300000323913991,0.00021899999410379678,0.0002010000025620684,0.00020500000391621143,4,UNI-USD,CRYPTO,yfinance,1d
2025-01-21,0.00020500000391621143,0.00021499999274965376,0.00020300000323913991,0.00021300000662449747,4,UNI-USD,CRYPTO,yfinance,1d
2025-01-22,0.00021300000662449747,0.00021399999968707561,0.00020799999765586108,0.00020799999765586108,4,UNI-USD,CRYPTO,yfinance,1d
2025-01-23,0.00020799999765586108,0.00021399999968707561,0.00020399999630171806,0.00020900000527035445,4,UNI-USD,CRYPTO,yfinance,1d
2025-01-24,0.00020900000527035445,0.00021499999274965376,0.00020700000459328294,0.00021100000594742596,4,UNI-USD,CRYPTO,yfinance,1d
2025-01-25,0.00021100000594742596,0.0002119999990100041,0.00020900000527035445,0.0002099999983329326,4,UNI-USD,CRYPTO,yfinance,1d
2025-01-26,0.0002099999983329326,0.0002119999990100041,0.00020599999697878957,0.00020599999697878957,4,UNI-USD,CRYPTO,yfinance,1d
2025-01-27,0.00020599999697878957,0.00020700000459328294,0.00019700000120792538,0.00020500000391621143,4,UNI-USD,CRYPTO,yfinance,1d
2025-01-28,0.00020500000391621143,0.00021300000662449747,0.0002010000025620684,0.00020300000323913991,4,UNI-USD,CRYPTO,yfinance,1d
2025-01-29,0.00020300000323913991,0.00021100000594742596,0.00020300000323913991,0.00020900000527035445,4,UNI-USD,CRYPTO,yfinance,1d
2025-01-30,0.00020900000527035445,0.00021300000662449747,0.00020799999765586108,0.00021100000594742596,4,UNI-USD,CRYPTO,yfinance,1d
2025-01-31,0.00021100000594742596,0.00021300000662449747,0.00020399999630171806,0.00020599999697878957,4,UNI-USD,CRYPTO,yfinance,1d
2025-02-01,0.00020599999697878957,0.00020700000459328294,0.00020199999562464654,0.00020199999562464654,4,UNI-USD,CRYPTO,yfinance,1d
2025-02-02,0.00020199999562464654,0.00020399999630171806,0.0001939999929163605,0.000195999993593432,4,UNI-USD,CRYPTO,yfinance,1d
2025-02-03,0.000195999993593432,0.00020500000391621143,0.00018600000475998968,0.00020399999630171806,4,UNI-USD,CRYPTO,yfinance,1d
2025-02-04,0.00020399999630171806,0.00020399999630171806,0.0001939999929163605,0.00019700000120792538,4,UNI-USD,CRYPTO,yfinance,1d
2025-02-05,0.00019700000120792538,0.0001990000018849969,0.00019299999985378236,0.0001939999929163605,4,UNI-USD,CRYPTO,yfinance,1d
2025-02-06,0.0001939999929163605,0.0001990000018849969,0.00019299999985378236,0.0001939999929163605,4,UNI-USD,CRYPTO,yfinance,1d
2025-02-07,0.0001939999929163605,0.0002010000025620684,0.00019200000679120421,0.0001939999929163605,4,UNI-USD,CRYPTO,yfinance,1d
2025-02-08,0.0001939999929163605,0.00019500000053085387,0.00019200000679120421,0.0001939999929163605,4,UNI-USD,CRYPTO,yfinance,1d
2025-02-09,0.0001939999929163605,0.000195999993593432,0.0001900000061141327,0.0001939999929163605,4,UNI-USD,CRYPTO,yfinance,1d
2025-02-10,0.0001939999929163605,0.00019799999427050352,0.00019200000679120421,0.000195999993593432,4,UNI-USD,CRYPTO,yfinance,1d
2025-02-11,0.000195999993593432,0.00019799999427050352,0.00019099999917671084,0.00019299999985378236,4,UNI-USD,CRYPTO,yfinance,1d
2025-02-12,0.00019299999985378236,0.00019700000120792538,0.00018899999849963933,0.00019700000120792538,4,UNI-USD,CRYPTO,yfinance,1d
2025-02-13,0.00019700000120792538,0.00019700000120792538,0.00019200000679120421,0.0001939999929163605,4,UNI-USD,CRYPTO,yfinance,1d
2025-02-14,0.0001939999929163605,0.00019799999427050352,0.0001939999929163605,0.000195999993593432,4,UNI-USD,CRYPTO,yfinance,1d
2025-02-15,0.000195999993593432,0.00019700000120792538,0.000195999993593432,0.000195999993593432,4,UNI-USD,CRYPTO,yfinance,1d
2025-02-16,0.000195999993593432,0.000195999993593432,0.00019299999985378236,0.00019299999985378236,4,UNI-USD,CRYPTO,yfinance,1d
2025-02-17,0.00019299999985378236,0.00019500000053085387,0.00019099999917671084,0.00019200000679120421,4,UNI-USD,CRYPTO,yfinance,1d
2025-02-18,0.00019200000679120421,0.0001939999929163605,0.0001880000054370612,0.00019200000679120421,4,UNI-USD,CRYPTO,yfinance,1d
2025-02-19,0.00019200000679120421,0.00019500000053085387,0.00019099999917671084,0.0001939999929163605,4,UNI-USD,CRYPTO,yfinance,1d
2025-02-20,0.0001939999929163605,0.00019799999427050352,0.0001939999929163605,0.00019799999427050352,4,UNI-USD,CRYPTO,yfinance,1d
2025-02-21,0.00019799999427050352,0.00019999999494757503,0.00019099999917671084,0.00019299999985378236,4,UNI-USD,CRYPTO,yfinance,1d
2025-02-22,0.00019299999985378236,0.00019500000053085387,0.00019299999985378236,0.0001939999929163605,4,UNI-USD,CRYPTO,yfinance,1d
2025-02-23,0.0001939999929163605,0.0001939999929163605,0.00019200000679120421,0.0001939999929163605,4,UNI-USD,CRYPTO,yfinance,1d
2025-02-24,0.0001939999929163605,0.0001939999929163605,0.00018400000408291817,0.00018400000408291817,3,UNI-USD,CRYPTO,yfinance,1d
2025-02-25,0.00018400000408291817,0.00018600000475998968,0.00017299999308306724,0.00017800000205170363,3,UNI-USD,CRYPTO,yfinance,1d
2025-02-26,0.00017800000205170363,0.00017899999511428177,0.00016599999798927456,0.00016900000628083944,3,UNI-USD,CRYPTO,yfinance,1d
2025-02-27,0.00016900000628083944,0.00017499999376013875,0.00016599999798927456,0.00016999999934341758,3,UNI-USD,CRYPTO,yfinance,1d
2025-02-28,0.00016999999934341758,0.00016999999934341758,0.00015799999528098851,0.00016999999934341758,3,UNI-USD,CRYPTO,yfinance,1d
2025-03-01,0.00016999999934341758,0.0001740000006975606,0.00016799999866634607,0.00017299999308306724,3,UNI-USD,CRYPTO,yfinance,1d
2025-03-02,0.00017299999308306724,0.00019099999917671084,0.00017100000695791095,0.00018899999849963933,4,UNI-USD,CRYPTO,yfinance,1d
2025-03-03,0.00018899999849963933,0.00018899999849963933,0.00017100000695791095,0.00017299999308306724,3,UNI-USD,CRYPTO,yfinance,1d
2025-03-04,0.00017299999308306724,0.00017800000205170363,0.00016399999731220305,0.00017499999376013875,3,UNI-USD,CRYPTO,yfinance,1d
2025-03-05,0.00017499999376013875,0.0001829999964684248,0.0001740000006975606,0.00018200000340584666,3,UNI-USD,CRYPTO,yfinance,1d
2025-03-06,0.00018200000340584666,0.00018600000475998968,0.00017699999443721026,0.00018099999579135329,3,UNI-USD,CRYPTO,yfinance,1d
2025-03-07,0.00018099999579135329,0.0001829999964684248,0.0001720000000204891,0.0001740000006975606,3,UNI-USD,CRYPTO,yfinance,1d
2025-03-08,0.0001740000006975606,0.00017499999376013875,0.0001720000000204891,0.00017299999308306724,3,UNI-USD,CRYPTO,yfinance,1d
2025-03-09,0.00017299999308306724,0.0001740000006975606,0.0001610000035725534,0.00016199999663513154,3,UNI-USD,CRYPTO,yfinance,1d
2025-03-10,0.00016199999663513154,0.00016799999866634607,0.000155999994603917,0.00015799999528098851,3,UNI-USD,CRYPTO,yfinance,1d
2025-03-11,0.00015799999528098851,0.00016799999866634607,0.00015500000154133886,0.00016599999798927456,3,UNI-USD,CRYPTO,yfinance,1d
2025-03-12,0.00016599999798927456,0.00016900000628083944,0.00016199999663513154,0.00016799999866634607,3,UNI-USD,CRYPTO,yfinance,1d
2025-03-13,0.00016799999866634607,0.00016900000628083944,0.0001610000035725534,0.0001630000042496249,3,UNI-USD,CRYPTO,yfinance,1d
2025-03-14,0.0001630000042496249,0.00017100000695791095,0.0001630000042496249,0.00016900000628083944,3,UNI-USD,CRYPTO,yfinance,1d
2025-03-15,0.00016900000628083944,0.00016999999934341758,0.00016799999866634607,0.00016999999934341758,3,UNI-USD,CRYPTO,yfinance,1d
2025-03-16,0.00016999999934341758,0.00017100000695791095,0.00016500000492669642,0.00016599999798927456,3,UNI-USD,CRYPTO,yfinance,1d
2025-03-17,0.00016599999798927456,0.00016999999934341758,0.00016599999798927456,0.00016900000628083944,3,UNI-USD,CRYPTO,yfinance,1d
2025-03-18,0.00016900000628083944,0.00016900000628083944,0.0001630000042496249,0.00016599999798927456,3,UNI-USD,CRYPTO,yfinance,1d
2025-03-19,0.00016599999798927456,0.00017499999376013875,0.00016599999798927456,0.0001740000006975606,3,UNI-USD,CRYPTO,yfinance,1d
2025-03-20,0.0001740000006975606,0.00017600000137463212,0.00016799999866634607,0.00016900000628083944,3,UNI-USD,CRYPTO,yfinance,1d
2025-03-21,0.00016900000628083944,0.00016999999934341758,0.00016700000560376793,0.00016900000628083944,3,UNI-USD,CRYPTO,yfinance,1d
2025-03-22,0.00016900000628083944,0.00016999999934341758,0.00016799999866634607,0.00016799999866634607,3,UNI-USD,CRYPTO,yfinance,1d
2025-03-23,0.00016799999866634607,0.00017299999308306724,0.00016799999866634607,0.00017299999308306724,3,UNI-USD,CRYPTO,yfinance,1d
2025-03-24,0.00017299999308306724,0.00017800000205170363,0.0001720000000204891,0.00017600000137463212,3,UNI-USD,CRYPTO,yfinance,1d
2025-03-25,0.00017600000137463212,0.00017800000205170363,0.0001740000006975606,0.00017600000137463212,3,UNI-USD,CRYPTO,yfinance,1d
2025-03-26,0.00017600000137463212,0.00017699999443721026,0.00017299999308306724,0.00017499999376013875,3,UNI-USD,CRYPTO,yfinance,1d
2025-03-27,0.00017499999376013875,0.00017600000137463212,0.00017299999308306724,0.00017499999376013875,3,UNI-USD,CRYPTO,yfinance,1d
2025-03-28,0.00017499999376013875,0.00017600000137463212,0.00016799999866634607,0.00016999999934341758,3,UNI-USD,CRYPTO,yfinance,1d
2025-03-29,0.00016999999934341758,0.00016999999934341758,0.00016399999731220305,0.00016599999798927456,3,UNI-USD,CRYPTO,yfinance,1d
2025-03-30,0.00016599999798927456,0.00016799999866634607,0.00016399999731220305,0.00016599999798927456,3,UNI-USD,CRYPTO,yfinance,1d
2025-03-31,0.00016599999798927456,0.00016799999866634607,0.0001630000042496249,0.00016599999798927456,3,UNI-USD,CRYPTO,yfinance,1d
2025-04-01,0.00016599999798927456,0.0001720000000204891,0.00016599999798927456,0.00017100000695791095,3,UNI-USD,CRYPTO,yfinance,1d
2025-04-02,0.00017100000695791095,0.00017699999443721026,0.00016599999798927456,0.00016599999798927456,3,UNI-USD,CRYPTO,yfinance,1d
2025-04-03,0.00016599999798927456,0.00016900000628083944,0.0001630000042496249,0.00016700000560376793,3,UNI-USD,CRYPTO,yfinance,1d
2025-04-04,0.00016700000560376793,0.00016999999934341758,0.00016500000492669642,0.00016900000628083944,3,UNI-USD,CRYPTO,yfinance,1d
2025-04-05,0.00016900000628083944,0.00016900000628083944,0.00016599999798927456,0.00016799999866634607,3,UNI-USD,CRYPTO,yfinance,1d
2025-04-06,0.00016799999866634607,0.00016799999866634607,0.00015500000154133886,0.00015700000221841037,3,UNI-USD,CRYPTO,yfinance,1d
2025-04-07,0.00015700000221841037,0.0001630000042496249,0.0001500000071246177,0.00015900000289548188,3,UNI-USD,CRYPTO,yfinance,1d
2025-04-08,0.00015900000289548188,0.00016199999663513154,0.00015300000086426735,0.00015300000086426735,3,UNI-USD,CRYPTO,yfinance,1d
2025-04-09,0.00015300000086426735,0.00016799999866634607,0.0001500000071246177,0.00016599999798927456,3,UNI-USD,CRYPTO,yfinance,1d
2025-04-10,0.00016599999798927456,0.00016599999798927456,0.00015799999528098851,0.00015999999595806003,3,UNI-USD,CRYPTO,yfinance,1d
2025-04-11,0.00015999999595806003,0.0001630000042496249,0.00015900000289548188,0.0001630000042496249,0,UNI-USD,CRYPTO,yfinance,1d
2025-04-12,0.0001630000042496249,0.0001630000042496249,0.0001630000042496249,0.0001630000042496249,0,UNI-USD,CRYPTO,yfinance,1d
2025-04-13,0.0001630000042496249,0.0001630000042496249,0.0001630000042496249,0.0001630000042496249,0,UNI-USD,CRYPTO,yfinance,1d
2025-04-14,0.0001630000042496249,0.0001630000042496249,0.0001630000042496249,0.0001630000042496249,0,UNI-USD,CRYPTO,yfinance,1d
2025-04-15,0.0001630000042496249,0.0001630000042496249,0.0001630000042496249,0.0001630000042496249,0,UNI-USD,CRYPTO,yfinance,1d
2025-04-16,0.0001630000042496249,0.0001630000042496249,0.0001630000042496249,0.0001630000042496249,0,UNI-USD,CRYPTO,yfinance,1d
2025-04-17,0.0001630000042496249,0.0001630000042496249,0.0001630000042496249,0.0001630000042496249,0,UNI-USD,CRYPTO,yfinance,1d
