date,open,high,low,close,volume,symbol,exchange,source,interval
2021-08-15,0.3954389989376068,0.4029879868030548,0.3709140121936798,0.3916090130805969,1219537031,XLM-USD,CRYPTO,yfinance,1d
2021-08-16,0.3910270035266876,0.40977200865745544,0.37198400497436523,0.373214989900589,1062173833,XLM-USD,CRYPTO,yfinance,1d
2021-08-17,0.37203800678253174,0.38370999693870544,0.34000399708747864,0.34165000915527344,861963091,XLM-USD,CRYPTO,yfinance,1d
2021-08-18,0.34119001030921936,0.3592270016670227,0.32734599709510803,0.3428579866886139,710374214,XLM-USD,CRYPTO,yfinance,1d
2021-08-19,0.34248098731040955,0.3680579960346222,0.3323099911212921,0.3670960068702698,734464027,XLM-USD,CRYPTO,yfinance,1d
2021-08-20,0.36695700883865356,0.38731101155281067,0.3607589900493622,0.3852899968624115,780181594,XLM-USD,CRYPTO,yfinance,1d
2021-08-21,0.3850570023059845,0.3850570023059845,0.3693099915981293,0.3717789947986603,495958275,XLM-USD,CRYPTO,yfinance,1d
2021-08-22,0.3717600107192993,0.3890239894390106,0.36214300990104675,0.37310901284217834,599795232,XLM-USD,CRYPTO,yfinance,1d
2021-08-23,0.3726460039615631,0.3870660066604614,0.370853990316391,0.3787040114402771,792003503,XLM-USD,CRYPTO,yfinance,1d
2021-08-24,0.37935400009155273,0.3804750144481659,0.3507539927959442,0.3507539927959442,629936533,XLM-USD,CRYPTO,yfinance,1d
2021-08-25,0.350942999124527,0.35970500111579895,0.34201300144195557,0.3585039973258972,651572702,XLM-USD,CRYPTO,yfinance,1d
2021-08-26,0.3590869903564453,0.3631350100040436,0.3319079875946045,0.33631399273872375,604899155,XLM-USD,CRYPTO,yfinance,1d
2021-08-27,0.335752010345459,0.35721901059150696,0.3297699987888336,0.35721901059150696,620642618,XLM-USD,CRYPTO,yfinance,1d
2021-08-28,0.35734400153160095,0.3598330020904541,0.3432230055332184,0.34785398840904236,470959442,XLM-USD,CRYPTO,yfinance,1d
2021-08-29,0.3477799892425537,0.3533880114555359,0.3417479991912842,0.3437409996986389,451759625,XLM-USD,CRYPTO,yfinance,1d
2021-08-30,0.3437409996986389,0.3460490107536316,0.3293150067329407,0.3293150067329407,522192911,XLM-USD,CRYPTO,yfinance,1d
2021-08-31,0.32993200421333313,0.35615798830986023,0.3275670111179352,0.3407680094242096,767428068,XLM-USD,CRYPTO,yfinance,1d
2021-09-01,0.340256005525589,0.3561129868030548,0.3361020088195801,0.3538439869880676,726573172,XLM-USD,CRYPTO,yfinance,1d
2021-09-02,0.3534570038318634,0.3673500120639801,0.35226699709892273,0.3605929911136627,804429508,XLM-USD,CRYPTO,yfinance,1d
2021-09-03,0.35931000113487244,0.37741899490356445,0.35190799832344055,0.3689030110836029,802448021,XLM-USD,CRYPTO,yfinance,1d
2021-09-04,0.3686490058898926,0.383884996175766,0.3653939962387085,0.3703010082244873,768620012,XLM-USD,CRYPTO,yfinance,1d
2021-09-05,0.37012600898742676,0.3975830078125,0.3683820068836212,0.3973909914493561,889265975,XLM-USD,CRYPTO,yfinance,1d
2021-09-06,0.3975810110569,0.43112900853157043,0.3896870017051697,0.42343199253082275,1749823011,XLM-USD,CRYPTO,yfinance,1d
2021-09-07,0.42389801144599915,0.4242500066757202,0.2796579897403717,0.33428698778152466,2284432865,XLM-USD,CRYPTO,yfinance,1d
2021-09-08,0.33448100090026855,0.3429569900035858,0.3062939941883087,0.3295390009880066,1406502025,XLM-USD,CRYPTO,yfinance,1d
2021-09-09,0.3295699954032898,0.34174999594688416,0.32547101378440857,0.33229899406433105,885354438,XLM-USD,CRYPTO,yfinance,1d
2021-09-10,0.331932008266449,0.3585349917411804,0.31211501359939575,0.31745201349258423,1068237830,XLM-USD,CRYPTO,yfinance,1d
2021-09-11,0.3173309862613678,0.3325580060482025,0.3163810074329376,0.32527899742126465,596034945,XLM-USD,CRYPTO,yfinance,1d
2021-09-12,0.32542601227760315,0.3385840058326721,0.31779998540878296,0.3331559896469116,555343786,XLM-USD,CRYPTO,yfinance,1d
2021-09-13,0.33326399326324463,0.3364019989967346,0.3109529912471771,0.3192789852619171,690888123,XLM-USD,CRYPTO,yfinance,1d
2021-09-14,0.31897100806236267,0.33108898997306824,0.3168500065803528,0.33108898997306824,490880617,XLM-USD,CRYPTO,yfinance,1d
2021-09-15,0.3313260078430176,0.3419559895992279,0.3278129994869232,0.3414750099182129,535007934,XLM-USD,CRYPTO,yfinance,1d
2021-09-16,0.34106600284576416,0.3418140113353729,0.32402700185775757,0.3306120038032532,635824152,XLM-USD,CRYPTO,yfinance,1d
2021-09-17,0.3311370015144348,0.33309200406074524,0.31602001190185547,0.3195509910583496,603626051,XLM-USD,CRYPTO,yfinance,1d
2021-09-18,0.3193899989128113,0.327892005443573,0.3157080113887787,0.3225019872188568,427858426,XLM-USD,CRYPTO,yfinance,1d
2021-09-19,0.32232901453971863,0.3248539865016937,0.3117400109767914,0.31418299674987793,389059259,XLM-USD,CRYPTO,yfinance,1d
2021-09-20,0.31420400738716125,0.31514298915863037,0.2713190019130707,0.28092798590660095,843972266,XLM-USD,CRYPTO,yfinance,1d
2021-09-21,0.2822679877281189,0.28731799125671387,0.2618800103664398,0.26632198691368103,669120683,XLM-USD,CRYPTO,yfinance,1d
2021-09-22,0.2660120129585266,0.2936500012874603,0.26117101311683655,0.29330599308013916,593808409,XLM-USD,CRYPTO,yfinance,1d
2021-09-23,0.29306700825691223,0.3032209873199463,0.2891860008239746,0.3032209873199463,528205737,XLM-USD,CRYPTO,yfinance,1d
2021-09-24,0.3033300042152405,0.30578500032424927,0.2705869972705841,0.28174200654029846,578996814,XLM-USD,CRYPTO,yfinance,1d
2021-09-25,0.2815609872341156,0.2859019935131073,0.2714270055294037,0.2775779962539673,390119407,XLM-USD,CRYPTO,yfinance,1d
2021-09-26,0.2775999903678894,0.28149598836898804,0.2617349922657013,0.2761650085449219,434181440,XLM-USD,CRYPTO,yfinance,1d
2021-09-27,0.27683499455451965,0.28345900774002075,0.2655389904975891,0.2658340036869049,374654280,XLM-USD,CRYPTO,yfinance,1d
2021-09-28,0.2655310034751892,0.2702989876270294,0.2553440034389496,0.256740003824234,378922621,XLM-USD,CRYPTO,yfinance,1d
2021-09-29,0.2569870054721832,0.2787179946899414,0.255499005317688,0.270253986120224,476652882,XLM-USD,CRYPTO,yfinance,1d
2021-09-30,0.2701840102672577,0.2805919945240021,0.2689880132675171,0.2788110077381134,422507688,XLM-USD,CRYPTO,yfinance,1d
2021-10-01,0.2789900004863739,0.30049198865890503,0.2759400010108948,0.30039098858833313,599166723,XLM-USD,CRYPTO,yfinance,1d
2021-10-02,0.30031800270080566,0.32640698552131653,0.2928139865398407,0.3169749975204468,644767899,XLM-USD,CRYPTO,yfinance,1d
2021-10-03,0.31692200899124146,0.3227109909057617,0.31101900339126587,0.31509700417518616,599415325,XLM-USD,CRYPTO,yfinance,1d
2021-10-04,0.3145590126514435,0.3153330087661743,0.29690900444984436,0.30965501070022583,572515716,XLM-USD,CRYPTO,yfinance,1d
2021-10-05,0.3100990056991577,0.32052499055862427,0.3083980083465576,0.3190839886665344,628491274,XLM-USD,CRYPTO,yfinance,1d
2021-10-06,0.3190929889678955,0.36394399404525757,0.30542999505996704,0.3544420003890991,1089704496,XLM-USD,CRYPTO,yfinance,1d
2021-10-07,0.35769200325012207,0.3683690130710602,0.34229400753974915,0.3441070020198822,1284965239,XLM-USD,CRYPTO,yfinance,1d
2021-10-08,0.3432770073413849,0.3494040071964264,0.3342210054397583,0.3358120024204254,715075457,XLM-USD,CRYPTO,yfinance,1d
2021-10-09,0.33584100008010864,0.36670801043510437,0.33362698554992676,0.3528690040111542,842513413,XLM-USD,CRYPTO,yfinance,1d
2021-10-10,0.3527489900588989,0.35800400376319885,0.33045798540115356,0.33251699805259705,587185000,XLM-USD,CRYPTO,yfinance,1d
2021-10-11,0.33203500509262085,0.3571169972419739,0.3265460133552551,0.3445560038089752,743253215,XLM-USD,CRYPTO,yfinance,1d
2021-10-12,0.34510600566864014,0.34510600566864014,0.3205139935016632,0.3331409990787506,606576387,XLM-USD,CRYPTO,yfinance,1d
2021-10-13,0.33297500014305115,0.3742389976978302,0.331043004989624,0.3676629960536957,1315956487,XLM-USD,CRYPTO,yfinance,1d
2021-10-14,0.3677560091018677,0.3821220099925995,0.3649689853191376,0.36932599544525146,884709082,XLM-USD,CRYPTO,yfinance,1d
2021-10-15,0.36950400471687317,0.3726019859313965,0.35181498527526855,0.3614340126514435,892639353,XLM-USD,CRYPTO,yfinance,1d
2021-10-16,0.3612529933452606,0.4197689890861511,0.3612529933452606,0.39610299468040466,1904544943,XLM-USD,CRYPTO,yfinance,1d
2021-10-17,0.3967289924621582,0.40247800946235657,0.36618098616600037,0.382656991481781,1055192827,XLM-USD,CRYPTO,yfinance,1d
2021-10-18,0.3829280138015747,0.39478200674057007,0.3769330084323883,0.3798370063304901,900463495,XLM-USD,CRYPTO,yfinance,1d
2021-10-19,0.3797299861907959,0.38399800658226013,0.36763501167297363,0.37392398715019226,561883914,XLM-USD,CRYPTO,yfinance,1d
2021-10-20,0.3740310072898865,0.39179500937461853,0.368571013212204,0.39097699522972107,773851701,XLM-USD,CRYPTO,yfinance,1d
2021-10-21,0.3917439877986908,0.39767900109291077,0.3724679946899414,0.372622013092041,872728684,XLM-USD,CRYPTO,yfinance,1d
2021-10-22,0.37340399622917175,0.38065099716186523,0.3664099872112274,0.3721350133419037,580788689,XLM-USD,CRYPTO,yfinance,1d
2021-10-23,0.37214601039886475,0.3786669969558716,0.36862099170684814,0.3786669969558716,435009216,XLM-USD,CRYPTO,yfinance,1d
2021-10-24,0.37832000851631165,0.38637998700141907,0.36733898520469666,0.3728429973125458,553801827,XLM-USD,CRYPTO,yfinance,1d
2021-10-25,0.37255001068115234,0.3868040144443512,0.3713400065898895,0.3868040144443512,526688249,XLM-USD,CRYPTO,yfinance,1d
2021-10-26,0.3878360092639923,0.3878360092639923,0.3700070083141327,0.373432993888855,555780297,XLM-USD,CRYPTO,yfinance,1d
2021-10-27,0.37317198514938354,0.37548598647117615,0.31451699137687683,0.3307560086250305,994505737,XLM-USD,CRYPTO,yfinance,1d
2021-10-28,0.3307409882545471,0.348704993724823,0.32624998688697815,0.34280499815940857,848320375,XLM-USD,CRYPTO,yfinance,1d
2021-10-29,0.34272900223731995,0.36299800872802734,0.3410860002040863,0.3616490066051483,643201164,XLM-USD,CRYPTO,yfinance,1d
2021-10-30,0.36157000064849854,0.3654879927635193,0.3517400026321411,0.3586150109767914,616126735,XLM-USD,CRYPTO,yfinance,1d
2021-10-31,0.3587360084056854,0.3886429965496063,0.3574270009994507,0.37285101413726807,1141283804,XLM-USD,CRYPTO,yfinance,1d
2021-11-01,0.3728330135345459,0.3756600022315979,0.35857298970222473,0.3665519952774048,631127554,XLM-USD,CRYPTO,yfinance,1d
2021-11-02,0.36609798669815063,0.3819270133972168,0.3631899952888489,0.3818199932575226,625727471,XLM-USD,CRYPTO,yfinance,1d
2021-11-03,0.3822849988937378,0.3985080122947693,0.37185999751091003,0.38496699929237366,978825789,XLM-USD,CRYPTO,yfinance,1d
2021-11-04,0.38520199060440063,0.39019399881362915,0.3658350110054016,0.36968401074409485,617166860,XLM-USD,CRYPTO,yfinance,1d
2021-11-05,0.3699829876422882,0.3737199902534485,0.3590349853038788,0.3599959909915924,503402576,XLM-USD,CRYPTO,yfinance,1d
2021-11-06,0.3595379889011383,0.36441001296043396,0.3506929874420166,0.3591710031032562,447494356,XLM-USD,CRYPTO,yfinance,1d
2021-11-07,0.35940098762512207,0.3659769892692566,0.35739898681640625,0.36343398690223694,413751906,XLM-USD,CRYPTO,yfinance,1d
2021-11-08,0.36394500732421875,0.37878701090812683,0.36339300870895386,0.37761399149894714,640416168,XLM-USD,CRYPTO,yfinance,1d
2021-11-09,0.37806200981140137,0.42044299840927124,0.3739500045776367,0.41214901208877563,1338692934,XLM-USD,CRYPTO,yfinance,1d
2021-11-10,0.41255098581314087,0.44027000665664673,0.3674300014972687,0.38525500893592834,1970017508,XLM-USD,CRYPTO,yfinance,1d
2021-11-11,0.3844369947910309,0.4030289947986603,0.3761729896068573,0.3920750021934509,1026266028,XLM-USD,CRYPTO,yfinance,1d
2021-11-12,0.39152398705482483,0.3945600092411041,0.36528700590133667,0.37947899103164673,775630899,XLM-USD,CRYPTO,yfinance,1d
2021-11-13,0.379381000995636,0.38275501132011414,0.37084299325942993,0.3789159953594208,493020779,XLM-USD,CRYPTO,yfinance,1d
2021-11-14,0.37871599197387695,0.38207200169563293,0.36811700463294983,0.3774290084838867,464387096,XLM-USD,CRYPTO,yfinance,1d
2021-11-15,0.37749698758125305,0.3938179910182953,0.37511199712753296,0.3759410083293915,667229793,XLM-USD,CRYPTO,yfinance,1d
2021-11-16,0.3775370121002197,0.3775370121002197,0.33271801471710205,0.34405699372291565,948088990,XLM-USD,CRYPTO,yfinance,1d
2021-11-17,0.34382501244544983,0.3494420051574707,0.3331800103187561,0.34639599919319153,727420599,XLM-USD,CRYPTO,yfinance,1d
2021-11-18,0.34637901186943054,0.3551560044288635,0.31461501121520996,0.3281559944152832,880640903,XLM-USD,CRYPTO,yfinance,1d
2021-11-19,0.32775598764419556,0.3566820025444031,0.32622799277305603,0.35402101278305054,721979989,XLM-USD,CRYPTO,yfinance,1d
2021-11-20,0.3541570007801056,0.3586840033531189,0.3374190032482147,0.34873199462890625,541831702,XLM-USD,CRYPTO,yfinance,1d
2021-11-21,0.34860000014305115,0.34912100434303284,0.3387160003185272,0.3441599905490875,455960879,XLM-USD,CRYPTO,yfinance,1d
2021-11-22,0.3440839946269989,0.35635000467300415,0.3323200047016144,0.33660998940467834,777532438,XLM-USD,CRYPTO,yfinance,1d
2021-11-23,0.33656400442123413,0.3423910140991211,0.3288789987564087,0.34072500467300415,638197000,XLM-USD,CRYPTO,yfinance,1d
2021-11-24,0.3413499891757965,0.3414910137653351,0.3215489983558655,0.3332670032978058,585096905,XLM-USD,CRYPTO,yfinance,1d
2021-11-25,0.3274880051612854,0.34758999943733215,0.32603099942207336,0.3319610059261322,535017346,XLM-USD,CRYPTO,yfinance,1d
2021-11-26,0.34173598885536194,0.35023999214172363,0.3078809976577759,0.3279300034046173,1137172623,XLM-USD,CRYPTO,yfinance,1d
2021-11-27,0.32891198992729187,0.33495399355888367,0.321397989988327,0.32656899094581604,634035168,XLM-USD,CRYPTO,yfinance,1d
2021-11-28,0.3263019919395447,0.3268280029296875,0.30267199873924255,0.32363998889923096,654631818,XLM-USD,CRYPTO,yfinance,1d
2021-11-29,0.32383298873901367,0.3338559865951538,0.32320499420166016,0.32852301001548767,543953655,XLM-USD,CRYPTO,yfinance,1d
2021-11-30,0.3284650146961212,0.3507559895515442,0.328372985124588,0.3361639976501465,765495934,XLM-USD,CRYPTO,yfinance,1d
2021-12-01,0.33568400144577026,0.34552401304244995,0.3263219892978668,0.32787999510765076,557755808,XLM-USD,CRYPTO,yfinance,1d
2021-12-02,0.3279629945755005,0.34015101194381714,0.3181760013103485,0.33831000328063965,550972339,XLM-USD,CRYPTO,yfinance,1d
2021-12-03,0.33967098593711853,0.3632330000400543,0.32390400767326355,0.32617300748825073,1347154478,XLM-USD,CRYPTO,yfinance,1d
2021-12-04,0.3268269896507263,0.3268269896507263,0.2321159988641739,0.2891579866409302,1824623320,XLM-USD,CRYPTO,yfinance,1d
2021-12-05,0.28957200050354004,0.29426300525665283,0.26003798842430115,0.2805449962615967,1051929731,XLM-USD,CRYPTO,yfinance,1d
2021-12-06,0.2799310088157654,0.2967660129070282,0.24823400378227234,0.29603999853134155,1216160034,XLM-USD,CRYPTO,yfinance,1d
2021-12-07,0.2959910035133362,0.2993580102920532,0.282353013753891,0.2871840000152588,707957073,XLM-USD,CRYPTO,yfinance,1d
2021-12-08,0.2869400084018707,0.3071430027484894,0.2838689982891083,0.30618101358413696,820595435,XLM-USD,CRYPTO,yfinance,1d
2021-12-09,0.3057900071144104,0.3065069913864136,0.27405500411987305,0.27405500411987305,671983127,XLM-USD,CRYPTO,yfinance,1d
2021-12-10,0.2742910087108612,0.28079700469970703,0.26028600335121155,0.26120299100875854,526491215,XLM-USD,CRYPTO,yfinance,1d
2021-12-11,0.2612150013446808,0.2796750068664551,0.2570750117301941,0.27464601397514343,429024912,XLM-USD,CRYPTO,yfinance,1d
2021-12-12,0.27442601323127747,0.28169000148773193,0.26726898550987244,0.27625998854637146,319633170,XLM-USD,CRYPTO,yfinance,1d
2021-12-13,0.2762320041656494,0.2770160138607025,0.2519170045852661,0.25312501192092896,401585731,XLM-USD,CRYPTO,yfinance,1d
2021-12-14,0.2532149851322174,0.26942598819732666,0.24865199625492096,0.2606559991836548,583635011,XLM-USD,CRYPTO,yfinance,1d
2021-12-15,0.26773199439048767,0.2751060128211975,0.24688200652599335,0.2729879915714264,536910293,XLM-USD,CRYPTO,yfinance,1d
2021-12-16,0.27295199036598206,0.27433401346206665,0.25535300374031067,0.2558700144290924,405880374,XLM-USD,CRYPTO,yfinance,1d
2021-12-17,0.25576600432395935,0.26226699352264404,0.24661199748516083,0.2551470100879669,431554141,XLM-USD,CRYPTO,yfinance,1d
2021-12-18,0.2551000118255615,0.26618099212646484,0.25105199217796326,0.2552010118961334,390164790,XLM-USD,CRYPTO,yfinance,1d
2021-12-19,0.2555460035800934,0.2664409875869751,0.2521759867668152,0.25326499342918396,360812096,XLM-USD,CRYPTO,yfinance,1d
2021-12-20,0.2535429894924164,0.2734009921550751,0.25120800733566284,0.2577170133590698,743523572,XLM-USD,CRYPTO,yfinance,1d
2021-12-21,0.2575240135192871,0.26931700110435486,0.2532159984111786,0.26756298542022705,480382354,XLM-USD,CRYPTO,yfinance,1d
2021-12-22,0.267643004655838,0.27706798911094666,0.26718300580978394,0.2672390043735504,434602912,XLM-USD,CRYPTO,yfinance,1d
2021-12-23,0.2673960030078888,0.2895449995994568,0.2652580142021179,0.28720301389694214,485730717,XLM-USD,CRYPTO,yfinance,1d
2021-12-24,0.28755199909210205,0.2883409857749939,0.276172012090683,0.27855199575424194,372761398,XLM-USD,CRYPTO,yfinance,1d
2021-12-25,0.27837300300598145,0.29468199610710144,0.276852011680603,0.28915300965309143,361103343,XLM-USD,CRYPTO,yfinance,1d
2021-12-26,0.2891559898853302,0.29391101002693176,0.28506800532341003,0.2914699912071228,289305466,XLM-USD,CRYPTO,yfinance,1d
2021-12-27,0.2915149927139282,0.30528900027275085,0.2912620007991791,0.2989110052585602,322738218,XLM-USD,CRYPTO,yfinance,1d
2021-12-28,0.2986139953136444,0.2986550033092499,0.27384498715400696,0.27457401156425476,462409941,XLM-USD,CRYPTO,yfinance,1d
2021-12-29,0.27444300055503845,0.2793920040130615,0.2656570076942444,0.2664420008659363,373052601,XLM-USD,CRYPTO,yfinance,1d
2021-12-30,0.26700401306152344,0.27513399720191956,0.2613779902458191,0.26832500100135803,341379014,XLM-USD,CRYPTO,yfinance,1d
2021-12-31,0.26840999722480774,0.27615299820899963,0.26027101278305054,0.2673940062522888,336363186,XLM-USD,CRYPTO,yfinance,1d
2022-01-01,0.26740801334381104,0.2763659954071045,0.26687100529670715,0.2763350009918213,257588527,XLM-USD,CRYPTO,yfinance,1d
2022-01-02,0.27631500363349915,0.291716992855072,0.2759479880332947,0.2917029857635498,322943755,XLM-USD,CRYPTO,yfinance,1d
2022-01-03,0.29173099994659424,0.2956399917602539,0.2865409851074219,0.2901810109615326,441514235,XLM-USD,CRYPTO,yfinance,1d
2022-01-04,0.2903139889240265,0.29078400135040283,0.2796289920806885,0.2796669900417328,355236108,XLM-USD,CRYPTO,yfinance,1d
2022-01-05,0.27969399094581604,0.2943210005760193,0.2582229971885681,0.2672800123691559,513227148,XLM-USD,CRYPTO,yfinance,1d
2022-01-06,0.2672939896583557,0.2717899978160858,0.25959399342536926,0.26808398962020874,454884986,XLM-USD,CRYPTO,yfinance,1d
2022-01-07,0.2680329978466034,0.26811400055885315,0.2526090145111084,0.2569580078125,474854447,XLM-USD,CRYPTO,yfinance,1d
2022-01-08,0.25697898864746094,0.264055997133255,0.24855799973011017,0.2560740113258362,482029101,XLM-USD,CRYPTO,yfinance,1d
2022-01-09,0.25608500838279724,0.26360300183296204,0.25459301471710205,0.2612740099430084,257543793,XLM-USD,CRYPTO,yfinance,1d
2022-01-10,0.26126599311828613,0.2635430097579956,0.24093599617481232,0.2531079947948456,442391126,XLM-USD,CRYPTO,yfinance,1d
2022-01-11,0.25309398770332336,0.2627919912338257,0.24905399978160858,0.26273199915885925,365495933,XLM-USD,CRYPTO,yfinance,1d
2022-01-12,0.26278001070022583,0.2905290126800537,0.26278001070022583,0.2826089859008789,597727271,XLM-USD,CRYPTO,yfinance,1d
2022-01-13,0.28263598680496216,0.2894270122051239,0.2699649930000305,0.2699649930000305,470587060,XLM-USD,CRYPTO,yfinance,1d
2022-01-14,0.2699289917945862,0.2781749963760376,0.26307299733161926,0.2663399875164032,609155084,XLM-USD,CRYPTO,yfinance,1d
2022-01-15,0.26632899045944214,0.2678999900817871,0.2581320106983185,0.25994300842285156,481735151,XLM-USD,CRYPTO,yfinance,1d
2022-01-16,0.259880006313324,0.2624019980430603,0.2559559941291809,0.2587670087814331,269067010,XLM-USD,CRYPTO,yfinance,1d
2022-01-17,0.25880101323127747,0.2594510018825531,0.2508159875869751,0.25624799728393555,330982585,XLM-USD,CRYPTO,yfinance,1d
2022-01-18,0.25626298785209656,0.2574029862880707,0.24977600574493408,0.25443100929260254,357600888,XLM-USD,CRYPTO,yfinance,1d
2022-01-19,0.2544269859790802,0.2555469870567322,0.24471700191497803,0.24651500582695007,308832798,XLM-USD,CRYPTO,yfinance,1d
2022-01-20,0.2464590072631836,0.2522749900817871,0.23159000277519226,0.23163700103759766,281044842,XLM-USD,CRYPTO,yfinance,1d
2022-01-21,0.2317190021276474,0.23369699716567993,0.20072300732135773,0.2029860019683838,697731808,XLM-USD,CRYPTO,yfinance,1d
2022-01-22,0.20305399596691132,0.20775599777698517,0.17209400236606598,0.19201800227165222,772768364,XLM-USD,CRYPTO,yfinance,1d
2022-01-23,0.1920969933271408,0.20059199631214142,0.188850998878479,0.20059199631214142,427113217,XLM-USD,CRYPTO,yfinance,1d
2022-01-24,0.20059199631214142,0.2007409930229187,0.1733579933643341,0.19765399396419525,551589772,XLM-USD,CRYPTO,yfinance,1d
2022-01-25,0.19765600562095642,0.1985190063714981,0.18861700594425201,0.1968120038509369,363440655,XLM-USD,CRYPTO,yfinance,1d
2022-01-26,0.1968040019273758,0.20695899426937103,0.19230599701404572,0.19713400304317474,405490280,XLM-USD,CRYPTO,yfinance,1d
2022-01-27,0.19708099961280823,0.20015500485897064,0.1880200058221817,0.1938370019197464,294588163,XLM-USD,CRYPTO,yfinance,1d
2022-01-28,0.19380000233650208,0.19931599497795105,0.18984100222587585,0.1987220048904419,232930533,XLM-USD,CRYPTO,yfinance,1d
2022-01-29,0.19870400428771973,0.20426499843597412,0.19798800349235535,0.2027290016412735,190032044,XLM-USD,CRYPTO,yfinance,1d
2022-01-30,0.20284299552440643,0.20619399845600128,0.1933239996433258,0.19550999999046326,183344638,XLM-USD,CRYPTO,yfinance,1d
2022-01-31,0.19550499320030212,0.20043599605560303,0.19056099653244019,0.19983400404453278,237552709,XLM-USD,CRYPTO,yfinance,1d
2022-02-01,0.19982899725437164,0.20596499741077423,0.1994449943304062,0.20184500515460968,287577364,XLM-USD,CRYPTO,yfinance,1d
2022-02-02,0.2018360048532486,0.20561100542545319,0.19210000336170197,0.19296200573444366,258768448,XLM-USD,CRYPTO,yfinance,1d
2022-02-03,0.19298499822616577,0.19470100104808807,0.18973200023174286,0.19426800310611725,220706092,XLM-USD,CRYPTO,yfinance,1d
2022-02-04,0.19422100484371185,0.20913299918174744,0.19372999668121338,0.2088879942893982,263077538,XLM-USD,CRYPTO,yfinance,1d
2022-02-05,0.20889100432395935,0.21600699424743652,0.2083519995212555,0.21339300274848938,239414729,XLM-USD,CRYPTO,yfinance,1d
2022-02-06,0.2134079933166504,0.22407500445842743,0.2133059948682785,0.22368299961090088,249520319,XLM-USD,CRYPTO,yfinance,1d
2022-02-07,0.22370800375938416,0.24160900712013245,0.21981899440288544,0.2392909973859787,522659623,XLM-USD,CRYPTO,yfinance,1d
2022-02-08,0.2393539994955063,0.2561579942703247,0.233473002910614,0.24280400574207306,692180158,XLM-USD,CRYPTO,yfinance,1d
2022-02-09,0.24265800416469574,0.2434149980545044,0.2350900024175644,0.23878300189971924,378548242,XLM-USD,CRYPTO,yfinance,1d
2022-02-10,0.238769993185997,0.24247099459171295,0.22966399788856506,0.23242099583148956,387120530,XLM-USD,CRYPTO,yfinance,1d
2022-02-11,0.23241999745368958,0.23241999745368958,0.21407799422740936,0.21555200219154358,327197014,XLM-USD,CRYPTO,yfinance,1d
2022-02-12,0.21555300056934357,0.22392000257968903,0.2126549929380417,0.2181989997625351,261514982,XLM-USD,CRYPTO,yfinance,1d
2022-02-13,0.21817700564861298,0.22167199850082397,0.211435005068779,0.2116210013628006,228218610,XLM-USD,CRYPTO,yfinance,1d
2022-02-14,0.2115129977464676,0.21361100673675537,0.2062540054321289,0.2110459953546524,256265259,XLM-USD,CRYPTO,yfinance,1d
2022-02-15,0.21104300022125244,0.22173699736595154,0.2098589986562729,0.22106799483299255,288500463,XLM-USD,CRYPTO,yfinance,1d
2022-02-16,0.22109299898147583,0.22124700248241425,0.21414799988269806,0.2192710041999817,284100730,XLM-USD,CRYPTO,yfinance,1d
2022-02-17,0.21920399367809296,0.22586099803447723,0.20178699493408203,0.20243200659751892,358767623,XLM-USD,CRYPTO,yfinance,1d
2022-02-18,0.20249499380588531,0.2085230052471161,0.1959560066461563,0.20110200345516205,302321719,XLM-USD,CRYPTO,yfinance,1d
2022-02-19,0.20105299353599548,0.2101060003042221,0.19727100431919098,0.20423899590969086,342769286,XLM-USD,CRYPTO,yfinance,1d
2022-02-20,0.20422999560832977,0.20538200438022614,0.1938910037279129,0.1949319988489151,308362363,XLM-USD,CRYPTO,yfinance,1d
2022-02-21,0.19488100707530975,0.20061799883842468,0.1784520000219345,0.17881999909877777,427761247,XLM-USD,CRYPTO,yfinance,1d
2022-02-22,0.1787949949502945,0.18659600615501404,0.17422999441623688,0.1858759969472885,340863445,XLM-USD,CRYPTO,yfinance,1d
2022-02-23,0.18586799502372742,0.19342400133609772,0.18200300633907318,0.18200300633907318,269704720,XLM-USD,CRYPTO,yfinance,1d
2022-02-24,0.1819790005683899,0.18513000011444092,0.1629589945077896,0.1825059950351715,613745631,XLM-USD,CRYPTO,yfinance,1d
2022-02-25,0.18251599371433258,0.19069699943065643,0.17865300178527832,0.19069699943065643,308094245,XLM-USD,CRYPTO,yfinance,1d
2022-02-26,0.19065000116825104,0.20118799805641174,0.19029800593852997,0.192780002951622,266053910,XLM-USD,CRYPTO,yfinance,1d
2022-02-27,0.19275599718093872,0.19372600317001343,0.17955100536346436,0.18126800656318665,243626115,XLM-USD,CRYPTO,yfinance,1d
2022-02-28,0.18124200403690338,0.19688700139522552,0.17846499383449554,0.19688700139522552,346438963,XLM-USD,CRYPTO,yfinance,1d
2022-03-01,0.19688400626182556,0.20222100615501404,0.19377100467681885,0.19853200018405914,366440538,XLM-USD,CRYPTO,yfinance,1d
2022-03-02,0.19853000342845917,0.1991569995880127,0.19173599779605865,0.1934960037469864,278126307,XLM-USD,CRYPTO,yfinance,1d
2022-03-03,0.19350500404834747,0.19480900466442108,0.1857530027627945,0.1879190057516098,242843709,XLM-USD,CRYPTO,yfinance,1d
2022-03-04,0.1879429966211319,0.1883540004491806,0.17463399469852448,0.17593300342559814,276657264,XLM-USD,CRYPTO,yfinance,1d
2022-03-05,0.17598700523376465,0.18032200634479523,0.17285799980163574,0.1800999939441681,223758638,XLM-USD,CRYPTO,yfinance,1d
2022-03-06,0.1801149994134903,0.18130700290203094,0.1733669936656952,0.1733669936656952,202256641,XLM-USD,CRYPTO,yfinance,1d
2022-03-07,0.17337700724601746,0.17834199965000153,0.16772699356079102,0.1704529970884323,304096054,XLM-USD,CRYPTO,yfinance,1d
2022-03-08,0.17042699456214905,0.17384499311447144,0.1687619984149933,0.1729860007762909,285125715,XLM-USD,CRYPTO,yfinance,1d
2022-03-09,0.17301900684833527,0.18960100412368774,0.17257000505924225,0.18902400135993958,386554005,XLM-USD,CRYPTO,yfinance,1d
2022-03-10,0.18898800015449524,0.19094699621200562,0.17478199303150177,0.17903800308704376,453692643,XLM-USD,CRYPTO,yfinance,1d
2022-03-11,0.17902599275112152,0.1850000023841858,0.1736070066690445,0.18390600383281708,424726400,XLM-USD,CRYPTO,yfinance,1d
2022-03-12,0.18390299379825592,0.1897590011358261,0.18298499286174774,0.18528799712657928,293622842,XLM-USD,CRYPTO,yfinance,1d
2022-03-13,0.18525099754333496,0.1886419951915741,0.17676399648189545,0.17722800374031067,248238949,XLM-USD,CRYPTO,yfinance,1d
2022-03-14,0.17721199989318848,0.1806890070438385,0.1746719926595688,0.18012799322605133,283219657,XLM-USD,CRYPTO,yfinance,1d
2022-03-15,0.18010200560092926,0.1834769994020462,0.17625099420547485,0.182546004652977,257425036,XLM-USD,CRYPTO,yfinance,1d
2022-03-16,0.18257300555706024,0.18930499255657196,0.1809380054473877,0.18927299976348877,311880263,XLM-USD,CRYPTO,yfinance,1d
2022-03-17,0.18927599489688873,0.19073200225830078,0.1859070062637329,0.18967300653457642,232329053,XLM-USD,CRYPTO,yfinance,1d
2022-03-18,0.18966099619865417,0.19339799880981445,0.1861329972743988,0.19304199516773224,234230334,XLM-USD,CRYPTO,yfinance,1d
2022-03-19,0.193013995885849,0.20000499486923218,0.19124099612236023,0.20000499486923218,231310421,XLM-USD,CRYPTO,yfinance,1d
2022-03-20,0.2000429928302765,0.20150600373744965,0.1930219978094101,0.1969909965991974,249485637,XLM-USD,CRYPTO,yfinance,1d
2022-03-21,0.1969670057296753,0.20388799905776978,0.19346199929714203,0.20388799905776978,298846990,XLM-USD,CRYPTO,yfinance,1d
2022-03-22,0.2038619965314865,0.2127469927072525,0.201992005109787,0.20714999735355377,370409145,XLM-USD,CRYPTO,yfinance,1d
2022-03-23,0.20712600648403168,0.211434006690979,0.2049030065536499,0.20947499573230743,297745592,XLM-USD,CRYPTO,yfinance,1d
2022-03-24,0.2094539999961853,0.2164040058851242,0.20693600177764893,0.21476900577545166,341103883,XLM-USD,CRYPTO,yfinance,1d
2022-03-25,0.2147729992866516,0.2198600023984909,0.21122099459171295,0.21156500279903412,364877309,XLM-USD,CRYPTO,yfinance,1d
2022-03-26,0.21156400442123413,0.21548600494861603,0.20959700644016266,0.21546399593353271,191935808,XLM-USD,CRYPTO,yfinance,1d
2022-03-27,0.21546800434589386,0.23036600649356842,0.21521000564098358,0.22978700697422028,414372026,XLM-USD,CRYPTO,yfinance,1d
2022-03-28,0.22979499399662018,0.24045099318027496,0.22879399359226227,0.23042599856853485,572055650,XLM-USD,CRYPTO,yfinance,1d
2022-03-29,0.23029200732707977,0.23912200331687927,0.22982700169086456,0.23336200416088104,458795630,XLM-USD,CRYPTO,yfinance,1d
2022-03-30,0.2333489954471588,0.23736900091171265,0.2276179939508438,0.23481899499893188,411616459,XLM-USD,CRYPTO,yfinance,1d
2022-03-31,0.2348330020904541,0.24085499346256256,0.22752299904823303,0.22827699780464172,519581167,XLM-USD,CRYPTO,yfinance,1d
2022-04-01,0.2283170074224472,0.23260299861431122,0.22251099348068237,0.23253199458122253,414465408,XLM-USD,CRYPTO,yfinance,1d
2022-04-02,0.23253600299358368,0.2369920015335083,0.23158299922943115,0.23330900073051453,343852672,XLM-USD,CRYPTO,yfinance,1d
2022-04-03,0.23329000174999237,0.2380570024251938,0.23120200634002686,0.2370470017194748,257367114,XLM-USD,CRYPTO,yfinance,1d
2022-04-04,0.2370239943265915,0.2370239943265915,0.2275400012731552,0.23214299976825714,339385999,XLM-USD,CRYPTO,yfinance,1d
2022-04-05,0.2321549952030182,0.23374399542808533,0.22526699304580688,0.22532199323177338,288380942,XLM-USD,CRYPTO,yfinance,1d
2022-04-06,0.22533799707889557,0.22533799707889557,0.20339800417423248,0.20339800417423248,399643172,XLM-USD,CRYPTO,yfinance,1d
2022-04-07,0.20344899594783783,0.21417200565338135,0.2019219994544983,0.21293500065803528,279840753,XLM-USD,CRYPTO,yfinance,1d
2022-04-08,0.2129400074481964,0.21310800313949585,0.20091399550437927,0.2017270028591156,280562596,XLM-USD,CRYPTO,yfinance,1d
2022-04-09,0.2017430067062378,0.2060219943523407,0.20132599771022797,0.20501799881458282,206213142,XLM-USD,CRYPTO,yfinance,1d
2022-04-10,0.2050209939479828,0.2075899988412857,0.20183899998664856,0.20183899998664856,594570237,XLM-USD,CRYPTO,yfinance,1d
2022-04-11,0.20172099769115448,0.20172099769115448,0.18639299273490906,0.18679000437259674,327641211,XLM-USD,CRYPTO,yfinance,1d
2022-04-12,0.18682600557804108,0.1936589926481247,0.18646900355815887,0.1926169991493225,276109945,XLM-USD,CRYPTO,yfinance,1d
2022-04-13,0.1926019936800003,0.19697700440883636,0.19113700091838837,0.19653700292110443,259336927,XLM-USD,CRYPTO,yfinance,1d
2022-04-14,0.1965080052614212,0.19935399293899536,0.1921599954366684,0.19388000667095184,293870421,XLM-USD,CRYPTO,yfinance,1d
2022-04-15,0.1938920021057129,0.21137599647045135,0.19329799711704254,0.20419999957084656,484582124,XLM-USD,CRYPTO,yfinance,1d
2022-04-16,0.2041880041360855,0.20757099986076355,0.20269200205802917,0.20560899376869202,221022876,XLM-USD,CRYPTO,yfinance,1d
2022-04-17,0.20558400452136993,0.20670899748802185,0.19733600318431854,0.19738000631332397,261973119,XLM-USD,CRYPTO,yfinance,1d
2022-04-18,0.19737499952316284,0.2060140073299408,0.19081300497055054,0.20509499311447144,404920433,XLM-USD,CRYPTO,yfinance,1d
2022-04-19,0.2050970047712326,0.2057410031557083,0.20081999897956848,0.2040340006351471,385823376,XLM-USD,CRYPTO,yfinance,1d
2022-04-20,0.2040179967880249,0.20608000457286835,0.19975000619888306,0.200422003865242,372570408,XLM-USD,CRYPTO,yfinance,1d
2022-04-21,0.20040400326251984,0.2039559930562973,0.19413700699806213,0.1964620053768158,578702264,XLM-USD,CRYPTO,yfinance,1d
2022-04-22,0.1964689940214157,0.1982479989528656,0.19438199698925018,0.19561399519443512,300555726,XLM-USD,CRYPTO,yfinance,1d
2022-04-23,0.19560599327087402,0.1969819962978363,0.19175100326538086,0.19199100136756897,196016145,XLM-USD,CRYPTO,yfinance,1d
2022-04-24,0.19198200106620789,0.1937430053949356,0.18973200023174286,0.18989700078964233,200008876,XLM-USD,CRYPTO,yfinance,1d
2022-04-25,0.18994900584220886,0.1928980052471161,0.17949000000953674,0.19221100211143494,326748689,XLM-USD,CRYPTO,yfinance,1d
2022-04-26,0.19219699501991272,0.19237500429153442,0.17875100672245026,0.18034300208091736,299404226,XLM-USD,CRYPTO,yfinance,1d
2022-04-27,0.18038900196552277,0.18654200434684753,0.18007799983024597,0.1843699961900711,258619858,XLM-USD,CRYPTO,yfinance,1d
2022-04-28,0.1843709945678711,0.18841400742530823,0.18304899334907532,0.18569299578666687,250839456,XLM-USD,CRYPTO,yfinance,1d
2022-04-29,0.18568900227546692,0.1872600018978119,0.17708800733089447,0.17791999876499176,240601532,XLM-USD,CRYPTO,yfinance,1d
2022-04-30,0.17792600393295288,0.1812330037355423,0.1685899943113327,0.16937899589538574,228819322,XLM-USD,CRYPTO,yfinance,1d
2022-05-01,0.1693349927663803,0.17630800604820251,0.16926300525665283,0.1759900003671646,212244204,XLM-USD,CRYPTO,yfinance,1d
2022-05-02,0.17595399916172028,0.17756600677967072,0.1715800017118454,0.17370599508285522,218925395,XLM-USD,CRYPTO,yfinance,1d
2022-05-03,0.1736990064382553,0.17695599794387817,0.17052699625492096,0.17210699617862701,203067845,XLM-USD,CRYPTO,yfinance,1d
2022-05-04,0.17207300662994385,0.1846259981393814,0.1719440072774887,0.18457099795341492,277227614,XLM-USD,CRYPTO,yfinance,1d
2022-05-05,0.18456700444221497,0.18738800287246704,0.16842299699783325,0.17126399278640747,289549066,XLM-USD,CRYPTO,yfinance,1d
2022-05-06,0.17125800251960754,0.17265400290489197,0.1657329946756363,0.17129400372505188,265368272,XLM-USD,CRYPTO,yfinance,1d
2022-05-07,0.1713390052318573,0.17188400030136108,0.1657799929380417,0.16765299439430237,232274824,XLM-USD,CRYPTO,yfinance,1d
2022-05-08,0.1676580011844635,0.16783300042152405,0.16119800508022308,0.16173799335956573,235290037,XLM-USD,CRYPTO,yfinance,1d
2022-05-09,0.16173900663852692,0.16493600606918335,0.14140699803829193,0.14297400414943695,414553908,XLM-USD,CRYPTO,yfinance,1d
2022-05-10,0.14242899417877197,0.1558839976787567,0.1377359926700592,0.14840500056743622,538883641,XLM-USD,CRYPTO,yfinance,1d
2022-05-11,0.14837899804115295,0.15028099715709686,0.11936900019645691,0.12552300095558167,666385581,XLM-USD,CRYPTO,yfinance,1d
2022-05-12,0.12552599608898163,0.1300089955329895,0.10666699707508087,0.12093000113964081,560231473,XLM-USD,CRYPTO,yfinance,1d
2022-05-13,0.1208759993314743,0.13948999345302582,0.12029000371694565,0.13190999627113342,265923419,XLM-USD,CRYPTO,yfinance,1d
2022-05-14,0.13194599747657776,0.13957199454307556,0.12803100049495697,0.13843600451946259,237326847,XLM-USD,CRYPTO,yfinance,1d
2022-05-15,0.1383959949016571,0.14495299756526947,0.1345759928226471,0.1448429971933365,191580720,XLM-USD,CRYPTO,yfinance,1d
2022-05-16,0.14486299455165863,0.14491499960422516,0.13443399965763092,0.13577799499034882,198693580,XLM-USD,CRYPTO,yfinance,1d
2022-05-17,0.13578499853610992,0.1418749988079071,0.13471099734306335,0.14169800281524658,192271552,XLM-USD,CRYPTO,yfinance,1d
2022-05-18,0.14169199764728546,0.1428460031747818,0.1287660002708435,0.1287660002708435,175200042,XLM-USD,CRYPTO,yfinance,1d
2022-05-19,0.12871000170707703,0.13348299264907837,0.12394200265407562,0.1305440068244934,180731278,XLM-USD,CRYPTO,yfinance,1d
2022-05-20,0.13053999841213226,0.13381099700927734,0.1250389963388443,0.1269409954547882,175032524,XLM-USD,CRYPTO,yfinance,1d
2022-05-21,0.1269190013408661,0.13093000650405884,0.12459799647331238,0.13063199818134308,148214985,XLM-USD,CRYPTO,yfinance,1d
2022-05-22,0.1306309998035431,0.13623400032520294,0.13040900230407715,0.13570299744606018,156845453,XLM-USD,CRYPTO,yfinance,1d
2022-05-23,0.13567599654197693,0.1380150020122528,0.1289529949426651,0.12901799380779266,171784457,XLM-USD,CRYPTO,yfinance,1d
2022-05-24,0.12904199957847595,0.13303999602794647,0.12511999905109406,0.13284100592136383,158294274,XLM-USD,CRYPTO,yfinance,1d
2022-05-25,0.13285699486732483,0.13424499332904816,0.1288439929485321,0.13215899467468262,164368909,XLM-USD,CRYPTO,yfinance,1d
2022-05-26,0.13216599822044373,0.13364699482917786,0.12186499685049057,0.12487299740314484,207611286,XLM-USD,CRYPTO,yfinance,1d
2022-05-27,0.12484899908304214,0.12484899908304214,0.11898799985647202,0.12029000371694565,195310091,XLM-USD,CRYPTO,yfinance,1d
2022-05-28,0.12187200039625168,0.12356700003147125,0.12027399986982346,0.12274699658155441,153604637,XLM-USD,CRYPTO,yfinance,1d
2022-05-29,0.1227400004863739,0.13075999915599823,0.1222200021147728,0.13075999915599823,214128336,XLM-USD,CRYPTO,yfinance,1d
2022-05-30,0.13076600432395935,0.1434600055217743,0.13076600432395935,0.14336000382900238,253152236,XLM-USD,CRYPTO,yfinance,1d
2022-05-31,0.14337000250816345,0.1529020071029663,0.1416420042514801,0.15018799901008606,361759577,XLM-USD,CRYPTO,yfinance,1d
2022-06-01,0.1501920074224472,0.15059800446033478,0.13429099321365356,0.13707299530506134,249828012,XLM-USD,CRYPTO,yfinance,1d
2022-06-02,0.1370680034160614,0.14388200640678406,0.13576699793338776,0.14320799708366394,210752099,XLM-USD,CRYPTO,yfinance,1d
2022-06-03,0.14319799840450287,0.15037499368190765,0.14005300402641296,0.14652299880981445,282916044,XLM-USD,CRYPTO,yfinance,1d
2022-06-04,0.14655199646949768,0.14707599580287933,0.141185000538826,0.14345699548721313,206373182,XLM-USD,CRYPTO,yfinance,1d
2022-06-05,0.14346200227737427,0.14729399979114532,0.1415729969739914,0.14369599521160126,160459187,XLM-USD,CRYPTO,yfinance,1d
2022-06-06,0.1437090039253235,0.15017400681972504,0.1429239958524704,0.1449269950389862,200734238,XLM-USD,CRYPTO,yfinance,1d
2022-06-07,0.1449420005083084,0.14504800736904144,0.1349940001964569,0.14059799909591675,191202104,XLM-USD,CRYPTO,yfinance,1d
2022-06-08,0.1405930072069168,0.1434590071439743,0.13648399710655212,0.14015600085258484,164498951,XLM-USD,CRYPTO,yfinance,1d
2022-06-09,0.140174999833107,0.14220699667930603,0.13881100714206696,0.13990400731563568,113974717,XLM-USD,CRYPTO,yfinance,1d
2022-06-10,0.13991400599479675,0.140858992934227,0.1325960010290146,0.1331460028886795,163133544,XLM-USD,CRYPTO,yfinance,1d
2022-06-11,0.13313700258731842,0.1352979987859726,0.12309200316667557,0.12510399520397186,166703348,XLM-USD,CRYPTO,yfinance,1d
2022-06-12,0.1251160055398941,0.1266469955444336,0.11783900111913681,0.11928699910640717,171019071,XLM-USD,CRYPTO,yfinance,1d
2022-06-13,0.11925099790096283,0.11925099790096283,0.10441499948501587,0.10651999711990356,310164173,XLM-USD,CRYPTO,yfinance,1d
2022-06-14,0.10654699802398682,0.11498399823904037,0.1008009985089302,0.11292000114917755,256922676,XLM-USD,CRYPTO,yfinance,1d
2022-06-15,0.1129010021686554,0.12134700268507004,0.10416799783706665,0.1205269992351532,276561102,XLM-USD,CRYPTO,yfinance,1d
2022-06-16,0.1205340027809143,0.12261100113391876,0.10724300146102905,0.10885699838399887,192385357,XLM-USD,CRYPTO,yfinance,1d
2022-06-17,0.10887599736452103,0.11537099629640579,0.10779699683189392,0.11208300292491913,170389773,XLM-USD,CRYPTO,yfinance,1d
2022-06-18,0.11207100003957748,0.11323300004005432,0.10082200169563293,0.10783299803733826,186007288,XLM-USD,CRYPTO,yfinance,1d
2022-06-19,0.10779000073671341,0.11593999713659286,0.10501299798488617,0.1145709976553917,222696512,XLM-USD,CRYPTO,yfinance,1d
2022-06-20,0.1145699992775917,0.11758299916982651,0.11057399958372116,0.11317899823188782,172788293,XLM-USD,CRYPTO,yfinance,1d
2022-06-21,0.11316700279712677,0.11889000236988068,0.11191000044345856,0.11415000259876251,181843171,XLM-USD,CRYPTO,yfinance,1d
2022-06-22,0.11419700086116791,0.11537300050258636,0.11015100032091141,0.11328800022602081,167247661,XLM-USD,CRYPTO,yfinance,1d
2022-06-23,0.11327999830245972,0.11881399899721146,0.11310400068759918,0.11799199879169464,161075206,XLM-USD,CRYPTO,yfinance,1d
2022-06-24,0.11798299849033356,0.12895600497722626,0.11794999986886978,0.12784600257873535,210683408,XLM-USD,CRYPTO,yfinance,1d
2022-06-25,0.12783800065517426,0.12987999618053436,0.1230970025062561,0.1269019991159439,138928338,XLM-USD,CRYPTO,yfinance,1d
2022-06-26,0.12687599658966064,0.12782199680805206,0.12020500004291534,0.12021899968385696,131745823,XLM-USD,CRYPTO,yfinance,1d
2022-06-27,0.12022600322961807,0.12398900091648102,0.1172420009970665,0.118988998234272,144574714,XLM-USD,CRYPTO,yfinance,1d
2022-06-28,0.11895299702882767,0.12104299664497375,0.11417099833488464,0.11444199830293655,150328461,XLM-USD,CRYPTO,yfinance,1d
2022-06-29,0.11444400250911713,0.11539400368928909,0.10769999772310257,0.10981199890375137,166544765,XLM-USD,CRYPTO,yfinance,1d
2022-06-30,0.10983099788427353,0.11195400357246399,0.10339900106191635,0.11195100098848343,191365275,XLM-USD,CRYPTO,yfinance,1d
2022-07-01,0.11202999949455261,0.11446599662303925,0.10806900262832642,0.10935799777507782,164310601,XLM-USD,CRYPTO,yfinance,1d
2022-07-02,0.10941199958324432,0.11058499664068222,0.10584399849176407,0.10864999890327454,143832220,XLM-USD,CRYPTO,yfinance,1d
2022-07-03,0.10864699631929398,0.11094699800014496,0.10616700351238251,0.1089479997754097,115827369,XLM-USD,CRYPTO,yfinance,1d
2022-07-04,0.10895899683237076,0.1112150028347969,0.10678599774837494,0.1111840009689331,128160650,XLM-USD,CRYPTO,yfinance,1d
2022-07-05,0.11117599904537201,0.111285001039505,0.10532499849796295,0.10807099938392639,153636923,XLM-USD,CRYPTO,yfinance,1d
2022-07-06,0.10808700323104858,0.11015500128269196,0.10693000257015228,0.10937099903821945,136378224,XLM-USD,CRYPTO,yfinance,1d
2022-07-07,0.10936100035905838,0.11505799740552902,0.10917700082063675,0.11395499855279922,134788194,XLM-USD,CRYPTO,yfinance,1d
2022-07-08,0.11395200341939926,0.11812499910593033,0.1121470034122467,0.11332400143146515,173028251,XLM-USD,CRYPTO,yfinance,1d
2022-07-09,0.11332199722528458,0.11493399739265442,0.11223000288009644,0.11281099915504456,122697996,XLM-USD,CRYPTO,yfinance,1d
2022-07-10,0.11280599981546402,0.11281199753284454,0.10615800321102142,0.10741200298070908,147251380,XLM-USD,CRYPTO,yfinance,1d
2022-07-11,0.10740199685096741,0.10770399868488312,0.10136900097131729,0.10143300145864487,134856973,XLM-USD,CRYPTO,yfinance,1d
2022-07-12,0.10143700242042542,0.10339800268411636,0.10053600370883942,0.10054700076580048,117798486,XLM-USD,CRYPTO,yfinance,1d
2022-07-13,0.10055699944496155,0.10556700080633163,0.09927699714899063,0.10540500283241272,168350449,XLM-USD,CRYPTO,yfinance,1d
2022-07-14,0.10541000217199326,0.10698500275611877,0.10212499648332596,0.10698500275611877,120399649,XLM-USD,CRYPTO,yfinance,1d
2022-07-15,0.10700400173664093,0.10812799632549286,0.10544700175523758,0.10748899728059769,135346877,XLM-USD,CRYPTO,yfinance,1d
2022-07-16,0.10747700184583664,0.11009000241756439,0.1055620014667511,0.10943000018596649,126183140,XLM-USD,CRYPTO,yfinance,1d
2022-07-17,0.10944200307130814,0.1111299991607666,0.10650999844074249,0.10650999844074249,127526961,XLM-USD,CRYPTO,yfinance,1d
2022-07-18,0.10652799904346466,0.11580000072717667,0.10652799904346466,0.11446300148963928,190351073,XLM-USD,CRYPTO,yfinance,1d
2022-07-19,0.11438599973917007,0.11967899650335312,0.11121200025081635,0.11865200102329254,211382615,XLM-USD,CRYPTO,yfinance,1d
2022-07-20,0.1186399981379509,0.12077300250530243,0.11153700202703476,0.11196199804544449,200654996,XLM-USD,CRYPTO,yfinance,1d
2022-07-21,0.11196699738502502,0.11387400329113007,0.10966300219297409,0.11354699730873108,173029533,XLM-USD,CRYPTO,yfinance,1d
2022-07-22,0.11355599761009216,0.11580000072717667,0.11080499738454819,0.11195199936628342,187196105,XLM-USD,CRYPTO,yfinance,1d
2022-07-23,0.11192700266838074,0.1135139986872673,0.10948699712753296,0.11160899698734283,152994307,XLM-USD,CRYPTO,yfinance,1d
2022-07-24,0.11161299794912338,0.11536700278520584,0.11159200221300125,0.11342699825763702,155714978,XLM-USD,CRYPTO,yfinance,1d
2022-07-25,0.11340600252151489,0.11373099684715271,0.10619500279426575,0.10619500279426575,192522186,XLM-USD,CRYPTO,yfinance,1d
2022-07-26,0.10616900026798248,0.10616900026798248,0.10257100313901901,0.1054610013961792,172029786,XLM-USD,CRYPTO,yfinance,1d
2022-07-27,0.10548199713230133,0.11246199905872345,0.10368700325489044,0.11246199905872345,191273158,XLM-USD,CRYPTO,yfinance,1d
2022-07-28,0.11247000098228455,0.11772699654102325,0.11076600104570389,0.11666599661111832,211563181,XLM-USD,CRYPTO,yfinance,1d
2022-07-29,0.11666800081729889,0.1194859966635704,0.11477299779653549,0.11778300255537033,221479601,XLM-USD,CRYPTO,yfinance,1d
2022-07-30,0.11776500195264816,0.12492399662733078,0.11649499833583832,0.11936599761247635,261547877,XLM-USD,CRYPTO,yfinance,1d
2022-07-31,0.11938799917697906,0.12245900183916092,0.1171170026063919,0.11778700351715088,193432151,XLM-USD,CRYPTO,yfinance,1d
2022-08-01,0.11778900027275085,0.12022899836301804,0.11702899634838104,0.11857999861240387,162458862,XLM-USD,CRYPTO,yfinance,1d
2022-08-02,0.11855299770832062,0.11971399933099747,0.1138719990849495,0.11517299711704254,164759052,XLM-USD,CRYPTO,yfinance,1d
2022-08-03,0.11518300324678421,0.1171870008111,0.11337599903345108,0.11418599635362625,127258404,XLM-USD,CRYPTO,yfinance,1d
2022-08-04,0.11418599635362625,0.11631900072097778,0.1129940003156662,0.11391200125217438,116364311,XLM-USD,CRYPTO,yfinance,1d
2022-08-05,0.11389599740505219,0.11827400326728821,0.11389400064945221,0.11827400326728821,120447196,XLM-USD,CRYPTO,yfinance,1d
2022-08-06,0.11827600002288818,0.12289199978113174,0.11820100247859955,0.1217230036854744,118039192,XLM-USD,CRYPTO,yfinance,1d
2022-08-07,0.12172800302505493,0.12476900219917297,0.12028799951076508,0.12368600070476532,142333716,XLM-USD,CRYPTO,yfinance,1d
2022-08-08,0.12369900196790695,0.13754600286483765,0.12363199889659882,0.13010799884796143,312426972,XLM-USD,CRYPTO,yfinance,1d
2022-08-09,0.13012699782848358,0.13026100397109985,0.12158700078725815,0.12224499881267548,164518924,XLM-USD,CRYPTO,yfinance,1d
2022-08-10,0.12223199754953384,0.12583200633525848,0.11982200294733047,0.1257299929857254,145704810,XLM-USD,CRYPTO,yfinance,1d
2022-08-11,0.12574300169944763,0.1271989941596985,0.12472700327634811,0.12536199390888214,138626027,XLM-USD,CRYPTO,yfinance,1d
2022-08-12,0.1253640055656433,0.1263819932937622,0.12361499667167664,0.1263210028409958,110049372,XLM-USD,CRYPTO,yfinance,1d
2022-08-13,0.1263190060853958,0.1283780038356781,0.12591099739074707,0.12667900323867798,103362241,XLM-USD,CRYPTO,yfinance,1d
2022-08-14,0.12669000029563904,0.1294270008802414,0.12476799637079239,0.1256050020456314,117860284,XLM-USD,CRYPTO,yfinance,1d
2022-08-15,0.12561899423599243,0.12852899730205536,0.12212599813938141,0.12350799888372421,122980183,XLM-USD,CRYPTO,yfinance,1d
2022-08-16,0.12348999828100204,0.12422499805688858,0.12135300040245056,0.12195199728012085,114373960,XLM-USD,CRYPTO,yfinance,1d
2022-08-17,0.12194699794054031,0.12735900282859802,0.1196800023317337,0.1210940033197403,153882884,XLM-USD,CRYPTO,yfinance,1d
2022-08-18,0.12110500037670135,0.12165199965238571,0.1159290000796318,0.11598099768161774,109032328,XLM-USD,CRYPTO,yfinance,1d
2022-08-19,0.11600399762392044,0.11626700311899185,0.1073480024933815,0.10814200341701508,175614282,XLM-USD,CRYPTO,yfinance,1d
2022-08-20,0.10812299698591232,0.11034899950027466,0.10773400217294693,0.10924500226974487,109498831,XLM-USD,CRYPTO,yfinance,1d
2022-08-21,0.10921800136566162,0.11212199926376343,0.10818299651145935,0.11109700053930283,90010172,XLM-USD,CRYPTO,yfinance,1d
2022-08-22,0.11109499633312225,0.11109499633312225,0.10644300282001495,0.10957200080156326,106285743,XLM-USD,CRYPTO,yfinance,1d
2022-08-23,0.10959800332784653,0.11113700270652771,0.10753899812698364,0.11080600321292877,106370062,XLM-USD,CRYPTO,yfinance,1d
2022-08-24,0.1107959970831871,0.11093199998140335,0.10845600068569183,0.10943900048732758,99891183,XLM-USD,CRYPTO,yfinance,1d
2022-08-25,0.10944399982690811,0.11088699847459793,0.10914299637079239,0.1103539988398552,98602272,XLM-USD,CRYPTO,yfinance,1d
2022-08-26,0.11034899950027466,0.1137320026755333,0.10323700308799744,0.10379999876022339,177849583,XLM-USD,CRYPTO,yfinance,1d
2022-08-27,0.10380899906158447,0.10561099648475647,0.10288099944591522,0.10554800182580948,109455837,XLM-USD,CRYPTO,yfinance,1d
2022-08-28,0.10554900020360947,0.10663200169801712,0.10285300016403198,0.10285300016403198,115756080,XLM-USD,CRYPTO,yfinance,1d
2022-08-29,0.10289999842643738,0.10592900216579437,0.10143899917602539,0.10586600005626678,118284211,XLM-USD,CRYPTO,yfinance,1d
2022-08-30,0.10587099939584732,0.10666099935770035,0.1008640006184578,0.10242199897766113,122694688,XLM-USD,CRYPTO,yfinance,1d
2022-08-31,0.10243000090122223,0.10549499839544296,0.10243000090122223,0.10427600145339966,91852590,XLM-USD,CRYPTO,yfinance,1d
2022-09-01,0.10428500175476074,0.10538099706172943,0.1022619977593422,0.10500899702310562,98886535,XLM-USD,CRYPTO,yfinance,1d
2022-09-02,0.10500600188970566,0.10620299726724625,0.10333599895238876,0.10444500297307968,97579577,XLM-USD,CRYPTO,yfinance,1d
2022-09-03,0.10444699972867966,0.10567300021648407,0.10413800179958344,0.1052820011973381,67323191,XLM-USD,CRYPTO,yfinance,1d
2022-09-04,0.10527300089597702,0.10864300280809402,0.10500700026750565,0.10638900101184845,71590123,XLM-USD,CRYPTO,yfinance,1d
2022-09-05,0.1063850000500679,0.1066650003194809,0.10381600260734558,0.10503800213336945,67953223,XLM-USD,CRYPTO,yfinance,1d
2022-09-06,0.10504300147294998,0.1073710024356842,0.09981799870729446,0.0999630019068718,120319181,XLM-USD,CRYPTO,yfinance,1d
2022-09-07,0.09995099902153015,0.10328300297260284,0.0990070030093193,0.10299400240182877,104275231,XLM-USD,CRYPTO,yfinance,1d
2022-09-08,0.10299000144004822,0.1044510006904602,0.10107699781656265,0.10436999797821045,104455970,XLM-USD,CRYPTO,yfinance,1d
2022-09-09,0.10436099767684937,0.11440800130367279,0.10423800349235535,0.11439400166273117,155213989,XLM-USD,CRYPTO,yfinance,1d
2022-09-10,0.11438699811697006,0.11584799736738205,0.11342400312423706,0.1149429976940155,124809918,XLM-USD,CRYPTO,yfinance,1d
2022-09-11,0.11496199667453766,0.11634200066328049,0.11329600214958191,0.11434999853372574,90190324,XLM-USD,CRYPTO,yfinance,1d
2022-09-12,0.11434300243854523,0.11638599634170532,0.11235500127077103,0.11387000232934952,128269826,XLM-USD,CRYPTO,yfinance,1d
2022-09-13,0.11387500166893005,0.11390099674463272,0.10441099852323532,0.10492900013923645,145253153,XLM-USD,CRYPTO,yfinance,1d
2022-09-14,0.10471899807453156,0.10563500225543976,0.10321799665689468,0.10514800250530243,103726393,XLM-USD,CRYPTO,yfinance,1d
2022-09-15,0.10515999794006348,0.10586699843406677,0.10178499668836594,0.1020750030875206,119683379,XLM-USD,CRYPTO,yfinance,1d
2022-09-16,0.10208199918270111,0.10732699930667877,0.10169299691915512,0.10713999718427658,94714779,XLM-USD,CRYPTO,yfinance,1d
2022-09-17,0.1071539968252182,0.11370500177145004,0.10590200126171112,0.11351899802684784,108261465,XLM-USD,CRYPTO,yfinance,1d
2022-09-18,0.11349300295114517,0.11548399925231934,0.10722099989652634,0.10726100206375122,206136934,XLM-USD,CRYPTO,yfinance,1d
2022-09-19,0.1072549968957901,0.1119299978017807,0.10378900170326233,0.11185300350189209,178542892,XLM-USD,CRYPTO,yfinance,1d
2022-09-20,0.11185599863529205,0.11909099668264389,0.1105630025267601,0.1174440011382103,298873784,XLM-USD,CRYPTO,yfinance,1d
2022-09-21,0.11744700372219086,0.117917999625206,0.10953699797391891,0.11101000010967255,259136332,XLM-USD,CRYPTO,yfinance,1d
2022-09-22,0.11093299835920334,0.12433400005102158,0.11060699820518494,0.12302699685096741,260155342,XLM-USD,CRYPTO,yfinance,1d
2022-09-23,0.12301299721002579,0.13234800100326538,0.11719000339508057,0.12309499830007553,481757049,XLM-USD,CRYPTO,yfinance,1d
2022-09-24,0.12309800088405609,0.12640999257564545,0.11797600239515305,0.11819999665021896,213652557,XLM-USD,CRYPTO,yfinance,1d
2022-09-25,0.11821500211954117,0.12313099950551987,0.11660899966955185,0.11739400029182434,163529482,XLM-USD,CRYPTO,yfinance,1d
2022-09-26,0.11740399897098541,0.11806199699640274,0.11288399994373322,0.11362600326538086,157175076,XLM-USD,CRYPTO,yfinance,1d
2022-09-27,0.11364299803972244,0.11678600311279297,0.10988199710845947,0.11032599955797195,168583919,XLM-USD,CRYPTO,yfinance,1d
2022-09-28,0.11031900346279144,0.11068300157785416,0.10719999670982361,0.1083419993519783,156352649,XLM-USD,CRYPTO,yfinance,1d
2022-09-29,0.1083500012755394,0.11925899982452393,0.10685499757528305,0.11532899737358093,213957673,XLM-USD,CRYPTO,yfinance,1d
2022-09-30,0.11531300097703934,0.116798996925354,0.11346700042486191,0.1144310012459755,198066092,XLM-USD,CRYPTO,yfinance,1d
2022-10-01,0.11443900316953659,0.12205199897289276,0.1142989993095398,0.12135200202465057,267535245,XLM-USD,CRYPTO,yfinance,1d
2022-10-02,0.1213650032877922,0.12250199913978577,0.11836200207471848,0.11857099831104279,189323590,XLM-USD,CRYPTO,yfinance,1d
2022-10-03,0.11856299638748169,0.12031900137662888,0.11384899914264679,0.1169470027089119,156634613,XLM-USD,CRYPTO,yfinance,1d
2022-10-04,0.11693400144577026,0.12188900262117386,0.11580999940633774,0.11914200335741043,172511476,XLM-USD,CRYPTO,yfinance,1d
2022-10-05,0.1191440001130104,0.12032199651002884,0.11716300249099731,0.11894500255584717,141472256,XLM-USD,CRYPTO,yfinance,1d
2022-10-06,0.11894399672746658,0.12117400020360947,0.11861000210046768,0.11943300068378448,142596499,XLM-USD,CRYPTO,yfinance,1d
2022-10-07,0.11943899840116501,0.12349499762058258,0.11696500331163406,0.12232200056314468,172875158,XLM-USD,CRYPTO,yfinance,1d
2022-10-08,0.12231600284576416,0.1269720047712326,0.1220259964466095,0.12625299394130707,213812931,XLM-USD,CRYPTO,yfinance,1d
2022-10-09,0.12625199556350708,0.12926900386810303,0.12496799975633621,0.12883999943733215,149308940,XLM-USD,CRYPTO,yfinance,1d
2022-10-10,0.1288450062274933,0.1290919929742813,0.12381300330162048,0.12381300330162048,145767564,XLM-USD,CRYPTO,yfinance,1d
2022-10-11,0.1237889975309372,0.124379001557827,0.1156969964504242,0.1159920021891594,178505323,XLM-USD,CRYPTO,yfinance,1d
2022-10-12,0.11599499732255936,0.11672099679708481,0.1152300015091896,0.11638999730348587,93890501,XLM-USD,CRYPTO,yfinance,1d
2022-10-13,0.11638999730348587,0.11641500145196915,0.10737799853086472,0.11211500316858292,197485634,XLM-USD,CRYPTO,yfinance,1d
2022-10-14,0.11211399734020233,0.11643200367689133,0.11148600280284882,0.11245100200176239,122876947,XLM-USD,CRYPTO,yfinance,1d
2022-10-15,0.1124500036239624,0.11416299641132355,0.11162000149488449,0.11188899725675583,77632362,XLM-USD,CRYPTO,yfinance,1d
2022-10-16,0.11190000176429749,0.11432500183582306,0.11190000176429749,0.11348699778318405,70520575,XLM-USD,CRYPTO,yfinance,1d
2022-10-17,0.11347799748182297,0.1149509996175766,0.11237899959087372,0.11426699906587601,69765707,XLM-USD,CRYPTO,yfinance,1d
2022-10-18,0.11426900327205658,0.11446099728345871,0.1106100007891655,0.11243399977684021,93520175,XLM-USD,CRYPTO,yfinance,1d
2022-10-19,0.11243399977684021,0.11315599828958511,0.11057800054550171,0.11074899882078171,84191872,XLM-USD,CRYPTO,yfinance,1d
2022-10-20,0.11075399816036224,0.1130710020661354,0.10947000235319138,0.11008500307798386,95260751,XLM-USD,CRYPTO,yfinance,1d
2022-10-21,0.11008399724960327,0.11092499643564224,0.10760100185871124,0.11092499643564224,94558320,XLM-USD,CRYPTO,yfinance,1d
2022-10-22,0.11092700064182281,0.11141499876976013,0.11015400290489197,0.1112539991736412,50247230,XLM-USD,CRYPTO,yfinance,1d
2022-10-23,0.11125499755144119,0.11223000288009644,0.10929500311613083,0.11195400357246399,64009616,XLM-USD,CRYPTO,yfinance,1d
2022-10-24,0.11196000128984451,0.11213000118732452,0.1093830019235611,0.11031900346279144,79500036,XLM-USD,CRYPTO,yfinance,1d
2022-10-25,0.11031399667263031,0.11324100196361542,0.10929500311613083,0.11201400309801102,105309893,XLM-USD,CRYPTO,yfinance,1d
2022-10-26,0.11198999732732773,0.11387400329113007,0.1116660013794899,0.11359599977731705,101810453,XLM-USD,CRYPTO,yfinance,1d
2022-10-27,0.11360500007867813,0.11539699882268906,0.11079800128936768,0.11124599725008011,120094958,XLM-USD,CRYPTO,yfinance,1d
2022-10-28,0.1112470030784607,0.11323899775743484,0.10960199683904648,0.11264699697494507,96194088,XLM-USD,CRYPTO,yfinance,1d
2022-10-29,0.11264800280332565,0.1151140034198761,0.11190599948167801,0.11350300163030624,131309210,XLM-USD,CRYPTO,yfinance,1d
2022-10-30,0.11350700259208679,0.1147880032658577,0.11084000021219254,0.11121899634599686,100536344,XLM-USD,CRYPTO,yfinance,1d
2022-10-31,0.11122699826955795,0.11230599880218506,0.10971599817276001,0.11141599714756012,89219495,XLM-USD,CRYPTO,yfinance,1d
2022-11-01,0.11141200363636017,0.11194200068712234,0.10925699770450592,0.1099260002374649,76900645,XLM-USD,CRYPTO,yfinance,1d
2022-11-02,0.1099189966917038,0.11056800186634064,0.10666900128126144,0.10763800144195557,108751988,XLM-USD,CRYPTO,yfinance,1d
2022-11-03,0.107634998857975,0.11029700189828873,0.10754500329494476,0.10872399806976318,75672027,XLM-USD,CRYPTO,yfinance,1d
2022-11-04,0.10872899740934372,0.115665003657341,0.10841500014066696,0.11564400047063828,159007344,XLM-USD,CRYPTO,yfinance,1d
2022-11-05,0.11563999950885773,0.1162630021572113,0.11313699930906296,0.11360500007867813,111383116,XLM-USD,CRYPTO,yfinance,1d
2022-11-06,0.11359799653291702,0.11417599767446518,0.10916399955749512,0.1091649979352951,82513332,XLM-USD,CRYPTO,yfinance,1d
2022-11-07,0.10917499661445618,0.11080899834632874,0.10820300132036209,0.1097949966788292,89495271,XLM-USD,CRYPTO,yfinance,1d
2022-11-08,0.10978200286626816,0.11055699735879898,0.09513700008392334,0.0989769995212555,314215734,XLM-USD,CRYPTO,yfinance,1d
2022-11-09,0.09897799789905548,0.09964500367641449,0.08176600188016891,0.08281499892473221,302402374,XLM-USD,CRYPTO,yfinance,1d
2022-11-10,0.08286300301551819,0.10060200095176697,0.08271100372076035,0.09722200036048889,243182547,XLM-USD,CRYPTO,yfinance,1d
2022-11-11,0.09721200168132782,0.09833899885416031,0.09249400347471237,0.09524399787187576,118307595,XLM-USD,CRYPTO,yfinance,1d
2022-11-12,0.09524600207805634,0.09530799835920334,0.09057000279426575,0.09087099879980087,85831067,XLM-USD,CRYPTO,yfinance,1d
2022-11-13,0.09087800234556198,0.09246499836444855,0.08723200112581253,0.08831500262022018,75108788,XLM-USD,CRYPTO,yfinance,1d
2022-11-14,0.08830399811267853,0.09115800261497498,0.08365900069475174,0.09111399948596954,125988435,XLM-USD,CRYPTO,yfinance,1d
2022-11-15,0.09111399948596954,0.09445200115442276,0.09064500033855438,0.09241800010204315,85032567,XLM-USD,CRYPTO,yfinance,1d
2022-11-16,0.0924300029873848,0.09331200271844864,0.08894400298595428,0.08987600356340408,66183841,XLM-USD,CRYPTO,yfinance,1d
2022-11-17,0.08987300097942352,0.09094999730587006,0.08899600058794022,0.0904109999537468,59662824,XLM-USD,CRYPTO,yfinance,1d
2022-11-18,0.09041199833154678,0.0912730023264885,0.0885159969329834,0.08935599774122238,49552274,XLM-USD,CRYPTO,yfinance,1d
2022-11-19,0.08934099972248077,0.09090899676084518,0.08814799785614014,0.09042699635028839,40096369,XLM-USD,CRYPTO,yfinance,1d
2022-11-20,0.09042300283908844,0.09141899645328522,0.0865039974451065,0.08657799661159515,51988913,XLM-USD,CRYPTO,yfinance,1d
2022-11-21,0.08657199889421463,0.08723799884319305,0.08302299678325653,0.08432699739933014,79452376,XLM-USD,CRYPTO,yfinance,1d
2022-11-22,0.08432699739933014,0.08715599775314331,0.08281400054693222,0.08700700104236603,65272228,XLM-USD,CRYPTO,yfinance,1d
2022-11-23,0.08702900260686874,0.08875200152397156,0.08671300113201141,0.088578000664711,55341196,XLM-USD,CRYPTO,yfinance,1d
2022-11-24,0.08858700096607208,0.08998899906873703,0.0876540020108223,0.08998899906873703,55435803,XLM-USD,CRYPTO,yfinance,1d
2022-11-25,0.08998099714517593,0.09069599956274033,0.08790600299835205,0.08931200206279755,58226474,XLM-USD,CRYPTO,yfinance,1d
2022-11-26,0.08930999785661697,0.09038099646568298,0.08767499774694443,0.08816800266504288,46124177,XLM-USD,CRYPTO,yfinance,1d
2022-11-27,0.0881659984588623,0.09180700033903122,0.08812499791383743,0.09014300256967545,71932328,XLM-USD,CRYPTO,yfinance,1d
2022-11-28,0.09012799710035324,0.09084899723529816,0.08584900200366974,0.0873349979519844,79379109,XLM-USD,CRYPTO,yfinance,1d
2022-11-29,0.08733300119638443,0.08917400240898132,0.08683700114488602,0.08864100277423859,46060378,XLM-USD,CRYPTO,yfinance,1d
2022-11-30,0.0886479988694191,0.09030500054359436,0.08787199854850769,0.08979599922895432,60809851,XLM-USD,CRYPTO,yfinance,1d
2022-12-01,0.08980000019073486,0.08998499810695648,0.08726300299167633,0.08753000199794769,46242586,XLM-USD,CRYPTO,yfinance,1d
2022-12-02,0.08754099905490875,0.08814100176095963,0.08655700087547302,0.08810699731111526,45596066,XLM-USD,CRYPTO,yfinance,1d
2022-12-03,0.08812300115823746,0.0887570008635521,0.08632999658584595,0.08642400056123734,45065499,XLM-USD,CRYPTO,yfinance,1d
2022-12-04,0.08643600344657898,0.08791500329971313,0.08640100061893463,0.08784700185060501,31731567,XLM-USD,CRYPTO,yfinance,1d
2022-12-05,0.08783700317144394,0.08877500146627426,0.0861319974064827,0.08687499910593033,41711473,XLM-USD,CRYPTO,yfinance,1d
2022-12-06,0.08688200265169144,0.08722899854183197,0.08528400212526321,0.08610700070858002,39095890,XLM-USD,CRYPTO,yfinance,1d
2022-12-07,0.08611000329256058,0.08611000329256058,0.08355999737977982,0.0842830017209053,42437133,XLM-USD,CRYPTO,yfinance,1d
2022-12-08,0.08428599685430527,0.08564300090074539,0.08375699818134308,0.08557300269603729,39932375,XLM-USD,CRYPTO,yfinance,1d
2022-12-09,0.08557099848985672,0.08589000254869461,0.08481500297784805,0.08515600115060806,37724780,XLM-USD,CRYPTO,yfinance,1d
2022-12-10,0.08515799790620804,0.08579999953508377,0.08486499637365341,0.08522599935531616,31055667,XLM-USD,CRYPTO,yfinance,1d
2022-12-11,0.08522800356149673,0.08547600358724594,0.08378899842500687,0.083917997777462,35042647,XLM-USD,CRYPTO,yfinance,1d
2022-12-12,0.0839110016822815,0.08461199700832367,0.08234599977731705,0.08427900075912476,46022907,XLM-USD,CRYPTO,yfinance,1d
2022-12-13,0.08428599685430527,0.0847800001502037,0.08154699951410294,0.08399400115013123,70334082,XLM-USD,CRYPTO,yfinance,1d
2022-12-14,0.0839959979057312,0.08456800132989883,0.08237999677658081,0.08301399648189545,46514963,XLM-USD,CRYPTO,yfinance,1d
2022-12-15,0.08301500231027603,0.08406499773263931,0.08137299865484238,0.08184599876403809,64921345,XLM-USD,CRYPTO,yfinance,1d
2022-12-16,0.08185400068759918,0.08226799964904785,0.07456400245428085,0.07456400245428085,63975105,XLM-USD,CRYPTO,yfinance,1d
2022-12-17,0.0745289996266365,0.07585400342941284,0.07289399951696396,0.07577800005674362,42453929,XLM-USD,CRYPTO,yfinance,1d
2022-12-18,0.07578100264072418,0.07704699784517288,0.07554499804973602,0.07659699767827988,25751299,XLM-USD,CRYPTO,yfinance,1d
2022-12-19,0.07660900056362152,0.07708500325679779,0.07327599823474884,0.07338699698448181,47270201,XLM-USD,CRYPTO,yfinance,1d
2022-12-20,0.07338599860668182,0.07613100111484528,0.07333700358867645,0.0759970024228096,48710105,XLM-USD,CRYPTO,yfinance,1d
2022-12-21,0.0759890004992485,0.0759890004992485,0.07417400181293488,0.07509200274944305,38734448,XLM-USD,CRYPTO,yfinance,1d
2022-12-22,0.07509399950504303,0.07573100179433823,0.07396499812602997,0.07572100311517715,34853252,XLM-USD,CRYPTO,yfinance,1d
2022-12-23,0.07572200149297714,0.07613600045442581,0.07529900223016739,0.07536700367927551,34375090,XLM-USD,CRYPTO,yfinance,1d
2022-12-24,0.07537300139665604,0.07569000124931335,0.074242003262043,0.0743890032172203,26403141,XLM-USD,CRYPTO,yfinance,1d
2022-12-25,0.07438699901103973,0.07450199872255325,0.07298599928617477,0.07385600358247757,27720364,XLM-USD,CRYPTO,yfinance,1d
2022-12-26,0.07385300099849701,0.0752519965171814,0.07375700026750565,0.07519199699163437,32654992,XLM-USD,CRYPTO,yfinance,1d
2022-12-27,0.07519099861383438,0.07534699887037277,0.07373499870300293,0.07413700222969055,41785694,XLM-USD,CRYPTO,yfinance,1d
2022-12-28,0.07413700222969055,0.07447499781847,0.07163000106811523,0.07177899777889252,62353994,XLM-USD,CRYPTO,yfinance,1d
2022-12-29,0.07177700102329254,0.0725179985165596,0.07086300104856491,0.07203199714422226,81160229,XLM-USD,CRYPTO,yfinance,1d
2022-12-30,0.07202699780464172,0.07236500084400177,0.07119499891996384,0.07234299927949905,53942462,XLM-USD,CRYPTO,yfinance,1d
2022-12-31,0.07234600186347961,0.07236900180578232,0.07110700011253357,0.07114700227975845,32982439,XLM-USD,CRYPTO,yfinance,1d
2023-01-01,0.0711439996957779,0.07268700003623962,0.0708409994840622,0.07252400368452072,34017236,XLM-USD,CRYPTO,yfinance,1d
2023-01-02,0.07251899689435959,0.07429300248622894,0.07131999731063843,0.07371799647808075,59178367,XLM-USD,CRYPTO,yfinance,1d
2023-01-03,0.07371900230646133,0.07435499876737595,0.07295999675989151,0.07364899665117264,41886099,XLM-USD,CRYPTO,yfinance,1d
2023-01-04,0.07365100085735321,0.07448200136423111,0.07288199663162231,0.07383599877357483,55137728,XLM-USD,CRYPTO,yfinance,1d
2023-01-05,0.07384499907493591,0.0742259994149208,0.07270800322294235,0.07288999855518341,44495591,XLM-USD,CRYPTO,yfinance,1d
2023-01-06,0.0728909969329834,0.07531700283288956,0.07203499972820282,0.07504300028085709,46645563,XLM-USD,CRYPTO,yfinance,1d
2023-01-07,0.0750420019030571,0.0758569985628128,0.07465299963951111,0.07565800100564957,33268080,XLM-USD,CRYPTO,yfinance,1d
2023-01-08,0.075654998421669,0.07726100087165833,0.07488600164651871,0.07716900110244751,40492640,XLM-USD,CRYPTO,yfinance,1d
2023-01-09,0.0771770030260086,0.08070199936628342,0.07716400176286697,0.07946500182151794,74040999,XLM-USD,CRYPTO,yfinance,1d
2023-01-10,0.07945399731397629,0.08015000075101852,0.07834800332784653,0.0795539990067482,56806127,XLM-USD,CRYPTO,yfinance,1d
2023-01-11,0.0795620009303093,0.08151800185441971,0.07846000045537949,0.08140300214290619,87202663,XLM-USD,CRYPTO,yfinance,1d
2023-01-12,0.08179900050163269,0.08240699768066406,0.07913800328969955,0.08164399862289429,77734140,XLM-USD,CRYPTO,yfinance,1d
2023-01-13,0.08163899928331375,0.08506199717521667,0.08071599900722504,0.08458200097084045,78033542,XLM-USD,CRYPTO,yfinance,1d
2023-01-14,0.0845780000090599,0.0904809981584549,0.0845780000090599,0.08729799836874008,113102803,XLM-USD,CRYPTO,yfinance,1d
2023-01-15,0.0872960016131401,0.0881659984588623,0.08515899628400803,0.08806300163269043,72040393,XLM-USD,CRYPTO,yfinance,1d
2023-01-16,0.08805999904870987,0.09041000157594681,0.086497001349926,0.08777700364589691,73559156,XLM-USD,CRYPTO,yfinance,1d
2023-01-17,0.08778200298547745,0.08811700344085693,0.08630699664354324,0.08639699965715408,57706349,XLM-USD,CRYPTO,yfinance,1d
2023-01-18,0.08640900254249573,0.08893000334501266,0.08249899744987488,0.0825830027461052,80965057,XLM-USD,CRYPTO,yfinance,1d
2023-01-19,0.08257299661636353,0.08451800048351288,0.08235099911689758,0.08438999950885773,50986509,XLM-USD,CRYPTO,yfinance,1d
2023-01-20,0.08439499884843826,0.08889699727296829,0.08343300223350525,0.08888600021600723,70760039,XLM-USD,CRYPTO,yfinance,1d
2023-01-21,0.08889199793338776,0.09292300045490265,0.08824100345373154,0.09038600325584412,96407621,XLM-USD,CRYPTO,yfinance,1d
2023-01-22,0.09037800133228302,0.09347300231456757,0.09006199985742569,0.09103599935770035,78358378,XLM-USD,CRYPTO,yfinance,1d
2023-01-23,0.09103800356388092,0.09549099951982498,0.09095899760723114,0.09447800368070602,92698305,XLM-USD,CRYPTO,yfinance,1d
2023-01-24,0.09446100145578384,0.0959559977054596,0.0901079997420311,0.09050499647855759,80298218,XLM-USD,CRYPTO,yfinance,1d
2023-01-25,0.0905120000243187,0.0938280001282692,0.08917699754238129,0.09246399998664856,71658730,XLM-USD,CRYPTO,yfinance,1d
2023-01-26,0.09244800359010696,0.09296700358390808,0.09100800007581711,0.09198600053787231,61754311,XLM-USD,CRYPTO,yfinance,1d
2023-01-27,0.09198600053787231,0.09312199801206589,0.09027600288391113,0.09251199662685394,55775721,XLM-USD,CRYPTO,yfinance,1d
2023-01-28,0.09251599758863449,0.09403999894857407,0.0919789969921112,0.09275999665260315,47094050,XLM-USD,CRYPTO,yfinance,1d
2023-01-29,0.09275099635124207,0.09449800103902817,0.0923750028014183,0.09443999826908112,54571772,XLM-USD,CRYPTO,yfinance,1d
2023-01-30,0.09443800151348114,0.09464500099420547,0.08895900100469589,0.08994299918413162,69768802,XLM-USD,CRYPTO,yfinance,1d
2023-01-31,0.08995100110769272,0.09147399663925171,0.0894630029797554,0.09074699878692627,57213806,XLM-USD,CRYPTO,yfinance,1d
2023-02-01,0.0907370001077652,0.09244599938392639,0.0878250002861023,0.09227599948644638,70731137,XLM-USD,CRYPTO,yfinance,1d
2023-02-02,0.09227100014686584,0.09454400092363358,0.091498002409935,0.09163399785757065,73101973,XLM-USD,CRYPTO,yfinance,1d
2023-02-03,0.09163100272417068,0.09317900240421295,0.09163100272417068,0.09280899912118912,54056017,XLM-USD,CRYPTO,yfinance,1d
2023-02-04,0.09282799810171127,0.09397900104522705,0.09230799973011017,0.09303300082683563,43999885,XLM-USD,CRYPTO,yfinance,1d
2023-02-05,0.09303800016641617,0.0937189981341362,0.08999600261449814,0.09098599851131439,57939190,XLM-USD,CRYPTO,yfinance,1d
2023-02-06,0.09098400175571442,0.0916609987616539,0.08885899931192398,0.08885899931192398,48047787,XLM-USD,CRYPTO,yfinance,1d
2023-02-07,0.08886899799108505,0.09204000234603882,0.08883800357580185,0.09201499819755554,64731385,XLM-USD,CRYPTO,yfinance,1d
2023-02-08,0.09200800210237503,0.09263599663972855,0.08994799852371216,0.09098300337791443,70159611,XLM-USD,CRYPTO,yfinance,1d
2023-02-09,0.09099200367927551,0.09130000323057175,0.08487900346517563,0.0855259969830513,90603465,XLM-USD,CRYPTO,yfinance,1d
2023-02-10,0.0855259969830513,0.08693400025367737,0.08526399731636047,0.0856809988617897,50834850,XLM-USD,CRYPTO,yfinance,1d
2023-02-11,0.08568400144577026,0.08671700209379196,0.08530200272798538,0.08627399802207947,34026038,XLM-USD,CRYPTO,yfinance,1d
2023-02-12,0.08627600222826004,0.08716099709272385,0.08467599749565125,0.08506599813699722,41728132,XLM-USD,CRYPTO,yfinance,1d
2023-02-13,0.08507099747657776,0.08561000227928162,0.0823889970779419,0.08513599634170532,69528829,XLM-USD,CRYPTO,yfinance,1d
2023-02-14,0.08512499928474426,0.08593499660491943,0.08337300270795822,0.0859299972653389,54486776,XLM-USD,CRYPTO,yfinance,1d
2023-02-15,0.0859299972653389,0.09016600251197815,0.08488199859857559,0.09015599638223648,74014673,XLM-USD,CRYPTO,yfinance,1d
2023-02-16,0.09016700088977814,0.09106999635696411,0.08660899847745895,0.08662699908018112,86773947,XLM-USD,CRYPTO,yfinance,1d
2023-02-17,0.08659599721431732,0.09064900130033493,0.08619800209999084,0.09064900130033493,65603934,XLM-USD,CRYPTO,yfinance,1d
2023-02-18,0.09066399931907654,0.09306199848651886,0.0898590013384819,0.09210599958896637,77919524,XLM-USD,CRYPTO,yfinance,1d
2023-02-19,0.09206999838352203,0.09342800080776215,0.09022899717092514,0.09057900309562683,71468382,XLM-USD,CRYPTO,yfinance,1d
2023-02-20,0.0906049981713295,0.09482000023126602,0.08942099660634995,0.09448099881410599,86473798,XLM-USD,CRYPTO,yfinance,1d
2023-02-21,0.09448300302028656,0.0977109968662262,0.09397300332784653,0.09484300017356873,129504219,XLM-USD,CRYPTO,yfinance,1d
2023-02-22,0.09485000371932983,0.09502899646759033,0.09053999930620193,0.09243399649858475,83783596,XLM-USD,CRYPTO,yfinance,1d
2023-02-23,0.09242500364780426,0.09314700216054916,0.09059000015258789,0.09101799875497818,59519121,XLM-USD,CRYPTO,yfinance,1d
2023-02-24,0.09100399911403656,0.09156899899244308,0.08797899633646011,0.08911299705505371,71973563,XLM-USD,CRYPTO,yfinance,1d
2023-02-25,0.08911000192165375,0.08950100094079971,0.08684500306844711,0.0880419984459877,52848594,XLM-USD,CRYPTO,yfinance,1d
2023-02-26,0.08803199976682663,0.08895699679851532,0.08727800101041794,0.0889270007610321,39743916,XLM-USD,CRYPTO,yfinance,1d
2023-02-27,0.08892799913883209,0.08928599953651428,0.08741600066423416,0.08837399631738663,55434132,XLM-USD,CRYPTO,yfinance,1d
2023-02-28,0.08837500214576721,0.08847600221633911,0.08612100034952164,0.08703400194644928,52625408,XLM-USD,CRYPTO,yfinance,1d
2023-03-01,0.0870399996638298,0.08848299831151962,0.08682999759912491,0.08810199797153473,48844692,XLM-USD,CRYPTO,yfinance,1d
2023-03-02,0.08810099959373474,0.08821500092744827,0.08646199852228165,0.0874520018696785,46858868,XLM-USD,CRYPTO,yfinance,1d
2023-03-03,0.0874520018696785,0.08759599924087524,0.08328299969434738,0.08561799675226212,73070519,XLM-USD,CRYPTO,yfinance,1d
2023-03-04,0.0856190025806427,0.08581099659204483,0.0823339968919754,0.08360400050878525,38283169,XLM-USD,CRYPTO,yfinance,1d
2023-03-05,0.08360499888658524,0.08441100269556046,0.08265899866819382,0.0827530026435852,35262802,XLM-USD,CRYPTO,yfinance,1d
2023-03-06,0.08275199681520462,0.0835219994187355,0.08197899907827377,0.08350799977779388,40799663,XLM-USD,CRYPTO,yfinance,1d
2023-03-07,0.0835070013999939,0.08411400020122528,0.08185499906539917,0.08279900252819061,55842843,XLM-USD,CRYPTO,yfinance,1d
2023-03-08,0.08279299736022949,0.08437599986791611,0.08081799745559692,0.08178900182247162,79690107,XLM-USD,CRYPTO,yfinance,1d
2023-03-09,0.08178500086069107,0.08218599855899811,0.07650399953126907,0.07708600163459778,67133528,XLM-USD,CRYPTO,yfinance,1d
2023-03-10,0.07709299772977829,0.07851500064134598,0.0747779980301857,0.07815500348806381,68859084,XLM-USD,CRYPTO,yfinance,1d
2023-03-11,0.0781560018658638,0.07956299930810928,0.07588899880647659,0.07939500361680984,72247390,XLM-USD,CRYPTO,yfinance,1d
2023-03-12,0.07939299941062927,0.08311600238084793,0.07906299829483032,0.08306699991226196,70929099,XLM-USD,CRYPTO,yfinance,1d
2023-03-13,0.08302900195121765,0.08547300100326538,0.08056899905204773,0.08475500345230103,91063377,XLM-USD,CRYPTO,yfinance,1d
2023-03-14,0.08475899696350098,0.0896809995174408,0.08380299806594849,0.08843600004911423,112204719,XLM-USD,CRYPTO,yfinance,1d
2023-03-15,0.08845800161361694,0.08880600333213806,0.08304700255393982,0.08392500132322311,82785899,XLM-USD,CRYPTO,yfinance,1d
2023-03-16,0.0839499980211258,0.08539000153541565,0.08371099829673767,0.084757000207901,55790623,XLM-USD,CRYPTO,yfinance,1d
2023-03-17,0.08476000279188156,0.0881119966506958,0.08409500122070312,0.08809400349855423,75763682,XLM-USD,CRYPTO,yfinance,1d
2023-03-18,0.08811300247907639,0.08873599767684937,0.08549199998378754,0.0856110006570816,70470052,XLM-USD,CRYPTO,yfinance,1d
2023-03-19,0.08561699837446213,0.08918000012636185,0.08561699837446213,0.08793000131845474,73532360,XLM-USD,CRYPTO,yfinance,1d
2023-03-20,0.08792799711227417,0.08961699903011322,0.0864809975028038,0.0865200012922287,75753303,XLM-USD,CRYPTO,yfinance,1d
2023-03-21,0.08653199672698975,0.09912999719381332,0.0860539972782135,0.09654299914836884,209527484,XLM-USD,CRYPTO,yfinance,1d
2023-03-22,0.09653200209140778,0.09706799685955048,0.08871100097894669,0.09089499711990356,138765126,XLM-USD,CRYPTO,yfinance,1d
2023-03-23,0.09089399874210358,0.09365300089120865,0.09019599854946136,0.09255100041627884,89012764,XLM-USD,CRYPTO,yfinance,1d
2023-03-24,0.09256000071763992,0.0926399976015091,0.08776000142097473,0.08888400346040726,73703391,XLM-USD,CRYPTO,yfinance,1d
2023-03-25,0.08888500183820724,0.09287799894809723,0.088687002658844,0.09075900167226791,73901718,XLM-USD,CRYPTO,yfinance,1d
2023-03-26,0.09076099842786789,0.09250999987125397,0.09067200124263763,0.09196200221776962,50915861,XLM-USD,CRYPTO,yfinance,1d
2023-03-27,0.09196099638938904,0.09490299969911575,0.09003700315952301,0.09259899705648422,102659135,XLM-USD,CRYPTO,yfinance,1d
2023-03-28,0.09259700030088425,0.09801899641752243,0.09119100123643875,0.09771399945020676,125708243,XLM-USD,CRYPTO,yfinance,1d
2023-03-29,0.09771300107240677,0.107184998691082,0.09769999980926514,0.1018889993429184,194182902,XLM-USD,CRYPTO,yfinance,1d
2023-03-30,0.10188800096511841,0.10670500248670578,0.10044699907302856,0.1062690019607544,168548645,XLM-USD,CRYPTO,yfinance,1d
2023-03-31,0.10627900063991547,0.11273600161075592,0.10530900210142136,0.11208400130271912,202981746,XLM-USD,CRYPTO,yfinance,1d
2023-04-01,0.1121010035276413,0.11384200304746628,0.10706699639558792,0.10775899887084961,96970945,XLM-USD,CRYPTO,yfinance,1d
2023-04-02,0.10830000042915344,0.1110370010137558,0.10596500337123871,0.106625996530056,82570532,XLM-USD,CRYPTO,yfinance,1d
2023-04-03,0.10662700235843658,0.11031000316143036,0.10526499897241592,0.10678800195455551,100240480,XLM-USD,CRYPTO,yfinance,1d
2023-04-04,0.10678199678659439,0.10695800185203552,0.10475599765777588,0.10616700351238251,72497227,XLM-USD,CRYPTO,yfinance,1d
2023-04-05,0.10616599768400192,0.10867100208997726,0.10554400086402893,0.10728400200605392,69695907,XLM-USD,CRYPTO,yfinance,1d
2023-04-06,0.10729300230741501,0.10729300230741501,0.10437999665737152,0.10578099638223648,57518982,XLM-USD,CRYPTO,yfinance,1d
2023-04-07,0.10578099638223648,0.10646100342273712,0.10431600362062454,0.10646100342273712,49747027,XLM-USD,CRYPTO,yfinance,1d
2023-04-08,0.10645099729299545,0.10653399676084518,0.10408200323581696,0.10441400110721588,36450518,XLM-USD,CRYPTO,yfinance,1d
2023-04-09,0.10441400110721588,0.10548300296068192,0.10291700065135956,0.10481300204992294,39384506,XLM-USD,CRYPTO,yfinance,1d
2023-04-10,0.1048159971833229,0.10586699843406677,0.10260500013828278,0.10572800040245056,45568049,XLM-USD,CRYPTO,yfinance,1d
2023-04-11,0.10572399944067001,0.10722900182008743,0.1050340011715889,0.10518400371074677,54624727,XLM-USD,CRYPTO,yfinance,1d
2023-04-12,0.10518400371074677,0.10527300089597702,0.10269699990749359,0.1045759990811348,47520838,XLM-USD,CRYPTO,yfinance,1d
2023-04-13,0.1036050021648407,0.10572300106287003,0.10337500274181366,0.10544800013303757,51344898,XLM-USD,CRYPTO,yfinance,1d
2023-04-14,0.10544800013303757,0.10892599821090698,0.10542500019073486,0.10706300288438797,88879571,XLM-USD,CRYPTO,yfinance,1d
2023-04-15,0.10706999897956848,0.10753600299358368,0.1060120016336441,0.10660199820995331,44548088,XLM-USD,CRYPTO,yfinance,1d
2023-04-16,0.10659199953079224,0.10793700069189072,0.10572099685668945,0.10745400190353394,46503020,XLM-USD,CRYPTO,yfinance,1d
2023-04-17,0.10745099931955338,0.1075190007686615,0.10350500047206879,0.10407499969005585,52147828,XLM-USD,CRYPTO,yfinance,1d
2023-04-18,0.10407699644565582,0.10617399960756302,0.10367800295352936,0.10558400303125381,56115086,XLM-USD,CRYPTO,yfinance,1d
2023-04-19,0.10558299720287323,0.10590600222349167,0.09714999794960022,0.09769000113010406,88172361,XLM-USD,CRYPTO,yfinance,1d
2023-04-20,0.09769699722528458,0.09843900054693222,0.09449200332164764,0.0957610011100769,61887159,XLM-USD,CRYPTO,yfinance,1d
2023-04-21,0.09576000273227692,0.09661400318145752,0.09237899631261826,0.09301300346851349,61295675,XLM-USD,CRYPTO,yfinance,1d
2023-04-22,0.0930119976401329,0.09562599658966064,0.09216800332069397,0.09559299796819687,40935033,XLM-USD,CRYPTO,yfinance,1d
2023-04-23,0.0955979973077774,0.0955979973077774,0.09298299998044968,0.0945729985833168,36491436,XLM-USD,CRYPTO,yfinance,1d
2023-04-24,0.09457399696111679,0.09608300030231476,0.09219399839639664,0.09347999840974808,54456245,XLM-USD,CRYPTO,yfinance,1d
2023-04-25,0.09346400201320648,0.09500200301408768,0.09215100109577179,0.09491600096225739,44013691,XLM-USD,CRYPTO,yfinance,1d
2023-04-26,0.09491699934005737,0.09692399948835373,0.0911249965429306,0.09355799853801727,67946115,XLM-USD,CRYPTO,yfinance,1d
2023-04-27,0.09357000142335892,0.09497399628162384,0.0927710011601448,0.09436500072479248,44281715,XLM-USD,CRYPTO,yfinance,1d
2023-04-28,0.09436500072479248,0.09570299834012985,0.09380599856376648,0.09474900364875793,40362467,XLM-USD,CRYPTO,yfinance,1d
2023-04-29,0.09475599974393845,0.09579599648714066,0.09443800151348114,0.09579599648714066,30670613,XLM-USD,CRYPTO,yfinance,1d
2023-04-30,0.09579599648714066,0.09587299823760986,0.09431599825620651,0.09464800357818604,31657551,XLM-USD,CRYPTO,yfinance,1d
2023-05-01,0.09464500099420547,0.09464500099420547,0.09186899662017822,0.09263700246810913,43612450,XLM-USD,CRYPTO,yfinance,1d
2023-05-02,0.0926389992237091,0.09375,0.0919950008392334,0.09355100244283676,35579709,XLM-USD,CRYPTO,yfinance,1d
2023-05-03,0.09356000274419785,0.09379599988460541,0.09189999848604202,0.0935870036482811,38954411,XLM-USD,CRYPTO,yfinance,1d
2023-05-04,0.09359599649906158,0.09417600184679031,0.09292799979448318,0.09347900003194809,35717026,XLM-USD,CRYPTO,yfinance,1d
2023-05-05,0.09347700327634811,0.09453199803829193,0.09247399866580963,0.09438499808311462,43622945,XLM-USD,CRYPTO,yfinance,1d
2023-05-06,0.09438399970531464,0.09475699812173843,0.09187000244855881,0.09258700162172318,39786942,XLM-USD,CRYPTO,yfinance,1d
2023-05-07,0.09257999807596207,0.09320399910211563,0.09203699976205826,0.09204600006341934,27416558,XLM-USD,CRYPTO,yfinance,1d
2023-05-08,0.09202499687671661,0.09240599721670151,0.0879639983177185,0.08951900154352188,64344918,XLM-USD,CRYPTO,yfinance,1d
2023-05-09,0.08951900154352188,0.08951900154352188,0.08832400292158127,0.08912099897861481,37622033,XLM-USD,CRYPTO,yfinance,1d
2023-05-10,0.08912300318479538,0.08993499726057053,0.08735500276088715,0.0891290009021759,49383632,XLM-USD,CRYPTO,yfinance,1d
2023-05-11,0.08913599699735641,0.0898829996585846,0.08773999661207199,0.08950500190258026,46005054,XLM-USD,CRYPTO,yfinance,1d
2023-05-12,0.08950299769639969,0.08993300050497055,0.08755899965763092,0.08910900354385376,51395499,XLM-USD,CRYPTO,yfinance,1d
2023-05-13,0.08911299705505371,0.08924099802970886,0.0883369967341423,0.0883369967341423,24625387,XLM-USD,CRYPTO,yfinance,1d
2023-05-14,0.0883449986577034,0.0887250006198883,0.08780699968338013,0.08872299641370773,27508195,XLM-USD,CRYPTO,yfinance,1d
2023-05-15,0.08872000128030777,0.08936499804258347,0.08806700259447098,0.08808299899101257,36429642,XLM-USD,CRYPTO,yfinance,1d
2023-05-16,0.08808299899101257,0.08867499977350235,0.08689499646425247,0.0879020020365715,35693896,XLM-USD,CRYPTO,yfinance,1d
2023-05-17,0.08790100365877151,0.08897200226783752,0.08740200102329254,0.08857899904251099,38258444,XLM-USD,CRYPTO,yfinance,1d
2023-05-18,0.0885939970612526,0.08984900265932083,0.08772899955511093,0.08873999863862991,36965821,XLM-USD,CRYPTO,yfinance,1d
2023-05-19,0.08873999863862991,0.08963999897241592,0.08848900347948074,0.08920399844646454,30117924,XLM-USD,CRYPTO,yfinance,1d
2023-05-20,0.08920799940824509,0.08929000049829483,0.08826400339603424,0.08884800225496292,22393642,XLM-USD,CRYPTO,yfinance,1d
2023-05-21,0.0888419970870018,0.08913300186395645,0.08790100365877151,0.088127002120018,24394042,XLM-USD,CRYPTO,yfinance,1d
2023-05-22,0.08813299983739853,0.08860299736261368,0.08750700205564499,0.08814100176095963,30219854,XLM-USD,CRYPTO,yfinance,1d
2023-05-23,0.0881429985165596,0.08903100341558456,0.08780600130558014,0.08814699947834015,30148195,XLM-USD,CRYPTO,yfinance,1d
2023-05-24,0.08815299719572067,0.0882439985871315,0.08572199940681458,0.08651000261306763,33968555,XLM-USD,CRYPTO,yfinance,1d
2023-05-25,0.08650899678468704,0.08708599954843521,0.08570399880409241,0.08702699840068817,28910737,XLM-USD,CRYPTO,yfinance,1d
2023-05-26,0.08703699707984924,0.08824999630451202,0.08684699982404709,0.08783099800348282,31708977,XLM-USD,CRYPTO,yfinance,1d
2023-05-27,0.0878319963812828,0.08835799992084503,0.08764299750328064,0.08813600242137909,25535443,XLM-USD,CRYPTO,yfinance,1d
2023-05-28,0.08813799917697906,0.08893699944019318,0.08790600299835205,0.08869799971580505,31987029,XLM-USD,CRYPTO,yfinance,1d
2023-05-29,0.0887020006775856,0.08943299949169159,0.08852499723434448,0.08931499719619751,34472812,XLM-USD,CRYPTO,yfinance,1d
2023-05-30,0.08931300044059753,0.09104699641466141,0.0888959988951683,0.09084299951791763,64372769,XLM-USD,CRYPTO,yfinance,1d
2023-05-31,0.0908380001783371,0.09286800026893616,0.0896110013127327,0.09257800132036209,61172703,XLM-USD,CRYPTO,yfinance,1d
2023-06-01,0.09258099645376205,0.0926859974861145,0.09083300083875656,0.09108699858188629,48257729,XLM-USD,CRYPTO,yfinance,1d
2023-06-02,0.09109099954366684,0.09239800274372101,0.09083899855613708,0.09204500168561935,33233748,XLM-USD,CRYPTO,yfinance,1d
2023-06-03,0.09204400330781937,0.09329599887132645,0.09169299900531769,0.09199199825525284,31057867,XLM-USD,CRYPTO,yfinance,1d
2023-06-04,0.09199699759483337,0.09279300272464752,0.0913269966840744,0.09138800203800201,38129675,XLM-USD,CRYPTO,yfinance,1d
2023-06-05,0.09139200299978256,0.09175100177526474,0.08609700202941895,0.08790600299835205,63121745,XLM-USD,CRYPTO,yfinance,1d
2023-06-06,0.08789999783039093,0.08974800258874893,0.08679699897766113,0.08968500047922134,46764076,XLM-USD,CRYPTO,yfinance,1d
2023-06-07,0.08967799693346024,0.08986800163984299,0.08694200217723846,0.08735299855470657,43941794,XLM-USD,CRYPTO,yfinance,1d
2023-06-08,0.08736299723386765,0.08789800107479095,0.08680500090122223,0.08715000003576279,34844133,XLM-USD,CRYPTO,yfinance,1d
2023-06-09,0.08714599907398224,0.08899299800395966,0.08670099824666977,0.08899000287055969,38657219,XLM-USD,CRYPTO,yfinance,1d
2023-06-10,0.08899199962615967,0.0890209972858429,0.07944799959659576,0.08233200013637543,104329017,XLM-USD,CRYPTO,yfinance,1d
2023-06-11,0.0823189988732338,0.08456400036811829,0.08123400062322617,0.08351399749517441,41452054,XLM-USD,CRYPTO,yfinance,1d
2023-06-12,0.08351100236177444,0.08357100188732147,0.08212999999523163,0.08308999985456467,40250558,XLM-USD,CRYPTO,yfinance,1d
2023-06-13,0.08309700340032578,0.08610600233078003,0.08244500309228897,0.08253099769353867,56837112,XLM-USD,CRYPTO,yfinance,1d
2023-06-14,0.08252999931573868,0.08291900157928467,0.0778139978647232,0.0792509987950325,44127110,XLM-USD,CRYPTO,yfinance,1d
2023-06-15,0.0792509987950325,0.07946199923753738,0.07534799724817276,0.07631699740886688,49315223,XLM-USD,CRYPTO,yfinance,1d
2023-06-16,0.07631800323724747,0.07876399904489517,0.07607600092887878,0.07740599662065506,43170835,XLM-USD,CRYPTO,yfinance,1d
2023-06-17,0.07740800082683563,0.08043800294399261,0.07706599682569504,0.07966800034046173,35019334,XLM-USD,CRYPTO,yfinance,1d
2023-06-18,0.07965999841690063,0.08091499656438828,0.07931999862194061,0.07949800044298172,31606182,XLM-USD,CRYPTO,yfinance,1d
2023-06-19,0.07950200140476227,0.08047100156545639,0.07915499806404114,0.07996899634599686,30468382,XLM-USD,CRYPTO,yfinance,1d
2023-06-20,0.07997199892997742,0.08304999768733978,0.07834699749946594,0.08286400139331818,41483142,XLM-USD,CRYPTO,yfinance,1d
2023-06-21,0.0828619971871376,0.08697299659252167,0.08240800350904465,0.08679500222206116,58779301,XLM-USD,CRYPTO,yfinance,1d
2023-06-22,0.08679000288248062,0.08919700235128403,0.08601000159978867,0.08669699728488922,55362946,XLM-USD,CRYPTO,yfinance,1d
2023-06-23,0.08669999986886978,0.09008099883794785,0.08668900281190872,0.08946800231933594,49455021,XLM-USD,CRYPTO,yfinance,1d
2023-06-24,0.0894709974527359,0.09122800081968307,0.0890130028128624,0.09052500128746033,44185433,XLM-USD,CRYPTO,yfinance,1d
2023-06-25,0.09052500128746033,0.09225200116634369,0.09043300151824951,0.09164600074291229,42349104,XLM-USD,CRYPTO,yfinance,1d
2023-06-26,0.09164000302553177,0.09258300065994263,0.09070099890232086,0.09212400019168854,44934642,XLM-USD,CRYPTO,yfinance,1d
2023-06-27,0.09212200343608856,0.10316699743270874,0.09212200343608856,0.10213500261306763,134561551,XLM-USD,CRYPTO,yfinance,1d
2023-06-28,0.10214799642562866,0.1056009978055954,0.09918099641799927,0.10041099786758423,213064721,XLM-USD,CRYPTO,yfinance,1d
2023-06-29,0.10040999948978424,0.10439600050449371,0.10040999948978424,0.10236400365829468,88599069,XLM-USD,CRYPTO,yfinance,1d
2023-06-30,0.10236100107431412,0.11638700217008591,0.10161399841308594,0.1106949970126152,223097200,XLM-USD,CRYPTO,yfinance,1d
2023-07-01,0.11068899929523468,0.11150000244379044,0.10615800321102142,0.10741599649190903,75381293,XLM-USD,CRYPTO,yfinance,1d
2023-07-02,0.10741099715232849,0.10789100080728531,0.10476899892091751,0.107294000685215,64747054,XLM-USD,CRYPTO,yfinance,1d
2023-07-03,0.10729300230741501,0.10934600234031677,0.10501299798488617,0.10573499649763107,63383769,XLM-USD,CRYPTO,yfinance,1d
2023-07-04,0.10575199872255325,0.10638099908828735,0.10324200242757797,0.10343199968338013,45796729,XLM-USD,CRYPTO,yfinance,1d
2023-07-05,0.10344000160694122,0.10450399667024612,0.09969200193881989,0.1005999967455864,52031775,XLM-USD,CRYPTO,yfinance,1d
2023-07-06,0.1005920022726059,0.1021530032157898,0.09600099921226501,0.09600099921226501,57050713,XLM-USD,CRYPTO,yfinance,1d
2023-07-07,0.09599900245666504,0.09741300344467163,0.09514699876308441,0.09721700102090836,48206491,XLM-USD,CRYPTO,yfinance,1d
2023-07-08,0.09721899777650833,0.09972000122070312,0.09683799743652344,0.09953299909830093,48633791,XLM-USD,CRYPTO,yfinance,1d
2023-07-09,0.09954699873924255,0.09985800087451935,0.09860199689865112,0.09901099652051926,32556225,XLM-USD,CRYPTO,yfinance,1d
2023-07-10,0.09901300072669983,0.10053300112485886,0.0974159985780716,0.09988799691200256,44760948,XLM-USD,CRYPTO,yfinance,1d
2023-07-11,0.09988799691200256,0.10074099898338318,0.09849599748849869,0.09859900176525116,38675780,XLM-USD,CRYPTO,yfinance,1d
2023-07-12,0.09859900176525116,0.09859900176525116,0.0955749973654747,0.09626200050115585,46201787,XLM-USD,CRYPTO,yfinance,1d
2023-07-13,0.09625600278377533,0.18301799893379211,0.09553699940443039,0.15487900376319885,1004593480,XLM-USD,CRYPTO,yfinance,1d
2023-07-14,0.1550000011920929,0.15702199935913086,0.12773899734020233,0.13491299748420715,557059364,XLM-USD,CRYPTO,yfinance,1d
2023-07-15,0.13491100072860718,0.13511799275875092,0.12768800556659698,0.12787599861621857,193013205,XLM-USD,CRYPTO,yfinance,1d
2023-07-16,0.12790599465370178,0.13739000260829926,0.12540599703788757,0.13167999684810638,269828641,XLM-USD,CRYPTO,yfinance,1d
2023-07-17,0.1316789984703064,0.1343120038509369,0.12528200447559357,0.12894999980926514,148257834,XLM-USD,CRYPTO,yfinance,1d
2023-07-18,0.12894900143146515,0.13304699957370758,0.12542100250720978,0.1329369992017746,174862280,XLM-USD,CRYPTO,yfinance,1d
2023-07-19,0.13285699486732483,0.1649550050497055,0.1318420022726059,0.1559849977493286,756411125,XLM-USD,CRYPTO,yfinance,1d
2023-07-20,0.1559939980506897,0.17933300137519836,0.13583999872207642,0.16328799724578857,929268801,XLM-USD,CRYPTO,yfinance,1d
2023-07-21,0.16326899826526642,0.17038199305534363,0.15422900021076202,0.15708500146865845,355570699,XLM-USD,CRYPTO,yfinance,1d
2023-07-22,0.15707600116729736,0.1673939973115921,0.1553100049495697,0.1557839959859848,293617821,XLM-USD,CRYPTO,yfinance,1d
2023-07-23,0.15578299760818481,0.1606229990720749,0.15291400253772736,0.1560799926519394,202625789,XLM-USD,CRYPTO,yfinance,1d
2023-07-24,0.15608899295330048,0.15608899295330048,0.14464199542999268,0.14577700197696686,198033733,XLM-USD,CRYPTO,yfinance,1d
2023-07-25,0.1457899957895279,0.1491910070180893,0.14161799848079681,0.14517800509929657,190775293,XLM-USD,CRYPTO,yfinance,1d
2023-07-26,0.14516499638557434,0.16159500181674957,0.14061599969863892,0.15582500398159027,277022451,XLM-USD,CRYPTO,yfinance,1d
2023-07-27,0.15582099556922913,0.1632869988679886,0.15375100076198578,0.15905700623989105,310493227,XLM-USD,CRYPTO,yfinance,1d
2023-07-28,0.1590459942817688,0.16649100184440613,0.15821599960327148,0.1599150002002716,279109361,XLM-USD,CRYPTO,yfinance,1d
2023-07-29,0.15990200638771057,0.1610260009765625,0.15785899758338928,0.15858900547027588,121938513,XLM-USD,CRYPTO,yfinance,1d
2023-07-30,0.1585880070924759,0.16132700443267822,0.15404100716114044,0.1566849946975708,200993020,XLM-USD,CRYPTO,yfinance,1d
2023-07-31,0.1566780060529709,0.15760700404644012,0.14905500411987305,0.1503639966249466,139055383,XLM-USD,CRYPTO,yfinance,1d
2023-08-01,0.1503639966249466,0.1533450037240982,0.1464720070362091,0.1533450037240982,156392245,XLM-USD,CRYPTO,yfinance,1d
2023-08-02,0.15335899591445923,0.15439599752426147,0.14382000267505646,0.14403000473976135,134312007,XLM-USD,CRYPTO,yfinance,1d
2023-08-03,0.14403599500656128,0.14547200500965118,0.13878999650478363,0.13916000723838806,149554727,XLM-USD,CRYPTO,yfinance,1d
2023-08-04,0.1391579955816269,0.14161400496959686,0.13644500076770782,0.13644500076770782,124632455,XLM-USD,CRYPTO,yfinance,1d
2023-08-05,0.13644300401210785,0.13905100524425507,0.1335960030555725,0.13905000686645508,104782605,XLM-USD,CRYPTO,yfinance,1d
2023-08-06,0.13903699815273285,0.14466999471187592,0.13866500556468964,0.13912999629974365,122923949,XLM-USD,CRYPTO,yfinance,1d
2023-08-07,0.1391250044107437,0.14313800632953644,0.13779400289058685,0.14297699928283691,153941332,XLM-USD,CRYPTO,yfinance,1d
2023-08-08,0.1429550051689148,0.1435369998216629,0.1384660005569458,0.14313499629497528,133145825,XLM-USD,CRYPTO,yfinance,1d
2023-08-09,0.1431100070476532,0.14568200707435608,0.13991600275039673,0.14149600267410278,130594629,XLM-USD,CRYPTO,yfinance,1d
2023-08-10,0.14149999618530273,0.14160799980163574,0.13835899531841278,0.13884299993515015,94363290,XLM-USD,CRYPTO,yfinance,1d
2023-08-11,0.1388469934463501,0.14109599590301514,0.13843899965286255,0.13948999345302582,82463389,XLM-USD,CRYPTO,yfinance,1d
2023-08-12,0.13950000703334808,0.14017599821090698,0.13702599704265594,0.13785000145435333,65575070,XLM-USD,CRYPTO,yfinance,1d
2023-08-13,0.1378459930419922,0.1404850035905838,0.1376429945230484,0.1378989964723587,68337199,XLM-USD,CRYPTO,yfinance,1d
2023-08-14,0.1378909945487976,0.13816699385643005,0.13474400341510773,0.1360740065574646,74889965,XLM-USD,CRYPTO,yfinance,1d
2023-08-15,0.13607899844646454,0.1362829953432083,0.1263280063867569,0.13025900721549988,108202961,XLM-USD,CRYPTO,yfinance,1d
2023-08-16,0.13025499880313873,0.1323540061712265,0.12412700057029724,0.126583993434906,102645819,XLM-USD,CRYPTO,yfinance,1d
2023-08-17,0.126583993434906,0.12730300426483154,0.10755400359630585,0.11342199891805649,140498894,XLM-USD,CRYPTO,yfinance,1d
2023-08-18,0.11345899850130081,0.11775600165128708,0.11152300238609314,0.1167600005865097,116776528,XLM-USD,CRYPTO,yfinance,1d
2023-08-19,0.11676099896430969,0.12488000094890594,0.11670199781656265,0.12363100051879883,101967515,XLM-USD,CRYPTO,yfinance,1d
2023-08-20,0.1236329972743988,0.13234800100326538,0.12276700139045715,0.12983499467372894,176159088,XLM-USD,CRYPTO,yfinance,1d
2023-08-21,0.12983399629592896,0.13012200593948364,0.1225769966840744,0.12480200082063675,121778058,XLM-USD,CRYPTO,yfinance,1d
2023-08-22,0.12478700280189514,0.12484899908304214,0.11775700002908707,0.12073499709367752,98239656,XLM-USD,CRYPTO,yfinance,1d
2023-08-23,0.12073399871587753,0.12886300683021545,0.11995799839496613,0.1273760050535202,123807063,XLM-USD,CRYPTO,yfinance,1d
2023-08-24,0.1273840069770813,0.12855899333953857,0.122018001973629,0.12376599758863449,90769932,XLM-USD,CRYPTO,yfinance,1d
2023-08-25,0.12377800047397614,0.12482400238513947,0.12092199921607971,0.12385900318622589,89277309,XLM-USD,CRYPTO,yfinance,1d
2023-08-26,0.12386000156402588,0.12445499747991562,0.120728999376297,0.1211479976773262,63778577,XLM-USD,CRYPTO,yfinance,1d
2023-08-27,0.12114600092172623,0.12225700169801712,0.11983799934387207,0.12089899927377701,64849304,XLM-USD,CRYPTO,yfinance,1d
2023-08-28,0.12090100347995758,0.1210390031337738,0.11904499679803848,0.11986800283193588,67282635,XLM-USD,CRYPTO,yfinance,1d
2023-08-29,0.11986900120973587,0.1276780068874359,0.11694300174713135,0.1243090033531189,129642099,XLM-USD,CRYPTO,yfinance,1d
2023-08-30,0.12431400269269943,0.12441299855709076,0.12041399627923965,0.12041600048542023,73424469,XLM-USD,CRYPTO,yfinance,1d
2023-08-31,0.12042199820280075,0.12083999812602997,0.1141199991106987,0.11498499661684036,90982467,XLM-USD,CRYPTO,yfinance,1d
2023-09-01,0.11499299854040146,0.11726000159978867,0.1130400002002716,0.11403799802064896,80175461,XLM-USD,CRYPTO,yfinance,1d
2023-09-02,0.11405099928379059,0.1143300011754036,0.11164099723100662,0.11350499838590622,62611315,XLM-USD,CRYPTO,yfinance,1d
2023-09-03,0.11351300030946732,0.12036199867725372,0.11320699751377106,0.11906199902296066,110207263,XLM-USD,CRYPTO,yfinance,1d
2023-09-04,0.11901800334453583,0.12595400214195251,0.11863700300455093,0.12437400221824646,158899355,XLM-USD,CRYPTO,yfinance,1d
2023-09-05,0.12438199669122696,0.12913599610328674,0.1216220036149025,0.12241599708795547,129162821,XLM-USD,CRYPTO,yfinance,1d
2023-09-06,0.12241800129413605,0.12393300235271454,0.11783800274133682,0.12393300235271454,101135784,XLM-USD,CRYPTO,yfinance,1d
2023-09-07,0.12393300235271454,0.12548500299453735,0.12197200208902359,0.12548500299453735,89315560,XLM-USD,CRYPTO,yfinance,1d
2023-09-08,0.12548500299453735,0.12714900076389313,0.12274699658155441,0.12687699496746063,90698828,XLM-USD,CRYPTO,yfinance,1d
2023-09-09,0.12687699496746063,0.13282300531864166,0.12622199952602386,0.13164299726486206,127839636,XLM-USD,CRYPTO,yfinance,1d
2023-09-10,0.13163399696350098,0.13428600132465363,0.12803900241851807,0.13372300565242767,153034541,XLM-USD,CRYPTO,yfinance,1d
2023-09-11,0.13371700048446655,0.13435600697994232,0.12434600293636322,0.12840600311756134,144155407,XLM-USD,CRYPTO,yfinance,1d
2023-09-12,0.12840400636196136,0.13180699944496155,0.12059500068426132,0.12134800106287003,141173725,XLM-USD,CRYPTO,yfinance,1d
2023-09-13,0.12134499847888947,0.12232299894094467,0.1195250004529953,0.12080699950456619,86100457,XLM-USD,CRYPTO,yfinance,1d
2023-09-14,0.12081000208854675,0.12172000110149384,0.11841899901628494,0.12020599842071533,70297091,XLM-USD,CRYPTO,yfinance,1d
2023-09-15,0.12020699679851532,0.12151200324296951,0.11791999638080597,0.12034899741411209,67892665,XLM-USD,CRYPTO,yfinance,1d
2023-09-16,0.12034200131893158,0.12117300182580948,0.11823700368404388,0.11935999989509583,46945222,XLM-USD,CRYPTO,yfinance,1d
2023-09-17,0.11935999989509583,0.11936700344085693,0.11580199748277664,0.11617700010538101,52685605,XLM-USD,CRYPTO,yfinance,1d
2023-09-18,0.11617700010538101,0.11933600157499313,0.11556699872016907,0.11805299669504166,57489207,XLM-USD,CRYPTO,yfinance,1d
2023-09-19,0.11805299669504166,0.12010499835014343,0.11746300011873245,0.118477001786232,52431783,XLM-USD,CRYPTO,yfinance,1d
2023-09-20,0.11847999691963196,0.1191290020942688,0.11643899977207184,0.11697199940681458,60132012,XLM-USD,CRYPTO,yfinance,1d
2023-09-21,0.11696600168943405,0.11696600168943405,0.11182600259780884,0.1138480007648468,339899784,XLM-USD,CRYPTO,yfinance,1d
2023-09-22,0.11384899914264679,0.11544699966907501,0.11354000121355057,0.11445900052785873,50531885,XLM-USD,CRYPTO,yfinance,1d
2023-09-23,0.11447799950838089,0.1151989996433258,0.11313600093126297,0.11421199887990952,33244195,XLM-USD,CRYPTO,yfinance,1d
2023-09-24,0.11421100050210953,0.11421100050210953,0.11215200275182724,0.11226200312376022,38961766,XLM-USD,CRYPTO,yfinance,1d
2023-09-25,0.11226200312376022,0.1132500022649765,0.11096499860286713,0.11299599707126617,50541695,XLM-USD,CRYPTO,yfinance,1d
2023-09-26,0.11298800259828568,0.11299999803304672,0.11097700148820877,0.111845001578331,39565995,XLM-USD,CRYPTO,yfinance,1d
2023-09-27,0.111845001578331,0.11429499834775925,0.1114640012383461,0.11248400062322617,48532437,XLM-USD,CRYPTO,yfinance,1d
2023-09-28,0.1124809980392456,0.11435800045728683,0.11227700114250183,0.11419100314378738,42137987,XLM-USD,CRYPTO,yfinance,1d
2023-09-29,0.11418700218200684,0.11846599727869034,0.11278299987316132,0.11283999681472778,110501869,XLM-USD,CRYPTO,yfinance,1d
2023-09-30,0.11284100264310837,0.11284100264310837,0.11113099753856659,0.11233100295066833,49527677,XLM-USD,CRYPTO,yfinance,1d
2023-10-01,0.11232499778270721,0.1146019995212555,0.11209499835968018,0.11438799649477005,48343486,XLM-USD,CRYPTO,yfinance,1d
2023-10-02,0.11438500136137009,0.11493600159883499,0.11069200187921524,0.11172500252723694,75778896,XLM-USD,CRYPTO,yfinance,1d
2023-10-03,0.11170800030231476,0.11576399952173233,0.11023800075054169,0.11443299800157547,108082140,XLM-USD,CRYPTO,yfinance,1d
2023-10-04,0.11445699632167816,0.11517000198364258,0.11170999705791473,0.11255499720573425,88962628,XLM-USD,CRYPTO,yfinance,1d
2023-10-05,0.11256200075149536,0.11256200075149536,0.11054900288581848,0.11072500050067902,43138023,XLM-USD,CRYPTO,yfinance,1d
2023-10-06,0.11071600019931793,0.11230599880218506,0.10999800264835358,0.11178400367498398,38742768,XLM-USD,CRYPTO,yfinance,1d
2023-10-07,0.11178400367498398,0.11206000298261642,0.11057999730110168,0.11116699874401093,31098527,XLM-USD,CRYPTO,yfinance,1d
2023-10-08,0.11117000132799149,0.11142999678850174,0.11040899902582169,0.11075499653816223,33199892,XLM-USD,CRYPTO,yfinance,1d
2023-10-09,0.11075499653816223,0.11100900173187256,0.10494399815797806,0.1060200035572052,71482943,XLM-USD,CRYPTO,yfinance,1d
2023-10-10,0.10601700097322464,0.10609299689531326,0.10366199910640717,0.10432200133800507,47600915,XLM-USD,CRYPTO,yfinance,1d
2023-10-11,0.10432499647140503,0.1048939973115921,0.10197299718856812,0.10329300165176392,52987221,XLM-USD,CRYPTO,yfinance,1d
2023-10-12,0.10328800231218338,0.10331299901008606,0.10125000029802322,0.1024319976568222,52694765,XLM-USD,CRYPTO,yfinance,1d
2023-10-13,0.10243400186300278,0.10347799956798553,0.10222399979829788,0.10292500257492065,48952432,XLM-USD,CRYPTO,yfinance,1d
2023-10-14,0.10293599963188171,0.10443200170993805,0.10293599963188171,0.10430099815130234,38056921,XLM-USD,CRYPTO,yfinance,1d
2023-10-15,0.10429900139570236,0.10632199794054031,0.10410100221633911,0.10629399865865707,44558879,XLM-USD,CRYPTO,yfinance,1d
2023-10-16,0.10629600286483765,0.11007600277662277,0.10622899979352951,0.10766100138425827,83759155,XLM-USD,CRYPTO,yfinance,1d
2023-10-17,0.10763999819755554,0.10763999819755554,0.10303100198507309,0.10310699790716171,65523096,XLM-USD,CRYPTO,yfinance,1d
2023-10-18,0.10310500115156174,0.10464700311422348,0.1027579978108406,0.10327599942684174,54759971,XLM-USD,CRYPTO,yfinance,1d
2023-10-19,0.10327599942684174,0.10758800059556961,0.1024869978427887,0.10735899955034256,82404950,XLM-USD,CRYPTO,yfinance,1d
2023-10-20,0.10735800117254257,0.10976900160312653,0.10655000060796738,0.10759399831295013,95593686,XLM-USD,CRYPTO,yfinance,1d
2023-10-21,0.1075970008969307,0.11230400204658508,0.10751499980688095,0.11070699989795685,74881594,XLM-USD,CRYPTO,yfinance,1d
2023-10-22,0.1107110008597374,0.11193399876356125,0.10846100002527237,0.11068899929523468,72617298,XLM-USD,CRYPTO,yfinance,1d
2023-10-23,0.11101199686527252,0.11586599797010422,0.11070100218057632,0.11586599797010422,139182468,XLM-USD,CRYPTO,yfinance,1d
2023-10-24,0.11586099863052368,0.12027599662542343,0.11317600309848785,0.11432100087404251,200961754,XLM-USD,CRYPTO,yfinance,1d
2023-10-25,0.11434300243854523,0.11555100232362747,0.11246799677610397,0.11430700123310089,106391770,XLM-USD,CRYPTO,yfinance,1d
2023-10-26,0.11430799961090088,0.11656799912452698,0.11093699932098389,0.1131410002708435,108893076,XLM-USD,CRYPTO,yfinance,1d
2023-10-27,0.11314799636602402,0.1133980005979538,0.11043400317430496,0.11209999769926071,78763664,XLM-USD,CRYPTO,yfinance,1d
2023-10-28,0.11207299679517746,0.11420100182294846,0.11195100098848343,0.11401999741792679,45089517,XLM-USD,CRYPTO,yfinance,1d
2023-10-29,0.11401599645614624,0.11679799854755402,0.11285799741744995,0.11578600108623505,54991781,XLM-USD,CRYPTO,yfinance,1d
2023-10-30,0.11577499657869339,0.1197429969906807,0.11477000266313553,0.11904600262641907,94692855,XLM-USD,CRYPTO,yfinance,1d
2023-10-31,0.11903899908065796,0.12442900240421295,0.11625800281763077,0.12127800285816193,161975487,XLM-USD,CRYPTO,yfinance,1d
2023-11-01,0.12127500027418137,0.1230039969086647,0.11789699643850327,0.12246199697256088,133124086,XLM-USD,CRYPTO,yfinance,1d
2023-11-02,0.12246999889612198,0.12348300218582153,0.11807599663734436,0.11978700011968613,130414613,XLM-USD,CRYPTO,yfinance,1d
2023-11-03,0.11977700144052505,0.12394600361585617,0.11681599915027618,0.12253600358963013,117947727,XLM-USD,CRYPTO,yfinance,1d
2023-11-04,0.12253600358963013,0.12426900118589401,0.12141600251197815,0.12359999865293503,60022945,XLM-USD,CRYPTO,yfinance,1d
2023-11-05,0.12359700351953506,0.12800000607967377,0.12315099686384201,0.12589800357818604,125374188,XLM-USD,CRYPTO,yfinance,1d
2023-11-06,0.1258849948644638,0.13469000160694122,0.12554199993610382,0.13103799521923065,174429741,XLM-USD,CRYPTO,yfinance,1d
2023-11-07,0.13104599714279175,0.13112300634384155,0.12297800183296204,0.12669500708580017,119800472,XLM-USD,CRYPTO,yfinance,1d
2023-11-08,0.12668800354003906,0.12872900068759918,0.12571099400520325,0.12791000306606293,103803323,XLM-USD,CRYPTO,yfinance,1d
2023-11-09,0.127921000123024,0.13012699782848358,0.11940699815750122,0.12295900285243988,211926293,XLM-USD,CRYPTO,yfinance,1d
2023-11-10,0.12297499924898148,0.12430199980735779,0.12055700272321701,0.12387300282716751,131650824,XLM-USD,CRYPTO,yfinance,1d
2023-11-11,0.12387000024318695,0.1271979957818985,0.12108500301837921,0.1249219998717308,135023519,XLM-USD,CRYPTO,yfinance,1d
2023-11-12,0.12493299692869186,0.12651899456977844,0.1223829984664917,0.1242000013589859,101812974,XLM-USD,CRYPTO,yfinance,1d
2023-11-13,0.12421700358390808,0.13591699302196503,0.12044999748468399,0.12240699678659439,217876840,XLM-USD,CRYPTO,yfinance,1d
2023-11-14,0.1224059984087944,0.12253399938344955,0.11574599891901016,0.11795400083065033,134626489,XLM-USD,CRYPTO,yfinance,1d
2023-11-15,0.11796300113201141,0.121800996363163,0.11719900369644165,0.12167199701070786,101534409,XLM-USD,CRYPTO,yfinance,1d
2023-11-16,0.12166299670934677,0.12312299758195877,0.11712700128555298,0.11854200065135956,121240373,XLM-USD,CRYPTO,yfinance,1d
2023-11-17,0.11855199933052063,0.12035299837589264,0.11483799666166306,0.11816100031137466,110101032,XLM-USD,CRYPTO,yfinance,1d
2023-11-18,0.11818800121545792,0.11940299719572067,0.11498799920082092,0.11921899765729904,65443512,XLM-USD,CRYPTO,yfinance,1d
2023-11-19,0.11922100186347961,0.12125799804925919,0.11793199926614761,0.12115699797868729,58629818,XLM-USD,CRYPTO,yfinance,1d
2023-11-20,0.12115900218486786,0.12183400243520737,0.11863899976015091,0.1197659969329834,65066388,XLM-USD,CRYPTO,yfinance,1d
2023-11-21,0.1197659969329834,0.12031999975442886,0.1131419986486435,0.11382400244474411,89608883,XLM-USD,CRYPTO,yfinance,1d
2023-11-22,0.11381500214338303,0.1183909997344017,0.11352699995040894,0.11813099682331085,67368477,XLM-USD,CRYPTO,yfinance,1d
2023-11-23,0.11812900006771088,0.11872699856758118,0.11565099656581879,0.11723999679088593,71437084,XLM-USD,CRYPTO,yfinance,1d
2023-11-24,0.11724100261926651,0.11895299702882767,0.11691000312566757,0.11800999939441681,60575792,XLM-USD,CRYPTO,yfinance,1d
2023-11-25,0.11800800263881683,0.12137000262737274,0.11765799671411514,0.12095800042152405,54679912,XLM-USD,CRYPTO,yfinance,1d
2023-11-26,0.12096299976110458,0.12307699769735336,0.11958099901676178,0.1200060024857521,96113154,XLM-USD,CRYPTO,yfinance,1d
2023-11-27,0.11999300122261047,0.12055700272321701,0.11492999643087387,0.11651899665594101,82859029,XLM-USD,CRYPTO,yfinance,1d
2023-11-28,0.11651600152254105,0.11876299977302551,0.11522600054740906,0.1184149980545044,78375089,XLM-USD,CRYPTO,yfinance,1d
2023-11-29,0.11842600256204605,0.12007100135087967,0.11824300140142441,0.11858200281858444,65246839,XLM-USD,CRYPTO,yfinance,1d
2023-11-30,0.1185849979519844,0.11961500346660614,0.11803799867630005,0.11831200122833252,69537285,XLM-USD,CRYPTO,yfinance,1d
2023-12-01,0.11831600219011307,0.11990399658679962,0.11797899752855301,0.11979400366544724,59601664,XLM-USD,CRYPTO,yfinance,1d
2023-12-02,0.1197889968752861,0.12172599881887436,0.11948099732398987,0.12163300067186356,64446469,XLM-USD,CRYPTO,yfinance,1d
2023-12-03,0.12163300067186356,0.122919000685215,0.12095600366592407,0.12203200161457062,67354763,XLM-USD,CRYPTO,yfinance,1d
2023-12-04,0.12202800065279007,0.12521100044250488,0.12033499777317047,0.12222699820995331,134691570,XLM-USD,CRYPTO,yfinance,1d
2023-12-05,0.12222900241613388,0.12287300080060959,0.11985599994659424,0.12244600057601929,104055604,XLM-USD,CRYPTO,yfinance,1d
2023-12-06,0.12244799733161926,0.12565000355243683,0.12134300172328949,0.12544000148773193,112772898,XLM-USD,CRYPTO,yfinance,1d
2023-12-07,0.1254590004682541,0.12725499272346497,0.12321099638938904,0.12617400288581848,112710407,XLM-USD,CRYPTO,yfinance,1d
2023-12-08,0.12617599964141846,0.13296599686145782,0.12612700462341309,0.13232499361038208,123656968,XLM-USD,CRYPTO,yfinance,1d
2023-12-09,0.1323309987783432,0.13806000351905823,0.13172900676727295,0.13369199633598328,159872333,XLM-USD,CRYPTO,yfinance,1d
2023-12-10,0.13369500637054443,0.13673099875450134,0.13209199905395508,0.13298599421977997,101653351,XLM-USD,CRYPTO,yfinance,1d
2023-12-11,0.1329919993877411,0.134552001953125,0.12082800269126892,0.1234930008649826,149544632,XLM-USD,CRYPTO,yfinance,1d
2023-12-12,0.12350299954414368,0.12532000243663788,0.1209309995174408,0.12308099865913391,90181627,XLM-USD,CRYPTO,yfinance,1d
2023-12-13,0.12308000028133392,0.1255510002374649,0.11882299929857254,0.12489599734544754,98981270,XLM-USD,CRYPTO,yfinance,1d
2023-12-14,0.12489499896764755,0.1280750036239624,0.12353599816560745,0.12750400602817535,89984886,XLM-USD,CRYPTO,yfinance,1d
2023-12-15,0.12751099467277527,0.12796899676322937,0.12280700355768204,0.12293899804353714,81536878,XLM-USD,CRYPTO,yfinance,1d
2023-12-16,0.12294600158929825,0.1260329931974411,0.12196800112724304,0.12470100075006485,64562936,XLM-USD,CRYPTO,yfinance,1d
2023-12-17,0.12470100075006485,0.12488199770450592,0.12203600257635117,0.12223300337791443,67552065,XLM-USD,CRYPTO,yfinance,1d
2023-12-18,0.12221899628639221,0.12238600105047226,0.11678300052881241,0.12116199731826782,99986158,XLM-USD,CRYPTO,yfinance,1d
2023-12-19,0.12117899954319,0.12234500050544739,0.11890999972820282,0.11956000328063965,78548040,XLM-USD,CRYPTO,yfinance,1d
2023-12-20,0.11955100297927856,0.12285099923610687,0.11905600130558014,0.12174200266599655,82170496,XLM-USD,CRYPTO,yfinance,1d
2023-12-21,0.12177900224924088,0.12445099651813507,0.12128999829292297,0.12438700348138809,76994686,XLM-USD,CRYPTO,yfinance,1d
2023-12-22,0.12438900023698807,0.12669900059700012,0.12356100231409073,0.12664499878883362,88392627,XLM-USD,CRYPTO,yfinance,1d
2023-12-23,0.1266469955444336,0.12701299786567688,0.12395600229501724,0.12668900191783905,63597155,XLM-USD,CRYPTO,yfinance,1d
2023-12-24,0.12668700516223907,0.12791599333286285,0.12478899955749512,0.12612900137901306,81224039,XLM-USD,CRYPTO,yfinance,1d
2023-12-25,0.126133993268013,0.1315310001373291,0.12539200484752655,0.13103599846363068,104029800,XLM-USD,CRYPTO,yfinance,1d
2023-12-26,0.13102999329566956,0.13106100261211395,0.1229339987039566,0.1260019987821579,111557323,XLM-USD,CRYPTO,yfinance,1d
2023-12-27,0.12600399553775787,0.13352400064468384,0.12418200075626373,0.13085299730300903,110942799,XLM-USD,CRYPTO,yfinance,1d
2023-12-28,0.130854994058609,0.1356080025434494,0.1298390030860901,0.1323619931936264,149298600,XLM-USD,CRYPTO,yfinance,1d
2023-12-29,0.13235099613666534,0.1325570046901703,0.12746700644493103,0.12961900234222412,93900237,XLM-USD,CRYPTO,yfinance,1d
2023-12-30,0.12962600588798523,0.1379700005054474,0.12930899858474731,0.1326110064983368,127553699,XLM-USD,CRYPTO,yfinance,1d
2023-12-31,0.1325950026512146,0.13326799869537354,0.12804199755191803,0.12895900011062622,74755180,XLM-USD,CRYPTO,yfinance,1d
2024-01-01,0.12893100082874298,0.13237400352954865,0.12742899358272552,0.13190500438213348,60178270,XLM-USD,CRYPTO,yfinance,1d
2024-01-02,0.1319199949502945,0.13326799869537354,0.12881100177764893,0.1292870044708252,86906416,XLM-USD,CRYPTO,yfinance,1d
2024-01-03,0.1292860060930252,0.13273000717163086,0.1165509968996048,0.12055200338363647,161549407,XLM-USD,CRYPTO,yfinance,1d
2024-01-04,0.1205499991774559,0.12215100228786469,0.11979199945926666,0.12164399772882462,93818934,XLM-USD,CRYPTO,yfinance,1d
2024-01-05,0.12164100259542465,0.1219319999217987,0.11518199741840363,0.1191290020942688,118917219,XLM-USD,CRYPTO,yfinance,1d
2024-01-06,0.11913599818944931,0.12045600265264511,0.11626400053501129,0.12014199793338776,89252964,XLM-USD,CRYPTO,yfinance,1d
2024-01-07,0.12014299631118774,0.1204880028963089,0.11490999907255173,0.1152309998869896,76439412,XLM-USD,CRYPTO,yfinance,1d
2024-01-08,0.11523400247097015,0.12005600333213806,0.11297000199556351,0.11961600184440613,134586804,XLM-USD,CRYPTO,yfinance,1d
2024-01-09,0.11962299793958664,0.12016499787569046,0.11423099786043167,0.11632999777793884,109023089,XLM-USD,CRYPTO,yfinance,1d
2024-01-10,0.11632999777793884,0.12230099737644196,0.11354699730873108,0.12060599774122238,134600618,XLM-USD,CRYPTO,yfinance,1d
2024-01-11,0.12063200026750565,0.12604300677776337,0.12059400230646133,0.12361100316047668,138334658,XLM-USD,CRYPTO,yfinance,1d
2024-01-12,0.12358099967241287,0.12531700730323792,0.11717099696397781,0.11910700052976608,120905958,XLM-USD,CRYPTO,yfinance,1d
2024-01-13,0.11907599866390228,0.12046200037002563,0.11789099872112274,0.12018299847841263,68151891,XLM-USD,CRYPTO,yfinance,1d
2024-01-14,0.12018000334501266,0.12069100141525269,0.11803700029850006,0.11811500042676926,69840845,XLM-USD,CRYPTO,yfinance,1d
2024-01-15,0.11812400072813034,0.12076099961996078,0.11790300160646439,0.11820100247859955,67233455,XLM-USD,CRYPTO,yfinance,1d
2024-01-16,0.11819200217723846,0.11922399699687958,0.11676900088787079,0.11853999644517899,65533820,XLM-USD,CRYPTO,yfinance,1d
2024-01-17,0.11852999776601791,0.1192450001835823,0.11716499924659729,0.1187480017542839,65803467,XLM-USD,CRYPTO,yfinance,1d
2024-01-18,0.11874700337648392,0.11877299845218658,0.11273200064897537,0.11417800188064575,70892932,XLM-USD,CRYPTO,yfinance,1d
2024-01-19,0.11417999863624573,0.11469999700784683,0.10922300070524216,0.11390700191259384,79408992,XLM-USD,CRYPTO,yfinance,1d
2024-01-20,0.11390899866819382,0.11545400321483612,0.11312200129032135,0.1153699979186058,53832147,XLM-USD,CRYPTO,yfinance,1d
2024-01-21,0.11537999659776688,0.11660400032997131,0.11520799994468689,0.11551299691200256,50234233,XLM-USD,CRYPTO,yfinance,1d
2024-01-22,0.11552699655294418,0.11595200002193451,0.11211200058460236,0.11253699660301208,76399602,XLM-USD,CRYPTO,yfinance,1d
2024-01-23,0.11253800243139267,0.11412700265645981,0.10712400078773499,0.11157599836587906,85309561,XLM-USD,CRYPTO,yfinance,1d
2024-01-24,0.11157099902629852,0.11268900334835052,0.11060900241136551,0.11264099925756454,72231595,XLM-USD,CRYPTO,yfinance,1d
2024-01-25,0.11264000087976456,0.11264000087976456,0.11051599681377411,0.11175999790430069,61402386,XLM-USD,CRYPTO,yfinance,1d
2024-01-26,0.11176300048828125,0.11636699736118317,0.11172399669885635,0.11579299718141556,68168496,XLM-USD,CRYPTO,yfinance,1d
2024-01-27,0.11579199880361557,0.1169779971241951,0.1154009997844696,0.11625400185585022,47430817,XLM-USD,CRYPTO,yfinance,1d
2024-01-28,0.11625699698925018,0.11653400212526321,0.11309099942445755,0.11375799775123596,58099831,XLM-USD,CRYPTO,yfinance,1d
2024-01-29,0.11375299841165543,0.11644700169563293,0.11329100281000137,0.11644600331783295,59572760,XLM-USD,CRYPTO,yfinance,1d
2024-01-30,0.11644600331783295,0.11682599782943726,0.11264999955892563,0.11274100095033646,70296598,XLM-USD,CRYPTO,yfinance,1d
2024-01-31,0.11275000125169754,0.11358600109815598,0.10912200063467026,0.10988999903202057,79261404,XLM-USD,CRYPTO,yfinance,1d
2024-02-01,0.10988199710845947,0.11071400344371796,0.1080700010061264,0.10986799746751785,63804070,XLM-USD,CRYPTO,yfinance,1d
2024-02-02,0.10986299812793732,0.11088799685239792,0.10902699828147888,0.11035999655723572,59801501,XLM-USD,CRYPTO,yfinance,1d
2024-02-03,0.11036299914121628,0.11220499873161316,0.10943300276994705,0.11098899692296982,64327566,XLM-USD,CRYPTO,yfinance,1d
2024-02-04,0.11099299788475037,0.11120299994945526,0.10859300196170807,0.10931199789047241,43423966,XLM-USD,CRYPTO,yfinance,1d
2024-02-05,0.10931199789047241,0.10974899679422379,0.10772500187158585,0.10841699689626694,53425185,XLM-USD,CRYPTO,yfinance,1d
2024-02-06,0.10840699821710587,0.10891799628734589,0.10751599818468094,0.10815100371837616,58910178,XLM-USD,CRYPTO,yfinance,1d
2024-02-07,0.10815200209617615,0.109095998108387,0.10695300251245499,0.10909000039100647,61152793,XLM-USD,CRYPTO,yfinance,1d
2024-02-08,0.10909800231456757,0.11005599796772003,0.10873900353908539,0.10986900329589844,62567423,XLM-USD,CRYPTO,yfinance,1d
2024-02-09,0.1098570004105568,0.11219900101423264,0.10983800143003464,0.11203400045633316,68410578,XLM-USD,CRYPTO,yfinance,1d
2024-02-10,0.11202900111675262,0.11290299892425537,0.11073999851942062,0.11163599789142609,52655700,XLM-USD,CRYPTO,yfinance,1d
2024-02-11,0.11164599657058716,0.11304199695587158,0.11077000200748444,0.11115200072526932,58720085,XLM-USD,CRYPTO,yfinance,1d
2024-02-12,0.11115899682044983,0.11322599649429321,0.10975199937820435,0.11322599649429321,74982567,XLM-USD,CRYPTO,yfinance,1d
2024-02-13,0.11320800334215164,0.11425500363111496,0.1098409965634346,0.1110529974102974,85317790,XLM-USD,CRYPTO,yfinance,1d
2024-02-14,0.11104600131511688,0.11463700234889984,0.11037299782037735,0.11441600322723389,80938474,XLM-USD,CRYPTO,yfinance,1d
2024-02-15,0.11441700160503387,0.11737900227308273,0.11416900157928467,0.11674699932336807,114694337,XLM-USD,CRYPTO,yfinance,1d
2024-02-16,0.11674799770116806,0.11812599748373032,0.11419399827718735,0.11552800238132477,83446160,XLM-USD,CRYPTO,yfinance,1d
2024-02-17,0.11552699655294418,0.11589600145816803,0.11194899678230286,0.11419499665498734,61441536,XLM-USD,CRYPTO,yfinance,1d
2024-02-18,0.1141899973154068,0.11655200272798538,0.11356499791145325,0.1158669963479042,61786919,XLM-USD,CRYPTO,yfinance,1d
2024-02-19,0.11587800085544586,0.118927001953125,0.11587800085544586,0.11848500370979309,78810665,XLM-USD,CRYPTO,yfinance,1d
2024-02-20,0.11848700046539307,0.12098000198602676,0.11456800252199173,0.11768999695777893,139532672,XLM-USD,CRYPTO,yfinance,1d
2024-02-21,0.11769499629735947,0.11786500364542007,0.11113200336694717,0.11434400081634521,94857878,XLM-USD,CRYPTO,yfinance,1d
2024-02-22,0.11434099823236465,0.11744199693202972,0.11344599723815918,0.11525800079107285,81531313,XLM-USD,CRYPTO,yfinance,1d
2024-02-23,0.11527100205421448,0.1162709966301918,0.1133119985461235,0.11486099660396576,82800114,XLM-USD,CRYPTO,yfinance,1d
2024-02-24,0.11486099660396576,0.11734800040721893,0.11380600184202194,0.11644700169563293,62766877,XLM-USD,CRYPTO,yfinance,1d
2024-02-25,0.11645500361919403,0.1168769970536232,0.1155330017209053,0.1164420023560524,63244380,XLM-USD,CRYPTO,yfinance,1d
2024-02-26,0.11644800007343292,0.11805400252342224,0.11421000212430954,0.11796700209379196,86168634,XLM-USD,CRYPTO,yfinance,1d
2024-02-27,0.11795499920845032,0.12338200211524963,0.11723099648952484,0.12297199666500092,146219812,XLM-USD,CRYPTO,yfinance,1d
2024-02-28,0.1229889988899231,0.1250469982624054,0.11639399826526642,0.12108100205659866,202345039,XLM-USD,CRYPTO,yfinance,1d
2024-02-29,0.12108799815177917,0.12803399562835693,0.11946199834346771,0.12193900346755981,221870195,XLM-USD,CRYPTO,yfinance,1d
2024-03-01,0.12192700058221817,0.12735000252723694,0.12192700058221817,0.12714900076389313,129425515,XLM-USD,CRYPTO,yfinance,1d
2024-03-02,0.12714999914169312,0.13839000463485718,0.12696899473667145,0.1383489966392517,264655700,XLM-USD,CRYPTO,yfinance,1d
2024-03-03,0.13834799826145172,0.13986599445343018,0.13103200495243073,0.1356319934129715,188228753,XLM-USD,CRYPTO,yfinance,1d
2024-03-04,0.1356469988822937,0.1576790064573288,0.1343570053577423,0.1458750069141388,440411880,XLM-USD,CRYPTO,yfinance,1d
2024-03-05,0.1458819955587387,0.15292100608348846,0.12038800120353699,0.13239899277687073,617142413,XLM-USD,CRYPTO,yfinance,1d
2024-03-06,0.13239899277687073,0.13846099376678467,0.1281989961862564,0.13816000521183014,324526992,XLM-USD,CRYPTO,yfinance,1d
2024-03-07,0.13816200196743011,0.14317600429058075,0.1378919929265976,0.14219099283218384,229646366,XLM-USD,CRYPTO,yfinance,1d
2024-03-08,0.14218999445438385,0.14555299282073975,0.13722699880599976,0.14196999371051788,248822462,XLM-USD,CRYPTO,yfinance,1d
2024-03-09,0.14196999371051788,0.1438799947500229,0.1405249983072281,0.14252899587154388,139036384,XLM-USD,CRYPTO,yfinance,1d
2024-03-10,0.14252899587154388,0.14497800171375275,0.13721799850463867,0.13984300196170807,151697354,XLM-USD,CRYPTO,yfinance,1d
2024-03-11,0.13984599709510803,0.1621289998292923,0.13581599295139313,0.1569889932870865,535232758,XLM-USD,CRYPTO,yfinance,1d
2024-03-12,0.1569889932870865,0.15929900109767914,0.14379599690437317,0.1493930071592331,259162027,XLM-USD,CRYPTO,yfinance,1d
2024-03-13,0.1493930071592331,0.15351299941539764,0.1467369943857193,0.15086500346660614,171661665,XLM-USD,CRYPTO,yfinance,1d
2024-03-14,0.15086500346660614,0.15201300382614136,0.13868199288845062,0.1445470005273819,266590270,XLM-USD,CRYPTO,yfinance,1d
2024-03-15,0.1445470005273819,0.1453939974308014,0.12898199260234833,0.1368190050125122,269079451,XLM-USD,CRYPTO,yfinance,1d
2024-03-16,0.1368190050125122,0.14292499423027039,0.12702900171279907,0.129271999001503,193693394,XLM-USD,CRYPTO,yfinance,1d
2024-03-17,0.12927299737930298,0.13306300342082977,0.12468700110912323,0.13215599954128265,131504690,XLM-USD,CRYPTO,yfinance,1d
2024-03-18,0.13215599954128265,0.13711799681186676,0.12499599903821945,0.13531899452209473,187395712,XLM-USD,CRYPTO,yfinance,1d
2024-03-19,0.13531999289989471,0.13531999289989471,0.11875200271606445,0.12077199667692184,274266807,XLM-USD,CRYPTO,yfinance,1d
2024-03-20,0.12077199667692184,0.13120700418949127,0.11753799766302109,0.13091599941253662,178905718,XLM-USD,CRYPTO,yfinance,1d
2024-03-21,0.13091599941253662,0.13523699343204498,0.1282690018415451,0.13321299850940704,146681501,XLM-USD,CRYPTO,yfinance,1d
2024-03-22,0.13321299850940704,0.1339540034532547,0.12578199803829193,0.12807199358940125,123072897,XLM-USD,CRYPTO,yfinance,1d
2024-03-23,0.12807199358940125,0.13631600141525269,0.1278419941663742,0.13284499943256378,88250146,XLM-USD,CRYPTO,yfinance,1d
2024-03-24,0.13284499943256378,0.13535700738430023,0.13191400468349457,0.13500499725341797,81373818,XLM-USD,CRYPTO,yfinance,1d
2024-03-25,0.13500499725341797,0.139165997505188,0.13422000408172607,0.13668300211429596,116681609,XLM-USD,CRYPTO,yfinance,1d
2024-03-26,0.13668300211429596,0.13992099463939667,0.13574400544166565,0.13818299770355225,121040181,XLM-USD,CRYPTO,yfinance,1d
2024-03-27,0.13818299770355225,0.13968800008296967,0.13233500719070435,0.13377000391483307,128181863,XLM-USD,CRYPTO,yfinance,1d
2024-03-28,0.13377000391483307,0.13878199458122253,0.13264499604701996,0.1380539983510971,112205020,XLM-USD,CRYPTO,yfinance,1d
2024-03-29,0.1380539983510971,0.14587099850177765,0.13729099929332733,0.14286300539970398,200801695,XLM-USD,CRYPTO,yfinance,1d
2024-03-30,0.14286300539970398,0.14347900450229645,0.13827699422836304,0.13927599787712097,91989525,XLM-USD,CRYPTO,yfinance,1d
2024-03-31,0.13927599787712097,0.1412770003080368,0.13862699270248413,0.14111800491809845,67648387,XLM-USD,CRYPTO,yfinance,1d
2024-04-01,0.14111800491809845,0.1425420045852661,0.1324400007724762,0.13570000231266022,147975756,XLM-USD,CRYPTO,yfinance,1d
2024-04-02,0.13570000231266022,0.13583500683307648,0.1273369938135147,0.12866100668907166,137807362,XLM-USD,CRYPTO,yfinance,1d
2024-04-03,0.12865999341011047,0.13073499500751495,0.12441299855709076,0.12640100717544556,121845636,XLM-USD,CRYPTO,yfinance,1d
2024-04-04,0.12640100717544556,0.13170799612998962,0.12439300119876862,0.12888799607753754,114400077,XLM-USD,CRYPTO,yfinance,1d
2024-04-05,0.12888799607753754,0.12962399423122406,0.12448199838399887,0.1275320053100586,91632139,XLM-USD,CRYPTO,yfinance,1d
2024-04-06,0.1275320053100586,0.12978599965572357,0.12713700532913208,0.1292410045862198,52171448,XLM-USD,CRYPTO,yfinance,1d
2024-04-07,0.12924200296401978,0.13029499351978302,0.12808099389076233,0.12933899462223053,55691799,XLM-USD,CRYPTO,yfinance,1d
2024-04-08,0.12933899462223053,0.134319007396698,0.1277579963207245,0.1333550065755844,99555660,XLM-USD,CRYPTO,yfinance,1d
2024-04-09,0.1333550065755844,0.13673800230026245,0.13090500235557556,0.13216300308704376,127975884,XLM-USD,CRYPTO,yfinance,1d
2024-04-10,0.13216400146484375,0.13216400146484375,0.12650300562381744,0.12965300679206848,103040259,XLM-USD,CRYPTO,yfinance,1d
2024-04-11,0.12965300679206848,0.13135899603366852,0.12833599746227264,0.13030000030994415,67600788,XLM-USD,CRYPTO,yfinance,1d
2024-04-12,0.13030000030994415,0.1310880035161972,0.10679499804973602,0.11529900133609772,228777165,XLM-USD,CRYPTO,yfinance,1d
2024-04-13,0.11529900133609772,0.11545500159263611,0.09533599764108658,0.1056860014796257,331911442,XLM-USD,CRYPTO,yfinance,1d
2024-04-14,0.1056860014796257,0.11144399642944336,0.10201899707317352,0.11076299846172333,239005618,XLM-USD,CRYPTO,yfinance,1d
2024-04-15,0.11076299846172333,0.11393599957227707,0.10417699813842773,0.10762500017881393,135893831,XLM-USD,CRYPTO,yfinance,1d
2024-04-16,0.10762400180101395,0.1100120022892952,0.10479400306940079,0.10960599780082703,106422102,XLM-USD,CRYPTO,yfinance,1d
2024-04-17,0.10960599780082703,0.1100350022315979,0.10521599650382996,0.10755299776792526,89314927,XLM-USD,CRYPTO,yfinance,1d
2024-04-18,0.10755299776792526,0.1110450029373169,0.10532400012016296,0.11050999909639359,81052154,XLM-USD,CRYPTO,yfinance,1d
2024-04-19,0.11050999909639359,0.11351499706506729,0.10398899763822556,0.11185599863529205,106328861,XLM-USD,CRYPTO,yfinance,1d
2024-04-20,0.11185599863529205,0.1168690025806427,0.11108200252056122,0.11590699851512909,66207002,XLM-USD,CRYPTO,yfinance,1d
2024-04-21,0.11590699851512909,0.11658500134944916,0.11300499737262726,0.11385499686002731,57864228,XLM-USD,CRYPTO,yfinance,1d
2024-04-22,0.11385499686002731,0.11903999745845795,0.1137159988284111,0.1182280033826828,73848044,XLM-USD,CRYPTO,yfinance,1d
2024-04-23,0.1182280033826828,0.11875899881124496,0.11573400348424911,0.11740899831056595,71434516,XLM-USD,CRYPTO,yfinance,1d
2024-04-24,0.11740899831056595,0.12027599662542343,0.11342599987983704,0.11446800082921982,94103764,XLM-USD,CRYPTO,yfinance,1d
2024-04-25,0.1144699975848198,0.11554499715566635,0.11160799860954285,0.11374899744987488,73035657,XLM-USD,CRYPTO,yfinance,1d
2024-04-26,0.11374899744987488,0.11511900275945663,0.11215800046920776,0.11400599777698517,65902171,XLM-USD,CRYPTO,yfinance,1d
2024-04-27,0.11400900036096573,0.11479199677705765,0.11153300106525421,0.1143919974565506,61644990,XLM-USD,CRYPTO,yfinance,1d
2024-04-28,0.1143919974565506,0.11588399857282639,0.11208199709653854,0.11228600144386292,55038698,XLM-USD,CRYPTO,yfinance,1d
2024-04-29,0.11228799819946289,0.11351999640464783,0.10982300341129303,0.11208800226449966,72040928,XLM-USD,CRYPTO,yfinance,1d
2024-04-30,0.11208699643611908,0.11276800185441971,0.10475099831819534,0.10771500319242477,91934242,XLM-USD,CRYPTO,yfinance,1d
2024-05-01,0.10771500319242477,0.11106900125741959,0.10331600159406662,0.11103499680757523,99567176,XLM-USD,CRYPTO,yfinance,1d
2024-05-02,0.11103499680757523,0.11114799976348877,0.10709799826145172,0.11035999655723572,74766755,XLM-USD,CRYPTO,yfinance,1d
2024-05-03,0.11035999655723572,0.11262500286102295,0.10894700139760971,0.1117819994688034,62383004,XLM-USD,CRYPTO,yfinance,1d
2024-05-04,0.1117819994688034,0.11250700056552887,0.11080200225114822,0.11100800335407257,49329923,XLM-USD,CRYPTO,yfinance,1d
2024-05-05,0.11100800335407257,0.11130400002002716,0.10939600318670273,0.11096200346946716,44733799,XLM-USD,CRYPTO,yfinance,1d
2024-05-06,0.11096200346946716,0.11353400349617004,0.10933700203895569,0.1098489984869957,90614457,XLM-USD,CRYPTO,yfinance,1d
2024-05-07,0.10984999686479568,0.11074399948120117,0.10807599872350693,0.10808700323104858,67824229,XLM-USD,CRYPTO,yfinance,1d
2024-05-08,0.10808700323104858,0.1097479984164238,0.10695300251245499,0.10739299654960632,60981422,XLM-USD,CRYPTO,yfinance,1d
2024-05-09,0.10739299654960632,0.1086840033531189,0.10600899904966354,0.10845000296831131,55951790,XLM-USD,CRYPTO,yfinance,1d
2024-05-10,0.10844500362873077,0.10972999781370163,0.10549099743366241,0.10634700208902359,54021437,XLM-USD,CRYPTO,yfinance,1d
2024-05-11,0.10634700208902359,0.10702499747276306,0.10555499792098999,0.10582900047302246,34493997,XLM-USD,CRYPTO,yfinance,1d
2024-05-12,0.10582900047302246,0.10624299943447113,0.10418400168418884,0.10465600341558456,34220501,XLM-USD,CRYPTO,yfinance,1d
2024-05-13,0.10465600341558456,0.10567600280046463,0.10109999775886536,0.10394000262022018,58871423,XLM-USD,CRYPTO,yfinance,1d
2024-05-14,0.10394000262022018,0.10437799990177155,0.10175299644470215,0.1018500030040741,56211815,XLM-USD,CRYPTO,yfinance,1d
2024-05-15,0.1018500030040741,0.10721000283956528,0.1016630008816719,0.10679999738931656,58807592,XLM-USD,CRYPTO,yfinance,1d
2024-05-16,0.10680299997329712,0.10786399990320206,0.10509300231933594,0.10669299960136414,56455774,XLM-USD,CRYPTO,yfinance,1d
2024-05-17,0.10669299960136414,0.10978899896144867,0.10611899942159653,0.10881000012159348,53476331,XLM-USD,CRYPTO,yfinance,1d
2024-05-18,0.10881000012159348,0.10949599742889404,0.10754700005054474,0.10812000185251236,43713238,XLM-USD,CRYPTO,yfinance,1d
2024-05-19,0.1081169992685318,0.10854899883270264,0.10535900294780731,0.10559800267219543,41112226,XLM-USD,CRYPTO,yfinance,1d
2024-05-20,0.10559800267219543,0.11228200048208237,0.1047779992222786,0.1122720018029213,71654077,XLM-USD,CRYPTO,yfinance,1d
2024-05-21,0.11226899921894073,0.11396899819374084,0.11147899925708771,0.11223699897527695,81334886,XLM-USD,CRYPTO,yfinance,1d
2024-05-22,0.11223699897527695,0.11246100068092346,0.10930699855089188,0.11061199754476547,71919210,XLM-USD,CRYPTO,yfinance,1d
2024-05-23,0.11061199754476547,0.11145099997520447,0.10505300015211105,0.1090800017118454,115764849,XLM-USD,CRYPTO,yfinance,1d
2024-05-24,0.1090800017118454,0.11053399741649628,0.10748100280761719,0.11021599918603897,67141615,XLM-USD,CRYPTO,yfinance,1d
2024-05-25,0.11021599918603897,0.11163000017404556,0.11010400205850601,0.11091200262308121,40545031,XLM-USD,CRYPTO,yfinance,1d
2024-05-26,0.11091200262308121,0.11137700080871582,0.10810399800539017,0.10868600010871887,41886956,XLM-USD,CRYPTO,yfinance,1d
2024-05-27,0.10868600010871887,0.11144900321960449,0.1080780029296875,0.11044999957084656,63776627,XLM-USD,CRYPTO,yfinance,1d
2024-05-28,0.11044999957084656,0.11054900288581848,0.10684700310230255,0.10778599977493286,75543515,XLM-USD,CRYPTO,yfinance,1d
2024-05-29,0.10778599977493286,0.10930900275707245,0.10651800036430359,0.10659199953079224,66976036,XLM-USD,CRYPTO,yfinance,1d
2024-05-30,0.10659699887037277,0.10771799832582474,0.10476300120353699,0.10677800327539444,70589064,XLM-USD,CRYPTO,yfinance,1d
2024-05-31,0.10677800327539444,0.10710400342941284,0.10473000258207321,0.10636299848556519,61501284,XLM-USD,CRYPTO,yfinance,1d
2024-06-01,0.10636299848556519,0.10678800195455551,0.1061289981007576,0.10631799697875977,33842691,XLM-USD,CRYPTO,yfinance,1d
2024-06-02,0.10631799697875977,0.10666999965906143,0.10463999956846237,0.10519800335168839,44169589,XLM-USD,CRYPTO,yfinance,1d
2024-06-03,0.10519800335168839,0.10702399909496307,0.10476800054311752,0.10532700270414352,55966949,XLM-USD,CRYPTO,yfinance,1d
2024-06-04,0.10532700270414352,0.10680100321769714,0.10413400083780289,0.10642900317907333,60026803,XLM-USD,CRYPTO,yfinance,1d
2024-06-05,0.10642900317907333,0.10744000226259232,0.10595200210809708,0.10697200149297714,56311038,XLM-USD,CRYPTO,yfinance,1d
2024-06-06,0.10697200149297714,0.10698000341653824,0.10482700169086456,0.1052820011973381,50610952,XLM-USD,CRYPTO,yfinance,1d
2024-06-07,0.1052820011973381,0.10669299960136414,0.09406699985265732,0.10026100277900696,111110827,XLM-USD,CRYPTO,yfinance,1d
2024-06-08,0.10024400055408478,0.10024400055408478,0.0968250036239624,0.09827399998903275,56286304,XLM-USD,CRYPTO,yfinance,1d
2024-06-09,0.09826499968767166,0.09981600195169449,0.09818299859762192,0.0998150035738945,37251187,XLM-USD,CRYPTO,yfinance,1d
2024-06-10,0.09981700032949448,0.10120999813079834,0.09929099678993225,0.09996899962425232,49009384,XLM-USD,CRYPTO,yfinance,1d
2024-06-11,0.0999709963798523,0.10018400102853775,0.09573400020599365,0.09674900025129318,65056424,XLM-USD,CRYPTO,yfinance,1d
2024-06-12,0.09675099700689316,0.10094500333070755,0.09565900266170502,0.10010900348424911,62534472,XLM-USD,CRYPTO,yfinance,1d
2024-06-13,0.10011900216341019,0.10022799670696259,0.0972680002450943,0.09748099744319916,48972057,XLM-USD,CRYPTO,yfinance,1d
2024-06-14,0.09747400134801865,0.09882800281047821,0.09449899941682816,0.09677399694919586,58558201,XLM-USD,CRYPTO,yfinance,1d
2024-06-15,0.0967710018157959,0.09864400327205658,0.09641200304031372,0.09823700040578842,33676354,XLM-USD,CRYPTO,yfinance,1d
2024-06-16,0.09824500232934952,0.09914299845695496,0.09764699637889862,0.09899500012397766,33153627,XLM-USD,CRYPTO,yfinance,1d
2024-06-17,0.09900599718093872,0.0992790013551712,0.09556499868631363,0.09691199660301208,89787741,XLM-USD,CRYPTO,yfinance,1d
2024-06-18,0.09690099954605103,0.09694699943065643,0.08810000121593475,0.09137199819087982,133004372,XLM-USD,CRYPTO,yfinance,1d
2024-06-19,0.09137299656867981,0.09410099685192108,0.09073600172996521,0.09330499917268753,51932569,XLM-USD,CRYPTO,yfinance,1d
2024-06-20,0.09330499917268753,0.09539300203323364,0.09306199848651886,0.0939129963517189,51643502,XLM-USD,CRYPTO,yfinance,1d
2024-06-21,0.09391500055789948,0.09435100108385086,0.09122499823570251,0.09203100204467773,61032699,XLM-USD,CRYPTO,yfinance,1d
2024-06-22,0.09202899783849716,0.09202899783849716,0.09071499854326248,0.09084100276231766,31231252,XLM-USD,CRYPTO,yfinance,1d
2024-06-23,0.09083600342273712,0.0919089987874031,0.08941700309515,0.08954700082540512,33893869,XLM-USD,CRYPTO,yfinance,1d
2024-06-24,0.08955100178718567,0.0896340012550354,0.08621600270271301,0.08923599869012833,86719589,XLM-USD,CRYPTO,yfinance,1d
2024-06-25,0.0892459973692894,0.09284000098705292,0.0892459973692894,0.09183800220489502,54552534,XLM-USD,CRYPTO,yfinance,1d
2024-06-26,0.09183400124311447,0.09250199794769287,0.08980900049209595,0.0901390016078949,46677214,XLM-USD,CRYPTO,yfinance,1d
2024-06-27,0.09013699740171432,0.09152600169181824,0.08871600031852722,0.09137500077486038,41893989,XLM-USD,CRYPTO,yfinance,1d
2024-06-28,0.0913819968700409,0.09298499673604965,0.09077399969100952,0.0909150019288063,48914015,XLM-USD,CRYPTO,yfinance,1d
2024-06-29,0.09091299772262573,0.09177999943494797,0.08994899690151215,0.0900140032172203,27531076,XLM-USD,CRYPTO,yfinance,1d
2024-06-30,0.09002099931240082,0.09159400314092636,0.08946099877357483,0.09108799695968628,37944906,XLM-USD,CRYPTO,yfinance,1d
2024-07-01,0.09109099954366684,0.09258999675512314,0.09055999666452408,0.091450996696949,51342729,XLM-USD,CRYPTO,yfinance,1d
2024-07-02,0.091450996696949,0.09408900141716003,0.09144899994134903,0.09350600093603134,46767592,XLM-USD,CRYPTO,yfinance,1d
2024-07-03,0.09350399672985077,0.09359300136566162,0.0894550010561943,0.09031900018453598,58093562,XLM-USD,CRYPTO,yfinance,1d
2024-07-04,0.09031199663877487,0.09059499949216843,0.0864500030875206,0.0871329978108406,87663626,XLM-USD,CRYPTO,yfinance,1d
2024-07-05,0.08708799630403519,0.08708799630403519,0.07727999985218048,0.08552200347185135,187119451,XLM-USD,CRYPTO,yfinance,1d
2024-07-06,0.08550599962472916,0.09083600342273712,0.08520600199699402,0.09057199954986572,48738444,XLM-USD,CRYPTO,yfinance,1d
2024-07-07,0.09057100117206573,0.09059400111436844,0.08360499888658524,0.08388999849557877,49157841,XLM-USD,CRYPTO,yfinance,1d
2024-07-08,0.08388800173997879,0.0871800035238266,0.0808899998664856,0.08549600094556808,83653145,XLM-USD,CRYPTO,yfinance,1d
2024-07-09,0.08548200130462646,0.08818399906158447,0.08525300025939941,0.08795499801635742,53565646,XLM-USD,CRYPTO,yfinance,1d
2024-07-10,0.08796600252389908,0.08919999748468399,0.0867680013179779,0.0875369980931282,45129580,XLM-USD,CRYPTO,yfinance,1d
2024-07-11,0.08754099905490875,0.09038300067186356,0.0870169997215271,0.08877500146627426,46739903,XLM-USD,CRYPTO,yfinance,1d
2024-07-12,0.08876799792051315,0.09219499677419662,0.08830700069665909,0.09135899692773819,75330190,XLM-USD,CRYPTO,yfinance,1d
2024-07-13,0.09136900305747986,0.10582999885082245,0.09136900305747986,0.10244400054216385,195156989,XLM-USD,CRYPTO,yfinance,1d
2024-07-14,0.10241799801588058,0.10668499767780304,0.09968400001525879,0.10464899986982346,107843981,XLM-USD,CRYPTO,yfinance,1d
2024-07-15,0.10466200113296509,0.10571099817752838,0.10273399949073792,0.1048789992928505,96930050,XLM-USD,CRYPTO,yfinance,1d
2024-07-16,0.10485299676656723,0.10893499851226807,0.10133100301027298,0.10692799836397171,180892908,XLM-USD,CRYPTO,yfinance,1d
2024-07-17,0.10693000257015228,0.11222799867391586,0.10620400309562683,0.10994099825620651,154457710,XLM-USD,CRYPTO,yfinance,1d
2024-07-18,0.10996700078248978,0.11114799976348877,0.10147300362586975,0.1032010018825531,112040274,XLM-USD,CRYPTO,yfinance,1d
2024-07-19,0.10319899767637253,0.10558400303125381,0.10118000209331512,0.10538099706172943,75421249,XLM-USD,CRYPTO,yfinance,1d
2024-07-20,0.1053680032491684,0.10683500021696091,0.10416100174188614,0.10532599687576294,62925789,XLM-USD,CRYPTO,yfinance,1d
2024-07-21,0.10532599687576294,0.1059499979019165,0.10202399641275406,0.10530900210142136,72589625,XLM-USD,CRYPTO,yfinance,1d
2024-07-22,0.10530900210142136,0.10621300339698792,0.10240299999713898,0.10349299758672714,297178319,XLM-USD,CRYPTO,yfinance,1d
2024-07-23,0.10349299758672714,0.10472100228071213,0.0997840017080307,0.10099499672651291,78180460,XLM-USD,CRYPTO,yfinance,1d
2024-07-24,0.10099700093269348,0.10577499866485596,0.10029000043869019,0.10294999927282333,73214374,XLM-USD,CRYPTO,yfinance,1d
2024-07-25,0.10294999927282333,0.10408499836921692,0.10006900131702423,0.1022069975733757,103301178,XLM-USD,CRYPTO,yfinance,1d
2024-07-26,0.10220800340175629,0.10439600050449371,0.10161799937486649,0.1031619980931282,55405537,XLM-USD,CRYPTO,yfinance,1d
2024-07-27,0.1031619980931282,0.10352099686861038,0.10056599974632263,0.10153300315141678,54700302,XLM-USD,CRYPTO,yfinance,1d
2024-07-28,0.10153300315141678,0.10220500081777573,0.0997140035033226,0.10024300217628479,42591306,XLM-USD,CRYPTO,yfinance,1d
2024-07-29,0.10024300217628479,0.10193800181150436,0.09893299639225006,0.09918700158596039,57159986,XLM-USD,CRYPTO,yfinance,1d
2024-07-30,0.09918700158596039,0.10332900285720825,0.09873799979686737,0.10249000042676926,82273695,XLM-USD,CRYPTO,yfinance,1d
2024-07-31,0.10249000042676926,0.10634300112724304,0.10057999938726425,0.10064200311899185,103348683,XLM-USD,CRYPTO,yfinance,1d
2024-08-01,0.10064200311899185,0.10095900297164917,0.09578099846839905,0.09934200346469879,81459832,XLM-USD,CRYPTO,yfinance,1d
2024-08-02,0.09934200346469879,0.09942000359296799,0.09357400238513947,0.09550999850034714,74776367,XLM-USD,CRYPTO,yfinance,1d
2024-08-03,0.09550999850034714,0.09588800370693207,0.09176500141620636,0.09341199696063995,57242439,XLM-USD,CRYPTO,yfinance,1d
2024-08-04,0.09341199696063995,0.0934159979224205,0.08671999722719193,0.088189996778965,62605222,XLM-USD,CRYPTO,yfinance,1d
2024-08-05,0.08818899840116501,0.08914200216531754,0.07591799646615982,0.08808500319719315,225147367,XLM-USD,CRYPTO,yfinance,1d
2024-08-06,0.08808299899101257,0.09303200244903564,0.08800499886274338,0.09246399998664856,85566323,XLM-USD,CRYPTO,yfinance,1d
2024-08-07,0.09246399998664856,0.10354200005531311,0.09201300144195557,0.10139500349760056,223152341,XLM-USD,CRYPTO,yfinance,1d
2024-08-08,0.10139399766921997,0.10352600365877151,0.09859299659729004,0.10310100018978119,194980934,XLM-USD,CRYPTO,yfinance,1d
2024-08-09,0.10310100018978119,0.10314100235700607,0.09867499768733978,0.09999100118875504,88934334,XLM-USD,CRYPTO,yfinance,1d
2024-08-10,0.09999000281095505,0.10197900235652924,0.09974200278520584,0.10132499784231186,78529071,XLM-USD,CRYPTO,yfinance,1d
2024-08-11,0.10132499784231186,0.10300199687480927,0.09725499898195267,0.09788399934768677,84957621,XLM-USD,CRYPTO,yfinance,1d
2024-08-12,0.09788399934768677,0.10049799829721451,0.09730900079011917,0.0988750010728836,93315893,XLM-USD,CRYPTO,yfinance,1d
2024-08-13,0.0988750010728836,0.09971500188112259,0.09775900095701218,0.09931900352239609,47375027,XLM-USD,CRYPTO,yfinance,1d
2024-08-14,0.09932000190019608,0.09948000311851501,0.09658800065517426,0.09671100229024887,46656577,XLM-USD,CRYPTO,yfinance,1d
2024-08-15,0.09670999646186829,0.0982770025730133,0.09478099644184113,0.09562599658966064,52019202,XLM-USD,CRYPTO,yfinance,1d
2024-08-16,0.09562599658966064,0.09605199843645096,0.09329500049352646,0.09485799819231033,50397754,XLM-USD,CRYPTO,yfinance,1d
2024-08-17,0.09485899657011032,0.0963829979300499,0.0945810005068779,0.09559299796819687,26859120,XLM-USD,CRYPTO,yfinance,1d
2024-08-18,0.09559299796819687,0.09622299671173096,0.09351799637079239,0.09352000057697296,32695718,XLM-USD,CRYPTO,yfinance,1d
2024-08-19,0.09351900219917297,0.09618400037288666,0.09316600114107132,0.09618400037288666,52677707,XLM-USD,CRYPTO,yfinance,1d
2024-08-20,0.09618400037288666,0.09912700206041336,0.09617599844932556,0.09774599969387054,48549974,XLM-USD,CRYPTO,yfinance,1d
2024-08-21,0.09774599969387054,0.09907799959182739,0.09638500213623047,0.09856700152158737,49155340,XLM-USD,CRYPTO,yfinance,1d
2024-08-22,0.09856700152158737,0.09968800097703934,0.09742800146341324,0.09901600331068039,42402073,XLM-USD,CRYPTO,yfinance,1d
2024-08-23,0.09901600331068039,0.10237400233745575,0.09895399957895279,0.10185600072145462,58890230,XLM-USD,CRYPTO,yfinance,1d
2024-08-24,0.10185600072145462,0.10363800078630447,0.10092300176620483,0.10257700085639954,48823527,XLM-USD,CRYPTO,yfinance,1d
2024-08-25,0.10257700085639954,0.10287600010633469,0.0998309999704361,0.10096000134944916,54930758,XLM-USD,CRYPTO,yfinance,1d
2024-08-26,0.10096000134944916,0.10121600329875946,0.09668800234794617,0.09712199866771698,50765300,XLM-USD,CRYPTO,yfinance,1d
2024-08-27,0.09712199866771698,0.09768400341272354,0.09262900054454803,0.09388499706983566,62617799,XLM-USD,CRYPTO,yfinance,1d
2024-08-28,0.09388499706983566,0.09478700160980225,0.09089499711990356,0.0928720012307167,71943235,XLM-USD,CRYPTO,yfinance,1d
2024-08-29,0.09287100285291672,0.09436400234699249,0.09208299964666367,0.09312299638986588,42764966,XLM-USD,CRYPTO,yfinance,1d
2024-08-30,0.09312299638986588,0.09403599798679352,0.09125000238418579,0.09327100217342377,46772580,XLM-USD,CRYPTO,yfinance,1d
2024-08-31,0.09327100217342377,0.0936179980635643,0.09199400246143341,0.09255900233983994,26081702,XLM-USD,CRYPTO,yfinance,1d
2024-09-01,0.09255900233983994,0.09256900101900101,0.08951299637556076,0.09004800021648407,40375174,XLM-USD,CRYPTO,yfinance,1d
2024-09-02,0.09004800021648407,0.09252499788999557,0.09001799672842026,0.09239000082015991,43104627,XLM-USD,CRYPTO,yfinance,1d
2024-09-03,0.09239000082015991,0.09443700313568115,0.09147100150585175,0.09147100150585175,38625062,XLM-USD,CRYPTO,yfinance,1d
2024-09-04,0.09146899729967117,0.09241800010204315,0.08896300196647644,0.09167599678039551,54496246,XLM-USD,CRYPTO,yfinance,1d
2024-09-05,0.09167599678039551,0.09200400114059448,0.08977500349283218,0.09027700126171112,39170588,XLM-USD,CRYPTO,yfinance,1d
2024-09-06,0.09027700126171112,0.0903950035572052,0.08580800145864487,0.08813200145959854,65567473,XLM-USD,CRYPTO,yfinance,1d
2024-09-07,0.08813200145959854,0.08975200355052948,0.08762399852275848,0.08861900120973587,35731761,XLM-USD,CRYPTO,yfinance,1d
2024-09-08,0.08861900120973587,0.09014199674129486,0.08854400366544724,0.08995000272989273,36022746,XLM-USD,CRYPTO,yfinance,1d
2024-09-09,0.08995100110769272,0.09362199902534485,0.08994399756193161,0.09313599765300751,45864717,XLM-USD,CRYPTO,yfinance,1d
2024-09-10,0.09313599765300751,0.09451600164175034,0.09254699945449829,0.09403999894857407,37289389,XLM-USD,CRYPTO,yfinance,1d
2024-09-11,0.09403999894857407,0.09404599666595459,0.09150200337171555,0.09277299791574478,43228230,XLM-USD,CRYPTO,yfinance,1d
2024-09-12,0.09277299791574478,0.09506800025701523,0.09240800142288208,0.09494099766016006,64885972,XLM-USD,CRYPTO,yfinance,1d
2024-09-13,0.09494099766016006,0.0969809964299202,0.09413599967956543,0.09643000364303589,44556843,XLM-USD,CRYPTO,yfinance,1d
2024-09-14,0.09643000364303589,0.09727299958467484,0.09589599817991257,0.09719300270080566,38982483,XLM-USD,CRYPTO,yfinance,1d
2024-09-15,0.09719300270080566,0.09731200337409973,0.09482099860906601,0.09519200026988983,35281622,XLM-USD,CRYPTO,yfinance,1d
2024-09-16,0.09519200026988983,0.09565900266170502,0.09384000301361084,0.09498099982738495,45574713,XLM-USD,CRYPTO,yfinance,1d
2024-09-17,0.09498099982738495,0.09636499732732773,0.09409099817276001,0.0946040004491806,45014072,XLM-USD,CRYPTO,yfinance,1d
2024-09-18,0.09460300207138062,0.09592600166797638,0.0930119976401329,0.09592600166797638,49119999,XLM-USD,CRYPTO,yfinance,1d
2024-09-19,0.09592600166797638,0.09698999673128128,0.09476800262928009,0.09601999819278717,59599003,XLM-USD,CRYPTO,yfinance,1d
2024-09-20,0.09601999819278717,0.09711100161075592,0.09529799968004227,0.09619800001382828,49961029,XLM-USD,CRYPTO,yfinance,1d
2024-09-21,0.09619800001382828,0.09903600066900253,0.09583000093698502,0.09809000045061111,46692701,XLM-USD,CRYPTO,yfinance,1d
2024-09-22,0.09809000045061111,0.09809000045061111,0.0948840007185936,0.096049003303051,45293117,XLM-USD,CRYPTO,yfinance,1d
2024-09-23,0.096049003303051,0.09675800055265427,0.09528099745512009,0.09633299708366394,45845779,XLM-USD,CRYPTO,yfinance,1d
2024-09-24,0.09633299708366394,0.09685099869966507,0.09512100368738174,0.0968329980969429,45425530,XLM-USD,CRYPTO,yfinance,1d
2024-09-25,0.0968329980969429,0.0971359983086586,0.09573200345039368,0.09596999734640121,47611034,XLM-USD,CRYPTO,yfinance,1d
2024-09-26,0.09596899896860123,0.09917899966239929,0.09475299715995789,0.09799700230360031,63439636,XLM-USD,CRYPTO,yfinance,1d
2024-09-27,0.09799700230360031,0.09947200119495392,0.09765899926424026,0.09945899993181229,52736262,XLM-USD,CRYPTO,yfinance,1d
2024-09-28,0.09945899993181229,0.10181199759244919,0.0985340029001236,0.09955800324678421,79471511,XLM-USD,CRYPTO,yfinance,1d
2024-09-29,0.09955800324678421,0.10364600270986557,0.0984949991106987,0.10170499980449677,78088234,XLM-USD,CRYPTO,yfinance,1d
2024-09-30,0.10170499980449677,0.1035510003566742,0.09840500354766846,0.09852399677038193,80349139,XLM-USD,CRYPTO,yfinance,1d
2024-10-01,0.09852399677038193,0.10071299970149994,0.09290699660778046,0.0937969982624054,103046287,XLM-USD,CRYPTO,yfinance,1d
2024-10-02,0.0937969982624054,0.09506399929523468,0.09019599854946136,0.0906749963760376,78634738,XLM-USD,CRYPTO,yfinance,1d
2024-10-03,0.0906749963760376,0.0911799967288971,0.08832699805498123,0.09029500186443329,77983432,XLM-USD,CRYPTO,yfinance,1d
2024-10-04,0.09029500186443329,0.09194199740886688,0.08985300362110138,0.09181500226259232,51278513,XLM-USD,CRYPTO,yfinance,1d
2024-10-05,0.09181500226259232,0.09267400205135345,0.0911559984087944,0.09206099808216095,30817693,XLM-USD,CRYPTO,yfinance,1d
2024-10-06,0.09206099808216095,0.09318199753761292,0.09160300344228745,0.09245499968528748,27309433,XLM-USD,CRYPTO,yfinance,1d
2024-10-07,0.09245499968528748,0.09323199838399887,0.09090700000524521,0.09123700112104416,46153150,XLM-USD,CRYPTO,yfinance,1d
2024-10-08,0.09123700112104416,0.09218499809503555,0.08967000246047974,0.0899059996008873,42283213,XLM-USD,CRYPTO,yfinance,1d
2024-10-09,0.0899059996008873,0.09069100022315979,0.08886600285768509,0.08978799730539322,39385178,XLM-USD,CRYPTO,yfinance,1d
2024-10-10,0.08978799730539322,0.09014599770307541,0.0883530005812645,0.09001699835062027,52492836,XLM-USD,CRYPTO,yfinance,1d
2024-10-11,0.09001699835062027,0.09212599694728851,0.08996299654245377,0.09162399917840958,37718703,XLM-USD,CRYPTO,yfinance,1d
2024-10-12,0.09162399917840958,0.09250199794769287,0.09162399917840958,0.0918240025639534,32857637,XLM-USD,CRYPTO,yfinance,1d
2024-10-13,0.0918240025639534,0.0918549969792366,0.0896650031208992,0.09032800048589706,31560040,XLM-USD,CRYPTO,yfinance,1d
2024-10-14,0.09032800048589706,0.09356000274419785,0.08985500037670135,0.09326700121164322,49584556,XLM-USD,CRYPTO,yfinance,1d
2024-10-15,0.09326700121164322,0.0939669981598854,0.09126199781894684,0.09291499853134155,72090355,XLM-USD,CRYPTO,yfinance,1d
2024-10-16,0.09291499853134155,0.096110999584198,0.09234300255775452,0.09546100348234177,58484674,XLM-USD,CRYPTO,yfinance,1d
2024-10-17,0.09546399861574173,0.09657900035381317,0.09412399679422379,0.09500700235366821,54952879,XLM-USD,CRYPTO,yfinance,1d
2024-10-18,0.09500700235366821,0.09686700254678726,0.094480000436306,0.09664999693632126,40083481,XLM-USD,CRYPTO,yfinance,1d
2024-10-19,0.09664899855852127,0.09745600074529648,0.09591499716043472,0.09707000106573105,33732838,XLM-USD,CRYPTO,yfinance,1d
2024-10-20,0.09707000106573105,0.09722699970006943,0.09622900187969208,0.09719499945640564,33411425,XLM-USD,CRYPTO,yfinance,1d
2024-10-21,0.09719599783420563,0.09743700176477432,0.09481299668550491,0.0954509973526001,48041821,XLM-USD,CRYPTO,yfinance,1d
2024-10-22,0.09544999897480011,0.0966309979557991,0.09488800168037415,0.09513299912214279,55742485,XLM-USD,CRYPTO,yfinance,1d
2024-10-23,0.09513299912214279,0.0956289991736412,0.09279300272464752,0.09436099976301193,50820112,XLM-USD,CRYPTO,yfinance,1d
2024-10-24,0.09446699917316437,0.09672000259160995,0.09430500119924545,0.09665200114250183,47493034,XLM-USD,CRYPTO,yfinance,1d
2024-10-25,0.09665200114250183,0.0971750020980835,0.09181299805641174,0.09335300326347351,73628208,XLM-USD,CRYPTO,yfinance,1d
2024-10-26,0.09335300326347351,0.09480199962854385,0.09288199990987778,0.09414699673652649,45815135,XLM-USD,CRYPTO,yfinance,1d
2024-10-27,0.09414699673652649,0.09473799914121628,0.09342599660158157,0.09418000280857086,32736829,XLM-USD,CRYPTO,yfinance,1d
2024-10-28,0.09418000280857086,0.09452199935913086,0.09288100153207779,0.09424100071191788,44992634,XLM-USD,CRYPTO,yfinance,1d
2024-10-29,0.09423500299453735,0.09682399779558182,0.09421200305223465,0.09663499891757965,49796520,XLM-USD,CRYPTO,yfinance,1d
2024-10-30,0.09663499891757965,0.0967170000076294,0.094589002430439,0.0948759987950325,47314949,XLM-USD,CRYPTO,yfinance,1d
2024-10-31,0.0948759987950325,0.09489499777555466,0.09186500310897827,0.09244900196790695,52752724,XLM-USD,CRYPTO,yfinance,1d
2024-11-01,0.09244900196790695,0.09360899776220322,0.09087900072336197,0.09308800101280212,51536298,XLM-USD,CRYPTO,yfinance,1d
2024-11-02,0.09308800101280212,0.09355899691581726,0.09172999858856201,0.09263700246810913,29565440,XLM-USD,CRYPTO,yfinance,1d
2024-11-03,0.09263700246810913,0.0927020013332367,0.08952300250530243,0.09066499769687653,47280490,XLM-USD,CRYPTO,yfinance,1d
2024-11-04,0.09066499769687653,0.09210000187158585,0.09020400047302246,0.09111099690198898,44436107,XLM-USD,CRYPTO,yfinance,1d
2024-11-05,0.09111099690198898,0.09389200061559677,0.09079699963331223,0.093469999730587,43255269,XLM-USD,CRYPTO,yfinance,1d
2024-11-06,0.093469999730587,0.09764400124549866,0.09346699714660645,0.097120001912117,111558691,XLM-USD,CRYPTO,yfinance,1d
2024-11-07,0.097120001912117,0.10220900177955627,0.09667100012302399,0.1020520031452179,113474662,XLM-USD,CRYPTO,yfinance,1d
2024-11-08,0.1020520031452179,0.10320699959993362,0.10013999789953232,0.10129500180482864,100881654,XLM-USD,CRYPTO,yfinance,1d
2024-11-09,0.10129500180482864,0.10229700058698654,0.09972299635410309,0.10218500345945358,75927711,XLM-USD,CRYPTO,yfinance,1d
2024-11-10,0.10218500345945358,0.11275099962949753,0.10178200155496597,0.10847199708223343,270858510,XLM-USD,CRYPTO,yfinance,1d
2024-11-11,0.10847199708223343,0.11478500068187714,0.10769099742174149,0.1144540011882782,260040997,XLM-USD,CRYPTO,yfinance,1d
2024-11-12,0.1144540011882782,0.14104600250720978,0.11160299926996231,0.13495400547981262,752300194,XLM-USD,CRYPTO,yfinance,1d
2024-11-13,0.13495400547981262,0.1377909928560257,0.12108100205659866,0.12432499974966049,418191620,XLM-USD,CRYPTO,yfinance,1d
2024-11-14,0.12432099878787994,0.14023900032043457,0.12200400233268738,0.13086000084877014,425704967,XLM-USD,CRYPTO,yfinance,1d
2024-11-15,0.13086900115013123,0.14628799259662628,0.12857699394226074,0.14625699818134308,582518288,XLM-USD,CRYPTO,yfinance,1d
2024-11-16,0.14625699818134308,0.23868699371814728,0.14086699485778809,0.218640998005867,2504313507,XLM-USD,CRYPTO,yfinance,1d
2024-11-17,0.21862199902534485,0.22329699993133545,0.1897599995136261,0.1964160054922104,1403572059,XLM-USD,CRYPTO,yfinance,1d
2024-11-18,0.19640299677848816,0.2541379928588867,0.19640100002288818,0.2326509952545166,2449869158,XLM-USD,CRYPTO,yfinance,1d
2024-11-19,0.2326509952545166,0.24293799698352814,0.22292500734329224,0.23200899362564087,1066314048,XLM-USD,CRYPTO,yfinance,1d
2024-11-20,0.23200899362564087,0.2673349976539612,0.2279070019721985,0.24751900136470795,1609136032,XLM-USD,CRYPTO,yfinance,1d
2024-11-21,0.24751900136470795,0.26325398683547974,0.23012800514698029,0.26325398683547974,1395609232,XLM-USD,CRYPTO,yfinance,1d
2024-11-22,0.2632110118865967,0.3508799970149994,0.2628040015697479,0.34106600284576416,3669384984,XLM-USD,CRYPTO,yfinance,1d
2024-11-23,0.34106600284576416,0.5448709726333618,0.3403109908103943,0.5153909921646118,9867682534,XLM-USD,CRYPTO,yfinance,1d
2024-11-24,0.5153909921646118,0.6342480182647705,0.4413740038871765,0.5374209880828857,11123965941,XLM-USD,CRYPTO,yfinance,1d
2024-11-25,0.5374209880828857,0.5537469983100891,0.4788289964199066,0.4831329882144928,4416468306,XLM-USD,CRYPTO,yfinance,1d
2024-11-26,0.48311999440193176,0.5121520161628723,0.41867101192474365,0.43976399302482605,3441096149,XLM-USD,CRYPTO,yfinance,1d
2024-11-27,0.43976399302482605,0.5293660163879395,0.4204469919204712,0.4825049936771393,4427402354,XLM-USD,CRYPTO,yfinance,1d
2024-11-28,0.4825049936771393,0.5029860138893127,0.46478399634361267,0.4973829984664917,1937783670,XLM-USD,CRYPTO,yfinance,1d
2024-11-29,0.4973829984664917,0.5557370185852051,0.48830899596214294,0.5471360087394714,3580399875,XLM-USD,CRYPTO,yfinance,1d
2024-11-30,0.5471360087394714,0.5583490133285522,0.5218939781188965,0.5241339802742004,2745570352,XLM-USD,CRYPTO,yfinance,1d
2024-12-01,0.5241320133209229,0.5736089944839478,0.49452701210975647,0.5693879723548889,2809650253,XLM-USD,CRYPTO,yfinance,1d
2024-12-02,0.5693879723548889,0.6011949777603149,0.5001890063285828,0.5366439819335938,5166656956,XLM-USD,CRYPTO,yfinance,1d
2024-12-03,0.5367910265922546,0.5943059921264648,0.4943769872188568,0.509332001209259,3961711349,XLM-USD,CRYPTO,yfinance,1d
2024-12-04,0.509332001209259,0.5219230055809021,0.47910600900650024,0.4902769923210144,1647285873,XLM-USD,CRYPTO,yfinance,1d
2024-12-05,0.4902769923210144,0.5010219812393188,0.46575701236724854,0.4738290011882782,1491192255,XLM-USD,CRYPTO,yfinance,1d
2024-12-06,0.4708380103111267,0.49891701340675354,0.4585750102996826,0.49599599838256836,1008468347,XLM-USD,CRYPTO,yfinance,1d
2024-12-07,0.49599599838256836,0.509535014629364,0.48102399706840515,0.5052639842033386,842939538,XLM-USD,CRYPTO,yfinance,1d
2024-12-08,0.5052639842033386,0.5052679777145386,0.4762459993362427,0.4943520128726959,623058554,XLM-USD,CRYPTO,yfinance,1d
2024-12-09,0.49432700872421265,0.49432700872421265,0.3727799952030182,0.41211700439453125,1269173910,XLM-USD,CRYPTO,yfinance,1d
2024-12-10,0.4121130108833313,0.4384259879589081,0.36395499110221863,0.4365859925746918,1527052936,XLM-USD,CRYPTO,yfinance,1d
2024-12-11,0.4365859925746918,0.44599899649620056,0.4039359986782074,0.4360780119895935,1073044314,XLM-USD,CRYPTO,yfinance,1d
2024-12-12,0.4360080063343048,0.44988900423049927,0.4194439947605133,0.42534199357032776,848192870,XLM-USD,CRYPTO,yfinance,1d
2024-12-13,0.42534199357032776,0.45237699151039124,0.41286998987197876,0.43764999508857727,713812175,XLM-USD,CRYPTO,yfinance,1d
2024-12-14,0.43764999508857727,0.45010799169540405,0.4114049971103668,0.4244369864463806,560104441,XLM-USD,CRYPTO,yfinance,1d
2024-12-15,0.4244369864463806,0.4347609877586365,0.41667601466178894,0.4301280081272125,447174715,XLM-USD,CRYPTO,yfinance,1d
2024-12-16,0.43015700578689575,0.44245800375938416,0.4075320065021515,0.41920900344848633,684246738,XLM-USD,CRYPTO,yfinance,1d
2024-12-17,0.4192189872264862,0.4701240062713623,0.41102901101112366,0.4288490116596222,1446745044,XLM-USD,CRYPTO,yfinance,1d
2024-12-18,0.428849995136261,0.4457930028438568,0.3926979899406433,0.3958359956741333,1430219927,XLM-USD,CRYPTO,yfinance,1d
2024-12-19,0.3958359956741333,0.4137659966945648,0.3548809885978699,0.37059900164604187,1118656151,XLM-USD,CRYPTO,yfinance,1d
2024-12-20,0.37059399485588074,0.38293901085853577,0.3130109906196594,0.3744319975376129,1341963318,XLM-USD,CRYPTO,yfinance,1d
2024-12-21,0.3744319975376129,0.3894439935684204,0.3517470061779022,0.3563089966773987,585382664,XLM-USD,CRYPTO,yfinance,1d
2024-12-22,0.35631099343299866,0.37112000584602356,0.3441779911518097,0.35593900084495544,429234017,XLM-USD,CRYPTO,yfinance,1d
2024-12-23,0.35593900084495544,0.373649001121521,0.3479439914226532,0.36992499232292175,467022633,XLM-USD,CRYPTO,yfinance,1d
2024-12-24,0.36992499232292175,0.4125770032405853,0.3605310022830963,0.40197399258613586,597682034,XLM-USD,CRYPTO,yfinance,1d
2024-12-25,0.40197399258613586,0.40245500206947327,0.37891900539398193,0.38282400369644165,353069740,XLM-USD,CRYPTO,yfinance,1d
2024-12-26,0.38282400369644165,0.38592299818992615,0.3510279953479767,0.3542580008506775,329942217,XLM-USD,CRYPTO,yfinance,1d
2024-12-27,0.3542569875717163,0.36745598912239075,0.3447130024433136,0.349263995885849,305847519,XLM-USD,CRYPTO,yfinance,1d
2024-12-28,0.3492650091648102,0.3579869866371155,0.34474098682403564,0.35566601157188416,195555327,XLM-USD,CRYPTO,yfinance,1d
2024-12-29,0.35566699504852295,0.35569098591804504,0.3350909948348999,0.33789798617362976,175702921,XLM-USD,CRYPTO,yfinance,1d
2024-12-30,0.33789798617362976,0.3469409942626953,0.32101601362228394,0.3317349851131439,336984914,XLM-USD,CRYPTO,yfinance,1d
2024-12-31,0.3317349851131439,0.3444960117340088,0.32387199997901917,0.3316589891910553,325128946,XLM-USD,CRYPTO,yfinance,1d
2025-01-01,0.3316589891910553,0.43530699610710144,0.3316589891910553,0.4237760007381439,1812934891,XLM-USD,CRYPTO,yfinance,1d
2025-01-02,0.4237770140171051,0.45755499601364136,0.414449006319046,0.43290600180625916,1742890194,XLM-USD,CRYPTO,yfinance,1d
2025-01-03,0.43290600180625916,0.4589729905128479,0.4310390055179596,0.4484339952468872,1270182532,XLM-USD,CRYPTO,yfinance,1d
2025-01-04,0.44843098521232605,0.4842439889907837,0.44548600912094116,0.45072200894355774,1156225297,XLM-USD,CRYPTO,yfinance,1d
2025-01-05,0.45072200894355774,0.4540199935436249,0.4331580102443695,0.4406900107860565,554743055,XLM-USD,CRYPTO,yfinance,1d
2025-01-06,0.4406900107860565,0.46273499727249146,0.4333769977092743,0.4458250105381012,657697613,XLM-USD,CRYPTO,yfinance,1d
2025-01-07,0.44582599401474,0.4674820005893707,0.41587400436401367,0.4180470108985901,1038903089,XLM-USD,CRYPTO,yfinance,1d
2025-01-08,0.4180470108985901,0.4381580054759979,0.39204999804496765,0.42576900124549866,1115698912,XLM-USD,CRYPTO,yfinance,1d
2025-01-09,0.42576900124549866,0.4278469979763031,0.38786399364471436,0.3914870023727417,642813493,XLM-USD,CRYPTO,yfinance,1d
2025-01-10,0.3914889991283417,0.42431798577308655,0.3883799910545349,0.41476601362228394,651336244,XLM-USD,CRYPTO,yfinance,1d
2025-01-11,0.41476601362228394,0.4579319953918457,0.40389201045036316,0.44589298963546753,739624026,XLM-USD,CRYPTO,yfinance,1d
2025-01-12,0.44589298963546753,0.4458940029144287,0.4197790026664734,0.4225809872150421,450324276,XLM-USD,CRYPTO,yfinance,1d
2025-01-13,0.4225809872150421,0.4375860095024109,0.3949800133705139,0.41958001255989075,791022314,XLM-USD,CRYPTO,yfinance,1d
2025-01-14,0.41957199573516846,0.43575701117515564,0.4158329963684082,0.4301010072231293,545833592,XLM-USD,CRYPTO,yfinance,1d
2025-01-15,0.4301010072231293,0.49293699860572815,0.42712700366973877,0.48931699991226196,2154147036,XLM-USD,CRYPTO,yfinance,1d
2025-01-16,0.48932400345802307,0.5137410163879395,0.46521300077438354,0.4823090136051178,1967692227,XLM-USD,CRYPTO,yfinance,1d
2025-01-17,0.48230499029159546,0.4984239935874939,0.4755629897117615,0.4884369969367981,1014111040,XLM-USD,CRYPTO,yfinance,1d
2025-01-18,0.4884369969367981,0.49108800292015076,0.45269501209259033,0.4909510016441345,928394243,XLM-USD,CRYPTO,yfinance,1d
2025-01-19,0.4909540116786957,0.4934450089931488,0.4233059883117676,0.43288999795913696,1178973781,XLM-USD,CRYPTO,yfinance,1d
2025-01-20,0.4327380061149597,0.4768170118331909,0.4244590103626251,0.44650501012802124,1389850389,XLM-USD,CRYPTO,yfinance,1d
2025-01-21,0.4465000033378601,0.4538789987564087,0.428629994392395,0.4416550099849701,587061217,XLM-USD,CRYPTO,yfinance,1d
2025-01-22,0.4416550099849701,0.4448769986629486,0.42685699462890625,0.42802900075912476,455978898,XLM-USD,CRYPTO,yfinance,1d
2025-01-23,0.4280250072479248,0.4364340007305145,0.4126589894294739,0.4318400025367737,472588384,XLM-USD,CRYPTO,yfinance,1d
2025-01-24,0.43183401226997375,0.44766199588775635,0.4204849898815155,0.4309230148792267,416442185,XLM-USD,CRYPTO,yfinance,1d
2025-01-25,0.4309239983558655,0.4365670084953308,0.41635599732398987,0.41704800724983215,299909973,XLM-USD,CRYPTO,yfinance,1d
2025-01-26,0.4170539975166321,0.4260939955711365,0.4067609906196594,0.4067789912223816,274650764,XLM-USD,CRYPTO,yfinance,1d
2025-01-27,0.4067780077457428,0.40900400280952454,0.3667699992656708,0.40707701444625854,711184897,XLM-USD,CRYPTO,yfinance,1d
2025-01-28,0.40707701444625854,0.4202220141887665,0.39056500792503357,0.39368200302124023,385573356,XLM-USD,CRYPTO,yfinance,1d
2025-01-29,0.3936769962310791,0.4050379991531372,0.382966011762619,0.39273199439048767,330777425,XLM-USD,CRYPTO,yfinance,1d
2025-01-30,0.39274299144744873,0.4433409869670868,0.3898240029811859,0.43001699447631836,577243744,XLM-USD,CRYPTO,yfinance,1d
2025-01-31,0.4300130009651184,0.4300140142440796,0.4077180027961731,0.4140860140323639,333601270,XLM-USD,CRYPTO,yfinance,1d
2025-02-01,0.41408398747444153,0.419950008392334,0.3894999921321869,0.39330899715423584,268987849,XLM-USD,CRYPTO,yfinance,1d
2025-02-02,0.39330899715423584,0.4008690118789673,0.3389909863471985,0.35395699739456177,650185465,XLM-USD,CRYPTO,yfinance,1d
2025-02-03,0.35395199060440063,0.37233200669288635,0.27712398767471313,0.3704339861869812,1721235850,XLM-USD,CRYPTO,yfinance,1d
2025-02-04,0.3704339861869812,0.3745020031929016,0.33400699496269226,0.34160301089286804,539781017,XLM-USD,CRYPTO,yfinance,1d
2025-02-05,0.34160301089286804,0.34859299659729004,0.32353800535202026,0.32731300592422485,287981790,XLM-USD,CRYPTO,yfinance,1d
2025-02-06,0.3273029923439026,0.34056299924850464,0.3145970106124878,0.3184730112552643,316043946,XLM-USD,CRYPTO,yfinance,1d
2025-02-07,0.3184730112552643,0.3438490033149719,0.31723999977111816,0.3269529938697815,383334258,XLM-USD,CRYPTO,yfinance,1d
2025-02-08,0.32696598768234253,0.3342680037021637,0.3212519884109497,0.33198800683021545,199082689,XLM-USD,CRYPTO,yfinance,1d
2025-02-09,0.33198800683021545,0.33807000517845154,0.3038170039653778,0.31458398699760437,285771798,XLM-USD,CRYPTO,yfinance,1d
2025-02-10,0.31458398699760437,0.32199299335479736,0.30376800894737244,0.3129050135612488,313937333,XLM-USD,CRYPTO,yfinance,1d
2025-02-11,0.3129349946975708,0.3385539948940277,0.31273800134658813,0.31841400265693665,422347676,XLM-USD,CRYPTO,yfinance,1d
2025-02-12,0.31841498613357544,0.33617401123046875,0.30990898609161377,0.3329710066318512,339839205,XLM-USD,CRYPTO,yfinance,1d
2025-02-13,0.3329710066318512,0.342074990272522,0.323386013507843,0.33761900663375854,279921101,XLM-USD,CRYPTO,yfinance,1d
2025-02-14,0.33759599924087524,0.36114999651908875,0.3340489864349365,0.350942999124527,419637884,XLM-USD,CRYPTO,yfinance,1d
2025-02-15,0.35093799233436584,0.36554500460624695,0.34604600071907043,0.34902000427246094,266924488,XLM-USD,CRYPTO,yfinance,1d
2025-02-16,0.34901800751686096,0.35179099440574646,0.340846985578537,0.3426069915294647,166849495,XLM-USD,CRYPTO,yfinance,1d
2025-02-17,0.3426060080528259,0.3484730124473572,0.331835001707077,0.33372199535369873,221323545,XLM-USD,CRYPTO,yfinance,1d
2025-02-18,0.33372199535369873,0.3348979949951172,0.31662800908088684,0.323184996843338,216196316,XLM-USD,CRYPTO,yfinance,1d
2025-02-19,0.323184996843338,0.34234100580215454,0.3216809928417206,0.3422729969024658,237673170,XLM-USD,CRYPTO,yfinance,1d
2025-02-20,0.3422729969024658,0.34930500388145447,0.3363510072231293,0.3447270095348358,225055449,XLM-USD,CRYPTO,yfinance,1d
2025-02-21,0.3447270095348358,0.34626099467277527,0.3211959898471832,0.32577499747276306,268275214,XLM-USD,CRYPTO,yfinance,1d
2025-02-22,0.32577499747276306,0.3396579921245575,0.3245599865913391,0.3345920145511627,170185108,XLM-USD,CRYPTO,yfinance,1d
2025-02-23,0.3345920145511627,0.33580800890922546,0.3268060088157654,0.3335059881210327,146842265,XLM-USD,CRYPTO,yfinance,1d
2025-02-24,0.33350399136543274,0.3345339894294739,0.29702600836753845,0.2979719936847687,319644633,XLM-USD,CRYPTO,yfinance,1d
2025-02-25,0.29796698689460754,0.30294299125671387,0.2714419960975647,0.2952730059623718,503809010,XLM-USD,CRYPTO,yfinance,1d
2025-02-26,0.29526200890541077,0.298691987991333,0.27858099341392517,0.2854880094528198,241323578,XLM-USD,CRYPTO,yfinance,1d
2025-02-27,0.28548499941825867,0.2931370139122009,0.27731001377105713,0.2831209897994995,205057496,XLM-USD,CRYPTO,yfinance,1d
2025-02-28,0.2831200063228607,0.28771600127220154,0.2528730034828186,0.2863579988479614,304286663,XLM-USD,CRYPTO,yfinance,1d
2025-03-01,0.2863590121269226,0.3182370066642761,0.2836169898509979,0.31185299158096313,315740078,XLM-USD,CRYPTO,yfinance,1d
2025-03-02,0.31184399127960205,0.3716149926185608,0.3107469975948334,0.35044199228286743,890674339,XLM-USD,CRYPTO,yfinance,1d
2025-03-03,0.35044199228286743,0.3601900041103363,0.2901589870452881,0.2921229898929596,573975883,XLM-USD,CRYPTO,yfinance,1d
2025-03-04,0.2921229898929596,0.3001840114593506,0.2746509909629822,0.2950260043144226,395106866,XLM-USD,CRYPTO,yfinance,1d
2025-03-05,0.2950249910354614,0.3086479902267456,0.29062798619270325,0.2997699975967407,286300213,XLM-USD,CRYPTO,yfinance,1d
2025-03-06,0.2997730076313019,0.30877599120140076,0.295864999294281,0.29644399881362915,283721159,XLM-USD,CRYPTO,yfinance,1d
2025-03-07,0.29644399881362915,0.30280399322509766,0.2813810110092163,0.28327998518943787,388410830,XLM-USD,CRYPTO,yfinance,1d
2025-03-08,0.2832790017127991,0.28469499945640564,0.2727169990539551,0.2757500112056732,180869870,XLM-USD,CRYPTO,yfinance,1d
2025-03-09,0.275750994682312,0.2789880037307739,0.26183199882507324,0.2627669870853424,275066148,XLM-USD,CRYPTO,yfinance,1d
2025-03-10,0.2627669870853424,0.2740890085697174,0.24119700491428375,0.24230200052261353,369719206,XLM-USD,CRYPTO,yfinance,1d
2025-03-11,0.24230000376701355,0.2605839967727661,0.22946499288082123,0.2550249993801117,337787563,XLM-USD,CRYPTO,yfinance,1d
2025-03-12,0.2550249993801117,0.2625750005245209,0.24766699969768524,0.25958898663520813,263283291,XLM-USD,CRYPTO,yfinance,1d
2025-03-13,0.25958898663520813,0.29356399178504944,0.2588370144367218,0.2732599973678589,481579480,XLM-USD,CRYPTO,yfinance,1d
2025-03-14,0.27327200770378113,0.2830510139465332,0.27165600657463074,0.2763670086860657,293081521,XLM-USD,CRYPTO,yfinance,1d
2025-03-15,0.2763639986515045,0.2838430106639862,0.27198898792266846,0.2747800052165985,206207704,XLM-USD,CRYPTO,yfinance,1d
2025-03-16,0.2747800052165985,0.2759220004081726,0.2615030109882355,0.2632580101490021,155971751,XLM-USD,CRYPTO,yfinance,1d
2025-03-17,0.2632569968700409,0.2770040035247803,0.2627759873867035,0.27315300703048706,208897868,XLM-USD,CRYPTO,yfinance,1d
2025-03-18,0.27315399050712585,0.27336400747299194,0.262921005487442,0.2731829881668091,172113818,XLM-USD,CRYPTO,yfinance,1d
2025-03-19,0.2732029855251312,0.2970829904079437,0.27304598689079285,0.2907100021839142,414605173,XLM-USD,CRYPTO,yfinance,1d
2025-03-20,0.29070499539375305,0.2920610010623932,0.27808499336242676,0.2811430096626282,215417439,XLM-USD,CRYPTO,yfinance,1d
2025-03-21,0.2811430096626282,0.28729599714279175,0.2745710015296936,0.2767370045185089,190002738,XLM-USD,CRYPTO,yfinance,1d
2025-03-22,0.2767390012741089,0.27967599034309387,0.27364298701286316,0.27404600381851196,114803656,XLM-USD,CRYPTO,yfinance,1d
2025-03-23,0.27404600381851196,0.2835580110549927,0.27333900332450867,0.2829180061817169,162782532,XLM-USD,CRYPTO,yfinance,1d
2025-03-24,0.28292199969291687,0.29472100734710693,0.2788279950618744,0.29025998711586,188963565,XLM-USD,CRYPTO,yfinance,1d
2025-03-25,0.2902680039405823,0.2954989969730377,0.2865070104598999,0.29387301206588745,169257874,XLM-USD,CRYPTO,yfinance,1d
2025-03-26,0.29387301206588745,0.3016059994697571,0.2837750017642975,0.28578799962997437,201634077,XLM-USD,CRYPTO,yfinance,1d
2025-03-27,0.2857849895954132,0.29455798864364624,0.2822889983654022,0.28614598512649536,186603630,XLM-USD,CRYPTO,yfinance,1d
2025-03-28,0.28614598512649536,0.28873300552368164,0.2699809968471527,0.27438899874687195,188614887,XLM-USD,CRYPTO,yfinance,1d
2025-03-29,0.2743909955024719,0.2767469882965088,0.2624480128288269,0.26755398511886597,136518017,XLM-USD,CRYPTO,yfinance,1d
2025-03-30,0.267549991607666,0.27215999364852905,0.2637360095977783,0.2667370140552521,104168640,XLM-USD,CRYPTO,yfinance,1d
2025-03-31,0.2667289972305298,0.2693229913711548,0.2589559853076935,0.2639879882335663,165219398,XLM-USD,CRYPTO,yfinance,1d
2025-04-01,0.2639879882335663,0.2790350019931793,0.26202499866485596,0.2722429931163788,153748525,XLM-USD,CRYPTO,yfinance,1d
2025-04-02,0.27223899960517883,0.276883989572525,0.254830002784729,0.2586340010166168,244583767,XLM-USD,CRYPTO,yfinance,1d
2025-04-03,0.25862300395965576,0.26666998863220215,0.25016599893569946,0.2608320116996765,180367503,XLM-USD,CRYPTO,yfinance,1d
2025-04-04,0.2608320116996765,0.2646619975566864,0.2534109950065613,0.25947898626327515,175689784,XLM-USD,CRYPTO,yfinance,1d
2025-04-05,0.25947698950767517,0.26114699244499207,0.24877800047397614,0.25232699513435364,136436594,XLM-USD,CRYPTO,yfinance,1d
2025-04-06,0.25232699513435364,0.254040002822876,0.2240860015153885,0.22612200677394867,225643122,XLM-USD,CRYPTO,yfinance,1d
2025-04-07,0.22612300515174866,0.24243000149726868,0.20176100730895996,0.23217199742794037,439750543,XLM-USD,CRYPTO,yfinance,1d
2025-04-08,0.23217399418354034,0.240338996052742,0.22002899646759033,0.22100700438022614,218141690,XLM-USD,CRYPTO,yfinance,1d
2025-04-09,0.22100700438022614,0.24545399844646454,0.21387900412082672,0.24217000603675842,319550578,XLM-USD,CRYPTO,yfinance,1d
2025-04-10,0.24216799437999725,0.24216799437999725,0.22518500685691833,0.23021799325942993,181875614,XLM-USD,CRYPTO,yfinance,1d
2025-04-11,0.23021799325942993,0.23766900599002838,0.22954599559307098,0.23398299515247345,164562277,XLM-USD,CRYPTO,yfinance,1d
2025-04-12,0.23398299515247345,0.248322993516922,0.2328689992427826,0.24622300267219543,136714782,XLM-USD,CRYPTO,yfinance,1d
2025-04-13,0.24622300267219543,0.2514150142669678,0.2351360023021698,0.238319993019104,172377398,XLM-USD,CRYPTO,yfinance,1d
2025-04-14,0.23831899464130402,0.24720600247383118,0.23738299310207367,0.23988500237464905,164773902,XLM-USD,CRYPTO,yfinance,1d
2025-04-15,0.23988500237464905,0.2446659952402115,0.2355249971151352,0.2357099950313568,144776374,XLM-USD,CRYPTO,yfinance,1d
2025-04-16,0.2357099950313568,0.23938100039958954,0.23097500205039978,0.2355639934539795,152490391,XLM-USD,CRYPTO,yfinance,1d
2025-04-17,0.23556500673294067,0.2420790046453476,0.23465199768543243,0.23923400044441223,111546722,XLM-USD,CRYPTO,yfinance,1d
2025-04-18,0.23923400044441223,0.24446800351142883,0.23833200335502625,0.2400050014257431,89153995,XLM-USD,CRYPTO,yfinance,1d
2025-04-19,0.2400050014257431,0.2491839975118637,0.23979300260543823,0.2463189959526062,80338124,XLM-USD,CRYPTO,yfinance,1d
2025-04-20,0.2463199943304062,0.2472359985113144,0.23956699669361115,0.2435770034790039,86604353,XLM-USD,CRYPTO,yfinance,1d
2025-04-21,0.2435770034790039,0.2616330087184906,0.2435699999332428,0.2501629889011383,211914144,XLM-USD,CRYPTO,yfinance,1d
2025-04-22,0.25016000866889954,0.26742398738861084,0.24417200684547424,0.265531986951828,263457968,XLM-USD,CRYPTO,yfinance,1d
2025-04-23,0.2655310034751892,0.2746259868144989,0.2638010084629059,0.2664090096950531,280108120,XLM-USD,CRYPTO,yfinance,1d
2025-04-24,0.2664090096950531,0.282039999961853,0.2591080069541931,0.2806690037250519,249529747,XLM-USD,CRYPTO,yfinance,1d
2025-04-25,0.2806670069694519,0.29122400283813477,0.2746799886226654,0.2837280035018921,238067891,XLM-USD,CRYPTO,yfinance,1d
2025-04-26,0.2837330102920532,0.29701200127601624,0.28373101353645325,0.2909489870071411,186246448,XLM-USD,CRYPTO,yfinance,1d
2025-04-27,0.2909489870071411,0.2940860092639923,0.28107398748397827,0.284496009349823,207368106,XLM-USD,CRYPTO,yfinance,1d
2025-04-28,0.2844800055027008,0.2939859926700592,0.27927500009536743,0.28272300958633423,233089391,XLM-USD,CRYPTO,yfinance,1d
2025-04-29,0.28272300958633423,0.28464800119400024,0.2755959928035736,0.2781299948692322,156378415,XLM-USD,CRYPTO,yfinance,1d
2025-04-30,0.2781299948692322,0.2818549871444702,0.2680169939994812,0.271230012178421,167872150,XLM-USD,CRYPTO,yfinance,1d
2025-05-01,0.27122798562049866,0.28035101294517517,0.270440012216568,0.27366000413894653,165264729,XLM-USD,CRYPTO,yfinance,1d
2025-05-02,0.27367299795150757,0.2792910039424896,0.2710919976234436,0.2748889923095703,168015183,XLM-USD,CRYPTO,yfinance,1d
2025-05-03,0.2748889923095703,0.27545100450515747,0.2683410048484802,0.26943498849868774,113843572,XLM-USD,CRYPTO,yfinance,1d
2025-05-04,0.26943400502204895,0.2733359932899475,0.2652699947357178,0.26564300060272217,126272431,XLM-USD,CRYPTO,yfinance,1d
2025-05-05,0.265641987323761,0.26965099573135376,0.25715699791908264,0.2586610019207001,174556041,XLM-USD,CRYPTO,yfinance,1d
2025-05-06,0.2586610019207001,0.262923002243042,0.25250399112701416,0.2625730037689209,156591439,XLM-USD,CRYPTO,yfinance,1d
2025-05-07,0.2625750005245209,0.2636289894580841,0.25698599219322205,0.2602129876613617,125576314,XLM-USD,CRYPTO,yfinance,1d
2025-05-08,0.2602140009403229,0.29073798656463623,0.2592400014400482,0.29034799337387085,292092359,XLM-USD,CRYPTO,yfinance,1d
2025-05-09,0.2903459966182709,0.30636900663375854,0.2896040081977844,0.2953979969024658,399911561,XLM-USD,CRYPTO,yfinance,1d
2025-05-10,0.2953979969024658,0.32069700956344604,0.2940880060195923,0.3206239938735962,302382610,XLM-USD,CRYPTO,yfinance,1d
2025-05-11,0.32062599062919617,0.32409998774528503,0.301952987909317,0.30608901381492615,282261968,XLM-USD,CRYPTO,yfinance,1d
2025-05-12,0.306100994348526,0.33386701345443726,0.306100994348526,0.31275999546051025,629015951,XLM-USD,CRYPTO,yfinance,1d
2025-05-13,0.31276100873947144,0.3178519904613495,0.29783499240875244,0.31472301483154297,328168719,XLM-USD,CRYPTO,yfinance,1d
2025-05-14,0.3147130012512207,0.31714001297950745,0.30160099267959595,0.3039900064468384,291870191,XLM-USD,CRYPTO,yfinance,1d
2025-05-15,0.3039959967136383,0.3076249957084656,0.28728100657463074,0.29249200224876404,284493744,XLM-USD,CRYPTO,yfinance,1d
2025-05-16,0.29249098896980286,0.30061599612236023,0.28951799869537354,0.2933570146560669,209115982,XLM-USD,CRYPTO,yfinance,1d
2025-05-17,0.29335498809814453,0.2936590015888214,0.28193399310112,0.28638601303100586,175574429,XLM-USD,CRYPTO,yfinance,1d
2025-05-18,0.28638601303100586,0.29745200276374817,0.28282099962234497,0.2927820086479187,195898122,XLM-USD,CRYPTO,yfinance,1d
2025-05-19,0.29276299476623535,0.29322001338005066,0.277631014585495,0.28670400381088257,221170613,XLM-USD,CRYPTO,yfinance,1d
2025-05-20,0.28670400381088257,0.2895269989967346,0.2806049883365631,0.28755301237106323,196269587,XLM-USD,CRYPTO,yfinance,1d
2025-05-21,0.287555992603302,0.2977379858493805,0.28484800457954407,0.2934409976005554,239223247,XLM-USD,CRYPTO,yfinance,1d
2025-05-22,0.2934409976005554,0.3042300045490265,0.29337599873542786,0.3040130138397217,256757435,XLM-USD,CRYPTO,yfinance,1d
2025-05-23,0.3040130138397217,0.3116999864578247,0.284621000289917,0.2850089967250824,347828799,XLM-USD,CRYPTO,yfinance,1d
2025-05-24,0.2850489914417267,0.2914629876613617,0.2846119999885559,0.2861509919166565,145483885,XLM-USD,CRYPTO,yfinance,1d
2025-05-25,0.2861419916152954,0.2877649962902069,0.27807098627090454,0.28772100806236267,158929045,XLM-USD,CRYPTO,yfinance,1d
2025-05-26,0.28772100806236267,0.29037100076675415,0.28349700570106506,0.28577500581741333,143097182,XLM-USD,CRYPTO,yfinance,1d
2025-05-27,0.28577500581741333,0.29263898730278015,0.2816219925880432,0.28727099299430847,171634550,XLM-USD,CRYPTO,yfinance,1d
2025-05-28,0.2872669994831085,0.2897590100765228,0.27928900718688965,0.2851560115814209,180857374,XLM-USD,CRYPTO,yfinance,1d
2025-05-29,0.28515899181365967,0.2881940007209778,0.2785170078277588,0.2788369953632355,199300769,XLM-USD,CRYPTO,yfinance,1d
2025-05-30,0.2788369953632355,0.2798590064048767,0.2647329866886139,0.2650910019874573,280840352,XLM-USD,CRYPTO,yfinance,1d
2025-05-31,0.26509198546409607,0.2677370011806488,0.2594490051269531,0.2642430067062378,170600710,XLM-USD,CRYPTO,yfinance,1d
2025-06-01,0.2642430067062378,0.26775801181793213,0.2626430094242096,0.26732200384140015,114308568,XLM-USD,CRYPTO,yfinance,1d
2025-06-02,0.267318993806839,0.2719539999961853,0.2639639973640442,0.27194100618362427,148937608,XLM-USD,CRYPTO,yfinance,1d
2025-06-03,0.2719370126724243,0.2761180102825165,0.2701059877872467,0.27294600009918213,185316124,XLM-USD,CRYPTO,yfinance,1d
2025-06-04,0.27294600009918213,0.27560698986053467,0.2656410038471222,0.26681700348854065,153395847,XLM-USD,CRYPTO,yfinance,1d
2025-06-05,0.26681700348854065,0.2688100039958954,0.252936989068985,0.25745901465415955,240829808,XLM-USD,CRYPTO,yfinance,1d
2025-06-06,0.25745800137519836,0.2663469910621643,0.25683000683784485,0.26308101415634155,140791070,XLM-USD,CRYPTO,yfinance,1d
2025-06-07,0.26308000087738037,0.2677049934864044,0.26229000091552734,0.26490598917007446,84425565,XLM-USD,CRYPTO,yfinance,1d
2025-06-08,0.26490598917007446,0.27426600456237793,0.2635439932346344,0.2676509916782379,168185883,XLM-USD,CRYPTO,yfinance,1d
2025-06-09,0.2676500082015991,0.27501699328422546,0.2642360031604767,0.27501600980758667,193173452,XLM-USD,CRYPTO,yfinance,1d
2025-06-10,0.27501600980758667,0.28112199902534485,0.2723189890384674,0.2802410125732422,253144427,XLM-USD,CRYPTO,yfinance,1d
2025-06-11,0.280239999294281,0.28453901410102844,0.2762100100517273,0.27702200412750244,281548967,XLM-USD,CRYPTO,yfinance,1d
2025-06-12,0.27702200412750244,0.27816399931907654,0.2675609886646271,0.267769992351532,200766030,XLM-USD,CRYPTO,yfinance,1d
2025-06-13,0.267769992351532,0.267769992351532,0.2538299858570099,0.2609190046787262,359678286,XLM-USD,CRYPTO,yfinance,1d
2025-06-14,0.260917991399765,0.26102200150489807,0.25336700677871704,0.2565079927444458,106801918,XLM-USD,CRYPTO,yfinance,1d
2025-06-15,0.2565079927444458,0.25976601243019104,0.25491300225257874,0.25891000032424927,96026148,XLM-USD,CRYPTO,yfinance,1d
2025-06-16,0.25891000032424927,0.26982998847961426,0.25672900676727295,0.2617209851741791,212632050,XLM-USD,CRYPTO,yfinance,1d
2025-06-17,0.2617110013961792,0.2636429965496063,0.25071200728416443,0.2524150013923645,204433582,XLM-USD,CRYPTO,yfinance,1d
2025-06-18,0.2524139881134033,0.25402700901031494,0.24606800079345703,0.2520569860935211,171338788,XLM-USD,CRYPTO,yfinance,1d
2025-06-19,0.2520569860935211,0.25292301177978516,0.24758900701999664,0.24966399371623993,108090025,XLM-USD,CRYPTO,yfinance,1d
2025-06-20,0.24966399371623993,0.2514219880104065,0.2403939962387085,0.24203400313854218,172146640,XLM-USD,CRYPTO,yfinance,1d
2025-06-21,0.24203400313854218,0.24477699398994446,0.23338499665260315,0.23675400018692017,139691137,XLM-USD,CRYPTO,yfinance,1d
2025-06-22,0.23677100241184235,0.23850099742412567,0.2172050029039383,0.22854800522327423,243434981,XLM-USD,CRYPTO,yfinance,1d
2025-06-23,0.22854800522327423,0.24622400104999542,0.2259490042924881,0.24622100591659546,201393268,XLM-USD,CRYPTO,yfinance,1d
2025-06-24,0.24622100591659546,0.24966800212860107,0.24409599602222443,0.24869899451732635,149878587,XLM-USD,CRYPTO,yfinance,1d
2025-06-25,0.24869899451732635,0.24916499853134155,0.2403929978609085,0.24149200320243835,123202720,XLM-USD,CRYPTO,yfinance,1d
2025-06-26,0.24149200320243835,0.24413399398326874,0.2338850051164627,0.23420299589633942,123040063,XLM-USD,CRYPTO,yfinance,1d
2025-06-27,0.23420600593090057,0.23778100311756134,0.23291200399398804,0.23695699870586395,109149717,XLM-USD,CRYPTO,yfinance,1d
2025-06-28,0.23695699870586395,0.2400750070810318,0.2362159937620163,0.23896199464797974,86407294,XLM-USD,CRYPTO,yfinance,1d
2025-06-29,0.23896199464797974,0.24190300703048706,0.23526600003242493,0.24050599336624146,99630935,XLM-USD,CRYPTO,yfinance,1d
2025-06-30,0.24050599336624146,0.2427539974451065,0.2340169996023178,0.23824800550937653,184141939,XLM-USD,CRYPTO,yfinance,1d
2025-07-01,0.23824700713157654,0.23936699330806732,0.22329099476337433,0.22553899884223938,206243990,XLM-USD,CRYPTO,yfinance,1d
2025-07-02,0.2255380004644394,0.24034300446510315,0.22439399361610413,0.2381809949874878,149435768,XLM-USD,CRYPTO,yfinance,1d
2025-07-03,0.2381809949874878,0.2476550042629242,0.23814800381660461,0.24271899461746216,153369320,XLM-USD,CRYPTO,yfinance,1d
2025-07-04,0.24271899461746216,0.24454300105571747,0.23524299263954163,0.2377610057592392,110935229,XLM-USD,CRYPTO,yfinance,1d
2025-07-05,0.2377610057592392,0.23875799775123596,0.2351759970188141,0.23820999264717102,61803045,XLM-USD,CRYPTO,yfinance,1d
2025-07-06,0.23820999264717102,0.2512950003147125,0.23682700097560883,0.2501620054244995,161850944,XLM-USD,CRYPTO,yfinance,1d
2025-07-07,0.2501620054244995,0.2558560073375702,0.24677599966526031,0.24851900339126587,273341344,XLM-USD,CRYPTO,yfinance,1d
2025-07-08,0.24852100014686584,0.2595899999141693,0.2463809996843338,0.2595680058002472,203638658,XLM-USD,CRYPTO,yfinance,1d
2025-07-09,0.2595680058002472,0.2965089976787567,0.257423996925354,0.28761500120162964,746764776,XLM-USD,CRYPTO,yfinance,1d
2025-07-10,0.28761500120162964,0.30540698766708374,0.2855989933013916,0.30274298787117004,648900574,XLM-USD,CRYPTO,yfinance,1d
2025-07-11,0.30274999141693115,0.39733099937438965,0.29813799262046814,0.3597019910812378,1706984524,XLM-USD,CRYPTO,yfinance,1d
2025-07-12,0.3597019910812378,0.4131009876728058,0.35141199827194214,0.3917190134525299,2131460180,XLM-USD,CRYPTO,yfinance,1d
2025-07-13,0.3917190134525299,0.48100200295448303,0.38791799545288086,0.4720729887485504,2861577400,XLM-USD,CRYPTO,yfinance,1d
2025-07-14,0.4720749855041504,0.515421986579895,0.4398930072784424,0.4636490046977997,2879625607,XLM-USD,CRYPTO,yfinance,1d
2025-07-15,0.4636490046977997,0.47303199768066406,0.43082401156425476,0.4519309997558594,1665220478,XLM-USD,CRYPTO,yfinance,1d
2025-07-16,0.4519309997558594,0.4789780080318451,0.44815701246261597,0.4537149965763092,1520794238,XLM-USD,CRYPTO,yfinance,1d
2025-07-17,0.4537149965763092,0.5120949745178223,0.44739198684692383,0.49839499592781067,2051781383,XLM-USD,CRYPTO,yfinance,1d
2025-07-18,0.49832698702812195,0.5193719863891602,0.45031601190567017,0.4592219889163971,1645317099,XLM-USD,CRYPTO,yfinance,1d
2025-07-19,0.4592210054397583,0.4682160019874573,0.4513790011405945,0.46157601475715637,646480635,XLM-USD,CRYPTO,yfinance,1d
2025-07-20,0.4615750014781952,0.47629299759864807,0.45801401138305664,0.463234007358551,678408567,XLM-USD,CRYPTO,yfinance,1d
2025-07-21,0.463234007358551,0.4929710030555725,0.45696699619293213,0.4732910096645355,939713414,XLM-USD,CRYPTO,yfinance,1d
2025-07-22,0.4732919931411743,0.47623899579048157,0.4500100016593933,0.4721580147743225,777508833,XLM-USD,CRYPTO,yfinance,1d
2025-07-23,0.4721580147743225,0.47374099493026733,0.4099290072917938,0.42775198817253113,932193054,XLM-USD,CRYPTO,yfinance,1d
2025-07-24,0.42775100469589233,0.4469200074672699,0.40352800488471985,0.42430999875068665,761319689,XLM-USD,CRYPTO,yfinance,1d
2025-07-25,0.42432498931884766,0.43252599239349365,0.4061110019683838,0.4314889907836914,586393348,XLM-USD,CRYPTO,yfinance,1d
2025-07-26,0.43148499727249146,0.44601500034332275,0.429500013589859,0.43560099601745605,353734533,XLM-USD,CRYPTO,yfinance,1d
2025-07-27,0.43560001254081726,0.4591059982776642,0.43494200706481934,0.44449299573898315,429346288,XLM-USD,CRYPTO,yfinance,1d
2025-07-28,0.44449299573898315,0.45306798815727234,0.41666701436042786,0.41734400391578674,451052836,XLM-USD,CRYPTO,yfinance,1d
2025-07-29,0.41737401485443115,0.4345960021018982,0.41260799765586853,0.4209569990634918,355659053,XLM-USD,CRYPTO,yfinance,1d
2025-07-30,0.4209569990634918,0.4236289858818054,0.3964869976043701,0.40758299827575684,414500933,XLM-USD,CRYPTO,yfinance,1d
2025-07-31,0.4075799882411957,0.42838698625564575,0.4014979898929596,0.401511013507843,433828725,XLM-USD,CRYPTO,yfinance,1d
2025-08-01,0.401513010263443,0.401513010263443,0.37688198685646057,0.3827829957008362,588806384,XLM-USD,CRYPTO,yfinance,1d
2025-08-02,0.382764995098114,0.39096400141716003,0.36288198828697205,0.3671570122241974,312614069,XLM-USD,CRYPTO,yfinance,1d
2025-08-03,0.3671649992465973,0.402864009141922,0.36354801058769226,0.3992069959640503,400028511,XLM-USD,CRYPTO,yfinance,1d
2025-08-04,0.3992069959640503,0.4189769923686981,0.3977530002593994,0.41395899653434753,538209161,XLM-USD,CRYPTO,yfinance,1d
2025-08-05,0.41395899653434753,0.41811999678611755,0.39225101470947266,0.3962230086326599,421592931,XLM-USD,CRYPTO,yfinance,1d
2025-08-06,0.3962259888648987,0.40231698751449585,0.38551101088523865,0.4005190134048462,294659450,XLM-USD,CRYPTO,yfinance,1d
2025-08-07,0.400519996881485,0.4402570128440857,0.39677101373672485,0.4385969936847687,473720834,XLM-USD,CRYPTO,yfinance,1d
2025-08-08,0.4385969936847687,0.46775200963020325,0.4385809898376465,0.4495460093021393,1092033765,XLM-USD,CRYPTO,yfinance,1d
2025-08-09,0.4495469927787781,0.4565429985523224,0.4459950029850006,0.4469180107116699,385816276,XLM-USD,CRYPTO,yfinance,1d
2025-08-10,0.44691601395606995,0.4563240110874176,0.4350239932537079,0.44452598690986633,381385910,XLM-USD,CRYPTO,yfinance,1d
2025-08-11,0.44452598690986633,0.46055498719215393,0.42821699380874634,0.43105900287628174,589104010,XLM-USD,CRYPTO,yfinance,1d
2025-08-12,0.43105900287628174,0.4553920030593872,0.43070700764656067,0.44918501377105713,471722915,XLM-USD,CRYPTO,yfinance,1d
2025-08-13,0.44918501377105713,0.458763986825943,0.4406589865684509,0.4526210129261017,532738808,XLM-USD,CRYPTO,yfinance,1d
2025-08-14,0.4526210129261017,0.4665359854698181,0.41696301102638245,0.42372098565101624,868208385,XLM-USD,CRYPTO,yfinance,1d
2025-08-15,0.4237290024757385,0.43265300989151,0.4127959907054901,0.42997899651527405,437809601,XLM-USD,CRYPTO,yfinance,1d
2025-08-16,0.42997899651527405,0.4330669939517975,0.4233050048351288,0.42695099115371704,216296159,XLM-USD,CRYPTO,yfinance,1d
2025-08-17,0.42694899439811707,0.4338560104370117,0.4248270094394684,0.42483600974082947,233936669,XLM-USD,CRYPTO,yfinance,1d
2025-08-18,0.42483600974082947,0.4250450134277344,0.4036499857902527,0.41453200578689575,379767376,XLM-USD,CRYPTO,yfinance,1d
2025-08-19,0.41453298926353455,0.418177992105484,0.39016300439834595,0.39023301005363464,329035111,XLM-USD,CRYPTO,yfinance,1d
2025-08-20,0.3902420103549957,0.4080379903316498,0.38885998725891113,0.40438300371170044,333040258,XLM-USD,CRYPTO,yfinance,1d
2025-08-21,0.40438300371170044,0.40650999546051025,0.38994300365448,0.39111799001693726,245943705,XLM-USD,CRYPTO,yfinance,1d
2025-08-22,0.3911159932613373,0.4287489950656891,0.3817729949951172,0.4247620105743408,494549324,XLM-USD,CRYPTO,yfinance,1d
2025-08-23,0.42476099729537964,0.4247620105743408,0.40979599952697754,0.4163359999656677,261445188,XLM-USD,CRYPTO,yfinance,1d
2025-08-24,0.41633298993110657,0.4234969913959503,0.4023579955101013,0.4075759947299957,326866776,XLM-USD,CRYPTO,yfinance,1d
2025-08-25,0.4075799882411957,0.41034600138664246,0.37887799739837646,0.38474899530410767,370084866,XLM-USD,CRYPTO,yfinance,1d
2025-08-26,0.3847210109233856,0.3994179964065552,0.3836059868335724,0.3950519859790802,361311467,XLM-USD,CRYPTO,yfinance,1d
2025-08-27,0.3950220048427582,0.3950589895248413,0.37813800573349,0.37856900691986084,437242475,XLM-USD,CRYPTO,yfinance,1d
2025-08-28,0.37857499718666077,0.3867349922657013,0.3745889961719513,0.3819130063056946,272643247,XLM-USD,CRYPTO,yfinance,1d
2025-08-29,0.3819110095500946,0.38225799798965454,0.3560290038585663,0.3613109886646271,434078164,XLM-USD,CRYPTO,yfinance,1d
2025-08-30,0.3613109886646271,0.36246299743652344,0.3524569869041443,0.3601680099964142,209546867,XLM-USD,CRYPTO,yfinance,1d
2025-08-31,0.3601680099964142,0.3647800087928772,0.3525420129299164,0.35279399156570435,172567023,XLM-USD,CRYPTO,yfinance,1d
2025-09-01,0.35279399156570435,0.36353600025177,0.34467899799346924,0.3565550148487091,369853653,XLM-USD,CRYPTO,yfinance,1d
2025-09-02,0.35658499598503113,0.3674769997596741,0.35448500514030457,0.3674769997596741,313524257,XLM-USD,CRYPTO,yfinance,1d
2025-09-03,0.36748000979423523,0.3685449957847595,0.3610770106315613,0.3621880114078522,213437630,XLM-USD,CRYPTO,yfinance,1d
2025-09-04,0.3621880114078522,0.36326301097869873,0.35105100274086,0.35222700238227844,196804186,XLM-USD,CRYPTO,yfinance,1d
2025-09-05,0.3521830141544342,0.3676379919052124,0.35108500719070435,0.3598339855670929,234088999,XLM-USD,CRYPTO,yfinance,1d
2025-09-06,0.3598339855670929,0.3611379861831665,0.35324499011039734,0.35605400800704956,116218242,XLM-USD,CRYPTO,yfinance,1d
2025-09-07,0.35605400800704956,0.36468198895454407,0.3558799922466278,0.3615890145301819,198304349,XLM-USD,CRYPTO,yfinance,1d
2025-09-08,0.3615880012512207,0.38308200240135193,0.35882601141929626,0.3778110146522522,383423642,XLM-USD,CRYPTO,yfinance,1d
2025-09-09,0.3778110146522522,0.3865770101547241,0.37077000737190247,0.37181100249290466,338262468,XLM-USD,CRYPTO,yfinance,1d
2025-09-10,0.37181198596954346,0.38570699095726013,0.37038999795913696,0.38333699107170105,220615471,XLM-USD,CRYPTO,yfinance,1d
2025-09-11,0.38333699107170105,0.39643698930740356,0.38329198956489563,0.39579901099205017,330694141,XLM-USD,CRYPTO,yfinance,1d
2025-09-12,0.395797997713089,0.40523600578308105,0.3903219997882843,0.4049449861049652,296374253,XLM-USD,CRYPTO,yfinance,1d
2025-09-13,0.4049449861049652,0.41406500339508057,0.40072301030158997,0.40525001287460327,304179419,XLM-USD,CRYPTO,yfinance,1d
2025-09-14,0.40525001287460327,0.40532898902893066,0.3845829963684082,0.3901109993457794,248675053,XLM-USD,CRYPTO,yfinance,1d
2025-09-15,0.39010998606681824,0.3946099877357483,0.37452900409698486,0.3807950019836426,280138967,XLM-USD,CRYPTO,yfinance,1d
2025-09-16,0.3807939887046814,0.391400009393692,0.37587299942970276,0.38411998748779297,296644696,XLM-USD,CRYPTO,yfinance,1d
2025-09-17,0.38411998748779297,0.39839500188827515,0.38016700744628906,0.395112007856369,270887575,XLM-USD,CRYPTO,yfinance,1d
2025-09-18,0.395112007856369,0.40439701080322266,0.3927980065345764,0.39642399549484253,314778506,XLM-USD,CRYPTO,yfinance,1d
2025-09-19,0.39642199873924255,0.3995159864425659,0.3860569894313812,0.38811999559402466,233179602,XLM-USD,CRYPTO,yfinance,1d
2025-09-20,0.3881320059299469,0.3939329981803894,0.3857870101928711,0.3866789937019348,147254752,XLM-USD,CRYPTO,yfinance,1d
2025-09-21,0.3866789937019348,0.39056798815727234,0.3794899880886078,0.3804289996623993,161328019,XLM-USD,CRYPTO,yfinance,1d
2025-09-22,0.3804270029067993,0.3804270029067993,0.35282599925994873,0.3686330020427704,395866195,XLM-USD,CRYPTO,yfinance,1d
2025-09-23,0.3686330020427704,0.3744939863681793,0.3618769943714142,0.3649510145187378,216975756,XLM-USD,CRYPTO,yfinance,1d
2025-09-24,0.3649500012397766,0.38125601410865784,0.3587450087070465,0.37523001432418823,236329780,XLM-USD,CRYPTO,yfinance,1d
2025-09-25,0.375230997800827,0.3767560124397278,0.3480589985847473,0.3501819968223572,322472059,XLM-USD,CRYPTO,yfinance,1d
2025-09-26,0.3501890003681183,0.3639650046825409,0.34654301404953003,0.3622100055217743,256460501,XLM-USD,CRYPTO,yfinance,1d
2025-09-27,0.3622100055217743,0.3632209897041321,0.35692501068115234,0.3611460030078888,113955565,XLM-USD,CRYPTO,yfinance,1d
2025-09-28,0.3611460030078888,0.36888599395751953,0.35252299904823303,0.36774200201034546,134008545,XLM-USD,CRYPTO,yfinance,1d
2025-09-29,0.3677409887313843,0.3766460120677948,0.3639819920063019,0.37146300077438354,251973519,XLM-USD,CRYPTO,yfinance,1d
2025-09-30,0.3714599907398224,0.37307998538017273,0.35840699076652527,0.3641679883003235,240816140,XLM-USD,CRYPTO,yfinance,1d
2025-10-01,0.36416900157928467,0.39800798892974854,0.36211100220680237,0.39800798892974854,374681916,XLM-USD,CRYPTO,yfinance,1d
2025-10-02,0.3980180025100708,0.41366198658943176,0.3957740068435669,0.4083609879016876,479559288,XLM-USD,CRYPTO,yfinance,1d
2025-10-03,0.40836000442504883,0.4134570062160492,0.39954298734664917,0.40671899914741516,359150194,XLM-USD,CRYPTO,yfinance,1d
2025-10-04,0.40671899914741516,0.4076769948005676,0.3885439932346344,0.3940710127353668,218213163,XLM-USD,CRYPTO,yfinance,1d
2025-10-05,0.39406999945640564,0.4084070026874542,0.39232298731803894,0.39601099491119385,317569914,XLM-USD,CRYPTO,yfinance,1d
2025-10-06,0.39601099491119385,0.4120729863643646,0.3944770097732544,0.40866199135780334,360177086,XLM-USD,CRYPTO,yfinance,1d
2025-10-07,0.40866199135780334,0.4097059965133667,0.38428598642349243,0.3843829929828644,331726535,XLM-USD,CRYPTO,yfinance,1d
2025-10-08,0.3843829929828644,0.39201200008392334,0.3783229887485504,0.38848501443862915,308268622,XLM-USD,CRYPTO,yfinance,1d
2025-10-09,0.3884829878807068,0.38854798674583435,0.3718689978122711,0.3797700107097626,247720037,XLM-USD,CRYPTO,yfinance,1d
2025-10-10,0.3797700107097626,0.38543900847435,0.19801899790763855,0.3183090090751648,876774775,XLM-USD,CRYPTO,yfinance,1d
2025-10-11,0.3182379901409149,0.3393920063972473,0.3104729950428009,0.32312801480293274,551319573,XLM-USD,CRYPTO,yfinance,1d
2025-10-12,0.32312801480293274,0.3499709963798523,0.3149679899215698,0.34220799803733826,373550860,XLM-USD,CRYPTO,yfinance,1d
2025-10-13,0.3422110080718994,0.3543660044670105,0.33892199397087097,0.3515259921550751,348410165,XLM-USD,CRYPTO,yfinance,1d
2025-10-14,0.3515259921550751,0.35273200273513794,0.3223159909248352,0.33755800127983093,388333715,XLM-USD,CRYPTO,yfinance,1d
2025-10-15,0.33755800127983093,0.3419399857521057,0.3214539885520935,0.32470500469207764,243905393,XLM-USD,CRYPTO,yfinance,1d
2025-10-16,0.32470500469207764,0.3319930136203766,0.3079870045185089,0.31192100048065186,334059310,XLM-USD,CRYPTO,yfinance,1d
2025-10-17,0.3119190037250519,0.31660598516464233,0.29055100679397583,0.3086319863796234,363322238,XLM-USD,CRYPTO,yfinance,1d
2025-10-18,0.30863600969314575,0.319599986076355,0.30854400992393494,0.3145720064640045,159310211,XLM-USD,CRYPTO,yfinance,1d
2025-10-19,0.3145720064640045,0.323419988155365,0.3075680136680603,0.31779301166534424,184790229,XLM-USD,CRYPTO,yfinance,1d
2025-10-20,0.3178060054779053,0.3327699899673462,0.3135949969291687,0.3251520097255707,201354359,XLM-USD,CRYPTO,yfinance,1d
2025-10-21,0.32494300603866577,0.3326619863510132,0.31387200951576233,0.31501999497413635,255054976,XLM-USD,CRYPTO,yfinance,1d
2025-10-22,0.31499800086021423,0.31499800086021423,0.30282899737358093,0.30784401297569275,234981924,XLM-USD,CRYPTO,yfinance,1d
2025-10-23,0.30784401297569275,0.31644999980926514,0.30784401297569275,0.3115229904651642,144559279,XLM-USD,CRYPTO,yfinance,1d
2025-10-24,0.3115229904651642,0.3219810128211975,0.31049099564552307,0.3193410038948059,204104415,XLM-USD,CRYPTO,yfinance,1d
2025-10-25,0.31933799386024475,0.3300659954547882,0.31823500990867615,0.32482799887657166,166613779,XLM-USD,CRYPTO,yfinance,1d
2025-10-26,0.32482901215553284,0.33235400915145874,0.3228049874305725,0.33066999912261963,185591678,XLM-USD,CRYPTO,yfinance,1d
2025-10-27,0.33066898584365845,0.33456099033355713,0.322066992521286,0.3229619860649109,221166395,XLM-USD,CRYPTO,yfinance,1d
2025-10-28,0.32296401262283325,0.3372049927711487,0.31520700454711914,0.3185800015926361,903152784,XLM-USD,CRYPTO,yfinance,1d
2025-10-29,0.31857800483703613,0.32482200860977173,0.31381601095199585,0.3159849941730499,322956563,XLM-USD,CRYPTO,yfinance,1d
2025-10-30,0.31598401069641113,0.31846800446510315,0.2911379933357239,0.2986150085926056,348565101,XLM-USD,CRYPTO,yfinance,1d
2025-10-31,0.29861900210380554,0.3119420111179352,0.2983059883117676,0.3049420118331909,221994048,XLM-USD,CRYPTO,yfinance,1d
2025-11-01,0.30494099855422974,0.307328999042511,0.3020569980144501,0.30509600043296814,128022251,XLM-USD,CRYPTO,yfinance,1d
2025-11-02,0.30509498715400696,0.30755600333213806,0.2997269928455353,0.30510398745536804,115457606,XLM-USD,CRYPTO,yfinance,1d
2025-11-03,0.3050999939441681,0.30530500411987305,0.2740029990673065,0.2782309949398041,348431588,XLM-USD,CRYPTO,yfinance,1d
2025-11-04,0.2782280147075653,0.28402599692344666,0.25583499670028687,0.27032798528671265,404024824,XLM-USD,CRYPTO,yfinance,1d
2025-11-05,0.27032798528671265,0.28191500902175903,0.2591469883918762,0.2804180085659027,242275566,XLM-USD,CRYPTO,yfinance,1d
2025-11-06,0.28041499853134155,0.28050100803375244,0.2646479904651642,0.2693839967250824,203249610,XLM-USD,CRYPTO,yfinance,1d
2025-11-07,0.2693839967250824,0.29263100028038025,0.266185998916626,0.29155200719833374,330971286,XLM-USD,CRYPTO,yfinance,1d
2025-11-08,0.29155200719833374,0.2952190041542053,0.27895501255989075,0.28336799144744873,191639177,XLM-USD,CRYPTO,yfinance,1d
2025-11-09,0.2833699882030487,0.2867859899997711,0.27322301268577576,0.28571799397468567,201036354,XLM-USD,CRYPTO,yfinance,1d
2025-11-10,0.2857170104980469,0.3109529912471771,0.284851998090744,0.300478994846344,326572215,XLM-USD,CRYPTO,yfinance,1d
2025-11-11,0.300478994846344,0.30429598689079285,0.2802860140800476,0.2816070020198822,221733188,XLM-USD,CRYPTO,yfinance,1d
2025-11-12,0.2816070020198822,0.29449400305747986,0.2743380069732666,0.27751898765563965,203761271,XLM-USD,CRYPTO,yfinance,1d
2025-11-13,0.27751898765563965,0.29916200041770935,0.26315900683403015,0.26906898617744446,383317035,XLM-USD,CRYPTO,yfinance,1d
2025-11-14,0.2690660059452057,0.2704640030860901,0.2572610080242157,0.2594049870967865,297655620,XLM-USD,CRYPTO,yfinance,1d
2025-11-15,0.2594049870967865,0.26694801449775696,0.25789299607276917,0.2594889998435974,135674882,XLM-USD,CRYPTO,yfinance,1d
2025-11-16,0.2594889998435974,0.26271599531173706,0.24998000264167786,0.25416600704193115,181949113,XLM-USD,CRYPTO,yfinance,1d
2025-11-17,0.25416499376296997,0.2607229948043823,0.24446900188922882,0.24681399762630463,232899293,XLM-USD,CRYPTO,yfinance,1d
2025-11-18,0.24681499600410461,0.25977200269699097,0.2435230016708374,0.256074994802475,205029687,XLM-USD,CRYPTO,yfinance,1d
2025-11-19,0.256074994802475,0.256074994802475,0.235616996884346,0.24609999358654022,196492313,XLM-USD,CRYPTO,yfinance,1d
2025-11-20,0.24609899520874023,0.2530379891395569,0.23446600139141083,0.2367900013923645,209017695,XLM-USD,CRYPTO,yfinance,1d
2025-11-21,0.23678499460220337,0.23978500068187714,0.2180889993906021,0.23155100643634796,322157286,XLM-USD,CRYPTO,yfinance,1d
2025-11-22,0.2315489947795868,0.2327509969472885,0.2264299988746643,0.23029400408267975,149138606,XLM-USD,CRYPTO,yfinance,1d
2025-11-23,0.23029300570487976,0.2530420124530792,0.22933900356292725,0.24703000485897064,218510077,XLM-USD,CRYPTO,yfinance,1d
2025-11-24,0.2470339983701706,0.2593260109424591,0.2419240027666092,0.25484099984169006,287473582,XLM-USD,CRYPTO,yfinance,1d
2025-11-25,0.25484299659729004,0.25593098998069763,0.24200600385665894,0.25189998745918274,207541774,XLM-USD,CRYPTO,yfinance,1d
2025-11-26,0.25189900398254395,0.26186901330947876,0.24831600487232208,0.2588379979133606,210208451,XLM-USD,CRYPTO,yfinance,1d
2025-11-27,0.2588379979133606,0.25905001163482666,0.2511900067329407,0.25558799505233765,167248949,XLM-USD,CRYPTO,yfinance,1d
2025-11-28,0.25558900833129883,0.2621690034866333,0.2514199912548065,0.2534860074520111,174396980,XLM-USD,CRYPTO,yfinance,1d
2025-11-29,0.2534860074520111,0.25749799609184265,0.2504419982433319,0.25427699089050293,124939410,XLM-USD,CRYPTO,yfinance,1d
2025-11-30,0.25427499413490295,0.2557370066642761,0.2487179934978485,0.2487179934978485,102433871,XLM-USD,CRYPTO,yfinance,1d
2025-12-01,0.2487179934978485,0.2487349957227707,0.2272139936685562,0.23396599292755127,232982454,XLM-USD,CRYPTO,yfinance,1d
2025-12-02,0.23396599292755127,0.25780200958251953,0.2306320071220398,0.2547529935836792,183211508,XLM-USD,CRYPTO,yfinance,1d
2025-12-03,0.2547520101070404,0.26250898838043213,0.25202399492263794,0.2586979866027832,220726084,XLM-USD,CRYPTO,yfinance,1d
2025-12-04,0.25867000222206116,0.25870200991630554,0.24887500703334808,0.252020001411438,161591263,XLM-USD,CRYPTO,yfinance,1d
2025-12-05,0.25201699137687683,0.2537350058555603,0.23904000222682953,0.24004699289798737,135977668,XLM-USD,CRYPTO,yfinance,1d
2025-12-06,0.24004699289798737,0.2423669993877411,0.2379940003156662,0.23969100415706635,86508492,XLM-USD,CRYPTO,yfinance,1d
2025-12-07,0.23969699442386627,0.2446880042552948,0.23205000162124634,0.23705700039863586,121475887,XLM-USD,CRYPTO,yfinance,1d
2025-12-08,0.2370550036430359,0.24635900557041168,0.2370540052652359,0.2408590018749237,134599488,XLM-USD,CRYPTO,yfinance,1d
2025-12-09,0.2408590018749237,0.25819000601768494,0.23777300119400024,0.2534880042076111,173021153,XLM-USD,CRYPTO,yfinance,1d
2025-12-10,0.2534880042076111,0.2594259977340698,0.24932800233364105,0.2503330111503601,174644777,XLM-USD,CRYPTO,yfinance,1d
2025-12-11,0.2503350079059601,0.250355988740921,0.23953700065612793,0.24615399539470673,161357982,XLM-USD,CRYPTO,yfinance,1d
2025-12-12,0.24615299701690674,0.24789799749851227,0.23407599329948425,0.23863300681114197,150877402,XLM-USD,CRYPTO,yfinance,1d
2025-12-13,0.23863400518894196,0.24053600430488586,0.23679600656032562,0.2379930019378662,76008458,XLM-USD,CRYPTO,yfinance,1d
2025-12-14,0.2379940003156662,0.2382819950580597,0.22828200459480286,0.22928999364376068,105754569,XLM-USD,CRYPTO,yfinance,1d
2025-12-15,0.22930100560188293,0.2344290018081665,0.21613599359989166,0.2204899936914444,148963651,XLM-USD,CRYPTO,yfinance,1d
2025-12-16,0.22049100697040558,0.223581001162529,0.21643899381160736,0.21954500675201416,129836341,XLM-USD,CRYPTO,yfinance,1d
2025-12-17,0.21955199539661407,0.22452899813652039,0.20948000252246857,0.21024399995803833,159811075,XLM-USD,CRYPTO,yfinance,1d
2025-12-18,0.2102459967136383,0.2182849943637848,0.20320899784564972,0.20694600045681,171649201,XLM-USD,CRYPTO,yfinance,1d
2025-12-19,0.20694699883460999,0.22124500572681427,0.20469899475574493,0.21927599608898163,182520624,XLM-USD,CRYPTO,yfinance,1d
2025-12-20,0.21927699446678162,0.22327500581741333,0.21778300404548645,0.21820999681949615,125799958,XLM-USD,CRYPTO,yfinance,1d
2025-12-21,0.21820999681949615,0.21942199766635895,0.21228399872779846,0.2164659947156906,99264238,XLM-USD,CRYPTO,yfinance,1d
2025-12-22,0.21646499633789062,0.2257470041513443,0.21502900123596191,0.2204120010137558,145111358,XLM-USD,CRYPTO,yfinance,1d
2025-12-23,0.22041599452495575,0.2212429940700531,0.21404999494552612,0.2171269953250885,121811036,XLM-USD,CRYPTO,yfinance,1d
2025-12-24,0.21712499856948853,0.21797700226306915,0.2113559991121292,0.21220499277114868,108290503,XLM-USD,CRYPTO,yfinance,1d
2025-12-25,0.21220600605010986,0.21639800071716309,0.20875899493694305,0.20970399677753448,88276444,XLM-USD,CRYPTO,yfinance,1d
2025-12-26,0.20970800518989563,0.21681800484657288,0.20858299732208252,0.21340900659561157,99700250,XLM-USD,CRYPTO,yfinance,1d
2025-12-27,0.21340900659561157,0.22070500254631042,0.2124679982662201,0.2206220030784607,74363052,XLM-USD,CRYPTO,yfinance,1d
2025-12-28,0.22061499953269958,0.22464600205421448,0.21817299723625183,0.22006799280643463,87988376,XLM-USD,CRYPTO,yfinance,1d
2025-12-29,0.22005900740623474,0.22710900008678436,0.21548999845981598,0.21593999862670898,131771016,XLM-USD,CRYPTO,yfinance,1d
2025-12-30,0.21594099700450897,0.21594099700450897,0.2098499983549118,0.21050399541854858,140340615,XLM-USD,CRYPTO,yfinance,1d
2025-12-31,0.21050399541854858,0.21118700504302979,0.19776999950408936,0.20065100491046906,165579656,XLM-USD,CRYPTO,yfinance,1d
2026-01-01,0.20066900551319122,0.20954899489879608,0.2006630003452301,0.20851199328899384,126894728,XLM-USD,CRYPTO,yfinance,1d
2026-01-02,0.20851099491119385,0.22029800713062286,0.20541800558567047,0.21884800493717194,228829614,XLM-USD,CRYPTO,yfinance,1d
2026-01-03,0.21884499490261078,0.22749200463294983,0.21742099523544312,0.22200800478458405,165794550,XLM-USD,CRYPTO,yfinance,1d
2026-01-04,0.22200800478458405,0.23540599644184113,0.22200800478458405,0.23253700137138367,212435756,XLM-USD,CRYPTO,yfinance,1d
2026-01-05,0.23254099488258362,0.253728985786438,0.23024000227451324,0.2529579997062683,366493412,XLM-USD,CRYPTO,yfinance,1d
2026-01-06,0.2529579997062683,0.2546359896659851,0.23430100083351135,0.24401700496673584,374094601,XLM-USD,CRYPTO,yfinance,1d
2026-01-07,0.24400900304317474,0.24401499330997467,0.23228399455547333,0.23400799930095673,181075388,XLM-USD,CRYPTO,yfinance,1d
2026-01-08,0.2340089976787567,0.2354770004749298,0.22593499720096588,0.23019200563430786,179949595,XLM-USD,CRYPTO,yfinance,1d
2026-01-09,0.23019300401210785,0.23262399435043335,0.22566699981689453,0.22791899740695953,157866781,XLM-USD,CRYPTO,yfinance,1d
2026-01-10,0.2279209941625595,0.22871899604797363,0.22513599693775177,0.22618800401687622,79513499,XLM-USD,CRYPTO,yfinance,1d
2026-01-11,0.2261890023946762,0.22854000329971313,0.22174899280071259,0.2241860032081604,105585485,XLM-USD,CRYPTO,yfinance,1d
2026-01-12,0.2241870015859604,0.2282709926366806,0.21696199476718903,0.21922700107097626,169259355,XLM-USD,CRYPTO,yfinance,1d
2026-01-13,0.21922799944877625,0.24064700305461884,0.21889199316501617,0.23819200694561005,201037268,XLM-USD,CRYPTO,yfinance,1d
2026-01-14,0.23819400370121002,0.2463880032300949,0.2352129966020584,0.23624399304389954,295459189,XLM-USD,CRYPTO,yfinance,1d
2026-01-15,0.23624299466609955,0.236285001039505,0.22516299784183502,0.22828899323940277,182588140,XLM-USD,CRYPTO,yfinance,1d
2026-01-16,0.22828899323940277,0.22889800369739532,0.22071899473667145,0.22617000341415405,151706517,XLM-USD,CRYPTO,yfinance,1d
2026-01-17,0.22616800665855408,0.23788200318813324,0.22470800578594208,0.23056399822235107,125385129,XLM-USD,CRYPTO,yfinance,1d
2026-01-18,0.23056399822235107,0.2324800044298172,0.2181369960308075,0.218190997838974,128194720,XLM-USD,CRYPTO,yfinance,1d
2026-01-19,0.218190997838974,0.21985100209712982,0.20913800597190857,0.21551799774169922,236844333,XLM-USD,CRYPTO,yfinance,1d
2026-01-20,0.2155189961194992,0.21653300523757935,0.206727996468544,0.20711499452590942,154766598,XLM-USD,CRYPTO,yfinance,1d
2026-01-21,0.20711499452590942,0.21698999404907227,0.20586800575256348,0.2122659981250763,217615276,XLM-USD,CRYPTO,yfinance,1d
2026-01-22,0.2122649997472763,0.21667900681495667,0.2099049985408783,0.21136100590229034,122091829,XLM-USD,CRYPTO,yfinance,1d
2026-01-23,0.21136100590229034,0.21802400052547455,0.2086700052022934,0.21199700236320496,128516609,XLM-USD,CRYPTO,yfinance,1d
2026-01-24,0.21198999881744385,0.21277399361133575,0.21008799970149994,0.21148300170898438,78141440,XLM-USD,CRYPTO,yfinance,1d
2026-01-25,0.21148300170898438,0.21148300170898438,0.20097699761390686,0.2030390053987503,125354065,XLM-USD,CRYPTO,yfinance,1d
2026-01-26,0.20303800702095032,0.2114579975605011,0.20303800702095032,0.2072400003671646,135575207,XLM-USD,CRYPTO,yfinance,1d
2026-01-27,0.20723800361156464,0.20945599675178528,0.20341099798679352,0.20827800035476685,116841970,XLM-USD,CRYPTO,yfinance,1d
2026-01-28,0.20827800035476685,0.21158699691295624,0.20671600103378296,0.21017999947071075,118368125,XLM-USD,CRYPTO,yfinance,1d
2026-01-29,0.21017900109291077,0.21018199622631073,0.19497999548912048,0.19856899976730347,171056532,XLM-USD,CRYPTO,yfinance,1d
2026-01-30,0.19856800138950348,0.19921399652957916,0.18867400288581848,0.19155099987983704,203918928,XLM-USD,CRYPTO,yfinance,1d
2026-01-31,0.19155199825763702,0.19211700558662415,0.16926200687885284,0.18083800375461578,267562733,XLM-USD,CRYPTO,yfinance,1d
2026-02-01,0.1808370053768158,0.18221800029277802,0.17195600271224976,0.17497900128364563,172142925,XLM-USD,CRYPTO,yfinance,1d
2026-02-02,0.17497999966144562,0.18313899636268616,0.1689230054616928,0.17870700359344482,208929783,XLM-USD,CRYPTO,yfinance,1d
2026-02-03,0.17870600521564484,0.18149599432945251,0.16798999905586243,0.1751980036497116,173955332,XLM-USD,CRYPTO,yfinance,1d
2026-02-04,0.1751990020275116,0.17818200588226318,0.16721799969673157,0.1710440069437027,162341784,XLM-USD,CRYPTO,yfinance,1d
2026-02-05,0.1710440069437027,0.1710440069437027,0.1436450034379959,0.14670099318027496,349520532,XLM-USD,CRYPTO,yfinance,1d
2026-02-06,0.146696999669075,0.1708499938249588,0.13799899816513062,0.16399499773979187,372607450,XLM-USD,CRYPTO,yfinance,1d
2026-02-07,0.16399399936199188,0.16416500508785248,0.1564279943704605,0.16187700629234314,179470715,XLM-USD,CRYPTO,yfinance,1d
2026-02-08,0.16187700629234314,0.16423499584197998,0.15938200056552887,0.16164200007915497,98556172,XLM-USD,CRYPTO,yfinance,1d
2026-02-09,0.16164100170135498,0.16362300515174866,0.15636299550533295,0.1595039963722229,110640614,XLM-USD,CRYPTO,yfinance,1d
2026-02-10,0.1595049947500229,0.16077400743961334,0.15502600371837616,0.15837900340557098,123470512,XLM-USD,CRYPTO,yfinance,1d
2026-02-11,0.15838000178337097,0.1588679999113083,0.15087799727916718,0.15449200570583344,121757858,XLM-USD,CRYPTO,yfinance,1d
2026-02-12,0.15448400378227234,0.1633789986371994,0.1540600061416626,0.1562650054693222,106353986,XLM-USD,CRYPTO,yfinance,1d
2026-02-13,0.1562660038471222,0.16642099618911743,0.15456700325012207,0.16460800170898438,121359495,XLM-USD,CRYPTO,yfinance,1d
2026-02-14,0.16460800170898438,0.17636099457740784,0.16453899443149567,0.1745550036430359,136860208,XLM-USD,CRYPTO,yfinance,1d
2026-02-15,0.1745540052652359,0.18500299751758575,0.16776800155639648,0.17032000422477722,231342697,XLM-USD,CRYPTO,yfinance,1d
2026-02-16,0.17031900584697723,0.17208699882030487,0.16638900339603424,0.16968199610710144,114928177,XLM-USD,CRYPTO,yfinance,1d
2026-02-17,0.16968299448490143,0.1701889932155609,0.1644829958677292,0.1656379997730255,97838688,XLM-USD,CRYPTO,yfinance,1d
2026-02-18,0.1656379997730255,0.1691579967737198,0.16094200313091278,0.16133500635623932,88277496,XLM-USD,CRYPTO,yfinance,1d
2026-02-19,0.16133500635623932,0.16192099452018738,0.15760000050067902,0.1587579995393753,91139658,XLM-USD,CRYPTO,yfinance,1d
2026-02-20,0.1587579995393753,0.16479800641536713,0.1576949954032898,0.1626719981431961,103319259,XLM-USD,CRYPTO,yfinance,1d
2026-02-21,0.1626719981431961,0.16420799493789673,0.16105599701404572,0.16106100380420685,68359533,XLM-USD,CRYPTO,yfinance,1d
2026-02-22,0.16106100380420685,0.16106100380420685,0.15392599999904633,0.1549219936132431,148479423,XLM-USD,CRYPTO,yfinance,1d
2026-02-23,0.15491999685764313,0.15728500485420227,0.1495320051908493,0.15125900506973267,118229040,XLM-USD,CRYPTO,yfinance,1d
2026-02-24,0.15125900506973267,0.15230299532413483,0.14818599820137024,0.14975599944591522,96729750,XLM-USD,CRYPTO,yfinance,1d
2026-02-25,0.1497569978237152,0.16893300414085388,0.1495179980993271,0.16255100071430206,152720027,XLM-USD,CRYPTO,yfinance,1d
2026-02-26,0.1625330001115799,0.16504600644111633,0.1587419956922531,0.1621280014514923,116779842,XLM-USD,CRYPTO,yfinance,1d
2026-02-27,0.1621280014514923,0.1666249930858612,0.15695500373840332,0.15887899696826935,108647479,XLM-USD,CRYPTO,yfinance,1d
2026-02-28,0.15887899696826935,0.16009999811649323,0.14822199940681458,0.1592250019311905,162101573,XLM-USD,CRYPTO,yfinance,1d
2026-03-01,0.1592250019311905,0.16408799588680267,0.15206800401210785,0.154216006398201,135221498,XLM-USD,CRYPTO,yfinance,1d
2026-03-02,0.154216006398201,0.16177700459957123,0.15211500227451324,0.1556369960308075,124454201,XLM-USD,CRYPTO,yfinance,1d
2026-03-03,0.1556369960308075,0.15568600594997406,0.14909499883651733,0.15151800215244293,122736966,XLM-USD,CRYPTO,yfinance,1d
2026-03-04,0.15151700377464294,0.16555899381637573,0.1499910056591034,0.15960699319839478,164679757,XLM-USD,CRYPTO,yfinance,1d
2026-03-05,0.15960699319839478,0.1608700007200241,0.15454299747943878,0.15675799548625946,112913786,XLM-USD,CRYPTO,yfinance,1d
2026-03-06,0.15675899386405945,0.1602569967508316,0.1501149982213974,0.15224699676036835,108702075,XLM-USD,CRYPTO,yfinance,1d
2026-03-07,0.15224699676036835,0.15327900648117065,0.149399995803833,0.15040099620819092,69930202,XLM-USD,CRYPTO,yfinance,1d
2026-03-08,0.15040099620819092,0.15207399427890778,0.1471640020608902,0.14838099479675293,82416384,XLM-USD,CRYPTO,yfinance,1d
2026-03-09,0.148376002907753,0.15368500351905823,0.14816999435424805,0.15065400302410126,96421496,XLM-USD,CRYPTO,yfinance,1d
2026-03-10,0.15065300464630127,0.16749699413776398,0.15064199268817902,0.15857499837875366,170321087,XLM-USD,CRYPTO,yfinance,1d
2026-03-11,0.15857599675655365,0.16186800599098206,0.15567700564861298,0.1592009961605072,112913329,XLM-USD,CRYPTO,yfinance,1d
2026-03-12,0.1592009961605072,0.16089700162410736,0.15654799342155457,0.1602330058813095,93174547,XLM-USD,CRYPTO,yfinance,1d
2026-03-13,0.1602330058813095,0.16798099875450134,0.15982599556446075,0.16394799947738647,132809746,XLM-USD,CRYPTO,yfinance,1d
2026-03-14,0.16394899785518646,0.16657699644565582,0.1624550074338913,0.16655899584293365,83704467,XLM-USD,CRYPTO,yfinance,1d
2026-03-15,0.16655899584293365,0.1710200011730194,0.16555899381637573,0.1691489964723587,100760445,XLM-USD,CRYPTO,yfinance,1d
2026-03-16,0.16914500296115875,0.17671899497509003,0.16707399487495422,0.17620599269866943,179890425,XLM-USD,CRYPTO,yfinance,1d
2026-03-17,0.17621000111103058,0.18172800540924072,0.17248499393463135,0.1737390011548996,148121980,XLM-USD,CRYPTO,yfinance,1d
2026-03-18,0.17373999953269958,0.177279993891716,0.16578100621700287,0.17001500725746155,129136865,XLM-USD,CRYPTO,yfinance,1d
2026-03-19,0.17001500725746155,0.17065300047397614,0.16356000304222107,0.16535800695419312,97407718,XLM-USD,CRYPTO,yfinance,1d
2026-03-20,0.16535800695419312,0.16867999732494354,0.163564994931221,0.16551899909973145,86486592,XLM-USD,CRYPTO,yfinance,1d
2026-03-21,0.16551899909973145,0.16672800481319427,0.16202899813652039,0.16207200288772583,66894374,XLM-USD,CRYPTO,yfinance,1d
2026-03-22,0.16207699477672577,0.16346700489521027,0.15516400337219238,0.15591199696063995,94677752,XLM-USD,CRYPTO,yfinance,1d
2026-03-23,0.15591000020503998,0.16735400259494781,0.1555349975824356,0.16684600710868835,144994685,XLM-USD,CRYPTO,yfinance,1d
2026-03-24,0.16684800386428833,0.1749970018863678,0.1639470010995865,0.17377200722694397,129168464,XLM-USD,CRYPTO,yfinance,1d
2026-03-25,0.17377400398254395,0.18207700550556183,0.17377200722694397,0.17742900550365448,202957591,XLM-USD,CRYPTO,yfinance,1d
2026-03-26,0.17743000388145447,0.17813099920749664,0.17132499814033508,0.17388799786567688,127912415,XLM-USD,CRYPTO,yfinance,1d
2026-03-27,0.17388799786567688,0.17520199716091156,0.166934996843338,0.16734400391578674,102588965,XLM-USD,CRYPTO,yfinance,1d
2026-03-28,0.16734300553798676,0.1716179996728897,0.16451400518417358,0.1678670048713684,86715177,XLM-USD,CRYPTO,yfinance,1d
2026-03-29,0.1678670048713684,0.16906000673770905,0.16171200573444366,0.1644809991121292,86884729,XLM-USD,CRYPTO,yfinance,1d
2026-03-30,0.1644809991121292,0.17353999614715576,0.16442899405956268,0.16730299592018127,101480470,XLM-USD,CRYPTO,yfinance,1d
2026-03-31,0.16730299592018127,0.17056599259376526,0.16375699639320374,0.16726499795913696,109803962,XLM-USD,CRYPTO,yfinance,1d
2026-04-01,0.16726699471473694,0.1738869994878769,0.16700300574302673,0.16925300657749176,105236544,XLM-USD,CRYPTO,yfinance,1d
2026-04-02,0.16925400495529175,0.17080000042915344,0.16050900518894196,0.1630149930715561,116101703,XLM-USD,CRYPTO,yfinance,1d
2026-04-03,0.1630149930715561,0.16638900339603424,0.16210800409317017,0.16293300688266754,78479796,XLM-USD,CRYPTO,yfinance,1d
2026-04-04,0.16293300688266754,0.1632010042667389,0.16068899631500244,0.1619269996881485,70945580,XLM-USD,CRYPTO,yfinance,1d
2026-04-05,0.1619269996881485,0.16256999969482422,0.1574680060148239,0.16256999969482422,94377954,XLM-USD,CRYPTO,yfinance,1d
2026-04-06,0.16256999969482422,0.16398300230503082,0.15531499683856964,0.15569299459457397,143230271,XLM-USD,CRYPTO,yfinance,1d
2026-04-07,0.15569299459457397,0.16440999507904053,0.15379999577999115,0.16361600160598755,133192450,XLM-USD,CRYPTO,yfinance,1d
2026-04-08,0.16361699998378754,0.1649869978427887,0.1576859951019287,0.15780900418758392,119470302,XLM-USD,CRYPTO,yfinance,1d
2026-04-09,0.15780900418758392,0.15817199647426605,0.15268200635910034,0.15455399453639984,151938972,XLM-USD,CRYPTO,yfinance,1d
2026-04-10,0.154556006193161,0.15691399574279785,0.15306000411510468,0.15517699718475342,112895531,XLM-USD,CRYPTO,yfinance,1d
2026-04-11,0.15517699718475342,0.1567479968070984,0.15324999392032623,0.15362800657749176,85787573,XLM-USD,CRYPTO,yfinance,1d
2026-04-12,0.15362299978733063,0.15400199592113495,0.15028099715709686,0.15043599903583527,80384749,XLM-USD,CRYPTO,yfinance,1d
2026-04-13,0.15043599903583527,0.1564060002565384,0.15006500482559204,0.1562730073928833,93604614,XLM-USD,CRYPTO,yfinance,1d
2026-04-14,0.1562730073928833,0.15839000046253204,0.15406200289726257,0.15480199456214905,97472878,XLM-USD,CRYPTO,yfinance,1d
2026-04-15,0.15480199456214905,0.15856100618839264,0.15478000044822693,0.15777699649333954,102703156,XLM-USD,CRYPTO,yfinance,1d
2026-04-16,0.15777699649333954,0.1693660020828247,0.1575399935245514,0.16911999881267548,167562899,XLM-USD,CRYPTO,yfinance,1d
2026-04-17,0.1691190004348755,0.17709200084209442,0.1644590049982071,0.17441299557685852,153977609,XLM-USD,CRYPTO,yfinance,1d
2026-04-18,0.17441299557685852,0.1756870001554489,0.16784599423408508,0.17051799595355988,120749664,XLM-USD,CRYPTO,yfinance,1d
2026-04-19,0.17051799595355988,0.1724569946527481,0.1664309948682785,0.16671299934387207,107853960,XLM-USD,CRYPTO,yfinance,1d
2026-04-20,0.16671200096607208,0.1749590039253235,0.1666949987411499,0.17365700006484985,121828095,XLM-USD,CRYPTO,yfinance,1d
2026-04-21,0.17365600168704987,0.18437600135803223,0.1730930060148239,0.17904600501060486,172878445,XLM-USD,CRYPTO,yfinance,1d
2026-04-22,0.1790499985218048,0.18226400017738342,0.17671500146389008,0.17671999335289001,134768290,XLM-USD,CRYPTO,yfinance,1d
2026-04-23,0.17671999335289001,0.1793379932641983,0.1745859980583191,0.1754399985074997,128613310,XLM-USD,CRYPTO,yfinance,1d
2026-04-24,0.1754399985074997,0.17665599286556244,0.17278200387954712,0.17310400307178497,114738594,XLM-USD,CRYPTO,yfinance,1d
2026-04-25,0.17310300469398499,0.17448000609874725,0.16976399719715118,0.16977199912071228,88396836,XLM-USD,CRYPTO,yfinance,1d
2026-04-26,0.16977199912071228,0.17252600193023682,0.16843600571155548,0.17091600596904755,105286774,XLM-USD,CRYPTO,yfinance,1d
2026-04-27,0.17091600596904755,0.17341800034046173,0.1644980013370514,0.16613900661468506,142499642,XLM-USD,CRYPTO,yfinance,1d
2026-04-28,0.16614000499248505,0.16614000499248505,0.1612740010023117,0.16184400022029877,112221982,XLM-USD,CRYPTO,yfinance,1d
2026-04-29,0.16184400022029877,0.1645909994840622,0.15870800614356995,0.15957899391651154,155739597,XLM-USD,CRYPTO,yfinance,1d
2026-04-30,0.15957899391651154,0.1608700007200241,0.1583469957113266,0.1583549976348877,87561288,XLM-USD,CRYPTO,yfinance,1d
2026-05-01,0.1583549976348877,0.16246899962425232,0.15832599997520447,0.1595260053873062,100678847,XLM-USD,CRYPTO,yfinance,1d
2026-05-02,0.1595260053873062,0.16075800359249115,0.158951997756958,0.15991200506687164,72069038,XLM-USD,CRYPTO,yfinance,1d
2026-05-03,0.15991300344467163,0.15998999774456024,0.15795400738716125,0.15795500576496124,84280635,XLM-USD,CRYPTO,yfinance,1d
2026-05-04,0.15795400738716125,0.161298006772995,0.15669499337673187,0.15747599303722382,134552882,XLM-USD,CRYPTO,yfinance,1d
2026-05-05,0.15747599303722382,0.16110700368881226,0.15742400288581848,0.15987400710582733,120049701,XLM-USD,CRYPTO,yfinance,1d
2026-05-06,0.15987400710582733,0.16589400172233582,0.15982599556446075,0.16153299808502197,145468648,XLM-USD,CRYPTO,yfinance,1d
2026-05-07,0.16153299808502197,0.16251100599765778,0.15773199498653412,0.1579979956150055,140550486,XLM-USD,CRYPTO,yfinance,1d
2026-05-08,0.1579979956150055,0.1654909998178482,0.15755699574947357,0.16331399977207184,131196179,XLM-USD,CRYPTO,yfinance,1d
2026-05-09,0.16331399977207184,0.16764900088310242,0.16168799996376038,0.16259300708770752,131388863,XLM-USD,CRYPTO,yfinance,1d
2026-05-10,0.16259300708770752,0.17344200611114502,0.16114099323749542,0.16947300732135773,233734591,XLM-USD,CRYPTO,yfinance,1d
2026-05-11,0.16947300732135773,0.17091800272464752,0.16484899818897247,0.16862599551677704,155328133,XLM-USD,CRYPTO,yfinance,1d
2026-05-12,0.16862599551677704,0.16868500411510468,0.16140499711036682,0.16239100694656372,139538291,XLM-USD,CRYPTO,yfinance,1d
2026-05-13,0.16239100694656372,0.16570499539375305,0.15795700252056122,0.1588979959487915,127270804,XLM-USD,CRYPTO,yfinance,1d
2026-05-14,0.1588979959487915,0.16822199523448944,0.15805399417877197,0.16219399869441986,161314440,XLM-USD,CRYPTO,yfinance,1d
2026-05-15,0.16219499707221985,0.16341499984264374,0.15383300185203552,0.1546349972486496,160830311,XLM-USD,CRYPTO,yfinance,1d
2026-05-16,0.1546349972486496,0.15546999871730804,0.1503790020942688,0.15178300440311432,105935789,XLM-USD,CRYPTO,yfinance,1d
2026-05-17,0.1517840027809143,0.15274100005626678,0.14750799536705017,0.14923499524593353,95835309,XLM-USD,CRYPTO,yfinance,1d
2026-05-18,0.14923299849033356,0.15031899511814117,0.14472800493240356,0.14709800481796265,123963139,XLM-USD,CRYPTO,yfinance,1d
2026-05-19,0.14709700644016266,0.1479720026254654,0.1430560052394867,0.14348499476909637,127991853,XLM-USD,CRYPTO,yfinance,1d
2026-05-20,0.1434839963912964,0.14473800361156464,0.14227299392223358,0.1436379998922348,104576393,XLM-USD,CRYPTO,yfinance,1d
2026-05-21,0.1436389982700348,0.14847999811172485,0.1432809978723526,0.14646199345588684,97746419,XLM-USD,CRYPTO,yfinance,1d
2026-05-22,0.14646199345588684,0.15030600130558014,0.14324599504470825,0.14341700077056885,109240091,XLM-USD,CRYPTO,yfinance,1d
2026-05-23,0.14341700077056885,0.1491049975156784,0.14001600444316864,0.1479630023241043,95312316,XLM-USD,CRYPTO,yfinance,1d
2026-05-24,0.14796200394630432,0.14934499561786652,0.14499500393867493,0.14749500155448914,76696627,XLM-USD,CRYPTO,yfinance,1d
2026-05-25,0.14749400317668915,0.15345899760723114,0.1467210054397583,0.14973799884319305,99657945,XLM-USD,CRYPTO,yfinance,1d
2026-05-26,0.14973799884319305,0.1510930061340332,0.14668700098991394,0.1474439948797226,92999632,XLM-USD,CRYPTO,yfinance,1d
2026-05-27,0.14743900299072266,0.16935500502586365,0.14617300033569336,0.16385400295257568,509241422,XLM-USD,CRYPTO,yfinance,1d
2026-05-28,0.1638520061969757,0.21426799893379211,0.16382400691509247,0.20349399745464325,1757876779,XLM-USD,CRYPTO,yfinance,1d
2026-05-29,0.20349499583244324,0.26351600885391235,0.19629499316215515,0.2615419924259186,1934217722,XLM-USD,CRYPTO,yfinance,1d
2026-05-30,0.26153799891471863,0.2965930104255676,0.2267650067806244,0.22891700267791748,1927550732,XLM-USD,CRYPTO,yfinance,1d
2026-05-31,0.22891800105571747,0.26633599400520325,0.22194400429725647,0.25918900966644287,1398610846,XLM-USD,CRYPTO,yfinance,1d
2026-06-01,0.2591809928417206,0.27303698658943176,0.24059100449085236,0.24208800494670868,1418187373,XLM-USD,CRYPTO,yfinance,1d
2026-06-02,0.24208800494670868,0.24264100193977356,0.21553300321102142,0.22238199412822723,790490157,XLM-USD,CRYPTO,yfinance,1d
2026-06-03,0.22237099707126617,0.23324799537658691,0.20886099338531494,0.20935900509357452,791199811,XLM-USD,CRYPTO,yfinance,1d
2026-06-04,0.2093610018491745,0.22008000314235687,0.1995130032300949,0.201324000954628,759190404,XLM-USD,CRYPTO,yfinance,1d
2026-06-05,0.2013089954853058,0.20760999619960785,0.18509000539779663,0.20307700335979462,1013153871,XLM-USD,CRYPTO,yfinance,1d
2026-06-06,0.20301799476146698,0.21491199731826782,0.1894730031490326,0.21262699365615845,697210177,XLM-USD,CRYPTO,yfinance,1d
2026-06-07,0.21262699365615845,0.21748700737953186,0.20006699860095978,0.20585599541664124,804158991,XLM-USD,CRYPTO,yfinance,1d
2026-06-08,0.2058439999818802,0.20767299830913544,0.1980530023574829,0.20238499343395233,342092929,XLM-USD,CRYPTO,yfinance,1d
2026-06-09,0.20238499343395233,0.20446699857711792,0.1914599984884262,0.19239400327205658,340568259,XLM-USD,CRYPTO,yfinance,1d
2026-06-10,0.19239400327205658,0.19258899986743927,0.18136000633239746,0.18280799686908722,581347699,XLM-USD,CRYPTO,yfinance,1d
2026-06-11,0.18280500173568726,0.19362099468708038,0.18252499401569366,0.19166000187397003,206846697,XLM-USD,CRYPTO,yfinance,1d
2026-06-12,0.19166199862957,0.19874300062656403,0.18763600289821625,0.18818600475788116,201191877,XLM-USD,CRYPTO,yfinance,1d
2026-06-13,0.18818500638008118,0.19194699823856354,0.18379800021648407,0.18706199526786804,153085374,XLM-USD,CRYPTO,yfinance,1d
2026-06-14,0.18706700205802917,0.1917169988155365,0.18136799335479736,0.19096800684928894,159185406,XLM-USD,CRYPTO,yfinance,1d
2026-06-15,0.19096800684928894,0.23296700417995453,0.18764600157737732,0.2138260006904602,834481168,XLM-USD,CRYPTO,yfinance,1d
2026-06-16,0.21381999552249908,0.23278699815273285,0.2087090015411377,0.216048002243042,574856463,XLM-USD,CRYPTO,yfinance,1d
2026-06-17,0.216048002243042,0.23244799673557281,0.21604500710964203,0.2255290001630783,507813170,XLM-USD,CRYPTO,yfinance,1d
2026-06-18,0.2255299985408783,0.2505199909210205,0.2254830002784729,0.2346159964799881,784258402,XLM-USD,CRYPTO,yfinance,1d
2026-06-19,0.23461100459098816,0.23461100459098816,0.21490100026130676,0.21820800006389618,359975952,XLM-USD,CRYPTO,yfinance,1d
2026-06-20,0.21820400655269623,0.2182289958000183,0.21088500320911407,0.21602100133895874,199404868,XLM-USD,CRYPTO,yfinance,1d
2026-06-21,0.21602000296115875,0.21728000044822693,0.20977699756622314,0.20983299612998962,161334486,XLM-USD,CRYPTO,yfinance,1d
2026-06-22,0.20983199775218964,0.21624700725078583,0.20207899808883667,0.20264700055122375,222783723,XLM-USD,CRYPTO,yfinance,1d
2026-06-23,0.20264799892902374,0.20265799760818481,0.19106200337409973,0.19509199261665344,196454014,XLM-USD,CRYPTO,yfinance,1d
2026-06-24,0.19509199261665344,0.19694499671459198,0.1820169985294342,0.18531300127506256,217083268,XLM-USD,CRYPTO,yfinance,1d
2026-06-25,0.18531200289726257,0.18949100375175476,0.17404499650001526,0.17848099768161774,223467419,XLM-USD,CRYPTO,yfinance,1d
2026-06-26,0.1784750074148178,0.18017899990081787,0.17126500606536865,0.17747899889945984,197758735,XLM-USD,CRYPTO,yfinance,1d
2026-06-27,0.17747999727725983,0.1790439933538437,0.17270700633525848,0.1737699955701828,160583447,XLM-USD,CRYPTO,yfinance,1d
2026-06-28,0.1737699955701828,0.17468200623989105,0.1688860058784485,0.17284399271011353,110327173,XLM-USD,CRYPTO,yfinance,1d
2026-06-29,0.17284399271011353,0.17847800254821777,0.17016200721263885,0.17464999854564667,154159821,XLM-USD,CRYPTO,yfinance,1d
2026-06-30,0.17464999854564667,0.18866999447345734,0.17364700138568878,0.18866999447345734,357789913,XLM-USD,CRYPTO,yfinance,1d
2026-07-01,0.18866799771785736,0.2067669928073883,0.188633993268013,0.1975889950990677,513647545,XLM-USD,CRYPTO,yfinance,1d
2026-07-02,0.19758500158786774,0.2032870054244995,0.19279499351978302,0.19892600178718567,261688516,XLM-USD,CRYPTO,yfinance,1d
2026-07-03,0.19892700016498566,0.20621700584888458,0.19640900194644928,0.20393399894237518,268610443,XLM-USD,CRYPTO,yfinance,1d
2026-07-04,0.2039410024881363,0.21504700183868408,0.20285500586032867,0.20669899880886078,772033057,XLM-USD,CRYPTO,yfinance,1d
2026-07-05,0.2066970020532608,0.2066970020532608,0.19772100448608398,0.20274099707603455,193644671,XLM-USD,CRYPTO,yfinance,1d
2026-07-06,0.20274199545383453,0.20710499584674835,0.1965540051460266,0.19984400272369385,721150686,XLM-USD,CRYPTO,yfinance,1d
2026-07-07,0.19984300434589386,0.20052699744701385,0.18841899931430817,0.18843799829483032,215550555,XLM-USD,CRYPTO,yfinance,1d
2026-07-08,0.18844099342823029,0.18959499895572662,0.1801059991121292,0.18096500635147095,222708287,XLM-USD,CRYPTO,yfinance,1d
2026-07-09,0.18096500635147095,0.1875620037317276,0.18013900518417358,0.18622399866580963,882994451,XLM-USD,CRYPTO,yfinance,1d
2026-07-10,0.18622399866580963,0.19374099373817444,0.18507499992847443,0.19054900109767914,194300765,XLM-USD,CRYPTO,yfinance,1d
2026-07-11,0.19054700434207916,0.19330599904060364,0.1868019998073578,0.1868090033531189,108747869,XLM-USD,CRYPTO,yfinance,1d
2026-07-12,0.1868090033531189,0.19108900427818298,0.1830970048904419,0.18641699850559235,107525774,XLM-USD,CRYPTO,yfinance,1d
2026-07-13,0.1864120066165924,0.18905599415302277,0.17894600331783295,0.18052099645137787,148840725,XLM-USD,CRYPTO,yfinance,1d
2026-07-14,0.18051999807357788,0.1861869990825653,0.1778150051832199,0.18449999392032623,152536516,XLM-USD,CRYPTO,yfinance,1d
2026-07-15,0.18450100719928741,0.19162899255752563,0.18177799880504608,0.1882839947938919,204990407,XLM-USD,CRYPTO,yfinance,1d
2026-07-16,0.1882839947938919,0.1924169957637787,0.18502099812030792,0.18503400683403015,190338845,XLM-USD,CRYPTO,yfinance,1d
2026-07-17,0.18503400683403015,0.18768300116062164,0.18178600072860718,0.18551799654960632,136368227,XLM-USD,CRYPTO,yfinance,1d
2026-07-18,0.18551799654960632,0.18904399871826172,0.18326599895954132,0.18769200146198273,88147168,XLM-USD,CRYPTO,yfinance,1d
2026-07-19,0.18769200146198273,0.19159500300884247,0.18611900508403778,0.18796400725841522,115782728,XLM-USD,CRYPTO,yfinance,1d
2026-07-20,0.1879590004682541,0.18986199796199799,0.18442299962043762,0.1883859932422638,142093129,XLM-USD,CRYPTO,yfinance,1d
2026-07-21,0.18838700652122498,0.19564299285411835,0.18667200207710266,0.19189399480819702,169623157,XLM-USD,CRYPTO,yfinance,1d
2026-07-22,0.191894993185997,0.19436900317668915,0.1859380006790161,0.18725299835205078,152909435,XLM-USD,CRYPTO,yfinance,1d
2026-07-23,0.1872519999742508,0.18743599951267242,0.1805489957332611,0.18225300312042236,134625951,XLM-USD,CRYPTO,yfinance,1d
2026-07-24,0.18224400281906128,0.18467800319194794,0.17667800188064575,0.1777700036764145,135742514,XLM-USD,CRYPTO,yfinance,1d
2026-07-25,0.1777700036764145,0.1794240027666092,0.17660799622535706,0.17805500328540802,64587302,XLM-USD,CRYPTO,yfinance,1d
2026-07-26,0.17805500328540802,0.18300899863243103,0.17677199840545654,0.18229900300502777,88129213,XLM-USD,CRYPTO,yfinance,1d
2026-07-27,0.18230000138282776,0.1828330010175705,0.1712770015001297,0.17172500491142273,152732506,XLM-USD,CRYPTO,yfinance,1d
2026-07-28,0.17173300683498383,0.1746709942817688,0.16975900530815125,0.17375700175762177,110882801,XLM-USD,CRYPTO,yfinance,1d
2026-07-29,0.17375800013542175,0.1753380000591278,0.16882799565792084,0.17181700468063354,103640825,XLM-USD,CRYPTO,yfinance,1d
2026-07-30,0.17181800305843353,0.1735209971666336,0.17085599899291992,0.17188499867916107,77368976,XLM-USD,CRYPTO,yfinance,1d
2026-07-31,0.17188599705696106,0.17306900024414062,0.16840800642967224,0.17199300229549408,113302302,XLM-USD,CRYPTO,yfinance,1d
2026-08-01,0.17199400067329407,0.17297400534152985,0.16870099306106567,0.1708350032567978,64986058,XLM-USD,CRYPTO,yfinance,1d
2026-08-02,0.1708350032567978,0.1772090047597885,0.1704930067062378,0.17398099601268768,96664051,XLM-USD,CRYPTO,yfinance,1d
2026-08-03,0.17398199439048767,0.17406600713729858,0.16983400285243988,0.17116199433803558,94121702,XLM-USD,CRYPTO,yfinance,1d
2026-08-04,0.17116199433803558,0.17173999547958374,0.16859200596809387,0.16863900423049927,103179044,XLM-USD,CRYPTO,yfinance,1d
2026-08-05,0.16863900423049927,0.16864000260829926,0.1644970029592514,0.16462500393390656,115138870,XLM-USD,CRYPTO,yfinance,1d
2026-08-06,0.1646299958229065,0.16489900648593903,0.1595820039510727,0.16118499636650085,121431981,XLM-USD,CRYPTO,yfinance,1d
2026-08-07,0.16118399798870087,0.16295599937438965,0.15942800045013428,0.16125699877738953,81051363,XLM-USD,CRYPTO,yfinance,1d
2026-08-08,0.16125699877738953,0.16646400094032288,0.16117200255393982,0.16441799700260162,63832940,XLM-USD,CRYPTO,yfinance,1d
2026-08-09,0.16441799700260162,0.16465799510478973,0.16103799641132355,0.16216999292373657,76277590,XLM-USD,CRYPTO,yfinance,1d
2026-08-10,0.16216999292373657,0.16571399569511414,0.1611739993095398,0.161313995718956,87075016,XLM-USD,CRYPTO,yfinance,1d
2026-08-11,0.161312997341156,0.1625259965658188,0.15903200209140778,0.16187100112438202,74724035,XLM-USD,CRYPTO,yfinance,1d
2026-08-12,0.161871999502182,0.16240300238132477,0.1584019958972931,0.1593099981546402,85546240,XLM-USD,CRYPTO,yfinance,1d
2026-08-13,0.15931099653244019,0.16239899396896362,0.15841999650001526,0.15929900109767914,77173205,XLM-USD,CRYPTO,yfinance,1d
2026-08-14,0.15929800271987915,0.16014599800109863,0.15642599761486053,0.15789799392223358,70033394,XLM-USD,CRYPTO,yfinance,1d
2026-08-16,0.15787625312805176,0.15787625312805176,0.15662220120429993,0.15678800642490387,52421992,XLM-USD,CRYPTO,yfinance,1d
