date,open,high,low,close,volume,symbol,exchange,source,interval
2021-08-16,0.7366916537284851,0.7369001507759094,0.7320322394371033,0.736572265625,0,AUDUSD=X,FOREX,yfinance,1d
2021-08-17,0.7339202165603638,0.7339772582054138,0.7253209352493286,0.7341066002845764,0,AUDUSD=X,FOREX,yfinance,1d
2021-08-18,0.7255498766899109,0.7271997332572937,0.723159909248352,0.7255598902702332,0,AUDUSD=X,FOREX,yfinance,1d
2021-08-19,0.723159909248352,0.7235000133514404,0.7145500779151917,0.7230997681617737,0,AUDUSD=X,FOREX,yfinance,1d
2021-08-20,0.7147998809814453,0.7159000635147095,0.7107300162315369,0.714620053768158,0,AUDUSD=X,FOREX,yfinance,1d
2021-08-23,0.714188814163208,0.7211000919342041,0.7141582369804382,0.7139797210693359,0,AUDUSD=X,FOREX,yfinance,1d
2021-08-24,0.7208698391914368,0.7270998358726501,0.72014981508255,0.7209597229957581,0,AUDUSD=X,FOREX,yfinance,1d
2021-08-25,0.7250500917434692,0.7267283797264099,0.7237602472305298,0.724879801273346,0,AUDUSD=X,FOREX,yfinance,1d
2021-08-26,0.7277898788452148,0.7282260060310364,0.7242099642753601,0.727660059928894,0,AUDUSD=X,FOREX,yfinance,1d
2021-08-27,0.723552405834198,0.7309941649436951,0.7223100662231445,0.7238398790359497,0,AUDUSD=X,FOREX,yfinance,1d
2021-08-30,0.7317965626716614,0.7320001125335693,0.7286197543144226,0.731598436832428,0,AUDUSD=X,FOREX,yfinance,1d
2021-08-31,0.7293148040771484,0.7342144250869751,0.7289479970932007,0.7291233539581299,0,AUDUSD=X,FOREX,yfinance,1d
2021-09-01,0.7320001125335693,0.7372298836708069,0.7308498620986938,0.7317901849746704,0,AUDUSD=X,FOREX,yfinance,1d
2021-09-02,0.7368800640106201,0.7409054040908813,0.735639750957489,0.7368001937866211,0,AUDUSD=X,FOREX,yfinance,1d
2021-09-03,0.7397817373275757,0.7477999925613403,0.7396001219749451,0.7399300932884216,0,AUDUSD=X,FOREX,yfinance,1d
2021-09-06,0.7443411350250244,0.7445999383926392,0.7427489161491394,0.7445018887519836,0,AUDUSD=X,FOREX,yfinance,1d
2021-09-07,0.7437001466751099,0.7465305328369141,0.7377787232398987,0.7436713576316833,0,AUDUSD=X,FOREX,yfinance,1d
2021-09-08,0.7387101054191589,0.7404001355171204,0.7346081733703613,0.7386598587036133,0,AUDUSD=X,FOREX,yfinance,1d
2021-09-09,0.7359402179718018,0.7394300103187561,0.7347500920295715,0.7363770008087158,0,AUDUSD=X,FOREX,yfinance,1d
2021-09-10,0.7369740009307861,0.7411249876022339,0.7361000776290894,0.7370826601982117,0,AUDUSD=X,FOREX,yfinance,1d
2021-09-13,0.7365999817848206,0.7376807332038879,0.7336999773979187,0.7368110418319702,0,AUDUSD=X,FOREX,yfinance,1d
2021-09-14,0.7366998195648193,0.7375001311302185,0.7324504852294922,0.7365902066230774,0,AUDUSD=X,FOREX,yfinance,1d
2021-09-15,0.7318999171257019,0.7338000535964966,0.7303001284599304,0.7317097783088684,0,AUDUSD=X,FOREX,yfinance,1d
2021-09-16,0.7338000535964966,0.7346999049186707,0.7275398969650269,0.7341200709342957,0,AUDUSD=X,FOREX,yfinance,1d
2021-09-17,0.7291701436042786,0.732225239276886,0.7267299294471741,0.7291499972343445,0,AUDUSD=X,FOREX,yfinance,1d
2021-09-20,0.7266121506690979,0.7270998358726501,0.722089409828186,0.7264010310173035,0,AUDUSD=X,FOREX,yfinance,1d
2021-09-21,0.726005494594574,0.7284000515937805,0.722240149974823,0.7259702086448669,0,AUDUSD=X,FOREX,yfinance,1d
2021-09-22,0.7232002019882202,0.7268002033233643,0.7225000262260437,0.7227997779846191,0,AUDUSD=X,FOREX,yfinance,1d
2021-09-23,0.7233701944351196,0.7312299013137817,0.7223700881004333,0.7233999967575073,0,AUDUSD=X,FOREX,yfinance,1d
2021-09-24,0.7299702167510986,0.731689453125,0.7236900925636292,0.7299802899360657,0,AUDUSD=X,FOREX,yfinance,1d
2021-09-27,0.7266068458557129,0.7291999459266663,0.7250601053237915,0.7266121506690979,0,AUDUSD=X,FOREX,yfinance,1d
2021-09-28,0.7281200289726257,0.7312999367713928,0.7230997681617737,0.7280601263046265,0,AUDUSD=X,FOREX,yfinance,1d
2021-09-29,0.724480152130127,0.7262201309204102,0.7182199954986572,0.7244277596473694,0,AUDUSD=X,FOREX,yfinance,1d
2021-09-30,0.7178297638893127,0.7257683873176575,0.7178297638893127,0.7179998159408569,0,AUDUSD=X,FOREX,yfinance,1d
2021-10-01,0.7228802442550659,0.7274002432823181,0.719377875328064,0.7231180667877197,0,AUDUSD=X,FOREX,yfinance,1d
2021-10-04,0.7275997400283813,0.7305135726928711,0.7252599000930786,0.7275214195251465,0,AUDUSD=X,FOREX,yfinance,1d
2021-10-05,0.7289320230484009,0.7298497557640076,0.7251500487327576,0.7289697527885437,0,AUDUSD=X,FOREX,yfinance,1d
2021-10-06,0.7287620306015015,0.7289161086082458,0.7227098941802979,0.7290754914283752,0,AUDUSD=X,FOREX,yfinance,1d
2021-10-07,0.7282997965812683,0.7324998378753662,0.7271199226379395,0.728141188621521,0,AUDUSD=X,FOREX,yfinance,1d
2021-10-08,0.7316402196884155,0.7338000535964966,0.7289400100708008,0.7316797971725464,0,AUDUSD=X,FOREX,yfinance,1d
2021-10-11,0.7296000123023987,0.7373706698417664,0.7296000123023987,0.729490339756012,0,AUDUSD=X,FOREX,yfinance,1d
2021-10-12,0.7348402738571167,0.7386069893836975,0.7333797812461853,0.7348402738571167,0,AUDUSD=X,FOREX,yfinance,1d
2021-10-13,0.7335143089294434,0.7379001379013062,0.7326399087905884,0.7335088849067688,0,AUDUSD=X,FOREX,yfinance,1d
2021-10-14,0.7386801242828369,0.7426998019218445,0.7372298836708069,0.7386069893836975,0,AUDUSD=X,FOREX,yfinance,1d
2021-10-15,0.7414898872375488,0.7439800500869751,0.7404500246047974,0.741379976272583,0,AUDUSD=X,FOREX,yfinance,1d
2021-10-18,0.7424676418304443,0.7426109910011292,0.738018274307251,0.7424786686897278,0,AUDUSD=X,FOREX,yfinance,1d
2021-10-19,0.7417500615119934,0.7483999133110046,0.7417500615119934,0.7417000532150269,0,AUDUSD=X,FOREX,yfinance,1d
2021-10-20,0.7480002641677856,0.7518231272697449,0.7466698288917542,0.7477194666862488,0,AUDUSD=X,FOREX,yfinance,1d
2021-10-21,0.7516897916793823,0.7547169327735901,0.7478592395782471,0.7515299320220947,0,AUDUSD=X,FOREX,yfinance,1d
2021-10-22,0.7465305328369141,0.7514277100563049,0.7455120086669922,0.7463700175285339,0,AUDUSD=X,FOREX,yfinance,1d
2021-10-25,0.7470000386238098,0.7507997751235962,0.7465400099754333,0.7469096779823303,0,AUDUSD=X,FOREX,yfinance,1d
2021-10-26,0.7494499087333679,0.7526000142097473,0.7490002512931824,0.7491798400878906,0,AUDUSD=X,FOREX,yfinance,1d
2021-10-27,0.7514299750328064,0.7536999583244324,0.7488398551940918,0.7512978315353394,0,AUDUSD=X,FOREX,yfinance,1d
2021-10-28,0.7500412464141846,0.7555723190307617,0.7479801177978516,0.7500750422477722,0,AUDUSD=X,FOREX,yfinance,1d
2021-10-29,0.7535000443458557,0.7555152177810669,0.750058114528656,0.7531600594520569,0,AUDUSD=X,FOREX,yfinance,1d
2021-11-01,0.7520889043807983,0.7535999417304993,0.7487198710441589,0.7518287897109985,0,AUDUSD=X,FOREX,yfinance,1d
2021-11-02,0.7523888349533081,0.753409206867218,0.7427599430084229,0.7520498633384705,0,AUDUSD=X,FOREX,yfinance,1d
2021-11-03,0.7438002228736877,0.7452120184898376,0.7416098117828369,0.7438998222351074,0,AUDUSD=X,FOREX,yfinance,1d
2021-11-04,0.7470324635505676,0.7470324635505676,0.7383888363838196,0.746900200843811,0,AUDUSD=X,FOREX,yfinance,1d
2021-11-05,0.7409493327140808,0.7411997318267822,0.736409604549408,0.740932822227478,0,AUDUSD=X,FOREX,yfinance,1d
2021-11-08,0.7394973039627075,0.7432733774185181,0.7386402487754822,0.7395902872085571,0,AUDUSD=X,FOREX,yfinance,1d
2021-11-09,0.7415592074394226,0.7432181239128113,0.7361899614334106,0.7414799928665161,0,AUDUSD=X,FOREX,yfinance,1d
2021-11-10,0.7376502156257629,0.7393201589584351,0.7344101071357727,0.7376197576522827,0,AUDUSD=X,FOREX,yfinance,1d
2021-11-11,0.7334120869636536,0.7342144250869751,0.7288401126861572,0.7334120869636536,0,AUDUSD=X,FOREX,yfinance,1d
2021-11-12,0.7290797829627991,0.732600212097168,0.7276897430419922,0.7291999459266663,0,AUDUSD=X,FOREX,yfinance,1d
2021-11-15,0.7332722544670105,0.7371000051498413,0.7323915362358093,0.7332506775856018,0,AUDUSD=X,FOREX,yfinance,1d
2021-11-16,0.7345595955848694,0.737000048160553,0.7310101985931396,0.734489917755127,0,AUDUSD=X,FOREX,yfinance,1d
2021-11-17,0.7300500869750977,0.7304500341415405,0.7264300584793091,0.7301614880561829,0,AUDUSD=X,FOREX,yfinance,1d
2021-11-18,0.7268973588943481,0.7293999195098877,0.7250601053237915,0.7268604040145874,0,AUDUSD=X,FOREX,yfinance,1d
2021-11-19,0.7275795936584473,0.7291999459266663,0.7230098843574524,0.7279000878334045,0,AUDUSD=X,FOREX,yfinance,1d
2021-11-22,0.723159909248352,0.727150022983551,0.7229090332984924,0.7231698036193848,0,AUDUSD=X,FOREX,yfinance,1d
2021-11-23,0.7227799296379089,0.7239032983779907,0.7208298444747925,0.7228044867515564,0,AUDUSD=X,FOREX,yfinance,1d
2021-11-24,0.722300112247467,0.7229090332984924,0.7187000513076782,0.7222198247909546,0,AUDUSD=X,FOREX,yfinance,1d
2021-11-25,0.7202597260475159,0.721084475517273,0.71809983253479,0.7202001214027405,0,AUDUSD=X,FOREX,yfinance,1d
2021-11-26,0.7174990773200989,0.7176999449729919,0.7113893628120422,0.7173703908920288,0,AUDUSD=X,FOREX,yfinance,1d
2021-11-29,0.714188814163208,0.7160999774932861,0.7115108370780945,0.7142806053161621,0,AUDUSD=X,FOREX,yfinance,1d
2021-11-30,0.714900016784668,0.7172001600265503,0.7067397832870483,0.714580237865448,0,AUDUSD=X,FOREX,yfinance,1d
2021-12-01,0.7126699686050415,0.7173087000846863,0.7121999859809875,0.7124998569488525,0,AUDUSD=X,FOREX,yfinance,1d
2021-12-02,0.7107598185539246,0.7120985388755798,0.7085214257240295,0.7107598185539246,0,AUDUSD=X,FOREX,yfinance,1d
2021-12-03,0.708817720413208,0.7090187072753906,0.701041042804718,0.70878005027771,0,AUDUSD=X,FOREX,yfinance,1d
2021-12-06,0.7016608715057373,0.7053479552268982,0.700721800327301,0.7017898559570312,0,AUDUSD=X,FOREX,yfinance,1d
2021-12-07,0.7051191329956055,0.7124998569488525,0.7040399312973022,0.7049203515052795,0,AUDUSD=X,FOREX,yfinance,1d
2021-12-08,0.7122400403022766,0.7170098423957825,0.7117898464202881,0.712259829044342,0,AUDUSD=X,FOREX,yfinance,1d
2021-12-09,0.7168973088264465,0.7189072370529175,0.7136001586914062,0.7170000672340393,0,AUDUSD=X,FOREX,yfinance,1d
2021-12-10,0.7146941423416138,0.7182720899581909,0.7134194374084473,0.7146124243736267,0,AUDUSD=X,FOREX,yfinance,1d
2021-12-13,0.7166661024093628,0.7178998589515686,0.7111414074897766,0.7166095972061157,0,AUDUSD=X,FOREX,yfinance,1d
2021-12-14,0.7132301330566406,0.713799774646759,0.7092801928520203,0.7133176326751709,0,AUDUSD=X,FOREX,yfinance,1d
2021-12-15,0.7105199098587036,0.7150400876998901,0.71034836769104,0.7106002569198608,0,AUDUSD=X,FOREX,yfinance,1d
2021-12-16,0.7170000672340393,0.7223398089408875,0.7146379351615906,0.7166501879692078,0,AUDUSD=X,FOREX,yfinance,1d
2021-12-17,0.7176999449729919,0.7184001207351685,0.7137402296066284,0.717560887336731,0,AUDUSD=X,FOREX,yfinance,1d
2021-12-20,0.7120427489280701,0.7129108309745789,0.7083101272583008,0.7116981744766235,0,AUDUSD=X,FOREX,yfinance,1d
2021-12-21,0.7111616730690002,0.7142193913459778,0.7100809812545776,0.7109498381614685,0,AUDUSD=X,FOREX,yfinance,1d
2021-12-22,0.7147998809814453,0.7217090129852295,0.7121497988700867,0.7147799134254456,0,AUDUSD=X,FOREX,yfinance,1d
2021-12-23,0.7212899327278137,0.7245001196861267,0.7197999358177185,0.72139972448349,0,AUDUSD=X,FOREX,yfinance,1d
2021-12-24,0.7232300043106079,0.7248099446296692,0.7222098708152771,0.7233200073242188,0,AUDUSD=X,FOREX,yfinance,1d
2021-12-27,0.7230710387229919,0.7243998646736145,0.7206199765205383,0.7231285572052002,0,AUDUSD=X,FOREX,yfinance,1d
2021-12-28,0.7235502600669861,0.7265002727508545,0.7220101952552795,0.7236999869346619,0,AUDUSD=X,FOREX,yfinance,1d
2021-12-29,0.7233000993728638,0.7273256182670593,0.7213799357414246,0.7233999967575073,0,AUDUSD=X,FOREX,yfinance,1d
2021-12-30,0.7262001037597656,0.7278597950935364,0.7244198322296143,0.7258790135383606,0,AUDUSD=X,FOREX,yfinance,1d
2021-12-31,0.7251105904579163,0.7275997400283813,0.7244701981544495,0.7249801754951477,0,AUDUSD=X,FOREX,yfinance,1d
2022-01-03,0.7268498539924622,0.7279079556465149,0.7185900807380676,0.7268181443214417,0,AUDUSD=X,FOREX,yfinance,1d
2022-01-04,0.7196900844573975,0.7248998284339905,0.7185301780700684,0.7197999358177185,0,AUDUSD=X,FOREX,yfinance,1d
2022-01-05,0.7241076827049255,0.7271801829338074,0.7223398089408875,0.7238802313804626,0,AUDUSD=X,FOREX,yfinance,1d
2022-01-06,0.722300112247467,0.722300112247467,0.7146599292755127,0.7220800518989563,0,AUDUSD=X,FOREX,yfinance,1d
2022-01-07,0.7163991332054138,0.71859210729599,0.7131090760231018,0.7162600159645081,0,AUDUSD=X,FOREX,yfinance,1d
2022-01-10,0.7178699374198914,0.7205129861831665,0.7149393558502197,0.7179111242294312,0,AUDUSD=X,FOREX,yfinance,1d
2022-01-11,0.7181999087333679,0.7200978994369507,0.7155701518058777,0.71809983253479,0,AUDUSD=X,FOREX,yfinance,1d
2022-01-12,0.7212998270988464,0.7279201745986938,0.7200901508331299,0.7209799885749817,0,AUDUSD=X,FOREX,yfinance,1d
2022-01-13,0.7281995415687561,0.7313999533653259,0.7274896502494812,0.7282207608222961,0,AUDUSD=X,FOREX,yfinance,1d
2022-01-14,0.7280197739601135,0.7295010089874268,0.722180187702179,0.7282260060310364,0,AUDUSD=X,FOREX,yfinance,1d
2022-01-17,0.7216413021087646,0.7230997681617737,0.7196201682090759,0.7216517329216003,0,AUDUSD=X,FOREX,yfinance,1d
2022-01-18,0.7211599349975586,0.7227783203125,0.7176175117492676,0.7210798263549805,0,AUDUSD=X,FOREX,yfinance,1d
2022-01-19,0.7189300060272217,0.7238100171089172,0.7178699374198914,0.7187501788139343,0,AUDUSD=X,FOREX,yfinance,1d
2022-01-20,0.7218131422996521,0.7275600433349609,0.7216725945472717,0.721700131893158,0,AUDUSD=X,FOREX,yfinance,1d
2022-01-21,0.7217501401901245,0.7217501401901245,0.7181699872016907,0.7217090129852295,0,AUDUSD=X,FOREX,yfinance,1d
2022-01-24,0.7186489701271057,0.7189072370529175,0.7092399597167969,0.7187884449958801,0,AUDUSD=X,FOREX,yfinance,1d
2022-01-25,0.7155097723007202,0.7172402143478394,0.7121898531913757,0.715449869632721,0,AUDUSD=X,FOREX,yfinance,1d
2022-01-26,0.7158800363540649,0.7177998423576355,0.7150799632072449,0.7158800363540649,0,AUDUSD=X,FOREX,yfinance,1d
2022-01-27,0.7121401429176331,0.7121401429176331,0.7042104601860046,0.7122999429702759,0,AUDUSD=X,FOREX,yfinance,1d
2022-01-28,0.703700065612793,0.7047216296195984,0.6968601942062378,0.7035500407218933,0,AUDUSD=X,FOREX,yfinance,1d
2022-01-31,0.6994279026985168,0.7079144716262817,0.6993202567100525,0.6997998356819153,0,AUDUSD=X,FOREX,yfinance,1d
2022-02-01,0.706589937210083,0.7117944359779358,0.7034698724746704,0.7068301439285278,0,AUDUSD=X,FOREX,yfinance,1d
2022-02-02,0.7134092450141907,0.7158401012420654,0.7119302749633789,0.7133991122245789,0,AUDUSD=X,FOREX,yfinance,1d
2022-02-03,0.712088406085968,0.7168001532554626,0.710989773273468,0.7120797634124756,0,AUDUSD=X,FOREX,yfinance,1d
2022-02-04,0.7141898274421692,0.7152999043464661,0.7052300572395325,0.7145000696182251,0,AUDUSD=X,FOREX,yfinance,1d
2022-02-07,0.7079796195030212,0.7122999429702759,0.706589937210083,0.7080298066139221,0,AUDUSD=X,FOREX,yfinance,1d
2022-02-08,0.7128000259399414,0.71387779712677,0.7107598185539246,0.7129998207092285,0,AUDUSD=X,FOREX,yfinance,1d
2022-02-09,0.7146021723747253,0.7194099426269531,0.7143198847770691,0.7145919799804688,0,AUDUSD=X,FOREX,yfinance,1d
2022-02-10,0.7176700234413147,0.7248099446296692,0.715130090713501,0.7177411317825317,0,AUDUSD=X,FOREX,yfinance,1d
2022-02-11,0.716159999370575,0.7183908224105835,0.7110499143600464,0.7161697745323181,0,AUDUSD=X,FOREX,yfinance,1d
2022-02-14,0.7146583199501038,0.7146583199501038,0.7086921334266663,0.7144796252250671,0,AUDUSD=X,FOREX,yfinance,1d
2022-02-15,0.7132800221443176,0.715610146522522,0.7103584408760071,0.7132098078727722,0,AUDUSD=X,FOREX,yfinance,1d
2022-02-16,0.7148422598838806,0.7184939980506897,0.7144898176193237,0.7149087190628052,0,AUDUSD=X,FOREX,yfinance,1d
2022-02-17,0.7192500829696655,0.7217501401901245,0.7151592373847961,0.7194502949714661,0,AUDUSD=X,FOREX,yfinance,1d
2022-02-18,0.7187212109565735,0.7229999303817749,0.7167600989341736,0.71893310546875,0,AUDUSD=X,FOREX,yfinance,1d
2022-02-21,0.7172314524650574,0.722300112247467,0.7168407440185547,0.7171697616577148,0,AUDUSD=X,FOREX,yfinance,1d
2022-02-22,0.7185998558998108,0.7233999967575073,0.7181999087333679,0.718450129032135,0,AUDUSD=X,FOREX,yfinance,1d
2022-02-23,0.7227297425270081,0.7283798456192017,0.7221301198005676,0.7226895689964294,0,AUDUSD=X,FOREX,yfinance,1d
2022-02-24,0.7228620052337646,0.7228620052337646,0.7096275091171265,0.7227997779846191,0,AUDUSD=X,FOREX,yfinance,1d
2022-02-25,0.7160200476646423,0.7235575318336487,0.7146021723747253,0.7160200476646423,0,AUDUSD=X,FOREX,yfinance,1d
2022-02-28,0.7180812358856201,0.726374626159668,0.7169486880302429,0.7186489701271057,0,AUDUSD=X,FOREX,yfinance,1d
2022-03-01,0.7261109352111816,0.7290999889373779,0.72455894947052,0.7262001037597656,0,AUDUSD=X,FOREX,yfinance,1d
2022-03-02,0.7260582447052002,0.7290202379226685,0.7244119644165039,0.7261425852775574,0,AUDUSD=X,FOREX,yfinance,1d
2022-03-03,0.7292701005935669,0.7347998023033142,0.7276400327682495,0.729341447353363,0,AUDUSD=X,FOREX,yfinance,1d
2022-03-04,0.7336299419403076,0.7375174760818481,0.7303198575973511,0.7336999773979187,0,AUDUSD=X,FOREX,yfinance,1d
2022-03-07,0.7392075657844543,0.7437487840652466,0.7319599390029907,0.7394808530807495,0,AUDUSD=X,FOREX,yfinance,1d
2022-03-08,0.7329298853874207,0.7347900867462158,0.724658727645874,0.7328498363494873,0,AUDUSD=X,FOREX,yfinance,1d
2022-03-09,0.7271997332572937,0.7338000535964966,0.7268297076225281,0.7267916798591614,0,AUDUSD=X,FOREX,yfinance,1d
2022-03-10,0.7319101095199585,0.7363119721412659,0.7289102077484131,0.731689989566803,0,AUDUSD=X,FOREX,yfinance,1d
2022-03-11,0.7365397214889526,0.7365701198577881,0.7304602265357971,0.7365999817848206,0,AUDUSD=X,FOREX,yfinance,1d
2022-03-14,0.729570209980011,0.7296819686889648,0.7227600812911987,0.72965008020401,0,AUDUSD=X,FOREX,yfinance,1d
2022-03-15,0.7201000452041626,0.7226702570915222,0.7166701555252075,0.71986985206604,0,AUDUSD=X,FOREX,yfinance,1d
2022-03-16,0.719041645526886,0.7273097634315491,0.71809983253479,0.7191000580787659,0,AUDUSD=X,FOREX,yfinance,1d
2022-03-17,0.7289692759513855,0.7389399409294128,0.7285284399986267,0.7288799285888672,0,AUDUSD=X,FOREX,yfinance,1d
2022-03-18,0.7381598949432373,0.7410975694656372,0.7362794280052185,0.738099992275238,0,AUDUSD=X,FOREX,yfinance,1d
2022-03-21,0.741020679473877,0.7425118088722229,0.7374898195266724,0.7409987449645996,0,AUDUSD=X,FOREX,yfinance,1d
2022-03-22,0.7394590377807617,0.744999885559082,0.7375800609588623,0.7395793199539185,0,AUDUSD=X,FOREX,yfinance,1d
2022-03-23,0.7463399767875671,0.7499006390571594,0.7450788021087646,0.7462301850318909,0,AUDUSD=X,FOREX,yfinance,1d
2022-03-24,0.7501999139785767,0.7526600956916809,0.746780276298523,0.7499175071716309,0,AUDUSD=X,FOREX,yfinance,1d
2022-03-25,0.7511172890663147,0.7536300420761108,0.7496302127838135,0.7514277100563049,0,AUDUSD=X,FOREX,yfinance,1d
2022-03-28,0.7518231272697449,0.7539772391319275,0.7467423677444458,0.7518231272697449,0,AUDUSD=X,FOREX,yfinance,1d
2022-03-29,0.7499501705169678,0.7515689134597778,0.7462185025215149,0.7499501705169678,0,AUDUSD=X,FOREX,yfinance,1d
2022-03-30,0.7514672875404358,0.7536198496818542,0.7505084872245789,0.7514672875404358,0,AUDUSD=X,FOREX,yfinance,1d
2022-03-31,0.7503001093864441,0.7514700889587402,0.747138500213623,0.7503001093864441,0,AUDUSD=X,FOREX,yfinance,1d
2022-04-01,0.7491927742958069,0.7526997327804565,0.7473400235176086,0.7491927742958069,0,AUDUSD=X,FOREX,yfinance,1d
2022-04-04,0.7486487030982971,0.7556408643722534,0.7483909726142883,0.7486487030982971,0,AUDUSD=X,FOREX,yfinance,1d
2022-04-05,0.7543901801109314,0.7660698294639587,0.7536402940750122,0.7543901801109314,0,AUDUSD=X,FOREX,yfinance,1d
2022-04-06,0.7585699558258057,0.7596002221107483,0.7534772753715515,0.7585699558258057,0,AUDUSD=X,FOREX,yfinance,1d
2022-04-07,0.7505084872245789,0.7512600421905518,0.7467501163482666,0.7505084872245789,0,AUDUSD=X,FOREX,yfinance,1d
2022-04-08,0.7478480935096741,0.749299943447113,0.7427201867103577,0.7478480935096741,0,AUDUSD=X,FOREX,yfinance,1d
2022-04-11,0.7444298267364502,0.7461000084877014,0.74187833070755,0.7446514964103699,0,AUDUSD=X,FOREX,yfinance,1d
2022-04-12,0.7415096759796143,0.7494004368782043,0.7400116920471191,0.7415317296981812,0,AUDUSD=X,FOREX,yfinance,1d
2022-04-13,0.7454997897148132,0.7474958896636963,0.7395793199539185,0.7454997897148132,0,AUDUSD=X,FOREX,yfinance,1d
2022-04-14,0.7451897859573364,0.7469933032989502,0.7399021983146667,0.7451497912406921,0,AUDUSD=X,FOREX,yfinance,1d
2022-04-15,0.7410151958465576,0.7418001294136047,0.7394798398017883,0.7410151958465576,0,AUDUSD=X,FOREX,yfinance,1d
2022-04-18,0.7393824458122253,0.7397998571395874,0.7351497411727905,0.7393824458122253,0,AUDUSD=X,FOREX,yfinance,1d
2022-04-19,0.7357593774795532,0.7400100231170654,0.7346400022506714,0.7357593774795532,0,AUDUSD=X,FOREX,yfinance,1d
2022-04-20,0.7393988370895386,0.7457177639007568,0.7375697493553162,0.7393988370895386,0,AUDUSD=X,FOREX,yfinance,1d
2022-04-21,0.7446997761726379,0.7456899285316467,0.7373799085617065,0.7446997761726379,0,AUDUSD=X,FOREX,yfinance,1d
2022-04-22,0.7361114025115967,0.737000048160553,0.7250474691390991,0.7361114025115967,0,AUDUSD=X,FOREX,yfinance,1d
2022-04-25,0.7236937284469604,0.7233377695083618,0.7136001586914062,0.7236937284469604,0,AUDUSD=X,FOREX,yfinance,1d
2022-04-26,0.717849850654602,0.7228723764419556,0.7142398357391357,0.717849850654602,0,AUDUSD=X,FOREX,yfinance,1d
2022-04-27,0.714600145816803,0.7190106511116028,0.7103685736656189,0.714600145816803,0,AUDUSD=X,FOREX,yfinance,1d
2022-04-28,0.7125704288482666,0.7161297798156738,0.7055699229240417,0.7125704288482666,0,AUDUSD=X,FOREX,yfinance,1d
2022-04-29,0.710883617401123,0.7179998159408569,0.7095001339912415,0.710883617401123,0,AUDUSD=X,FOREX,yfinance,1d
2022-05-02,0.7065390348434448,0.7082198262214661,0.7034080028533936,0.7065390348434448,0,AUDUSD=X,FOREX,yfinance,1d
2022-05-03,0.7050997614860535,0.7141020894050598,0.7054002285003662,0.7050997614860535,0,AUDUSD=X,FOREX,yfinance,1d
2022-05-04,0.7103786468505859,0.7150201797485352,0.7091394066810608,0.7103786468505859,0,AUDUSD=X,FOREX,yfinance,1d
2022-05-05,0.7252898812294006,0.7265276908874512,0.7089784741401672,0.7252898812294006,0,AUDUSD=X,FOREX,yfinance,1d
2022-05-06,0.712100088596344,0.7132998704910278,0.7063798308372498,0.712100088596344,0,AUDUSD=X,FOREX,yfinance,1d
2022-05-09,0.7046997547149658,0.7046997547149658,0.697050154209137,0.7046997547149658,0,AUDUSD=X,FOREX,yfinance,1d
2022-05-10,0.6957392692565918,0.6986001133918762,0.691279947757721,0.6957392692565918,0,AUDUSD=X,FOREX,yfinance,1d
2022-05-11,0.693600058555603,0.7051888108253479,0.6930007338523865,0.693600058555603,0,AUDUSD=X,FOREX,yfinance,1d
2022-05-12,0.692750096321106,0.6952000260353088,0.6844701766967773,0.692750096321106,0,AUDUSD=X,FOREX,yfinance,1d
2022-05-13,0.6871907711029053,0.692520797252655,0.6866716742515564,0.6871907711029053,0,AUDUSD=X,FOREX,yfinance,1d
2022-05-16,0.6946181058883667,0.6959198713302612,0.6875702142715454,0.6946181058883667,0,AUDUSD=X,FOREX,yfinance,1d
2022-05-17,0.6972820162773132,0.7043002247810364,0.6973500847816467,0.6972820162773132,0,AUDUSD=X,FOREX,yfinance,1d
2022-05-18,0.7032843232154846,0.7047216296195984,0.6982601284980774,0.7032843232154846,0,AUDUSD=X,FOREX,yfinance,1d
2022-05-19,0.695900022983551,0.7068286538124084,0.6956400871276855,0.695900022983551,0,AUDUSD=X,FOREX,yfinance,1d
2022-05-20,0.7041500210762024,0.7073001265525818,0.7004762887954712,0.7041500210762024,0,AUDUSD=X,FOREX,yfinance,1d
2022-05-23,0.7062894701957703,0.7125699520111084,0.7059803605079651,0.7062894701957703,0,AUDUSD=X,FOREX,yfinance,1d
2022-05-24,0.7088980674743652,0.7104402184486389,0.7059200406074524,0.7088980674743652,0,AUDUSD=X,FOREX,yfinance,1d
2022-05-25,0.7103200554847717,0.7119398713111877,0.7036109566688538,0.7103200554847717,0,AUDUSD=X,FOREX,yfinance,1d
2022-05-26,0.708939790725708,0.7110999822616577,0.7058199048042297,0.708939790725708,0,AUDUSD=X,FOREX,yfinance,1d
2022-05-27,0.7098793983459473,0.7165998220443726,0.7092998623847961,0.7098793983459473,0,AUDUSD=X,FOREX,yfinance,1d
2022-05-30,0.7162810564041138,0.7203002572059631,0.7158298492431641,0.7162810564041138,0,AUDUSD=X,FOREX,yfinance,1d
2022-05-31,0.7195202112197876,0.7203401923179626,0.7151387929916382,0.7195202112197876,0,AUDUSD=X,FOREX,yfinance,1d
2022-06-01,0.7182618379592896,0.7230291962623596,0.715610146522522,0.7182618379592896,0,AUDUSD=X,FOREX,yfinance,1d
2022-06-02,0.7173600792884827,0.725789487361908,0.7141479849815369,0.7173600792884827,0,AUDUSD=X,FOREX,yfinance,1d
2022-06-03,0.726900041103363,0.7282101511955261,0.7206900715827942,0.726900041103363,0,AUDUSD=X,FOREX,yfinance,1d
2022-06-06,0.7204922437667847,0.7233796119689941,0.7190210223197937,0.7204922437667847,0,AUDUSD=X,FOREX,yfinance,1d
2022-06-07,0.7188607454299927,0.7238100171089172,0.7157801985740662,0.7188607454299927,0,AUDUSD=X,FOREX,yfinance,1d
2022-06-08,0.7220602631568909,0.7234424352645874,0.7176602482795715,0.7220602631568909,0,AUDUSD=X,FOREX,yfinance,1d
2022-06-09,0.7186489701271057,0.7194762229919434,0.7115007042884827,0.7186489701271057,0,AUDUSD=X,FOREX,yfinance,1d
2022-06-10,0.7098188996315002,0.7139002084732056,0.7040300369262695,0.7098188996315002,0,AUDUSD=X,FOREX,yfinance,1d
2022-06-13,0.7018282413482666,0.7033486366271973,0.6924402117729187,0.7018282413482666,0,AUDUSD=X,FOREX,yfinance,1d
2022-06-14,0.6941600441932678,0.6970000863075256,0.6876401305198669,0.6941600441932678,0,AUDUSD=X,FOREX,yfinance,1d
2022-06-15,0.6889899373054504,0.6957998275756836,0.6887906193733215,0.6889899373054504,0,AUDUSD=X,FOREX,yfinance,1d
2022-06-16,0.7016903758049011,0.7034822702407837,0.6945297718048096,0.7016903758049011,0,AUDUSD=X,FOREX,yfinance,1d
2022-06-17,0.704049825668335,0.704020082950592,0.6898198127746582,0.704049825668335,0,AUDUSD=X,FOREX,yfinance,1d
2022-06-20,0.6953000426292419,0.6996098756790161,0.6927001476287842,0.6953000426292419,0,AUDUSD=X,FOREX,yfinance,1d
2022-06-21,0.6969500780105591,0.699499785900116,0.6934999823570251,0.6969500780105591,0,AUDUSD=X,FOREX,yfinance,1d
2022-06-22,0.6961801052093506,0.696150004863739,0.68822181224823,0.6961801052093506,0,AUDUSD=X,FOREX,yfinance,1d
2022-06-23,0.6905218958854675,0.692620038986206,0.6869878172874451,0.6905218958854675,0,AUDUSD=X,FOREX,yfinance,1d
2022-06-24,0.6903502941131592,0.6957005858421326,0.6890421509742737,0.6903502941131592,0,AUDUSD=X,FOREX,yfinance,1d
2022-06-27,0.6943383812904358,0.6948999762535095,0.6909178495407104,0.6943383812904358,0,AUDUSD=X,FOREX,yfinance,1d
2022-06-28,0.6922522783279419,0.6964612603187561,0.6913812160491943,0.6922522783279419,0,AUDUSD=X,FOREX,yfinance,1d
2022-06-29,0.6904398798942566,0.6920079588890076,0.6862999200820923,0.6904398798942566,0,AUDUSD=X,FOREX,yfinance,1d
2022-06-30,0.6880465745925903,0.6913286447525024,0.685430109500885,0.6880465745925903,0,AUDUSD=X,FOREX,yfinance,1d
2022-07-01,0.6897598505020142,0.6903502941131592,0.6765579581260681,0.6897598505020142,0,AUDUSD=X,FOREX,yfinance,1d
2022-07-04,0.6815796494483948,0.6889999508857727,0.6795694231987,0.6815796494483948,0,AUDUSD=X,FOREX,yfinance,1d
2022-07-05,0.6873797178268433,0.6895125508308411,0.6765396595001221,0.6873797178268433,0,AUDUSD=X,FOREX,yfinance,1d
2022-07-06,0.6793201565742493,0.682449460029602,0.6767699122428894,0.6793201565742493,0,AUDUSD=X,FOREX,yfinance,1d
2022-07-07,0.6786000728607178,0.6849784255027771,0.6765304803848267,0.6786000728607178,0,AUDUSD=X,FOREX,yfinance,1d
2022-07-08,0.6849000453948975,0.6873513460159302,0.6796202063560486,0.6849000453948975,0,AUDUSD=X,FOREX,yfinance,1d
2022-07-11,0.6845798492431641,0.6845999956130981,0.6717901825904846,0.6845798492431641,0,AUDUSD=X,FOREX,yfinance,1d
2022-07-12,0.6743316054344177,0.6778604388237,0.6712490320205688,0.6743316054344177,0,AUDUSD=X,FOREX,yfinance,1d
2022-07-13,0.674700140953064,0.6803702712059021,0.6728297472000122,0.674700140953064,0,AUDUSD=X,FOREX,yfinance,1d
2022-07-14,0.6732302308082581,0.6787000298500061,0.6683200597763062,0.6732302308082581,0,AUDUSD=X,FOREX,yfinance,1d
2022-07-15,0.6754885315895081,0.6805498600006104,0.6720299124717712,0.6754885315895081,0,AUDUSD=X,FOREX,yfinance,1d
2022-07-18,0.6814774870872498,0.6854202151298523,0.6794701218605042,0.6814774870872498,0,AUDUSD=X,FOREX,yfinance,1d
2022-07-19,0.6810198426246643,0.690817654132843,0.6802998781204224,0.6810198426246643,0,AUDUSD=X,FOREX,yfinance,1d
2022-07-20,0.6897978782653809,0.6930097937583923,0.6884198188781738,0.6897978782653809,0,AUDUSD=X,FOREX,yfinance,1d
2022-07-21,0.6887384057044983,0.6918002367019653,0.68598872423172,0.6887384057044983,0,AUDUSD=X,FOREX,yfinance,1d
2022-07-22,0.692290186882019,0.6975300312042236,0.6895501017570496,0.692290186882019,0,AUDUSD=X,FOREX,yfinance,1d
2022-07-25,0.6904694437980652,0.6964758634567261,0.688378095626831,0.6904694437980652,0,AUDUSD=X,FOREX,yfinance,1d
2022-07-26,0.6951202750205994,0.6983240246772766,0.6923481822013855,0.6951202750205994,0,AUDUSD=X,FOREX,yfinance,1d
2022-07-27,0.6947387456893921,0.695894181728363,0.6916107535362244,0.6947387456893921,0,AUDUSD=X,FOREX,yfinance,1d
2022-07-28,0.6994900107383728,0.7016066908836365,0.6957392692565918,0.6994900107383728,0,AUDUSD=X,FOREX,yfinance,1d
2022-07-29,0.7000839710235596,0.7031498551368713,0.6914400458335876,0.7000839710235596,0,AUDUSD=X,FOREX,yfinance,1d
2022-08-01,0.6971215605735779,0.7046501040458679,0.6971215605735779,0.6971215605735779,0,AUDUSD=X,FOREX,yfinance,1d
2022-08-02,0.7023902535438538,0.7030598521232605,0.6914816498756409,0.7023902535438538,0,AUDUSD=X,FOREX,yfinance,1d
2022-08-03,0.6890298128128052,0.6945409178733826,0.6887099742889404,0.6890298128128052,0,AUDUSD=X,FOREX,yfinance,1d
2022-08-04,0.693899929523468,0.6991051435470581,0.6936197876930237,0.693899929523468,0,AUDUSD=X,FOREX,yfinance,1d
2022-08-05,0.6959198713302612,0.6974701881408691,0.6872299909591675,0.6959198713302612,0,AUDUSD=X,FOREX,yfinance,1d
2022-08-08,0.6902502179145813,0.700839638710022,0.6899311542510986,0.6902502179145813,0,AUDUSD=X,FOREX,yfinance,1d
2022-08-09,0.6987700462341309,0.6994963884353638,0.6966019868850708,0.6987700462341309,0,AUDUSD=X,FOREX,yfinance,1d
2022-08-10,0.6957005858421326,0.7102999091148376,0.6947701573371887,0.6957005858421326,0,AUDUSD=X,FOREX,yfinance,1d
2022-08-11,0.7078142762184143,0.7136001586914062,0.7063798308372498,0.7078142762184143,0,AUDUSD=X,FOREX,yfinance,1d
2022-08-12,0.7102898359298706,0.7129108309745789,0.7086297869682312,0.7102898359298706,0,AUDUSD=X,FOREX,yfinance,1d
2022-08-15,0.7116677761077881,0.7124181985855103,0.7012101411819458,0.7116677761077881,0,AUDUSD=X,FOREX,yfinance,1d
2022-08-16,0.7020002603530884,0.7040998935699463,0.6992200016975403,0.7020002603530884,0,AUDUSD=X,FOREX,yfinance,1d
2022-08-17,0.7019400596618652,0.7025999426841736,0.691210150718689,0.7019400596618652,0,AUDUSD=X,FOREX,yfinance,1d
2022-08-18,0.693040132522583,0.6971070170402527,0.689950168132782,0.693040132522583,0,AUDUSD=X,FOREX,yfinance,1d
2022-08-19,0.691119909286499,0.6919998526573181,0.6859599947929382,0.691119909286499,0,AUDUSD=X,FOREX,yfinance,1d
2022-08-22,0.6877105832099915,0.6923601627349854,0.6863300204277039,0.6877105832099915,0,AUDUSD=X,FOREX,yfinance,1d
2022-08-23,0.6878700256347656,0.6962091326713562,0.6857102513313293,0.6878700256347656,0,AUDUSD=X,FOREX,yfinance,1d
2022-08-24,0.6923002004623413,0.6953716278076172,0.6879798173904419,0.6923002004623413,0,AUDUSD=X,FOREX,yfinance,1d
2022-08-25,0.6907985806465149,0.699300229549408,0.6903097629547119,0.6907985806465149,0,AUDUSD=X,FOREX,yfinance,1d
2022-08-26,0.6963981986045837,0.7005990147590637,0.6915199160575867,0.6963981986045837,0,AUDUSD=X,FOREX,yfinance,1d
2022-08-29,0.6866905689239502,0.6927126049995422,0.6841901540756226,0.6866905689239502,0,AUDUSD=X,FOREX,yfinance,1d
2022-08-30,0.6907508373260498,0.6957973837852478,0.6859900951385498,0.6907508373260498,0,AUDUSD=X,FOREX,yfinance,1d
2022-08-31,0.6857398152351379,0.6904217600822449,0.6843400001525879,0.6857398152351379,0,AUDUSD=X,FOREX,yfinance,1d
2022-09-01,0.6828502416610718,0.684360146522522,0.6771718859672546,0.6828502416610718,0,AUDUSD=X,FOREX,yfinance,1d
2022-09-02,0.6795302033424377,0.6853798031806946,0.6781086325645447,0.6795302033424377,0,AUDUSD=X,FOREX,yfinance,1d
2022-09-05,0.6790295243263245,0.6804109811782837,0.677359938621521,0.6790295243263245,0,AUDUSD=X,FOREX,yfinance,1d
2022-09-06,0.6813998818397522,0.6834999322891235,0.67330002784729,0.6813998818397522,0,AUDUSD=X,FOREX,yfinance,1d
2022-09-07,0.6730109453201294,0.6736302375793457,0.6700077652931213,0.6730109453201294,0,AUDUSD=X,FOREX,yfinance,1d
2022-09-08,0.6751401424407959,0.6763502359390259,0.6713901162147522,0.6751401424407959,0,AUDUSD=X,FOREX,yfinance,1d
2022-09-09,0.6765899658203125,0.6877105832099915,0.6764398813247681,0.6765899658203125,0,AUDUSD=X,FOREX,yfinance,1d
2022-09-12,0.6846998333930969,0.6889201402664185,0.6825379729270935,0.6846998333930969,0,AUDUSD=X,FOREX,yfinance,1d
2022-09-13,0.689398467540741,0.6918002367019653,0.6761901378631592,0.689398467540741,0,AUDUSD=X,FOREX,yfinance,1d
2022-09-14,0.6743001937866211,0.6760182976722717,0.6705802083015442,0.6743001937866211,0,AUDUSD=X,FOREX,yfinance,1d
2022-09-15,0.6751797795295715,0.6769701838493347,0.6706098914146423,0.6751797795295715,0,AUDUSD=X,FOREX,yfinance,1d
2022-09-16,0.6687299013137817,0.6726998686790466,0.6670491099357605,0.6687299013137817,0,AUDUSD=X,FOREX,yfinance,1d
2022-09-19,0.6726998686790466,0.6731105446815491,0.6672894954681396,0.6726998686790466,0,AUDUSD=X,FOREX,yfinance,1d
2022-09-20,0.6733698844909668,0.6747410893440247,0.6685385704040527,0.6733698844909668,0,AUDUSD=X,FOREX,yfinance,1d
2022-09-21,0.6694202423095703,0.6703999042510986,0.6655600666999817,0.6694202423095703,0,AUDUSD=X,FOREX,yfinance,1d
2022-09-22,0.661010205745697,0.6671470403671265,0.6575400233268738,0.661010205745697,0,AUDUSD=X,FOREX,yfinance,1d
2022-09-23,0.66454017162323,0.66554856300354,0.6536998748779297,0.66454017162323,0,AUDUSD=X,FOREX,yfinance,1d
2022-09-26,0.653069794178009,0.6536802053451538,0.6458300352096558,0.653069794178009,0,AUDUSD=X,FOREX,yfinance,1d
2022-09-27,0.6476000547409058,0.6512401103973389,0.6442198753356934,0.6476000547409058,0,AUDUSD=X,FOREX,yfinance,1d
2022-09-28,0.6438001394271851,0.6512494683265686,0.636610209941864,0.6438001394271851,0,AUDUSD=X,FOREX,yfinance,1d
2022-09-29,0.6504995822906494,0.65090012550354,0.6436700224876404,0.6504995822906494,0,AUDUSD=X,FOREX,yfinance,1d
2022-09-30,0.6512998938560486,0.6520498991012573,0.6427974700927734,0.6512998938560486,0,AUDUSD=X,FOREX,yfinance,1d
2022-10-03,0.6420958042144775,0.6516993045806885,0.6412599682807922,0.6420958042144775,0,AUDUSD=X,FOREX,yfinance,1d
2022-10-04,0.6501798629760742,0.6545200943946838,0.6452487111091614,0.6501798629760742,0,AUDUSD=X,FOREX,yfinance,1d
2022-10-05,0.6514102220535278,0.6524600386619568,0.6416997909545898,0.6514102220535278,0,AUDUSD=X,FOREX,yfinance,1d
2022-10-06,0.651269793510437,0.6541001200675964,0.6391614079475403,0.651269793510437,0,AUDUSD=X,FOREX,yfinance,1d
2022-10-07,0.6414409279823303,0.6434000730514526,0.6375001668930054,0.6414409279823303,0,AUDUSD=X,FOREX,yfinance,1d
2022-10-10,0.7361997365951538,0.7365001440048218,0.6276991367340088,0.6369832158088684,0,AUDUSD=X,FOREX,yfinance,1d
2022-10-11,0.6294810771942139,0.6328713297843933,0.6248301267623901,0.6294810771942139,0,AUDUSD=X,FOREX,yfinance,1d
2022-10-12,0.6266409754753113,0.6288999915122986,0.6239704489707947,0.6266409754753113,0,AUDUSD=X,FOREX,yfinance,1d
2022-10-13,0.6277306079864502,0.6298899054527283,0.6176198124885559,0.6277306079864502,0,AUDUSD=X,FOREX,yfinance,1d
2022-10-14,0.630099892616272,0.6346700191497803,0.6215701103210449,0.630099892616272,0,AUDUSD=X,FOREX,yfinance,1d
2022-10-17,0.6223937273025513,0.6310999989509583,0.6211801171302795,0.6223937273025513,0,AUDUSD=X,FOREX,yfinance,1d
2022-10-18,0.6298815608024597,0.6339799165725708,0.6268900632858276,0.6298815608024597,0,AUDUSD=X,FOREX,yfinance,1d
2022-10-19,0.6316401362419128,0.6326999664306641,0.6270811557769775,0.6316401362419128,0,AUDUSD=X,FOREX,yfinance,1d
2022-10-20,0.6263701915740967,0.6354088187217712,0.6229209899902344,0.6263701915740967,0,AUDUSD=X,FOREX,yfinance,1d
2022-10-21,0.6274706721305847,0.6367999315261841,0.6212900876998901,0.6274706721305847,0,AUDUSD=X,FOREX,yfinance,1d
2022-10-24,0.6371902227401733,0.6372308135032654,0.6274510025978088,0.6371902227401733,0,AUDUSD=X,FOREX,yfinance,1d
2022-10-25,0.6329598426818848,0.6410790681838989,0.6304999589920044,0.6329598426818848,0,AUDUSD=X,FOREX,yfinance,1d
2022-10-26,0.6385700106620789,0.6511001586914062,0.6373798847198486,0.6385700106620789,0,AUDUSD=X,FOREX,yfinance,1d
2022-10-27,0.6493498086929321,0.652400016784668,0.6427999138832092,0.6493498086929321,0,AUDUSD=X,FOREX,yfinance,1d
2022-10-28,0.6450905799865723,0.6479999423027039,0.6391614079475403,0.6450905799865723,0,AUDUSD=X,FOREX,yfinance,1d
2022-10-31,0.6401310563087463,0.6430041193962097,0.6369001269340515,0.6401310563087463,0,AUDUSD=X,FOREX,yfinance,1d
2022-11-01,0.6409898996353149,0.6463706493377686,0.6383800506591797,0.6409898996353149,0,AUDUSD=X,FOREX,yfinance,1d
2022-11-02,0.6396700143814087,0.643086850643158,0.6387001276016235,0.6396700143814087,0,AUDUSD=X,FOREX,yfinance,1d
2022-11-03,0.6338501572608948,0.6372401714324951,0.6274510025978088,0.6338501572608948,0,AUDUSD=X,FOREX,yfinance,1d
2022-11-04,0.6288517117500305,0.647538423538208,0.6285908222198486,0.6288517117500305,0,AUDUSD=X,FOREX,yfinance,1d
2022-11-07,0.6439315676689148,0.6488997936248779,0.6407709717750549,0.6439315676689148,0,AUDUSD=X,FOREX,yfinance,1d
2022-11-08,0.6474796533584595,0.6549997925758362,0.6444918513298035,0.6474796533584595,0,AUDUSD=X,FOREX,yfinance,1d
2022-11-09,0.65091872215271,0.6520001888275146,0.643339216709137,0.65091872215271,0,AUDUSD=X,FOREX,yfinance,1d
2022-11-10,0.6434178352355957,0.6596997976303101,0.6388698816299438,0.6434178352355957,0,AUDUSD=X,FOREX,yfinance,1d
2022-11-11,0.6606900691986084,0.6703001260757446,0.6580297946929932,0.6606900691986084,0,AUDUSD=X,FOREX,yfinance,1d
2022-11-14,0.6698821187019348,0.6715916991233826,0.666429877281189,0.6698821187019348,0,AUDUSD=X,FOREX,yfinance,1d
2022-11-15,0.669189989566803,0.6792799830436707,0.6687299013137817,0.669189989566803,0,AUDUSD=X,FOREX,yfinance,1d
2022-11-16,0.6769499778747559,0.6793999671936035,0.673101544380188,0.6769499778747559,0,AUDUSD=X,FOREX,yfinance,1d
2022-11-17,0.6739497780799866,0.6750781536102295,0.6635197997093201,0.6739497780799866,0,AUDUSD=X,FOREX,yfinance,1d
2022-11-18,0.6689200401306152,0.67298823595047,0.6662198305130005,0.6689200401306152,0,AUDUSD=X,FOREX,yfinance,1d
2022-11-21,0.6682080030441284,0.6683687567710876,0.6585801839828491,0.6682080030441284,0,AUDUSD=X,FOREX,yfinance,1d
2022-11-22,0.6607800126075745,0.6650882363319397,0.6605412364006042,0.6607800126075745,0,AUDUSD=X,FOREX,yfinance,1d
2022-11-23,0.66498202085495,0.6722689270973206,0.6634801626205444,0.66498202085495,0,AUDUSD=X,FOREX,yfinance,1d
2022-11-24,0.6743502020835876,0.6778998970985413,0.6732900142669678,0.6743502020835876,0,AUDUSD=X,FOREX,yfinance,1d
2022-11-25,0.6765598058700562,0.6782001256942749,0.6721401214599609,0.6765598058700562,0,AUDUSD=X,FOREX,yfinance,1d
2022-11-28,0.6711905002593994,0.6723999977111816,0.6666297912597656,0.6711905002593994,0,AUDUSD=X,FOREX,yfinance,1d
2022-11-29,0.665198802947998,0.6748599410057068,0.6640899777412415,0.665198802947998,0,AUDUSD=X,FOREX,yfinance,1d
2022-11-30,0.668408989906311,0.6740179657936096,0.6675701141357422,0.668408989906311,0,AUDUSD=X,FOREX,yfinance,1d
2022-12-01,0.6799598932266235,0.6840998530387878,0.6791701912879944,0.6799598932266235,0,AUDUSD=X,FOREX,yfinance,1d
2022-12-02,0.6811015009880066,0.6834896206855774,0.6746900677680969,0.6811015009880066,0,AUDUSD=X,FOREX,yfinance,1d
2022-12-05,0.6813009977340698,0.6850502490997314,0.6709999442100525,0.6813009977340698,0,AUDUSD=X,FOREX,yfinance,1d
2022-12-06,0.6707807779312134,0.6743702292442322,0.6690497994422913,0.6707807779312134,0,AUDUSD=X,FOREX,yfinance,1d
2022-12-07,0.6698821187019348,0.6737000942230225,0.6669499278068542,0.6698821187019348,0,AUDUSD=X,FOREX,yfinance,1d
2022-12-08,0.6726998686790466,0.678104043006897,0.6700401306152344,0.6726998686790466,0,AUDUSD=X,FOREX,yfinance,1d
2022-12-09,0.6776500344276428,0.6815001964569092,0.6750398278236389,0.6776500344276428,0,AUDUSD=X,FOREX,yfinance,1d
2022-12-12,0.6781408190727234,0.6793298125267029,0.6730109453201294,0.6781408190727234,0,AUDUSD=X,FOREX,yfinance,1d
2022-12-13,0.6754000186920166,0.6893000602722168,0.674117922782898,0.6754000186920166,0,AUDUSD=X,FOREX,yfinance,1d
2022-12-14,0.6842299699783325,0.6874600052833557,0.6821999549865723,0.6842299699783325,0,AUDUSD=X,FOREX,yfinance,1d
2022-12-15,0.6857798099517822,0.6870099306106567,0.6698507070541382,0.6857798099517822,0,AUDUSD=X,FOREX,yfinance,1d
2022-12-16,0.6705918908119202,0.6737000942230225,0.667669951915741,0.6705918908119202,0,AUDUSD=X,FOREX,yfinance,1d
2022-12-19,0.6687487363815308,0.6735000014305115,0.6686503291130066,0.6687487363815308,0,AUDUSD=X,FOREX,yfinance,1d
2022-12-20,0.6707807779312134,0.6739898324012756,0.6629998087882996,0.6707807779312134,0,AUDUSD=X,FOREX,yfinance,1d
2022-12-21,0.6688498258590698,0.6727600693702698,0.6657097935676575,0.6688498258590698,0,AUDUSD=X,FOREX,yfinance,1d
2022-12-22,0.6716818809509277,0.6768001914024353,0.6670001149177551,0.6716818809509277,0,AUDUSD=X,FOREX,yfinance,1d
2022-12-23,0.6678001284599304,0.6713212132453918,0.666138231754303,0.6678001284599304,0,AUDUSD=X,FOREX,yfinance,1d
2022-12-26,0.6712490320205688,0.677570104598999,0.6681811809539795,0.6712490320205688,0,AUDUSD=X,FOREX,yfinance,1d
2022-12-27,0.674458920955658,0.6780000925064087,0.6725800037384033,0.674458920955658,0,AUDUSD=X,FOREX,yfinance,1d
2022-12-28,0.6729927659034729,0.6801000237464905,0.6720113754272461,0.6729927659034729,0,AUDUSD=X,FOREX,yfinance,1d
2022-12-29,0.6747100949287415,0.6778998970985413,0.6711301207542419,0.6747100949287415,0,AUDUSD=X,FOREX,yfinance,1d
2022-12-30,0.6766000390052795,0.6808399558067322,0.6756898164749146,0.6766000390052795,0,AUDUSD=X,FOREX,yfinance,1d
2023-01-02,0.6823097467422485,0.6843400001525879,0.6793898344039917,0.6823097467422485,0,AUDUSD=X,FOREX,yfinance,1d
2023-01-03,0.6805600523948669,0.6836204528808594,0.6689186692237854,0.6805600523948669,0,AUDUSD=X,FOREX,yfinance,1d
2023-01-04,0.6727999448776245,0.6891300082206726,0.6725582480430603,0.6727999448776245,0,AUDUSD=X,FOREX,yfinance,1d
2023-01-05,0.6829108595848083,0.6846032738685608,0.6736801266670227,0.6829108595848083,0,AUDUSD=X,FOREX,yfinance,1d
2023-01-06,0.6755697727203369,0.687000036239624,0.6722598671913147,0.6755697727203369,0,AUDUSD=X,FOREX,yfinance,1d
2023-01-09,0.689398467540741,0.6951202750205994,0.6885582208633423,0.689398467540741,0,AUDUSD=X,FOREX,yfinance,1d
2023-01-10,0.6909699440002441,0.692799985408783,0.6860498785972595,0.6909699440002441,0,AUDUSD=X,FOREX,yfinance,1d
2023-01-11,0.6895001530647278,0.692520797252655,0.687450110912323,0.6895001530647278,0,AUDUSD=X,FOREX,yfinance,1d
2023-01-12,0.6910998225212097,0.6981801986694336,0.688869833946228,0.6910998225212097,0,AUDUSD=X,FOREX,yfinance,1d
2023-01-13,0.6967815160751343,0.6993999481201172,0.6916921138763428,0.6967815160751343,0,AUDUSD=X,FOREX,yfinance,1d
2023-01-16,0.6973500847816467,0.7020002603530884,0.6942598223686218,0.6973500847816467,0,AUDUSD=X,FOREX,yfinance,1d
2023-01-17,0.6966398358345032,0.6993398666381836,0.6931304335594177,0.6966398358345032,0,AUDUSD=X,FOREX,yfinance,1d
2023-01-18,0.6988413333892822,0.7059903144836426,0.6974098682403564,0.6988413333892822,0,AUDUSD=X,FOREX,yfinance,1d
2023-01-19,0.6944000720977783,0.6949999928474426,0.6872285604476929,0.6944000720977783,0,AUDUSD=X,FOREX,yfinance,1d
2023-01-20,0.691399872303009,0.6964418292045593,0.6906702518463135,0.691399872303009,0,AUDUSD=X,FOREX,yfinance,1d
2023-01-23,0.6984021067619324,0.703937828540802,0.696290135383606,0.6982703804969788,0,AUDUSD=X,FOREX,yfinance,1d
2023-01-24,0.702928364276886,0.7055997848510742,0.6998199224472046,0.702928364276886,0,AUDUSD=X,FOREX,yfinance,1d
2023-01-25,0.7046719789505005,0.7122101187705994,0.7039180397987366,0.7046719789505005,0,AUDUSD=X,FOREX,yfinance,1d
2023-01-26,0.7108199596405029,0.7140102982521057,0.7081997394561768,0.7108199596405029,0,AUDUSD=X,FOREX,yfinance,1d
2023-01-27,0.7113898396492004,0.7131141424179077,0.7084912657737732,0.7113898396492004,0,AUDUSD=X,FOREX,yfinance,1d
2023-01-30,0.7107977271080017,0.7120985388755798,0.7067197561264038,0.7107977271080017,0,AUDUSD=X,FOREX,yfinance,1d
2023-01-31,0.7058099508285522,0.7063094973564148,0.6985498666763306,0.7058099508285522,0,AUDUSD=X,FOREX,yfinance,1d
2023-02-01,0.7051399946212769,0.7092002630233765,0.7037198543548584,0.7051399946212769,0,AUDUSD=X,FOREX,yfinance,1d
2023-02-02,0.7145000696182251,0.715610146522522,0.7071900963783264,0.7145000696182251,0,AUDUSD=X,FOREX,yfinance,1d
2023-02-03,0.7074687480926514,0.7074001431465149,0.693341851234436,0.7074687480926514,0,AUDUSD=X,FOREX,yfinance,1d
2023-02-06,0.6920798420906067,0.6948787569999695,0.6856598854064941,0.6920798420906067,0,AUDUSD=X,FOREX,yfinance,1d
2023-02-07,0.6887801885604858,0.6950598359107971,0.6887099742889404,0.6887801885604858,0,AUDUSD=X,FOREX,yfinance,1d
2023-02-08,0.6964598298072815,0.6995100975036621,0.6927400231361389,0.6964598298072815,0,AUDUSD=X,FOREX,yfinance,1d
2023-02-09,0.6930001974105835,0.7010607123374939,0.692280113697052,0.6930001974105835,0,AUDUSD=X,FOREX,yfinance,1d
2023-02-10,0.6939384341239929,0.6959900856018066,0.6912283301353455,0.6939384341239929,0,AUDUSD=X,FOREX,yfinance,1d
2023-02-13,0.6913477778434753,0.6967698931694031,0.6891798973083496,0.6913477778434753,0,AUDUSD=X,FOREX,yfinance,1d
2023-02-14,0.6970000863075256,0.702701210975647,0.6923400163650513,0.6970000863075256,0,AUDUSD=X,FOREX,yfinance,1d
2023-02-15,0.6987583041191101,0.6985191702842712,0.68656986951828,0.6987583041191101,0,AUDUSD=X,FOREX,yfinance,1d
2023-02-16,0.690689742565155,0.6935202479362488,0.6846098303794861,0.690689742565155,0,AUDUSD=X,FOREX,yfinance,1d
2023-02-17,0.6862400770187378,0.6873797178268433,0.6812314391136169,0.6862400770187378,0,AUDUSD=X,FOREX,yfinance,1d
2023-02-20,0.686940610408783,0.6922000646591187,0.6863889098167419,0.686940610408783,0,AUDUSD=X,FOREX,yfinance,1d
2023-02-21,0.6909002065658569,0.691811740398407,0.6858800053596497,0.6909002065658569,0,AUDUSD=X,FOREX,yfinance,1d
2023-02-22,0.686190128326416,0.6864218711853027,0.6809002161026001,0.686190128326416,0,AUDUSD=X,FOREX,yfinance,1d
2023-02-23,0.6812916994094849,0.6841700077056885,0.6785199642181396,0.6812916994094849,0,AUDUSD=X,FOREX,yfinance,1d
2023-02-24,0.6810133457183838,0.682593822479248,0.6719698309898376,0.6810133457183838,0,AUDUSD=X,FOREX,yfinance,1d
2023-02-27,0.6735684871673584,0.6743997931480408,0.6698798537254333,0.6735684871673584,0,AUDUSD=X,FOREX,yfinance,1d
2023-02-28,0.6743001937866211,0.6759999394416809,0.6706098914146423,0.6743001937866211,0,AUDUSD=X,FOREX,yfinance,1d
2023-03-01,0.6730788350105286,0.6783984303474426,0.6695901155471802,0.6730788350105286,0,AUDUSD=X,FOREX,yfinance,1d
2023-03-02,0.6759798526763916,0.6765899658203125,0.6708298325538635,0.6759798526763916,0,AUDUSD=X,FOREX,yfinance,1d
2023-03-03,0.6735000014305115,0.6765899658203125,0.67298823595047,0.6735000014305115,0,AUDUSD=X,FOREX,yfinance,1d
2023-03-06,0.6754611730575562,0.677099883556366,0.6717197895050049,0.6754611730575562,0,AUDUSD=X,FOREX,yfinance,1d
2023-03-07,0.6733099818229675,0.6748999953269958,0.6595600843429565,0.6733099818229675,0,AUDUSD=X,FOREX,yfinance,1d
2023-03-08,0.6591001749038696,0.662860095500946,0.6569094061851501,0.6591001749038696,0,AUDUSD=X,FOREX,yfinance,1d
2023-03-09,0.6594000458717346,0.6635083556175232,0.6577476263046265,0.6594000458717346,0,AUDUSD=X,FOREX,yfinance,1d
2023-03-10,0.6591001749038696,0.6638607382774353,0.6566798686981201,0.6591001749038696,0,AUDUSD=X,FOREX,yfinance,1d
2023-03-13,0.6634203791618347,0.6716006398200989,0.6602708697319031,0.6634203791618347,0,AUDUSD=X,FOREX,yfinance,1d
2023-03-14,0.6659198999404907,0.669469952583313,0.6633301377296448,0.6659198999404907,0,AUDUSD=X,FOREX,yfinance,1d
2023-03-15,0.6689097881317139,0.6711859703063965,0.6601200103759766,0.6689097881317139,0,AUDUSD=X,FOREX,yfinance,1d
2023-03-16,0.6618300080299377,0.6665289402008057,0.6615498065948486,0.6618300080299377,0,AUDUSD=X,FOREX,yfinance,1d
2023-03-17,0.6663401126861572,0.6723299026489258,0.6656016707420349,0.6663401126861572,0,AUDUSD=X,FOREX,yfinance,1d
2023-03-20,0.6713212132453918,0.6731998324394226,0.666700005531311,0.6713212132453918,0,AUDUSD=X,FOREX,yfinance,1d
2023-03-21,0.6716899871826172,0.6725501418113708,0.6650399565696716,0.6716899871826172,0,AUDUSD=X,FOREX,yfinance,1d
2023-03-22,0.667789876461029,0.670218825340271,0.6662499904632568,0.667789876461029,0,AUDUSD=X,FOREX,yfinance,1d
2023-03-23,0.6699314713478088,0.6755601763725281,0.6691800951957703,0.6699314713478088,0,AUDUSD=X,FOREX,yfinance,1d
2023-03-24,0.6681597828865051,0.6694999933242798,0.6626290678977966,0.6681597828865051,0,AUDUSD=X,FOREX,yfinance,1d
2023-03-27,0.665530800819397,0.6665200591087341,0.6635101437568665,0.665530800819397,0,AUDUSD=X,FOREX,yfinance,1d
2023-03-28,0.6660095453262329,0.6710959076881409,0.66554856300354,0.6660095453262329,0,AUDUSD=X,FOREX,yfinance,1d
2023-03-29,0.6706907749176025,0.6712900996208191,0.6662198305130005,0.6706907749176025,0,AUDUSD=X,FOREX,yfinance,1d
2023-03-30,0.6682482361793518,0.6717197895050049,0.6662300825119019,0.6682482361793518,0,AUDUSD=X,FOREX,yfinance,1d
2023-03-31,0.6716818809509277,0.6738181710243225,0.6671692728996277,0.6716818809509277,0,AUDUSD=X,FOREX,yfinance,1d
2023-04-03,0.6658897995948792,0.6787999868392944,0.6653891205787659,0.6658897995948792,0,AUDUSD=X,FOREX,yfinance,1d
2023-04-04,0.6788502335548401,0.6793399453163147,0.6722689270973206,0.6788502335548401,0,AUDUSD=X,FOREX,yfinance,1d
2023-04-05,0.6758081316947937,0.6775999665260315,0.6678197383880615,0.6758081316947937,0,AUDUSD=X,FOREX,yfinance,1d
2023-04-06,0.6716683506965637,0.6719481945037842,0.6654112339019775,0.6716683506965637,0,AUDUSD=X,FOREX,yfinance,1d
2023-04-07,0.6676012873649597,0.6692992448806763,0.6644606590270996,0.6676012873649597,0,AUDUSD=X,FOREX,yfinance,1d
2023-04-10,0.6673500537872314,0.6680299043655396,0.662020206451416,0.6673500537872314,0,AUDUSD=X,FOREX,yfinance,1d
2023-04-11,0.6648299694061279,0.6680026650428772,0.6645299792289734,0.6648299694061279,0,AUDUSD=X,FOREX,yfinance,1d
2023-04-12,0.6654002070426941,0.6721798777580261,0.6651501059532166,0.6654002070426941,0,AUDUSD=X,FOREX,yfinance,1d
2023-04-13,0.6699000597000122,0.678104043006897,0.6685801148414612,0.6699000597000122,0,AUDUSD=X,FOREX,yfinance,1d
2023-04-14,0.6783998608589172,0.6793999671936035,0.6697098612785339,0.6783998608589172,0,AUDUSD=X,FOREX,yfinance,1d
2023-04-17,0.6705199480056763,0.6718894839286804,0.6681901216506958,0.6705199480056763,0,AUDUSD=X,FOREX,yfinance,1d
2023-04-18,0.6700401306152344,0.6746408939361572,0.6698013544082642,0.6700401306152344,0,AUDUSD=X,FOREX,yfinance,1d
2023-04-19,0.6735698580741882,0.6741002202033997,0.6691290736198425,0.6735698580741882,0,AUDUSD=X,FOREX,yfinance,1d
2023-04-20,0.6705514192581177,0.6769797801971436,0.6698098182678223,0.6705514192581177,0,AUDUSD=X,FOREX,yfinance,1d
2023-04-21,0.6743178963661194,0.6743001937866211,0.6678599119186401,0.6743178963661194,0,AUDUSD=X,FOREX,yfinance,1d
2023-04-24,0.6693485379219055,0.6697600483894348,0.666700005531311,0.6693485379219055,0,AUDUSD=X,FOREX,yfinance,1d
2023-04-25,0.6703805327415466,0.6706907749176025,0.6625798940658569,0.6703805327415466,0,AUDUSD=X,FOREX,yfinance,1d
2023-04-26,0.663640022277832,0.6640000343322754,0.6595801115036011,0.663640022277832,0,AUDUSD=X,FOREX,yfinance,1d
2023-04-27,0.6608380675315857,0.6635000109672546,0.6596088409423828,0.6608380675315857,0,AUDUSD=X,FOREX,yfinance,1d
2023-04-28,0.6630398035049438,0.6642178893089294,0.6576100587844849,0.6630398035049438,0,AUDUSD=X,FOREX,yfinance,1d
2023-05-01,0.6612401008605957,0.6670998334884644,0.6610700488090515,0.6612401008605957,0,AUDUSD=X,FOREX,yfinance,1d
2023-05-02,0.6622801423072815,0.6718172430992126,0.6620898842811584,0.6622801423072815,0,AUDUSD=X,FOREX,yfinance,1d
2023-05-03,0.6673001646995544,0.6676998138427734,0.6650086045265198,0.6673001646995544,0,AUDUSD=X,FOREX,yfinance,1d
2023-05-04,0.6641517877578735,0.6699399948120117,0.6640798449516296,0.6641517877578735,0,AUDUSD=X,FOREX,yfinance,1d
2023-05-05,0.6696098446846008,0.6750002503395081,0.6695600748062134,0.6696098446846008,0,AUDUSD=X,FOREX,yfinance,1d
2023-05-08,0.6747683882713318,0.6804109811782837,0.6741302013397217,0.6747683882713318,0,AUDUSD=X,FOREX,yfinance,1d
2023-05-09,0.6780994534492493,0.6787999868392944,0.674740195274353,0.6780994534492493,0,AUDUSD=X,FOREX,yfinance,1d
2023-05-10,0.6766906976699829,0.6817701458930969,0.6745089292526245,0.6766906976699829,0,AUDUSD=X,FOREX,yfinance,1d
2023-05-11,0.6781914234161377,0.6797172427177429,0.6689589619636536,0.6781914234161377,0,AUDUSD=X,FOREX,yfinance,1d
2023-05-12,0.669989824295044,0.6707807779312134,0.664310097694397,0.669989824295044,0,AUDUSD=X,FOREX,yfinance,1d
2023-05-15,0.6646903157234192,0.6698821187019348,0.6642500758171082,0.6646903157234192,0,AUDUSD=X,FOREX,yfinance,1d
2023-05-16,0.6703001260757446,0.6710959076881409,0.6653183102607727,0.6703001260757446,0,AUDUSD=X,FOREX,yfinance,1d
2023-05-17,0.6657789945602417,0.6670491099357605,0.6629501581192017,0.6657789945602417,0,AUDUSD=X,FOREX,yfinance,1d
2023-05-18,0.6655617952346802,0.666888952255249,0.6605499386787415,0.6655617952346802,0,AUDUSD=X,FOREX,yfinance,1d
2023-05-19,0.6629980802536011,0.6673001646995544,0.6617901921272278,0.6629980802536011,0,AUDUSD=X,FOREX,yfinance,1d
2023-05-22,0.666100025177002,0.6667377948760986,0.6628301739692688,0.666100025177002,0,AUDUSD=X,FOREX,yfinance,1d
2023-05-23,0.6649687886238098,0.666400134563446,0.6611220240592957,0.6649687886238098,0,AUDUSD=X,FOREX,yfinance,1d
2023-05-24,0.6613581776618958,0.6615200638771057,0.6533385515213013,0.6613581776618958,0,AUDUSD=X,FOREX,yfinance,1d
2023-05-25,0.6545102000236511,0.654600203037262,0.6501316428184509,0.6545102000236511,0,AUDUSD=X,FOREX,yfinance,1d
2023-05-26,0.6498485803604126,0.6544117331504822,0.6492098569869995,0.6498485803604126,0,AUDUSD=X,FOREX,yfinance,1d
2023-05-29,0.6526989340782166,0.6553938984870911,0.6523710489273071,0.6526989340782166,0,AUDUSD=X,FOREX,yfinance,1d
2023-05-30,0.6528502106666565,0.655769944190979,0.6503497958183289,0.6528502106666565,0,AUDUSD=X,FOREX,yfinance,1d
2023-05-31,0.6517800092697144,0.6520180106163025,0.6464499831199646,0.6517800092697144,0,AUDUSD=X,FOREX,yfinance,1d
2023-06-01,0.6506401300430298,0.6578999757766724,0.6486001014709473,0.6506401300430298,0,AUDUSD=X,FOREX,yfinance,1d
2023-06-02,0.657799482345581,0.6637999415397644,0.6575183868408203,0.657799482345581,0,AUDUSD=X,FOREX,yfinance,1d
2023-06-05,0.6599997878074646,0.6634001135826111,0.6580419540405273,0.6599997878074646,0,AUDUSD=X,FOREX,yfinance,1d
2023-06-06,0.6613494157791138,0.6682701110839844,0.6610198020935059,0.6613494157791138,0,AUDUSD=X,FOREX,yfinance,1d
2023-06-07,0.6679089665412903,0.6716999411582947,0.6659297347068787,0.6679089665412903,0,AUDUSD=X,FOREX,yfinance,1d
2023-06-08,0.665860116481781,0.6716999411582947,0.6655400991439819,0.665860116481781,0,AUDUSD=X,FOREX,yfinance,1d
2023-06-09,0.671259880065918,0.6751000285148621,0.66939777135849,0.671259880065918,0,AUDUSD=X,FOREX,yfinance,1d
2023-06-12,0.6744998693466187,0.6775985956192017,0.6732197999954224,0.6744998693466187,0,AUDUSD=X,FOREX,yfinance,1d
2023-06-13,0.6753101944923401,0.6806499361991882,0.673879861831665,0.6753101944923401,0,AUDUSD=X,FOREX,yfinance,1d
2023-06-14,0.6769289374351501,0.683699905872345,0.6764498949050903,0.6769289374351501,0,AUDUSD=X,FOREX,yfinance,1d
2023-06-15,0.6796895265579224,0.6873797178268433,0.6769105792045593,0.6796895265579224,0,AUDUSD=X,FOREX,yfinance,1d
2023-06-16,0.688029944896698,0.6898602247238159,0.6857205629348755,0.688029944896698,0,AUDUSD=X,FOREX,yfinance,1d
2023-06-19,0.6875999569892883,0.6878998875617981,0.6835101842880249,0.6875999569892883,0,AUDUSD=X,FOREX,yfinance,1d
2023-06-20,0.6851379871368408,0.6855000853538513,0.6754798293113708,0.6851379871368408,0,AUDUSD=X,FOREX,yfinance,1d
2023-06-21,0.6788820624351501,0.6799945831298828,0.6744179725646973,0.6788820624351501,0,AUDUSD=X,FOREX,yfinance,1d
2023-06-22,0.6798702478408813,0.6806193590164185,0.6749687790870667,0.6798702478408813,0,AUDUSD=X,FOREX,yfinance,1d
2023-06-23,0.6760699152946472,0.6767099499702454,0.6663601398468018,0.6760699152946472,0,AUDUSD=X,FOREX,yfinance,1d
2023-06-26,0.6680517792701721,0.6694999933242798,0.66684889793396,0.6680517792701721,0,AUDUSD=X,FOREX,yfinance,1d
2023-06-27,0.6674498319625854,0.6720998883247375,0.6671114563941956,0.6674498319625854,0,AUDUSD=X,FOREX,yfinance,1d
2023-06-28,0.668140172958374,0.6687174439430237,0.6598612666130066,0.668140172958374,0,AUDUSD=X,FOREX,yfinance,1d
2023-06-29,0.6600616574287415,0.6641001105308533,0.6596101522445679,0.6600616574287415,0,AUDUSD=X,FOREX,yfinance,1d
2023-06-30,0.6619710922241211,0.6664400696754456,0.6604714393615723,0.6619710922241211,0,AUDUSD=X,FOREX,yfinance,1d
2023-07-03,0.6658321619033813,0.668941080570221,0.6637800931930542,0.6658321619033813,0,AUDUSD=X,FOREX,yfinance,1d
2023-07-04,0.6674097180366516,0.6706997752189636,0.664429783821106,0.6674097180366516,0,AUDUSD=X,FOREX,yfinance,1d
2023-07-05,0.6692701578140259,0.6700997948646545,0.6658298969268799,0.6692701578140259,0,AUDUSD=X,FOREX,yfinance,1d
2023-07-06,0.6656903028488159,0.6688998937606812,0.6600180864334106,0.6656903028488159,0,AUDUSD=X,FOREX,yfinance,1d
2023-07-07,0.6628398895263672,0.6687174439430237,0.6621201038360596,0.6628398895263672,0,AUDUSD=X,FOREX,yfinance,1d
2023-07-10,0.6688382029533386,0.6695398688316345,0.6624578833580017,0.6688382029533386,0,AUDUSD=X,FOREX,yfinance,1d
2023-07-11,0.667900025844574,0.6695098280906677,0.6651191711425781,0.667900025844574,0,AUDUSD=X,FOREX,yfinance,1d
2023-07-12,0.6693798899650574,0.6795098185539246,0.6683799624443054,0.6693798899650574,0,AUDUSD=X,FOREX,yfinance,1d
2023-07-13,0.6792786121368408,0.6896998882293701,0.6786401867866516,0.6792786121368408,0,AUDUSD=X,FOREX,yfinance,1d
2023-07-14,0.6888617873191833,0.6896076202392578,0.6841817498207092,0.6888617873191833,0,AUDUSD=X,FOREX,yfinance,1d
2023-07-17,0.6837793588638306,0.6839945316314697,0.6789101362228394,0.6837793588638306,0,AUDUSD=X,FOREX,yfinance,1d
2023-07-18,0.6810500025749207,0.6836401224136353,0.6789801716804504,0.6810500025749207,0,AUDUSD=X,FOREX,yfinance,1d
2023-07-19,0.6814821362495422,0.6818998456001282,0.6751702427864075,0.6814821362495422,0,AUDUSD=X,FOREX,yfinance,1d
2023-07-20,0.6769999265670776,0.6847392320632935,0.6771699786186218,0.6769999265670776,0,AUDUSD=X,FOREX,yfinance,1d
2023-07-21,0.6778190732002258,0.6787999868392944,0.6723100543022156,0.6778190732002258,0,AUDUSD=X,FOREX,yfinance,1d
2023-07-24,0.6725800037384033,0.6756209135055542,0.6716597676277161,0.6725800037384033,0,AUDUSD=X,FOREX,yfinance,1d
2023-07-25,0.6733009219169617,0.6791171431541443,0.6726500988006592,0.6733009219169617,0,AUDUSD=X,FOREX,yfinance,1d
2023-07-26,0.6787599325180054,0.6791402101516724,0.6731500029563904,0.6787599325180054,0,AUDUSD=X,FOREX,yfinance,1d
2023-07-27,0.6759999394416809,0.6820910573005676,0.6722282767295837,0.6759999394416809,0,AUDUSD=X,FOREX,yfinance,1d
2023-07-28,0.6711859703063965,0.6710999608039856,0.6623802185058594,0.6711859703063965,0,AUDUSD=X,FOREX,yfinance,1d
2023-07-31,0.6660805344581604,0.6738998889923096,0.6659297347068787,0.6660805344581604,0,AUDUSD=X,FOREX,yfinance,1d
2023-08-01,0.6716818809509277,0.6723200082778931,0.660571813583374,0.6716818809509277,0,AUDUSD=X,FOREX,yfinance,1d
2023-08-02,0.6617608070373535,0.6631000638008118,0.6528011560440063,0.6617608070373535,0,AUDUSD=X,FOREX,yfinance,1d
2023-08-03,0.6544999480247498,0.6560999751091003,0.6514899730682373,0.6544999480247498,0,AUDUSD=X,FOREX,yfinance,1d
2023-08-04,0.6561206579208374,0.660881757736206,0.654660165309906,0.6561206579208374,0,AUDUSD=X,FOREX,yfinance,1d
2023-08-07,0.657371461391449,0.6593000888824463,0.6556100249290466,0.657371461391449,0,AUDUSD=X,FOREX,yfinance,1d
2023-08-08,0.6572591066360474,0.6575901508331299,0.6497810482978821,0.6572591066360474,0,AUDUSD=X,FOREX,yfinance,1d
2023-08-09,0.6531601548194885,0.6570599675178528,0.6520987749099731,0.6531601548194885,0,AUDUSD=X,FOREX,yfinance,1d
2023-08-10,0.6536802053451538,0.6611089706420898,0.652890682220459,0.6536802053451538,0,AUDUSD=X,FOREX,yfinance,1d
2023-08-11,0.6512498259544373,0.6533500552177429,0.6487818956375122,0.6512498259544373,0,AUDUSD=X,FOREX,yfinance,1d
2023-08-14,0.6495404839515686,0.6503599286079407,0.6456111073493958,0.6495404839515686,0,AUDUSD=X,FOREX,yfinance,1d
2023-08-15,0.6488400101661682,0.6518904566764832,0.6459301710128784,0.6488400101661682,0,AUDUSD=X,FOREX,yfinance,1d
2023-08-16,0.6457903981208801,0.6479999423027039,0.6428800821304321,0.6457903981208801,0,AUDUSD=X,FOREX,yfinance,1d
2023-08-17,0.6414697170257568,0.6449615359306335,0.6368696093559265,0.6414697170257568,0,AUDUSD=X,FOREX,yfinance,1d
2023-08-18,0.6406888961791992,0.64292973279953,0.6380399465560913,0.6406888961791992,0,AUDUSD=X,FOREX,yfinance,1d
2023-08-21,0.6414697170257568,0.6423019766807556,0.6389204859733582,0.6414697170257568,0,AUDUSD=X,FOREX,yfinance,1d
2023-08-22,0.6414080262184143,0.6459001302719116,0.6404385566711426,0.6414080262184143,0,AUDUSD=X,FOREX,yfinance,1d
2023-08-23,0.6427999138832092,0.6472198367118835,0.6411802172660828,0.6427999138832092,0,AUDUSD=X,FOREX,yfinance,1d
2023-08-24,0.6480587720870972,0.6488997936248779,0.642351508140564,0.6480587720870972,0,AUDUSD=X,FOREX,yfinance,1d
2023-08-25,0.6413956880569458,0.6438279151916504,0.638239860534668,0.6413956880569458,0,AUDUSD=X,FOREX,yfinance,1d
2023-08-28,0.6416714191436768,0.643790602684021,0.6402798295021057,0.6416714191436768,0,AUDUSD=X,FOREX,yfinance,1d
2023-08-29,0.6428180932998657,0.6468999981880188,0.6402101516723633,0.6428180932998657,0,AUDUSD=X,FOREX,yfinance,1d
2023-08-30,0.647659957408905,0.6520605087280273,0.6451700329780579,0.647659957408905,0,AUDUSD=X,FOREX,yfinance,1d
2023-08-31,0.6478782296180725,0.650679886341095,0.6462494730949402,0.6478782296180725,0,AUDUSD=X,FOREX,yfinance,1d
2023-09-01,0.6488408446311951,0.6518394947052002,0.6444100141525269,0.6488408446311951,0,AUDUSD=X,FOREX,yfinance,1d
2023-09-04,0.6452862024307251,0.6479999423027039,0.6450905799865723,0.6452862024307251,0,AUDUSD=X,FOREX,yfinance,1d
2023-09-05,0.6458100080490112,0.6462870836257935,0.6358410716056824,0.6458100080490112,0,AUDUSD=X,FOREX,yfinance,1d
2023-09-06,0.6375396251678467,0.6404500603675842,0.6357998847961426,0.6375396251678467,0,AUDUSD=X,FOREX,yfinance,1d
2023-09-07,0.6383001804351807,0.6394700407981873,0.6362800598144531,0.6383001804351807,0,AUDUSD=X,FOREX,yfinance,1d
2023-09-08,0.6377400159835815,0.6414985060691833,0.6368501782417297,0.6377400159835815,0,AUDUSD=X,FOREX,yfinance,1d
2023-09-11,0.6397993564605713,0.6449000239372253,0.6390103101730347,0.6397993564605713,0,AUDUSD=X,FOREX,yfinance,1d
2023-09-12,0.643200159072876,0.6439999938011169,0.6410708427429199,0.643200159072876,0,AUDUSD=X,FOREX,yfinance,1d
2023-09-13,0.6428180932998657,0.6434178352355957,0.6388000845909119,0.6428180932998657,0,AUDUSD=X,FOREX,yfinance,1d
2023-09-14,0.6421617865562439,0.6457299590110779,0.6420401334762573,0.6421617865562439,0,AUDUSD=X,FOREX,yfinance,1d
2023-09-15,0.6432398557662964,0.6474168300628662,0.6432316303253174,0.6432398557662964,0,AUDUSD=X,FOREX,yfinance,1d
2023-09-18,0.6440501809120178,0.6449998617172241,0.6418299674987793,0.6440501809120178,0,AUDUSD=X,FOREX,yfinance,1d
2023-09-19,0.643960177898407,0.6474997997283936,0.6428499221801758,0.643960177898407,0,AUDUSD=X,FOREX,yfinance,1d
2023-09-20,0.646600067615509,0.6504999995231628,0.6448409557342529,0.646600067615509,0,AUDUSD=X,FOREX,yfinance,1d
2023-09-21,0.6436100006103516,0.6440808773040771,0.6387979984283447,0.6436100006103516,0,AUDUSD=X,FOREX,yfinance,1d
2023-09-22,0.6409598588943481,0.6465001702308655,0.6404508352279663,0.6409598588943481,0,AUDUSD=X,FOREX,yfinance,1d
2023-09-25,0.6440999507904053,0.64470374584198,0.6404898166656494,0.6440999507904053,0,AUDUSD=X,FOREX,yfinance,1d
2023-09-26,0.6422001123428345,0.6430301666259766,0.6388200521469116,0.6422001123428345,0,AUDUSD=X,FOREX,yfinance,1d
2023-09-27,0.6393861770629883,0.6409311294555664,0.6361998915672302,0.6393861770629883,0,AUDUSD=X,FOREX,yfinance,1d
2023-09-28,0.634759783744812,0.6425999999046326,0.6349085569381714,0.634759783744812,0,AUDUSD=X,FOREX,yfinance,1d
2023-09-29,0.6427974700927734,0.6502999067306519,0.6421700119972229,0.6427974700927734,0,AUDUSD=X,FOREX,yfinance,1d
2023-10-02,0.6437202095985413,0.64470374584198,0.6368501782417297,0.6437202095985413,0,AUDUSD=X,FOREX,yfinance,1d
2023-10-03,0.6362699270248413,0.6364999413490295,0.6287501454353333,0.6362699270248413,0,AUDUSD=X,FOREX,yfinance,1d
2023-10-04,0.6308901309967041,0.6343165040016174,0.6287805438041687,0.6308901309967041,0,AUDUSD=X,FOREX,yfinance,1d
2023-10-05,0.6329101920127869,0.637751042842865,0.632559061050415,0.6329101920127869,0,AUDUSD=X,FOREX,yfinance,1d
2023-10-06,0.6371049880981445,0.6394798159599304,0.6314606666564941,0.6371049880981445,0,AUDUSD=X,FOREX,yfinance,1d
2023-10-09,0.6371999979019165,0.6388959884643555,0.6345000863075256,0.6371999979019165,0,AUDUSD=X,FOREX,yfinance,1d
2023-10-10,0.6420900225639343,0.6432998776435852,0.6391798257827759,0.6420900225639343,0,AUDUSD=X,FOREX,yfinance,1d
2023-10-11,0.643347442150116,0.6447000503540039,0.6404799818992615,0.643347442150116,0,AUDUSD=X,FOREX,yfinance,1d
2023-10-12,0.6418097615242004,0.6431000232696533,0.6330800652503967,0.6418097615242004,0,AUDUSD=X,FOREX,yfinance,1d
2023-10-13,0.6316800117492676,0.6333001852035522,0.6286998987197876,0.6316800117492676,0,AUDUSD=X,FOREX,yfinance,1d
2023-10-16,0.6312999725341797,0.6341153979301453,0.6303099393844604,0.6312999725341797,0,AUDUSD=X,FOREX,yfinance,1d
2023-10-17,0.6337798237800598,0.6377997994422913,0.6337601542472839,0.6337798237800598,0,AUDUSD=X,FOREX,yfinance,1d
2023-10-18,0.6362699270248413,0.6392901539802551,0.63347989320755,0.6362699270248413,0,AUDUSD=X,FOREX,yfinance,1d
2023-10-19,0.6332400441169739,0.6337400674819946,0.6297098398208618,0.6332400441169739,0,AUDUSD=X,FOREX,yfinance,1d
2023-10-20,0.6326999664306641,0.6326999664306641,0.6299899220466614,0.6326999664306641,0,AUDUSD=X,FOREX,yfinance,1d
2023-10-23,0.6320393085479736,0.6339948177337646,0.6289798617362976,0.6320393085479736,0,AUDUSD=X,FOREX,yfinance,1d
2023-10-24,0.6336702108383179,0.6378600597381592,0.633620023727417,0.6336702108383179,0,AUDUSD=X,FOREX,yfinance,1d
2023-10-25,0.6360999345779419,0.6399999856948853,0.6322099566459656,0.6360999345779419,0,AUDUSD=X,FOREX,yfinance,1d
2023-10-26,0.6296999454498291,0.6327900886535645,0.6271601915359497,0.6296999454498291,0,AUDUSD=X,FOREX,yfinance,1d
2023-10-27,0.6335999369621277,0.6367800235748291,0.6325898766517639,0.6335999369621277,0,AUDUSD=X,FOREX,yfinance,1d
2023-10-30,0.6338903307914734,0.6384187340736389,0.6337617635726929,0.6338903307914734,0,AUDUSD=X,FOREX,yfinance,1d
2023-10-31,0.637100100517273,0.6376001834869385,0.6315599083900452,0.637100100517273,0,AUDUSD=X,FOREX,yfinance,1d
2023-11-01,0.6339948177337646,0.6393207907676697,0.6319299340248108,0.6339948177337646,0,AUDUSD=X,FOREX,yfinance,1d
2023-11-02,0.642259955406189,0.6456098556518555,0.6414100527763367,0.642259955406189,0,AUDUSD=X,FOREX,yfinance,1d
2023-11-03,0.6427900195121765,0.6509145498275757,0.642099916934967,0.6427900195121765,0,AUDUSD=X,FOREX,yfinance,1d
2023-11-06,0.6516865491867065,0.6525000333786011,0.649399995803833,0.6516865491867065,0,AUDUSD=X,FOREX,yfinance,1d
2023-11-07,0.6489419341087341,0.6503798961639404,0.6405398845672607,0.6489419341087341,0,AUDUSD=X,FOREX,yfinance,1d
2023-11-08,0.6430099010467529,0.6449116468429565,0.6407504677772522,0.6430099010467529,0,AUDUSD=X,FOREX,yfinance,1d
2023-11-09,0.6405698657035828,0.6428015828132629,0.6393302083015442,0.6405698657035828,0,AUDUSD=X,FOREX,yfinance,1d
2023-11-10,0.6361699104309082,0.6367804408073425,0.6339699029922485,0.6361699104309082,0,AUDUSD=X,FOREX,yfinance,1d
2023-11-13,0.6364598870277405,0.6391001343727112,0.6352715492248535,0.6364598870277405,0,AUDUSD=X,FOREX,yfinance,1d
2023-11-14,0.6381002068519592,0.6495999097824097,0.6360700130462646,0.6381002068519592,0,AUDUSD=X,FOREX,yfinance,1d
2023-11-15,0.6499837636947632,0.6535900235176086,0.648429811000824,0.6499837636947632,0,AUDUSD=X,FOREX,yfinance,1d
2023-11-16,0.6511502265930176,0.6516908407211304,0.6461300849914551,0.6511502265930176,0,AUDUSD=X,FOREX,yfinance,1d
2023-11-17,0.6470816731452942,0.6512299180030823,0.6453598737716675,0.6470816731452942,0,AUDUSD=X,FOREX,yfinance,1d
2023-11-20,0.6513597369194031,0.6564001441001892,0.6501612663269043,0.6513597369194031,0,AUDUSD=X,FOREX,yfinance,1d
2023-11-21,0.6564001441001892,0.6589998602867126,0.6557798385620117,0.6564001441001892,0,AUDUSD=X,FOREX,yfinance,1d
2023-11-22,0.6559097170829773,0.6571002006530762,0.6523199677467346,0.6559097170829773,0,AUDUSD=X,FOREX,yfinance,1d
2023-11-23,0.6542789936065674,0.6575053930282593,0.6542498469352722,0.6542789936065674,0,AUDUSD=X,FOREX,yfinance,1d
2023-11-24,0.6560100317001343,0.6591001749038696,0.6550890803337097,0.6560100317001343,0,AUDUSD=X,FOREX,yfinance,1d
2023-11-27,0.658129870891571,0.6613398194313049,0.6567501425743103,0.658129870891571,0,AUDUSD=X,FOREX,yfinance,1d
2023-11-28,0.661250114440918,0.6664889454841614,0.6598308086395264,0.661250114440918,0,AUDUSD=X,FOREX,yfinance,1d
2023-11-29,0.6658999919891357,0.6673598289489746,0.6607114672660828,0.6658999919891357,0,AUDUSD=X,FOREX,yfinance,1d
2023-11-30,0.6619009971618652,0.6653001308441162,0.6572893261909485,0.6619009971618652,0,AUDUSD=X,FOREX,yfinance,1d
2023-12-01,0.6606799960136414,0.6664178371429443,0.6600499153137207,0.6606799960136414,0,AUDUSD=X,FOREX,yfinance,1d
2023-12-04,0.6682884097099304,0.6687710285186768,0.661139965057373,0.6682884097099304,0,AUDUSD=X,FOREX,yfinance,1d
2023-12-05,0.6617100238800049,0.6628099679946899,0.6545097827911377,0.6617100238800049,0,AUDUSD=X,FOREX,yfinance,1d
2023-12-06,0.6554699540138245,0.6599000692367554,0.6555013060569763,0.6554699540138245,0,AUDUSD=X,FOREX,yfinance,1d
2023-12-07,0.6551401019096375,0.6601095795631409,0.6526098847389221,0.6551401019096375,0,AUDUSD=X,FOREX,yfinance,1d
2023-12-08,0.6594479084014893,0.6621201038360596,0.6561998128890991,0.6594479084014893,0,AUDUSD=X,FOREX,yfinance,1d
2023-12-11,0.6579799652099609,0.6582108736038208,0.6550701856613159,0.6579799652099609,0,AUDUSD=X,FOREX,yfinance,1d
2023-12-12,0.6565001010894775,0.6609498858451843,0.6542301774024963,0.6565001010894775,0,AUDUSD=X,FOREX,yfinance,1d
2023-12-13,0.6564600467681885,0.6584999561309814,0.6543800234794617,0.6564600467681885,0,AUDUSD=X,FOREX,yfinance,1d
2023-12-14,0.6665000319480896,0.6727999448776245,0.6663779020309448,0.6665000319480896,0,AUDUSD=X,FOREX,yfinance,1d
2023-12-15,0.6702682375907898,0.6728601455688477,0.6665600538253784,0.6702682375907898,0,AUDUSD=X,FOREX,yfinance,1d
2023-12-18,0.6698910593986511,0.673582136631012,0.6691501140594482,0.6698910593986511,0,AUDUSD=X,FOREX,yfinance,1d
2023-12-19,0.6703715920448303,0.6774599552154541,0.6703900098800659,0.6703715920448303,0,AUDUSD=X,FOREX,yfinance,1d
2023-12-20,0.6762998700141907,0.6778998970985413,0.6749095320701599,0.6762998700141907,0,AUDUSD=X,FOREX,yfinance,1d
2023-12-21,0.6739816665649414,0.6798096895217896,0.6736701726913452,0.6739816665649414,0,AUDUSD=X,FOREX,yfinance,1d
2023-12-22,0.6796802878379822,0.6825999021530151,0.6774200201034546,0.6796802878379822,0,AUDUSD=X,FOREX,yfinance,1d
2023-12-25,0.6808788776397705,0.7092298865318298,0.6779201030731201,0.6808788776397705,0,AUDUSD=X,FOREX,yfinance,1d
2023-12-26,0.6806008219718933,0.6820998787879944,0.6798419952392578,0.6806008219718933,0,AUDUSD=X,FOREX,yfinance,1d
2023-12-27,0.6823800802230835,0.6852130889892578,0.6818598508834839,0.6823800802230835,0,AUDUSD=X,FOREX,yfinance,1d
2023-12-28,0.6854700446128845,0.6871199011802673,0.6825379729270935,0.6854700446128845,0,AUDUSD=X,FOREX,yfinance,1d
2023-12-29,0.6826302409172058,0.6847907900810242,0.6781601309776306,0.6826302409172058,0,AUDUSD=X,FOREX,yfinance,1d
2024-01-01,0.6820491552352905,0.6815001964569092,0.6813845634460449,0.6820491552352905,0,AUDUSD=X,FOREX,yfinance,1d
2024-01-02,0.6810504198074341,0.6840881109237671,0.6763200163841248,0.6810504198074341,0,AUDUSD=X,FOREX,yfinance,1d
2024-01-03,0.6765698194503784,0.6771998405456543,0.6703100204467773,0.6765698194503784,0,AUDUSD=X,FOREX,yfinance,1d
2024-01-04,0.6736002564430237,0.6761000752449036,0.6698399186134338,0.6736002564430237,0,AUDUSD=X,FOREX,yfinance,1d
2024-01-05,0.6706593036651611,0.6746100187301636,0.6642311811447144,0.6706593036651611,0,AUDUSD=X,FOREX,yfinance,1d
2024-01-08,0.6716412901878357,0.673582136631012,0.6678099632263184,0.6716412901878357,0,AUDUSD=X,FOREX,yfinance,1d
2024-01-09,0.6720001101493835,0.6735000014305115,0.667789876461029,0.6720001101493835,0,AUDUSD=X,FOREX,yfinance,1d
2024-01-10,0.6684702038764954,0.6714000701904297,0.6683701276779175,0.6684702038764954,0,AUDUSD=X,FOREX,yfinance,1d
2024-01-11,0.6703999042510986,0.6728116869926453,0.6647397875785828,0.6703999042510986,0,AUDUSD=X,FOREX,yfinance,1d
2024-01-12,0.6698498129844666,0.6728388071060181,0.6679098606109619,0.6698498129844666,0,AUDUSD=X,FOREX,yfinance,1d
2024-01-15,0.6689097881317139,0.6689589619636536,0.6651200652122498,0.6689097881317139,0,AUDUSD=X,FOREX,yfinance,1d
2024-01-16,0.6650399565696716,0.6651001572608948,0.6586799621582031,0.6650399565696716,0,AUDUSD=X,FOREX,yfinance,1d
2024-01-17,0.6588900089263916,0.6594100594520569,0.6528182029724121,0.6588900089263916,0,AUDUSD=X,FOREX,yfinance,1d
2024-01-18,0.6551997661590576,0.6575270891189575,0.6539401412010193,0.6551997661590576,0,AUDUSD=X,FOREX,yfinance,1d
2024-01-19,0.6582845449447632,0.6601601243019104,0.6565501093864441,0.6582845449447632,0,AUDUSD=X,FOREX,yfinance,1d
2024-01-22,0.6595479249954224,0.6614999175071716,0.6581501960754395,0.6595479249954224,0,AUDUSD=X,FOREX,yfinance,1d
2024-01-23,0.6570599675178528,0.6611998677253723,0.6563001871109009,0.6570599675178528,0,AUDUSD=X,FOREX,yfinance,1d
2024-01-24,0.6586300730705261,0.662020206451416,0.6566298604011536,0.6586300730705261,0,AUDUSD=X,FOREX,yfinance,1d
2024-01-25,0.6576697826385498,0.6609599590301514,0.6566699743270874,0.6576697826385498,0,AUDUSD=X,FOREX,yfinance,1d
2024-01-26,0.6585879921913147,0.6609202027320862,0.6577000021934509,0.6585879921913147,0,AUDUSD=X,FOREX,yfinance,1d
2024-01-29,0.6578601002693176,0.6606001853942871,0.6574578285217285,0.6578601002693176,0,AUDUSD=X,FOREX,yfinance,1d
2024-01-30,0.6614194512367249,0.662449061870575,0.6576100587844849,0.6614194512367249,0,AUDUSD=X,FOREX,yfinance,1d
2024-01-31,0.659480094909668,0.6621898412704468,0.6559600830078125,0.659480094909668,0,AUDUSD=X,FOREX,yfinance,1d
2024-02-01,0.656150758266449,0.6578900218009949,0.650959849357605,0.656150758266449,0,AUDUSD=X,FOREX,yfinance,1d
2024-02-02,0.6574898362159729,0.661010205745697,0.6507298350334167,0.6574898362159729,0,AUDUSD=X,FOREX,yfinance,1d
2024-02-05,0.6505080461502075,0.6520180106163025,0.6469895839691162,0.6505080461502075,0,AUDUSD=X,FOREX,yfinance,1d
2024-02-06,0.6480293273925781,0.6520180106163025,0.6480398178100586,0.6480293273925781,0,AUDUSD=X,FOREX,yfinance,1d
2024-02-07,0.6529674530029297,0.6541078090667725,0.6517201066017151,0.6529674530029297,0,AUDUSD=X,FOREX,yfinance,1d
2024-02-08,0.6521880626678467,0.6534000635147095,0.6481499075889587,0.6521880626678467,0,AUDUSD=X,FOREX,yfinance,1d
2024-02-09,0.6497599482536316,0.6532019972801208,0.6487600207328796,0.6497599482536316,0,AUDUSD=X,FOREX,yfinance,1d
2024-02-12,0.6525583267211914,0.6537900567054749,0.6513299942016602,0.6525583267211914,0,AUDUSD=X,FOREX,yfinance,1d
2024-02-13,0.6528898477554321,0.6533398628234863,0.645409882068634,0.6528898477554321,0,AUDUSD=X,FOREX,yfinance,1d
2024-02-14,0.6453399062156677,0.6490998268127441,0.6447120904922485,0.6453399062156677,0,AUDUSD=X,FOREX,yfinance,1d
2024-02-15,0.6498798131942749,0.6529098749160767,0.6478487849235535,0.6498798131942749,0,AUDUSD=X,FOREX,yfinance,1d
2024-02-16,0.6525498628616333,0.6535179018974304,0.6498600244522095,0.6525498628616333,0,AUDUSD=X,FOREX,yfinance,1d
2024-02-19,0.6537400484085083,0.6550998091697693,0.653398334980011,0.6537913680076599,0,AUDUSD=X,FOREX,yfinance,1d
2024-02-20,0.6530783176422119,0.6578099131584167,0.652239978313446,0.6530783176422119,0,AUDUSD=X,FOREX,yfinance,1d
2024-02-21,0.6553500890731812,0.657418966293335,0.6540500521659851,0.6553500890731812,0,AUDUSD=X,FOREX,yfinance,1d
2024-02-22,0.6553199887275696,0.6595301628112793,0.6541099548339844,0.6553199887275696,0,AUDUSD=X,FOREX,yfinance,1d
2024-02-23,0.6559101939201355,0.6583001613616943,0.6551620364189148,0.6559101939201355,0,AUDUSD=X,FOREX,yfinance,1d
2024-02-26,0.6563919186592102,0.6564479470252991,0.653351366519928,0.6565384864807129,0,AUDUSD=X,FOREX,yfinance,1d
2024-02-27,0.6539598107337952,0.6566100120544434,0.6526401042938232,0.6539598107337952,0,AUDUSD=X,FOREX,yfinance,1d
2024-02-28,0.6543898582458496,0.6550998091697693,0.6489999890327454,0.6543898582458496,0,AUDUSD=X,FOREX,yfinance,1d
2024-02-29,0.6494700312614441,0.6530198454856873,0.6487301588058472,0.6494700312614441,0,AUDUSD=X,FOREX,yfinance,1d
2024-03-01,0.6498401165008545,0.6533300280570984,0.6490901708602905,0.6498401165008545,0,AUDUSD=X,FOREX,yfinance,1d
2024-03-04,0.6527883410453796,0.6536998748779297,0.6511001586914062,0.6527883410453796,0,AUDUSD=X,FOREX,yfinance,1d
2024-03-05,0.6507620811462402,0.652103066444397,0.6479411721229553,0.6507620811462402,0,AUDUSD=X,FOREX,yfinance,1d
2024-03-06,0.6503900289535522,0.658059298992157,0.6493101716041565,0.6503900289535522,0,AUDUSD=X,FOREX,yfinance,1d
2024-03-07,0.6566298604011536,0.662510097026825,0.656469464302063,0.6566298604011536,0,AUDUSD=X,FOREX,yfinance,1d
2024-03-08,0.6621301770210266,0.6666600108146667,0.6614601016044617,0.6621301770210266,0,AUDUSD=X,FOREX,yfinance,1d
2024-03-11,0.6624314785003662,0.6629101634025574,0.6597198247909546,0.6624314785003662,0,AUDUSD=X,FOREX,yfinance,1d
2024-03-12,0.6615506410598755,0.663670003414154,0.6585901975631714,0.6615506410598755,0,AUDUSD=X,FOREX,yfinance,1d
2024-03-13,0.6607297658920288,0.6627001762390137,0.6600499153137207,0.6607297658920288,0,AUDUSD=X,FOREX,yfinance,1d
2024-03-14,0.6627599000930786,0.663140058517456,0.6571899652481079,0.6627599000930786,0,AUDUSD=X,FOREX,yfinance,1d
2024-03-15,0.6579297780990601,0.657912015914917,0.6553294658660889,0.6579297780990601,0,AUDUSD=X,FOREX,yfinance,1d
2024-03-18,0.6557978987693787,0.6574997901916504,0.6554712057113647,0.6557978987693787,0,AUDUSD=X,FOREX,yfinance,1d
2024-03-19,0.655750572681427,0.6570500731468201,0.6504399180412292,0.655750572681427,0,AUDUSD=X,FOREX,yfinance,1d
2024-03-20,0.6526401042938232,0.6541934013366699,0.6511900424957275,0.6526401042938232,0,AUDUSD=X,FOREX,yfinance,1d
2024-03-21,0.6597799062728882,0.6634401082992554,0.6562299728393555,0.6597799062728882,0,AUDUSD=X,FOREX,yfinance,1d
2024-03-22,0.657418966293335,0.6578081846237183,0.6511010527610779,0.657418966293335,0,AUDUSD=X,FOREX,yfinance,1d
2024-03-25,0.6515804529190063,0.6547999382019043,0.651088297367096,0.6515804529190063,0,AUDUSD=X,FOREX,yfinance,1d
2024-03-26,0.6538896560668945,0.6560999751091003,0.653190016746521,0.6538896560668945,0,AUDUSD=X,FOREX,yfinance,1d
2024-03-27,0.6538982391357422,0.6538999080657959,0.6512901782989502,0.6538982391357422,0,AUDUSD=X,FOREX,yfinance,1d
2024-03-28,0.6521999835968018,0.6541998386383057,0.6486001014709473,0.6521999835968018,0,AUDUSD=X,FOREX,yfinance,1d
2024-03-29,0.6516780853271484,0.6535400748252869,0.6509302258491516,0.6516780853271484,0,AUDUSD=X,FOREX,yfinance,1d
2024-04-01,0.6533001661300659,0.6539999842643738,0.6481099724769592,0.6533001661300659,0,AUDUSD=X,FOREX,yfinance,1d
2024-04-02,0.6487903594970703,0.6523199677467346,0.6485500931739807,0.6487903594970703,0,AUDUSD=X,FOREX,yfinance,1d
2024-04-03,0.651439905166626,0.6561998128890991,0.6503701210021973,0.651439905166626,0,AUDUSD=X,FOREX,yfinance,1d
2024-04-04,0.6568998694419861,0.6619009971618652,0.656579852104187,0.6568998694419861,0,AUDUSD=X,FOREX,yfinance,1d
2024-04-05,0.6587702035903931,0.6594130992889404,0.6550204157829285,0.6587702035903931,0,AUDUSD=X,FOREX,yfinance,1d
2024-04-08,0.6570215821266174,0.6612007021903992,0.6560298204421997,0.6570215821266174,0,AUDUSD=X,FOREX,yfinance,1d
2024-04-09,0.6604998111724854,0.6643701791763306,0.6599100828170776,0.6604998111724854,0,AUDUSD=X,FOREX,yfinance,1d
2024-04-10,0.662850022315979,0.6634001135826111,0.6506701707839966,0.662850022315979,0,AUDUSD=X,FOREX,yfinance,1d
2024-04-11,0.6507201194763184,0.6552702188491821,0.6502800583839417,0.6507201194763184,0,AUDUSD=X,FOREX,yfinance,1d
2024-04-12,0.6540607213973999,0.6542999744415283,0.6464700698852539,0.6540607213973999,0,AUDUSD=X,FOREX,yfinance,1d
2024-04-15,0.6475803256034851,0.6495193243026733,0.645439863204956,0.6475803256034851,0,AUDUSD=X,FOREX,yfinance,1d
2024-04-16,0.644250214099884,0.6442717909812927,0.6397993564605713,0.644250214099884,0,AUDUSD=X,FOREX,yfinance,1d
2024-04-17,0.6412801146507263,0.6438001394271851,0.6403893232345581,0.6412801146507263,0,AUDUSD=X,FOREX,yfinance,1d
2024-04-18,0.6439813375473022,0.645799994468689,0.6426500082015991,0.6439813375473022,0,AUDUSD=X,FOREX,yfinance,1d
2024-04-19,0.6424699425697327,0.6431798934936523,0.6365599632263184,0.6424699425697327,0,AUDUSD=X,FOREX,yfinance,1d
2024-04-22,0.6425620317459106,0.645490288734436,0.6425099968910217,0.6425991654396057,0,AUDUSD=X,FOREX,yfinance,1d
2024-04-23,0.6452862024307251,0.6490978002548218,0.6441298723220825,0.6452862024307251,0,AUDUSD=X,FOREX,yfinance,1d
2024-04-24,0.6488901376724243,0.6529000401496887,0.648349940776825,0.6488901376724243,0,AUDUSD=X,FOREX,yfinance,1d
2024-04-25,0.6496999263763428,0.6535998582839966,0.6486400961875916,0.6496999263763428,0,AUDUSD=X,FOREX,yfinance,1d
2024-04-26,0.6523199677467346,0.6554798483848572,0.6517999768257141,0.6523199677467346,0,AUDUSD=X,FOREX,yfinance,1d
2024-04-29,0.6541398763656616,0.6587181091308594,0.6536998748779297,0.6541398763656616,0,AUDUSD=X,FOREX,yfinance,1d
2024-04-30,0.6561899185180664,0.6566001176834106,0.6486809253692627,0.6561899185180664,0,AUDUSD=X,FOREX,yfinance,1d
2024-05-01,0.6478001475334167,0.6497299671173096,0.6466398239135742,0.6478001475334167,0,AUDUSD=X,FOREX,yfinance,1d
2024-05-02,0.653190016746521,0.6548101902008057,0.6516597867012024,0.653190016746521,0,AUDUSD=X,FOREX,yfinance,1d
2024-05-03,0.6571398973464966,0.6650899648666382,0.6565001010894775,0.6571398973464966,0,AUDUSD=X,FOREX,yfinance,1d
2024-05-06,0.6609079837799072,0.6637999415397644,0.6605800986289978,0.6609079837799072,0,AUDUSD=X,FOREX,yfinance,1d
2024-05-07,0.6623920202255249,0.6641998291015625,0.6587198972702026,0.6623920202255249,0,AUDUSD=X,FOREX,yfinance,1d
2024-05-08,0.6589199900627136,0.6594130992889404,0.6558598279953003,0.6589199900627136,0,AUDUSD=X,FOREX,yfinance,1d
2024-05-09,0.657680094242096,0.6612098813056946,0.6565901637077332,0.657680094242096,0,AUDUSD=X,FOREX,yfinance,1d
2024-05-10,0.6620998978614807,0.6627098917961121,0.6596802473068237,0.6620998978614807,0,AUDUSD=X,FOREX,yfinance,1d
2024-05-13,0.6601008772850037,0.6630859971046448,0.6586300730705261,0.6601008772850037,0,AUDUSD=X,FOREX,yfinance,1d
2024-05-14,0.6612882018089294,0.6629101634025574,0.6593000888824463,0.6612882018089294,0,AUDUSD=X,FOREX,yfinance,1d
2024-05-15,0.6626027226448059,0.6686699986457825,0.6624200940132141,0.6626027226448059,0,AUDUSD=X,FOREX,yfinance,1d
2024-05-16,0.6701065301895142,0.6714699268341064,0.6654701828956604,0.6701065301895142,0,AUDUSD=X,FOREX,yfinance,1d
2024-05-17,0.6683151721954346,0.6691501140594482,0.6648892164230347,0.6683151721954346,0,AUDUSD=X,FOREX,yfinance,1d
2024-05-20,0.6700705885887146,0.6710959076881409,0.6662797927856445,0.6700705885887146,0,AUDUSD=X,FOREX,yfinance,1d
2024-05-21,0.6672093272209167,0.6679999828338623,0.6647397875785828,0.6672093272209167,0,AUDUSD=X,FOREX,yfinance,1d
2024-05-22,0.6667097806930542,0.668489396572113,0.6633301377296448,0.6667097806930542,0,AUDUSD=X,FOREX,yfinance,1d
2024-05-23,0.6619185209274292,0.665860116481781,0.6615944504737854,0.6619185209274292,0,AUDUSD=X,FOREX,yfinance,1d
2024-05-24,0.6601487994194031,0.66361403465271,0.6593201160430908,0.6601487994194031,0,AUDUSD=X,FOREX,yfinance,1d
2024-05-27,0.6624007821083069,0.6661999225616455,0.6623086333274841,0.6624007821083069,0,AUDUSD=X,FOREX,yfinance,1d
2024-05-28,0.6655617952346802,0.6680026650428772,0.665340006351471,0.6655617952346802,0,AUDUSD=X,FOREX,yfinance,1d
2024-05-29,0.6647999286651611,0.6663001775741577,0.6615301370620728,0.6647999286651611,0,AUDUSD=X,FOREX,yfinance,1d
2024-05-30,0.6613699793815613,0.664893627166748,0.6591202020645142,0.6613699793815613,0,AUDUSD=X,FOREX,yfinance,1d
2024-05-31,0.6630301475524902,0.6676012873649597,0.6627897620201111,0.6630301475524902,0,AUDUSD=X,FOREX,yfinance,1d
2024-06-03,0.6656903028488159,0.6694202423095703,0.6633301377296448,0.6656903028488159,0,AUDUSD=X,FOREX,yfinance,1d
2024-06-04,0.669008195400238,0.6698699593544006,0.6631699800491333,0.669008195400238,0,AUDUSD=X,FOREX,yfinance,1d
2024-06-05,0.6646201014518738,0.6666000485420227,0.6626905202865601,0.6646201014518738,0,AUDUSD=X,FOREX,yfinance,1d
2024-06-06,0.6657789945602417,0.6683402061462402,0.6633899807929993,0.6657789945602417,0,AUDUSD=X,FOREX,yfinance,1d
2024-06-07,0.6669601202011108,0.6681811809539795,0.6581501960754395,0.6669601202011108,0,AUDUSD=X,FOREX,yfinance,1d
2024-06-10,0.6582714915275574,0.6611002087593079,0.6576498746871948,0.6582714915275574,0,AUDUSD=X,FOREX,yfinance,1d
2024-06-11,0.6608948111534119,0.6611002087593079,0.6589099764823914,0.6608948111534119,0,AUDUSD=X,FOREX,yfinance,1d
2024-06-12,0.6607699394226074,0.6701999306678772,0.6597698926925659,0.6607699394226074,0,AUDUSD=X,FOREX,yfinance,1d
2024-06-13,0.6662899851799011,0.667481005191803,0.6632698774337769,0.6662899851799011,0,AUDUSD=X,FOREX,yfinance,1d
2024-06-14,0.6633102893829346,0.6641098260879517,0.659260094165802,0.6633102893829346,0,AUDUSD=X,FOREX,yfinance,1d
2024-06-17,0.6612882018089294,0.6620000004768372,0.6585702300071716,0.6612882018089294,0,AUDUSD=X,FOREX,yfinance,1d
2024-06-18,0.6622077822685242,0.6656504273414612,0.6603201031684875,0.6622077822685242,0,AUDUSD=X,FOREX,yfinance,1d
2024-06-19,0.6661200523376465,0.667900025844574,0.6660299301147461,0.6661200523376465,0,AUDUSD=X,FOREX,yfinance,1d
2024-06-20,0.6675300002098083,0.667900025844574,0.6654511094093323,0.6675300002098083,0,AUDUSD=X,FOREX,yfinance,1d
2024-06-21,0.6660698652267456,0.6670998334884644,0.6632091403007507,0.6660698652267456,0,AUDUSD=X,FOREX,yfinance,1d
2024-06-24,0.6635000109672546,0.6667898297309875,0.6626400351524353,0.6635000109672546,0,AUDUSD=X,FOREX,yfinance,1d
2024-06-25,0.6654599905014038,0.6672400236129761,0.663599967956543,0.6654599905014038,0,AUDUSD=X,FOREX,yfinance,1d
2024-06-26,0.6644800901412964,0.6690999865531921,0.6636598706245422,0.6644800901412964,0,AUDUSD=X,FOREX,yfinance,1d
2024-06-27,0.6644783020019531,0.6673998832702637,0.6640282869338989,0.6644783020019531,0,AUDUSD=X,FOREX,yfinance,1d
2024-06-28,0.6650599241256714,0.6684702038764954,0.6620898842811584,0.6650599241256714,0,AUDUSD=X,FOREX,yfinance,1d
2024-07-01,0.6674007773399353,0.6688068509101868,0.66454017162323,0.6674007773399353,0,AUDUSD=X,FOREX,yfinance,1d
2024-07-02,0.6654599905014038,0.6671301126480103,0.6635000109672546,0.6654599905014038,0,AUDUSD=X,FOREX,yfinance,1d
2024-07-03,0.6668298244476318,0.6733507513999939,0.6665697693824768,0.6668298244476318,0,AUDUSD=X,FOREX,yfinance,1d
2024-07-04,0.6710900068283081,0.67330002784729,0.6711098551750183,0.6710900068283081,0,AUDUSD=X,FOREX,yfinance,1d
2024-07-05,0.6725085377693176,0.6748298406600952,0.6719201803207397,0.6725085377693176,0,AUDUSD=X,FOREX,yfinance,1d
2024-07-08,0.6746591329574585,0.6760868430137634,0.6735398769378662,0.6746591329574585,0,AUDUSD=X,FOREX,yfinance,1d
2024-07-09,0.6743202209472656,0.6748999953269958,0.6724298596382141,0.6743202209472656,0,AUDUSD=X,FOREX,yfinance,1d
2024-07-10,0.6741496920585632,0.6753106117248535,0.6733199954032898,0.6741496920585632,0,AUDUSD=X,FOREX,yfinance,1d
2024-07-11,0.6751797795295715,0.6798604726791382,0.6747592687606812,0.6751797795295715,0,AUDUSD=X,FOREX,yfinance,1d
2024-07-12,0.6768500804901123,0.6793999671936035,0.6754598021507263,0.6768500804901123,0,AUDUSD=X,FOREX,yfinance,1d
2024-07-15,0.6771998405456543,0.6791171431541443,0.6763200163841248,0.6771998405456543,0,AUDUSD=X,FOREX,yfinance,1d
2024-07-16,0.6763300895690918,0.6762605905532837,0.6715397834777832,0.6763300895690918,0,AUDUSD=X,FOREX,yfinance,1d
2024-07-17,0.6731998324394226,0.6756998896598816,0.6724700927734375,0.6731998324394226,0,AUDUSD=X,FOREX,yfinance,1d
2024-07-18,0.6730697751045227,0.6743997931480408,0.6716200709342957,0.6730697751045227,0,AUDUSD=X,FOREX,yfinance,1d
2024-07-19,0.6705500483512878,0.6708001494407654,0.668429970741272,0.6705500483512878,0,AUDUSD=X,FOREX,yfinance,1d
2024-07-22,0.6696308851242065,0.6696129441261292,0.6631897687911987,0.6696308851242065,0,AUDUSD=X,FOREX,yfinance,1d
2024-07-23,0.6640105843544006,0.66454017162323,0.66118985414505,0.6640105843544006,0,AUDUSD=X,FOREX,yfinance,1d
2024-07-24,0.6612094640731812,0.6614194512367249,0.658440113067627,0.6612094640731812,0,AUDUSD=X,FOREX,yfinance,1d
2024-07-25,0.6574798822402954,0.6575918793678284,0.6520001888275146,0.6574798822402954,0,AUDUSD=X,FOREX,yfinance,1d
2024-07-26,0.6542999744415283,0.6571701169013977,0.654029905796051,0.6542999744415283,0,AUDUSD=X,FOREX,yfinance,1d
2024-07-29,0.6554999947547913,0.6569870710372925,0.6524603962898254,0.6554999947547913,0,AUDUSD=X,FOREX,yfinance,1d
2024-07-30,0.6551405787467957,0.6563001871109009,0.6529998183250427,0.6551405787467957,0,AUDUSD=X,FOREX,yfinance,1d
2024-07-31,0.6541501879692078,0.654219925403595,0.648030161857605,0.6541501879692078,0,AUDUSD=X,FOREX,yfinance,1d
2024-08-01,0.6547001004219055,0.6559901833534241,0.6514700651168823,0.6547001004219055,0,AUDUSD=X,FOREX,yfinance,1d
2024-08-02,0.6494898200035095,0.6547600626945496,0.6487700939178467,0.6494898200035095,0,AUDUSD=X,FOREX,yfinance,1d
2024-08-05,0.6497219204902649,0.651088297367096,0.6365493535995483,0.6497219204902649,0,AUDUSD=X,FOREX,yfinance,1d
2024-08-06,0.6515498757362366,0.6539708971977234,0.6475006341934204,0.6515498757362366,0,AUDUSD=X,FOREX,yfinance,1d
2024-08-07,0.6515001654624939,0.6575183868408203,0.6513499617576599,0.6515001654624939,0,AUDUSD=X,FOREX,yfinance,1d
2024-08-08,0.6515973806381226,0.6582000255584717,0.6512791514396667,0.6515973806381226,0,AUDUSD=X,FOREX,yfinance,1d
2024-08-09,0.659200131893158,0.66072016954422,0.6567501425743103,0.659200131893158,0,AUDUSD=X,FOREX,yfinance,1d
2024-08-12,0.6569784283638,0.6605019569396973,0.6570215821266174,0.6569784283638,0,AUDUSD=X,FOREX,yfinance,1d
2024-08-13,0.6585316061973572,0.6616600751876831,0.6579700112342834,0.6585316061973572,0,AUDUSD=X,FOREX,yfinance,1d
2024-08-14,0.6638598442077637,0.6644076704978943,0.6609599590301514,0.6638598442077637,0,AUDUSD=X,FOREX,yfinance,1d
2024-08-15,0.6600006818771362,0.663820207118988,0.6575300693511963,0.6600006818771362,0,AUDUSD=X,FOREX,yfinance,1d
2024-08-16,0.6612488627433777,0.6649201512336731,0.6610901355743408,0.6612488627433777,0,AUDUSD=X,FOREX,yfinance,1d
2024-08-19,0.6672983765602112,0.6723141074180603,0.6673295497894287,0.6672983765602112,0,AUDUSD=X,FOREX,yfinance,1d
2024-08-20,0.6735321879386902,0.6747997999191284,0.6713978052139282,0.6735321879386902,0,AUDUSD=X,FOREX,yfinance,1d
2024-08-21,0.6747274398803711,0.6756998896598816,0.6732900142669678,0.6747274398803711,0,AUDUSD=X,FOREX,yfinance,1d
2024-08-22,0.6749701499938965,0.6754018664360046,0.6700302362442017,0.6749701499938965,0,AUDUSD=X,FOREX,yfinance,1d
2024-08-23,0.6708199381828308,0.6791494488716125,0.6705802083015442,0.6708199381828308,0,AUDUSD=X,FOREX,yfinance,1d
2024-08-26,0.6787806153297424,0.6797001957893372,0.6766998767852783,0.6787806153297424,0,AUDUSD=X,FOREX,yfinance,1d
2024-08-27,0.6772910952568054,0.6792001724243164,0.6762285232543945,0.6772910952568054,0,AUDUSD=X,FOREX,yfinance,1d
2024-08-28,0.6787898540496826,0.6812314391136169,0.677099883556366,0.6787898540496826,0,AUDUSD=X,FOREX,yfinance,1d
2024-08-29,0.6783100962638855,0.6825007200241089,0.6784099340438843,0.6783100962638855,0,AUDUSD=X,FOREX,yfinance,1d
2024-08-30,0.67958003282547,0.6816400289535522,0.6758798360824585,0.67958003282547,0,AUDUSD=X,FOREX,yfinance,1d
2024-09-02,0.6768001914024353,0.6794701218605042,0.6758081316947937,0.6768001914024353,0,AUDUSD=X,FOREX,yfinance,1d
2024-09-03,0.6787299513816833,0.6793999671936035,0.6713197827339172,0.6787299513816833,0,AUDUSD=X,FOREX,yfinance,1d
2024-09-04,0.6714000701904297,0.6748093962669373,0.6687402129173279,0.6714000701904297,0,AUDUSD=X,FOREX,yfinance,1d
2024-09-05,0.6716187596321106,0.674081563949585,0.6714297533035278,0.6716187596321106,0,AUDUSD=X,FOREX,yfinance,1d
2024-09-06,0.6740502119064331,0.6766083240509033,0.6673299670219421,0.6740502119064331,0,AUDUSD=X,FOREX,yfinance,1d
2024-09-09,0.6670802235603333,0.6688963174819946,0.6648096442222595,0.6670802235603333,0,AUDUSD=X,FOREX,yfinance,1d
2024-09-10,0.6657878756523132,0.6676414012908936,0.6641698479652405,0.6657878756523132,0,AUDUSD=X,FOREX,yfinance,1d
2024-09-11,0.6653298139572144,0.6675121784210205,0.6622999310493469,0.6653298139572144,0,AUDUSD=X,FOREX,yfinance,1d
2024-09-12,0.6676998138427734,0.6700001358985901,0.6660898327827454,0.6676998138427734,0,AUDUSD=X,FOREX,yfinance,1d
2024-09-13,0.6726899147033691,0.6733099818229675,0.6692589521408081,0.6726899147033691,0,AUDUSD=X,FOREX,yfinance,1d
2024-09-16,0.6713797450065613,0.674900472164154,0.6706601977348328,0.6713797450065613,0,AUDUSD=X,FOREX,yfinance,1d
2024-09-17,0.6751897931098938,0.6769999265670776,0.674200177192688,0.6751897931098938,0,AUDUSD=X,FOREX,yfinance,1d
2024-09-18,0.6762696504592896,0.6790000200271606,0.6750398278236389,0.6762696504592896,0,AUDUSD=X,FOREX,yfinance,1d
2024-09-19,0.676369845867157,0.6840001344680786,0.6740901470184326,0.676369845867157,0,AUDUSD=X,FOREX,yfinance,1d
2024-09-20,0.6809576749801636,0.6831067800521851,0.678339958190918,0.6809576749801636,0,AUDUSD=X,FOREX,yfinance,1d
2024-09-23,0.6809993982315063,0.6853600740432739,0.6801698207855225,0.6809993982315063,0,AUDUSD=X,FOREX,yfinance,1d
2024-09-24,0.6834102272987366,0.6878000497817993,0.6815517544746399,0.6834102272987366,0,AUDUSD=X,FOREX,yfinance,1d
2024-09-25,0.6905400156974792,0.6908000111579895,0.6834999322891235,0.6905400156974792,0,AUDUSD=X,FOREX,yfinance,1d
2024-09-26,0.6821599006652832,0.6905400156974792,0.6819198727607727,0.6821599006652832,0,AUDUSD=X,FOREX,yfinance,1d
2024-09-27,0.689280092716217,0.693899929523468,0.6868886947631836,0.689280092716217,0,AUDUSD=X,FOREX,yfinance,1d
2024-09-30,0.6918787360191345,0.6941099166870117,0.6914098858833313,0.6918787360191345,0,AUDUSD=X,FOREX,yfinance,1d
2024-10-01,0.6915801763534546,0.6934399008750916,0.6872299909591675,0.6915801763534546,0,AUDUSD=X,FOREX,yfinance,1d
2024-10-02,0.6879992485046387,0.6915901899337769,0.6875597834587097,0.6879992485046387,0,AUDUSD=X,FOREX,yfinance,1d
2024-10-03,0.6887099742889404,0.6888000965118408,0.6830997467041016,0.6887099742889404,0,AUDUSD=X,FOREX,yfinance,1d
2024-10-04,0.6850300431251526,0.6851999759674072,0.6788400411605835,0.6850300431251526,0,AUDUSD=X,FOREX,yfinance,1d
2024-10-07,0.6800592541694641,0.6811988949775696,0.6758898496627808,0.6800592541694641,0,AUDUSD=X,FOREX,yfinance,1d
2024-10-08,0.6755999326705933,0.6770022511482239,0.6718299388885498,0.6755999326705933,0,AUDUSD=X,FOREX,yfinance,1d
2024-10-09,0.6739597916603088,0.6760598421096802,0.6708298325538635,0.6739597916603088,0,AUDUSD=X,FOREX,yfinance,1d
2024-10-10,0.6717401146888733,0.674170196056366,0.6713598966598511,0.6717401146888733,0,AUDUSD=X,FOREX,yfinance,1d
2024-10-11,0.6740997433662415,0.6758798360824585,0.6725198030471802,0.6740997433662415,0,AUDUSD=X,FOREX,yfinance,1d
2024-10-14,0.6731105446815491,0.6745999455451965,0.6702601313591003,0.6731105446815491,0,AUDUSD=X,FOREX,yfinance,1d
2024-10-15,0.6725999116897583,0.6733099818229675,0.6702498197555542,0.6725999116897583,0,AUDUSD=X,FOREX,yfinance,1d
2024-10-16,0.6682080030441284,0.6701065301895142,0.6659700274467468,0.6682080030441284,0,AUDUSD=X,FOREX,yfinance,1d
2024-10-17,0.6664889454841614,0.6710999608039856,0.6664490103721619,0.6664889454841614,0,AUDUSD=X,FOREX,yfinance,1d
2024-10-18,0.6699718832969666,0.6719499826431274,0.669469952583313,0.6699718832969666,0,AUDUSD=X,FOREX,yfinance,1d
2024-10-21,0.6716818809509277,0.6723200082778931,0.6656198501586914,0.6716818809509277,0,AUDUSD=X,FOREX,yfinance,1d
2024-10-22,0.6653094291687012,0.6694600582122803,0.6651589870452881,0.6653094291687012,0,AUDUSD=X,FOREX,yfinance,1d
2024-10-23,0.6685997843742371,0.6693001389503479,0.6628794074058533,0.6685997843742371,0,AUDUSD=X,FOREX,yfinance,1d
2024-10-24,0.663599967956543,0.6661781668663025,0.662330150604248,0.663599967956543,0,AUDUSD=X,FOREX,yfinance,1d
2024-10-25,0.663702130317688,0.6647000312805176,0.6619701981544495,0.663702130317688,0,AUDUSD=X,FOREX,yfinance,1d
2024-10-28,0.6603406071662903,0.6611133217811584,0.6580116152763367,0.6603406071662903,0,AUDUSD=X,FOREX,yfinance,1d
2024-10-29,0.6582671999931335,0.6586000919342041,0.6545899510383606,0.6582671999931335,0,AUDUSD=X,FOREX,yfinance,1d
2024-10-30,0.6563001871109009,0.6595401167869568,0.6537400484085083,0.6563001871109009,0,AUDUSD=X,FOREX,yfinance,1d
2024-10-31,0.6572798490524292,0.6579999327659607,0.6540479063987732,0.6572798490524292,0,AUDUSD=X,FOREX,yfinance,1d
2024-11-01,0.657680094242096,0.6590802073478699,0.6557501554489136,0.657680094242096,0,AUDUSD=X,FOREX,yfinance,1d
2024-11-04,0.6591914296150208,0.6619009971618652,0.6580700874328613,0.6591914296150208,0,AUDUSD=X,FOREX,yfinance,1d
2024-11-05,0.6584101915359497,0.6642999649047852,0.6579999327659607,0.6584101915359497,0,AUDUSD=X,FOREX,yfinance,1d
2024-11-06,0.6641499996185303,0.6642598509788513,0.6515209674835205,0.6641499996185303,0,AUDUSD=X,FOREX,yfinance,1d
2024-11-07,0.6567001342773438,0.6687889695167542,0.6564996838569641,0.6567001342773438,0,AUDUSD=X,FOREX,yfinance,1d
2024-11-08,0.6676815152168274,0.6676998138427734,0.6571002006530762,0.6676815152168274,0,AUDUSD=X,FOREX,yfinance,1d
2024-11-11,0.65845787525177,0.6597998738288879,0.6566289663314819,0.65845787525177,0,AUDUSD=X,FOREX,yfinance,1d
2024-11-12,0.6577605605125427,0.6578999757766724,0.6521497964859009,0.6577605605125427,0,AUDUSD=X,FOREX,yfinance,1d
2024-11-13,0.6529401540756226,0.6543817520141602,0.6481700539588928,0.6529401540756226,0,AUDUSD=X,FOREX,yfinance,1d
2024-11-14,0.6492705345153809,0.6498000621795654,0.6453698873519897,0.6492705345153809,0,AUDUSD=X,FOREX,yfinance,1d
2024-11-15,0.6455498337745667,0.6482498645782471,0.6444000601768494,0.6455498337745667,0,AUDUSD=X,FOREX,yfinance,1d
2024-11-18,0.6463413834571838,0.6498992443084717,0.6448500752449036,0.6463413834571838,0,AUDUSD=X,FOREX,yfinance,1d
2024-11-19,0.650590181350708,0.6526899933815002,0.6483999490737915,0.650590181350708,0,AUDUSD=X,FOREX,yfinance,1d
2024-11-20,0.6541501879692078,0.654600203037262,0.6485100984573364,0.6541501879692078,0,AUDUSD=X,FOREX,yfinance,1d
2024-11-21,0.6513999700546265,0.6534999012947083,0.6499398350715637,0.6513999700546265,0,AUDUSD=X,FOREX,yfinance,1d
2024-11-22,0.6510289311408997,0.6521880626678467,0.6474398374557495,0.6510289311408997,0,AUDUSD=X,FOREX,yfinance,1d
2024-11-25,0.6539880037307739,0.6549302935600281,0.6487692594528198,0.6539880037307739,0,AUDUSD=X,FOREX,yfinance,1d
2024-11-26,0.646379828453064,0.6507099866867065,0.6435200572013855,0.646379828453064,0,AUDUSD=X,FOREX,yfinance,1d
2024-11-27,0.6475173830986023,0.6499398350715637,0.6465799808502197,0.6475173830986023,0,AUDUSD=X,FOREX,yfinance,1d
2024-11-28,0.6497219204902649,0.6509098410606384,0.6478487849235535,0.6497219204902649,0,AUDUSD=X,FOREX,yfinance,1d
2024-11-29,0.6507400274276733,0.6527100205421448,0.6497101187705994,0.6507400274276733,0,AUDUSD=X,FOREX,yfinance,1d
2024-12-02,0.650199294090271,0.651088297367096,0.6443602442741394,0.6502415537834167,0,AUDUSD=X,FOREX,yfinance,1d
2024-12-03,0.6475216150283813,0.6504598259925842,0.6457499861717224,0.6475300192832947,0,AUDUSD=X,FOREX,yfinance,1d
2024-12-04,0.6485298871994019,0.6490135192871094,0.6400901079177856,0.6485504508018494,0,AUDUSD=X,FOREX,yfinance,1d
2024-12-05,0.6431897878646851,0.6452999114990234,0.6422690153121948,0.6432936787605286,0,AUDUSD=X,FOREX,yfinance,1d
2024-12-06,0.6450197696685791,0.6450197696685791,0.6379601955413818,0.6449898481369019,0,AUDUSD=X,FOREX,yfinance,1d
2024-12-09,0.6397011280059814,0.6472001671791077,0.6380806565284729,0.639991819858551,0,AUDUSD=X,FOREX,yfinance,1d
2024-12-10,0.643728494644165,0.6439149975776672,0.636610209941864,0.643790602684021,0,AUDUSD=X,FOREX,yfinance,1d
2024-12-11,0.6375700831413269,0.6389409303665161,0.6337798237800598,0.6376001834869385,0,AUDUSD=X,FOREX,yfinance,1d
2024-12-12,0.6383201479911804,0.642937958240509,0.6368899345397949,0.6383902430534363,0,AUDUSD=X,FOREX,yfinance,1d
2024-12-13,0.6369199752807617,0.6383001804351807,0.6352400779724121,0.6375001668930054,0,AUDUSD=X,FOREX,yfinance,1d
2024-12-16,0.636829137802124,0.6384998559951782,0.6346506476402283,0.6367115378379822,0,AUDUSD=X,FOREX,yfinance,1d
2024-12-17,0.6376798748970032,0.6381002068519592,0.6333098411560059,0.6376400589942932,0,AUDUSD=X,FOREX,yfinance,1d
2024-12-18,0.6338300108909607,0.6340000629425049,0.6300299763679504,0.6341153979301453,0,AUDUSD=X,FOREX,yfinance,1d
2024-12-19,0.6208199262619019,0.6265311241149902,0.6201396584510803,0.6206199526786804,0,AUDUSD=X,FOREX,yfinance,1d
2024-12-20,0.6232999563217163,0.6267313361167908,0.6215399503707886,0.6233997941017151,0,AUDUSD=X,FOREX,yfinance,1d
2024-12-23,0.6254104375839233,0.6266056299209595,0.6219899654388428,0.6252892017364502,0,AUDUSD=X,FOREX,yfinance,1d
2024-12-24,0.6243799328804016,0.6249375343322754,0.6225099563598633,0.6244925856590271,0,AUDUSD=X,FOREX,yfinance,1d
2024-12-25,0.624000072479248,0.6647397875785828,0.6230141520500183,0.6239081621170044,0,AUDUSD=X,FOREX,yfinance,1d
2024-12-26,0.6245998740196228,0.6256002187728882,0.6216299533843994,0.6244574785232544,0,AUDUSD=X,FOREX,yfinance,1d
2024-12-27,0.6223704814910889,0.6226999163627625,0.6201300024986267,0.6223007440567017,0,AUDUSD=X,FOREX,yfinance,1d
2024-12-30,0.6224092245101929,0.6246599555015564,0.6203100681304932,0.6225099563598633,0,AUDUSD=X,FOREX,yfinance,1d
2024-12-31,0.6218600273132324,0.6232082843780518,0.6182200312614441,0.621999979019165,0,AUDUSD=X,FOREX,yfinance,1d
2025-01-02,0.6196001768112183,0.6222702264785767,0.6188808083534241,0.6194201707839966,0,AUDUSD=X,FOREX,yfinance,1d
2025-01-03,0.6201704144477844,0.6225215792655945,0.6198398470878601,0.6200800538063049,0,AUDUSD=X,FOREX,yfinance,1d
2025-01-06,0.6221188306808472,0.6301597952842712,0.6219485998153687,0.6220104694366455,0,AUDUSD=X,FOREX,yfinance,1d
2025-01-07,0.6238498091697693,0.6287501454353333,0.6237898468971252,0.623910129070282,0,AUDUSD=X,FOREX,yfinance,1d
2025-01-08,0.6234608292579651,0.6243000030517578,0.6188199520111084,0.6234919428825378,0,AUDUSD=X,FOREX,yfinance,1d
2025-01-09,0.6212183237075806,0.6213109493255615,0.6172999143600464,0.6211604475975037,0,AUDUSD=X,FOREX,yfinance,1d
2025-01-10,0.6192000508308411,0.6209001541137695,0.6141698956489563,0.6189700961112976,0,AUDUSD=X,FOREX,yfinance,1d
2025-01-13,0.6154186725616455,0.6164000630378723,0.6132298111915588,0.6154982447624207,0,AUDUSD=X,FOREX,yfinance,1d
2025-01-14,0.6190915107727051,0.6206800937652588,0.6168308854103088,0.6192100048065186,0,AUDUSD=X,FOREX,yfinance,1d
2025-01-15,0.6191298961639404,0.6246498227119446,0.6182001829147339,0.619160532951355,0,AUDUSD=X,FOREX,yfinance,1d
2025-01-16,0.6237136125564575,0.6242298483848572,0.6193699240684509,0.6235401034355164,0,AUDUSD=X,FOREX,yfinance,1d
2025-01-17,0.6209714412689209,0.6226498484611511,0.6165000200271606,0.6210300922393799,0,AUDUSD=X,FOREX,yfinance,1d
2025-01-20,0.6198282837867737,0.628550112247467,0.6197199821472168,0.6195403337478638,0,AUDUSD=X,FOREX,yfinance,1d
2025-01-21,0.6281201839447021,0.6288600564002991,0.6211299896240234,0.6281000375747681,0,AUDUSD=X,FOREX,yfinance,1d
2025-01-22,0.6263898015022278,0.6295698881149292,0.6254100203514099,0.6262015104293823,0,AUDUSD=X,FOREX,yfinance,1d
2025-01-23,0.6273682713508606,0.6293800473213196,0.6256002187728882,0.6275002360343933,0,AUDUSD=X,FOREX,yfinance,1d
2025-01-24,0.6283499002456665,0.6333001852035522,0.6279301047325134,0.6283262372016907,0,AUDUSD=X,FOREX,yfinance,1d
2025-01-27,0.6294097900390625,0.6306999325752258,0.627599835395813,0.6292909979820251,0,AUDUSD=X,FOREX,yfinance,1d
2025-01-28,0.6259400844573975,0.6275100111961365,0.6238380670547485,0.6263799667358398,0,AUDUSD=X,FOREX,yfinance,1d
2025-01-29,0.6252501010894775,0.6256999969482422,0.6210987567901611,0.6254573464393616,0,AUDUSD=X,FOREX,yfinance,1d
2025-01-30,0.6239315271377563,0.6245998740196228,0.6215801239013672,0.6239782571792603,0,AUDUSD=X,FOREX,yfinance,1d
2025-01-31,0.6214113235473633,0.6243498921394348,0.6206014752388,0.6215001940727234,0,AUDUSD=X,FOREX,yfinance,1d
2025-02-03,0.6142204403877258,0.6196516752243042,0.6088999509811401,0.614420473575592,0,AUDUSD=X,FOREX,yfinance,1d
2025-02-04,0.6218905448913574,0.6259702444076538,0.6171399354934692,0.6217397451400757,0,AUDUSD=X,FOREX,yfinance,1d
2025-02-05,0.6251484751701355,0.6296515464782715,0.6240499019622803,0.6251093745231628,0,AUDUSD=X,FOREX,yfinance,1d
2025-02-06,0.6286144852638245,0.6287999153137207,0.6255700588226318,0.6285473704338074,0,AUDUSD=X,FOREX,yfinance,1d
2025-02-07,0.6281801462173462,0.630099892616272,0.6259499192237854,0.6281801462173462,0,AUDUSD=X,FOREX,yfinance,1d
2025-02-10,0.6258918642997742,0.6288999915122986,0.6253087520599365,0.6258898973464966,0,AUDUSD=X,FOREX,yfinance,1d
2025-02-11,0.6271361708641052,0.6296800971031189,0.6261101961135864,0.6271283030509949,0,AUDUSD=X,FOREX,yfinance,1d
2025-02-12,0.629750669002533,0.630994439125061,0.6236898303031921,0.629830002784729,0,AUDUSD=X,FOREX,yfinance,1d
2025-02-13,0.6282788515090942,0.6303977966308594,0.6255199909210205,0.6282985806465149,0,AUDUSD=X,FOREX,yfinance,1d
2025-02-14,0.6317598223686218,0.6367399096488953,0.6311816573143005,0.6316919922828674,0,AUDUSD=X,FOREX,yfinance,1d
2025-02-17,0.6356390118598938,0.6377002000808716,0.6354289650917053,0.6356511116027832,0,AUDUSD=X,FOREX,yfinance,1d
2025-02-18,0.6359001398086548,0.6364999413490295,0.6337296366691589,0.6356107592582703,0,AUDUSD=X,FOREX,yfinance,1d
2025-02-19,0.6355000138282776,0.6369998455047607,0.6339100003242493,0.6353119015693665,0,AUDUSD=X,FOREX,yfinance,1d
2025-02-20,0.6341596245765686,0.6396998763084412,0.6329995393753052,0.6341274976730347,0,AUDUSD=X,FOREX,yfinance,1d
2025-02-21,0.6406149864196777,0.6407098174095154,0.6370700597763062,0.6404098868370056,0,AUDUSD=X,FOREX,yfinance,1d
2025-02-24,0.636930525302887,0.6391818523406982,0.6344799399375916,0.6370319724082947,0,AUDUSD=X,FOREX,yfinance,1d
2025-02-25,0.6339988112449646,0.6358087062835693,0.632629930973053,0.6338099837303162,0,AUDUSD=X,FOREX,yfinance,1d
2025-02-26,0.6351989507675171,0.63533616065979,0.6300299763679504,0.6352877020835876,0,AUDUSD=X,FOREX,yfinance,1d
2025-02-27,0.6308988928794861,0.6312999725341797,0.6250601410865784,0.6310780644416809,0,AUDUSD=X,FOREX,yfinance,1d
2025-02-28,0.6232587695121765,0.6238380670547485,0.6207594275474548,0.623219907283783,0,AUDUSD=X,FOREX,yfinance,1d
2025-03-03,0.6220182180404663,0.6251093745231628,0.6209213137626648,0.6220685243606567,0,AUDUSD=X,FOREX,yfinance,1d
2025-03-04,0.6216006278991699,0.6243701577186584,0.6188310384750366,0.6215812563896179,0,AUDUSD=X,FOREX,yfinance,1d
2025-03-05,0.6267784833908081,0.632151186466217,0.6235098242759705,0.6269985437393188,0,AUDUSD=X,FOREX,yfinance,1d
2025-03-06,0.6337497234344482,0.6360598802566528,0.6323590874671936,0.6338099837303162,0,AUDUSD=X,FOREX,yfinance,1d
2025-03-07,0.6331918835639954,0.633899986743927,0.6284399628639221,0.6332280039787292,0,AUDUSD=X,FOREX,yfinance,1d
2025-03-10,0.6302905082702637,0.6331117749214172,0.6301117539405823,0.6303898096084595,0,AUDUSD=X,FOREX,yfinance,1d
2025-03-11,0.6281012296676636,0.6297998428344727,0.6260799765586853,0.6279513835906982,0,AUDUSD=X,FOREX,yfinance,1d
2025-03-12,0.6296515464782715,0.632110059261322,0.6277499198913574,0.6295286417007446,0,AUDUSD=X,FOREX,yfinance,1d
2025-03-13,0.6329193711280823,0.6335999369621277,0.6269698739051819,0.6327592134475708,0,AUDUSD=X,FOREX,yfinance,1d
2025-03-14,0.6286619305610657,0.6328000426292419,0.6278882622718811,0.6287410259246826,0,AUDUSD=X,FOREX,yfinance,1d
2025-03-17,0.6325711011886597,0.6375924348831177,0.6321991682052612,0.6326191425323486,0,AUDUSD=X,FOREX,yfinance,1d
2025-03-18,0.6382395029067993,0.6391981840133667,0.6345100998878479,0.638198733329773,0,AUDUSD=X,FOREX,yfinance,1d
2025-03-19,0.6361606121063232,0.6369021534919739,0.6321899890899658,0.6361202001571655,0,AUDUSD=X,FOREX,yfinance,1d
2025-03-20,0.6363590359687805,0.6363914012908936,0.6272900104522705,0.6364116668701172,0,AUDUSD=X,FOREX,yfinance,1d
2025-03-21,0.630318284034729,0.6306999325752258,0.626049816608429,0.6303898096084595,0,AUDUSD=X,FOREX,yfinance,1d
2025-03-24,0.6288596391677856,0.6305170655250549,0.6272998452186584,0.6288319230079651,0,AUDUSD=X,FOREX,yfinance,1d
2025-03-25,0.6286817193031311,0.6325310468673706,0.6279099583625793,0.6285908222198486,0,AUDUSD=X,FOREX,yfinance,1d
2025-03-26,0.6307998299598694,0.63319993019104,0.6283380389213562,0.6309000849723816,0,AUDUSD=X,FOREX,yfinance,1d
2025-03-27,0.6286698579788208,0.6321000456809998,0.6286698579788208,0.6287015080451965,0,AUDUSD=X,FOREX,yfinance,1d
2025-03-28,0.630099892616272,0.6311800479888916,0.6281201839447021,0.6301594376564026,0,AUDUSD=X,FOREX,yfinance,1d
2025-03-31,0.6282511949539185,0.6300402879714966,0.6219199299812317,0.6282907128334045,0,AUDUSD=X,FOREX,yfinance,1d
2025-04-01,0.6240405440330505,0.6282393336296082,0.6232599020004272,0.6241885423660278,0,AUDUSD=X,FOREX,yfinance,1d
2025-04-02,0.628871500492096,0.6317119598388672,0.6273497939109802,0.6289584636688232,0,AUDUSD=X,FOREX,yfinance,1d
2025-04-03,0.6264094114303589,0.6386797428131104,0.6257798671722412,0.6264698505401611,0,AUDUSD=X,FOREX,yfinance,1d
2025-04-04,0.6326391100883484,0.6331518292427063,0.6014784574508667,0.6323510408401489,0,AUDUSD=X,FOREX,yfinance,1d
2025-04-07,0.5997001528739929,0.6114099025726318,0.5959084630012512,0.5987701416015625,0,AUDUSD=X,FOREX,yfinance,1d
2025-04-08,0.5992617011070251,0.6084401607513428,0.5983298420906067,0.5997613072395325,0,AUDUSD=X,FOREX,yfinance,1d
2025-04-09,0.5955000519752502,0.6058601140975952,0.5923082828521729,0.595528781414032,0,AUDUSD=X,FOREX,yfinance,1d
2025-04-10,0.613700270652771,0.6248399019241333,0.6118700504302979,0.6133614778518677,0,AUDUSD=X,FOREX,yfinance,1d
2025-04-11,0.6224712133407593,0.6284881234169006,0.6182101368904114,0.6223394870758057,0,AUDUSD=X,FOREX,yfinance,1d
2025-04-14,0.6306001543998718,0.6345000863075256,0.6277901530265808,0.6301316618919373,0,AUDUSD=X,FOREX,yfinance,1d
2025-04-15,0.631931483745575,0.638239860534668,0.631931483745575,0.631991446018219,0,AUDUSD=X,FOREX,yfinance,1d
2025-04-16,0.633899986743927,0.6390715837478638,0.63319993019104,0.6337898373603821,0,AUDUSD=X,FOREX,yfinance,1d
2025-04-17,0.636971116065979,0.6390899419784546,0.6334301829338074,0.6372998952865601,0,AUDUSD=X,FOREX,yfinance,1d
2025-04-22,0.6421411633491516,0.6440999507904053,0.6378498673439026,0.6421988606452942,0,AUDUSD=X,FOREX,yfinance,1d
2025-04-23,0.637738823890686,0.6428883671760559,0.6372698545455933,0.6376200914382935,0,AUDUSD=X,FOREX,yfinance,1d
2025-04-24,0.6363387703895569,0.6405998468399048,0.6345000863075256,0.6365291476249695,0,AUDUSD=X,FOREX,yfinance,1d
2025-04-25,0.6401679515838623,0.6418197154998779,0.6375200748443604,0.6403483152389526,0,AUDUSD=X,FOREX,yfinance,1d
2025-04-28,0.6382313370704651,0.6429793238639832,0.6368798017501831,0.63840651512146,0,AUDUSD=X,FOREX,yfinance,1d
2025-04-29,0.6428305506706238,0.6448800563812256,0.6376599669456482,0.6428800821304321,0,AUDUSD=X,FOREX,yfinance,1d
2025-04-30,0.6388959884643555,0.641889750957489,0.6357400417327881,0.6386919617652893,0,AUDUSD=X,FOREX,yfinance,1d
2025-05-01,0.6411818265914917,0.6426280736923218,0.6368201971054077,0.6413093209266663,0,AUDUSD=X,FOREX,yfinance,1d
2025-05-02,0.6385899782180786,0.6469799280166626,0.6383617520332336,0.6386797428131104,0,AUDUSD=X,FOREX,yfinance,1d
2025-05-05,0.6444586515426636,0.649399995803833,0.6435420513153076,0.644558310508728,0,AUDUSD=X,FOREX,yfinance,1d
2025-05-06,0.6461400985717773,0.6488500833511353,0.6438698172569275,0.6461409330368042,0,AUDUSD=X,FOREX,yfinance,1d
2025-05-07,0.6505199074745178,0.6510700583457947,0.6457099318504333,0.6506688594818115,0,AUDUSD=X,FOREX,yfinance,1d
2025-05-08,0.6431199312210083,0.6465210318565369,0.6403688788414001,0.6434799432754517,0,AUDUSD=X,FOREX,yfinance,1d
2025-05-09,0.6394597887992859,0.6430413126945496,0.6372998952865601,0.6392595171928406,0,AUDUSD=X,FOREX,yfinance,1d
2025-05-12,0.6419680118560791,0.6450406312942505,0.6365401148796082,0.642091691493988,0,AUDUSD=X,FOREX,yfinance,1d
2025-05-13,0.6373080015182495,0.6473706960678101,0.636241614818573,0.6371780633926392,0,AUDUSD=X,FOREX,yfinance,1d
2025-05-14,0.6473706960678101,0.6500999331474304,0.6438499093055725,0.6472617387771606,0,AUDUSD=X,FOREX,yfinance,1d
2025-05-15,0.6427602767944336,0.6454998850822449,0.6391818523406982,0.6428800821304321,0,AUDUSD=X,FOREX,yfinance,1d
2025-05-16,0.6404385566711426,0.6438001394271851,0.638879656791687,0.640578031539917,0,AUDUSD=X,FOREX,yfinance,1d
2025-05-19,0.6411998867988586,0.6464700698852539,0.6398898363113403,0.6410001516342163,0,AUDUSD=X,FOREX,yfinance,1d
2025-05-20,0.645599901676178,0.645599901676178,0.6392512917518616,0.6455819606781006,0,AUDUSD=X,FOREX,yfinance,1d
2025-05-21,0.642611563205719,0.6466506719589233,0.6423498392105103,0.6425999999046326,0,AUDUSD=X,FOREX,yfinance,1d
2025-05-22,0.6433309316635132,0.6458100080490112,0.6408100128173828,0.6433101892471313,0,AUDUSD=X,FOREX,yfinance,1d
2025-05-23,0.6410215497016907,0.6479101181030273,0.6409311294555664,0.6409804821014404,0,AUDUSD=X,FOREX,yfinance,1d
2025-05-26,0.6502500176429749,0.6537613868713379,0.6494518518447876,0.6501189470291138,0,AUDUSD=X,FOREX,yfinance,1d
2025-05-27,0.6480587720870972,0.6496999263763428,0.6435200572013855,0.6481007933616638,0,AUDUSD=X,FOREX,yfinance,1d
2025-05-28,0.6448201537132263,0.645599901676178,0.6410790681838989,0.6447120904922485,0,AUDUSD=X,FOREX,yfinance,1d
2025-05-29,0.6421782970428467,0.6461000442504883,0.6409299373626709,0.6425207257270813,0,AUDUSD=X,FOREX,yfinance,1d
2025-05-30,0.6444793939590454,0.6452487111091614,0.6408100128173828,0.6445998549461365,0,AUDUSD=X,FOREX,yfinance,1d
2025-06-02,0.644321620464325,0.6500297784805298,0.644321620464325,0.644321620464325,0,AUDUSD=X,FOREX,yfinance,1d
2025-06-03,0.6498992443084717,0.6499288082122803,0.6449299454689026,0.6498401165008545,0,AUDUSD=X,FOREX,yfinance,1d
2025-06-04,0.646508514881134,0.6504064798355103,0.6451700329780579,0.646608829498291,0,AUDUSD=X,FOREX,yfinance,1d
2025-06-05,0.649000883102417,0.6538999080657959,0.6486501693725586,0.6490682363510132,0,AUDUSD=X,FOREX,yfinance,1d
2025-06-06,0.6511306762695312,0.6518055200576782,0.6480200886726379,0.6510501503944397,0,AUDUSD=X,FOREX,yfinance,1d
2025-06-09,0.6499499678611755,0.6534299254417419,0.6494801044464111,0.6500217914581299,0,AUDUSD=X,FOREX,yfinance,1d
2025-06-10,0.6516500115394592,0.6532958745956421,0.6490998268127441,0.6518101692199707,0,AUDUSD=X,FOREX,yfinance,1d
2025-06-11,0.6528992056846619,0.6545102000236511,0.6498992443084717,0.6527202129364014,0,AUDUSD=X,FOREX,yfinance,1d
2025-06-12,0.65093994140625,0.6532899141311646,0.6477598547935486,0.6509501338005066,0,AUDUSD=X,FOREX,yfinance,1d
2025-06-13,0.6527500152587891,0.6527500152587891,0.645999014377594,0.6527999043464661,0,AUDUSD=X,FOREX,yfinance,1d
2025-06-16,0.6491188406944275,0.6554798483848572,0.6467301249504089,0.6499997973442078,0,AUDUSD=X,FOREX,yfinance,1d
2025-06-17,0.6512202024459839,0.6543988585472107,0.6503100991249084,0.6511001586914062,0,AUDUSD=X,FOREX,yfinance,1d
2025-06-18,0.6481200456619263,0.652400016784668,0.6478798985481262,0.6479797959327698,0,AUDUSD=X,FOREX,yfinance,1d
2025-06-19,0.6507502198219299,0.6510840654373169,0.6447299718856812,0.6507408618927002,0,AUDUSD=X,FOREX,yfinance,1d
2025-06-20,0.6486388444900513,0.6496037244796753,0.6452487111091614,0.6488786935806274,0,AUDUSD=X,FOREX,yfinance,1d
2025-06-23,0.6447203755378723,0.6447203755378723,0.6373498439788818,0.6446704864501953,0,AUDUSD=X,FOREX,yfinance,1d
2025-06-24,0.6480041146278381,0.6518309712409973,0.6472098231315613,0.6477800011634827,0,AUDUSD=X,FOREX,yfinance,1d
2025-06-25,0.6495100855827332,0.6510001420974731,0.6485698223114014,0.6495999097824097,0,AUDUSD=X,FOREX,yfinance,1d
2025-06-26,0.6520698666572571,0.6558998227119446,0.6511200666427612,0.6523114442825317,0,AUDUSD=X,FOREX,yfinance,1d
2025-06-27,0.6548101902008057,0.6563001871109009,0.65237957239151,0.654630184173584,0,AUDUSD=X,FOREX,yfinance,1d
2025-06-30,0.6533812284469604,0.6572288274765015,0.652400016784668,0.6533215045928955,0,AUDUSD=X,FOREX,yfinance,1d
2025-07-01,0.6576697826385498,0.6592826843261719,0.6557299494743347,0.6578081846237183,0,AUDUSD=X,FOREX,yfinance,1d
2025-07-02,0.6579899787902832,0.6585012674331665,0.6545016765594482,0.6583105325698853,0,AUDUSD=X,FOREX,yfinance,1d
2025-07-03,0.6583278179168701,0.6586999297142029,0.6538199782371521,0.6582901477813721,0,AUDUSD=X,FOREX,yfinance,1d
2025-07-04,0.6576598286628723,0.6579999327659607,0.654630184173584,0.6577298641204834,0,AUDUSD=X,FOREX,yfinance,1d
2025-07-07,0.6549302935600281,0.6552607417106628,0.6486800909042358,0.6551792025566101,0,AUDUSD=X,FOREX,yfinance,1d
2025-07-08,0.6507704854011536,0.6550289988517761,0.6507201194763184,0.6506096124649048,0,AUDUSD=X,FOREX,yfinance,1d
2025-07-09,0.6523880958557129,0.654741644859314,0.6511391401290894,0.6524518728256226,0,AUDUSD=X,FOREX,yfinance,1d
2025-07-10,0.6536118388175964,0.6572893261909485,0.653488039970398,0.6535905003547668,0,AUDUSD=X,FOREX,yfinance,1d
2025-07-11,0.6593696475028992,0.6593783497810364,0.6557807326316833,0.6594000458717346,0,AUDUSD=X,FOREX,yfinance,1d
2025-07-14,0.6578384637832642,0.6588999629020691,0.6548900008201599,0.6578081846237183,0,AUDUSD=X,FOREX,yfinance,1d
2025-07-15,0.6544117331504822,0.6574795246124268,0.65093994140625,0.6544716358184814,0,AUDUSD=X,FOREX,yfinance,1d
2025-07-16,0.6521497964859009,0.6551401019096375,0.6495910882949829,0.651898980140686,0,AUDUSD=X,FOREX,yfinance,1d
2025-07-17,0.6523412466049194,0.6523412466049194,0.6455903053283691,0.6525000333786011,0,AUDUSD=X,FOREX,yfinance,1d
2025-07-18,0.6498485803604126,0.6540693044662476,0.6497092843055725,0.649819016456604,0,AUDUSD=X,FOREX,yfinance,1d
2025-07-21,0.6512494683265686,0.6538297533988953,0.6498600244522095,0.6512112617492676,0,AUDUSD=X,FOREX,yfinance,1d
2025-07-22,0.6528011560440063,0.6555700302124023,0.6504801511764526,0.6528096795082092,0,AUDUSD=X,FOREX,yfinance,1d
2025-07-23,0.6554282307624817,0.6600616574287415,0.6551019549369812,0.6554712057113647,0,AUDUSD=X,FOREX,yfinance,1d
2025-07-24,0.660300076007843,0.6625149250030518,0.6597219705581665,0.6603999137878418,0,AUDUSD=X,FOREX,yfinance,1d
2025-07-25,0.6595609784126282,0.6599000692367554,0.6553298830986023,0.6597176194190979,0,AUDUSD=X,FOREX,yfinance,1d
2025-07-28,0.6572893261909485,0.6586999297142029,0.6516301035881042,0.6572980284690857,0,AUDUSD=X,FOREX,yfinance,1d
2025-07-29,0.6520605087280273,0.6529998183250427,0.6496400237083435,0.6524008512496948,0,AUDUSD=X,FOREX,yfinance,1d
2025-07-30,0.6515209674835205,0.6529098749160767,0.6449199318885803,0.651321530342102,0,AUDUSD=X,FOREX,yfinance,1d
2025-07-31,0.6445707678794861,0.647731363773346,0.6428598165512085,0.6447120904922485,0,AUDUSD=X,FOREX,yfinance,1d
2025-08-01,0.6428201794624329,0.6493000388145447,0.6419498920440674,0.6429089903831482,0,AUDUSD=X,FOREX,yfinance,1d
2025-08-04,0.6470105051994324,0.6489999890327454,0.646320104598999,0.6469100117683411,0,AUDUSD=X,FOREX,yfinance,1d
2025-08-05,0.6475006341934204,0.6479285359382629,0.6450901031494141,0.6474796533584595,0,AUDUSD=X,FOREX,yfinance,1d
2025-08-06,0.6472408175468445,0.6508086323738098,0.6472001671791077,0.6472994685173035,0,AUDUSD=X,FOREX,yfinance,1d
2025-08-07,0.649971067905426,0.653949499130249,0.649241030216217,0.6500217914581299,0,AUDUSD=X,FOREX,yfinance,1d
2025-08-08,0.6525583267211914,0.6535998582839966,0.6512197256088257,0.6525711417198181,0,AUDUSD=X,FOREX,yfinance,1d
2025-08-11,0.6516993045806885,0.653082549571991,0.6501781344413757,0.6517715454101562,0,AUDUSD=X,FOREX,yfinance,1d
2025-08-12,0.6514700651168823,0.6540179252624512,0.6482200622558594,0.6514403223991394,0,AUDUSD=X,FOREX,yfinance,1d
2025-08-13,0.6530399322509766,0.6565126180648804,0.6517099142074585,0.6529802083969116,0,AUDUSD=X,FOREX,yfinance,1d
2025-08-14,0.655131995677948,0.6567898392677307,0.6486300230026245,0.6551706194877625,0,AUDUSD=X,FOREX,yfinance,1d
2025-08-15,0.6498317122459412,0.6523000001907349,0.6488198041915894,0.6497514843940735,0,AUDUSD=X,FOREX,yfinance,1d
2025-08-18,0.6512578725814819,0.6525000333786011,0.6482200622558594,0.651296079158783,0,AUDUSD=X,FOREX,yfinance,1d
2025-08-19,0.6495488882064819,0.6499997973442078,0.6458901166915894,0.6494801044464111,0,AUDUSD=X,FOREX,yfinance,1d
2025-08-20,0.6454598307609558,0.6454998850822449,0.6424299478530884,0.6454598307609558,0,AUDUSD=X,FOREX,yfinance,1d
2025-08-21,0.643569827079773,0.6438001394271851,0.6415001749992371,0.6436100006103516,0,AUDUSD=X,FOREX,yfinance,1d
2025-08-22,0.6426098942756653,0.6500099897384644,0.6415598392486572,0.6425496339797974,0,AUDUSD=X,FOREX,yfinance,1d
2025-08-25,0.6485900282859802,0.6507027745246887,0.6472198367118835,0.6484898924827576,0,AUDUSD=X,FOREX,yfinance,1d
2025-08-26,0.6481805443763733,0.6498700976371765,0.6471486687660217,0.6481099724769592,0,AUDUSD=X,FOREX,yfinance,1d
2025-08-27,0.6495898365974426,0.6503896117210388,0.6462900042533875,0.6495801210403442,0,AUDUSD=X,FOREX,yfinance,1d
2025-08-28,0.6512401103973389,0.6533902287483215,0.6506498456001282,0.6511399745941162,0,AUDUSD=X,FOREX,yfinance,1d
2025-08-29,0.6531299352645874,0.6548501253128052,0.6524301767349243,0.6532399654388428,0,AUDUSD=X,FOREX,yfinance,1d
2025-09-01,0.6544001698493958,0.6560999751091003,0.6535601615905762,0.6543598771095276,0,AUDUSD=X,FOREX,yfinance,1d
2025-09-02,0.6557501554489136,0.6558800339698792,0.6484701633453369,0.6556801199913025,0,AUDUSD=X,FOREX,yfinance,1d
2025-09-03,0.6519299745559692,0.6550500392913818,0.6503299474716187,0.6518301367759705,0,AUDUSD=X,FOREX,yfinance,1d
2025-09-04,0.6545500755310059,0.655007541179657,0.6502200365066528,0.6544399857521057,0,AUDUSD=X,FOREX,yfinance,1d
2025-09-05,0.6522302031517029,0.6588999629020691,0.6520698666572571,0.6521999835968018,0,AUDUSD=X,FOREX,yfinance,1d
2025-09-08,0.6553698182106018,0.6598700284957886,0.654910147190094,0.655450165271759,0,AUDUSD=X,FOREX,yfinance,1d
2025-09-09,0.6597998738288879,0.6621999144554138,0.6585901975631714,0.6598090529441833,0,AUDUSD=X,FOREX,yfinance,1d
2025-09-10,0.6585879921913147,0.663702130317688,0.6580800414085388,0.6584700345993042,0,AUDUSD=X,FOREX,yfinance,1d
2025-09-11,0.6618400812149048,0.665860116481781,0.659991979598999,0.6619316339492798,0,AUDUSD=X,FOREX,yfinance,1d
2025-09-12,0.6665600538253784,0.6668698787689209,0.6631599068641663,0.6668000221252441,0,AUDUSD=X,FOREX,yfinance,1d
2025-09-15,0.665029764175415,0.6671701669692993,0.6645299792289734,0.6648998260498047,0,AUDUSD=X,FOREX,yfinance,1d
2025-09-16,0.6672801375389099,0.6677698493003845,0.6660498976707458,0.6673001646995544,0,AUDUSD=X,FOREX,yfinance,1d
2025-09-17,0.6688900589942932,0.6692096590995789,0.6664600372314453,0.6688998937606812,0,AUDUSD=X,FOREX,yfinance,1d
2025-09-18,0.6651598811149597,0.6659784913063049,0.6608598828315735,0.6652501225471497,0,AUDUSD=X,FOREX,yfinance,1d
2025-09-19,0.6617801189422607,0.6620998978614807,0.6586899161338806,0.6617901921272278,0,AUDUSD=X,FOREX,yfinance,1d
2025-09-22,0.6588600277900696,0.6599997878074646,0.6575698256492615,0.6589308381080627,0,AUDUSD=X,FOREX,yfinance,1d
2025-09-23,0.6601701378822327,0.6614898443222046,0.6581601500511169,0.660199761390686,0,AUDUSD=X,FOREX,yfinance,1d
2025-09-24,0.6599701642990112,0.6627001762390137,0.6584700345993042,0.6597799062728882,0,AUDUSD=X,FOREX,yfinance,1d
2025-09-25,0.6587198972702026,0.6604147553443909,0.6543701887130737,0.6586921215057373,0,AUDUSD=X,FOREX,yfinance,1d
2025-09-26,0.6536998748779297,0.6548501253128052,0.6521497964859009,0.6537314653396606,0,AUDUSD=X,FOREX,yfinance,1d
2025-09-29,0.6550998091697693,0.6581112146377563,0.6548599600791931,0.6553998589515686,0,AUDUSD=X,FOREX,yfinance,1d
2025-09-30,0.6578198671340942,0.6629000902175903,0.6571899652481079,0.6581978797912598,0,AUDUSD=X,FOREX,yfinance,1d
2025-10-01,0.6610700488090515,0.6629980802536011,0.6589699387550354,0.6610700488090515,0,AUDUSD=X,FOREX,yfinance,1d
2025-10-02,0.6615594029426575,0.6627001762390137,0.6578099131584167,0.6615498065948486,0,AUDUSD=X,FOREX,yfinance,1d
2025-10-03,0.6598900556564331,0.6614894270896912,0.6589399576187134,0.6598090529441833,0,AUDUSD=X,FOREX,yfinance,1d
2025-10-06,0.6593700647354126,0.6621201038360596,0.6591202020645142,0.6593101024627686,0,AUDUSD=X,FOREX,yfinance,1d
2025-10-07,0.6616701483726501,0.6624499559402466,0.6582497954368591,0.6616500020027161,0,AUDUSD=X,FOREX,yfinance,1d
2025-10-08,0.6579899787902832,0.6588301062583923,0.6557398438453674,0.6580505967140198,0,AUDUSD=X,FOREX,yfinance,1d
2025-10-09,0.6584301590919495,0.6611133217811584,0.6547116041183472,0.6584500670433044,0,AUDUSD=X,FOREX,yfinance,1d
2025-10-10,0.6561098694801331,0.657418966293335,0.6484898924827576,0.6561291813850403,0,AUDUSD=X,FOREX,yfinance,1d
2025-10-13,0.6498992443084717,0.6532498002052307,0.6498700976371765,0.6498401165008545,0,AUDUSD=X,FOREX,yfinance,1d
2025-10-14,0.6513800621032715,0.6520987749099731,0.644119918346405,0.651159942150116,0,AUDUSD=X,FOREX,yfinance,1d
2025-10-15,0.6489701271057129,0.6523000001907349,0.6487099528312683,0.6491301655769348,0,AUDUSD=X,FOREX,yfinance,1d
2025-10-16,0.6506701707839966,0.6516186594963074,0.6482688188552856,0.6508001685142517,0,AUDUSD=X,FOREX,yfinance,1d
2025-10-17,0.6480881571769714,0.6502200365066528,0.6445499658584595,0.64823979139328,0,AUDUSD=X,FOREX,yfinance,1d
2025-10-20,0.6500501036643982,0.6520392298698425,0.6485900282859802,0.6501701474189758,0,AUDUSD=X,FOREX,yfinance,1d
2025-10-21,0.6515901684761047,0.652529776096344,0.6474398374557495,0.6516313552856445,0,AUDUSD=X,FOREX,yfinance,1d
2025-10-22,0.6492916345596313,0.6511900424957275,0.648280143737793,0.6491904854774475,0,AUDUSD=X,FOREX,yfinance,1d
2025-10-23,0.648669958114624,0.6517205238342285,0.6479499936103821,0.6489999890327454,0,AUDUSD=X,FOREX,yfinance,1d
2025-10-24,0.6514798402786255,0.6528608202934265,0.6493700742721558,0.6514798402786255,0,AUDUSD=X,FOREX,yfinance,1d
2025-10-27,0.6533799767494202,0.6560001373291016,0.6529401540756226,0.653398334980011,0,AUDUSD=X,FOREX,yfinance,1d
2025-10-28,0.655720055103302,0.6584301590919495,0.6545200943946838,0.6558598279953003,0,AUDUSD=X,FOREX,yfinance,1d
2025-10-29,0.6584600806236267,0.6617498397827148,0.6579098701477051,0.6585099697113037,0,AUDUSD=X,FOREX,yfinance,1d
2025-10-30,0.6577601432800293,0.6597298383712769,0.6533902287483215,0.657680094242096,0,AUDUSD=X,FOREX,yfinance,1d
2025-10-31,0.6559798717498779,0.6560819149017334,0.6533799767494202,0.6559299826622009,0,AUDUSD=X,FOREX,yfinance,1d
2025-11-03,0.654600203037262,0.6562398672103882,0.6517999768257141,0.6545702219009399,0,AUDUSD=X,FOREX,yfinance,1d
2025-11-04,0.6536498665809631,0.6538999080657959,0.6481700539588928,0.6541078090667725,0,AUDUSD=X,FOREX,yfinance,1d
2025-11-05,0.6485294699668884,0.6512998938560486,0.6459301710128784,0.6485601663589478,0,AUDUSD=X,FOREX,yfinance,1d
2025-11-06,0.6509700417518616,0.6517885327339172,0.646379828453064,0.6509907841682434,0,AUDUSD=X,FOREX,yfinance,1d
2025-11-07,0.6482599973678589,0.6491820216178894,0.6467999815940857,0.6483898758888245,0,AUDUSD=X,FOREX,yfinance,1d
2025-11-10,0.6501198410987854,0.6539199948310852,0.6496801376342773,0.650239884853363,0,AUDUSD=X,FOREX,yfinance,1d
2025-11-11,0.6533902287483215,0.6538101434707642,0.651529848575592,0.653488039970398,0,AUDUSD=X,FOREX,yfinance,1d
2025-11-12,0.6529119610786438,0.6544930934906006,0.6516597867012024,0.6529499292373657,0,AUDUSD=X,FOREX,yfinance,1d
2025-11-13,0.6536802053451538,0.6580297946929932,0.6533500552177429,0.6536400318145752,0,AUDUSD=X,FOREX,yfinance,1d
2025-11-14,0.6526899933815002,0.6551997661590576,0.6504995822906494,0.6529000401496887,0,AUDUSD=X,FOREX,yfinance,1d
2025-11-17,0.6532498002052307,0.6538084149360657,0.6500999331474304,0.6533001661300659,0,AUDUSD=X,FOREX,yfinance,1d
2025-11-18,0.6492916345596313,0.6512099504470825,0.6465197801589966,0.6492701172828674,0,AUDUSD=X,FOREX,yfinance,1d
2025-11-19,0.6512112617492676,0.6512112617492676,0.6459898352622986,0.6509018540382385,0,AUDUSD=X,FOREX,yfinance,1d
2025-11-20,0.6489798426628113,0.6502098441123962,0.6447100043296814,0.649000883102417,0,AUDUSD=X,FOREX,yfinance,1d
2025-11-21,0.6448900103569031,0.6459001302719116,0.6421601176261902,0.6449499130249023,0,AUDUSD=X,FOREX,yfinance,1d
2025-11-24,0.6462411284446716,0.6467999815940857,0.6443299055099487,0.6462398767471313,0,AUDUSD=X,FOREX,yfinance,1d
2025-11-25,0.6467886567115784,0.6468999981880188,0.643730103969574,0.6465799808502197,0,AUDUSD=X,FOREX,yfinance,1d
2025-11-26,0.6471201777458191,0.6517999768257141,0.647010087966919,0.6470301151275635,0,AUDUSD=X,FOREX,yfinance,1d
2025-11-27,0.6523702144622803,0.6540094017982483,0.6521897912025452,0.6524859666824341,0,AUDUSD=X,FOREX,yfinance,1d
2025-11-28,0.6536200046539307,0.6559699773788452,0.6521098613739014,0.653579831123352,0,AUDUSD=X,FOREX,yfinance,1d
2025-12-01,0.655180037021637,0.656814455986023,0.6537998914718628,0.6551298499107361,0,AUDUSD=X,FOREX,yfinance,1d
2025-12-02,0.6542490124702454,0.6571165323257446,0.6539401412010193,0.6544001698493958,0,AUDUSD=X,FOREX,yfinance,1d
2025-12-03,0.6573800444602966,0.660099983215332,0.6555498242378235,0.6573700904846191,0,AUDUSD=X,FOREX,yfinance,1d
2025-12-04,0.6604496240615845,0.6623802185058594,0.6602799892425537,0.6605019569396973,0,AUDUSD=X,FOREX,yfinance,1d
2025-12-05,0.6607419848442078,0.6648799180984497,0.6607101559638977,0.660641610622406,0,AUDUSD=X,FOREX,yfinance,1d
2025-12-08,0.6635788679122925,0.6650001406669617,0.6614999175071716,0.6635400652885437,0,AUDUSD=X,FOREX,yfinance,1d
2025-12-09,0.6627199649810791,0.6654002070426941,0.6615301370620728,0.6627300977706909,0,AUDUSD=X,FOREX,yfinance,1d
2025-12-10,0.66398024559021,0.6653900146484375,0.662919819355011,0.6640987992286682,0,AUDUSD=X,FOREX,yfinance,1d
2025-12-11,0.6673798561096191,0.6679134368896484,0.6628099679946899,0.6674498319625854,0,AUDUSD=X,FOREX,yfinance,1d
2025-12-12,0.6662598252296448,0.6678001284599304,0.6634102463722229,0.6665000319480896,0,AUDUSD=X,FOREX,yfinance,1d
2025-12-15,0.6647698879241943,0.665630042552948,0.6638598442077637,0.6647300720214844,0,AUDUSD=X,FOREX,yfinance,1d
2025-12-16,0.6641799807548523,0.6658400893211365,0.6619316339492798,0.6641799807548523,0,AUDUSD=X,FOREX,yfinance,1d
2025-12-17,0.6632900834083557,0.66361403465271,0.6604889035224915,0.6634001135826111,0,AUDUSD=X,FOREX,yfinance,1d
2025-12-18,0.6602839231491089,0.6630398035049438,0.6593000888824463,0.6601501107215881,0,AUDUSD=X,FOREX,yfinance,1d
2025-12-19,0.6613800525665283,0.6624701023101807,0.6600698828697205,0.6613800525665283,0,AUDUSD=X,FOREX,yfinance,1d
2025-12-22,0.6612698435783386,0.6659997701644897,0.6612199544906616,0.6610198020935059,0,AUDUSD=X,FOREX,yfinance,1d
2025-12-23,0.6657798886299133,0.6700198650360107,0.665630042552948,0.6658400893211365,0,AUDUSD=X,FOREX,yfinance,1d
2025-12-24,0.6702898144721985,0.6720001101493835,0.6698417067527771,0.6701900959014893,0,AUDUSD=X,FOREX,yfinance,1d
2025-12-26,0.6705289483070374,0.6727999448776245,0.6697699427604675,0.6705604195594788,0,AUDUSD=X,FOREX,yfinance,1d
2025-12-29,0.671599805355072,0.6728116869926453,0.6683499813079834,0.6714099645614624,0,AUDUSD=X,FOREX,yfinance,1d
2025-12-30,0.6695098280906677,0.6719075441360474,0.6688198447227478,0.6695501804351807,0,AUDUSD=X,FOREX,yfinance,1d
2025-12-31,0.6696600914001465,0.6701999306678772,0.6661501526832581,0.6697999835014343,0,AUDUSD=X,FOREX,yfinance,1d
2026-01-02,0.6678500771522522,0.6709157824516296,0.6677399277687073,0.6678299903869629,0,AUDUSD=X,FOREX,yfinance,1d
2026-01-05,0.6684702038764954,0.6719978451728821,0.6665000319480896,0.6683902144432068,0,AUDUSD=X,FOREX,yfinance,1d
2026-01-06,0.6713888049125671,0.6739316582679749,0.6704201698303223,0.6713401079177856,0,AUDUSD=X,FOREX,yfinance,1d
2026-01-07,0.6735684871673584,0.6768001914024353,0.6718398332595825,0.6737000942230225,0,AUDUSD=X,FOREX,yfinance,1d
2026-01-08,0.672241747379303,0.672569990158081,0.6682597994804382,0.672210156917572,0,AUDUSD=X,FOREX,yfinance,1d
2026-01-09,0.6698300838470459,0.6703001260757446,0.6664800643920898,0.6701065301895142,0,AUDUSD=X,FOREX,yfinance,1d
2026-01-12,0.6685922145843506,0.6723141074180603,0.668420135974884,0.6685801148414612,0,AUDUSD=X,FOREX,yfinance,1d
2026-01-13,0.6708199381828308,0.6724994778633118,0.6673998832702637,0.6707807779312134,0,AUDUSD=X,FOREX,yfinance,1d
2026-01-14,0.6683098077774048,0.6705001592636108,0.6675999760627747,0.6683598756790161,0,AUDUSD=X,FOREX,yfinance,1d
2026-01-15,0.6681700944900513,0.6709901094436646,0.6668400764465332,0.6682798862457275,0,AUDUSD=X,FOREX,yfinance,1d
2026-01-16,0.670286238193512,0.6710057854652405,0.6671799421310425,0.6704210042953491,0,AUDUSD=X,FOREX,yfinance,1d
2026-01-19,0.6688600778579712,0.6718172430992126,0.6678500771522522,0.6687598824501038,0,AUDUSD=X,FOREX,yfinance,1d
2026-01-20,0.6710689067840576,0.6747183203697205,0.6707101464271545,0.6709878444671631,0,AUDUSD=X,FOREX,yfinance,1d
2026-01-21,0.6732012033462524,0.6777501702308655,0.6728098392486572,0.6731699109077454,0,AUDUSD=X,FOREX,yfinance,1d
2026-01-22,0.6754702925682068,0.6838074326515198,0.6754702925682068,0.6754794120788574,0,AUDUSD=X,FOREX,yfinance,1d
2026-01-23,0.6839991807937622,0.688098669052124,0.6834797859191895,0.6840506792068481,0,AUDUSD=X,FOREX,yfinance,1d
2026-01-26,0.6912899613380432,0.6940998435020447,0.690779983997345,0.691399872303009,0,AUDUSD=X,FOREX,yfinance,1d
2026-01-27,0.6913382411003113,0.6983240246772766,0.690231204032898,0.691472053527832,0,AUDUSD=X,FOREX,yfinance,1d
2026-01-28,0.6996397376060486,0.7020997405052185,0.697759747505188,0.6995800137519836,0,AUDUSD=X,FOREX,yfinance,1d
2026-01-29,0.703937828540802,0.7093999981880188,0.6972100138664246,0.7039799094200134,0,AUDUSD=X,FOREX,yfinance,1d
2026-01-30,0.7048999667167664,0.7055171132087708,0.6969097852706909,0.7047300934791565,0,AUDUSD=X,FOREX,yfinance,1d
2026-02-02,0.6948497891426086,0.6970924139022827,0.6910181641578674,0.6946277618408203,0,AUDUSD=X,FOREX,yfinance,1d
2026-02-03,0.6958801746368408,0.7049998641014099,0.6956812143325806,0.6955500841140747,0,AUDUSD=X,FOREX,yfinance,1d
2026-02-04,0.7021288871765137,0.7042198777198792,0.6981499791145325,0.7022520899772644,0,AUDUSD=X,FOREX,yfinance,1d
2026-02-05,0.6995198726654053,0.7008199691772461,0.6942197680473328,0.699440062046051,0,AUDUSD=X,FOREX,yfinance,1d
2026-02-06,0.6915500164031982,0.7020007371902466,0.6897897720336914,0.6916399002075195,0,AUDUSD=X,FOREX,yfinance,1d
2026-02-09,0.7034723162651062,0.709149956703186,0.7014698386192322,0.7033699154853821,0,AUDUSD=X,FOREX,yfinance,1d
2026-02-10,0.7084701657295227,0.7092998623847961,0.7065000534057617,0.7083597779273987,0,AUDUSD=X,FOREX,yfinance,1d
2026-02-11,0.7073901295661926,0.7135899662971497,0.7073901295661926,0.7074797749519348,0,AUDUSD=X,FOREX,yfinance,1d
2026-02-12,0.7124699354171753,0.7147298455238342,0.7087001800537109,0.7125298380851746,0,AUDUSD=X,FOREX,yfinance,1d
2026-02-13,0.7087298035621643,0.7096999883651733,0.7045498490333557,0.7087101936340332,0,AUDUSD=X,FOREX,yfinance,1d
2026-02-16,0.7070286273956299,0.7096476554870605,0.7068701386451721,0.7070400714874268,0,AUDUSD=X,FOREX,yfinance,1d
2026-02-17,0.7074001431465149,0.7076299786567688,0.7030000686645508,0.7072985768318176,0,AUDUSD=X,FOREX,yfinance,1d
2026-02-18,0.7083502411842346,0.7086167335510254,0.7052186131477356,0.708320140838623,0,AUDUSD=X,FOREX,yfinance,1d
2026-02-19,0.7044098973274231,0.7080999612808228,0.7028394937515259,0.704379141330719,0,AUDUSD=X,FOREX,yfinance,1d
2026-02-20,0.7056799530982971,0.7090101838111877,0.7016707062721252,0.7056102752685547,0,AUDUSD=X,FOREX,yfinance,1d
2026-02-23,0.7107800245285034,0.7107901573181152,0.7049899101257324,0.7111399173736572,0,AUDUSD=X,FOREX,yfinance,1d
2026-02-24,0.7060800194740295,0.7073501348495483,0.7027500867843628,0.706070065498352,0,AUDUSD=X,FOREX,yfinance,1d
2026-02-25,0.7058901786804199,0.7117002010345459,0.7057900428771973,0.7060999870300293,0,AUDUSD=X,FOREX,yfinance,1d
2026-02-26,0.7120001912117004,0.7137249112129211,0.7069686055183411,0.7120498418807983,0,AUDUSD=X,FOREX,yfinance,1d
2026-02-27,0.7103100419044495,0.7132998704910278,0.7086700201034546,0.71017986536026,0,AUDUSD=X,FOREX,yfinance,1d
2026-03-02,0.7058010101318359,0.7117002010345459,0.7045598030090332,0.7058109045028687,0,AUDUSD=X,FOREX,yfinance,1d
2026-03-03,0.7101717591285706,0.7122502326965332,0.694550096988678,0.710580050945282,0,AUDUSD=X,FOREX,yfinance,1d
2026-03-04,0.7038684487342834,0.7075598239898682,0.6986899971961975,0.7040701508522034,0,AUDUSD=X,FOREX,yfinance,1d
2026-03-05,0.7073701620101929,0.7088498473167419,0.6985001564025879,0.7075998783111572,0,AUDUSD=X,FOREX,yfinance,1d
2026-03-06,0.7009299993515015,0.7047101855278015,0.6978698372840881,0.7011299729347229,0,AUDUSD=X,FOREX,yfinance,1d
2026-03-09,0.6968786716461182,0.7048498392105103,0.6956908702850342,0.6966199278831482,0,AUDUSD=X,FOREX,yfinance,1d
2026-03-10,0.706669807434082,0.7153300642967224,0.705390214920044,0.7068586349487305,0,AUDUSD=X,FOREX,yfinance,1d
2026-03-11,0.7121898531913757,0.7184578776359558,0.7118704319000244,0.712100088596344,0,AUDUSD=X,FOREX,yfinance,1d
2026-03-12,0.7128300070762634,0.7161097526550293,0.7073701620101929,0.7129209637641907,0,AUDUSD=X,FOREX,yfinance,1d
2026-03-13,0.7076299786567688,0.7093204259872437,0.7003399133682251,0.7075298428535461,0,AUDUSD=X,FOREX,yfinance,1d
2026-03-16,0.700790524482727,0.7075799107551575,0.6997900605201721,0.7005700469017029,0,AUDUSD=X,FOREX,yfinance,1d
2026-03-17,0.7069001197814941,0.7118998169898987,0.7050694227218628,0.706848680973053,0,AUDUSD=X,FOREX,yfinance,1d
2026-03-18,0.7108199596405029,0.7122897505760193,0.7048398852348328,0.710909903049469,0,AUDUSD=X,FOREX,yfinance,1d
2026-03-19,0.7029101252555847,0.7062501311302185,0.7000800967216492,0.7029501795768738,0,AUDUSD=X,FOREX,yfinance,1d
2026-03-20,0.7080999612808228,0.7097080945968628,0.7027900815010071,0.708109974861145,0,AUDUSD=X,FOREX,yfinance,1d
2026-03-23,0.7012101411819458,0.7059001326560974,0.6911499500274658,0.7007802128791809,0,AUDUSD=X,FOREX,yfinance,1d
2026-03-24,0.700799822807312,0.7011698484420776,0.6946200132369995,0.7006098031997681,0,AUDUSD=X,FOREX,yfinance,1d
2026-03-25,0.6997998356819153,0.7004762887954712,0.6947402358055115,0.6996901631355286,0,AUDUSD=X,FOREX,yfinance,1d
2026-03-26,0.6944299936294556,0.695709764957428,0.690240204334259,0.6942901611328125,0,AUDUSD=X,FOREX,yfinance,1d
2026-03-27,0.6888299584388733,0.6911499500274658,0.6872701048851013,0.6887398958206177,0,AUDUSD=X,FOREX,yfinance,1d
2026-03-30,0.6849080324172974,0.6875215172767639,0.6834200620651245,0.6850901246070862,0,AUDUSD=X,FOREX,yfinance,1d
2026-03-31,0.6846201419830322,0.6888299584388733,0.6835200190544128,0.6845901012420654,0,AUDUSD=X,FOREX,yfinance,1d
2026-04-01,0.6917399764060974,0.6962299942970276,0.6900501847267151,0.692051112651825,0,AUDUSD=X,FOREX,yfinance,1d
2026-04-02,0.6923601627349854,0.6935202479362488,0.6860898733139038,0.6923999190330505,0,AUDUSD=X,FOREX,yfinance,1d
2026-04-03,0.691399872303009,0.6919098496437073,0.6891599297523499,0.6911499500274658,0,AUDUSD=X,FOREX,yfinance,1d
2026-04-06,0.6887801885604858,0.6937001347541809,0.6887801885604858,0.6885501742362976,0,AUDUSD=X,FOREX,yfinance,1d
2026-04-07,0.6915299296379089,0.695129930973053,0.6899216175079346,0.6916901469230652,0,AUDUSD=X,FOREX,yfinance,1d
2026-04-08,0.7078698873519897,0.708320140838623,0.7034178972244263,0.707679033279419,0,AUDUSD=X,FOREX,yfinance,1d
2026-04-09,0.7038798928260803,0.7086097598075867,0.702299952507019,0.703937828540802,0,AUDUSD=X,FOREX,yfinance,1d
2026-04-10,0.7075598239898682,0.7093199491500854,0.7054300308227539,0.7075698375701904,0,AUDUSD=X,FOREX,yfinance,1d
2026-04-13,0.7020002603530884,0.7068301439285278,0.7017400860786438,0.7019898295402527,0,AUDUSD=X,FOREX,yfinance,1d
2026-04-14,0.7096375823020935,0.7148100733757019,0.7078002691268921,0.7099298238754272,0,AUDUSD=X,FOREX,yfinance,1d
2026-04-15,0.7129998207092285,0.7166501879692078,0.7122897505760193,0.7129300832748413,0,AUDUSD=X,FOREX,yfinance,1d
2026-04-16,0.7175397276878357,0.7196600437164307,0.7161497473716736,0.7175799012184143,0,AUDUSD=X,FOREX,yfinance,1d
2026-04-17,0.7158001661300659,0.7221598625183105,0.7154800295829773,0.7159000635147095,0,AUDUSD=X,FOREX,yfinance,1d
2026-04-20,0.7134998440742493,0.7178998589515686,0.7133889198303223,0.7134998440742493,0,AUDUSD=X,FOREX,yfinance,1d
2026-04-21,0.7175500392913818,0.7184202075004578,0.714459240436554,0.7174198627471924,0,AUDUSD=X,FOREX,yfinance,1d
2026-04-22,0.7157699465751648,0.7177998423576355,0.7147099375724792,0.7156198024749756,0,AUDUSD=X,FOREX,yfinance,1d
2026-04-23,0.7156699895858765,0.7165700197219849,0.7134097814559937,0.7158001661300659,0,AUDUSD=X,FOREX,yfinance,1d
2026-04-24,0.7131701111793518,0.7155399322509766,0.7115599513053894,0.7129616141319275,0,AUDUSD=X,FOREX,yfinance,1d
2026-04-27,0.7142897844314575,0.7202016711235046,0.7142897844314575,0.7143500447273254,0,AUDUSD=X,FOREX,yfinance,1d
2026-04-28,0.7190400958061218,0.7195000648498535,0.7152206301689148,0.7190897464752197,0,AUDUSD=X,FOREX,yfinance,1d
2026-04-29,0.7189201712608337,0.7191998958587646,0.7121300101280212,0.7187212109565735,0,AUDUSD=X,FOREX,yfinance,1d
2026-04-30,0.7130124568939209,0.7190799117088318,0.7110600471496582,0.7131141424179077,0,AUDUSD=X,FOREX,yfinance,1d
2026-05-01,0.7200300097465515,0.7227198481559753,0.7184697389602661,0.720079779624939,0,AUDUSD=X,FOREX,yfinance,1d
2026-05-04,0.7209805250167847,0.721700131893158,0.7163200974464417,0.7212925553321838,0,AUDUSD=X,FOREX,yfinance,1d
2026-05-05,0.7167497873306274,0.719750165939331,0.713630199432373,0.7167482376098633,0,AUDUSD=X,FOREX,yfinance,1d
2026-05-06,0.7203500270843506,0.7277384996414185,0.7203500270843506,0.7203900218009949,0,AUDUSD=X,FOREX,yfinance,1d
2026-05-07,0.7235397696495056,0.7265002727508545,0.7232901453971863,0.7235099673271179,0,AUDUSD=X,FOREX,yfinance,1d
2026-05-08,0.7208698391914368,0.724879801273346,0.7201399803161621,0.7208600044250488,0,AUDUSD=X,FOREX,yfinance,1d
2026-05-11,0.7234424352645874,0.7262164354324341,0.7225897908210754,0.7236999869346619,0,AUDUSD=X,FOREX,yfinance,1d
2026-05-12,0.7241402268409729,0.7243998646736145,0.721010148525238,0.7246218919754028,0,AUDUSD=X,FOREX,yfinance,1d
2026-05-13,0.7239399552345276,0.7271098494529724,0.7231902480125427,0.7237801551818848,0,AUDUSD=X,FOREX,yfinance,1d
2026-05-14,0.7254498600959778,0.72639000415802,0.7220800518989563,0.7254998683929443,0,AUDUSD=X,FOREX,yfinance,1d
2026-05-15,0.721700131893158,0.7219001650810242,0.7141000032424927,0.7214298844337463,0,AUDUSD=X,FOREX,yfinance,1d
2026-05-18,0.7129200100898743,0.718329906463623,0.712009847164154,0.7130200862884521,0,AUDUSD=X,FOREX,yfinance,1d
2026-05-19,0.7170900106430054,0.7170900106430054,0.7080202102661133,0.7172901630401611,0,AUDUSD=X,FOREX,yfinance,1d
2026-05-20,0.7102898359298706,0.717130184173584,0.7088101506233215,0.7106598019599915,0,AUDUSD=X,FOREX,yfinance,1d
2026-05-21,0.7149598598480225,0.7158196568489075,0.7101113200187683,0.7150007486343384,0,AUDUSD=X,FOREX,yfinance,1d
2026-05-22,0.7145301699638367,0.7147298455238342,0.7117401957511902,0.7148299813270569,0,AUDUSD=X,FOREX,yfinance,1d
2026-05-25,0.7157499194145203,0.71809983253479,0.7153101563453674,0.7157202363014221,0,AUDUSD=X,FOREX,yfinance,1d
2026-05-26,0.7169100642204285,0.7176000475883484,0.7156597375869751,0.717029869556427,0,AUDUSD=X,FOREX,yfinance,1d
2026-05-27,0.7171697616577148,0.71809983253479,0.712410032749176,0.717079758644104,0,AUDUSD=X,FOREX,yfinance,1d
2026-05-28,0.7130887508392334,0.7161497473716736,0.7098698019981384,0.7133201360702515,0,AUDUSD=X,FOREX,yfinance,1d
2026-05-29,0.716400146484375,0.7200399041175842,0.7150702476501465,0.7164201736450195,0,AUDUSD=X,FOREX,yfinance,1d
2026-06-01,0.7179884910583496,0.7189998030662537,0.7135798335075378,0.7180498242378235,0,AUDUSD=X,FOREX,yfinance,1d
2026-06-02,0.7164801955223083,0.7187997698783875,0.7153699994087219,0.7164298892021179,0,AUDUSD=X,FOREX,yfinance,1d
2026-06-03,0.7173600792884827,0.7182875871658325,0.71368008852005,0.7174115777015686,0,AUDUSD=X,FOREX,yfinance,1d
2026-06-04,0.7133584022521973,0.714796245098114,0.7123202681541443,0.7134499549865723,0,AUDUSD=X,FOREX,yfinance,1d
2026-06-05,0.713110089302063,0.7144898176193237,0.7057501673698425,0.7132158875465393,0,AUDUSD=X,FOREX,yfinance,1d
2026-06-08,0.7043200731277466,0.7078002691268921,0.7035317420959473,0.7043498158454895,0,AUDUSD=X,FOREX,yfinance,1d
2026-06-09,0.7038402557373047,0.7072001099586487,0.7023014426231384,0.704049825668335,0,AUDUSD=X,FOREX,yfinance,1d
2026-06-10,0.7024396061897278,0.7036604881286621,0.6998600959777832,0.7023113369941711,0,AUDUSD=X,FOREX,yfinance,1d
2026-06-11,0.6997200846672058,0.701311469078064,0.6980100870132446,0.6994200348854065,0,AUDUSD=X,FOREX,yfinance,1d
2026-06-12,0.7045800685882568,0.7059404850006104,0.7021899819374084,0.7047901749610901,0,AUDUSD=X,FOREX,yfinance,1d
2026-06-15,0.7077100872993469,0.7089001536369324,0.7064900994300842,0.7075197696685791,0,AUDUSD=X,FOREX,yfinance,1d
2026-06-16,0.7073001265525818,0.7079144716262817,0.7042897939682007,0.7073001265525818,0,AUDUSD=X,FOREX,yfinance,1d
2026-06-17,0.706459105014801,0.7075998783111572,0.7054898142814636,0.7065500020980835,0,AUDUSD=X,FOREX,yfinance,1d
2026-06-18,0.7023211717605591,0.7042000889778137,0.700201690196991,0.7018499374389648,0,AUDUSD=X,FOREX,yfinance,1d
2026-06-19,0.7014398574829102,0.7023299932479858,0.6990001201629639,0.7013099789619446,0,AUDUSD=X,FOREX,yfinance,1d
2026-06-22,0.7002506852149963,0.7018799781799316,0.6994601488113403,0.7002899646759033,0,AUDUSD=X,FOREX,yfinance,1d
2026-06-23,0.6993197798728943,0.6993300318717957,0.6921598315238953,0.6994621157646179,0,AUDUSD=X,FOREX,yfinance,1d
2026-06-24,0.6918002367019653,0.6923999190330505,0.6884899735450745,0.6915600895881653,0,AUDUSD=X,FOREX,yfinance,1d
2026-06-25,0.6895999908447266,0.692110002040863,0.6887498497962952,0.6900001764297485,0,AUDUSD=X,FOREX,yfinance,1d
2026-06-26,0.6902301907539368,0.6917002201080322,0.6876302361488342,0.6900501847267151,0,AUDUSD=X,FOREX,yfinance,1d
2026-06-29,0.6893699169158936,0.6904498934745789,0.6878198981285095,0.6896218657493591,0,AUDUSD=X,FOREX,yfinance,1d
2026-06-30,0.6879698634147644,0.6929382681846619,0.68656986951828,0.6882398128509521,0,AUDUSD=X,FOREX,yfinance,1d
2026-07-01,0.6911901235580444,0.6915399432182312,0.6883923411369324,0.6912999749183655,0,AUDUSD=X,FOREX,yfinance,1d
2026-07-02,0.6891499161720276,0.6945998072624207,0.6885402202606201,0.6892097592353821,0,AUDUSD=X,FOREX,yfinance,1d
2026-07-03,0.6917800903320312,0.6949898600578308,0.691109836101532,0.6916002035140991,0,AUDUSD=X,FOREX,yfinance,1d
2026-07-06,0.6934000253677368,0.6945998072624207,0.692270040512085,0.6937001347541809,0,AUDUSD=X,FOREX,yfinance,1d
2026-07-07,0.6954901218414307,0.6960880160331726,0.6934202313423157,0.6955297589302063,0,AUDUSD=X,FOREX,yfinance,1d
2026-07-08,0.6921598315238953,0.6947001218795776,0.6907298564910889,0.6922600269317627,0,AUDUSD=X,FOREX,yfinance,1d
2026-07-09,0.693669855594635,0.6946398019790649,0.692599892616272,0.6936299204826355,0,AUDUSD=X,FOREX,yfinance,1d
2026-07-10,0.6944401264190674,0.6971001625061035,0.6934999823570251,0.6944401264190674,0,AUDUSD=X,FOREX,yfinance,1d
2026-07-13,0.6944000720977783,0.6949700117111206,0.6924402117729187,0.6942197680473328,0,AUDUSD=X,FOREX,yfinance,1d
2026-07-14,0.6920999884605408,0.6992200016975403,0.6913697719573975,0.6918213367462158,0,AUDUSD=X,FOREX,yfinance,1d
2026-07-15,0.6977101564407349,0.7003002166748047,0.6977101564407349,0.6976497769355774,0,AUDUSD=X,FOREX,yfinance,1d
2026-07-16,0.7009624242782593,0.7012298107147217,0.6987299919128418,0.7008101344108582,0,AUDUSD=X,FOREX,yfinance,1d
2026-07-17,0.7000398635864258,0.700108528137207,0.6967698931694031,0.6999399662017822,0,AUDUSD=X,FOREX,yfinance,1d
2026-07-20,0.697759747505188,0.7015998363494873,0.697659969329834,0.6979097723960876,0,AUDUSD=X,FOREX,yfinance,1d
2026-07-21,0.7000693082809448,0.702900230884552,0.6997601389884949,0.700079083442688,0,AUDUSD=X,FOREX,yfinance,1d
2026-07-22,0.7001001834869385,0.701311469078064,0.6982703804969788,0.7000800967216492,0,AUDUSD=X,FOREX,yfinance,1d
2026-07-23,0.6990601420402527,0.7021978497505188,0.6965597867965698,0.6989697813987732,0,AUDUSD=X,FOREX,yfinance,1d
2026-07-24,0.6967999935150146,0.7000800967216492,0.6967999935150146,0.6967198848724365,0,AUDUSD=X,FOREX,yfinance,1d
2026-07-27,0.6997498869895935,0.701050877571106,0.6986899971961975,0.699440062046051,0,AUDUSD=X,FOREX,yfinance,1d
2026-07-28,0.6986313462257385,0.6996999979019165,0.6963599324226379,0.6987192630767822,0,AUDUSD=X,FOREX,yfinance,1d
2026-07-29,0.6972100138664246,0.6977880001068115,0.6923999190330505,0.6974599957466125,0,AUDUSD=X,FOREX,yfinance,1d
2026-07-30,0.6960588693618774,0.7024301886558533,0.6947001218795776,0.695928156375885,0,AUDUSD=X,FOREX,yfinance,1d
2026-07-31,0.7026098370552063,0.7043800950050354,0.6992498636245728,0.7025185227394104,0,AUDUSD=X,FOREX,yfinance,1d
2026-08-03,0.7043702006340027,0.7049401998519897,0.6984508037567139,0.7045875787734985,0,AUDUSD=X,FOREX,yfinance,1d
2026-08-04,0.6998194456100464,0.7041801810264587,0.6997601389884949,0.6997601389884949,0,AUDUSD=X,FOREX,yfinance,1d
2026-08-05,0.7046898007392883,0.7065000534057617,0.7040602564811707,0.7046700119972229,0,AUDUSD=X,FOREX,yfinance,1d
2026-08-06,0.7055997848510742,0.7062146663665771,0.7026700377464294,0.7057301998138428,0,AUDUSD=X,FOREX,yfinance,1d
2026-08-07,0.7031998038291931,0.7077201008796692,0.7023398876190186,0.7033402323722839,0,AUDUSD=X,FOREX,yfinance,1d
2026-08-10,0.7062201499938965,0.7075137495994568,0.7054200768470764,0.7063493728637695,0,AUDUSD=X,FOREX,yfinance,1d
2026-08-11,0.7055699229240417,0.7071135640144348,0.7042402029037476,0.7055301070213318,0,AUDUSD=X,FOREX,yfinance,1d
2026-08-12,0.7063798308372498,0.7090801000595093,0.7054499983787537,0.7063997387886047,0,AUDUSD=X,FOREX,yfinance,1d
2026-08-13,0.7064102292060852,0.7068002223968506,0.70447838306427,0.7063897848129272,0,AUDUSD=X,FOREX,yfinance,1d
2026-08-14,0.7063997387886047,0.7095801830291748,0.7055699229240417,0.7063698172569275,0,AUDUSD=X,FOREX,yfinance,1d
2026-08-15,0.708666980266571,0.708666980266571,0.708666980266571,0.708666980266571,0,AUDUSD=X,FOREX,yfinance,1d
