date,open,high,low,close,volume,symbol,exchange,source,interval
2021-08-16,102.90523529052734,102.93690490722656,102.6224365234375,102.90523529052734,0,GBPINR=X,FOREX,yfinance,1d
2021-08-17,102.62408447265625,102.69593048095703,102.14727783203125,102.62664794921875,0,GBPINR=X,FOREX,yfinance,1d
2021-08-18,102.17438507080078,102.28971099853516,102.01402282714844,102.17438507080078,0,GBPINR=X,FOREX,yfinance,1d
2021-08-19,102.1621322631836,102.16813659667969,101.56419372558594,102.1621322631836,0,GBPINR=X,FOREX,yfinance,1d
2021-08-20,101.46438598632812,101.49510192871094,101.19051361083984,101.46438598632812,0,GBPINR=X,FOREX,yfinance,1d
2021-08-23,101.27647399902344,101.69527435302734,101.25428771972656,101.27547454833984,0,GBPINR=X,FOREX,yfinance,1d
2021-08-24,101.71147155761719,101.90621185302734,101.5465316772461,101.71147155761719,0,GBPINR=X,FOREX,yfinance,1d
2021-08-25,101.7991714477539,102.00694274902344,101.6634750366211,101.7991714477539,0,GBPINR=X,FOREX,yfinance,1d
2021-08-26,101.99178314208984,102.16190338134766,101.65033721923828,101.99178314208984,0,GBPINR=X,FOREX,yfinance,1d
2021-08-27,101.60929870605469,101.70558166503906,100.80655670166016,101.60929870605469,0,GBPINR=X,FOREX,yfinance,1d
2021-08-30,101.15596008300781,101.42109680175781,100.59612274169922,101.1569595336914,0,GBPINR=X,FOREX,yfinance,1d
2021-08-31,101.00675201416016,101.05220794677734,100.28633117675781,100.9464340209961,0,GBPINR=X,FOREX,yfinance,1d
2021-09-01,100.41339874267578,100.75286865234375,100.15723419189453,100.41339874267578,0,GBPINR=X,FOREX,yfinance,1d
2021-09-02,100.50582122802734,101.00970458984375,100.44068145751953,100.50582122802734,0,GBPINR=X,FOREX,yfinance,1d
2021-09-03,101.08409881591797,101.38811492919922,100.88744354248047,101.08409881591797,0,GBPINR=X,FOREX,yfinance,1d
2021-09-06,101.18607330322266,101.24783325195312,100.9914321899414,101.18607330322266,0,GBPINR=X,FOREX,yfinance,1d
2021-09-07,101.17323303222656,101.51038360595703,101.02826690673828,101.17323303222656,0,GBPINR=X,FOREX,yfinance,1d
2021-09-08,101.14330291748047,101.8426284790039,100.9798812866211,101.14330291748047,0,GBPINR=X,FOREX,yfinance,1d
2021-09-09,101.64842224121094,101.92889404296875,101.34381103515625,101.64842224121094,0,GBPINR=X,FOREX,yfinance,1d
2021-09-10,101.74552154541016,101.96240997314453,101.63031005859375,101.74552154541016,0,GBPINR=X,FOREX,yfinance,1d
2021-09-13,101.75880432128906,102.02778625488281,101.56461334228516,101.75880432128906,0,GBPINR=X,FOREX,yfinance,1d
2021-09-14,101.7701187133789,102.34555053710938,101.76241302490234,101.7701187133789,0,GBPINR=X,FOREX,yfinance,1d
2021-09-15,101.71357727050781,101.98460388183594,101.4817123413086,101.71357727050781,0,GBPINR=X,FOREX,yfinance,1d
2021-09-16,101.67435455322266,101.72920227050781,101.31104278564453,101.67435455322266,0,GBPINR=X,FOREX,yfinance,1d
2021-09-17,101.46664428710938,101.68480682373047,101.16997528076172,101.46664428710938,0,GBPINR=X,FOREX,yfinance,1d
2021-09-20,101.16767883300781,101.35902404785156,100.56278991699219,101.16767883300781,0,GBPINR=X,FOREX,yfinance,1d
2021-09-21,100.61487579345703,100.84904479980469,100.4991455078125,100.61487579345703,0,GBPINR=X,FOREX,yfinance,1d
2021-09-22,100.7892837524414,101.09548950195312,100.52610778808594,100.78994750976562,0,GBPINR=X,FOREX,yfinance,1d
2021-09-23,100.625,101.48945617675781,100.51444244384766,100.625,0,GBPINR=X,FOREX,yfinance,1d
2021-09-24,101.34740447998047,101.40383911132812,100.74138641357422,101.34740447998047,0,GBPINR=X,FOREX,yfinance,1d
2021-09-27,100.85589599609375,101.39404296875,100.5826416015625,100.85589599609375,0,GBPINR=X,FOREX,yfinance,1d
2021-09-28,101.1051025390625,101.43254852294922,100.07524108886719,101.1051025390625,0,GBPINR=X,FOREX,yfinance,1d
2021-09-29,100.43901062011719,100.5935287475586,99.78561401367188,100.43901062011719,0,GBPINR=X,FOREX,yfinance,1d
2021-09-30,99.79877471923828,100.23924255371094,99.67027282714844,99.79877471923828,0,GBPINR=X,FOREX,yfinance,1d
2021-10-01,100.27861785888672,100.69032287597656,99.74974822998047,100.27861785888672,0,GBPINR=X,FOREX,yfinance,1d
2021-10-04,100.6424789428711,101.38453674316406,100.3511734008789,100.64347839355469,0,GBPINR=X,FOREX,yfinance,1d
2021-10-05,101.48522186279297,101.89028930664062,101.23950958251953,101.48522186279297,0,GBPINR=X,FOREX,yfinance,1d
2021-10-06,101.60160064697266,101.87859344482422,101.33019256591797,101.60160064697266,0,GBPINR=X,FOREX,yfinance,1d
2021-10-07,101.56968688964844,102.0553207397461,101.39997863769531,101.56668853759766,0,GBPINR=X,FOREX,yfinance,1d
2021-10-08,101.91596984863281,102.5586166381836,101.87586212158203,101.91596984863281,0,GBPINR=X,FOREX,yfinance,1d
2021-10-11,102.54267120361328,102.94204711914062,102.0140380859375,102.54267120361328,0,GBPINR=X,FOREX,yfinance,1d
2021-10-12,102.49778747558594,103.00749969482422,102.23446655273438,102.49778747558594,0,GBPINR=X,FOREX,yfinance,1d
2021-10-13,102.53665924072266,102.87043762207031,102.4323501586914,102.53665924072266,0,GBPINR=X,FOREX,yfinance,1d
2021-10-14,102.85975646972656,103.30558776855469,102.62814331054688,102.85975646972656,0,GBPINR=X,FOREX,yfinance,1d
2021-10-15,102.54310607910156,103.24774932861328,102.45204162597656,102.54310607910156,0,GBPINR=X,FOREX,yfinance,1d
2021-10-18,103.245361328125,103.80988311767578,102.93601989746094,103.2463607788086,0,GBPINR=X,FOREX,yfinance,1d
2021-10-19,103.32747650146484,103.85066223144531,103.1569595336914,103.32747650146484,0,GBPINR=X,FOREX,yfinance,1d
2021-10-20,103.60979461669922,103.8188247680664,102.91732025146484,103.60979461669922,0,GBPINR=X,FOREX,yfinance,1d
2021-10-21,103.42372131347656,103.70967102050781,103.12144470214844,103.42372131347656,0,GBPINR=X,FOREX,yfinance,1d
2021-10-22,103.27112579345703,103.59048461914062,102.93238830566406,103.27112579345703,0,GBPINR=X,FOREX,yfinance,1d
2021-10-25,103.18412017822266,103.51586151123047,103.10095977783203,103.18412017822266,0,GBPINR=X,FOREX,yfinance,1d
2021-10-26,103.3558578491211,103.63914489746094,103.13182067871094,103.3558578491211,0,GBPINR=X,FOREX,yfinance,1d
2021-10-27,103.08367919921875,103.36593627929688,102.84239196777344,103.08367919921875,0,GBPINR=X,FOREX,yfinance,1d
2021-10-28,103.045654296875,103.28956604003906,102.77906799316406,103.02860260009766,0,GBPINR=X,FOREX,yfinance,1d
2021-10-29,103.2116928100586,103.40343475341797,102.56610107421875,103.2183837890625,0,GBPINR=X,FOREX,yfinance,1d
2021-11-01,102.55384063720703,102.6584243774414,102.19709014892578,102.59291076660156,0,GBPINR=X,FOREX,yfinance,1d
2021-11-02,102.17778778076172,102.25194549560547,101.59224700927734,102.17778778076172,0,GBPINR=X,FOREX,yfinance,1d
2021-11-03,101.72897338867188,102.08243560791016,101.37260437011719,101.72718048095703,0,GBPINR=X,FOREX,yfinance,1d
2021-11-04,101.89581298828125,101.90338134765625,100.43081665039062,101.89581298828125,0,GBPINR=X,FOREX,yfinance,1d
2021-11-05,100.57565307617188,100.59566497802734,99.57119750976562,100.57565307617188,0,GBPINR=X,FOREX,yfinance,1d
2021-11-08,100.10186767578125,100.45829772949219,99.6556625366211,100.14287567138672,0,GBPINR=X,FOREX,yfinance,1d
2021-11-09,100.24275207519531,100.70238494873047,100.03929138183594,100.24275207519531,0,GBPINR=X,FOREX,yfinance,1d
2021-11-10,100.58573150634766,100.71080017089844,99.98485565185547,100.58573150634766,0,GBPINR=X,FOREX,yfinance,1d
2021-11-11,99.74967956542969,100.01544952392578,99.4111099243164,99.74967956542969,0,GBPINR=X,FOREX,yfinance,1d
2021-11-12,99.33514404296875,99.85409545898438,99.20349884033203,99.33514404296875,0,GBPINR=X,FOREX,yfinance,1d
2021-11-15,99.72569274902344,100.05239868164062,99.70077514648438,99.70496368408203,0,GBPINR=X,FOREX,yfinance,1d
2021-11-16,99.84153747558594,100.45164489746094,99.83296203613281,99.84153747558594,0,GBPINR=X,FOREX,yfinance,1d
2021-11-17,99.95809173583984,100.26432800292969,99.67719268798828,99.95809173583984,0,GBPINR=X,FOREX,yfinance,1d
2021-11-18,100.20991516113281,100.30645751953125,99.96150970458984,100.20991516113281,0,GBPINR=X,FOREX,yfinance,1d
2021-11-19,100.14286041259766,100.29449462890625,99.78841400146484,100.14286041259766,0,GBPINR=X,FOREX,yfinance,1d
2021-11-22,99.93101501464844,100.34089660644531,99.63023376464844,99.91248321533203,0,GBPINR=X,FOREX,yfinance,1d
2021-11-23,99.69747924804688,99.91292572021484,99.35155487060547,99.69747924804688,0,GBPINR=X,FOREX,yfinance,1d
2021-11-24,99.58785247802734,99.94316101074219,99.2231216430664,99.58785247802734,0,GBPINR=X,FOREX,yfinance,1d
2021-11-25,99.47218322753906,99.55448913574219,99.0998306274414,99.47218322753906,0,GBPINR=X,FOREX,yfinance,1d
2021-11-26,99.21559143066406,100.11005401611328,99.10456085205078,99.21559143066406,0,GBPINR=X,FOREX,yfinance,1d
2021-11-29,100.04238891601562,100.3471450805664,99.3985595703125,99.98983001708984,0,GBPINR=X,FOREX,yfinance,1d
2021-11-30,99.89519500732422,100.45903778076172,99.27867126464844,99.89519500732422,0,GBPINR=X,FOREX,yfinance,1d
2021-12-01,99.7769775390625,99.95476531982422,99.50745391845703,99.7769775390625,0,GBPINR=X,FOREX,yfinance,1d
2021-12-02,99.5966796875,100.03945922851562,99.50202178955078,99.5966796875,0,GBPINR=X,FOREX,yfinance,1d
2021-12-03,99.74192810058594,99.90484619140625,99.43546295166016,99.74192810058594,0,GBPINR=X,FOREX,yfinance,1d
2021-12-06,99.87071228027344,100.18831634521484,99.32593536376953,100.06010437011719,0,GBPINR=X,FOREX,yfinance,1d
2021-12-07,99.95671844482422,100.32234191894531,99.66996002197266,99.95671844482422,0,GBPINR=X,FOREX,yfinance,1d
2021-12-08,99.88489532470703,100.12455749511719,99.44707489013672,99.88489532470703,0,GBPINR=X,FOREX,yfinance,1d
2021-12-09,99.54850006103516,100.07713317871094,99.43789672851562,99.54850006103516,0,GBPINR=X,FOREX,yfinance,1d
2021-12-10,99.96786499023438,100.51651763916016,99.8479232788086,99.96786499023438,0,GBPINR=X,FOREX,yfinance,1d
2021-12-13,100.48609924316406,100.49049377441406,99.88932037353516,100.48609924316406,0,GBPINR=X,FOREX,yfinance,1d
2021-12-14,100.18748474121094,100.94189453125,100.02505493164062,100.18748474121094,0,GBPINR=X,FOREX,yfinance,1d
2021-12-15,100.61270904541016,101.28318786621094,100.55560302734375,100.61270904541016,0,GBPINR=X,FOREX,yfinance,1d
2021-12-16,101.10047149658203,101.91896057128906,100.87679290771484,101.10047149658203,0,GBPINR=X,FOREX,yfinance,1d
2021-12-17,101.41558074951172,101.82272338867188,100.81377410888672,101.41558074951172,0,GBPINR=X,FOREX,yfinance,1d
2021-12-20,100.63422393798828,100.75114440917969,100.0032958984375,100.82948303222656,0,GBPINR=X,FOREX,yfinance,1d
2021-12-21,100.06617736816406,100.34010314941406,99.62872314453125,100.06617736816406,0,GBPINR=X,FOREX,yfinance,1d
2021-12-22,100.40552520751953,100.84347534179688,100.01589965820312,100.40552520751953,0,GBPINR=X,FOREX,yfinance,1d
2021-12-23,100.73759460449219,101.03939056396484,100.48284149169922,100.73759460449219,0,GBPINR=X,FOREX,yfinance,1d
2021-12-24,100.55282592773438,100.79600524902344,100.41957092285156,100.55282592773438,0,GBPINR=X,FOREX,yfinance,1d
2021-12-27,100.67509460449219,100.7525634765625,100.3978271484375,100.96190643310547,0,GBPINR=X,FOREX,yfinance,1d
2021-12-28,100.65995025634766,100.77848815917969,100.22000122070312,100.65995025634766,0,GBPINR=X,FOREX,yfinance,1d
2021-12-29,100.4151840209961,100.6356430053711,100.17533874511719,100.39718627929688,0,GBPINR=X,FOREX,yfinance,1d
2021-12-30,100.47488403320312,100.65266418457031,100.07172393798828,100.47488403320312,0,GBPINR=X,FOREX,yfinance,1d
2021-12-31,100.45780181884766,100.99381256103516,100.12290954589844,100.45780181884766,0,GBPINR=X,FOREX,yfinance,1d
2022-01-03,100.77274322509766,100.77274322509766,99.86871337890625,100.80829620361328,0,GBPINR=X,FOREX,yfinance,1d
2022-01-04,100.31211853027344,101.12700653076172,100.22557067871094,100.31211853027344,0,GBPINR=X,FOREX,yfinance,1d
2022-01-05,100.84134674072266,101.07048034667969,100.56404113769531,100.84134674072266,0,GBPINR=X,FOREX,yfinance,1d
2022-01-06,100.90446472167969,101.17386627197266,100.36437225341797,100.90446472167969,0,GBPINR=X,FOREX,yfinance,1d
2022-01-07,100.71528625488281,101.11378479003906,100.55186462402344,100.71528625488281,0,GBPINR=X,FOREX,yfinance,1d
2022-01-10,100.87734985351562,101.14508056640625,100.31615447998047,100.84281158447266,0,GBPINR=X,FOREX,yfinance,1d
2022-01-11,100.56172180175781,100.91696166992188,100.21094512939453,100.56172180175781,0,GBPINR=X,FOREX,yfinance,1d
2022-01-12,100.6449203491211,101.09687042236328,100.45220947265625,100.6449203491211,0,GBPINR=X,FOREX,yfinance,1d
2022-01-13,101.16519927978516,101.6271743774414,101.14517974853516,101.16519927978516,0,GBPINR=X,FOREX,yfinance,1d
2022-01-14,101.45258331298828,101.9350357055664,101.26956939697266,101.45258331298828,0,GBPINR=X,FOREX,yfinance,1d
2022-01-17,101.35738372802734,101.72883605957031,101.32489013671875,101.43405151367188,0,GBPINR=X,FOREX,yfinance,1d
2022-01-18,101.33065032958984,101.69985961914062,101.13203430175781,101.32150268554688,0,GBPINR=X,FOREX,yfinance,1d
2022-01-19,101.46676635742188,101.69536590576172,101.21394348144531,101.46676635742188,0,GBPINR=X,FOREX,yfinance,1d
2022-01-20,101.3100357055664,101.70501708984375,101.19819641113281,101.33939361572266,0,GBPINR=X,FOREX,yfinance,1d
2022-01-21,101.20719146728516,101.42908477783203,100.68480682373047,101.20719146728516,0,GBPINR=X,FOREX,yfinance,1d
2022-01-24,100.84461212158203,101.12822723388672,100.36618041992188,100.84955596923828,0,GBPINR=X,FOREX,yfinance,1d
2022-01-25,100.6788330078125,100.92388916015625,100.44740295410156,100.6788330078125,0,GBPINR=X,FOREX,yfinance,1d
2022-01-26,101.0232925415039,101.25592041015625,100.87244415283203,101.0232925415039,0,GBPINR=X,FOREX,yfinance,1d
2022-01-27,101.38446807861328,101.38446807861328,100.45616912841797,101.38446807861328,0,GBPINR=X,FOREX,yfinance,1d
2022-01-28,100.66378784179688,100.99497985839844,100.18396759033203,100.66378784179688,0,GBPINR=X,FOREX,yfinance,1d
2022-01-31,100.60405731201172,100.8026123046875,100.041259765625,100.58976745605469,0,GBPINR=X,FOREX,yfinance,1d
2022-02-01,100.249267578125,101.08519744873047,100.11876678466797,100.249267578125,0,GBPINR=X,FOREX,yfinance,1d
2022-02-02,101.093505859375,101.5859375,100.93740844726562,101.093505859375,0,GBPINR=X,FOREX,yfinance,1d
2022-02-03,101.47745513916016,102.05055236816406,101.2952880859375,101.47745513916016,0,GBPINR=X,FOREX,yfinance,1d
2022-02-04,101.51556396484375,101.76751708984375,100.98068237304688,101.51556396484375,0,GBPINR=X,FOREX,yfinance,1d
2022-02-07,100.99812316894531,101.17388153076172,100.79347229003906,100.9763412475586,0,GBPINR=X,FOREX,yfinance,1d
2022-02-08,101.04532623291016,101.32454681396484,100.84226989746094,101.04532623291016,0,GBPINR=X,FOREX,yfinance,1d
2022-02-09,101.18540954589844,101.66011047363281,101.12104034423828,101.18540954589844,0,GBPINR=X,FOREX,yfinance,1d
2022-02-10,101.26055908203125,102.48204040527344,101.1329116821289,101.26055908203125,0,GBPINR=X,FOREX,yfinance,1d
2022-02-11,102.39730072021484,102.56764221191406,101.81266021728516,102.39730072021484,0,GBPINR=X,FOREX,yfinance,1d
2022-02-14,102.62207794189453,102.62207794189453,101.98511505126953,102.47286224365234,0,GBPINR=X,FOREX,yfinance,1d
2022-02-15,102.40711975097656,102.5235366821289,101.55200958251953,102.40711975097656,0,GBPINR=X,FOREX,yfinance,1d
2022-02-16,101.95249938964844,102.04620361328125,101.6509017944336,101.95249938964844,0,GBPINR=X,FOREX,yfinance,1d
2022-02-17,102.05413818359375,102.53916931152344,101.78876495361328,102.05413818359375,0,GBPINR=X,FOREX,yfinance,1d
2022-02-18,102.21257019042969,102.42420196533203,101.28693389892578,102.21257019042969,0,GBPINR=X,FOREX,yfinance,1d
2022-02-21,101.50849151611328,101.68802642822266,101.32284545898438,101.49544525146484,0,GBPINR=X,FOREX,yfinance,1d
2022-02-22,101.76190948486328,101.83719635009766,101.11180877685547,101.76190948486328,0,GBPINR=X,FOREX,yfinance,1d
2022-02-23,101.4120101928711,101.73733520507812,101.10691833496094,101.4120101928711,0,GBPINR=X,FOREX,yfinance,1d
2022-02-24,101.19473266601562,101.7329330444336,100.4736328125,101.19473266601562,0,GBPINR=X,FOREX,yfinance,1d
2022-02-25,100.88933563232422,101.46615600585938,100.46736145019531,100.88933563232422,0,GBPINR=X,FOREX,yfinance,1d
2022-02-28,100.35660552978516,101.42570495605469,100.16313171386719,100.58072662353516,0,GBPINR=X,FOREX,yfinance,1d
2022-03-01,101.27137756347656,101.73686218261719,100.90190887451172,101.27137756347656,0,GBPINR=X,FOREX,yfinance,1d
2022-03-02,101.03009033203125,101.42301940917969,100.54316711425781,101.03009033203125,0,GBPINR=X,FOREX,yfinance,1d
2022-03-03,101.30425262451172,101.76741027832031,101.11647033691406,101.30425262451172,0,GBPINR=X,FOREX,yfinance,1d
2022-03-04,101.29833221435547,101.64389038085938,100.92807006835938,101.2950439453125,0,GBPINR=X,FOREX,yfinance,1d
2022-03-07,100.94004821777344,101.76898193359375,100.80168151855469,101.16239929199219,0,GBPINR=X,FOREX,yfinance,1d
2022-03-08,101.03433990478516,101.55134582519531,100.61054992675781,101.03433990478516,0,GBPINR=X,FOREX,yfinance,1d
2022-03-09,100.71019744873047,101.25277709960938,100.46379852294922,100.71019744873047,0,GBPINR=X,FOREX,yfinance,1d
2022-03-10,100.35025787353516,100.6504898071289,100.11234283447266,100.35025787353516,0,GBPINR=X,FOREX,yfinance,1d
2022-03-11,99.8957748413086,100.46495819091797,99.81236267089844,99.8957748413086,0,GBPINR=X,FOREX,yfinance,1d
2022-03-14,100.09715270996094,100.14299011230469,99.47756958007812,100.06640625,0,GBPINR=X,FOREX,yfinance,1d
2022-03-15,99.50160217285156,100.41399383544922,99.48450469970703,99.50160217285156,0,GBPINR=X,FOREX,yfinance,1d
2022-03-16,99.52643585205078,99.9771728515625,99.43982696533203,99.4736099243164,0,GBPINR=X,FOREX,yfinance,1d
2022-03-17,99.9646224975586,100.42349243164062,99.26280212402344,99.9646224975586,0,GBPINR=X,FOREX,yfinance,1d
2022-03-18,99.9367446899414,100.2658462524414,99.80785369873047,99.9367446899414,0,GBPINR=X,FOREX,yfinance,1d
2022-03-21,99.93013000488281,100.68383026123047,99.86764526367188,100.12001037597656,0,GBPINR=X,FOREX,yfinance,1d
2022-03-22,100.47562408447266,100.99668884277344,99.76354217529297,100.47562408447266,0,GBPINR=X,FOREX,yfinance,1d
2022-03-23,100.96261596679688,101.3233871459961,100.71395874023438,100.96261596679688,0,GBPINR=X,FOREX,yfinance,1d
2022-03-24,101.0859146118164,101.48513793945312,100.38457489013672,101.0859146118164,0,GBPINR=X,FOREX,yfinance,1d
2022-03-25,100.68412017822266,101.0409927368164,100.25216674804688,100.68412017822266,0,GBPINR=X,FOREX,yfinance,1d
2022-03-28,100.46955871582031,100.84424591064453,99.38658142089844,100.46955871582031,0,GBPINR=X,FOREX,yfinance,1d
2022-03-29,99.56395721435547,99.84095001220703,99.24463653564453,99.56395721435547,0,GBPINR=X,FOREX,yfinance,1d
2022-03-30,99.12503814697266,99.92825317382812,99.0029525756836,99.12503814697266,0,GBPINR=X,FOREX,yfinance,1d
2022-03-31,99.62188720703125,99.91637420654297,99.21820831298828,99.62188720703125,0,GBPINR=X,FOREX,yfinance,1d
2022-04-01,99.75308990478516,99.89347839355469,99.40091705322266,99.75308990478516,0,GBPINR=X,FOREX,yfinance,1d
2022-04-04,99.58629608154297,99.68010711669922,98.8328628540039,99.58629608154297,0,GBPINR=X,FOREX,yfinance,1d
2022-04-05,98.97027587890625,99.14859771728516,98.70929718017578,98.96270751953125,0,GBPINR=X,FOREX,yfinance,1d
2022-04-06,98.65911865234375,99.49718475341797,98.44354248046875,98.65911865234375,0,GBPINR=X,FOREX,yfinance,1d
2022-04-07,99.26153564453125,99.58155822753906,99.12923431396484,99.26153564453125,0,GBPINR=X,FOREX,yfinance,1d
2022-04-08,99.22716522216797,99.31590270996094,98.64456176757812,99.22716522216797,0,GBPINR=X,FOREX,yfinance,1d
2022-04-11,98.95744323730469,99.15543365478516,98.63231658935547,98.95744323730469,0,GBPINR=X,FOREX,yfinance,1d
2022-04-12,98.7576675415039,99.29457092285156,98.66963195800781,98.75279998779297,0,GBPINR=X,FOREX,yfinance,1d
2022-04-13,99.00642395019531,99.50684356689453,98.80731964111328,99.00642395019531,0,GBPINR=X,FOREX,yfinance,1d
2022-04-14,99.83771514892578,100.10292053222656,99.31729888916016,99.83771514892578,0,GBPINR=X,FOREX,yfinance,1d
2022-04-15,99.76939392089844,100.10895538330078,99.58721160888672,99.77439880371094,0,GBPINR=X,FOREX,yfinance,1d
2022-04-18,99.66756439208984,99.7538070678711,99.19261169433594,99.66756439208984,0,GBPINR=X,FOREX,yfinance,1d
2022-04-19,99.25398254394531,99.73871612548828,99.04362487792969,99.25997924804688,0,GBPINR=X,FOREX,yfinance,1d
2022-04-20,99.4243392944336,99.81964874267578,99.27035522460938,99.4243392944336,0,GBPINR=X,FOREX,yfinance,1d
2022-04-21,99.6417007446289,99.65121459960938,99.24007415771484,99.6417007446289,0,GBPINR=X,FOREX,yfinance,1d
2022-04-22,99.35102844238281,99.57875061035156,98.19237518310547,99.39806365966797,0,GBPINR=X,FOREX,yfinance,1d
2022-04-25,98.11503601074219,98.21971130371094,97.38418579101562,98.11503601074219,0,GBPINR=X,FOREX,yfinance,1d
2022-04-26,97.47693634033203,97.970703125,96.68583679199219,97.47693634033203,0,GBPINR=X,FOREX,yfinance,1d
2022-04-27,96.55702209472656,96.9055404663086,95.82130432128906,96.55702209472656,0,GBPINR=X,FOREX,yfinance,1d
2022-04-28,95.90386199951172,96.28407287597656,95.19518280029297,95.90486145019531,0,GBPINR=X,FOREX,yfinance,1d
2022-04-29,95.44009399414062,96.22135925292969,95.44009399414062,95.44009399414062,0,GBPINR=X,FOREX,yfinance,1d
2022-05-02,96.29302215576172,96.30201721191406,95.7073745727539,96.29302215576172,0,GBPINR=X,FOREX,yfinance,1d
2022-05-03,95.62614440917969,96.19685363769531,95.62614440917969,95.6201400756836,0,GBPINR=X,FOREX,yfinance,1d
2022-05-04,95.53585815429688,95.7039794921875,95.08719635009766,95.53585815429688,0,GBPINR=X,FOREX,yfinance,1d
2022-05-05,95.98609924316406,96.25255584716797,94.35396575927734,95.98609924316406,0,GBPINR=X,FOREX,yfinance,1d
2022-05-06,94.65252685546875,95.15477752685547,94.34481048583984,94.65252685546875,0,GBPINR=X,FOREX,yfinance,1d
2022-05-09,94.87222290039062,95.96757507324219,94.63922882080078,94.87222290039062,0,GBPINR=X,FOREX,yfinance,1d
2022-05-10,95.44815063476562,95.68098449707031,95.01567077636719,95.46949005126953,0,GBPINR=X,FOREX,yfinance,1d
2022-05-11,95.16738891601562,95.74726104736328,95.0881118774414,95.16738891601562,0,GBPINR=X,FOREX,yfinance,1d
2022-05-12,94.82030487060547,95.00970458984375,94.29244232177734,94.82030487060547,0,GBPINR=X,FOREX,yfinance,1d
2022-05-13,94.50331115722656,94.82731628417969,94.25361633300781,94.50331115722656,0,GBPINR=X,FOREX,yfinance,1d
2022-05-16,94.93933868408203,95.53984832763672,94.79521179199219,94.93833923339844,0,GBPINR=X,FOREX,yfinance,1d
2022-05-17,95.90296936035156,96.84991455078125,95.70836639404297,95.89400482177734,0,GBPINR=X,FOREX,yfinance,1d
2022-05-18,96.62199401855469,97.02191925048828,95.98985290527344,96.62199401855469,0,GBPINR=X,FOREX,yfinance,1d
2022-05-19,96.05890655517578,97.01809692382812,95.89277648925781,96.06149291992188,0,GBPINR=X,FOREX,yfinance,1d
2022-05-20,96.54366302490234,97.20396423339844,96.32791900634766,96.54366302490234,0,GBPINR=X,FOREX,yfinance,1d
2022-05-23,97.32714080810547,97.68772888183594,97.2217025756836,97.32714080810547,0,GBPINR=X,FOREX,yfinance,1d
2022-05-24,97.43953704833984,97.76453399658203,96.77384185791016,97.43953704833984,0,GBPINR=X,FOREX,yfinance,1d
2022-05-25,97.18390655517578,97.39860534667969,96.8172607421875,97.19052124023438,0,GBPINR=X,FOREX,yfinance,1d
2022-05-26,97.56330108642578,97.8822250366211,97.40262603759766,97.56330108642578,0,GBPINR=X,FOREX,yfinance,1d
2022-05-27,97.94852447509766,98.27618408203125,97.64253234863281,97.94852447509766,0,GBPINR=X,FOREX,yfinance,1d
2022-05-30,98.09471893310547,98.30886840820312,97.82855224609375,98.09471893310547,0,GBPINR=X,FOREX,yfinance,1d
2022-05-31,98.10617065429688,98.10617065429688,97.5841064453125,98.10617065429688,0,GBPINR=X,FOREX,yfinance,1d
2022-06-01,97.8279800415039,98.16829681396484,96.62384796142578,97.80998229980469,0,GBPINR=X,FOREX,yfinance,1d
2022-06-02,96.8494644165039,97.46653747558594,96.76838684082031,96.86276245117188,0,GBPINR=X,FOREX,yfinance,1d
2022-06-03,97.28582763671875,97.65867614746094,97.04078674316406,97.28582763671875,0,GBPINR=X,FOREX,yfinance,1d
2022-06-06,97.08740997314453,97.62745666503906,96.79064178466797,97.08740997314453,0,GBPINR=X,FOREX,yfinance,1d
2022-06-07,97.4547119140625,97.80721282958984,96.59832000732422,97.45639038085938,0,GBPINR=X,FOREX,yfinance,1d
2022-06-08,98.05967712402344,98.05967712402344,97.29134368896484,98.05967712402344,0,GBPINR=X,FOREX,yfinance,1d
2022-06-09,97.47067260742188,97.76588439941406,97.1806640625,97.4752197265625,0,GBPINR=X,FOREX,yfinance,1d
2022-06-10,97.25244903564453,97.42961120605469,96.15177917480469,97.25244903564453,0,GBPINR=X,FOREX,yfinance,1d
2022-06-13,96.12098693847656,96.27699279785156,94.81802368164062,96.12098693847656,0,GBPINR=X,FOREX,yfinance,1d
2022-06-14,94.91429901123047,95.24842071533203,93.5571517944336,94.86388397216797,0,GBPINR=X,FOREX,yfinance,1d
2022-06-15,93.54474639892578,94.71910095214844,93.54474639892578,93.54474639892578,0,GBPINR=X,FOREX,yfinance,1d
2022-06-16,94.81614685058594,96.29862213134766,94.0718002319336,94.81614685058594,0,GBPINR=X,FOREX,yfinance,1d
2022-06-17,96.36564636230469,96.37090301513672,95.0302963256836,96.36564636230469,0,GBPINR=X,FOREX,yfinance,1d
2022-06-20,95.26715850830078,95.69346618652344,95.1226806640625,95.26715850830078,0,GBPINR=X,FOREX,yfinance,1d
2022-06-21,95.44515991210938,96.15247344970703,95.4361572265625,95.44515991210938,0,GBPINR=X,FOREX,yfinance,1d
2022-06-22,95.93843078613281,96.29342651367188,95.19662475585938,95.93843078613281,0,GBPINR=X,FOREX,yfinance,1d
2022-06-23,95.8696060180664,96.10259246826172,95.35565948486328,95.8696060180664,0,GBPINR=X,FOREX,yfinance,1d
2022-06-24,95.74418640136719,96.38240814208984,95.71708679199219,95.74418640136719,0,GBPINR=X,FOREX,yfinance,1d
2022-06-27,96.20355224609375,96.56887817382812,95.910888671875,96.20455169677734,0,GBPINR=X,FOREX,yfinance,1d
2022-06-28,96.20874786376953,96.77599334716797,96.16374969482422,96.20774841308594,0,GBPINR=X,FOREX,yfinance,1d
2022-06-29,96.33421325683594,96.49476623535156,95.46192932128906,96.33421325683594,0,GBPINR=X,FOREX,yfinance,1d
2022-06-30,95.60720825195312,96.33354187011719,95.54507446289062,95.60720825195312,0,GBPINR=X,FOREX,yfinance,1d
2022-07-01,96.01335144042969,96.24535369873047,94.62066650390625,96.14906311035156,0,GBPINR=X,FOREX,yfinance,1d
2022-07-04,95.60179138183594,95.99425506591797,95.4573974609375,95.60279846191406,0,GBPINR=X,FOREX,yfinance,1d
2022-07-05,95.61412811279297,95.86107635498047,94.3311996459961,95.6365966796875,0,GBPINR=X,FOREX,yfinance,1d
2022-07-06,94.90081787109375,95.14743041992188,93.9286880493164,94.90081787109375,0,GBPINR=X,FOREX,yfinance,1d
2022-07-07,94.24517822265625,95.13983154296875,94.12228393554688,94.25871276855469,0,GBPINR=X,FOREX,yfinance,1d
2022-07-08,95.31221008300781,95.55518341064453,94.5398178100586,95.24483489990234,0,GBPINR=X,FOREX,yfinance,1d
2022-07-11,95.37458801269531,95.37458801269531,94.35993957519531,95.37458801269531,0,GBPINR=X,FOREX,yfinance,1d
2022-07-12,94.50469207763672,94.78375244140625,94.01610565185547,94.50469207763672,0,GBPINR=X,FOREX,yfinance,1d
2022-07-13,94.42678833007812,95.34324645996094,94.35584259033203,94.42726135253906,0,GBPINR=X,FOREX,yfinance,1d
2022-07-14,94.63994598388672,94.85810852050781,94.27965545654297,94.63058471679688,0,GBPINR=X,FOREX,yfinance,1d
2022-07-15,94.55886840820312,94.67520904541016,94.28601837158203,94.55886840820312,0,GBPINR=X,FOREX,yfinance,1d
2022-07-18,94.70861053466797,96.20374298095703,94.69715881347656,94.70861053466797,0,GBPINR=X,FOREX,yfinance,1d
2022-07-19,95.62030792236328,96.41925048828125,95.40021514892578,95.62030792236328,0,GBPINR=X,FOREX,yfinance,1d
2022-07-20,95.84664154052734,96.26948547363281,95.7037582397461,95.84664154052734,0,GBPINR=X,FOREX,yfinance,1d
2022-07-21,95.76683807373047,96.07530975341797,94.99761962890625,95.75684356689453,0,GBPINR=X,FOREX,yfinance,1d
2022-07-22,95.64927673339844,96.30565643310547,95.25627136230469,95.64927673339844,0,GBPINR=X,FOREX,yfinance,1d
2022-07-25,95.76922607421875,96.40406036376953,95.43904876708984,95.76922607421875,0,GBPINR=X,FOREX,yfinance,1d
2022-07-26,96.05732727050781,96.37439727783203,95.49427795410156,96.05732727050781,0,GBPINR=X,FOREX,yfinance,1d
2022-07-27,96.13676452636719,96.5617904663086,96.02810668945312,96.13676452636719,0,GBPINR=X,FOREX,yfinance,1d
2022-07-28,97.05168151855469,97.27008056640625,96.4482421875,97.05168151855469,0,GBPINR=X,FOREX,yfinance,1d
2022-07-29,96.87590026855469,97.17083740234375,95.80280303955078,96.87590026855469,0,GBPINR=X,FOREX,yfinance,1d
2022-08-01,96.36865997314453,97.02188873291016,96.2996597290039,96.36865997314453,0,GBPINR=X,FOREX,yfinance,1d
2022-08-02,96.7350845336914,97.17985534667969,95.17401123046875,96.75408172607422,0,GBPINR=X,FOREX,yfinance,1d
2022-08-03,95.68489837646484,96.59239196777344,95.43122100830078,95.68489837646484,0,GBPINR=X,FOREX,yfinance,1d
2022-08-04,96.05679321289062,97.124267578125,95.76839447021484,96.05679321289062,0,GBPINR=X,FOREX,yfinance,1d
2022-08-05,96.2359619140625,96.49942016601562,95.30059051513672,96.2369613647461,0,GBPINR=X,FOREX,yfinance,1d
2022-08-08,95.78216552734375,96.77485656738281,95.6724853515625,95.78216552734375,0,GBPINR=X,FOREX,yfinance,1d
2022-08-09,96.1474380493164,96.84508514404297,95.97227478027344,96.1474380493164,0,GBPINR=X,FOREX,yfinance,1d
2022-08-10,96.09967803955078,97.02523040771484,95.92627716064453,96.09967803955078,0,GBPINR=X,FOREX,yfinance,1d
2022-08-11,96.59679412841797,97.65142059326172,96.40790557861328,96.59679412841797,0,GBPINR=X,FOREX,yfinance,1d
2022-08-12,97.07980346679688,97.28169250488281,96.42549896240234,97.07980346679688,0,GBPINR=X,FOREX,yfinance,1d
2022-08-15,96.62799072265625,96.72177124023438,95.88465118408203,96.62899017333984,0,GBPINR=X,FOREX,yfinance,1d
2022-08-16,95.91026306152344,96.09269714355469,95.29842376708984,95.90926361083984,0,GBPINR=X,FOREX,yfinance,1d
2022-08-17,95.74732971191406,96.29337310791016,95.49928283691406,95.74732971191406,0,GBPINR=X,FOREX,yfinance,1d
2022-08-18,95.58367919921875,96.349853515625,95.41173553466797,95.59268188476562,0,GBPINR=X,FOREX,yfinance,1d
2022-08-19,95.19432830810547,95.333740234375,94.27149200439453,95.19432830810547,0,GBPINR=X,FOREX,yfinance,1d
2022-08-22,94.41973114013672,94.69805145263672,93.85828399658203,94.41873168945312,0,GBPINR=X,FOREX,yfinance,1d
2022-08-23,93.95957946777344,94.74455261230469,93.60121154785156,93.95957946777344,0,GBPINR=X,FOREX,yfinance,1d
2022-08-24,94.43595886230469,94.7164306640625,93.8320541381836,94.46995544433594,0,GBPINR=X,FOREX,yfinance,1d
2022-08-25,94.1307373046875,94.82878112792969,94.09674072265625,94.1347427368164,0,GBPINR=X,FOREX,yfinance,1d
2022-08-26,94.55611419677734,94.83610534667969,93.8821792602539,94.55611419677734,0,GBPINR=X,FOREX,yfinance,1d
2022-08-29,93.50410461425781,93.86796569824219,93.19573211669922,93.50410461425781,0,GBPINR=X,FOREX,yfinance,1d
2022-08-30,93.63362884521484,93.94568634033203,92.58418273925781,93.62678527832031,0,GBPINR=X,FOREX,yfinance,1d
2022-08-31,92.87100982666016,93.03644561767578,92.28710174560547,92.87100982666016,0,GBPINR=X,FOREX,yfinance,1d
2022-09-01,92.40715789794922,92.4306640625,91.66439819335938,92.40715789794922,0,GBPINR=X,FOREX,yfinance,1d
2022-09-02,92.00836944580078,92.60042572021484,91.89530944824219,92.01236724853516,0,GBPINR=X,FOREX,yfinance,1d
2022-09-05,91.52689361572266,91.94760131835938,91.38387298583984,91.52689361572266,0,GBPINR=X,FOREX,yfinance,1d
2022-09-06,91.94762420654297,92.70427703857422,91.82263946533203,91.94762420654297,0,GBPINR=X,FOREX,yfinance,1d
2022-09-07,92.02266693115234,92.03239440917969,91.07478332519531,92.02266693115234,0,GBPINR=X,FOREX,yfinance,1d
2022-09-08,91.76138305664062,92.31822204589844,91.45597076416016,91.76925659179688,0,GBPINR=X,FOREX,yfinance,1d
2022-09-09,91.71566009521484,92.5867919921875,91.71566009521484,91.71566009521484,0,GBPINR=X,FOREX,yfinance,1d
2022-09-12,92.52458190917969,93.15943145751953,92.34998321533203,92.52458190917969,0,GBPINR=X,FOREX,yfinance,1d
2022-09-13,92.72454833984375,93.13581085205078,91.52174377441406,92.72454833984375,0,GBPINR=X,FOREX,yfinance,1d
2022-09-14,91.53740692138672,92.10662841796875,91.34381866455078,91.53361511230469,0,GBPINR=X,FOREX,yfinance,1d
2022-09-15,91.72586822509766,92.04354095458984,91.4972915649414,91.73286437988281,0,GBPINR=X,FOREX,yfinance,1d
2022-09-16,91.53544616699219,91.80469512939453,90.4371566772461,91.53544616699219,0,GBPINR=X,FOREX,yfinance,1d
2022-09-19,91.0815200805664,91.24091339111328,90.56128692626953,91.0815200805664,0,GBPINR=X,FOREX,yfinance,1d
2022-09-20,91.15582275390625,91.33805847167969,90.76719665527344,91.15380859375,0,GBPINR=X,FOREX,yfinance,1d
2022-09-21,90.73812866210938,91.03372955322266,90.3725814819336,90.7541275024414,0,GBPINR=X,FOREX,yfinance,1d
2022-09-22,90.26055908203125,91.90470886230469,89.9716567993164,90.26055908203125,0,GBPINR=X,FOREX,yfinance,1d
2022-09-23,91.22744750976562,91.4655532836914,88.47990417480469,91.22744750976562,0,GBPINR=X,FOREX,yfinance,1d
2022-09-26,87.96232604980469,89.15381622314453,84.1935043334961,87.96332550048828,0,GBPINR=X,FOREX,yfinance,1d
2022-09-27,87.2103042602539,88.35488891601562,87.1913070678711,87.2103042602539,0,GBPINR=X,FOREX,yfinance,1d
2022-09-28,87.62940979003906,88.51058197021484,86.31661987304688,87.62940979003906,0,GBPINR=X,FOREX,yfinance,1d
2022-09-29,88.47295379638672,90.36569213867188,87.9412612915039,88.47295379638672,0,GBPINR=X,FOREX,yfinance,1d
2022-09-30,90.70386505126953,91.62677764892578,89.83961486816406,90.70386505126953,0,GBPINR=X,FOREX,yfinance,1d
2022-10-03,90.80573272705078,92.37377166748047,90.67686462402344,90.80573272705078,0,GBPINR=X,FOREX,yfinance,1d
2022-10-04,92.31459045410156,93.1892318725586,92.06051635742188,92.31920623779297,0,GBPINR=X,FOREX,yfinance,1d
2022-10-05,93.45869445800781,93.4926986694336,91.69441223144531,93.45869445800781,0,GBPINR=X,FOREX,yfinance,1d
2022-10-06,92.617919921875,92.91157531738281,91.35529327392578,92.59892272949219,0,GBPINR=X,FOREX,yfinance,1d
2022-10-07,91.8779525756836,92.46916961669922,91.38580322265625,91.8779525756836,0,GBPINR=X,FOREX,yfinance,1d
2022-10-10,91.70372009277344,92.1321792602539,90.82742309570312,91.70372009277344,0,GBPINR=X,FOREX,yfinance,1d
2022-10-11,91.21455383300781,91.84217071533203,90.6448974609375,91.15254974365234,0,GBPINR=X,FOREX,yfinance,1d
2022-10-12,90.37046813964844,91.44314575195312,89.94197845458984,90.37046813964844,0,GBPINR=X,FOREX,yfinance,1d
2022-10-13,91.23128509521484,93.49751281738281,91.11140441894531,91.25257873535156,0,GBPINR=X,FOREX,yfinance,1d
2022-10-14,93.0577392578125,93.38894653320312,91.84575653076172,93.0577392578125,0,GBPINR=X,FOREX,yfinance,1d
2022-10-17,92.5760498046875,94.09432220458984,92.29714965820312,92.5760498046875,0,GBPINR=X,FOREX,yfinance,1d
2022-10-18,93.39938354492188,93.80323791503906,92.73600006103516,93.3653793334961,0,GBPINR=X,FOREX,yfinance,1d
2022-10-19,93.22373962402344,93.77800750732422,92.67770385742188,93.22373962402344,0,GBPINR=X,FOREX,yfinance,1d
2022-10-20,93.04692077636719,93.60072326660156,92.48057556152344,93.04692077636719,0,GBPINR=X,FOREX,yfinance,1d
2022-10-21,92.93958282470703,93.16442108154297,91.89876556396484,92.93958282470703,0,GBPINR=X,FOREX,yfinance,1d
2022-10-24,93.37198638916016,94.0178451538086,93.35295104980469,93.37198638916016,0,GBPINR=X,FOREX,yfinance,1d
2022-10-25,93.6072006225586,95.1060791015625,93.2732925415039,93.6072006225586,0,GBPINR=X,FOREX,yfinance,1d
2022-10-26,94.45680236816406,95.30299377441406,94.32100677490234,94.45680236816406,0,GBPINR=X,FOREX,yfinance,1d
2022-10-27,95.33983612060547,95.97195434570312,95.1779556274414,95.33983612060547,0,GBPINR=X,FOREX,yfinance,1d
2022-10-28,95.28630828857422,95.66221618652344,94.87939453125,95.28630828857422,0,GBPINR=X,FOREX,yfinance,1d
2022-10-31,95.36141967773438,95.8736343383789,95.07555389404297,95.5363540649414,0,GBPINR=X,FOREX,yfinance,1d
2022-11-01,94.86225891113281,95.75487518310547,94.58895111083984,94.86225891113281,0,GBPINR=X,FOREX,yfinance,1d
2022-11-02,94.9685287475586,95.52172088623047,94.80386352539062,94.9685287475586,0,GBPINR=X,FOREX,yfinance,1d
2022-11-03,94.37934112548828,94.66216278076172,92.43521118164062,94.37934112548828,0,GBPINR=X,FOREX,yfinance,1d
2022-11-04,92.31482696533203,93.08619689941406,91.93695831298828,92.31482696533203,0,GBPINR=X,FOREX,yfinance,1d
2022-11-07,93.26705169677734,94.20531463623047,92.89080810546875,93.26705169677734,0,GBPINR=X,FOREX,yfinance,1d
2022-11-08,94.20272064208984,94.52433776855469,93.23506927490234,94.20272064208984,0,GBPINR=X,FOREX,yfinance,1d
2022-11-09,93.95335388183594,94.2035903930664,92.3304214477539,93.95335388183594,0,GBPINR=X,FOREX,yfinance,1d
2022-11-10,92.47208404541016,94.42488861083984,92.4595947265625,92.47208404541016,0,GBPINR=X,FOREX,yfinance,1d
2022-11-11,94.21907043457031,95.17467498779297,93.72941589355469,94.21907043457031,0,GBPINR=X,FOREX,yfinance,1d
2022-11-14,94.95951080322266,95.96721649169922,94.69099426269531,95.14218139648438,0,GBPINR=X,FOREX,yfinance,1d
2022-11-15,95.18473052978516,96.88103485107422,95.0302505493164,95.1732406616211,0,GBPINR=X,FOREX,yfinance,1d
2022-11-16,96.13593292236328,96.95980072021484,96.02791595458984,96.13593292236328,0,GBPINR=X,FOREX,yfinance,1d
2022-11-17,97.03560638427734,97.40093231201172,96.21976470947266,97.03560638427734,0,GBPINR=X,FOREX,yfinance,1d
2022-11-18,96.71105194091797,97.61306762695312,96.71012115478516,96.71105194091797,0,GBPINR=X,FOREX,yfinance,1d
2022-11-21,96.9428482055664,97.05209350585938,96.23811340332031,96.84806823730469,0,GBPINR=X,FOREX,yfinance,1d
2022-11-22,96.63702392578125,97.17501068115234,96.6137466430664,96.63702392578125,0,GBPINR=X,FOREX,yfinance,1d
2022-11-23,97.16265106201172,98.72422790527344,97.03971099853516,97.16265106201172,0,GBPINR=X,FOREX,yfinance,1d
2022-11-24,98.40453338623047,99.20735931396484,98.40453338623047,98.37653350830078,0,GBPINR=X,FOREX,yfinance,1d
2022-11-25,98.9715347290039,99.0851821899414,98.53456115722656,98.9715347290039,0,GBPINR=X,FOREX,yfinance,1d
2022-11-28,98.6261978149414,98.89160919189453,98.16742706298828,98.65493774414062,0,GBPINR=X,FOREX,yfinance,1d
2022-11-29,97.65695190429688,98.49201965332031,97.47564697265625,97.65695190429688,0,GBPINR=X,FOREX,yfinance,1d
2022-11-30,97.55378723144531,97.88496398925781,96.9415283203125,97.55378723144531,0,GBPINR=X,FOREX,yfinance,1d
2022-12-01,98.18914031982422,99.78392791748047,97.91342163085938,98.18914031982422,0,GBPINR=X,FOREX,yfinance,1d
2022-12-02,99.58634948730469,100.06082916259766,98.91264343261719,99.58634948730469,0,GBPINR=X,FOREX,yfinance,1d
2022-12-05,99.94705963134766,100.7024154663086,99.61534118652344,100.01132202148438,0,GBPINR=X,FOREX,yfinance,1d
2022-12-06,99.86063385009766,101.11656188964844,99.6882095336914,99.8625259399414,0,GBPINR=X,FOREX,yfinance,1d
2022-12-07,99.92293548583984,100.51678466796875,99.8652114868164,99.92293548583984,0,GBPINR=X,FOREX,yfinance,1d
2022-12-08,100.3793716430664,100.7469482421875,100.14610290527344,100.3793716430664,0,GBPINR=X,FOREX,yfinance,1d
2022-12-09,100.66360473632812,101.60214233398438,100.47252655029297,100.66429901123047,0,GBPINR=X,FOREX,yfinance,1d
2022-12-12,100.82179260253906,101.62351989746094,100.65685272216797,101.06307220458984,0,GBPINR=X,FOREX,yfinance,1d
2022-12-13,101.39395904541016,102.61323547363281,101.31266021728516,101.3879623413086,0,GBPINR=X,FOREX,yfinance,1d
2022-12-14,101.8299331665039,102.55259704589844,101.78973388671875,101.83673095703125,0,GBPINR=X,FOREX,yfinance,1d
2022-12-15,102.47258758544922,102.62397766113281,101.21986389160156,102.47258758544922,0,GBPINR=X,FOREX,yfinance,1d
2022-12-16,100.9764404296875,101.2273178100586,100.41725158691406,100.94844055175781,0,GBPINR=X,FOREX,yfinance,1d
2022-12-19,100.72046661376953,101.19426727294922,100.23847198486328,100.47722625732422,0,GBPINR=X,FOREX,yfinance,1d
2022-12-20,100.34486389160156,100.93367767333984,100.07671356201172,100.34486389160156,0,GBPINR=X,FOREX,yfinance,1d
2022-12-21,100.74784088134766,100.88703918457031,100.06542205810547,100.74784088134766,0,GBPINR=X,FOREX,yfinance,1d
2022-12-22,100.1100082397461,100.45789337158203,99.42740631103516,100.1100082397461,0,GBPINR=X,FOREX,yfinance,1d
2022-12-23,99.78202056884766,100.14583587646484,99.58705139160156,99.78202056884766,0,GBPINR=X,FOREX,yfinance,1d
2022-12-26,99.66182708740234,100.04959869384766,98.75932312011719,99.56356811523438,0,GBPINR=X,FOREX,yfinance,1d
2022-12-27,100.17884063720703,100.24748229980469,99.40989685058594,100.18792724609375,0,GBPINR=X,FOREX,yfinance,1d
2022-12-28,99.56495666503906,100.36613464355469,99.3736343383789,99.57096099853516,0,GBPINR=X,FOREX,yfinance,1d
2022-12-29,99.56378173828125,100.07401275634766,99.47675323486328,99.56378173828125,0,GBPINR=X,FOREX,yfinance,1d
2022-12-30,99.90866088867188,100.04913330078125,99.34270477294922,99.90866088867188,0,GBPINR=X,FOREX,yfinance,1d
2023-01-02,100.12060546875,100.12060546875,99.22028350830078,100.0982437133789,0,GBPINR=X,FOREX,yfinance,1d
2023-01-03,99.74076843261719,99.97222137451172,98.66837310791016,99.73077392578125,0,GBPINR=X,FOREX,yfinance,1d
2023-01-04,99.09300994873047,100.08133697509766,99.09201049804688,99.08344268798828,0,GBPINR=X,FOREX,yfinance,1d
2023-01-05,99.68093872070312,99.83255004882812,98.09606170654297,99.68093872070312,0,GBPINR=X,FOREX,yfinance,1d
2023-01-06,98.43617248535156,99.44890594482422,97.95173645019531,98.43617248535156,0,GBPINR=X,FOREX,yfinance,1d
2023-01-09,99.5363998413086,100.31039428710938,99.53178405761719,99.49280548095703,0,GBPINR=X,FOREX,yfinance,1d
2023-01-10,100.1347427368164,100.4883804321289,99.06328582763672,100.1347427368164,0,GBPINR=X,FOREX,yfinance,1d
2023-01-11,99.23275756835938,99.51264190673828,98.88037872314453,99.23275756835938,0,GBPINR=X,FOREX,yfinance,1d
2023-01-12,99.2158203125,99.50177764892578,98.4885482788086,99.2158203125,0,GBPINR=X,FOREX,yfinance,1d
2023-01-13,99.08126068115234,99.62525177001953,98.96834564208984,99.08126068115234,0,GBPINR=X,FOREX,yfinance,1d
2023-01-16,99.4412841796875,99.8047103881836,99.43221282958984,99.41944122314453,0,GBPINR=X,FOREX,yfinance,1d
2023-01-17,99.61845397949219,100.32038879394531,99.44577026367188,99.61845397949219,0,GBPINR=X,FOREX,yfinance,1d
2023-01-18,100.16463470458984,100.95397186279297,100.03421020507812,100.16463470458984,0,GBPINR=X,FOREX,yfinance,1d
2023-01-19,100.54745483398438,100.62276458740234,100.17572021484375,100.54745483398438,0,GBPINR=X,FOREX,yfinance,1d
2023-01-20,100.64547729492188,100.77037048339844,100.10794067382812,100.64547729492188,0,GBPINR=X,FOREX,yfinance,1d
2023-01-23,100.4593505859375,101.10917663574219,100.4289321899414,100.2825927734375,0,GBPINR=X,FOREX,yfinance,1d
2023-01-24,100.89531707763672,101.18504333496094,100.11540985107422,100.90006256103516,0,GBPINR=X,FOREX,yfinance,1d
2023-01-25,100.64306640625,101.13382720947266,100.29874420166016,100.64306640625,0,GBPINR=X,FOREX,yfinance,1d
2023-01-26,101.08961486816406,101.2283935546875,100.62468719482422,101.08961486816406,0,GBPINR=X,FOREX,yfinance,1d
2023-01-27,101.14326477050781,101.27149963378906,100.70506286621094,101.14326477050781,0,GBPINR=X,FOREX,yfinance,1d
2023-01-30,101.0722885131836,101.3107681274414,100.81278991699219,100.9228515625,0,GBPINR=X,FOREX,yfinance,1d
2023-01-31,100.75191497802734,101.09636688232422,100.51972961425781,100.75191497802734,0,GBPINR=X,FOREX,yfinance,1d
2023-02-01,100.66886901855469,101.0657730102539,100.56727600097656,100.66886901855469,0,GBPINR=X,FOREX,yfinance,1d
2023-02-02,101.23063659667969,101.79632568359375,100.49713134765625,101.23063659667969,0,GBPINR=X,FOREX,yfinance,1d
2023-02-03,100.31912994384766,100.55595397949219,99.21309661865234,100.31912994384766,0,GBPINR=X,FOREX,yfinance,1d
2023-02-06,98.99039459228516,99.83805084228516,98.99039459228516,99.39940643310547,0,GBPINR=X,FOREX,yfinance,1d
2023-02-07,99.48092651367188,99.7350082397461,98.9844970703125,99.48092651367188,0,GBPINR=X,FOREX,yfinance,1d
2023-02-08,99.70510864257812,99.97388458251953,99.53645324707031,99.70410919189453,0,GBPINR=X,FOREX,yfinance,1d
2023-02-09,99.77693176269531,100.57373046875,99.63101959228516,99.77693176269531,0,GBPINR=X,FOREX,yfinance,1d
2023-02-10,100.0375747680664,100.14513397216797,99.50728607177734,100.0375747680664,0,GBPINR=X,FOREX,yfinance,1d
2023-02-13,99.34632110595703,100.32678985595703,99.34632110595703,99.53168487548828,0,GBPINR=X,FOREX,yfinance,1d
2023-02-14,100.29472351074219,101.4359359741211,100.2425308227539,100.2667236328125,0,GBPINR=X,FOREX,yfinance,1d
2023-02-15,100.89881134033203,101.06439971923828,99.30992889404297,100.89881134033203,0,GBPINR=X,FOREX,yfinance,1d
2023-02-16,99.56654357910156,99.79881286621094,99.1124267578125,99.57380676269531,0,GBPINR=X,FOREX,yfinance,1d
2023-02-17,99.01039123535156,99.57048797607422,98.68468475341797,99.01039123535156,0,GBPINR=X,FOREX,yfinance,1d
2023-02-20,99.54053497314453,99.65874481201172,99.36367797851562,99.54053497314453,0,GBPINR=X,FOREX,yfinance,1d
2023-02-21,99.55650329589844,100.6158218383789,99.30033874511719,99.55482482910156,0,GBPINR=X,FOREX,yfinance,1d
2023-02-22,100.3785400390625,100.67724609375,99.87893676757812,100.3795394897461,0,GBPINR=X,FOREX,yfinance,1d
2023-02-23,99.87295532226562,99.93895721435547,99.23863220214844,99.87295532226562,0,GBPINR=X,FOREX,yfinance,1d
2023-02-24,99.28894805908203,99.64424133300781,98.8816909790039,99.28894805908203,0,GBPINR=X,FOREX,yfinance,1d
2023-02-27,99.13827514648438,99.62101745605469,98.86720275878906,99.04554748535156,0,GBPINR=X,FOREX,yfinance,1d
2023-02-28,99.73079681396484,100.25862884521484,99.45758056640625,99.73068237304688,0,GBPINR=X,FOREX,yfinance,1d
2023-03-01,99.45063018798828,99.75321960449219,98.70203399658203,99.45063018798828,0,GBPINR=X,FOREX,yfinance,1d
2023-03-02,99.1264877319336,99.40150451660156,98.32499694824219,99.1264877319336,0,GBPINR=X,FOREX,yfinance,1d
2023-03-03,98.41846466064453,98.86178588867188,97.87605285644531,98.41446685791016,0,GBPINR=X,FOREX,yfinance,1d
2023-03-06,98.35784912109375,98.60769653320312,98.17037200927734,98.34111022949219,0,GBPINR=X,FOREX,yfinance,1d
2023-03-07,98.4483642578125,98.72029876708984,97.15757751464844,98.4483642578125,0,GBPINR=X,FOREX,yfinance,1d
2023-03-08,97.08248901367188,97.36603546142578,96.76312255859375,97.08248901367188,0,GBPINR=X,FOREX,yfinance,1d
2023-03-09,97.09322357177734,97.90003967285156,96.95491027832031,97.09322357177734,0,GBPINR=X,FOREX,yfinance,1d
2023-03-10,97.75628662109375,99.18907928466797,97.75021362304688,97.76001739501953,0,GBPINR=X,FOREX,yfinance,1d
2023-03-13,99.10980224609375,99.97386169433594,98.68392181396484,98.70082092285156,0,GBPINR=X,FOREX,yfinance,1d
2023-03-14,100.29679107666016,100.48235321044922,99.90286254882812,100.30779266357422,0,GBPINR=X,FOREX,yfinance,1d
2023-03-15,100.01421356201172,100.35787963867188,99.61669921875,100.01698303222656,0,GBPINR=X,FOREX,yfinance,1d
2023-03-16,99.81669616699219,100.20223999023438,99.59268188476562,99.81669616699219,0,GBPINR=X,FOREX,yfinance,1d
2023-03-17,100.06988525390625,100.4970474243164,100.02668762207031,100.06988525390625,0,GBPINR=X,FOREX,yfinance,1d
2023-03-20,100.65154266357422,101.22824096679688,100.36328125,100.54170227050781,0,GBPINR=X,FOREX,yfinance,1d
2023-03-21,101.31779479980469,101.59435272216797,100.7212905883789,101.31779479980469,0,GBPINR=X,FOREX,yfinance,1d
2023-03-22,101.0455551147461,101.61859130859375,100.84323120117188,101.05155181884766,0,GBPINR=X,FOREX,yfinance,1d
2023-03-23,101.33812713623047,101.64034271240234,100.91619110107422,101.30412292480469,0,GBPINR=X,FOREX,yfinance,1d
2023-03-24,100.99827575683594,101.26292419433594,100.54014587402344,100.99827575683594,0,GBPINR=X,FOREX,yfinance,1d
2023-03-27,100.84668731689453,101.13107299804688,100.6228256225586,100.84668731689453,0,GBPINR=X,FOREX,yfinance,1d
2023-03-28,101.0877914428711,101.45401000976562,100.94673156738281,101.0867919921875,0,GBPINR=X,FOREX,yfinance,1d
2023-03-29,101.36383819580078,101.73736572265625,101.20027923583984,101.36383819580078,0,GBPINR=X,FOREX,yfinance,1d
2023-03-30,101.2825698852539,101.65863800048828,101.1249008178711,101.27256774902344,0,GBPINR=X,FOREX,yfinance,1d
2023-03-31,101.70016479492188,102.10364532470703,101.43500518798828,101.70016479492188,0,GBPINR=X,FOREX,yfinance,1d
2023-04-03,101.071533203125,102.13154602050781,101.0593490600586,101.071533203125,0,GBPINR=X,FOREX,yfinance,1d
2023-04-04,102.07022857666016,102.83512878417969,101.90657043457031,102.0362319946289,0,GBPINR=X,FOREX,yfinance,1d
2023-04-05,102.68830108642578,102.83047485351562,101.90641021728516,102.68830108642578,0,GBPINR=X,FOREX,yfinance,1d
2023-04-06,102.12268829345703,102.24217987060547,101.71048736572266,102.12168884277344,0,GBPINR=X,FOREX,yfinance,1d
2023-04-07,101.92951202392578,101.95807647705078,101.4407958984375,101.92951202392578,0,GBPINR=X,FOREX,yfinance,1d
2023-04-10,101.73162078857422,101.9766845703125,101.23868560791016,101.73162078857422,0,GBPINR=X,FOREX,yfinance,1d
2023-04-11,101.52203369140625,102.26202392578125,101.52203369140625,101.52203369140625,0,GBPINR=X,FOREX,yfinance,1d
2023-04-12,101.98958587646484,102.30726623535156,101.7954330444336,101.98958587646484,0,GBPINR=X,FOREX,yfinance,1d
2023-04-13,102.40338897705078,102.64338684082031,102.13732147216797,102.40338897705078,0,GBPINR=X,FOREX,yfinance,1d
2023-04-14,102.27952575683594,102.41799926757812,101.6702880859375,102.27952575683594,0,GBPINR=X,FOREX,yfinance,1d
2023-04-17,101.52237701416016,102.02786254882812,101.31066131591797,101.52237701416016,0,GBPINR=X,FOREX,yfinance,1d
2023-04-18,101.47980499267578,102.11632537841797,101.37749481201172,101.48066711425781,0,GBPINR=X,FOREX,yfinance,1d
2023-04-19,102.04570770263672,102.46330261230469,101.84849548339844,102.04570770263672,0,GBPINR=X,FOREX,yfinance,1d
2023-04-20,102.33204650878906,102.38269805908203,101.95258331298828,102.34080505371094,0,GBPINR=X,FOREX,yfinance,1d
2023-04-21,102.19658660888672,102.33937072753906,101.55049896240234,102.19658660888672,0,GBPINR=X,FOREX,yfinance,1d
2023-04-24,102.14205932617188,102.16557312011719,101.77558898925781,102.14205932617188,0,GBPINR=X,FOREX,yfinance,1d
2023-04-25,102.24099731445312,102.5113296508789,101.56822204589844,102.24099731445312,0,GBPINR=X,FOREX,yfinance,1d
2023-04-26,101.78363037109375,102.26248168945312,101.68254089355469,101.78363037109375,0,GBPINR=X,FOREX,yfinance,1d
2023-04-27,101.94725799560547,102.14076232910156,101.7435302734375,101.94725799560547,0,GBPINR=X,FOREX,yfinance,1d
2023-04-28,102.18539428710938,102.88311004638672,101.83021545410156,102.17955017089844,0,GBPINR=X,FOREX,yfinance,1d
2023-05-01,102.69705200195312,102.87602233886719,102.12386322021484,102.69705200195312,0,GBPINR=X,FOREX,yfinance,1d
2023-05-02,102.19206237792969,102.36019134521484,101.76183319091797,102.19206237792969,0,GBPINR=X,FOREX,yfinance,1d
2023-05-03,102.03448486328125,102.64007568359375,101.9830322265625,102.03550720214844,0,GBPINR=X,FOREX,yfinance,1d
2023-05-04,102.80860137939453,103.04559326171875,102.6369400024414,102.80860137939453,0,GBPINR=X,FOREX,yfinance,1d
2023-05-05,102.70516967773438,103.3302993774414,102.70516967773438,102.70516967773438,0,GBPINR=X,FOREX,yfinance,1d
2023-05-08,103.22416687011719,103.60598754882812,103.19530487060547,103.22416687011719,0,GBPINR=X,FOREX,yfinance,1d
2023-05-09,103.15209197998047,103.65938568115234,103.1172103881836,103.14557647705078,0,GBPINR=X,FOREX,yfinance,1d
2023-05-10,103.6444091796875,103.82935333251953,103.32404327392578,103.6597671508789,0,GBPINR=X,FOREX,yfinance,1d
2023-05-11,103.43630981445312,103.55529022216797,102.66000366210938,103.43231201171875,0,GBPINR=X,FOREX,yfinance,1d
2023-05-12,102.72154235839844,103.04861450195312,102.41450500488281,102.75209045410156,0,GBPINR=X,FOREX,yfinance,1d
2023-05-15,102.32381439208984,103.014892578125,102.32281494140625,102.32381439208984,0,GBPINR=X,FOREX,yfinance,1d
2023-05-16,103.04019927978516,103.15580749511719,102.56208801269531,103.04420471191406,0,GBPINR=X,FOREX,yfinance,1d
2023-05-17,102.73743438720703,102.89994812011719,102.37435913085938,102.73343658447266,0,GBPINR=X,FOREX,yfinance,1d
2023-05-18,102.96076965332031,103.00653839111328,102.33228302001953,102.95989990234375,0,GBPINR=X,FOREX,yfinance,1d
2023-05-19,102.68653869628906,103.37397003173828,102.4476547241211,102.68653869628906,0,GBPINR=X,FOREX,yfinance,1d
2023-05-22,103.26248168945312,103.30724334716797,102.83440399169922,103.26248168945312,0,GBPINR=X,FOREX,yfinance,1d
2023-05-23,102.98507690429688,103.12075805664062,102.47952270507812,102.98507690429688,0,GBPINR=X,FOREX,yfinance,1d
2023-05-24,102.92098236083984,103.10283660888672,102.15261840820312,102.92110443115234,0,GBPINR=X,FOREX,yfinance,1d
2023-05-25,102.28531646728516,102.4771499633789,101.93418884277344,102.28431701660156,0,GBPINR=X,FOREX,yfinance,1d
2023-05-26,101.9297103881836,102.38121795654297,101.79717254638672,101.9297103881836,0,GBPINR=X,FOREX,yfinance,1d
2023-05-29,101.9334487915039,102.15068054199219,101.86990356445312,101.9334487915039,0,GBPINR=X,FOREX,yfinance,1d
2023-05-30,102.03904724121094,102.85819244384766,102.00752258300781,102.03904724121094,0,GBPINR=X,FOREX,yfinance,1d
2023-05-31,102.61346435546875,102.73282623291016,102.12024688720703,102.61946105957031,0,GBPINR=X,FOREX,yfinance,1d
2023-06-01,102.90851593017578,103.20311737060547,102.31922149658203,102.90851593017578,0,GBPINR=X,FOREX,yfinance,1d
2023-06-02,103.07246398925781,103.25794219970703,102.61869812011719,103.07246398925781,0,GBPINR=X,FOREX,yfinance,1d
2023-06-05,102.43859100341797,102.6948013305664,102.23139953613281,102.43859100341797,0,GBPINR=X,FOREX,yfinance,1d
2023-06-06,102.592041015625,102.87617492675781,102.3431167602539,102.59178924560547,0,GBPINR=X,FOREX,yfinance,1d
2023-06-07,102.5478744506836,103.12847137451172,102.33368682861328,102.53363037109375,0,GBPINR=X,FOREX,yfinance,1d
2023-06-08,102.760986328125,103.60246276855469,102.74549102783203,102.8112564086914,0,GBPINR=X,FOREX,yfinance,1d
2023-06-09,103.59688568115234,103.77592468261719,103.35054779052734,103.59688568115234,0,GBPINR=X,FOREX,yfinance,1d
2023-06-12,103.71719360351562,103.85720825195312,102.94696044921875,103.71719360351562,0,GBPINR=X,FOREX,yfinance,1d
2023-06-13,103.14098358154297,103.78286743164062,103.010986328125,103.14098358154297,0,GBPINR=X,FOREX,yfinance,1d
2023-06-14,103.72716522216797,104.12992858886719,103.58917236328125,103.73716735839844,0,GBPINR=X,FOREX,yfinance,1d
2023-06-15,103.91407775878906,104.6187744140625,103.73320007324219,103.91407775878906,0,GBPINR=X,FOREX,yfinance,1d
2023-06-16,104.72701263427734,105.22651672363281,104.61324310302734,104.72601318359375,0,GBPINR=X,FOREX,yfinance,1d
2023-06-19,105.0826187133789,105.13695526123047,104.75605773925781,105.08161926269531,0,GBPINR=X,FOREX,yfinance,1d
2023-06-20,104.88853454589844,105.11873626708984,104.30587768554688,104.88744354248047,0,GBPINR=X,FOREX,yfinance,1d
2023-06-21,104.65992736816406,104.967529296875,104.08109283447266,104.65992736816406,0,GBPINR=X,FOREX,yfinance,1d
2023-06-22,104.64708709716797,105.0895004272461,104.35893249511719,104.64708709716797,0,GBPINR=X,FOREX,yfinance,1d
2023-06-23,104.40518951416016,104.4747543334961,104.11275482177734,104.40518951416016,0,GBPINR=X,FOREX,yfinance,1d
2023-06-26,104.33888244628906,104.54110717773438,104.1561279296875,104.33888244628906,0,GBPINR=X,FOREX,yfinance,1d
2023-06-27,104.25616455078125,104.62499237060547,104.18681335449219,104.25678253173828,0,GBPINR=X,FOREX,yfinance,1d
2023-06-28,104.51762390136719,104.57232666015625,103.46990203857422,104.51622009277344,0,GBPINR=X,FOREX,yfinance,1d
2023-06-29,103.70748901367188,103.87535095214844,103.3890151977539,103.70748901367188,0,GBPINR=X,FOREX,yfinance,1d
2023-06-30,103.49906158447266,104.38565063476562,103.38256072998047,103.49906158447266,0,GBPINR=X,FOREX,yfinance,1d
2023-07-03,104.30538940429688,104.30638885498047,103.70136260986328,104.30538940429688,0,GBPINR=X,FOREX,yfinance,1d
2023-07-04,104.0115737915039,104.41777038574219,103.86670684814453,104.01446533203125,0,GBPINR=X,FOREX,yfinance,1d
2023-07-05,104.25051879882812,104.72433471679688,104.16949462890625,104.25051879882812,0,GBPINR=X,FOREX,yfinance,1d
2023-07-06,104.68824768066406,105.35306549072266,104.51290130615234,104.68824768066406,0,GBPINR=X,FOREX,yfinance,1d
2023-07-07,105.47191619873047,106.0707015991211,105.2116928100586,105.47191619873047,0,GBPINR=X,FOREX,yfinance,1d
2023-07-10,106.05528259277344,106.06010437011719,105.36566925048828,106.05528259277344,0,GBPINR=X,FOREX,yfinance,1d
2023-07-11,106.12643432617188,106.56520080566406,104.62224578857422,106.12643432617188,0,GBPINR=X,FOREX,yfinance,1d
2023-07-12,106.57007598876953,106.8774642944336,106.19153594970703,106.56407928466797,0,GBPINR=X,FOREX,yfinance,1d
2023-07-13,106.56781005859375,107.6269760131836,106.50676727294922,106.51441955566406,0,GBPINR=X,FOREX,yfinance,1d
2023-07-14,107.70222473144531,107.89627838134766,107.52371978759766,107.70222473144531,0,GBPINR=X,FOREX,yfinance,1d
2023-07-17,107.45216369628906,107.59354400634766,107.10065460205078,107.45216369628906,0,GBPINR=X,FOREX,yfinance,1d
2023-07-18,107.25862884521484,107.6535873413086,107.07140350341797,107.28020477294922,0,GBPINR=X,FOREX,yfinance,1d
2023-07-19,107.00028991699219,107.01425170898438,105.61589050292969,107.00028991699219,0,GBPINR=X,FOREX,yfinance,1d
2023-07-20,106.1585693359375,106.3630142211914,105.38008880615234,106.15702056884766,0,GBPINR=X,FOREX,yfinance,1d
2023-07-21,105.6527099609375,105.83818054199219,105.05370330810547,105.6527099609375,0,GBPINR=X,FOREX,yfinance,1d
2023-07-24,105.39734649658203,105.57081604003906,104.7373046875,105.39734649658203,0,GBPINR=X,FOREX,yfinance,1d
2023-07-25,104.90789794921875,105.41290283203125,104.81353759765625,104.90815734863281,0,GBPINR=X,FOREX,yfinance,1d
2023-07-26,105.67121887207031,106.0870361328125,105.39653015136719,105.67339324951172,0,GBPINR=X,FOREX,yfinance,1d
2023-07-27,106.06735229492188,106.48419952392578,105.27507781982422,106.06835174560547,0,GBPINR=X,FOREX,yfinance,1d
2023-07-28,105.42316436767578,105.95757293701172,105.06732177734375,105.42316436767578,0,GBPINR=X,FOREX,yfinance,1d
2023-07-31,105.75057983398438,105.87384796142578,105.48712921142578,105.75057983398438,0,GBPINR=X,FOREX,yfinance,1d
2023-08-01,105.53032684326172,105.63520050048828,104.9217300415039,105.5307846069336,0,GBPINR=X,FOREX,yfinance,1d
2023-08-02,105.32789611816406,105.6909408569336,104.97710418701172,105.33116912841797,0,GBPINR=X,FOREX,yfinance,1d
2023-08-03,105.1639633178711,105.35894012451172,104.50369262695312,105.157958984375,0,GBPINR=X,FOREX,yfinance,1d
2023-08-04,105.26757049560547,105.69352722167969,105.13165283203125,105.26757049560547,0,GBPINR=X,FOREX,yfinance,1d
2023-08-07,105.40945434570312,105.7686767578125,105.18682098388672,105.40945434570312,0,GBPINR=X,FOREX,yfinance,1d
2023-08-08,105.7920150756836,105.81044006347656,105.16613006591797,105.77796173095703,0,GBPINR=X,FOREX,yfinance,1d
2023-08-09,105.5923843383789,105.82787322998047,105.32090759277344,105.5923843383789,0,GBPINR=X,FOREX,yfinance,1d
2023-08-10,105.4040756225586,105.86748504638672,105.11080169677734,105.40774536132812,0,GBPINR=X,FOREX,yfinance,1d
2023-08-11,104.9377212524414,105.44623565673828,104.92768096923828,104.94969940185547,0,GBPINR=X,FOREX,yfinance,1d
2023-08-14,105.22064971923828,105.66482543945312,105.01683807373047,105.21965026855469,0,GBPINR=X,FOREX,yfinance,1d
2023-08-15,105.54518127441406,106.10845947265625,105.44895935058594,105.5078125,0,GBPINR=X,FOREX,yfinance,1d
2023-08-16,105.66560363769531,107.94866180419922,105.6084213256836,105.67633819580078,0,GBPINR=X,FOREX,yfinance,1d
2023-08-17,105.96009063720703,106.16358947753906,105.5230941772461,105.96009063720703,0,GBPINR=X,FOREX,yfinance,1d
2023-08-18,105.9333267211914,106.04560852050781,105.44791412353516,105.9333267211914,0,GBPINR=X,FOREX,yfinance,1d
2023-08-21,105.9361572265625,106.08970642089844,105.63493347167969,105.9361572265625,0,GBPINR=X,FOREX,yfinance,1d
2023-08-22,106.03348541259766,106.27471160888672,105.59723663330078,106.03448486328125,0,GBPINR=X,FOREX,yfinance,1d
2023-08-23,105.76350402832031,105.82889556884766,104.30491638183594,105.76244354248047,0,GBPINR=X,FOREX,yfinance,1d
2023-08-24,104.97843933105469,105.0574722290039,104.31377410888672,104.99032592773438,0,GBPINR=X,FOREX,yfinance,1d
2023-08-25,104.05946350097656,104.43119049072266,103.75155639648438,104.05946350097656,0,GBPINR=X,FOREX,yfinance,1d
2023-08-28,104.04438018798828,104.17351531982422,103.84303283691406,104.04438018798828,0,GBPINR=X,FOREX,yfinance,1d
2023-08-29,104.28033447265625,104.45578002929688,103.9949722290039,104.26881408691406,0,GBPINR=X,FOREX,yfinance,1d
2023-08-30,104.25470733642578,105.25006103515625,104.21309661865234,104.26841735839844,0,GBPINR=X,FOREX,yfinance,1d
2023-08-31,105.13746643066406,105.22100830078125,104.59400939941406,105.13746643066406,0,GBPINR=X,FOREX,yfinance,1d
2023-09-01,104.77385711669922,105.03205871582031,104.11949157714844,104.77385711669922,0,GBPINR=X,FOREX,yfinance,1d
2023-09-04,104.10191345214844,104.56059265136719,104.03112030029297,104.10191345214844,0,GBPINR=X,FOREX,yfinance,1d
2023-09-05,104.51329803466797,104.59716796875,103.96967315673828,104.46595764160156,0,GBPINR=X,FOREX,yfinance,1d
2023-09-06,104.43319702148438,104.59380340576172,103.84961700439453,104.4715576171875,0,GBPINR=X,FOREX,yfinance,1d
2023-09-07,104.1356201171875,104.1356201171875,103.57804107666016,104.1346206665039,0,GBPINR=X,FOREX,yfinance,1d
2023-09-08,103.81513214111328,104.01030731201172,103.49555206298828,103.81513214111328,0,GBPINR=X,FOREX,yfinance,1d
2023-09-11,103.62785339355469,104.09761810302734,103.48164367675781,103.62785339355469,0,GBPINR=X,FOREX,yfinance,1d
2023-09-12,103.74055480957031,103.9000473022461,103.29877471923828,103.7452163696289,0,GBPINR=X,FOREX,yfinance,1d
2023-09-13,103.48260498046875,103.74879455566406,103.19766998291016,103.48001861572266,0,GBPINR=X,FOREX,yfinance,1d
2023-09-14,103.61265563964844,103.73441314697266,103.02642822265625,103.61612701416016,0,GBPINR=X,FOREX,yfinance,1d
2023-09-15,103.02074432373047,103.40038299560547,102.96345520019531,103.01074981689453,0,GBPINR=X,FOREX,yfinance,1d
2023-09-18,102.96276092529297,103.3756103515625,102.89022064208984,102.96276092529297,0,GBPINR=X,FOREX,yfinance,1d
2023-09-19,103.07592010498047,103.37367248535156,102.94374084472656,103.09925842285156,0,GBPINR=X,FOREX,yfinance,1d
2023-09-20,103.1040267944336,103.19862365722656,102.64688873291016,103.1040267944336,0,GBPINR=X,FOREX,yfinance,1d
2023-09-21,102.46659851074219,102.53157043457031,101.74186706542969,102.58330535888672,0,GBPINR=X,FOREX,yfinance,1d
2023-09-22,101.85650634765625,101.90605926513672,101.37931823730469,101.85225677490234,0,GBPINR=X,FOREX,yfinance,1d
2023-09-25,101.58209991455078,101.79122924804688,101.42002868652344,101.58209991455078,0,GBPINR=X,FOREX,yfinance,1d
2023-09-26,101.40337371826172,101.62210845947266,101.15532684326172,101.39098358154297,0,GBPINR=X,FOREX,yfinance,1d
2023-09-27,101.19737243652344,101.22004699707031,100.92253112792969,101.23495483398438,0,GBPINR=X,FOREX,yfinance,1d
2023-09-28,100.98249053955078,101.61338806152344,100.84603118896484,100.98249053955078,0,GBPINR=X,FOREX,yfinance,1d
2023-09-29,101.69770812988281,101.89668273925781,101.19987487792969,101.69770812988281,0,GBPINR=X,FOREX,yfinance,1d
2023-10-02,101.21997833251953,101.63810729980469,100.81624603271484,101.21997833251953,0,GBPINR=X,FOREX,yfinance,1d
2023-10-03,100.77215576171875,100.79015350341797,100.27246856689453,100.76215362548828,0,GBPINR=X,FOREX,yfinance,1d
2023-10-04,100.5186996459961,101.34330749511719,100.22513580322266,100.51934051513672,0,GBPINR=X,FOREX,yfinance,1d
2023-10-05,101.26415252685547,101.68415832519531,100.8258056640625,101.26415252685547,0,GBPINR=X,FOREX,yfinance,1d
2023-10-06,101.45599365234375,101.9195556640625,100.83123779296875,101.42716217041016,0,GBPINR=X,FOREX,yfinance,1d
2023-10-09,101.55475616455078,101.82149505615234,101.26457214355469,101.55475616455078,0,GBPINR=X,FOREX,yfinance,1d
2023-10-10,102.01945495605469,102.20551300048828,101.65592956542969,102.01055908203125,0,GBPINR=X,FOREX,yfinance,1d
2023-10-11,102.39743041992188,102.53056335449219,102.04618835449219,102.13721466064453,0,GBPINR=X,FOREX,yfinance,1d
2023-10-12,102.43977355957031,102.54281616210938,101.63246154785156,102.50936889648438,0,GBPINR=X,FOREX,yfinance,1d
2023-10-13,101.44625854492188,101.7426528930664,100.92617797851562,101.44625854492188,0,GBPINR=X,FOREX,yfinance,1d
2023-10-16,101.19048309326172,101.50305938720703,101.08987426757812,101.19048309326172,0,GBPINR=X,FOREX,yfinance,1d
2023-10-17,101.54737854003906,101.65828704833984,99.55337524414062,101.61902618408203,0,GBPINR=X,FOREX,yfinance,1d
2023-10-18,101.39653778076172,101.68102264404297,101.10491943359375,101.37599182128906,0,GBPINR=X,FOREX,yfinance,1d
2023-10-19,101.08607482910156,101.13590240478516,100.26058959960938,101.10099792480469,0,GBPINR=X,FOREX,yfinance,1d
2023-10-20,100.94593811035156,101.10887908935547,100.51478576660156,100.94593811035156,0,GBPINR=X,FOREX,yfinance,1d
2023-10-23,101.15718078613281,101.67650604248047,100.93883514404297,101.15718078613281,0,GBPINR=X,FOREX,yfinance,1d
2023-10-24,101.70555114746094,101.9889907836914,100.97087860107422,101.70862579345703,0,GBPINR=X,FOREX,yfinance,1d
2023-10-25,100.92976379394531,101.19700622558594,100.7595443725586,100.93506622314453,0,GBPINR=X,FOREX,yfinance,1d
2023-10-26,100.62397766113281,100.990234375,100.44373321533203,100.6216812133789,0,GBPINR=X,FOREX,yfinance,1d
2023-10-27,101.06487274169922,101.24451446533203,100.7804183959961,101.06487274169922,0,GBPINR=X,FOREX,yfinance,1d
2023-10-30,100.83565521240234,101.2910385131836,100.65052795410156,101.07357025146484,0,GBPINR=X,FOREX,yfinance,1d
2023-10-31,101.26729583740234,101.54521942138672,100.92448425292969,101.338134765625,0,GBPINR=X,FOREX,yfinance,1d
2023-11-01,101.19536590576172,101.27233123779297,100.75003814697266,101.19536590576172,0,GBPINR=X,FOREX,yfinance,1d
2023-11-02,101.39881896972656,101.71305084228516,101.20343017578125,101.37336730957031,0,GBPINR=X,FOREX,yfinance,1d
2023-11-03,101.48478698730469,102.89092254638672,101.43421936035156,101.477783203125,0,GBPINR=X,FOREX,yfinance,1d
2023-11-06,102.85783386230469,103.424072265625,102.61126708984375,102.92584228515625,0,GBPINR=X,FOREX,yfinance,1d
2023-11-07,102.73563385009766,102.73607635498047,102.21349334716797,102.73595428466797,0,GBPINR=X,FOREX,yfinance,1d
2023-11-08,102.30363464355469,102.38883972167969,101.95614624023438,102.30889892578125,0,GBPINR=X,FOREX,yfinance,1d
2023-11-09,102.23616027832031,102.5032958984375,102.07911682128906,102.21263122558594,0,GBPINR=X,FOREX,yfinance,1d
2023-11-10,101.79405975341797,102.13475036621094,101.50765228271484,101.79405975341797,0,GBPINR=X,FOREX,yfinance,1d
2023-11-13,101.85641479492188,102.1289291381836,101.7238998413086,101.84062957763672,0,GBPINR=X,FOREX,yfinance,1d
2023-11-14,102.13762664794922,103.56742858886719,102.0038070678711,102.171630859375,0,GBPINR=X,FOREX,yfinance,1d
2023-11-15,103.69459533691406,103.85565185546875,103.16706085205078,103.6815185546875,0,GBPINR=X,FOREX,yfinance,1d
2023-11-16,103.344970703125,103.64159393310547,103.00737762451172,103.29248046875,0,GBPINR=X,FOREX,yfinance,1d
2023-11-17,103.24800109863281,103.56867218017578,103.05389404296875,103.18975830078125,0,GBPINR=X,FOREX,yfinance,1d
2023-11-20,103.71497344970703,104.2623062133789,103.65253448486328,103.78589630126953,0,GBPINR=X,FOREX,yfinance,1d
2023-11-21,104.23678588867188,104.59577941894531,104.13875579833984,104.23678588867188,0,GBPINR=X,FOREX,yfinance,1d
2023-11-22,104.42118072509766,104.54186248779297,103.7421875,104.42118072509766,0,GBPINR=X,FOREX,yfinance,1d
2023-11-23,104.33756256103516,104.6819076538086,103.91109466552734,104.33756256103516,0,GBPINR=X,FOREX,yfinance,1d
2023-11-24,104.45206451416016,105.16184997558594,104.36043548583984,104.45206451416016,0,GBPINR=X,FOREX,yfinance,1d
2023-11-27,104.99470520019531,105.3899154663086,104.9022216796875,105.04036712646484,0,GBPINR=X,FOREX,yfinance,1d
2023-11-28,105.33638763427734,105.9551773071289,105.09342956542969,105.31739044189453,0,GBPINR=X,FOREX,yfinance,1d
2023-11-29,105.84669494628906,106.0609130859375,105.56343841552734,105.84669494628906,0,GBPINR=X,FOREX,yfinance,1d
2023-11-30,105.78630828857422,105.96682739257812,105.13077545166016,105.77030944824219,0,GBPINR=X,FOREX,yfinance,1d
2023-12-01,105.265380859375,105.65629577636719,105.1253433227539,105.27520751953125,0,GBPINR=X,FOREX,yfinance,1d
2023-12-04,105.78813171386719,105.78813171386719,105.1739501953125,105.80289459228516,0,GBPINR=X,FOREX,yfinance,1d
2023-12-05,105.38470458984375,105.42707824707031,104.89210510253906,105.3844985961914,0,GBPINR=X,FOREX,yfinance,1d
2023-12-06,104.94752502441406,105.14762878417969,104.86433410644531,104.93152618408203,0,GBPINR=X,FOREX,yfinance,1d
2023-12-07,104.64956665039062,104.99259948730469,104.57943725585938,104.64956665039062,0,GBPINR=X,FOREX,yfinance,1d
2023-12-08,104.93441772460938,105.02727508544922,102.0016098022461,104.93053436279297,0,GBPINR=X,FOREX,yfinance,1d
2023-12-11,104.75047302246094,104.96002960205078,104.52654266357422,104.61322021484375,0,GBPINR=X,FOREX,yfinance,1d
2023-12-12,104.62774658203125,105.07283782958984,104.41539764404297,104.62274169921875,0,GBPINR=X,FOREX,yfinance,1d
2023-12-13,104.83220672607422,104.84844207763672,104.24372863769531,104.8376235961914,0,GBPINR=X,FOREX,yfinance,1d
2023-12-14,105.13661193847656,106.4356460571289,105.1138687133789,105.1396255493164,0,GBPINR=X,FOREX,yfinance,1d
2023-12-15,106.3673324584961,106.4267349243164,105.31477355957031,106.35958099365234,0,GBPINR=X,FOREX,yfinance,1d
2023-12-18,105.26497650146484,105.48776245117188,105.0042953491211,105.23304748535156,0,GBPINR=X,FOREX,yfinance,1d
2023-12-19,105.16585540771484,106.03473663330078,105.11046600341797,105.10865020751953,0,GBPINR=X,FOREX,yfinance,1d
2023-12-20,105.78617858886719,105.82029724121094,105.11358642578125,105.77610778808594,0,GBPINR=X,FOREX,yfinance,1d
2023-12-21,105.2290267944336,105.63153839111328,105.03213500976562,105.2290267944336,0,GBPINR=X,FOREX,yfinance,1d
2023-12-22,105.40679931640625,105.96503448486328,105.34912109375,105.60279846191406,0,GBPINR=X,FOREX,yfinance,1d
2023-12-25,105.4157943725586,105.63988494873047,105.4157943725586,105.4157943725586,0,GBPINR=X,FOREX,yfinance,1d
2023-12-26,105.4367904663086,105.74408721923828,105.4367904663086,105.4367904663086,0,GBPINR=X,FOREX,yfinance,1d
2023-12-27,105.86266326904297,106.59808349609375,105.7118148803711,105.86266326904297,0,GBPINR=X,FOREX,yfinance,1d
2023-12-28,106.58497619628906,106.77114868164062,105.9525146484375,106.58525848388672,0,GBPINR=X,FOREX,yfinance,1d
2023-12-29,105.6965560913086,106.22413635253906,105.36881256103516,105.69755554199219,0,GBPINR=X,FOREX,yfinance,1d
2024-01-01,105.93753051757812,105.94853210449219,105.87039947509766,105.9035873413086,0,GBPINR=X,FOREX,yfinance,1d
2024-01-02,105.91197204589844,106.32636260986328,105.02130126953125,105.91197204589844,0,GBPINR=X,FOREX,yfinance,1d
2024-01-03,105.09759521484375,105.375732421875,105.08685302734375,105.0905990600586,0,GBPINR=X,FOREX,yfinance,1d
2024-01-04,105.5168228149414,105.94120788574219,105.38980865478516,105.50981903076172,0,GBPINR=X,FOREX,yfinance,1d
2024-01-05,105.56390380859375,106.11800384521484,104.94782257080078,105.57324981689453,0,GBPINR=X,FOREX,yfinance,1d
2024-01-08,105.81629943847656,106.00048828125,105.3975601196289,105.740234375,0,GBPINR=X,FOREX,yfinance,1d
2024-01-09,105.80426025390625,106.02120971679688,105.48278045654297,105.847900390625,0,GBPINR=X,FOREX,yfinance,1d
2024-01-10,105.66824340820312,105.76879119873047,105.4616928100586,105.67424774169922,0,GBPINR=X,FOREX,yfinance,1d
2024-01-11,105.81095886230469,106.0288314819336,105.4447021484375,105.785888671875,0,GBPINR=X,FOREX,yfinance,1d
2024-01-12,106.14691162109375,106.20147705078125,105.47372436523438,106.13907623291016,0,GBPINR=X,FOREX,yfinance,1d
2024-01-15,105.52227020263672,105.56163024902344,105.32307434082031,105.67176055908203,0,GBPINR=X,FOREX,yfinance,1d
2024-01-16,105.36165618896484,105.38643646240234,104.93045043945312,105.36165618896484,0,GBPINR=X,FOREX,yfinance,1d
2024-01-17,104.99179077148438,105.53402709960938,104.72016143798828,104.98778533935547,0,GBPINR=X,FOREX,yfinance,1d
2024-01-18,105.29689025878906,105.61206817626953,105.19699096679688,105.4358139038086,0,GBPINR=X,FOREX,yfinance,1d
2024-01-19,105.70269775390625,105.72462463378906,105.25233459472656,105.69001007080078,0,GBPINR=X,FOREX,yfinance,1d
2024-01-22,105.58015441894531,105.81452178955078,105.49183654785156,105.58513641357422,0,GBPINR=X,FOREX,yfinance,1d
2024-01-23,105.58548736572266,105.91513061523438,103.63645935058594,105.58548736572266,0,GBPINR=X,FOREX,yfinance,1d
2024-01-24,105.62699890136719,106.17493438720703,105.47785949707031,105.6357192993164,0,GBPINR=X,FOREX,yfinance,1d
2024-01-25,105.7170639038086,105.88919830322266,105.47784423828125,105.7170639038086,0,GBPINR=X,FOREX,yfinance,1d
2024-01-26,105.67086029052734,106.01882934570312,105.3930435180664,105.67333984375,0,GBPINR=X,FOREX,yfinance,1d
2024-01-29,105.54874420166016,105.73707580566406,105.27003479003906,105.58435821533203,0,GBPINR=X,FOREX,yfinance,1d
2024-01-30,105.7471694946289,105.79845428466797,105.0838851928711,105.7471694946289,0,GBPINR=X,FOREX,yfinance,1d
2024-01-31,105.50245666503906,105.8438491821289,105.20014953613281,105.50846099853516,0,GBPINR=X,FOREX,yfinance,1d
2024-02-01,105.44667053222656,105.56702423095703,104.77599334716797,105.44667053222656,0,GBPINR=X,FOREX,yfinance,1d
2024-02-02,105.6953125,105.88260650634766,104.79374694824219,105.70531463623047,0,GBPINR=X,FOREX,yfinance,1d
2024-02-05,104.75798797607422,104.8910903930664,104.00785827636719,104.82513427734375,0,GBPINR=X,FOREX,yfinance,1d
2024-02-06,104.14839172363281,104.600341796875,104.03834533691406,104.14839172363281,0,GBPINR=X,FOREX,yfinance,1d
2024-02-07,104.69142150878906,104.90386199951172,104.52775573730469,104.69741821289062,0,GBPINR=X,FOREX,yfinance,1d
2024-02-08,104.79071807861328,104.87950134277344,104.3597640991211,104.82272338867188,0,GBPINR=X,FOREX,yfinance,1d
2024-02-09,104.68775939941406,104.96378326416016,104.60750579833984,104.69775390625,0,GBPINR=X,FOREX,yfinance,1d
2024-02-12,104.91398620605469,105.00031280517578,104.64757537841797,104.8083267211914,0,GBPINR=X,FOREX,yfinance,1d
2024-02-13,104.77462768554688,105.261962890625,104.50608825683594,104.79671478271484,0,GBPINR=X,FOREX,yfinance,1d
2024-02-14,104.59257507324219,104.78057861328125,104.08294677734375,104.59257507324219,0,GBPINR=X,FOREX,yfinance,1d
2024-02-15,104.358154296875,104.56622314453125,104.15558624267578,104.3340835571289,0,GBPINR=X,FOREX,yfinance,1d
2024-02-16,104.58744049072266,104.64996337890625,104.22222137451172,104.58692932128906,0,GBPINR=X,FOREX,yfinance,1d
2024-02-19,104.76490020751953,104.8017578125,104.48896026611328,104.59576416015625,0,GBPINR=X,FOREX,yfinance,1d
2024-02-20,104.49063873291016,105.02178955078125,104.37584686279297,104.49916076660156,0,GBPINR=X,FOREX,yfinance,1d
2024-02-21,104.53958129882812,104.7611312866211,104.53150939941406,104.48482513427734,0,GBPINR=X,FOREX,yfinance,1d
2024-02-22,104.82421875,105.33963775634766,104.53711700439453,104.8292236328125,0,GBPINR=X,FOREX,yfinance,1d
2024-02-23,104.9412612915039,105.2898178100586,104.83942413330078,104.9412612915039,0,GBPINR=X,FOREX,yfinance,1d
2024-02-26,104.97871398925781,105.24573516845703,104.8929214477539,105.00312805175781,0,GBPINR=X,FOREX,yfinance,1d
2024-02-27,105.09742736816406,105.23709869384766,104.95421600341797,105.10742950439453,0,GBPINR=X,FOREX,yfinance,1d
2024-02-28,105.18812561035156,105.24099731445312,104.70927429199219,105.14359283447266,0,GBPINR=X,FOREX,yfinance,1d
2024-02-29,104.95820617675781,105.20833587646484,104.66864776611328,104.96820068359375,0,GBPINR=X,FOREX,yfinance,1d
2024-03-01,104.67378997802734,104.87294006347656,104.43419647216797,104.67279052734375,0,GBPINR=X,FOREX,yfinance,1d
2024-03-04,104.8923110961914,105.37413024902344,104.85565185546875,104.82129669189453,0,GBPINR=X,FOREX,yfinance,1d
2024-03-05,105.2228775024414,105.53714752197266,105.05670928955078,105.22688293457031,0,GBPINR=X,FOREX,yfinance,1d
2024-03-06,105.3092269897461,105.68276977539062,105.18495178222656,105.3092269897461,0,GBPINR=X,FOREX,yfinance,1d
2024-03-07,105.45709991455078,105.83464050292969,105.3356704711914,105.45709991455078,0,GBPINR=X,FOREX,yfinance,1d
2024-03-08,106.02772521972656,106.6038818359375,105.84153747558594,106.02672576904297,0,GBPINR=X,FOREX,yfinance,1d
2024-03-11,106.38931274414062,106.44385528564453,105.86090087890625,106.37735748291016,0,GBPINR=X,FOREX,yfinance,1d
2024-03-12,106.09202575683594,106.14392852783203,105.53890991210938,106.0563735961914,0,GBPINR=X,FOREX,yfinance,1d
2024-03-13,105.97909545898438,106.0917739868164,105.85592651367188,105.97909545898438,0,GBPINR=X,FOREX,yfinance,1d
2024-03-14,106.03446197509766,106.19944763183594,105.5139389038086,106.04039001464844,0,GBPINR=X,FOREX,yfinance,1d
2024-03-15,105.70086669921875,105.73934173583984,105.52963256835938,105.70210266113281,0,GBPINR=X,FOREX,yfinance,1d
2024-03-18,105.50840759277344,105.680908203125,105.45433807373047,105.52156829833984,0,GBPINR=X,FOREX,yfinance,1d
2024-03-19,105.45848083496094,105.61839294433594,105.19893646240234,105.50894927978516,0,GBPINR=X,FOREX,yfinance,1d
2024-03-20,105.62196350097656,105.77625274658203,105.47655487060547,105.62565612792969,0,GBPINR=X,FOREX,yfinance,1d
2024-03-21,106.34251403808594,106.38330841064453,105.34556579589844,106.34251403808594,0,GBPINR=X,FOREX,yfinance,1d
2024-03-22,105.36882781982422,105.47676849365234,104.90309143066406,105.36283111572266,0,GBPINR=X,FOREX,yfinance,1d
2024-03-25,105.38237762451172,105.52334594726562,105.11860656738281,105.38237762451172,0,GBPINR=X,FOREX,yfinance,1d
2024-03-26,105.41301727294922,105.51921844482422,105.16653442382812,105.40802001953125,0,GBPINR=X,FOREX,yfinance,1d
2024-03-27,105.24883270263672,105.32176208496094,105.04815673828125,105.23340606689453,0,GBPINR=X,FOREX,yfinance,1d
2024-03-28,105.1911849975586,105.4807357788086,104.97325134277344,105.17218780517578,0,GBPINR=X,FOREX,yfinance,1d
2024-03-29,105.28337860107422,105.36172485351562,105.11438751220703,105.28337860107422,0,GBPINR=X,FOREX,yfinance,1d
2024-04-01,105.3144302368164,105.36248016357422,104.59803009033203,105.3144302368164,0,GBPINR=X,FOREX,yfinance,1d
2024-04-02,104.73790740966797,104.90160369873047,104.51934051513672,104.73790740966797,0,GBPINR=X,FOREX,yfinance,1d
2024-04-03,104.8239974975586,105.5291748046875,104.73287963867188,104.82070922851562,0,GBPINR=X,FOREX,yfinance,1d
2024-04-04,105.55538177490234,105.77952575683594,105.47236633300781,105.63815307617188,0,GBPINR=X,FOREX,yfinance,1d
2024-04-05,105.53968811035156,105.55148315429688,104.8471450805664,105.57369232177734,0,GBPINR=X,FOREX,yfinance,1d
2024-04-08,105.16011047363281,105.36795806884766,105.07523345947266,105.16011047363281,0,GBPINR=X,FOREX,yfinance,1d
2024-04-09,105.40270233154297,105.72486114501953,105.25203704833984,105.40670776367188,0,GBPINR=X,FOREX,yfinance,1d
2024-04-10,105.50347900390625,105.70301818847656,104.50484466552734,105.50347900390625,0,GBPINR=X,FOREX,yfinance,1d
2024-04-11,104.58647918701172,104.80145263671875,104.27532958984375,104.58747863769531,0,GBPINR=X,FOREX,yfinance,1d
2024-04-12,104.65591430664062,104.68449401855469,103.89735412597656,104.65591430664062,0,GBPINR=X,FOREX,yfinance,1d
2024-04-15,104.15972900390625,104.2724838256836,103.87179565429688,104.15972900390625,0,GBPINR=X,FOREX,yfinance,1d
2024-04-16,103.94406127929688,104.27385711669922,102.69610595703125,103.94573211669922,0,GBPINR=X,FOREX,yfinance,1d
2024-04-17,103.98975372314453,104.35712432861328,103.84923553466797,104.00367736816406,0,GBPINR=X,FOREX,yfinance,1d
2024-04-18,104.11844635009766,104.25533294677734,103.95604705810547,104.11844635009766,0,GBPINR=X,FOREX,yfinance,1d
2024-04-19,103.86968231201172,104.09709930419922,103.37151336669922,103.86968231201172,0,GBPINR=X,FOREX,yfinance,1d
2024-04-22,103.20601654052734,103.3827133178711,102.56563568115234,103.20601654052734,0,GBPINR=X,FOREX,yfinance,1d
2024-04-23,102.97770690917969,103.74871063232422,102.8135757446289,102.96995544433594,0,GBPINR=X,FOREX,yfinance,1d
2024-04-24,103.73223876953125,103.81884765625,103.49608612060547,103.68270874023438,0,GBPINR=X,FOREX,yfinance,1d
2024-04-25,103.84115600585938,104.38846588134766,103.769775390625,103.8338851928711,0,GBPINR=X,FOREX,yfinance,1d
2024-04-26,104.16365051269531,104.48456573486328,103.83802032470703,104.217529296875,0,GBPINR=X,FOREX,yfinance,1d
2024-04-29,104.29981231689453,104.76605224609375,104.2362289428711,104.29981231689453,0,GBPINR=X,FOREX,yfinance,1d
2024-04-30,104.75088500976562,104.79808807373047,104.33373260498047,104.84025573730469,0,GBPINR=X,FOREX,yfinance,1d
2024-05-01,104.4197006225586,104.4197006225586,103.96955871582031,104.4197006225586,0,GBPINR=X,FOREX,yfinance,1d
2024-05-02,104.47834777832031,104.68238830566406,104.13424682617188,104.47834777832031,0,GBPINR=X,FOREX,yfinance,1d
2024-05-03,104.5903549194336,105.20661926269531,104.47113800048828,104.58036041259766,0,GBPINR=X,FOREX,yfinance,1d
2024-05-06,104.65277099609375,105.15715789794922,104.52755737304688,104.65277099609375,0,GBPINR=X,FOREX,yfinance,1d
2024-05-07,104.83991241455078,104.9126968383789,104.57557678222656,104.84076690673828,0,GBPINR=X,FOREX,yfinance,1d
2024-05-08,104.36106872558594,104.43619537353516,104.12565612792969,104.34185028076172,0,GBPINR=X,FOREX,yfinance,1d
2024-05-09,104.27308654785156,104.48423767089844,103.93724822998047,104.26908874511719,0,GBPINR=X,FOREX,yfinance,1d
2024-05-10,104.53986358642578,104.71796417236328,104.43560791015625,104.5332260131836,0,GBPINR=X,FOREX,yfinance,1d
2024-05-13,104.64570617675781,104.94859313964844,104.55436706542969,104.59810638427734,0,GBPINR=X,FOREX,yfinance,1d
2024-05-14,104.88053131103516,105.14909362792969,104.49179077148438,104.8745346069336,0,GBPINR=X,FOREX,yfinance,1d
2024-05-15,105.12189483642578,105.7638168334961,105.09471893310547,105.12069702148438,0,GBPINR=X,FOREX,yfinance,1d
2024-05-16,105.84518432617188,105.95012664794922,105.56009674072266,105.8726806640625,0,GBPINR=X,FOREX,yfinance,1d
2024-05-17,105.7728042602539,105.85396575927734,105.41349792480469,105.76332092285156,0,GBPINR=X,FOREX,yfinance,1d
2024-05-20,105.8401107788086,105.88054656982422,105.66661071777344,105.8401107788086,0,GBPINR=X,FOREX,yfinance,1d
2024-05-21,105.88825988769531,106.00749969482422,105.7458724975586,105.8791275024414,0,GBPINR=X,FOREX,yfinance,1d
2024-05-22,105.90265655517578,106.21497344970703,105.76392364501953,105.91279602050781,0,GBPINR=X,FOREX,yfinance,1d
2024-05-23,105.91455078125,106.08610534667969,105.79955291748047,105.9155502319336,0,GBPINR=X,FOREX,yfinance,1d
2024-05-24,105.74573516845703,105.90840148925781,105.4263916015625,105.74622344970703,0,GBPINR=X,FOREX,yfinance,1d
2024-05-27,105.78752899169922,106.21392059326172,105.77465057373047,105.78752899169922,0,GBPINR=X,FOREX,yfinance,1d
2024-05-28,106.1856689453125,106.45897674560547,106.14508819580078,106.185791015625,0,GBPINR=X,FOREX,yfinance,1d
2024-05-29,106.14727020263672,106.43267059326172,105.9178695678711,106.15727233886719,0,GBPINR=X,FOREX,yfinance,1d
2024-05-30,105.87803649902344,106.18545532226562,105.7274169921875,105.88103485107422,0,GBPINR=X,FOREX,yfinance,1d
2024-05-31,106.06676483154297,106.4781265258789,105.88153076171875,106.06676483154297,0,GBPINR=X,FOREX,yfinance,1d
2024-06-03,106.34603881835938,106.36785125732422,105.55088806152344,106.34603881835938,0,GBPINR=X,FOREX,yfinance,1d
2024-06-04,106.44441986083984,106.92996215820312,106.39157104492188,106.44295501708984,0,GBPINR=X,FOREX,yfinance,1d
2024-06-05,106.81580352783203,107.30132293701172,106.3847427368164,106.80066680908203,0,GBPINR=X,FOREX,yfinance,1d
2024-06-06,106.66832733154297,106.8383560180664,106.58428955078125,106.66832733154297,0,GBPINR=X,FOREX,yfinance,1d
2024-06-07,106.77198791503906,106.83293151855469,106.17784118652344,106.77403259277344,0,GBPINR=X,FOREX,yfinance,1d
2024-06-10,106.31417083740234,106.35354614257812,105.9788589477539,106.31317138671875,0,GBPINR=X,FOREX,yfinance,1d
2024-06-11,106.30359649658203,106.53202819824219,106.18360900878906,106.33760070800781,0,GBPINR=X,FOREX,yfinance,1d
2024-06-12,106.49432373046875,107.34605407714844,106.39527893066406,106.49432373046875,0,GBPINR=X,FOREX,yfinance,1d
2024-06-13,106.79570770263672,106.93971252441406,106.53366088867188,106.8890151977539,0,GBPINR=X,FOREX,yfinance,1d
2024-06-14,106.53458404541016,106.64164733886719,105.75439453125,106.53872680664062,0,GBPINR=X,FOREX,yfinance,1d
2024-06-17,105.95288848876953,106.01715850830078,105.76324462890625,105.95288848876953,0,GBPINR=X,FOREX,yfinance,1d
2024-06-18,106.15904998779297,106.17343139648438,105.67122650146484,106.15805053710938,0,GBPINR=X,FOREX,yfinance,1d
2024-06-19,105.9554672241211,106.30012512207031,105.8934097290039,105.95231628417969,0,GBPINR=X,FOREX,yfinance,1d
2024-06-20,106.11748504638672,106.29362487792969,105.96541595458984,106.11748504638672,0,GBPINR=X,FOREX,yfinance,1d
2024-06-21,105.81307983398438,105.93409729003906,105.513427734375,105.87583923339844,0,GBPINR=X,FOREX,yfinance,1d
2024-06-24,105.61355590820312,105.9411392211914,105.53336334228516,105.61355590820312,0,GBPINR=X,FOREX,yfinance,1d
2024-06-25,105.84431457519531,105.98760223388672,105.70542907714844,105.84571075439453,0,GBPINR=X,FOREX,yfinance,1d
2024-06-26,105.80081176757812,105.97126770019531,105.46237182617188,105.80181121826172,0,GBPINR=X,FOREX,yfinance,1d
2024-06-27,105.48664855957031,105.68843078613281,105.42078399658203,105.48487091064453,0,GBPINR=X,FOREX,yfinance,1d
2024-06-28,105.51253509521484,105.56806182861328,105.19586944580078,105.50253295898438,0,GBPINR=X,FOREX,yfinance,1d
2024-07-01,105.45506286621094,105.90666198730469,105.45406341552734,105.45506286621094,0,GBPINR=X,FOREX,yfinance,1d
2024-07-02,105.51702117919922,105.83639526367188,105.35638427734375,105.5132827758789,0,GBPINR=X,FOREX,yfinance,1d
2024-07-03,105.92012023925781,106.62361907958984,105.88714599609375,105.92181396484375,0,GBPINR=X,FOREX,yfinance,1d
2024-07-04,106.40937042236328,106.61475372314453,106.40132141113281,106.40937042236328,0,GBPINR=X,FOREX,yfinance,1d
2024-07-05,106.51007080078125,106.97956848144531,106.50648498535156,106.49833679199219,0,GBPINR=X,FOREX,yfinance,1d
2024-07-08,106.9140853881836,107.21550750732422,106.84544372558594,106.9140853881836,0,GBPINR=X,FOREX,yfinance,1d
2024-07-09,106.9558334350586,107.05927276611328,106.69606018066406,106.9456787109375,0,GBPINR=X,FOREX,yfinance,1d
2024-07-10,106.77836608886719,107.2813949584961,106.73182678222656,106.7753677368164,0,GBPINR=X,FOREX,yfinance,1d
2024-07-11,107.31913757324219,108.10456085205078,107.27949523925781,107.30203247070312,0,GBPINR=X,FOREX,yfinance,1d
2024-07-12,107.89918518066406,108.49275970458984,107.77326965332031,107.91844177246094,0,GBPINR=X,FOREX,yfinance,1d
2024-07-15,108.30616760253906,108.60652923583984,108.0548324584961,108.30616760253906,0,GBPINR=X,FOREX,yfinance,1d
2024-07-16,108.39701080322266,108.46739196777344,108.14593505859375,108.40169525146484,0,GBPINR=X,FOREX,yfinance,1d
2024-07-17,108.39949798583984,108.9627914428711,108.325927734375,108.3963623046875,0,GBPINR=X,FOREX,yfinance,1d
2024-07-18,108.7024154663086,108.77637481689453,108.44542694091797,108.69996643066406,0,GBPINR=X,FOREX,yfinance,1d
2024-07-19,108.3590316772461,108.3590316772461,107.92610168457031,108.3590316772461,0,GBPINR=X,FOREX,yfinance,1d
2024-07-22,108.32843780517578,108.32843780517578,107.98080444335938,108.32843780517578,0,GBPINR=X,FOREX,yfinance,1d
2024-07-23,108.2007064819336,108.21186065673828,107.8890151977539,108.21212005615234,0,GBPINR=X,FOREX,yfinance,1d
2024-07-24,108.0073013305664,108.27603912353516,107.79570007324219,108.0073013305664,0,GBPINR=X,FOREX,yfinance,1d
2024-07-25,108.02024841308594,108.06600952148438,107.77164459228516,108.03327178955078,0,GBPINR=X,FOREX,yfinance,1d
2024-07-26,107.6533203125,107.79869842529297,107.58268737792969,107.65889739990234,0,GBPINR=X,FOREX,yfinance,1d
2024-07-29,107.73005676269531,107.88162994384766,107.23406982421875,107.73976135253906,0,GBPINR=X,FOREX,yfinance,1d
2024-07-30,107.69477081298828,107.70336151123047,107.34235382080078,107.68934631347656,0,GBPINR=X,FOREX,yfinance,1d
2024-07-31,107.51306915283203,107.60709381103516,107.36395263671875,107.5001220703125,0,GBPINR=X,FOREX,yfinance,1d
2024-08-01,107.6241683959961,107.62744140625,106.78375244140625,107.6241683959961,0,GBPINR=X,FOREX,yfinance,1d
2024-08-02,106.73548889160156,107.56900024414062,106.41938018798828,106.73548889160156,0,GBPINR=X,FOREX,yfinance,1d
2024-08-05,107.11537170410156,107.64083862304688,106.56425476074219,107.11537170410156,0,GBPINR=X,FOREX,yfinance,1d
2024-08-06,107.45867919921875,107.51704406738281,106.33837890625,107.41864013671875,0,GBPINR=X,FOREX,yfinance,1d
2024-08-07,106.46976470947266,106.9117431640625,106.46630859375,106.49339294433594,0,GBPINR=X,FOREX,yfinance,1d
2024-08-08,106.42864227294922,106.99852752685547,106.29122161865234,106.42864227294922,0,GBPINR=X,FOREX,yfinance,1d
2024-08-09,107.0654067993164,107.22416687011719,106.85543060302734,107.05540466308594,0,GBPINR=X,FOREX,yfinance,1d
2024-08-12,107.04537200927734,107.40644836425781,106.97237396240234,107.04537200927734,0,GBPINR=X,FOREX,yfinance,1d
2024-08-13,107.1344223022461,107.70806884765625,107.13341522216797,107.12836456298828,0,GBPINR=X,FOREX,yfinance,1d
2024-08-14,107.90889739990234,107.97460174560547,107.64339447021484,107.90889739990234,0,GBPINR=X,FOREX,yfinance,1d
2024-08-15,107.71765899658203,108.05693817138672,107.4543685913086,107.71765899658203,0,GBPINR=X,FOREX,yfinance,1d
2024-08-16,107.9422378540039,108.40116119384766,107.84515380859375,107.9422378540039,0,GBPINR=X,FOREX,yfinance,1d
2024-08-19,108.572021484375,108.9609603881836,108.46892547607422,108.572021484375,0,GBPINR=X,FOREX,yfinance,1d
2024-08-20,109.0177001953125,109.21966552734375,108.35753631591797,108.94926452636719,0,GBPINR=X,FOREX,yfinance,1d
2024-08-21,109.20791625976562,109.69779968261719,109.10240173339844,109.20378112792969,0,GBPINR=X,FOREX,yfinance,1d
2024-08-22,109.82176208496094,110.20281982421875,109.78681182861328,109.81366729736328,0,GBPINR=X,FOREX,yfinance,1d
2024-08-23,109.94209289550781,110.8668212890625,109.85612487792969,109.94209289550781,0,GBPINR=X,FOREX,yfinance,1d
2024-08-26,110.7044677734375,110.78885650634766,110.55216979980469,110.7044677734375,0,GBPINR=X,FOREX,yfinance,1d
2024-08-27,110.65666198730469,111.17560577392578,110.54655456542969,110.65898132324219,0,GBPINR=X,FOREX,yfinance,1d
2024-08-28,111.2481918334961,111.29329681396484,110.73192596435547,111.2461929321289,0,GBPINR=X,FOREX,yfinance,1d
2024-08-29,110.74658203125,110.9422378540039,110.2593765258789,110.73558044433594,0,GBPINR=X,FOREX,yfinance,1d
2024-08-30,110.45046997070312,110.67288970947266,110.07205963134766,110.4382095336914,0,GBPINR=X,FOREX,yfinance,1d
2024-09-02,110.11857604980469,110.36731719970703,110.07268524169922,110.11316680908203,0,GBPINR=X,FOREX,yfinance,1d
2024-09-03,110.28996276855469,110.35820007324219,109.90425109863281,110.29061889648438,0,GBPINR=X,FOREX,yfinance,1d
2024-09-04,110.09119415283203,110.62510681152344,110.00655364990234,110.09212493896484,0,GBPINR=X,FOREX,yfinance,1d
2024-09-05,110.38538360595703,110.69471740722656,110.3306884765625,110.38854217529297,0,GBPINR=X,FOREX,yfinance,1d
2024-09-06,110.66140747070312,111.0445556640625,110.24016571044922,110.66878509521484,0,GBPINR=X,FOREX,yfinance,1d
2024-09-09,110.32196807861328,110.34943389892578,109.72042846679688,110.32196807861328,0,GBPINR=X,FOREX,yfinance,1d
2024-09-10,109.7696304321289,110.06776428222656,109.56865692138672,109.7696304321289,0,GBPINR=X,FOREX,yfinance,1d
2024-09-11,109.85054016113281,110.07303619384766,109.20161437988281,109.86066436767578,0,GBPINR=X,FOREX,yfinance,1d
2024-09-12,109.52005004882812,109.82123565673828,109.44393157958984,109.5186996459961,0,GBPINR=X,FOREX,yfinance,1d
2024-09-13,110.2193603515625,110.48764038085938,110.06465911865234,110.22760009765625,0,GBPINR=X,FOREX,yfinance,1d
2024-09-16,110.1725082397461,110.78790283203125,110.1725082397461,110.1725082397461,0,GBPINR=X,FOREX,yfinance,1d
2024-09-17,110.81941223144531,110.8263168334961,110.2533187866211,110.78710174560547,0,GBPINR=X,FOREX,yfinance,1d
2024-09-18,110.29191589355469,110.9686508178711,110.13155364990234,110.29191589355469,0,GBPINR=X,FOREX,yfinance,1d
2024-09-19,110.46154022216797,111.34329223632812,110.14741516113281,110.46154022216797,0,GBPINR=X,FOREX,yfinance,1d
2024-09-20,111.03561401367188,111.43085479736328,110.81025695800781,111.03561401367188,0,GBPINR=X,FOREX,yfinance,1d
2024-09-23,111.20048522949219,111.5999526977539,110.7060775756836,111.20048522949219,0,GBPINR=X,FOREX,yfinance,1d
2024-09-24,111.54686737060547,112.07687377929688,111.4348373413086,111.55327606201172,0,GBPINR=X,FOREX,yfinance,1d
2024-09-25,112.25469970703125,112.25469970703125,111.40274810791016,112.18423461914062,0,GBPINR=X,FOREX,yfinance,1d
2024-09-26,111.34156036376953,112.32307434082031,111.3379135131836,111.34959411621094,0,GBPINR=X,FOREX,yfinance,1d
2024-09-27,112.12081909179688,112.33475494384766,111.78553771972656,112.12420654296875,0,GBPINR=X,FOREX,yfinance,1d
2024-09-30,112.01766204833984,112.5728988647461,111.94356536865234,112.01766204833984,0,GBPINR=X,FOREX,yfinance,1d
2024-10-01,112.13003540039062,112.20465850830078,111.34867858886719,112.12918090820312,0,GBPINR=X,FOREX,yfinance,1d
2024-10-02,111.32779693603516,111.72098541259766,111.2392578125,111.32807922363281,0,GBPINR=X,FOREX,yfinance,1d
2024-10-03,111.30643463134766,111.32160186767578,109.96052551269531,111.34136199951172,0,GBPINR=X,FOREX,yfinance,1d
2024-10-04,110.27507019042969,110.63954162597656,109.83868408203125,110.27507019042969,0,GBPINR=X,FOREX,yfinance,1d
2024-10-07,110.25823211669922,110.28173828125,109.68140411376953,110.25823211669922,0,GBPINR=X,FOREX,yfinance,1d
2024-10-08,109.84144592285156,110.17508697509766,109.67436218261719,109.84144592285156,0,GBPINR=X,FOREX,yfinance,1d
2024-10-09,109.90059661865234,109.9735336303711,109.63151550292969,109.93444061279297,0,GBPINR=X,FOREX,yfinance,1d
2024-10-10,109.67486572265625,109.9209976196289,109.38338470458984,109.67486572265625,0,GBPINR=X,FOREX,yfinance,1d
2024-10-11,109.63203430175781,110.02753448486328,109.56204986572266,109.63603973388672,0,GBPINR=X,FOREX,yfinance,1d
2024-10-14,109.84443664550781,109.88072204589844,109.52281188964844,109.84443664550781,0,GBPINR=X,FOREX,yfinance,1d
2024-10-15,109.79920196533203,110.10795593261719,109.5818099975586,109.80130004882812,0,GBPINR=X,FOREX,yfinance,1d
2024-10-16,109.86196899414062,109.92274475097656,109.14556121826172,109.85874938964844,0,GBPINR=X,FOREX,yfinance,1d
2024-10-17,109.15806579589844,109.44499206542969,109.01918029785156,109.15906524658203,0,GBPINR=X,FOREX,yfinance,1d
2024-10-18,109.38911437988281,109.85860443115234,109.32149505615234,109.41233825683594,0,GBPINR=X,FOREX,yfinance,1d
2024-10-21,109.71588134765625,109.71588134765625,109.13050842285156,109.71588134765625,0,GBPINR=X,FOREX,yfinance,1d
2024-10-22,109.1384048461914,109.42279052734375,108.84730529785156,109.16510009765625,0,GBPINR=X,FOREX,yfinance,1d
2024-10-23,109.16262817382812,109.24109649658203,108.7699966430664,109.1610107421875,0,GBPINR=X,FOREX,yfinance,1d
2024-10-24,108.53904724121094,109.17794036865234,108.53904724121094,108.53804779052734,0,GBPINR=X,FOREX,yfinance,1d
2024-10-25,109.05508422851562,109.29061126708984,108.92786407470703,109.06485748291016,0,GBPINR=X,FOREX,yfinance,1d
2024-10-28,108.97814178466797,109.2983169555664,108.79222869873047,108.98404693603516,0,GBPINR=X,FOREX,yfinance,1d
2024-10-29,109.06298828125,109.33736419677734,108.93968200683594,109.06298828125,0,GBPINR=X,FOREX,yfinance,1d
2024-10-30,109.42076873779297,109.65694427490234,108.79177856445312,109.42176818847656,0,GBPINR=X,FOREX,yfinance,1d
2024-10-31,108.96691131591797,109.29814147949219,108.0608139038086,108.96691131591797,0,GBPINR=X,FOREX,yfinance,1d
2024-11-01,108.44429779052734,109.0860824584961,108.34603881835938,108.44429779052734,0,GBPINR=X,FOREX,yfinance,1d
2024-11-04,109.06504821777344,109.29729461669922,108.85971069335938,108.69771575927734,0,GBPINR=X,FOREX,yfinance,1d
2024-11-05,109.0121841430664,109.50362396240234,108.92179107666016,109.00897979736328,0,GBPINR=X,FOREX,yfinance,1d
2024-11-06,109.68582153320312,109.71382141113281,108.20523834228516,109.67581939697266,0,GBPINR=X,FOREX,yfinance,1d
2024-11-07,108.5361557006836,109.64389038085938,108.48851776123047,108.5361557006836,0,GBPINR=X,FOREX,yfinance,1d
2024-11-08,109.47955322265625,109.54309844970703,108.85416412353516,109.47955322265625,0,GBPINR=X,FOREX,yfinance,1d
2024-11-11,108.99998474121094,109.07726287841797,108.50598907470703,109.06918334960938,0,GBPINR=X,FOREX,yfinance,1d
2024-11-12,108.67020416259766,108.67020416259766,107.43537902832031,108.6884536743164,0,GBPINR=X,FOREX,yfinance,1d
2024-11-13,107.52605438232422,107.67237854003906,107.09738159179688,107.52766418457031,0,GBPINR=X,FOREX,yfinance,1d
2024-11-14,107.29389953613281,107.41531372070312,106.69212341308594,107.31088256835938,0,GBPINR=X,FOREX,yfinance,1d
2024-11-15,106.9813461303711,107.18694305419922,106.5265884399414,106.9813461303711,0,GBPINR=X,FOREX,yfinance,1d
2024-11-18,106.61271667480469,106.87242126464844,106.47028350830078,106.59762573242188,0,GBPINR=X,FOREX,yfinance,1d
2024-11-19,107.00418853759766,107.09003448486328,106.4822006225586,107.00051879882812,0,GBPINR=X,FOREX,yfinance,1d
2024-11-20,107.12621307373047,107.27235412597656,106.58451080322266,107.12621307373047,0,GBPINR=X,FOREX,yfinance,1d
2024-11-21,106.78375244140625,106.89900207519531,106.33402252197266,106.7588882446289,0,GBPINR=X,FOREX,yfinance,1d
2024-11-22,106.36869812011719,106.4256362915039,105.48480224609375,106.36869812011719,0,GBPINR=X,FOREX,yfinance,1d
2024-11-25,106.32926940917969,106.36420440673828,105.69518280029297,105.79850769042969,0,GBPINR=X,FOREX,yfinance,1d
2024-11-26,106.0505142211914,106.34416198730469,105.51280212402344,106.0505142211914,0,GBPINR=X,FOREX,yfinance,1d
2024-11-27,106.03802490234375,107.14769744873047,106.00615692138672,106.03902435302734,0,GBPINR=X,FOREX,yfinance,1d
2024-11-28,107.15254211425781,107.17523193359375,106.85057067871094,107.15254211425781,0,GBPINR=X,FOREX,yfinance,1d
2024-11-29,107.23682403564453,107.72966003417969,107.16969299316406,107.23082733154297,0,GBPINR=X,FOREX,yfinance,1d
2024-12-02,107.37320709228516,107.75493621826172,106.90757751464844,107.70447540283203,0,GBPINR=X,FOREX,yfinance,1d
2024-12-03,107.23182678222656,107.64059448242188,107.06626892089844,107.25425720214844,0,GBPINR=X,FOREX,yfinance,1d
2024-12-04,107.31695556640625,107.7249984741211,107.03803253173828,107.31397247314453,0,GBPINR=X,FOREX,yfinance,1d
2024-12-05,107.58760070800781,108.12256622314453,107.52306365966797,107.58561706542969,0,GBPINR=X,FOREX,yfinance,1d
2024-12-06,108.0501708984375,108.3914794921875,107.63574981689453,108.05602264404297,0,GBPINR=X,FOREX,yfinance,1d
2024-12-09,107.81975555419922,108.5955581665039,107.74549865722656,107.81975555419922,0,GBPINR=X,FOREX,yfinance,1d
2024-12-10,108.16828155517578,108.32140350341797,107.98700714111328,108.15021514892578,0,GBPINR=X,FOREX,yfinance,1d
2024-12-11,108.46598052978516,108.49342346191406,107.85486602783203,108.47210693359375,0,GBPINR=X,FOREX,yfinance,1d
2024-12-12,108.22676849365234,108.51676177978516,107.55916595458984,108.20877075195312,0,GBPINR=X,FOREX,yfinance,1d
2024-12-13,107.54764556884766,107.76478576660156,106.95386505126953,107.54764556884766,0,GBPINR=X,FOREX,yfinance,1d
2024-12-16,107.0498046875,107.80821990966797,107.0498046875,107.0498046875,0,GBPINR=X,FOREX,yfinance,1d
2024-12-17,107.7947998046875,108.03501892089844,107.57760620117188,107.7947998046875,0,GBPINR=X,FOREX,yfinance,1d
2024-12-18,107.95870208740234,108.2086410522461,107.63626861572266,107.95914459228516,0,GBPINR=X,FOREX,yfinance,1d
2024-12-19,106.92133331298828,107.85684967041016,106.6307601928711,106.92133331298828,0,GBPINR=X,FOREX,yfinance,1d
2024-12-20,106.60444641113281,106.94114685058594,106.17466735839844,106.60444641113281,0,GBPINR=X,FOREX,yfinance,1d
2024-12-23,106.82200622558594,107.0911636352539,106.4493637084961,106.73936462402344,0,GBPINR=X,FOREX,yfinance,1d
2024-12-24,106.67778015136719,107.07722473144531,106.49119567871094,106.67675018310547,0,GBPINR=X,FOREX,yfinance,1d
2024-12-25,106.82254028320312,109.02210235595703,105.87867736816406,106.82254028320312,0,GBPINR=X,FOREX,yfinance,1d
2024-12-26,107.00991821289062,107.15464782714844,106.37091827392578,107.00991821289062,0,GBPINR=X,FOREX,yfinance,1d
2024-12-27,106.77900695800781,107.58164978027344,105.02043914794922,106.77900695800781,0,GBPINR=X,FOREX,yfinance,1d
2024-12-30,107.34728240966797,107.79158782958984,106.89262390136719,107.34728240966797,0,GBPINR=X,FOREX,yfinance,1d
2024-12-31,107.63943481445312,107.65094757080078,107.09660339355469,107.63943481445312,0,GBPINR=X,FOREX,yfinance,1d
2025-01-02,107.35687255859375,107.64129638671875,105.96124267578125,107.35687255859375,0,GBPINR=X,FOREX,yfinance,1d
2025-01-03,106.22364044189453,106.86918640136719,106.19088745117188,106.20602416992188,0,GBPINR=X,FOREX,yfinance,1d
2025-01-06,106.53840637207031,107.52171325683594,106.53840637207031,106.53840637207031,0,GBPINR=X,FOREX,yfinance,1d
2025-01-07,107.2006607055664,107.77066040039062,107.07270812988281,107.2006607055664,0,GBPINR=X,FOREX,yfinance,1d
2025-01-08,107.22611999511719,107.33668518066406,105.85478973388672,107.26012420654297,0,GBPINR=X,FOREX,yfinance,1d
2025-01-09,106.18383026123047,106.48152923583984,105.22222137451172,106.18473052978516,0,GBPINR=X,FOREX,yfinance,1d
2025-01-10,105.66999053955078,105.96888732910156,105.06912231445312,105.70246124267578,0,GBPINR=X,FOREX,yfinance,1d
2025-01-13,105.13969421386719,105.47715759277344,104.69952392578125,105.22016143798828,0,GBPINR=X,FOREX,yfinance,1d
2025-01-14,105.97958374023438,106.12108612060547,105.0755844116211,106.14251708984375,0,GBPINR=X,FOREX,yfinance,1d
2025-01-15,105.652099609375,106.2061996459961,105.21215057373047,105.652099609375,0,GBPINR=X,FOREX,yfinance,1d
2025-01-16,106.01118469238281,106.03669738769531,105.43110656738281,106.01118469238281,0,GBPINR=X,FOREX,yfinance,1d
2025-01-17,105.95885467529297,105.9805679321289,105.29865264892578,105.95243072509766,0,GBPINR=X,FOREX,yfinance,1d
2025-01-20,105.34148406982422,106.19723510742188,105.30442810058594,105.34148406982422,0,GBPINR=X,FOREX,yfinance,1d
2025-01-21,106.40042877197266,106.62150573730469,105.37322998046875,106.27042388916016,0,GBPINR=X,FOREX,yfinance,1d
2025-01-22,106.68291473388672,107.05484771728516,106.2754135131836,106.71574401855469,0,GBPINR=X,FOREX,yfinance,1d
2025-01-23,106.45352172851562,106.7965087890625,106.31759643554688,106.45352172851562,0,GBPINR=X,FOREX,yfinance,1d
2025-01-24,106.92897033691406,107.68155670166016,105.16126251220703,106.92897033691406,0,GBPINR=X,FOREX,yfinance,1d
2025-01-27,107.62013244628906,108.06245422363281,107.326171875,107.62013244628906,0,GBPINR=X,FOREX,yfinance,1d
2025-01-28,108.00194549560547,108.00194549560547,107.44438934326172,108.00194549560547,0,GBPINR=X,FOREX,yfinance,1d
2025-01-29,107.71817779541016,107.9227066040039,107.28515625,107.71817779541016,0,GBPINR=X,FOREX,yfinance,1d
2025-01-30,107.92411804199219,107.99188995361328,107.61456298828125,107.92411804199219,0,GBPINR=X,FOREX,yfinance,1d
2025-01-31,107.60710906982422,107.79800415039062,107.25912475585938,107.60710906982422,0,GBPINR=X,FOREX,yfinance,1d
2025-02-03,107.27069854736328,108.1175765991211,106.55439758300781,107.27069854736328,0,GBPINR=X,FOREX,yfinance,1d
2025-02-04,108.18778228759766,108.74787902832031,107.83984375,108.1537857055664,0,GBPINR=X,FOREX,yfinance,1d
2025-02-05,108.6921157836914,109.6758804321289,108.61331939697266,108.68211364746094,0,GBPINR=X,FOREX,yfinance,1d
2025-02-06,109.18164825439453,109.41921997070312,108.33059692382812,109.18740844726562,0,GBPINR=X,FOREX,yfinance,1d
2025-02-07,108.92247772216797,109.16080474853516,108.57811737060547,108.9124755859375,0,GBPINR=X,FOREX,yfinance,1d
2025-02-10,108.67201232910156,109.07810974121094,108.20960998535156,108.55635833740234,0,GBPINR=X,FOREX,yfinance,1d
2025-02-11,108.12975311279297,108.22899627685547,107.0008773803711,108.10597229003906,0,GBPINR=X,FOREX,yfinance,1d
2025-02-12,108.08419036865234,108.27181243896484,107.45317840576172,108.08419036865234,0,GBPINR=X,FOREX,yfinance,1d
2025-02-13,108.06671905517578,108.71868133544922,108.06671905517578,108.06671905517578,0,GBPINR=X,FOREX,yfinance,1d
2025-02-14,108.9847640991211,109.35523986816406,108.82108306884766,108.99295043945312,0,GBPINR=X,FOREX,yfinance,1d
2025-02-17,109.05775451660156,109.53987884521484,109.05475616455078,108.81047058105469,0,GBPINR=X,FOREX,yfinance,1d
2025-02-18,109.615966796875,109.75239562988281,109.40478515625,109.615966796875,0,GBPINR=X,FOREX,yfinance,1d
2025-02-19,109.75763702392578,109.79879760742188,109.24858093261719,109.75763702392578,0,GBPINR=X,FOREX,yfinance,1d
2025-02-20,109.26253509521484,109.4988784790039,109.05282592773438,109.26253509521484,0,GBPINR=X,FOREX,yfinance,1d
2025-02-21,109.53125,109.8709487915039,109.38595581054688,109.53125,0,GBPINR=X,FOREX,yfinance,1d
2025-02-24,109.76090240478516,109.88618469238281,109.31695556640625,109.30093383789062,0,GBPINR=X,FOREX,yfinance,1d
2025-02-25,109.37584686279297,110.51679992675781,109.37584686279297,109.36671447753906,0,GBPINR=X,FOREX,yfinance,1d
2025-02-26,110.26658630371094,110.73754119873047,110.03134155273438,110.256591796875,0,GBPINR=X,FOREX,yfinance,1d
2025-02-27,110.462158203125,110.70697021484375,110.1910171508789,110.462158203125,0,GBPINR=X,FOREX,yfinance,1d
2025-02-28,110.03300476074219,110.32650756835938,109.82230377197266,110.0320053100586,0,GBPINR=X,FOREX,yfinance,1d
2025-03-03,109.96849060058594,110.9133529663086,109.94852447509766,109.96849060058594,0,GBPINR=X,FOREX,yfinance,1d
2025-03-04,110.931640625,111.17205047607422,110.75426483154297,110.94992065429688,0,GBPINR=X,FOREX,yfinance,1d
2025-03-05,111.56136322021484,111.84854125976562,111.3376693725586,111.56136322021484,0,GBPINR=X,FOREX,yfinance,1d
2025-03-06,112.0225830078125,112.46502685546875,111.9646224975586,112.0215835571289,0,GBPINR=X,FOREX,yfinance,1d
2025-03-07,112.27404022216797,112.63898468017578,112.16378784179688,112.27503967285156,0,GBPINR=X,FOREX,yfinance,1d
2025-03-10,112.36249542236328,113.02923583984375,112.36219024658203,112.51460266113281,0,GBPINR=X,FOREX,yfinance,1d
2025-03-11,112.46202087402344,112.95701599121094,112.37561798095703,112.4990005493164,0,GBPINR=X,FOREX,yfinance,1d
2025-03-12,112.87540435791016,113.15762329101562,112.64241790771484,112.90506744384766,0,GBPINR=X,FOREX,yfinance,1d
2025-03-13,113.2220230102539,113.2220230102539,112.44519805908203,113.2220230102539,0,GBPINR=X,FOREX,yfinance,1d
2025-03-14,112.60578918457031,112.6389389038086,112.25932312011719,112.60100555419922,0,GBPINR=X,FOREX,yfinance,1d
2025-03-17,112.52079772949219,112.67634582519531,112.20514678955078,112.52079772949219,0,GBPINR=X,FOREX,yfinance,1d
2025-03-18,112.87301635742188,112.87525939941406,112.14959716796875,112.87388610839844,0,GBPINR=X,FOREX,yfinance,1d
2025-03-19,112.5491714477539,112.63018035888672,111.83019256591797,112.54741668701172,0,GBPINR=X,FOREX,yfinance,1d
2025-03-20,112.30025482177734,112.40413665771484,111.71508026123047,112.30025482177734,0,GBPINR=X,FOREX,yfinance,1d
2025-03-21,111.96057891845703,111.96057891845703,110.88774871826172,111.95357513427734,0,GBPINR=X,FOREX,yfinance,1d
2025-03-24,111.19705963134766,111.27255249023438,110.4931411743164,111.15750122070312,0,GBPINR=X,FOREX,yfinance,1d
2025-03-25,110.5442886352539,111.07276916503906,110.49365997314453,110.5452880859375,0,GBPINR=X,FOREX,yfinance,1d
2025-03-26,110.77223205566406,111.06704711914062,110.28294372558594,110.77323150634766,0,GBPINR=X,FOREX,yfinance,1d
2025-03-27,110.83988952636719,111.25884246826172,110.55724334716797,110.83988952636719,0,GBPINR=X,FOREX,yfinance,1d
2025-03-28,110.98003387451172,111.01605987548828,110.45585632324219,110.95677947998047,0,GBPINR=X,FOREX,yfinance,1d
2025-03-31,110.59383392333984,110.8798599243164,110.1370849609375,110.59383392333984,0,GBPINR=X,FOREX,yfinance,1d
2025-04-01,110.40811920166016,110.87957000732422,110.27073669433594,110.40312194824219,0,GBPINR=X,FOREX,yfinance,1d
2025-04-02,110.62517547607422,110.875732421875,110.29252624511719,110.62517547607422,0,GBPINR=X,FOREX,yfinance,1d
2025-04-03,111.85093688964844,112.66705322265625,111.57554626464844,111.59293365478516,0,GBPINR=X,FOREX,yfinance,1d
2025-04-04,111.72880554199219,111.79513549804688,110.56993103027344,111.72980499267578,0,GBPINR=X,FOREX,yfinance,1d
2025-04-07,110.1405029296875,110.89137268066406,107.40557861328125,110.1405029296875,0,GBPINR=X,FOREX,yfinance,1d
2025-04-08,109.54811096191406,110.26021575927734,109.5025863647461,109.54711151123047,0,GBPINR=X,FOREX,yfinance,1d
2025-04-09,110.49150848388672,111.37428283691406,110.43152618408203,110.46036529541016,0,GBPINR=X,FOREX,yfinance,1d
2025-04-10,110.47379302978516,111.85680389404297,110.35371398925781,110.4677963256836,0,GBPINR=X,FOREX,yfinance,1d
2025-04-11,111.88933563232422,113.11355590820312,111.83186340332031,111.8883285522461,0,GBPINR=X,FOREX,yfinance,1d
2025-04-14,112.7737808227539,113.53401947021484,112.43038177490234,112.7737808227539,0,GBPINR=X,FOREX,yfinance,1d
2025-04-15,113.31809997558594,113.67213439941406,112.95722198486328,113.31809997558594,0,GBPINR=X,FOREX,yfinance,1d
2025-04-16,113.4229965209961,113.80982971191406,113.2291488647461,113.48444366455078,0,GBPINR=X,FOREX,yfinance,1d
2025-04-17,113.33000183105469,113.35549926757812,112.84456634521484,113.33000183105469,0,GBPINR=X,FOREX,yfinance,1d
2025-04-22,113.92738342285156,114.21078491210938,113.72372436523438,113.92738342285156,0,GBPINR=X,FOREX,yfinance,1d
2025-04-23,113.09716796875,113.97268676757812,113.09716796875,113.09716796875,0,GBPINR=X,FOREX,yfinance,1d
2025-04-24,113.44771575927734,113.73129272460938,113.36217498779297,113.46571350097656,0,GBPINR=X,FOREX,yfinance,1d
2025-04-25,113.7186279296875,113.85485076904297,113.02754974365234,113.7186279296875,0,GBPINR=X,FOREX,yfinance,1d
2025-04-28,113.47296142578125,114.27132415771484,112.87905883789062,113.67278289794922,0,GBPINR=X,FOREX,yfinance,1d
2025-04-29,114.41305541992188,114.51708984375,113.91475677490234,114.41445922851562,0,GBPINR=X,FOREX,yfinance,1d
2025-04-30,114.22369384765625,114.28112030029297,112.60172271728516,114.22369384765625,0,GBPINR=X,FOREX,yfinance,1d
2025-05-01,112.63733673095703,112.88333892822266,112.30760955810547,112.63733673095703,0,GBPINR=X,FOREX,yfinance,1d
2025-05-02,112.49533081054688,112.62208557128906,111.2293472290039,112.49533081054688,0,GBPINR=X,FOREX,yfinance,1d
2025-05-05,112.12812805175781,112.36491394042969,100.009033203125,112.12812805175781,0,GBPINR=X,FOREX,yfinance,1d
2025-05-06,111.9670639038086,112.97500610351562,111.72439575195312,111.9670639038086,0,GBPINR=X,FOREX,yfinance,1d
2025-05-07,113.22102355957031,113.2913589477539,112.77053833007812,113.22102355957031,0,GBPINR=X,FOREX,yfinance,1d
2025-05-08,112.7415771484375,113.99962615966797,112.61636352539062,112.7415771484375,0,GBPINR=X,FOREX,yfinance,1d
2025-05-09,113.97876739501953,114.03441619873047,113.00386047363281,113.97876739501953,0,GBPINR=X,FOREX,yfinance,1d
2025-05-12,113.56951904296875,113.57051849365234,111.16224670410156,113.56951904296875,0,GBPINR=X,FOREX,yfinance,1d
2025-05-13,111.96123504638672,113.16971588134766,111.4780044555664,111.93560028076172,0,GBPINR=X,FOREX,yfinance,1d
2025-05-14,113.18109893798828,113.92351531982422,113.01817321777344,113.16390991210938,0,GBPINR=X,FOREX,yfinance,1d
2025-05-15,113.39306640625,113.9085922241211,113.12625122070312,113.39306640625,0,GBPINR=X,FOREX,yfinance,1d
2025-05-16,113.69940185546875,114.16790771484375,113.37541961669922,113.69983673095703,0,GBPINR=X,FOREX,yfinance,1d
2025-05-19,113.69379425048828,114.49553680419922,113.4836196899414,113.69379425048828,0,GBPINR=X,FOREX,yfinance,1d
2025-05-20,114.03504943847656,114.55438232421875,113.98167419433594,114.04973602294922,0,GBPINR=X,FOREX,yfinance,1d
2025-05-21,114.5827865600586,115.2071533203125,114.5827865600586,114.581787109375,0,GBPINR=X,FOREX,yfinance,1d
2025-05-22,114.87721252441406,115.55097198486328,114.7547607421875,114.87721252441406,0,GBPINR=X,FOREX,yfinance,1d
2025-05-23,115.40895080566406,115.66557312011719,114.82930755615234,115.40895080566406,0,GBPINR=X,FOREX,yfinance,1d
2025-05-26,115.31163024902344,115.58702850341797,114.84101104736328,115.31163024902344,0,GBPINR=X,FOREX,yfinance,1d
2025-05-27,115.52197265625,115.79721069335938,111.52729797363281,115.52197265625,0,GBPINR=X,FOREX,yfinance,1d
2025-05-28,115.3511962890625,115.56890106201172,114.86148071289062,115.3511962890625,0,GBPINR=X,FOREX,yfinance,1d
2025-05-29,114.97938537597656,115.35124206542969,114.6750259399414,114.97938537597656,0,GBPINR=X,FOREX,yfinance,1d
2025-05-30,115.22840118408203,115.48246002197266,114.82420349121094,115.22840118408203,0,GBPINR=X,FOREX,yfinance,1d
2025-06-02,115.12036895751953,115.77057647705078,115.11936950683594,115.12036895751953,0,GBPINR=X,FOREX,yfinance,1d
2025-06-03,115.74517822265625,115.93893432617188,115.41971588134766,115.6791763305664,0,GBPINR=X,FOREX,yfinance,1d
2025-06-04,115.87602233886719,116.5534439086914,115.689697265625,115.87602233886719,0,GBPINR=X,FOREX,yfinance,1d
2025-06-05,116.4021224975586,116.7576904296875,116.17481231689453,116.4021224975586,0,GBPINR=X,FOREX,yfinance,1d
2025-06-06,116.57571411132812,116.68488311767578,115.54594421386719,116.57571411132812,0,GBPINR=X,FOREX,yfinance,1d
2025-06-09,116.0414810180664,116.3374252319336,115.8863754272461,116.0414810180664,0,GBPINR=X,FOREX,yfinance,1d
2025-06-10,116.2162857055664,116.2165756225586,115.26962280273438,116.2162857055664,0,GBPINR=X,FOREX,yfinance,1d
2025-06-11,115.65390014648438,115.83403778076172,115.12372589111328,115.65390014648438,0,GBPINR=X,FOREX,yfinance,1d
2025-06-12,115.83621978759766,116.50814056396484,115.79249572753906,115.83621978759766,0,GBPINR=X,FOREX,yfinance,1d
2025-06-13,116.69483184814453,117.10829162597656,116.17698669433594,116.69483184814453,0,GBPINR=X,FOREX,yfinance,1d
2025-06-16,116.65657043457031,117.00169372558594,116.59111022949219,116.82786560058594,0,GBPINR=X,FOREX,yfinance,1d
2025-06-17,116.92015075683594,117.09627532958984,116.48499298095703,116.92015075683594,0,GBPINR=X,FOREX,yfinance,1d
2025-06-18,115.91219329833984,116.51124572753906,115.91219329833984,115.91219329833984,0,GBPINR=X,FOREX,yfinance,1d
2025-06-19,116.22373962402344,116.7270736694336,115.64624786376953,116.2337417602539,0,GBPINR=X,FOREX,yfinance,1d
2025-06-20,116.50138854980469,117.00313568115234,116.50138854980469,116.50138854980469,0,GBPINR=X,FOREX,yfinance,1d
2025-06-23,116.49163055419922,116.91533660888672,116.0358657836914,116.49163055419922,0,GBPINR=X,FOREX,yfinance,1d
2025-06-24,116.55548858642578,117.31221008300781,116.55548858642578,116.55548858642578,0,GBPINR=X,FOREX,yfinance,1d
2025-06-25,116.9324951171875,117.27372741699219,116.81414794921875,116.9324951171875,0,GBPINR=X,FOREX,yfinance,1d
2025-06-26,117.71006774902344,117.93607330322266,117.40449523925781,117.6990737915039,0,GBPINR=X,FOREX,yfinance,1d
2025-06-27,117.5278549194336,117.76051330566406,117.16302490234375,117.5278549194336,0,GBPINR=X,FOREX,yfinance,1d
2025-06-30,115.76921844482422,117.63990783691406,115.76921844482422,115.76921844482422,0,GBPINR=X,FOREX,yfinance,1d
2025-07-01,117.61347198486328,117.8554916381836,117.2878189086914,117.54747772216797,0,GBPINR=X,FOREX,yfinance,1d
2025-07-02,117.6488037109375,117.87879943847656,116.21720886230469,117.6488037109375,0,GBPINR=X,FOREX,yfinance,1d
2025-07-03,116.9754409790039,116.9754409790039,116.17182159423828,116.96544647216797,0,GBPINR=X,FOREX,yfinance,1d
2025-07-04,116.41481018066406,116.89005279541016,116.41481018066406,116.41481018066406,0,GBPINR=X,FOREX,yfinance,1d
2025-07-07,116.70893859863281,117.09555053710938,116.37174224853516,116.70893859863281,0,GBPINR=X,FOREX,yfinance,1d
2025-07-08,116.897216796875,117.15521240234375,116.02291870117188,116.897216796875,0,GBPINR=X,FOREX,yfinance,1d
2025-07-09,116.456298828125,116.71603393554688,116.22966766357422,116.456298828125,0,GBPINR=X,FOREX,yfinance,1d
2025-07-10,116.48883819580078,116.67097473144531,116.02222442626953,116.48883819580078,0,GBPINR=X,FOREX,yfinance,1d
2025-07-11,116.44734954833984,116.46357727050781,115.77426147460938,116.44734954833984,0,GBPINR=X,FOREX,yfinance,1d
2025-07-14,116.06355285644531,116.0645523071289,114.12693786621094,116.06355285644531,0,GBPINR=X,FOREX,yfinance,1d
2025-07-15,115.44025421142578,115.5895767211914,115.03206634521484,115.42425537109375,0,GBPINR=X,FOREX,yfinance,1d
2025-07-16,115.09777069091797,115.6665267944336,114.83781433105469,115.09777069091797,0,GBPINR=X,FOREX,yfinance,1d
2025-07-17,115.20555877685547,115.45246124267578,114.88042449951172,115.20555877685547,0,GBPINR=X,FOREX,yfinance,1d
2025-07-18,115.57221221923828,116.01067352294922,115.4096908569336,115.57221221923828,0,GBPINR=X,FOREX,yfinance,1d
2025-07-21,115.56900024414062,116.45386505126953,114.86624908447266,115.56900024414062,0,GBPINR=X,FOREX,yfinance,1d
2025-07-22,116.26567077636719,116.75303649902344,116.0224380493164,116.29547882080078,0,GBPINR=X,FOREX,yfinance,1d
2025-07-23,116.79735565185547,117.193603515625,116.60254669189453,116.79735565185547,0,GBPINR=X,FOREX,yfinance,1d
2025-07-24,117.3404541015625,117.3404541015625,116.81920623779297,117.34063720703125,0,GBPINR=X,FOREX,yfinance,1d
2025-07-25,116.75519561767578,116.83248901367188,116.05270385742188,116.76141357421875,0,GBPINR=X,FOREX,yfinance,1d
2025-07-28,116.28157806396484,116.49543762207031,116.02407836914062,116.28257751464844,0,GBPINR=X,FOREX,yfinance,1d
2025-07-29,115.92046356201172,116.29132843017578,115.6044692993164,115.92646789550781,0,GBPINR=X,FOREX,yfinance,1d
2025-07-30,116.25140380859375,117.23643493652344,116.20063781738281,116.25140380859375,0,GBPINR=X,FOREX,yfinance,1d
2025-07-31,115.7885513305664,116.30162048339844,115.5028305053711,115.7885513305664,0,GBPINR=X,FOREX,yfinance,1d
2025-08-01,115.53569030761719,116.03557586669922,115.01919555664062,115.53569030761719,0,GBPINR=X,FOREX,yfinance,1d
2025-08-04,115.87130737304688,117.04696655273438,115.63433074951172,115.87130737304688,0,GBPINR=X,FOREX,yfinance,1d
2025-08-05,116.79986572265625,116.9994125366211,116.4646224975586,116.79986572265625,0,GBPINR=X,FOREX,yfinance,1d
2025-08-06,116.65154266357422,117.19242095947266,116.43447875976562,116.65154266357422,0,GBPINR=X,FOREX,yfinance,1d
2025-08-07,117.23628997802734,117.5323715209961,116.86212158203125,117.23628997802734,0,GBPINR=X,FOREX,yfinance,1d
2025-08-08,117.59945678710938,117.94412994384766,117.4741439819336,117.59945678710938,0,GBPINR=X,FOREX,yfinance,1d
2025-08-11,117.63053894042969,118.0301284790039,117.46729278564453,117.63053894042969,0,GBPINR=X,FOREX,yfinance,1d
2025-08-12,117.76127624511719,118.4076919555664,117.62150573730469,117.76127624511719,0,GBPINR=X,FOREX,yfinance,1d
2025-08-13,118.244873046875,118.78723907470703,117.97127532958984,118.244873046875,0,GBPINR=X,FOREX,yfinance,1d
2025-08-14,118.74979400634766,119.00019073486328,118.5839614868164,118.74979400634766,0,GBPINR=X,FOREX,yfinance,1d
2025-08-15,118.63961791992188,118.76090240478516,118.51826477050781,118.6463394165039,0,GBPINR=X,FOREX,yfinance,1d
2025-08-18,118.65375518798828,118.6547622680664,118.02824401855469,118.65375518798828,0,GBPINR=X,FOREX,yfinance,1d
2025-08-19,117.89801025390625,118.02711486816406,117.41091918945312,117.89801025390625,0,GBPINR=X,FOREX,yfinance,1d
2025-08-20,117.44239044189453,117.65853881835938,117.05269622802734,117.431396484375,0,GBPINR=X,FOREX,yfinance,1d
2025-08-21,117.0770492553711,117.61991882324219,116.900390625,117.0770492553711,0,GBPINR=X,FOREX,yfinance,1d
2025-08-22,117.08441925048828,118.20021057128906,117.0349349975586,117.08441925048828,0,GBPINR=X,FOREX,yfinance,1d
2025-08-25,117.16797637939453,118.36603546142578,117.16697692871094,117.16797637939453,0,GBPINR=X,FOREX,yfinance,1d
2025-08-26,117.88166809082031,118.23239135742188,117.87369537353516,117.88166809082031,0,GBPINR=X,FOREX,yfinance,1d
2025-08-27,118.04170989990234,118.25386810302734,117.82581329345703,118.04170989990234,0,GBPINR=X,FOREX,yfinance,1d
2025-08-28,118.37217712402344,118.49113464355469,118.1330795288086,118.3771743774414,0,GBPINR=X,FOREX,yfinance,1d
2025-08-29,118.33284759521484,119.162109375,118.1692886352539,118.33284759521484,0,GBPINR=X,FOREX,yfinance,1d
2025-09-01,117.11663055419922,119.51419067382812,117.11663055419922,117.11663055419922,0,GBPINR=X,FOREX,yfinance,1d
2025-09-02,119.21109008789062,119.28960418701172,117.6086654663086,119.20509338378906,0,GBPINR=X,FOREX,yfinance,1d
2025-09-03,117.79004669189453,118.46371459960938,117.58924865722656,117.7940444946289,0,GBPINR=X,FOREX,yfinance,1d
2025-09-04,118.3625717163086,118.72679901123047,118.17711639404297,118.3625717163086,0,GBPINR=X,FOREX,yfinance,1d
2025-09-05,118.48310852050781,119.37275695800781,118.06563568115234,118.48310852050781,0,GBPINR=X,FOREX,yfinance,1d
2025-09-08,118.96971130371094,119.25645446777344,118.51644897460938,118.96971130371094,0,GBPINR=X,FOREX,yfinance,1d
2025-09-09,119.20911407470703,119.78364562988281,119.19465637207031,119.20911407470703,0,GBPINR=X,FOREX,yfinance,1d
2025-09-10,119.2743911743164,119.46138763427734,119.02174377441406,119.2743911743164,0,GBPINR=X,FOREX,yfinance,1d
2025-09-11,119.15377044677734,119.89395904541016,119.07474517822266,119.15377044677734,0,GBPINR=X,FOREX,yfinance,1d
2025-09-12,119.84461975097656,119.86575317382812,119.4433364868164,119.83924865722656,0,GBPINR=X,FOREX,yfinance,1d
2025-09-15,119.66422271728516,120.0867919921875,119.50284576416016,119.66422271728516,0,GBPINR=X,FOREX,yfinance,1d
2025-09-16,119.87439727783203,120.29814910888672,119.7707290649414,119.87439727783203,0,GBPINR=X,FOREX,yfinance,1d
2025-09-17,119.95418548583984,120.02618408203125,119.66490936279297,119.95418548583984,0,GBPINR=X,FOREX,yfinance,1d
2025-09-18,119.82403564453125,120.32463073730469,119.34932708740234,119.82403564453125,0,GBPINR=X,FOREX,yfinance,1d
2025-09-19,119.54508972167969,119.65559387207031,118.68445587158203,119.54508972167969,0,GBPINR=X,FOREX,yfinance,1d
2025-09-22,118.67609405517578,119.29712677001953,118.61457824707031,118.67609405517578,0,GBPINR=X,FOREX,yfinance,1d
2025-09-23,119.33833312988281,120.09848022460938,119.25508117675781,119.33833312988281,0,GBPINR=X,FOREX,yfinance,1d
2025-09-24,120.10819244384766,120.17742919921875,119.19172668457031,120.10819244384766,0,GBPINR=X,FOREX,yfinance,1d
2025-09-25,119.43028259277344,119.4796142578125,118.41654205322266,119.43028259277344,0,GBPINR=X,FOREX,yfinance,1d
2025-09-26,118.38211059570312,118.92465209960938,118.33428955078125,118.38211059570312,0,GBPINR=X,FOREX,yfinance,1d
2025-09-29,118.91593170166016,119.3878402709961,118.86312866210938,118.91593170166016,0,GBPINR=X,FOREX,yfinance,1d
2025-09-30,119.19023132324219,119.60830688476562,119.0232162475586,119.1892318725586,0,GBPINR=X,FOREX,yfinance,1d
2025-10-01,119.47698974609375,119.9273681640625,119.21024322509766,119.47698974609375,0,GBPINR=X,FOREX,yfinance,1d
2025-10-02,119.54303741455078,119.90280151367188,118.94705963134766,119.54303741455078,0,GBPINR=X,FOREX,yfinance,1d
2025-10-03,119.2555923461914,119.63419342041016,119.07801818847656,119.2555923461914,0,GBPINR=X,FOREX,yfinance,1d
2025-10-06,119.20912170410156,119.61286926269531,119.14861297607422,119.20912170410156,0,GBPINR=X,FOREX,yfinance,1d
2025-10-07,119.64080810546875,119.64080810546875,118.88197326660156,119.64180755615234,0,GBPINR=X,FOREX,yfinance,1d
2025-10-08,119.12384796142578,119.27272033691406,118.81472778320312,119.12384796142578,0,GBPINR=X,FOREX,yfinance,1d
2025-10-09,118.99285888671875,119.198486328125,118.12420654296875,118.99385833740234,0,GBPINR=X,FOREX,yfinance,1d
2025-10-10,118.24299621582031,118.54717254638672,117.61617279052734,118.24299621582031,0,GBPINR=X,FOREX,yfinance,1d
2025-10-13,118.52460479736328,118.6511001586914,118.01203918457031,118.52460479736328,0,GBPINR=X,FOREX,yfinance,1d
2025-10-14,118.22770690917969,118.53364562988281,117.66077423095703,118.22770690917969,0,GBPINR=X,FOREX,yfinance,1d
2025-10-15,118.29718780517578,118.83031463623047,117.4603042602539,118.29818725585938,0,GBPINR=X,FOREX,yfinance,1d
2025-10-16,117.6363754272461,118.36260986328125,117.59508514404297,117.6363754272461,0,GBPINR=X,FOREX,yfinance,1d
2025-10-17,118.24330139160156,118.42142486572266,117.85738372802734,118.24330139160156,0,GBPINR=X,FOREX,yfinance,1d
2025-10-20,118.16012573242188,118.2421646118164,117.5461654663086,118.1460952758789,0,GBPINR=X,FOREX,yfinance,1d
2025-10-21,117.79594421386719,117.97015380859375,117.593017578125,117.79594421386719,0,GBPINR=X,FOREX,yfinance,1d
2025-10-22,117.61363983154297,117.6720199584961,116.75342559814453,117.61605834960938,0,GBPINR=X,FOREX,yfinance,1d
2025-10-23,117.18002319335938,117.4710693359375,116.87397003173828,117.18002319335938,0,GBPINR=X,FOREX,yfinance,1d
2025-10-24,116.9969711303711,117.2524185180664,116.73013305664062,116.9969711303711,0,GBPINR=X,FOREX,yfinance,1d
2025-10-27,116.86526489257812,117.86209106445312,116.82078552246094,116.86526489257812,0,GBPINR=X,FOREX,yfinance,1d
2025-10-28,117.67940521240234,118.06990814208984,116.9686508178711,117.67840576171875,0,GBPINR=X,FOREX,yfinance,1d
2025-10-29,117.08793640136719,117.13613891601562,116.38744354248047,117.08793640136719,0,GBPINR=X,FOREX,yfinance,1d
2025-10-30,115.74630737304688,117.13568878173828,115.74630737304688,115.74630737304688,0,GBPINR=X,FOREX,yfinance,1d
2025-10-31,116.57202911376953,116.79914855957031,116.2420654296875,116.57202911376953,0,GBPINR=X,FOREX,yfinance,1d
2025-11-03,116.78584289550781,116.79084014892578,116.32048034667969,116.81205749511719,0,GBPINR=X,FOREX,yfinance,1d
2025-11-04,116.42938232421875,116.51744842529297,115.64652252197266,116.55731964111328,0,GBPINR=X,FOREX,yfinance,1d
2025-11-05,115.59127807617188,115.815185546875,115.36102294921875,115.59127807617188,0,GBPINR=X,FOREX,yfinance,1d
2025-11-06,115.55056762695312,116.24417877197266,115.48001861572266,115.55056762695312,0,GBPINR=X,FOREX,yfinance,1d
2025-11-07,116.47599792480469,116.79540252685547,116.08560180664062,116.47599792480469,0,GBPINR=X,FOREX,yfinance,1d
2025-11-10,116.6650619506836,116.96001434326172,116.3718490600586,116.6650619506836,0,GBPINR=X,FOREX,yfinance,1d
2025-11-11,116.871337890625,116.871337890625,116.18658447265625,116.871337890625,0,GBPINR=X,FOREX,yfinance,1d
2025-11-12,116.34273529052734,116.57141876220703,115.92792510986328,116.34273529052734,0,GBPINR=X,FOREX,yfinance,1d
2025-11-13,116.3011245727539,117.30784606933594,116.20635223388672,116.2975082397461,0,GBPINR=X,FOREX,yfinance,1d
2025-11-14,116.87612915039062,117.05843353271484,116.3376693725586,116.87712860107422,0,GBPINR=X,FOREX,yfinance,1d
2025-11-17,116.72409057617188,116.88349151611328,116.4200210571289,116.70551300048828,0,GBPINR=X,FOREX,yfinance,1d
2025-11-18,116.59754180908203,116.7520751953125,116.30485534667969,116.59754180908203,0,GBPINR=X,FOREX,yfinance,1d
2025-11-19,116.42891693115234,116.43557739257812,115.64496612548828,116.42572784423828,0,GBPINR=X,FOREX,yfinance,1d
2025-11-20,115.54631042480469,116.3109130859375,115.37699890136719,115.5450668334961,0,GBPINR=X,FOREX,yfinance,1d
2025-11-21,116.03852081298828,117.3893051147461,115.92609405517578,115.9450912475586,0,GBPINR=X,FOREX,yfinance,1d
2025-11-24,117.46533966064453,117.46533966064453,116.57878875732422,117.46533966064453,0,GBPINR=X,FOREX,yfinance,1d
2025-11-25,116.83518981933594,117.62462615966797,116.65072631835938,116.8411865234375,0,GBPINR=X,FOREX,yfinance,1d
2025-11-26,117.35989379882812,118.05599975585938,117.14730834960938,117.36089324951172,0,GBPINR=X,FOREX,yfinance,1d
2025-11-27,118.06184387207031,118.47038269042969,117.95325469970703,118.05493927001953,0,GBPINR=X,FOREX,yfinance,1d
2025-11-28,118.30939483642578,118.46918487548828,117.86387634277344,118.31539154052734,0,GBPINR=X,FOREX,yfinance,1d
2025-12-01,118.30937957763672,118.8585433959961,118.13536834716797,118.25994110107422,0,GBPINR=X,FOREX,yfinance,1d
2025-12-02,118.39424896240234,118.8762435913086,118.3531265258789,118.39424896240234,0,GBPINR=X,FOREX,yfinance,1d
2025-12-03,118.79353332519531,120.34060668945312,118.79353332519531,118.79353332519531,0,GBPINR=X,FOREX,yfinance,1d
2025-12-04,120.36734008789062,120.60199737548828,119.76657104492188,120.37334442138672,0,GBPINR=X,FOREX,yfinance,1d
2025-12-05,119.69773864746094,120.28175354003906,119.5440673828125,119.69773864746094,0,GBPINR=X,FOREX,yfinance,1d
2025-12-08,119.84236907958984,120.3831558227539,119.8355484008789,119.84236907958984,0,GBPINR=X,FOREX,yfinance,1d
2025-12-09,120.0780029296875,120.30926513671875,119.42208862304688,120.0770034790039,0,GBPINR=X,FOREX,yfinance,1d
2025-12-10,119.59407043457031,119.95683288574219,119.43551635742188,119.59579467773438,0,GBPINR=X,FOREX,yfinance,1d
2025-12-11,120.22000885009766,121.1609878540039,120.16862487792969,120.22000885009766,0,GBPINR=X,FOREX,yfinance,1d
2025-12-12,120.86253356933594,121.26454162597656,120.76700592041016,120.8725357055664,0,GBPINR=X,FOREX,yfinance,1d
2025-12-15,121.11956024169922,121.5531005859375,120.82684326171875,121.11956024169922,0,GBPINR=X,FOREX,yfinance,1d
2025-12-16,121.44192504882812,122.28900146484375,121.2927474975586,121.44192504882812,0,GBPINR=X,FOREX,yfinance,1d
2025-12-17,122.10346221923828,122.10935974121094,120.261474609375,122.10446166992188,0,GBPINR=X,FOREX,yfinance,1d
2025-12-18,120.93257141113281,121.27506256103516,120.36290740966797,120.94165802001953,0,GBPINR=X,FOREX,yfinance,1d
2025-12-19,120.77513885498047,120.79896545410156,119.39893341064453,120.77513885498047,0,GBPINR=X,FOREX,yfinance,1d
2025-12-22,119.0788345336914,120.65059661865234,119.0788345336914,119.0788345336914,0,GBPINR=X,FOREX,yfinance,1d
2025-12-23,120.65739440917969,121.2909164428711,120.5701675415039,120.65753173828125,0,GBPINR=X,FOREX,yfinance,1d
2025-12-24,120.98299407958984,121.45050048828125,120.85299682617188,120.98299407958984,0,GBPINR=X,FOREX,yfinance,1d
2025-12-26,121.59487915039062,121.8528823852539,120.92583465576172,121.59487915039062,0,GBPINR=X,FOREX,yfinance,1d
2025-12-29,121.27644348144531,121.90613555908203,121.08877563476562,121.26322937011719,0,GBPINR=X,FOREX,yfinance,1d
2025-12-30,121.41789245605469,121.60302734375,120.83776092529297,121.41688537597656,0,GBPINR=X,FOREX,yfinance,1d
2025-12-31,120.87875366210938,121.06747436523438,120.4516830444336,120.88240051269531,0,GBPINR=X,FOREX,yfinance,1d
2026-01-02,121.77057647705078,121.77057647705078,121.14551544189453,120.97290802001953,0,GBPINR=X,FOREX,yfinance,1d
2026-01-05,121.11470794677734,122.02315521240234,120.86111450195312,121.11470794677734,0,GBPINR=X,FOREX,yfinance,1d
2026-01-06,122.15093994140625,122.34384155273438,121.57830047607422,122.15080261230469,0,GBPINR=X,FOREX,yfinance,1d
2026-01-07,121.71353912353516,121.93186950683594,121.00272369384766,121.72354125976562,0,GBPINR=X,FOREX,yfinance,1d
2026-01-08,120.910888671875,121.15937042236328,120.62633514404297,120.93877410888672,0,GBPINR=X,FOREX,yfinance,1d
2026-01-09,120.81610107421875,121.16313171386719,120.60979461669922,120.81610107421875,0,GBPINR=X,FOREX,yfinance,1d
2026-01-12,121.00196075439453,121.68692016601562,121.00196075439453,121.00196075439453,0,GBPINR=X,FOREX,yfinance,1d
2026-01-13,121.38140106201172,121.83598327636719,121.27092742919922,121.36305236816406,0,GBPINR=X,FOREX,yfinance,1d
2026-01-14,121.20487976074219,121.59109497070312,120.99880981445312,121.20487976074219,0,GBPINR=X,FOREX,yfinance,1d
2026-01-15,121.2132797241211,121.5115966796875,120.81867980957031,121.2132797241211,0,GBPINR=X,FOREX,yfinance,1d
2026-01-16,120.90018463134766,121.8112564086914,120.81362915039062,120.90018463134766,0,GBPINR=X,FOREX,yfinance,1d
2026-01-19,121.40916442871094,122.08503723144531,121.30956268310547,121.40916442871094,0,GBPINR=X,FOREX,yfinance,1d
2026-01-20,122.0029296875,122.69097137451172,121.95418548583984,122.0029296875,0,GBPINR=X,FOREX,yfinance,1d
2026-01-21,122.46356201171875,123.38726806640625,122.297607421875,122.46356201171875,0,GBPINR=X,FOREX,yfinance,1d
2026-01-22,122.9345932006836,123.62995910644531,122.31365966796875,122.93280792236328,0,GBPINR=X,FOREX,yfinance,1d
2026-01-23,123.62484741210938,124.92909240722656,123.35691833496094,123.62484741210938,0,GBPINR=X,FOREX,yfinance,1d
2026-01-26,125.0294189453125,125.74440002441406,124.91614532470703,125.07998657226562,0,GBPINR=X,FOREX,yfinance,1d
2026-01-27,125.449951171875,126.32788848876953,125.2577133178711,125.449951171875,0,GBPINR=X,FOREX,yfinance,1d
2026-01-28,126.55897521972656,127.14649200439453,126.1845474243164,126.55897521972656,0,GBPINR=X,FOREX,yfinance,1d
2026-01-29,127.08019256591797,127.336669921875,126.39164733886719,127.08019256591797,0,GBPINR=X,FOREX,yfinance,1d
2026-01-30,126.76458740234375,126.864501953125,125.94036865234375,126.75458526611328,0,GBPINR=X,FOREX,yfinance,1d
2026-02-02,125.62413787841797,125.94788360595703,124.12102508544922,125.47946166992188,0,GBPINR=X,FOREX,yfinance,1d
2026-02-03,123.70941162109375,123.90121459960938,123.17379760742188,123.70941162109375,0,GBPINR=X,FOREX,yfinance,1d
2026-02-04,123.82627868652344,124.1794204711914,123.32905578613281,123.80988311767578,0,GBPINR=X,FOREX,yfinance,1d
2026-02-05,122.995849609375,123.54356384277344,122.025146484375,122.995849609375,0,GBPINR=X,FOREX,yfinance,1d
2026-02-06,122.12872314453125,123.35246276855469,122.0251235961914,122.12872314453125,0,GBPINR=X,FOREX,yfinance,1d
2026-02-09,123.3224868774414,124.13594055175781,122.9468002319336,123.30068969726562,0,GBPINR=X,FOREX,yfinance,1d
2026-02-10,124.330078125,124.330078125,123.60797119140625,124.33216857910156,0,GBPINR=X,FOREX,yfinance,1d
2026-02-11,123.51419830322266,124.31260681152344,123.49620056152344,123.501708984375,0,GBPINR=X,FOREX,yfinance,1d
2026-02-12,123.61539459228516,123.8073959350586,123.18805694580078,123.6253890991211,0,GBPINR=X,FOREX,yfinance,1d
2026-02-13,123.35478973388672,123.6290283203125,123.24116516113281,123.35491943359375,0,GBPINR=X,FOREX,yfinance,1d
2026-02-16,123.5659408569336,123.8800277709961,123.4703598022461,123.54007720947266,0,GBPINR=X,FOREX,yfinance,1d
2026-02-17,123.7061538696289,123.72584533691406,122.429931640625,123.71003723144531,0,GBPINR=X,FOREX,yfinance,1d
2026-02-18,122.95214080810547,123.16246795654297,122.74261474609375,122.95214080810547,0,GBPINR=X,FOREX,yfinance,1d
2026-02-19,122.52449035644531,123.13778686523438,122.41596221923828,122.53059387207031,0,GBPINR=X,FOREX,yfinance,1d
2026-02-20,122.5941390991211,122.71878814697266,122.16877746582031,122.5941390991211,0,GBPINR=X,FOREX,yfinance,1d
2026-02-23,122.7646255493164,122.94805908203125,122.53951263427734,122.27645874023438,0,GBPINR=X,FOREX,yfinance,1d
2026-02-24,122.83629608154297,123.01422882080078,122.50806427001953,122.83865356445312,0,GBPINR=X,FOREX,yfinance,1d
2026-02-25,122.69307708740234,123.16315460205078,122.67427825927734,122.68907928466797,0,GBPINR=X,FOREX,yfinance,1d
2026-02-26,123.30809783935547,123.35436248779297,122.84827423095703,123.30809783935547,0,GBPINR=X,FOREX,yfinance,1d
2026-02-27,122.8097915649414,122.84783935546875,122.3859634399414,122.8097915649414,0,GBPINR=X,FOREX,yfinance,1d
2026-03-02,122.20838928222656,122.96072387695312,121.79486846923828,122.788330078125,0,GBPINR=X,FOREX,yfinance,1d
2026-03-03,122.79181671142578,123.07249450683594,122.21385192871094,122.80046844482422,0,GBPINR=X,FOREX,yfinance,1d
2026-03-04,122.93334197998047,123.36099243164062,122.4595718383789,122.93334197998047,0,GBPINR=X,FOREX,yfinance,1d
2026-03-05,123.16419219970703,123.33786010742188,121.89744567871094,123.1541976928711,0,GBPINR=X,FOREX,yfinance,1d
2026-03-06,122.55652618408203,123.15655517578125,122.18836212158203,122.55652618408203,0,GBPINR=X,FOREX,yfinance,1d
2026-03-09,122.31145477294922,123.54598236083984,122.30645751953125,123.26985931396484,0,GBPINR=X,FOREX,yfinance,1d
2026-03-10,122.54509735107422,124.21466064453125,121.56565856933594,122.54509735107422,0,GBPINR=X,FOREX,yfinance,1d
2026-03-11,123.6675033569336,123.6990737915039,119.78736114501953,123.6675033569336,0,GBPINR=X,FOREX,yfinance,1d
2026-03-12,120.00120544433594,124.03519439697266,120.00120544433594,120.00120544433594,0,GBPINR=X,FOREX,yfinance,1d
2026-03-13,123.34696960449219,123.45992279052734,122.36365509033203,123.34696960449219,0,GBPINR=X,FOREX,yfinance,1d
2026-03-16,122.74498748779297,122.97647857666016,122.23075103759766,122.54509735107422,0,GBPINR=X,FOREX,yfinance,1d
2026-03-17,122.79288482666016,123.42688751220703,122.71327209472656,122.79288482666016,0,GBPINR=X,FOREX,yfinance,1d
2026-03-18,123.01248931884766,123.88855743408203,123.01248931884766,123.01248931884766,0,GBPINR=X,FOREX,yfinance,1d
2026-03-19,123.65397644042969,124.7632827758789,123.37013244628906,123.65397644042969,0,GBPINR=X,FOREX,yfinance,1d
2026-03-20,124.95488739013672,125.53003692626953,124.42510223388672,124.95488739013672,0,GBPINR=X,FOREX,yfinance,1d
2026-03-23,125.37279510498047,125.68385314941406,124.54884338378906,125.22920227050781,0,GBPINR=X,FOREX,yfinance,1d
2026-03-24,125.31415557861328,125.97669982910156,125.06180572509766,125.31415557861328,0,GBPINR=X,FOREX,yfinance,1d
2026-03-25,126.5555419921875,126.56504821777344,125.2565689086914,126.5555419921875,0,GBPINR=X,FOREX,yfinance,1d
2026-03-26,124.51790618896484,126.44590759277344,124.51790618896484,124.51790618896484,0,GBPINR=X,FOREX,yfinance,1d
2026-03-27,125.78792572021484,126.3512191772461,125.4834213256836,125.78792572021484,0,GBPINR=X,FOREX,yfinance,1d
2026-03-30,125.52633666992188,125.89115905761719,122.73893737792969,125.52633666992188,0,GBPINR=X,FOREX,yfinance,1d
2026-03-31,124.27959442138672,125.29312133789062,123.38011932373047,124.27959442138672,0,GBPINR=X,FOREX,yfinance,1d
2026-04-01,123.69966125488281,124.52214813232422,122.79673767089844,123.69966125488281,0,GBPINR=X,FOREX,yfinance,1d
2026-04-02,123.3955307006836,124.43079376220703,122.3132553100586,123.3955307006836,0,GBPINR=X,FOREX,yfinance,1d
2026-04-03,122.9672622680664,123.0351333618164,122.29621887207031,122.95899200439453,0,GBPINR=X,FOREX,yfinance,1d
2026-04-06,122.5980453491211,123.43421173095703,122.00480651855469,122.5980453491211,0,GBPINR=X,FOREX,yfinance,1d
2026-04-07,122.82669067382812,123.39408111572266,122.54109191894531,122.82669067382812,0,GBPINR=X,FOREX,yfinance,1d
2026-04-08,124.21589660644531,125.27203369140625,123.70513916015625,124.21589660644531,0,GBPINR=X,FOREX,yfinance,1d
2026-04-09,123.63069915771484,124.6170654296875,123.23190307617188,123.63069915771484,0,GBPINR=X,FOREX,yfinance,1d
2026-04-10,124.22396087646484,125.33454895019531,124.04546356201172,124.22396087646484,0,GBPINR=X,FOREX,yfinance,1d
2026-04-13,126.54339599609375,127.22274017333984,124.92153930664062,126.58643341064453,0,GBPINR=X,FOREX,yfinance,1d
2026-04-14,128.29434204101562,128.5884552001953,125.632568359375,128.31515502929688,0,GBPINR=X,FOREX,yfinance,1d
2026-04-15,126.38621520996094,126.71945190429688,126.13524627685547,126.38621520996094,0,GBPINR=X,FOREX,yfinance,1d
2026-04-16,126.73859405517578,126.82396697998047,125.82746124267578,126.73859405517578,0,GBPINR=X,FOREX,yfinance,1d
2026-04-17,125.9400405883789,125.9400405883789,125.13737487792969,125.9400405883789,0,GBPINR=X,FOREX,yfinance,1d
2026-04-20,125.23048400878906,126.04735565185547,124.89781951904297,125.23048400878906,0,GBPINR=X,FOREX,yfinance,1d
2026-04-21,126.02828216552734,126.52635955810547,125.84143829345703,126.02828216552734,0,GBPINR=X,FOREX,yfinance,1d
2026-04-22,126.4240493774414,127.19055938720703,126.26177215576172,126.4240493774414,0,GBPINR=X,FOREX,yfinance,1d
2026-04-23,126.64273071289062,127.15292358398438,126.59326171875,126.64273071289062,0,GBPINR=X,FOREX,yfinance,1d
2026-04-24,126.74015045166016,127.2685775756836,126.51909637451172,126.74015045166016,0,GBPINR=X,FOREX,yfinance,1d
2026-04-27,127.18663787841797,127.7530288696289,127.1812744140625,127.18663787841797,0,GBPINR=X,FOREX,yfinance,1d
2026-04-28,127.59123992919922,127.8848876953125,127.34848022460938,127.59123992919922,0,GBPINR=X,FOREX,yfinance,1d
2026-04-29,127.97501373291016,128.15354919433594,127.71951293945312,127.97501373291016,0,GBPINR=X,FOREX,yfinance,1d
2026-04-30,127.80874633789062,128.9201202392578,127.80874633789062,127.80874633789062,0,GBPINR=X,FOREX,yfinance,1d
2026-05-01,128.9556121826172,129.5398406982422,128.8335723876953,128.9556121826172,0,GBPINR=X,FOREX,yfinance,1d
2026-05-04,129.091796875,129.15106201171875,128.58294677734375,129.091796875,0,GBPINR=X,FOREX,yfinance,1d
2026-05-05,128.90713500976562,129.1880340576172,128.66395568847656,128.8971405029297,0,GBPINR=X,FOREX,yfinance,1d
2026-05-06,128.74514770507812,129.29458618164062,128.23870849609375,128.74514770507812,0,GBPINR=X,FOREX,yfinance,1d
2026-05-07,128.52517700195312,129.00747680664062,127.89198303222656,128.52517700195312,0,GBPINR=X,FOREX,yfinance,1d
2026-05-08,127.78071594238281,129.08863830566406,127.7767105102539,127.78071594238281,0,GBPINR=X,FOREX,yfinance,1d
2026-05-11,128.72850036621094,130.08743286132812,128.05226135253906,128.72850036621094,0,GBPINR=X,FOREX,yfinance,1d
2026-05-12,129.8173065185547,129.8689422607422,129.23646545410156,129.8173065185547,0,GBPINR=X,FOREX,yfinance,1d
2026-05-13,129.19117736816406,129.77796936035156,126.6968994140625,129.19117736816406,0,GBPINR=X,FOREX,yfinance,1d
2026-05-14,129.4447021484375,129.8310546875,128.8181610107422,129.4447021484375,0,GBPINR=X,FOREX,yfinance,1d
2026-05-15,128.26878356933594,128.35623168945312,127.65328979492188,128.26878356933594,0,GBPINR=X,FOREX,yfinance,1d
2026-05-18,127.8302001953125,129.65362548828125,127.32270050048828,127.72793579101562,0,GBPINR=X,FOREX,yfinance,1d
2026-05-19,129.10911560058594,130.03831481933594,128.96102905273438,129.10911560058594,0,GBPINR=X,FOREX,yfinance,1d
2026-05-20,128.65086364746094,130.1053009033203,128.65086364746094,128.65086364746094,0,GBPINR=X,FOREX,yfinance,1d
2026-05-21,129.53005981445312,130.11553955078125,128.8616180419922,129.53005981445312,0,GBPINR=X,FOREX,yfinance,1d
2026-05-22,129.1677703857422,129.5596923828125,128.3151397705078,129.1677703857422,0,GBPINR=X,FOREX,yfinance,1d
2026-05-25,128.61239624023438,129.208740234375,128.25567626953125,128.61239624023438,0,GBPINR=X,FOREX,yfinance,1d
2026-05-26,128.10523986816406,129.13095092773438,128.10523986816406,128.10523986816406,0,GBPINR=X,FOREX,yfinance,1d
2026-05-27,128.241943359375,129.36988830566406,128.241943359375,128.241943359375,0,GBPINR=X,FOREX,yfinance,1d
2026-05-28,128.95965576171875,129.3750457763672,128.28237915039062,128.95965576171875,0,GBPINR=X,FOREX,yfinance,1d
2026-05-29,129.105712890625,129.3301544189453,127.27967834472656,129.105712890625,0,GBPINR=X,FOREX,yfinance,1d
2026-06-01,127.77863311767578,128.08827209472656,127.17835235595703,127.3003158569336,0,GBPINR=X,FOREX,yfinance,1d
2026-06-02,128.6281280517578,128.73416137695312,127.72247314453125,128.58311462402344,0,GBPINR=X,FOREX,yfinance,1d
2026-06-03,128.81253051757812,129.07545471191406,128.3121337890625,128.81253051757812,0,GBPINR=X,FOREX,yfinance,1d
2026-06-04,129.00181579589844,129.10824584960938,128.31915283203125,129.00181579589844,0,GBPINR=X,FOREX,yfinance,1d
2026-06-05,128.74961853027344,128.74961853027344,127.34471893310547,128.74961853027344,0,GBPINR=X,FOREX,yfinance,1d
2026-06-08,127.1324234008789,127.81075286865234,126.79893493652344,127.1324234008789,0,GBPINR=X,FOREX,yfinance,1d
2026-06-09,127.60144805908203,128.07920837402344,127.06982421875,127.60144805908203,0,GBPINR=X,FOREX,yfinance,1d
2026-06-10,127.37077331542969,127.91880798339844,127.3279800415039,127.37077331542969,0,GBPINR=X,FOREX,yfinance,1d
2026-06-11,127.79580688476562,128.0982666015625,127.4146728515625,127.79607391357422,0,GBPINR=X,FOREX,yfinance,1d
2026-06-12,127.92325592041016,128.09304809570312,127.15453338623047,126.80903625488281,0,GBPINR=X,FOREX,yfinance,1d
2026-06-15,127.89228820800781,127.9826431274414,126.78516387939453,127.89228820800781,0,GBPINR=X,FOREX,yfinance,1d
2026-06-16,127.05066680908203,127.09918212890625,126.57560729980469,127.05066680908203,0,GBPINR=X,FOREX,yfinance,1d
2026-06-17,126.90704345703125,126.97504425048828,126.34397888183594,126.90704345703125,0,GBPINR=X,FOREX,yfinance,1d
2026-06-18,125.66471862792969,126.1992416381836,124.6538314819336,125.66471862792969,0,GBPINR=X,FOREX,yfinance,1d
2026-06-19,124.55345153808594,125.14823913574219,124.21468353271484,124.55345153808594,0,GBPINR=X,FOREX,yfinance,1d
2026-06-22,124.57408142089844,125.55433654785156,124.47671508789062,124.57408142089844,0,GBPINR=X,FOREX,yfinance,1d
2026-06-23,125.14177703857422,125.67852020263672,124.85221862792969,125.14177703857422,0,GBPINR=X,FOREX,yfinance,1d
2026-06-24,125.64649200439453,125.6514892578125,123.89218139648438,125.64649200439453,0,GBPINR=X,FOREX,yfinance,1d
2026-06-25,124.33104705810547,124.73363494873047,123.49444580078125,124.33104705810547,0,GBPINR=X,FOREX,yfinance,1d
2026-06-26,125.3290786743164,125.3290786743164,124.52073669433594,125.3290786743164,0,GBPINR=X,FOREX,yfinance,1d
2026-06-29,124.508056640625,125.2598876953125,124.408447265625,124.508056640625,0,GBPINR=X,FOREX,yfinance,1d
2026-06-30,125.69541931152344,125.70491027832031,125.00426483154297,125.69541931152344,0,GBPINR=X,FOREX,yfinance,1d
2026-07-01,125.30225372314453,126.3071517944336,125.17040252685547,125.30225372314453,0,GBPINR=X,FOREX,yfinance,1d
2026-07-02,126.31707000732422,127.49081420898438,125.99942779541016,126.31707000732422,0,GBPINR=X,FOREX,yfinance,1d
2026-07-03,127.29981231689453,127.51445770263672,126.91315460205078,127.29981231689453,0,GBPINR=X,FOREX,yfinance,1d
2026-07-06,127.09710693359375,127.64330291748047,126.95370483398438,127.09710693359375,0,GBPINR=X,FOREX,yfinance,1d
2026-07-07,127.46565246582031,128.11773681640625,126.7896728515625,127.46565246582031,0,GBPINR=X,FOREX,yfinance,1d
2026-07-08,127.65882110595703,127.96698760986328,126.85264587402344,127.65882110595703,0,GBPINR=X,FOREX,yfinance,1d
2026-07-09,128.2164306640625,128.4456329345703,127.76624298095703,128.2164306640625,0,GBPINR=X,FOREX,yfinance,1d
2026-07-10,127.79139709472656,128.3460235595703,127.633544921875,127.79139709472656,0,GBPINR=X,FOREX,yfinance,1d
2026-07-13,127.74711608886719,128.5723419189453,127.10296630859375,127.74711608886719,0,GBPINR=X,FOREX,yfinance,1d
2026-07-14,128.55010986328125,129.0924072265625,127.91081237792969,128.5561065673828,0,GBPINR=X,FOREX,yfinance,1d
2026-07-15,129.1263427734375,130.1818389892578,128.72415161132812,129.1263427734375,0,GBPINR=X,FOREX,yfinance,1d
2026-07-16,130.40867614746094,130.77088928222656,129.8439483642578,130.40867614746094,0,GBPINR=X,FOREX,yfinance,1d
2026-07-17,130.231689453125,130.2448272705078,129.21788024902344,130.231689453125,0,GBPINR=X,FOREX,yfinance,1d
2026-07-20,129.4375762939453,130.2639617919922,129.3720245361328,129.4375762939453,0,GBPINR=X,FOREX,yfinance,1d
2026-07-21,129.53146362304688,129.7134246826172,128.67776489257812,129.53146362304688,0,GBPINR=X,FOREX,yfinance,1d
2026-07-22,128.9122772216797,129.4648895263672,128.76791381835938,128.9122772216797,0,GBPINR=X,FOREX,yfinance,1d
2026-07-23,129.0955352783203,129.4630889892578,128.80616760253906,129.0955352783203,0,GBPINR=X,FOREX,yfinance,1d
2026-07-24,129.0056610107422,129.08314514160156,128.35252380371094,129.0056610107422,0,GBPINR=X,FOREX,yfinance,1d
2026-07-27,128.86181640625,128.95281982421875,127.52708435058594,128.86181640625,0,GBPINR=X,FOREX,yfinance,1d
2026-07-28,127.26017761230469,127.61825561523438,127.07072448730469,127.26017761230469,0,GBPINR=X,FOREX,yfinance,1d
2026-07-29,126.99987030029297,127.45934295654297,126.99065399169922,126.99987030029297,0,GBPINR=X,FOREX,yfinance,1d
2026-07-30,127.95362091064453,128.46685791015625,127.54732513427734,127.95362091064453,0,GBPINR=X,FOREX,yfinance,1d
2026-07-31,128.80484008789062,128.82232666015625,127.9686050415039,128.80484008789062,0,GBPINR=X,FOREX,yfinance,1d
2026-08-03,128.71751403808594,128.7349090576172,127.93098449707031,128.71751403808594,0,GBPINR=X,FOREX,yfinance,1d
2026-08-04,128.00523376464844,128.2392120361328,127.72383880615234,128.00523376464844,0,GBPINR=X,FOREX,yfinance,1d
2026-08-05,127.91789245605469,128.22555541992188,127.55343627929688,127.91789245605469,0,GBPINR=X,FOREX,yfinance,1d
2026-08-06,128.02804565429688,128.31689453125,127.95722198486328,128.02804565429688,0,GBPINR=X,FOREX,yfinance,1d
2026-08-07,128.20303344726562,128.48619079589844,127.82302856445312,128.20303344726562,0,GBPINR=X,FOREX,yfinance,1d
2026-08-10,128.2051239013672,129.038818359375,128.15335083007812,128.2051239013672,0,GBPINR=X,FOREX,yfinance,1d
2026-08-11,128.86337280273438,128.94407653808594,128.65045166015625,128.86337280273438,0,GBPINR=X,FOREX,yfinance,1d
2026-08-12,128.8480987548828,129.042236328125,128.71554565429688,128.8480987548828,0,GBPINR=X,FOREX,yfinance,1d
2026-08-13,128.68045043945312,128.85511779785156,128.533935546875,128.68045043945312,0,GBPINR=X,FOREX,yfinance,1d
2026-08-14,128.6904296875,129.6429901123047,128.60972595214844,128.6904296875,0,GBPINR=X,FOREX,yfinance,1d
2026-08-15,129.11680603027344,129.11680603027344,129.11680603027344,129.11680603027344,0,GBPINR=X,FOREX,yfinance,1d
