date,open,high,low,close,volume,symbol,exchange,source,interval
2021-08-16,0.6772689819335938,0.679427981376648,0.677049994468689,0.6765199899673462,0,JPYINR=X,FOREX,yfinance,1d
2021-08-17,0.6776250004768372,0.6802290081977844,0.6775820255279541,0.6776300072669983,0,JPYINR=X,FOREX,yfinance,1d
2021-08-18,0.6783440113067627,0.6786159873008728,0.6749230027198792,0.6782799959182739,0,JPYINR=X,FOREX,yfinance,1d
2021-08-19,0.6754670143127441,0.6793400049209595,0.6737080216407776,0.675482988357544,0,JPYINR=X,FOREX,yfinance,1d
2021-08-20,0.6769530177116394,0.6787409782409668,0.6758959889411926,0.6768860220909119,0,JPYINR=X,FOREX,yfinance,1d
2021-08-23,0.6750820279121399,0.6754890084266663,0.6727709770202637,0.6764240264892578,0,JPYINR=X,FOREX,yfinance,1d
2021-08-24,0.6753460168838501,0.6771739721298218,0.6740509867668152,0.6753259897232056,0,JPYINR=X,FOREX,yfinance,1d
2021-08-25,0.6750990152359009,0.6767669916152954,0.6731340289115906,0.6750800013542175,0,JPYINR=X,FOREX,yfinance,1d
2021-08-26,0.6729689836502075,0.6747840046882629,0.6719449758529663,0.6731269955635071,0,JPYINR=X,FOREX,yfinance,1d
2021-08-27,0.6732289791107178,0.6742110252380371,0.6671450138092041,0.6731489896774292,0,JPYINR=X,FOREX,yfinance,1d
2021-08-30,0.6684399843215942,0.6692559719085693,0.6659650206565857,0.6682279706001282,0,JPYINR=X,FOREX,yfinance,1d
2021-08-31,0.6671109795570374,0.6677510142326355,0.6621159911155701,0.6660580039024353,0,JPYINR=X,FOREX,yfinance,1d
2021-09-01,0.6625639796257019,0.6638069748878479,0.6606379747390747,0.6625660061836243,0,JPYINR=X,FOREX,yfinance,1d
2021-09-02,0.6623489856719971,0.6643080115318298,0.6623489856719971,0.6624270081520081,0,JPYINR=X,FOREX,yfinance,1d
2021-09-03,0.6639090180397034,0.665494978427887,0.6630780100822449,0.6638219952583313,0,JPYINR=X,FOREX,yfinance,1d
2021-09-06,0.6644200086593628,0.665099024772644,0.6640570163726807,0.6651470065116882,0,JPYINR=X,FOREX,yfinance,1d
2021-09-07,0.6648409962654114,0.6674559712409973,0.6648409962654114,0.6647670269012451,0,JPYINR=X,FOREX,yfinance,1d
2021-09-08,0.6648550033569336,0.6689419746398926,0.6645820140838623,0.6647099852561951,0,JPYINR=X,FOREX,yfinance,1d
2021-09-09,0.6688730120658875,0.6698409914970398,0.6680709719657898,0.6688359975814819,0,JPYINR=X,FOREX,yfinance,1d
2021-09-10,0.6692730188369751,0.6699770092964172,0.6670179963111877,0.6692630052566528,0,JPYINR=X,FOREX,yfinance,1d
2021-09-13,0.6685360074043274,0.6695610284805298,0.6674299836158752,0.6685050129890442,0,JPYINR=X,FOREX,yfinance,1d
2021-09-14,0.6680369973182678,0.6712960004806519,0.6673920154571533,0.667959988117218,0,JPYINR=X,FOREX,yfinance,1d
2021-09-15,0.6706690192222595,0.6734020113945007,0.6706690192222595,0.6706690192222595,0,JPYINR=X,FOREX,yfinance,1d
2021-09-16,0.6707559823989868,0.6722779870033264,0.6694409847259521,0.6708829998970032,0,JPYINR=X,FOREX,yfinance,1d
2021-09-17,0.6702470183372498,0.6702470183372498,0.6668800115585327,0.6700289845466614,0,JPYINR=X,FOREX,yfinance,1d
2021-09-20,0.6689199805259705,0.6726980209350586,0.6689199805259705,0.6690120100975037,0,JPYINR=X,FOREX,yfinance,1d
2021-09-21,0.6725530028343201,0.6748359799385071,0.6704769730567932,0.6724119782447815,0,JPYINR=X,FOREX,yfinance,1d
2021-09-22,0.6749150156974792,0.675125002861023,0.6722400188446045,0.6749820113182068,0,JPYINR=X,FOREX,yfinance,1d
2021-09-23,0.6720790266990662,0.6721649765968323,0.6683419942855835,0.6720119714736938,0,JPYINR=X,FOREX,yfinance,1d
2021-09-24,0.6686789989471436,0.6687380075454712,0.665677011013031,0.6686769723892212,0,JPYINR=X,FOREX,yfinance,1d
2021-09-27,0.6659349799156189,0.6661400198936462,0.6636859774589539,0.6658549904823303,0,JPYINR=X,FOREX,yfinance,1d
2021-09-28,0.664808988571167,0.6666539907455444,0.6623960137367249,0.6646400094032288,0,JPYINR=X,FOREX,yfinance,1d
2021-09-29,0.6647869944572449,0.666700005531311,0.6633449792861938,0.664654016494751,0,JPYINR=X,FOREX,yfinance,1d
2021-09-30,0.6633939743041992,0.6650260090827942,0.6622260212898254,0.6633710265159607,0,JPYINR=X,FOREX,yfinance,1d
2021-10-01,0.6647760272026062,0.6685799956321716,0.6647310256958008,0.6647469997406006,0,JPYINR=X,FOREX,yfinance,1d
2021-10-04,0.6673970222473145,0.6711400151252747,0.6671519875526428,0.6670600175857544,0,JPYINR=X,FOREX,yfinance,1d
2021-10-05,0.6713830232620239,0.6718819737434387,0.6678829789161682,0.6714800000190735,0,JPYINR=X,FOREX,yfinance,1d
2021-10-06,0.6678910255432129,0.6731209754943848,0.6664440035820007,0.668179988861084,0,JPYINR=X,FOREX,yfinance,1d
2021-10-07,0.6705089807510376,0.6718090176582336,0.6697850227355957,0.6703969836235046,0,JPYINR=X,FOREX,yfinance,1d
2021-10-08,0.6694890260696411,0.6714479923248291,0.6675909757614136,0.669530987739563,0,JPYINR=X,FOREX,yfinance,1d
2021-10-11,0.6599249839782715,0.6679090261459351,0.6599249839782715,0.6684809923171997,0,JPYINR=X,FOREX,yfinance,1d
2021-10-12,0.6644219756126404,0.6677460074424744,0.662975013256073,0.6643360257148743,0,JPYINR=X,FOREX,yfinance,1d
2021-10-13,0.6642280220985413,0.6650609970092773,0.6616129875183105,0.6642860174179077,0,JPYINR=X,FOREX,yfinance,1d
2021-10-14,0.6641319990158081,0.6641659736633301,0.6607040166854858,0.6640790104866028,0,JPYINR=X,FOREX,yfinance,1d
2021-10-15,0.6581689715385437,0.6583179831504822,0.654570996761322,0.6581339836120605,0,JPYINR=X,FOREX,yfinance,1d
2021-10-18,0.657139003276825,0.6594129800796509,0.657139003276825,0.6562309861183167,0,JPYINR=X,FOREX,yfinance,1d
2021-10-19,0.657738983631134,0.658968985080719,0.6556529998779297,0.6576769948005676,0,JPYINR=X,FOREX,yfinance,1d
2021-10-20,0.6552810072898865,0.6561729907989502,0.6530889868736267,0.6552550196647644,0,JPYINR=X,FOREX,yfinance,1d
2021-10-21,0.653436005115509,0.6578779816627502,0.6533669829368591,0.6533750295639038,0,JPYINR=X,FOREX,yfinance,1d
2021-10-22,0.6569979786872864,0.6591590046882629,0.6542009711265564,0.6569280028343201,0,JPYINR=X,FOREX,yfinance,1d
2021-10-25,0.649179995059967,0.6608690023422241,0.649179995059967,0.6603320240974426,0,JPYINR=X,FOREX,yfinance,1d
2021-10-26,0.6594759821891785,0.6596519947052002,0.6549599766731262,0.6593599915504456,0,JPYINR=X,FOREX,yfinance,1d
2021-10-27,0.6553130149841309,0.661346971988678,0.6550650000572205,0.6552749872207642,0,JPYINR=X,FOREX,yfinance,1d
2021-10-28,0.6590710282325745,0.6604740023612976,0.6575409770011902,0.6591439843177795,0,JPYINR=X,FOREX,yfinance,1d
2021-10-29,0.6574940085411072,0.6592360138893127,0.6563680171966553,0.6577479839324951,0,JPYINR=X,FOREX,yfinance,1d
2021-11-01,0.6562060117721558,0.6562060117721558,0.6541550159454346,0.6567559838294983,0,JPYINR=X,FOREX,yfinance,1d
2021-11-02,0.6553509831428528,0.6584089994430542,0.6550009846687317,0.6552919745445251,0,JPYINR=X,FOREX,yfinance,1d
2021-11-03,0.6549069881439209,0.6556879878044128,0.652131974697113,0.6549710035324097,0,JPYINR=X,FOREX,yfinance,1d
2021-11-04,0.652010977268219,0.6557049751281738,0.6494309902191162,0.6519240140914917,0,JPYINR=X,FOREX,yfinance,1d
2021-11-05,0.6535549759864807,0.6553990244865417,0.650600016117096,0.6535159945487976,0,JPYINR=X,FOREX,yfinance,1d
2021-11-08,0.6532620191574097,0.6541619896888733,0.6510469913482666,0.6536629796028137,0,JPYINR=X,FOREX,yfinance,1d
2021-11-09,0.6521360278129578,0.6567519903182983,0.6521360278129578,0.6520749926567078,0,JPYINR=X,FOREX,yfinance,1d
2021-11-10,0.6563060283660889,0.6569550037384033,0.6514670252799988,0.6563320159912109,0,JPYINR=X,FOREX,yfinance,1d
2021-11-11,0.6525130271911621,0.6534540057182312,0.6511330008506775,0.652633011341095,0,JPYINR=X,FOREX,yfinance,1d
2021-11-12,0.6508600115776062,0.6534219980239868,0.6495429873466492,0.650987982749939,0,JPYINR=X,FOREX,yfinance,1d
2021-11-15,0.6522629857063293,0.6538079977035522,0.6514999866485596,0.6525909900665283,0,JPYINR=X,FOREX,yfinance,1d
2021-11-16,0.6514649987220764,0.6523489952087402,0.6489850282669067,0.6515960097312927,0,JPYINR=X,FOREX,yfinance,1d
2021-11-17,0.6473150253295898,0.6493260264396667,0.6457309722900391,0.6473209857940674,0,JPYINR=X,FOREX,yfinance,1d
2021-11-18,0.6509079933166504,0.6509079933166504,0.6483060121536255,0.6510769724845886,0,JPYINR=X,FOREX,yfinance,1d
2021-11-19,0.6481310129165649,0.6530839800834656,0.6477130055427551,0.6483070254325867,0,JPYINR=X,FOREX,yfinance,1d
2021-11-22,0.6515179872512817,0.6523420214653015,0.6470659971237183,0.6521610021591187,0,JPYINR=X,FOREX,yfinance,1d
2021-11-23,0.6476569771766663,0.6490430235862732,0.6460890173912048,0.647691011428833,0,JPYINR=X,FOREX,yfinance,1d
2021-11-24,0.6458219885826111,0.6477490067481995,0.6448209881782532,0.6458849906921387,0,JPYINR=X,FOREX,yfinance,1d
2021-11-25,0.6460000276565552,0.6465370059013367,0.6446869969367981,0.6458879709243774,0,JPYINR=X,FOREX,yfinance,1d
2021-11-26,0.6466590166091919,0.6616860032081604,0.6466590166091919,0.6469870209693909,0,JPYINR=X,FOREX,yfinance,1d
2021-11-29,0.661861002445221,0.6622779965400696,0.6578969955444336,0.6616730093955994,0,JPYINR=X,FOREX,yfinance,1d
2021-11-30,0.6589379906654358,0.6660709977149963,0.6582220196723938,0.6588060259819031,0,JPYINR=X,FOREX,yfinance,1d
2021-12-01,0.6620309948921204,0.6632000207901001,0.6585590243339539,0.6620500087738037,0,JPYINR=X,FOREX,yfinance,1d
2021-12-02,0.6640030145645142,0.6651319861412048,0.6606810092926025,0.6640059947967529,0,JPYINR=X,FOREX,yfinance,1d
2021-12-03,0.6627470254898071,0.6662459969520569,0.6607620120048523,0.6627669930458069,0,JPYINR=X,FOREX,yfinance,1d
2021-12-06,0.6574509739875793,0.6665409803390503,0.6574509739875793,0.6662880182266235,0,JPYINR=X,FOREX,yfinance,1d
2021-12-07,0.6636649966239929,0.6644930243492126,0.6615509986877441,0.6637719869613647,0,JPYINR=X,FOREX,yfinance,1d
2021-12-08,0.6635209918022156,0.6656200289726257,0.6611899733543396,0.6636350154876709,0,JPYINR=X,FOREX,yfinance,1d
2021-12-09,0.6623430252075195,0.6666560173034668,0.6617630124092102,0.6624490022659302,0,JPYINR=X,FOREX,yfinance,1d
2021-12-10,0.6657170057296753,0.6676939725875854,0.6643760204315186,0.6657739877700806,0,JPYINR=X,FOREX,yfinance,1d
2021-12-13,0.6574569940567017,0.6677179932594299,0.6574569940567017,0.6678029894828796,0,JPYINR=X,FOREX,yfinance,1d
2021-12-14,0.6665210127830505,0.6688070297241211,0.6661279797554016,0.6664819717407227,0,JPYINR=X,FOREX,yfinance,1d
2021-12-15,0.6679030060768127,0.6709060072898865,0.6676579713821411,0.6680049896240234,0,JPYINR=X,FOREX,yfinance,1d
2021-12-16,0.6682440042495728,0.6704639792442322,0.6658430099487305,0.6682569980621338,0,JPYINR=X,FOREX,yfinance,1d
2021-12-17,0.6695539951324463,0.6716939806938171,0.6682620048522949,0.6695150136947632,0,JPYINR=X,FOREX,yfinance,1d
2021-12-20,0.6590189933776855,0.6699569821357727,0.6590189933776855,0.6679499745368958,0,JPYINR=X,FOREX,yfinance,1d
2021-12-21,0.665582001209259,0.6662219762802124,0.6621990203857422,0.6655899882316589,0,JPYINR=X,FOREX,yfinance,1d
2021-12-22,0.6635270118713379,0.6635270118713379,0.6592289805412292,0.6634650230407715,0,JPYINR=X,FOREX,yfinance,1d
2021-12-23,0.6599500179290771,0.6613839864730835,0.6550779938697815,0.6601110100746155,0,JPYINR=X,FOREX,yfinance,1d
2021-12-24,0.6548979878425598,0.6571199893951416,0.6547009944915771,0.6548749804496765,0,JPYINR=X,FOREX,yfinance,1d
2021-12-27,0.6550009846687317,0.6552760004997253,0.6519119739532471,0.6548560261726379,0,JPYINR=X,FOREX,yfinance,1d
2021-12-28,0.6525130271911621,0.6527420282363892,0.6493859887123108,0.6523640155792236,0,JPYINR=X,FOREX,yfinance,1d
2021-12-29,0.6503919959068298,0.6508139967918396,0.6478130221366882,0.6504589915275574,0,JPYINR=X,FOREX,yfinance,1d
2021-12-30,0.6479820013046265,0.6482049822807312,0.6446760296821594,0.6480669975280762,0,JPYINR=X,FOREX,yfinance,1d
2021-12-31,0.6462180018424988,0.6473600268363953,0.6430429816246033,0.6460660099983215,0,JPYINR=X,FOREX,yfinance,1d
2022-01-03,0.6465470194816589,0.6465470194816589,0.6433870196342468,0.6463299989700317,0,JPYINR=X,FOREX,yfinance,1d
2022-01-04,0.6447200179100037,0.6447200179100037,0.6404849886894226,0.6445630192756653,0,JPYINR=X,FOREX,yfinance,1d
2022-01-05,0.6409090161323547,0.6430320143699646,0.6401479840278625,0.6409479975700378,0,JPYINR=X,FOREX,yfinance,1d
2022-01-06,0.6390799880027771,0.6433489918708801,0.638733983039856,0.6390200257301331,0,JPYINR=X,FOREX,yfinance,1d
2022-01-07,0.6412209868431091,0.6421639919281006,0.6399760246276855,0.6413059830665588,0,JPYINR=X,FOREX,yfinance,1d
2022-01-10,0.6322889924049377,0.643339991569519,0.6322889924049377,0.6422200202941895,0,JPYINR=X,FOREX,yfinance,1d
2022-01-11,0.6417440176010132,0.6423299908638,0.6381710171699524,0.6418349742889404,0,JPYINR=X,FOREX,yfinance,1d
2022-01-12,0.6393200159072876,0.6425449848175049,0.6386809945106506,0.6394829750061035,0,JPYINR=X,FOREX,yfinance,1d
2022-01-13,0.6429510116577148,0.6481900215148926,0.6429510116577148,0.6428229808807373,0,JPYINR=X,FOREX,yfinance,1d
2022-01-14,0.6477680206298828,0.6529800295829773,0.6472529768943787,0.6475690007209778,0,JPYINR=X,FOREX,yfinance,1d
2022-01-17,0.6477699875831604,0.6494699716567993,0.6474310159683228,0.6487560272216797,0,JPYINR=X,FOREX,yfinance,1d
2022-01-18,0.6474549770355225,0.6507650017738342,0.6457909941673279,0.6475369930267334,0,JPYINR=X,FOREX,yfinance,1d
2022-01-19,0.6502630114555359,0.6526849865913391,0.6487720012664795,0.6502429842948914,0,JPYINR=X,FOREX,yfinance,1d
2022-01-20,0.6504889726638794,0.6522859930992126,0.6487190127372742,0.6505150198936462,0,JPYINR=X,FOREX,yfinance,1d
2022-01-21,0.6528819799423218,0.6554419994354248,0.6521369814872742,0.6527180075645447,0,JPYINR=X,FOREX,yfinance,1d
2022-01-24,0.6528729796409607,0.6572039723396301,0.6528729796409607,0.6538829803466797,0,JPYINR=X,FOREX,yfinance,1d
2022-01-25,0.6541860103607178,0.656732976436615,0.6539980173110962,0.6540669798851013,0,JPYINR=X,FOREX,yfinance,1d
2022-01-26,0.6560389995574951,0.6570299863815308,0.6540830135345459,0.6560710072517395,0,JPYINR=X,FOREX,yfinance,1d
2022-01-27,0.6523230075836182,0.6559739708900452,0.6502630114555359,0.6523100137710571,0,JPYINR=X,FOREX,yfinance,1d
2022-01-28,0.651295006275177,0.651386022567749,0.6475639939308167,0.6513649821281433,0,JPYINR=X,FOREX,yfinance,1d
2022-01-31,0.6414039731025696,0.6491900086402893,0.6414039731025696,0.6503909826278687,0,JPYINR=X,FOREX,yfinance,1d
2022-02-01,0.6486629843711853,0.6521450281143188,0.6486629843711853,0.6476500034332275,0,JPYINR=X,FOREX,yfinance,1d
2022-02-02,0.650871992111206,0.6546229720115662,0.6499519944190979,0.6508650183677673,0,JPYINR=X,FOREX,yfinance,1d
2022-02-03,0.6537079811096191,0.6540600061416626,0.6492249965667725,0.6535260081291199,0,JPYINR=X,FOREX,yfinance,1d
2022-02-04,0.6487039923667908,0.6502709984779358,0.6468530297279358,0.648705005645752,0,JPYINR=X,FOREX,yfinance,1d
2022-02-07,0.6471850275993347,0.6495580077171326,0.6470779776573181,0.648048996925354,0,JPYINR=X,FOREX,yfinance,1d
2022-02-08,0.6481860280036926,0.6481860280036926,0.6455699801445007,0.6481729745864868,0,JPYINR=X,FOREX,yfinance,1d
2022-02-09,0.6457290053367615,0.6481879949569702,0.6457290053367615,0.6458899974822998,0,JPYINR=X,FOREX,yfinance,1d
2022-02-10,0.6465150117874146,0.6485909819602966,0.6462219953536987,0.6466929912567139,0,JPYINR=X,FOREX,yfinance,1d
2022-02-11,0.6465700268745422,0.6501209735870361,0.6459640264511108,0.6465629935264587,0,JPYINR=X,FOREX,yfinance,1d
2022-02-14,0.6525390148162842,0.6565629839897156,0.6524810194969177,0.6469870209693909,0,JPYINR=X,FOREX,yfinance,1d
2022-02-15,0.6543629765510559,0.6558910012245178,0.6489729881286621,0.6544359922409058,0,JPYINR=X,FOREX,yfinance,1d
2022-02-16,0.6501259803771973,0.6503540277481079,0.6470130085945129,0.6498559713363647,0,JPYINR=X,FOREX,yfinance,1d
2022-02-17,0.6497550010681152,0.6529819965362549,0.6484799981117249,0.6496880054473877,0,JPYINR=X,FOREX,yfinance,1d
2022-02-18,0.6529279947280884,0.6533390283584595,0.6463069915771484,0.6528940200805664,0,JPYINR=X,FOREX,yfinance,1d
2022-02-21,0.6470010280609131,0.6500309705734253,0.6461139917373657,0.6489620208740234,0,JPYINR=X,FOREX,yfinance,1d
2022-02-22,0.6495969891548157,0.6535760164260864,0.6470029950141907,0.6496379971504211,0,JPYINR=X,FOREX,yfinance,1d
2022-02-23,0.6478530168533325,0.6490020155906677,0.646668016910553,0.6477599740028381,0,JPYINR=X,FOREX,yfinance,1d
2022-02-24,0.6489570140838623,0.6601079702377319,0.648032009601593,0.6489920020103455,0,JPYINR=X,FOREX,yfinance,1d
2022-02-25,0.6537119746208191,0.6540529727935791,0.6489480137825012,0.6536229848861694,0,JPYINR=X,FOREX,yfinance,1d
2022-02-28,0.644756019115448,0.6555410027503967,0.644756019115448,0.6387739777565002,0,JPYINR=X,FOREX,yfinance,1d
2022-03-01,0.6555150151252747,0.659608006477356,0.652849018573761,0.655646026134491,0,JPYINR=X,FOREX,yfinance,1d
2022-03-02,0.6592710018157959,0.6595339775085449,0.649528980255127,0.6592730283737183,0,JPYINR=X,FOREX,yfinance,1d
2022-03-03,0.6542209982872009,0.6567479968070984,0.6531559824943542,0.6541820168495178,0,JPYINR=X,FOREX,yfinance,1d
2022-03-04,0.6571980118751526,0.6661980152130127,0.6566240191459656,0.6571909785270691,0,JPYINR=X,FOREX,yfinance,1d
2022-03-07,0.6632109880447388,0.6698740124702454,0.6632109880447388,0.6582099795341492,0,JPYINR=X,FOREX,yfinance,1d
2022-03-08,0.666517972946167,0.6675950288772583,0.6639379858970642,0.6665340065956116,0,JPYINR=X,FOREX,yfinance,1d
2022-03-09,0.6639050245285034,0.6641929745674133,0.658532977104187,0.6639599800109863,0,JPYINR=X,FOREX,yfinance,1d
2022-03-10,0.6582970023155212,0.6587949991226196,0.6549530029296875,0.6584050059318542,0,JPYINR=X,FOREX,yfinance,1d
2022-03-11,0.6561959981918335,0.6563699841499329,0.6519489884376526,0.6561890244483948,0,JPYINR=X,FOREX,yfinance,1d
2022-03-14,0.6489520072937012,0.6505579948425293,0.6474230289459229,0.6516079902648926,0,JPYINR=X,FOREX,yfinance,1d
2022-03-15,0.6465399861335754,0.6502770185470581,0.6442300081253052,0.6465489864349365,0,JPYINR=X,FOREX,yfinance,1d
2022-03-16,0.6443139910697937,0.6461049914360046,0.6424009799957275,0.6440889835357666,0,JPYINR=X,FOREX,yfinance,1d
2022-03-17,0.6403549909591675,0.6412789821624756,0.6372990012168884,0.6404039859771729,0,JPYINR=X,FOREX,yfinance,1d
2022-03-18,0.6402410268783569,0.6406090259552002,0.6368560194969177,0.6402050256729126,0,JPYINR=X,FOREX,yfinance,1d
2022-03-21,0.6382380127906799,0.6396300196647644,0.6373819708824158,0.6381970047950745,0,JPYINR=X,FOREX,yfinance,1d
2022-03-22,0.6372299790382385,0.6374620199203491,0.6287299990653992,0.6372690200805664,0,JPYINR=X,FOREX,yfinance,1d
2022-03-23,0.6274179816246033,0.6330900192260742,0.6265770196914673,0.6270059943199158,0,JPYINR=X,FOREX,yfinance,1d
2022-03-24,0.6309660077095032,0.6309660077095032,0.6236029863357544,0.6312710046768188,0,JPYINR=X,FOREX,yfinance,1d
2022-03-25,0.6230080127716064,0.6278020143508911,0.6230080127716064,0.6231529712677002,0,JPYINR=X,FOREX,yfinance,1d
2022-03-28,0.6242150068283081,0.6242150068283081,0.6094580292701721,0.6243469715118408,0,JPYINR=X,FOREX,yfinance,1d
2022-03-29,0.6149960160255432,0.6183559894561768,0.6117590069770813,0.614916980266571,0,JPYINR=X,FOREX,yfinance,1d
2022-03-30,0.6143460273742676,0.6235340237617493,0.6143460273742676,0.6139460206031799,0,JPYINR=X,FOREX,yfinance,1d
2022-03-31,0.6205649971961975,0.6250489950180054,0.6179199814796448,0.6207380294799805,0,JPYINR=X,FOREX,yfinance,1d
2022-04-01,0.6228669881820679,0.6228669881820679,0.6167169809341431,0.6229910254478455,0,JPYINR=X,FOREX,yfinance,1d
2022-04-04,0.6141340136528015,0.6158390045166016,0.6129000186920166,0.620248019695282,0,JPYINR=X,FOREX,yfinance,1d
2022-04-05,0.6140909790992737,0.6160079836845398,0.6094689965248108,0.6139019727706909,0,JPYINR=X,FOREX,yfinance,1d
2022-04-06,0.6095119714736938,0.613644003868103,0.6074659824371338,0.6096460223197937,0,JPYINR=X,FOREX,yfinance,1d
2022-04-07,0.6133009791374207,0.614359974861145,0.61149001121521,0.6128860116004944,0,JPYINR=X,FOREX,yfinance,1d
2022-04-08,0.6110259890556335,0.6131889820098877,0.6089460253715515,0.6111260056495667,0,JPYINR=X,FOREX,yfinance,1d
2022-04-11,0.601140022277832,0.6066669821739197,0.601140022277832,0.6107050180435181,0,JPYINR=X,FOREX,yfinance,1d
2022-04-12,0.6037610173225403,0.609279990196228,0.6034470200538635,0.6037939786911011,0,JPYINR=X,FOREX,yfinance,1d
2022-04-13,0.6065130233764648,0.6068410277366638,0.6030780076980591,0.6066250205039978,0,JPYINR=X,FOREX,yfinance,1d
2022-04-14,0.606689989566803,0.6079480051994324,0.6044319868087769,0.6066439747810364,0,JPYINR=X,FOREX,yfinance,1d
2022-04-15,0.6044380068778992,0.6044380068778992,0.6032909750938416,0.6055470108985901,0,JPYINR=X,FOREX,yfinance,1d
2022-04-18,0.5998520255088806,0.5998520255088806,0.5998520255088806,0.6032909750938416,0,JPYINR=X,FOREX,yfinance,1d
2022-04-19,0.5976139903068542,0.5976139903068542,0.5926740169525146,0.6004379987716675,0,JPYINR=X,FOREX,yfinance,1d
2022-04-20,0.590690016746521,0.597445011138916,0.5903120040893555,0.590595006942749,0,JPYINR=X,FOREX,yfinance,1d
2022-04-21,0.5953879952430725,0.5953879952430725,0.5916330218315125,0.5952360033988953,0,JPYINR=X,FOREX,yfinance,1d
2022-04-22,0.5930730104446411,0.5969650149345398,0.5920590162277222,0.5932859778404236,0,JPYINR=X,FOREX,yfinance,1d
2022-04-25,0.5865340232849121,0.601131021976471,0.5865340232849121,0.5940189957618713,0,JPYINR=X,FOREX,yfinance,1d
2022-04-26,0.6000810265541077,0.602508008480072,0.5958269834518433,0.5999770164489746,0,JPYINR=X,FOREX,yfinance,1d
2022-04-27,0.6015700101852417,0.6019660234451294,0.5954579710960388,0.6018940210342407,0,JPYINR=X,FOREX,yfinance,1d
2022-04-28,0.5960469841957092,0.5963240265846252,0.5836279988288879,0.5961340069770813,0,JPYINR=X,FOREX,yfinance,1d
2022-04-29,0.5857059955596924,0.5900920033454895,0.5846999883651733,0.5855010151863098,0,JPYINR=X,FOREX,yfinance,1d
2022-05-02,0.5885509848594666,0.588998019695282,0.585345983505249,0.5886780023574829,0,JPYINR=X,FOREX,yfinance,1d
2022-05-03,0.5873259902000427,0.5895749926567078,0.5869830250740051,0.5871480107307434,0,JPYINR=X,FOREX,yfinance,1d
2022-05-04,0.5870500206947327,0.5879160165786743,0.5853149890899658,0.5869870185852051,0,JPYINR=X,FOREX,yfinance,1d
2022-05-05,0.5897060036659241,0.5917419791221619,0.585220992565155,0.5897570252418518,0,JPYINR=X,FOREX,yfinance,1d
2022-05-06,0.5867080092430115,0.5907570123672485,0.5846109986305237,0.5867210030555725,0,JPYINR=X,FOREX,yfinance,1d
2022-05-09,0.5895540118217468,0.5949130058288574,0.5890489816665649,0.5894970297813416,0,JPYINR=X,FOREX,yfinance,1d
2022-05-10,0.5927950143814087,0.5956940054893494,0.5911459922790527,0.5927879810333252,0,JPYINR=X,FOREX,yfinance,1d
2022-05-11,0.5917360186576843,0.5954800248146057,0.5911570191383362,0.5918179750442505,0,JPYINR=X,FOREX,yfinance,1d
2022-05-12,0.5962749719619751,0.6063839793205261,0.5954359769821167,0.5956730246543884,0,JPYINR=X,FOREX,yfinance,1d
2022-05-13,0.6015959978103638,0.6027609705924988,0.5977630019187927,0.6016219854354858,0,JPYINR=X,FOREX,yfinance,1d
2022-05-16,0.5979560017585754,0.6033740043640137,0.5979560017585754,0.5989739894866943,0,JPYINR=X,FOREX,yfinance,1d
2022-05-17,0.6028890013694763,0.603302001953125,0.5969939827919006,0.602886974811554,0,JPYINR=X,FOREX,yfinance,1d
2022-05-18,0.598101019859314,0.6059759855270386,0.5979639887809753,0.597881019115448,0,JPYINR=X,FOREX,yfinance,1d
2022-05-19,0.6078130006790161,0.6096429824829102,0.6016370058059692,0.6078029870986938,0,JPYINR=X,FOREX,yfinance,1d
2022-05-20,0.6049969792366028,0.6081179976463318,0.6034709811210632,0.6048349738121033,0,JPYINR=X,FOREX,yfinance,1d
2022-05-23,0.6079249978065491,0.6082919836044312,0.6050459742546082,0.6081950068473816,0,JPYINR=X,FOREX,yfinance,1d
2022-05-24,0.6061990261077881,0.6130229830741882,0.604794979095459,0.6059960126876831,0,JPYINR=X,FOREX,yfinance,1d
2022-05-25,0.610929012298584,0.6114169955253601,0.6078540086746216,0.610605001449585,0,JPYINR=X,FOREX,yfinance,1d
2022-05-26,0.6087160110473633,0.6123530268669128,0.6069430112838745,0.6088820099830627,0,JPYINR=X,FOREX,yfinance,1d
2022-05-27,0.610850989818573,0.6121280193328857,0.6090930104255676,0.6105189919471741,0,JPYINR=X,FOREX,yfinance,1d
2022-05-30,0.6103100180625916,0.6103100180625916,0.6064239740371704,0.6099929809570312,0,JPYINR=X,FOREX,yfinance,1d
2022-05-31,0.6063899993896484,0.6080610156059265,0.601714015007019,0.6063200235366821,0,JPYINR=X,FOREX,yfinance,1d
2022-06-01,0.6022430062294006,0.6022430062294006,0.5958110094070435,0.6022989749908447,0,JPYINR=X,FOREX,yfinance,1d
2022-06-02,0.5953329801559448,0.5982779860496521,0.5950790047645569,0.5953680276870728,0,JPYINR=X,FOREX,yfinance,1d
2022-06-03,0.5953090190887451,0.5972399711608887,0.5920469760894775,0.5954729914665222,0,JPYINR=X,FOREX,yfinance,1d
2022-06-06,0.5928990244865417,0.5946260094642639,0.5901049971580505,0.5924649834632874,0,JPYINR=X,FOREX,yfinance,1d
2022-06-07,0.5881590247154236,0.5885130167007446,0.5837050080299377,0.5880169868469238,0,JPYINR=X,FOREX,yfinance,1d
2022-06-08,0.5843700170516968,0.584568977355957,0.5773500204086304,0.5840299725532532,0,JPYINR=X,FOREX,yfinance,1d
2022-06-09,0.5776739716529846,0.5829640030860901,0.5771690011024475,0.5774970054626465,0,JPYINR=X,FOREX,yfinance,1d
2022-06-10,0.5785710215568542,0.5828520059585571,0.5785089731216431,0.5783399939537048,0,JPYINR=X,FOREX,yfinance,1d
2022-06-13,0.5752630233764648,0.584086000919342,0.5752630233764648,0.5806769728660583,0,JPYINR=X,FOREX,yfinance,1d
2022-06-14,0.5812579989433289,0.5827770233154297,0.5774949789047241,0.5812219977378845,0,JPYINR=X,FOREX,yfinance,1d
2022-06-15,0.5762760043144226,0.5815600156784058,0.5761449933052063,0.5761560201644897,0,JPYINR=X,FOREX,yfinance,1d
2022-06-16,0.582643985748291,0.5925080180168152,0.5794910192489624,0.5823270082473755,0,JPYINR=X,FOREX,yfinance,1d
2022-06-17,0.5883550047874451,0.5892630219459534,0.576108992099762,0.5882409811019897,0,JPYINR=X,FOREX,yfinance,1d
2022-06-20,0.5763009786605835,0.5789049863815308,0.5760819911956787,0.5771229863166809,0,JPYINR=X,FOREX,yfinance,1d
2022-06-21,0.5761839747428894,0.5777119994163513,0.5724610090255737,0.5763289928436279,0,JPYINR=X,FOREX,yfinance,1d
2022-06-22,0.572609007358551,0.576295018196106,0.5718439817428589,0.572708010673523,0,JPYINR=X,FOREX,yfinance,1d
2022-06-23,0.5745890140533447,0.5818309783935547,0.5735470056533813,0.5742009878158569,0,JPYINR=X,FOREX,yfinance,1d
2022-06-24,0.5791710019111633,0.5821999907493591,0.5776579976081848,0.5789420008659363,0,JPYINR=X,FOREX,yfinance,1d
2022-06-27,0.5807330012321472,0.5811229944229126,0.5780220031738281,0.5784800052642822,0,JPYINR=X,FOREX,yfinance,1d
2022-06-28,0.5785199999809265,0.5808600187301636,0.5779299736022949,0.5786070227622986,0,JPYINR=X,FOREX,yfinance,1d
2022-06-29,0.5800219774246216,0.5807570219039917,0.5760629773139954,0.5801140069961548,0,JPYINR=X,FOREX,yfinance,1d
2022-06-30,0.5772389769554138,0.5818819999694824,0.5765690207481384,0.5775430202484131,0,JPYINR=X,FOREX,yfinance,1d
2022-07-01,0.5810250043869019,0.5862529873847961,0.5801650285720825,0.5809320211410522,0,JPYINR=X,FOREX,yfinance,1d
2022-07-04,0.5843380093574524,0.5843380093574524,0.5808579921722412,0.58330899477005,0,JPYINR=X,FOREX,yfinance,1d
2022-07-05,0.5805130004882812,0.5844259858131409,0.5783470273017883,0.5804150104522705,0,JPYINR=X,FOREX,yfinance,1d
2022-07-06,0.5843589901924133,0.5869320034980774,0.5808110237121582,0.5844669938087463,0,JPYINR=X,FOREX,yfinance,1d
2022-07-07,0.5807819962501526,0.5831590294837952,0.5804619789123535,0.580784022808075,0,JPYINR=X,FOREX,yfinance,1d
2022-07-08,0.581849992275238,0.5845029950141907,0.5805090069770813,0.5819000005722046,0,JPYINR=X,FOREX,yfinance,1d
2022-07-11,0.5726119875907898,0.5802000164985657,0.5726119875907898,0.582148015499115,0,JPYINR=X,FOREX,yfinance,1d
2022-07-12,0.5774570107460022,0.5821179747581482,0.5774570107460022,0.5774989724159241,0,JPYINR=X,FOREX,yfinance,1d
2022-07-13,0.5805659890174866,0.58125901222229,0.5783500075340271,0.5806229710578918,0,JPYINR=X,FOREX,yfinance,1d
2022-07-14,0.5782150030136108,0.5784689784049988,0.5727229714393616,0.5783569812774658,0,JPYINR=X,FOREX,yfinance,1d
2022-07-15,0.5744569897651672,0.5761470198631287,0.5738300085067749,0.5744339823722839,0,JPYINR=X,FOREX,yfinance,1d
2022-07-18,0.5686119794845581,0.5789849758148193,0.5686119794845581,0.5755789875984192,0,JPYINR=X,FOREX,yfinance,1d
2022-07-19,0.5780820250511169,0.5812339782714844,0.5775629878044128,0.5782240033149719,0,JPYINR=X,FOREX,yfinance,1d
2022-07-20,0.5774710178375244,0.5793880224227905,0.5766350030899048,0.5773490071296692,0,JPYINR=X,FOREX,yfinance,1d
2022-07-21,0.5773450136184692,0.5792909860610962,0.5736830234527588,0.5775730013847351,0,JPYINR=X,FOREX,yfinance,1d
2022-07-22,0.5822259783744812,0.5881879925727844,0.5786669850349426,0.5819849967956543,0,JPYINR=X,FOREX,yfinance,1d
2022-07-25,0.5768849849700928,0.5853340029716492,0.5768849849700928,0.5861340165138245,0,JPYINR=X,FOREX,yfinance,1d
2022-07-26,0.5838599801063538,0.584775984287262,0.5824859738349915,0.5837090015411377,0,JPYINR=X,FOREX,yfinance,1d
2022-07-27,0.5825080275535583,0.5845460295677185,0.5813639760017395,0.5824810266494751,0,JPYINR=X,FOREX,yfinance,1d
2022-07-28,0.5862150192260742,0.5921559929847717,0.5848709940910339,0.5861080288887024,0,JPYINR=X,FOREX,yfinance,1d
2022-07-29,0.5921589732170105,0.5984669923782349,0.589264988899231,0.5918310284614563,0,JPYINR=X,FOREX,yfinance,1d
2022-08-01,0.596439003944397,0.5992339849472046,0.5955179929733276,0.5945799946784973,0,JPYINR=X,FOREX,yfinance,1d
2022-08-02,0.6004840135574341,0.6047509908676147,0.5925830006599426,0.5996310114860535,0,JPYINR=X,FOREX,yfinance,1d
2022-08-03,0.5890470147132874,0.594527006149292,0.58685302734375,0.5887179970741272,0,JPYINR=X,FOREX,yfinance,1d
2022-08-04,0.5902439951896667,0.5951799750328064,0.5898969769477844,0.5898690223693848,0,JPYINR=X,FOREX,yfinance,1d
2022-08-05,0.5960590243339539,0.5960590243339539,0.5852760076522827,0.5962849855422974,0,JPYINR=X,FOREX,yfinance,1d
2022-08-08,0.5869240164756775,0.5912290215492249,0.5869240164756775,0.5874559879302979,0,JPYINR=X,FOREX,yfinance,1d
2022-08-09,0.589231014251709,0.5903350114822388,0.5879740118980408,0.589576005935669,0,JPYINR=X,FOREX,yfinance,1d
2022-08-10,0.5878540277481079,0.5980409979820251,0.5874959826469421,0.5878890156745911,0,JPYINR=X,FOREX,yfinance,1d
2022-08-11,0.5952249765396118,0.6030269861221313,0.5933470129966736,0.5949400067329407,0,JPYINR=X,FOREX,yfinance,1d
2022-08-12,0.5979719758033752,0.598360002040863,0.5948070287704468,0.5980240106582642,0,JPYINR=X,FOREX,yfinance,1d
2022-08-15,0.5925379991531372,0.5989739894866943,0.5925379991531372,0.595986008644104,0,JPYINR=X,FOREX,yfinance,1d
2022-08-16,0.5969799757003784,0.5977280139923096,0.5885050296783447,0.5968829989433289,0,JPYINR=X,FOREX,yfinance,1d
2022-08-17,0.5895190238952637,0.5910829901695251,0.5851380228996277,0.589622974395752,0,JPYINR=X,FOREX,yfinance,1d
2022-08-18,0.5873399972915649,0.5906140208244324,0.5872030258178711,0.5874620079994202,0,JPYINR=X,FOREX,yfinance,1d
2022-08-19,0.586434006690979,0.586434006690979,0.5819270014762878,0.5869470238685608,0,JPYINR=X,FOREX,yfinance,1d
2022-08-22,0.58228999376297,0.583827018737793,0.5797730088233948,0.5830190181732178,0,JPYINR=X,FOREX,yfinance,1d
2022-08-23,0.5798199772834778,0.5860720276832581,0.579397976398468,0.5798979997634888,0,JPYINR=X,FOREX,yfinance,1d
2022-08-24,0.583391010761261,0.5851849913597107,0.5812060236930847,0.5834239721298218,0,JPYINR=X,FOREX,yfinance,1d
2022-08-25,0.5812709927558899,0.5854139924049377,0.581046998500824,0.581570029258728,0,JPYINR=X,FOREX,yfinance,1d
2022-08-26,0.584496021270752,0.584496021270752,0.5807120203971863,0.5843870043754578,0,JPYINR=X,FOREX,yfinance,1d
2022-08-29,0.5744040012359619,0.5772190093994141,0.5744040012359619,0.5799480080604553,0,JPYINR=X,FOREX,yfinance,1d
2022-08-30,0.5761740207672119,0.5770210027694702,0.5722919702529907,0.5764139890670776,0,JPYINR=X,FOREX,yfinance,1d
2022-08-31,0.5735849738121033,0.575111985206604,0.5718250274658203,0.5737950205802917,0,JPYINR=X,FOREX,yfinance,1d
2022-09-01,0.5705239772796631,0.571478009223938,0.5676800012588501,0.570455014705658,0,JPYINR=X,FOREX,yfinance,1d
2022-09-02,0.5683339834213257,0.5692809820175171,0.5664590001106262,0.5684859752655029,0,JPYINR=X,FOREX,yfinance,1d
2022-09-05,0.5696840286254883,0.5696840286254883,0.5667160153388977,0.5678150057792664,0,JPYINR=X,FOREX,yfinance,1d
2022-09-06,0.5677070021629333,0.5684000253677368,0.5580610036849976,0.5677430033683777,0,JPYINR=X,FOREX,yfinance,1d
2022-09-07,0.5575609803199768,0.558260977268219,0.550320029258728,0.5576440095901489,0,JPYINR=X,FOREX,yfinance,1d
2022-09-08,0.5522109866142273,0.5551249980926514,0.5506259799003601,0.5521129965782166,0,JPYINR=X,FOREX,yfinance,1d
2022-09-09,0.5535590052604675,0.5616049766540527,0.5531089901924133,0.5535849928855896,0,JPYINR=X,FOREX,yfinance,1d
2022-09-12,0.5495100021362305,0.5580710172653198,0.5495100021362305,0.5522019863128662,0,JPYINR=X,FOREX,yfinance,1d
2022-09-13,0.5555769801139832,0.5571780204772949,0.5494369864463806,0.5559700131416321,0,JPYINR=X,FOREX,yfinance,1d
2022-09-14,0.5503619909286499,0.5565299987792969,0.5491020083427429,0.5506669878959656,0,JPYINR=X,FOREX,yfinance,1d
2022-09-15,0.5552729964256287,0.5562700033187866,0.5527610182762146,0.5554320216178894,0,JPYINR=X,FOREX,yfinance,1d
2022-09-16,0.556348979473114,0.5583770275115967,0.5550330281257629,0.5563700199127197,0,JPYINR=X,FOREX,yfinance,1d
2022-09-19,0.5454729795455933,0.5560359954833984,0.5454729795455933,0.5562149882316589,0,JPYINR=X,FOREX,yfinance,1d
2022-09-20,0.556410014629364,0.5570440292358398,0.5534549951553345,0.5559840202331543,0,JPYINR=X,FOREX,yfinance,1d
2022-09-21,0.554764986038208,0.5568510293960571,0.5536820292472839,0.5546990036964417,0,JPYINR=X,FOREX,yfinance,1d
2022-09-22,0.5534560084342957,0.5749729871749878,0.5516960024833679,0.5532479882240295,0,JPYINR=X,FOREX,yfinance,1d
2022-09-23,0.5694239735603333,0.5712659955024719,0.5647900104522705,0.5689610242843628,0,JPYINR=X,FOREX,yfinance,1d
2022-09-26,0.5655980110168457,0.5676259994506836,0.5577030181884766,0.5665330290794373,0,JPYINR=X,FOREX,yfinance,1d
2022-09-27,0.5644659996032715,0.5651019811630249,0.5621089935302734,0.5577030181884766,0,JPYINR=X,FOREX,yfinance,1d
2022-09-28,0.564287006855011,0.5663380026817322,0.5637040138244629,0.5642309784889221,0,JPYINR=X,FOREX,yfinance,1d
2022-09-29,0.5634229779243469,0.5659670233726501,0.5631279945373535,0.5633339881896973,0,JPYINR=X,FOREX,yfinance,1d
2022-09-30,0.5636609792709351,0.5650690197944641,0.5613030195236206,0.5635700225830078,0,JPYINR=X,FOREX,yfinance,1d
2022-10-03,0.5624279975891113,0.5649189949035645,0.5624279975891113,0.5623610019683838,0,JPYINR=X,FOREX,yfinance,1d
2022-10-04,0.5634109973907471,0.5639479756355286,0.561365008354187,0.563289999961853,0,JPYINR=X,FOREX,yfinance,1d
2022-10-05,0.5658159852027893,0.566914975643158,0.5625020265579224,0.5654500126838684,0,JPYINR=X,FOREX,yfinance,1d
2022-10-06,0.5648099780082703,0.5682430267333984,0.5631909966468811,0.5646870136260986,0,JPYINR=X,FOREX,yfinance,1d
2022-10-07,0.5673050284385681,0.5685939788818359,0.5657910108566284,0.5672069787979126,0,JPYINR=X,FOREX,yfinance,1d
2022-10-10,0.5623900294303894,0.5668969750404358,0.5623900294303894,0.5628250241279602,0,JPYINR=X,FOREX,yfinance,1d
2022-10-11,0.5652660131454468,0.5657039880752563,0.5632489919662476,0.5652740001678467,0,JPYINR=X,FOREX,yfinance,1d
2022-10-12,0.5634139776229858,0.5634239912033081,0.5591520071029663,0.5634610056877136,0,JPYINR=X,FOREX,yfinance,1d
2022-10-13,0.5595049858093262,0.5619400143623352,0.5571519732475281,0.5595999956130981,0,JPYINR=X,FOREX,yfinance,1d
2022-10-14,0.5573430061340332,0.5585290193557739,0.553650975227356,0.5574880242347717,0,JPYINR=X,FOREX,yfinance,1d
2022-10-17,0.552541971206665,0.554082989692688,0.5513619780540466,0.5531460046768188,0,JPYINR=X,FOREX,yfinance,1d
2022-10-18,0.5511320233345032,0.552528977394104,0.5506020188331604,0.551160991191864,0,JPYINR=X,FOREX,yfinance,1d
2022-10-19,0.5510789752006531,0.5550169944763184,0.5505319833755493,0.5509909987449646,0,JPYINR=X,FOREX,yfinance,1d
2022-10-20,0.5535539984703064,0.5546169877052307,0.5506250262260437,0.5535470247268677,0,JPYINR=X,FOREX,yfinance,1d
2022-10-21,0.5510039925575256,0.5637270212173462,0.5454699993133545,0.5509499907493591,0,JPYINR=X,FOREX,yfinance,1d
2022-10-24,0.5438219904899597,0.5569679737091064,0.5438219904899597,0.5584400296211243,0,JPYINR=X,FOREX,yfinance,1d
2022-10-25,0.5554370284080505,0.5585439801216125,0.5545290112495422,0.5553290247917175,0,JPYINR=X,FOREX,yfinance,1d
2022-10-26,0.5567280054092407,0.5611879825592041,0.5554010272026062,0.556535005569458,0,JPYINR=X,FOREX,yfinance,1d
2022-10-27,0.5601159930229187,0.5665990114212036,0.5595970153808594,0.5600950121879578,0,JPYINR=X,FOREX,yfinance,1d
2022-10-28,0.562749981880188,0.5631710290908813,0.5568580031394958,0.562620997428894,0,JPYINR=X,FOREX,yfinance,1d
2022-10-31,0.5559549927711487,0.5580469965934753,0.5555279850959778,0.5572440028190613,0,JPYINR=X,FOREX,yfinance,1d
2022-11-01,0.5560640096664429,0.5615090131759644,0.5557180047035217,0.5560789704322815,0,JPYINR=X,FOREX,yfinance,1d
2022-11-02,0.5585389733314514,0.562861979007721,0.5579789876937866,0.5583239793777466,0,JPYINR=X,FOREX,yfinance,1d
2022-11-03,0.5590010285377502,0.5624780058860779,0.5578309893608093,0.558896005153656,0,JPYINR=X,FOREX,yfinance,1d
2022-11-04,0.5566459894180298,0.5593979954719543,0.5556340217590332,0.5566369891166687,0,JPYINR=X,FOREX,yfinance,1d
2022-11-07,0.5446180105209351,0.5597779750823975,0.5446180105209351,0.544929027557373,0,JPYINR=X,FOREX,yfinance,1d
2022-11-08,0.5575169920921326,0.558866024017334,0.5562250018119812,0.5575079917907715,0,JPYINR=X,FOREX,yfinance,1d
2022-11-09,0.5593180060386658,0.5600039958953857,0.554481029510498,0.5595189929008484,0,JPYINR=X,FOREX,yfinance,1d
2022-11-10,0.555836021900177,0.5702409744262695,0.5554059743881226,0.5558750033378601,0,JPYINR=X,FOREX,yfinance,1d
2022-11-11,0.5689520239830017,0.5812900066375732,0.5654919743537903,0.5685030221939087,0,JPYINR=X,FOREX,yfinance,1d
2022-11-14,0.5720139741897583,0.5827010273933411,0.5720139741897583,0.5794379711151123,0,JPYINR=X,FOREX,yfinance,1d
2022-11-15,0.5775520205497742,0.5855960249900818,0.5759549736976624,0.5774059891700745,0,JPYINR=X,FOREX,yfinance,1d
2022-11-16,0.5828920006752014,0.5842199921607971,0.5788819789886475,0.5831649899482727,0,JPYINR=X,FOREX,yfinance,1d
2022-11-17,0.5845770239830017,0.5860670208930969,0.5804650187492371,0.5843949913978577,0,JPYINR=X,FOREX,yfinance,1d
2022-11-18,0.5799580216407776,0.58399498462677,0.5797240138053894,0.5800769925117493,0,JPYINR=X,FOREX,yfinance,1d
2022-11-21,0.5783079862594604,0.5809869766235352,0.5745130181312561,0.5803800225257874,0,JPYINR=X,FOREX,yfinance,1d
2022-11-22,0.574446976184845,0.5782049894332886,0.5740560293197632,0.5745959877967834,0,JPYINR=X,FOREX,yfinance,1d
2022-11-23,0.5787690281867981,0.5847809910774231,0.5772470235824585,0.5783789753913879,0,JPYINR=X,FOREX,yfinance,1d
2022-11-24,0.5857959985733032,0.5908210277557373,0.5846930146217346,0.585532009601593,0,JPYINR=X,FOREX,yfinance,1d
2022-11-25,0.5887680053710938,0.5888739824295044,0.5844929814338684,0.5885599851608276,0,JPYINR=X,FOREX,yfinance,1d
2022-11-28,0.5913910269737244,0.5931169986724854,0.5872669816017151,0.586571991443634,0,JPYINR=X,FOREX,yfinance,1d
2022-11-29,0.5882149934768677,0.5918899774551392,0.5854150056838989,0.5877869725227356,0,JPYINR=X,FOREX,yfinance,1d
2022-11-30,0.5875869989395142,0.5892919898033142,0.5817630290985107,0.5877469778060913,0,JPYINR=X,FOREX,yfinance,1d
2022-12-01,0.591588020324707,0.5984529852867126,0.5912669897079468,0.5918329954147339,0,JPYINR=X,FOREX,yfinance,1d
2022-12-02,0.5997650027275085,0.607230007648468,0.5970500111579895,0.599888026714325,0,JPYINR=X,FOREX,yfinance,1d
2022-12-05,0.5962089896202087,0.6052759885787964,0.5962089896202087,0.6058070063591003,0,JPYINR=X,FOREX,yfinance,1d
2022-12-06,0.5989530086517334,0.6053619980812073,0.5965800285339355,0.5986779928207397,0,JPYINR=X,FOREX,yfinance,1d
2022-12-07,0.6022660136222839,0.6028270125389099,0.5979369878768921,0.6020179986953735,0,JPYINR=X,FOREX,yfinance,1d
2022-12-08,0.6022719740867615,0.6037539839744568,0.599416971206665,0.6022210121154785,0,JPYINR=X,FOREX,yfinance,1d
2022-12-09,0.601643979549408,0.6068729758262634,0.6006569862365723,0.6018350124359131,0,JPYINR=X,FOREX,yfinance,1d
2022-12-12,0.6027950048446655,0.6036620140075684,0.6002119779586792,0.6027799844741821,0,JPYINR=X,FOREX,yfinance,1d
2022-12-13,0.6004700064659119,0.6116610169410706,0.5989009737968445,0.6004570126533508,0,JPYINR=X,FOREX,yfinance,1d
2022-12-14,0.6071509718894958,0.6118620038032532,0.6067489981651306,0.6072949767112732,0,JPYINR=X,FOREX,yfinance,1d
2022-12-15,0.6088709831237793,0.6094419956207275,0.6009889841079712,0.6088929772377014,0,JPYINR=X,FOREX,yfinance,1d
2022-12-16,0.6075090169906616,0.6075090169906616,0.601423978805542,0.6008489727973938,0,JPYINR=X,FOREX,yfinance,1d
2022-12-19,0.6070250272750854,0.6079949736595154,0.6020169854164124,0.6044909954071045,0,JPYINR=X,FOREX,yfinance,1d
2022-12-20,0.6023070216178894,0.6298699975013733,0.6002150177955627,0.6023370027542114,0,JPYINR=X,FOREX,yfinance,1d
2022-12-21,0.6259700059890747,0.6287999749183655,0.6238849759101868,0.6256880164146423,0,JPYINR=X,FOREX,yfinance,1d
2022-12-22,0.6254400014877319,0.6289430260658264,0.6241059899330139,0.6255469918251038,0,JPYINR=X,FOREX,yfinance,1d
2022-12-23,0.6255419850349426,0.6259729862213135,0.6214699745178223,0.6254969835281372,0,JPYINR=X,FOREX,yfinance,1d
2022-12-26,0.6242740154266357,0.6242740154266357,0.6242740154266357,0.6227660179138184,0,JPYINR=X,FOREX,yfinance,1d
2022-12-27,0.6140050292015076,0.6228359937667847,0.6140050292015076,0.6242740154266357,0,JPYINR=X,FOREX,yfinance,1d
2022-12-28,0.6199600100517273,0.6201040148735046,0.6156790256500244,0.619933009147644,0,JPYINR=X,FOREX,yfinance,1d
2022-12-29,0.6174460053443909,0.6227110028266907,0.6174460053443909,0.6153180003166199,0,JPYINR=X,FOREX,yfinance,1d
2022-12-30,0.6245489716529846,0.6282060146331787,0.6238459944725037,0.6217989921569824,0,JPYINR=X,FOREX,yfinance,1d
2023-01-02,0.6306080222129822,0.6330469846725464,0.6298840045928955,0.6305829882621765,0,JPYINR=X,FOREX,yfinance,1d
2023-01-03,0.6322900056838989,0.6381959915161133,0.6317999958992004,0.6322519779205322,0,JPYINR=X,FOREX,yfinance,1d
2023-01-04,0.6299269795417786,0.6362890005111694,0.6253589987754822,0.6300179958343506,0,JPYINR=X,FOREX,yfinance,1d
2023-01-05,0.6244320273399353,0.6269729733467102,0.615693986415863,0.6245139837265015,0,JPYINR=X,FOREX,yfinance,1d
2023-01-06,0.6185389757156372,0.6239719986915588,0.6136599779129028,0.6189259886741638,0,JPYINR=X,FOREX,yfinance,1d
2023-01-09,0.622635006904602,0.6250500082969666,0.6204450130462646,0.6224640011787415,0,JPYINR=X,FOREX,yfinance,1d
2023-01-10,0.6233450174331665,0.6248459815979004,0.6162620186805725,0.6233199834823608,0,JPYINR=X,FOREX,yfinance,1d
2023-01-11,0.6172459721565247,0.6180750131607056,0.6139670014381409,0.617393970489502,0,JPYINR=X,FOREX,yfinance,1d
2023-01-12,0.6178349852561951,0.6280500292778015,0.6178190112113953,0.6184210181236267,0,JPYINR=X,FOREX,yfinance,1d
2023-01-13,0.6270610094070435,0.6365739703178406,0.6267409920692444,0.6274089813232422,0,JPYINR=X,FOREX,yfinance,1d
2023-01-16,0.6265010237693787,0.6367480158805847,0.6265010237693787,0.6266859769821167,0,JPYINR=X,FOREX,yfinance,1d
2023-01-17,0.6356940269470215,0.6367279887199402,0.632731020450592,0.6356899738311768,0,JPYINR=X,FOREX,yfinance,1d
2023-01-18,0.6360560059547424,0.6360560059547424,0.6209189891815186,0.6358739733695984,0,JPYINR=X,FOREX,yfinance,1d
2023-01-19,0.633338987827301,0.6360620260238647,0.6311910152435303,0.6329799890518188,0,JPYINR=X,FOREX,yfinance,1d
2023-01-20,0.6319109797477722,0.6319370269775391,0.6207600235939026,0.6322829723358154,0,JPYINR=X,FOREX,yfinance,1d
2023-01-23,0.6240519881248474,0.6273130178451538,0.6220700144767761,0.6249570250511169,0,JPYINR=X,FOREX,yfinance,1d
2023-01-24,0.623403012752533,0.6277089715003967,0.6224690079689026,0.6235859990119934,0,JPYINR=X,FOREX,yfinance,1d
2023-01-25,0.626164972782135,0.6302469968795776,0.6238809823989868,0.6260640025138855,0,JPYINR=X,FOREX,yfinance,1d
2023-01-26,0.6296830177307129,0.6309940218925476,0.6234959959983826,0.6302120089530945,0,JPYINR=X,FOREX,yfinance,1d
2023-01-27,0.6268439888954163,0.6290289759635925,0.6257809996604919,0.6267420053482056,0,JPYINR=X,FOREX,yfinance,1d
2023-01-30,0.6250680088996887,0.6303840279579163,0.6240590214729309,0.6271939873695374,0,JPYINR=X,FOREX,yfinance,1d
2023-01-31,0.6243389844894409,0.6293320059776306,0.6243389844894409,0.6242049932479858,0,JPYINR=X,FOREX,yfinance,1d
2023-02-01,0.627830982208252,0.632148027420044,0.6265000104904175,0.6278319954872131,0,JPYINR=X,FOREX,yfinance,1d
2023-02-02,0.6351720094680786,0.6407309770584106,0.6343979835510254,0.6350150108337402,0,JPYINR=X,FOREX,yfinance,1d
2023-02-03,0.636568009853363,0.6394490003585815,0.626209020614624,0.6365969777107239,0,JPYINR=X,FOREX,yfinance,1d
2023-02-06,0.6198620200157166,0.6271520256996155,0.6198620200157166,0.6225659847259521,0,JPYINR=X,FOREX,yfinance,1d
2023-02-07,0.62363201379776,0.6311159729957581,0.6236199736595154,0.6235039830207825,0,JPYINR=X,FOREX,yfinance,1d
2023-02-08,0.6318039894104004,0.6332799792289734,0.6275209784507751,0.6317870020866394,0,JPYINR=X,FOREX,yfinance,1d
2023-02-09,0.6284580230712891,0.6321700215339661,0.6264860033988953,0.6286219954490662,0,JPYINR=X,FOREX,yfinance,1d
2023-02-10,0.6269689798355103,0.6337170004844666,0.6254839897155762,0.6269950270652771,0,JPYINR=X,FOREX,yfinance,1d
2023-02-13,0.6266810297966003,0.6266810297966003,0.6212639808654785,0.6258839964866638,0,JPYINR=X,FOREX,yfinance,1d
2023-02-14,0.6235970258712769,0.6285030245780945,0.6222419738769531,0.6236209869384766,0,JPYINR=X,FOREX,yfinance,1d
2023-02-15,0.6229749917984009,0.6244570016860962,0.6161969900131226,0.6228979825973511,0,JPYINR=X,FOREX,yfinance,1d
2023-02-16,0.6176400184631348,0.6181690096855164,0.6153709888458252,0.6174870133399963,0,JPYINR=X,FOREX,yfinance,1d
2023-02-17,0.6162580251693726,0.6163790225982666,0.6125029921531677,0.6162409782409668,0,JPYINR=X,FOREX,yfinance,1d
2023-02-20,0.6058909893035889,0.6169549822807312,0.6058909893035889,0.6161929965019226,0,JPYINR=X,FOREX,yfinance,1d
2023-02-21,0.6150050163269043,0.615854024887085,0.6118090152740479,0.6150190234184265,0,JPYINR=X,FOREX,yfinance,1d
2023-02-22,0.6131529808044434,0.6160290241241455,0.6128649711608887,0.6135380268096924,0,JPYINR=X,FOREX,yfinance,1d
2023-02-23,0.6133400201797485,0.6140099763870239,0.6099550127983093,0.6133670210838318,0,JPYINR=X,FOREX,yfinance,1d
2023-02-24,0.6131430268287659,0.6154360175132751,0.6068260073661804,0.6132760047912598,0,JPYINR=X,FOREX,yfinance,1d
2023-02-27,0.6079540252685547,0.6085919737815857,0.6062939763069153,0.5990989804267883,0,JPYINR=X,FOREX,yfinance,1d
2023-02-28,0.6057360172271729,0.6068009734153748,0.6027960181236267,0.6058689951896667,0,JPYINR=X,FOREX,yfinance,1d
2023-03-01,0.6054880023002625,0.6090729832649231,0.603646993637085,0.605705976486206,0,JPYINR=X,FOREX,yfinance,1d
2023-03-02,0.6046090126037598,0.6054419875144958,0.60173499584198,0.6047260165214539,0,JPYINR=X,FOREX,yfinance,1d
2023-03-03,0.6019459962844849,0.6029199957847595,0.5991050004959106,0.6018919944763184,0,JPYINR=X,FOREX,yfinance,1d
2023-03-06,0.6010879874229431,0.602590024471283,0.600350022315979,0.6008440256118774,0,JPYINR=X,FOREX,yfinance,1d
2023-03-07,0.6009969711303711,0.6030550003051758,0.5972849726676941,0.601170003414154,0,JPYINR=X,FOREX,yfinance,1d
2023-03-08,0.5963600277900696,0.5991790294647217,0.5948160290718079,0.5963640213012695,0,JPYINR=X,FOREX,yfinance,1d
2023-03-09,0.5966399908065796,0.6027349829673767,0.5966129899024963,0.5967410206794739,0,JPYINR=X,FOREX,yfinance,1d
2023-03-10,0.6008800268173218,0.609512984752655,0.5984290242195129,0.600875973701477,0,JPYINR=X,FOREX,yfinance,1d
2023-03-13,0.5973299741744995,0.620980978012085,0.5973299741744995,0.5973119735717773,0,JPYINR=X,FOREX,yfinance,1d
2023-03-14,0.617510974407196,0.6176390051841736,0.61012202501297,0.6173139810562134,0,JPYINR=X,FOREX,yfinance,1d
2023-03-15,0.6113200187683105,0.6252250075340271,0.6101210117340088,0.6111599802970886,0,JPYINR=X,FOREX,yfinance,1d
2023-03-16,0.6231909990310669,0.62779301404953,0.6199480295181274,0.6231269836425781,0,JPYINR=X,FOREX,yfinance,1d
2023-03-17,0.6188880205154419,0.626317024230957,0.6180329918861389,0.6189249753952026,0,JPYINR=X,FOREX,yfinance,1d
2023-03-20,0.6142470240592957,0.632847011089325,0.6142470240592957,0.6190850138664246,0,JPYINR=X,FOREX,yfinance,1d
2023-03-21,0.6274330019950867,0.6295769810676575,0.6231189966201782,0.627435028553009,0,JPYINR=X,FOREX,yfinance,1d
2023-03-22,0.6239410042762756,0.6242759823799133,0.6206279993057251,0.6241480112075806,0,JPYINR=X,FOREX,yfinance,1d
2023-03-23,0.6285070180892944,0.6306679844856262,0.6242319941520691,0.6284360289573669,0,JPYINR=X,FOREX,yfinance,1d
2023-03-24,0.62813800573349,0.6353060007095337,0.6278349757194519,0.6283959746360779,0,JPYINR=X,FOREX,yfinance,1d
2023-03-27,0.6284670233726501,0.6293569803237915,0.6243280172348022,0.6294440031051636,0,JPYINR=X,FOREX,yfinance,1d
2023-03-28,0.6257960200309753,0.6294080018997192,0.6244609951972961,0.6257929801940918,0,JPYINR=X,FOREX,yfinance,1d
2023-03-29,0.6267290115356445,0.6269230246543884,0.6188989877700806,0.626446008682251,0,JPYINR=X,FOREX,yfinance,1d
2023-03-30,0.6197270154953003,0.6212210059165955,0.6169949769973755,0.6193900108337402,0,JPYINR=X,FOREX,yfinance,1d
2023-03-31,0.6157860159873962,0.6187719702720642,0.614533007144928,0.6157060265541077,0,JPYINR=X,FOREX,yfinance,1d
2023-04-03,0.6168320178985596,0.6214359998703003,0.6154590249061584,0.6177049875259399,0,JPYINR=X,FOREX,yfinance,1d
2023-04-04,0.6206740140914917,0.62397700548172,0.6167830228805542,0.6208019852638245,0,JPYINR=X,FOREX,yfinance,1d
2023-04-05,0.6244109869003296,0.6260910034179688,0.6218360066413879,0.6241390109062195,0,JPYINR=X,FOREX,yfinance,1d
2023-04-06,0.6255750060081482,0.6261609792709351,0.6205559968948364,0.6257569789886475,0,JPYINR=X,FOREX,yfinance,1d
2023-04-07,0.6145529747009277,0.6195409893989563,0.6145529747009277,0.6204869747161865,0,JPYINR=X,FOREX,yfinance,1d
2023-04-10,0.6197010278701782,0.6197010278701782,0.6127730011940002,0.6145430207252502,0,JPYINR=X,FOREX,yfinance,1d
2023-04-11,0.6147609949111938,0.6168929934501648,0.613332986831665,0.6127730011940002,0,JPYINR=X,FOREX,yfinance,1d
2023-04-12,0.613743007183075,0.6174489855766296,0.6119109988212585,0.6137499809265137,0,JPYINR=X,FOREX,yfinance,1d
2023-04-13,0.6153630018234253,0.6178169846534729,0.6132109761238098,0.6153450012207031,0,JPYINR=X,FOREX,yfinance,1d
2023-04-14,0.615664005279541,0.6169930100440979,0.6117600202560425,0.6159279942512512,0,JPYINR=X,FOREX,yfinance,1d
2023-04-17,0.6124359965324402,0.6126980185508728,0.6089789867401123,0.6053889989852905,0,JPYINR=X,FOREX,yfinance,1d
2023-04-18,0.6093909740447998,0.6122130155563354,0.608227014541626,0.609466016292572,0,JPYINR=X,FOREX,yfinance,1d
2023-04-19,0.6122310161590576,0.6123499870300293,0.608443021774292,0.6119700074195862,0,JPYINR=X,FOREX,yfinance,1d
2023-04-20,0.6107169985771179,0.6121019721031189,0.6088520288467407,0.6106749773025513,0,JPYINR=X,FOREX,yfinance,1d
2023-04-21,0.6123359799385071,0.6139349937438965,0.6097180247306824,0.612546980381012,0,JPYINR=X,FOREX,yfinance,1d
2023-04-24,0.6117579936981201,0.6117579936981201,0.6074690222740173,0.6111940145492554,0,JPYINR=X,FOREX,yfinance,1d
2023-04-25,0.6105329990386963,0.612608015537262,0.6086500287055969,0.6107040047645569,0,JPYINR=X,FOREX,yfinance,1d
2023-04-26,0.6127560138702393,0.614316999912262,0.6100959777832031,0.6128110289573669,0,JPYINR=X,FOREX,yfinance,1d
2023-04-27,0.6120160222053528,0.6130800247192383,0.6090620160102844,0.6120529770851135,0,JPYINR=X,FOREX,yfinance,1d
2023-04-28,0.6108750104904175,0.6113520264625549,0.5990170240402222,0.6108959913253784,0,JPYINR=X,FOREX,yfinance,1d
2023-05-01,0.590582013130188,0.590582013130188,0.590582013130188,0.585686981678009,0,JPYINR=X,FOREX,yfinance,1d
2023-05-02,0.5964210033416748,0.5989490151405334,0.5928670167922974,0.590582013130188,0,JPYINR=X,FOREX,yfinance,1d
2023-05-03,0.5985680222511292,0.6046599745750427,0.5981079936027527,0.5984650254249573,0,JPYINR=X,FOREX,yfinance,1d
2023-05-04,0.6072360277175903,0.6108660101890564,0.6058139801025391,0.6073439717292786,0,JPYINR=X,FOREX,yfinance,1d
2023-05-05,0.6084169745445251,0.6097880005836487,0.6048650145530701,0.6084409952163696,0,JPYINR=X,FOREX,yfinance,1d
2023-05-08,0.6050180196762085,0.6066380143165588,0.6043620109558105,0.6050159931182861,0,JPYINR=X,FOREX,yfinance,1d
2023-05-09,0.6047220230102539,0.6086949706077576,0.6040019989013672,0.6049230098724365,0,JPYINR=X,FOREX,yfinance,1d
2023-05-10,0.6063420176506042,0.6096159815788269,0.6050369739532471,0.6063039898872375,0,JPYINR=X,FOREX,yfinance,1d
2023-05-11,0.6104559898376465,0.6128680109977722,0.6081050038337708,0.6105139851570129,0,JPYINR=X,FOREX,yfinance,1d
2023-05-12,0.6097720265388489,0.6102510094642639,0.605472981929779,0.6098210215568542,0,JPYINR=X,FOREX,yfinance,1d
2023-05-15,0.601019024848938,0.6057180166244507,0.601019024848938,0.6000490188598633,0,JPYINR=X,FOREX,yfinance,1d
2023-05-16,0.6042450070381165,0.6055039763450623,0.6015110015869141,0.6041640043258667,0,JPYINR=X,FOREX,yfinance,1d
2023-05-17,0.602590024471283,0.6031619906425476,0.5985569953918457,0.6026650071144104,0,JPYINR=X,FOREX,yfinance,1d
2023-05-18,0.5981889963150024,0.6001060009002686,0.5962539911270142,0.5986819863319397,0,JPYINR=X,FOREX,yfinance,1d
2023-05-19,0.596077024936676,0.6023399829864502,0.596077024936676,0.5961769819259644,0,JPYINR=X,FOREX,yfinance,1d
2023-05-22,0.5920940041542053,0.6005319952964783,0.5920940041542053,0.5908709764480591,0,JPYINR=X,FOREX,yfinance,1d
2023-05-23,0.5968040227890015,0.5984730124473572,0.5960900187492371,0.5967450141906738,0,JPYINR=X,FOREX,yfinance,1d
2023-05-24,0.5972080230712891,0.5982400178909302,0.5934839844703674,0.5970720052719116,0,JPYINR=X,FOREX,yfinance,1d
2023-05-25,0.5928750038146973,0.5936400294303894,0.5910840034484863,0.5929880142211914,0,JPYINR=X,FOREX,yfinance,1d
2023-05-26,0.5905159711837769,0.5918939709663391,0.5866069793701172,0.5902220010757446,0,JPYINR=X,FOREX,yfinance,1d
2023-05-29,0.5816029906272888,0.5890970230102539,0.5816029906272888,0.5817509889602661,0,JPYINR=X,FOREX,yfinance,1d
2023-05-30,0.5876420140266418,0.5916270017623901,0.5867230296134949,0.587680995464325,0,JPYINR=X,FOREX,yfinance,1d
2023-05-31,0.5910210013389587,0.5927670001983643,0.5888199806213379,0.5909879803657532,0,JPYINR=X,FOREX,yfinance,1d
2023-06-01,0.593658983707428,0.5944290161132812,0.5888580083847046,0.5936269760131836,0,JPYINR=X,FOREX,yfinance,1d
2023-06-02,0.5926179885864258,0.5932210087776184,0.5886470079421997,0.5924059748649597,0,JPYINR=X,FOREX,yfinance,1d
2023-06-05,0.5845649838447571,0.5923749804496765,0.5845649838447571,0.5881639719009399,0,JPYINR=X,FOREX,yfinance,1d
2023-06-06,0.5914009809494019,0.5934180021286011,0.5893579721450806,0.5914030075073242,0,JPYINR=X,FOREX,yfinance,1d
2023-06-07,0.5909759998321533,0.5928710103034973,0.5886039733886719,0.5908340215682983,0,JPYINR=X,FOREX,yfinance,1d
2023-06-08,0.5899549722671509,0.5938699841499329,0.5890129804611206,0.5899900197982788,0,JPYINR=X,FOREX,yfinance,1d
2023-06-09,0.5935149788856506,0.5935149788856506,0.5897009968757629,0.5937169790267944,0,JPYINR=X,FOREX,yfinance,1d
2023-06-12,0.5856540203094482,0.5921990275382996,0.5856540203094482,0.5856850147247314,0,JPYINR=X,FOREX,yfinance,1d
2023-06-13,0.5905550122261047,0.5912079811096191,0.5864760279655457,0.590444028377533,0,JPYINR=X,FOREX,yfinance,1d
2023-06-14,0.5861690044403076,0.588005006313324,0.5854799747467041,0.586152970790863,0,JPYINR=X,FOREX,yfinance,1d
2023-06-15,0.5856019854545593,0.5857399702072144,0.579928994178772,0.5855969786643982,0,JPYINR=X,FOREX,yfinance,1d
2023-06-16,0.5835260152816772,0.5853930115699768,0.5769699811935425,0.5835260152816772,0,JPYINR=X,FOREX,yfinance,1d
2023-06-19,0.5708339810371399,0.5790179967880249,0.5708339810371399,0.5755100250244141,0,JPYINR=X,FOREX,yfinance,1d
2023-06-20,0.576587975025177,0.58058100938797,0.5754299759864807,0.5767999887466431,0,JPYINR=X,FOREX,yfinance,1d
2023-06-21,0.5794100165367126,0.579475998878479,0.5757949948310852,0.5796200037002563,0,JPYINR=X,FOREX,yfinance,1d
2023-06-22,0.5776010155677795,0.5783270001411438,0.5728279948234558,0.5778549909591675,0,JPYINR=X,FOREX,yfinance,1d
2023-06-23,0.5724409818649292,0.5741909742355347,0.569881021976471,0.5724740028381348,0,JPYINR=X,FOREX,yfinance,1d
2023-06-26,0.5703070163726807,0.5731850266456604,0.5650579929351807,0.567779004573822,0,JPYINR=X,FOREX,yfinance,1d
2023-06-27,0.5710279941558838,0.5717980265617371,0.5683680176734924,0.5712900161743164,0,JPYINR=X,FOREX,yfinance,1d
2023-06-28,0.5696200132369995,0.5700770020484924,0.5669959783554077,0.5695750117301941,0,JPYINR=X,FOREX,yfinance,1d
2023-06-29,0.5676289796829224,0.5686129927635193,0.5660899877548218,0.5676630139350891,0,JPYINR=X,FOREX,yfinance,1d
2023-06-30,0.5663859844207764,0.5681830048561096,0.5653859972953796,0.5662660002708435,0,JPYINR=X,FOREX,yfinance,1d
2023-07-03,0.5588560104370117,0.5681779980659485,0.5588560104370117,0.5683990120887756,0,JPYINR=X,FOREX,yfinance,1d
2023-07-04,0.5661470293998718,0.5679550170898438,0.5655909776687622,0.5662999749183655,0,JPYINR=X,FOREX,yfinance,1d
2023-07-05,0.5670859813690186,0.5703679919242859,0.5662689805030823,0.5671030282974243,0,JPYINR=X,FOREX,yfinance,1d
2023-07-06,0.5698210000991821,0.5743330121040344,0.5694940090179443,0.5697100162506104,0,JPYINR=X,FOREX,yfinance,1d
2023-07-07,0.5744510293006897,0.5809100270271301,0.5732700228691101,0.574396014213562,0,JPYINR=X,FOREX,yfinance,1d
2023-07-10,0.579509973526001,0.5831230282783508,0.5772879719734192,0.5719630122184753,0,JPYINR=X,FOREX,yfinance,1d
2023-07-11,0.5834940075874329,0.5872169733047485,0.582912027835846,0.5835480093955994,0,JPYINR=X,FOREX,yfinance,1d
2023-07-12,0.5874800086021423,0.5930389761924744,0.5874800086021423,0.5875449776649475,0,JPYINR=X,FOREX,yfinance,1d
2023-07-13,0.592333972454071,0.5940290093421936,0.5906010270118713,0.5924959778785706,0,JPYINR=X,FOREX,yfinance,1d
2023-07-14,0.593824028968811,0.5968819856643677,0.5901839733123779,0.5937610268592834,0,JPYINR=X,FOREX,yfinance,1d
2023-07-17,0.5926679968833923,0.5940380096435547,0.5881839990615845,0.5908309817314148,0,JPYINR=X,FOREX,yfinance,1d
2023-07-18,0.5909969806671143,0.5946639776229858,0.5899310111999512,0.5909559726715088,0,JPYINR=X,FOREX,yfinance,1d
2023-07-19,0.5898550152778625,0.5904710292816162,0.5857210159301758,0.5895299911499023,0,JPYINR=X,FOREX,yfinance,1d
2023-07-20,0.5872880220413208,0.5891960263252258,0.5838559865951538,0.5870670080184937,0,JPYINR=X,FOREX,yfinance,1d
2023-07-21,0.5863850116729736,0.5867710113525391,0.5772519707679749,0.5863149762153625,0,JPYINR=X,FOREX,yfinance,1d
2023-07-24,0.5724409818649292,0.5803290009498596,0.5720289945602417,0.5718039870262146,0,JPYINR=X,FOREX,yfinance,1d
2023-07-25,0.5775150060653687,0.5806800127029419,0.5772960186004639,0.5776349902153015,0,JPYINR=X,FOREX,yfinance,1d
2023-07-26,0.5802779793739319,0.584659993648529,0.5793790221214294,0.5803459882736206,0,JPYINR=X,FOREX,yfinance,1d
2023-07-27,0.5835080146789551,0.5873939990997314,0.5811449885368347,0.5834059715270996,0,JPYINR=X,FOREX,yfinance,1d
2023-07-28,0.5911939740180969,0.5952200293540955,0.5826740264892578,0.5909379720687866,0,JPYINR=X,FOREX,yfinance,1d
2023-07-31,0.5756289958953857,0.5802919864654541,0.5756289958953857,0.5738829970359802,0,JPYINR=X,FOREX,yfinance,1d
2023-08-01,0.5771179795265198,0.5774980187416077,0.5733579993247986,0.5772449970245361,0,JPYINR=X,FOREX,yfinance,1d
2023-08-02,0.5750259757041931,0.5799220204353333,0.5742769837379456,0.5752099752426147,0,JPYINR=X,FOREX,yfinance,1d
2023-08-03,0.5765389800071716,0.5823379755020142,0.5742290019989014,0.5768250226974487,0,JPYINR=X,FOREX,yfinance,1d
2023-08-04,0.5799639821052551,0.5836840271949768,0.5788649916648865,0.580007016658783,0,JPYINR=X,FOREX,yfinance,1d
2023-08-07,0.5748819708824158,0.5827900171279907,0.5748819708824158,0.5742769837379456,0,JPYINR=X,FOREX,yfinance,1d
2023-08-08,0.5801889896392822,0.5802099704742432,0.5768960118293762,0.5800790190696716,0,JPYINR=X,FOREX,yfinance,1d
2023-08-09,0.5796020030975342,0.5796020030975342,0.5760459899902344,0.5772899985313416,0,JPYINR=X,FOREX,yfinance,1d
2023-08-10,0.5758609771728516,0.5761010050773621,0.5714859962463379,0.5760549902915955,0,JPYINR=X,FOREX,yfinance,1d
2023-08-11,0.5712000131607056,0.5726209878921509,0.5710579752922058,0.5712500214576721,0,JPYINR=X,FOREX,yfinance,1d
2023-08-14,0.5681319832801819,0.5731120109558105,0.5681319832801819,0.5674710273742676,0,JPYINR=X,FOREX,yfinance,1d
2023-08-15,0.5715919733047485,0.5731120109558105,0.5708799958229065,0.5709819793701172,0,JPYINR=X,FOREX,yfinance,1d
2023-08-16,0.5708460211753845,0.5830540060997009,0.5695639848709106,0.5709829926490784,0,JPYINR=X,FOREX,yfinance,1d
2023-08-17,0.5669090151786804,0.5697399973869324,0.5664250254631042,0.5683919787406921,0,JPYINR=X,FOREX,yfinance,1d
2023-08-18,0.5721920132637024,0.5721920132637024,0.5721920132637024,0.5699989795684814,0,JPYINR=X,FOREX,yfinance,1d
2023-08-21,0.5654799938201904,0.5711929798126221,0.5644559860229492,0.5639989972114563,0,JPYINR=X,FOREX,yfinance,1d
2023-08-22,0.5676320195198059,0.5696269869804382,0.5672159790992737,0.567999005317688,0,JPYINR=X,FOREX,yfinance,1d
2023-08-23,0.5693609714508057,0.5704630017280579,0.5674939751625061,0.5694320201873779,0,JPYINR=X,FOREX,yfinance,1d
2023-08-24,0.5699769854545593,0.5701900124549866,0.5655609965324402,0.569333016872406,0,JPYINR=X,FOREX,yfinance,1d
2023-08-25,0.5653150081634521,0.5660470128059387,0.5635359883308411,0.5652850270271301,0,JPYINR=X,FOREX,yfinance,1d
2023-08-28,0.5580059885978699,0.5642070174217224,0.5579370260238647,0.5586360096931458,0,JPYINR=X,FOREX,yfinance,1d
2023-08-29,0.5640609860420227,0.5656629800796509,0.5614950060844421,0.5640810132026672,0,JPYINR=X,FOREX,yfinance,1d
2023-08-30,0.5645689964294434,0.5668150186538696,0.5641649961471558,0.5645750164985657,0,JPYINR=X,FOREX,yfinance,1d
2023-08-31,0.5655500292778015,0.5675079822540283,0.5649939775466919,0.565654993057251,0,JPYINR=X,FOREX,yfinance,1d
2023-09-01,0.5676689743995667,0.571524977684021,0.5650280117988586,0.5677070021629333,0,JPYINR=X,FOREX,yfinance,1d
2023-09-04,0.5633180141448975,0.5657309889793396,0.5633180141448975,0.5622040033340454,0,JPYINR=X,FOREX,yfinance,1d
2023-09-05,0.5641829967498779,0.5644999742507935,0.5617790222167969,0.5641859769821167,0,JPYINR=X,FOREX,yfinance,1d
2023-09-06,0.5629450082778931,0.5644429922103882,0.5612229704856873,0.5630069971084595,0,JPYINR=X,FOREX,yfinance,1d
2023-09-07,0.563368022441864,0.5651180148124695,0.5622590184211731,0.5632069706916809,0,JPYINR=X,FOREX,yfinance,1d
2023-09-08,0.5646650195121765,0.56666100025177,0.5614650249481201,0.5638859868049622,0,JPYINR=X,FOREX,yfinance,1d
2023-09-11,0.5577210187911987,0.567376971244812,0.5577210187911987,0.554485023021698,0,JPYINR=X,FOREX,yfinance,1d
2023-09-12,0.5649719834327698,0.5654739737510681,0.5624489784240723,0.5651479959487915,0,JPYINR=X,FOREX,yfinance,1d
2023-09-13,0.5624020099639893,0.5629050135612488,0.561348021030426,0.5624920129776001,0,JPYINR=X,FOREX,yfinance,1d
2023-09-14,0.5625860095024109,0.5642110109329224,0.5620570182800293,0.5625029802322388,0,JPYINR=X,FOREX,yfinance,1d
2023-09-15,0.5625470280647278,0.5631740093231201,0.5611720085144043,0.5625240206718445,0,JPYINR=X,FOREX,yfinance,1d
2023-09-18,0.5548589825630188,0.5640580058097839,0.5548589825630188,0.5545240044593811,0,JPYINR=X,FOREX,yfinance,1d
2023-09-19,0.5634530186653137,0.5637379884719849,0.5625389814376831,0.5636849999427795,0,JPYINR=X,FOREX,yfinance,1d
2023-09-20,0.562595009803772,0.563264012336731,0.5605959892272949,0.5626320242881775,0,JPYINR=X,FOREX,yfinance,1d
2023-09-21,0.559499979019165,0.5636379718780518,0.5592259764671326,0.5596960186958313,0,JPYINR=X,FOREX,yfinance,1d
2023-09-22,0.5607219934463501,0.5615749955177307,0.5577170252799988,0.5607110261917114,0,JPYINR=X,FOREX,yfinance,1d
2023-09-25,0.551600992679596,0.5618360042572021,0.551600992679596,0.5508149862289429,0,JPYINR=X,FOREX,yfinance,1d
2023-09-26,0.5575609803199768,0.5590659976005554,0.5573660135269165,0.5574290156364441,0,JPYINR=X,FOREX,yfinance,1d
2023-09-27,0.5585370063781738,0.5587689876556396,0.5559980273246765,0.5584949851036072,0,JPYINR=X,FOREX,yfinance,1d
2023-09-28,0.5560979843139648,0.557183027267456,0.5556340217590332,0.5560579895973206,0,JPYINR=X,FOREX,yfinance,1d
2023-09-29,0.5567309856414795,0.5586289763450623,0.5555459856987,0.5565919876098633,0,JPYINR=X,FOREX,yfinance,1d
2023-10-02,0.5508390069007874,0.5556719899177551,0.5508390069007874,0.5507529973983765,0,JPYINR=X,FOREX,yfinance,1d
2023-10-03,0.5550770163536072,0.5587599873542786,0.5537819862365723,0.5547109842300415,0,JPYINR=X,FOREX,yfinance,1d
2023-10-04,0.5574719905853271,0.5591679811477661,0.556896984577179,0.5573430061340332,0,JPYINR=X,FOREX,yfinance,1d
2023-10-05,0.5680999755859375,0.5680999755859375,0.5579400062561035,0.5579820275306702,0,JPYINR=X,FOREX,yfinance,1d
2023-10-06,0.560791015625,0.560791015625,0.5562289953231812,0.5608760118484497,0,JPYINR=X,FOREX,yfinance,1d
2023-10-09,0.5509260296821594,0.5603939890861511,0.5509260296821594,0.5489069819450378,0,JPYINR=X,FOREX,yfinance,1d
2023-10-10,0.5610799789428711,0.5614370107650757,0.5576069951057434,0.560854971408844,0,JPYINR=X,FOREX,yfinance,1d
2023-10-11,0.5601320266723633,0.5601320266723633,0.5567039847373962,0.5596359968185425,0,JPYINR=X,FOREX,yfinance,1d
2023-10-12,0.557096004486084,0.5577980279922485,0.5554720163345337,0.5579130053520203,0,JPYINR=X,FOREX,yfinance,1d
2023-10-13,0.5553489923477173,0.5565249919891357,0.5551490187644958,0.5553889870643616,0,JPYINR=X,FOREX,yfinance,1d
2023-10-16,0.5504850149154663,0.5567330121994019,0.5504850149154663,0.5504800081253052,0,JPYINR=X,FOREX,yfinance,1d
2023-10-17,0.5491610169410706,0.556850016117096,0.5445399880409241,0.5558379888534546,0,JPYINR=X,FOREX,yfinance,1d
2023-10-18,0.5554649829864502,0.5561429858207703,0.5550450086593628,0.5554320216178894,0,JPYINR=X,FOREX,yfinance,1d
2023-10-19,0.5553449988365173,0.5557640194892883,0.551701009273529,0.5550780296325684,0,JPYINR=X,FOREX,yfinance,1d
2023-10-20,0.5543609857559204,0.5549110174179077,0.5533450245857239,0.5542870163917542,0,JPYINR=X,FOREX,yfinance,1d
2023-10-23,0.5539929866790771,0.5543450117111206,0.5538600087165833,0.5473859906196594,0,JPYINR=X,FOREX,yfinance,1d
2023-10-24,0.5541250109672546,0.5553240180015564,0.5532730221748352,0.5538300275802612,0,JPYINR=X,FOREX,yfinance,1d
2023-10-25,0.5533859729766846,0.5544430017471313,0.5532540082931519,0.553409993648529,0,JPYINR=X,FOREX,yfinance,1d
2023-10-26,0.5536820292472839,0.554036021232605,0.5515419840812683,0.5536789894104004,0,JPYINR=X,FOREX,yfinance,1d
2023-10-27,0.5534219741821289,0.5563560128211975,0.5529810190200806,0.553413987159729,0,JPYINR=X,FOREX,yfinance,1d
2023-10-30,0.5490959882736206,0.5590519905090332,0.5490959882736206,0.5485789775848389,0,JPYINR=X,FOREX,yfinance,1d
2023-10-31,0.5578579902648926,0.5578579902648926,0.549032986164093,0.5581129789352417,0,JPYINR=X,FOREX,yfinance,1d
2023-11-01,0.5497609972953796,0.5514019727706909,0.5493860244750977,0.5482919812202454,0,JPYINR=X,FOREX,yfinance,1d
2023-11-02,0.552452027797699,0.5546640157699585,0.5523080229759216,0.5523250102996826,0,JPYINR=X,FOREX,yfinance,1d
2023-11-03,0.5525910258293152,0.5570110082626343,0.5525910258293152,0.5526300072669983,0,JPYINR=X,FOREX,yfinance,1d
2023-11-06,0.5461050271987915,0.5564240217208862,0.5460879802703857,0.5462219715118408,0,JPYINR=X,FOREX,yfinance,1d
2023-11-07,0.5543649792671204,0.5544019937515259,0.5520510077476501,0.5543789863586426,0,JPYINR=X,FOREX,yfinance,1d
2023-11-08,0.5528680086135864,0.5530250072479248,0.550957977771759,0.552977979183197,0,JPYINR=X,FOREX,yfinance,1d
2023-11-09,0.5511860251426697,0.5516970157623291,0.5504800081253052,0.5510339736938477,0,JPYINR=X,FOREX,yfinance,1d
2023-11-10,0.5496410131454468,0.551501989364624,0.5490409731864929,0.5496929883956909,0,JPYINR=X,FOREX,yfinance,1d
2023-11-13,0.5428839921951294,0.5499579906463623,0.5428839921951294,0.5416259765625,0,JPYINR=X,FOREX,yfinance,1d
2023-11-14,0.5476080179214478,0.5503510236740112,0.5471600294113159,0.5480409860610962,0,JPYINR=X,FOREX,yfinance,1d
2023-11-15,0.5509160161018372,0.5525389909744263,0.5494260191917419,0.551131010055542,0,JPYINR=X,FOREX,yfinance,1d
2023-11-16,0.5482149720191956,0.5532439947128296,0.5482149720191956,0.5481520295143127,0,JPYINR=X,FOREX,yfinance,1d
2023-11-17,0.5515679717063904,0.557483971118927,0.5514910221099854,0.5509949922561646,0,JPYINR=X,FOREX,yfinance,1d
2023-11-20,0.5475999712944031,0.5623549818992615,0.5475999712944031,0.5479620099067688,0,JPYINR=X,FOREX,yfinance,1d
2023-11-21,0.5609830021858215,0.5658900141716003,0.5609830021858215,0.561214029788971,0,JPYINR=X,FOREX,yfinance,1d
2023-11-22,0.561830997467041,0.5619170069694519,0.5558180212974548,0.5609570145606995,0,JPYINR=X,FOREX,yfinance,1d
2023-11-23,0.5585780143737793,0.5592510104179382,0.5560749769210815,0.5584210157394409,0,JPYINR=X,FOREX,yfinance,1d
2023-11-24,0.5563889741897583,0.5581899881362915,0.5562769770622253,0.5566840171813965,0,JPYINR=X,FOREX,yfinance,1d
2023-11-27,0.5513479709625244,0.5601609945297241,0.5513479709625244,0.5498390197753906,0,JPYINR=X,FOREX,yfinance,1d
2023-11-28,0.5615890026092529,0.5648670196533203,0.5594769716262817,0.5600699782371521,0,JPYINR=X,FOREX,yfinance,1d
2023-11-29,0.566211998462677,0.567674994468689,0.5632410049438477,0.5649979710578918,0,JPYINR=X,FOREX,yfinance,1d
2023-11-30,0.5650020241737366,0.5669879913330078,0.5612369775772095,0.5653510093688965,0,JPYINR=X,FOREX,yfinance,1d
2023-12-01,0.5624780058860779,0.5664510130882263,0.561365008354187,0.5622169971466064,0,JPYINR=X,FOREX,yfinance,1d
2023-12-04,0.5629310011863708,0.5686389803886414,0.5628839731216431,0.5627490282058716,0,JPYINR=X,FOREX,yfinance,1d
2023-12-05,0.5656539797782898,0.5679290294647217,0.5652959942817688,0.5655630230903625,0,JPYINR=X,FOREX,yfinance,1d
2023-12-06,0.5657039880752563,0.5665670037269592,0.5645589828491211,0.5656840205192566,0,JPYINR=X,FOREX,yfinance,1d
2023-12-07,0.5651370286941528,0.578898012638092,0.5651370286941528,0.5651649832725525,0,JPYINR=X,FOREX,yfinance,1d
2023-12-08,0.5773919820785522,0.5842159986495972,0.5744810104370117,0.5771719813346863,0,JPYINR=X,FOREX,yfinance,1d
2023-12-11,0.5676910281181335,0.5732570290565491,0.5676910281181335,0.5697500109672546,0,JPYINR=X,FOREX,yfinance,1d
2023-12-12,0.5701320171356201,0.5751000046730042,0.5698480010032654,0.56980299949646,0,JPYINR=X,FOREX,yfinance,1d
2023-12-13,0.5734009742736816,0.5743100047111511,0.5707830190658569,0.5736770033836365,0,JPYINR=X,FOREX,yfinance,1d
2023-12-14,0.5827080011367798,0.5896350145339966,0.5823590159416199,0.5828269720077515,0,JPYINR=X,FOREX,yfinance,1d
2023-12-15,0.584975004196167,0.5877839922904968,0.5833629965782166,0.5848919749259949,0,JPYINR=X,FOREX,yfinance,1d
2023-12-18,0.5802950263023376,0.5833370089530945,0.5802950263023376,0.5807629823684692,0,JPYINR=X,FOREX,yfinance,1d
2023-12-19,0.5821390151977539,0.5838590264320374,0.5733850002288818,0.5815920233726501,0,JPYINR=X,FOREX,yfinance,1d
2023-12-20,0.5769360065460205,0.5800049901008606,0.5755149722099304,0.5769180059432983,0,JPYINR=X,FOREX,yfinance,1d
2023-12-21,0.5794919729232788,0.5854949951171875,0.5790259838104248,0.5790960192680359,0,JPYINR=X,FOREX,yfinance,1d
2023-12-22,0.584272027015686,0.585856020450592,0.5827310085296631,0.5840569734573364,0,JPYINR=X,FOREX,yfinance,1d
2023-12-25,0.5787889957427979,0.5824499726295471,0.5785120129585266,0.5775279998779297,0,JPYINR=X,FOREX,yfinance,1d
2023-12-26,0.5836529731750488,0.5836529731750488,0.5835580229759216,0.5824499726295471,0,JPYINR=X,FOREX,yfinance,1d
2023-12-27,0.5814170241355896,0.5864239931106567,0.5814170241355896,0.5835580229759216,0,JPYINR=X,FOREX,yfinance,1d
2023-12-28,0.5883179903030396,0.5923439860343933,0.5874930024147034,0.5881249904632568,0,JPYINR=X,FOREX,yfinance,1d
2023-12-29,0.5872349739074707,0.5904070138931274,0.5859609842300415,0.5919479727745056,0,JPYINR=X,FOREX,yfinance,1d
2024-01-01,0.5853689908981323,0.5853689908981323,0.5852190256118774,0.5845630168914795,0,JPYINR=X,FOREX,yfinance,1d
2024-01-02,0.5888789892196655,0.5892350077629089,0.58542400598526,0.5852190256118774,0,JPYINR=X,FOREX,yfinance,1d
2024-01-03,0.5854399800300598,0.5870100259780884,0.5793269872665405,0.5854259729385376,0,JPYINR=X,FOREX,yfinance,1d
2024-01-04,0.5824999809265137,0.5827000141143799,0.5744410157203674,0.5823320150375366,0,JPYINR=X,FOREX,yfinance,1d
2024-01-05,0.5745180249214172,0.5772519707679749,0.5697320103645325,0.5745900273323059,0,JPYINR=X,FOREX,yfinance,1d
2024-01-08,0.5678349733352661,0.5774549841880798,0.5678349733352661,0.5668179988861084,0,JPYINR=X,FOREX,yfinance,1d
2024-01-09,0.5753570199012756,0.5785229802131653,0.5749369859695435,0.5752379894256592,0,JPYINR=X,FOREX,yfinance,1d
2024-01-10,0.5748649835586548,0.574891984462738,0.568789005279541,0.5750570297241211,0,JPYINR=X,FOREX,yfinance,1d
2024-01-11,0.5695329904556274,0.5710369944572449,0.567300021648407,0.5692390203475952,0,JPYINR=X,FOREX,yfinance,1d
2024-01-12,0.5720319747924805,0.5730819702148438,0.5692989826202393,0.5721889734268188,0,JPYINR=X,FOREX,yfinance,1d
2024-01-15,0.5650100111961365,0.5687459707260132,0.5650100111961365,0.5652130246162415,0,JPYINR=X,FOREX,yfinance,1d
2024-01-16,0.5679839849472046,0.5684750080108643,0.5642369985580444,0.5679600238800049,0,JPYINR=X,FOREX,yfinance,1d
2024-01-17,0.5641660094261169,0.5641660094261169,0.5595600008964539,0.5637879967689514,0,JPYINR=X,FOREX,yfinance,1d
2024-01-18,0.5602779984474182,0.5625560283660889,0.5600060224533081,0.5609920024871826,0,JPYINR=X,FOREX,yfinance,1d
2024-01-19,0.5609570145606995,0.5615699887275696,0.5583069920539856,0.5608969926834106,0,JPYINR=X,FOREX,yfinance,1d
2024-01-22,0.5547630190849304,0.5624679923057556,0.5547630190849304,0.5541539788246155,0,JPYINR=X,FOREX,yfinance,1d
2024-01-23,0.5603579878807068,0.5644739866256714,0.5591239929199219,0.5604739785194397,0,JPYINR=X,FOREX,yfinance,1d
2024-01-24,0.5609430074691772,0.5658900141716003,0.5604550242424011,0.5609369874000549,0,JPYINR=X,FOREX,yfinance,1d
2024-01-25,0.5625230073928833,0.5644739866256714,0.5616269707679749,0.5626760125160217,0,JPYINR=X,FOREX,yfinance,1d
2024-01-26,0.5622940063476562,0.5630729794502258,0.560600996017456,0.5623679757118225,0,JPYINR=X,FOREX,yfinance,1d
2024-01-29,0.5559459924697876,0.5627670288085938,0.5559459924697876,0.5547239780426025,0,JPYINR=X,FOREX,yfinance,1d
2024-01-30,0.5634660124778748,0.5643919706344604,0.5613459944725037,0.5634379982948303,0,JPYINR=X,FOREX,yfinance,1d
2024-01-31,0.5636209845542908,0.5678009986877441,0.5611479878425598,0.5633689761161804,0,JPYINR=X,FOREX,yfinance,1d
2024-02-01,0.5640400052070618,0.567986011505127,0.5635799765586853,0.5644519925117493,0,JPYINR=X,FOREX,yfinance,1d
2024-02-02,0.5656430125236511,0.5664979815483093,0.5582979917526245,0.56557697057724,0,JPYINR=X,FOREX,yfinance,1d
2024-02-05,0.5569509863853455,0.5594779849052429,0.5569509863853455,0.5572649836540222,0,JPYINR=X,FOREX,yfinance,1d
2024-02-06,0.5580499768257141,0.5606750249862671,0.5576500296592712,0.5582810044288635,0,JPYINR=X,FOREX,yfinance,1d
2024-02-07,0.5610219836235046,0.5615770220756531,0.5593060255050659,0.5609740018844604,0,JPYINR=X,FOREX,yfinance,1d
2024-02-08,0.560371994972229,0.5606399774551392,0.5547119975090027,0.5603020191192627,0,JPYINR=X,FOREX,yfinance,1d
2024-02-09,0.5550140142440796,0.5564630031585693,0.5546519756317139,0.555010974407196,0,JPYINR=X,FOREX,yfinance,1d
2024-02-12,0.549015998840332,0.5568810105323792,0.5489169955253601,0.5493249893188477,0,JPYINR=X,FOREX,yfinance,1d
2024-02-13,0.5548819899559021,0.5554599761962891,0.5506070256233215,0.5549430251121521,0,JPYINR=X,FOREX,yfinance,1d
2024-02-14,0.5502309799194336,0.5519499778747559,0.5502309799194336,0.550171971321106,0,JPYINR=X,FOREX,yfinance,1d
2024-02-15,0.5507270097732544,0.5539360046386719,0.5507270097732544,0.5510960221290588,0,JPYINR=X,FOREX,yfinance,1d
2024-02-16,0.5530830025672913,0.5531119704246521,0.5506340265274048,0.5531309843063354,0,JPYINR=X,FOREX,yfinance,1d
2024-02-19,0.5471450090408325,0.5532469749450684,0.5471450090408325,0.5464310050010681,0,JPYINR=X,FOREX,yfinance,1d
2024-02-20,0.5521429777145386,0.5533589720726013,0.5511239767074585,0.5520910024642944,0,JPYINR=X,FOREX,yfinance,1d
2024-02-21,0.5518220067024231,0.552573025226593,0.5511119961738586,0.5514810085296631,0,JPYINR=X,FOREX,yfinance,1d
2024-02-22,0.5510810017585754,0.5519610047340393,0.5496960282325745,0.5512030124664307,0,JPYINR=X,FOREX,yfinance,1d
2024-02-23,0.5501869916915894,0.5509300231933594,0.5493950247764587,0.5501919984817505,0,JPYINR=X,FOREX,yfinance,1d
2024-02-26,0.5469549894332886,0.5506849884986877,0.5469549894332886,0.5457159876823425,0,JPYINR=X,FOREX,yfinance,1d
2024-02-27,0.5497789978981018,0.5516489744186401,0.5497360229492188,0.549830973148346,0,JPYINR=X,FOREX,yfinance,1d
2024-02-28,0.550449013710022,0.5507689714431763,0.5491290092468262,0.5504599809646606,0,JPYINR=X,FOREX,yfinance,1d
2024-02-29,0.549871027469635,0.5550330281257629,0.5497980117797852,0.5498759746551514,0,JPYINR=X,FOREX,yfinance,1d
2024-03-01,0.5520790219306946,0.5521349906921387,0.5494970083236694,0.5521249771118164,0,JPYINR=X,FOREX,yfinance,1d
2024-03-04,0.5449129939079285,0.551485002040863,0.5449129939079285,0.544297993183136,0,JPYINR=X,FOREX,yfinance,1d
2024-03-05,0.5478349924087524,0.5528780221939087,0.5478349924087524,0.5502480268478394,0,JPYINR=X,FOREX,yfinance,1d
2024-03-06,0.5527499914169312,0.5548319816589355,0.5525259971618652,0.5524669885635376,0,JPYINR=X,FOREX,yfinance,1d
2024-03-07,0.5547599792480469,0.5598440170288086,0.5547599792480469,0.5548670291900635,0,JPYINR=X,FOREX,yfinance,1d
2024-03-08,0.5595639944076538,0.5638970136642456,0.5580710172653198,0.5594900250434875,0,JPYINR=X,FOREX,yfinance,1d
2024-03-11,0.5563759803771973,0.5645390152931213,0.5563759803771973,0.5553969740867615,0,JPYINR=X,FOREX,yfinance,1d
2024-03-12,0.5637959837913513,0.5640479922294617,0.5591179728507996,0.5636360049247742,0,JPYINR=X,FOREX,yfinance,1d
2024-03-13,0.5606510043144226,0.5618709921836853,0.5590900182723999,0.5610989928245544,0,JPYINR=X,FOREX,yfinance,1d
2024-03-14,0.5608530044555664,0.5612800121307373,0.5587310194969177,0.5606920123100281,0,JPYINR=X,FOREX,yfinance,1d
2024-03-15,0.5583829879760742,0.5594310164451599,0.5552600026130676,0.5585929751396179,0,JPYINR=X,FOREX,yfinance,1d
2024-03-18,0.5496270060539246,0.5558019876480103,0.5496270060539246,0.5503910183906555,0,JPYINR=X,FOREX,yfinance,1d
2024-03-19,0.5551279783248901,0.5560700297355652,0.5498290061950684,0.5547969937324524,0,JPYINR=X,FOREX,yfinance,1d
2024-03-20,0.5492140054702759,0.5492140054702759,0.5473930239677429,0.5493329763412476,0,JPYINR=X,FOREX,yfinance,1d
2024-03-21,0.5501700043678284,0.5520679950714111,0.5481489896774292,0.5501729846000671,0,JPYINR=X,FOREX,yfinance,1d
2024-03-22,0.5485129952430725,0.5526689887046814,0.5477229952812195,0.5485090017318726,0,JPYINR=X,FOREX,yfinance,1d
2024-03-25,0.5467690229415894,0.5516830086708069,0.5467690229415894,0.543828010559082,0,JPYINR=X,FOREX,yfinance,1d
2024-03-26,0.5510759949684143,0.551256000995636,0.5492410063743591,0.5505949854850769,0,JPYINR=X,FOREX,yfinance,1d
2024-03-27,0.5493749976158142,0.5516110062599182,0.5482860207557678,0.5490090250968933,0,JPYINR=X,FOREX,yfinance,1d
2024-03-28,0.5507349967956543,0.5512580275535583,0.5498350262641907,0.5507050156593323,0,JPYINR=X,FOREX,yfinance,1d
2024-03-29,0.5452659726142883,0.5454859733581543,0.5447840094566345,0.551393985748291,0,JPYINR=X,FOREX,yfinance,1d
2024-04-01,0.5443019866943359,0.5443019866943359,0.5443019866943359,0.5442669987678528,0,JPYINR=X,FOREX,yfinance,1d
2024-04-02,0.5486800074577332,0.5498160123825073,0.5486209988594055,0.5443019866943359,0,JPYINR=X,FOREX,yfinance,1d
2024-04-03,0.5497080087661743,0.55035001039505,0.5491650104522705,0.5494700074195862,0,JPYINR=X,FOREX,yfinance,1d
2024-04-04,0.5499849915504456,0.5503829717636108,0.5490189790725708,0.5485820174217224,0,JPYINR=X,FOREX,yfinance,1d
2024-04-05,0.5509420037269592,0.5526400208473206,0.5487769842147827,0.5509870052337646,0,JPYINR=X,FOREX,yfinance,1d
2024-04-08,0.5432770252227783,0.548445999622345,0.5432770252227783,0.5430989861488342,0,JPYINR=X,FOREX,yfinance,1d
2024-04-09,0.5478569865226746,0.5484150052070618,0.5471829771995544,0.5479030013084412,0,JPYINR=X,FOREX,yfinance,1d
2024-04-10,0.5476750135421753,0.548101007938385,0.5446749925613403,0.5477579832077026,0,JPYINR=X,FOREX,yfinance,1d
2024-04-11,0.5448819994926453,0.54544997215271,0.5431119799613953,0.5450639724731445,0,JPYINR=X,FOREX,yfinance,1d
2024-04-12,0.5435619950294495,0.5467619895935059,0.543175995349884,0.5432329773902893,0,JPYINR=X,FOREX,yfinance,1d
2024-04-15,0.5372920036315918,0.5422509908676147,0.5367529988288879,0.5366600155830383,0,JPYINR=X,FOREX,yfinance,1d
2024-04-16,0.540913999080658,0.5418710112571716,0.5396090149879456,0.5411239862442017,0,JPYINR=X,FOREX,yfinance,1d
2024-04-17,0.5402050018310547,0.5414909720420837,0.540028989315033,0.5403220057487488,0,JPYINR=X,FOREX,yfinance,1d
2024-04-18,0.5411649942398071,0.5418069958686829,0.5399969816207886,0.5411670207977295,0,JPYINR=X,FOREX,yfinance,1d
2024-04-19,0.5401780009269714,0.5443239808082581,0.5387719869613647,0.5400570034980774,0,JPYINR=X,FOREX,yfinance,1d
2024-04-22,0.5332859754562378,0.5387359857559204,0.5332859754562378,0.5326189994812012,0,JPYINR=X,FOREX,yfinance,1d
2024-04-23,0.5381069779396057,0.5383870005607605,0.5373219847679138,0.5380730032920837,0,JPYINR=X,FOREX,yfinance,1d
2024-04-24,0.537746012210846,0.537746012210846,0.5367159843444824,0.5376380085945129,0,JPYINR=X,FOREX,yfinance,1d
2024-04-25,0.5362399816513062,0.5362439751625061,0.5346519947052002,0.5362470149993896,0,JPYINR=X,FOREX,yfinance,1d
2024-04-26,0.5347239971160889,0.536083996295929,0.528439998626709,0.5348830223083496,0,JPYINR=X,FOREX,yfinance,1d
2024-04-29,0.5217130184173584,0.5392339825630188,0.5175930261611938,0.5215610265731812,0,JPYINR=X,FOREX,yfinance,1d
2024-04-30,0.5336210131645203,0.5339069962501526,0.5295429825782776,0.533735990524292,0,JPYINR=X,FOREX,yfinance,1d
2024-05-01,0.5263460278511047,0.5263460278511047,0.525409996509552,0.5286790132522583,0,JPYINR=X,FOREX,yfinance,1d
2024-05-02,0.5297880172729492,0.5430459976196289,0.5297880172729492,0.525409996509552,0,JPYINR=X,FOREX,yfinance,1d
2024-05-03,0.5439620018005371,0.5481169819831848,0.5429159998893738,0.5446069836616516,0,JPYINR=X,FOREX,yfinance,1d
2024-05-06,0.5367090106010437,0.5436559915542603,0.5350409746170044,0.5375540256500244,0,JPYINR=X,FOREX,yfinance,1d
2024-05-07,0.5406240224838257,0.5418170094490051,0.5392749905586243,0.5407350063323975,0,JPYINR=X,FOREX,yfinance,1d
2024-05-08,0.5385910272598267,0.539139986038208,0.5358120203018188,0.5389209985733032,0,JPYINR=X,FOREX,yfinance,1d
2024-05-09,0.5366330146789551,0.537388026714325,0.5349889993667603,0.5360699892044067,0,JPYINR=X,FOREX,yfinance,1d
2024-05-10,0.5367090106010437,0.5367090106010437,0.5353379845619202,0.5366880297660828,0,JPYINR=X,FOREX,yfinance,1d
2024-05-13,0.530040979385376,0.53575599193573,0.530040979385376,0.5307760238647461,0,JPYINR=X,FOREX,yfinance,1d
2024-05-14,0.5340129733085632,0.5340870022773743,0.5325260162353516,0.5341339707374573,0,JPYINR=X,FOREX,yfinance,1d
2024-05-15,0.5331050157546997,0.5387179851531982,0.5329970121383667,0.5333139896392822,0,JPYINR=X,FOREX,yfinance,1d
2024-05-16,0.5399259924888611,0.5425410270690918,0.5363669991493225,0.539883017539978,0,JPYINR=X,FOREX,yfinance,1d
2024-05-17,0.5367119908332825,0.5367760062217712,0.5341200232505798,0.5366719961166382,0,JPYINR=X,FOREX,yfinance,1d
2024-05-20,0.5267540216445923,0.534883975982666,0.5267540216445923,0.5267009735107422,0,JPYINR=X,FOREX,yfinance,1d
2024-05-21,0.5321559906005859,0.5336689949035645,0.5318710207939148,0.5321999788284302,0,JPYINR=X,FOREX,yfinance,1d
2024-05-22,0.5326079726219177,0.5330659747123718,0.531328022480011,0.5327029824256897,0,JPYINR=X,FOREX,yfinance,1d
2024-05-23,0.5307980179786682,0.531279981136322,0.5293170213699341,0.5308390259742737,0,JPYINR=X,FOREX,yfinance,1d
2024-05-24,0.5299819707870483,0.5299819707870483,0.5281869769096375,0.530239999294281,0,JPYINR=X,FOREX,yfinance,1d
2024-05-27,0.523643970489502,0.5298759937286377,0.523643970489502,0.5230069756507874,0,JPYINR=X,FOREX,yfinance,1d
2024-05-28,0.5296649932861328,0.5306140184402466,0.5292999744415283,0.5294169783592224,0,JPYINR=X,FOREX,yfinance,1d
2024-05-29,0.5281689763069153,0.5302839875221252,0.5279970169067383,0.5282739996910095,0,JPYINR=X,FOREX,yfinance,1d
2024-05-30,0.5261639952659607,0.5321720242500305,0.5261639952659607,0.5282689929008484,0,JPYINR=X,FOREX,yfinance,1d
2024-05-31,0.5297380089759827,0.5323669910430908,0.5295950174331665,0.5307980179786682,0,JPYINR=X,FOREX,yfinance,1d
2024-06-03,0.5251680016517639,0.5322999954223633,0.5251680016517639,0.5246319770812988,0,JPYINR=X,FOREX,yfinance,1d
2024-06-04,0.5321850180625916,0.5398589968681335,0.5306379795074463,0.5320860147476196,0,JPYINR=X,FOREX,yfinance,1d
2024-06-05,0.5390139818191528,0.5484219789505005,0.5325180292129517,0.5387750267982483,0,JPYINR=X,FOREX,yfinance,1d
2024-06-06,0.5343549847602844,0.536736011505127,0.5333399772644043,0.5342230200767517,0,JPYINR=X,FOREX,yfinance,1d
2024-06-07,0.5356879830360413,0.53712397813797,0.5311449766159058,0.5357279777526855,0,JPYINR=X,FOREX,yfinance,1d
2024-06-10,0.531486988067627,0.5323709845542908,0.530722975730896,0.5313400030136108,0,JPYINR=X,FOREX,yfinance,1d
2024-06-11,0.5317339897155762,0.5324850082397461,0.5302850008010864,0.5317130088806152,0,JPYINR=X,FOREX,yfinance,1d
2024-06-12,0.5316330194473267,0.5354300141334534,0.5304239988327026,0.5315639972686768,0,JPYINR=X,FOREX,yfinance,1d
2024-06-13,0.5322290062904358,0.5327680110931396,0.5306249856948853,0.5322780013084412,0,JPYINR=X,FOREX,yfinance,1d
2024-06-14,0.5311229825019836,0.5320169925689697,0.5276150107383728,0.5311139822006226,0,JPYINR=X,FOREX,yfinance,1d
2024-06-17,0.5243819952011108,0.5309299826622009,0.5243819952011108,0.5239980220794678,0,JPYINR=X,FOREX,yfinance,1d
2024-06-18,0.5291650295257568,0.5298240184783936,0.5268549919128418,0.5292099714279175,0,JPYINR=X,FOREX,yfinance,1d
2024-06-19,0.5276409983634949,0.5286570191383362,0.5274519920349121,0.5277199745178223,0,JPYINR=X,FOREX,yfinance,1d
2024-06-20,0.5277770161628723,0.5277990102767944,0.5263410210609436,0.5277990102767944,0,JPYINR=X,FOREX,yfinance,1d
2024-06-21,0.5252940058708191,0.5263929963111877,0.5231999754905701,0.5253639817237854,0,JPYINR=X,FOREX,yfinance,1d
2024-06-24,0.5161970257759094,0.524321973323822,0.5161970257759094,0.5160599946975708,0,JPYINR=X,FOREX,yfinance,1d
2024-06-25,0.5223389863967896,0.5236319899559021,0.5217840075492859,0.5224279761314392,0,JPYINR=X,FOREX,yfinance,1d
2024-06-26,0.5218979716300964,0.5224660038948059,0.5191929936408997,0.5218769907951355,0,JPYINR=X,FOREX,yfinance,1d
2024-06-27,0.5199099779129028,0.5204709768295288,0.5188019871711731,0.5199090242385864,0,JPYINR=X,FOREX,yfinance,1d
2024-06-28,0.5189200043678284,0.5196220278739929,0.5173079967498779,0.5189489722251892,0,JPYINR=X,FOREX,yfinance,1d
2024-07-01,0.5101420283317566,0.5179719924926758,0.5101420283317566,0.5115169882774353,0,JPYINR=X,FOREX,yfinance,1d
2024-07-02,0.5161240100860596,0.5168960094451904,0.5158439874649048,0.5161929726600647,0,JPYINR=X,FOREX,yfinance,1d
2024-07-03,0.5165650248527527,0.5184530019760132,0.5151939988136292,0.5164949893951416,0,JPYINR=X,FOREX,yfinance,1d
2024-07-04,0.5163900256156921,0.5184100270271301,0.516260027885437,0.5161160230636597,0,JPYINR=X,FOREX,yfinance,1d
2024-07-05,0.5170289874076843,0.5200999975204468,0.5170109868049622,0.5169810056686401,0,JPYINR=X,FOREX,yfinance,1d
2024-07-08,0.514411985874176,0.519553005695343,0.514411985874176,0.5125259757041931,0,JPYINR=X,FOREX,yfinance,1d
2024-07-09,0.5185189843177795,0.5188599824905396,0.5165129899978638,0.5185859799385071,0,JPYINR=X,FOREX,yfinance,1d
2024-07-10,0.5170919895172119,0.5171219706535339,0.5157679915428162,0.5171040296554565,0,JPYINR=X,FOREX,yfinance,1d
2024-07-11,0.5162370204925537,0.5296149849891663,0.5158600211143494,0.5161839723587036,0,JPYINR=X,FOREX,yfinance,1d
2024-07-12,0.5274980068206787,0.5299310088157654,0.5236039757728577,0.5274220108985901,0,JPYINR=X,FOREX,yfinance,1d
2024-07-15,0.5225650072097778,0.5291900038719177,0.5225650072097778,0.5218549966812134,0,JPYINR=X,FOREX,yfinance,1d
2024-07-16,0.528078019618988,0.528078019618988,0.5258240103721619,0.528033971786499,0,JPYINR=X,FOREX,yfinance,1d
2024-07-17,0.527184009552002,0.534466028213501,0.5262640118598938,0.5271070003509521,0,JPYINR=X,FOREX,yfinance,1d
2024-07-18,0.5364500284194946,0.5369189977645874,0.5324349999427795,0.5367429852485657,0,JPYINR=X,FOREX,yfinance,1d
2024-07-19,0.5313479900360107,0.5322489738464355,0.5293920040130615,0.5314199924468994,0,JPYINR=X,FOREX,yfinance,1d
2024-07-22,0.5251190066337585,0.5347480177879333,0.5251190066337585,0.5252329707145691,0,JPYINR=X,FOREX,yfinance,1d
2024-07-23,0.5318170189857483,0.5365179777145386,0.5318170189857483,0.532800018787384,0,JPYINR=X,FOREX,yfinance,1d
2024-07-24,0.5368689894676208,0.54618901014328,0.5363339781761169,0.5369700193405151,0,JPYINR=X,FOREX,yfinance,1d
2024-07-25,0.5434949994087219,0.5502730011940002,0.5430859923362732,0.5438290238380432,0,JPYINR=X,FOREX,yfinance,1d
2024-07-26,0.5442219972610474,0.5453019738197327,0.5407090187072754,0.5442619919776917,0,JPYINR=X,FOREX,yfinance,1d
2024-07-29,0.538428008556366,0.546235978603363,0.538428008556366,0.5376759767532349,0,JPYINR=X,FOREX,yfinance,1d
2024-07-30,0.5440530180931091,0.5444520115852356,0.5389670133590698,0.5437260270118713,0,JPYINR=X,FOREX,yfinance,1d
2024-07-31,0.548471987247467,0.5584369897842407,0.5436620116233826,0.548570990562439,0,JPYINR=X,FOREX,yfinance,1d
2024-08-01,0.5590410232543945,0.5629479885101318,0.5546889901161194,0.5582370162010193,0,JPYINR=X,FOREX,yfinance,1d
2024-08-02,0.5606709718704224,0.5714539885520935,0.558754026889801,0.5602200031280518,0,JPYINR=X,FOREX,yfinance,1d
2024-08-05,0.5638570189476013,0.592503011226654,0.5638570189476013,0.5603139996528625,0,JPYINR=X,FOREX,yfinance,1d
2024-08-06,0.5753329992294312,0.5820019841194153,0.5734729766845703,0.5756760239601135,0,JPYINR=X,FOREX,yfinance,1d
2024-08-07,0.5795379877090454,0.5800129771232605,0.5672309994697571,0.5795509815216064,0,JPYINR=X,FOREX,yfinance,1d
2024-08-08,0.5731269717216492,0.5758569836616516,0.5688130259513855,0.5740110278129578,0,JPYINR=X,FOREX,yfinance,1d
2024-08-09,0.5681819915771484,0.5733270049095154,0.5681819915771484,0.568274974822998,0,JPYINR=X,FOREX,yfinance,1d
2024-08-12,0.5652649998664856,0.570235013961792,0.5652649998664856,0.5661299824714661,0,JPYINR=X,FOREX,yfinance,1d
2024-08-13,0.570156991481781,0.5708770155906677,0.5670269727706909,0.5703189969062805,0,JPYINR=X,FOREX,yfinance,1d
2024-08-14,0.570389986038208,0.5735030174255371,0.5685750246047974,0.5703189969062805,0,JPYINR=X,FOREX,yfinance,1d
2024-08-15,0.5695300102233887,0.5704119801521301,0.5621809959411621,0.5697150230407715,0,JPYINR=X,FOREX,yfinance,1d
2024-08-16,0.5585100054740906,0.5678300261497498,0.5585100054740906,0.5631170272827148,0,JPYINR=X,FOREX,yfinance,1d
2024-08-19,0.559902012348175,0.5770429968833923,0.559902012348175,0.5608050227165222,0,JPYINR=X,FOREX,yfinance,1d
2024-08-20,0.5684710144996643,0.5748479962348938,0.5683240294456482,0.5716570019721985,0,JPYINR=X,FOREX,yfinance,1d
2024-08-21,0.5763779878616333,0.5777599811553955,0.5729299783706665,0.5764080286026001,0,JPYINR=X,FOREX,yfinance,1d
2024-08-22,0.5776649713516235,0.5782549977302551,0.5725269913673401,0.5777900218963623,0,JPYINR=X,FOREX,yfinance,1d
2024-08-23,0.5734710097312927,0.5790579915046692,0.5722749829292297,0.5736929774284363,0,JPYINR=X,FOREX,yfinance,1d
2024-08-26,0.5735250115394592,0.5833839774131775,0.5735250115394592,0.5710579752922058,0,JPYINR=X,FOREX,yfinance,1d
2024-08-27,0.5798799991607666,0.5816059708595276,0.5777959823608398,0.5799469947814941,0,JPYINR=X,FOREX,yfinance,1d
2024-08-28,0.582298994064331,0.582502007484436,0.5785170197486877,0.5823739767074585,0,JPYINR=X,FOREX,yfinance,1d
2024-08-29,0.5810530185699463,0.581512987613678,0.57600998878479,0.5806400179862976,0,JPYINR=X,FOREX,yfinance,1d
2024-08-30,0.5785210132598877,0.5791159868240356,0.573997974395752,0.5784090161323547,0,JPYINR=X,FOREX,yfinance,1d
2024-09-02,0.5687410235404968,0.5736920237541199,0.5687410235404968,0.5689430236816406,0,JPYINR=X,FOREX,yfinance,1d
2024-09-03,0.5711780190467834,0.5779809951782227,0.5697609782218933,0.5713359713554382,0,JPYINR=X,FOREX,yfinance,1d
2024-09-04,0.5767819881439209,0.582472026348114,0.576321005821228,0.5772190093994141,0,JPYINR=X,FOREX,yfinance,1d
2024-09-05,0.5850210189819336,0.5873240232467651,0.5819010138511658,0.5854250192642212,0,JPYINR=X,FOREX,yfinance,1d
2024-09-06,0.5854750275611877,0.5912219882011414,0.5830699801445007,0.5851269960403442,0,JPYINR=X,FOREX,yfinance,1d
2024-09-09,0.5837240219116211,0.5877630114555359,0.5834329724311829,0.5846819877624512,0,JPYINR=X,FOREX,yfinance,1d
2024-09-10,0.5891579985618591,0.5896199941635132,0.5839750170707703,0.585955023765564,0,JPYINR=X,FOREX,yfinance,1d
2024-09-11,0.589792013168335,0.5959089994430542,0.5889279842376709,0.5896520018577576,0,JPYINR=X,FOREX,yfinance,1d
2024-09-12,0.5882909893989563,0.5909050107002258,0.5870739817619324,0.5882920026779175,0,JPYINR=X,FOREX,yfinance,1d
2024-09-13,0.5927640199661255,0.5974779725074768,0.5923200249671936,0.592960000038147,0,JPYINR=X,FOREX,yfinance,1d
2024-09-16,0.5906490087509155,0.6003919839859009,0.5906490087509155,0.5899379849433899,0,JPYINR=X,FOREX,yfinance,1d
2024-09-17,0.5953069925308228,0.5971609950065613,0.5899779796600342,0.5951880216598511,0,JPYINR=X,FOREX,yfinance,1d
2024-09-18,0.5895040035247803,0.5924599766731262,0.5885779857635498,0.5895400047302246,0,JPYINR=X,FOREX,yfinance,1d
2024-09-19,0.5858380198478699,0.5879709720611572,0.5811870098114014,0.585893988609314,0,JPYINR=X,FOREX,yfinance,1d
2024-09-20,0.584721028804779,0.5884820222854614,0.5774909853935242,0.5844990015029907,0,JPYINR=X,FOREX,yfinance,1d
2024-09-23,0.5735549926757812,0.5829700231552124,0.5735549926757812,0.5742440223693848,0,JPYINR=X,FOREX,yfinance,1d
2024-09-24,0.5813170075416565,0.5822979807853699,0.5775820016860962,0.5811619758605957,0,JPYINR=X,FOREX,yfinance,1d
2024-09-25,0.5843740105628967,0.5845069885253906,0.577688992023468,0.5840280055999756,0,JPYINR=X,FOREX,yfinance,1d
2024-09-26,0.5775499939918518,0.5797150135040283,0.5758069753646851,0.5775309801101685,0,JPYINR=X,FOREX,yfinance,1d
2024-09-27,0.5757319927215576,0.5871850252151489,0.5709440112113953,0.5758050084114075,0,JPYINR=X,FOREX,yfinance,1d
2024-09-30,0.5798400044441223,0.5910540223121643,0.5798400044441223,0.5881199836730957,0,JPYINR=X,FOREX,yfinance,1d
2024-10-01,0.5825669765472412,0.5861409902572632,0.5794749855995178,0.582472026348114,0,JPYINR=X,FOREX,yfinance,1d
2024-10-02,0.5829290151596069,0.5844770073890686,0.5736460089683533,0.5830479860305786,0,JPYINR=X,FOREX,yfinance,1d
2024-10-03,0.5719370245933533,0.5733209848403931,0.5697960257530212,0.57225501537323,0,JPYINR=X,FOREX,yfinance,1d
2024-10-04,0.5714439749717712,0.5749329924583435,0.5644770264625549,0.5717390179634094,0,JPYINR=X,FOREX,yfinance,1d
2024-10-07,0.5622010231018066,0.5675349831581116,0.5622010231018066,0.5609970092773438,0,JPYINR=X,FOREX,yfinance,1d
2024-10-08,0.5662720203399658,0.5689820051193237,0.5655279755592346,0.5663130283355713,0,JPYINR=X,FOREX,yfinance,1d
2024-10-09,0.5656920075416565,0.5663440227508545,0.5621110200881958,0.5656350255012512,0,JPYINR=X,FOREX,yfinance,1d
2024-10-10,0.5623080134391785,0.5652009844779968,0.5610100030899048,0.5621259808540344,0,JPYINR=X,FOREX,yfinance,1d
2024-10-11,0.5638030171394348,0.5651299953460693,0.5628939867019653,0.5639740228652954,0,JPYINR=X,FOREX,yfinance,1d
2024-10-14,0.5578349828720093,0.5629760026931763,0.5578349828720093,0.5574589967727661,0,JPYINR=X,FOREX,yfinance,1d
2024-10-15,0.5609959959983826,0.5639989972114563,0.5608260035514832,0.5609909892082214,0,JPYINR=X,FOREX,yfinance,1d
2024-10-16,0.563618004322052,0.5638589859008789,0.5606970191001892,0.5633090138435364,0,JPYINR=X,FOREX,yfinance,1d
2024-10-17,0.5614100098609924,0.5623520016670227,0.5594159960746765,0.5611079931259155,0,JPYINR=X,FOREX,yfinance,1d
2024-10-18,0.5594649910926819,0.5616970062255859,0.5594350099563599,0.5595570206642151,0,JPYINR=X,FOREX,yfinance,1d
2024-10-21,0.5555689930915833,0.5626469850540161,0.5555689930915833,0.5549439787864685,0,JPYINR=X,FOREX,yfinance,1d
2024-10-22,0.5576959848403931,0.558426022529602,0.5558680295944214,0.5574899911880493,0,JPYINR=X,FOREX,yfinance,1d
2024-10-23,0.555869996547699,0.555869996547699,0.5484309792518616,0.55594801902771,0,JPYINR=X,FOREX,yfinance,1d
2024-10-24,0.5495920181274414,0.5534200072288513,0.5495920181274414,0.5508040189743042,0,JPYINR=X,FOREX,yfinance,1d
2024-10-25,0.553471028804779,0.5544660091400146,0.5522289872169495,0.5533930063247681,0,JPYINR=X,FOREX,yfinance,1d
2024-10-28,0.5474439859390259,0.5511379837989807,0.5471320152282715,0.547111988067627,0,JPYINR=X,FOREX,yfinance,1d
2024-10-29,0.5486360192298889,0.5498430132865906,0.5458170175552368,0.5485619902610779,0,JPYINR=X,FOREX,yfinance,1d
2024-10-30,0.5480239987373352,0.5498489737510681,0.5473359823226929,0.5481380224227905,0,JPYINR=X,FOREX,yfinance,1d
2024-10-31,0.5481699705123901,0.5529230237007141,0.5471609830856323,0.5481979846954346,0,JPYINR=X,FOREX,yfinance,1d
2024-11-01,0.5666199922561646,0.5667610168457031,0.548766016960144,0.5668240189552307,0,JPYINR=X,FOREX,yfinance,1d
2024-11-04,0.5465059876441956,0.5544940233230591,0.546280026435852,0.5432159900665283,0,JPYINR=X,FOREX,yfinance,1d
2024-11-05,0.5525050163269043,0.5535759925842285,0.5510550141334534,0.5520780086517334,0,JPYINR=X,FOREX,yfinance,1d
2024-11-06,0.5549020171165466,0.5553339719772339,0.544746994972229,0.5548520088195801,0,JPYINR=X,FOREX,yfinance,1d
2024-11-07,0.5451719760894775,0.550885021686554,0.5442129969596863,0.5452499985694885,0,JPYINR=X,FOREX,yfinance,1d
2024-11-08,0.5499439835548401,0.5540599822998047,0.549347996711731,0.5498470067977905,0,JPYINR=X,FOREX,yfinance,1d
2024-11-11,0.5478019714355469,0.5497909784317017,0.5477139949798584,0.5495619773864746,0,JPYINR=X,FOREX,yfinance,1d
2024-11-12,0.5491330027580261,0.5495960116386414,0.544838011264801,0.5486419796943665,0,JPYINR=X,FOREX,yfinance,1d
2024-11-13,0.5450189709663391,0.5462650060653687,0.543088972568512,0.5453159809112549,0,JPYINR=X,FOREX,yfinance,1d
2024-11-14,0.5451020002365112,0.545117974281311,0.5401359796524048,0.5425410270690918,0,JPYINR=X,FOREX,yfinance,1d
2024-11-15,0.5411189794540405,0.5458130240440369,0.5402169823646545,0.5408989787101746,0,JPYINR=X,FOREX,yfinance,1d
2024-11-18,0.5391770005226135,0.5461270213127136,0.5391770005226135,0.5398659706115723,0,JPYINR=X,FOREX,yfinance,1d
2024-11-19,0.5454869866371155,0.5499029755592346,0.545395016670227,0.5453600287437439,0,JPYINR=X,FOREX,yfinance,1d
2024-11-20,0.5451899766921997,0.54544597864151,0.540772020816803,0.5451800227165222,0,JPYINR=X,FOREX,yfinance,1d
2024-11-21,0.5432549715042114,0.5481759905815125,0.5432350039482117,0.5428709983825684,0,JPYINR=X,FOREX,yfinance,1d
2024-11-22,0.5477319955825806,0.5481529831886292,0.5444740056991577,0.5476120114326477,0,JPYINR=X,FOREX,yfinance,1d
2024-11-25,0.5395479798316956,0.5479109883308411,0.5395479798316956,0.5390710234642029,0,JPYINR=X,FOREX,yfinance,1d
2024-11-26,0.545395016670227,0.5503799915313721,0.545395016670227,0.5453600287437439,0,JPYINR=X,FOREX,yfinance,1d
2024-11-27,0.5510820150375366,0.5603820085525513,0.5507500171661377,0.550482988357544,0,JPYINR=X,FOREX,yfinance,1d
2024-11-28,0.5573199987411499,0.5577700138092041,0.5555649995803833,0.5573740005493164,0,JPYINR=X,FOREX,yfinance,1d
2024-11-29,0.5581939816474915,0.5644339919090271,0.5581939816474915,0.5582169890403748,0,JPYINR=X,FOREX,yfinance,1d
2024-12-02,0.5572649836540222,0.567870020866394,0.5572649836540222,0.5574790239334106,0,JPYINR=X,FOREX,yfinance,1d
2024-12-03,0.5660539865493774,0.5693259835243225,0.5633959770202637,0.5658479928970337,0,JPYINR=X,FOREX,yfinance,1d
2024-12-04,0.5653889775276184,0.5657680034637451,0.5600709915161133,0.565438985824585,0,JPYINR=X,FOREX,yfinance,1d
2024-12-05,0.5622490048408508,0.5655490159988403,0.5614960193634033,0.5620179772377014,0,JPYINR=X,FOREX,yfinance,1d
2024-12-06,0.5636600255966187,0.5663059949874878,0.5615299940109253,0.5633479952812195,0,JPYINR=X,FOREX,yfinance,1d
2024-12-09,0.5604429841041565,0.5641430020332336,0.5604429841041565,0.5587180256843567,0,JPYINR=X,FOREX,yfinance,1d
2024-12-10,0.5599750280380249,0.5617799758911133,0.5572999715805054,0.5598819851875305,0,JPYINR=X,FOREX,yfinance,1d
2024-12-11,0.5584350228309631,0.5612630248069763,0.5549169778823853,0.5586289763450623,0,JPYINR=X,FOREX,yfinance,1d
2024-12-12,0.5567709803581238,0.5584509968757629,0.555046021938324,0.5566809773445129,0,JPYINR=X,FOREX,yfinance,1d
2024-12-13,0.5554990172386169,0.5554990172386169,0.5510680079460144,0.5557249784469604,0,JPYINR=X,FOREX,yfinance,1d
2024-12-16,0.5430030226707458,0.5522609949111938,0.5430030226707458,0.5437300205230713,0,JPYINR=X,FOREX,yfinance,1d
2024-12-17,0.5505800247192383,0.5531409978866577,0.549597978591919,0.5505130290985107,0,JPYINR=X,FOREX,yfinance,1d
2024-12-18,0.5523880124092102,0.5533949732780457,0.550432026386261,0.5524809956550598,0,JPYINR=X,FOREX,yfinance,1d
2024-12-19,0.5482659935951233,0.5490350127220154,0.5389220118522644,0.5482929944992065,0,JPYINR=X,FOREX,yfinance,1d
2024-12-20,0.5393999814987183,0.5437279939651489,0.5385519862174988,0.5393369793891907,0,JPYINR=X,FOREX,yfinance,1d
2024-12-23,0.5421770215034485,0.5433989763259888,0.5407710075378418,0.5351409912109375,0,JPYINR=X,FOREX,yfinance,1d
2024-12-24,0.5409600138664246,0.542701005935669,0.5405200123786926,0.5410490036010742,0,JPYINR=X,FOREX,yfinance,1d
2024-12-25,0.5416430234909058,0.5416430234909058,0.5354740023612976,0.5414940118789673,0,JPYINR=X,FOREX,yfinance,1d
2024-12-26,0.5406559705734253,0.5406559705734253,0.5377810001373291,0.5395740270614624,0,JPYINR=X,FOREX,yfinance,1d
2024-12-27,0.5384299755096436,0.5431979894638062,0.5384299755096436,0.5379589796066284,0,JPYINR=X,FOREX,yfinance,1d
2024-12-30,0.5367940068244934,0.5450180172920227,0.5367940068244934,0.5402830243110657,0,JPYINR=X,FOREX,yfinance,1d
2024-12-31,0.5438699722290039,0.5480870008468628,0.5431119799613953,0.5440160036087036,0,JPYINR=X,FOREX,yfinance,1d
2025-01-02,0.542398989200592,0.5474460124969482,0.542398989200592,0.5440160036087036,0,JPYINR=X,FOREX,yfinance,1d
2025-01-03,0.5448099970817566,0.5457900166511536,0.5440840125083923,0.5447559952735901,0,JPYINR=X,FOREX,yfinance,1d
2025-01-06,0.5374510288238525,0.5473129749298096,0.5374510288238525,0.5448070168495178,0,JPYINR=X,FOREX,yfinance,1d
2025-01-07,0.5424190163612366,0.5441009998321533,0.5409409999847412,0.5428360104560852,0,JPYINR=X,FOREX,yfinance,1d
2025-01-08,0.5419719815254211,0.5430809855461121,0.5413299798965454,0.5417850017547607,0,JPYINR=X,FOREX,yfinance,1d
2025-01-09,0.5424960255622864,0.5442720055580139,0.5421419739723206,0.5424720048904419,0,JPYINR=X,FOREX,yfinance,1d
2025-01-10,0.5431910157203674,0.5468239784240723,0.54128497838974,0.5430499911308289,0,JPYINR=X,FOREX,yfinance,1d
2025-01-13,0.5471929907798767,0.551908016204834,0.5471929907798767,0.5455170273780823,0,JPYINR=X,FOREX,yfinance,1d
2025-01-14,0.550275981426239,0.5508520007133484,0.5468159914016724,0.5501199960708618,0,JPYINR=X,FOREX,yfinance,1d
2025-01-15,0.5470860004425049,0.5529999732971191,0.5469689965248108,0.5470209717750549,0,JPYINR=X,FOREX,yfinance,1d
2025-01-16,0.5528839826583862,0.5577629804611206,0.5515509843826294,0.5526459813117981,0,JPYINR=X,FOREX,yfinance,1d
2025-01-17,0.5569109916687012,0.5581279993057251,0.5531420111656189,0.5569750070571899,0,JPYINR=X,FOREX,yfinance,1d
2025-01-20,0.5497469902038574,0.5547009706497192,0.5497469902038574,0.5477449893951416,0,JPYINR=X,FOREX,yfinance,1d
2025-01-21,0.5546820163726807,0.5570359826087952,0.5515890121459961,0.5548880100250244,0,JPYINR=X,FOREX,yfinance,1d
2025-01-22,0.5546020269393921,0.5559629797935486,0.5514400005340576,0.5545380115509033,0,JPYINR=X,FOREX,yfinance,1d
2025-01-23,0.5522710084915161,0.554062008857727,0.5508919954299927,0.5522540211677551,0,JPYINR=X,FOREX,yfinance,1d
2025-01-24,0.553059995174408,0.5564249753952026,0.5505340099334717,0.5532240271568298,0,JPYINR=X,FOREX,yfinance,1d
2025-01-27,0.5495129823684692,0.5607029795646667,0.5495129823684692,0.5451390147209167,0,JPYINR=X,FOREX,yfinance,1d
2025-01-28,0.5568469762802124,0.5576599836349487,0.5543599724769592,0.5569570064544678,0,JPYINR=X,FOREX,yfinance,1d
2025-01-29,0.5559639930725098,0.5584570169448853,0.5553380250930786,0.5559309720993042,0,JPYINR=X,FOREX,yfinance,1d
2025-01-30,0.5579249858856201,0.5624070167541504,0.5579249858856201,0.5578830242156982,0,JPYINR=X,FOREX,yfinance,1d
2025-01-31,0.5613800287246704,0.5623080134391785,0.5579530000686646,0.5611900091171265,0,JPYINR=X,FOREX,yfinance,1d
2025-02-03,0.5572779774665833,0.5648869872093201,0.5572779774665833,0.5616880059242249,0,JPYINR=X,FOREX,yfinance,1d
2025-02-04,0.5596510171890259,0.5632249712944031,0.5591660141944885,0.5596160292625427,0,JPYINR=X,FOREX,yfinance,1d
2025-02-05,0.5647810101509094,0.5736969709396362,0.5640569925308228,0.5647169947624207,0,JPYINR=X,FOREX,yfinance,1d
2025-02-06,0.5716530084609985,0.5771350264549255,0.5716530084609985,0.5718240141868591,0,JPYINR=X,FOREX,yfinance,1d
2025-02-07,0.5789250135421753,0.5801380276679993,0.5741230249404907,0.5786600112915039,0,JPYINR=X,FOREX,yfinance,1d
2025-02-10,0.5735009908676147,0.5766209959983826,0.5731300115585327,0.5744100213050842,0,JPYINR=X,FOREX,yfinance,1d
2025-02-11,0.5761399865150452,0.5761610269546509,0.5680339932441711,0.5757380127906799,0,JPYINR=X,FOREX,yfinance,1d
2025-02-12,0.5650410056114197,0.5658699870109558,0.5609490275382996,0.5686489939689636,0,JPYINR=X,FOREX,yfinance,1d
2025-02-13,0.5629990100860596,0.5664730072021484,0.561523973941803,0.5630589723587036,0,JPYINR=X,FOREX,yfinance,1d
2025-02-14,0.5665680170059204,0.5695459842681885,0.566415011882782,0.5665029883384705,0,JPYINR=X,FOREX,yfinance,1d
2025-02-17,0.5624459981918335,0.5734270215034485,0.5624459981918335,0.5678989887237549,0,JPYINR=X,FOREX,yfinance,1d
2025-02-18,0.57293301820755,0.5730190277099609,0.5705459713935852,0.5731840133666992,0,JPYINR=X,FOREX,yfinance,1d
2025-02-19,0.5714449882507324,0.5738340020179749,0.570110023021698,0.5712850093841553,0,JPYINR=X,FOREX,yfinance,1d
2025-02-20,0.5741950273513794,0.5786290168762207,0.574184000492096,0.5740460157394409,0,JPYINR=X,FOREX,yfinance,1d
2025-02-21,0.578233003616333,0.5790550112724304,0.5738049745559692,0.5787050127983093,0,JPYINR=X,FOREX,yfinance,1d
2025-02-24,0.5694680213928223,0.580528974533081,0.5694680213928223,0.5728089809417725,0,JPYINR=X,FOREX,yfinance,1d
2025-02-25,0.5777239799499512,0.5859820246696472,0.5765489935874939,0.5779110193252563,0,JPYINR=X,FOREX,yfinance,1d
2025-02-26,0.5844759941101074,0.5856360197067261,0.5808330178260803,0.5840259790420532,0,JPYINR=X,FOREX,yfinance,1d
2025-02-27,0.5849779844284058,0.5854099988937378,0.5807710289955139,0.5849050283432007,0,JPYINR=X,FOREX,yfinance,1d
2025-02-28,0.5812810063362122,0.5851690173149109,0.5783569812774658,0.5817369818687439,0,JPYINR=X,FOREX,yfinance,1d
2025-03-03,0.5737829804420471,0.5822359919548035,0.5737829804420471,0.5799670219421387,0,JPYINR=X,FOREX,yfinance,1d
2025-03-04,0.5837739706039429,0.5885559916496277,0.5832499861717224,0.5842350125312805,0,JPYINR=X,FOREX,yfinance,1d
2025-03-05,0.582023024559021,0.5853570103645325,0.5802549719810486,0.5822790265083313,0,JPYINR=X,FOREX,yfinance,1d
2025-03-06,0.5830990076065063,0.5904409885406494,0.5815060138702393,0.5830119848251343,0,JPYINR=X,FOREX,yfinance,1d
2025-03-07,0.5871779918670654,0.5919359922409058,0.5871269702911377,0.5870929956436157,0,JPYINR=X,FOREX,yfinance,1d
2025-03-10,0.5831140279769897,0.5950260162353516,0.5831140279769897,0.5879120230674744,0,JPYINR=X,FOREX,yfinance,1d
2025-03-11,0.5934529900550842,0.5955650210380554,0.5881929993629456,0.5933610200881958,0,JPYINR=X,FOREX,yfinance,1d
2025-03-12,0.5882260203361511,0.5894020199775696,0.584011971950531,0.5882440209388733,0,JPYINR=X,FOREX,yfinance,1d
2025-03-13,0.5872700214385986,0.5895180106163025,0.5863569974899292,0.5872259736061096,0,JPYINR=X,FOREX,yfinance,1d
2025-03-14,0.5870270133018494,0.5873399972915649,0.5828850269317627,0.5870929956436157,0,JPYINR=X,FOREX,yfinance,1d
2025-03-17,0.5845919847488403,0.5845919847488403,0.5815849900245667,0.577269971370697,0,JPYINR=X,FOREX,yfinance,1d
2025-03-18,0.5798479914665222,0.5803539752960205,0.5769460201263428,0.5798919796943665,0,JPYINR=X,FOREX,yfinance,1d
2025-03-19,0.5788469910621643,0.5799139738082886,0.5743669867515564,0.5788729786872864,0,JPYINR=X,FOREX,yfinance,1d
2025-03-20,0.5809410214424133,0.5821509957313538,0.5790590047836304,0.5809280276298523,0,JPYINR=X,FOREX,yfinance,1d
2025-03-21,0.5804449915885925,0.58051598072052,0.5746039748191833,0.5804889798164368,0,JPYINR=X,FOREX,yfinance,1d
2025-03-24,0.5728440284729004,0.5734630227088928,0.5673140287399292,0.5720440149307251,0,JPYINR=X,FOREX,yfinance,1d
2025-03-25,0.5665299892425537,0.57191002368927,0.5663400292396545,0.5668659806251526,0,JPYINR=X,FOREX,yfinance,1d
2025-03-26,0.5703480243682861,0.5709609985351562,0.5676289796829224,0.5702739953994751,0,JPYINR=X,FOREX,yfinance,1d
2025-03-27,0.5687010288238525,0.5717430114746094,0.5667279958724976,0.5687080025672913,0,JPYINR=X,FOREX,yfinance,1d
2025-03-28,0.5675960183143616,0.5697960257530212,0.5661150217056274,0.5677970051765442,0,JPYINR=X,FOREX,yfinance,1d
2025-03-31,0.5624520182609558,0.5743730068206787,0.5624520182609558,0.5572749972343445,0,JPYINR=X,FOREX,yfinance,1d
2025-04-01,0.5696979761123657,0.5741339921951294,0.5694649815559387,0.5696179866790771,0,JPYINR=X,FOREX,yfinance,1d
2025-04-02,0.5711609721183777,0.5727090239524841,0.569005012512207,0.571075975894928,0,JPYINR=X,FOREX,yfinance,1d
2025-04-03,0.5771080255508423,0.5867149829864502,0.5756919980049133,0.5775129795074463,0,JPYINR=X,FOREX,yfinance,1d
2025-04-04,0.5826389789581299,0.5898039937019348,0.5814449787139893,0.5826690196990967,0,JPYINR=X,FOREX,yfinance,1d
2025-04-07,0.5864279866218567,0.5908200144767761,0.5798929929733276,0.577580988407135,0,JPYINR=X,FOREX,yfinance,1d
2025-04-08,0.5810649991035461,0.5872809886932373,0.5800179839134216,0.5806059837341309,0,JPYINR=X,FOREX,yfinance,1d
2025-04-09,0.5908169746398926,0.6011949777603149,0.5906850099563599,0.5910149812698364,0,JPYINR=X,FOREX,yfinance,1d
2025-04-10,0.5880159735679626,0.5978289842605591,0.5851349830627441,0.5859509706497192,0,JPYINR=X,FOREX,yfinance,1d
2025-04-11,0.5995090007781982,0.6051329970359802,0.597262978553772,0.5991489887237549,0,JPYINR=X,FOREX,yfinance,1d
2025-04-14,0.6012970209121704,0.6038839817047119,0.596966028213501,0.599465012550354,0,JPYINR=X,FOREX,yfinance,1d
2025-04-15,0.6004149913787842,0.6007050275802612,0.5972710251808167,0.6002439856529236,0,JPYINR=X,FOREX,yfinance,1d
2025-04-16,0.5981789827346802,0.6028130054473877,0.5981789827346802,0.5981429815292358,0,JPYINR=X,FOREX,yfinance,1d
2025-04-17,0.6027650237083435,0.6029869914054871,0.5973780155181885,0.6028749942779541,0,JPYINR=X,FOREX,yfinance,1d
2025-04-22,0.599386990070343,0.6077269911766052,0.599386990070343,0.5993549823760986,0,JPYINR=X,FOREX,yfinance,1d
2025-04-23,0.596405029296875,0.6033369898796082,0.596405029296875,0.5964469909667969,0,JPYINR=X,FOREX,yfinance,1d
2025-04-24,0.5955100059509277,0.5994639992713928,0.5950430035591125,0.5954650044441223,0,JPYINR=X,FOREX,yfinance,1d
2025-04-25,0.5968000292778015,0.5968329906463623,0.5914859771728516,0.5966690182685852,0,JPYINR=X,FOREX,yfinance,1d
2025-04-28,0.5943920016288757,0.5969190001487732,0.5912410020828247,0.5946090221405029,0,JPYINR=X,FOREX,yfinance,1d
2025-04-29,0.5986160039901733,0.5994139909744263,0.5960630178451538,0.5985090136528015,0,JPYINR=X,FOREX,yfinance,1d
2025-04-30,0.5980479717254639,0.5988339781761169,0.5899490118026733,0.5979070067405701,0,JPYINR=X,FOREX,yfinance,1d
2025-05-01,0.5913869738578796,0.5913869738578796,0.5812389850616455,0.5910739898681641,0,JPYINR=X,FOREX,yfinance,1d
2025-05-02,0.5817049741744995,0.5866190195083618,0.5766929984092712,0.583296000957489,0,JPYINR=X,FOREX,yfinance,1d
2025-05-05,0.5840229988098145,0.5867170095443726,0.5826709866523743,0.5788779854774475,0,JPYINR=X,FOREX,yfinance,1d
2025-05-06,0.5861979722976685,0.5915020108222961,0.5837690234184265,0.5863149762153625,0,JPYINR=X,FOREX,yfinance,1d
2025-05-07,0.5887150168418884,0.5919520258903503,0.5879129767417908,0.5888810157775879,0,JPYINR=X,FOREX,yfinance,1d
2025-05-08,0.588392972946167,0.5918779969215393,0.5870550274848938,0.5885069966316223,0,JPYINR=X,FOREX,yfinance,1d
2025-05-09,0.5854949951171875,0.589713990688324,0.5846499800682068,0.5851789712905884,0,JPYINR=X,FOREX,yfinance,1d
2025-05-12,0.579364001750946,0.5798670053482056,0.5710800290107727,0.5802839994430542,0,JPYINR=X,FOREX,yfinance,1d
2025-05-13,0.5722630023956299,0.5773119926452637,0.5719010233879089,0.5718389749526978,0,JPYINR=X,FOREX,yfinance,1d
2025-05-14,0.577584981918335,0.5853790044784546,0.5769069790840149,0.5774829983711243,0,JPYINR=X,FOREX,yfinance,1d
2025-05-15,0.5818799734115601,0.5877310037612915,0.5814880132675171,0.581836998462677,0,JPYINR=X,FOREX,yfinance,1d
2025-05-16,0.5864350199699402,0.5899829864501953,0.5849480032920837,0.5863310098648071,0,JPYINR=X,FOREX,yfinance,1d
2025-05-19,0.5885069966316223,0.589847981929779,0.5878440141677856,0.5837630033493042,0,JPYINR=X,FOREX,yfinance,1d
2025-05-20,0.5882109999656677,0.5930659770965576,0.5865600109100342,0.5883769989013672,0,JPYINR=X,FOREX,yfinance,1d
2025-05-21,0.592195987701416,0.5957739949226379,0.5921300053596497,0.5920730233192444,0,JPYINR=X,FOREX,yfinance,1d
2025-05-22,0.5973060131072998,0.6010779738426208,0.5966690182685852,0.5956310033798218,0,JPYINR=X,FOREX,yfinance,1d
2025-05-23,0.5972399711608887,0.5992529988288879,0.5938699841499329,0.5973010063171387,0,JPYINR=X,FOREX,yfinance,1d
2025-05-26,0.589119017124176,0.5955420136451721,0.589119017124176,0.5908719897270203,0,JPYINR=X,FOREX,yfinance,1d
2025-05-27,0.5960050225257874,0.5985869765281677,0.5902060270309448,0.5959680080413818,0,JPYINR=X,FOREX,yfinance,1d
2025-05-28,0.5917350053787231,0.5934649705886841,0.5883010029792786,0.5913599729537964,0,JPYINR=X,FOREX,yfinance,1d
2025-05-29,0.5855479836463928,0.5923780202865601,0.5834959745407104,0.5857269763946533,0,JPYINR=X,FOREX,yfinance,1d
2025-05-30,0.5935530066490173,0.5959330201148987,0.5918740034103394,0.5934789776802063,0,JPYINR=X,FOREX,yfinance,1d
2025-06-02,0.5881119966506958,0.5985569953918457,0.5881119966506958,0.5873690247535706,0,JPYINR=X,FOREX,yfinance,1d
2025-06-03,0.5988370180130005,0.5989819765090942,0.5947800278663635,0.5986949801445007,0,JPYINR=X,FOREX,yfinance,1d
2025-06-04,0.5954149961471558,0.6004350185394287,0.5935029983520508,0.5953760147094727,0,JPYINR=X,FOREX,yfinance,1d
2025-06-05,0.6010890007019043,0.6017090082168579,0.5958030223846436,0.6011480093002319,0,JPYINR=X,FOREX,yfinance,1d
2025-06-06,0.5974109768867493,0.5975229740142822,0.5907189846038818,0.5974910259246826,0,JPYINR=X,FOREX,yfinance,1d
2025-06-09,0.5922330021858215,0.5945289731025696,0.5914710164070129,0.5894200205802917,0,JPYINR=X,FOREX,yfinance,1d
2025-06-10,0.5920090079307556,0.5926120281219482,0.5890210270881653,0.5921649932861328,0,JPYINR=X,FOREX,yfinance,1d
2025-06-11,0.5905539989471436,0.5912320017814636,0.5875440239906311,0.5904800295829773,0,JPYINR=X,FOREX,yfinance,1d
2025-06-12,0.5923169851303101,0.5967689752578735,0.5916749835014343,0.5922350287437439,0,JPYINR=X,FOREX,yfinance,1d
2025-06-13,0.5975019931793213,0.6016820073127747,0.5957130193710327,0.5971940159797668,0,JPYINR=X,FOREX,yfinance,1d
2025-06-16,0.5884739756584167,0.5973479747772217,0.5884739756584167,0.5886459946632385,0,JPYINR=X,FOREX,yfinance,1d
2025-06-17,0.5926790237426758,0.5965480208396912,0.5911740064620972,0.5927169919013977,0,JPYINR=X,FOREX,yfinance,1d
2025-06-18,0.5930590033531189,0.5974040031433105,0.5928549766540527,0.5932360291481018,0,JPYINR=X,FOREX,yfinance,1d
2025-06-19,0.5957509875297546,0.5974130034446716,0.5946329832077026,0.5957620143890381,0,JPYINR=X,FOREX,yfinance,1d
2025-06-20,0.5975030064582825,0.5978059768676758,0.5928159952163696,0.5974950194358826,0,JPYINR=X,FOREX,yfinance,1d
2025-06-23,0.5869320034980774,0.591168999671936,0.5858399868011475,0.5916079878807068,0,JPYINR=X,FOREX,yfinance,1d
2025-06-24,0.5928390026092529,0.5948699712753296,0.5911489725112915,0.592868983745575,0,JPYINR=X,FOREX,yfinance,1d
2025-06-25,0.5924630165100098,0.5937190055847168,0.5895869731903076,0.5924339890480042,0,JPYINR=X,FOREX,yfinance,1d
2025-06-26,0.5928869843482971,0.5954700112342834,0.5917369723320007,0.5930929780006409,0,JPYINR=X,FOREX,yfinance,1d
2025-06-27,0.5914720296859741,0.5931400060653687,0.5894709825515747,0.5913800001144409,0,JPYINR=X,FOREX,yfinance,1d
2025-06-30,0.5865479707717896,0.5945850014686584,0.5865479707717896,0.5793939828872681,0,JPYINR=X,FOREX,yfinance,1d
2025-07-01,0.5954639911651611,0.5990830063819885,0.5942969918251038,0.5955749750137329,0,JPYINR=X,FOREX,yfinance,1d
2025-07-02,0.5967199802398682,0.5967199802398682,0.5936509966850281,0.5966190099716187,0,JPYINR=X,FOREX,yfinance,1d
2025-07-03,0.5961509943008423,0.5963630080223083,0.5880939960479736,0.5960599780082703,0,JPYINR=X,FOREX,yfinance,1d
2025-07-04,0.5898600220680237,0.5918149948120117,0.589605987071991,0.5899530053138733,0,JPYINR=X,FOREX,yfinance,1d
2025-07-07,0.5852190256118774,0.5920979976654053,0.5838180184364319,0.5902420282363892,0,JPYINR=X,FOREX,yfinance,1d
2025-07-08,0.5875080227851868,0.5875080227851868,0.5830510258674622,0.5872840285301208,0,JPYINR=X,FOREX,yfinance,1d
2025-07-09,0.5834850072860718,0.585250973701477,0.5826539993286133,0.5835170149803162,0,JPYINR=X,FOREX,yfinance,1d
2025-07-10,0.5859619975090027,0.5874339938163757,0.5834460258483887,0.5858870148658752,0,JPYINR=X,FOREX,yfinance,1d
2025-07-11,0.585677981376648,0.585677981376648,0.5816500186920166,0.5856890082359314,0,JPYINR=X,FOREX,yfinance,1d
2025-07-14,0.582859992980957,0.5839380025863647,0.5818420052528381,0.5789530277252197,0,JPYINR=X,FOREX,yfinance,1d
2025-07-15,0.5816180109977722,0.5824660062789917,0.5765830278396606,0.5815479755401611,0,JPYINR=X,FOREX,yfinance,1d
2025-07-16,0.5775359869003296,0.5840680003166199,0.5754389762878418,0.5776090025901794,0,JPYINR=X,FOREX,yfinance,1d
2025-07-17,0.5798360109329224,0.5798360109329224,0.5769010186195374,0.5797849893569946,0,JPYINR=X,FOREX,yfinance,1d
2025-07-18,0.5781959891319275,0.5804250240325928,0.5781739950180054,0.5794069766998291,0,JPYINR=X,FOREX,yfinance,1d
2025-07-21,0.5753629803657532,0.5851969718933105,0.5753629803657532,0.5786330103874207,0,JPYINR=X,FOREX,yfinance,1d
2025-07-22,0.5842670202255249,0.5896610021591187,0.5796890258789062,0.5842180252075195,0,JPYINR=X,FOREX,yfinance,1d
2025-07-23,0.5877310037612915,0.5909129977226257,0.5860639810562134,0.5874459743499756,0,JPYINR=X,FOREX,yfinance,1d
2025-07-24,0.5898860096931458,0.5914790034294128,0.5875110030174255,0.5897409915924072,0,JPYINR=X,FOREX,yfinance,1d
2025-07-25,0.5873460173606873,0.5886719822883606,0.5842540264129639,0.5874069929122925,0,JPYINR=X,FOREX,yfinance,1d
2025-07-28,0.5844449996948242,0.585345983505249,0.582938015460968,0.5796989798545837,0,JPYINR=X,FOREX,yfinance,1d
2025-07-29,0.5833629965782166,0.5865809917449951,0.5826629996299744,0.5833410024642944,0,JPYINR=X,FOREX,yfinance,1d
2025-07-30,0.5864920020103455,0.5909810066223145,0.586329996585846,0.5862879753112793,0,JPYINR=X,FOREX,yfinance,1d
2025-07-31,0.5871869921684265,0.5893790125846863,0.5806940197944641,0.5871490240097046,0,JPYINR=X,FOREX,yfinance,1d
2025-08-01,0.5798190236091614,0.5903270244598389,0.5785710215568542,0.5800439715385437,0,JPYINR=X,FOREX,yfinance,1d
2025-08-04,0.5789250135421753,0.5958549976348877,0.5789250135421753,0.5874159932136536,0,JPYINR=X,FOREX,yfinance,1d
2025-08-05,0.5969520211219788,0.5974649786949158,0.5936520099639893,0.5968279838562012,0,JPYINR=X,FOREX,yfinance,1d
2025-08-06,0.5948280096054077,0.5954920053482056,0.5923770070075989,0.594730019569397,0,JPYINR=X,FOREX,yfinance,1d
2025-08-07,0.5955740213394165,0.5974810123443604,0.592074990272522,0.5955439805984497,0,JPYINR=X,FOREX,yfinance,1d
2025-08-08,0.5951970219612122,0.595320999622345,0.5912789702415466,0.5950220227241516,0,JPYINR=X,FOREX,yfinance,1d
2025-08-11,0.5866410136222839,0.5942530035972595,0.5866410136222839,0.5875300168991089,0,JPYINR=X,FOREX,yfinance,1d
2025-08-12,0.5912039875984192,0.5930389761924744,0.5897610187530518,0.5913529992103577,0,JPYINR=X,FOREX,yfinance,1d
2025-08-13,0.5922510027885437,0.5942370295524597,0.5906500220298767,0.5926880240440369,0,JPYINR=X,FOREX,yfinance,1d
2025-08-14,0.5941389799118042,0.5979250073432922,0.5926330089569092,0.5939589738845825,0,JPYINR=X,FOREX,yfinance,1d
2025-08-15,0.5932419896125793,0.5957520008087158,0.5932170152664185,0.5932660102844238,0,JPYINR=X,FOREX,yfinance,1d
2025-08-18,0.5868110060691833,0.5935720205307007,0.5868110060691833,0.5881850123405457,0,JPYINR=X,FOREX,yfinance,1d
2025-08-19,0.5897570252418518,0.591202974319458,0.5877699851989746,0.5896419882774353,0,JPYINR=X,FOREX,yfinance,1d
2025-08-20,0.589031994342804,0.5920050144195557,0.5887420177459717,0.5889719724655151,0,JPYINR=X,FOREX,yfinance,1d
2025-08-21,0.5904189944267273,0.5909039974212646,0.5878210067749023,0.5901179909706116,0,JPYINR=X,FOREX,yfinance,1d
2025-08-22,0.587797999382019,0.5948100090026855,0.5869479775428772,0.5878419876098633,0,JPYINR=X,FOREX,yfinance,1d
2025-08-25,0.5823990106582642,0.5944160223007202,0.5823990106582642,0.5802630186080933,0,JPYINR=X,FOREX,yfinance,1d
2025-08-26,0.592041015625,0.5954650044441223,0.592041015625,0.5920869708061218,0,JPYINR=X,FOREX,yfinance,1d
2025-08-27,0.5937219858169556,0.5941870212554932,0.5918880105018616,0.5938519835472107,0,JPYINR=X,FOREX,yfinance,1d
2025-08-28,0.5946059823036194,0.5961909890174866,0.593766987323761,0.5946429967880249,0,JPYINR=X,FOREX,yfinance,1d
2025-08-29,0.5961430072784424,0.6002979874610901,0.5950149893760681,0.5961049795150757,0,JPYINR=X,FOREX,yfinance,1d
2025-09-01,0.5913640260696411,0.6008970141410828,0.5913640260696411,0.5925580263137817,0,JPYINR=X,FOREX,yfinance,1d
2025-09-02,0.5977979898452759,0.5977979898452759,0.5915840268135071,0.5978720188140869,0,JPYINR=X,FOREX,yfinance,1d
2025-09-03,0.5918890237808228,0.5947620272636414,0.5907080173492432,0.5919340252876282,0,JPYINR=X,FOREX,yfinance,1d
2025-09-04,0.5947849750518799,0.5953680276870728,0.5922470092773438,0.5946620106697083,0,JPYINR=X,FOREX,yfinance,1d
2025-09-05,0.5937119722366333,0.5997459888458252,0.5936970114707947,0.5939379930496216,0,JPYINR=X,FOREX,yfinance,1d
2025-09-08,0.5939009785652161,0.5967230200767517,0.5939009785652161,0.5982739925384521,0,JPYINR=X,FOREX,yfinance,1d
2025-09-09,0.5965189933776855,0.601917028427124,0.5963559746742249,0.5966320037841797,0,JPYINR=X,FOREX,yfinance,1d
2025-09-10,0.5980520248413086,0.5983790159225464,0.5965350270271301,0.5979419946670532,0,JPYINR=X,FOREX,yfinance,1d
2025-09-11,0.597000002861023,0.6002990007400513,0.5965579748153687,0.5971540212631226,0,JPYINR=X,FOREX,yfinance,1d
2025-09-12,0.599012017250061,0.5994030237197876,0.5960220098495483,0.5990610122680664,0,JPYINR=X,FOREX,yfinance,1d
2025-09-15,0.592170000076294,0.5984209775924683,0.592170000076294,0.5915769934654236,0,JPYINR=X,FOREX,yfinance,1d
2025-09-16,0.5972949862480164,0.6002470254898071,0.5966529846191406,0.5973430275917053,0,JPYINR=X,FOREX,yfinance,1d
2025-09-17,0.5998110175132751,0.600508987903595,0.5981000065803528,0.5998010039329529,0,JPYINR=X,FOREX,yfinance,1d
2025-09-18,0.5967649817466736,0.5987399816513062,0.5949270129203796,0.596921980381012,0,JPYINR=X,FOREX,yfinance,1d
2025-09-19,0.5969190001487732,0.5969190001487732,0.5942620038986206,0.5958300232887268,0,JPYINR=X,FOREX,yfinance,1d
2025-09-22,0.5898569822311401,0.5970489978790283,0.5898569822311401,0.5913739800453186,0,JPYINR=X,FOREX,yfinance,1d
2025-09-23,0.5972719788551331,0.6012420058250427,0.594789981842041,0.597262978553772,0,JPYINR=X,FOREX,yfinance,1d
2025-09-24,0.6012939810752869,0.6015009880065918,0.5960270166397095,0.601161003112793,0,JPYINR=X,FOREX,yfinance,1d
2025-09-25,0.5961800217628479,0.5970839858055115,0.591746985912323,0.5963460206985474,0,JPYINR=X,FOREX,yfinance,1d
2025-09-26,0.5918530225753784,0.5929489731788635,0.5911700129508972,0.5918939709663391,0,JPYINR=X,FOREX,yfinance,1d
2025-09-29,0.5856069922447205,0.5973110198974609,0.5856069922447205,0.5846350193023682,0,JPYINR=X,FOREX,yfinance,1d
2025-09-30,0.5964099764823914,0.6011229753494263,0.5956029891967773,0.59648597240448,0,JPYINR=X,FOREX,yfinance,1d
2025-10-01,0.5996900200843811,0.6044740080833435,0.598721981048584,0.5997769832611084,0,JPYINR=X,FOREX,yfinance,1d
2025-10-02,0.6022980213165283,0.6047790050506592,0.6013169884681702,0.6025109887123108,0,JPYINR=X,FOREX,yfinance,1d
2025-10-03,0.602292001247406,0.6031010150909424,0.5996659994125366,0.6024370193481445,0,JPYINR=X,FOREX,yfinance,1d
2025-10-06,0.588716983795166,0.5920799970626831,0.588716983795166,0.5965110063552856,0,JPYINR=X,FOREX,yfinance,1d
2025-10-07,0.5894209742546082,0.5900430083274841,0.5864729881286621,0.5897570252418518,0,JPYINR=X,FOREX,yfinance,1d
2025-10-08,0.5829529762268066,0.582958996295929,0.5798529982566833,0.5831159949302673,0,JPYINR=X,FOREX,yfinance,1d
2025-10-09,0.5809019804000854,0.5824739933013916,0.5757030248641968,0.5809850096702576,0,JPYINR=X,FOREX,yfinance,1d
2025-10-10,0.5802209973335266,0.5851680040359497,0.578586995601654,0.5804370045661926,0,JPYINR=X,FOREX,yfinance,1d
2025-10-13,0.5759810209274292,0.5845860242843628,0.5759810209274292,0.5822389721870422,0,JPYINR=X,FOREX,yfinance,1d
2025-10-14,0.5810009837150574,0.585099995136261,0.5805529952049255,0.5813429951667786,0,JPYINR=X,FOREX,yfinance,1d
2025-10-15,0.5849660038948059,0.5872139930725098,0.5801699757575989,0.5845620036125183,0,JPYINR=X,FOREX,yfinance,1d
2025-10-16,0.5807939767837524,0.582984983921051,0.5796329975128174,0.581155002117157,0,JPYINR=X,FOREX,yfinance,1d
2025-10-17,0.5855330228805542,0.5880740284919739,0.5839909911155701,0.585640013217926,0,JPYINR=X,FOREX,yfinance,1d
2025-10-20,0.5787270069122314,0.5845490097999573,0.5787270069122314,0.579334020614624,0,JPYINR=X,FOREX,yfinance,1d
2025-10-21,0.5822060108184814,0.5834410190582275,0.5777490139007568,0.5824639797210693,0,JPYINR=X,FOREX,yfinance,1d
2025-10-22,0.578948974609375,0.5804089903831482,0.5765100121498108,0.5788959860801697,0,JPYINR=X,FOREX,yfinance,1d
2025-10-23,0.5768460035324097,0.5769190192222595,0.5743299722671509,0.5768539905548096,0,JPYINR=X,FOREX,yfinance,1d
2025-10-24,0.5749319791793823,0.5756009817123413,0.5726770162582397,0.5746549963951111,0,JPYINR=X,FOREX,yfinance,1d
2025-10-27,0.5756040215492249,0.5777410268783569,0.5752159953117371,0.5721089839935303,0,JPYINR=X,FOREX,yfinance,1d
2025-10-28,0.5774539709091187,0.581371009349823,0.577269971370697,0.5773500204086304,0,JPYINR=X,FOREX,yfinance,1d
2025-10-29,0.5814170241355896,0.5817070007324219,0.577750027179718,0.580793023109436,0,JPYINR=X,FOREX,yfinance,1d
2025-10-30,0.5782470107078552,0.5799070000648499,0.5737599730491638,0.5783190131187439,0,JPYINR=X,FOREX,yfinance,1d
2025-10-31,0.5754259824752808,0.576304018497467,0.5743520259857178,0.5754420161247253,0,JPYINR=X,FOREX,yfinance,1d
2025-11-03,0.5761809945106506,0.5761809945106506,0.5748040080070496,0.5724629759788513,0,JPYINR=X,FOREX,yfinance,1d
2025-11-04,0.5748149752616882,0.5781520009040833,0.5726990103721619,0.5749099850654602,0,JPYINR=X,FOREX,yfinance,1d
2025-11-05,0.5770679712295532,0.5795519948005676,0.5737370252609253,0.5774629712104797,0,JPYINR=X,FOREX,yfinance,1d
2025-11-06,0.5742959976196289,0.5790339708328247,0.5740799903869629,0.5743420124053955,0,JPYINR=X,FOREX,yfinance,1d
2025-11-07,0.5792739987373352,0.5795050263404846,0.5769429802894592,0.5793740153312683,0,JPYINR=X,FOREX,yfinance,1d
2025-11-10,0.5753039717674255,0.5759879946708679,0.5745689868927002,0.5729519724845886,0,JPYINR=X,FOREX,yfinance,1d
2025-11-11,0.5749170184135437,0.5751450061798096,0.5731499791145325,0.57499098777771,0,JPYINR=X,FOREX,yfinance,1d
2025-11-12,0.5737689733505249,0.5740860104560852,0.5711510181427002,0.5736100077629089,0,JPYINR=X,FOREX,yfinance,1d
2025-11-13,0.5720239877700806,0.5752620100975037,0.5713520050048828,0.5720700025558472,0,JPYINR=X,FOREX,yfinance,1d
2025-11-14,0.5739319920539856,0.5770289897918701,0.5707709789276123,0.5739219784736633,0,JPYINR=X,FOREX,yfinance,1d
2025-11-17,0.5687059760093689,0.5729359984397888,0.5687059760093689,0.5708670020103455,0,JPYINR=X,FOREX,yfinance,1d
2025-11-18,0.5703489780426025,0.5721169710159302,0.5689799785614014,0.5704569816589355,0,JPYINR=X,FOREX,yfinance,1d
2025-11-19,0.5690360069274902,0.5699779987335205,0.564225971698761,0.5688920021057129,0,JPYINR=X,FOREX,yfinance,1d
2025-11-20,0.5631440281867981,0.5640779733657837,0.5611019730567932,0.5631300210952759,0,JPYINR=X,FOREX,yfinance,1d
2025-11-21,0.5627740025520325,0.5738199949264526,0.5625489950180054,0.5634289979934692,0,JPYINR=X,FOREX,yfinance,1d
2025-11-24,0.5716090202331543,0.5716090202331543,0.566673994064331,0.5653949975967407,0,JPYINR=X,FOREX,yfinance,1d
2025-11-25,0.567704975605011,0.5714349746704102,0.5674319863319397,0.5675730109214783,0,JPYINR=X,FOREX,yfinance,1d
2025-11-26,0.570389986038208,0.5726320147514343,0.5687490105628967,0.5703060030937195,0,JPYINR=X,FOREX,yfinance,1d
2025-11-27,0.5706509947776794,0.5723639726638794,0.5704889893531799,0.570156991481781,0,JPYINR=X,FOREX,yfinance,1d
2025-11-28,0.5715659856796265,0.5728520154953003,0.5704360008239746,0.5713449716567993,0,JPYINR=X,FOREX,yfinance,1d
2025-12-01,0.5709050297737122,0.5784119963645935,0.5709050297737122,0.5654460191726685,0,JPYINR=X,FOREX,yfinance,1d
2025-12-02,0.5758839845657349,0.5771729946136475,0.5748689770698547,0.5756660103797913,0,JPYINR=X,FOREX,yfinance,1d
2025-12-03,0.5768499970436096,0.5812669992446899,0.5748729705810547,0.5765399932861328,0,JPYINR=X,FOREX,yfinance,1d
2025-12-04,0.5808359980583191,0.5814899802207947,0.577235996723175,0.5809509754180908,0,JPYINR=X,FOREX,yfinance,1d
2025-12-05,0.5785920023918152,0.5826299786567688,0.5779169797897339,0.578620970249176,0,JPYINR=X,FOREX,yfinance,1d
2025-12-08,0.5788400173187256,0.5805739760398865,0.5773800015449524,0.5736439824104309,0,JPYINR=X,FOREX,yfinance,1d
2025-12-09,0.5779309868812561,0.578354001045227,0.5721909999847412,0.5777729749679565,0,JPYINR=X,FOREX,yfinance,1d
2025-12-10,0.5729020237922668,0.5745909810066223,0.5725190043449402,0.5729269981384277,0,JPYINR=X,FOREX,yfinance,1d
2025-12-11,0.5760380029678345,0.5817540287971497,0.5756109952926636,0.5759590268135071,0,JPYINR=X,FOREX,yfinance,1d
2025-12-12,0.5799130201339722,0.5814300179481506,0.578607976436615,0.5796849727630615,0,JPYINR=X,FOREX,yfinance,1d
2025-12-15,0.5749620199203491,0.5854139924049377,0.5749620199203491,0.5773239731788635,0,JPYINR=X,FOREX,yfinance,1d
2025-12-16,0.5851650238037109,0.5883039832115173,0.5849630236625671,0.5851579904556274,0,JPYINR=X,FOREX,yfinance,1d
2025-12-17,0.5871930122375488,0.587975025177002,0.5801569819450378,0.5871599912643433,0,JPYINR=X,FOREX,yfinance,1d
2025-12-18,0.5811160206794739,0.5811989903450012,0.5771729946136475,0.5809609889984131,0,JPYINR=X,FOREX,yfinance,1d
2025-12-19,0.5786849856376648,0.5786849856376648,0.5671769976615906,0.5813919901847839,0,JPYINR=X,FOREX,yfinance,1d
2025-12-22,0.5700790286064148,0.5706890225410461,0.5636690258979797,0.5627390146255493,0,JPYINR=X,FOREX,yfinance,1d
2025-12-23,0.5707250237464905,0.5761920213699341,0.5707250237464905,0.5708410143852234,0,JPYINR=X,FOREX,yfinance,1d
2025-12-24,0.5727109909057617,0.5764920115470886,0.5720300078392029,0.5722579956054688,0,JPYINR=X,FOREX,yfinance,1d
2025-12-26,0.5738369822502136,0.5743860006332397,0.5738369822502136,0.575622022151947,0,JPYINR=X,FOREX,yfinance,1d
2025-12-29,0.5736629962921143,0.5760650038719177,0.5736629962921143,0.5762289762496948,0,JPYINR=X,FOREX,yfinance,1d
2025-12-30,0.5755900144577026,0.576104998588562,0.5733050107955933,0.5756970047950745,0,JPYINR=X,FOREX,yfinance,1d
2025-12-31,0.5735530257225037,0.574051022529602,0.5719479918479919,0.573419988155365,0,JPYINR=X,FOREX,yfinance,1d
2026-01-02,0.5725859999656677,0.5750319957733154,0.5725859999656677,0.5729680061340332,0,JPYINR=X,FOREX,yfinance,1d
2026-01-05,0.5695409774780273,0.5767830014228821,0.5695409774780273,0.5757269859313965,0,JPYINR=X,FOREX,yfinance,1d
2026-01-06,0.5757790207862854,0.5770090222358704,0.571042001247406,0.575639009475708,0,JPYINR=X,FOREX,yfinance,1d
2026-01-07,0.5750790238380432,0.5759900212287903,0.5724930167198181,0.5750330090522766,0,JPYINR=X,FOREX,yfinance,1d
2026-01-08,0.5726940035820007,0.5751709938049316,0.5719259977340698,0.5729050040245056,0,JPYINR=X,FOREX,yfinance,1d
2026-01-09,0.5725820064544678,0.5725820064544678,0.5699700117111206,0.5725690126419067,0,JPYINR=X,FOREX,yfinance,1d
2026-01-12,0.5650209784507751,0.5714460015296936,0.5650209784507751,0.5684289932250977,0,JPYINR=X,FOREX,yfinance,1d
2026-01-13,0.5698990225791931,0.5701190233230591,0.5669699907302856,0.5700269937515259,0,JPYINR=X,FOREX,yfinance,1d
2026-01-14,0.5670760273933411,0.5706200003623962,0.5638319849967957,0.566735029220581,0,JPYINR=X,FOREX,yfinance,1d
2026-01-15,0.5687879920005798,0.57014000415802,0.5642840266227722,0.5688509941101074,0,JPYINR=X,FOREX,yfinance,1d
2026-01-16,0.5693989992141724,0.5744950175285339,0.5689970254898071,0.569242000579834,0,JPYINR=X,FOREX,yfinance,1d
2026-01-19,0.5697190165519714,0.5761290192604065,0.5694550275802612,0.5672630071640015,0,JPYINR=X,FOREX,yfinance,1d
2026-01-20,0.5742440223693848,0.5769450068473816,0.5735030174255371,0.5741429924964905,0,JPYINR=X,FOREX,yfinance,1d
2026-01-21,0.5755820274353027,0.5806729793548584,0.5749490261077881,0.5756539702415466,0,JPYINR=X,FOREX,yfinance,1d
2026-01-22,0.5772939920425415,0.5785930156707764,0.5757579803466797,0.5772759914398193,0,JPYINR=X,FOREX,yfinance,1d
2026-01-23,0.577256977558136,0.5832440257072449,0.5751429796218872,0.5772340297698975,0,JPYINR=X,FOREX,yfinance,1d
2026-01-26,0.5828819870948792,0.5969319939613342,0.5828819870948792,0.5795549750328064,0,JPYINR=X,FOREX,yfinance,1d
2026-01-27,0.5935840010643005,0.5983129739761353,0.5915480256080627,0.5937110185623169,0,JPYINR=X,FOREX,yfinance,1d
2026-01-28,0.5997260212898254,0.6025090217590332,0.5973330140113831,0.5999299883842468,0,JPYINR=X,FOREX,yfinance,1d
2026-01-29,0.6007869839668274,0.6022440195083618,0.5984939932823181,0.6007729768753052,0,JPYINR=X,FOREX,yfinance,1d
2026-01-30,0.5988879799842834,0.5996379852294922,0.5936130285263062,0.5987870097160339,0,JPYINR=X,FOREX,yfinance,1d
2026-02-02,0.5907790064811707,0.5921570062637329,0.5861240029335022,0.595097005367279,0,JPYINR=X,FOREX,yfinance,1d
2026-02-03,0.5867710113525391,0.5868110060691833,0.5778589844703674,0.5868949890136719,0,JPYINR=X,FOREX,yfinance,1d
2026-02-04,0.5799009799957275,0.5799009799957275,0.5762969851493835,0.5799540281295776,0,JPYINR=X,FOREX,yfinance,1d
2026-02-05,0.5756400227546692,0.5769339799880981,0.5727720260620117,0.5756059885025024,0,JPYINR=X,FOREX,yfinance,1d
2026-02-06,0.5759990215301514,0.5789030194282532,0.5750769972801208,0.5757020115852356,0,JPYINR=X,FOREX,yfinance,1d
2026-02-09,0.5700809955596924,0.5823609828948975,0.5700809955596924,0.574679970741272,0,JPYINR=X,FOREX,yfinance,1d
2026-02-10,0.5810649991035461,0.5873270034790039,0.5777559876441956,0.581043004989624,0,JPYINR=X,FOREX,yfinance,1d
2026-02-11,0.5858439803123474,0.5926640033721924,0.5858439803123474,0.5859479904174805,0,JPYINR=X,FOREX,yfinance,1d
2026-02-12,0.5916100144386292,0.5947780013084412,0.5888720154762268,0.5915120244026184,0,JPYINR=X,FOREX,yfinance,1d
2026-02-13,0.5905299782752991,0.5926030278205872,0.5895339846611023,0.5925449728965759,0,JPYINR=X,FOREX,yfinance,1d
2026-02-16,0.586126983165741,0.592170000076294,0.586126983165741,0.587801992893219,0,JPYINR=X,FOREX,yfinance,1d
2026-02-17,0.590736985206604,0.5935869812965393,0.5889400243759155,0.5903970003128052,0,JPYINR=X,FOREX,yfinance,1d
2026-02-18,0.5914530158042908,0.5915700197219849,0.5868750214576721,0.5910450220108032,0,JPYINR=X,FOREX,yfinance,1d
2026-02-19,0.5864779949188232,0.5893039703369141,0.5849599838256836,0.5864539742469788,0,JPYINR=X,FOREX,yfinance,1d
2026-02-20,0.5863440036773682,0.5872600078582764,0.5841400027275085,0.5862219929695129,0,JPYINR=X,FOREX,yfinance,1d
2026-02-23,0.5858690142631531,0.5891990065574646,0.5858690142631531,0.5800189971923828,0,JPYINR=X,FOREX,yfinance,1d
2026-02-24,0.5879979729652405,0.5881649851799011,0.5815790295600891,0.5881069898605347,0,JPYINR=X,FOREX,yfinance,1d
2026-02-25,0.5826979875564575,0.5847640037536621,0.579338014125824,0.5829290151596069,0,JPYINR=X,FOREX,yfinance,1d
2026-02-26,0.5819950103759766,0.583325982093811,0.5813869833946228,0.5818229913711548,0,JPYINR=X,FOREX,yfinance,1d
2026-02-27,0.5835509896278381,0.5843930244445801,0.5818020105361938,0.5836520195007324,0,JPYINR=X,FOREX,yfinance,1d
2026-03-02,0.5774760246276855,0.5831130146980286,0.5774760246276855,0.5803679823875427,0,JPYINR=X,FOREX,yfinance,1d
2026-03-03,0.5817469954490662,0.5847499966621399,0.5810840129852295,0.5817919969558716,0,JPYINR=X,FOREX,yfinance,1d
2026-03-04,0.5827789902687073,0.5869629979133606,0.5805739760398865,0.5828210115432739,0,JPYINR=X,FOREX,yfinance,1d
2026-03-05,0.5863890051841736,0.5881909728050232,0.5809149742126465,0.5863940119743347,0,JPYINR=X,FOREX,yfinance,1d
2026-03-06,0.5825300216674805,0.5830469727516174,0.5801540017127991,0.5823130011558533,0,JPYINR=X,FOREX,yfinance,1d
2026-03-09,0.5865370035171509,0.5865370035171509,0.5812090039253235,0.5736960172653198,0,JPYINR=X,FOREX,yfinance,1d
2026-03-10,0.5832650065422058,0.584496021270752,0.5812289714813232,0.5833680033683777,0,JPYINR=X,FOREX,yfinance,1d
2026-03-11,0.5813969969749451,0.5819240212440491,0.5795429944992065,0.5811830163002014,0,JPYINR=X,FOREX,yfinance,1d
2026-03-12,0.5792490243911743,0.5808550119400024,0.5750619769096375,0.5792739987373352,0,JPYINR=X,FOREX,yfinance,1d
2026-03-13,0.5797960162162781,0.5805130004882812,0.578141987323761,0.5799040198326111,0,JPYINR=X,FOREX,yfinance,1d
2026-03-16,0.5746809840202332,0.5799279808998108,0.5745109915733337,0.5827699899673462,0,JPYINR=X,FOREX,yfinance,1d
2026-03-17,0.5790809988975525,0.5813919901847839,0.578432023525238,0.5792919993400574,0,JPYINR=X,FOREX,yfinance,1d
2026-03-18,0.5809280276298523,0.5828620195388794,0.580161988735199,0.5809280276298523,0,JPYINR=X,FOREX,yfinance,1d
2026-03-19,0.582243025302887,0.5892289876937866,0.5816810131072998,0.5823450088500977,0,JPYINR=X,FOREX,yfinance,1d
2026-03-20,0.5878919959068298,0.5900939702987671,0.5859670042991638,0.5878829956054688,0,JPYINR=X,FOREX,yfinance,1d
2026-03-23,0.5835350155830383,0.5925279855728149,0.5835350155830383,0.5852349996566772,0,JPYINR=X,FOREX,yfinance,1d
2026-03-24,0.5876799821853638,0.5916339755058289,0.5869110226631165,0.5876320004463196,0,JPYINR=X,FOREX,yfinance,1d
2026-03-25,0.592104971408844,0.5925700068473816,0.5867779850959778,0.5921130180358887,0,JPYINR=X,FOREX,yfinance,1d
2026-03-26,0.5887029767036438,0.5900959968566895,0.5846620202064514,0.5887659788131714,0,JPYINR=X,FOREX,yfinance,1d
2026-03-27,0.5899689793586731,0.5935019850730896,0.5892390012741089,0.5900070071220398,0,JPYINR=X,FOREX,yfinance,1d
2026-03-30,0.5873169898986816,0.5960890054702759,0.5873169898986816,0.5902429819107056,0,JPYINR=X,FOREX,yfinance,1d
2026-03-31,0.5902389883995056,0.5905200242996216,0.5871610045433044,0.5899900197982788,0,JPYINR=X,FOREX,yfinance,1d
2026-04-01,0.5891789793968201,0.5908259749412537,0.5866649746894836,0.5892360210418701,0,JPYINR=X,FOREX,yfinance,1d
2026-04-02,0.5870040059089661,0.5875239968299866,0.5808429718017578,0.5870689749717712,0,JPYINR=X,FOREX,yfinance,1d
2026-04-03,0.5822280049324036,0.5822280049324036,0.5822280049324036,0.5822629928588867,0,JPYINR=X,FOREX,yfinance,1d
2026-04-06,0.5834019780158997,0.5834019780158997,0.5823450088500977,0.5830050110816956,0,JPYINR=X,FOREX,yfinance,1d
2026-04-07,0.5805119872093201,0.5822790265083313,0.5800700187683105,0.5814530253410339,0,JPYINR=X,FOREX,yfinance,1d
2026-04-08,0.5848270058631897,0.5854210257530212,0.5818089842796326,0.5845789909362793,0,JPYINR=X,FOREX,yfinance,1d
2026-04-09,0.5811439752578735,0.5840020179748535,0.5799829959869385,0.5810379981994629,0,JPYINR=X,FOREX,yfinance,1d
2026-04-10,0.5807880163192749,0.5842289924621582,0.580253005027771,0.5806859731674194,0,JPYINR=X,FOREX,yfinance,1d
2026-04-13,0.5837720036506653,0.5850899815559387,0.5834400057792664,0.5703099966049194,0,JPYINR=X,FOREX,yfinance,1d
2026-04-14,0.5849679708480835,0.5866619944572449,0.5843809843063354,0.5851470232009888,0,JPYINR=X,FOREX,yfinance,1d
2026-04-15,0.5862870216369629,0.5880420207977295,0.5852689743041992,0.5862500071525574,0,JPYINR=X,FOREX,yfinance,1d
2026-04-16,0.5876690149307251,0.5891109704971313,0.583827018737793,0.5875779986381531,0,JPYINR=X,FOREX,yfinance,1d
2026-04-17,0.5845379829406738,0.5862240195274353,0.5805870294570923,0.5845590233802795,0,JPYINR=X,FOREX,yfinance,1d
2026-04-20,0.5739189982414246,0.5868809819221497,0.5739189982414246,0.5861179828643799,0,JPYINR=X,FOREX,yfinance,1d
2026-04-21,0.5858209729194641,0.5882139801979065,0.5852659940719604,0.5857669711112976,0,JPYINR=X,FOREX,yfinance,1d
2026-04-22,0.5862699747085571,0.5892300009727478,0.5861549973487854,0.5861309766769409,0,JPYINR=X,FOREX,yfinance,1d
2026-04-23,0.5876309871673584,0.5901910066604614,0.5870800018310547,0.5877010226249695,0,JPYINR=X,FOREX,yfinance,1d
2026-04-24,0.5886139869689941,0.5911380052566528,0.5884649753570557,0.5886510014533997,0,JPYINR=X,FOREX,yfinance,1d
2026-04-27,0.5911089777946472,0.5916619896888733,0.5903499722480774,0.5808640122413635,0,JPYINR=X,FOREX,yfinance,1d
2026-04-28,0.5907570123672485,0.5939459800720215,0.5897359848022461,0.590732991695404,0,JPYINR=X,FOREX,yfinance,1d
2026-04-29,0.5922520160675049,0.5937659740447998,0.5914080142974854,0.5923200249671936,0,JPYINR=X,FOREX,yfinance,1d
2026-04-30,0.5918279886245728,0.6095690131187439,0.5908629894256592,0.5917239785194397,0,JPYINR=X,FOREX,yfinance,1d
2026-05-01,0.6055520176887512,0.6055520176887512,0.6055520176887512,0.6056560277938843,0,JPYINR=X,FOREX,yfinance,1d
2026-05-04,0.6045470237731934,0.6056810021400452,0.6041489839553833,0.6054419875144958,0,JPYINR=X,FOREX,yfinance,1d
2026-05-05,0.6043789982795715,0.606548011302948,0.6030700206756592,0.6044780015945435,0,JPYINR=X,FOREX,yfinance,1d
2026-05-06,0.603173017501831,0.6126689910888672,0.6013649702072144,0.6031820178031921,0,JPYINR=X,FOREX,yfinance,1d
2026-05-07,0.6041619777679443,0.6065229773521423,0.6015530228614807,0.6042309999465942,0,JPYINR=X,FOREX,yfinance,1d
2026-05-08,0.6004909873008728,0.6035130023956299,0.6000499725341797,0.6005600094795227,0,JPYINR=X,FOREX,yfinance,1d
2026-05-11,0.6053860187530518,0.6066880226135254,0.6051210165023804,0.6026080250740051,0,JPYINR=X,FOREX,yfinance,1d
2026-05-12,0.605571985244751,0.6077010035514832,0.6042789816856384,0.6057270169258118,0,JPYINR=X,FOREX,yfinance,1d
2026-05-13,0.6061229705810547,0.6065670251846313,0.6054689884185791,0.6061069965362549,0,JPYINR=X,FOREX,yfinance,1d
2026-05-14,0.6058539748191833,0.6074150204658508,0.6049540042877197,0.6058689951896667,0,JPYINR=X,FOREX,yfinance,1d
2026-05-15,0.6041579842567444,0.6059550046920776,0.6035209894180298,0.6043779850006104,0,JPYINR=X,FOREX,yfinance,1d
2026-05-18,0.6051679849624634,0.6068860292434692,0.6051610112190247,0.6033480167388916,0,JPYINR=X,FOREX,yfinance,1d
2026-05-19,0.6059830188751221,0.6073229908943176,0.6052179932594299,0.6061310172080994,0,JPYINR=X,FOREX,yfinance,1d
2026-05-20,0.6064990162849426,0.609965980052948,0.606357991695404,0.6066229939460754,0,JPYINR=X,FOREX,yfinance,1d
2026-05-21,0.6089199781417847,0.6092550158500671,0.603413999080658,0.6089820265769958,0,JPYINR=X,FOREX,yfinance,1d
2026-05-22,0.6044579744338989,0.6051089763641357,0.6005730032920837,0.604541003704071,0,JPYINR=X,FOREX,yfinance,1d
2026-05-25,0.5995460152626038,0.5996009707450867,0.5982710123062134,0.6029279828071594,0,JPYINR=X,FOREX,yfinance,1d
2026-05-26,0.5987269878387451,0.6009169816970825,0.5985029935836792,0.5987169742584229,0,JPYINR=X,FOREX,yfinance,1d
2026-05-27,0.6005430221557617,0.6012290120124817,0.5994189977645874,0.6004940271377563,0,JPYINR=X,FOREX,yfinance,1d
2026-05-28,0.5992799997329712,0.6007369756698608,0.5990129709243774,0.5993469953536987,0,JPYINR=X,FOREX,yfinance,1d
2026-05-29,0.6004329919815063,0.6004610061645508,0.595757007598877,0.6004610061645508,0,JPYINR=X,FOREX,yfinance,1d
2026-06-01,0.5944929718971252,0.5956569910049438,0.5941439867019653,0.5968959927558899,0,JPYINR=X,FOREX,yfinance,1d
2026-06-02,0.5945540070533752,0.5961679816246033,0.594294011592865,0.5946320295333862,0,JPYINR=X,FOREX,yfinance,1d
2026-06-03,0.5951060056686401,0.6003980040550232,0.595088005065918,0.5951160192489624,0,JPYINR=X,FOREX,yfinance,1d
2026-06-04,0.5979719758033752,0.5991569757461548,0.5974439978599548,0.5979599952697754,0,JPYINR=X,FOREX,yfinance,1d
2026-06-05,0.598330020904541,0.5987820029258728,0.5918939709663391,0.5983200073242188,0,JPYINR=X,FOREX,yfinance,1d
2026-06-08,0.5939189791679382,0.5981079936027527,0.5939189791679382,0.6010249853134155,0,JPYINR=X,FOREX,yfinance,1d
2026-06-09,0.5970770120620728,0.5972650051116943,0.5941179990768433,0.5970550179481506,0,JPYINR=X,FOREX,yfinance,1d
2026-06-10,0.5941179990768433,0.5954869985580444,0.5926049947738647,0.5941190123558044,0,JPYINR=X,FOREX,yfinance,1d
2026-06-11,0.59306401014328,0.5965530276298523,0.592985987663269,0.5930060148239136,0,JPYINR=X,FOREX,yfinance,1d
2026-06-12,0.5975090265274048,0.5975090265274048,0.592864990234375,0.5975819826126099,0,JPYINR=X,FOREX,yfinance,1d
2026-06-15,0.5920400023460388,0.5920400023460388,0.5898979902267456,0.5976709723472595,0,JPYINR=X,FOREX,yfinance,1d
2026-06-16,0.5905380249023438,0.5913230180740356,0.588985025882721,0.5906749963760376,0,JPYINR=X,FOREX,yfinance,1d
2026-06-17,0.5891500115394592,0.5901219844818115,0.5877090096473694,0.589024007320404,0,JPYINR=X,FOREX,yfinance,1d
2026-06-18,0.5882610082626343,0.5893459916114807,0.584227979183197,0.5881440043449402,0,JPYINR=X,FOREX,yfinance,1d
2026-06-19,0.5845770239830017,0.5854849815368652,0.5836830139160156,0.5843080282211304,0,JPYINR=X,FOREX,yfinance,1d
2026-06-22,0.5835700035095215,0.5872759819030762,0.5833780169487,0.5662329792976379,0,JPYINR=X,FOREX,yfinance,1d
2026-06-23,0.585614025592804,0.5873780250549316,0.5851690173149109,0.5855759978294373,0,JPYINR=X,FOREX,yfinance,1d
2026-06-24,0.5858700275421143,0.5870100259780884,0.5845500230789185,0.5858169794082642,0,JPYINR=X,FOREX,yfinance,1d
2026-06-25,0.5847489833831787,0.5854259729385376,0.5817899703979492,0.584725022315979,0,JPYINR=X,FOREX,yfinance,1d
2026-06-26,0.5830060243606567,0.583948016166687,0.5828269720077515,0.5829629898071289,0,JPYINR=X,FOREX,yfinance,1d
2026-06-29,0.583495020866394,0.5838299989700317,0.5821319818496704,0.5631830096244812,0,JPYINR=X,FOREX,yfinance,1d
2026-06-30,0.5834180116653442,0.5834180116653442,0.5816069841384888,0.5834289789199829,0,JPYINR=X,FOREX,yfinance,1d
2026-07-01,0.5815520286560059,0.5863620042800903,0.5810319781303406,0.5816640257835388,0,JPYINR=X,FOREX,yfinance,1d
2026-07-02,0.585502028465271,0.5932940244674683,0.5836679935455322,0.5855510234832764,0,JPYINR=X,FOREX,yfinance,1d
2026-07-03,0.5906019806861877,0.5928329825401306,0.5897229909896851,0.590520977973938,0,JPYINR=X,FOREX,yfinance,1d
2026-07-06,0.5725380182266235,0.5888090133666992,0.5725380182266235,0.5916039943695068,0,JPYINR=X,FOREX,yfinance,1d
2026-07-07,0.5880550146102905,0.5892590284347534,0.5857369899749756,0.5880900025367737,0,JPYINR=X,FOREX,yfinance,1d
2026-07-08,0.5844429731369019,0.5881310105323792,0.5841540098190308,0.5845720171928406,0,JPYINR=X,FOREX,yfinance,1d
2026-07-09,0.5875319838523865,0.5881069898605347,0.5865520238876343,0.5874860286712646,0,JPYINR=X,FOREX,yfinance,1d
2026-07-10,0.5871829986572266,0.5909439921379089,0.5868769884109497,0.5870320200920105,0,JPYINR=X,FOREX,yfinance,1d
2026-07-13,0.5719289779663086,0.5910739898681641,0.5719289779663086,0.5863900184631348,0,JPYINR=X,FOREX,yfinance,1d
2026-07-14,0.5882989764213562,0.5944960117340088,0.5881289839744568,0.5882710218429565,0,JPYINR=X,FOREX,yfinance,1d
2026-07-15,0.5927489995956421,0.5935090184211731,0.5919870138168335,0.5927180051803589,0,JPYINR=X,FOREX,yfinance,1d
2026-07-16,0.5934500098228455,0.5937179923057556,0.5925099849700928,0.5935099720954895,0,JPYINR=X,FOREX,yfinance,1d
2026-07-17,0.5929459929466248,0.5938550233840942,0.5922080278396606,0.5929989814758301,0,JPYINR=X,FOREX,yfinance,1d
2026-07-20,0.5748239755630493,0.5940269827842712,0.5748239755630493,0.5914919972419739,0,JPYINR=X,FOREX,yfinance,1d
2026-07-21,0.5931500196456909,0.5932959914207458,0.5898749828338623,0.5931339859962463,0,JPYINR=X,FOREX,yfinance,1d
2026-07-22,0.5893059968948364,0.5920950174331665,0.5850790143013,0.5892469882965088,0,JPYINR=X,FOREX,yfinance,1d
2026-07-23,0.5916910171508789,0.5922229886054993,0.5885339975357056,0.5916489958763123,0,JPYINR=X,FOREX,yfinance,1d
2026-07-24,0.5890309810638428,0.5896379947662354,0.588092029094696,0.589015007019043,0,JPYINR=X,FOREX,yfinance,1d
2026-07-27,0.5712810158729553,0.5880200266838074,0.5712810158729553,0.5732190012931824,0,JPYINR=X,FOREX,yfinance,1d
2026-07-28,0.5851709842681885,0.585532009601593,0.5836039781570435,0.5851960182189941,0,JPYINR=X,FOREX,yfinance,1d
2026-07-29,0.5844990015029907,0.5858110189437866,0.583200991153717,0.5845569968223572,0,JPYINR=X,FOREX,yfinance,1d
2026-07-30,0.5854510068893433,0.605105996131897,0.5839589834213257,0.5852760076522827,0,JPYINR=X,FOREX,yfinance,1d
2026-07-31,0.5967540144920349,0.6008350253105164,0.5925930142402649,0.5968559980392456,0,JPYINR=X,FOREX,yfinance,1d
2026-08-03,0.5877749919891357,0.6093800067901611,0.5877749919891357,0.5829259753227234,0,JPYINR=X,FOREX,yfinance,1d
2026-08-04,0.6049050092697144,0.6061450242996216,0.6033719778060913,0.6045129895210266,0,JPYINR=X,FOREX,yfinance,1d
2026-08-05,0.6042690277099609,0.6057940125465393,0.6023070216178894,0.6042289733886719,0,JPYINR=X,FOREX,yfinance,1d
2026-08-06,0.6029580235481262,0.6031879782676697,0.6001420021057129,0.602994978427887,0,JPYINR=X,FOREX,yfinance,1d
2026-08-07,0.6000970005989075,0.606777012348175,0.5997530221939087,0.6002650260925293,0,JPYINR=X,FOREX,yfinance,1d
2026-08-10,0.5996590256690979,0.6011919975280762,0.5987650156021118,0.6008009910583496,0,JPYINR=X,FOREX,yfinance,1d
2026-08-11,0.5984870195388794,0.5994899868965149,0.5978569984436035,0.5984159708023071,0,JPYINR=X,FOREX,yfinance,1d
2026-08-12,0.5987690091133118,0.6002389788627625,0.5978559851646423,0.5987399816513062,0,JPYINR=X,FOREX,yfinance,1d
2026-08-13,0.5979610085487366,0.5996739864349365,0.5974019765853882,0.5978509783744812,0,JPYINR=X,FOREX,yfinance,1d
2026-08-14,0.5984399914741516,0.6000800132751465,0.5982800126075745,0.5986899733543396,0,JPYINR=X,FOREX,yfinance,1d
