date,open,high,low,close,volume,symbol,exchange,source,interval
2021-08-16,55479.73828125,55680.75,55281.01953125,55582.578125,6000,SENSEX,BSE_INDEX,yfinance,1d
2021-08-17,55565.640625,55854.87890625,55386.48828125,55792.26953125,6800,SENSEX,BSE_INDEX,yfinance,1d
2021-08-18,56073.30859375,56118.5703125,55514.890625,55629.48828125,16100,SENSEX,BSE_INDEX,yfinance,1d
2021-08-20,55159.12890625,55543.16015625,55013.98046875,55329.3203125,6800,SENSEX,BSE_INDEX,yfinance,1d
2021-08-23,55695.83984375,55781.171875,55240.2890625,55555.7890625,7500,SENSEX,BSE_INDEX,yfinance,1d
2021-08-24,55647.109375,56023.21875,55536.83984375,55958.98046875,7600,SENSEX,BSE_INDEX,yfinance,1d
2021-08-25,56067.05859375,56198.12890625,55899.9609375,55944.2109375,5400,SENSEX,BSE_INDEX,yfinance,1d
2021-08-26,55988.41015625,56112.390625,55854.0703125,55949.1015625,8300,SENSEX,BSE_INDEX,yfinance,1d
2021-08-27,55862.9296875,56188.23046875,55675.87109375,56124.71875,6000,SENSEX,BSE_INDEX,yfinance,1d
2021-08-30,56329.25,56958.26953125,56309.859375,56889.76171875,6600,SENSEX,BSE_INDEX,yfinance,1d
2021-08-31,56995.1484375,57625.26171875,56859.1015625,57552.390625,11200,SENSEX,BSE_INDEX,yfinance,1d
2021-09-01,57763.53125,57918.7109375,57263.8984375,57338.2109375,7300,SENSEX,BSE_INDEX,yfinance,1d
2021-09-02,57423.6484375,57892.37109375,57287.7890625,57852.5390625,5100,SENSEX,BSE_INDEX,yfinance,1d
2021-09-03,57983.44921875,58194.7890625,57764.0703125,58129.94921875,6100,SENSEX,BSE_INDEX,yfinance,1d
2021-09-06,58411.62109375,58515.8515625,58200.2890625,58296.91015625,5600,SENSEX,BSE_INDEX,yfinance,1d
2021-09-07,58418.69140625,58553.0703125,58005.0703125,58279.48046875,7400,SENSEX,BSE_INDEX,yfinance,1d
2021-09-08,58350.55859375,58372.94140625,57924.48046875,58250.26171875,5300,SENSEX,BSE_INDEX,yfinance,1d
2021-09-09,58172.98046875,58334.58984375,58084.98828125,58305.0703125,5300,SENSEX,BSE_INDEX,yfinance,1d
2021-09-13,58262.109375,58314.640625,57944.62890625,58177.76171875,5600,SENSEX,BSE_INDEX,yfinance,1d
2021-09-14,58482.62109375,58482.62109375,58214.2890625,58247.08984375,6700,SENSEX,BSE_INDEX,yfinance,1d
2021-09-15,58354.109375,58777.05859375,58272.8203125,58723.19921875,9600,SENSEX,BSE_INDEX,yfinance,1d
2021-09-16,58881.0390625,59204.2890625,58700.5,59141.16015625,24700,SENSEX,BSE_INDEX,yfinance,1d
2021-09-17,59409.98046875,59737.3203125,58871.73046875,59015.890625,13100,SENSEX,BSE_INDEX,yfinance,1d
2021-09-20,58634.69140625,59202.55859375,58389.69140625,58490.9296875,17400,SENSEX,BSE_INDEX,yfinance,1d
2021-09-21,58630.05859375,59084.51171875,58232.5390625,59005.26953125,9500,SENSEX,BSE_INDEX,yfinance,1d
2021-09-22,59166.1484375,59178.44140625,58878.37890625,58927.328125,19200,SENSEX,BSE_INDEX,yfinance,1d
2021-09-23,59358.1796875,59957.25,59243.1484375,59885.359375,44600,SENSEX,BSE_INDEX,yfinance,1d
2021-09-24,60158.76171875,60333.0,59946.55078125,60048.46875,10900,SENSEX,BSE_INDEX,yfinance,1d
2021-09-27,60303.7890625,60412.3203125,59887.19140625,60077.87890625,6200,SENSEX,BSE_INDEX,yfinance,1d
2021-09-28,60285.890625,60288.44140625,59045.53125,59667.6015625,21100,SENSEX,BSE_INDEX,yfinance,1d
2021-09-29,59296.5390625,59678.66015625,59111.41015625,59413.26953125,16100,SENSEX,BSE_INDEX,yfinance,1d
2021-09-30,59549.5703125,59557.23828125,59019.28125,59126.359375,8900,SENSEX,BSE_INDEX,yfinance,1d
2021-10-01,58889.76953125,58890.078125,58551.140625,58765.578125,10200,SENSEX,BSE_INDEX,yfinance,1d
2021-10-04,59143.0,59548.8203125,58952.109375,59299.3203125,10000,SENSEX,BSE_INDEX,yfinance,1d
2021-10-05,59320.140625,59778.87109375,59127.0390625,59744.87890625,12900,SENSEX,BSE_INDEX,yfinance,1d
2021-10-06,59942.0,59963.5703125,59079.859375,59189.73046875,7000,SENSEX,BSE_INDEX,yfinance,1d
2021-10-07,59632.80859375,59914.91015625,59597.05859375,59677.828125,5700,SENSEX,BSE_INDEX,yfinance,1d
2021-10-08,59960.390625,60212.30078125,59830.9296875,60059.05859375,5700,SENSEX,BSE_INDEX,yfinance,1d
2021-10-11,60099.6796875,60476.12890625,59811.421875,60135.78125,42500,SENSEX,BSE_INDEX,yfinance,1d
2021-10-12,60045.75,60331.73828125,59885.390625,60284.30859375,6500,SENSEX,BSE_INDEX,yfinance,1d
2021-10-13,60619.91015625,60836.62890625,60452.2890625,60737.05078125,8500,SENSEX,BSE_INDEX,yfinance,1d
2021-10-14,61088.8203125,61353.25,60978.0390625,61305.94921875,12600,SENSEX,BSE_INDEX,yfinance,1d
2021-10-18,61817.3203125,61963.0703125,61624.6484375,61765.58984375,11800,SENSEX,BSE_INDEX,yfinance,1d
2021-10-19,62156.48046875,62245.4296875,61594.2890625,61716.05078125,8600,SENSEX,BSE_INDEX,yfinance,1d
2021-10-20,61800.0703125,61880.359375,61109.2890625,61259.9609375,48400,SENSEX,BSE_INDEX,yfinance,1d
2021-10-21,61557.94140625,61621.19921875,60485.6484375,60923.5,7300,SENSEX,BSE_INDEX,yfinance,1d
2021-10-22,61044.5390625,61420.12890625,60551.1484375,60821.62109375,9400,SENSEX,BSE_INDEX,yfinance,1d
2021-10-25,61398.75,61404.98828125,60449.6796875,60967.05078125,10500,SENSEX,BSE_INDEX,yfinance,1d
2021-10-26,60997.8984375,61497.7109375,60791.2890625,61350.26171875,6700,SENSEX,BSE_INDEX,yfinance,1d
2021-10-27,61499.69921875,61576.8515625,60989.390625,61143.328125,8900,SENSEX,BSE_INDEX,yfinance,1d
2021-10-28,61081.0,61081.0,59777.578125,59984.69921875,8600,SENSEX,BSE_INDEX,yfinance,1d
2021-10-29,59857.328125,60132.80859375,59089.37109375,59306.9296875,9000,SENSEX,BSE_INDEX,yfinance,1d
2021-11-01,59577.48046875,60220.2109375,59355.12109375,60138.4609375,7200,SENSEX,BSE_INDEX,yfinance,1d
2021-11-02,60360.609375,60421.140625,59881.75,60029.05859375,6000,SENSEX,BSE_INDEX,yfinance,1d
2021-11-03,60275.2109375,60361.8203125,59552.48828125,59771.921875,8500,SENSEX,BSE_INDEX,yfinance,1d
2021-11-04,60207.96875,60207.96875,60011.4609375,60067.62109375,1800,SENSEX,BSE_INDEX,yfinance,1d
2021-11-08,60385.76171875,60609.16015625,59779.19140625,60545.609375,7500,SENSEX,BSE_INDEX,yfinance,1d
2021-11-09,60609.71875,60670.46875,60213.640625,60433.44921875,6200,SENSEX,BSE_INDEX,yfinance,1d
2021-11-10,60295.26171875,60506.5,59967.44921875,60352.8203125,7500,SENSEX,BSE_INDEX,yfinance,1d
2021-11-11,60291.69921875,60293.25,59656.26171875,59919.69140625,6200,SENSEX,BSE_INDEX,yfinance,1d
2021-11-12,60248.0390625,60750.71875,59997.9609375,60686.69140625,6900,SENSEX,BSE_INDEX,yfinance,1d
2021-11-15,60837.3984375,61036.55859375,60597.359375,60718.7109375,7100,SENSEX,BSE_INDEX,yfinance,1d
2021-11-16,60755.37890625,60802.7890625,60199.55859375,60322.37109375,6300,SENSEX,BSE_INDEX,yfinance,1d
2021-11-17,60179.9296875,60426.609375,59944.76953125,60008.328125,19900,SENSEX,BSE_INDEX,yfinance,1d
2021-11-18,59968.75,60177.51953125,59376.5,59636.01171875,7800,SENSEX,BSE_INDEX,yfinance,1d
2021-11-22,59710.48046875,59778.37109375,58011.921875,58465.890625,10600,SENSEX,BSE_INDEX,yfinance,1d
2021-11-23,57983.94921875,58834.94921875,57718.33984375,58664.328125,12000,SENSEX,BSE_INDEX,yfinance,1d
2021-11-24,58839.3203125,58968.12109375,58143.44140625,58340.98828125,8800,SENSEX,BSE_INDEX,yfinance,1d
2021-11-25,58363.9296875,58901.578125,58143.859375,58795.08984375,6800,SENSEX,BSE_INDEX,yfinance,1d
2021-11-26,58254.7890625,58254.7890625,56993.890625,57107.1484375,8400,SENSEX,BSE_INDEX,yfinance,1d
2021-11-29,57028.0390625,57626.51171875,56382.9296875,57260.578125,8400,SENSEX,BSE_INDEX,yfinance,1d
2021-11-30,57272.078125,58183.76953125,56867.51171875,57064.87109375,8100,SENSEX,BSE_INDEX,yfinance,1d
2021-12-01,57365.8515625,57846.44921875,57346.78125,57684.7890625,11700,SENSEX,BSE_INDEX,yfinance,1d
2021-12-02,57781.48046875,58513.9296875,57680.41015625,58461.2890625,8100,SENSEX,BSE_INDEX,yfinance,1d
2021-12-03,58555.578125,58757.08984375,57640.5703125,57696.4609375,8500,SENSEX,BSE_INDEX,yfinance,1d
2021-12-06,57778.01171875,57781.4609375,56687.62109375,56747.140625,7200,SENSEX,BSE_INDEX,yfinance,1d
2021-12-07,57125.98046875,57905.62890625,56992.26953125,57633.6484375,10900,SENSEX,BSE_INDEX,yfinance,1d
2021-12-08,58158.55859375,58702.6484375,58122.26953125,58649.6796875,13400,SENSEX,BSE_INDEX,yfinance,1d
2021-12-09,58831.41015625,58889.9609375,58340.8515625,58807.12890625,7900,SENSEX,BSE_INDEX,yfinance,1d
2021-12-10,58696.7109375,58859.91015625,58414.76171875,58786.671875,5600,SENSEX,BSE_INDEX,yfinance,1d
2021-12-13,59103.71875,59203.37109375,58242.80078125,58283.421875,5900,SENSEX,BSE_INDEX,yfinance,1d
2021-12-14,58059.76171875,58322.421875,57803.87109375,58117.08984375,6800,SENSEX,BSE_INDEX,yfinance,1d
2021-12-15,58122.0,58218.25,57671.609375,57788.03125,7600,SENSEX,BSE_INDEX,yfinance,1d
2021-12-16,58243.4296875,58337.19921875,57683.109375,57901.140625,5200,SENSEX,BSE_INDEX,yfinance,1d
2021-12-17,58021.62890625,58062.28125,56950.98046875,57011.73828125,8600,SENSEX,BSE_INDEX,yfinance,1d
2021-12-20,56517.26171875,56538.1484375,55132.6796875,55822.01171875,13300,SENSEX,BSE_INDEX,yfinance,1d
2021-12-21,56320.01953125,56900.73828125,56047.21875,56319.01171875,7400,SENSEX,BSE_INDEX,yfinance,1d
2021-12-22,56599.46875,56989.01171875,56471.03125,56930.55859375,6100,SENSEX,BSE_INDEX,yfinance,1d
2021-12-23,57251.1484375,57490.51953125,57146.28125,57315.28125,6000,SENSEX,BSE_INDEX,yfinance,1d
2021-12-24,57567.109375,57623.69140625,56813.421875,57124.30859375,6400,SENSEX,BSE_INDEX,yfinance,1d
2021-12-27,56948.328125,57512.01171875,56543.078125,57420.23828125,5700,SENSEX,BSE_INDEX,yfinance,1d
2021-12-28,57751.2109375,57952.48046875,57650.2890625,57897.48046875,5500,SENSEX,BSE_INDEX,yfinance,1d
2021-12-29,57892.30859375,58097.0703125,57684.578125,57806.48828125,5300,SENSEX,BSE_INDEX,yfinance,1d
2021-12-30,57755.3984375,58010.03125,57578.98828125,57794.3203125,7300,SENSEX,BSE_INDEX,yfinance,1d
2021-12-31,57849.76171875,58409.30078125,57846.51953125,58253.8203125,7000,SENSEX,BSE_INDEX,yfinance,1d
2022-01-03,58310.08984375,59266.390625,58306.44921875,59183.21875,8200,SENSEX,BSE_INDEX,yfinance,1d
2022-01-04,59343.7890625,59937.328125,59084.3984375,59855.9296875,9100,SENSEX,BSE_INDEX,yfinance,1d
2022-01-05,59921.98046875,60332.71875,59661.37890625,60223.1484375,8600,SENSEX,BSE_INDEX,yfinance,1d
2022-01-06,59731.75,59781.859375,59290.578125,59601.83984375,6000,SENSEX,BSE_INDEX,yfinance,1d
2022-01-07,59776.1015625,60130.1796875,59401.44140625,59744.6484375,8300,SENSEX,BSE_INDEX,yfinance,1d
2022-01-10,60070.390625,60427.359375,59987.1796875,60395.62890625,7600,SENSEX,BSE_INDEX,yfinance,1d
2022-01-11,60342.69921875,60689.25,60281.51953125,60616.890625,6500,SENSEX,BSE_INDEX,yfinance,1d
2022-01-12,61014.37109375,61218.19140625,60850.9296875,61150.0390625,6200,SENSEX,BSE_INDEX,yfinance,1d
2022-01-13,61259.98828125,61348.5703125,60949.80859375,61235.30078125,9300,SENSEX,BSE_INDEX,yfinance,1d
2022-01-14,61040.3203125,61324.58984375,60757.03125,61223.03125,6900,SENSEX,BSE_INDEX,yfinance,1d
2022-01-17,61219.640625,61385.48046875,61107.6015625,61308.91015625,7600,SENSEX,BSE_INDEX,yfinance,1d
2022-01-18,61430.76953125,61475.1484375,60662.5703125,60754.859375,12500,SENSEX,BSE_INDEX,yfinance,1d
2022-01-19,60845.58984375,60870.171875,59949.21875,60098.8203125,7000,SENSEX,BSE_INDEX,yfinance,1d
2022-01-20,60045.48046875,60045.48046875,59068.30859375,59464.62109375,11800,SENSEX,BSE_INDEX,yfinance,1d
2022-01-21,59039.37109375,59329.62890625,58620.9296875,59037.1796875,7600,SENSEX,BSE_INDEX,yfinance,1d
2022-01-24,59023.96875,59023.96875,56984.01171875,57491.51171875,10800,SENSEX,BSE_INDEX,yfinance,1d
2022-01-25,57158.62890625,57966.9296875,56409.62890625,57858.1484375,10400,SENSEX,BSE_INDEX,yfinance,1d
2022-01-27,57317.37890625,57508.609375,56439.359375,57276.94140625,10300,SENSEX,BSE_INDEX,yfinance,1d
2022-01-28,57795.109375,58084.328125,57119.28125,57200.23046875,13000,SENSEX,BSE_INDEX,yfinance,1d
2022-01-31,57845.91015625,58257.62890625,57746.1484375,58014.171875,7400,SENSEX,BSE_INDEX,yfinance,1d
2022-02-01,58672.859375,59032.19921875,57737.66015625,58862.5703125,14000,SENSEX,BSE_INDEX,yfinance,1d
2022-02-02,59293.44140625,59618.51171875,59193.05078125,59558.328125,8500,SENSEX,BSE_INDEX,yfinance,1d
2022-02-03,59528.16015625,59557.87109375,58653.94140625,58788.01953125,7100,SENSEX,BSE_INDEX,yfinance,1d
2022-02-04,58918.6484375,58943.62109375,58446.94921875,58644.8203125,7300,SENSEX,BSE_INDEX,yfinance,1d
2022-02-07,58549.671875,58707.76171875,57299.05078125,57621.19140625,11500,SENSEX,BSE_INDEX,yfinance,1d
2022-02-08,57799.671875,57925.8203125,57058.76953125,57808.578125,8900,SENSEX,BSE_INDEX,yfinance,1d
2022-02-09,58163.01171875,58507.609375,58105.1796875,58465.96875,5900,SENSEX,BSE_INDEX,yfinance,1d
2022-02-10,58810.53125,59060.23828125,58332.28125,58926.03125,6700,SENSEX,BSE_INDEX,yfinance,1d
2022-02-11,58447.1484375,58447.1484375,57914.1015625,58152.921875,5700,SENSEX,BSE_INDEX,yfinance,1d
2022-02-14,56720.3203125,57191.91015625,56295.69921875,56405.83984375,8300,SENSEX,BSE_INDEX,yfinance,1d
2022-02-15,56731.55859375,58211.37890625,56438.46875,58142.05078125,10000,SENSEX,BSE_INDEX,yfinance,1d
2022-02-16,58310.6796875,58569.21875,57780.28125,57996.6796875,7300,SENSEX,BSE_INDEX,yfinance,1d
2022-02-17,58217.69140625,58346.0,57635.4296875,57892.01171875,6400,SENSEX,BSE_INDEX,yfinance,1d
2022-02-18,57488.390625,58175.3515625,57488.390625,57832.96875,9800,SENSEX,BSE_INDEX,yfinance,1d
2022-02-21,57551.6484375,58141.9609375,57167.01953125,57683.58984375,6600,SENSEX,BSE_INDEX,yfinance,1d
2022-02-22,56438.640625,57505.8515625,56394.8515625,57300.6796875,14100,SENSEX,BSE_INDEX,yfinance,1d
2022-02-23,57632.94140625,57733.37109375,57109.23828125,57232.05859375,6200,SENSEX,BSE_INDEX,yfinance,1d
2022-02-24,55418.44921875,55996.08984375,54383.19921875,54529.91015625,15600,SENSEX,BSE_INDEX,yfinance,1d
2022-02-25,55321.71875,56183.69921875,55299.28125,55858.51953125,9900,SENSEX,BSE_INDEX,yfinance,1d
2022-02-28,55329.4609375,56324.5390625,54833.5,56247.28125,7700,SENSEX,BSE_INDEX,yfinance,1d
2022-03-02,55629.30078125,55755.08984375,55020.1015625,55468.8984375,12400,SENSEX,BSE_INDEX,yfinance,1d
2022-03-03,55921.44140625,55996.62109375,54931.48046875,55102.6796875,9900,SENSEX,BSE_INDEX,yfinance,1d
2022-03-04,54653.58984375,55013.26953125,53887.71875,54333.80859375,11000,SENSEX,BSE_INDEX,yfinance,1d
2022-03-07,53172.51171875,53203.87109375,52367.1015625,52842.75,17100,SENSEX,BSE_INDEX,yfinance,1d
2022-03-08,52430.05859375,53484.26171875,52260.8203125,53424.08984375,16300,SENSEX,BSE_INDEX,yfinance,1d
2022-03-09,53793.98828125,54893.73046875,53367.51953125,54647.328125,14100,SENSEX,BSE_INDEX,yfinance,1d
2022-03-10,56242.46875,56242.46875,54982.8203125,55464.390625,9800,SENSEX,BSE_INDEX,yfinance,1d
2022-03-11,55218.78125,55833.94921875,55049.94921875,55550.30078125,9700,SENSEX,BSE_INDEX,yfinance,1d
2022-03-14,55614.3984375,56545.828125,55556.46875,56486.01953125,9100,SENSEX,BSE_INDEX,yfinance,1d
2022-03-15,56663.87109375,56720.6015625,55418.94921875,55776.8515625,8100,SENSEX,BSE_INDEX,yfinance,1d
2022-03-16,56555.328125,56860.890625,56389.26171875,56816.6484375,6900,SENSEX,BSE_INDEX,yfinance,1d
2022-03-17,57620.28125,58095.83984375,57518.05859375,57863.9296875,7200,SENSEX,BSE_INDEX,yfinance,1d
2022-03-21,58030.41015625,58127.94921875,57229.078125,57292.48828125,6400,SENSEX,BSE_INDEX,yfinance,1d
2022-03-22,57297.5703125,58052.87109375,56930.30078125,57989.30078125,7800,SENSEX,BSE_INDEX,yfinance,1d
2022-03-23,58198.640625,58416.55859375,57568.58984375,57684.8203125,9100,SENSEX,BSE_INDEX,yfinance,1d
2022-03-24,57190.05078125,57827.98828125,57138.51171875,57595.6796875,51400,SENSEX,BSE_INDEX,yfinance,1d
2022-03-25,57801.71875,57845.37109375,57100.23828125,57362.19921875,6900,SENSEX,BSE_INDEX,yfinance,1d
2022-03-28,57472.71875,57638.33984375,56825.08984375,57593.48828125,6300,SENSEX,BSE_INDEX,yfinance,1d
2022-03-29,57814.76171875,58001.53125,57639.3515625,57943.6484375,12100,SENSEX,BSE_INDEX,yfinance,1d
2022-03-30,58362.8515625,58727.78125,58176.0,58683.98828125,6300,SENSEX,BSE_INDEX,yfinance,1d
2022-03-31,58779.7109375,58890.921875,58485.7890625,58568.51171875,4400,SENSEX,BSE_INDEX,yfinance,1d
2022-04-01,58530.73046875,59396.62109375,58450.0390625,59276.69140625,6400,SENSEX,BSE_INDEX,yfinance,1d
2022-04-04,59764.12890625,60845.1015625,59760.21875,60611.73828125,12600,SENSEX,BSE_INDEX,yfinance,1d
2022-04-05,60786.0703125,60786.0703125,60067.1796875,60176.5,6800,SENSEX,BSE_INDEX,yfinance,1d
2022-04-06,59815.7109375,59941.5703125,59509.83984375,59610.41015625,10600,SENSEX,BSE_INDEX,yfinance,1d
2022-04-07,59402.609375,59504.921875,58977.3515625,59034.94921875,8300,SENSEX,BSE_INDEX,yfinance,1d
2022-04-08,59256.96875,59654.44140625,58876.359375,59447.1796875,8400,SENSEX,BSE_INDEX,yfinance,1d
2022-04-11,59333.1796875,59355.76171875,58894.3984375,58964.5703125,9000,SENSEX,BSE_INDEX,yfinance,1d
2022-04-12,58743.5,58794.78125,58298.5703125,58576.37109375,7500,SENSEX,BSE_INDEX,yfinance,1d
2022-04-13,58910.73828125,59003.8203125,58291.23046875,58338.9296875,6600,SENSEX,BSE_INDEX,yfinance,1d
2022-04-18,57338.578125,57420.80078125,56842.390625,57166.73828125,13500,SENSEX,BSE_INDEX,yfinance,1d
2022-04-19,57381.76953125,57464.078125,56009.0703125,56463.1484375,13500,SENSEX,BSE_INDEX,yfinance,1d
2022-04-20,56741.4296875,57216.51171875,56521.328125,57037.5,7600,SENSEX,BSE_INDEX,yfinance,1d
2022-04-21,57458.6015625,57991.53125,57311.859375,57911.6796875,8000,SENSEX,BSE_INDEX,yfinance,1d
2022-04-22,57531.94921875,57689.859375,57134.71875,57197.1484375,7600,SENSEX,BSE_INDEX,yfinance,1d
2022-04-25,56757.640625,56875.6484375,56356.87109375,56579.890625,7000,SENSEX,BSE_INDEX,yfinance,1d
2022-04-26,57066.23828125,57442.23828125,56904.51171875,57356.609375,7300,SENSEX,BSE_INDEX,yfinance,1d
2022-04-27,56983.6796875,57079.03125,56584.0390625,56819.390625,6600,SENSEX,BSE_INDEX,yfinance,1d
2022-04-28,57296.30859375,57790.8515625,56936.94140625,57521.05859375,100,SENSEX,BSE_INDEX,yfinance,1d
2022-04-29,57817.51171875,57975.48046875,56902.30078125,57060.87109375,9500,SENSEX,BSE_INDEX,yfinance,1d
2022-05-02,56429.44921875,57054.23046875,56412.62109375,56975.98828125,7900,SENSEX,BSE_INDEX,yfinance,1d
2022-05-04,57124.91015625,57184.2109375,55501.6015625,55669.03125,50700,SENSEX,BSE_INDEX,yfinance,1d
2022-05-05,56255.0703125,56566.80078125,55613.8203125,55702.23046875,8200,SENSEX,BSE_INDEX,yfinance,1d
2022-05-06,54928.2890625,55070.12109375,54586.75,54835.578125,8000,SENSEX,BSE_INDEX,yfinance,1d
2022-05-09,54188.2109375,54795.46875,53918.01953125,54470.671875,9300,SENSEX,BSE_INDEX,yfinance,1d
2022-05-10,54309.30859375,54857.01953125,54226.328125,54364.8515625,8000,SENSEX,BSE_INDEX,yfinance,1d
2022-05-11,54544.91015625,54598.55078125,53519.30078125,54088.390625,7200,SENSEX,BSE_INDEX,yfinance,1d
2022-05-12,53608.3515625,53632.55078125,52702.30078125,52930.30859375,6900,SENSEX,BSE_INDEX,yfinance,1d
2022-05-13,53565.73828125,53785.7109375,52654.890625,52793.62109375,9300,SENSEX,BSE_INDEX,yfinance,1d
2022-05-16,52946.3203125,53428.28125,52632.48046875,52973.83984375,4800,SENSEX,BSE_INDEX,yfinance,1d
2022-05-17,53285.19140625,54399.421875,53176.01953125,54318.46875,7400,SENSEX,BSE_INDEX,yfinance,1d
2022-05-18,54554.890625,54786.0,54130.890625,54208.53125,5800,SENSEX,BSE_INDEX,yfinance,1d
2022-05-19,53070.30078125,53356.0390625,52669.51171875,52792.23046875,9100,SENSEX,BSE_INDEX,yfinance,1d
2022-05-20,53513.96875,54396.4296875,53403.2890625,54326.390625,7600,SENSEX,BSE_INDEX,yfinance,1d
2022-05-23,54459.94921875,54931.30078125,54191.55078125,54288.609375,7100,SENSEX,BSE_INDEX,yfinance,1d
2022-05-24,54307.55859375,54524.37109375,53886.28125,54052.609375,5600,SENSEX,BSE_INDEX,yfinance,1d
2022-05-25,54254.0703125,54379.58984375,53683.16015625,53749.26171875,6200,SENSEX,BSE_INDEX,yfinance,1d
2022-05-26,53950.83984375,54346.21875,53425.25,54252.53125,7500,SENSEX,BSE_INDEX,yfinance,1d
2022-05-27,54671.5,54936.62890625,54449.33984375,54884.66015625,7000,SENSEX,BSE_INDEX,yfinance,1d
2022-05-30,55507.75,56082.6484375,55466.30078125,55925.73828125,5900,SENSEX,BSE_INDEX,yfinance,1d
2022-05-31,55622.01171875,55925.62109375,55369.140625,55566.41015625,8300,SENSEX,BSE_INDEX,yfinance,1d
2022-06-01,55588.26953125,55791.48828125,55091.4296875,55381.171875,7300,SENSEX,BSE_INDEX,yfinance,1d
2022-06-02,55382.44140625,55891.921875,55135.109375,55818.109375,5900,SENSEX,BSE_INDEX,yfinance,1d
2022-06-03,56245.6015625,56432.6484375,55719.359375,55769.23046875,5900,SENSEX,BSE_INDEX,yfinance,1d
2022-06-06,55610.640625,55832.28125,55295.73828125,55675.3203125,4300,SENSEX,BSE_INDEX,yfinance,1d
2022-06-07,55373.1796875,55387.76953125,54882.41015625,55107.33984375,3600,SENSEX,BSE_INDEX,yfinance,1d
2022-06-08,55345.51171875,55423.96875,54683.30078125,54892.48828125,6000,SENSEX,BSE_INDEX,yfinance,1d
2022-06-09,54514.171875,55366.83984375,54507.41015625,55320.28125,6000,SENSEX,BSE_INDEX,yfinance,1d
2022-06-10,54760.25,54780.78125,54205.98828125,54303.44140625,4800,SENSEX,BSE_INDEX,yfinance,1d
2022-06-13,53184.609375,53207.5390625,52527.078125,52846.69921875,7500,SENSEX,BSE_INDEX,yfinance,1d
2022-06-14,52495.94140625,53095.3203125,52459.48046875,52693.5703125,6900,SENSEX,BSE_INDEX,yfinance,1d
2022-06-15,52650.41015625,52867.73046875,52493.359375,52541.390625,5900,SENSEX,BSE_INDEX,yfinance,1d
2022-06-16,53018.91015625,53142.5,51425.48046875,51495.7890625,9200,SENSEX,BSE_INDEX,yfinance,1d
2022-06-17,51181.98828125,51652.828125,50921.21875,51360.421875,8300,SENSEX,BSE_INDEX,yfinance,1d
2022-06-20,51470.03125,51714.609375,51062.9296875,51597.83984375,7000,SENSEX,BSE_INDEX,yfinance,1d
2022-06-21,51897.6015625,52799.3984375,51808.76171875,52532.0703125,5100,SENSEX,BSE_INDEX,yfinance,1d
2022-06-22,52186.359375,52272.8515625,51739.98046875,51822.53125,5800,SENSEX,BSE_INDEX,yfinance,1d
2022-06-23,51972.75,52516.7890625,51632.8515625,52265.71875,5600,SENSEX,BSE_INDEX,yfinance,1d
2022-06-24,52654.23828125,52909.87109375,52447.25,52727.98046875,5000,SENSEX,BSE_INDEX,yfinance,1d
2022-06-27,53468.890625,53509.5,53120.7890625,53161.28125,5300,SENSEX,BSE_INDEX,yfinance,1d
2022-06-28,52846.26171875,53301.3984375,52771.53125,53177.44921875,5500,SENSEX,BSE_INDEX,yfinance,1d
2022-06-29,52623.1484375,53244.83984375,52612.6796875,53026.96875,5200,SENSEX,BSE_INDEX,yfinance,1d
2022-06-30,52897.16015625,53377.5390625,52883.25,53018.94140625,5600,SENSEX,BSE_INDEX,yfinance,1d
2022-07-01,52863.33984375,53053.0390625,52094.25,52907.9296875,7200,SENSEX,BSE_INDEX,yfinance,1d
2022-07-04,52851.671875,53301.98828125,52674.80859375,53234.76953125,7000,SENSEX,BSE_INDEX,yfinance,1d
2022-07-05,53501.2109375,53865.9296875,53054.30078125,53134.3515625,6800,SENSEX,BSE_INDEX,yfinance,1d
2022-07-06,53170.69921875,53819.30859375,53143.28125,53750.96875,14800,SENSEX,BSE_INDEX,yfinance,1d
2022-07-07,54146.6796875,54254.7890625,53927.26171875,54178.4609375,7500,SENSEX,BSE_INDEX,yfinance,1d
2022-07-08,54574.4296875,54627.140625,54278.76953125,54481.83984375,7500,SENSEX,BSE_INDEX,yfinance,1d
2022-07-11,54248.6015625,54527.8984375,54090.53125,54395.23046875,6100,SENSEX,BSE_INDEX,yfinance,1d
2022-07-12,54219.78125,54236.48828125,53824.96875,53886.609375,6300,SENSEX,BSE_INDEX,yfinance,1d
2022-07-13,54210.1015625,54211.21875,53455.26171875,53514.1484375,5700,SENSEX,BSE_INDEX,yfinance,1d
2022-07-14,53688.62109375,53861.28125,53163.76953125,53416.1484375,4700,SENSEX,BSE_INDEX,yfinance,1d
2022-07-15,53637.87890625,53811.37109375,53361.62109375,53760.78125,5600,SENSEX,BSE_INDEX,yfinance,1d
2022-07-18,54069.30078125,54556.66015625,54034.96875,54521.1484375,63800,SENSEX,BSE_INDEX,yfinance,1d
2022-07-19,54251.87890625,54817.51953125,54232.8203125,54767.62109375,6900,SENSEX,BSE_INDEX,yfinance,1d
2022-07-20,55486.12109375,55630.26171875,55298.23046875,55397.53125,6800,SENSEX,BSE_INDEX,yfinance,1d
2022-07-21,55391.9296875,55738.48828125,55270.75,55681.94921875,6700,SENSEX,BSE_INDEX,yfinance,1d
2022-07-22,55800.83984375,56186.05078125,55685.44921875,56072.23046875,6500,SENSEX,BSE_INDEX,yfinance,1d
2022-07-25,55877.5,56018.08984375,55537.078125,55766.21875,6100,SENSEX,BSE_INDEX,yfinance,1d
2022-07-26,55834.37890625,55834.37890625,55203.4296875,55268.48828125,4900,SENSEX,BSE_INDEX,yfinance,1d
2022-07-27,55258.2890625,55853.08984375,55157.98828125,55816.3203125,3800,SENSEX,BSE_INDEX,yfinance,1d
2022-07-28,56267.55078125,56914.21875,56236.44921875,56857.7890625,13900,SENSEX,BSE_INDEX,yfinance,1d
2022-07-29,57258.12890625,57619.26953125,57104.80859375,57570.25,16800,SENSEX,BSE_INDEX,yfinance,1d
2022-08-01,57823.1015625,58170.671875,57540.359375,58115.5,72600,SENSEX,BSE_INDEX,yfinance,1d
2022-08-02,58049.01953125,58328.41015625,57744.69921875,58136.359375,15500,SENSEX,BSE_INDEX,yfinance,1d
2022-08-03,58174.109375,58415.62890625,57788.78125,58350.53125,7200,SENSEX,BSE_INDEX,yfinance,1d
2022-08-04,58571.28125,58712.66015625,57577.05078125,58298.80078125,8900,SENSEX,BSE_INDEX,yfinance,1d
2022-08-05,58421.0390625,58649.19140625,58244.859375,58387.9296875,9300,SENSEX,BSE_INDEX,yfinance,1d
2022-08-08,58417.7109375,58934.8984375,58266.6484375,58853.0703125,9800,SENSEX,BSE_INDEX,yfinance,1d
2022-08-10,58977.33984375,58984.3203125,58583.359375,58817.2890625,9800,SENSEX,BSE_INDEX,yfinance,1d
2022-08-11,59320.44921875,59484.98828125,59251.140625,59332.6015625,10700,SENSEX,BSE_INDEX,yfinance,1d
2022-08-12,59235.98046875,59538.078125,59113.01171875,59462.78125,14200,SENSEX,BSE_INDEX,yfinance,1d
2022-08-16,59675.12109375,59923.03125,59673.9609375,59842.2109375,0,SENSEX,BSE_INDEX,yfinance,1d
2022-08-17,59938.05078125,60323.25,59857.80078125,60260.12890625,9700,SENSEX,BSE_INDEX,yfinance,1d
2022-08-18,60080.19140625,60341.41015625,59946.44140625,60298.0,10900,SENSEX,BSE_INDEX,yfinance,1d
2022-08-19,60351.23046875,60411.19921875,59474.5703125,59646.1484375,11700,SENSEX,BSE_INDEX,yfinance,1d
2022-08-22,59361.078125,59402.5,58705.109375,58773.87109375,10600,SENSEX,BSE_INDEX,yfinance,1d
2022-08-23,58205.96875,59199.109375,58172.48046875,59031.30078125,13000,SENSEX,BSE_INDEX,yfinance,1d
2022-08-24,58853.3203125,59170.87109375,58760.08984375,59085.4296875,11800,SENSEX,BSE_INDEX,yfinance,1d
2022-08-25,59315.98046875,59484.3515625,58666.41015625,58774.71875,9700,SENSEX,BSE_INDEX,yfinance,1d
2022-08-26,59050.671875,59321.6484375,58722.69140625,58833.87109375,9000,SENSEX,BSE_INDEX,yfinance,1d
2022-08-29,57367.46875,58208.30078125,57367.46875,57972.62109375,14500,SENSEX,BSE_INDEX,yfinance,1d
2022-08-30,58259.8515625,59599.78125,58245.48828125,59537.0703125,12800,SENSEX,BSE_INDEX,yfinance,1d
2022-09-01,58710.53125,59309.7890625,58522.5703125,58766.58984375,19200,SENSEX,BSE_INDEX,yfinance,1d
2022-09-02,58969.01953125,59108.66015625,58558.640625,58803.328125,10700,SENSEX,BSE_INDEX,yfinance,1d
2022-09-05,58814.078125,59308.25,58812.19921875,59245.98046875,12900,SENSEX,BSE_INDEX,yfinance,1d
2022-09-06,59285.359375,59566.671875,58974.26171875,59196.98828125,13800,SENSEX,BSE_INDEX,yfinance,1d
2022-09-07,58789.26171875,59166.4609375,58722.890625,59028.91015625,9000,SENSEX,BSE_INDEX,yfinance,1d
2022-09-08,59374.98828125,59711.9609375,59315.7109375,59688.21875,12100,SENSEX,BSE_INDEX,yfinance,1d
2022-09-09,60045.75,60119.80078125,59634.390625,59793.140625,13100,SENSEX,BSE_INDEX,yfinance,1d
2022-09-12,59912.2890625,60284.55078125,59912.2890625,60115.12890625,14300,SENSEX,BSE_INDEX,yfinance,1d
2022-09-13,60408.2890625,60635.28125,60381.01953125,60571.078125,8500,SENSEX,BSE_INDEX,yfinance,1d
2022-09-14,59417.12109375,60649.0390625,59417.12109375,60346.96875,19700,SENSEX,BSE_INDEX,yfinance,1d
2022-09-15,60454.37109375,60676.12109375,59865.75,59934.01171875,10300,SENSEX,BSE_INDEX,yfinance,1d
2022-09-16,59585.71875,59720.55859375,58687.171875,58840.7890625,13500,SENSEX,BSE_INDEX,yfinance,1d
2022-09-19,58747.30859375,59277.55078125,58487.76171875,59141.23046875,58000,SENSEX,BSE_INDEX,yfinance,1d
2022-09-20,59556.91015625,60105.7890625,59556.91015625,59719.73828125,10400,SENSEX,BSE_INDEX,yfinance,1d
2022-09-21,59504.140625,59799.0390625,59275.3984375,59456.78125,8600,SENSEX,BSE_INDEX,yfinance,1d
2022-09-22,59073.83984375,59457.578125,58832.78125,59119.71875,10000,SENSEX,BSE_INDEX,yfinance,1d
2022-09-23,59005.1796875,59143.3203125,57981.94921875,58098.921875,14900,SENSEX,BSE_INDEX,yfinance,1d
2022-09-26,57525.03125,57708.37890625,57038.23828125,57145.21875,17900,SENSEX,BSE_INDEX,yfinance,1d
2022-09-27,57376.51953125,57704.5703125,56950.51953125,57107.51953125,13900,SENSEX,BSE_INDEX,yfinance,1d
2022-09-28,56710.12890625,57213.328125,56485.671875,56598.28125,26800,SENSEX,BSE_INDEX,yfinance,1d
2022-09-29,56997.8984375,57166.140625,56314.05078125,56409.9609375,11400,SENSEX,BSE_INDEX,yfinance,1d
2022-09-30,56240.1484375,57722.62890625,56147.23046875,57426.921875,12300,SENSEX,BSE_INDEX,yfinance,1d
2022-10-03,57403.921875,57454.83984375,56683.3984375,56788.80859375,8100,SENSEX,BSE_INDEX,yfinance,1d
2022-10-04,57506.6484375,58099.94140625,57506.6484375,58065.46875,6400,SENSEX,BSE_INDEX,yfinance,1d
2022-10-06,58314.05078125,58578.76171875,58173.69921875,58222.1015625,9600,SENSEX,BSE_INDEX,yfinance,1d
2022-10-07,58092.55859375,58269.33984375,57851.1484375,58191.2890625,7300,SENSEX,BSE_INDEX,yfinance,1d
2022-10-10,57424.0703125,58125.01171875,57365.6796875,57991.109375,6800,SENSEX,BSE_INDEX,yfinance,1d
2022-10-11,58004.25,58027.51953125,57050.3984375,57147.3203125,52700,SENSEX,BSE_INDEX,yfinance,1d
2022-10-12,57312.48828125,57687.640625,57085.921875,57625.91015625,7600,SENSEX,BSE_INDEX,yfinance,1d
2022-10-13,57512.73828125,57568.140625,57055.75,57235.328125,9500,SENSEX,BSE_INDEX,yfinance,1d
2022-10-14,58162.73828125,58435.12109375,57848.23046875,57919.96875,9400,SENSEX,BSE_INDEX,yfinance,1d
2022-10-17,57752.5,58449.0,57639.80078125,58410.98046875,53500,SENSEX,BSE_INDEX,yfinance,1d
2022-10-18,58744.12890625,59143.66015625,58744.12890625,58960.6015625,8600,SENSEX,BSE_INDEX,yfinance,1d
2022-10-19,59196.9609375,59399.69140625,58961.76953125,59107.19140625,6800,SENSEX,BSE_INDEX,yfinance,1d
2022-10-20,58824.48046875,59273.8515625,58791.28125,59202.8984375,8600,SENSEX,BSE_INDEX,yfinance,1d
2022-10-21,59381.359375,59590.9296875,59132.94140625,59307.1484375,10800,SENSEX,BSE_INDEX,yfinance,1d
2022-10-24,59804.01953125,59994.25,59776.66015625,59831.66015625,2100,SENSEX,BSE_INDEX,yfinance,1d
2022-10-25,60002.9609375,60081.23828125,59489.01953125,59543.9609375,14900,SENSEX,BSE_INDEX,yfinance,1d
2022-10-27,59792.3203125,59959.94140625,59496.80078125,59756.83984375,9500,SENSEX,BSE_INDEX,yfinance,1d
2022-10-28,59746.80078125,60133.171875,59739.05078125,59959.8515625,10000,SENSEX,BSE_INDEX,yfinance,1d
2022-10-31,60246.9609375,60786.69921875,60246.9609375,60746.58984375,8000,SENSEX,BSE_INDEX,yfinance,1d
2022-11-01,61065.578125,61289.73046875,60868.69140625,61121.3515625,58200,SENSEX,BSE_INDEX,yfinance,1d
2022-11-02,61156.890625,61209.6484375,60794.390625,60906.08984375,10800,SENSEX,BSE_INDEX,yfinance,1d
2022-11-03,60511.5703125,60994.37109375,60485.140625,60836.41015625,25000,SENSEX,BSE_INDEX,yfinance,1d
2022-11-04,60698.26953125,61004.48828125,60666.01171875,60950.359375,13600,SENSEX,BSE_INDEX,yfinance,1d
2022-11-07,61188.12890625,61401.5390625,60714.359375,61185.1484375,17000,SENSEX,BSE_INDEX,yfinance,1d
2022-11-09,61304.2890625,61447.23046875,60905.1484375,61033.55078125,9100,SENSEX,BSE_INDEX,yfinance,1d
2022-11-10,60524.26953125,60848.73046875,60425.46875,60613.69921875,10200,SENSEX,BSE_INDEX,yfinance,1d
2022-11-11,61311.01953125,61840.96875,61311.01953125,61795.0390625,14400,SENSEX,BSE_INDEX,yfinance,1d
2022-11-14,61765.859375,61916.23828125,61572.03125,61624.1484375,20600,SENSEX,BSE_INDEX,yfinance,1d
2022-11-15,61630.05078125,61955.9609375,61436.8984375,61872.98828125,11400,SENSEX,BSE_INDEX,yfinance,1d
2022-11-16,61708.62890625,62052.5703125,61708.62890625,61980.71875,6600,SENSEX,BSE_INDEX,yfinance,1d
2022-11-17,61812.359375,62050.80078125,61643.26953125,61750.6015625,9100,SENSEX,BSE_INDEX,yfinance,1d
2022-11-18,61858.19921875,61929.87890625,61337.4296875,61663.48046875,10600,SENSEX,BSE_INDEX,yfinance,1d
2022-11-21,61456.328125,61456.328125,61059.328125,61144.83984375,7900,SENSEX,BSE_INDEX,yfinance,1d
2022-11-22,61126.55859375,61466.62890625,61073.6796875,61418.9609375,9700,SENSEX,BSE_INDEX,yfinance,1d
2022-11-23,61779.7109375,61780.8984375,61442.69140625,61510.578125,9800,SENSEX,BSE_INDEX,yfinance,1d
2022-11-24,61656.0,62412.328125,61600.421875,62272.6796875,7700,SENSEX,BSE_INDEX,yfinance,1d
2022-11-25,62327.87890625,62447.73046875,62115.66015625,62293.640625,7100,SENSEX,BSE_INDEX,yfinance,1d
2022-11-28,62016.3515625,62701.3984375,61959.73828125,62504.80078125,7000,SENSEX,BSE_INDEX,yfinance,1d
2022-11-29,62362.078125,62887.3984375,62362.078125,62681.83984375,11200,SENSEX,BSE_INDEX,yfinance,1d
2022-11-30,62743.46875,63303.01171875,62648.37890625,63099.6484375,8900,SENSEX,BSE_INDEX,yfinance,1d
2022-12-01,63357.98828125,63583.0703125,63183.76953125,63284.19140625,17300,SENSEX,BSE_INDEX,yfinance,1d
2022-12-02,62978.578125,63148.58984375,62679.62890625,62868.5,6400,SENSEX,BSE_INDEX,yfinance,1d
2022-12-05,62865.28125,62939.62890625,62507.87890625,62834.6015625,13100,SENSEX,BSE_INDEX,yfinance,1d
2022-12-06,62395.55078125,62677.83984375,62390.0703125,62626.359375,6100,SENSEX,BSE_INDEX,yfinance,1d
2022-12-07,62615.51953125,62759.96875,62316.6484375,62410.6796875,4800,SENSEX,BSE_INDEX,yfinance,1d
2022-12-08,62504.0390625,62633.55859375,62320.1796875,62570.6796875,13700,SENSEX,BSE_INDEX,yfinance,1d
2022-12-09,62690.859375,62735.421875,61889.109375,62181.671875,7300,SENSEX,BSE_INDEX,yfinance,1d
2022-12-12,61770.55859375,62239.421875,61676.1484375,62130.5703125,7000,SENSEX,BSE_INDEX,yfinance,1d
2022-12-13,62300.671875,62567.921875,62129.5703125,62533.30078125,12000,SENSEX,BSE_INDEX,yfinance,1d
2022-12-14,62685.94140625,62835.109375,62591.28125,62677.91015625,5700,SENSEX,BSE_INDEX,yfinance,1d
2022-12-15,62530.0703125,62624.80859375,61715.609375,61799.03125,5600,SENSEX,BSE_INDEX,yfinance,1d
2022-12-16,61534.23828125,61893.21875,61292.53125,61337.80859375,7000,SENSEX,BSE_INDEX,yfinance,1d
2022-12-19,61405.80078125,61844.921875,61265.30859375,61806.19140625,4800,SENSEX,BSE_INDEX,yfinance,1d
2022-12-20,61608.8515625,61780.37109375,61102.6796875,61702.2890625,4500,SENSEX,BSE_INDEX,yfinance,1d
2022-12-21,61993.7109375,62006.4609375,60938.37890625,61067.23828125,6600,SENSEX,BSE_INDEX,yfinance,1d
2022-12-22,61257.171875,61464.37890625,60637.23828125,60826.21875,9100,SENSEX,BSE_INDEX,yfinance,1d
2022-12-23,60205.55859375,60546.87890625,59765.55859375,59845.2890625,8100,SENSEX,BSE_INDEX,yfinance,1d
2022-12-26,59755.078125,60833.78125,59754.1015625,60566.421875,6500,SENSEX,BSE_INDEX,yfinance,1d
2022-12-27,60861.41015625,60986.6796875,60405.66015625,60927.4296875,11100,SENSEX,BSE_INDEX,yfinance,1d
2022-12-28,60811.51953125,61075.328125,60713.76953125,60910.28125,10000,SENSEX,BSE_INDEX,yfinance,1d
2022-12-29,60628.2890625,61210.6484375,60479.05859375,61133.87890625,7900,SENSEX,BSE_INDEX,yfinance,1d
2022-12-30,61329.16015625,61392.6796875,60743.7109375,60840.73828125,8000,SENSEX,BSE_INDEX,yfinance,1d
2023-01-02,60871.23828125,61222.7890625,60764.62890625,61167.7890625,18500,SENSEX,BSE_INDEX,yfinance,1d
2023-01-03,61074.87890625,61343.9609375,61004.0390625,61294.19921875,6700,SENSEX,BSE_INDEX,yfinance,1d
2023-01-04,61294.6484375,61327.2109375,60593.55859375,60657.44921875,7900,SENSEX,BSE_INDEX,yfinance,1d
2023-01-05,60847.5,60877.05859375,60049.83984375,60353.26953125,8900,SENSEX,BSE_INDEX,yfinance,1d
2023-01-06,60388.73828125,60537.62890625,59669.91015625,59900.37109375,8600,SENSEX,BSE_INDEX,yfinance,1d
2023-01-09,60147.0703125,60889.41015625,60109.94140625,60747.30859375,8000,SENSEX,BSE_INDEX,yfinance,1d
2023-01-10,60805.140625,60809.6484375,59938.37890625,60115.48046875,8500,SENSEX,BSE_INDEX,yfinance,1d
2023-01-11,60134.55859375,60364.76953125,59805.78125,60105.5,9700,SENSEX,BSE_INDEX,yfinance,1d
2023-01-12,60083.03125,60290.3515625,59632.3203125,59958.03125,6100,SENSEX,BSE_INDEX,yfinance,1d
2023-01-13,60044.9609375,60418.26171875,59628.4296875,60261.1796875,7200,SENSEX,BSE_INDEX,yfinance,1d
2023-01-16,60550.5,60586.76953125,59963.828125,60092.96875,6500,SENSEX,BSE_INDEX,yfinance,1d
2023-01-17,60142.078125,60704.48046875,60072.33984375,60655.71875,6600,SENSEX,BSE_INDEX,yfinance,1d
2023-01-18,60716.03125,61110.25,60569.19140625,61045.73828125,6900,SENSEX,BSE_INDEX,yfinance,1d
2023-01-19,60920.01953125,61032.46875,60716.55078125,60858.4296875,8500,SENSEX,BSE_INDEX,yfinance,1d
2023-01-20,60901.16015625,61001.1796875,60585.25,60621.76953125,6300,SENSEX,BSE_INDEX,yfinance,1d
2023-01-23,60876.01171875,61113.26953125,60761.87890625,60941.671875,6600,SENSEX,BSE_INDEX,yfinance,1d
2023-01-24,61122.19921875,61266.05859375,60849.12109375,60978.75,9500,SENSEX,BSE_INDEX,yfinance,1d
2023-01-25,60834.73046875,60899.2109375,60081.359375,60205.05859375,8100,SENSEX,BSE_INDEX,yfinance,1d
2023-01-27,60166.8984375,60166.8984375,58974.69921875,59330.8984375,12900,SENSEX,BSE_INDEX,yfinance,1d
2023-01-30,59101.69140625,59644.23828125,58699.19921875,59500.41015625,11500,SENSEX,BSE_INDEX,yfinance,1d
2023-01-31,59770.828125,59787.62890625,59104.58984375,59549.8984375,9000,SENSEX,BSE_INDEX,yfinance,1d
2023-02-01,60001.171875,60773.44140625,58816.83984375,59708.078125,25300,SENSEX,BSE_INDEX,yfinance,1d
2023-02-02,59459.87109375,60007.671875,59215.62109375,59932.23828125,10400,SENSEX,BSE_INDEX,yfinance,1d
2023-02-03,60350.01171875,60905.33984375,60013.05859375,60841.87890625,9100,SENSEX,BSE_INDEX,yfinance,1d
2023-02-06,60847.2109375,60847.2109375,60345.609375,60506.8984375,7500,SENSEX,BSE_INDEX,yfinance,1d
2023-02-07,60511.3203125,60655.140625,60063.48828125,60286.0390625,13600,SENSEX,BSE_INDEX,yfinance,1d
2023-02-08,60332.98828125,60792.1015625,60324.921875,60663.7890625,13300,SENSEX,BSE_INDEX,yfinance,1d
2023-02-09,60715.890625,60863.62890625,60472.80859375,60806.21875,8500,SENSEX,BSE_INDEX,yfinance,1d
2023-02-10,60706.80859375,60774.140625,60501.73828125,60682.69921875,5300,SENSEX,BSE_INDEX,yfinance,1d
2023-02-13,60652.8203125,60740.94921875,60245.05078125,60431.83984375,5800,SENSEX,BSE_INDEX,yfinance,1d
2023-02-14,60550.25,61102.73828125,60550.25,61032.26171875,7000,SENSEX,BSE_INDEX,yfinance,1d
2023-02-15,60990.05078125,61352.55078125,60750.3203125,61275.08984375,5700,SENSEX,BSE_INDEX,yfinance,1d
2023-02-16,61566.21875,61682.25,61196.71875,61319.51171875,6900,SENSEX,BSE_INDEX,yfinance,1d
2023-02-17,60993.5390625,61302.71875,60810.671875,61002.5703125,8100,SENSEX,BSE_INDEX,yfinance,1d
2023-02-20,61112.83984375,61290.19140625,60607.01953125,60691.5390625,6100,SENSEX,BSE_INDEX,yfinance,1d
2023-02-21,60770.4296875,60976.58984375,60583.71875,60672.71875,5100,SENSEX,BSE_INDEX,yfinance,1d
2023-02-22,60391.859375,60462.8984375,59681.55078125,59744.98046875,8100,SENSEX,BSE_INDEX,yfinance,1d
2023-02-23,59777.640625,59960.0390625,59406.30859375,59605.80078125,7100,SENSEX,BSE_INDEX,yfinance,1d
2023-02-24,59859.48046875,59908.76953125,59325.33984375,59463.9296875,5300,SENSEX,BSE_INDEX,yfinance,1d
2023-02-27,59331.30859375,59441.12890625,58937.640625,59288.3515625,7500,SENSEX,BSE_INDEX,yfinance,1d
2023-02-28,59346.609375,59483.71875,58795.96875,58962.12109375,6900,SENSEX,BSE_INDEX,yfinance,1d
2023-03-01,59136.48046875,59475.44921875,59109.5390625,59411.078125,5900,SENSEX,BSE_INDEX,yfinance,1d
2023-03-02,59287.1796875,59423.7890625,58866.26171875,58909.3515625,5200,SENSEX,BSE_INDEX,yfinance,1d
2023-03-03,59241.19921875,59967.0390625,59231.578125,59808.96875,9200,SENSEX,BSE_INDEX,yfinance,1d
2023-03-06,60007.0390625,60498.48046875,60005.6484375,60224.4609375,5900,SENSEX,BSE_INDEX,yfinance,1d
2023-03-08,59916.1015625,60402.8515625,59844.8203125,60348.08984375,6500,SENSEX,BSE_INDEX,yfinance,1d
2023-03-09,60467.08984375,60467.08984375,59750.53125,59806.28125,7700,SENSEX,BSE_INDEX,yfinance,1d
2023-03-10,59259.828125,59262.46875,58884.98046875,59135.12890625,6300,SENSEX,BSE_INDEX,yfinance,1d
2023-03-13,59033.76953125,59510.921875,58094.55078125,58237.8515625,8000,SENSEX,BSE_INDEX,yfinance,1d
2023-03-14,58168.75,58490.98046875,57721.16015625,57900.19140625,10200,SENSEX,BSE_INDEX,yfinance,1d
2023-03-15,58268.5390625,58473.62890625,57455.671875,57555.8984375,7600,SENSEX,BSE_INDEX,yfinance,1d
2023-03-16,57510.80078125,57887.4609375,57158.69140625,57634.83984375,7900,SENSEX,BSE_INDEX,yfinance,1d
2023-03-17,58038.171875,58178.94140625,57503.8984375,57989.8984375,6300,SENSEX,BSE_INDEX,yfinance,1d
2023-03-20,57773.55078125,57829.23046875,57084.91015625,57628.94921875,6500,SENSEX,BSE_INDEX,yfinance,1d
2023-03-21,57963.26953125,58133.328125,57730.08984375,58074.6796875,5500,SENSEX,BSE_INDEX,yfinance,1d
2023-03-22,58245.26171875,58418.78125,58063.5,58214.58984375,0,SENSEX,BSE_INDEX,yfinance,1d
2023-03-23,58061.41015625,58396.171875,57838.8515625,57925.28125,5100,SENSEX,BSE_INDEX,yfinance,1d
2023-03-24,57890.66015625,58066.3984375,57422.98046875,57527.1015625,6400,SENSEX,BSE_INDEX,yfinance,1d
2023-03-27,57566.8984375,58019.55078125,57415.01953125,57653.859375,6000,SENSEX,BSE_INDEX,yfinance,1d
2023-03-28,57751.5,57949.44921875,57494.91015625,57613.71875,4500,SENSEX,BSE_INDEX,yfinance,1d
2023-03-29,57572.078125,58124.19921875,57524.3203125,57960.08984375,5900,SENSEX,BSE_INDEX,yfinance,1d
2023-03-31,58273.859375,59068.46875,58273.859375,58991.51953125,6500,SENSEX,BSE_INDEX,yfinance,1d
2023-04-03,59131.16015625,59204.8203125,58793.078125,59106.44140625,4300,SENSEX,BSE_INDEX,yfinance,1d
2023-04-05,59094.7109375,59747.12109375,59094.3984375,59689.30859375,5000,SENSEX,BSE_INDEX,yfinance,1d
2023-04-06,59627.01171875,59950.05859375,59520.12109375,59832.96875,4700,SENSEX,BSE_INDEX,yfinance,1d
2023-04-10,59858.98046875,60109.109375,59766.23046875,59846.51171875,11000,SENSEX,BSE_INDEX,yfinance,1d
2023-04-11,60028.6015625,60267.6796875,59919.87890625,60157.71875,6900,SENSEX,BSE_INDEX,yfinance,1d
2023-04-12,60180.19921875,60437.640625,60094.69140625,60392.76953125,5900,SENSEX,BSE_INDEX,yfinance,1d
2023-04-13,60364.41015625,60486.91015625,60081.4296875,60431.0,6600,SENSEX,BSE_INDEX,yfinance,1d
2023-04-17,60385.8984375,60407.859375,59442.46875,59910.75,15200,SENSEX,BSE_INDEX,yfinance,1d
2023-04-18,59991.26171875,60113.46875,59579.30078125,59727.01171875,7300,SENSEX,BSE_INDEX,yfinance,1d
2023-04-19,59745.890625,59745.890625,59452.71875,59567.80078125,7800,SENSEX,BSE_INDEX,yfinance,1d
2023-04-20,59586.609375,59836.7890625,59489.98046875,59632.3515625,6600,SENSEX,BSE_INDEX,yfinance,1d
2023-04-21,59538.7890625,59781.359375,59412.80859375,59655.05859375,5700,SENSEX,BSE_INDEX,yfinance,1d
2023-04-24,59873.7109375,60101.640625,59620.109375,60056.1015625,6600,SENSEX,BSE_INDEX,yfinance,1d
2023-04-25,60202.76953125,60268.671875,59967.01953125,60130.7109375,6500,SENSEX,BSE_INDEX,yfinance,1d
2023-04-26,60087.98046875,60362.7890625,59954.91015625,60300.578125,4500,SENSEX,BSE_INDEX,yfinance,1d
2023-04-27,60315.55859375,60698.30859375,60271.48828125,60649.37890625,5500,SENSEX,BSE_INDEX,yfinance,1d
2023-04-28,60721.609375,61209.4609375,60507.828125,61112.44140625,7200,SENSEX,BSE_INDEX,yfinance,1d
2023-05-02,61301.609375,61486.23828125,61255.0,61354.7109375,6700,SENSEX,BSE_INDEX,yfinance,1d
2023-05-03,61274.9609375,61274.9609375,61024.44140625,61193.30078125,6100,SENSEX,BSE_INDEX,yfinance,1d
2023-05-04,61258.12890625,61797.91015625,61119.55859375,61749.25,8100,SENSEX,BSE_INDEX,yfinance,1d
2023-05-05,61163.1015625,61585.5,61002.171875,61054.2890625,5600,SENSEX,BSE_INDEX,yfinance,1d
2023-05-08,61166.08984375,61854.19140625,61166.08984375,61764.25,7900,SENSEX,BSE_INDEX,yfinance,1d
2023-05-09,61879.6796875,62027.51171875,61654.94140625,61761.328125,6900,SENSEX,BSE_INDEX,yfinance,1d
2023-05-10,61843.359375,61974.3515625,61572.9296875,61940.19921875,4800,SENSEX,BSE_INDEX,yfinance,1d
2023-05-11,62158.1015625,62168.21875,61823.0703125,61904.51953125,6100,SENSEX,BSE_INDEX,yfinance,1d
2023-05-12,61857.69140625,62110.9296875,61578.1484375,62027.8984375,7000,SENSEX,BSE_INDEX,yfinance,1d
2023-05-15,62157.1015625,62562.671875,61950.30078125,62345.7109375,6900,SENSEX,BSE_INDEX,yfinance,1d
2023-05-16,62474.109375,62475.94921875,61847.41015625,61932.46875,5900,SENSEX,BSE_INDEX,yfinance,1d
2023-05-17,61932.3203125,61979.94140625,61340.1015625,61560.640625,6700,SENSEX,BSE_INDEX,yfinance,1d
2023-05-18,61937.859375,61955.8984375,61349.33984375,61431.73828125,8200,SENSEX,BSE_INDEX,yfinance,1d
2023-05-19,61556.25,61784.609375,61251.69921875,61729.6796875,6100,SENSEX,BSE_INDEX,yfinance,1d
2023-05-22,61579.78125,62044.4609375,61579.78125,61963.6796875,5600,SENSEX,BSE_INDEX,yfinance,1d
2023-05-23,62098.16015625,62245.19140625,61914.3984375,61981.7890625,8400,SENSEX,BSE_INDEX,yfinance,1d
2023-05-24,61834.28125,62154.140625,61708.1015625,61773.78125,5900,SENSEX,BSE_INDEX,yfinance,1d
2023-05-25,61706.12890625,61934.01171875,61484.66015625,61872.62109375,8400,SENSEX,BSE_INDEX,yfinance,1d
2023-05-26,61985.359375,62529.828125,61911.609375,62501.69140625,9200,SENSEX,BSE_INDEX,yfinance,1d
2023-05-29,62801.5390625,63026.0,62801.5390625,62846.37890625,9600,SENSEX,BSE_INDEX,yfinance,1d
2023-05-30,62839.8515625,63036.12109375,62737.3984375,62969.12890625,7800,SENSEX,BSE_INDEX,yfinance,1d
2023-05-31,62839.96875,62876.76953125,62401.01953125,62622.23828125,7300,SENSEX,BSE_INDEX,yfinance,1d
2023-06-01,62736.46875,62762.41015625,62359.140625,62428.5390625,8000,SENSEX,BSE_INDEX,yfinance,1d
2023-06-02,62601.96875,62719.83984375,62379.859375,62547.109375,6300,SENSEX,BSE_INDEX,yfinance,1d
2023-06-05,62759.19140625,62943.19921875,62751.71875,62787.46875,6100,SENSEX,BSE_INDEX,yfinance,1d
2023-06-06,62738.3515625,62867.94921875,62554.2109375,62792.87890625,8100,SENSEX,BSE_INDEX,yfinance,1d
2023-06-07,62917.390625,63196.4296875,62841.94921875,63142.9609375,6900,SENSEX,BSE_INDEX,yfinance,1d
2023-06-08,63140.171875,63321.3984375,62789.73046875,62848.640625,11000,SENSEX,BSE_INDEX,yfinance,1d
2023-06-09,62810.6796875,62992.16015625,62594.73828125,62625.62890625,41400,SENSEX,BSE_INDEX,yfinance,1d
2023-06-12,62659.98046875,62804.890625,62615.19921875,62724.7109375,4900,SENSEX,BSE_INDEX,yfinance,1d
2023-06-13,62779.140625,63177.46875,62777.0390625,63143.16015625,5500,SENSEX,BSE_INDEX,yfinance,1d
2023-06-14,63115.48046875,63274.03125,63013.51171875,63228.51171875,11900,SENSEX,BSE_INDEX,yfinance,1d
2023-06-15,63153.78125,63310.9609375,62871.078125,62917.62890625,6700,SENSEX,BSE_INDEX,yfinance,1d
2023-06-16,62960.73046875,63520.359375,62957.171875,63384.578125,5500,SENSEX,BSE_INDEX,yfinance,1d
2023-06-19,63474.2109375,63574.69140625,63047.828125,63168.30078125,1400,SENSEX,BSE_INDEX,yfinance,1d
2023-06-20,63176.76953125,63440.19140625,62801.91015625,63327.69921875,5000,SENSEX,BSE_INDEX,yfinance,1d
2023-06-21,63467.4609375,63588.30859375,63315.62109375,63523.1484375,10600,SENSEX,BSE_INDEX,yfinance,1d
2023-06-22,63601.7109375,63601.7109375,63200.62890625,63238.890625,7300,SENSEX,BSE_INDEX,yfinance,1d
2023-06-23,63124.28125,63240.62890625,62874.12109375,62979.37109375,7300,SENSEX,BSE_INDEX,yfinance,1d
2023-06-26,62946.5,63136.08984375,62853.671875,62970.0,4400,SENSEX,BSE_INDEX,yfinance,1d
2023-06-27,63151.8515625,63467.5390625,63054.83984375,63416.03125,4800,SENSEX,BSE_INDEX,yfinance,1d
2023-06-28,63701.78125,64050.44140625,63554.8203125,63915.421875,6300,SENSEX,BSE_INDEX,yfinance,1d
2023-06-30,64068.44140625,64768.578125,64068.44140625,64718.55859375,29700,SENSEX,BSE_INDEX,yfinance,1d
2023-07-03,64836.16015625,65300.3515625,64836.16015625,65205.05078125,8800,SENSEX,BSE_INDEX,yfinance,1d
2023-07-04,65503.8515625,65672.96875,65171.05859375,65479.05078125,6600,SENSEX,BSE_INDEX,yfinance,1d
2023-07-05,65493.6796875,65584.328125,65256.48828125,65446.0390625,7400,SENSEX,BSE_INDEX,yfinance,1d
2023-07-06,65391.87890625,65832.9765625,65328.2890625,65785.640625,8600,SENSEX,BSE_INDEX,yfinance,1d
2023-07-07,65559.40625,65898.9765625,65175.73828125,65280.44921875,14300,SENSEX,BSE_INDEX,yfinance,1d
2023-07-10,65482.328125,65633.4921875,65246.3984375,65344.171875,14400,SENSEX,BSE_INDEX,yfinance,1d
2023-07-11,65598.6484375,65870.59375,65517.5703125,65617.84375,9800,SENSEX,BSE_INDEX,yfinance,1d
2023-07-12,65759.28125,65811.640625,65320.25,65393.8984375,7400,SENSEX,BSE_INDEX,yfinance,1d
2023-07-13,65667.0703125,66064.2109375,65452.1484375,65558.890625,9500,SENSEX,BSE_INDEX,yfinance,1d
2023-07-14,65775.4921875,66159.7890625,65610.8203125,66060.8984375,10800,SENSEX,BSE_INDEX,yfinance,1d
2023-07-17,66148.1796875,66656.2109375,66015.6328125,66589.9296875,9200,SENSEX,BSE_INDEX,yfinance,1d
2023-07-18,66828.9609375,67007.0234375,66574.46875,66795.140625,8200,SENSEX,BSE_INDEX,yfinance,1d
2023-07-19,66905.0078125,67171.3828125,66703.609375,67097.4375,8500,SENSEX,BSE_INDEX,yfinance,1d
2023-07-20,67074.34375,67619.171875,66831.3828125,67571.8984375,8300,SENSEX,BSE_INDEX,yfinance,1d
2023-07-21,66907.0703125,67190.5234375,66533.7421875,66684.2578125,13200,SENSEX,BSE_INDEX,yfinance,1d
2023-07-24,66629.140625,66808.5625,66326.25,66384.78125,8600,SENSEX,BSE_INDEX,yfinance,1d
2023-07-25,66531.203125,66559.2890625,66177.6171875,66355.7109375,11100,SENSEX,BSE_INDEX,yfinance,1d
2023-07-26,66434.71875,66897.2734375,66431.34375,66707.203125,10500,SENSEX,BSE_INDEX,yfinance,1d
2023-07-27,66834.1171875,66984.171875,66060.7421875,66266.8203125,8400,SENSEX,BSE_INDEX,yfinance,1d
2023-07-28,66266.3515625,66351.21875,65878.6484375,66160.203125,12300,SENSEX,BSE_INDEX,yfinance,1d
2023-07-31,66156.390625,66598.421875,65998.8984375,66527.671875,7900,SENSEX,BSE_INDEX,yfinance,1d
2023-08-01,66532.9765625,66658.1171875,66388.2578125,66459.3125,10500,SENSEX,BSE_INDEX,yfinance,1d
2023-08-02,66064.40625,66261.96875,65431.6796875,65782.78125,7500,SENSEX,BSE_INDEX,yfinance,1d
2023-08-03,65550.8203125,65820.8203125,64963.078125,65240.6796875,9300,SENSEX,BSE_INDEX,yfinance,1d
2023-08-04,65453.55078125,65799.2734375,65387.1796875,65721.25,12500,SENSEX,BSE_INDEX,yfinance,1d
2023-08-07,65811.3984375,66067.8984375,65748.25,65953.4765625,7100,SENSEX,BSE_INDEX,yfinance,1d
2023-08-08,66048.8125,66057.53125,65752.6328125,65846.5,6300,SENSEX,BSE_INDEX,yfinance,1d
2023-08-09,65810.9609375,66066.0078125,65444.37890625,65995.8125,6600,SENSEX,BSE_INDEX,yfinance,1d
2023-08-10,65945.390625,65956.25,65509.140625,65688.1796875,6000,SENSEX,BSE_INDEX,yfinance,1d
2023-08-11,65727.796875,65727.796875,65274.609375,65322.6484375,7600,SENSEX,BSE_INDEX,yfinance,1d
2023-08-14,65153.01953125,65517.8203125,64821.87890625,65401.921875,7600,SENSEX,BSE_INDEX,yfinance,1d
2023-08-16,65238.671875,65605.7421875,65032.890625,65539.421875,0,SENSEX,BSE_INDEX,yfinance,1d
2023-08-17,65503.8515625,65535.140625,65046.1015625,65151.01953125,6400,SENSEX,BSE_INDEX,yfinance,1d
2023-08-18,65025.7109375,65175.3203125,64754.71875,64948.66015625,14300,SENSEX,BSE_INDEX,yfinance,1d
2023-08-21,64852.69921875,65335.8203125,64852.69921875,65216.08984375,9300,SENSEX,BSE_INDEX,yfinance,1d
2023-08-22,65272.421875,65362.91015625,65165.44921875,65220.03125,5400,SENSEX,BSE_INDEX,yfinance,1d
2023-08-23,65300.9296875,65504.7109375,65108.51171875,65433.30078125,7100,SENSEX,BSE_INDEX,yfinance,1d
2023-08-24,65722.5078125,65913.7734375,65181.94140625,65252.33984375,5900,SENSEX,BSE_INDEX,yfinance,1d
2023-08-25,65000.671875,65106.0,64732.5703125,64886.51171875,51700,SENSEX,BSE_INDEX,yfinance,1d
2023-08-28,64908.078125,65213.44921875,64776.921875,64996.6015625,20800,SENSEX,BSE_INDEX,yfinance,1d
2023-08-29,65201.3515625,65229.03125,64956.671875,65075.8203125,48500,SENSEX,BSE_INDEX,yfinance,1d
2023-08-30,65311.578125,65458.69921875,65052.73828125,65087.25,17700,SENSEX,BSE_INDEX,yfinance,1d
2023-08-31,65178.328125,65277.0390625,64723.62890625,64831.41015625,48600,SENSEX,BSE_INDEX,yfinance,1d
2023-09-01,64855.51171875,65473.26953125,64818.37109375,65387.16015625,21600,SENSEX,BSE_INDEX,yfinance,1d
2023-09-04,65525.91015625,65683.90625,65285.55859375,65628.140625,13700,SENSEX,BSE_INDEX,yfinance,1d
2023-09-05,65671.6015625,65831.703125,65601.46875,65780.2578125,6600,SENSEX,BSE_INDEX,yfinance,1d
2023-09-06,65744.1875,65971.1328125,65488.03125,65880.5234375,6100,SENSEX,BSE_INDEX,yfinance,1d
2023-09-07,65854.25,66296.8984375,65672.34375,66265.5625,6200,SENSEX,BSE_INDEX,yfinance,1d
2023-09-08,66381.4296875,66766.921875,66299.296875,66598.90625,11500,SENSEX,BSE_INDEX,yfinance,1d
2023-09-11,66807.7265625,67172.1328125,66735.84375,67127.078125,9300,SENSEX,BSE_INDEX,yfinance,1d
2023-09-12,67506.8828125,67539.1015625,66948.1796875,67221.1328125,8700,SENSEX,BSE_INDEX,yfinance,1d
2023-09-13,67188.640625,67565.40625,67053.359375,67466.9921875,6200,SENSEX,BSE_INDEX,yfinance,1d
2023-09-14,67627.03125,67771.046875,67336.4609375,67519.0,8100,SENSEX,BSE_INDEX,yfinance,1d
2023-09-15,67659.90625,67927.2265625,67614.421875,67838.6328125,6800,SENSEX,BSE_INDEX,yfinance,1d
2023-09-18,67665.578125,67803.1484375,67532.828125,67596.84375,10300,SENSEX,BSE_INDEX,yfinance,1d
2023-09-20,67080.1796875,67294.15625,66728.140625,66800.84375,13400,SENSEX,BSE_INDEX,yfinance,1d
2023-09-21,66608.671875,66608.671875,66128.7109375,66230.2421875,8400,SENSEX,BSE_INDEX,yfinance,1d
2023-09-22,66215.0390625,66445.46875,65952.828125,66009.1484375,8300,SENSEX,BSE_INDEX,yfinance,1d
2023-09-25,66082.9921875,66225.6328125,65764.03125,66023.6875,6800,SENSEX,BSE_INDEX,yfinance,1d
2023-09-26,66071.6328125,66078.2578125,65865.6328125,65945.46875,6500,SENSEX,BSE_INDEX,yfinance,1d
2023-09-27,65925.640625,66172.2734375,65549.9609375,66118.6875,5400,SENSEX,BSE_INDEX,yfinance,1d
2023-09-28,66406.0078125,66406.0078125,65423.390625,65508.3203125,7800,SENSEX,BSE_INDEX,yfinance,1d
2023-09-29,65743.9296875,66151.6484375,65570.3828125,65828.40625,8400,SENSEX,BSE_INDEX,yfinance,1d
2023-10-03,65813.421875,65813.5,65344.58984375,65512.1015625,8600,SENSEX,BSE_INDEX,yfinance,1d
2023-10-04,65330.6484375,65332.51953125,64878.76953125,65226.0390625,8600,SENSEX,BSE_INDEX,yfinance,1d
2023-10-05,65598.2578125,65753.203125,65443.33984375,65631.5703125,8000,SENSEX,BSE_INDEX,yfinance,1d
2023-10-06,65867.5390625,66095.8125,65762.328125,65995.6328125,10200,SENSEX,BSE_INDEX,yfinance,1d
2023-10-09,65560.0703125,65789.9765625,65434.609375,65512.390625,7300,SENSEX,BSE_INDEX,yfinance,1d
2023-10-10,65662.2734375,66180.171875,65662.2734375,66079.359375,5100,SENSEX,BSE_INDEX,yfinance,1d
2023-10-11,66376.421875,66592.15625,66299.7890625,66473.046875,16800,SENSEX,BSE_INDEX,yfinance,1d
2023-10-12,66564.5703125,66577.6015625,66339.421875,66408.390625,7100,SENSEX,BSE_INDEX,yfinance,1d
2023-10-13,66034.2109375,66478.8984375,65895.40625,66282.7421875,13400,SENSEX,BSE_INDEX,yfinance,1d
2023-10-16,66238.1484375,66342.75,66039.3828125,66166.9296875,6600,SENSEX,BSE_INDEX,yfinance,1d
2023-10-17,66558.1484375,66559.8203125,66309.1796875,66428.09375,7900,SENSEX,BSE_INDEX,yfinance,1d
2023-10-18,66473.7421875,66475.2734375,65842.1015625,65877.0234375,7100,SENSEX,BSE_INDEX,yfinance,1d
2023-10-19,65484.609375,65869.6484375,65343.5,65629.2421875,11000,SENSEX,BSE_INDEX,yfinance,1d
2023-10-20,65437.0703125,65555.140625,65308.609375,65397.62109375,14300,SENSEX,BSE_INDEX,yfinance,1d
2023-10-23,65419.01953125,65453.921875,64502.6796875,64571.87890625,6800,SENSEX,BSE_INDEX,yfinance,1d
2023-10-25,64619.26953125,64787.078125,63912.16015625,64049.05859375,7100,SENSEX,BSE_INDEX,yfinance,1d
2023-10-26,63774.16015625,63774.16015625,63092.98046875,63148.1484375,12900,SENSEX,BSE_INDEX,yfinance,1d
2023-10-27,63559.3203125,63913.12890625,63393.37109375,63782.80078125,12600,SENSEX,BSE_INDEX,yfinance,1d
2023-10-30,63885.55859375,64184.578125,63431.44921875,64112.6484375,5600,SENSEX,BSE_INDEX,yfinance,1d
2023-10-31,64449.6484375,64452.3203125,63812.53125,63874.9296875,15000,SENSEX,BSE_INDEX,yfinance,1d
2023-11-01,63829.87109375,63896.05078125,63550.4609375,63591.328125,6100,SENSEX,BSE_INDEX,yfinance,1d
2023-11-02,64033.3984375,64202.640625,63815.3515625,64080.8984375,6400,SENSEX,BSE_INDEX,yfinance,1d
2023-11-03,64444.8984375,64535.19140625,64275.390625,64363.78125,16100,SENSEX,BSE_INDEX,yfinance,1d
2023-11-06,64835.23046875,64992.5390625,64617.48046875,64958.69140625,8100,SENSEX,BSE_INDEX,yfinance,1d
2023-11-07,65021.2890625,65021.2890625,64638.1015625,64942.3984375,7700,SENSEX,BSE_INDEX,yfinance,1d
2023-11-08,65101.94921875,65124.0,64851.05859375,64975.609375,6400,SENSEX,BSE_INDEX,yfinance,1d
2023-11-09,65025.3203125,65046.55859375,64768.76171875,64832.19921875,11600,SENSEX,BSE_INDEX,yfinance,1d
2023-11-10,64756.109375,65014.05859375,64580.94921875,64904.6796875,11100,SENSEX,BSE_INDEX,yfinance,1d
2023-11-13,65158.30859375,65176.9609375,64853.359375,64933.87109375,7700,SENSEX,BSE_INDEX,yfinance,1d
2023-11-15,65461.5390625,65747.6484375,65373.5,65675.9296875,7500,SENSEX,BSE_INDEX,yfinance,1d
2023-11-16,65665.8671875,66358.3671875,65507.01953125,65982.4765625,11600,SENSEX,BSE_INDEX,yfinance,1d
2023-11-17,65788.7890625,66037.6875,65639.7421875,65794.7265625,10900,SENSEX,BSE_INDEX,yfinance,1d
2023-11-20,65787.5078125,65844.0078125,65547.796875,65655.1484375,7200,SENSEX,BSE_INDEX,yfinance,1d
2023-11-21,65860.4609375,66082.359375,65849.171875,65930.7734375,5400,SENSEX,BSE_INDEX,yfinance,1d
2023-11-22,65839.6171875,66063.4296875,65664.8515625,66023.2421875,4300,SENSEX,BSE_INDEX,yfinance,1d
2023-11-23,66084.3671875,66235.2421875,65980.5,66017.8125,7500,SENSEX,BSE_INDEX,yfinance,1d
2023-11-24,66000.2890625,66101.640625,65894.046875,65970.0390625,10800,SENSEX,BSE_INDEX,yfinance,1d
2023-11-28,66063.71875,66256.203125,65906.6484375,66174.203125,5100,SENSEX,BSE_INDEX,yfinance,1d
2023-11-29,66381.2578125,66946.28125,66374.5234375,66901.90625,8300,SENSEX,BSE_INDEX,yfinance,1d
2023-11-30,66963.203125,67069.890625,66610.3515625,66988.4375,11100,SENSEX,BSE_INDEX,yfinance,1d
2023-12-01,67181.1484375,67564.328125,67149.0703125,67481.1875,21700,SENSEX,BSE_INDEX,yfinance,1d
2023-12-04,68435.34375,68918.21875,68274.46875,68865.1171875,30900,SENSEX,BSE_INDEX,yfinance,1d
2023-12-05,69168.53125,69381.3125,68954.8828125,69296.140625,9600,SENSEX,BSE_INDEX,yfinance,1d
2023-12-06,69534.9296875,69744.6171875,69395.0078125,69653.7265625,10400,SENSEX,BSE_INDEX,yfinance,1d
2023-12-07,69694.1484375,69695.328125,69320.53125,69521.6875,26000,SENSEX,BSE_INDEX,yfinance,1d
2023-12-08,69666.3828125,69893.796875,69506.1171875,69825.6015625,18200,SENSEX,BSE_INDEX,yfinance,1d
2023-12-11,69925.6328125,70057.828125,69782.4765625,69928.53125,12400,SENSEX,BSE_INDEX,yfinance,1d
2023-12-12,70020.6796875,70033.640625,69443.8515625,69551.03125,7000,SENSEX,BSE_INDEX,yfinance,1d
2023-12-13,69648.5625,69657.9296875,69100.5625,69584.6015625,7100,SENSEX,BSE_INDEX,yfinance,1d
2023-12-14,70146.09375,70602.890625,70110.75,70514.203125,12200,SENSEX,BSE_INDEX,yfinance,1d
2023-12-15,70804.1328125,71605.7578125,70655.96875,71483.75,25100,SENSEX,BSE_INDEX,yfinance,1d
2023-12-18,71437.3515625,71552.2421875,71142.2890625,71315.09375,12500,SENSEX,BSE_INDEX,yfinance,1d
2023-12-19,71479.28125,71623.7109375,71071.9765625,71437.1875,8600,SENSEX,BSE_INDEX,yfinance,1d
2023-12-20,71647.65625,71913.0703125,70302.6015625,70506.3125,13200,SENSEX,BSE_INDEX,yfinance,1d
2023-12-21,69920.890625,70958.7109375,69920.390625,70865.1015625,8800,SENSEX,BSE_INDEX,yfinance,1d
2023-12-22,71045.6484375,71259.546875,70713.5625,71106.9609375,15300,SENSEX,BSE_INDEX,yfinance,1d
2023-12-26,71097.78125,71471.2890625,71012.078125,71336.796875,7700,SENSEX,BSE_INDEX,yfinance,1d
2023-12-27,71492.0234375,72119.8515625,71473.6484375,72038.4296875,9800,SENSEX,BSE_INDEX,yfinance,1d
2023-12-28,72262.671875,72484.34375,72137.453125,72410.3828125,7800,SENSEX,BSE_INDEX,yfinance,1d
2023-12-29,72351.59375,72417.0078125,72082.640625,72240.2578125,19800,SENSEX,BSE_INDEX,yfinance,1d
2024-01-02,72332.8515625,72332.8515625,71613.7421875,71892.4765625,300,SENSEX,BSE_INDEX,yfinance,1d
2024-01-03,71832.6171875,71862.0,71303.96875,71356.6015625,13600,SENSEX,BSE_INDEX,yfinance,1d
2024-01-04,71678.9296875,71954.7890625,71546.6015625,71847.5703125,8900,SENSEX,BSE_INDEX,yfinance,1d
2024-01-05,72016.7109375,72156.4765625,71779.828125,72026.1484375,14900,SENSEX,BSE_INDEX,yfinance,1d
2024-01-08,72113.25,72181.7734375,71301.0390625,71355.21875,10900,SENSEX,BSE_INDEX,yfinance,1d
2024-01-09,71770.90625,72035.46875,71307.2734375,71386.2109375,9500,SENSEX,BSE_INDEX,yfinance,1d
2024-01-10,71383.203125,71733.84375,71110.9765625,71657.7109375,9400,SENSEX,BSE_INDEX,yfinance,1d
2024-01-11,71907.75,71999.46875,71543.1875,71721.1796875,7800,SENSEX,BSE_INDEX,yfinance,1d
2024-01-12,72148.0703125,72720.9609375,71982.2890625,72568.453125,20400,SENSEX,BSE_INDEX,yfinance,1d
2024-01-15,73049.8671875,73402.15625,72909.0,73327.9375,16000,SENSEX,BSE_INDEX,yfinance,1d
2024-01-16,73331.953125,73427.59375,72960.2890625,73128.7734375,11200,SENSEX,BSE_INDEX,yfinance,1d
2024-01-17,71998.9296875,72484.796875,71429.296875,71500.7578125,14100,SENSEX,BSE_INDEX,yfinance,1d
2024-01-18,71018.859375,71451.2890625,70665.5,71186.859375,13000,SENSEX,BSE_INDEX,yfinance,1d
2024-01-19,71786.7421875,71895.640625,71542.7421875,71683.2265625,25500,SENSEX,BSE_INDEX,yfinance,1d
2024-01-23,71868.203125,72039.203125,70234.546875,70370.546875,11400,SENSEX,BSE_INDEX,yfinance,1d
2024-01-24,70165.4921875,71149.609375,70001.6015625,71060.3125,15600,SENSEX,BSE_INDEX,yfinance,1d
2024-01-25,71022.1015625,71049.4609375,70319.0390625,70700.671875,36700,SENSEX,BSE_INDEX,yfinance,1d
2024-01-29,70968.1015625,72010.21875,70880.5390625,71941.5703125,13900,SENSEX,BSE_INDEX,yfinance,1d
2024-01-30,72000.203125,72142.2265625,71075.71875,71139.8984375,12900,SENSEX,BSE_INDEX,yfinance,1d
2024-01-31,71073.0390625,71851.390625,70846.0390625,71752.109375,11000,SENSEX,BSE_INDEX,yfinance,1d
2024-02-01,71998.78125,72151.0234375,71574.890625,71645.296875,11500,SENSEX,BSE_INDEX,yfinance,1d
2024-02-02,71977.5625,73089.3984375,71948.7734375,72085.6328125,19400,SENSEX,BSE_INDEX,yfinance,1d
2024-02-05,72269.1171875,72385.9296875,71602.140625,71731.421875,19900,SENSEX,BSE_INDEX,yfinance,1d
2024-02-06,71970.8203125,72261.3984375,71625.1796875,72186.09375,10500,SENSEX,BSE_INDEX,yfinance,1d
2024-02-07,72548.5,72559.2109375,71938.21875,72152.0,12800,SENSEX,BSE_INDEX,yfinance,1d
2024-02-08,72473.421875,72473.421875,71230.6171875,71428.4296875,14500,SENSEX,BSE_INDEX,yfinance,1d
2024-02-09,71410.2890625,71676.4921875,71200.3125,71595.4921875,19000,SENSEX,BSE_INDEX,yfinance,1d
2024-02-12,71722.3125,71756.578125,70922.5703125,71072.4921875,10700,SENSEX,BSE_INDEX,yfinance,1d
2024-02-13,71292.078125,71662.7421875,70924.296875,71555.1875,8100,SENSEX,BSE_INDEX,yfinance,1d
2024-02-14,71035.25,71938.59375,70809.84375,71822.828125,10700,SENSEX,BSE_INDEX,yfinance,1d
2024-02-15,72061.46875,72164.96875,71644.4375,72050.3828125,8200,SENSEX,BSE_INDEX,yfinance,1d
2024-02-16,72406.0234375,72545.328125,72218.1015625,72426.640625,15200,SENSEX,BSE_INDEX,yfinance,1d
2024-02-19,72627.6015625,72881.9296875,72308.6796875,72708.15625,0,SENSEX,BSE_INDEX,yfinance,1d
2024-02-20,72727.8671875,73130.6875,72510.2421875,73057.3984375,7700,SENSEX,BSE_INDEX,yfinance,1d
2024-02-21,73267.4765625,73267.796875,72450.5625,72623.09375,13900,SENSEX,BSE_INDEX,yfinance,1d
2024-02-22,72677.5078125,73256.390625,72081.359375,73158.2421875,9100,SENSEX,BSE_INDEX,yfinance,1d
2024-02-23,73394.4375,73413.9296875,73022.0,73142.796875,11900,SENSEX,BSE_INDEX,yfinance,1d
2024-02-26,73044.8125,73092.2578125,72666.8203125,72790.1328125,7900,SENSEX,BSE_INDEX,yfinance,1d
2024-02-27,72723.53125,73161.296875,72660.1328125,73095.21875,8300,SENSEX,BSE_INDEX,yfinance,1d
2024-02-28,73162.8203125,73223.109375,72222.2890625,72304.8828125,6200,SENSEX,BSE_INDEX,yfinance,1d
2024-02-29,72220.5703125,72730.0,72099.3203125,72500.296875,18600,SENSEX,BSE_INDEX,yfinance,1d
2024-03-01,72606.3125,73819.2109375,72591.140625,73745.3515625,20700,SENSEX,BSE_INDEX,yfinance,1d
2024-03-04,73903.09375,73990.1328125,73747.0078125,73872.2890625,14200,SENSEX,BSE_INDEX,yfinance,1d
2024-03-05,73767.421875,73915.5390625,73412.25,73677.1328125,21200,SENSEX,BSE_INDEX,yfinance,1d
2024-03-06,73587.703125,74151.2734375,73321.4765625,74085.9921875,13300,SENSEX,BSE_INDEX,yfinance,1d
2024-03-07,74242.7421875,74245.171875,73921.4765625,74119.390625,16000,SENSEX,BSE_INDEX,yfinance,1d
2024-03-11,74175.9296875,74187.3515625,73433.90625,73502.640625,9800,SENSEX,BSE_INDEX,yfinance,1d
2024-03-12,73516.421875,74004.15625,73342.1171875,73667.9609375,9600,SENSEX,BSE_INDEX,yfinance,1d
2024-03-13,73993.3984375,74052.75,72515.7109375,72761.890625,452000,SENSEX,BSE_INDEX,yfinance,1d
2024-03-14,72570.1015625,73364.296875,72497.1875,73097.28125,10000,SENSEX,BSE_INDEX,yfinance,1d
2024-03-15,72886.7734375,72998.0703125,72484.8203125,72643.4296875,22300,SENSEX,BSE_INDEX,yfinance,1d
2024-03-18,72587.296875,72985.890625,72314.15625,72748.421875,11000,SENSEX,BSE_INDEX,yfinance,1d
2024-03-19,72462.9375,72490.09375,71933.3515625,72012.046875,38400,SENSEX,BSE_INDEX,yfinance,1d
2024-03-20,72036.859375,72402.671875,71674.421875,72101.6875,8300,SENSEX,BSE_INDEX,yfinance,1d
2024-03-21,72507.359375,72882.4609375,72416.03125,72641.1875,12900,SENSEX,BSE_INDEX,yfinance,1d
2024-03-22,72231.65625,73115.6171875,72172.09375,72831.9375,26100,SENSEX,BSE_INDEX,yfinance,1d
2024-03-26,72396.96875,72705.2890625,72363.03125,72470.296875,30600,SENSEX,BSE_INDEX,yfinance,1d
2024-03-27,72692.15625,73138.7265625,72600.7265625,72996.3125,9400,SENSEX,BSE_INDEX,yfinance,1d
2024-03-28,73149.34375,74190.3125,73120.328125,73651.3515625,14900,SENSEX,BSE_INDEX,yfinance,1d
2024-04-01,73968.6171875,74254.6171875,73909.390625,74014.546875,0,SENSEX,BSE_INDEX,yfinance,1d
2024-04-02,74022.296875,74099.78125,73743.7734375,73903.90625,6300,SENSEX,BSE_INDEX,yfinance,1d
2024-04-03,73757.2265625,74151.2109375,73540.2734375,73876.8203125,7900,SENSEX,BSE_INDEX,yfinance,1d
2024-04-04,74413.8203125,74501.7265625,73485.1171875,74227.6328125,10700,SENSEX,BSE_INDEX,yfinance,1d
2024-04-05,74287.0234375,74361.109375,73946.921875,74248.21875,11300,SENSEX,BSE_INDEX,yfinance,1d
2024-04-08,74555.4375,74869.296875,74410.0703125,74742.5,8300,SENSEX,BSE_INDEX,yfinance,1d
2024-04-09,75124.28125,75124.28125,74603.3671875,74683.703125,41000,SENSEX,BSE_INDEX,yfinance,1d
2024-04-10,74953.9609375,75105.140625,74807.546875,75038.1484375,7100,SENSEX,BSE_INDEX,yfinance,1d
2024-04-12,74889.640625,74951.8828125,74189.3125,74244.8984375,15600,SENSEX,BSE_INDEX,yfinance,1d
2024-04-15,73315.15625,73905.796875,73315.15625,73399.78125,12800,SENSEX,BSE_INDEX,yfinance,1d
2024-04-16,72892.140625,73135.4296875,72685.03125,72943.6796875,9200,SENSEX,BSE_INDEX,yfinance,1d
2024-04-18,73183.1015625,73473.046875,72365.671875,72488.9921875,12400,SENSEX,BSE_INDEX,yfinance,1d
2024-04-19,71999.6484375,73210.171875,71816.4609375,73088.328125,16200,SENSEX,BSE_INDEX,yfinance,1d
2024-04-22,73666.5078125,73767.796875,73227.3203125,73648.6171875,11100,SENSEX,BSE_INDEX,yfinance,1d
2024-04-23,74048.9375,74059.890625,73688.3125,73738.453125,6400,SENSEX,BSE_INDEX,yfinance,1d
2024-04-24,73957.5703125,74121.609375,73788.609375,73852.9375,6600,SENSEX,BSE_INDEX,yfinance,1d
2024-04-25,73572.34375,74571.25,73556.1484375,74339.4375,11800,SENSEX,BSE_INDEX,yfinance,1d
2024-04-26,74509.3125,74515.90625,73616.6484375,73730.15625,13700,SENSEX,BSE_INDEX,yfinance,1d
2024-04-29,73982.75,74721.1484375,73922.34375,74671.28125,9900,SENSEX,BSE_INDEX,yfinance,1d
2024-04-30,74800.890625,75111.390625,74346.3984375,74482.78125,8400,SENSEX,BSE_INDEX,yfinance,1d
2024-05-02,74391.7265625,74812.4296875,74360.6875,74611.109375,18400,SENSEX,BSE_INDEX,yfinance,1d
2024-05-03,75017.8203125,75095.1796875,73467.7265625,73878.1484375,15600,SENSEX,BSE_INDEX,yfinance,1d
2024-05-06,74196.6796875,74359.6875,73786.2890625,73895.5390625,11200,SENSEX,BSE_INDEX,yfinance,1d
2024-05-07,73973.296875,74026.796875,73259.2578125,73511.8515625,7900,SENSEX,BSE_INDEX,yfinance,1d
2024-05-08,73225.0,73684.9296875,73073.921875,73466.390625,6500,SENSEX,BSE_INDEX,yfinance,1d
2024-05-09,73499.4921875,73499.4921875,72334.1796875,72404.171875,9200,SENSEX,BSE_INDEX,yfinance,1d
2024-05-10,72475.453125,72946.5390625,72366.2890625,72664.46875,11000,SENSEX,BSE_INDEX,yfinance,1d
2024-05-13,72476.6484375,72863.5625,71866.0078125,72776.1328125,13900,SENSEX,BSE_INDEX,yfinance,1d
2024-05-14,72696.71875,73286.2578125,72683.9921875,73104.609375,7100,SENSEX,BSE_INDEX,yfinance,1d
2024-05-15,73200.2265625,73301.46875,72822.65625,72987.03125,7700,SENSEX,BSE_INDEX,yfinance,1d
2024-05-16,73338.2421875,73749.46875,72529.96875,73663.71875,9700,SENSEX,BSE_INDEX,yfinance,1d
2024-05-17,73711.3125,74070.84375,73459.796875,73917.03125,11900,SENSEX,BSE_INDEX,yfinance,1d
2024-05-21,73842.9609375,74189.1875,73762.3671875,73953.3125,11000,SENSEX,BSE_INDEX,yfinance,1d
2024-05-22,74165.5234375,74307.7890625,73860.328125,74221.0625,6200,SENSEX,BSE_INDEX,yfinance,1d
2024-05-23,74253.53125,75499.90625,74158.3515625,75418.0390625,11900,SENSEX,BSE_INDEX,yfinance,1d
2024-05-24,75335.453125,75636.5,75244.21875,75410.390625,10300,SENSEX,BSE_INDEX,yfinance,1d
2024-05-27,75655.4609375,76009.6796875,75175.2734375,75390.5,10200,SENSEX,BSE_INDEX,yfinance,1d
2024-05-28,75585.3984375,75585.3984375,75083.21875,75170.453125,6900,SENSEX,BSE_INDEX,yfinance,1d
2024-05-29,74826.9375,74986.21875,74454.546875,74502.8984375,8200,SENSEX,BSE_INDEX,yfinance,1d
2024-05-30,74365.8828125,74493.546875,73668.7265625,73885.6015625,11800,SENSEX,BSE_INDEX,yfinance,1d
2024-05-31,74208.53125,74478.890625,73765.1484375,73961.3125,19200,SENSEX,BSE_INDEX,yfinance,1d
2024-06-03,76583.2890625,76738.890625,75678.4296875,76468.78125,19300,SENSEX,BSE_INDEX,yfinance,1d
2024-06-04,76285.78125,76300.4609375,70234.4296875,72079.046875,39100,SENSEX,BSE_INDEX,yfinance,1d
2024-06-05,73027.8828125,74534.8203125,71879.4375,74382.2421875,17200,SENSEX,BSE_INDEX,yfinance,1d
2024-06-06,75078.703125,75297.7265625,74474.9375,75074.5078125,13300,SENSEX,BSE_INDEX,yfinance,1d
2024-06-07,75031.7890625,76795.3125,74941.8828125,76693.359375,29000,SENSEX,BSE_INDEX,yfinance,1d
2024-06-10,76935.40625,77079.0390625,76379.7265625,76490.078125,17300,SENSEX,BSE_INDEX,yfinance,1d
2024-06-11,76680.8984375,76860.53125,76296.4375,76456.59375,6700,SENSEX,BSE_INDEX,yfinance,1d
2024-06-12,76679.109375,77050.53125,76533.78125,76606.5703125,9700,SENSEX,BSE_INDEX,yfinance,1d
2024-06-13,77102.046875,77145.4609375,76719.703125,76810.8984375,7500,SENSEX,BSE_INDEX,yfinance,1d
2024-06-14,76912.3828125,77081.296875,76549.046875,76992.7734375,12400,SENSEX,BSE_INDEX,yfinance,1d
2024-06-18,77235.3125,77366.7734375,77071.4375,77301.140625,7400,SENSEX,BSE_INDEX,yfinance,1d
2024-06-19,77543.21875,77851.6328125,76954.8671875,77337.59375,11100,SENSEX,BSE_INDEX,yfinance,1d
2024-06-20,77554.828125,77643.09375,77100.359375,77478.9296875,8700,SENSEX,BSE_INDEX,yfinance,1d
2024-06-21,77729.4765625,77808.453125,76802.0,77209.8984375,23200,SENSEX,BSE_INDEX,yfinance,1d
2024-06-24,76885.6484375,77423.0234375,76745.9375,77341.078125,13900,SENSEX,BSE_INDEX,yfinance,1d
2024-06-25,77529.1875,78164.7109375,77459.6015625,78053.5234375,8800,SENSEX,BSE_INDEX,yfinance,1d
2024-06-26,78094.0234375,78759.3984375,77945.9375,78674.25,8600,SENSEX,BSE_INDEX,yfinance,1d
2024-06-27,78758.671875,79396.03125,78467.34375,79243.1796875,9600,SENSEX,BSE_INDEX,yfinance,1d
2024-06-28,79457.578125,79671.578125,78905.890625,79032.7265625,17200,SENSEX,BSE_INDEX,yfinance,1d
2024-07-01,79043.3515625,79561.0,78971.7890625,79476.1875,0,SENSEX,BSE_INDEX,yfinance,1d
2024-07-02,79840.3671875,79855.8671875,79231.109375,79441.453125,0,SENSEX,BSE_INDEX,yfinance,1d
2024-07-03,80013.7734375,80074.296875,79754.953125,79986.796875,0,SENSEX,BSE_INDEX,yfinance,1d
2024-07-04,80321.7890625,80392.640625,79986.40625,80049.671875,8800,SENSEX,BSE_INDEX,yfinance,1d
2024-07-05,79778.9765625,80149.8671875,79478.9609375,79996.6015625,16200,SENSEX,BSE_INDEX,yfinance,1d
2024-07-08,79915.0,80067.4609375,79731.828125,79960.3828125,14100,SENSEX,BSE_INDEX,yfinance,1d
2024-07-09,80107.2109375,80397.171875,79998.5625,80351.640625,6200,SENSEX,BSE_INDEX,yfinance,1d
2024-07-10,80481.359375,80481.359375,79435.7578125,79924.7734375,9300,SENSEX,BSE_INDEX,yfinance,1d
2024-07-11,80170.09375,80170.09375,79464.3828125,79897.34375,8200,SENSEX,BSE_INDEX,yfinance,1d
2024-07-12,80093.6171875,80893.5078125,79843.390625,80519.34375,18400,SENSEX,BSE_INDEX,yfinance,1d
2024-07-15,80686.5390625,80862.5390625,80556.96875,80664.859375,16200,SENSEX,BSE_INDEX,yfinance,1d
2024-07-16,80731.4921875,80898.296875,80598.0625,80716.546875,8700,SENSEX,BSE_INDEX,yfinance,1d
2024-07-18,80514.25,81522.546875,80390.3671875,81343.4609375,9300,SENSEX,BSE_INDEX,yfinance,1d
2024-07-19,81585.0625,81587.7578125,80499.1015625,80604.6484375,16100,SENSEX,BSE_INDEX,yfinance,1d
2024-07-22,80408.8984375,80800.921875,80100.6484375,80502.078125,11400,SENSEX,BSE_INDEX,yfinance,1d
2024-07-23,80724.296875,80766.40625,79224.3203125,80429.0390625,13100,SENSEX,BSE_INDEX,yfinance,1d
2024-07-24,80343.3828125,80519.578125,79750.5078125,80148.8828125,9900,SENSEX,BSE_INDEX,yfinance,1d
2024-07-25,79542.109375,80143.1015625,79477.828125,80039.796875,9700,SENSEX,BSE_INDEX,yfinance,1d
2024-07-26,80158.5,81427.1796875,80013.6015625,81332.71875,18400,SENSEX,BSE_INDEX,yfinance,1d
2024-07-29,81679.6484375,81908.4296875,81135.90625,81355.84375,19400,SENSEX,BSE_INDEX,yfinance,1d
2024-07-30,81349.28125,81815.2734375,81230.4375,81455.3984375,10800,SENSEX,BSE_INDEX,yfinance,1d
2024-07-31,81655.8984375,81828.0390625,81434.3203125,81741.34375,6900,SENSEX,BSE_INDEX,yfinance,1d
2024-08-01,81949.6796875,82129.4921875,81700.2109375,81867.546875,14500,SENSEX,BSE_INDEX,yfinance,1d
2024-08-02,81158.9921875,81345.6015625,80868.90625,80981.953125,19500,SENSEX,BSE_INDEX,yfinance,1d
2024-08-05,78588.1875,79780.609375,78295.859375,78759.3984375,25100,SENSEX,BSE_INDEX,yfinance,1d
2024-08-06,78981.96875,79852.078125,78496.5703125,78593.0703125,8900,SENSEX,BSE_INDEX,yfinance,1d
2024-08-07,79565.3984375,79639.203125,79106.203125,79468.0078125,8600,SENSEX,BSE_INDEX,yfinance,1d
2024-08-08,79420.4921875,79626.921875,78798.9375,78886.21875,8900,SENSEX,BSE_INDEX,yfinance,1d
2024-08-09,79984.2421875,79984.2421875,79549.09375,79705.90625,8800,SENSEX,BSE_INDEX,yfinance,1d
2024-08-12,79330.1171875,80106.1796875,79226.1328125,79648.921875,10500,SENSEX,BSE_INDEX,yfinance,1d
2024-08-13,79552.5078125,79692.546875,78889.3828125,78956.03125,7400,SENSEX,BSE_INDEX,yfinance,1d
2024-08-14,79065.21875,79228.9375,78895.71875,79105.8828125,10700,SENSEX,BSE_INDEX,yfinance,1d
2024-08-16,79754.8515625,80518.2109375,79306.6875,80436.84375,13100,SENSEX,BSE_INDEX,yfinance,1d
2024-08-19,80680.25,80724.3984375,80332.6484375,80424.6796875,10300,SENSEX,BSE_INDEX,yfinance,1d
2024-08-20,80722.5390625,80942.9609375,80517.953125,80802.859375,6600,SENSEX,BSE_INDEX,yfinance,1d
2024-08-21,80667.25,80952.828125,80626.3828125,80905.296875,5800,SENSEX,BSE_INDEX,yfinance,1d
2024-08-22,81207.2421875,81236.453125,80954.0234375,81053.1875,5800,SENSEX,BSE_INDEX,yfinance,1d
2024-08-23,81165.6484375,81231.4921875,80883.2578125,81086.2109375,10400,SENSEX,BSE_INDEX,yfinance,1d
2024-08-26,81388.2578125,81824.2734375,81278.4375,81698.109375,16200,SENSEX,BSE_INDEX,yfinance,1d
2024-08-27,81815.2265625,81919.109375,81600.5078125,81711.7578125,5700,SENSEX,BSE_INDEX,yfinance,1d
2024-08-28,81779.84375,82039.2578125,81578.3203125,81785.5625,5100,SENSEX,BSE_INDEX,yfinance,1d
2024-08-29,81822.5625,82285.828125,81682.78125,82134.609375,8400,SENSEX,BSE_INDEX,yfinance,1d
2024-08-30,82637.03125,82637.03125,82256.0234375,82365.7734375,10300,SENSEX,BSE_INDEX,yfinance,1d
2024-09-02,82725.28125,82725.28125,82440.9296875,82559.84375,9500,SENSEX,BSE_INDEX,yfinance,1d
2024-09-03,82652.6875,82675.0625,82400.7578125,82555.4375,4300,SENSEX,BSE_INDEX,yfinance,1d
2024-09-04,81845.5,82408.5390625,81833.6875,82352.640625,9100,SENSEX,BSE_INDEX,yfinance,1d
2024-09-05,82469.7890625,82617.4921875,82130.4375,82201.15625,7000,SENSEX,BSE_INDEX,yfinance,1d
2024-09-06,82171.078125,82254.7890625,80981.9296875,81183.9296875,14500,SENSEX,BSE_INDEX,yfinance,1d
2024-09-09,80973.75,81653.359375,80895.046875,81559.5390625,7800,SENSEX,BSE_INDEX,yfinance,1d
2024-09-10,81768.71875,82196.546875,81445.296875,81921.2890625,5600,SENSEX,BSE_INDEX,yfinance,1d
2024-09-11,81928.1171875,82134.953125,81423.140625,81523.15625,7800,SENSEX,BSE_INDEX,yfinance,1d
2024-09-12,81930.1796875,83116.1875,81534.2890625,82962.7109375,8300,SENSEX,BSE_INDEX,yfinance,1d
2024-09-13,83091.546875,83092.9296875,82653.21875,82890.9375,12700,SENSEX,BSE_INDEX,yfinance,1d
2024-09-16,82985.328125,83184.34375,82832.8203125,82988.78125,6900,SENSEX,BSE_INDEX,yfinance,1d
2024-09-17,83084.6328125,83152.40625,82866.6796875,83079.65625,9800,SENSEX,BSE_INDEX,yfinance,1d
2024-09-18,83037.1328125,83326.3828125,82700.6328125,82948.2265625,5100,SENSEX,BSE_INDEX,yfinance,1d
2024-09-19,83359.171875,83773.609375,83071.65625,83184.796875,6600,SENSEX,BSE_INDEX,yfinance,1d
2024-09-20,83603.0390625,84694.4609375,83187.640625,84544.3125,28700,SENSEX,BSE_INDEX,yfinance,1d
2024-09-23,84651.1484375,84980.53125,84607.3828125,84928.609375,11100,SENSEX,BSE_INDEX,yfinance,1d
2024-09-24,84860.7265625,85163.2265625,84716.0703125,84914.0390625,8700,SENSEX,BSE_INDEX,yfinance,1d
2024-09-25,84836.453125,85247.421875,84743.0390625,85169.8671875,13500,SENSEX,BSE_INDEX,yfinance,1d
2024-09-26,85167.5625,85930.4296875,85106.7421875,85836.1171875,9100,SENSEX,BSE_INDEX,yfinance,1d
2024-09-27,85893.84375,85978.25,85474.578125,85571.8515625,9400,SENSEX,BSE_INDEX,yfinance,1d
2024-09-30,85208.7578125,85359.6484375,84257.140625,84299.78125,11000,SENSEX,BSE_INDEX,yfinance,1d
2024-10-01,84257.171875,84648.3984375,84098.9375,84266.2890625,6000,SENSEX,BSE_INDEX,yfinance,1d
2024-10-03,83002.09375,83752.8125,82434.0234375,82497.1015625,19700,SENSEX,BSE_INDEX,yfinance,1d
2024-10-04,82244.25,83368.3203125,81532.6796875,81688.453125,19200,SENSEX,BSE_INDEX,yfinance,1d
2024-10-07,81926.9921875,82137.7734375,80726.0625,81050.0,17700,SENSEX,BSE_INDEX,yfinance,1d
2024-10-08,80826.5625,81763.28125,80813.0703125,81634.8125,7200,SENSEX,BSE_INDEX,yfinance,1d
2024-10-09,81954.578125,82319.2109375,81342.890625,81467.1015625,7500,SENSEX,BSE_INDEX,yfinance,1d
2024-10-10,81832.65625,82002.84375,81538.9375,81611.40625,7600,SENSEX,BSE_INDEX,yfinance,1d
2024-10-11,81478.4921875,81671.3828125,81304.1484375,81381.359375,8700,SENSEX,BSE_INDEX,yfinance,1d
2024-10-14,81576.9296875,82072.171875,81541.203125,81973.046875,7700,SENSEX,BSE_INDEX,yfinance,1d
2024-10-15,82101.859375,82300.4375,81635.5703125,81820.1171875,5500,SENSEX,BSE_INDEX,yfinance,1d
2024-10-16,81646.6015625,81932.1484375,81358.2578125,81501.359375,5600,SENSEX,BSE_INDEX,yfinance,1d
2024-10-17,81758.0703125,81781.3984375,80905.640625,81006.609375,6800,SENSEX,BSE_INDEX,yfinance,1d
2024-10-18,80749.2578125,81391.1484375,80409.25,81224.75,9300,SENSEX,BSE_INDEX,yfinance,1d
2024-10-21,81770.0234375,81770.0234375,80811.2265625,81151.2734375,7600,SENSEX,BSE_INDEX,yfinance,1d
2024-10-22,81155.078125,81504.2421875,80149.53125,80220.71875,5600,SENSEX,BSE_INDEX,yfinance,1d
2024-10-23,79921.1328125,80646.3125,79891.6796875,80081.9765625,6200,SENSEX,BSE_INDEX,yfinance,1d
2024-10-24,80098.296875,80259.8203125,79813.0234375,80065.15625,4800,SENSEX,BSE_INDEX,yfinance,1d
2024-10-25,80187.34375,80253.1875,79137.9765625,79402.2890625,13900,SENSEX,BSE_INDEX,yfinance,1d
2024-10-28,79653.671875,80539.8125,79418.8203125,80005.0390625,10800,SENSEX,BSE_INDEX,yfinance,1d
2024-10-29,80037.203125,80450.4765625,79421.3515625,80369.03125,9600,SENSEX,BSE_INDEX,yfinance,1d
2024-10-30,80237.8515625,80435.609375,79821.9921875,79942.1796875,5900,SENSEX,BSE_INDEX,yfinance,1d
2024-10-31,80044.953125,80044.953125,79287.9296875,79389.0625,9300,SENSEX,BSE_INDEX,yfinance,1d
2024-11-01,80023.75,80023.75,79655.546875,79724.1171875,2300,SENSEX,BSE_INDEX,yfinance,1d
2024-11-04,79713.140625,79713.140625,78232.6015625,78782.2421875,9500,SENSEX,BSE_INDEX,yfinance,1d
2024-11-05,78542.15625,79523.1328125,78296.703125,79476.6328125,8600,SENSEX,BSE_INDEX,yfinance,1d
2024-11-06,79771.8203125,80569.7265625,79459.1171875,80378.1328125,20200,SENSEX,BSE_INDEX,yfinance,1d
2024-11-07,80563.421875,80563.421875,79419.34375,79541.7890625,8200,SENSEX,BSE_INDEX,yfinance,1d
2024-11-08,79611.8984375,79807.2578125,79117.3671875,79486.3203125,10300,SENSEX,BSE_INDEX,yfinance,1d
2024-11-11,79298.4609375,80102.140625,79001.34375,79496.1484375,16900,SENSEX,BSE_INDEX,yfinance,1d
2024-11-12,79644.953125,79820.9765625,78547.84375,78675.1796875,6400,SENSEX,BSE_INDEX,yfinance,1d
2024-11-13,78495.53125,78690.0234375,77533.296875,77690.953125,7400,SENSEX,BSE_INDEX,yfinance,1d
2024-11-14,77636.9375,78055.5234375,77424.8125,77580.3125,10100,SENSEX,BSE_INDEX,yfinance,1d
2024-11-18,77863.5390625,77886.96875,76965.0625,77339.0078125,8200,SENSEX,BSE_INDEX,yfinance,1d
2024-11-19,77548.0,78451.6484375,77411.3125,77578.3828125,7200,SENSEX,BSE_INDEX,yfinance,1d
2024-11-21,77711.109375,77711.109375,76802.7265625,77155.7890625,8800,SENSEX,BSE_INDEX,yfinance,1d
2024-11-22,77349.7421875,79218.1875,77226.6875,79117.109375,17100,SENSEX,BSE_INDEX,yfinance,1d
2024-11-25,80193.46875,80473.078125,79765.9921875,80109.8515625,14000,SENSEX,BSE_INDEX,yfinance,1d
2024-11-26,80415.46875,80482.359375,79798.671875,80004.0625,10400,SENSEX,BSE_INDEX,yfinance,1d
2024-11-27,80121.03125,80511.1484375,79844.4921875,80234.078125,5700,SENSEX,BSE_INDEX,yfinance,1d
2024-11-28,80281.640625,80447.3984375,78918.921875,79043.7421875,7900,SENSEX,BSE_INDEX,yfinance,1d
2024-11-29,79032.9921875,79923.8984375,79026.1796875,79802.7890625,8900,SENSEX,BSE_INDEX,yfinance,1d
2024-12-02,79743.8671875,80337.8203125,79308.953125,80248.078125,7300,SENSEX,BSE_INDEX,yfinance,1d
2024-12-03,80529.203125,80949.1015625,80244.78125,80845.75,9400,SENSEX,BSE_INDEX,yfinance,1d
2024-12-04,81036.21875,81245.390625,80630.53125,80956.328125,7200,SENSEX,BSE_INDEX,yfinance,1d
2024-12-05,81182.7421875,82317.7421875,80467.3671875,81765.859375,7500,SENSEX,BSE_INDEX,yfinance,1d
2024-12-06,81887.5390625,81925.90625,81506.1875,81709.1171875,8800,SENSEX,BSE_INDEX,yfinance,1d
2024-12-09,81602.578125,81783.28125,81411.546875,81508.4609375,6400,SENSEX,BSE_INDEX,yfinance,1d
2024-12-10,81575.9609375,81726.34375,81182.6875,81510.046875,5600,SENSEX,BSE_INDEX,yfinance,1d
2024-12-11,81568.390625,81742.3671875,81383.421875,81526.140625,6300,SENSEX,BSE_INDEX,yfinance,1d
2024-12-12,81476.7578125,81680.96875,81211.640625,81289.9609375,7800,SENSEX,BSE_INDEX,yfinance,1d
2024-12-13,81212.453125,82213.921875,80082.8203125,82133.1171875,11300,SENSEX,BSE_INDEX,yfinance,1d
2024-12-16,82000.3125,82116.4375,81551.28125,81748.5703125,5200,SENSEX,BSE_INDEX,yfinance,1d
2024-12-17,81511.8125,81613.640625,80612.203125,80684.453125,4900,SENSEX,BSE_INDEX,yfinance,1d
2024-12-18,80666.2578125,80868.0234375,80050.0703125,80182.203125,4700,SENSEX,BSE_INDEX,yfinance,1d
2024-12-19,79029.03125,79516.171875,79020.078125,79218.046875,6500,SENSEX,BSE_INDEX,yfinance,1d
2024-12-20,79335.4765625,79587.1484375,77874.59375,78041.59375,9000,SENSEX,BSE_INDEX,yfinance,1d
2024-12-23,78488.640625,78918.1171875,78189.1875,78540.171875,10300,SENSEX,BSE_INDEX,yfinance,1d
2024-12-24,78707.3671875,78877.359375,78397.7890625,78472.8671875,6200,SENSEX,BSE_INDEX,yfinance,1d
2024-12-26,78557.28125,78898.3671875,78173.3828125,78472.4765625,5600,SENSEX,BSE_INDEX,yfinance,1d
2024-12-27,78607.6171875,79043.1484375,78598.546875,78699.0703125,7700,SENSEX,BSE_INDEX,yfinance,1d
2024-12-30,78637.578125,79092.703125,78077.1328125,78248.1328125,8900,SENSEX,BSE_INDEX,yfinance,1d
2024-12-31,77982.5703125,78305.34375,77560.7890625,78139.0078125,6100,SENSEX,BSE_INDEX,yfinance,1d
2025-01-01,78265.0703125,78756.4921875,77898.296875,78507.40625,5000,SENSEX,BSE_INDEX,yfinance,1d
2025-01-02,78657.5234375,80032.8671875,78542.3671875,79943.7109375,8600,SENSEX,BSE_INDEX,yfinance,1d
2025-01-03,80072.9921875,80072.9921875,79109.7265625,79223.109375,10900,SENSEX,BSE_INDEX,yfinance,1d
2025-01-06,79281.6484375,79532.671875,77781.6171875,77964.9921875,11800,SENSEX,BSE_INDEX,yfinance,1d
2025-01-07,78019.796875,78452.7421875,77925.09375,78199.109375,9400,SENSEX,BSE_INDEX,yfinance,1d
2025-01-08,78319.453125,78319.453125,77486.7890625,78148.4921875,10100,SENSEX,BSE_INDEX,yfinance,1d
2025-01-09,78206.2109375,78206.2109375,77542.921875,77620.2109375,6800,SENSEX,BSE_INDEX,yfinance,1d
2025-01-10,77682.59375,77919.703125,77099.546875,77378.90625,8500,SENSEX,BSE_INDEX,yfinance,1d
2025-01-13,76629.8984375,77128.3515625,76249.71875,76330.0078125,13600,SENSEX,BSE_INDEX,yfinance,1d
2025-01-14,76335.75,76835.609375,76335.75,76499.6328125,16800,SENSEX,BSE_INDEX,yfinance,1d
2025-01-15,76900.140625,76991.046875,76479.703125,76724.078125,12800,SENSEX,BSE_INDEX,yfinance,1d
2025-01-16,77319.5,77319.5,76895.5078125,77042.8203125,8600,SENSEX,BSE_INDEX,yfinance,1d
2025-01-17,77069.1875,77069.1875,76263.2890625,76619.328125,9700,SENSEX,BSE_INDEX,yfinance,1d
2025-01-20,76978.53125,77318.9375,76584.84375,77073.4375,11300,SENSEX,BSE_INDEX,yfinance,1d
2025-01-21,77261.71875,77337.359375,75641.8671875,75838.359375,32900,SENSEX,BSE_INDEX,yfinance,1d
2025-01-22,76114.421875,76463.1328125,75816.5,76404.9921875,16000,SENSEX,BSE_INDEX,yfinance,1d
2025-01-23,76414.5234375,76743.5390625,76202.1171875,76520.3828125,11200,SENSEX,BSE_INDEX,yfinance,1d
2025-01-24,76455.3515625,76985.953125,76091.75,76190.4609375,7800,SENSEX,BSE_INDEX,yfinance,1d
2025-01-27,75700.4296875,75925.71875,75267.59375,75366.171875,9500,SENSEX,BSE_INDEX,yfinance,1d
2025-01-28,75659.0,76512.9609375,75622.8828125,75901.40625,13000,SENSEX,BSE_INDEX,yfinance,1d
2025-01-29,76138.2421875,76599.7265625,75975.796875,76532.9609375,10200,SENSEX,BSE_INDEX,yfinance,1d
2025-01-30,76598.84375,76962.8828125,76401.1328125,76759.8125,18500,SENSEX,BSE_INDEX,yfinance,1d
2025-01-31,76888.890625,77605.9609375,76833.8671875,77500.5703125,12600,SENSEX,BSE_INDEX,yfinance,1d
2025-02-03,77063.9375,77260.3671875,76756.09375,77186.7421875,11400,SENSEX,BSE_INDEX,yfinance,1d
2025-02-04,77687.6015625,78658.59375,77402.3671875,78583.8125,11800,SENSEX,BSE_INDEX,yfinance,1d
2025-02-05,78704.6015625,78735.40625,78216.25,78271.28125,8000,SENSEX,BSE_INDEX,yfinance,1d
2025-02-06,78513.359375,78551.65625,77843.9921875,78058.15625,8000,SENSEX,BSE_INDEX,yfinance,1d
2025-02-07,78119.6015625,78356.9765625,77475.7421875,77860.1875,10900,SENSEX,BSE_INDEX,yfinance,1d
2025-02-10,77789.296875,77849.578125,77106.890625,77311.796875,7000,SENSEX,BSE_INDEX,yfinance,1d
2025-02-11,77384.9765625,77387.28125,76030.59375,76293.6015625,9800,SENSEX,BSE_INDEX,yfinance,1d
2025-02-12,76188.2421875,76459.71875,75388.390625,76171.078125,10400,SENSEX,BSE_INDEX,yfinance,1d
2025-02-13,76201.1015625,76764.53125,76013.4296875,76138.96875,6900,SENSEX,BSE_INDEX,yfinance,1d
2025-02-14,76388.9921875,76483.0625,75439.640625,75939.2109375,9300,SENSEX,BSE_INDEX,yfinance,1d
2025-02-17,75641.40625,76041.9609375,75294.7578125,75996.859375,8100,SENSEX,BSE_INDEX,yfinance,1d
2025-02-18,76073.7109375,76091.6875,75531.0078125,75967.390625,8600,SENSEX,BSE_INDEX,yfinance,1d
2025-02-19,75787.2734375,76338.578125,75581.3828125,75939.1796875,5100,SENSEX,BSE_INDEX,yfinance,1d
2025-02-20,75672.84375,75794.1484375,75463.0078125,75735.9609375,6900,SENSEX,BSE_INDEX,yfinance,1d
2025-02-21,75612.609375,75748.71875,75112.40625,75311.0625,12700,SENSEX,BSE_INDEX,yfinance,1d
2025-02-24,74893.453125,74907.0390625,74387.4375,74454.40625,6400,SENSEX,BSE_INDEX,yfinance,1d
2025-02-25,74440.296875,74785.078125,74400.3671875,74602.1171875,10700,SENSEX,BSE_INDEX,yfinance,1d
2025-02-27,74706.6015625,74834.09375,74520.78125,74612.4296875,6700,SENSEX,BSE_INDEX,yfinance,1d
2025-02-28,74201.7734375,74282.4296875,73141.2734375,73198.1015625,9100,SENSEX,BSE_INDEX,yfinance,1d
2025-03-03,73427.6484375,73649.71875,72784.5390625,73085.9375,10100,SENSEX,BSE_INDEX,yfinance,1d
2025-03-04,72817.34375,73033.1796875,72633.5390625,72989.9296875,6200,SENSEX,BSE_INDEX,yfinance,1d
2025-03-05,73005.3671875,73933.796875,72894.046875,73730.2265625,9300,SENSEX,BSE_INDEX,yfinance,1d
2025-03-06,74308.296875,74390.796875,73415.6796875,74340.09375,10100,SENSEX,BSE_INDEX,yfinance,1d
2025-03-07,74347.140625,74586.4296875,74038.03125,74332.578125,6900,SENSEX,BSE_INDEX,yfinance,1d
2025-03-10,74474.9765625,74741.25,74022.2421875,74115.171875,6600,SENSEX,BSE_INDEX,yfinance,1d
2025-03-11,73743.8828125,74195.171875,73663.6015625,74102.3203125,11700,SENSEX,BSE_INDEX,yfinance,1d
2025-03-12,74270.8125,74392.1484375,73598.15625,74029.7578125,13800,SENSEX,BSE_INDEX,yfinance,1d
2025-03-13,74392.5390625,74401.109375,73770.59375,73828.90625,9900,SENSEX,BSE_INDEX,yfinance,1d
2025-03-17,73830.03125,74376.3515625,73796.0625,74169.953125,7400,SENSEX,BSE_INDEX,yfinance,1d
2025-03-18,74608.65625,75385.7578125,74480.1484375,75301.2578125,14500,SENSEX,BSE_INDEX,yfinance,1d
2025-03-19,75473.171875,75568.3828125,75201.4765625,75449.046875,12200,SENSEX,BSE_INDEX,yfinance,1d
2025-03-20,75917.109375,76456.25,75684.578125,76348.0625,9100,SENSEX,BSE_INDEX,yfinance,1d
2025-03-21,76155.0,77041.9375,76095.2578125,76905.5078125,8500,SENSEX,BSE_INDEX,yfinance,1d
2025-03-24,77456.2734375,78107.2265625,77179.3515625,77984.3828125,10100,SENSEX,BSE_INDEX,yfinance,1d
2025-03-25,78296.28125,78741.6875,77745.6328125,78017.1875,12700,SENSEX,BSE_INDEX,yfinance,1d
2025-03-26,78021.453125,78167.8671875,77194.21875,77288.5,10500,SENSEX,BSE_INDEX,yfinance,1d
2025-03-27,77087.390625,77747.4609375,77082.5078125,77606.4296875,12700,SENSEX,BSE_INDEX,yfinance,1d
2025-03-28,77690.6875,77766.703125,77185.6171875,77414.921875,16700,SENSEX,BSE_INDEX,yfinance,1d
2025-04-01,76882.578125,77487.046875,75912.1796875,76024.5078125,10600,SENSEX,BSE_INDEX,yfinance,1d
2025-04-02,76146.28125,76680.3515625,76064.9375,76617.4375,10800,SENSEX,BSE_INDEX,yfinance,1d
2025-04-03,75811.859375,76493.7421875,75807.546875,76295.359375,6900,SENSEX,BSE_INDEX,yfinance,1d
2025-04-04,76160.09375,76258.1171875,75240.546875,75364.6875,11700,SENSEX,BSE_INDEX,yfinance,1d
2025-04-07,71449.9375,73403.9921875,71425.0078125,73137.8984375,29400,SENSEX,BSE_INDEX,yfinance,1d
2025-04-08,74013.7265625,74859.390625,73424.921875,74227.078125,17100,SENSEX,BSE_INDEX,yfinance,1d
2025-04-09,74103.828125,74103.828125,73673.0625,73847.1484375,9100,SENSEX,BSE_INDEX,yfinance,1d
2025-04-11,74835.4921875,75467.328125,74762.84375,75157.2578125,14200,SENSEX,BSE_INDEX,yfinance,1d
2025-04-15,76852.0625,76907.6328125,76435.0703125,76734.890625,12900,SENSEX,BSE_INDEX,yfinance,1d
2025-04-16,76996.78125,77110.2265625,76543.7734375,77044.2890625,9500,SENSEX,BSE_INDEX,yfinance,1d
2025-04-17,76968.0234375,78616.7734375,76665.7734375,78553.203125,11100,SENSEX,BSE_INDEX,yfinance,1d
2025-04-21,78903.09375,79635.046875,78776.0625,79408.5,12600,SENSEX,BSE_INDEX,yfinance,1d
2025-04-22,79728.390625,79824.296875,79253.4375,79595.59375,14800,SENSEX,BSE_INDEX,yfinance,1d
2025-04-23,80142.09375,80254.546875,79506.8984375,80116.4921875,12000,SENSEX,BSE_INDEX,yfinance,1d
2025-04-24,80058.4296875,80173.921875,79724.546875,79801.4296875,8200,SENSEX,BSE_INDEX,yfinance,1d
2025-04-25,79830.1484375,80130.65625,78605.8125,79212.53125,13200,SENSEX,BSE_INDEX,yfinance,1d
2025-04-28,79343.6328125,80321.8828125,79341.3515625,80218.3671875,8500,SENSEX,BSE_INDEX,yfinance,1d
2025-04-29,80396.921875,80661.3125,80122.0234375,80288.3828125,16200,SENSEX,BSE_INDEX,yfinance,1d
2025-04-30,80370.796875,80525.609375,79879.1484375,80242.2421875,12200,SENSEX,BSE_INDEX,yfinance,1d
2025-05-02,80300.1875,81177.9296875,80168.59375,80501.9921875,12700,SENSEX,BSE_INDEX,yfinance,1d
2025-05-05,80661.6171875,81049.03125,80657.7109375,80796.84375,8800,SENSEX,BSE_INDEX,yfinance,1d
2025-05-06,80907.2421875,80981.578125,80481.03125,80641.0703125,12500,SENSEX,BSE_INDEX,yfinance,1d
2025-05-07,79948.796875,80844.6328125,79937.4765625,80746.78125,8800,SENSEX,BSE_INDEX,yfinance,1d
2025-05-08,80912.34375,80927.9921875,79987.609375,80334.8125,10600,SENSEX,BSE_INDEX,yfinance,1d
2025-05-09,78968.34375,80032.9296875,78968.34375,79454.46875,8800,SENSEX,BSE_INDEX,yfinance,1d
2025-05-12,80803.796875,82495.96875,80651.0703125,82429.8984375,10700,SENSEX,BSE_INDEX,yfinance,1d
2025-05-13,82249.6015625,82572.8125,81043.6875,81148.21875,16200,SENSEX,BSE_INDEX,yfinance,1d
2025-05-14,81278.4921875,81691.8671875,80910.03125,81330.5625,15200,SENSEX,BSE_INDEX,yfinance,1d
2025-05-15,81354.4296875,82718.140625,80762.15625,82530.7421875,12600,SENSEX,BSE_INDEX,yfinance,1d
2025-05-16,82392.6328125,82514.8125,82146.953125,82330.59375,15300,SENSEX,BSE_INDEX,yfinance,1d
2025-05-19,82354.921875,82424.1015625,81964.5703125,82059.421875,8100,SENSEX,BSE_INDEX,yfinance,1d
2025-05-20,82116.171875,82250.421875,81153.703125,81186.4375,10500,SENSEX,BSE_INDEX,yfinance,1d
2025-05-21,81327.609375,82021.640625,81237.0625,81596.6328125,5800,SENSEX,BSE_INDEX,yfinance,1d
2025-05-22,81323.046875,81323.2421875,80489.921875,80951.9921875,10700,SENSEX,BSE_INDEX,yfinance,1d
2025-05-23,80897.0,81905.171875,80897.0,81721.078125,12000,SENSEX,BSE_INDEX,yfinance,1d
2025-05-26,81928.953125,82492.2421875,81867.2265625,82176.453125,10200,SENSEX,BSE_INDEX,yfinance,1d
2025-05-27,82038.203125,82410.5234375,81121.703125,81551.6328125,20700,SENSEX,BSE_INDEX,yfinance,1d
2025-05-28,81457.609375,81613.359375,81244.0234375,81312.3203125,24100,SENSEX,BSE_INDEX,yfinance,1d
2025-05-29,81591.03125,81816.890625,81106.9765625,81633.0234375,6800,SENSEX,BSE_INDEX,yfinance,1d
2025-05-30,81465.6875,81698.2109375,81286.453125,81451.0078125,12600,SENSEX,BSE_INDEX,yfinance,1d
2025-06-02,81214.421875,81474.2578125,80654.2578125,81373.75,9900,SENSEX,BSE_INDEX,yfinance,1d
2025-06-03,81492.5,81774.2265625,80575.09375,80737.5078125,32000,SENSEX,BSE_INDEX,yfinance,1d
2025-06-04,80777.6484375,81087.2890625,80705.1796875,80998.25,7500,SENSEX,BSE_INDEX,yfinance,1d
2025-06-05,81196.078125,81911.1328125,80983.7265625,81442.0390625,9800,SENSEX,BSE_INDEX,yfinance,1d
2025-06-06,81434.2421875,82299.890625,81140.109375,82188.9921875,12400,SENSEX,BSE_INDEX,yfinance,1d
2025-06-09,82574.546875,82669.0,82369.2421875,82445.2109375,11500,SENSEX,BSE_INDEX,yfinance,1d
2025-06-10,82643.7265625,82680.7890625,82240.3984375,82391.71875,15100,SENSEX,BSE_INDEX,yfinance,1d
2025-06-11,82473.0234375,82783.5078125,82308.90625,82515.140625,11300,SENSEX,BSE_INDEX,yfinance,1d
2025-06-12,82571.671875,82661.0390625,81523.15625,81691.9765625,6000,SENSEX,BSE_INDEX,yfinance,1d
2025-06-13,80427.8125,81238.6796875,80354.59375,81118.6015625,6600,SENSEX,BSE_INDEX,yfinance,1d
2025-06-16,81034.453125,81865.8203125,81012.3125,81796.1484375,11400,SENSEX,BSE_INDEX,yfinance,1d
2025-06-17,81869.46875,81890.1484375,81427.0078125,81583.296875,21500,SENSEX,BSE_INDEX,yfinance,1d
2025-06-18,81314.6171875,81858.96875,81237.0078125,81444.65625,11300,SENSEX,BSE_INDEX,yfinance,1d
2025-06-19,81403.9375,81583.9375,81191.0390625,81361.8671875,12500,SENSEX,BSE_INDEX,yfinance,1d
2025-06-20,81354.8515625,82494.4921875,81323.203125,82408.171875,6700,SENSEX,BSE_INDEX,yfinance,1d
2025-06-23,81704.0703125,82169.671875,81476.7578125,81896.7890625,8000,SENSEX,BSE_INDEX,yfinance,1d
2025-06-24,82534.609375,83018.15625,81900.1171875,82055.109375,119300,SENSEX,BSE_INDEX,yfinance,1d
2025-06-25,82448.796875,82815.90625,82339.5703125,82755.5078125,7500,SENSEX,BSE_INDEX,yfinance,1d
2025-06-26,82882.921875,83812.09375,82816.2578125,83755.8671875,10500,SENSEX,BSE_INDEX,yfinance,1d
2025-06-27,83774.453125,84089.3515625,83645.40625,84058.8984375,8600,SENSEX,BSE_INDEX,yfinance,1d
2025-06-30,84027.328125,84099.53125,83482.1328125,83606.4609375,6200,SENSEX,BSE_INDEX,yfinance,1d
2025-07-01,83685.65625,83874.2890625,83572.5078125,83697.2890625,19100,SENSEX,BSE_INDEX,yfinance,1d
2025-07-02,83790.71875,83935.0078125,83150.7734375,83409.6875,10600,SENSEX,BSE_INDEX,yfinance,1d
2025-07-03,83540.7421875,83850.09375,83186.7421875,83239.46875,9600,SENSEX,BSE_INDEX,yfinance,1d
2025-07-04,83306.8125,83477.859375,83015.828125,83432.890625,8800,SENSEX,BSE_INDEX,yfinance,1d
2025-07-07,83398.078125,83516.8203125,83262.2265625,83442.5,6200,SENSEX,BSE_INDEX,yfinance,1d
2025-07-08,83387.03125,83812.3125,83320.953125,83712.5078125,15300,SENSEX,BSE_INDEX,yfinance,1d
2025-07-09,83625.890625,83781.359375,83382.28125,83536.078125,7800,SENSEX,BSE_INDEX,yfinance,1d
2025-07-10,83658.203125,83742.28125,83134.96875,83190.28125,7500,SENSEX,BSE_INDEX,yfinance,1d
2025-07-11,82820.7578125,83040.7421875,82442.25,82500.46875,10700,SENSEX,BSE_INDEX,yfinance,1d
2025-07-14,82537.8671875,82537.8671875,82010.3828125,82253.4609375,18100,SENSEX,BSE_INDEX,yfinance,1d
2025-07-15,82233.15625,82743.6171875,82221.7421875,82570.90625,9900,SENSEX,BSE_INDEX,yfinance,1d
2025-07-16,82534.65625,82784.75,82342.9375,82634.4765625,7600,SENSEX,BSE_INDEX,yfinance,1d
2025-07-17,82753.53125,82757.09375,82219.2734375,82259.2421875,8800,SENSEX,BSE_INDEX,yfinance,1d
2025-07-18,82193.6171875,82334.75,81608.1328125,81757.7265625,8300,SENSEX,BSE_INDEX,yfinance,1d
2025-07-21,81918.53125,82274.03125,81518.65625,82200.34375,15300,SENSEX,BSE_INDEX,yfinance,1d
2025-07-22,82527.4296875,82538.171875,82110.6328125,82186.8125,23900,SENSEX,BSE_INDEX,yfinance,1d
2025-07-23,82451.8671875,82786.4296875,82279.7265625,82726.640625,10100,SENSEX,BSE_INDEX,yfinance,1d
2025-07-24,82779.953125,82784.2421875,82047.21875,82184.171875,14000,SENSEX,BSE_INDEX,yfinance,1d
2025-07-25,82065.7578125,82069.5078125,81397.6875,81463.09375,10000,SENSEX,BSE_INDEX,yfinance,1d
2025-07-28,81299.96875,81557.40625,80776.4375,80891.0234375,5100,SENSEX,BSE_INDEX,yfinance,1d
2025-07-29,80620.25,81429.8828125,80575.453125,81337.953125,12300,SENSEX,BSE_INDEX,yfinance,1d
2025-07-30,81594.5234375,81618.9609375,81187.0625,81481.859375,7200,SENSEX,BSE_INDEX,yfinance,1d
2025-07-31,80695.5,81803.2734375,80695.1484375,81185.578125,9700,SENSEX,BSE_INDEX,yfinance,1d
2025-08-01,81074.40625,81317.5078125,80495.5703125,80599.90625,14700,SENSEX,BSE_INDEX,yfinance,1d
2025-08-04,80765.828125,81093.1875,80500.5078125,81018.71875,9900,SENSEX,BSE_INDEX,yfinance,1d
2025-08-05,80946.4296875,81010.4921875,80554.3984375,80710.25,10900,SENSEX,BSE_INDEX,yfinance,1d
2025-08-06,80694.9765625,80834.4296875,80448.8203125,80543.9921875,5300,SENSEX,BSE_INDEX,yfinance,1d
2025-08-07,80262.9765625,80737.546875,79811.2890625,80623.2578125,37500,SENSEX,BSE_INDEX,yfinance,1d
2025-08-08,80478.0078125,80550.3984375,79775.84375,79857.7890625,23200,SENSEX,BSE_INDEX,yfinance,1d
2025-08-11,79885.359375,80636.046875,79772.4609375,80604.078125,8600,SENSEX,BSE_INDEX,yfinance,1d
2025-08-12,80508.5078125,80997.671875,80164.359375,80235.59375,10300,SENSEX,BSE_INDEX,yfinance,1d
2025-08-13,80492.171875,80683.7421875,80319.0,80539.90625,12300,SENSEX,BSE_INDEX,yfinance,1d
2025-08-14,80625.28125,80751.1796875,80489.859375,80597.65625,7200,SENSEX,BSE_INDEX,yfinance,1d
2025-08-18,81315.7890625,81765.7734375,81202.421875,81273.75,19300,SENSEX,BSE_INDEX,yfinance,1d
2025-08-19,81319.109375,81755.8828125,81315.4375,81644.390625,10900,SENSEX,BSE_INDEX,yfinance,1d
2025-08-20,81671.46875,81985.6171875,81494.5,81857.84375,9400,SENSEX,BSE_INDEX,yfinance,1d
2025-08-21,82220.4609375,82231.171875,81921.21875,82000.7109375,10100,SENSEX,BSE_INDEX,yfinance,1d
2025-08-22,81951.4765625,81993.609375,81291.7734375,81306.8515625,6700,SENSEX,BSE_INDEX,yfinance,1d
2025-08-25,81501.0625,81799.0625,81364.859375,81635.90625,9700,SENSEX,BSE_INDEX,yfinance,1d
2025-08-26,81377.390625,81450.28125,80685.9765625,80786.5390625,20500,SENSEX,BSE_INDEX,yfinance,1d
2025-08-28,80754.65625,80775.7109375,80013.0234375,80080.5703125,7800,SENSEX,BSE_INDEX,yfinance,1d
2025-08-29,80010.828125,80310.7421875,79741.7578125,79809.6484375,12500,SENSEX,BSE_INDEX,yfinance,1d
2025-09-01,79828.9921875,80406.84375,79818.3828125,80364.4921875,6000,SENSEX,BSE_INDEX,yfinance,1d
2025-09-02,80520.09375,80761.140625,80008.5,80157.8828125,8200,SENSEX,BSE_INDEX,yfinance,1d
2025-09-03,80295.9921875,80671.28125,80004.6015625,80567.7109375,17100,SENSEX,BSE_INDEX,yfinance,1d
2025-09-04,81456.671875,81456.671875,80608.9375,80718.0078125,17000,SENSEX,BSE_INDEX,yfinance,1d
2025-09-05,81012.421875,81036.5625,80321.1875,80710.7578125,8200,SENSEX,BSE_INDEX,yfinance,1d
2025-09-08,80904.3984375,81171.3828125,80733.0703125,80787.296875,8700,SENSEX,BSE_INDEX,yfinance,1d
2025-09-09,81129.6875,81181.3671875,80927.96875,81101.3203125,6300,SENSEX,BSE_INDEX,yfinance,1d
2025-09-10,81504.359375,81643.8828125,81235.421875,81425.1484375,11800,SENSEX,BSE_INDEX,yfinance,1d
2025-09-11,81217.296875,81642.21875,81216.90625,81548.7265625,13500,SENSEX,BSE_INDEX,yfinance,1d
2025-09-12,81758.953125,81992.8515625,81641.3828125,81904.703125,11100,SENSEX,BSE_INDEX,yfinance,1d
2025-09-15,81925.5078125,81998.5078125,81744.703125,81785.7421875,10500,SENSEX,BSE_INDEX,yfinance,1d
2025-09-16,81852.109375,82443.4765625,81779.9375,82380.6875,8200,SENSEX,BSE_INDEX,yfinance,1d
2025-09-17,82506.3984375,82741.953125,82490.46875,82693.7109375,14600,SENSEX,BSE_INDEX,yfinance,1d
2025-09-18,83108.921875,83141.2109375,82704.921875,83013.9609375,14600,SENSEX,BSE_INDEX,yfinance,1d
2025-09-19,82946.0390625,82978.6328125,82485.921875,82626.2265625,9700,SENSEX,BSE_INDEX,yfinance,1d
2025-09-22,82151.0703125,82583.15625,81997.2890625,82159.96875,10300,SENSEX,BSE_INDEX,yfinance,1d
2025-09-23,82147.3671875,82370.3828125,81776.53125,82102.1015625,9300,SENSEX,BSE_INDEX,yfinance,1d
2025-09-24,81917.6484375,82045.46875,81607.84375,81715.6328125,15100,SENSEX,BSE_INDEX,yfinance,1d
2025-09-25,81574.3125,81840.7265625,81092.890625,81159.6796875,14800,SENSEX,BSE_INDEX,yfinance,1d
2025-09-26,80956.0078125,81033.09375,80332.40625,80426.4609375,10700,SENSEX,BSE_INDEX,yfinance,1d
2025-09-29,80588.7734375,80851.3828125,80248.84375,80364.9375,8600,SENSEX,BSE_INDEX,yfinance,1d
2025-09-30,80541.7734375,80677.8203125,80201.1484375,80267.6171875,7100,SENSEX,BSE_INDEX,yfinance,1d
2025-10-01,80173.2421875,81068.4296875,80159.8984375,80983.3125,22300,SENSEX,BSE_INDEX,yfinance,1d
2025-10-03,80684.140625,81251.9921875,80649.5703125,81207.171875,13600,SENSEX,BSE_INDEX,yfinance,1d
2025-10-06,81274.7890625,81846.421875,81155.8828125,81790.1171875,8800,SENSEX,BSE_INDEX,yfinance,1d
2025-10-07,81883.953125,82309.5625,81787.4765625,81926.75,13900,SENSEX,BSE_INDEX,yfinance,1d
2025-10-08,81899.5078125,82257.7421875,81646.078125,81773.65625,15200,SENSEX,BSE_INDEX,yfinance,1d
2025-10-09,81900.0,82247.7265625,81667.6796875,82172.1015625,23200,SENSEX,BSE_INDEX,yfinance,1d
2025-10-10,82075.453125,82654.109375,82072.9296875,82500.8203125,13700,SENSEX,BSE_INDEX,yfinance,1d
2025-10-13,82049.15625,82438.5,82043.140625,82327.046875,9000,SENSEX,BSE_INDEX,yfinance,1d
2025-10-14,82404.5390625,82573.3671875,81781.6171875,82029.9765625,12600,SENSEX,BSE_INDEX,yfinance,1d
2025-10-15,82197.25,82727.0234375,82084.3671875,82605.4296875,10600,SENSEX,BSE_INDEX,yfinance,1d
2025-10-16,82794.7890625,83615.4765625,82791.3515625,83467.65625,27400,SENSEX,BSE_INDEX,yfinance,1d
2025-10-17,83331.78125,84172.2421875,83206.078125,83952.1875,14300,SENSEX,BSE_INDEX,yfinance,1d
2025-10-20,84269.296875,84656.5625,84196.7890625,84363.3671875,10900,SENSEX,BSE_INDEX,yfinance,1d
2025-10-21,84484.671875,84665.4375,84286.3984375,84426.34375,3400,SENSEX,BSE_INDEX,yfinance,1d
2025-10-23,85154.1484375,85290.0625,84445.25,84556.3984375,25700,SENSEX,BSE_INDEX,yfinance,1d
2025-10-24,84667.2265625,84707.4375,83957.1484375,84211.8828125,13600,SENSEX,BSE_INDEX,yfinance,1d
2025-10-27,84297.390625,84932.078125,84294.203125,84778.84375,12000,SENSEX,BSE_INDEX,yfinance,1d
2025-10-28,84625.7109375,84986.9375,84219.390625,84628.15625,12900,SENSEX,BSE_INDEX,yfinance,1d
2025-10-29,84663.6796875,85105.828125,84638.6796875,84997.1328125,13600,SENSEX,BSE_INDEX,yfinance,1d
2025-10-30,84750.8984375,84906.953125,84312.6484375,84404.4609375,14200,SENSEX,BSE_INDEX,yfinance,1d
2025-10-31,84379.7890625,84712.7890625,83905.65625,83938.7109375,13300,SENSEX,BSE_INDEX,yfinance,1d
2025-11-03,83835.1015625,84127.0,83609.5390625,83978.4921875,1300,SENSEX,BSE_INDEX,yfinance,1d
2025-11-04,84000.640625,84068.0078125,83412.7734375,83459.1484375,9500,SENSEX,BSE_INDEX,yfinance,1d
2025-11-06,83516.6875,83846.3515625,83237.6484375,83311.0078125,17900,SENSEX,BSE_INDEX,yfinance,1d
2025-11-07,83150.1484375,83390.109375,82670.953125,83216.28125,15900,SENSEX,BSE_INDEX,yfinance,1d
2025-11-10,83198.203125,83754.4921875,83197.671875,83535.3515625,11900,SENSEX,BSE_INDEX,yfinance,1d
2025-11-11,83671.5234375,83936.46875,83124.03125,83871.3203125,16500,SENSEX,BSE_INDEX,yfinance,1d
2025-11-12,84238.859375,84652.0078125,84166.75,84466.5078125,9100,SENSEX,BSE_INDEX,yfinance,1d
2025-11-13,84525.890625,84919.4296875,84253.046875,84478.671875,25600,SENSEX,BSE_INDEX,yfinance,1d
2025-11-14,84060.140625,84697.8671875,84029.3203125,84562.78125,8800,SENSEX,BSE_INDEX,yfinance,1d
2025-11-17,84700.5,84988.09375,84581.078125,84950.953125,10500,SENSEX,BSE_INDEX,yfinance,1d
2025-11-18,85042.3671875,85042.40625,84558.359375,84673.0234375,10700,SENSEX,BSE_INDEX,yfinance,1d
2025-11-19,84643.78125,85236.7734375,84525.9765625,85186.46875,8900,SENSEX,BSE_INDEX,yfinance,1d
2025-11-20,85470.921875,85801.703125,85201.21875,85632.6796875,24300,SENSEX,BSE_INDEX,yfinance,1d
2025-11-21,85347.3984375,85609.3984375,85187.84375,85231.921875,14200,SENSEX,BSE_INDEX,yfinance,1d
2025-11-24,85320.0390625,85473.46875,84710.109375,84900.7109375,9600,SENSEX,BSE_INDEX,yfinance,1d
2025-11-25,85008.9296875,85110.2421875,84536.7265625,84587.0078125,6200,SENSEX,BSE_INDEX,yfinance,1d
2025-11-26,84503.4375,85644.1875,84478.1328125,85609.5078125,13800,SENSEX,BSE_INDEX,yfinance,1d
2025-11-27,85745.046875,86055.859375,85473.8515625,85720.3828125,15800,SENSEX,BSE_INDEX,yfinance,1d
2025-11-28,85791.546875,85969.890625,85577.8203125,85706.671875,6400,SENSEX,BSE_INDEX,yfinance,1d
2025-12-01,86065.921875,86159.0234375,85489.6484375,85641.8984375,8500,SENSEX,BSE_INDEX,yfinance,1d
2025-12-02,85325.5078125,85553.5078125,85053.0,85138.2734375,5800,SENSEX,BSE_INDEX,yfinance,1d
2025-12-03,85150.640625,85269.6796875,84763.640625,85106.8125,17400,SENSEX,BSE_INDEX,yfinance,1d
2025-12-04,84987.5625,85487.2109375,84949.9765625,85265.3203125,17900,SENSEX,BSE_INDEX,yfinance,1d
2025-12-05,85125.4765625,85796.71875,85078.1171875,85712.3671875,7900,SENSEX,BSE_INDEX,yfinance,1d
2025-12-08,85624.84375,85722.96875,84875.59375,85102.6875,10700,SENSEX,BSE_INDEX,yfinance,1d
2025-12-09,84742.8671875,84947.890625,84382.9609375,84666.28125,8500,SENSEX,BSE_INDEX,yfinance,1d
2025-12-10,84607.4921875,85020.34375,84313.6171875,84391.2734375,8800,SENSEX,BSE_INDEX,yfinance,1d
2025-12-11,84456.75,84906.9296875,84150.1875,84818.1328125,15800,SENSEX,BSE_INDEX,yfinance,1d
2025-12-12,85051.03125,85320.8203125,84956.7421875,85267.65625,8200,SENSEX,BSE_INDEX,yfinance,1d
2025-12-15,84891.75,85278.6328125,84840.3203125,85213.359375,10600,SENSEX,BSE_INDEX,yfinance,1d
2025-12-16,85025.609375,85059.9609375,84620.609375,84679.859375,9600,SENSEX,BSE_INDEX,yfinance,1d
2025-12-17,84856.2578125,84889.453125,84415.9765625,84559.6484375,11200,SENSEX,BSE_INDEX,yfinance,1d
2025-12-18,84518.328125,84780.1875,84238.4296875,84481.8125,15000,SENSEX,BSE_INDEX,yfinance,1d
2025-12-19,84756.7890625,85067.5,84734.9609375,84929.359375,8100,SENSEX,BSE_INDEX,yfinance,1d
2025-12-22,85145.8984375,85601.328125,85145.859375,85567.4765625,6100,SENSEX,BSE_INDEX,yfinance,1d
2025-12-23,85690.1015625,85704.9296875,85342.9921875,85524.84375,6100,SENSEX,BSE_INDEX,yfinance,1d
2025-12-24,85533.109375,85738.1796875,85342.1875,85408.703125,8400,SENSEX,BSE_INDEX,yfinance,1d
2025-12-26,85225.28125,85378.5078125,84937.8203125,85041.453125,4800,SENSEX,BSE_INDEX,yfinance,1d
2025-12-29,85004.75,85250.0,84637.859375,84695.5390625,53300,SENSEX,BSE_INDEX,yfinance,1d
2025-12-30,84600.9921875,84806.9921875,84470.9375,84675.078125,6900,SENSEX,BSE_INDEX,yfinance,1d
2025-12-31,84793.578125,85437.171875,84705.5703125,85220.6015625,11600,SENSEX,BSE_INDEX,yfinance,1d
2026-01-01,85255.546875,85451.703125,85101.5234375,85188.6015625,20600,SENSEX,BSE_INDEX,yfinance,1d
2026-01-02,85259.359375,85812.2734375,85068.8828125,85762.0078125,17900,SENSEX,BSE_INDEX,yfinance,1d
2026-01-05,85640.046875,85883.5,85315.328125,85439.6171875,12600,SENSEX,BSE_INDEX,yfinance,1d
2026-01-06,85331.140625,85397.78125,84900.1015625,85063.34375,23300,SENSEX,BSE_INDEX,yfinance,1d
2026-01-07,84620.3984375,85075.9921875,84617.4921875,84961.140625,19200,SENSEX,BSE_INDEX,yfinance,1d
2026-01-08,84778.0234375,84965.2734375,84110.1015625,84180.9609375,26300,SENSEX,BSE_INDEX,yfinance,1d
2026-01-09,84022.09375,84406.21875,83402.28125,83576.2421875,12500,SENSEX,BSE_INDEX,yfinance,1d
2026-01-12,83435.3125,83962.328125,82861.0703125,83878.171875,9300,SENSEX,BSE_INDEX,yfinance,1d
2026-01-13,84079.3203125,84258.03125,83262.7890625,83627.6875,14200,SENSEX,BSE_INDEX,yfinance,1d
2026-01-14,83358.5390625,83809.9765625,83185.203125,83382.7109375,14100,SENSEX,BSE_INDEX,yfinance,1d
2026-01-16,83670.7890625,84134.96875,83456.5,83570.3515625,22800,SENSEX,BSE_INDEX,yfinance,1d
2026-01-19,83494.4921875,83539.9296875,82898.3125,83246.1796875,14200,SENSEX,BSE_INDEX,yfinance,1d
2026-01-20,83207.3828125,83254.28125,82010.578125,82180.46875,13000,SENSEX,BSE_INDEX,yfinance,1d
2026-01-21,81794.6484375,82407.046875,81124.453125,81909.6328125,13200,SENSEX,BSE_INDEX,yfinance,1d
2026-01-22,82459.65625,82783.1796875,81874.390625,82307.3671875,26500,SENSEX,BSE_INDEX,yfinance,1d
2026-01-23,82335.9375,82516.2734375,81471.8203125,81537.703125,19700,SENSEX,BSE_INDEX,yfinance,1d
2026-01-27,81436.7890625,82084.921875,81088.59375,81857.4765625,27000,SENSEX,BSE_INDEX,yfinance,1d
2026-01-28,81892.359375,82503.96875,81814.75,82344.6796875,33200,SENSEX,BSE_INDEX,yfinance,1d
2026-01-29,82368.9609375,82689.9609375,81707.9375,82566.3671875,23500,SENSEX,BSE_INDEX,yfinance,1d
2026-01-30,81947.3125,82430.8203125,81941.03125,82269.78125,13900,SENSEX,BSE_INDEX,yfinance,1d
2026-02-02,80555.6796875,81732.25,80387.25,81666.4609375,12300,SENSEX,BSE_INDEX,yfinance,1d
2026-02-03,85323.203125,85871.7265625,83501.21875,83739.1328125,19800,SENSEX,BSE_INDEX,yfinance,1d
2026-02-04,83252.0625,83947.53125,83119.953125,83817.6875,19900,SENSEX,BSE_INDEX,yfinance,1d
2026-02-05,83757.5390625,83784.171875,83151.6171875,83313.9296875,25000,SENSEX,BSE_INDEX,yfinance,1d
2026-02-06,83249.3203125,83612.1171875,82925.3515625,83580.3984375,16100,SENSEX,BSE_INDEX,yfinance,1d
2026-02-09,84177.5078125,84314.6796875,83860.421875,84065.75,14600,SENSEX,BSE_INDEX,yfinance,1d
2026-02-10,84210.0,84482.953125,84063.46875,84273.921875,45500,SENSEX,BSE_INDEX,yfinance,1d
2026-02-11,84339.1484375,84487.34375,84081.25,84233.640625,23900,SENSEX,BSE_INDEX,yfinance,1d
2026-02-12,83968.4296875,84061.6171875,83516.671875,83674.921875,36800,SENSEX,BSE_INDEX,yfinance,1d
2026-02-13,82902.7265625,83079.703125,82534.546875,82626.7578125,30200,SENSEX,BSE_INDEX,yfinance,1d
2026-02-16,82480.3984375,83333.4921875,82276.953125,83277.1484375,33800,SENSEX,BSE_INDEX,yfinance,1d
2026-02-17,83197.671875,83598.0,82987.4296875,83450.9609375,13400,SENSEX,BSE_INDEX,yfinance,1d
2026-02-18,83553.59375,83770.046875,83163.6171875,83734.25,20800,SENSEX,BSE_INDEX,yfinance,1d
2026-02-19,83969.8203125,83979.359375,82264.203125,82498.140625,13400,SENSEX,BSE_INDEX,yfinance,1d
2026-02-20,82272.4921875,83132.078125,82206.2109375,82814.7109375,19600,SENSEX,BSE_INDEX,yfinance,1d
2026-02-23,82906.828125,83486.1484375,82906.828125,83294.65625,20300,SENSEX,BSE_INDEX,yfinance,1d
2026-02-24,83052.5390625,83079.5078125,81934.7265625,82225.921875,20200,SENSEX,BSE_INDEX,yfinance,1d
2026-02-25,82530.1171875,82957.90625,82132.6328125,82276.0703125,19200,SENSEX,BSE_INDEX,yfinance,1d
2026-02-26,82418.78125,82579.15625,81970.46875,82248.609375,122500,SENSEX,BSE_INDEX,yfinance,1d
2026-02-27,82220.4765625,82246.171875,81159.1484375,81287.1875,15800,SENSEX,BSE_INDEX,yfinance,1d
2026-03-02,78543.7265625,80632.546875,78543.7265625,80238.8515625,30600,SENSEX,BSE_INDEX,yfinance,1d
2026-03-04,78528.8203125,79527.40625,78443.203125,79116.1875,21800,SENSEX,BSE_INDEX,yfinance,1d
2026-03-05,79530.4765625,80303.828125,79201.6875,80015.8984375,22200,SENSEX,BSE_INDEX,yfinance,1d
2026-03-06,79658.9921875,79753.03125,78812.1796875,78918.8984375,18100,SENSEX,BSE_INDEX,yfinance,1d
2026-03-09,77056.75,77711.3515625,76424.546875,77566.15625,16600,SENSEX,BSE_INDEX,yfinance,1d
2026-03-10,78375.7265625,78526.25,77745.46875,78205.9765625,22000,SENSEX,BSE_INDEX,yfinance,1d
2026-03-11,78238.90625,78324.3671875,76759.2578125,76863.7109375,16400,SENSEX,BSE_INDEX,yfinance,1d
2026-03-12,76369.6484375,76681.7109375,75871.1796875,76034.421875,22700,SENSEX,BSE_INDEX,yfinance,1d
2026-03-13,75444.21875,75576.203125,74454.6015625,74563.921875,18500,SENSEX,BSE_INDEX,yfinance,1d
2026-03-16,74415.7890625,75805.2734375,73949.7578125,75502.8515625,16700,SENSEX,BSE_INDEX,yfinance,1d
2026-03-17,75826.6796875,76304.2578125,75324.7265625,76070.84375,35200,SENSEX,BSE_INDEX,yfinance,1d
2026-03-18,76367.546875,77000.21875,76187.921875,76704.1328125,19300,SENSEX,BSE_INDEX,yfinance,1d
2026-03-19,74750.921875,75354.1796875,73950.953125,74207.2421875,31000,SENSEX,BSE_INDEX,yfinance,1d
2026-03-20,74559.3828125,75286.390625,74385.0390625,74532.9609375,19000,SENSEX,BSE_INDEX,yfinance,1d
2026-03-23,73732.578125,73732.578125,72558.4375,72696.390625,19300,SENSEX,BSE_INDEX,yfinance,1d
2026-03-24,74212.46875,74489.390625,73084.4609375,74068.453125,20700,SENSEX,BSE_INDEX,yfinance,1d
2026-03-25,74652.0078125,75849.7578125,74550.46875,75273.453125,31000,SENSEX,BSE_INDEX,yfinance,1d
2026-03-27,74883.7890625,74904.90625,73534.40625,73583.21875,28800,SENSEX,BSE_INDEX,yfinance,1d
2026-03-30,72565.21875,73165.3203125,71774.1328125,71947.546875,26600,SENSEX,BSE_INDEX,yfinance,1d
2026-04-01,73762.4296875,73964.578125,72971.6796875,73134.3203125,20600,SENSEX,BSE_INDEX,yfinance,1d
2026-04-02,72262.046875,73568.5390625,71545.8125,73319.546875,33000,SENSEX,BSE_INDEX,yfinance,1d
2026-04-06,73477.53125,74207.4609375,72728.65625,74106.8515625,14000,SENSEX,BSE_INDEX,yfinance,1d
2026-04-07,73734.359375,74686.3203125,73282.40625,74616.578125,13400,SENSEX,BSE_INDEX,yfinance,1d
2026-04-08,77290.6328125,77635.5390625,77042.1484375,77562.8984375,27600,SENSEX,BSE_INDEX,yfinance,1d
2026-04-09,77319.328125,77429.328125,76347.8984375,76631.6484375,35500,SENSEX,BSE_INDEX,yfinance,1d
2026-04-10,77121.0078125,77622.5,76851.15625,77550.25,16200,SENSEX,BSE_INDEX,yfinance,1d
2026-04-13,75937.15625,77063.40625,75868.3203125,76847.5703125,19300,SENSEX,BSE_INDEX,yfinance,1d
2026-04-15,77981.1015625,78270.421875,77849.5234375,78111.2421875,15800,SENSEX,BSE_INDEX,yfinance,1d
2026-04-16,78677.5625,78730.3203125,77674.9296875,77988.6796875,33900,SENSEX,BSE_INDEX,yfinance,1d
2026-04-17,77976.1328125,78553.453125,77726.2265625,78493.5390625,14200,SENSEX,BSE_INDEX,yfinance,1d
2026-04-20,78632.8984375,78942.453125,78203.296875,78520.296875,13200,SENSEX,BSE_INDEX,yfinance,1d
2026-04-21,78617.15625,79367.078125,78522.9609375,79273.328125,10900,SENSEX,BSE_INDEX,yfinance,1d
2026-04-22,79019.34375,79031.03125,78442.296875,78516.4921875,16900,SENSEX,BSE_INDEX,yfinance,1d
2026-04-23,77983.65625,78178.5390625,77574.1796875,77664.0,24900,SENSEX,BSE_INDEX,yfinance,1d
2026-04-24,77483.796875,77710.8203125,76403.8671875,76664.2109375,14100,SENSEX,BSE_INDEX,yfinance,1d
2026-04-27,76856.046875,77420.0390625,76754.203125,77303.6328125,21200,SENSEX,BSE_INDEX,yfinance,1d
2026-04-28,77094.7890625,77493.53125,76741.0625,76886.90625,16800,SENSEX,BSE_INDEX,yfinance,1d
2026-04-29,77245.828125,77982.5078125,77136.203125,77496.359375,17900,SENSEX,BSE_INDEX,yfinance,1d
2026-04-30,77014.2109375,77254.328125,76258.859375,76913.5,27900,SENSEX,BSE_INDEX,yfinance,1d
2026-05-04,77257.2734375,77910.75,76939.5390625,77269.3984375,69200,SENSEX,BSE_INDEX,yfinance,1d
2026-05-05,77103.71875,77151.328125,76515.03125,77017.7890625,14500,SENSEX,BSE_INDEX,yfinance,1d
2026-05-06,77424.359375,78022.78125,76773.25,77958.5234375,15000,SENSEX,BSE_INDEX,yfinance,1d
2026-05-07,78339.2421875,78384.703125,77713.2109375,77844.5234375,21500,SENSEX,BSE_INDEX,yfinance,1d
2026-05-08,77631.9375,77647.4375,77146.4296875,77328.1875,13200,SENSEX,BSE_INDEX,yfinance,1d
2026-05-11,76638.09375,76678.5234375,75957.3984375,76015.28125,23900,SENSEX,BSE_INDEX,yfinance,1d
2026-05-12,75688.390625,75741.9609375,74449.5,74559.2421875,15200,SENSEX,BSE_INDEX,yfinance,1d
2026-05-13,74439.34375,75191.5703125,74134.4765625,74608.9765625,18200,SENSEX,BSE_INDEX,yfinance,1d
2026-05-14,74947.1171875,75681.8828125,74526.7734375,75398.71875,35800,SENSEX,BSE_INDEX,yfinance,1d
2026-05-15,75497.1015625,75870.359375,75139.40625,75237.9921875,15200,SENSEX,BSE_INDEX,yfinance,1d
2026-05-18,74807.96875,75466.6015625,74180.2578125,75315.0390625,16100,SENSEX,BSE_INDEX,yfinance,1d
2026-05-19,75441.2734375,75746.2734375,75115.9921875,75200.8515625,13100,SENSEX,BSE_INDEX,yfinance,1d
2026-05-20,74806.4921875,75406.1796875,74529.40625,75318.390625,11500,SENSEX,BSE_INDEX,yfinance,1d
2026-05-21,75732.421875,75945.7890625,74996.78125,75183.359375,20600,SENSEX,BSE_INDEX,yfinance,1d
2026-05-22,75260.390625,75810.96875,75230.75,75415.3515625,9400,SENSEX,BSE_INDEX,yfinance,1d
2026-05-25,76135.8203125,76559.0703125,76097.0234375,76488.9609375,11600,SENSEX,BSE_INDEX,yfinance,1d
2026-05-26,76224.140625,76627.0390625,75909.6796875,76009.703125,11500,SENSEX,BSE_INDEX,yfinance,1d
2026-05-27,75939.859375,76224.6796875,75748.2109375,75867.796875,26000,SENSEX,BSE_INDEX,yfinance,1d
2026-05-29,75988.5078125,76220.0234375,74589.109375,74775.7421875,19500,SENSEX,BSE_INDEX,yfinance,1d
2026-06-01,75203.0234375,75367.9296875,74203.6796875,74267.34375,13500,SENSEX,BSE_INDEX,yfinance,1d
2026-06-02,73945.203125,74862.1875,73815.1171875,74649.84375,19300,SENSEX,BSE_INDEX,yfinance,1d
2026-06-03,74507.7265625,74515.6484375,73492.6015625,74346.171875,14900,SENSEX,BSE_INDEX,yfinance,1d
2026-06-04,73935.828125,74544.2421875,73807.296875,74360.0078125,19200,SENSEX,BSE_INDEX,yfinance,1d
2026-06-05,74629.9375,74717.5703125,73988.75,74243.34375,18000,SENSEX,BSE_INDEX,yfinance,1d
2026-06-08,73421.609375,73934.3515625,73318.9375,73524.2578125,17600,SENSEX,BSE_INDEX,yfinance,1d
2026-06-09,74035.40625,74035.40625,73426.1796875,73918.7578125,12100,SENSEX,BSE_INDEX,yfinance,1d
2026-06-10,73988.2734375,74613.0078125,73897.5703125,73983.1796875,16700,SENSEX,BSE_INDEX,yfinance,1d
2026-06-11,73615.9921875,74394.34375,73518.75,73832.546875,27500,SENSEX,BSE_INDEX,yfinance,1d
2026-06-12,74709.2734375,75608.0234375,74453.390625,75527.953125,16100,SENSEX,BSE_INDEX,yfinance,1d
2026-06-15,76725.2734375,76821.0703125,76140.4375,76264.328125,18500,SENSEX,BSE_INDEX,yfinance,1d
2026-06-16,76526.7734375,76846.7421875,76443.34375,76808.4765625,12700,SENSEX,BSE_INDEX,yfinance,1d
2026-06-17,77080.09375,77218.9921875,76768.4921875,77155.6171875,17800,SENSEX,BSE_INDEX,yfinance,1d
2026-06-18,77131.65625,77492.328125,76953.0,77409.9765625,17900,SENSEX,BSE_INDEX,yfinance,1d
2026-06-19,76852.859375,76901.6484375,76469.71875,76802.8984375,18000,SENSEX,BSE_INDEX,yfinance,1d
2026-06-22,77160.671875,77325.5625,77008.0234375,77094.0703125,13400,SENSEX,BSE_INDEX,yfinance,1d
2026-06-23,77086.046875,77194.828125,76082.5078125,76200.6796875,12200,SENSEX,BSE_INDEX,yfinance,1d
2026-06-24,76229.7578125,77190.3671875,76121.59375,76991.21875,19800,SENSEX,BSE_INDEX,yfinance,1d
2026-06-25,77391.0703125,77803.1796875,76993.15625,77100.46875,47500,SENSEX,BSE_INDEX,yfinance,1d
2026-06-29,77055.2109375,77252.78125,76621.75,76728.3671875,18900,SENSEX,BSE_INDEX,yfinance,1d
2026-06-30,77005.5078125,77037.359375,76329.390625,76478.671875,23400,SENSEX,BSE_INDEX,yfinance,1d
2026-07-01,76545.2109375,77110.078125,76538.3671875,76922.640625,18800,SENSEX,BSE_INDEX,yfinance,1d
2026-07-02,77083.140625,77578.9296875,77063.953125,77502.1171875,22600,SENSEX,BSE_INDEX,yfinance,1d
2026-07-03,78152.34375,78157.5234375,77710.0078125,77763.90625,20900,SENSEX,BSE_INDEX,yfinance,1d
2026-07-06,77940.8984375,78398.0625,77879.703125,78285.0703125,23600,SENSEX,BSE_INDEX,yfinance,1d
2026-07-07,78461.15625,78664.921875,78031.0390625,78180.71875,16700,SENSEX,BSE_INDEX,yfinance,1d
2026-07-08,77816.453125,77851.1796875,76259.03125,76503.6015625,13800,SENSEX,BSE_INDEX,yfinance,1d
2026-07-09,76576.140625,77326.6484375,76576.140625,76741.8203125,33500,SENSEX,BSE_INDEX,yfinance,1d
2026-07-10,77395.6328125,77642.2265625,77320.5625,77569.390625,12300,SENSEX,BSE_INDEX,yfinance,1d
2026-07-13,76963.3515625,77789.2890625,76857.4296875,77616.3984375,17000,SENSEX,BSE_INDEX,yfinance,1d
2026-07-14,77272.34375,77402.7890625,77001.4765625,77054.9375,15700,SENSEX,BSE_INDEX,yfinance,1d
2026-07-15,77192.7578125,77646.2734375,76982.8203125,77185.4296875,11400,SENSEX,BSE_INDEX,yfinance,1d
2026-07-16,77388.421875,77579.6875,77086.421875,77186.8671875,25600,SENSEX,BSE_INDEX,yfinance,1d
2026-07-17,77370.7734375,78282.546875,77308.0,78151.453125,14600,SENSEX,BSE_INDEX,yfinance,1d
2026-07-20,78151.453125,78151.453125,77368.2890625,77708.5234375,15000,SENSEX,BSE_INDEX,yfinance,1d
2026-07-21,77649.6328125,77753.1796875,77337.328125,77470.109375,16500,SENSEX,BSE_INDEX,yfinance,1d
2026-07-22,77384.953125,77384.953125,76641.1875,76755.046875,13200,SENSEX,BSE_INDEX,yfinance,1d
2026-07-23,76515.1015625,76726.65625,76151.9765625,76391.390625,22500,SENSEX,BSE_INDEX,yfinance,1d
2026-07-24,75708.1875,76210.953125,75474.4296875,76059.7734375,21400,SENSEX,BSE_INDEX,yfinance,1d
2026-07-27,76608.9765625,76901.5078125,76517.8515625,76835.78125,14500,SENSEX,BSE_INDEX,yfinance,1d
2026-07-28,76831.75,76988.4765625,76672.7734375,76765.921875,18700,SENSEX,BSE_INDEX,yfinance,1d
2026-07-29,77423.7734375,77765.4921875,77333.2421875,77654.6015625,22100,SENSEX,BSE_INDEX,yfinance,1d
2026-07-30,77638.859375,78007.09375,77440.90625,77928.1484375,24100,SENSEX,BSE_INDEX,yfinance,1d
2026-07-31,77998.65625,78272.25,77809.9296875,78094.640625,15900,SENSEX,BSE_INDEX,yfinance,1d
2026-08-03,78883.34375,78895.1015625,78497.34375,78639.03125,21000,SENSEX,BSE_INDEX,yfinance,1d
2026-08-04,79132.96875,79143.1484375,78211.8671875,78428.953125,11400,SENSEX,BSE_INDEX,yfinance,1d
2026-08-05,79055.3828125,79055.3828125,78285.7421875,78581.0,14300,SENSEX,BSE_INDEX,yfinance,1d
2026-08-06,78782.4296875,78954.7578125,78633.7265625,78954.7578125,23000,SENSEX,BSE_INDEX,yfinance,1d
2026-08-07,78516.078125,78757.3984375,78377.0703125,78499.171875,13900,SENSEX,BSE_INDEX,yfinance,1d
2026-08-10,78501.59375,78676.9765625,78298.921875,78542.4375,28400,SENSEX,BSE_INDEX,yfinance,1d
2026-08-11,78509.7734375,78509.7734375,78048.2578125,78154.25,17900,SENSEX,BSE_INDEX,yfinance,1d
2026-08-12,78263.328125,78263.328125,77497.9296875,77966.3515625,13700,SENSEX,BSE_INDEX,yfinance,1d
2026-08-13,78111.90625,78119.390625,77665.890625,78079.9609375,26900,SENSEX,BSE_INDEX,yfinance,1d
2026-08-14,77903.4296875,78048.90625,77684.3671875,78009.25,13700,SENSEX,BSE_INDEX,yfinance,1d
