date,open,high,low,close,volume,symbol,exchange,source,interval
2021-08-16,704.0,716.1500244140625,702.3499755859375,706.7000122070312,201419,ADANIPORTS,BSE,yfinance,1d
2021-08-17,708.0,714.8499755859375,686.4500122070312,692.5,215280,ADANIPORTS,BSE,yfinance,1d
2021-08-18,699.9000244140625,708.0999755859375,689.0,705.25,253866,ADANIPORTS,BSE,yfinance,1d
2021-08-20,698.0,706.3499755859375,681.0,687.25,447242,ADANIPORTS,BSE,yfinance,1d
2021-08-23,690.0,691.4500122070312,665.0,668.2000122070312,432623,ADANIPORTS,BSE,yfinance,1d
2021-08-24,678.8499755859375,701.9000244140625,668.6500244140625,694.9000244140625,414038,ADANIPORTS,BSE,yfinance,1d
2021-08-25,700.0,725.0,695.7999877929688,720.7000122070312,632363,ADANIPORTS,BSE,yfinance,1d
2021-08-26,724.0,733.0,718.0999755859375,721.5,453339,ADANIPORTS,BSE,yfinance,1d
2021-08-27,726.9000244140625,732.0,721.5,726.8499755859375,161713,ADANIPORTS,BSE,yfinance,1d
2021-08-30,730.0,735.5,727.0,729.9500122070312,214867,ADANIPORTS,BSE,yfinance,1d
2021-08-31,730.0,754.0,728.2999877929688,747.7000122070312,876023,ADANIPORTS,BSE,yfinance,1d
2021-09-01,751.5999755859375,751.5999755859375,737.6500244140625,745.0,158451,ADANIPORTS,BSE,yfinance,1d
2021-09-02,745.4000244140625,760.2999877929688,744.2999877929688,753.75,377387,ADANIPORTS,BSE,yfinance,1d
2021-09-03,757.0,762.0,746.0,755.0,177337,ADANIPORTS,BSE,yfinance,1d
2021-09-06,760.0,764.9000244140625,747.2000122070312,751.1500244140625,348685,ADANIPORTS,BSE,yfinance,1d
2021-09-07,755.0,755.0,741.5,745.5,112881,ADANIPORTS,BSE,yfinance,1d
2021-09-08,747.4500122070312,752.7000122070312,738.2999877929688,746.5499877929688,206725,ADANIPORTS,BSE,yfinance,1d
2021-09-09,747.9000244140625,751.0,742.1500244140625,749.7000122070312,88994,ADANIPORTS,BSE,yfinance,1d
2021-09-13,749.5,752.6500244140625,740.2999877929688,744.9500122070312,176247,ADANIPORTS,BSE,yfinance,1d
2021-09-14,746.0,763.0,745.75,755.2999877929688,166362,ADANIPORTS,BSE,yfinance,1d
2021-09-15,757.7999877929688,769.7999877929688,753.6500244140625,766.0999755859375,179039,ADANIPORTS,BSE,yfinance,1d
2021-09-16,768.5,772.7000122070312,760.0,769.4500122070312,287074,ADANIPORTS,BSE,yfinance,1d
2021-09-17,772.0,786.0,760.0,766.9000244140625,336778,ADANIPORTS,BSE,yfinance,1d
2021-09-20,759.9500122070312,775.75,746.1500244140625,748.9500122070312,187694,ADANIPORTS,BSE,yfinance,1d
2021-09-21,752.0,758.8499755859375,733.7999877929688,749.4500122070312,328815,ADANIPORTS,BSE,yfinance,1d
2021-09-22,749.4500122070312,759.4000244140625,742.0,744.7000122070312,225241,ADANIPORTS,BSE,yfinance,1d
2021-09-23,754.5,759.9000244140625,750.6500244140625,754.0499877929688,598954,ADANIPORTS,BSE,yfinance,1d
2021-09-24,755.0,764.7999877929688,743.0,744.5999755859375,130704,ADANIPORTS,BSE,yfinance,1d
2021-09-27,752.0,753.7000122070312,736.5499877929688,750.0999755859375,132972,ADANIPORTS,BSE,yfinance,1d
2021-09-28,754.8499755859375,756.8499755859375,733.0999755859375,738.7000122070312,169983,ADANIPORTS,BSE,yfinance,1d
2021-09-29,735.2000122070312,747.5999755859375,735.2000122070312,741.7000122070312,170407,ADANIPORTS,BSE,yfinance,1d
2021-09-30,747.7000122070312,756.5999755859375,736.25,737.6500244140625,177698,ADANIPORTS,BSE,yfinance,1d
2021-10-01,739.9500122070312,739.9500122070312,722.0999755859375,734.5999755859375,194473,ADANIPORTS,BSE,yfinance,1d
2021-10-04,740.4000244140625,747.4500122070312,736.0,743.9000244140625,105194,ADANIPORTS,BSE,yfinance,1d
2021-10-05,745.0,753.2999877929688,742.0499877929688,743.7999877929688,128301,ADANIPORTS,BSE,yfinance,1d
2021-10-06,750.8499755859375,750.8499755859375,721.6500244140625,723.9500122070312,138786,ADANIPORTS,BSE,yfinance,1d
2021-10-07,730.0,738.7000122070312,727.25,735.8499755859375,95657,ADANIPORTS,BSE,yfinance,1d
2021-10-08,740.0,747.1500244140625,733.75,739.9500122070312,122518,ADANIPORTS,BSE,yfinance,1d
2021-10-11,746.0,746.0,736.0999755859375,737.25,652740,ADANIPORTS,BSE,yfinance,1d
2021-10-12,736.0,740.9500122070312,729.0999755859375,736.8499755859375,86002,ADANIPORTS,BSE,yfinance,1d
2021-10-13,743.9000244140625,764.5,739.0999755859375,759.2000122070312,375690,ADANIPORTS,BSE,yfinance,1d
2021-10-14,765.2000122070312,817.4500122070312,764.0499877929688,811.9000244140625,1696924,ADANIPORTS,BSE,yfinance,1d
2021-10-18,819.9000244140625,829.7999877929688,807.8499755859375,810.4000244140625,349621,ADANIPORTS,BSE,yfinance,1d
2021-10-19,820.7000122070312,820.7000122070312,785.0,791.7000122070312,328905,ADANIPORTS,BSE,yfinance,1d
2021-10-20,795.9000244140625,803.0,777.4000244140625,795.0999755859375,743901,ADANIPORTS,BSE,yfinance,1d
2021-10-21,798.0,802.0,775.3499755859375,778.75,360801,ADANIPORTS,BSE,yfinance,1d
2021-10-22,783.7999877929688,787.2000122070312,754.0,761.7999877929688,171654,ADANIPORTS,BSE,yfinance,1d
2021-10-25,767.7999877929688,767.7999877929688,738.7999877929688,752.4000244140625,131030,ADANIPORTS,BSE,yfinance,1d
2021-10-26,753.0,758.7999877929688,740.0499877929688,749.8499755859375,195359,ADANIPORTS,BSE,yfinance,1d
2021-10-27,755.0,756.4000244140625,743.25,745.6500244140625,409802,ADANIPORTS,BSE,yfinance,1d
2021-10-28,726.0,734.0,681.5,688.4500122070312,716721,ADANIPORTS,BSE,yfinance,1d
2021-10-29,701.9000244140625,709.8499755859375,687.0499877929688,693.1500244140625,463291,ADANIPORTS,BSE,yfinance,1d
2021-11-01,700.0499877929688,706.5,690.1500244140625,704.5,213626,ADANIPORTS,BSE,yfinance,1d
2021-11-02,708.7000122070312,714.8499755859375,701.0,702.4000244140625,195699,ADANIPORTS,BSE,yfinance,1d
2021-11-03,703.5,719.7000122070312,703.0,709.0,195508,ADANIPORTS,BSE,yfinance,1d
2021-11-04,715.0,716.75,713.0,713.75,19270,ADANIPORTS,BSE,yfinance,1d
2021-11-08,719.8499755859375,734.8499755859375,708.9500122070312,730.2999877929688,235139,ADANIPORTS,BSE,yfinance,1d
2021-11-09,730.2999877929688,744.3499755859375,728.5,737.4000244140625,128207,ADANIPORTS,BSE,yfinance,1d
2021-11-10,735.0,745.0,730.2000122070312,737.5,207328,ADANIPORTS,BSE,yfinance,1d
2021-11-11,737.7999877929688,741.5499877929688,728.9000244140625,735.2000122070312,99727,ADANIPORTS,BSE,yfinance,1d
2021-11-12,735.0999755859375,755.9500122070312,734.3499755859375,750.1500244140625,484348,ADANIPORTS,BSE,yfinance,1d
2021-11-15,752.0,756.25,740.7999877929688,749.7000122070312,100736,ADANIPORTS,BSE,yfinance,1d
2021-11-16,752.0,761.4500122070312,743.25,746.2999877929688,92103,ADANIPORTS,BSE,yfinance,1d
2021-11-17,745.0,745.0,733.3499755859375,735.6500244140625,78956,ADANIPORTS,BSE,yfinance,1d
2021-11-18,740.0,741.0999755859375,716.0,725.9000244140625,158246,ADANIPORTS,BSE,yfinance,1d
2021-11-22,727.0,733.2999877929688,703.6500244140625,714.7999877929688,201961,ADANIPORTS,BSE,yfinance,1d
2021-11-23,712.0,733.5499877929688,706.8499755859375,729.25,130014,ADANIPORTS,BSE,yfinance,1d
2021-11-24,737.0,772.0,734.0,762.75,711017,ADANIPORTS,BSE,yfinance,1d
2021-11-25,765.0,774.0,755.5499877929688,762.3499755859375,205244,ADANIPORTS,BSE,yfinance,1d
2021-11-26,751.0499877929688,765.5,714.0499877929688,717.6500244140625,274507,ADANIPORTS,BSE,yfinance,1d
2021-11-29,707.25,714.6500244140625,682.6500244140625,702.6500244140625,463268,ADANIPORTS,BSE,yfinance,1d
2021-11-30,702.0999755859375,712.5,680.0,684.25,412523,ADANIPORTS,BSE,yfinance,1d
2021-12-01,698.0,711.0,683.0,708.0499877929688,283518,ADANIPORTS,BSE,yfinance,1d
2021-12-02,710.5,741.9500122070312,702.2000122070312,738.8499755859375,450582,ADANIPORTS,BSE,yfinance,1d
2021-12-03,738.8499755859375,746.4500122070312,734.2999877929688,737.4500122070312,198808,ADANIPORTS,BSE,yfinance,1d
2021-12-06,739.5,744.2999877929688,720.8499755859375,723.7000122070312,177252,ADANIPORTS,BSE,yfinance,1d
2021-12-07,728.5499877929688,749.7000122070312,727.4500122070312,744.5,225580,ADANIPORTS,BSE,yfinance,1d
2021-12-08,754.4000244140625,764.0,748.25,761.7000122070312,161935,ADANIPORTS,BSE,yfinance,1d
2021-12-09,769.7000122070312,775.2999877929688,759.6500244140625,769.5999755859375,285200,ADANIPORTS,BSE,yfinance,1d
2021-12-10,762.5,794.75,762.5,767.5999755859375,382265,ADANIPORTS,BSE,yfinance,1d
2021-12-13,773.5,778.5,750.2999877929688,758.2999877929688,138713,ADANIPORTS,BSE,yfinance,1d
2021-12-14,758.5,766.0,750.0,764.25,106531,ADANIPORTS,BSE,yfinance,1d
2021-12-15,765.0,765.7999877929688,742.6500244140625,745.4500122070312,182043,ADANIPORTS,BSE,yfinance,1d
2021-12-16,755.0,757.7000122070312,739.7999877929688,745.1500244140625,118266,ADANIPORTS,BSE,yfinance,1d
2021-12-17,748.0,748.0,721.2000122070312,723.7999877929688,190534,ADANIPORTS,BSE,yfinance,1d
2021-12-20,715.0999755859375,715.5999755859375,685.75,701.8499755859375,217780,ADANIPORTS,BSE,yfinance,1d
2021-12-21,708.7999877929688,728.0,701.8499755859375,725.4000244140625,263322,ADANIPORTS,BSE,yfinance,1d
2021-12-22,726.0,730.0,717.5999755859375,723.2000122070312,98609,ADANIPORTS,BSE,yfinance,1d
2021-12-23,732.0,747.5499877929688,728.5999755859375,731.0499877929688,276974,ADANIPORTS,BSE,yfinance,1d
2021-12-24,730.5499877929688,735.0499877929688,713.75,722.4000244140625,107834,ADANIPORTS,BSE,yfinance,1d
2021-12-27,720.5,726.0999755859375,713.5999755859375,723.25,145514,ADANIPORTS,BSE,yfinance,1d
2021-12-28,729.7000122070312,739.0999755859375,725.4000244140625,729.0999755859375,191480,ADANIPORTS,BSE,yfinance,1d
2021-12-29,730.0,733.9500122070312,720.0999755859375,722.6500244140625,111940,ADANIPORTS,BSE,yfinance,1d
2021-12-30,721.4000244140625,725.7999877929688,716.5,724.5,60547,ADANIPORTS,BSE,yfinance,1d
2021-12-31,726.4000244140625,735.0,725.2000122070312,730.3499755859375,219298,ADANIPORTS,BSE,yfinance,1d
2022-01-03,729.9000244140625,738.5,729.9000244140625,736.4000244140625,111399,ADANIPORTS,BSE,yfinance,1d
2022-01-04,741.3499755859375,746.7999877929688,733.0499877929688,739.0499877929688,94754,ADANIPORTS,BSE,yfinance,1d
2022-01-05,739.0499877929688,758.9500122070312,733.8499755859375,754.5999755859375,131791,ADANIPORTS,BSE,yfinance,1d
2022-01-06,749.9000244140625,749.9000244140625,730.0,739.6500244140625,148981,ADANIPORTS,BSE,yfinance,1d
2022-01-07,747.0,747.5999755859375,730.4500122070312,735.9500122070312,66638,ADANIPORTS,BSE,yfinance,1d
2022-01-10,736.0,743.1500244140625,734.6500244140625,738.75,68759,ADANIPORTS,BSE,yfinance,1d
2022-01-11,735.0999755859375,768.5999755859375,728.5999755859375,765.0999755859375,243158,ADANIPORTS,BSE,yfinance,1d
2022-01-12,770.0,774.75,754.1500244140625,763.4500122070312,280616,ADANIPORTS,BSE,yfinance,1d
2022-01-13,764.0,776.0499877929688,760.0499877929688,772.0499877929688,150645,ADANIPORTS,BSE,yfinance,1d
2022-01-14,771.0,795.0,764.1500244140625,779.2000122070312,282647,ADANIPORTS,BSE,yfinance,1d
2022-01-17,787.0,789.0,774.0,778.9500122070312,101331,ADANIPORTS,BSE,yfinance,1d
2022-01-18,780.0,789.7999877929688,760.0999755859375,763.9500122070312,134784,ADANIPORTS,BSE,yfinance,1d
2022-01-19,757.0,760.6500244140625,736.0,744.1500244140625,246910,ADANIPORTS,BSE,yfinance,1d
2022-01-20,747.0,751.4000244140625,735.3499755859375,738.0,210994,ADANIPORTS,BSE,yfinance,1d
2022-01-21,734.0,734.0,714.5499877929688,723.5499877929688,258789,ADANIPORTS,BSE,yfinance,1d
2022-01-24,728.0,728.0,689.1500244140625,703.2000122070312,186789,ADANIPORTS,BSE,yfinance,1d
2022-01-25,700.0,712.5999755859375,691.0,711.3499755859375,380708,ADANIPORTS,BSE,yfinance,1d
2022-01-27,705.0,711.7999877929688,691.0,708.75,223809,ADANIPORTS,BSE,yfinance,1d
2022-01-28,718.9000244140625,732.75,707.6500244140625,709.9500122070312,136529,ADANIPORTS,BSE,yfinance,1d
2022-01-31,721.7000122070312,723.7999877929688,714.5999755859375,716.1500244140625,61332,ADANIPORTS,BSE,yfinance,1d
2022-02-01,726.0499877929688,744.25,719.9500122070312,739.3499755859375,180326,ADANIPORTS,BSE,yfinance,1d
2022-02-02,727.0,746.75,721.5,745.1500244140625,296544,ADANIPORTS,BSE,yfinance,1d
2022-02-03,746.7000122070312,746.7000122070312,730.2000122070312,733.4000244140625,62122,ADANIPORTS,BSE,yfinance,1d
2022-02-04,733.5,740.9000244140625,725.0,727.0499877929688,142769,ADANIPORTS,BSE,yfinance,1d
2022-02-07,727.0499877929688,729.9000244140625,713.6500244140625,715.6500244140625,129305,ADANIPORTS,BSE,yfinance,1d
2022-02-08,727.0,727.0,703.1500244140625,717.5499877929688,166353,ADANIPORTS,BSE,yfinance,1d
2022-02-09,722.0,735.0999755859375,718.5999755859375,733.2000122070312,91131,ADANIPORTS,BSE,yfinance,1d
2022-02-10,733.5499877929688,741.5,728.0,731.0,117041,ADANIPORTS,BSE,yfinance,1d
2022-02-11,728.0,733.5999755859375,719.3499755859375,723.5999755859375,100316,ADANIPORTS,BSE,yfinance,1d
2022-02-14,719.0,719.0,691.1500244140625,695.8499755859375,207861,ADANIPORTS,BSE,yfinance,1d
2022-02-15,697.0999755859375,722.0,692.75,720.2000122070312,210749,ADANIPORTS,BSE,yfinance,1d
2022-02-16,728.0,750.7999877929688,722.25,740.4500122070312,256024,ADANIPORTS,BSE,yfinance,1d
2022-02-17,742.2000122070312,744.6500244140625,731.7999877929688,734.1500244140625,103331,ADANIPORTS,BSE,yfinance,1d
2022-02-18,731.0,739.0,725.5499877929688,727.5,94624,ADANIPORTS,BSE,yfinance,1d
2022-02-21,721.2000122070312,726.4500122070312,709.8499755859375,711.0999755859375,147184,ADANIPORTS,BSE,yfinance,1d
2022-02-22,686.0,711.9500122070312,685.0999755859375,705.0,256188,ADANIPORTS,BSE,yfinance,1d
2022-02-23,710.2000122070312,719.0999755859375,705.4500122070312,706.7000122070312,178309,ADANIPORTS,BSE,yfinance,1d
2022-02-24,686.0,687.9500122070312,652.0499877929688,655.3499755859375,454099,ADANIPORTS,BSE,yfinance,1d
2022-02-25,669.8499755859375,702.9000244140625,669.8499755859375,695.0,403435,ADANIPORTS,BSE,yfinance,1d
2022-02-28,695.0,709.4000244140625,684.5,707.6500244140625,148734,ADANIPORTS,BSE,yfinance,1d
2022-03-02,705.0,718.0,699.0499877929688,710.25,271548,ADANIPORTS,BSE,yfinance,1d
2022-03-03,714.9000244140625,724.5,703.25,706.5999755859375,226662,ADANIPORTS,BSE,yfinance,1d
2022-03-04,700.2000122070312,710.4000244140625,689.5499877929688,699.5499877929688,298692,ADANIPORTS,BSE,yfinance,1d
2022-03-07,690.0,690.0499877929688,664.0,677.1500244140625,538227,ADANIPORTS,BSE,yfinance,1d
2022-03-08,677.25,691.8499755859375,670.75,688.2999877929688,212530,ADANIPORTS,BSE,yfinance,1d
2022-03-09,699.9000244140625,718.1500244140625,693.5999755859375,714.4500122070312,222936,ADANIPORTS,BSE,yfinance,1d
2022-03-10,726.0,737.5499877929688,720.2999877929688,730.25,317784,ADANIPORTS,BSE,yfinance,1d
2022-03-11,731.4500122070312,731.9000244140625,722.25,729.5499877929688,86565,ADANIPORTS,BSE,yfinance,1d
2022-03-14,728.9500122070312,733.5,724.0499877929688,730.5,120552,ADANIPORTS,BSE,yfinance,1d
2022-03-15,730.0999755859375,735.9500122070312,716.4000244140625,721.5499877929688,104088,ADANIPORTS,BSE,yfinance,1d
2022-03-16,723.0999755859375,729.3499755859375,721.1500244140625,723.5999755859375,100205,ADANIPORTS,BSE,yfinance,1d
2022-03-17,729.3499755859375,743.9000244140625,729.3499755859375,740.1500244140625,107709,ADANIPORTS,BSE,yfinance,1d
2022-03-21,742.0,750.2000122070312,725.4500122070312,735.2999877929688,262923,ADANIPORTS,BSE,yfinance,1d
2022-03-22,728.2000122070312,744.1500244140625,723.2000122070312,739.6500244140625,466652,ADANIPORTS,BSE,yfinance,1d
2022-03-23,747.2000122070312,750.7999877929688,732.2999877929688,734.0,360665,ADANIPORTS,BSE,yfinance,1d
2022-03-24,738.5999755859375,742.0,730.7999877929688,733.0,123323,ADANIPORTS,BSE,yfinance,1d
2022-03-25,740.0,746.3499755859375,730.2999877929688,743.0999755859375,171971,ADANIPORTS,BSE,yfinance,1d
2022-03-28,750.0,750.0,727.0,737.1500244140625,170364,ADANIPORTS,BSE,yfinance,1d
2022-03-29,741.0,767.0,738.2000122070312,761.5,754188,ADANIPORTS,BSE,yfinance,1d
2022-03-30,769.7999877929688,775.5999755859375,762.4000244140625,766.9000244140625,234762,ADANIPORTS,BSE,yfinance,1d
2022-03-31,771.0,781.0499877929688,766.0999755859375,774.0999755859375,181037,ADANIPORTS,BSE,yfinance,1d
2022-04-01,774.0999755859375,790.5,774.0999755859375,785.7000122070312,194894,ADANIPORTS,BSE,yfinance,1d
2022-04-04,788.0,822.25,783.7999877929688,818.7000122070312,544006,ADANIPORTS,BSE,yfinance,1d
2022-04-05,840.0,860.7000122070312,826.7000122070312,847.5499877929688,1213377,ADANIPORTS,BSE,yfinance,1d
2022-04-06,854.0,862.7999877929688,840.0499877929688,849.9500122070312,396085,ADANIPORTS,BSE,yfinance,1d
2022-04-07,851.9000244140625,865.9000244140625,813.5499877929688,817.5499877929688,859541,ADANIPORTS,BSE,yfinance,1d
2022-04-08,822.0,844.5999755859375,819.0,839.2999877929688,344915,ADANIPORTS,BSE,yfinance,1d
2022-04-11,840.0,860.0,840.0,854.6500244140625,436468,ADANIPORTS,BSE,yfinance,1d
2022-04-12,854.6500244140625,859.1500244140625,835.0,844.75,341457,ADANIPORTS,BSE,yfinance,1d
2022-04-13,850.7999877929688,855.0,836.4000244140625,840.5,108760,ADANIPORTS,BSE,yfinance,1d
2022-04-18,834.2999877929688,846.7999877929688,821.25,842.2000122070312,208413,ADANIPORTS,BSE,yfinance,1d
2022-04-19,850.0,850.0,808.0,819.6500244140625,319035,ADANIPORTS,BSE,yfinance,1d
2022-04-20,832.2999877929688,835.5,820.0999755859375,827.5,151855,ADANIPORTS,BSE,yfinance,1d
2022-04-21,830.0999755859375,858.75,830.0999755859375,850.0,287024,ADANIPORTS,BSE,yfinance,1d
2022-04-22,854.0,886.0,841.0,873.5,940467,ADANIPORTS,BSE,yfinance,1d
2022-04-25,876.7000122070312,881.0,849.2999877929688,858.9500122070312,383321,ADANIPORTS,BSE,yfinance,1d
2022-04-26,869.7000122070312,913.0499877929688,866.0499877929688,909.8499755859375,892928,ADANIPORTS,BSE,yfinance,1d
2022-04-27,913.9500122070312,924.6500244140625,879.7999877929688,886.7000122070312,1760954,ADANIPORTS,BSE,yfinance,1d
2022-04-28,900.0,900.3499755859375,876.5,888.2000122070312,345233,ADANIPORTS,BSE,yfinance,1d
2022-04-29,896.0,898.6500244140625,852.4000244140625,856.3499755859375,753872,ADANIPORTS,BSE,yfinance,1d
2022-05-02,856.7000122070312,862.5,838.2000122070312,856.6500244140625,209351,ADANIPORTS,BSE,yfinance,1d
2022-05-04,857.5999755859375,865.0,806.0,812.7999877929688,1027155,ADANIPORTS,BSE,yfinance,1d
2022-05-05,821.0999755859375,835.4000244140625,806.3499755859375,811.2999877929688,380521,ADANIPORTS,BSE,yfinance,1d
2022-05-06,804.0,820.5,790.0,810.5999755859375,278106,ADANIPORTS,BSE,yfinance,1d
2022-05-09,810.0,810.0,783.0,792.2999877929688,187477,ADANIPORTS,BSE,yfinance,1d
2022-05-10,797.9500122070312,804.25,765.0,771.2999877929688,206263,ADANIPORTS,BSE,yfinance,1d
2022-05-11,772.0,784.9500122070312,748.7999877929688,759.5999755859375,371027,ADANIPORTS,BSE,yfinance,1d
2022-05-12,763.0,763.0,705.4500122070312,713.0,384833,ADANIPORTS,BSE,yfinance,1d
2022-05-13,728.0,735.9000244140625,702.3499755859375,706.0999755859375,324316,ADANIPORTS,BSE,yfinance,1d
2022-05-16,712.25,728.0,704.5,712.25,268351,ADANIPORTS,BSE,yfinance,1d
2022-05-17,726.5999755859375,747.5,715.9000244140625,744.6500244140625,149335,ADANIPORTS,BSE,yfinance,1d
2022-05-18,754.9000244140625,767.0,742.5,759.5999755859375,354359,ADANIPORTS,BSE,yfinance,1d
2022-05-19,745.9000244140625,747.0499877929688,730.0499877929688,732.7999877929688,145761,ADANIPORTS,BSE,yfinance,1d
2022-05-20,746.5,772.0,746.5,768.4500122070312,279907,ADANIPORTS,BSE,yfinance,1d
2022-05-23,773.9000244140625,779.6500244140625,752.0,753.3499755859375,218310,ADANIPORTS,BSE,yfinance,1d
2022-05-24,755.2000122070312,765.0,747.7999877929688,751.7999877929688,249317,ADANIPORTS,BSE,yfinance,1d
2022-05-25,736.5,744.0499877929688,705.9500122070312,708.4500122070312,237491,ADANIPORTS,BSE,yfinance,1d
2022-05-26,715.0,719.2999877929688,668.2999877929688,702.5499877929688,600332,ADANIPORTS,BSE,yfinance,1d
2022-05-27,715.0,715.0,696.9000244140625,702.9000244140625,256760,ADANIPORTS,BSE,yfinance,1d
2022-05-30,712.7000122070312,736.9000244140625,709.7999877929688,734.2999877929688,161980,ADANIPORTS,BSE,yfinance,1d
2022-05-31,733.0,749.0,728.25,739.2999877929688,184462,ADANIPORTS,BSE,yfinance,1d
2022-06-01,743.9000244140625,743.9000244140625,729.0999755859375,736.7999877929688,108778,ADANIPORTS,BSE,yfinance,1d
2022-06-02,736.7999877929688,752.5999755859375,730.5,748.8499755859375,112688,ADANIPORTS,BSE,yfinance,1d
2022-06-03,759.0,762.0,738.6500244140625,739.6500244140625,174324,ADANIPORTS,BSE,yfinance,1d
2022-06-06,740.0,745.3499755859375,725.5499877929688,740.9500122070312,79385,ADANIPORTS,BSE,yfinance,1d
2022-06-07,742.0,742.0499877929688,717.0,734.1500244140625,79104,ADANIPORTS,BSE,yfinance,1d
2022-06-08,735.9500122070312,739.9000244140625,725.5,728.5,69909,ADANIPORTS,BSE,yfinance,1d
2022-06-09,726.0,736.8499755859375,723.2999877929688,735.4000244140625,57616,ADANIPORTS,BSE,yfinance,1d
2022-06-10,729.9500122070312,732.0,718.25,726.4000244140625,60715,ADANIPORTS,BSE,yfinance,1d
2022-06-13,710.0,714.6500244140625,688.9500122070312,695.2999877929688,197626,ADANIPORTS,BSE,yfinance,1d
2022-06-14,693.25,721.5,693.25,704.7000122070312,211036,ADANIPORTS,BSE,yfinance,1d
2022-06-15,715.9000244140625,715.9000244140625,701.5499877929688,703.5999755859375,119919,ADANIPORTS,BSE,yfinance,1d
2022-06-16,713.0,715.2999877929688,675.0,679.5499877929688,145951,ADANIPORTS,BSE,yfinance,1d
2022-06-17,679.9000244140625,689.2000122070312,663.0,668.9500122070312,135160,ADANIPORTS,BSE,yfinance,1d
2022-06-20,668.9500122070312,674.2000122070312,653.2000122070312,663.7000122070312,181875,ADANIPORTS,BSE,yfinance,1d
2022-06-21,671.5499877929688,691.5,667.5,688.9500122070312,162894,ADANIPORTS,BSE,yfinance,1d
2022-06-22,687.7999877929688,687.7999877929688,665.5499877929688,668.4000244140625,82915,ADANIPORTS,BSE,yfinance,1d
2022-06-23,671.0,683.0,666.1500244140625,675.3499755859375,100291,ADANIPORTS,BSE,yfinance,1d
2022-06-24,684.0,688.2000122070312,677.0,686.5999755859375,134785,ADANIPORTS,BSE,yfinance,1d
2022-06-27,703.7999877929688,703.7999877929688,685.0,687.25,121594,ADANIPORTS,BSE,yfinance,1d
2022-06-28,680.2999877929688,683.1500244140625,670.5,678.0999755859375,106458,ADANIPORTS,BSE,yfinance,1d
2022-06-29,675.2000122070312,684.3499755859375,667.0,677.5999755859375,98053,ADANIPORTS,BSE,yfinance,1d
2022-06-30,682.9500122070312,686.0499877929688,666.4500122070312,671.4500122070312,68539,ADANIPORTS,BSE,yfinance,1d
2022-07-01,672.7000122070312,679.8499755859375,656.0499877929688,678.3499755859375,91377,ADANIPORTS,BSE,yfinance,1d
2022-07-04,678.5,684.0,673.0499877929688,681.9000244140625,109164,ADANIPORTS,BSE,yfinance,1d
2022-07-05,688.7000122070312,693.9500122070312,677.2999877929688,678.8499755859375,66707,ADANIPORTS,BSE,yfinance,1d
2022-07-06,680.5999755859375,696.0,678.1500244140625,694.3499755859375,157514,ADANIPORTS,BSE,yfinance,1d
2022-07-07,699.0,707.0,695.9000244140625,703.2000122070312,150112,ADANIPORTS,BSE,yfinance,1d
2022-07-08,708.1500244140625,717.7999877929688,706.5999755859375,716.0,100580,ADANIPORTS,BSE,yfinance,1d
2022-07-11,715.7000122070312,731.9500122070312,712.7999877929688,729.0,161352,ADANIPORTS,BSE,yfinance,1d
2022-07-12,731.4000244140625,743.0,727.0,731.9500122070312,132632,ADANIPORTS,BSE,yfinance,1d
2022-07-13,737.7000122070312,739.1500244140625,724.2000122070312,726.9500122070312,111629,ADANIPORTS,BSE,yfinance,1d
2022-07-14,730.0,730.5499877929688,716.25,725.2000122070312,171003,ADANIPORTS,BSE,yfinance,1d
2022-07-15,739.9000244140625,739.9000244140625,726.0,730.4500122070312,154419,ADANIPORTS,BSE,yfinance,1d
2022-07-18,738.7999877929688,742.4000244140625,732.5,739.6500244140625,799805,ADANIPORTS,BSE,yfinance,1d
2022-07-19,736.0,751.7999877929688,735.25,748.5999755859375,82229,ADANIPORTS,BSE,yfinance,1d
2022-07-20,757.0,757.0,741.8499755859375,743.2000122070312,75559,ADANIPORTS,BSE,yfinance,1d
2022-07-21,746.0,756.7999877929688,741.75,754.4000244140625,109181,ADANIPORTS,BSE,yfinance,1d
2022-07-22,755.0999755859375,765.0,751.5499877929688,754.0,205278,ADANIPORTS,BSE,yfinance,1d
2022-07-25,757.9000244140625,757.9000244140625,746.2999877929688,749.5999755859375,54641,ADANIPORTS,BSE,yfinance,1d
2022-07-26,751.0,753.5,745.0999755859375,749.25,46971,ADANIPORTS,BSE,yfinance,1d
2022-07-27,744.0,761.9500122070312,744.0,760.6500244140625,146156,ADANIPORTS,BSE,yfinance,1d
2022-07-28,764.6500244140625,768.4500122070312,757.8499755859375,764.5999755859375,137473,ADANIPORTS,BSE,yfinance,1d
2022-07-29,768.0,775.5,759.0,763.7999877929688,166245,ADANIPORTS,BSE,yfinance,1d
2022-08-01,770.0,803.9500122070312,765.0499877929688,801.1500244140625,1111063,ADANIPORTS,BSE,yfinance,1d
2022-08-02,801.9000244140625,810.0999755859375,796.0,802.2999877929688,179273,ADANIPORTS,BSE,yfinance,1d
2022-08-03,802.2999877929688,809.7999877929688,795.1500244140625,806.9000244140625,219607,ADANIPORTS,BSE,yfinance,1d
2022-08-04,812.9500122070312,820.5999755859375,796.5,807.4000244140625,148016,ADANIPORTS,BSE,yfinance,1d
2022-08-05,808.0,818.5499877929688,805.5,810.0,136673,ADANIPORTS,BSE,yfinance,1d
2022-08-08,820.9500122070312,823.0,795.8499755859375,801.25,222536,ADANIPORTS,BSE,yfinance,1d
2022-08-10,802.0999755859375,808.0,778.4500122070312,790.8499755859375,178690,ADANIPORTS,BSE,yfinance,1d
2022-08-11,792.0,800.0,788.1500244140625,792.7000122070312,110627,ADANIPORTS,BSE,yfinance,1d
2022-08-12,792.7000122070312,799.75,786.0,788.2000122070312,53165,ADANIPORTS,BSE,yfinance,1d
2022-08-16,795.0,826.0999755859375,790.8499755859375,824.5,234822,ADANIPORTS,BSE,yfinance,1d
2022-08-17,828.7999877929688,832.2999877929688,821.0,824.0499877929688,197736,ADANIPORTS,BSE,yfinance,1d
2022-08-18,825.0,836.5999755859375,820.4500122070312,833.5499877929688,134991,ADANIPORTS,BSE,yfinance,1d
2022-08-19,834.1500244140625,883.5999755859375,834.1500244140625,871.9500122070312,1218242,ADANIPORTS,BSE,yfinance,1d
2022-08-22,874.5,891.9500122070312,835.1500244140625,840.1500244140625,861981,ADANIPORTS,BSE,yfinance,1d
2022-08-23,835.9000244140625,857.2999877929688,806.0,832.75,673552,ADANIPORTS,BSE,yfinance,1d
2022-08-24,827.0499877929688,837.5999755859375,817.0999755859375,836.0499877929688,300028,ADANIPORTS,BSE,yfinance,1d
2022-08-25,841.0,842.0,812.5499877929688,815.9500122070312,199928,ADANIPORTS,BSE,yfinance,1d
2022-08-26,820.0,844.9000244140625,818.0,835.5999755859375,925649,ADANIPORTS,BSE,yfinance,1d
2022-08-29,820.9500122070312,844.0,813.8499755859375,833.9000244140625,614520,ADANIPORTS,BSE,yfinance,1d
2022-08-30,845.0,860.2000122070312,838.9000244140625,842.3499755859375,184859,ADANIPORTS,BSE,yfinance,1d
2022-09-01,842.3499755859375,846.2999877929688,831.5999755859375,837.7999877929688,156180,ADANIPORTS,BSE,yfinance,1d
2022-09-02,842.7999877929688,861.0,838.0,851.5499877929688,269110,ADANIPORTS,BSE,yfinance,1d
2022-09-05,855.7999877929688,864.9500122070312,845.0,849.9000244140625,207864,ADANIPORTS,BSE,yfinance,1d
2022-09-06,853.0,858.5,843.9500122070312,850.2000122070312,112037,ADANIPORTS,BSE,yfinance,1d
2022-09-07,850.2000122070312,878.8499755859375,844.7000122070312,874.9500122070312,255038,ADANIPORTS,BSE,yfinance,1d
2022-09-08,878.0,888.0999755859375,867.0,885.25,304826,ADANIPORTS,BSE,yfinance,1d
2022-09-09,889.0,925.0,886.7999877929688,907.0499877929688,1002249,ADANIPORTS,BSE,yfinance,1d
2022-09-12,915.0,941.4000244140625,911.0,938.6500244140625,673909,ADANIPORTS,BSE,yfinance,1d
2022-09-13,945.0999755859375,953.7999877929688,932.5999755859375,948.8499755859375,601507,ADANIPORTS,BSE,yfinance,1d
2022-09-14,930.0999755859375,958.9500122070312,930.0999755859375,947.75,480990,ADANIPORTS,BSE,yfinance,1d
2022-09-15,955.0,972.7000122070312,950.7000122070312,968.6500244140625,284688,ADANIPORTS,BSE,yfinance,1d
2022-09-16,971.7999877929688,976.25,926.4500122070312,937.7000122070312,561505,ADANIPORTS,BSE,yfinance,1d
2022-09-19,945.0,972.7999877929688,935.4500122070312,959.5,748397,ADANIPORTS,BSE,yfinance,1d
2022-09-20,973.8499755859375,987.9000244140625,967.0,969.4000244140625,288322,ADANIPORTS,BSE,yfinance,1d
2022-09-21,972.5499877929688,976.4000244140625,917.0499877929688,932.5499877929688,580989,ADANIPORTS,BSE,yfinance,1d
2022-09-22,934.9000244140625,953.1500244140625,928.0,946.9500122070312,338915,ADANIPORTS,BSE,yfinance,1d
2022-09-23,947.5,951.2999877929688,910.1500244140625,913.75,335085,ADANIPORTS,BSE,yfinance,1d
2022-09-26,910.0,910.0,855.0,863.6500244140625,414791,ADANIPORTS,BSE,yfinance,1d
2022-09-27,860.0,875.0,833.9500122070312,844.0,549823,ADANIPORTS,BSE,yfinance,1d
2022-09-28,836.9000244140625,846.9000244140625,823.2999877929688,827.5499877929688,224004,ADANIPORTS,BSE,yfinance,1d
2022-09-29,841.9500122070312,847.5499877929688,813.2999877929688,816.25,352418,ADANIPORTS,BSE,yfinance,1d
2022-09-30,821.0999755859375,830.0,801.0,821.0499877929688,302892,ADANIPORTS,BSE,yfinance,1d
2022-10-03,823.7999877929688,834.5999755859375,772.7999877929688,785.4500122070312,848894,ADANIPORTS,BSE,yfinance,1d
2022-10-04,803.0,826.0,790.0,823.0499877929688,390574,ADANIPORTS,BSE,yfinance,1d
2022-10-06,832.5,835.0,822.2999877929688,824.0,274214,ADANIPORTS,BSE,yfinance,1d
2022-10-07,822.9000244140625,826.0,806.5,816.7999877929688,233816,ADANIPORTS,BSE,yfinance,1d
2022-10-10,806.0,813.8499755859375,799.2999877929688,807.8499755859375,160732,ADANIPORTS,BSE,yfinance,1d
2022-10-11,814.9000244140625,820.0,793.9000244140625,797.0499877929688,824054,ADANIPORTS,BSE,yfinance,1d
2022-10-12,801.0,806.0499877929688,786.2999877929688,803.5,195924,ADANIPORTS,BSE,yfinance,1d
2022-10-13,806.0,811.7000122070312,776.9500122070312,784.8499755859375,260387,ADANIPORTS,BSE,yfinance,1d
2022-10-14,805.9500122070312,805.9500122070312,778.3499755859375,780.25,227673,ADANIPORTS,BSE,yfinance,1d
2022-10-17,780.5499877929688,790.0,771.5999755859375,786.5499877929688,905105,ADANIPORTS,BSE,yfinance,1d
2022-10-18,792.9000244140625,814.9500122070312,789.9500122070312,810.0,327245,ADANIPORTS,BSE,yfinance,1d
2022-10-19,814.9500122070312,823.5,801.25,804.9000244140625,447193,ADANIPORTS,BSE,yfinance,1d
2022-10-20,800.0499877929688,822.0,795.2999877929688,819.9000244140625,161414,ADANIPORTS,BSE,yfinance,1d
2022-10-21,822.5499877929688,824.3499755859375,799.5,801.7999877929688,203592,ADANIPORTS,BSE,yfinance,1d
2022-10-24,808.0,809.7000122070312,802.0499877929688,805.2999877929688,40497,ADANIPORTS,BSE,yfinance,1d
2022-10-25,808.7000122070312,812.5499877929688,797.0,800.2999877929688,765810,ADANIPORTS,BSE,yfinance,1d
2022-10-27,801.5,823.9500122070312,794.8499755859375,820.7000122070312,351885,ADANIPORTS,BSE,yfinance,1d
2022-10-28,824.4000244140625,834.5,817.5,820.2000122070312,198622,ADANIPORTS,BSE,yfinance,1d
2022-10-31,821.0999755859375,830.75,819.4500122070312,823.0499877929688,166300,ADANIPORTS,BSE,yfinance,1d
2022-11-01,829.0,844.9000244140625,823.5499877929688,841.75,299971,ADANIPORTS,BSE,yfinance,1d
2022-11-02,854.7000122070312,854.75,830.0999755859375,833.9000244140625,397482,ADANIPORTS,BSE,yfinance,1d
2022-11-03,829.9000244140625,837.8499755859375,823.5499877929688,832.4500122070312,576953,ADANIPORTS,BSE,yfinance,1d
2022-11-04,836.0,867.0,832.0,861.1500244140625,1551574,ADANIPORTS,BSE,yfinance,1d
2022-11-07,867.9500122070312,868.0,846.0,853.0,271579,ADANIPORTS,BSE,yfinance,1d
2022-11-09,857.0,900.75,857.0,891.2000122070312,1077908,ADANIPORTS,BSE,yfinance,1d
2022-11-10,890.0499877929688,897.9500122070312,876.0999755859375,893.5999755859375,672676,ADANIPORTS,BSE,yfinance,1d
2022-11-11,906.7999877929688,907.4000244140625,890.4500122070312,894.4000244140625,711133,ADANIPORTS,BSE,yfinance,1d
2022-11-14,892.25,907.7999877929688,884.9500122070312,895.4500122070312,658607,ADANIPORTS,BSE,yfinance,1d
2022-11-15,896.0,915.5,895.0499877929688,906.75,609319,ADANIPORTS,BSE,yfinance,1d
2022-11-16,910.0,916.0,874.8499755859375,887.9500122070312,481504,ADANIPORTS,BSE,yfinance,1d
2022-11-17,884.0,897.4500122070312,880.5,890.4000244140625,234294,ADANIPORTS,BSE,yfinance,1d
2022-11-18,890.4000244140625,894.9500122070312,879.5999755859375,888.7000122070312,121776,ADANIPORTS,BSE,yfinance,1d
2022-11-21,884.25,891.8499755859375,869.4000244140625,871.5,155378,ADANIPORTS,BSE,yfinance,1d
2022-11-22,873.0,885.6500244140625,870.2000122070312,882.5999755859375,137263,ADANIPORTS,BSE,yfinance,1d
2022-11-23,882.0499877929688,887.4000244140625,869.2999877929688,872.7000122070312,146868,ADANIPORTS,BSE,yfinance,1d
2022-11-24,871.0,882.0499877929688,868.5,876.2000122070312,93975,ADANIPORTS,BSE,yfinance,1d
2022-11-25,875.0,881.2999877929688,872.0,878.75,107611,ADANIPORTS,BSE,yfinance,1d
2022-11-28,877.0,885.0999755859375,873.3499755859375,879.25,94965,ADANIPORTS,BSE,yfinance,1d
2022-11-29,879.2000122070312,891.5,875.25,878.2000122070312,198602,ADANIPORTS,BSE,yfinance,1d
2022-11-30,877.75,884.0499877929688,873.0499877929688,881.25,139742,ADANIPORTS,BSE,yfinance,1d
2022-12-01,882.25,896.0,882.0,890.1500244140625,205818,ADANIPORTS,BSE,yfinance,1d
2022-12-02,891.2999877929688,903.5,884.0999755859375,888.2999877929688,154838,ADANIPORTS,BSE,yfinance,1d
2022-12-05,889.5499877929688,896.4500122070312,878.7000122070312,892.9500122070312,175814,ADANIPORTS,BSE,yfinance,1d
2022-12-06,892.9500122070312,902.4000244140625,886.2000122070312,896.4500122070312,118735,ADANIPORTS,BSE,yfinance,1d
2022-12-07,898.9000244140625,902.7000122070312,884.75,886.2999877929688,161490,ADANIPORTS,BSE,yfinance,1d
2022-12-08,888.5,898.2999877929688,887.7999877929688,892.5999755859375,80417,ADANIPORTS,BSE,yfinance,1d
2022-12-09,894.25,912.0499877929688,882.5999755859375,890.4500122070312,337391,ADANIPORTS,BSE,yfinance,1d
2022-12-12,889.0,895.1500244140625,878.5,881.0999755859375,76380,ADANIPORTS,BSE,yfinance,1d
2022-12-13,884.0,897.7000122070312,881.5,895.5,80078,ADANIPORTS,BSE,yfinance,1d
2022-12-14,899.9500122070312,908.4500122070312,891.7999877929688,901.75,229782,ADANIPORTS,BSE,yfinance,1d
2022-12-15,898.2000122070312,906.7999877929688,880.25,883.9500122070312,156848,ADANIPORTS,BSE,yfinance,1d
2022-12-16,880.0,890.9000244140625,854.8499755859375,860.2000122070312,228491,ADANIPORTS,BSE,yfinance,1d
2022-12-19,861.0,895.5,860.0,892.9500122070312,118938,ADANIPORTS,BSE,yfinance,1d
2022-12-20,892.9500122070312,894.0,871.3499755859375,884.1500244140625,146418,ADANIPORTS,BSE,yfinance,1d
2022-12-21,885.4500122070312,893.2999877929688,851.2999877929688,857.2999877929688,132758,ADANIPORTS,BSE,yfinance,1d
2022-12-22,863.0,873.5999755859375,845.5,856.6500244140625,176917,ADANIPORTS,BSE,yfinance,1d
2022-12-23,849.3499755859375,852.3499755859375,790.8499755859375,794.4000244140625,273073,ADANIPORTS,BSE,yfinance,1d
2022-12-26,794.5,811.9500122070312,785.0999755859375,806.0499877929688,391609,ADANIPORTS,BSE,yfinance,1d
2022-12-27,807.5999755859375,821.0,798.0999755859375,817.0,189223,ADANIPORTS,BSE,yfinance,1d
2022-12-28,816.7000122070312,817.1500244140625,808.5499877929688,810.2999877929688,92006,ADANIPORTS,BSE,yfinance,1d
2022-12-29,806.0,822.7000122070312,799.5,819.7000122070312,88541,ADANIPORTS,BSE,yfinance,1d
2022-12-30,824.9500122070312,826.5,815.4500122070312,817.9000244140625,203457,ADANIPORTS,BSE,yfinance,1d
2023-01-02,821.7000122070312,826.5,816.9000244140625,822.4000244140625,65969,ADANIPORTS,BSE,yfinance,1d
2023-01-03,822.0,826.0,818.0,820.75,119539,ADANIPORTS,BSE,yfinance,1d
2023-01-04,819.75,822.0,807.0999755859375,810.1500244140625,133421,ADANIPORTS,BSE,yfinance,1d
2023-01-05,813.0499877929688,821.7999877929688,797.5,819.9500122070312,130486,ADANIPORTS,BSE,yfinance,1d
2023-01-06,819.0,824.5499877929688,803.5999755859375,806.0,115876,ADANIPORTS,BSE,yfinance,1d
2023-01-09,810.0,820.3499755859375,809.4500122070312,816.9000244140625,56964,ADANIPORTS,BSE,yfinance,1d
2023-01-10,818.8499755859375,820.75,782.0,796.2999877929688,218378,ADANIPORTS,BSE,yfinance,1d
2023-01-11,800.0,803.3499755859375,789.1500244140625,796.25,99485,ADANIPORTS,BSE,yfinance,1d
2023-01-12,798.9500122070312,799.4500122070312,786.0,793.0,60209,ADANIPORTS,BSE,yfinance,1d
2023-01-13,797.75,800.0,785.9000244140625,794.8499755859375,232439,ADANIPORTS,BSE,yfinance,1d
2023-01-16,795.8499755859375,797.3499755859375,784.4500122070312,786.9500122070312,112610,ADANIPORTS,BSE,yfinance,1d
2023-01-17,788.0,792.7000122070312,778.4500122070312,785.1500244140625,161120,ADANIPORTS,BSE,yfinance,1d
2023-01-18,785.0,795.6500244140625,776.6500244140625,786.2000122070312,159548,ADANIPORTS,BSE,yfinance,1d
2023-01-19,780.5499877929688,783.9000244140625,771.6500244140625,776.0499877929688,94189,ADANIPORTS,BSE,yfinance,1d
2023-01-20,776.0499877929688,786.5,773.0,774.4500122070312,83627,ADANIPORTS,BSE,yfinance,1d
2023-01-23,779.5,779.5,762.5,769.0499877929688,123619,ADANIPORTS,BSE,yfinance,1d
2023-01-24,769.4500122070312,774.1500244140625,758.0999755859375,760.8499755859375,100603,ADANIPORTS,BSE,yfinance,1d
2023-01-25,753.0,757.1500244140625,706.0,712.9000244140625,535342,ADANIPORTS,BSE,yfinance,1d
2023-01-27,700.0,700.0,536.8499755859375,598.5999755859375,2392753,ADANIPORTS,BSE,yfinance,1d
2023-01-30,608.9500122070312,658.4500122070312,566.8499755859375,596.8499755859375,3337035,ADANIPORTS,BSE,yfinance,1d
2023-01-31,606.0,626.9500122070312,588.1500244140625,612.7999877929688,1466548,ADANIPORTS,BSE,yfinance,1d
2023-02-01,630.0,630.0,459.6000061035156,492.1499938964844,4150636,ADANIPORTS,BSE,yfinance,1d
2023-02-02,504.95001220703125,519.0,423.0,462.0,7458395,ADANIPORTS,BSE,yfinance,1d
2023-02-03,458.0,506.8999938964844,394.95001220703125,498.8500061035156,4335345,ADANIPORTS,BSE,yfinance,1d
2023-02-06,499.0,548.7000122070312,476.95001220703125,546.0499877929688,2744151,ADANIPORTS,BSE,yfinance,1d
2023-02-07,549.5,598.7000122070312,543.0,553.2999877929688,3416013,ADANIPORTS,BSE,yfinance,1d
2023-02-08,565.0,605.0,564.25,599.4500122070312,3111386,ADANIPORTS,BSE,yfinance,1d
2023-02-09,590.0,590.0,545.9500122070312,582.0499877929688,2400086,ADANIPORTS,BSE,yfinance,1d
2023-02-10,573.9000244140625,600.0,560.1500244140625,583.8499755859375,677079,ADANIPORTS,BSE,yfinance,1d
2023-02-13,587.0499877929688,596.1500244140625,537.5499877929688,553.2000122070312,1318485,ADANIPORTS,BSE,yfinance,1d
2023-02-14,549.0,581.0,538.4500122070312,565.0999755859375,1079033,ADANIPORTS,BSE,yfinance,1d
2023-02-15,568.0,578.9000244140625,561.7000122070312,568.9500122070312,795893,ADANIPORTS,BSE,yfinance,1d
2023-02-16,580.9500122070312,590.7000122070312,573.5999755859375,577.2000122070312,604814,ADANIPORTS,BSE,yfinance,1d
2023-02-17,578.7999877929688,585.75,569.25,578.7999877929688,943260,ADANIPORTS,BSE,yfinance,1d
2023-02-20,568.0,581.4000244140625,560.0499877929688,579.6500244140625,970855,ADANIPORTS,BSE,yfinance,1d
2023-02-21,585.0,593.8499755859375,579.5999755859375,583.2999877929688,541848,ADANIPORTS,BSE,yfinance,1d
2023-02-22,583.2999877929688,583.2999877929688,540.0,546.8499755859375,970527,ADANIPORTS,BSE,yfinance,1d
2023-02-23,538.0499877929688,558.0,533.6500244140625,552.0999755859375,618246,ADANIPORTS,BSE,yfinance,1d
2023-02-24,555.7000122070312,565.9000244140625,543.5,558.9500122070312,757590,ADANIPORTS,BSE,yfinance,1d
2023-02-27,556.0999755859375,571.9500122070312,553.0499877929688,562.0,868633,ADANIPORTS,BSE,yfinance,1d
2023-02-28,562.0499877929688,614.5999755859375,552.0,592.5999755859375,2469262,ADANIPORTS,BSE,yfinance,1d
2023-03-01,597.0,615.8499755859375,595.0,602.1500244140625,1920102,ADANIPORTS,BSE,yfinance,1d
2023-03-02,602.1500244140625,625.0,585.0,623.2000122070312,2188250,ADANIPORTS,BSE,yfinance,1d
2023-03-03,660.0,694.0,650.2000122070312,684.3499755859375,4303980,ADANIPORTS,BSE,yfinance,1d
2023-03-06,698.0,722.7999877929688,681.2000122070312,690.5,2275213,ADANIPORTS,BSE,yfinance,1d
2023-03-08,700.0,719.0,682.0,712.75,1313567,ADANIPORTS,BSE,yfinance,1d
2023-03-09,712.75,716.8499755859375,685.5999755859375,697.2000122070312,1876980,ADANIPORTS,BSE,yfinance,1d
2023-03-10,684.0,701.4000244140625,681.25,697.8499755859375,745750,ADANIPORTS,BSE,yfinance,1d
2023-03-13,686.0,710.5499877929688,677.5,680.9500122070312,1095548,ADANIPORTS,BSE,yfinance,1d
2023-03-14,683.9500122070312,684.75,638.7999877929688,654.2000122070312,1101429,ADANIPORTS,BSE,yfinance,1d
2023-03-15,654.25,688.0,654.25,679.0999755859375,915706,ADANIPORTS,BSE,yfinance,1d
2023-03-16,686.7000122070312,692.2000122070312,675.2000122070312,679.1500244140625,597718,ADANIPORTS,BSE,yfinance,1d
2023-03-17,688.0,691.0,671.5,680.0999755859375,551356,ADANIPORTS,BSE,yfinance,1d
2023-03-20,672.9000244140625,676.9000244140625,659.5,666.75,360703,ADANIPORTS,BSE,yfinance,1d
2023-03-21,671.0,674.1500244140625,661.0999755859375,664.75,532799,ADANIPORTS,BSE,yfinance,1d
2023-03-22,674.9000244140625,674.9000244140625,654.5,657.2999877929688,323861,ADANIPORTS,BSE,yfinance,1d
2023-03-23,655.5999755859375,667.0999755859375,652.1500244140625,654.9500122070312,528121,ADANIPORTS,BSE,yfinance,1d
2023-03-24,658.7999877929688,660.6500244140625,635.0,638.2000122070312,754632,ADANIPORTS,BSE,yfinance,1d
2023-03-27,635.25,644.9000244140625,625.2000122070312,629.0999755859375,776624,ADANIPORTS,BSE,yfinance,1d
2023-03-28,622.25,627.8499755859375,571.3499755859375,593.5,1792700,ADANIPORTS,BSE,yfinance,1d
2023-03-29,590.0,642.8499755859375,590.0,636.5,1419581,ADANIPORTS,BSE,yfinance,1d
2023-03-31,640.3499755859375,654.75,628.0999755859375,631.7999877929688,553450,ADANIPORTS,BSE,yfinance,1d
2023-04-03,640.7999877929688,640.7999877929688,622.1500244140625,627.75,268399,ADANIPORTS,BSE,yfinance,1d
2023-04-05,625.7999877929688,639.5499877929688,625.25,636.5,270714,ADANIPORTS,BSE,yfinance,1d
2023-04-06,636.0499877929688,651.4000244140625,631.5999755859375,641.7999877929688,344825,ADANIPORTS,BSE,yfinance,1d
2023-04-10,645.0,656.7000122070312,643.0,651.9000244140625,491015,ADANIPORTS,BSE,yfinance,1d
2023-04-11,654.0,660.2000122070312,647.6500244140625,653.8499755859375,204364,ADANIPORTS,BSE,yfinance,1d
2023-04-12,652.0499877929688,661.9500122070312,650.0499877929688,657.5,190687,ADANIPORTS,BSE,yfinance,1d
2023-04-13,661.7000122070312,664.9000244140625,653.6500244140625,661.6500244140625,219566,ADANIPORTS,BSE,yfinance,1d
2023-04-17,665.9500122070312,666.7000122070312,658.2000122070312,664.9000244140625,361208,ADANIPORTS,BSE,yfinance,1d
2023-04-18,666.2000122070312,671.4000244140625,651.0,658.4000244140625,317270,ADANIPORTS,BSE,yfinance,1d
2023-04-19,658.4000244140625,665.0,655.0,658.4500122070312,266304,ADANIPORTS,BSE,yfinance,1d
2023-04-20,661.2999877929688,678.4000244140625,661.2999877929688,666.25,622690,ADANIPORTS,BSE,yfinance,1d
2023-04-21,663.2999877929688,670.2999877929688,658.5999755859375,661.7999877929688,183913,ADANIPORTS,BSE,yfinance,1d
2023-04-24,666.7999877929688,672.5999755859375,656.0,670.9500122070312,424924,ADANIPORTS,BSE,yfinance,1d
2023-04-25,674.5,682.4500122070312,669.0,671.4000244140625,303746,ADANIPORTS,BSE,yfinance,1d
2023-04-26,670.0,671.25,662.0999755859375,664.7000122070312,248475,ADANIPORTS,BSE,yfinance,1d
2023-04-27,667.0,667.9000244140625,657.0999755859375,659.75,363861,ADANIPORTS,BSE,yfinance,1d
2023-04-28,667.0,683.0,661.5999755859375,681.2000122070312,742272,ADANIPORTS,BSE,yfinance,1d
2023-05-02,681.2000122070312,685.7000122070312,672.5,681.3499755859375,361200,ADANIPORTS,BSE,yfinance,1d
2023-05-03,663.75,684.7999877929688,657.0,669.8499755859375,362193,ADANIPORTS,BSE,yfinance,1d
2023-05-04,671.2999877929688,681.7000122070312,666.6500244140625,679.5999755859375,468387,ADANIPORTS,BSE,yfinance,1d
2023-05-05,682.5999755859375,693.4000244140625,677.4500122070312,684.2000122070312,239991,ADANIPORTS,BSE,yfinance,1d
2023-05-08,684.2999877929688,690.3499755859375,678.5999755859375,685.0499877929688,311387,ADANIPORTS,BSE,yfinance,1d
2023-05-09,682.0999755859375,695.8499755859375,682.0999755859375,690.8499755859375,193402,ADANIPORTS,BSE,yfinance,1d
2023-05-10,690.5999755859375,692.25,685.5499877929688,691.0499877929688,219496,ADANIPORTS,BSE,yfinance,1d
2023-05-11,693.0,714.0999755859375,692.4500122070312,708.7999877929688,629754,ADANIPORTS,BSE,yfinance,1d
2023-05-12,711.1500244140625,711.7000122070312,695.0999755859375,699.9000244140625,280405,ADANIPORTS,BSE,yfinance,1d
2023-05-15,699.5499877929688,701.0,687.5,694.0999755859375,146163,ADANIPORTS,BSE,yfinance,1d
2023-05-16,694.0,698.7000122070312,685.0499877929688,686.6500244140625,163627,ADANIPORTS,BSE,yfinance,1d
2023-05-17,689.0,691.9500122070312,682.8499755859375,684.4500122070312,102891,ADANIPORTS,BSE,yfinance,1d
2023-05-18,688.0,689.0,661.1500244140625,663.9000244140625,191963,ADANIPORTS,BSE,yfinance,1d
2023-05-19,662.5999755859375,694.0,659.8499755859375,688.1500244140625,288441,ADANIPORTS,BSE,yfinance,1d
2023-05-22,699.0,753.0999755859375,693.1500244140625,729.6500244140625,2606052,ADANIPORTS,BSE,yfinance,1d
2023-05-23,744.7999877929688,785.9500122070312,730.0,733.5499877929688,2434391,ADANIPORTS,BSE,yfinance,1d
2023-05-24,737.6500244140625,738.5999755859375,708.5499877929688,717.9500122070312,746163,ADANIPORTS,BSE,yfinance,1d
2023-05-25,716.2000122070312,727.2000122070312,708.0,725.0499877929688,513647,ADANIPORTS,BSE,yfinance,1d
2023-05-26,727.6500244140625,730.0499877929688,720.7999877929688,726.9000244140625,417225,ADANIPORTS,BSE,yfinance,1d
2023-05-29,731.7999877929688,739.8499755859375,728.1500244140625,737.4500122070312,477835,ADANIPORTS,BSE,yfinance,1d
2023-05-30,739.0999755859375,742.2000122070312,727.9000244140625,734.2999877929688,264000,ADANIPORTS,BSE,yfinance,1d
2023-05-31,735.4000244140625,748.8499755859375,721.0999755859375,737.25,842288,ADANIPORTS,BSE,yfinance,1d
2023-06-01,732.7000122070312,744.7999877929688,730.0,732.2999877929688,218928,ADANIPORTS,BSE,yfinance,1d
2023-06-02,736.3499755859375,743.9500122070312,734.2000122070312,736.4000244140625,432409,ADANIPORTS,BSE,yfinance,1d
2023-06-05,737.5499877929688,744.0,735.5499877929688,738.7999877929688,175997,ADANIPORTS,BSE,yfinance,1d
2023-06-06,743.0,746.9500122070312,740.4500122070312,745.4000244140625,338532,ADANIPORTS,BSE,yfinance,1d
2023-06-07,749.9000244140625,750.0499877929688,742.0499877929688,743.7999877929688,235839,ADANIPORTS,BSE,yfinance,1d
2023-06-08,744.1500244140625,748.9500122070312,733.0999755859375,736.4500122070312,348655,ADANIPORTS,BSE,yfinance,1d
2023-06-09,738.0,741.7999877929688,733.0,735.2000122070312,183077,ADANIPORTS,BSE,yfinance,1d
2023-06-12,733.5499877929688,746.0,733.5499877929688,742.25,244693,ADANIPORTS,BSE,yfinance,1d
2023-06-13,740.0,742.25,735.0499877929688,737.7000122070312,200297,ADANIPORTS,BSE,yfinance,1d
2023-06-14,736.0,743.0,735.7999877929688,739.7999877929688,100318,ADANIPORTS,BSE,yfinance,1d
2023-06-15,737.0999755859375,748.5499877929688,736.4500122070312,739.5,246328,ADANIPORTS,BSE,yfinance,1d
2023-06-16,738.1500244140625,749.5,738.1500244140625,747.2999877929688,275753,ADANIPORTS,BSE,yfinance,1d
2023-06-19,748.5999755859375,750.0,730.7999877929688,736.0499877929688,164654,ADANIPORTS,BSE,yfinance,1d
2023-06-20,739.9500122070312,739.9500122070312,730.2000122070312,737.2999877929688,174617,ADANIPORTS,BSE,yfinance,1d
2023-06-21,738.9000244140625,753.0,733.4500122070312,749.5,156382,ADANIPORTS,BSE,yfinance,1d
2023-06-22,754.5499877929688,758.0,741.0499877929688,745.5,354852,ADANIPORTS,BSE,yfinance,1d
2023-06-23,740.1500244140625,740.6500244140625,702.8499755859375,714.4500122070312,446342,ADANIPORTS,BSE,yfinance,1d
2023-06-26,711.6500244140625,725.9500122070312,704.6500244140625,724.5499877929688,393902,ADANIPORTS,BSE,yfinance,1d
2023-06-27,721.7999877929688,731.25,716.0,719.6500244140625,387767,ADANIPORTS,BSE,yfinance,1d
2023-06-28,728.4500122070312,759.0999755859375,721.7999877929688,756.5,533930,ADANIPORTS,BSE,yfinance,1d
2023-06-30,748.5499877929688,760.0,737.5499877929688,738.9000244140625,608260,ADANIPORTS,BSE,yfinance,1d
2023-07-03,745.9500122070312,747.5499877929688,732.8499755859375,736.7999877929688,214061,ADANIPORTS,BSE,yfinance,1d
2023-07-04,742.8499755859375,750.9500122070312,735.0499877929688,741.0999755859375,211542,ADANIPORTS,BSE,yfinance,1d
2023-07-05,737.5,746.5499877929688,734.2999877929688,742.9000244140625,112834,ADANIPORTS,BSE,yfinance,1d
2023-07-06,741.0499877929688,745.9000244140625,738.0,740.0499877929688,190258,ADANIPORTS,BSE,yfinance,1d
2023-07-07,739.0,739.9500122070312,716.4500122070312,718.75,386153,ADANIPORTS,BSE,yfinance,1d
2023-07-10,721.0,729.8499755859375,708.0,719.75,392614,ADANIPORTS,BSE,yfinance,1d
2023-07-11,721.5499877929688,732.3499755859375,719.0,730.1500244140625,127091,ADANIPORTS,BSE,yfinance,1d
2023-07-12,731.0,732.1500244140625,722.0,724.0999755859375,172224,ADANIPORTS,BSE,yfinance,1d
2023-07-13,722.0499877929688,729.0,715.0,717.5,111467,ADANIPORTS,BSE,yfinance,1d
2023-07-14,717.5499877929688,727.7999877929688,714.6500244140625,726.4500122070312,210368,ADANIPORTS,BSE,yfinance,1d
2023-07-17,727.6500244140625,742.5,727.6500244140625,731.2000122070312,315995,ADANIPORTS,BSE,yfinance,1d
2023-07-18,732.0,747.25,725.5499877929688,728.5499877929688,396028,ADANIPORTS,BSE,yfinance,1d
2023-07-19,731.0,735.25,729.0,731.2000122070312,152812,ADANIPORTS,BSE,yfinance,1d
2023-07-20,731.8499755859375,735.7999877929688,728.0499877929688,732.6500244140625,101666,ADANIPORTS,BSE,yfinance,1d
2023-07-21,728.0,735.0,726.2999877929688,728.8499755859375,214861,ADANIPORTS,BSE,yfinance,1d
2023-07-24,728.9000244140625,740.0,728.9000244140625,735.0499877929688,285602,ADANIPORTS,BSE,yfinance,1d
2023-07-25,736.5499877929688,752.0,733.4000244140625,749.3499755859375,203733,ADANIPORTS,BSE,yfinance,1d
2023-07-26,752.0,765.0,744.25,752.75,480890,ADANIPORTS,BSE,yfinance,1d
2023-07-27,753.5499877929688,758.0,742.1500244140625,749.7000122070312,196879,ADANIPORTS,BSE,yfinance,1d
2023-07-28,749.7000122070312,760.5,743.8499755859375,755.75,296705,ADANIPORTS,BSE,yfinance,1d
2023-07-31,756.0499877929688,780.0,753.7000122070312,778.0999755859375,633838,ADANIPORTS,BSE,yfinance,1d
2023-08-01,776.0,780.9500122070312,762.0,765.7000122070312,298972,ADANIPORTS,BSE,yfinance,1d
2023-08-02,767.0,774.0,751.5,761.6500244140625,264076,ADANIPORTS,BSE,yfinance,1d
2023-08-03,760.5999755859375,779.0,753.5,773.8499755859375,364820,ADANIPORTS,BSE,yfinance,1d
2023-08-04,775.1500244140625,779.75,769.0999755859375,775.9000244140625,266897,ADANIPORTS,BSE,yfinance,1d
2023-08-07,776.0999755859375,794.3499755859375,771.25,791.5999755859375,410867,ADANIPORTS,BSE,yfinance,1d
2023-08-08,791.7999877929688,804.7999877929688,765.0,784.3499755859375,975970,ADANIPORTS,BSE,yfinance,1d
2023-08-09,793.9000244140625,806.4000244140625,784.0,790.9000244140625,581387,ADANIPORTS,BSE,yfinance,1d
2023-08-10,791.2000122070312,819.7999877929688,791.2000122070312,802.9000244140625,423785,ADANIPORTS,BSE,yfinance,1d
2023-08-11,810.9500122070312,810.9500122070312,793.6500244140625,800.6500244140625,344383,ADANIPORTS,BSE,yfinance,1d
2023-08-14,783.0,793.5,771.0,787.3499755859375,563236,ADANIPORTS,BSE,yfinance,1d
2023-08-16,783.0999755859375,785.0,772.5499877929688,775.7999877929688,334635,ADANIPORTS,BSE,yfinance,1d
2023-08-17,776.1500244140625,814.0499877929688,776.1500244140625,810.5,389070,ADANIPORTS,BSE,yfinance,1d
2023-08-18,805.0499877929688,849.4500122070312,804.6500244140625,835.8499755859375,1098672,ADANIPORTS,BSE,yfinance,1d
2023-08-21,844.25,863.7000122070312,838.9500122070312,858.2000122070312,483417,ADANIPORTS,BSE,yfinance,1d
2023-08-22,865.3499755859375,869.5499877929688,853.4000244140625,854.4500122070312,436690,ADANIPORTS,BSE,yfinance,1d
2023-08-23,859.9500122070312,862.4500122070312,820.4000244140625,826.4000244140625,276105,ADANIPORTS,BSE,yfinance,1d
2023-08-24,833.2000122070312,844.4000244140625,820.4000244140625,822.5499877929688,306942,ADANIPORTS,BSE,yfinance,1d
2023-08-25,823.0,830.3499755859375,803.4500122070312,806.4000244140625,298961,ADANIPORTS,BSE,yfinance,1d
2023-08-28,813.4000244140625,824.3499755859375,798.5,807.25,1048612,ADANIPORTS,BSE,yfinance,1d
2023-08-29,808.0499877929688,830.5999755859375,800.5,823.5499877929688,223651,ADANIPORTS,BSE,yfinance,1d
2023-08-30,827.0,833.0,816.1500244140625,819.0,244054,ADANIPORTS,BSE,yfinance,1d
2023-08-31,802.6500244140625,811.0,787.4000244140625,791.4000244140625,602194,ADANIPORTS,BSE,yfinance,1d
2023-09-01,780.0,807.9500122070312,779.2999877929688,799.5499877929688,327967,ADANIPORTS,BSE,yfinance,1d
2023-09-04,802.0499877929688,812.0,795.5,800.5,335801,ADANIPORTS,BSE,yfinance,1d
2023-09-05,802.0499877929688,810.25,797.7000122070312,804.75,149702,ADANIPORTS,BSE,yfinance,1d
2023-09-06,804.0499877929688,808.5499877929688,800.4000244140625,806.7000122070312,67401,ADANIPORTS,BSE,yfinance,1d
2023-09-07,809.0,812.9500122070312,805.0999755859375,809.5999755859375,91484,ADANIPORTS,BSE,yfinance,1d
2023-09-08,809.6500244140625,828.5,809.6500244140625,825.1500244140625,131567,ADANIPORTS,BSE,yfinance,1d
2023-09-11,841.4000244140625,886.7000122070312,835.2000122070312,882.5499877929688,1155372,ADANIPORTS,BSE,yfinance,1d
2023-09-12,887.0,889.0,852.6500244140625,858.0999755859375,509421,ADANIPORTS,BSE,yfinance,1d
2023-09-13,858.2000122070312,867.1500244140625,843.0,850.0499877929688,189269,ADANIPORTS,BSE,yfinance,1d
2023-09-14,854.9500122070312,857.6500244140625,841.0,851.7000122070312,712239,ADANIPORTS,BSE,yfinance,1d
2023-09-15,848.0,854.5,841.7999877929688,845.3499755859375,168718,ADANIPORTS,BSE,yfinance,1d
2023-09-18,847.0,848.0,829.0,831.0,79911,ADANIPORTS,BSE,yfinance,1d
2023-09-20,831.0499877929688,837.8499755859375,815.0499877929688,818.1500244140625,92564,ADANIPORTS,BSE,yfinance,1d
2023-09-21,820.0,842.0,820.0,830.7999877929688,435128,ADANIPORTS,BSE,yfinance,1d
2023-09-22,832.9500122070312,838.1500244140625,822.5499877929688,826.5999755859375,86014,ADANIPORTS,BSE,yfinance,1d
2023-09-25,827.5999755859375,831.4000244140625,819.0,825.4000244140625,76869,ADANIPORTS,BSE,yfinance,1d
2023-09-26,825.9000244140625,831.0,819.1500244140625,820.7999877929688,50035,ADANIPORTS,BSE,yfinance,1d
2023-09-27,826.9500122070312,833.0,821.4500122070312,830.5,144539,ADANIPORTS,BSE,yfinance,1d
2023-09-28,833.0,841.2000122070312,819.25,823.4500122070312,188910,ADANIPORTS,BSE,yfinance,1d
2023-09-29,825.6500244140625,832.4500122070312,822.25,824.25,102696,ADANIPORTS,BSE,yfinance,1d
2023-10-03,825.75,836.5999755859375,824.0,831.3499755859375,59878,ADANIPORTS,BSE,yfinance,1d
2023-10-04,831.0,845.6500244140625,819.7999877929688,824.5499877929688,278124,ADANIPORTS,BSE,yfinance,1d
2023-10-05,830.0499877929688,831.7999877929688,820.25,825.0,43477,ADANIPORTS,BSE,yfinance,1d
2023-10-06,830.0,836.2999877929688,826.25,830.5499877929688,150419,ADANIPORTS,BSE,yfinance,1d
2023-10-09,805.0499877929688,818.2999877929688,784.7999877929688,789.9000244140625,305336,ADANIPORTS,BSE,yfinance,1d
2023-10-10,799.9500122070312,823.6500244140625,799.9500122070312,819.2000122070312,519913,ADANIPORTS,BSE,yfinance,1d
2023-10-11,829.75,829.75,812.5,814.9500122070312,114762,ADANIPORTS,BSE,yfinance,1d
2023-10-12,819.9500122070312,823.4000244140625,812.4500122070312,814.4000244140625,108090,ADANIPORTS,BSE,yfinance,1d
2023-10-13,813.0,824.4000244140625,806.0999755859375,813.5499877929688,186482,ADANIPORTS,BSE,yfinance,1d
2023-10-16,819.9000244140625,819.9000244140625,804.0,805.5999755859375,87248,ADANIPORTS,BSE,yfinance,1d
2023-10-17,813.3499755859375,814.0,804.0,805.2000122070312,83443,ADANIPORTS,BSE,yfinance,1d
2023-10-18,808.0999755859375,808.5,795.4000244140625,798.3499755859375,138736,ADANIPORTS,BSE,yfinance,1d
2023-10-19,797.9500122070312,797.9500122070312,787.5,792.9500122070312,204468,ADANIPORTS,BSE,yfinance,1d
2023-10-20,792.0,803.4000244140625,788.5999755859375,793.0499877929688,191731,ADANIPORTS,BSE,yfinance,1d
2023-10-23,794.0,796.0,766.2000122070312,771.0999755859375,79855,ADANIPORTS,BSE,yfinance,1d
2023-10-25,771.25,783.2999877929688,761.5499877929688,769.0999755859375,73966,ADANIPORTS,BSE,yfinance,1d
2023-10-26,764.0,772.0,754.5,770.4500122070312,222870,ADANIPORTS,BSE,yfinance,1d
2023-10-27,775.0,786.3499755859375,773.6500244140625,782.0999755859375,126803,ADANIPORTS,BSE,yfinance,1d
2023-10-30,785.1500244140625,794.0,780.0,784.9500122070312,147686,ADANIPORTS,BSE,yfinance,1d
2023-10-31,791.9500122070312,791.9500122070312,782.6500244140625,784.6500244140625,397382,ADANIPORTS,BSE,yfinance,1d
2023-11-01,784.0,790.0,767.5499877929688,769.0999755859375,63972,ADANIPORTS,BSE,yfinance,1d
2023-11-02,775.1500244140625,783.0,772.0,774.1500244140625,49459,ADANIPORTS,BSE,yfinance,1d
2023-11-03,780.0,798.7999877929688,777.3499755859375,795.4500122070312,336841,ADANIPORTS,BSE,yfinance,1d
2023-11-06,798.0499877929688,806.2000122070312,798.0499877929688,802.4000244140625,226723,ADANIPORTS,BSE,yfinance,1d
2023-11-07,802.5,808.0499877929688,796.4000244140625,797.2000122070312,181434,ADANIPORTS,BSE,yfinance,1d
2023-11-08,802.0,823.5,800.0499877929688,818.5,403128,ADANIPORTS,BSE,yfinance,1d
2023-11-09,827.9500122070312,828.0,798.25,806.2000122070312,507901,ADANIPORTS,BSE,yfinance,1d
2023-11-10,808.0,818.5,806.6500244140625,808.3499755859375,350275,ADANIPORTS,BSE,yfinance,1d
2023-11-13,812.25,814.9500122070312,807.5,809.6500244140625,104407,ADANIPORTS,BSE,yfinance,1d
2023-11-15,816.0,817.9000244140625,809.6500244140625,810.4000244140625,36863,ADANIPORTS,BSE,yfinance,1d
2023-11-16,811.0499877929688,818.5,808.1500244140625,813.2999877929688,49142,ADANIPORTS,BSE,yfinance,1d
2023-11-17,812.0,821.7000122070312,808.9500122070312,809.75,53212,ADANIPORTS,BSE,yfinance,1d
2023-11-20,809.75,815.6500244140625,801.0499877929688,802.6500244140625,42273,ADANIPORTS,BSE,yfinance,1d
2023-11-21,804.0499877929688,815.0,800.0,801.0,55917,ADANIPORTS,BSE,yfinance,1d
2023-11-22,803.0,805.0,788.8499755859375,791.6500244140625,48476,ADANIPORTS,BSE,yfinance,1d
2023-11-23,792.1500244140625,803.2000122070312,791.5999755859375,792.9500122070312,44592,ADANIPORTS,BSE,yfinance,1d
2023-11-24,793.9000244140625,803.0999755859375,785.0999755859375,796.4000244140625,88747,ADANIPORTS,BSE,yfinance,1d
2023-11-28,804.0999755859375,854.0,804.0999755859375,837.7999877929688,1150500,ADANIPORTS,BSE,yfinance,1d
2023-11-29,852.9500122070312,852.9500122070312,833.0499877929688,835.1500244140625,542826,ADANIPORTS,BSE,yfinance,1d
2023-11-30,836.0499877929688,838.4500122070312,822.9000244140625,825.5,186743,ADANIPORTS,BSE,yfinance,1d
2023-12-01,834.0,837.9500122070312,825.25,827.5499877929688,283331,ADANIPORTS,BSE,yfinance,1d
2023-12-04,864.0,883.0,858.25,878.75,599493,ADANIPORTS,BSE,yfinance,1d
2023-12-05,888.7000122070312,1023.9000244140625,879.8499755859375,1011.8499755859375,3524536,ADANIPORTS,BSE,yfinance,1d
2023-12-06,1050.0,1082.949951171875,1008.75,1018.6500244140625,2580594,ADANIPORTS,BSE,yfinance,1d
2023-12-07,1028.0,1058.6500244140625,1022.1500244140625,1039.550048828125,1525260,ADANIPORTS,BSE,yfinance,1d
2023-12-08,1056.75,1056.75,992.2000122070312,1022.5999755859375,730792,ADANIPORTS,BSE,yfinance,1d
2023-12-11,1028.0,1048.0,1015.9500122070312,1031.4000244140625,499456,ADANIPORTS,BSE,yfinance,1d
2023-12-12,1039.949951171875,1048.4000244140625,1022.7000122070312,1042.050048828125,302117,ADANIPORTS,BSE,yfinance,1d
2023-12-13,1048.5,1075.0,1029.0,1063.3499755859375,1039014,ADANIPORTS,BSE,yfinance,1d
2023-12-14,1079.0,1089.3499755859375,1063.5,1074.25,465414,ADANIPORTS,BSE,yfinance,1d
2023-12-15,1079.0,1085.949951171875,1067.0999755859375,1078.8499755859375,332336,ADANIPORTS,BSE,yfinance,1d
2023-12-18,1070.050048828125,1101.9000244140625,1068.5,1094.1500244140625,584326,ADANIPORTS,BSE,yfinance,1d
2023-12-19,1096.75,1098.5999755859375,1069.4000244140625,1074.4000244140625,193652,ADANIPORTS,BSE,yfinance,1d
2023-12-20,1075.800048828125,1083.0,1003.75,1011.7000122070312,704772,ADANIPORTS,BSE,yfinance,1d
2023-12-21,994.9500122070312,1028.4000244140625,986.8499755859375,1019.2000122070312,330629,ADANIPORTS,BSE,yfinance,1d
2023-12-22,1035.0,1050.75,1019.1500244140625,1027.550048828125,344506,ADANIPORTS,BSE,yfinance,1d
2023-12-26,1035.949951171875,1040.949951171875,1026.199951171875,1027.949951171875,174030,ADANIPORTS,BSE,yfinance,1d
2023-12-27,1035.0,1037.75,1018.0499877929688,1024.300048828125,105039,ADANIPORTS,BSE,yfinance,1d
2023-12-28,1026.449951171875,1030.949951171875,1014.7999877929688,1017.0499877929688,109650,ADANIPORTS,BSE,yfinance,1d
2023-12-29,1020.75,1034.5,1017.7999877929688,1024.1500244140625,184355,ADANIPORTS,BSE,yfinance,1d
2024-01-01,1026.0,1057.5,1022.6500244140625,1048.050048828125,167629,ADANIPORTS,BSE,yfinance,1d
2024-01-02,1048.9000244140625,1082.5,1030.8499755859375,1078.550048828125,535148,ADANIPORTS,BSE,yfinance,1d
2024-01-03,1105.0,1144.0,1062.8499755859375,1093.5,2381683,ADANIPORTS,BSE,yfinance,1d
2024-01-04,1118.949951171875,1131.449951171875,1104.0,1123.3499755859375,456960,ADANIPORTS,BSE,yfinance,1d
2024-01-05,1130.0,1159.9000244140625,1125.949951171875,1154.0999755859375,864830,ADANIPORTS,BSE,yfinance,1d
2024-01-08,1161.699951171875,1181.75,1152.4000244140625,1168.699951171875,500546,ADANIPORTS,BSE,yfinance,1d
2024-01-09,1184.050048828125,1229.9000244140625,1178.050048828125,1196.75,804035,ADANIPORTS,BSE,yfinance,1d
2024-01-10,1223.949951171875,1223.949951171875,1197.300048828125,1214.4000244140625,777458,ADANIPORTS,BSE,yfinance,1d
2024-01-11,1223.949951171875,1223.949951171875,1200.0,1202.9000244140625,350214,ADANIPORTS,BSE,yfinance,1d
2024-01-12,1209.1500244140625,1218.5,1201.1500244140625,1206.8499755859375,205052,ADANIPORTS,BSE,yfinance,1d
2024-01-15,1215.25,1215.25,1189.0,1202.9000244140625,139560,ADANIPORTS,BSE,yfinance,1d
2024-01-16,1205.300048828125,1212.1500244140625,1188.0,1193.300048828125,109756,ADANIPORTS,BSE,yfinance,1d
2024-01-17,1181.0,1205.199951171875,1159.5999755859375,1168.0999755859375,165185,ADANIPORTS,BSE,yfinance,1d
2024-01-18,1171.9000244140625,1184.25,1143.0,1154.1500244140625,376994,ADANIPORTS,BSE,yfinance,1d
2024-01-19,1171.75,1171.75,1150.1500244140625,1152.0999755859375,159101,ADANIPORTS,BSE,yfinance,1d
2024-01-23,1199.949951171875,1206.949951171875,1130.6500244140625,1137.25,302326,ADANIPORTS,BSE,yfinance,1d
2024-01-24,1137.25,1146.75,1119.0,1120.699951171875,239344,ADANIPORTS,BSE,yfinance,1d
2024-01-25,1121.300048828125,1151.0,1111.3499755859375,1146.6500244140625,419984,ADANIPORTS,BSE,yfinance,1d
2024-01-29,1153.050048828125,1204.800048828125,1152.3499755859375,1196.5999755859375,431851,ADANIPORTS,BSE,yfinance,1d
2024-01-30,1200.699951171875,1217.0,1181.5,1187.5999755859375,203432,ADANIPORTS,BSE,yfinance,1d
2024-01-31,1195.0,1214.4000244140625,1193.300048828125,1207.5999755859375,229581,ADANIPORTS,BSE,yfinance,1d
2024-02-01,1214.949951171875,1239.9000244140625,1200.699951171875,1218.949951171875,311611,ADANIPORTS,BSE,yfinance,1d
2024-02-02,1233.949951171875,1287.0,1233.0,1261.75,793257,ADANIPORTS,BSE,yfinance,1d
2024-02-05,1271.5999755859375,1290.800048828125,1248.300048828125,1256.699951171875,400592,ADANIPORTS,BSE,yfinance,1d
2024-02-06,1261.300048828125,1284.9000244140625,1248.550048828125,1273.0,550202,ADANIPORTS,BSE,yfinance,1d
2024-02-07,1280.5,1286.449951171875,1253.1500244140625,1255.300048828125,150792,ADANIPORTS,BSE,yfinance,1d
2024-02-08,1256.949951171875,1264.449951171875,1236.6500244140625,1245.5999755859375,80147,ADANIPORTS,BSE,yfinance,1d
2024-02-09,1254.8499755859375,1275.1500244140625,1231.75,1271.0999755859375,373993,ADANIPORTS,BSE,yfinance,1d
2024-02-12,1279.75,1280.0,1243.4000244140625,1249.550048828125,82347,ADANIPORTS,BSE,yfinance,1d
2024-02-13,1248.5999755859375,1270.0,1226.050048828125,1266.3499755859375,168715,ADANIPORTS,BSE,yfinance,1d
2024-02-14,1263.949951171875,1281.800048828125,1247.9000244140625,1267.3499755859375,240354,ADANIPORTS,BSE,yfinance,1d
2024-02-15,1276.550048828125,1277.550048828125,1262.1500244140625,1266.5,81345,ADANIPORTS,BSE,yfinance,1d
2024-02-16,1270.0,1311.5,1266.0,1306.949951171875,278732,ADANIPORTS,BSE,yfinance,1d
2024-02-19,1314.949951171875,1327.0,1302.199951171875,1307.0999755859375,238132,ADANIPORTS,BSE,yfinance,1d
2024-02-20,1310.0,1313.0,1293.5999755859375,1299.949951171875,135112,ADANIPORTS,BSE,yfinance,1d
2024-02-21,1309.550048828125,1315.3499755859375,1281.75,1291.5,96340,ADANIPORTS,BSE,yfinance,1d
2024-02-22,1295.0,1316.0,1280.5,1311.550048828125,156250,ADANIPORTS,BSE,yfinance,1d
2024-02-23,1313.6500244140625,1332.0,1297.6500244140625,1320.0999755859375,224205,ADANIPORTS,BSE,yfinance,1d
2024-02-26,1324.0999755859375,1343.0,1317.0,1338.9000244140625,134345,ADANIPORTS,BSE,yfinance,1d
2024-02-27,1338.75,1338.75,1313.800048828125,1329.4000244140625,121711,ADANIPORTS,BSE,yfinance,1d
2024-02-28,1332.8499755859375,1335.199951171875,1295.0,1299.050048828125,102452,ADANIPORTS,BSE,yfinance,1d
2024-02-29,1309.3499755859375,1329.800048828125,1293.300048828125,1321.6500244140625,77625,ADANIPORTS,BSE,yfinance,1d
2024-03-01,1338.6500244140625,1348.949951171875,1312.300048828125,1321.75,190680,ADANIPORTS,BSE,yfinance,1d
2024-03-04,1345.0,1356.5,1336.050048828125,1342.5999755859375,180909,ADANIPORTS,BSE,yfinance,1d
2024-03-05,1345.699951171875,1354.5999755859375,1333.3499755859375,1338.6500244140625,103849,ADANIPORTS,BSE,yfinance,1d
2024-03-06,1344.25,1344.25,1303.550048828125,1324.25,150305,ADANIPORTS,BSE,yfinance,1d
2024-03-07,1325.050048828125,1335.199951171875,1315.3499755859375,1327.449951171875,49429,ADANIPORTS,BSE,yfinance,1d
2024-03-11,1330.0,1341.75,1321.5999755859375,1327.050048828125,147191,ADANIPORTS,BSE,yfinance,1d
2024-03-12,1336.0,1346.949951171875,1293.3499755859375,1300.25,175871,ADANIPORTS,BSE,yfinance,1d
2024-03-13,1308.5999755859375,1308.5999755859375,1188.5999755859375,1209.5999755859375,222341,ADANIPORTS,BSE,yfinance,1d
2024-03-14,1207.1500244140625,1275.9000244140625,1194.9000244140625,1269.199951171875,287470,ADANIPORTS,BSE,yfinance,1d
2024-03-18,1249.050048828125,1269.8499755859375,1228.300048828125,1266.75,162235,ADANIPORTS,BSE,yfinance,1d
2024-03-19,1271.1500244140625,1272.75,1236.449951171875,1240.800048828125,165686,ADANIPORTS,BSE,yfinance,1d
2024-03-20,1245.9000244140625,1253.050048828125,1230.300048828125,1245.0999755859375,59303,ADANIPORTS,BSE,yfinance,1d
2024-03-21,1256.75,1268.0,1251.3499755859375,1263.1500244140625,52842,ADANIPORTS,BSE,yfinance,1d
2024-03-22,1265.0,1288.699951171875,1255.300048828125,1280.949951171875,99775,ADANIPORTS,BSE,yfinance,1d
2024-03-26,1291.1500244140625,1314.1500244140625,1281.0,1304.050048828125,118703,ADANIPORTS,BSE,yfinance,1d
2024-03-27,1327.949951171875,1343.3499755859375,1311.5999755859375,1323.949951171875,160658,ADANIPORTS,BSE,yfinance,1d
2024-03-28,1335.0,1358.8499755859375,1313.699951171875,1341.699951171875,250874,ADANIPORTS,BSE,yfinance,1d
2024-04-01,1358.0,1381.1500244140625,1351.050048828125,1376.050048828125,112508,ADANIPORTS,BSE,yfinance,1d
2024-04-02,1401.6500244140625,1425.0,1388.0,1403.800048828125,315186,ADANIPORTS,BSE,yfinance,1d
2024-04-03,1403.449951171875,1403.449951171875,1389.75,1397.0999755859375,66057,ADANIPORTS,BSE,yfinance,1d
2024-04-04,1406.0999755859375,1409.0999755859375,1363.0,1368.0999755859375,107848,ADANIPORTS,BSE,yfinance,1d
2024-04-05,1368.449951171875,1381.449951171875,1356.800048828125,1375.550048828125,151103,ADANIPORTS,BSE,yfinance,1d
2024-04-08,1382.0,1382.0,1336.0999755859375,1348.449951171875,657229,ADANIPORTS,BSE,yfinance,1d
2024-04-09,1357.449951171875,1364.949951171875,1346.5999755859375,1356.1500244140625,56047,ADANIPORTS,BSE,yfinance,1d
2024-04-10,1360.0,1360.0,1348.0,1352.5,67229,ADANIPORTS,BSE,yfinance,1d
2024-04-12,1350.0,1358.449951171875,1340.8499755859375,1343.6500244140625,555069,ADANIPORTS,BSE,yfinance,1d
2024-04-15,1311.0,1335.0,1309.25,1315.1500244140625,119698,ADANIPORTS,BSE,yfinance,1d
2024-04-16,1301.5999755859375,1322.0,1294.25,1303.25,81558,ADANIPORTS,BSE,yfinance,1d
2024-04-18,1316.5,1336.0,1291.699951171875,1295.699951171875,131345,ADANIPORTS,BSE,yfinance,1d
2024-04-19,1281.699951171875,1315.800048828125,1270.0,1310.550048828125,172236,ADANIPORTS,BSE,yfinance,1d
2024-04-22,1322.550048828125,1331.3499755859375,1315.0,1321.0,140595,ADANIPORTS,BSE,yfinance,1d
2024-04-23,1319.449951171875,1338.5,1319.449951171875,1322.300048828125,56166,ADANIPORTS,BSE,yfinance,1d
2024-04-24,1326.3499755859375,1333.300048828125,1318.0,1320.199951171875,84392,ADANIPORTS,BSE,yfinance,1d
2024-04-25,1321.199951171875,1336.949951171875,1318.0,1332.5,47977,ADANIPORTS,BSE,yfinance,1d
2024-04-26,1337.5999755859375,1341.5999755859375,1323.050048828125,1325.949951171875,95745,ADANIPORTS,BSE,yfinance,1d
2024-04-29,1335.0999755859375,1335.0999755859375,1307.0,1317.0,142767,ADANIPORTS,BSE,yfinance,1d
2024-04-30,1328.050048828125,1334.0,1316.3499755859375,1324.8499755859375,85804,ADANIPORTS,BSE,yfinance,1d
2024-05-02,1335.25,1348.199951171875,1307.199951171875,1339.0,302193,ADANIPORTS,BSE,yfinance,1d
2024-05-03,1351.550048828125,1354.4000244140625,1310.5,1320.3499755859375,283024,ADANIPORTS,BSE,yfinance,1d
2024-05-06,1324.949951171875,1324.949951171875,1257.050048828125,1289.550048828125,346007,ADANIPORTS,BSE,yfinance,1d
2024-05-07,1289.550048828125,1300.9000244140625,1265.050048828125,1287.199951171875,96581,ADANIPORTS,BSE,yfinance,1d
2024-05-08,1287.449951171875,1293.3499755859375,1269.199951171875,1276.8499755859375,53572,ADANIPORTS,BSE,yfinance,1d
2024-05-09,1272.0,1285.1500244140625,1239.699951171875,1243.0999755859375,62417,ADANIPORTS,BSE,yfinance,1d
2024-05-10,1255.4000244140625,1278.5,1246.0,1266.4000244140625,62613,ADANIPORTS,BSE,yfinance,1d
2024-05-13,1267.4000244140625,1312.449951171875,1261.5,1306.3499755859375,79738,ADANIPORTS,BSE,yfinance,1d
2024-05-14,1306.949951171875,1340.0,1285.5,1332.050048828125,115588,ADANIPORTS,BSE,yfinance,1d
2024-05-15,1339.0,1353.5999755859375,1333.0,1337.199951171875,184682,ADANIPORTS,BSE,yfinance,1d
2024-05-16,1359.5999755859375,1366.9000244140625,1310.4000244140625,1344.75,221540,ADANIPORTS,BSE,yfinance,1d
2024-05-17,1323.050048828125,1343.0,1320.550048828125,1335.699951171875,97983,ADANIPORTS,BSE,yfinance,1d
2024-05-21,1338.800048828125,1399.0,1334.0,1385.4000244140625,152421,ADANIPORTS,BSE,yfinance,1d
2024-05-22,1398.8499755859375,1398.8499755859375,1364.3499755859375,1377.9000244140625,99066,ADANIPORTS,BSE,yfinance,1d
2024-05-23,1386.949951171875,1448.9000244140625,1370.0,1443.0,344536,ADANIPORTS,BSE,yfinance,1d
2024-05-24,1444.300048828125,1444.300048828125,1382.1500244140625,1415.75,621846,ADANIPORTS,BSE,yfinance,1d
2024-05-27,1446.75,1457.25,1424.0,1431.75,258778,ADANIPORTS,BSE,yfinance,1d
2024-05-28,1444.949951171875,1444.949951171875,1398.0,1400.699951171875,249511,ADANIPORTS,BSE,yfinance,1d
2024-05-29,1401.050048828125,1427.5,1382.4000244140625,1409.699951171875,185472,ADANIPORTS,BSE,yfinance,1d
2024-05-30,1409.9000244140625,1413.75,1373.8499755859375,1383.4000244140625,125861,ADANIPORTS,BSE,yfinance,1d
2024-05-31,1391.0,1450.949951171875,1390.6500244140625,1437.699951171875,298280,ADANIPORTS,BSE,yfinance,1d
2024-06-03,1575.0,1607.949951171875,1534.5,1585.0,2338379,ADANIPORTS,BSE,yfinance,1d
2024-06-04,1576.949951171875,1576.949951171875,1188.75,1248.0,4814373,ADANIPORTS,BSE,yfinance,1d
2024-06-05,1274.0,1368.0999755859375,1160.25,1355.199951171875,1343025,ADANIPORTS,BSE,yfinance,1d
2024-06-06,1382.25,1404.75,1344.949951171875,1352.800048828125,1177659,ADANIPORTS,BSE,yfinance,1d
2024-06-07,1359.949951171875,1384.9000244140625,1355.3499755859375,1378.8499755859375,271285,ADANIPORTS,BSE,yfinance,1d
2024-06-10,1405.0,1413.949951171875,1380.8499755859375,1383.300048828125,540319,ADANIPORTS,BSE,yfinance,1d
2024-06-11,1392.4000244140625,1418.9000244140625,1384.949951171875,1403.4000244140625,152541,ADANIPORTS,BSE,yfinance,1d
2024-06-12,1408.050048828125,1414.4000244140625,1390.6500244140625,1394.199951171875,129555,ADANIPORTS,BSE,yfinance,1d
2024-06-13,1405.0,1411.5,1388.050048828125,1404.25,310954,ADANIPORTS,BSE,yfinance,1d
2024-06-14,1411.800048828125,1441.949951171875,1395.800048828125,1430.300048828125,244434,ADANIPORTS,BSE,yfinance,1d
2024-06-18,1457.6500244140625,1458.0,1433.949951171875,1444.949951171875,193873,ADANIPORTS,BSE,yfinance,1d
2024-06-19,1447.5,1452.949951171875,1421.0999755859375,1448.8499755859375,153753,ADANIPORTS,BSE,yfinance,1d
2024-06-20,1460.949951171875,1476.0,1444.0,1469.300048828125,478582,ADANIPORTS,BSE,yfinance,1d
2024-06-21,1482.949951171875,1498.25,1470.0,1485.699951171875,429144,ADANIPORTS,BSE,yfinance,1d
2024-06-24,1476.0,1479.050048828125,1450.0,1460.199951171875,308220,ADANIPORTS,BSE,yfinance,1d
2024-06-25,1465.050048828125,1468.949951171875,1437.5999755859375,1455.4000244140625,158399,ADANIPORTS,BSE,yfinance,1d
2024-06-26,1464.550048828125,1474.0,1452.25,1468.949951171875,113649,ADANIPORTS,BSE,yfinance,1d
2024-06-27,1474.4000244140625,1493.5,1458.75,1484.199951171875,332433,ADANIPORTS,BSE,yfinance,1d
2024-06-28,1484.199951171875,1494.0,1460.0999755859375,1477.4000244140625,303093,ADANIPORTS,BSE,yfinance,1d
2024-07-01,1484.4000244140625,1491.199951171875,1472.0,1474.550048828125,319423,ADANIPORTS,BSE,yfinance,1d
2024-07-02,1475.6500244140625,1489.199951171875,1455.0,1474.0999755859375,275971,ADANIPORTS,BSE,yfinance,1d
2024-07-03,1480.5999755859375,1513.550048828125,1470.3499755859375,1510.75,141447,ADANIPORTS,BSE,yfinance,1d
2024-07-04,1511.050048828125,1519.199951171875,1493.9000244140625,1503.1500244140625,267239,ADANIPORTS,BSE,yfinance,1d
2024-07-05,1508.8499755859375,1509.550048828125,1493.5999755859375,1500.4000244140625,85844,ADANIPORTS,BSE,yfinance,1d
2024-07-08,1496.4000244140625,1499.449951171875,1468.9000244140625,1475.699951171875,124174,ADANIPORTS,BSE,yfinance,1d
2024-07-09,1477.6500244140625,1503.5,1475.5,1477.9000244140625,183652,ADANIPORTS,BSE,yfinance,1d
2024-07-10,1494.4000244140625,1494.4000244140625,1460.0,1487.3499755859375,80782,ADANIPORTS,BSE,yfinance,1d
2024-07-11,1496.4000244140625,1499.949951171875,1478.199951171875,1484.550048828125,62018,ADANIPORTS,BSE,yfinance,1d
2024-07-12,1487.8499755859375,1496.5,1480.6500244140625,1486.4000244140625,200965,ADANIPORTS,BSE,yfinance,1d
2024-07-15,1499.5999755859375,1504.800048828125,1485.050048828125,1494.75,64221,ADANIPORTS,BSE,yfinance,1d
2024-07-16,1497.4000244140625,1510.5,1494.0999755859375,1498.199951171875,74376,ADANIPORTS,BSE,yfinance,1d
2024-07-18,1491.949951171875,1504.3499755859375,1472.050048828125,1493.75,76039,ADANIPORTS,BSE,yfinance,1d
2024-07-19,1491.3499755859375,1502.0,1465.6500244140625,1468.6500244140625,71039,ADANIPORTS,BSE,yfinance,1d
2024-07-22,1468.300048828125,1475.4000244140625,1444.5999755859375,1466.800048828125,63293,ADANIPORTS,BSE,yfinance,1d
2024-07-23,1466.800048828125,1516.8499755859375,1419.5999755859375,1508.25,232784,ADANIPORTS,BSE,yfinance,1d
2024-07-24,1508.25,1513.75,1480.199951171875,1484.449951171875,171318,ADANIPORTS,BSE,yfinance,1d
2024-07-25,1474.5,1499.0,1467.3499755859375,1487.449951171875,84699,ADANIPORTS,BSE,yfinance,1d
2024-07-26,1495.699951171875,1547.25,1489.699951171875,1541.1500244140625,427160,ADANIPORTS,BSE,yfinance,1d
2024-07-29,1549.0,1558.949951171875,1539.6500244140625,1548.5,66088,ADANIPORTS,BSE,yfinance,1d
2024-07-30,1550.550048828125,1556.800048828125,1536.0,1545.5999755859375,80569,ADANIPORTS,BSE,yfinance,1d
2024-07-31,1557.4000244140625,1577.0,1551.0,1569.6500244140625,78606,ADANIPORTS,BSE,yfinance,1d
2024-08-01,1581.0,1604.1500244140625,1568.75,1589.4000244140625,328393,ADANIPORTS,BSE,yfinance,1d
2024-08-02,1588.8499755859375,1600.0,1551.0,1587.8499755859375,225978,ADANIPORTS,BSE,yfinance,1d
2024-08-05,1510.1500244140625,1562.1500244140625,1472.1500244140625,1493.6500244140625,252271,ADANIPORTS,BSE,yfinance,1d
2024-08-06,1515.300048828125,1540.0,1488.800048828125,1493.25,119276,ADANIPORTS,BSE,yfinance,1d
2024-08-07,1523.1500244140625,1547.050048828125,1514.300048828125,1544.300048828125,129572,ADANIPORTS,BSE,yfinance,1d
2024-08-08,1537.9000244140625,1555.5,1513.5,1518.25,175902,ADANIPORTS,BSE,yfinance,1d
2024-08-09,1542.449951171875,1542.449951171875,1519.050048828125,1533.300048828125,67523,ADANIPORTS,BSE,yfinance,1d
2024-08-12,1480.0,1524.25,1457.3499755859375,1502.300048828125,458053,ADANIPORTS,BSE,yfinance,1d
2024-08-13,1506.0,1517.5,1479.449951171875,1483.6500244140625,203176,ADANIPORTS,BSE,yfinance,1d
2024-08-14,1484.550048828125,1488.0,1451.449951171875,1461.75,237652,ADANIPORTS,BSE,yfinance,1d
2024-08-16,1474.0,1496.9000244140625,1457.0,1494.25,164373,ADANIPORTS,BSE,yfinance,1d
2024-08-19,1499.449951171875,1506.5,1490.0,1496.300048828125,143308,ADANIPORTS,BSE,yfinance,1d
2024-08-20,1508.050048828125,1511.0,1486.5,1492.25,28960,ADANIPORTS,BSE,yfinance,1d
2024-08-21,1504.8499755859375,1516.949951171875,1493.0999755859375,1502.9000244140625,37960,ADANIPORTS,BSE,yfinance,1d
2024-08-22,1509.6500244140625,1509.6500244140625,1491.0,1492.4000244140625,47780,ADANIPORTS,BSE,yfinance,1d
2024-08-23,1492.4000244140625,1501.5999755859375,1486.0,1490.199951171875,126781,ADANIPORTS,BSE,yfinance,1d
2024-08-26,1498.0,1498.0,1480.0,1482.1500244140625,28050,ADANIPORTS,BSE,yfinance,1d
2024-08-27,1482.800048828125,1496.75,1476.550048828125,1478.300048828125,33458,ADANIPORTS,BSE,yfinance,1d
2024-08-28,1475.800048828125,1486.449951171875,1467.5999755859375,1470.300048828125,26480,ADANIPORTS,BSE,yfinance,1d
2024-08-29,1473.9000244140625,1483.0,1452.5999755859375,1475.8499755859375,141167,ADANIPORTS,BSE,yfinance,1d
2024-08-30,1477.199951171875,1487.1500244140625,1466.25,1482.6500244140625,89244,ADANIPORTS,BSE,yfinance,1d
2024-09-02,1485.3499755859375,1499.3499755859375,1479.0,1494.5,161803,ADANIPORTS,BSE,yfinance,1d
2024-09-03,1494.0,1497.0999755859375,1477.0,1479.699951171875,69344,ADANIPORTS,BSE,yfinance,1d
2024-09-04,1471.050048828125,1474.949951171875,1461.0,1472.300048828125,84342,ADANIPORTS,BSE,yfinance,1d
2024-09-05,1472.800048828125,1475.0,1463.0,1465.4000244140625,68069,ADANIPORTS,BSE,yfinance,1d
2024-09-06,1465.0,1467.3499755859375,1428.0,1441.9000244140625,144071,ADANIPORTS,BSE,yfinance,1d
2024-09-09,1434.4000244140625,1441.449951171875,1410.75,1435.8499755859375,46732,ADANIPORTS,BSE,yfinance,1d
2024-09-10,1440.949951171875,1463.949951171875,1434.5,1453.0999755859375,34505,ADANIPORTS,BSE,yfinance,1d
2024-09-11,1453.449951171875,1457.550048828125,1425.550048828125,1430.199951171875,781360,ADANIPORTS,BSE,yfinance,1d
2024-09-12,1440.0,1475.0,1440.0,1472.25,112038,ADANIPORTS,BSE,yfinance,1d
2024-09-13,1472.25,1475.0,1450.0,1452.050048828125,148460,ADANIPORTS,BSE,yfinance,1d
2024-09-16,1454.0,1460.5999755859375,1438.3499755859375,1440.0999755859375,42151,ADANIPORTS,BSE,yfinance,1d
2024-09-17,1449.199951171875,1449.199951171875,1420.25,1426.699951171875,38498,ADANIPORTS,BSE,yfinance,1d
2024-09-18,1427.75,1438.5,1414.5,1428.5999755859375,110199,ADANIPORTS,BSE,yfinance,1d
2024-09-19,1429.3499755859375,1439.050048828125,1394.949951171875,1408.0,63858,ADANIPORTS,BSE,yfinance,1d
2024-09-20,1415.0,1453.0,1409.0,1438.449951171875,429488,ADANIPORTS,BSE,yfinance,1d
2024-09-23,1454.9000244140625,1458.9000244140625,1444.050048828125,1455.8499755859375,48935,ADANIPORTS,BSE,yfinance,1d
2024-09-24,1458.949951171875,1465.5,1446.75,1456.25,34619,ADANIPORTS,BSE,yfinance,1d
2024-09-25,1458.0,1460.449951171875,1438.4000244140625,1453.550048828125,24181,ADANIPORTS,BSE,yfinance,1d
2024-09-26,1452.699951171875,1475.0,1447.25,1472.449951171875,112557,ADANIPORTS,BSE,yfinance,1d
2024-09-27,1481.5999755859375,1482.4000244140625,1452.449951171875,1456.0999755859375,93838,ADANIPORTS,BSE,yfinance,1d
2024-09-30,1456.0999755859375,1468.0,1443.550048828125,1448.1500244140625,39980,ADANIPORTS,BSE,yfinance,1d
2024-10-01,1446.0999755859375,1472.8499755859375,1446.0999755859375,1466.800048828125,52248,ADANIPORTS,BSE,yfinance,1d
2024-10-03,1455.25,1468.9000244140625,1414.25,1424.949951171875,77363,ADANIPORTS,BSE,yfinance,1d
2024-10-04,1421.050048828125,1446.8499755859375,1404.8499755859375,1413.050048828125,138507,ADANIPORTS,BSE,yfinance,1d
2024-10-07,1406.4000244140625,1425.300048828125,1337.300048828125,1354.0999755859375,121614,ADANIPORTS,BSE,yfinance,1d
2024-10-08,1350.0,1424.300048828125,1342.25,1418.5999755859375,70984,ADANIPORTS,BSE,yfinance,1d
2024-10-09,1425.0,1432.5,1404.0,1407.550048828125,76441,ADANIPORTS,BSE,yfinance,1d
2024-10-10,1420.0,1430.199951171875,1407.550048828125,1418.050048828125,31575,ADANIPORTS,BSE,yfinance,1d
2024-10-11,1419.949951171875,1426.5,1404.550048828125,1407.5999755859375,150202,ADANIPORTS,BSE,yfinance,1d
2024-10-14,1410.5,1426.0,1406.9000244140625,1410.199951171875,33701,ADANIPORTS,BSE,yfinance,1d
2024-10-15,1415.050048828125,1424.699951171875,1406.9000244140625,1419.8499755859375,34123,ADANIPORTS,BSE,yfinance,1d
2024-10-16,1419.8499755859375,1419.8499755859375,1392.300048828125,1402.8499755859375,30444,ADANIPORTS,BSE,yfinance,1d
2024-10-17,1407.949951171875,1407.949951171875,1388.0,1394.550048828125,20409,ADANIPORTS,BSE,yfinance,1d
2024-10-18,1392.6500244140625,1410.4000244140625,1376.449951171875,1405.3499755859375,102370,ADANIPORTS,BSE,yfinance,1d
2024-10-21,1405.699951171875,1413.449951171875,1372.5999755859375,1375.199951171875,29088,ADANIPORTS,BSE,yfinance,1d
2024-10-22,1374.949951171875,1385.949951171875,1353.75,1363.300048828125,32159,ADANIPORTS,BSE,yfinance,1d
2024-10-23,1360.3499755859375,1370.5999755859375,1336.0,1340.449951171875,106590,ADANIPORTS,BSE,yfinance,1d
2024-10-24,1345.4000244140625,1358.199951171875,1334.699951171875,1354.0999755859375,70876,ADANIPORTS,BSE,yfinance,1d
2024-10-25,1357.0999755859375,1364.050048828125,1304.0999755859375,1316.300048828125,115136,ADANIPORTS,BSE,yfinance,1d
2024-10-28,1319.300048828125,1364.0,1303.4000244140625,1353.199951171875,73121,ADANIPORTS,BSE,yfinance,1d
2024-10-29,1360.25,1379.300048828125,1322.199951171875,1373.75,451670,ADANIPORTS,BSE,yfinance,1d
2024-10-30,1380.050048828125,1414.0999755859375,1357.949951171875,1396.9000244140625,158558,ADANIPORTS,BSE,yfinance,1d
2024-10-31,1409.0,1409.0,1372.0,1376.699951171875,118923,ADANIPORTS,BSE,yfinance,1d
2024-11-01,1389.0,1397.0,1378.050048828125,1394.050048828125,33247,ADANIPORTS,BSE,yfinance,1d
2024-11-04,1396.5999755859375,1396.5999755859375,1336.300048828125,1349.0,70749,ADANIPORTS,BSE,yfinance,1d
2024-11-05,1351.75,1352.0,1296.0999755859375,1329.25,113281,ADANIPORTS,BSE,yfinance,1d
2024-11-06,1331.949951171875,1382.1500244140625,1314.75,1370.199951171875,102173,ADANIPORTS,BSE,yfinance,1d
2024-11-07,1376.9000244140625,1376.9000244140625,1350.0,1352.5999755859375,74977,ADANIPORTS,BSE,yfinance,1d
2024-11-08,1354.6500244140625,1367.25,1339.25,1363.199951171875,107078,ADANIPORTS,BSE,yfinance,1d
2024-11-11,1355.0999755859375,1357.4000244140625,1338.949951171875,1347.25,61505,ADANIPORTS,BSE,yfinance,1d
2024-11-12,1347.9000244140625,1355.3499755859375,1320.0,1325.300048828125,26060,ADANIPORTS,BSE,yfinance,1d
2024-11-13,1323.300048828125,1329.800048828125,1285.0999755859375,1288.5,56712,ADANIPORTS,BSE,yfinance,1d
2024-11-14,1288.0,1296.9000244140625,1261.1500244140625,1264.4000244140625,122519,ADANIPORTS,BSE,yfinance,1d
2024-11-18,1268.25,1288.6500244140625,1261.300048828125,1279.050048828125,46539,ADANIPORTS,BSE,yfinance,1d
2024-11-19,1281.4000244140625,1320.9000244140625,1281.4000244140625,1289.050048828125,50947,ADANIPORTS,BSE,yfinance,1d
2024-11-21,1160.1500244140625,1160.1500244140625,993.8499755859375,1114.699951171875,1383440,ADANIPORTS,BSE,yfinance,1d
2024-11-22,1055.4000244140625,1155.449951171875,1055.4000244140625,1137.5,1585315,ADANIPORTS,BSE,yfinance,1d
2024-11-25,1180.050048828125,1190.300048828125,1139.4000244140625,1166.449951171875,572688,ADANIPORTS,BSE,yfinance,1d
2024-11-26,1174.550048828125,1174.550048828125,1119.1500244140625,1128.800048828125,267203,ADANIPORTS,BSE,yfinance,1d
2024-11-27,1108.949951171875,1231.0,1105.0,1199.75,1080506,ADANIPORTS,BSE,yfinance,1d
2024-11-28,1199.9000244140625,1226.75,1162.5,1167.0,1495749,ADANIPORTS,BSE,yfinance,1d
2024-11-29,1178.25,1215.449951171875,1168.8499755859375,1189.6500244140625,492363,ADANIPORTS,BSE,yfinance,1d
2024-12-02,1213.449951171875,1220.5,1189.6500244140625,1216.800048828125,270180,ADANIPORTS,BSE,yfinance,1d
2024-12-03,1225.0,1310.0,1220.949951171875,1288.800048828125,619560,ADANIPORTS,BSE,yfinance,1d
2024-12-04,1303.699951171875,1303.699951171875,1262.0,1269.050048828125,404629,ADANIPORTS,BSE,yfinance,1d
2024-12-05,1274.0,1284.5,1254.5999755859375,1275.5999755859375,244185,ADANIPORTS,BSE,yfinance,1d
2024-12-06,1280.0,1282.8499755859375,1255.9000244140625,1260.25,136263,ADANIPORTS,BSE,yfinance,1d
2024-12-09,1259.949951171875,1276.8499755859375,1248.5999755859375,1266.25,201654,ADANIPORTS,BSE,yfinance,1d
2024-12-10,1278.949951171875,1278.949951171875,1245.0,1248.5999755859375,73195,ADANIPORTS,BSE,yfinance,1d
2024-12-11,1252.75,1258.4000244140625,1230.949951171875,1233.0,89067,ADANIPORTS,BSE,yfinance,1d
2024-12-12,1233.0,1268.1500244140625,1223.199951171875,1244.1500244140625,192038,ADANIPORTS,BSE,yfinance,1d
2024-12-13,1243.949951171875,1262.25,1230.0,1260.1500244140625,233573,ADANIPORTS,BSE,yfinance,1d
2024-12-16,1259.0,1262.0,1240.699951171875,1242.8499755859375,98029,ADANIPORTS,BSE,yfinance,1d
2024-12-17,1239.449951171875,1259.699951171875,1229.1500244140625,1232.050048828125,142357,ADANIPORTS,BSE,yfinance,1d
2024-12-18,1232.0999755859375,1238.1500244140625,1208.0,1210.050048828125,118222,ADANIPORTS,BSE,yfinance,1d
2024-12-19,1180.0,1208.949951171875,1180.0,1205.800048828125,160554,ADANIPORTS,BSE,yfinance,1d
2024-12-20,1205.0,1215.449951171875,1176.25,1182.300048828125,231465,ADANIPORTS,BSE,yfinance,1d
2024-12-23,1185.699951171875,1199.0,1174.050048828125,1192.1500244140625,48051,ADANIPORTS,BSE,yfinance,1d
2024-12-24,1197.6500244140625,1202.9000244140625,1179.550048828125,1182.550048828125,115641,ADANIPORTS,BSE,yfinance,1d
2024-12-26,1183.050048828125,1249.199951171875,1182.75,1243.9000244140625,235589,ADANIPORTS,BSE,yfinance,1d
2024-12-27,1253.5999755859375,1253.5999755859375,1226.25,1230.75,94142,ADANIPORTS,BSE,yfinance,1d
2024-12-30,1231.300048828125,1258.6500244140625,1212.449951171875,1219.300048828125,174420,ADANIPORTS,BSE,yfinance,1d
2024-12-31,1220.0,1236.699951171875,1208.199951171875,1228.9000244140625,120200,ADANIPORTS,BSE,yfinance,1d
2025-01-01,1227.300048828125,1232.0,1207.0,1219.0999755859375,67527,ADANIPORTS,BSE,yfinance,1d
2025-01-02,1220.9000244140625,1227.8499755859375,1208.0999755859375,1225.6500244140625,108396,ADANIPORTS,BSE,yfinance,1d
2025-01-03,1235.0,1236.0,1196.3499755859375,1199.25,151341,ADANIPORTS,BSE,yfinance,1d
2025-01-06,1206.5,1206.5,1158.550048828125,1162.75,56299,ADANIPORTS,BSE,yfinance,1d
2025-01-07,1160.9000244140625,1182.1500244140625,1160.9000244140625,1174.800048828125,86429,ADANIPORTS,BSE,yfinance,1d
2025-01-08,1180.4000244140625,1180.4000244140625,1141.0999755859375,1152.6500244140625,143968,ADANIPORTS,BSE,yfinance,1d
2025-01-09,1157.800048828125,1157.800048828125,1130.1500244140625,1132.1500244140625,138368,ADANIPORTS,BSE,yfinance,1d
2025-01-10,1132.0,1135.0,1106.449951171875,1112.0999755859375,82058,ADANIPORTS,BSE,yfinance,1d
2025-01-13,1100.0,1103.449951171875,1059.050048828125,1066.75,89620,ADANIPORTS,BSE,yfinance,1d
2025-01-14,1075.050048828125,1131.5999755859375,1075.050048828125,1117.5999755859375,404720,ADANIPORTS,BSE,yfinance,1d
2025-01-15,1129.9000244140625,1142.3499755859375,1118.4000244140625,1128.1500244140625,168017,ADANIPORTS,BSE,yfinance,1d
2025-01-16,1175.050048828125,1190.0,1145.9000244140625,1151.0,165009,ADANIPORTS,BSE,yfinance,1d
2025-01-17,1167.5999755859375,1173.9000244140625,1145.0,1163.4000244140625,159336,ADANIPORTS,BSE,yfinance,1d
2025-01-20,1173.5999755859375,1173.5999755859375,1146.3499755859375,1149.050048828125,51377,ADANIPORTS,BSE,yfinance,1d
2025-01-21,1149.9000244140625,1153.4000244140625,1103.0,1106.0999755859375,320975,ADANIPORTS,BSE,yfinance,1d
2025-01-22,1113.3499755859375,1117.050048828125,1080.9000244140625,1102.300048828125,66728,ADANIPORTS,BSE,yfinance,1d
2025-01-23,1103.0,1114.050048828125,1089.550048828125,1103.8499755859375,103402,ADANIPORTS,BSE,yfinance,1d
2025-01-24,1108.3499755859375,1115.0,1088.300048828125,1093.9000244140625,80815,ADANIPORTS,BSE,yfinance,1d
2025-01-27,1087.5,1092.9000244140625,1067.550048828125,1081.199951171875,64754,ADANIPORTS,BSE,yfinance,1d
2025-01-28,1086.0999755859375,1097.0999755859375,1061.4000244140625,1079.25,125971,ADANIPORTS,BSE,yfinance,1d
2025-01-29,1085.0,1103.0999755859375,1075.0,1097.25,75331,ADANIPORTS,BSE,yfinance,1d
2025-01-30,1100.050048828125,1117.9000244140625,1011.0,1076.800048828125,727941,ADANIPORTS,BSE,yfinance,1d
2025-01-31,1087.9000244140625,1108.25,1075.0,1099.5999755859375,157404,ADANIPORTS,BSE,yfinance,1d
2025-02-03,1088.8499755859375,1093.9000244140625,1055.25,1084.699951171875,159297,ADANIPORTS,BSE,yfinance,1d
2025-02-04,1098.0,1128.4000244140625,1092.449951171875,1126.25,130374,ADANIPORTS,BSE,yfinance,1d
2025-02-05,1127.5,1154.9000244140625,1123.449951171875,1144.25,201953,ADANIPORTS,BSE,yfinance,1d
2025-02-06,1163.5999755859375,1168.4000244140625,1140.25,1163.949951171875,98803,ADANIPORTS,BSE,yfinance,1d
2025-02-07,1160.300048828125,1175.0,1133.5,1146.5,74163,ADANIPORTS,BSE,yfinance,1d
2025-02-10,1148.050048828125,1158.949951171875,1127.25,1143.25,100096,ADANIPORTS,BSE,yfinance,1d
2025-02-11,1144.3499755859375,1160.0,1114.6500244140625,1139.3499755859375,198842,ADANIPORTS,BSE,yfinance,1d
2025-02-12,1141.0,1143.75,1097.800048828125,1129.449951171875,179403,ADANIPORTS,BSE,yfinance,1d
2025-02-13,1131.0999755859375,1151.0,1106.050048828125,1109.449951171875,189032,ADANIPORTS,BSE,yfinance,1d
2025-02-14,1126.25,1126.25,1042.3499755859375,1062.9000244140625,301772,ADANIPORTS,BSE,yfinance,1d
2025-02-17,1055.4000244140625,1089.949951171875,1039.050048828125,1082.4000244140625,194083,ADANIPORTS,BSE,yfinance,1d
2025-02-18,1089.949951171875,1089.949951171875,1061.550048828125,1083.8499755859375,57849,ADANIPORTS,BSE,yfinance,1d
2025-02-19,1065.0,1091.5,1055.25,1080.800048828125,110377,ADANIPORTS,BSE,yfinance,1d
2025-02-20,1078.949951171875,1125.949951171875,1075.25,1111.550048828125,164810,ADANIPORTS,BSE,yfinance,1d
2025-02-21,1113.550048828125,1118.9000244140625,1080.050048828125,1082.949951171875,180760,ADANIPORTS,BSE,yfinance,1d
2025-02-24,1087.949951171875,1087.949951171875,1066.3499755859375,1070.5999755859375,52940,ADANIPORTS,BSE,yfinance,1d
2025-02-25,1076.0,1091.0,1068.0,1080.449951171875,202415,ADANIPORTS,BSE,yfinance,1d
2025-02-27,1084.5,1087.949951171875,1069.1500244140625,1078.4000244140625,99338,ADANIPORTS,BSE,yfinance,1d
2025-02-28,1074.75,1082.800048828125,1060.050048828125,1070.1500244140625,79818,ADANIPORTS,BSE,yfinance,1d
2025-03-03,1072.050048828125,1081.5999755859375,1040.949951171875,1052.75,131527,ADANIPORTS,BSE,yfinance,1d
2025-03-04,1045.699951171875,1063.3499755859375,1036.3499755859375,1059.3499755859375,83866,ADANIPORTS,BSE,yfinance,1d
2025-03-05,1055.0,1118.0,1054.3499755859375,1112.550048828125,202791,ADANIPORTS,BSE,yfinance,1d
2025-03-06,1119.4000244140625,1148.0,1101.9000244140625,1135.25,152871,ADANIPORTS,BSE,yfinance,1d
2025-03-07,1136.3499755859375,1156.800048828125,1135.0,1144.449951171875,78771,ADANIPORTS,BSE,yfinance,1d
2025-03-10,1156.5,1168.0,1137.050048828125,1142.5999755859375,60591,ADANIPORTS,BSE,yfinance,1d
2025-03-11,1135.1500244140625,1145.800048828125,1124.9000244140625,1136.1500244140625,74040,ADANIPORTS,BSE,yfinance,1d
2025-03-12,1139.699951171875,1155.550048828125,1105.949951171875,1127.699951171875,133838,ADANIPORTS,BSE,yfinance,1d
2025-03-13,1137.75,1139.0,1115.199951171875,1118.949951171875,39343,ADANIPORTS,BSE,yfinance,1d
2025-03-17,1118.949951171875,1147.75,1115.0,1137.25,49727,ADANIPORTS,BSE,yfinance,1d
2025-03-18,1143.0999755859375,1160.75,1138.300048828125,1158.6500244140625,141450,ADANIPORTS,BSE,yfinance,1d
2025-03-19,1160.0999755859375,1184.550048828125,1158.8499755859375,1172.949951171875,74516,ADANIPORTS,BSE,yfinance,1d
2025-03-20,1186.0,1186.0,1161.449951171875,1177.300048828125,114158,ADANIPORTS,BSE,yfinance,1d
2025-03-21,1184.550048828125,1202.0,1173.5,1188.800048828125,62502,ADANIPORTS,BSE,yfinance,1d
2025-03-24,1198.75,1210.5999755859375,1186.050048828125,1200.550048828125,150866,ADANIPORTS,BSE,yfinance,1d
2025-03-25,1214.800048828125,1214.800048828125,1174.800048828125,1183.300048828125,128904,ADANIPORTS,BSE,yfinance,1d
2025-03-26,1184.300048828125,1201.9000244140625,1173.75,1181.75,257364,ADANIPORTS,BSE,yfinance,1d
2025-03-27,1175.300048828125,1209.5999755859375,1175.300048828125,1198.0,151637,ADANIPORTS,BSE,yfinance,1d
2025-03-28,1197.0,1204.8499755859375,1175.699951171875,1182.050048828125,286162,ADANIPORTS,BSE,yfinance,1d
2025-04-01,1180.0,1201.6500244140625,1168.5999755859375,1173.949951171875,86571,ADANIPORTS,BSE,yfinance,1d
2025-04-02,1180.5,1198.8499755859375,1167.4000244140625,1196.550048828125,50312,ADANIPORTS,BSE,yfinance,1d
2025-04-03,1170.0,1205.3499755859375,1170.0,1201.1500244140625,135651,ADANIPORTS,BSE,yfinance,1d
2025-04-04,1197.949951171875,1200.0,1143.3499755859375,1148.550048828125,192794,ADANIPORTS,BSE,yfinance,1d
2025-04-07,1041.050048828125,1120.3499755859375,1041.050048828125,1111.5,268644,ADANIPORTS,BSE,yfinance,1d
2025-04-08,1135.050048828125,1155.550048828125,1110.6500244140625,1130.5999755859375,205646,ADANIPORTS,BSE,yfinance,1d
2025-04-09,1140.0,1140.0,1111.5999755859375,1132.1500244140625,100434,ADANIPORTS,BSE,yfinance,1d
2025-04-11,1167.699951171875,1169.5999755859375,1148.300048828125,1164.0,137849,ADANIPORTS,BSE,yfinance,1d
2025-04-15,1194.5,1225.300048828125,1180.8499755859375,1210.800048828125,121154,ADANIPORTS,BSE,yfinance,1d
2025-04-16,1212.0999755859375,1235.6500244140625,1202.0999755859375,1232.75,142532,ADANIPORTS,BSE,yfinance,1d
2025-04-17,1234.949951171875,1282.0,1219.300048828125,1259.9000244140625,156979,ADANIPORTS,BSE,yfinance,1d
2025-04-21,1262.949951171875,1262.949951171875,1209.75,1243.25,416467,ADANIPORTS,BSE,yfinance,1d
2025-04-22,1245.3499755859375,1255.0,1227.0,1232.6500244140625,179709,ADANIPORTS,BSE,yfinance,1d
2025-04-23,1243.5,1243.5,1216.6500244140625,1238.9000244140625,88171,ADANIPORTS,BSE,yfinance,1d
2025-04-24,1234.550048828125,1247.5999755859375,1231.699951171875,1236.800048828125,56362,ADANIPORTS,BSE,yfinance,1d
2025-04-25,1230.8499755859375,1243.1500244140625,1181.699951171875,1192.1500244140625,331737,ADANIPORTS,BSE,yfinance,1d
2025-04-28,1189.5,1214.5,1185.0,1211.4000244140625,94581,ADANIPORTS,BSE,yfinance,1d
2025-04-29,1211.4000244140625,1223.5,1202.1500244140625,1215.9000244140625,182317,ADANIPORTS,BSE,yfinance,1d
2025-04-30,1217.75,1226.699951171875,1203.550048828125,1217.0,135953,ADANIPORTS,BSE,yfinance,1d
2025-05-02,1245.0,1294.8499755859375,1244.550048828125,1267.050048828125,1291473,ADANIPORTS,BSE,yfinance,1d
2025-05-05,1297.5,1376.800048828125,1285.300048828125,1346.800048828125,1264099,ADANIPORTS,BSE,yfinance,1d
2025-05-06,1356.300048828125,1356.300048828125,1315.050048828125,1320.3499755859375,249923,ADANIPORTS,BSE,yfinance,1d
2025-05-07,1290.800048828125,1340.9000244140625,1290.800048828125,1338.4000244140625,147270,ADANIPORTS,BSE,yfinance,1d
2025-05-08,1340.0,1366.5,1300.0,1330.050048828125,277001,ADANIPORTS,BSE,yfinance,1d
2025-05-09,1296.1500244140625,1325.0,1292.25,1307.0999755859375,184314,ADANIPORTS,BSE,yfinance,1d
2025-05-12,1374.949951171875,1374.949951171875,1345.550048828125,1362.949951171875,281439,ADANIPORTS,BSE,yfinance,1d
2025-05-13,1361.949951171875,1391.4000244140625,1346.4000244140625,1369.5,283469,ADANIPORTS,BSE,yfinance,1d
2025-05-14,1385.9000244140625,1385.9000244140625,1362.0,1371.0,140733,ADANIPORTS,BSE,yfinance,1d
2025-05-15,1375.0,1409.800048828125,1371.6500244140625,1406.6500244140625,188349,ADANIPORTS,BSE,yfinance,1d
2025-05-16,1416.3499755859375,1425.0,1400.4000244140625,1406.800048828125,219738,ADANIPORTS,BSE,yfinance,1d
2025-05-19,1413.050048828125,1413.050048828125,1392.300048828125,1398.199951171875,62604,ADANIPORTS,BSE,yfinance,1d
2025-05-20,1400.949951171875,1407.0999755859375,1381.300048828125,1383.9000244140625,57157,ADANIPORTS,BSE,yfinance,1d
2025-05-21,1375.550048828125,1390.949951171875,1370.0,1384.449951171875,47260,ADANIPORTS,BSE,yfinance,1d
2025-05-22,1374.699951171875,1408.0,1358.9000244140625,1372.050048828125,125475,ADANIPORTS,BSE,yfinance,1d
2025-05-23,1384.949951171875,1398.300048828125,1375.0999755859375,1395.1500244140625,145197,ADANIPORTS,BSE,yfinance,1d
2025-05-26,1395.4000244140625,1410.800048828125,1395.4000244140625,1399.6500244140625,72793,ADANIPORTS,BSE,yfinance,1d
2025-05-27,1399.3499755859375,1418.6500244140625,1385.449951171875,1404.449951171875,138073,ADANIPORTS,BSE,yfinance,1d
2025-05-28,1404.449951171875,1427.550048828125,1402.800048828125,1410.9000244140625,131828,ADANIPORTS,BSE,yfinance,1d
2025-05-29,1422.0,1440.300048828125,1411.0,1437.949951171875,91294,ADANIPORTS,BSE,yfinance,1d
2025-05-30,1447.449951171875,1457.699951171875,1429.0,1432.3499755859375,69174,ADANIPORTS,BSE,yfinance,1d
2025-06-02,1432.3499755859375,1481.949951171875,1426.3499755859375,1468.300048828125,151628,ADANIPORTS,BSE,yfinance,1d
2025-06-03,1471.800048828125,1471.800048828125,1427.550048828125,1432.75,289881,ADANIPORTS,BSE,yfinance,1d
2025-06-04,1432.0,1441.0,1422.800048828125,1436.800048828125,117768,ADANIPORTS,BSE,yfinance,1d
2025-06-05,1440.25,1467.5,1438.0,1456.1500244140625,151906,ADANIPORTS,BSE,yfinance,1d
2025-06-06,1458.0,1478.6500244140625,1453.050048828125,1471.300048828125,69567,ADANIPORTS,BSE,yfinance,1d
2025-06-09,1480.0,1484.75,1463.0999755859375,1466.9000244140625,62804,ADANIPORTS,BSE,yfinance,1d
2025-06-10,1470.5,1493.8499755859375,1469.199951171875,1474.3499755859375,197746,ADANIPORTS,BSE,yfinance,1d
2025-06-11,1474.3499755859375,1475.800048828125,1448.199951171875,1456.050048828125,94929,ADANIPORTS,BSE,yfinance,1d
2025-06-12,1460.0,1469.800048828125,1441.0,1444.3499755859375,110820,ADANIPORTS,BSE,yfinance,1d
2025-06-13,1402.0,1423.8499755859375,1396.699951171875,1405.25,156602,ADANIPORTS,BSE,yfinance,1d
2025-06-16,1388.0,1411.1500244140625,1374.800048828125,1400.4000244140625,370964,ADANIPORTS,BSE,yfinance,1d
2025-06-17,1400.4000244140625,1414.0,1384.699951171875,1391.699951171875,78650,ADANIPORTS,BSE,yfinance,1d
2025-06-18,1381.6500244140625,1394.550048828125,1365.0,1372.3499755859375,61360,ADANIPORTS,BSE,yfinance,1d
2025-06-19,1370.0,1372.699951171875,1331.9000244140625,1336.800048828125,67718,ADANIPORTS,BSE,yfinance,1d
2025-06-20,1336.800048828125,1356.25,1334.800048828125,1350.0999755859375,47224,ADANIPORTS,BSE,yfinance,1d
2025-06-23,1329.4000244140625,1364.6500244140625,1329.4000244140625,1354.25,137874,ADANIPORTS,BSE,yfinance,1d
2025-06-24,1394.0,1418.8499755859375,1385.800048828125,1389.1500244140625,312482,ADANIPORTS,BSE,yfinance,1d
2025-06-25,1402.8499755859375,1404.1500244140625,1385.5999755859375,1392.4000244140625,62862,ADANIPORTS,BSE,yfinance,1d
2025-06-26,1393.800048828125,1432.800048828125,1393.800048828125,1429.449951171875,93477,ADANIPORTS,BSE,yfinance,1d
2025-06-27,1438.699951171875,1456.3499755859375,1427.050048828125,1440.0999755859375,146111,ADANIPORTS,BSE,yfinance,1d
2025-06-30,1442.0999755859375,1453.5,1432.300048828125,1450.199951171875,68958,ADANIPORTS,BSE,yfinance,1d
2025-07-01,1454.800048828125,1459.4000244140625,1442.5999755859375,1447.199951171875,119546,ADANIPORTS,BSE,yfinance,1d
2025-07-02,1455.0999755859375,1457.4000244140625,1440.0,1443.199951171875,123139,ADANIPORTS,BSE,yfinance,1d
2025-07-03,1447.800048828125,1450.4000244140625,1427.0,1431.0,26258,ADANIPORTS,BSE,yfinance,1d
2025-07-04,1422.050048828125,1439.199951171875,1417.5,1424.75,38479,ADANIPORTS,BSE,yfinance,1d
2025-07-07,1415.8499755859375,1437.699951171875,1415.8499755859375,1434.800048828125,57899,ADANIPORTS,BSE,yfinance,1d
2025-07-08,1435.75,1449.5,1430.3499755859375,1448.3499755859375,49195,ADANIPORTS,BSE,yfinance,1d
2025-07-09,1440.449951171875,1455.4000244140625,1438.699951171875,1443.050048828125,29449,ADANIPORTS,BSE,yfinance,1d
2025-07-10,1443.449951171875,1449.9000244140625,1436.4000244140625,1442.300048828125,88514,ADANIPORTS,BSE,yfinance,1d
2025-07-11,1448.75,1453.949951171875,1428.3499755859375,1430.6500244140625,81176,ADANIPORTS,BSE,yfinance,1d
2025-07-14,1430.6500244140625,1447.0,1427.0,1433.300048828125,25774,ADANIPORTS,BSE,yfinance,1d
2025-07-15,1430.1500244140625,1449.3499755859375,1428.75,1445.0,56007,ADANIPORTS,BSE,yfinance,1d
2025-07-16,1449.449951171875,1474.0,1443.5,1456.300048828125,105959,ADANIPORTS,BSE,yfinance,1d
2025-07-17,1456.6500244140625,1463.9000244140625,1449.25,1452.550048828125,32899,ADANIPORTS,BSE,yfinance,1d
2025-07-18,1450.050048828125,1455.9000244140625,1429.0,1442.75,51158,ADANIPORTS,BSE,yfinance,1d
2025-07-21,1440.550048828125,1452.8499755859375,1430.0,1450.4000244140625,32896,ADANIPORTS,BSE,yfinance,1d
2025-07-22,1451.300048828125,1452.4000244140625,1418.050048828125,1422.4000244140625,33751,ADANIPORTS,BSE,yfinance,1d
2025-07-23,1423.0999755859375,1438.0999755859375,1419.0,1421.1500244140625,52467,ADANIPORTS,BSE,yfinance,1d
2025-07-24,1422.199951171875,1425.0,1405.0,1411.3499755859375,47286,ADANIPORTS,BSE,yfinance,1d
2025-07-25,1413.949951171875,1415.949951171875,1390.050048828125,1394.300048828125,25436,ADANIPORTS,BSE,yfinance,1d
2025-07-28,1394.3499755859375,1403.199951171875,1374.0,1375.949951171875,22963,ADANIPORTS,BSE,yfinance,1d
2025-07-29,1371.1500244140625,1398.199951171875,1371.1500244140625,1396.5,19050,ADANIPORTS,BSE,yfinance,1d
2025-07-30,1396.199951171875,1402.75,1391.3499755859375,1394.050048828125,29252,ADANIPORTS,BSE,yfinance,1d
2025-07-31,1360.4000244140625,1395.5999755859375,1360.4000244140625,1373.199951171875,80618,ADANIPORTS,BSE,yfinance,1d
2025-08-01,1370.75,1375.1500244140625,1343.5,1347.0,68506,ADANIPORTS,BSE,yfinance,1d
2025-08-04,1367.800048828125,1397.0,1347.0,1390.5999755859375,57983,ADANIPORTS,BSE,yfinance,1d
2025-08-05,1390.449951171875,1394.8499755859375,1345.550048828125,1357.550048828125,162624,ADANIPORTS,BSE,yfinance,1d
2025-08-06,1370.050048828125,1386.0,1357.8499755859375,1366.6500244140625,146650,ADANIPORTS,BSE,yfinance,1d
2025-08-07,1354.949951171875,1357.8499755859375,1315.3499755859375,1345.800048828125,101711,ADANIPORTS,BSE,yfinance,1d
2025-08-08,1332.050048828125,1357.1500244140625,1318.050048828125,1324.199951171875,79998,ADANIPORTS,BSE,yfinance,1d
2025-08-11,1325.0,1345.0,1313.5999755859375,1340.75,69847,ADANIPORTS,BSE,yfinance,1d
2025-08-12,1340.199951171875,1349.949951171875,1328.699951171875,1330.1500244140625,144775,ADANIPORTS,BSE,yfinance,1d
2025-08-13,1334.0,1339.0,1317.199951171875,1319.75,39751,ADANIPORTS,BSE,yfinance,1d
2025-08-14,1325.0,1329.800048828125,1291.0,1300.550048828125,107882,ADANIPORTS,BSE,yfinance,1d
2025-08-18,1320.050048828125,1331.3499755859375,1298.8499755859375,1327.550048828125,10226114,ADANIPORTS,BSE,yfinance,1d
2025-08-19,1335.550048828125,1372.550048828125,1323.550048828125,1369.449951171875,166090,ADANIPORTS,BSE,yfinance,1d
2025-08-20,1367.050048828125,1374.449951171875,1357.5,1370.300048828125,136809,ADANIPORTS,BSE,yfinance,1d
2025-08-21,1374.949951171875,1377.0,1357.300048828125,1361.5,33605,ADANIPORTS,BSE,yfinance,1d
2025-08-22,1357.3499755859375,1363.699951171875,1338.3499755859375,1340.3499755859375,37726,ADANIPORTS,BSE,yfinance,1d
2025-08-25,1344.9000244140625,1347.6500244140625,1333.0,1340.25,164969,ADANIPORTS,BSE,yfinance,1d
2025-08-26,1333.75,1337.75,1312.0,1315.5,44939,ADANIPORTS,BSE,yfinance,1d
2025-08-28,1315.25,1338.550048828125,1310.5,1315.25,167085,ADANIPORTS,BSE,yfinance,1d
2025-08-29,1316.4000244140625,1323.449951171875,1303.300048828125,1313.5,57658,ADANIPORTS,BSE,yfinance,1d
2025-09-01,1314.1500244140625,1338.8499755859375,1314.1500244140625,1335.550048828125,64988,ADANIPORTS,BSE,yfinance,1d
2025-09-02,1336.1500244140625,1349.199951171875,1328.4000244140625,1335.949951171875,57941,ADANIPORTS,BSE,yfinance,1d
2025-09-03,1335.199951171875,1344.0,1329.0,1331.199951171875,98474,ADANIPORTS,BSE,yfinance,1d
2025-09-04,1332.550048828125,1347.0999755859375,1326.0,1328.3499755859375,32248,ADANIPORTS,BSE,yfinance,1d
2025-09-05,1328.3499755859375,1336.0999755859375,1313.0,1321.9000244140625,40941,ADANIPORTS,BSE,yfinance,1d
2025-09-08,1322.199951171875,1363.0,1322.199951171875,1348.4000244140625,92596,ADANIPORTS,BSE,yfinance,1d
2025-09-09,1346.0999755859375,1384.0,1346.0999755859375,1380.699951171875,291294,ADANIPORTS,BSE,yfinance,1d
2025-09-10,1392.550048828125,1406.699951171875,1385.050048828125,1388.9000244140625,96129,ADANIPORTS,BSE,yfinance,1d
2025-09-11,1408.9000244140625,1423.0,1388.550048828125,1393.1500244140625,187525,ADANIPORTS,BSE,yfinance,1d
2025-09-12,1391.1500244140625,1406.0,1391.1500244140625,1392.699951171875,141065,ADANIPORTS,BSE,yfinance,1d
2025-09-15,1394.0,1409.050048828125,1392.5999755859375,1394.8499755859375,84450,ADANIPORTS,BSE,yfinance,1d
2025-09-16,1398.550048828125,1412.75,1397.5999755859375,1408.5,119683,ADANIPORTS,BSE,yfinance,1d
2025-09-17,1406.449951171875,1411.199951171875,1396.050048828125,1405.699951171875,51676,ADANIPORTS,BSE,yfinance,1d
2025-09-18,1409.949951171875,1414.0,1401.0,1412.3499755859375,45269,ADANIPORTS,BSE,yfinance,1d
2025-09-19,1451.949951171875,1460.0,1424.75,1427.75,400198,ADANIPORTS,BSE,yfinance,1d
2025-09-22,1434.699951171875,1462.0,1425.449951171875,1444.4000244140625,215487,ADANIPORTS,BSE,yfinance,1d
2025-09-23,1457.4000244140625,1457.4000244140625,1423.5,1441.300048828125,246185,ADANIPORTS,BSE,yfinance,1d
2025-09-24,1442.050048828125,1452.0,1429.1500244140625,1431.300048828125,79467,ADANIPORTS,BSE,yfinance,1d
2025-09-25,1431.699951171875,1440.5999755859375,1404.050048828125,1406.9000244140625,77134,ADANIPORTS,BSE,yfinance,1d
2025-09-26,1402.300048828125,1416.4000244140625,1390.050048828125,1391.6500244140625,108913,ADANIPORTS,BSE,yfinance,1d
2025-09-29,1393.0,1400.9000244140625,1377.449951171875,1384.1500244140625,152419,ADANIPORTS,BSE,yfinance,1d
2025-09-30,1388.25,1407.9000244140625,1388.25,1403.5999755859375,160762,ADANIPORTS,BSE,yfinance,1d
2025-10-01,1403.800048828125,1426.5999755859375,1392.5,1422.25,142835,ADANIPORTS,BSE,yfinance,1d
2025-10-03,1417.0,1430.0999755859375,1412.8499755859375,1418.949951171875,51094,ADANIPORTS,BSE,yfinance,1d
2025-10-06,1415.550048828125,1419.949951171875,1395.25,1401.0,48040,ADANIPORTS,BSE,yfinance,1d
2025-10-07,1400.5,1415.0,1396.8499755859375,1399.199951171875,80512,ADANIPORTS,BSE,yfinance,1d
2025-10-08,1400.0,1411.0,1386.0999755859375,1393.300048828125,38933,ADANIPORTS,BSE,yfinance,1d
2025-10-09,1394.300048828125,1399.800048828125,1388.5,1396.3499755859375,39081,ADANIPORTS,BSE,yfinance,1d
2025-10-10,1397.300048828125,1418.0,1396.550048828125,1408.949951171875,109802,ADANIPORTS,BSE,yfinance,1d
2025-10-13,1402.0,1442.0999755859375,1396.550048828125,1437.6500244140625,103155,ADANIPORTS,BSE,yfinance,1d
2025-10-14,1440.5,1441.699951171875,1422.0,1428.1500244140625,43620,ADANIPORTS,BSE,yfinance,1d
2025-10-15,1430.75,1455.949951171875,1430.75,1450.699951171875,117684,ADANIPORTS,BSE,yfinance,1d
2025-10-16,1451.0999755859375,1490.0,1451.0999755859375,1479.3499755859375,1311028,ADANIPORTS,BSE,yfinance,1d
2025-10-17,1479.3499755859375,1488.800048828125,1462.050048828125,1479.0,79972,ADANIPORTS,BSE,yfinance,1d
2025-10-20,1483.1500244140625,1488.8499755859375,1458.9000244140625,1467.6500244140625,121459,ADANIPORTS,BSE,yfinance,1d
2025-10-21,1467.6500244140625,1467.6500244140625,1467.6500244140625,1467.6500244140625,0,ADANIPORTS,BSE,yfinance,1d
2025-10-23,1479.949951171875,1482.1500244140625,1450.0999755859375,1452.449951171875,139334,ADANIPORTS,BSE,yfinance,1d
2025-10-24,1460.0,1465.1500244140625,1422.199951171875,1428.5,68777,ADANIPORTS,BSE,yfinance,1d
2025-10-27,1430.0,1430.0,1410.0999755859375,1420.449951171875,64948,ADANIPORTS,BSE,yfinance,1d
2025-10-28,1425.0,1435.0,1410.3499755859375,1416.6500244140625,124321,ADANIPORTS,BSE,yfinance,1d
2025-10-29,1420.449951171875,1464.9000244140625,1420.449951171875,1454.6500244140625,126086,ADANIPORTS,BSE,yfinance,1d
2025-10-30,1452.199951171875,1463.6500244140625,1448.8499755859375,1457.8499755859375,46216,ADANIPORTS,BSE,yfinance,1d
2025-10-31,1455.75,1461.5,1442.3499755859375,1451.449951171875,30844,ADANIPORTS,BSE,yfinance,1d
2025-11-03,1451.0,1456.6500244140625,1435.4000244140625,1444.6500244140625,41715,ADANIPORTS,BSE,yfinance,1d
2025-11-04,1456.5999755859375,1466.9000244140625,1433.0,1444.300048828125,118586,ADANIPORTS,BSE,yfinance,1d
2025-11-06,1454.949951171875,1466.75,1434.050048828125,1436.449951171875,116285,ADANIPORTS,BSE,yfinance,1d
2025-11-07,1436.449951171875,1463.9000244140625,1425.75,1448.800048828125,50532,ADANIPORTS,BSE,yfinance,1d
2025-11-10,1450.1500244140625,1459.9000244140625,1441.3499755859375,1443.75,69774,ADANIPORTS,BSE,yfinance,1d
2025-11-11,1446.1500244140625,1475.800048828125,1438.1500244140625,1474.199951171875,82001,ADANIPORTS,BSE,yfinance,1d
2025-11-12,1479.0,1514.449951171875,1476.0,1505.699951171875,187052,ADANIPORTS,BSE,yfinance,1d
2025-11-13,1515.0,1515.0,1488.25,1497.800048828125,122082,ADANIPORTS,BSE,yfinance,1d
2025-11-14,1497.8499755859375,1523.449951171875,1497.800048828125,1511.699951171875,171929,ADANIPORTS,BSE,yfinance,1d
2025-11-17,1514.5999755859375,1522.949951171875,1503.0,1508.199951171875,76101,ADANIPORTS,BSE,yfinance,1d
2025-11-18,1522.0,1522.0,1490.0,1495.0,56253,ADANIPORTS,BSE,yfinance,1d
2025-11-19,1495.050048828125,1496.8499755859375,1478.0999755859375,1483.699951171875,91722,ADANIPORTS,BSE,yfinance,1d
2025-11-20,1504.3499755859375,1504.3499755859375,1487.699951171875,1490.9000244140625,89814,ADANIPORTS,BSE,yfinance,1d
2025-11-21,1492.0,1492.0,1467.5,1479.550048828125,51555,ADANIPORTS,BSE,yfinance,1d
2025-11-24,1479.949951171875,1490.0,1471.300048828125,1486.550048828125,128785,ADANIPORTS,BSE,yfinance,1d
2025-11-25,1488.25,1490.0,1474.5999755859375,1483.8499755859375,173629,ADANIPORTS,BSE,yfinance,1d
2025-11-26,1483.9000244140625,1523.0,1483.8499755859375,1505.9000244140625,176586,ADANIPORTS,BSE,yfinance,1d
2025-11-27,1513.0,1513.0,1501.0999755859375,1508.800048828125,34883,ADANIPORTS,BSE,yfinance,1d
2025-11-28,1511.6500244140625,1534.0,1503.300048828125,1516.75,119141,ADANIPORTS,BSE,yfinance,1d
2025-12-01,1530.0,1548.5999755859375,1523.199951171875,1530.199951171875,138722,ADANIPORTS,BSE,yfinance,1d
2025-12-02,1536.5999755859375,1536.5999755859375,1510.199951171875,1515.5999755859375,83321,ADANIPORTS,BSE,yfinance,1d
2025-12-03,1515.550048828125,1523.300048828125,1489.0,1500.199951171875,148434,ADANIPORTS,BSE,yfinance,1d
2025-12-04,1494.9000244140625,1509.0,1490.5999755859375,1504.9000244140625,96724,ADANIPORTS,BSE,yfinance,1d
2025-12-05,1506.0,1514.0,1493.449951171875,1509.0999755859375,49610,ADANIPORTS,BSE,yfinance,1d
2025-12-08,1508.300048828125,1510.199951171875,1473.050048828125,1479.800048828125,31622,ADANIPORTS,BSE,yfinance,1d
2025-12-09,1479.75,1499.0999755859375,1462.050048828125,1496.5,33649,ADANIPORTS,BSE,yfinance,1d
2025-12-10,1504.1500244140625,1521.050048828125,1493.0999755859375,1498.300048828125,47979,ADANIPORTS,BSE,yfinance,1d
2025-12-11,1491.050048828125,1515.0,1491.050048828125,1503.0999755859375,113251,ADANIPORTS,BSE,yfinance,1d
2025-12-12,1505.199951171875,1527.0,1505.199951171875,1522.4000244140625,47740,ADANIPORTS,BSE,yfinance,1d
2025-12-15,1524.449951171875,1524.449951171875,1508.8499755859375,1512.300048828125,32298,ADANIPORTS,BSE,yfinance,1d
2025-12-16,1510.050048828125,1512.0,1495.0,1499.199951171875,17590,ADANIPORTS,BSE,yfinance,1d
2025-12-17,1491.1500244140625,1500.199951171875,1480.0,1485.9000244140625,40645,ADANIPORTS,BSE,yfinance,1d
2025-12-18,1485.9000244140625,1497.800048828125,1476.050048828125,1491.5,33206,ADANIPORTS,BSE,yfinance,1d
2025-12-19,1500.6500244140625,1503.5999755859375,1490.550048828125,1496.0,106062,ADANIPORTS,BSE,yfinance,1d
2025-12-22,1496.0,1514.6500244140625,1496.0,1508.3499755859375,103861,ADANIPORTS,BSE,yfinance,1d
2025-12-23,1510.0,1513.6500244140625,1490.9000244140625,1493.75,127006,ADANIPORTS,BSE,yfinance,1d
2025-12-24,1505.75,1507.0,1492.050048828125,1494.6500244140625,112958,ADANIPORTS,BSE,yfinance,1d
2025-12-26,1495.5,1501.25,1485.0,1487.25,146573,ADANIPORTS,BSE,yfinance,1d
2025-12-29,1480.6500244140625,1486.449951171875,1451.050048828125,1454.25,112030,ADANIPORTS,BSE,yfinance,1d
2025-12-30,1450.0,1470.0,1446.75,1461.0999755859375,33277,ADANIPORTS,BSE,yfinance,1d
2025-12-31,1466.949951171875,1475.0,1462.199951171875,1469.5,23102,ADANIPORTS,BSE,yfinance,1d
2026-01-01,1474.3499755859375,1491.25,1470.9000244140625,1481.0,30500,ADANIPORTS,BSE,yfinance,1d
2026-01-02,1481.0,1495.1500244140625,1479.0,1489.1500244140625,67028,ADANIPORTS,BSE,yfinance,1d
2026-01-05,1485.25,1496.550048828125,1478.3499755859375,1492.5999755859375,22033,ADANIPORTS,BSE,yfinance,1d
2026-01-06,1487.550048828125,1494.0,1471.050048828125,1473.25,28165,ADANIPORTS,BSE,yfinance,1d
2026-01-07,1473.300048828125,1480.449951171875,1459.199951171875,1465.0,254423,ADANIPORTS,BSE,yfinance,1d
2026-01-08,1465.3499755859375,1488.800048828125,1460.449951171875,1464.699951171875,66410,ADANIPORTS,BSE,yfinance,1d
2026-01-09,1455.8499755859375,1463.9000244140625,1431.6500244140625,1435.75,43096,ADANIPORTS,BSE,yfinance,1d
2026-01-12,1436.800048828125,1447.0,1404.050048828125,1443.9000244140625,50234,ADANIPORTS,BSE,yfinance,1d
2026-01-13,1443.0,1449.3499755859375,1419.800048828125,1428.800048828125,50545,ADANIPORTS,BSE,yfinance,1d
2026-01-14,1424.550048828125,1439.5,1422.800048828125,1429.6500244140625,38597,ADANIPORTS,BSE,yfinance,1d
2026-01-16,1431.050048828125,1447.8499755859375,1416.449951171875,1421.5,46710,ADANIPORTS,BSE,yfinance,1d
2026-01-19,1421.5,1421.5,1396.0999755859375,1402.5,40034,ADANIPORTS,BSE,yfinance,1d
2026-01-20,1401.699951171875,1412.800048828125,1360.0999755859375,1368.9000244140625,44404,ADANIPORTS,BSE,yfinance,1d
2026-01-21,1369.5999755859375,1390.699951171875,1345.050048828125,1378.449951171875,92778,ADANIPORTS,BSE,yfinance,1d
2026-01-22,1403.699951171875,1421.0,1390.0,1413.9000244140625,93976,ADANIPORTS,BSE,yfinance,1d
2026-01-23,1414.4000244140625,1418.0,1293.0999755859375,1307.5999755859375,234821,ADANIPORTS,BSE,yfinance,1d
2026-01-27,1332.050048828125,1368.300048828125,1322.5999755859375,1364.199951171875,167541,ADANIPORTS,BSE,yfinance,1d
2026-01-28,1370.550048828125,1384.0,1364.0,1381.5999755859375,950296,ADANIPORTS,BSE,yfinance,1d
2026-01-29,1381.9000244140625,1428.6500244140625,1372.0,1415.9000244140625,307281,ADANIPORTS,BSE,yfinance,1d
2026-01-30,1415.949951171875,1429.0,1407.550048828125,1417.6500244140625,99072,ADANIPORTS,BSE,yfinance,1d
2026-02-02,1359.75,1406.5,1351.25,1402.9000244140625,72504,ADANIPORTS,BSE,yfinance,1d
2026-02-03,1475.0,1537.5,1475.0,1530.9000244140625,436640,ADANIPORTS,BSE,yfinance,1d
2026-02-04,1530.9000244140625,1572.0,1509.0,1567.0999755859375,370588,ADANIPORTS,BSE,yfinance,1d
2026-02-05,1573.6500244140625,1577.1500244140625,1548.3499755859375,1570.9000244140625,208707,ADANIPORTS,BSE,yfinance,1d
2026-02-06,1551.75,1575.6500244140625,1527.6500244140625,1550.199951171875,146495,ADANIPORTS,BSE,yfinance,1d
2026-02-09,1572.4000244140625,1584.0,1555.050048828125,1562.25,156555,ADANIPORTS,BSE,yfinance,1d
2026-02-10,1563.300048828125,1567.800048828125,1525.0999755859375,1554.949951171875,231419,ADANIPORTS,BSE,yfinance,1d
2026-02-11,1550.1500244140625,1559.699951171875,1538.949951171875,1553.199951171875,169998,ADANIPORTS,BSE,yfinance,1d
2026-02-12,1515.050048828125,1551.199951171875,1515.050048828125,1544.0,89847,ADANIPORTS,BSE,yfinance,1d
2026-02-13,1540.050048828125,1542.5,1508.8499755859375,1519.5999755859375,80373,ADANIPORTS,BSE,yfinance,1d
2026-02-16,1506.699951171875,1546.300048828125,1495.550048828125,1541.5999755859375,169584,ADANIPORTS,BSE,yfinance,1d
2026-02-17,1536.5,1575.699951171875,1535.5,1566.5999755859375,183349,ADANIPORTS,BSE,yfinance,1d
2026-02-18,1566.5999755859375,1566.5999755859375,1540.0,1550.949951171875,75500,ADANIPORTS,BSE,yfinance,1d
2026-02-19,1545.9000244140625,1549.3499755859375,1507.0999755859375,1512.0999755859375,100827,ADANIPORTS,BSE,yfinance,1d
2026-02-20,1512.0999755859375,1530.0,1506.0,1511.449951171875,29159,ADANIPORTS,BSE,yfinance,1d
2026-02-23,1511.449951171875,1564.0999755859375,1511.449951171875,1556.550048828125,203435,ADANIPORTS,BSE,yfinance,1d
2026-02-24,1556.300048828125,1562.0,1536.5999755859375,1555.25,102872,ADANIPORTS,BSE,yfinance,1d
2026-02-25,1560.050048828125,1584.0,1518.699951171875,1528.449951171875,653553,ADANIPORTS,BSE,yfinance,1d
2026-02-26,1548.5999755859375,1554.0,1526.0,1550.5999755859375,59652,ADANIPORTS,BSE,yfinance,1d
2026-02-27,1547.949951171875,1547.949951171875,1516.449951171875,1520.8499755859375,75450,ADANIPORTS,BSE,yfinance,1d
2026-03-02,1450.050048828125,1496.8499755859375,1430.199951171875,1470.199951171875,315193,ADANIPORTS,BSE,yfinance,1d
2026-03-04,1441.0,1450.550048828125,1408.699951171875,1434.25,150866,ADANIPORTS,BSE,yfinance,1d
2026-03-05,1438.050048828125,1505.449951171875,1438.050048828125,1499.0,109564,ADANIPORTS,BSE,yfinance,1d
2026-03-06,1498.9000244140625,1498.9000244140625,1470.0,1476.800048828125,77525,ADANIPORTS,BSE,yfinance,1d
2026-03-09,1407.6500244140625,1435.449951171875,1407.5999755859375,1421.4000244140625,176765,ADANIPORTS,BSE,yfinance,1d
2026-03-10,1444.0,1470.0,1416.0,1424.0999755859375,159200,ADANIPORTS,BSE,yfinance,1d
2026-03-11,1424.0999755859375,1454.5999755859375,1405.449951171875,1410.699951171875,103741,ADANIPORTS,BSE,yfinance,1d
2026-03-12,1407.5,1418.9000244140625,1375.0,1391.300048828125,163807,ADANIPORTS,BSE,yfinance,1d
2026-03-13,1403.5999755859375,1403.5999755859375,1354.0,1363.5999755859375,146840,ADANIPORTS,BSE,yfinance,1d
2026-03-16,1357.0,1383.4000244140625,1349.0,1372.4000244140625,127514,ADANIPORTS,BSE,yfinance,1d
2026-03-17,1374.300048828125,1380.0,1351.800048828125,1363.5,431009,ADANIPORTS,BSE,yfinance,1d
2026-03-18,1368.449951171875,1410.949951171875,1368.4000244140625,1402.050048828125,106252,ADANIPORTS,BSE,yfinance,1d
2026-03-19,1372.699951171875,1378.3499755859375,1350.699951171875,1355.800048828125,192371,ADANIPORTS,BSE,yfinance,1d
2026-03-20,1368.1500244140625,1393.5999755859375,1358.949951171875,1365.0999755859375,92287,ADANIPORTS,BSE,yfinance,1d
2026-03-23,1352.75,1352.75,1294.300048828125,1303.800048828125,166221,ADANIPORTS,BSE,yfinance,1d
2026-03-24,1349.949951171875,1360.9000244140625,1314.0999755859375,1344.300048828125,198741,ADANIPORTS,BSE,yfinance,1d
2026-03-25,1352.6500244140625,1392.550048828125,1352.6500244140625,1375.5,202736,ADANIPORTS,BSE,yfinance,1d
2026-03-27,1375.5,1375.5,1330.25,1337.5999755859375,73498,ADANIPORTS,BSE,yfinance,1d
2026-03-30,1324.3499755859375,1337.0,1308.0,1313.4000244140625,164506,ADANIPORTS,BSE,yfinance,1d
2026-04-01,1342.3499755859375,1405.0,1342.3499755859375,1385.199951171875,219461,ADANIPORTS,BSE,yfinance,1d
2026-04-02,1359.6500244140625,1383.949951171875,1332.25,1377.300048828125,162433,ADANIPORTS,BSE,yfinance,1d
2026-04-06,1383.9000244140625,1391.949951171875,1348.550048828125,1388.050048828125,93585,ADANIPORTS,BSE,yfinance,1d
2026-04-07,1372.300048828125,1389.9000244140625,1368.550048828125,1380.8499755859375,129487,ADANIPORTS,BSE,yfinance,1d
2026-04-08,1470.5,1504.0,1449.199951171875,1453.75,299458,ADANIPORTS,BSE,yfinance,1d
2026-04-09,1434.300048828125,1455.699951171875,1416.0,1447.300048828125,250312,ADANIPORTS,BSE,yfinance,1d
2026-04-10,1440.449951171875,1478.0,1438.949951171875,1475.0999755859375,124192,ADANIPORTS,BSE,yfinance,1d
2026-04-13,1429.699951171875,1477.6500244140625,1422.75,1464.949951171875,86406,ADANIPORTS,BSE,yfinance,1d
2026-04-15,1481.0,1515.0,1481.0,1514.5999755859375,1387463,ADANIPORTS,BSE,yfinance,1d
2026-04-16,1521.199951171875,1555.3499755859375,1509.800048828125,1549.449951171875,241704,ADANIPORTS,BSE,yfinance,1d
2026-04-17,1563.8499755859375,1578.1500244140625,1550.0999755859375,1573.0999755859375,246335,ADANIPORTS,BSE,yfinance,1d
2026-04-20,1573.949951171875,1600.8499755859375,1567.050048828125,1577.550048828125,164090,ADANIPORTS,BSE,yfinance,1d
2026-04-21,1588.1500244140625,1611.5,1580.0,1594.449951171875,86466,ADANIPORTS,BSE,yfinance,1d
2026-04-22,1582.699951171875,1603.1500244140625,1581.6500244140625,1588.449951171875,146741,ADANIPORTS,BSE,yfinance,1d
2026-04-23,1588.3499755859375,1610.699951171875,1565.5,1603.800048828125,141255,ADANIPORTS,BSE,yfinance,1d
2026-04-24,1610.0,1617.4000244140625,1557.0,1585.9000244140625,168247,ADANIPORTS,BSE,yfinance,1d
2026-04-27,1600.199951171875,1649.699951171875,1593.199951171875,1629.0999755859375,277919,ADANIPORTS,BSE,yfinance,1d
2026-04-28,1635.0,1647.699951171875,1625.0,1637.800048828125,196773,ADANIPORTS,BSE,yfinance,1d
2026-04-29,1645.0,1672.0,1644.949951171875,1660.800048828125,156656,ADANIPORTS,BSE,yfinance,1d
2026-04-30,1659.4000244140625,1677.0,1597.199951171875,1655.1500244140625,308299,ADANIPORTS,BSE,yfinance,1d
2026-05-04,1700.0999755859375,1748.800048828125,1687.9000244140625,1742.8499755859375,46297660,ADANIPORTS,BSE,yfinance,1d
2026-05-05,1745.4000244140625,1758.4000244140625,1718.800048828125,1726.0,394724,ADANIPORTS,BSE,yfinance,1d
2026-05-06,1746.0,1761.5999755859375,1718.75,1748.050048828125,251045,ADANIPORTS,BSE,yfinance,1d
2026-05-07,1759.0999755859375,1759.0999755859375,1708.5999755859375,1732.8499755859375,169129,ADANIPORTS,BSE,yfinance,1d
2026-05-08,1733.1500244140625,1792.3499755859375,1728.550048828125,1760.300048828125,388872,ADANIPORTS,BSE,yfinance,1d
2026-05-11,1759.0,1785.3499755859375,1733.5,1766.5999755859375,3761595,ADANIPORTS,BSE,yfinance,1d
2026-05-12,1760.800048828125,1765.0,1683.0999755859375,1689.0,124699,ADANIPORTS,BSE,yfinance,1d
2026-05-13,1675.800048828125,1751.5999755859375,1675.800048828125,1736.050048828125,239967,ADANIPORTS,BSE,yfinance,1d
2026-05-14,1760.0,1782.0,1745.4000244140625,1773.199951171875,175517,ADANIPORTS,BSE,yfinance,1d
2026-05-15,1817.449951171875,1823.75,1766.0,1795.699951171875,229796,ADANIPORTS,BSE,yfinance,1d
2026-05-18,1785.1500244140625,1792.8499755859375,1744.5999755859375,1787.050048828125,201763,ADANIPORTS,BSE,yfinance,1d
2026-05-19,1803.800048828125,1805.0,1758.199951171875,1762.550048828125,111127,ADANIPORTS,BSE,yfinance,1d
2026-05-20,1751.949951171875,1776.949951171875,1745.050048828125,1769.199951171875,62601,ADANIPORTS,BSE,yfinance,1d
2026-05-21,1786.0,1800.0,1777.0,1793.199951171875,125292,ADANIPORTS,BSE,yfinance,1d
2026-05-22,1798.5999755859375,1801.75,1780.5999755859375,1788.0,55567,ADANIPORTS,BSE,yfinance,1d
2026-05-25,1807.4000244140625,1814.050048828125,1793.300048828125,1802.949951171875,81495,ADANIPORTS,BSE,yfinance,1d
2026-05-26,1803.1500244140625,1820.25,1800.699951171875,1810.949951171875,162431,ADANIPORTS,BSE,yfinance,1d
2026-05-27,1812.0,1843.0999755859375,1810.949951171875,1824.300048828125,146425,ADANIPORTS,BSE,yfinance,1d
2026-05-28,1824.300048828125,1824.300048828125,1824.300048828125,1824.300048828125,0,ADANIPORTS,BSE,yfinance,1d
2026-05-29,1834.9000244140625,1840.0,1797.0,1804.75,110233,ADANIPORTS,BSE,yfinance,1d
2026-06-01,1800.199951171875,1814.4000244140625,1777.0999755859375,1783.25,105210,ADANIPORTS,BSE,yfinance,1d
2026-06-02,1749.949951171875,1817.8499755859375,1749.9000244140625,1814.449951171875,71436,ADANIPORTS,BSE,yfinance,1d
2026-06-03,1833.949951171875,1840.0,1782.949951171875,1803.25,155097,ADANIPORTS,BSE,yfinance,1d
2026-06-04,1795.199951171875,1825.8499755859375,1786.699951171875,1790.5,74873,ADANIPORTS,BSE,yfinance,1d
2026-06-05,1801.949951171875,1827.949951171875,1797.050048828125,1823.0999755859375,178396,ADANIPORTS,BSE,yfinance,1d
2026-06-08,1818.25,1833.1500244140625,1793.3499755859375,1805.9000244140625,95303,ADANIPORTS,BSE,yfinance,1d
2026-06-09,1828.800048828125,1832.0,1791.699951171875,1826.0999755859375,99808,ADANIPORTS,BSE,yfinance,1d
2026-06-10,1829.449951171875,1857.5999755859375,1813.0,1822.050048828125,166516,ADANIPORTS,BSE,yfinance,1d
2026-06-11,1813.199951171875,1820.449951171875,1782.0,1787.300048828125,128851,ADANIPORTS,BSE,yfinance,1d
2026-06-12,1805.0,1817.699951171875,1778.699951171875,1813.300048828125,117352,ADANIPORTS,BSE,yfinance,1d
2026-06-15,1830.6500244140625,1841.949951171875,1798.300048828125,1804.3499755859375,100508,ADANIPORTS,BSE,yfinance,1d
2026-06-16,1821.699951171875,1828.1500244140625,1797.0,1821.550048828125,58395,ADANIPORTS,BSE,yfinance,1d
2026-06-17,1836.449951171875,1836.449951171875,1807.5,1828.0999755859375,69491,ADANIPORTS,BSE,yfinance,1d
2026-06-18,1829.25,1848.550048828125,1819.449951171875,1842.800048828125,70257,ADANIPORTS,BSE,yfinance,1d
2026-06-19,1840.5,1848.9000244140625,1829.25,1835.050048828125,100200,ADANIPORTS,BSE,yfinance,1d
2026-06-22,1833.050048828125,1837.699951171875,1808.0999755859375,1827.25,61438,ADANIPORTS,BSE,yfinance,1d
2026-06-23,1828.9000244140625,1843.0,1780.0,1783.0999755859375,118628,ADANIPORTS,BSE,yfinance,1d
2026-06-24,1785.4000244140625,1818.199951171875,1775.4000244140625,1813.300048828125,2836761,ADANIPORTS,BSE,yfinance,1d
2026-06-25,1816.0,1831.0,1791.8499755859375,1796.25,165978,ADANIPORTS,BSE,yfinance,1d
2026-06-26,1796.25,1796.25,1796.25,1796.25,0,ADANIPORTS,BSE,yfinance,1d
2026-06-29,1804.449951171875,1812.3499755859375,1771.0999755859375,1776.5999755859375,83986,ADANIPORTS,BSE,yfinance,1d
2026-06-30,1796.0,1815.800048828125,1783.0,1810.199951171875,94603,ADANIPORTS,BSE,yfinance,1d
2026-07-01,1830.0,1881.0999755859375,1815.199951171875,1848.1500244140625,311236,ADANIPORTS,BSE,yfinance,1d
2026-07-02,1869.9000244140625,1887.699951171875,1846.050048828125,1882.300048828125,158068,ADANIPORTS,BSE,yfinance,1d
2026-07-03,1887.949951171875,1891.800048828125,1865.9000244140625,1874.199951171875,73516,ADANIPORTS,BSE,yfinance,1d
2026-07-06,1874.199951171875,1883.5999755859375,1860.0,1863.949951171875,64371,ADANIPORTS,BSE,yfinance,1d
2026-07-07,1873.949951171875,1880.0,1829.949951171875,1834.300048828125,46973,ADANIPORTS,BSE,yfinance,1d
2026-07-08,1829.0,1849.800048828125,1784.199951171875,1792.9000244140625,110570,ADANIPORTS,BSE,yfinance,1d
2026-07-09,1793.0999755859375,1821.0,1793.0999755859375,1799.300048828125,210524,ADANIPORTS,BSE,yfinance,1d
2026-07-10,1799.300048828125,1852.0,1799.300048828125,1828.0,54189,ADANIPORTS,BSE,yfinance,1d
2026-07-13,1814.5999755859375,1825.0999755859375,1807.550048828125,1810.4000244140625,38442,ADANIPORTS,BSE,yfinance,1d
2026-07-14,1821.050048828125,1840.5,1809.9000244140625,1821.050048828125,92558,ADANIPORTS,BSE,yfinance,1d
2026-07-15,1825.0,1838.0,1818.0,1829.5,52779,ADANIPORTS,BSE,yfinance,1d
2026-07-16,1829.5,1858.949951171875,1817.050048828125,1825.699951171875,212733,ADANIPORTS,BSE,yfinance,1d
2026-07-17,1827.949951171875,1841.0,1816.3499755859375,1837.199951171875,34507,ADANIPORTS,BSE,yfinance,1d
2026-07-20,1818.800048828125,1853.0,1818.800048828125,1843.1500244140625,34656,ADANIPORTS,BSE,yfinance,1d
2026-07-21,1852.1500244140625,1857.0,1833.0,1844.550048828125,139087,ADANIPORTS,BSE,yfinance,1d
2026-07-22,1841.0,1847.0,1812.050048828125,1819.3499755859375,49539,ADANIPORTS,BSE,yfinance,1d
2026-07-23,1828.300048828125,1828.300048828125,1769.0,1778.300048828125,131582,ADANIPORTS,BSE,yfinance,1d
2026-07-24,1768.949951171875,1784.4000244140625,1756.199951171875,1768.0999755859375,61092,ADANIPORTS,BSE,yfinance,1d
2026-07-27,1799.300048828125,1799.300048828125,1752.300048828125,1771.0999755859375,114807,ADANIPORTS,BSE,yfinance,1d
2026-07-28,1776.0,1783.050048828125,1758.800048828125,1777.1500244140625,179516,ADANIPORTS,BSE,yfinance,1d
2026-07-29,1785.0,1791.6500244140625,1705.5,1720.449951171875,340913,ADANIPORTS,BSE,yfinance,1d
2026-07-30,1725.0,1730.0,1659.0,1664.300048828125,314890,ADANIPORTS,BSE,yfinance,1d
2026-07-31,1678.5,1707.0,1649.6500244140625,1699.5,685329,ADANIPORTS,BSE,yfinance,1d
2026-08-03,1710.050048828125,1720.0,1693.0,1697.0,108917,ADANIPORTS,BSE,yfinance,1d
2026-08-04,1705.0,1714.0,1691.0,1691.0,1504929,ADANIPORTS,BSE,yfinance,1d
2026-08-05,1724.25,1724.25,1688.300048828125,1705.0,46594,ADANIPORTS,BSE,yfinance,1d
2026-08-06,1695.25,1706.25,1688.050048828125,1695.0,137782,ADANIPORTS,BSE,yfinance,1d
2026-08-07,1691.0,1702.0,1678.0,1686.0,71972,ADANIPORTS,BSE,yfinance,1d
2026-08-10,1694.949951171875,1694.949951171875,1674.0,1680.0,40161,ADANIPORTS,BSE,yfinance,1d
2026-08-11,1703.449951171875,1704.0,1662.4000244140625,1667.0,65956,ADANIPORTS,BSE,yfinance,1d
2026-08-12,1670.0,1672.5999755859375,1641.199951171875,1665.0,83838,ADANIPORTS,BSE,yfinance,1d
2026-08-13,1663.199951171875,1670.300048828125,1642.0,1664.699951171875,173463,ADANIPORTS,BSE,yfinance,1d
2026-08-14,1651.8499755859375,1699.199951171875,1651.8499755859375,1695.0,127525,ADANIPORTS,BSE,yfinance,1d
