date,open,high,low,close,volume,symbol,exchange,source,interval
2021-08-16,3838.0,3838.0,3743.14990234375,3748.35009765625,21217,BAJAJ-AUTO,BSE,yfinance,1d
2021-08-17,3748.35009765625,3818.64990234375,3742.64990234375,3807.949951171875,7401,BAJAJ-AUTO,BSE,yfinance,1d
2021-08-18,3815.0,3854.89990234375,3776.550048828125,3833.449951171875,20119,BAJAJ-AUTO,BSE,yfinance,1d
2021-08-20,3765.0,3824.0,3727.050048828125,3750.949951171875,17256,BAJAJ-AUTO,BSE,yfinance,1d
2021-08-23,3754.0,3773.550048828125,3648.550048828125,3667.25,14065,BAJAJ-AUTO,BSE,yfinance,1d
2021-08-24,3694.300048828125,3723.5,3658.050048828125,3716.050048828125,8323,BAJAJ-AUTO,BSE,yfinance,1d
2021-08-25,3739.949951171875,3759.39990234375,3680.0,3689.10009765625,15477,BAJAJ-AUTO,BSE,yfinance,1d
2021-08-26,3690.050048828125,3718.25,3672.050048828125,3691.85009765625,7578,BAJAJ-AUTO,BSE,yfinance,1d
2021-08-27,3688.0,3749.0,3680.60009765625,3698.75,14731,BAJAJ-AUTO,BSE,yfinance,1d
2021-08-30,3735.0,3756.10009765625,3705.699951171875,3713.60009765625,14091,BAJAJ-AUTO,BSE,yfinance,1d
2021-08-31,3748.0,3748.0,3707.14990234375,3725.699951171875,31921,BAJAJ-AUTO,BSE,yfinance,1d
2021-09-01,3750.0,3810.0,3743.800048828125,3757.800048828125,15036,BAJAJ-AUTO,BSE,yfinance,1d
2021-09-02,3780.0,3780.0,3718.0,3721.64990234375,7208,BAJAJ-AUTO,BSE,yfinance,1d
2021-09-03,3720.10009765625,3809.0,3720.10009765625,3752.10009765625,43794,BAJAJ-AUTO,BSE,yfinance,1d
2021-09-06,3798.949951171875,3827.39990234375,3770.949951171875,3779.699951171875,32558,BAJAJ-AUTO,BSE,yfinance,1d
2021-09-07,3805.0,3805.0,3760.0,3770.800048828125,7298,BAJAJ-AUTO,BSE,yfinance,1d
2021-09-08,3760.0,3769.949951171875,3718.0,3724.949951171875,18955,BAJAJ-AUTO,BSE,yfinance,1d
2021-09-09,3725.0,3728.10009765625,3695.60009765625,3699.699951171875,10479,BAJAJ-AUTO,BSE,yfinance,1d
2021-09-13,3719.89990234375,3719.89990234375,3682.949951171875,3699.199951171875,23764,BAJAJ-AUTO,BSE,yfinance,1d
2021-09-14,3725.0,3766.699951171875,3691.60009765625,3750.14990234375,147852,BAJAJ-AUTO,BSE,yfinance,1d
2021-09-15,3764.89990234375,3800.449951171875,3764.75,3779.35009765625,8243,BAJAJ-AUTO,BSE,yfinance,1d
2021-09-16,3805.0,3832.0,3785.0,3811.800048828125,28464,BAJAJ-AUTO,BSE,yfinance,1d
2021-09-17,3854.0,3878.0,3813.0,3823.85009765625,15021,BAJAJ-AUTO,BSE,yfinance,1d
2021-09-20,3815.0,3815.0,3735.0,3773.75,24057,BAJAJ-AUTO,BSE,yfinance,1d
2021-09-21,3755.0,3799.050048828125,3696.75,3728.35009765625,11319,BAJAJ-AUTO,BSE,yfinance,1d
2021-09-22,3756.0,3770.0,3723.949951171875,3755.199951171875,7581,BAJAJ-AUTO,BSE,yfinance,1d
2021-09-23,3757.14990234375,3818.39990234375,3757.14990234375,3800.199951171875,70754,BAJAJ-AUTO,BSE,yfinance,1d
2021-09-24,3830.0,3849.39990234375,3787.5,3808.14990234375,19632,BAJAJ-AUTO,BSE,yfinance,1d
2021-09-27,3815.14990234375,3929.75,3815.14990234375,3913.5,23938,BAJAJ-AUTO,BSE,yfinance,1d
2021-09-28,3950.0,3950.0,3873.75,3908.550048828125,38305,BAJAJ-AUTO,BSE,yfinance,1d
2021-09-29,3899.949951171875,3935.699951171875,3849.89990234375,3898.199951171875,8330,BAJAJ-AUTO,BSE,yfinance,1d
2021-09-30,3902.0,3902.0,3814.0,3832.449951171875,10045,BAJAJ-AUTO,BSE,yfinance,1d
2021-10-01,3830.0,3879.14990234375,3805.85009765625,3855.10009765625,12198,BAJAJ-AUTO,BSE,yfinance,1d
2021-10-04,3845.800048828125,3883.5,3821.0,3826.14990234375,18109,BAJAJ-AUTO,BSE,yfinance,1d
2021-10-05,3826.14990234375,3872.300048828125,3820.0,3863.75,6173,BAJAJ-AUTO,BSE,yfinance,1d
2021-10-06,3885.5,3885.5,3760.0,3771.300048828125,7410,BAJAJ-AUTO,BSE,yfinance,1d
2021-10-07,3810.0,3867.0,3785.64990234375,3829.0,22454,BAJAJ-AUTO,BSE,yfinance,1d
2021-10-08,3828.550048828125,3878.39990234375,3806.10009765625,3814.75,13727,BAJAJ-AUTO,BSE,yfinance,1d
2021-10-11,3841.0,3877.35009765625,3835.60009765625,3851.75,69562,BAJAJ-AUTO,BSE,yfinance,1d
2021-10-12,3859.0,3993.60009765625,3855.0,3978.14990234375,31316,BAJAJ-AUTO,BSE,yfinance,1d
2021-10-13,3997.0,4047.050048828125,3958.449951171875,3971.25,14918,BAJAJ-AUTO,BSE,yfinance,1d
2021-10-14,3953.0,4009.64990234375,3953.0,3965.14990234375,22062,BAJAJ-AUTO,BSE,yfinance,1d
2021-10-18,3931.050048828125,3969.25,3889.85009765625,3916.39990234375,11901,BAJAJ-AUTO,BSE,yfinance,1d
2021-10-19,3916.0,3953.25,3893.550048828125,3911.60009765625,19299,BAJAJ-AUTO,BSE,yfinance,1d
2021-10-20,3900.0,3908.5,3827.300048828125,3848.0,84442,BAJAJ-AUTO,BSE,yfinance,1d
2021-10-21,3885.89990234375,3885.89990234375,3768.0,3802.800048828125,5443,BAJAJ-AUTO,BSE,yfinance,1d
2021-10-22,3827.300048828125,3909.14990234375,3816.39990234375,3865.39990234375,17724,BAJAJ-AUTO,BSE,yfinance,1d
2021-10-25,3871.5,3872.949951171875,3737.14990234375,3764.89990234375,7625,BAJAJ-AUTO,BSE,yfinance,1d
2021-10-26,3781.0,3810.300048828125,3763.550048828125,3791.949951171875,8556,BAJAJ-AUTO,BSE,yfinance,1d
2021-10-27,3803.949951171875,3836.699951171875,3760.0,3777.449951171875,10599,BAJAJ-AUTO,BSE,yfinance,1d
2021-10-28,3854.0,3855.050048828125,3686.14990234375,3700.60009765625,30252,BAJAJ-AUTO,BSE,yfinance,1d
2021-10-29,3720.0,3753.0,3664.35009765625,3710.199951171875,9835,BAJAJ-AUTO,BSE,yfinance,1d
2021-11-01,3732.0,3748.0,3684.25,3726.199951171875,11505,BAJAJ-AUTO,BSE,yfinance,1d
2021-11-02,3742.60009765625,3792.699951171875,3728.050048828125,3742.60009765625,14646,BAJAJ-AUTO,BSE,yfinance,1d
2021-11-03,3740.89990234375,3764.10009765625,3688.39990234375,3697.0,12787,BAJAJ-AUTO,BSE,yfinance,1d
2021-11-04,3744.550048828125,3764.0,3727.10009765625,3759.050048828125,2307,BAJAJ-AUTO,BSE,yfinance,1d
2021-11-08,3764.449951171875,3800.0,3743.60009765625,3781.050048828125,4939,BAJAJ-AUTO,BSE,yfinance,1d
2021-11-09,3774.0,3843.5,3774.0,3794.5,17098,BAJAJ-AUTO,BSE,yfinance,1d
2021-11-10,3796.0,3800.0,3744.10009765625,3765.800048828125,12570,BAJAJ-AUTO,BSE,yfinance,1d
2021-11-11,3762.10009765625,3782.25,3728.0,3751.300048828125,4837,BAJAJ-AUTO,BSE,yfinance,1d
2021-11-12,3760.25,3768.5,3616.0,3637.300048828125,36959,BAJAJ-AUTO,BSE,yfinance,1d
2021-11-15,3642.0,3674.550048828125,3580.0,3605.0,30558,BAJAJ-AUTO,BSE,yfinance,1d
2021-11-16,3610.0,3651.10009765625,3585.0,3609.89990234375,21105,BAJAJ-AUTO,BSE,yfinance,1d
2021-11-17,3610.0,3643.449951171875,3577.050048828125,3583.85009765625,16300,BAJAJ-AUTO,BSE,yfinance,1d
2021-11-18,3580.0,3587.800048828125,3526.449951171875,3550.85009765625,54682,BAJAJ-AUTO,BSE,yfinance,1d
2021-11-22,3550.25,3566.85009765625,3425.0,3444.0,29376,BAJAJ-AUTO,BSE,yfinance,1d
2021-11-23,3406.0,3447.0,3378.14990234375,3435.0,10966,BAJAJ-AUTO,BSE,yfinance,1d
2021-11-24,3440.050048828125,3455.0,3387.0,3414.5,25703,BAJAJ-AUTO,BSE,yfinance,1d
2021-11-25,3420.0,3420.0,3378.10009765625,3390.39990234375,97308,BAJAJ-AUTO,BSE,yfinance,1d
2021-11-26,3382.699951171875,3383.800048828125,3324.35009765625,3333.949951171875,10682,BAJAJ-AUTO,BSE,yfinance,1d
2021-11-29,3344.25,3352.199951171875,3248.199951171875,3299.85009765625,13355,BAJAJ-AUTO,BSE,yfinance,1d
2021-11-30,3298.0,3322.0,3223.0,3243.14990234375,20513,BAJAJ-AUTO,BSE,yfinance,1d
2021-12-01,3260.0,3292.5,3228.0,3249.85009765625,18350,BAJAJ-AUTO,BSE,yfinance,1d
2021-12-02,3250.0,3338.75,3236.050048828125,3326.199951171875,14737,BAJAJ-AUTO,BSE,yfinance,1d
2021-12-03,3353.5,3353.5,3280.0,3286.949951171875,6458,BAJAJ-AUTO,BSE,yfinance,1d
2021-12-06,3338.449951171875,3338.449951171875,3245.0,3254.25,9654,BAJAJ-AUTO,BSE,yfinance,1d
2021-12-07,3291.89990234375,3316.699951171875,3261.550048828125,3283.75,9310,BAJAJ-AUTO,BSE,yfinance,1d
2021-12-08,3314.0,3337.0,3298.39990234375,3332.050048828125,19371,BAJAJ-AUTO,BSE,yfinance,1d
2021-12-09,3333.0,3345.0,3295.199951171875,3339.0,17195,BAJAJ-AUTO,BSE,yfinance,1d
2021-12-10,3339.0,3364.050048828125,3323.0,3341.5,6023,BAJAJ-AUTO,BSE,yfinance,1d
2021-12-13,3369.449951171875,3372.699951171875,3296.050048828125,3306.699951171875,6971,BAJAJ-AUTO,BSE,yfinance,1d
2021-12-14,3308.0,3310.0,3268.0,3291.85009765625,10991,BAJAJ-AUTO,BSE,yfinance,1d
2021-12-15,3255.0,3328.550048828125,3255.0,3297.5,9317,BAJAJ-AUTO,BSE,yfinance,1d
2021-12-16,3327.0,3327.0,3229.0,3250.699951171875,13603,BAJAJ-AUTO,BSE,yfinance,1d
2021-12-17,3250.0,3262.449951171875,3149.89990234375,3175.5,27518,BAJAJ-AUTO,BSE,yfinance,1d
2021-12-20,3175.0,3175.0,3028.35009765625,3100.10009765625,17778,BAJAJ-AUTO,BSE,yfinance,1d
2021-12-21,3144.0,3159.10009765625,3091.14990234375,3128.39990234375,12145,BAJAJ-AUTO,BSE,yfinance,1d
2021-12-22,3151.0,3171.39990234375,3126.300048828125,3139.39990234375,6967,BAJAJ-AUTO,BSE,yfinance,1d
2021-12-23,3147.0,3192.0,3142.5,3173.89990234375,11152,BAJAJ-AUTO,BSE,yfinance,1d
2021-12-24,3171.0,3191.550048828125,3138.0,3152.800048828125,3906,BAJAJ-AUTO,BSE,yfinance,1d
2021-12-27,3125.0,3160.0,3121.89990234375,3154.14990234375,7510,BAJAJ-AUTO,BSE,yfinance,1d
2021-12-28,3154.14990234375,3186.85009765625,3149.449951171875,3176.5,10901,BAJAJ-AUTO,BSE,yfinance,1d
2021-12-29,3195.0,3270.0,3152.550048828125,3262.39990234375,24286,BAJAJ-AUTO,BSE,yfinance,1d
2021-12-30,3297.949951171875,3297.949951171875,3187.0,3200.39990234375,20660,BAJAJ-AUTO,BSE,yfinance,1d
2021-12-31,3207.0,3263.699951171875,3207.0,3250.800048828125,7268,BAJAJ-AUTO,BSE,yfinance,1d
2022-01-03,3255.0,3292.199951171875,3251.25,3275.89990234375,14259,BAJAJ-AUTO,BSE,yfinance,1d
2022-01-04,3298.89990234375,3315.89990234375,3273.0,3289.35009765625,6156,BAJAJ-AUTO,BSE,yfinance,1d
2022-01-05,3298.0,3365.0,3285.0,3357.800048828125,21367,BAJAJ-AUTO,BSE,yfinance,1d
2022-01-06,3359.949951171875,3428.39990234375,3333.5,3416.25,10041,BAJAJ-AUTO,BSE,yfinance,1d
2022-01-07,3442.0,3442.0,3378.800048828125,3390.10009765625,6779,BAJAJ-AUTO,BSE,yfinance,1d
2022-01-10,3429.0,3450.64990234375,3406.550048828125,3436.10009765625,8710,BAJAJ-AUTO,BSE,yfinance,1d
2022-01-11,3420.0,3446.75,3420.0,3435.699951171875,10406,BAJAJ-AUTO,BSE,yfinance,1d
2022-01-12,3445.0,3450.949951171875,3416.14990234375,3439.35009765625,5687,BAJAJ-AUTO,BSE,yfinance,1d
2022-01-13,3459.0,3472.699951171875,3431.64990234375,3450.10009765625,5298,BAJAJ-AUTO,BSE,yfinance,1d
2022-01-14,3471.0,3471.0,3426.050048828125,3436.449951171875,4681,BAJAJ-AUTO,BSE,yfinance,1d
2022-01-17,3436.0,3525.5,3432.550048828125,3489.449951171875,24065,BAJAJ-AUTO,BSE,yfinance,1d
2022-01-18,3490.0,3496.800048828125,3392.35009765625,3400.550048828125,19057,BAJAJ-AUTO,BSE,yfinance,1d
2022-01-19,3417.699951171875,3458.699951171875,3381.85009765625,3443.64990234375,20012,BAJAJ-AUTO,BSE,yfinance,1d
2022-01-20,3429.0,3445.5,3296.5,3309.60009765625,50121,BAJAJ-AUTO,BSE,yfinance,1d
2022-01-21,3319.0,3472.0,3270.75,3425.300048828125,55326,BAJAJ-AUTO,BSE,yfinance,1d
2022-01-24,3429.949951171875,3454.64990234375,3350.0,3377.0,33324,BAJAJ-AUTO,BSE,yfinance,1d
2022-01-25,3374.0,3488.85009765625,3329.39990234375,3464.949951171875,12042,BAJAJ-AUTO,BSE,yfinance,1d
2022-01-27,3458.5,3534.60009765625,3402.0,3498.64990234375,14301,BAJAJ-AUTO,BSE,yfinance,1d
2022-01-28,3520.0,3560.5,3485.5,3499.0,13398,BAJAJ-AUTO,BSE,yfinance,1d
2022-01-31,3535.0,3585.0,3487.5,3554.75,25190,BAJAJ-AUTO,BSE,yfinance,1d
2022-02-01,3584.0,3591.300048828125,3512.550048828125,3533.550048828125,13491,BAJAJ-AUTO,BSE,yfinance,1d
2022-02-02,3545.0,3584.0,3525.0,3535.85009765625,6080,BAJAJ-AUTO,BSE,yfinance,1d
2022-02-03,3451.699951171875,3650.0,3451.699951171875,3619.25,34508,BAJAJ-AUTO,BSE,yfinance,1d
2022-02-04,3602.199951171875,3624.89990234375,3550.39990234375,3567.10009765625,10223,BAJAJ-AUTO,BSE,yfinance,1d
2022-02-07,3562.0,3566.39990234375,3469.35009765625,3477.60009765625,14882,BAJAJ-AUTO,BSE,yfinance,1d
2022-02-08,3452.0,3511.14990234375,3445.5,3454.60009765625,15035,BAJAJ-AUTO,BSE,yfinance,1d
2022-02-09,3454.60009765625,3570.85009765625,3453.949951171875,3564.949951171875,6987,BAJAJ-AUTO,BSE,yfinance,1d
2022-02-10,3570.0,3579.300048828125,3547.25,3568.60009765625,8635,BAJAJ-AUTO,BSE,yfinance,1d
2022-02-11,3501.300048828125,3572.449951171875,3501.300048828125,3566.800048828125,9696,BAJAJ-AUTO,BSE,yfinance,1d
2022-02-14,3422.14990234375,3537.14990234375,3422.14990234375,3485.89990234375,21640,BAJAJ-AUTO,BSE,yfinance,1d
2022-02-15,3500.0,3600.0,3474.5,3583.14990234375,16111,BAJAJ-AUTO,BSE,yfinance,1d
2022-02-16,3605.0,3640.14990234375,3572.300048828125,3586.25,11920,BAJAJ-AUTO,BSE,yfinance,1d
2022-02-17,3582.0,3660.0,3582.0,3596.449951171875,16176,BAJAJ-AUTO,BSE,yfinance,1d
2022-02-18,3599.0,3642.75,3575.0,3635.10009765625,17944,BAJAJ-AUTO,BSE,yfinance,1d
2022-02-21,3622.0,3636.10009765625,3569.199951171875,3578.64990234375,11306,BAJAJ-AUTO,BSE,yfinance,1d
2022-02-22,3555.0,3615.550048828125,3540.25,3599.64990234375,8247,BAJAJ-AUTO,BSE,yfinance,1d
2022-02-23,3620.0,3637.800048828125,3570.949951171875,3579.0,9392,BAJAJ-AUTO,BSE,yfinance,1d
2022-02-24,3530.0,3545.0,3440.0,3472.5,12681,BAJAJ-AUTO,BSE,yfinance,1d
2022-02-25,3500.0,3560.85009765625,3491.75,3506.5,9181,BAJAJ-AUTO,BSE,yfinance,1d
2022-02-28,3506.5,3557.300048828125,3448.949951171875,3530.85009765625,5252,BAJAJ-AUTO,BSE,yfinance,1d
2022-03-02,3475.5,3475.5,3334.64990234375,3373.300048828125,33574,BAJAJ-AUTO,BSE,yfinance,1d
2022-03-03,3373.300048828125,3399.85009765625,3280.0,3293.35009765625,24026,BAJAJ-AUTO,BSE,yfinance,1d
2022-03-04,3290.0,3290.0,3178.0,3242.300048828125,13408,BAJAJ-AUTO,BSE,yfinance,1d
2022-03-07,3200.0,3275.0,3125.800048828125,3231.10009765625,23847,BAJAJ-AUTO,BSE,yfinance,1d
2022-03-08,3242.0,3340.0,3175.550048828125,3314.25,15155,BAJAJ-AUTO,BSE,yfinance,1d
2022-03-09,3319.0,3358.0,3293.35009765625,3338.64990234375,7600,BAJAJ-AUTO,BSE,yfinance,1d
2022-03-10,3380.0,3439.89990234375,3380.0,3422.25,7207,BAJAJ-AUTO,BSE,yfinance,1d
2022-03-11,3417.0,3441.60009765625,3388.449951171875,3423.050048828125,5878,BAJAJ-AUTO,BSE,yfinance,1d
2022-03-14,3422.0,3464.949951171875,3370.0,3453.60009765625,9387,BAJAJ-AUTO,BSE,yfinance,1d
2022-03-15,3447.0,3493.449951171875,3425.449951171875,3453.050048828125,9992,BAJAJ-AUTO,BSE,yfinance,1d
2022-03-16,3492.89990234375,3591.35009765625,3483.050048828125,3571.10009765625,6842,BAJAJ-AUTO,BSE,yfinance,1d
2022-03-17,3565.0,3663.550048828125,3565.0,3649.10009765625,26389,BAJAJ-AUTO,BSE,yfinance,1d
2022-03-21,3635.0,3718.89990234375,3580.25,3587.449951171875,11369,BAJAJ-AUTO,BSE,yfinance,1d
2022-03-22,3590.050048828125,3660.0,3565.0,3656.14990234375,7020,BAJAJ-AUTO,BSE,yfinance,1d
2022-03-23,3656.14990234375,3688.199951171875,3590.60009765625,3598.39990234375,12063,BAJAJ-AUTO,BSE,yfinance,1d
2022-03-24,3598.0,3635.699951171875,3570.0,3580.89990234375,7826,BAJAJ-AUTO,BSE,yfinance,1d
2022-03-25,3606.35009765625,3658.0,3592.699951171875,3653.14990234375,10015,BAJAJ-AUTO,BSE,yfinance,1d
2022-03-28,3665.0,3736.199951171875,3644.699951171875,3689.25,12406,BAJAJ-AUTO,BSE,yfinance,1d
2022-03-29,3711.0,3733.0,3660.14990234375,3688.89990234375,15106,BAJAJ-AUTO,BSE,yfinance,1d
2022-03-30,3690.0,3735.0,3669.0,3674.35009765625,5924,BAJAJ-AUTO,BSE,yfinance,1d
2022-03-31,3680.0,3711.0,3634.10009765625,3652.5,11291,BAJAJ-AUTO,BSE,yfinance,1d
2022-04-01,3650.0,3746.199951171875,3647.550048828125,3738.10009765625,7644,BAJAJ-AUTO,BSE,yfinance,1d
2022-04-04,3750.0,3771.0,3718.0,3763.949951171875,9034,BAJAJ-AUTO,BSE,yfinance,1d
2022-04-05,3769.0,3819.89990234375,3768.10009765625,3808.449951171875,15766,BAJAJ-AUTO,BSE,yfinance,1d
2022-04-06,3809.0,3810.0,3742.949951171875,3802.0,7561,BAJAJ-AUTO,BSE,yfinance,1d
2022-04-07,3808.0,3817.050048828125,3770.800048828125,3803.050048828125,10578,BAJAJ-AUTO,BSE,yfinance,1d
2022-04-08,3800.050048828125,3837.75,3767.449951171875,3809.699951171875,9615,BAJAJ-AUTO,BSE,yfinance,1d
2022-04-11,3820.0,3820.0,3767.75,3789.0,5321,BAJAJ-AUTO,BSE,yfinance,1d
2022-04-12,3750.0,3776.300048828125,3676.300048828125,3711.35009765625,7553,BAJAJ-AUTO,BSE,yfinance,1d
2022-04-13,3691.25,3747.0,3670.0,3697.949951171875,3373,BAJAJ-AUTO,BSE,yfinance,1d
2022-04-18,3700.0,3755.14990234375,3655.0,3709.699951171875,29749,BAJAJ-AUTO,BSE,yfinance,1d
2022-04-19,3710.050048828125,3773.300048828125,3630.199951171875,3657.64990234375,4028,BAJAJ-AUTO,BSE,yfinance,1d
2022-04-20,3645.0,3733.0,3645.0,3716.550048828125,6186,BAJAJ-AUTO,BSE,yfinance,1d
2022-04-21,3701.800048828125,3737.0,3682.25,3705.39990234375,3187,BAJAJ-AUTO,BSE,yfinance,1d
2022-04-22,3704.0,3704.0,3625.0,3644.5,13082,BAJAJ-AUTO,BSE,yfinance,1d
2022-04-25,3580.0,3723.89990234375,3580.0,3692.60009765625,16981,BAJAJ-AUTO,BSE,yfinance,1d
2022-04-26,3740.0,3901.0,3719.050048828125,3890.39990234375,52564,BAJAJ-AUTO,BSE,yfinance,1d
2022-04-27,3847.60009765625,3918.449951171875,3845.75,3905.949951171875,14971,BAJAJ-AUTO,BSE,yfinance,1d
2022-04-28,3992.050048828125,3992.050048828125,3804.800048828125,3833.5,45542,BAJAJ-AUTO,BSE,yfinance,1d
2022-04-29,3822.0,3838.0,3712.35009765625,3727.050048828125,12566,BAJAJ-AUTO,BSE,yfinance,1d
2022-05-02,3730.0,3730.0,3608.300048828125,3624.5,12666,BAJAJ-AUTO,BSE,yfinance,1d
2022-05-04,3645.0,3683.0,3484.449951171875,3496.300048828125,115190,BAJAJ-AUTO,BSE,yfinance,1d
2022-05-05,3551.0,3593.800048828125,3515.39990234375,3524.949951171875,14417,BAJAJ-AUTO,BSE,yfinance,1d
2022-05-06,3497.0,3553.0,3461.300048828125,3497.75,13949,BAJAJ-AUTO,BSE,yfinance,1d
2022-05-09,3504.0,3582.699951171875,3480.300048828125,3567.39990234375,9092,BAJAJ-AUTO,BSE,yfinance,1d
2022-05-10,3587.0,3646.60009765625,3540.699951171875,3590.5,10299,BAJAJ-AUTO,BSE,yfinance,1d
2022-05-11,3630.0,3630.0,3540.0,3609.64990234375,7553,BAJAJ-AUTO,BSE,yfinance,1d
2022-05-12,3580.0,3650.0,3538.949951171875,3585.10009765625,10487,BAJAJ-AUTO,BSE,yfinance,1d
2022-05-13,3615.10009765625,3735.0,3615.10009765625,3640.89990234375,37269,BAJAJ-AUTO,BSE,yfinance,1d
2022-05-16,3679.949951171875,3725.0,3655.0,3712.800048828125,7805,BAJAJ-AUTO,BSE,yfinance,1d
2022-05-17,3712.699951171875,3785.0,3712.699951171875,3740.550048828125,6982,BAJAJ-AUTO,BSE,yfinance,1d
2022-05-18,3743.0,3828.0,3738.0,3791.64990234375,7930,BAJAJ-AUTO,BSE,yfinance,1d
2022-05-19,3750.0,3779.64990234375,3680.0,3696.89990234375,10492,BAJAJ-AUTO,BSE,yfinance,1d
2022-05-20,3750.0,3849.0,3732.0,3786.60009765625,13629,BAJAJ-AUTO,BSE,yfinance,1d
2022-05-23,3796.0,3865.0,3773.35009765625,3785.949951171875,5982,BAJAJ-AUTO,BSE,yfinance,1d
2022-05-24,3796.300048828125,3840.0,3772.050048828125,3783.39990234375,5741,BAJAJ-AUTO,BSE,yfinance,1d
2022-05-25,3806.35009765625,3818.300048828125,3741.10009765625,3790.0,6394,BAJAJ-AUTO,BSE,yfinance,1d
2022-05-26,3792.0,3867.0,3752.699951171875,3857.35009765625,12797,BAJAJ-AUTO,BSE,yfinance,1d
2022-05-27,3850.0,3889.89990234375,3823.10009765625,3830.449951171875,8233,BAJAJ-AUTO,BSE,yfinance,1d
2022-05-30,3860.0,3902.0,3847.550048828125,3855.300048828125,8471,BAJAJ-AUTO,BSE,yfinance,1d
2022-05-31,3875.0,3956.10009765625,3839.949951171875,3862.949951171875,12441,BAJAJ-AUTO,BSE,yfinance,1d
2022-06-01,3893.25,3901.75,3707.35009765625,3720.449951171875,18684,BAJAJ-AUTO,BSE,yfinance,1d
2022-06-02,3720.39990234375,3749.35009765625,3667.050048828125,3684.25,12030,BAJAJ-AUTO,BSE,yfinance,1d
2022-06-03,3723.300048828125,3726.75,3651.0,3670.699951171875,6302,BAJAJ-AUTO,BSE,yfinance,1d
2022-06-06,3665.0,3862.14990234375,3663.550048828125,3818.449951171875,24325,BAJAJ-AUTO,BSE,yfinance,1d
2022-06-07,3750.0,3852.10009765625,3750.0,3833.89990234375,22217,BAJAJ-AUTO,BSE,yfinance,1d
2022-06-08,3845.0,3848.050048828125,3768.050048828125,3792.949951171875,8048,BAJAJ-AUTO,BSE,yfinance,1d
2022-06-09,3814.0,3890.5,3784.60009765625,3876.89990234375,12335,BAJAJ-AUTO,BSE,yfinance,1d
2022-06-10,3960.0,3965.75,3850.85009765625,3885.25,26048,BAJAJ-AUTO,BSE,yfinance,1d
2022-06-13,3850.0,3894.60009765625,3775.0,3880.60009765625,15724,BAJAJ-AUTO,BSE,yfinance,1d
2022-06-14,3890.0,4000.0,3603.75,3684.39990234375,54268,BAJAJ-AUTO,BSE,yfinance,1d
2022-06-15,3684.39990234375,3742.5,3645.85009765625,3696.050048828125,23226,BAJAJ-AUTO,BSE,yfinance,1d
2022-06-16,3749.0,3749.0,3634.0,3654.89990234375,8714,BAJAJ-AUTO,BSE,yfinance,1d
2022-06-17,3694.64990234375,3710.85009765625,3620.0,3632.64990234375,14299,BAJAJ-AUTO,BSE,yfinance,1d
2022-06-20,3639.0,3639.0,3577.0,3616.14990234375,10437,BAJAJ-AUTO,BSE,yfinance,1d
2022-06-21,3630.0,3670.949951171875,3618.0,3643.949951171875,33666,BAJAJ-AUTO,BSE,yfinance,1d
2022-06-22,3650.0,3719.949951171875,3615.0,3629.800048828125,24895,BAJAJ-AUTO,BSE,yfinance,1d
2022-06-23,3690.0,3795.64990234375,3669.89990234375,3782.89990234375,18761,BAJAJ-AUTO,BSE,yfinance,1d
2022-06-24,3800.0,3841.550048828125,3783.39990234375,3812.800048828125,38145,BAJAJ-AUTO,BSE,yfinance,1d
2022-06-27,3870.0,3953.5,3818.699951171875,3862.050048828125,40374,BAJAJ-AUTO,BSE,yfinance,1d
2022-06-28,3843.050048828125,3906.25,3784.300048828125,3887.300048828125,25910,BAJAJ-AUTO,BSE,yfinance,1d
2022-06-29,3880.0,3901.60009765625,3859.39990234375,3867.050048828125,14697,BAJAJ-AUTO,BSE,yfinance,1d
2022-06-30,3747.0,3765.199951171875,3693.5,3705.64990234375,8834,BAJAJ-AUTO,BSE,yfinance,1d
2022-07-01,3700.0,3700.0,3601.199951171875,3623.550048828125,15922,BAJAJ-AUTO,BSE,yfinance,1d
2022-07-04,3650.0,3690.0,3608.5,3680.60009765625,36934,BAJAJ-AUTO,BSE,yfinance,1d
2022-07-05,3713.699951171875,3713.699951171875,3666.300048828125,3684.050048828125,28332,BAJAJ-AUTO,BSE,yfinance,1d
2022-07-06,3689.949951171875,3778.699951171875,3678.64990234375,3772.39990234375,28772,BAJAJ-AUTO,BSE,yfinance,1d
2022-07-07,3799.0,3835.0,3785.0,3802.25,28128,BAJAJ-AUTO,BSE,yfinance,1d
2022-07-08,3835.0,3835.0,3792.0,3824.39990234375,21538,BAJAJ-AUTO,BSE,yfinance,1d
2022-07-11,3810.300048828125,3855.60009765625,3800.0,3849.949951171875,21181,BAJAJ-AUTO,BSE,yfinance,1d
2022-07-12,3849.0,3860.85009765625,3830.449951171875,3848.75,18509,BAJAJ-AUTO,BSE,yfinance,1d
2022-07-13,3860.0,3874.39990234375,3847.64990234375,3858.35009765625,21693,BAJAJ-AUTO,BSE,yfinance,1d
2022-07-14,3857.0,3880.0,3842.550048828125,3860.300048828125,31120,BAJAJ-AUTO,BSE,yfinance,1d
2022-07-15,3860.0,3920.64990234375,3860.0,3913.050048828125,8028,BAJAJ-AUTO,BSE,yfinance,1d
2022-07-18,3920.64990234375,3991.0,3920.64990234375,3985.199951171875,137837,BAJAJ-AUTO,BSE,yfinance,1d
2022-07-19,3986.0,4034.0,3966.35009765625,4002.25,34433,BAJAJ-AUTO,BSE,yfinance,1d
2022-07-20,4007.0,4053.64990234375,4000.0,4001.64990234375,49366,BAJAJ-AUTO,BSE,yfinance,1d
2022-07-21,4000.0,4068.0,4000.0,4057.449951171875,24487,BAJAJ-AUTO,BSE,yfinance,1d
2022-07-22,4068.0,4091.89990234375,4047.0,4054.800048828125,55850,BAJAJ-AUTO,BSE,yfinance,1d
2022-07-25,4041.050048828125,4071.699951171875,3998.85009765625,4017.5,14553,BAJAJ-AUTO,BSE,yfinance,1d
2022-07-26,4010.0,4028.949951171875,3908.800048828125,3925.199951171875,19063,BAJAJ-AUTO,BSE,yfinance,1d
2022-07-27,3979.0,3979.0,3845.35009765625,3878.199951171875,9665,BAJAJ-AUTO,BSE,yfinance,1d
2022-07-28,3896.699951171875,3912.25,3850.0,3860.14990234375,10128,BAJAJ-AUTO,BSE,yfinance,1d
2022-07-29,3883.0,3951.5,3876.35009765625,3913.39990234375,19338,BAJAJ-AUTO,BSE,yfinance,1d
2022-08-01,3915.0,3989.14990234375,3915.0,3975.449951171875,126973,BAJAJ-AUTO,BSE,yfinance,1d
2022-08-02,3985.699951171875,4004.39990234375,3943.550048828125,3994.699951171875,44882,BAJAJ-AUTO,BSE,yfinance,1d
2022-08-03,4043.89990234375,4043.89990234375,3965.0,4001.800048828125,59606,BAJAJ-AUTO,BSE,yfinance,1d
2022-08-04,4032.949951171875,4035.0,3978.25,4013.64990234375,65188,BAJAJ-AUTO,BSE,yfinance,1d
2022-08-05,4016.0,4037.050048828125,4000.0,4014.949951171875,91146,BAJAJ-AUTO,BSE,yfinance,1d
2022-08-08,4010.0,4039.75,4006.0,4021.39990234375,16916,BAJAJ-AUTO,BSE,yfinance,1d
2022-08-10,4028.0,4066.39990234375,4017.550048828125,4034.449951171875,5892,BAJAJ-AUTO,BSE,yfinance,1d
2022-08-11,4050.0,4054.75,4023.0,4030.0,11545,BAJAJ-AUTO,BSE,yfinance,1d
2022-08-12,4005.050048828125,4057.300048828125,4005.050048828125,4036.300048828125,5602,BAJAJ-AUTO,BSE,yfinance,1d
2022-08-16,4038.0,4099.7001953125,4036.300048828125,4092.14990234375,5557,BAJAJ-AUTO,BSE,yfinance,1d
2022-08-17,4089.0,4119.39990234375,4060.85009765625,4066.89990234375,13714,BAJAJ-AUTO,BSE,yfinance,1d
2022-08-18,4080.0,4080.0,4045.0,4057.60009765625,37328,BAJAJ-AUTO,BSE,yfinance,1d
2022-08-19,4069.800048828125,4086.5,4051.5,4071.60009765625,13191,BAJAJ-AUTO,BSE,yfinance,1d
2022-08-22,4066.199951171875,4071.60009765625,4011.0,4041.550048828125,54942,BAJAJ-AUTO,BSE,yfinance,1d
2022-08-23,4049.89990234375,4073.85009765625,4020.550048828125,4057.14990234375,15383,BAJAJ-AUTO,BSE,yfinance,1d
2022-08-24,4062.39990234375,4078.60009765625,4055.0,4065.949951171875,19212,BAJAJ-AUTO,BSE,yfinance,1d
2022-08-25,4041.050048828125,4094.800048828125,4041.050048828125,4061.699951171875,43143,BAJAJ-AUTO,BSE,yfinance,1d
2022-08-26,4076.449951171875,4121.0498046875,4045.0,4052.550048828125,22583,BAJAJ-AUTO,BSE,yfinance,1d
2022-08-29,4000.050048828125,4062.949951171875,4000.0,4032.300048828125,38618,BAJAJ-AUTO,BSE,yfinance,1d
2022-08-30,4032.300048828125,4128.7001953125,4032.300048828125,4085.10009765625,15671,BAJAJ-AUTO,BSE,yfinance,1d
2022-09-01,4000.0,4130.14990234375,4000.0,4074.949951171875,12833,BAJAJ-AUTO,BSE,yfinance,1d
2022-09-02,4074.0,4101.60009765625,4026.199951171875,4031.800048828125,26496,BAJAJ-AUTO,BSE,yfinance,1d
2022-09-05,4032.14990234375,4048.050048828125,3947.300048828125,3956.699951171875,83422,BAJAJ-AUTO,BSE,yfinance,1d
2022-09-06,3979.0,3988.85009765625,3921.39990234375,3930.25,28532,BAJAJ-AUTO,BSE,yfinance,1d
2022-09-07,3920.0,3936.949951171875,3814.14990234375,3847.050048828125,54436,BAJAJ-AUTO,BSE,yfinance,1d
2022-09-08,3853.0,3877.699951171875,3840.050048828125,3845.0,23737,BAJAJ-AUTO,BSE,yfinance,1d
2022-09-09,3848.0,3880.449951171875,3835.0,3849.949951171875,61806,BAJAJ-AUTO,BSE,yfinance,1d
2022-09-12,3830.14990234375,3890.5,3826.85009765625,3870.449951171875,18203,BAJAJ-AUTO,BSE,yfinance,1d
2022-09-13,3868.800048828125,3889.35009765625,3855.550048828125,3865.64990234375,30377,BAJAJ-AUTO,BSE,yfinance,1d
2022-09-14,3810.0,3917.14990234375,3810.0,3850.050048828125,26256,BAJAJ-AUTO,BSE,yfinance,1d
2022-09-15,3850.050048828125,3881.949951171875,3752.050048828125,3770.39990234375,5179,BAJAJ-AUTO,BSE,yfinance,1d
2022-09-16,3818.800048828125,3818.800048828125,3677.14990234375,3694.699951171875,17482,BAJAJ-AUTO,BSE,yfinance,1d
2022-09-19,3694.699951171875,3730.0,3660.199951171875,3707.64990234375,118157,BAJAJ-AUTO,BSE,yfinance,1d
2022-09-20,3712.0,3805.0,3712.0,3769.050048828125,5508,BAJAJ-AUTO,BSE,yfinance,1d
2022-09-21,3751.050048828125,3805.0,3721.5,3731.800048828125,8074,BAJAJ-AUTO,BSE,yfinance,1d
2022-09-22,3732.300048828125,3761.75,3701.0,3727.85009765625,5702,BAJAJ-AUTO,BSE,yfinance,1d
2022-09-23,3730.5,3765.85009765625,3685.0,3698.300048828125,3859,BAJAJ-AUTO,BSE,yfinance,1d
2022-09-26,3693.949951171875,3693.949951171875,3566.050048828125,3573.25,7822,BAJAJ-AUTO,BSE,yfinance,1d
2022-09-27,3598.0,3598.0,3512.0,3539.89990234375,8208,BAJAJ-AUTO,BSE,yfinance,1d
2022-09-28,3538.949951171875,3574.10009765625,3503.0,3543.85009765625,2458,BAJAJ-AUTO,BSE,yfinance,1d
2022-09-29,3561.75,3561.75,3465.300048828125,3476.35009765625,6018,BAJAJ-AUTO,BSE,yfinance,1d
2022-09-30,3495.0,3551.0,3462.050048828125,3527.10009765625,3498,BAJAJ-AUTO,BSE,yfinance,1d
2022-10-03,3539.949951171875,3556.0,3475.0,3522.25,23744,BAJAJ-AUTO,BSE,yfinance,1d
2022-10-04,3531.35009765625,3599.75,3531.35009765625,3584.300048828125,6754,BAJAJ-AUTO,BSE,yfinance,1d
2022-10-06,3581.39990234375,3616.85009765625,3570.0,3594.89990234375,28539,BAJAJ-AUTO,BSE,yfinance,1d
2022-10-07,3560.050048828125,3665.800048828125,3560.050048828125,3601.75,23533,BAJAJ-AUTO,BSE,yfinance,1d
2022-10-10,3578.949951171875,3624.5,3530.0,3619.39990234375,8787,BAJAJ-AUTO,BSE,yfinance,1d
2022-10-11,3637.0,3637.0,3521.949951171875,3527.89990234375,97467,BAJAJ-AUTO,BSE,yfinance,1d
2022-10-12,3531.35009765625,3651.60009765625,3521.0,3624.199951171875,11155,BAJAJ-AUTO,BSE,yfinance,1d
2022-10-13,3603.14990234375,3646.89990234375,3590.0,3605.25,11100,BAJAJ-AUTO,BSE,yfinance,1d
2022-10-14,3653.10009765625,3663.39990234375,3554.0,3569.0,7633,BAJAJ-AUTO,BSE,yfinance,1d
2022-10-17,3571.0,3674.85009765625,3571.0,3626.199951171875,123752,BAJAJ-AUTO,BSE,yfinance,1d
2022-10-18,3657.949951171875,3663.10009765625,3603.5,3610.10009765625,17241,BAJAJ-AUTO,BSE,yfinance,1d
2022-10-19,3647.050048828125,3715.0,3622.85009765625,3654.5,16261,BAJAJ-AUTO,BSE,yfinance,1d
2022-10-20,3630.0,3701.5,3588.39990234375,3695.85009765625,4223,BAJAJ-AUTO,BSE,yfinance,1d
2022-10-21,3681.0,3716.64990234375,3641.85009765625,3669.199951171875,6053,BAJAJ-AUTO,BSE,yfinance,1d
2022-10-24,3700.0,3718.25,3685.0,3700.0,2044,BAJAJ-AUTO,BSE,yfinance,1d
2022-10-25,3673.699951171875,3725.050048828125,3644.5,3653.699951171875,83499,BAJAJ-AUTO,BSE,yfinance,1d
2022-10-27,3663.5,3686.89990234375,3607.14990234375,3627.64990234375,5811,BAJAJ-AUTO,BSE,yfinance,1d
2022-10-28,3615.050048828125,3718.0,3615.050048828125,3668.5,28256,BAJAJ-AUTO,BSE,yfinance,1d
2022-10-31,3660.35009765625,3705.14990234375,3659.0,3669.25,36633,BAJAJ-AUTO,BSE,yfinance,1d
2022-11-01,3671.050048828125,3744.35009765625,3663.199951171875,3732.449951171875,8654,BAJAJ-AUTO,BSE,yfinance,1d
2022-11-02,3721.10009765625,3740.0,3694.64990234375,3736.75,2847,BAJAJ-AUTO,BSE,yfinance,1d
2022-11-03,3768.39990234375,3815.800048828125,3727.699951171875,3772.949951171875,43876,BAJAJ-AUTO,BSE,yfinance,1d
2022-11-04,3773.5,3809.89990234375,3764.89990234375,3771.050048828125,3627,BAJAJ-AUTO,BSE,yfinance,1d
2022-11-07,3780.550048828125,3817.550048828125,3761.550048828125,3769.75,4235,BAJAJ-AUTO,BSE,yfinance,1d
2022-11-09,3771.050048828125,3793.60009765625,3722.0,3737.85009765625,26014,BAJAJ-AUTO,BSE,yfinance,1d
2022-11-10,3725.050048828125,3768.25,3717.85009765625,3722.60009765625,5152,BAJAJ-AUTO,BSE,yfinance,1d
2022-11-11,3724.64990234375,3781.0,3709.050048828125,3726.449951171875,8840,BAJAJ-AUTO,BSE,yfinance,1d
2022-11-14,3720.14990234375,3767.89990234375,3711.60009765625,3724.550048828125,3951,BAJAJ-AUTO,BSE,yfinance,1d
2022-11-15,3714.64990234375,3788.0,3714.64990234375,3763.64990234375,11565,BAJAJ-AUTO,BSE,yfinance,1d
2022-11-16,3745.0,3798.699951171875,3741.60009765625,3747.0,4743,BAJAJ-AUTO,BSE,yfinance,1d
2022-11-17,3757.25,3763.35009765625,3681.449951171875,3694.550048828125,2620,BAJAJ-AUTO,BSE,yfinance,1d
2022-11-18,3671.050048828125,3708.75,3623.199951171875,3631.199951171875,8574,BAJAJ-AUTO,BSE,yfinance,1d
2022-11-21,3624.0,3643.25,3610.0,3620.300048828125,2934,BAJAJ-AUTO,BSE,yfinance,1d
2022-11-22,3622.550048828125,3641.699951171875,3585.0,3619.14990234375,7009,BAJAJ-AUTO,BSE,yfinance,1d
2022-11-23,3620.0,3653.199951171875,3595.14990234375,3607.800048828125,5141,BAJAJ-AUTO,BSE,yfinance,1d
2022-11-24,3608.050048828125,3627.300048828125,3598.550048828125,3620.199951171875,3991,BAJAJ-AUTO,BSE,yfinance,1d
2022-11-25,3622.050048828125,3653.60009765625,3601.199951171875,3637.800048828125,6078,BAJAJ-AUTO,BSE,yfinance,1d
2022-11-28,3630.0,3708.0,3630.0,3675.050048828125,3804,BAJAJ-AUTO,BSE,yfinance,1d
2022-11-29,3675.050048828125,3694.0,3652.39990234375,3657.10009765625,2268,BAJAJ-AUTO,BSE,yfinance,1d
2022-11-30,3651.050048828125,3774.35009765625,3651.050048828125,3750.300048828125,15636,BAJAJ-AUTO,BSE,yfinance,1d
2022-12-01,3749.949951171875,3749.949951171875,3595.5,3707.449951171875,21293,BAJAJ-AUTO,BSE,yfinance,1d
2022-12-02,3695.050048828125,3702.199951171875,3642.949951171875,3659.199951171875,6232,BAJAJ-AUTO,BSE,yfinance,1d
2022-12-05,3659.25,3674.35009765625,3637.10009765625,3659.800048828125,2404,BAJAJ-AUTO,BSE,yfinance,1d
2022-12-06,3659.800048828125,3698.89990234375,3641.050048828125,3691.449951171875,7996,BAJAJ-AUTO,BSE,yfinance,1d
2022-12-07,3691.449951171875,3706.550048828125,3630.60009765625,3634.75,2341,BAJAJ-AUTO,BSE,yfinance,1d
2022-12-08,3607.050048828125,3656.0,3607.050048828125,3637.10009765625,3051,BAJAJ-AUTO,BSE,yfinance,1d
2022-12-09,3649.0,3670.050048828125,3602.199951171875,3617.85009765625,4629,BAJAJ-AUTO,BSE,yfinance,1d
2022-12-12,3604.10009765625,3616.300048828125,3575.0,3600.35009765625,7412,BAJAJ-AUTO,BSE,yfinance,1d
2022-12-13,3601.050048828125,3639.89990234375,3592.5,3634.699951171875,4760,BAJAJ-AUTO,BSE,yfinance,1d
2022-12-14,3655.89990234375,3667.89990234375,3642.85009765625,3652.800048828125,1218,BAJAJ-AUTO,BSE,yfinance,1d
2022-12-15,3646.699951171875,3655.0,3608.949951171875,3617.800048828125,2501,BAJAJ-AUTO,BSE,yfinance,1d
2022-12-16,3601.64990234375,3624.85009765625,3541.0,3548.14990234375,6439,BAJAJ-AUTO,BSE,yfinance,1d
2022-12-19,3550.0,3634.449951171875,3550.0,3628.300048828125,4620,BAJAJ-AUTO,BSE,yfinance,1d
2022-12-20,3619.050048828125,3628.300048828125,3582.39990234375,3601.5,8341,BAJAJ-AUTO,BSE,yfinance,1d
2022-12-21,3629.75,3654.85009765625,3592.5,3610.449951171875,1820,BAJAJ-AUTO,BSE,yfinance,1d
2022-12-22,3601.050048828125,3644.0,3582.0,3598.89990234375,2198,BAJAJ-AUTO,BSE,yfinance,1d
2022-12-23,3599.949951171875,3599.949951171875,3534.39990234375,3543.300048828125,4525,BAJAJ-AUTO,BSE,yfinance,1d
2022-12-26,3543.300048828125,3574.75,3524.25,3553.5,4178,BAJAJ-AUTO,BSE,yfinance,1d
2022-12-27,3556.550048828125,3599.449951171875,3552.0,3589.35009765625,4871,BAJAJ-AUTO,BSE,yfinance,1d
2022-12-28,3624.89990234375,3624.89990234375,3553.699951171875,3579.0,2476,BAJAJ-AUTO,BSE,yfinance,1d
2022-12-29,3556.300048828125,3602.550048828125,3542.0,3570.949951171875,3638,BAJAJ-AUTO,BSE,yfinance,1d
2022-12-30,3562.14990234375,3641.64990234375,3562.14990234375,3615.89990234375,7980,BAJAJ-AUTO,BSE,yfinance,1d
2023-01-02,3626.949951171875,3626.949951171875,3524.0,3576.64990234375,23617,BAJAJ-AUTO,BSE,yfinance,1d
2023-01-03,3574.60009765625,3618.199951171875,3563.39990234375,3603.89990234375,6985,BAJAJ-AUTO,BSE,yfinance,1d
2023-01-04,3603.85009765625,3603.85009765625,3545.300048828125,3552.60009765625,3706,BAJAJ-AUTO,BSE,yfinance,1d
2023-01-05,3550.10009765625,3632.699951171875,3550.10009765625,3626.25,8456,BAJAJ-AUTO,BSE,yfinance,1d
2023-01-06,3600.050048828125,3645.64990234375,3596.800048828125,3639.64990234375,19070,BAJAJ-AUTO,BSE,yfinance,1d
2023-01-09,3673.64990234375,3673.64990234375,3607.85009765625,3620.25,3503,BAJAJ-AUTO,BSE,yfinance,1d
2023-01-10,3620.0,3630.0,3565.5,3578.39990234375,10859,BAJAJ-AUTO,BSE,yfinance,1d
2023-01-11,3584.300048828125,3584.300048828125,3530.5,3537.050048828125,5730,BAJAJ-AUTO,BSE,yfinance,1d
2023-01-12,3548.25,3579.949951171875,3522.0,3571.300048828125,3575,BAJAJ-AUTO,BSE,yfinance,1d
2023-01-13,3550.050048828125,3617.550048828125,3550.050048828125,3604.550048828125,3967,BAJAJ-AUTO,BSE,yfinance,1d
2023-01-16,3577.550048828125,3620.0,3561.10009765625,3587.64990234375,22116,BAJAJ-AUTO,BSE,yfinance,1d
2023-01-17,3592.0,3611.0,3570.75,3606.550048828125,3466,BAJAJ-AUTO,BSE,yfinance,1d
2023-01-18,3612.949951171875,3636.60009765625,3579.64990234375,3609.25,31737,BAJAJ-AUTO,BSE,yfinance,1d
2023-01-19,3609.25,3627.550048828125,3572.0,3574.699951171875,3770,BAJAJ-AUTO,BSE,yfinance,1d
2023-01-20,3576.0,3584.300048828125,3551.199951171875,3573.0,3747,BAJAJ-AUTO,BSE,yfinance,1d
2023-01-23,3562.050048828125,3630.0,3562.050048828125,3623.949951171875,38791,BAJAJ-AUTO,BSE,yfinance,1d
2023-01-24,3623.949951171875,3693.14990234375,3613.050048828125,3685.25,13588,BAJAJ-AUTO,BSE,yfinance,1d
2023-01-25,3674.050048828125,3739.0,3672.199951171875,3717.39990234375,8655,BAJAJ-AUTO,BSE,yfinance,1d
2023-01-27,3831.10009765625,3993.050048828125,3831.10009765625,3937.699951171875,75132,BAJAJ-AUTO,BSE,yfinance,1d
2023-01-30,3875.050048828125,3948.14990234375,3821.35009765625,3841.14990234375,15912,BAJAJ-AUTO,BSE,yfinance,1d
2023-01-31,3860.199951171875,3870.050048828125,3801.89990234375,3818.800048828125,7699,BAJAJ-AUTO,BSE,yfinance,1d
2023-02-01,3805.050048828125,3884.25,3760.64990234375,3808.25,9523,BAJAJ-AUTO,BSE,yfinance,1d
2023-02-02,3808.0,3856.39990234375,3743.800048828125,3790.199951171875,6073,BAJAJ-AUTO,BSE,yfinance,1d
2023-02-03,3790.199951171875,3856.89990234375,3771.0,3852.300048828125,3590,BAJAJ-AUTO,BSE,yfinance,1d
2023-02-06,3852.0,3866.0,3803.949951171875,3847.64990234375,6276,BAJAJ-AUTO,BSE,yfinance,1d
2023-02-07,3847.64990234375,3895.199951171875,3820.0,3876.699951171875,2750,BAJAJ-AUTO,BSE,yfinance,1d
2023-02-08,3866.35009765625,3897.10009765625,3837.949951171875,3879.050048828125,2665,BAJAJ-AUTO,BSE,yfinance,1d
2023-02-09,3855.050048828125,3890.35009765625,3834.050048828125,3846.550048828125,3137,BAJAJ-AUTO,BSE,yfinance,1d
2023-02-10,3825.050048828125,3847.75,3800.0,3832.10009765625,5540,BAJAJ-AUTO,BSE,yfinance,1d
2023-02-13,3845.0,3911.0,3827.0,3883.60009765625,9723,BAJAJ-AUTO,BSE,yfinance,1d
2023-02-14,3888.89990234375,3904.300048828125,3863.0,3874.60009765625,10725,BAJAJ-AUTO,BSE,yfinance,1d
2023-02-15,3863.0,3911.949951171875,3850.85009765625,3906.199951171875,6732,BAJAJ-AUTO,BSE,yfinance,1d
2023-02-16,3915.0,3930.949951171875,3891.64990234375,3905.5,5426,BAJAJ-AUTO,BSE,yfinance,1d
2023-02-17,3851.050048828125,3918.199951171875,3851.050048828125,3893.89990234375,4987,BAJAJ-AUTO,BSE,yfinance,1d
2023-02-20,3870.050048828125,3934.39990234375,3870.050048828125,3900.550048828125,2767,BAJAJ-AUTO,BSE,yfinance,1d
2023-02-21,3916.25,3918.949951171875,3827.699951171875,3836.10009765625,2874,BAJAJ-AUTO,BSE,yfinance,1d
2023-02-22,3838.75,3890.050048828125,3800.89990234375,3840.050048828125,4570,BAJAJ-AUTO,BSE,yfinance,1d
2023-02-23,3873.75,3873.75,3816.64990234375,3833.449951171875,4378,BAJAJ-AUTO,BSE,yfinance,1d
2023-02-24,3801.199951171875,3872.0,3801.199951171875,3850.64990234375,3816,BAJAJ-AUTO,BSE,yfinance,1d
2023-02-27,3805.0,3805.0,3625.050048828125,3640.75,27018,BAJAJ-AUTO,BSE,yfinance,1d
2023-02-28,3640.75,3742.300048828125,3625.85009765625,3660.89990234375,15910,BAJAJ-AUTO,BSE,yfinance,1d
2023-03-01,3660.5,3747.300048828125,3640.949951171875,3722.5,6271,BAJAJ-AUTO,BSE,yfinance,1d
2023-03-02,3739.949951171875,3753.64990234375,3680.60009765625,3715.699951171875,4425,BAJAJ-AUTO,BSE,yfinance,1d
2023-03-03,3715.699951171875,3747.39990234375,3698.0,3733.85009765625,6951,BAJAJ-AUTO,BSE,yfinance,1d
2023-03-06,3692.14990234375,3774.449951171875,3692.14990234375,3723.85009765625,4231,BAJAJ-AUTO,BSE,yfinance,1d
2023-03-08,3705.0,3816.0,3705.0,3810.300048828125,13119,BAJAJ-AUTO,BSE,yfinance,1d
2023-03-09,3783.199951171875,3838.39990234375,3783.199951171875,3814.949951171875,3537,BAJAJ-AUTO,BSE,yfinance,1d
2023-03-10,3811.0,3846.35009765625,3800.0,3822.0,8483,BAJAJ-AUTO,BSE,yfinance,1d
2023-03-13,3781.050048828125,3837.699951171875,3771.0,3778.5,7518,BAJAJ-AUTO,BSE,yfinance,1d
2023-03-14,3762.449951171875,3793.5,3735.800048828125,3753.300048828125,6518,BAJAJ-AUTO,BSE,yfinance,1d
2023-03-15,3765.0,3786.0,3722.050048828125,3727.14990234375,4238,BAJAJ-AUTO,BSE,yfinance,1d
2023-03-16,3705.050048828125,3809.10009765625,3705.050048828125,3799.949951171875,4486,BAJAJ-AUTO,BSE,yfinance,1d
2023-03-17,3806.550048828125,3830.0,3791.35009765625,3820.60009765625,4232,BAJAJ-AUTO,BSE,yfinance,1d
2023-03-20,3780.0,3835.0,3780.0,3801.800048828125,4586,BAJAJ-AUTO,BSE,yfinance,1d
2023-03-21,3800.0,3921.39990234375,3796.050048828125,3906.449951171875,6988,BAJAJ-AUTO,BSE,yfinance,1d
2023-03-22,3939.89990234375,3945.0,3888.199951171875,3922.60009765625,6389,BAJAJ-AUTO,BSE,yfinance,1d
2023-03-23,3873.60009765625,3913.449951171875,3852.449951171875,3861.0,2297,BAJAJ-AUTO,BSE,yfinance,1d
2023-03-24,3853.300048828125,3882.800048828125,3811.699951171875,3825.64990234375,2814,BAJAJ-AUTO,BSE,yfinance,1d
2023-03-27,3812.35009765625,3840.89990234375,3801.0,3806.550048828125,2881,BAJAJ-AUTO,BSE,yfinance,1d
2023-03-28,3838.25,3838.25,3770.0,3792.14990234375,3494,BAJAJ-AUTO,BSE,yfinance,1d
2023-03-29,3801.39990234375,3891.10009765625,3801.39990234375,3879.85009765625,10942,BAJAJ-AUTO,BSE,yfinance,1d
2023-03-31,3801.75,3907.0,3801.75,3883.85009765625,5557,BAJAJ-AUTO,BSE,yfinance,1d
2023-04-03,3933.199951171875,3996.60009765625,3890.300048828125,3993.800048828125,14535,BAJAJ-AUTO,BSE,yfinance,1d
2023-04-05,3993.75,4029.949951171875,3959.35009765625,4024.300048828125,11888,BAJAJ-AUTO,BSE,yfinance,1d
2023-04-06,3945.75,4063.14990234375,3945.75,4032.85009765625,8177,BAJAJ-AUTO,BSE,yfinance,1d
2023-04-10,4030.0,4070.300048828125,4030.0,4062.050048828125,3865,BAJAJ-AUTO,BSE,yfinance,1d
2023-04-11,4070.0,4183.35009765625,4070.0,4177.2001953125,26117,BAJAJ-AUTO,BSE,yfinance,1d
2023-04-12,4171.25,4305.0,4165.25,4285.5498046875,23599,BAJAJ-AUTO,BSE,yfinance,1d
2023-04-13,4240.14990234375,4305.0,4240.14990234375,4288.7998046875,6413,BAJAJ-AUTO,BSE,yfinance,1d
2023-04-17,4298.0,4301.9501953125,4220.0498046875,4248.75,10991,BAJAJ-AUTO,BSE,yfinance,1d
2023-04-18,4225.0498046875,4264.5498046875,4176.64990234375,4210.0,12860,BAJAJ-AUTO,BSE,yfinance,1d
2023-04-19,4212.0,4296.89990234375,4187.10009765625,4264.5,14665,BAJAJ-AUTO,BSE,yfinance,1d
2023-04-20,4268.0,4328.75,4253.75,4314.89990234375,10381,BAJAJ-AUTO,BSE,yfinance,1d
2023-04-21,4329.64990234375,4335.89990234375,4283.5498046875,4309.10009765625,9938,BAJAJ-AUTO,BSE,yfinance,1d
2023-04-24,4280.0498046875,4353.0,4280.0498046875,4335.7001953125,13210,BAJAJ-AUTO,BSE,yfinance,1d
2023-04-25,4300.10009765625,4375.0,4300.10009765625,4343.10009765625,9488,BAJAJ-AUTO,BSE,yfinance,1d
2023-04-26,4368.9501953125,4368.9501953125,4282.7998046875,4294.75,38145,BAJAJ-AUTO,BSE,yfinance,1d
2023-04-27,4300.60009765625,4424.2001953125,4298.35009765625,4407.2998046875,9981,BAJAJ-AUTO,BSE,yfinance,1d
2023-04-28,4370.35009765625,4439.39990234375,4370.35009765625,4429.4501953125,5709,BAJAJ-AUTO,BSE,yfinance,1d
2023-05-02,4430.0498046875,4505.35009765625,4427.85009765625,4499.14990234375,9901,BAJAJ-AUTO,BSE,yfinance,1d
2023-05-03,4430.2001953125,4505.0,4430.2001953125,4445.25,13951,BAJAJ-AUTO,BSE,yfinance,1d
2023-05-04,4450.0,4470.0,4439.25,4458.64990234375,2072,BAJAJ-AUTO,BSE,yfinance,1d
2023-05-05,4460.0,4503.0,4427.2998046875,4459.2998046875,6648,BAJAJ-AUTO,BSE,yfinance,1d
2023-05-08,4445.0498046875,4558.35009765625,4445.0498046875,4540.5498046875,18834,BAJAJ-AUTO,BSE,yfinance,1d
2023-05-09,4586.9501953125,4586.9501953125,4515.2998046875,4521.5,3398,BAJAJ-AUTO,BSE,yfinance,1d
2023-05-10,4522.2998046875,4575.39990234375,4522.2998046875,4551.5,22854,BAJAJ-AUTO,BSE,yfinance,1d
2023-05-11,4594.89990234375,4594.89990234375,4538.0,4545.64990234375,15243,BAJAJ-AUTO,BSE,yfinance,1d
2023-05-12,4513.10009765625,4629.14990234375,4513.10009765625,4539.85009765625,36130,BAJAJ-AUTO,BSE,yfinance,1d
2023-05-15,4550.0498046875,4606.75,4550.0,4566.60009765625,42282,BAJAJ-AUTO,BSE,yfinance,1d
2023-05-16,4570.0,4594.2998046875,4527.4501953125,4535.7998046875,12228,BAJAJ-AUTO,BSE,yfinance,1d
2023-05-17,4535.7998046875,4600.0,4510.89990234375,4530.2001953125,4645,BAJAJ-AUTO,BSE,yfinance,1d
2023-05-18,4507.0498046875,4572.64990234375,4507.0498046875,4517.0498046875,8448,BAJAJ-AUTO,BSE,yfinance,1d
2023-05-19,4515.0498046875,4549.9501953125,4472.0498046875,4481.89990234375,57540,BAJAJ-AUTO,BSE,yfinance,1d
2023-05-22,4450.0,4566.5498046875,4450.0,4522.14990234375,16134,BAJAJ-AUTO,BSE,yfinance,1d
2023-05-23,4523.2998046875,4551.7998046875,4493.39990234375,4499.9501953125,7440,BAJAJ-AUTO,BSE,yfinance,1d
2023-05-24,4474.0498046875,4550.0498046875,4474.0498046875,4519.85009765625,12800,BAJAJ-AUTO,BSE,yfinance,1d
2023-05-25,4514.0,4651.0,4508.25,4643.85009765625,61794,BAJAJ-AUTO,BSE,yfinance,1d
2023-05-26,4606.0498046875,4663.89990234375,4604.2998046875,4611.0,25519,BAJAJ-AUTO,BSE,yfinance,1d
2023-05-29,4624.0498046875,4661.0,4607.64990234375,4617.89990234375,4418,BAJAJ-AUTO,BSE,yfinance,1d
2023-05-30,4610.0,4641.60009765625,4587.2998046875,4592.0,18215,BAJAJ-AUTO,BSE,yfinance,1d
2023-05-31,4511.39990234375,4626.64990234375,4511.39990234375,4563.4501953125,6604,BAJAJ-AUTO,BSE,yfinance,1d
2023-06-01,4526.35009765625,4670.35009765625,4526.35009765625,4641.14990234375,14213,BAJAJ-AUTO,BSE,yfinance,1d
2023-06-02,4651.0,4707.25,4649.0498046875,4666.7001953125,22372,BAJAJ-AUTO,BSE,yfinance,1d
2023-06-05,4666.75,4717.0,4666.75,4710.7998046875,6625,BAJAJ-AUTO,BSE,yfinance,1d
2023-06-06,4700.0,4742.60009765625,4700.0,4726.5,7780,BAJAJ-AUTO,BSE,yfinance,1d
2023-06-07,4727.0,4786.4501953125,4727.0,4781.0498046875,10284,BAJAJ-AUTO,BSE,yfinance,1d
2023-06-08,4790.0,4828.7998046875,4776.25,4801.0,10683,BAJAJ-AUTO,BSE,yfinance,1d
2023-06-09,4822.9501953125,4822.9501953125,4735.5,4743.60009765625,8854,BAJAJ-AUTO,BSE,yfinance,1d
2023-06-12,4728.0,4786.5498046875,4728.0,4766.7001953125,4204,BAJAJ-AUTO,BSE,yfinance,1d
2023-06-13,4745.2001953125,4793.89990234375,4745.2001953125,4755.7998046875,11748,BAJAJ-AUTO,BSE,yfinance,1d
2023-06-14,4770.0,4770.0,4711.5,4730.60009765625,3831,BAJAJ-AUTO,BSE,yfinance,1d
2023-06-15,4730.60009765625,4761.89990234375,4700.0,4712.14990234375,6268,BAJAJ-AUTO,BSE,yfinance,1d
2023-06-16,4665.0498046875,4711.0,4623.0,4642.75,7124,BAJAJ-AUTO,BSE,yfinance,1d
2023-06-19,4641.89990234375,4648.7001953125,4586.2001953125,4596.89990234375,9311,BAJAJ-AUTO,BSE,yfinance,1d
2023-06-20,4575.0498046875,4670.7998046875,4570.7001953125,4659.89990234375,6467,BAJAJ-AUTO,BSE,yfinance,1d
2023-06-21,4662.0498046875,4703.85009765625,4636.0498046875,4646.60009765625,5421,BAJAJ-AUTO,BSE,yfinance,1d
2023-06-22,4689.39990234375,4689.39990234375,4602.7001953125,4611.7998046875,2714,BAJAJ-AUTO,BSE,yfinance,1d
2023-06-23,4626.5498046875,4653.7001953125,4607.5,4619.2001953125,24379,BAJAJ-AUTO,BSE,yfinance,1d
2023-06-26,4684.9501953125,4684.9501953125,4599.14990234375,4604.25,18287,BAJAJ-AUTO,BSE,yfinance,1d
2023-06-27,4649.9501953125,4678.7998046875,4611.4501953125,4618.39990234375,21260,BAJAJ-AUTO,BSE,yfinance,1d
2023-06-28,4659.9501953125,4740.0,4620.10009765625,4710.0498046875,22189,BAJAJ-AUTO,BSE,yfinance,1d
2023-06-30,4646.9501953125,4735.2998046875,4631.60009765625,4692.2001953125,15645,BAJAJ-AUTO,BSE,yfinance,1d
2023-07-03,4685.60009765625,4685.64990234375,4589.0,4610.7001953125,28695,BAJAJ-AUTO,BSE,yfinance,1d
2023-07-04,4582.0498046875,4672.0,4582.0498046875,4621.5,32944,BAJAJ-AUTO,BSE,yfinance,1d
2023-07-05,4640.0,4902.5,4633.39990234375,4888.64990234375,19755,BAJAJ-AUTO,BSE,yfinance,1d
2023-07-06,4890.89990234375,4936.7001953125,4831.4501953125,4917.39990234375,33060,BAJAJ-AUTO,BSE,yfinance,1d
2023-07-07,4850.0498046875,4910.0,4824.35009765625,4829.10009765625,6378,BAJAJ-AUTO,BSE,yfinance,1d
2023-07-10,4834.0,4950.0,4834.0,4900.2001953125,18913,BAJAJ-AUTO,BSE,yfinance,1d
2023-07-11,4925.0,4952.0,4906.0,4915.64990234375,8773,BAJAJ-AUTO,BSE,yfinance,1d
2023-07-12,4903.10009765625,4935.0,4870.0,4878.14990234375,3433,BAJAJ-AUTO,BSE,yfinance,1d
2023-07-13,4894.0,4988.5498046875,4848.4501953125,4865.5498046875,6567,BAJAJ-AUTO,BSE,yfinance,1d
2023-07-14,4938.9501953125,4938.9501953125,4852.60009765625,4858.89990234375,39898,BAJAJ-AUTO,BSE,yfinance,1d
2023-07-17,4875.0,4904.9501953125,4820.7998046875,4830.60009765625,5054,BAJAJ-AUTO,BSE,yfinance,1d
2023-07-18,4882.9501953125,4898.39990234375,4829.75,4856.39990234375,20993,BAJAJ-AUTO,BSE,yfinance,1d
2023-07-19,4848.7998046875,4902.2001953125,4820.0,4821.9501953125,23603,BAJAJ-AUTO,BSE,yfinance,1d
2023-07-20,4857.9501953125,4889.7998046875,4783.89990234375,4866.75,32454,BAJAJ-AUTO,BSE,yfinance,1d
2023-07-21,4800.14990234375,4875.89990234375,4800.14990234375,4862.60009765625,29554,BAJAJ-AUTO,BSE,yfinance,1d
2023-07-24,4854.0,4919.0498046875,4853.25,4883.0498046875,10374,BAJAJ-AUTO,BSE,yfinance,1d
2023-07-25,4870.0498046875,4909.0498046875,4778.10009765625,4843.25,39783,BAJAJ-AUTO,BSE,yfinance,1d
2023-07-26,4874.0,4900.35009765625,4842.7001953125,4871.64990234375,7428,BAJAJ-AUTO,BSE,yfinance,1d
2023-07-27,4875.0498046875,4905.0,4823.2998046875,4850.75,12253,BAJAJ-AUTO,BSE,yfinance,1d
2023-07-28,4850.0498046875,4901.89990234375,4835.0,4895.0498046875,4606,BAJAJ-AUTO,BSE,yfinance,1d
2023-07-31,4894.0,4936.75,4867.25,4931.5498046875,7221,BAJAJ-AUTO,BSE,yfinance,1d
2023-08-01,4870.0498046875,4978.0,4870.0498046875,4922.25,28096,BAJAJ-AUTO,BSE,yfinance,1d
2023-08-02,4949.5,4949.5,4822.0,4829.5498046875,7171,BAJAJ-AUTO,BSE,yfinance,1d
2023-08-03,4840.7001953125,4910.0,4806.9501953125,4826.9501953125,12832,BAJAJ-AUTO,BSE,yfinance,1d
2023-08-04,4863.25,4863.25,4700.0498046875,4709.2001953125,15282,BAJAJ-AUTO,BSE,yfinance,1d
2023-08-07,4712.0498046875,4731.0,4665.0,4669.9501953125,42918,BAJAJ-AUTO,BSE,yfinance,1d
2023-08-08,4744.0498046875,4744.0498046875,4638.0,4648.2998046875,5469,BAJAJ-AUTO,BSE,yfinance,1d
2023-08-09,4612.35009765625,4680.85009765625,4612.35009765625,4664.35009765625,13310,BAJAJ-AUTO,BSE,yfinance,1d
2023-08-10,4700.0,4709.14990234375,4629.35009765625,4637.14990234375,3189,BAJAJ-AUTO,BSE,yfinance,1d
2023-08-11,4674.10009765625,4674.10009765625,4578.39990234375,4596.4501953125,4919,BAJAJ-AUTO,BSE,yfinance,1d
2023-08-14,4598.9501953125,4630.75,4544.0,4614.75,2887,BAJAJ-AUTO,BSE,yfinance,1d
2023-08-16,4616.14990234375,4616.14990234375,4560.10009765625,4596.10009765625,2652,BAJAJ-AUTO,BSE,yfinance,1d
2023-08-17,4591.7001953125,4669.60009765625,4584.14990234375,4657.14990234375,2313,BAJAJ-AUTO,BSE,yfinance,1d
2023-08-18,4617.10009765625,4638.7998046875,4595.10009765625,4613.75,3315,BAJAJ-AUTO,BSE,yfinance,1d
2023-08-21,4682.25,4682.25,4592.60009765625,4609.7998046875,2169,BAJAJ-AUTO,BSE,yfinance,1d
2023-08-22,4610.10009765625,4638.5498046875,4598.89990234375,4627.35009765625,2020,BAJAJ-AUTO,BSE,yfinance,1d
2023-08-23,4627.35009765625,4666.89990234375,4620.89990234375,4658.25,51949,BAJAJ-AUTO,BSE,yfinance,1d
2023-08-24,4658.2998046875,4726.0,4593.64990234375,4624.2998046875,4669,BAJAJ-AUTO,BSE,yfinance,1d
2023-08-25,4614.35009765625,4644.89990234375,4569.10009765625,4588.60009765625,25798,BAJAJ-AUTO,BSE,yfinance,1d
2023-08-28,4643.85009765625,4643.85009765625,4585.35009765625,4599.25,39051,BAJAJ-AUTO,BSE,yfinance,1d
2023-08-29,4648.9501953125,4674.9501953125,4603.2001953125,4663.75,74056,BAJAJ-AUTO,BSE,yfinance,1d
2023-08-30,4680.0,4719.5,4662.0498046875,4677.85009765625,27404,BAJAJ-AUTO,BSE,yfinance,1d
2023-08-31,4630.39990234375,4703.75,4600.0498046875,4613.0498046875,4835,BAJAJ-AUTO,BSE,yfinance,1d
2023-09-01,4613.2998046875,4699.75,4613.2998046875,4662.64990234375,26922,BAJAJ-AUTO,BSE,yfinance,1d
2023-09-04,4721.0498046875,4721.0498046875,4623.10009765625,4636.2001953125,8377,BAJAJ-AUTO,BSE,yfinance,1d
2023-09-05,4624.85009765625,4736.64990234375,4624.85009765625,4703.14990234375,117185,BAJAJ-AUTO,BSE,yfinance,1d
2023-09-06,4703.14990234375,4710.0,4666.2001953125,4677.2001953125,20083,BAJAJ-AUTO,BSE,yfinance,1d
2023-09-07,4665.0498046875,4725.0,4657.5,4715.75,2284,BAJAJ-AUTO,BSE,yfinance,1d
2023-09-08,4725.0,4782.0,4705.0,4760.0,4576,BAJAJ-AUTO,BSE,yfinance,1d
2023-09-11,4760.0,4810.0,4760.0,4804.7998046875,7081,BAJAJ-AUTO,BSE,yfinance,1d
2023-09-12,4839.0,4860.0,4762.2998046875,4819.35009765625,5388,BAJAJ-AUTO,BSE,yfinance,1d
2023-09-13,4817.7998046875,4845.75,4801.0498046875,4808.0498046875,2180,BAJAJ-AUTO,BSE,yfinance,1d
2023-09-14,4766.10009765625,4860.2998046875,4766.10009765625,4842.14990234375,2845,BAJAJ-AUTO,BSE,yfinance,1d
2023-09-15,4864.0,5148.35009765625,4864.0,5132.10009765625,35646,BAJAJ-AUTO,BSE,yfinance,1d
2023-09-18,5129.0,5272.2001953125,5092.39990234375,5177.14990234375,51151,BAJAJ-AUTO,BSE,yfinance,1d
2023-09-20,5177.14990234375,5262.0,5163.14990234375,5186.64990234375,20177,BAJAJ-AUTO,BSE,yfinance,1d
2023-09-21,5151.4501953125,5183.7998046875,5070.7001953125,5085.25,36852,BAJAJ-AUTO,BSE,yfinance,1d
2023-09-22,5025.0498046875,5080.0,4995.10009765625,5000.0498046875,7290,BAJAJ-AUTO,BSE,yfinance,1d
2023-09-25,5001.0,5060.0,4995.35009765625,5003.89990234375,8367,BAJAJ-AUTO,BSE,yfinance,1d
2023-09-26,5003.0,5101.14990234375,5002.85009765625,5067.89990234375,45821,BAJAJ-AUTO,BSE,yfinance,1d
2023-09-27,5050.0,5067.75,5018.9501953125,5031.60009765625,32062,BAJAJ-AUTO,BSE,yfinance,1d
2023-09-28,5045.0,5124.14990234375,4984.7998046875,5006.2998046875,5477,BAJAJ-AUTO,BSE,yfinance,1d
2023-09-29,4985.0498046875,5082.7001953125,4985.0498046875,5062.4501953125,2916,BAJAJ-AUTO,BSE,yfinance,1d
2023-10-03,5062.0,5073.0498046875,4997.4501953125,5005.7001953125,10289,BAJAJ-AUTO,BSE,yfinance,1d
2023-10-04,5077.7001953125,5077.7001953125,4902.7998046875,4911.35009765625,4234,BAJAJ-AUTO,BSE,yfinance,1d
2023-10-05,4971.39990234375,5039.25,4925.0,5000.60009765625,2978,BAJAJ-AUTO,BSE,yfinance,1d
2023-10-06,5050.0,5117.89990234375,5000.60009765625,5018.25,6768,BAJAJ-AUTO,BSE,yfinance,1d
2023-10-09,5018.2001953125,5066.0,4971.25,5005.2998046875,17304,BAJAJ-AUTO,BSE,yfinance,1d
2023-10-10,4951.0498046875,5062.35009765625,4951.0498046875,5037.2001953125,34069,BAJAJ-AUTO,BSE,yfinance,1d
2023-10-11,5050.0498046875,5092.0,5047.7001953125,5063.4501953125,2388,BAJAJ-AUTO,BSE,yfinance,1d
2023-10-12,5119.85009765625,5150.0,5053.89990234375,5107.85009765625,4920,BAJAJ-AUTO,BSE,yfinance,1d
2023-10-13,5106.9501953125,5124.7998046875,5044.35009765625,5053.0498046875,3710,BAJAJ-AUTO,BSE,yfinance,1d
2023-10-16,5053.0,5099.0,5037.0,5077.75,4789,BAJAJ-AUTO,BSE,yfinance,1d
2023-10-17,5098.9501953125,5149.9501953125,5067.10009765625,5140.60009765625,29258,BAJAJ-AUTO,BSE,yfinance,1d
2023-10-18,5140.64990234375,5198.7998046875,5125.25,5143.7998046875,66774,BAJAJ-AUTO,BSE,yfinance,1d
2023-10-19,5268.89990234375,5496.85009765625,5244.10009765625,5483.89990234375,98936,BAJAJ-AUTO,BSE,yfinance,1d
2023-10-20,5440.0,5514.64990234375,5435.0,5488.10009765625,18322,BAJAJ-AUTO,BSE,yfinance,1d
2023-10-23,5480.0,5491.0,5395.64990234375,5406.89990234375,27836,BAJAJ-AUTO,BSE,yfinance,1d
2023-10-25,5380.0,5421.0,5335.0,5347.14990234375,5804,BAJAJ-AUTO,BSE,yfinance,1d
2023-10-26,5335.0,5345.0,5238.0498046875,5263.75,5207,BAJAJ-AUTO,BSE,yfinance,1d
2023-10-27,5260.0,5424.25,5260.0,5373.7001953125,65519,BAJAJ-AUTO,BSE,yfinance,1d
2023-10-30,5377.85009765625,5396.0498046875,5277.0,5304.0498046875,89917,BAJAJ-AUTO,BSE,yfinance,1d
2023-10-31,5396.9501953125,5396.9501953125,5295.89990234375,5314.35009765625,26214,BAJAJ-AUTO,BSE,yfinance,1d
2023-11-01,5286.0,5446.75,5286.0,5342.2998046875,9221,BAJAJ-AUTO,BSE,yfinance,1d
2023-11-02,5384.9501953125,5391.85009765625,5288.0,5315.5498046875,4085,BAJAJ-AUTO,BSE,yfinance,1d
2023-11-03,5370.60009765625,5377.4501953125,5320.0,5359.14990234375,2840,BAJAJ-AUTO,BSE,yfinance,1d
2023-11-06,5394.9501953125,5428.0,5385.0,5398.89990234375,4621,BAJAJ-AUTO,BSE,yfinance,1d
2023-11-07,5403.0,5444.7998046875,5403.0,5419.2998046875,1445,BAJAJ-AUTO,BSE,yfinance,1d
2023-11-08,5439.9501953125,5440.0,5385.0,5398.2001953125,2173,BAJAJ-AUTO,BSE,yfinance,1d
2023-11-09,5398.2001953125,5454.85009765625,5385.2001953125,5419.75,2967,BAJAJ-AUTO,BSE,yfinance,1d
2023-11-10,5434.9501953125,5434.9501953125,5350.0,5391.60009765625,2731,BAJAJ-AUTO,BSE,yfinance,1d
2023-11-13,5422.2998046875,5434.10009765625,5398.89990234375,5422.2998046875,890,BAJAJ-AUTO,BSE,yfinance,1d
2023-11-15,5500.0,5551.0498046875,5462.0,5536.85009765625,3111,BAJAJ-AUTO,BSE,yfinance,1d
2023-11-16,5515.0,5582.2998046875,5496.10009765625,5550.35009765625,5675,BAJAJ-AUTO,BSE,yfinance,1d
2023-11-17,5473.0498046875,5676.25,5473.0498046875,5629.7998046875,5631,BAJAJ-AUTO,BSE,yfinance,1d
2023-11-20,5653.35009765625,5672.25,5610.0498046875,5651.0498046875,2303,BAJAJ-AUTO,BSE,yfinance,1d
2023-11-21,5651.0498046875,5704.85009765625,5650.10009765625,5685.0,10035,BAJAJ-AUTO,BSE,yfinance,1d
2023-11-22,5690.0,5767.0,5669.9501953125,5755.39990234375,6364,BAJAJ-AUTO,BSE,yfinance,1d
2023-11-23,5800.0,5945.7998046875,5796.64990234375,5921.85009765625,26947,BAJAJ-AUTO,BSE,yfinance,1d
2023-11-24,5927.14990234375,5958.89990234375,5851.4501953125,5929.7998046875,12822,BAJAJ-AUTO,BSE,yfinance,1d
2023-11-28,5988.9501953125,6030.89990234375,5915.89990234375,6002.60009765625,4221,BAJAJ-AUTO,BSE,yfinance,1d
2023-11-29,6009.9501953125,6094.9501953125,5974.2001953125,6065.0498046875,7529,BAJAJ-AUTO,BSE,yfinance,1d
2023-11-30,6095.0,6128.89990234375,6035.10009765625,6089.60009765625,6800,BAJAJ-AUTO,BSE,yfinance,1d
2023-12-01,6089.60009765625,6089.60009765625,6005.10009765625,6046.60009765625,8686,BAJAJ-AUTO,BSE,yfinance,1d
2023-12-04,6129.89990234375,6218.39990234375,6085.25,6199.5,9226,BAJAJ-AUTO,BSE,yfinance,1d
2023-12-05,6199.5,6199.5,6112.2998046875,6139.0,4614,BAJAJ-AUTO,BSE,yfinance,1d
2023-12-06,6099.89990234375,6099.89990234375,5990.0498046875,6070.89990234375,14352,BAJAJ-AUTO,BSE,yfinance,1d
2023-12-07,6085.0,6151.0,6061.2001953125,6092.5498046875,9363,BAJAJ-AUTO,BSE,yfinance,1d
2023-12-08,6092.7998046875,6119.85009765625,6048.2001953125,6073.35009765625,2939,BAJAJ-AUTO,BSE,yfinance,1d
2023-12-11,6080.2998046875,6149.5,6019.7998046875,6144.60009765625,4368,BAJAJ-AUTO,BSE,yfinance,1d
2023-12-12,6165.0,6299.39990234375,6152.75,6254.39990234375,37316,BAJAJ-AUTO,BSE,yfinance,1d
2023-12-13,6281.89990234375,6328.14990234375,6227.0,6318.7998046875,8132,BAJAJ-AUTO,BSE,yfinance,1d
2023-12-14,6343.2998046875,6360.0,6284.4501953125,6337.14990234375,55898,BAJAJ-AUTO,BSE,yfinance,1d
2023-12-15,6340.10009765625,6400.0,6255.2998046875,6269.89990234375,6121,BAJAJ-AUTO,BSE,yfinance,1d
2023-12-18,6270.10009765625,6485.10009765625,6270.10009765625,6450.2001953125,12058,BAJAJ-AUTO,BSE,yfinance,1d
2023-12-19,6470.0498046875,6470.0498046875,6396.0498046875,6422.25,2997,BAJAJ-AUTO,BSE,yfinance,1d
2023-12-20,6447.60009765625,6463.9501953125,6351.0,6362.64990234375,5454,BAJAJ-AUTO,BSE,yfinance,1d
2023-12-21,6270.35009765625,6344.9501953125,6232.35009765625,6246.60009765625,6663,BAJAJ-AUTO,BSE,yfinance,1d
2023-12-22,6271.0,6385.0,6270.64990234375,6365.7998046875,10309,BAJAJ-AUTO,BSE,yfinance,1d
2023-12-26,6372.39990234375,6478.7998046875,6370.0498046875,6463.64990234375,5731,BAJAJ-AUTO,BSE,yfinance,1d
2023-12-27,6475.0,6737.7001953125,6470.14990234375,6718.0,16764,BAJAJ-AUTO,BSE,yfinance,1d
2023-12-28,6717.85009765625,6737.7001953125,6663.2998046875,6699.89990234375,9926,BAJAJ-AUTO,BSE,yfinance,1d
2023-12-29,6700.0,6832.75,6668.0498046875,6801.0,9158,BAJAJ-AUTO,BSE,yfinance,1d
2024-01-01,6821.85009765625,6821.85009765625,6686.0,6700.5498046875,8356,BAJAJ-AUTO,BSE,yfinance,1d
2024-01-02,6757.9501953125,6757.9501953125,6560.0498046875,6662.5,6462,BAJAJ-AUTO,BSE,yfinance,1d
2024-01-03,6664.0498046875,7059.75,6603.25,6989.39990234375,27403,BAJAJ-AUTO,BSE,yfinance,1d
2024-01-04,7001.14990234375,7015.14990234375,6886.85009765625,6918.5498046875,15892,BAJAJ-AUTO,BSE,yfinance,1d
2024-01-05,6968.7001953125,7088.0,6922.2001953125,6968.14990234375,12550,BAJAJ-AUTO,BSE,yfinance,1d
2024-01-08,7049.85009765625,7049.85009765625,6975.5,6985.7001953125,12788,BAJAJ-AUTO,BSE,yfinance,1d
2024-01-09,7420.0,7420.0,7080.0,7093.75,88534,BAJAJ-AUTO,BSE,yfinance,1d
2024-01-10,7138.64990234375,7138.64990234375,7020.0,7053.0498046875,25677,BAJAJ-AUTO,BSE,yfinance,1d
2024-01-11,7098.9501953125,7320.0,7076.0498046875,7294.5,31486,BAJAJ-AUTO,BSE,yfinance,1d
2024-01-12,7374.9501953125,7374.9501953125,7252.64990234375,7300.2001953125,20856,BAJAJ-AUTO,BSE,yfinance,1d
2024-01-15,7377.85009765625,7419.64990234375,7305.39990234375,7333.25,20825,BAJAJ-AUTO,BSE,yfinance,1d
2024-01-16,7346.85009765625,7352.64990234375,7242.25,7294.0498046875,15754,BAJAJ-AUTO,BSE,yfinance,1d
2024-01-17,7099.85009765625,7209.0,7082.0,7165.35009765625,31708,BAJAJ-AUTO,BSE,yfinance,1d
2024-01-18,7159.85009765625,7187.4501953125,7073.0,7083.14990234375,10242,BAJAJ-AUTO,BSE,yfinance,1d
2024-01-19,7159.7998046875,7180.0,7108.75,7136.25,6162,BAJAJ-AUTO,BSE,yfinance,1d
2024-01-23,7066.0,7210.0,6946.89990234375,7090.60009765625,52414,BAJAJ-AUTO,BSE,yfinance,1d
2024-01-24,7083.7998046875,7237.25,7033.25,7211.39990234375,12021,BAJAJ-AUTO,BSE,yfinance,1d
2024-01-25,7374.9501953125,7625.0,7209.2001953125,7596.85009765625,74481,BAJAJ-AUTO,BSE,yfinance,1d
2024-01-29,7600.0,7639.5,7475.0498046875,7549.10009765625,13617,BAJAJ-AUTO,BSE,yfinance,1d
2024-01-30,7589.85009765625,7668.75,7542.4501953125,7566.5,18287,BAJAJ-AUTO,BSE,yfinance,1d
2024-01-31,7566.5,7682.14990234375,7507.25,7663.5498046875,14914,BAJAJ-AUTO,BSE,yfinance,1d
2024-02-01,7689.25,7764.7998046875,7643.75,7653.85009765625,10722,BAJAJ-AUTO,BSE,yfinance,1d
2024-02-02,7656.4501953125,7799.5,7656.4501953125,7736.7998046875,7346,BAJAJ-AUTO,BSE,yfinance,1d
2024-02-05,7750.0,7833.64990234375,7635.39990234375,7660.10009765625,7963,BAJAJ-AUTO,BSE,yfinance,1d
2024-02-06,7684.2998046875,7745.0,7670.35009765625,7716.85009765625,7823,BAJAJ-AUTO,BSE,yfinance,1d
2024-02-07,7722.0498046875,7774.14990234375,7666.35009765625,7701.7998046875,3879,BAJAJ-AUTO,BSE,yfinance,1d
2024-02-08,7723.89990234375,7786.0,7670.0,7759.89990234375,5552,BAJAJ-AUTO,BSE,yfinance,1d
2024-02-09,7770.0498046875,7790.0,7666.25,7782.5498046875,9960,BAJAJ-AUTO,BSE,yfinance,1d
2024-02-12,7782.5498046875,7874.9501953125,7768.2001953125,7823.64990234375,6322,BAJAJ-AUTO,BSE,yfinance,1d
2024-02-13,7830.0,7938.35009765625,7809.25,7916.75,7334,BAJAJ-AUTO,BSE,yfinance,1d
2024-02-14,7895.0,8134.9501953125,7880.0,8088.10009765625,10346,BAJAJ-AUTO,BSE,yfinance,1d
2024-02-15,8090.14990234375,8159.60009765625,8044.5,8120.60009765625,10049,BAJAJ-AUTO,BSE,yfinance,1d
2024-02-16,8172.0,8454.0,8140.14990234375,8325.7998046875,22648,BAJAJ-AUTO,BSE,yfinance,1d
2024-02-19,8438.150390625,8650.0,8365.0,8510.5,37199,BAJAJ-AUTO,BSE,yfinance,1d
2024-02-20,8519.7998046875,8519.7998046875,8241.0498046875,8292.5498046875,22740,BAJAJ-AUTO,BSE,yfinance,1d
2024-02-21,8310.0,8385.9501953125,8205.0,8229.0,16975,BAJAJ-AUTO,BSE,yfinance,1d
2024-02-22,8258.7001953125,8541.0,8221.0498046875,8505.2998046875,11795,BAJAJ-AUTO,BSE,yfinance,1d
2024-02-23,8529.0498046875,8534.599609375,8402.0,8430.0498046875,15333,BAJAJ-AUTO,BSE,yfinance,1d
2024-02-26,8465.0,8542.0,8380.0,8447.400390625,7936,BAJAJ-AUTO,BSE,yfinance,1d
2024-02-27,8496.7998046875,8496.7998046875,8380.4501953125,8462.400390625,7986,BAJAJ-AUTO,BSE,yfinance,1d
2024-02-28,8478.9501953125,8482.099609375,8070.0,8173.4501953125,17624,BAJAJ-AUTO,BSE,yfinance,1d
2024-02-29,8049.9501953125,8140.0,7892.0,7910.7998046875,14435,BAJAJ-AUTO,BSE,yfinance,1d
2024-03-01,7959.0,8090.0,7959.0,8039.0,9537,BAJAJ-AUTO,BSE,yfinance,1d
2024-03-04,8064.25,8224.25,8064.14990234375,8205.150390625,14270,BAJAJ-AUTO,BSE,yfinance,1d
2024-03-05,8179.35009765625,8386.650390625,8165.5498046875,8351.7998046875,8739,BAJAJ-AUTO,BSE,yfinance,1d
2024-03-06,8353.25,8684.0,8353.25,8590.900390625,37896,BAJAJ-AUTO,BSE,yfinance,1d
2024-03-07,8638.0,8970.0,8503.150390625,8878.650390625,35189,BAJAJ-AUTO,BSE,yfinance,1d
2024-03-11,8980.5,9019.9501953125,8638.599609375,8667.2001953125,10789,BAJAJ-AUTO,BSE,yfinance,1d
2024-03-12,8649.599609375,8699.0,8473.5,8527.0498046875,15089,BAJAJ-AUTO,BSE,yfinance,1d
2024-03-13,8515.4501953125,8616.0,8299.150390625,8380.0498046875,9457,BAJAJ-AUTO,BSE,yfinance,1d
2024-03-14,8230.0498046875,8402.2998046875,8204.900390625,8380.7001953125,6674,BAJAJ-AUTO,BSE,yfinance,1d
2024-03-18,8349.9501953125,8543.099609375,8298.2001953125,8518.849609375,8768,BAJAJ-AUTO,BSE,yfinance,1d
2024-03-19,8529.150390625,8684.2001953125,8450.0,8654.150390625,34327,BAJAJ-AUTO,BSE,yfinance,1d
2024-03-20,8649.9501953125,8781.849609375,8593.5498046875,8631.650390625,24981,BAJAJ-AUTO,BSE,yfinance,1d
2024-03-21,8618.349609375,8766.0,8586.0,8751.099609375,12920,BAJAJ-AUTO,BSE,yfinance,1d
2024-03-22,8690.0,9050.5,8679.9501953125,8935.599609375,35912,BAJAJ-AUTO,BSE,yfinance,1d
2024-03-26,8936.150390625,9015.400390625,8847.9501953125,8963.0,21835,BAJAJ-AUTO,BSE,yfinance,1d
2024-03-27,8963.0,9284.650390625,8925.0,9171.400390625,23660,BAJAJ-AUTO,BSE,yfinance,1d
2024-03-28,9204.650390625,9240.0,8985.2001953125,9144.900390625,22721,BAJAJ-AUTO,BSE,yfinance,1d
2024-04-01,9173.7001953125,9215.099609375,9012.7001953125,9041.0498046875,12957,BAJAJ-AUTO,BSE,yfinance,1d
2024-04-02,9144.4501953125,9356.0,9144.0,9276.650390625,29497,BAJAJ-AUTO,BSE,yfinance,1d
2024-04-03,9264.9501953125,9264.9501953125,9065.5498046875,9079.150390625,12090,BAJAJ-AUTO,BSE,yfinance,1d
2024-04-04,9103.0,9179.150390625,8986.2001953125,9142.25,13360,BAJAJ-AUTO,BSE,yfinance,1d
2024-04-05,9142.25,9142.25,9000.0498046875,9008.650390625,6747,BAJAJ-AUTO,BSE,yfinance,1d
2024-04-08,9015.0498046875,9087.0,8952.25,9028.400390625,7611,BAJAJ-AUTO,BSE,yfinance,1d
2024-04-09,9045.650390625,9130.4501953125,8940.0,8977.650390625,5078,BAJAJ-AUTO,BSE,yfinance,1d
2024-04-10,9025.599609375,9048.099609375,8905.0,9005.849609375,5217,BAJAJ-AUTO,BSE,yfinance,1d
2024-04-12,8989.400390625,9117.7001953125,8929.0498046875,9070.7001953125,7211,BAJAJ-AUTO,BSE,yfinance,1d
2024-04-15,8700.0498046875,9174.9501953125,8700.0498046875,8995.7998046875,14248,BAJAJ-AUTO,BSE,yfinance,1d
2024-04-16,8951.0,9026.2998046875,8787.0,8918.7001953125,7000,BAJAJ-AUTO,BSE,yfinance,1d
2024-04-18,8979.349609375,9125.0,8955.0498046875,9017.75,14547,BAJAJ-AUTO,BSE,yfinance,1d
2024-04-19,9094.5,9094.5,8700.0498046875,8795.4501953125,42951,BAJAJ-AUTO,BSE,yfinance,1d
2024-04-22,8910.5498046875,8910.5498046875,8748.0498046875,8792.599609375,12831,BAJAJ-AUTO,BSE,yfinance,1d
2024-04-23,8874.2998046875,8874.2998046875,8760.0,8792.75,8389,BAJAJ-AUTO,BSE,yfinance,1d
2024-04-24,8821.0498046875,8870.0,8663.650390625,8682.900390625,8408,BAJAJ-AUTO,BSE,yfinance,1d
2024-04-25,8691.7001953125,8768.349609375,8643.099609375,8738.650390625,10108,BAJAJ-AUTO,BSE,yfinance,1d
2024-04-26,8730.400390625,8989.0,8730.400390625,8965.5,25029,BAJAJ-AUTO,BSE,yfinance,1d
2024-04-29,8965.9501953125,8992.2001953125,8734.849609375,8759.7998046875,7763,BAJAJ-AUTO,BSE,yfinance,1d
2024-04-30,8808.75,8964.599609375,8800.0,8907.75,8009,BAJAJ-AUTO,BSE,yfinance,1d
2024-05-02,8934.9501953125,9142.0,8823.75,9103.7998046875,26872,BAJAJ-AUTO,BSE,yfinance,1d
2024-05-03,9115.849609375,9252.5,9080.0,9098.75,12391,BAJAJ-AUTO,BSE,yfinance,1d
2024-05-06,9199.9501953125,9199.9501953125,8813.0498046875,9048.650390625,7281,BAJAJ-AUTO,BSE,yfinance,1d
2024-05-07,9064.650390625,9085.0,8641.5498046875,8678.599609375,8805,BAJAJ-AUTO,BSE,yfinance,1d
2024-05-08,8674.849609375,8780.0,8591.2998046875,8750.7001953125,11254,BAJAJ-AUTO,BSE,yfinance,1d
2024-05-09,8760.0498046875,9000.0,8760.0498046875,8845.25,18340,BAJAJ-AUTO,BSE,yfinance,1d
2024-05-10,8929.099609375,9045.0,8902.7001953125,8983.150390625,10847,BAJAJ-AUTO,BSE,yfinance,1d
2024-05-13,9000.5,9020.0,8867.0498046875,8993.849609375,7746,BAJAJ-AUTO,BSE,yfinance,1d
2024-05-14,8960.5498046875,9089.099609375,8888.0,9068.099609375,7623,BAJAJ-AUTO,BSE,yfinance,1d
2024-05-15,9068.75,9120.0,8880.0,8903.0,7841,BAJAJ-AUTO,BSE,yfinance,1d
2024-05-16,8989.9501953125,8989.9501953125,8712.0,8874.849609375,7714,BAJAJ-AUTO,BSE,yfinance,1d
2024-05-17,8881.150390625,8951.25,8766.0,8779.400390625,8677,BAJAJ-AUTO,BSE,yfinance,1d
2024-05-21,8810.0,8859.0,8780.0,8818.75,3546,BAJAJ-AUTO,BSE,yfinance,1d
2024-05-22,8821.0498046875,8843.4501953125,8737.2998046875,8804.7998046875,2774,BAJAJ-AUTO,BSE,yfinance,1d
2024-05-23,8826.849609375,8984.849609375,8759.5498046875,8967.400390625,5733,BAJAJ-AUTO,BSE,yfinance,1d
2024-05-24,8970.150390625,9020.900390625,8870.650390625,8951.599609375,21637,BAJAJ-AUTO,BSE,yfinance,1d
2024-05-27,8981.400390625,9067.0,8888.0,9000.099609375,11643,BAJAJ-AUTO,BSE,yfinance,1d
2024-05-28,9000.099609375,9015.0,8919.5498046875,8986.099609375,5254,BAJAJ-AUTO,BSE,yfinance,1d
2024-05-29,8900.400390625,9135.0,8900.400390625,9066.7001953125,6400,BAJAJ-AUTO,BSE,yfinance,1d
2024-05-30,9072.0,9145.7998046875,8935.0498046875,8967.150390625,5016,BAJAJ-AUTO,BSE,yfinance,1d
2024-05-31,8981.650390625,9127.0498046875,8925.0,9082.4501953125,3509,BAJAJ-AUTO,BSE,yfinance,1d
2024-06-03,9175.0,9440.0,9135.0498046875,9332.400390625,20215,BAJAJ-AUTO,BSE,yfinance,1d
2024-06-04,9300.9501953125,9370.349609375,8805.9501953125,9265.650390625,17633,BAJAJ-AUTO,BSE,yfinance,1d
2024-06-05,9188.75,9675.0498046875,9180.0,9600.400390625,20591,BAJAJ-AUTO,BSE,yfinance,1d
2024-06-06,9659.0,9739.0,9456.0498046875,9701.900390625,6915,BAJAJ-AUTO,BSE,yfinance,1d
2024-06-07,9685.0,9738.2998046875,9606.4501953125,9723.2001953125,8655,BAJAJ-AUTO,BSE,yfinance,1d
2024-06-10,9750.25,9926.2001953125,9685.2998046875,9728.4501953125,5361,BAJAJ-AUTO,BSE,yfinance,1d
2024-06-11,9749.9501953125,9897.150390625,9701.0498046875,9811.150390625,5722,BAJAJ-AUTO,BSE,yfinance,1d
2024-06-12,9889.4501953125,9944.9501953125,9798.849609375,9903.349609375,6225,BAJAJ-AUTO,BSE,yfinance,1d
2024-06-13,9937.650390625,9941.75,9825.0,9921.75,5561,BAJAJ-AUTO,BSE,yfinance,1d
2024-06-14,9850.9501953125,9990.5,9818.25,9959.099609375,10523,BAJAJ-AUTO,BSE,yfinance,1d
2024-06-18,9943.0,10037.2998046875,9906.599609375,9917.349609375,4755,BAJAJ-AUTO,BSE,yfinance,1d
2024-06-19,9925.0,9944.5498046875,9671.099609375,9687.75,5360,BAJAJ-AUTO,BSE,yfinance,1d
2024-06-20,9699.75,9706.0,9564.849609375,9632.150390625,12235,BAJAJ-AUTO,BSE,yfinance,1d
2024-06-21,9685.0,9725.0,9575.0,9599.5498046875,4210,BAJAJ-AUTO,BSE,yfinance,1d
2024-06-24,9580.25,9758.0,9535.0,9745.150390625,5293,BAJAJ-AUTO,BSE,yfinance,1d
2024-06-25,9741.7998046875,9825.0,9641.2998046875,9656.2998046875,4194,BAJAJ-AUTO,BSE,yfinance,1d
2024-06-26,9723.9501953125,9723.9501953125,9450.0,9477.4501953125,9394,BAJAJ-AUTO,BSE,yfinance,1d
2024-06-27,9525.0498046875,9545.0,9365.7998046875,9418.349609375,9424,BAJAJ-AUTO,BSE,yfinance,1d
2024-06-28,9430.5,9519.900390625,9386.5,9499.099609375,7203,BAJAJ-AUTO,BSE,yfinance,1d
2024-07-01,9500.0,9696.5498046875,9500.0,9526.2998046875,4212,BAJAJ-AUTO,BSE,yfinance,1d
2024-07-02,9530.0,9530.0,9377.4501953125,9398.4501953125,5608,BAJAJ-AUTO,BSE,yfinance,1d
2024-07-03,9450.400390625,9550.599609375,9386.0,9424.400390625,4895,BAJAJ-AUTO,BSE,yfinance,1d
2024-07-04,9499.9501953125,9500.0,9425.900390625,9467.400390625,5429,BAJAJ-AUTO,BSE,yfinance,1d
2024-07-05,9550.099609375,9659.9501953125,9495.0,9636.25,28453,BAJAJ-AUTO,BSE,yfinance,1d
2024-07-08,9669.9501953125,9669.9501953125,9470.0,9527.900390625,9799,BAJAJ-AUTO,BSE,yfinance,1d
2024-07-09,9527.9501953125,9568.25,9480.4501953125,9540.5498046875,5061,BAJAJ-AUTO,BSE,yfinance,1d
2024-07-10,9541.0,9649.349609375,9456.0498046875,9540.849609375,8956,BAJAJ-AUTO,BSE,yfinance,1d
2024-07-11,9540.849609375,9542.0,9385.0,9472.2001953125,6050,BAJAJ-AUTO,BSE,yfinance,1d
2024-07-12,9475.7001953125,9551.4501953125,9413.7998046875,9428.5498046875,3890,BAJAJ-AUTO,BSE,yfinance,1d
2024-07-15,9460.9501953125,9737.5,9406.5,9675.5,15201,BAJAJ-AUTO,BSE,yfinance,1d
2024-07-16,9749.849609375,9909.9501953125,9631.099609375,9707.900390625,31406,BAJAJ-AUTO,BSE,yfinance,1d
2024-07-18,9778.9501953125,9778.9501953125,9295.5,9625.7001953125,45635,BAJAJ-AUTO,BSE,yfinance,1d
2024-07-19,9606.25,9671.900390625,9350.0,9384.900390625,8573,BAJAJ-AUTO,BSE,yfinance,1d
2024-07-22,9384.2998046875,9430.0,9265.0,9413.150390625,13047,BAJAJ-AUTO,BSE,yfinance,1d
2024-07-23,9425.0498046875,9508.2001953125,8746.25,9378.25,12817,BAJAJ-AUTO,BSE,yfinance,1d
2024-07-24,9351.0,9371.650390625,9250.0,9262.4501953125,18572,BAJAJ-AUTO,BSE,yfinance,1d
2024-07-25,9251.0,9308.5498046875,9180.9501953125,9280.099609375,3940,BAJAJ-AUTO,BSE,yfinance,1d
2024-07-26,9280.150390625,9503.0,9267.5,9493.599609375,8840,BAJAJ-AUTO,BSE,yfinance,1d
2024-07-29,9522.0,9615.0,9505.900390625,9555.5498046875,4891,BAJAJ-AUTO,BSE,yfinance,1d
2024-07-30,9500.75,9651.0,9500.75,9568.75,13436,BAJAJ-AUTO,BSE,yfinance,1d
2024-07-31,9568.7998046875,9680.0,9568.7998046875,9663.349609375,8300,BAJAJ-AUTO,BSE,yfinance,1d
2024-08-01,9770.650390625,9827.650390625,9662.5,9734.150390625,45942,BAJAJ-AUTO,BSE,yfinance,1d
2024-08-02,9650.0498046875,9729.2998046875,9595.599609375,9617.849609375,25432,BAJAJ-AUTO,BSE,yfinance,1d
2024-08-05,9333.349609375,9515.0,9333.349609375,9487.25,14734,BAJAJ-AUTO,BSE,yfinance,1d
2024-08-06,9507.0,9612.0,9402.349609375,9426.9501953125,7838,BAJAJ-AUTO,BSE,yfinance,1d
2024-08-07,9624.9501953125,9719.9501953125,9482.849609375,9705.849609375,9226,BAJAJ-AUTO,BSE,yfinance,1d
2024-08-08,9749.849609375,9774.2998046875,9613.0498046875,9638.2001953125,3184,BAJAJ-AUTO,BSE,yfinance,1d
2024-08-09,9730.75,9779.5,9615.0,9763.75,3597,BAJAJ-AUTO,BSE,yfinance,1d
2024-08-12,9713.0498046875,9743.7998046875,9615.0,9715.7998046875,11420,BAJAJ-AUTO,BSE,yfinance,1d
2024-08-13,9645.650390625,9785.0,9645.650390625,9671.75,8990,BAJAJ-AUTO,BSE,yfinance,1d
2024-08-14,9689.099609375,9781.5,9675.7998046875,9748.75,8937,BAJAJ-AUTO,BSE,yfinance,1d
2024-08-16,9751.599609375,9925.0,9696.349609375,9887.650390625,4231,BAJAJ-AUTO,BSE,yfinance,1d
2024-08-19,9901.099609375,9935.0,9759.099609375,9770.7001953125,2987,BAJAJ-AUTO,BSE,yfinance,1d
2024-08-20,9797.9501953125,9878.0,9759.400390625,9779.349609375,4210,BAJAJ-AUTO,BSE,yfinance,1d
2024-08-21,9824.9501953125,9866.0,9738.900390625,9855.150390625,2333,BAJAJ-AUTO,BSE,yfinance,1d
2024-08-22,9900.0,10008.0,9845.9501953125,9910.0,10602,BAJAJ-AUTO,BSE,yfinance,1d
2024-08-23,9940.0,10429.0,9940.0,10401.349609375,40991,BAJAJ-AUTO,BSE,yfinance,1d
2024-08-26,10398.9501953125,10514.150390625,10336.599609375,10424.0498046875,11477,BAJAJ-AUTO,BSE,yfinance,1d
2024-08-27,10422.400390625,10559.400390625,10346.0498046875,10507.900390625,6080,BAJAJ-AUTO,BSE,yfinance,1d
2024-08-28,10531.4501953125,10714.9501953125,10462.2998046875,10654.599609375,9666,BAJAJ-AUTO,BSE,yfinance,1d
2024-08-29,10580.0,10838.599609375,10572.75,10808.599609375,8367,BAJAJ-AUTO,BSE,yfinance,1d
2024-08-30,10849.9501953125,10916.400390625,10702.0,10896.099609375,9994,BAJAJ-AUTO,BSE,yfinance,1d
2024-09-02,10920.0,11151.0,10915.599609375,11123.5,24264,BAJAJ-AUTO,BSE,yfinance,1d
2024-09-03,11123.4501953125,11123.4501953125,11017.650390625,11043.599609375,3595,BAJAJ-AUTO,BSE,yfinance,1d
2024-09-04,11031.2998046875,11031.2998046875,10910.349609375,10968.5,9889,BAJAJ-AUTO,BSE,yfinance,1d
2024-09-05,10987.9501953125,11019.099609375,10830.0,10846.5498046875,7144,BAJAJ-AUTO,BSE,yfinance,1d
2024-09-06,10845.0,10916.349609375,10794.7998046875,10827.25,1382,BAJAJ-AUTO,BSE,yfinance,1d
2024-09-09,10800.0498046875,10885.349609375,10779.0,10844.849609375,1317,BAJAJ-AUTO,BSE,yfinance,1d
2024-09-10,10844.9501953125,11029.0,10790.75,10986.849609375,10696,BAJAJ-AUTO,BSE,yfinance,1d
2024-09-11,11100.7998046875,11498.0,11008.0,11425.2998046875,41097,BAJAJ-AUTO,BSE,yfinance,1d
2024-09-12,11519.650390625,11784.0498046875,11445.599609375,11726.400390625,33460,BAJAJ-AUTO,BSE,yfinance,1d
2024-09-13,11779.650390625,11887.2001953125,11690.0,11738.5,11954,BAJAJ-AUTO,BSE,yfinance,1d
2024-09-16,11729.0,11750.650390625,11641.650390625,11687.7001953125,8069,BAJAJ-AUTO,BSE,yfinance,1d
2024-09-17,11651.4501953125,11972.7001953125,11648.7001953125,11944.25,14401,BAJAJ-AUTO,BSE,yfinance,1d
2024-09-18,11860.0,12050.0,11745.9501953125,11766.150390625,9387,BAJAJ-AUTO,BSE,yfinance,1d
2024-09-19,11849.75,12040.0,11807.349609375,11864.75,8434,BAJAJ-AUTO,BSE,yfinance,1d
2024-09-20,11969.4501953125,12013.400390625,11870.0,11942.849609375,8679,BAJAJ-AUTO,BSE,yfinance,1d
2024-09-23,11965.0498046875,12372.0,11965.0498046875,12343.2998046875,20034,BAJAJ-AUTO,BSE,yfinance,1d
2024-09-24,12322.0,12471.0498046875,12249.5,12452.150390625,11814,BAJAJ-AUTO,BSE,yfinance,1d
2024-09-25,12350.25,12425.0,12309.9501953125,12399.0,4969,BAJAJ-AUTO,BSE,yfinance,1d
2024-09-26,12475.0,12675.0,12392.0,12625.900390625,15096,BAJAJ-AUTO,BSE,yfinance,1d
2024-09-27,12625.0,12772.150390625,12550.7998046875,12682.7001953125,12160,BAJAJ-AUTO,BSE,yfinance,1d
2024-09-30,12594.650390625,12653.900390625,12277.650390625,12344.0498046875,12773,BAJAJ-AUTO,BSE,yfinance,1d
2024-10-01,12499.9501953125,12499.9501953125,12111.0498046875,12161.900390625,10543,BAJAJ-AUTO,BSE,yfinance,1d
2024-10-03,11899.9501953125,12011.400390625,11750.0,11808.849609375,11943,BAJAJ-AUTO,BSE,yfinance,1d
2024-10-04,11600.0,11948.650390625,11600.0,11778.099609375,20641,BAJAJ-AUTO,BSE,yfinance,1d
2024-10-07,11710.0498046875,11824.400390625,11526.7998046875,11614.599609375,12724,BAJAJ-AUTO,BSE,yfinance,1d
2024-10-08,11574.0,11930.400390625,11565.7001953125,11897.2001953125,5097,BAJAJ-AUTO,BSE,yfinance,1d
2024-10-09,11981.9501953125,11983.849609375,11803.0498046875,11817.0498046875,7194,BAJAJ-AUTO,BSE,yfinance,1d
2024-10-10,11810.5,12027.4501953125,11810.0,11832.2001953125,4238,BAJAJ-AUTO,BSE,yfinance,1d
2024-10-11,11832.2001953125,11925.4501953125,11710.0,11878.2998046875,4043,BAJAJ-AUTO,BSE,yfinance,1d
2024-10-14,11850.0498046875,11991.2998046875,11850.0498046875,11892.849609375,3618,BAJAJ-AUTO,BSE,yfinance,1d
2024-10-15,11900.0498046875,11941.849609375,11475.0,11519.150390625,6624,BAJAJ-AUTO,BSE,yfinance,1d
2024-10-16,11525.0498046875,11671.9501953125,11381.849609375,11617.5498046875,11773,BAJAJ-AUTO,BSE,yfinance,1d
2024-10-17,11000.0498046875,11279.349609375,10071.0,10122.2998046875,140213,BAJAJ-AUTO,BSE,yfinance,1d
2024-10-18,10109.9501953125,10150.4501953125,9840.650390625,10063.099609375,48361,BAJAJ-AUTO,BSE,yfinance,1d
2024-10-21,10070.0,10816.75,9885.900390625,10500.5498046875,53129,BAJAJ-AUTO,BSE,yfinance,1d
2024-10-22,10523.900390625,10609.400390625,10318.0498046875,10358.7001953125,34160,BAJAJ-AUTO,BSE,yfinance,1d
2024-10-23,10416.0,10731.900390625,10350.0,10575.0498046875,17329,BAJAJ-AUTO,BSE,yfinance,1d
2024-10-24,10542.0,10600.0,10215.0,10300.400390625,7743,BAJAJ-AUTO,BSE,yfinance,1d
2024-10-25,10300.400390625,10364.75,9928.0498046875,10205.5,11521,BAJAJ-AUTO,BSE,yfinance,1d
2024-10-28,10210.0,10292.7998046875,9990.0,10007.900390625,5087,BAJAJ-AUTO,BSE,yfinance,1d
2024-10-29,10050.0498046875,10060.5498046875,9645.0,9849.9501953125,16747,BAJAJ-AUTO,BSE,yfinance,1d
2024-10-30,9849.0,10052.849609375,9775.25,9926.900390625,10977,BAJAJ-AUTO,BSE,yfinance,1d
2024-10-31,9955.599609375,10016.5,9801.150390625,9835.4501953125,8204,BAJAJ-AUTO,BSE,yfinance,1d
2024-11-01,9977.9501953125,9977.9501953125,9850.5,9878.25,2911,BAJAJ-AUTO,BSE,yfinance,1d
2024-11-04,9899.7001953125,9899.7001953125,9370.599609375,9525.150390625,43110,BAJAJ-AUTO,BSE,yfinance,1d
2024-11-05,9525.0,10000.0,9520.0,9873.900390625,27587,BAJAJ-AUTO,BSE,yfinance,1d
2024-11-06,9921.7998046875,10052.0,9837.400390625,10014.0498046875,9249,BAJAJ-AUTO,BSE,yfinance,1d
2024-11-07,10189.9501953125,10189.9501953125,9795.2001953125,9861.0498046875,7763,BAJAJ-AUTO,BSE,yfinance,1d
2024-11-08,9900.0,9990.0,9780.0,9910.599609375,15967,BAJAJ-AUTO,BSE,yfinance,1d
2024-11-11,9899.349609375,10030.0,9802.0498046875,9914.2001953125,9664,BAJAJ-AUTO,BSE,yfinance,1d
2024-11-12,9907.2001953125,9965.849609375,9660.599609375,9679.25,16369,BAJAJ-AUTO,BSE,yfinance,1d
2024-11-13,9714.150390625,9714.150390625,9422.7001953125,9456.25,11343,BAJAJ-AUTO,BSE,yfinance,1d
2024-11-14,9449.9501953125,9514.75,9402.0,9489.75,12788,BAJAJ-AUTO,BSE,yfinance,1d
2024-11-18,9489.75,9600.0,9434.0,9515.25,6349,BAJAJ-AUTO,BSE,yfinance,1d
2024-11-19,9594.9501953125,9700.0,9518.0,9546.4501953125,5858,BAJAJ-AUTO,BSE,yfinance,1d
2024-11-21,9442.0,9553.349609375,9421.0,9507.4501953125,13585,BAJAJ-AUTO,BSE,yfinance,1d
2024-11-22,9520.0,9600.0,9444.0,9471.5,12390,BAJAJ-AUTO,BSE,yfinance,1d
2024-11-25,9588.9501953125,9635.599609375,9393.25,9426.25,23034,BAJAJ-AUTO,BSE,yfinance,1d
2024-11-26,9484.349609375,9484.349609375,9120.5498046875,9139.5498046875,25017,BAJAJ-AUTO,BSE,yfinance,1d
2024-11-27,9171.0,9251.0,9100.0,9189.0,14766,BAJAJ-AUTO,BSE,yfinance,1d
2024-11-28,9184.9501953125,9265.650390625,8995.7998046875,9013.25,12884,BAJAJ-AUTO,BSE,yfinance,1d
2024-11-29,9044.849609375,9090.0,8999.0,9031.2001953125,9462,BAJAJ-AUTO,BSE,yfinance,1d
2024-12-02,9098.0,9171.0,9060.0,9123.849609375,5753,BAJAJ-AUTO,BSE,yfinance,1d
2024-12-03,9129.5,9223.400390625,9119.25,9160.7001953125,14399,BAJAJ-AUTO,BSE,yfinance,1d
2024-12-04,9194.9501953125,9245.099609375,8955.0,8999.349609375,10517,BAJAJ-AUTO,BSE,yfinance,1d
2024-12-05,9029.75,9029.75,8751.0,8903.150390625,40869,BAJAJ-AUTO,BSE,yfinance,1d
2024-12-06,8998.7998046875,9143.7998046875,8936.2998046875,9107.599609375,35473,BAJAJ-AUTO,BSE,yfinance,1d
2024-12-09,9102.0,9170.650390625,9031.349609375,9068.0498046875,9227,BAJAJ-AUTO,BSE,yfinance,1d
2024-12-10,9150.0,9150.0,8976.099609375,9016.75,12540,BAJAJ-AUTO,BSE,yfinance,1d
2024-12-11,9054.349609375,9104.0,9010.0498046875,9066.75,14878,BAJAJ-AUTO,BSE,yfinance,1d
2024-12-12,9085.0,9085.0,8947.099609375,8962.349609375,23646,BAJAJ-AUTO,BSE,yfinance,1d
2024-12-13,8980.9501953125,9050.0,8905.0,9013.75,4133,BAJAJ-AUTO,BSE,yfinance,1d
2024-12-16,9075.0,9075.0,8969.900390625,8994.75,15842,BAJAJ-AUTO,BSE,yfinance,1d
2024-12-17,9034.650390625,9034.650390625,8852.650390625,8876.849609375,6344,BAJAJ-AUTO,BSE,yfinance,1d
2024-12-18,8870.9501953125,9006.349609375,8804.5,8955.349609375,9166,BAJAJ-AUTO,BSE,yfinance,1d
2024-12-19,8879.599609375,9000.0,8800.0,8974.5,4942,BAJAJ-AUTO,BSE,yfinance,1d
2024-12-20,8979.0,9068.400390625,8764.400390625,8786.650390625,21154,BAJAJ-AUTO,BSE,yfinance,1d
2024-12-23,8884.849609375,8884.849609375,8727.25,8765.099609375,8549,BAJAJ-AUTO,BSE,yfinance,1d
2024-12-24,8765.0,8848.4501953125,8739.599609375,8776.650390625,90733,BAJAJ-AUTO,BSE,yfinance,1d
2024-12-26,8843.9501953125,8892.849609375,8796.150390625,8879.25,2674,BAJAJ-AUTO,BSE,yfinance,1d
2024-12-27,8880.0498046875,9178.5,8880.0498046875,8933.5,23211,BAJAJ-AUTO,BSE,yfinance,1d
2024-12-30,8940.0,8953.099609375,8735.0498046875,8782.7001953125,11181,BAJAJ-AUTO,BSE,yfinance,1d
2024-12-31,8780.0,8838.0,8742.900390625,8801.9501953125,9707,BAJAJ-AUTO,BSE,yfinance,1d
2025-01-01,8769.9501953125,8770.0,8550.0,8740.599609375,16340,BAJAJ-AUTO,BSE,yfinance,1d
2025-01-02,8769.900390625,9109.150390625,8680.0,9072.5,27721,BAJAJ-AUTO,BSE,yfinance,1d
2025-01-03,9100.0,9105.650390625,8950.0,8965.900390625,5796,BAJAJ-AUTO,BSE,yfinance,1d
2025-01-06,8967.0498046875,9095.349609375,8801.0,8822.900390625,16845,BAJAJ-AUTO,BSE,yfinance,1d
2025-01-07,8825.400390625,8896.849609375,8732.7001953125,8808.5,15435,BAJAJ-AUTO,BSE,yfinance,1d
2025-01-08,8800.0,8810.9501953125,8619.5,8642.25,10826,BAJAJ-AUTO,BSE,yfinance,1d
2025-01-09,8652.0498046875,8898.7998046875,8652.0498046875,8838.900390625,17828,BAJAJ-AUTO,BSE,yfinance,1d
2025-01-10,8825.0,8850.150390625,8645.0,8765.0498046875,28390,BAJAJ-AUTO,BSE,yfinance,1d
2025-01-13,8615.349609375,8759.75,8551.0,8598.75,25468,BAJAJ-AUTO,BSE,yfinance,1d
2025-01-14,8606.9501953125,8685.9501953125,8523.25,8615.7001953125,20020,BAJAJ-AUTO,BSE,yfinance,1d
2025-01-15,8615.7001953125,8798.25,8565.599609375,8576.4501953125,11828,BAJAJ-AUTO,BSE,yfinance,1d
2025-01-16,8580.099609375,8640.9501953125,8551.0,8579.599609375,12329,BAJAJ-AUTO,BSE,yfinance,1d
2025-01-17,8551.25,8662.099609375,8532.650390625,8582.650390625,2313,BAJAJ-AUTO,BSE,yfinance,1d
2025-01-20,8585.75,8610.0,8464.0,8541.9501953125,17964,BAJAJ-AUTO,BSE,yfinance,1d
2025-01-21,8545.400390625,8599.7001953125,8413.0,8465.650390625,3263,BAJAJ-AUTO,BSE,yfinance,1d
2025-01-22,8451.75,8534.650390625,8391.4501953125,8460.7998046875,12212,BAJAJ-AUTO,BSE,yfinance,1d
2025-01-23,8425.2001953125,8500.0,8380.0,8400.2001953125,77459,BAJAJ-AUTO,BSE,yfinance,1d
2025-01-24,8448.0,8490.0,8360.7001953125,8404.150390625,10070,BAJAJ-AUTO,BSE,yfinance,1d
2025-01-27,8399.7998046875,8421.0,8295.0,8380.349609375,12645,BAJAJ-AUTO,BSE,yfinance,1d
2025-01-28,8430.0,8490.0,8369.400390625,8392.5498046875,8607,BAJAJ-AUTO,BSE,yfinance,1d
2025-01-29,8450.849609375,8803.7001953125,8425.0,8627.5,14907,BAJAJ-AUTO,BSE,yfinance,1d
2025-01-30,8600.4501953125,8823.0,8600.4501953125,8756.349609375,17728,BAJAJ-AUTO,BSE,yfinance,1d
2025-01-31,8773.650390625,8960.0,8744.400390625,8851.0,8285,BAJAJ-AUTO,BSE,yfinance,1d
2025-02-03,9155.5,9155.5,8892.7001953125,8944.7998046875,42205,BAJAJ-AUTO,BSE,yfinance,1d
2025-02-04,8944.7998046875,9055.9501953125,8882.25,8921.900390625,16080,BAJAJ-AUTO,BSE,yfinance,1d
2025-02-05,8938.400390625,8965.150390625,8890.2001953125,8929.2998046875,5609,BAJAJ-AUTO,BSE,yfinance,1d
2025-02-06,8900.900390625,8955.650390625,8810.25,8851.7001953125,11677,BAJAJ-AUTO,BSE,yfinance,1d
2025-02-07,8847.5498046875,9020.25,8847.5498046875,8996.099609375,9248,BAJAJ-AUTO,BSE,yfinance,1d
2025-02-10,9025.0,9050.0,8842.7998046875,8878.400390625,6194,BAJAJ-AUTO,BSE,yfinance,1d
2025-02-11,8835.0498046875,8850.0,8733.75,8760.7998046875,3148,BAJAJ-AUTO,BSE,yfinance,1d
2025-02-12,8754.9501953125,8809.2998046875,8650.0,8707.7001953125,2881,BAJAJ-AUTO,BSE,yfinance,1d
2025-02-13,8740.0,8780.25,8652.0,8695.7001953125,9428,BAJAJ-AUTO,BSE,yfinance,1d
2025-02-14,8697.0,8716.0,8425.0,8493.5498046875,12871,BAJAJ-AUTO,BSE,yfinance,1d
2025-02-17,8451.0498046875,8545.75,8390.0,8533.849609375,6683,BAJAJ-AUTO,BSE,yfinance,1d
2025-02-18,8550.9501953125,8550.9501953125,8395.0,8440.849609375,2452,BAJAJ-AUTO,BSE,yfinance,1d
2025-02-19,8440.0,8518.0,8406.0498046875,8482.400390625,2101,BAJAJ-AUTO,BSE,yfinance,1d
2025-02-20,8450.7001953125,8639.7001953125,8450.7001953125,8628.650390625,9256,BAJAJ-AUTO,BSE,yfinance,1d
2025-02-21,8550.0,8611.4501953125,8445.7998046875,8504.5498046875,3774,BAJAJ-AUTO,BSE,yfinance,1d
2025-02-24,8441.7998046875,8480.0,8345.5498046875,8453.75,26949,BAJAJ-AUTO,BSE,yfinance,1d
2025-02-25,8430.2001953125,8461.2001953125,8370.0,8418.5,8315,BAJAJ-AUTO,BSE,yfinance,1d
2025-02-27,8385.0498046875,8385.0498046875,8185.64990234375,8233.5498046875,14686,BAJAJ-AUTO,BSE,yfinance,1d
2025-02-28,8200.0,8202.849609375,7885.10009765625,7906.75,12021,BAJAJ-AUTO,BSE,yfinance,1d
2025-03-03,7907.10009765625,7994.39990234375,7682.75,7710.75,27253,BAJAJ-AUTO,BSE,yfinance,1d
2025-03-04,7698.9501953125,7698.9501953125,7320.0,7336.85009765625,31459,BAJAJ-AUTO,BSE,yfinance,1d
2025-03-05,7331.0,7439.0,7308.0,7419.2001953125,22556,BAJAJ-AUTO,BSE,yfinance,1d
2025-03-06,7499.9501953125,7499.9501953125,7380.5498046875,7463.5498046875,10711,BAJAJ-AUTO,BSE,yfinance,1d
2025-03-07,7456.0,7623.75,7451.5,7563.2998046875,13056,BAJAJ-AUTO,BSE,yfinance,1d
2025-03-10,7604.7998046875,7604.7998046875,7351.0498046875,7383.60009765625,12065,BAJAJ-AUTO,BSE,yfinance,1d
2025-03-11,7340.0498046875,7514.2001953125,7340.0498046875,7497.7998046875,10907,BAJAJ-AUTO,BSE,yfinance,1d
2025-03-12,7531.2001953125,7568.9501953125,7435.89990234375,7510.10009765625,21546,BAJAJ-AUTO,BSE,yfinance,1d
2025-03-13,7599.64990234375,7599.64990234375,7420.0,7508.4501953125,4420,BAJAJ-AUTO,BSE,yfinance,1d
2025-03-17,7508.39990234375,7614.5498046875,7431.0,7484.75,8114,BAJAJ-AUTO,BSE,yfinance,1d
2025-03-18,7500.9501953125,7638.7001953125,7500.9501953125,7605.9501953125,13030,BAJAJ-AUTO,BSE,yfinance,1d
2025-03-19,7680.0,7765.0,7623.0,7723.9501953125,5307,BAJAJ-AUTO,BSE,yfinance,1d
2025-03-20,7725.2998046875,7950.0,7723.9501953125,7920.10009765625,13641,BAJAJ-AUTO,BSE,yfinance,1d
2025-03-21,7988.64990234375,8150.0,7931.75,8083.85009765625,22513,BAJAJ-AUTO,BSE,yfinance,1d
2025-03-24,8149.25,8195.150390625,8067.5498046875,8131.64990234375,42404,BAJAJ-AUTO,BSE,yfinance,1d
2025-03-25,8219.9501953125,8219.9501953125,7952.5,8009.60009765625,30353,BAJAJ-AUTO,BSE,yfinance,1d
2025-03-26,7991.35009765625,8043.0,7907.75,7973.7001953125,7706,BAJAJ-AUTO,BSE,yfinance,1d
2025-03-27,7919.9501953125,8015.0,7855.0,7975.64990234375,8678,BAJAJ-AUTO,BSE,yfinance,1d
2025-03-28,7806.0498046875,8024.0498046875,7806.0498046875,7874.39990234375,14010,BAJAJ-AUTO,BSE,yfinance,1d
2025-04-01,7480.60009765625,8046.9501953125,7480.60009765625,7993.7001953125,7152,BAJAJ-AUTO,BSE,yfinance,1d
2025-04-02,7968.64990234375,8080.60009765625,7948.89990234375,8071.39990234375,6043,BAJAJ-AUTO,BSE,yfinance,1d
2025-04-03,7900.39990234375,7948.7998046875,7840.0,7913.64990234375,11355,BAJAJ-AUTO,BSE,yfinance,1d
2025-04-04,7852.9501953125,7875.0,7653.0,7688.25,11640,BAJAJ-AUTO,BSE,yfinance,1d
2025-04-07,7088.25,7354.7998046875,7088.25,7309.10009765625,21816,BAJAJ-AUTO,BSE,yfinance,1d
2025-04-08,7385.0,7528.2001953125,7346.64990234375,7498.10009765625,8866,BAJAJ-AUTO,BSE,yfinance,1d
2025-04-09,7528.0498046875,7630.5498046875,7461.0,7573.5498046875,5612,BAJAJ-AUTO,BSE,yfinance,1d
2025-04-11,7748.9501953125,7779.9501953125,7645.64990234375,7767.60009765625,6736,BAJAJ-AUTO,BSE,yfinance,1d
2025-04-15,8011.0498046875,8032.0,7831.0,7991.2001953125,30925,BAJAJ-AUTO,BSE,yfinance,1d
2025-04-16,7984.0,7984.0,7866.35009765625,7961.5,10725,BAJAJ-AUTO,BSE,yfinance,1d
2025-04-17,8004.9501953125,8053.35009765625,7861.0,8017.75,8346,BAJAJ-AUTO,BSE,yfinance,1d
2025-04-21,8057.7998046875,8272.0,7950.0,8248.7998046875,7053,BAJAJ-AUTO,BSE,yfinance,1d
2025-04-22,8204.9501953125,8204.9501953125,8070.2998046875,8136.64990234375,36685,BAJAJ-AUTO,BSE,yfinance,1d
2025-04-23,8141.0,8291.0498046875,8049.14990234375,8257.2001953125,9133,BAJAJ-AUTO,BSE,yfinance,1d
2025-04-24,8250.0,8329.9501953125,8172.64990234375,8200.2998046875,9907,BAJAJ-AUTO,BSE,yfinance,1d
2025-04-25,8209.5,8259.0,7970.0,8035.39990234375,5857,BAJAJ-AUTO,BSE,yfinance,1d
2025-04-28,8005.0498046875,8135.5,7972.64990234375,8096.75,3655,BAJAJ-AUTO,BSE,yfinance,1d
2025-04-29,8097.60009765625,8168.0,8019.0,8079.5,14198,BAJAJ-AUTO,BSE,yfinance,1d
2025-04-30,8040.25,8073.5498046875,7979.0,8028.9501953125,4996,BAJAJ-AUTO,BSE,yfinance,1d
2025-05-02,7935.5,8072.89990234375,7801.0,7832.89990234375,12725,BAJAJ-AUTO,BSE,yfinance,1d
2025-05-05,7949.9501953125,7958.2001953125,7850.0,7918.0,3697,BAJAJ-AUTO,BSE,yfinance,1d
2025-05-06,7930.0,8041.2001953125,7923.25,7942.7998046875,4640,BAJAJ-AUTO,BSE,yfinance,1d
2025-05-07,7855.0498046875,7978.0,7812.5,7846.7998046875,12083,BAJAJ-AUTO,BSE,yfinance,1d
2025-05-08,7881.5,7881.5,7676.0,7728.14990234375,9975,BAJAJ-AUTO,BSE,yfinance,1d
2025-05-09,7556.0498046875,7735.2998046875,7556.0498046875,7683.5,9537,BAJAJ-AUTO,BSE,yfinance,1d
2025-05-12,7773.89990234375,8048.0,7773.89990234375,8038.89990234375,11697,BAJAJ-AUTO,BSE,yfinance,1d
2025-05-13,8063.5498046875,8110.0,7951.0,8072.9501953125,7459,BAJAJ-AUTO,BSE,yfinance,1d
2025-05-14,8073.14990234375,8209.4501953125,8038.5498046875,8101.89990234375,8609,BAJAJ-AUTO,BSE,yfinance,1d
2025-05-15,8142.0,8367.0,8084.10009765625,8328.2998046875,10759,BAJAJ-AUTO,BSE,yfinance,1d
2025-05-16,8335.2998046875,8501.5,8280.0498046875,8487.150390625,16066,BAJAJ-AUTO,BSE,yfinance,1d
2025-05-19,8510.349609375,8865.0,8500.0,8846.0498046875,31475,BAJAJ-AUTO,BSE,yfinance,1d
2025-05-20,8869.900390625,8869.900390625,8530.0,8564.7998046875,11099,BAJAJ-AUTO,BSE,yfinance,1d
2025-05-21,8585.0498046875,8769.7998046875,8541.5,8691.7001953125,12661,BAJAJ-AUTO,BSE,yfinance,1d
2025-05-22,8660.0,8781.099609375,8515.150390625,8733.75,10388,BAJAJ-AUTO,BSE,yfinance,1d
2025-05-23,8777.400390625,8830.0,8715.150390625,8738.0,36901,BAJAJ-AUTO,BSE,yfinance,1d
2025-05-26,8799.2998046875,8980.0,8772.25,8953.7001953125,14062,BAJAJ-AUTO,BSE,yfinance,1d
2025-05-27,8953.7001953125,9004.0,8900.599609375,8961.650390625,9645,BAJAJ-AUTO,BSE,yfinance,1d
2025-05-28,8993.900390625,9006.599609375,8770.349609375,8848.349609375,8948,BAJAJ-AUTO,BSE,yfinance,1d
2025-05-29,8969.9501953125,8969.9501953125,8801.5498046875,8873.2998046875,6058,BAJAJ-AUTO,BSE,yfinance,1d
2025-05-30,8868.099609375,8868.099609375,8584.7998046875,8608.7001953125,35369,BAJAJ-AUTO,BSE,yfinance,1d
2025-06-02,8610.2001953125,8610.75,8407.349609375,8511.900390625,20252,BAJAJ-AUTO,BSE,yfinance,1d
2025-06-03,8511.900390625,8594.9501953125,8492.0498046875,8563.9501953125,7396,BAJAJ-AUTO,BSE,yfinance,1d
2025-06-04,8556.5498046875,8640.0,8530.0,8562.099609375,7317,BAJAJ-AUTO,BSE,yfinance,1d
2025-06-05,8574.400390625,8610.0,8512.599609375,8559.4501953125,4916,BAJAJ-AUTO,BSE,yfinance,1d
2025-06-06,8572.7998046875,8685.0,8540.0,8637.900390625,16018,BAJAJ-AUTO,BSE,yfinance,1d
2025-06-09,8650.2001953125,8704.9501953125,8602.0,8640.2001953125,32055,BAJAJ-AUTO,BSE,yfinance,1d
2025-06-10,8640.0,8661.349609375,8572.099609375,8620.650390625,10247,BAJAJ-AUTO,BSE,yfinance,1d
2025-06-11,8631.0,8770.0,8611.5,8717.349609375,13689,BAJAJ-AUTO,BSE,yfinance,1d
2025-06-12,8711.4501953125,8759.650390625,8535.25,8566.5,24490,BAJAJ-AUTO,BSE,yfinance,1d
2025-06-13,8499.7998046875,8520.0,8355.4501953125,8463.7998046875,9780,BAJAJ-AUTO,BSE,yfinance,1d
2025-06-16,8468.400390625,8592.900390625,8450.0,8529.9501953125,12905,BAJAJ-AUTO,BSE,yfinance,1d
2025-06-17,8568.7998046875,8568.7998046875,8455.0,8494.650390625,7917,BAJAJ-AUTO,BSE,yfinance,1d
2025-06-18,8543.7001953125,8654.650390625,8441.900390625,8479.099609375,15516,BAJAJ-AUTO,BSE,yfinance,1d
2025-06-19,8479.099609375,8552.900390625,8450.0,8496.2001953125,10146,BAJAJ-AUTO,BSE,yfinance,1d
2025-06-20,8315.0,8399.0,8251.0498046875,8369.400390625,10327,BAJAJ-AUTO,BSE,yfinance,1d
2025-06-23,8252.0498046875,8332.5,8252.0498046875,8285.400390625,13399,BAJAJ-AUTO,BSE,yfinance,1d
2025-06-24,8330.0,8427.349609375,8329.9501953125,8376.2998046875,9573,BAJAJ-AUTO,BSE,yfinance,1d
2025-06-25,8419.9501953125,8436.0,8373.2998046875,8388.25,12296,BAJAJ-AUTO,BSE,yfinance,1d
2025-06-26,8385.0,8466.4501953125,8359.5,8432.599609375,2947,BAJAJ-AUTO,BSE,yfinance,1d
2025-06-27,8479.75,8501.0,8415.0498046875,8442.400390625,4092,BAJAJ-AUTO,BSE,yfinance,1d
2025-06-30,8442.7001953125,8493.7001953125,8360.0,8376.25,5944,BAJAJ-AUTO,BSE,yfinance,1d
2025-07-01,8375.0,8408.599609375,8300.0,8396.599609375,39693,BAJAJ-AUTO,BSE,yfinance,1d
2025-07-02,8396.5498046875,8410.349609375,8310.650390625,8354.5498046875,6092,BAJAJ-AUTO,BSE,yfinance,1d
2025-07-03,8357.0,8463.599609375,8353.5,8384.099609375,3214,BAJAJ-AUTO,BSE,yfinance,1d
2025-07-04,8417.0498046875,8449.9501953125,8363.650390625,8431.349609375,5604,BAJAJ-AUTO,BSE,yfinance,1d
2025-07-07,8473.7998046875,8482.0498046875,8408.4501953125,8461.2001953125,10255,BAJAJ-AUTO,BSE,yfinance,1d
2025-07-08,8470.0,8470.0,8290.2998046875,8344.5,14046,BAJAJ-AUTO,BSE,yfinance,1d
2025-07-09,8374.7998046875,8374.9501953125,8324.5,8358.0,3490,BAJAJ-AUTO,BSE,yfinance,1d
2025-07-10,8364.7001953125,8391.349609375,8271.0,8279.849609375,3274,BAJAJ-AUTO,BSE,yfinance,1d
2025-07-11,8294.900390625,8295.5498046875,8044.39990234375,8060.35009765625,8075,BAJAJ-AUTO,BSE,yfinance,1d
2025-07-14,8139.85009765625,8139.85009765625,8046.25,8085.5,9949,BAJAJ-AUTO,BSE,yfinance,1d
2025-07-15,8115.35009765625,8321.5,8101.85009765625,8305.2001953125,4599,BAJAJ-AUTO,BSE,yfinance,1d
2025-07-16,8306.0,8343.5,8185.0,8301.900390625,4323,BAJAJ-AUTO,BSE,yfinance,1d
2025-07-17,8275.0,8355.849609375,8269.2001953125,8328.0498046875,2746,BAJAJ-AUTO,BSE,yfinance,1d
2025-07-18,8322.150390625,8364.0,8315.0,8344.25,3215,BAJAJ-AUTO,BSE,yfinance,1d
2025-07-21,8342.0,8450.0,8314.25,8439.4501953125,11571,BAJAJ-AUTO,BSE,yfinance,1d
2025-07-22,8469.9501953125,8469.9501953125,8280.0,8293.900390625,8203,BAJAJ-AUTO,BSE,yfinance,1d
2025-07-23,8300.599609375,8404.4501953125,8293.0,8394.349609375,2961,BAJAJ-AUTO,BSE,yfinance,1d
2025-07-24,8397.0498046875,8430.0,8279.0,8288.0,26018,BAJAJ-AUTO,BSE,yfinance,1d
2025-07-25,8280.0,8286.0498046875,8045.25,8064.0498046875,30404,BAJAJ-AUTO,BSE,yfinance,1d
2025-07-28,8123.9501953125,8157.5,8076.5,8087.25,3980,BAJAJ-AUTO,BSE,yfinance,1d
2025-07-29,8087.0,8148.4501953125,8060.0,8127.9501953125,8909,BAJAJ-AUTO,BSE,yfinance,1d
2025-07-30,8100.0,8130.0,8026.0,8044.5,14826,BAJAJ-AUTO,BSE,yfinance,1d
2025-07-31,7882.7998046875,8095.0,7882.7998046875,8007.25,11594,BAJAJ-AUTO,BSE,yfinance,1d
2025-08-01,8007.0,8090.0,7957.9501953125,8040.39990234375,4660,BAJAJ-AUTO,BSE,yfinance,1d
2025-08-04,8064.9501953125,8204.0498046875,8064.85009765625,8184.5498046875,5502,BAJAJ-AUTO,BSE,yfinance,1d
2025-08-05,8137.64990234375,8239.75,8130.0,8230.099609375,3265,BAJAJ-AUTO,BSE,yfinance,1d
2025-08-06,8250.0,8270.150390625,8125.0,8177.0498046875,8309,BAJAJ-AUTO,BSE,yfinance,1d
2025-08-07,8100.0,8247.9501953125,7879.4501953125,8232.9501953125,12104,BAJAJ-AUTO,BSE,yfinance,1d
2025-08-08,8228.2001953125,8276.75,8185.89990234375,8220.25,14180,BAJAJ-AUTO,BSE,yfinance,1d
2025-08-11,8254.4501953125,8291.5,8135.0,8272.0,3985,BAJAJ-AUTO,BSE,yfinance,1d
2025-08-12,8299.7998046875,8320.0,8186.0,8195.7001953125,5423,BAJAJ-AUTO,BSE,yfinance,1d
2025-08-13,8196.349609375,8307.75,8195.7001953125,8250.650390625,8145,BAJAJ-AUTO,BSE,yfinance,1d
2025-08-14,8289.9501953125,8289.9501953125,8199.7998046875,8209.400390625,4453,BAJAJ-AUTO,BSE,yfinance,1d
2025-08-18,8340.0,8635.25,8340.0,8588.099609375,21120,BAJAJ-AUTO,BSE,yfinance,1d
2025-08-19,8610.0,8855.0,8587.4501953125,8795.2998046875,27132,BAJAJ-AUTO,BSE,yfinance,1d
2025-08-20,8800.0,8871.0,8765.0,8826.25,10957,BAJAJ-AUTO,BSE,yfinance,1d
2025-08-21,8848.9501953125,8850.349609375,8631.2001953125,8685.5,14703,BAJAJ-AUTO,BSE,yfinance,1d
2025-08-22,8684.5,8712.2001953125,8582.5,8676.9501953125,9766,BAJAJ-AUTO,BSE,yfinance,1d
2025-08-25,8739.9501953125,8760.0,8635.5,8750.7998046875,5645,BAJAJ-AUTO,BSE,yfinance,1d
2025-08-26,8705.099609375,8824.0,8646.0,8683.25,18710,BAJAJ-AUTO,BSE,yfinance,1d
2025-08-28,8742.5,8758.9501953125,8664.2998046875,8692.0498046875,5195,BAJAJ-AUTO,BSE,yfinance,1d
2025-08-29,8747.0498046875,8747.0498046875,8572.150390625,8630.599609375,7295,BAJAJ-AUTO,BSE,yfinance,1d
2025-09-01,8655.0,9038.0,8655.0,8961.9501953125,28611,BAJAJ-AUTO,BSE,yfinance,1d
2025-09-02,8961.9501953125,9111.0,8928.7001953125,9031.400390625,15372,BAJAJ-AUTO,BSE,yfinance,1d
2025-09-03,9024.0498046875,9130.0,8988.599609375,9116.0498046875,43329,BAJAJ-AUTO,BSE,yfinance,1d
2025-09-04,9300.0498046875,9349.849609375,9048.9501953125,9067.400390625,34420,BAJAJ-AUTO,BSE,yfinance,1d
2025-09-05,9169.900390625,9170.0,9059.349609375,9082.0498046875,5568,BAJAJ-AUTO,BSE,yfinance,1d
2025-09-08,9108.0,9471.0,9076.5,9442.650390625,39070,BAJAJ-AUTO,BSE,yfinance,1d
2025-09-09,9429.9501953125,9429.9501953125,9250.0,9381.150390625,17763,BAJAJ-AUTO,BSE,yfinance,1d
2025-09-10,9447.4501953125,9447.4501953125,9180.650390625,9243.0498046875,11185,BAJAJ-AUTO,BSE,yfinance,1d
2025-09-11,9202.0498046875,9239.9501953125,9075.849609375,9109.4501953125,9872,BAJAJ-AUTO,BSE,yfinance,1d
2025-09-12,9094.150390625,9203.2998046875,8980.0,8997.150390625,10104,BAJAJ-AUTO,BSE,yfinance,1d
2025-09-15,9000.5498046875,9091.400390625,8963.349609375,9026.599609375,8361,BAJAJ-AUTO,BSE,yfinance,1d
2025-09-16,9067.650390625,9099.0,9027.0,9074.2001953125,6475,BAJAJ-AUTO,BSE,yfinance,1d
2025-09-17,9074.2001953125,9135.0,9066.7001953125,9086.849609375,7902,BAJAJ-AUTO,BSE,yfinance,1d
2025-09-18,9085.349609375,9112.0498046875,9027.0,9075.0,10325,BAJAJ-AUTO,BSE,yfinance,1d
2025-09-19,9025.099609375,9058.4501953125,8944.2001953125,8967.900390625,13064,BAJAJ-AUTO,BSE,yfinance,1d
2025-09-22,8912.5,9198.099609375,8912.5,9053.150390625,9981,BAJAJ-AUTO,BSE,yfinance,1d
2025-09-23,9060.0,9226.400390625,8981.0,8979.400390625,8138,BAJAJ-AUTO,BSE,yfinance,1d
2025-09-24,9012.849609375,9012.849609375,8803.0498046875,8829.25,5605,BAJAJ-AUTO,BSE,yfinance,1d
2025-09-25,8820.0,8909.2998046875,8760.0,8840.0498046875,4215,BAJAJ-AUTO,BSE,yfinance,1d
2025-09-26,8821.349609375,8879.9501953125,8668.25,8707.900390625,4947,BAJAJ-AUTO,BSE,yfinance,1d
2025-09-29,8708.150390625,8826.0,8675.0,8720.9501953125,7466,BAJAJ-AUTO,BSE,yfinance,1d
2025-09-30,8798.75,8798.75,8637.650390625,8675.849609375,6442,BAJAJ-AUTO,BSE,yfinance,1d
2025-10-01,8719.25,8844.0,8584.349609375,8618.7001953125,19191,BAJAJ-AUTO,BSE,yfinance,1d
2025-10-03,8637.599609375,8697.2001953125,8490.099609375,8685.75,8484,BAJAJ-AUTO,BSE,yfinance,1d
2025-10-06,8705.0,8807.75,8648.7998046875,8794.2998046875,9373,BAJAJ-AUTO,BSE,yfinance,1d
2025-10-07,8795.0,8914.4501953125,8787.7001953125,8903.900390625,10869,BAJAJ-AUTO,BSE,yfinance,1d
2025-10-08,8900.849609375,8909.75,8757.0,8790.349609375,5712,BAJAJ-AUTO,BSE,yfinance,1d
2025-10-09,8809.7998046875,8820.75,8701.2998046875,8811.099609375,5189,BAJAJ-AUTO,BSE,yfinance,1d
2025-10-10,8792.0498046875,8957.0,8780.0,8947.25,11156,BAJAJ-AUTO,BSE,yfinance,1d
2025-10-13,8938.0,9083.2001953125,8920.9501953125,9071.25,18679,BAJAJ-AUTO,BSE,yfinance,1d
2025-10-14,9141.0498046875,9141.0498046875,9027.2998046875,9101.900390625,21417,BAJAJ-AUTO,BSE,yfinance,1d
2025-10-15,9105.0,9180.7001953125,8954.4501953125,9002.5498046875,11035,BAJAJ-AUTO,BSE,yfinance,1d
2025-10-16,9008.099609375,9180.0,9008.099609375,9149.400390625,21569,BAJAJ-AUTO,BSE,yfinance,1d
2025-10-17,9159.650390625,9193.9501953125,9091.0498046875,9150.5,13176,BAJAJ-AUTO,BSE,yfinance,1d
2025-10-20,9161.4501953125,9223.75,9102.900390625,9134.7001953125,24414,BAJAJ-AUTO,BSE,yfinance,1d
2025-10-21,9134.7001953125,9134.7001953125,9134.7001953125,9134.7001953125,0,BAJAJ-AUTO,BSE,yfinance,1d
2025-10-23,9158.2998046875,9158.2998046875,9020.0,9040.25,16786,BAJAJ-AUTO,BSE,yfinance,1d
2025-10-24,9050.25,9101.4501953125,9011.25,9083.0,15504,BAJAJ-AUTO,BSE,yfinance,1d
2025-10-27,9100.0,9121.9501953125,9055.4501953125,9096.400390625,28111,BAJAJ-AUTO,BSE,yfinance,1d
2025-10-28,9087.0,9128.5,9022.599609375,9055.2998046875,14597,BAJAJ-AUTO,BSE,yfinance,1d
2025-10-29,9056.2998046875,9079.0,8965.0,9032.75,3301,BAJAJ-AUTO,BSE,yfinance,1d
2025-10-30,9035.0,9062.4501953125,8907.5,8923.0,4504,BAJAJ-AUTO,BSE,yfinance,1d
2025-10-31,8902.650390625,9050.0,8809.0,8893.900390625,8678,BAJAJ-AUTO,BSE,yfinance,1d
2025-11-03,8904.25,8956.150390625,8860.0,8924.5,5260,BAJAJ-AUTO,BSE,yfinance,1d
2025-11-04,8890.7998046875,8900.0498046875,8715.0,8747.150390625,20708,BAJAJ-AUTO,BSE,yfinance,1d
2025-11-06,8767.099609375,8819.0,8701.0,8716.2998046875,3794,BAJAJ-AUTO,BSE,yfinance,1d
2025-11-07,8705.0498046875,8748.0,8606.0,8724.2001953125,5431,BAJAJ-AUTO,BSE,yfinance,1d
2025-11-10,8734.75,8838.650390625,8688.400390625,8770.7998046875,20622,BAJAJ-AUTO,BSE,yfinance,1d
2025-11-11,8832.900390625,8945.0,8725.0,8901.5498046875,8611,BAJAJ-AUTO,BSE,yfinance,1d
2025-11-12,8925.150390625,8935.9501953125,8797.7001953125,8867.0498046875,17846,BAJAJ-AUTO,BSE,yfinance,1d
2025-11-13,8923.0,8923.0,8837.9501953125,8867.650390625,13311,BAJAJ-AUTO,BSE,yfinance,1d
2025-11-14,8867.7001953125,8867.7001953125,8783.5,8837.0498046875,78660,BAJAJ-AUTO,BSE,yfinance,1d
2025-11-17,8838.849609375,9025.0,8838.849609375,8957.099609375,10263,BAJAJ-AUTO,BSE,yfinance,1d
2025-11-18,8957.25,8998.150390625,8899.0,8914.75,8281,BAJAJ-AUTO,BSE,yfinance,1d
2025-11-19,8977.5498046875,8977.5498046875,8867.0,8880.2001953125,9701,BAJAJ-AUTO,BSE,yfinance,1d
2025-11-20,8974.0498046875,9001.0,8890.0,8983.75,6142,BAJAJ-AUTO,BSE,yfinance,1d
2025-11-21,8979.0,8979.0,8863.7998046875,8884.5498046875,15731,BAJAJ-AUTO,BSE,yfinance,1d
2025-11-24,8989.400390625,9049.0,8873.7001953125,9005.4501953125,8859,BAJAJ-AUTO,BSE,yfinance,1d
2025-11-25,9020.0,9142.0,9005.4501953125,9046.099609375,9547,BAJAJ-AUTO,BSE,yfinance,1d
2025-11-26,9050.0,9180.0,9033.900390625,9164.2998046875,9139,BAJAJ-AUTO,BSE,yfinance,1d
2025-11-27,9199.0,9250.0,8994.400390625,9021.349609375,103286,BAJAJ-AUTO,BSE,yfinance,1d
2025-11-28,9020.349609375,9090.0,8920.0498046875,9075.150390625,5570,BAJAJ-AUTO,BSE,yfinance,1d
2025-12-01,9095.150390625,9189.150390625,9057.2998046875,9092.900390625,20204,BAJAJ-AUTO,BSE,yfinance,1d
2025-12-02,9092.5,9137.150390625,8990.0,9085.2998046875,8882,BAJAJ-AUTO,BSE,yfinance,1d
2025-12-03,9122.9501953125,9122.9501953125,8952.2998046875,9004.349609375,28699,BAJAJ-AUTO,BSE,yfinance,1d
2025-12-04,9023.25,9100.0,8985.7001953125,9087.5,9381,BAJAJ-AUTO,BSE,yfinance,1d
2025-12-05,9069.9501953125,9130.0,9046.0,9107.849609375,22026,BAJAJ-AUTO,BSE,yfinance,1d
2025-12-08,9109.0,9120.0,8960.0,9021.849609375,4864,BAJAJ-AUTO,BSE,yfinance,1d
2025-12-09,9000.0,9010.349609375,8882.5,8956.349609375,8725,BAJAJ-AUTO,BSE,yfinance,1d
2025-12-10,8929.349609375,9000.0,8907.0498046875,8988.5498046875,16617,BAJAJ-AUTO,BSE,yfinance,1d
2025-12-11,8988.75,9086.0498046875,8956.25,9051.7998046875,4177,BAJAJ-AUTO,BSE,yfinance,1d
2025-12-12,9055.5498046875,9082.9501953125,8965.7998046875,9014.25,42938,BAJAJ-AUTO,BSE,yfinance,1d
2025-12-15,9098.900390625,9098.900390625,8885.5498046875,8933.599609375,15574,BAJAJ-AUTO,BSE,yfinance,1d
2025-12-16,8997.5498046875,9025.5,8894.5498046875,8990.650390625,6022,BAJAJ-AUTO,BSE,yfinance,1d
2025-12-17,8990.599609375,9006.7998046875,8855.2998046875,8883.650390625,5911,BAJAJ-AUTO,BSE,yfinance,1d
2025-12-18,8882.0498046875,8900.0498046875,8735.0,8828.9501953125,32567,BAJAJ-AUTO,BSE,yfinance,1d
2025-12-19,8812.349609375,9014.0,8812.349609375,9002.650390625,3580,BAJAJ-AUTO,BSE,yfinance,1d
2025-12-22,9002.0,9182.400390625,8994.75,9165.2998046875,17148,BAJAJ-AUTO,BSE,yfinance,1d
2025-12-23,9190.0,9190.0,9077.0,9095.2998046875,4720,BAJAJ-AUTO,BSE,yfinance,1d
2025-12-24,9099.0,9193.0498046875,9071.0,9165.7001953125,13738,BAJAJ-AUTO,BSE,yfinance,1d
2025-12-26,9165.849609375,9179.150390625,9057.599609375,9066.4501953125,2878,BAJAJ-AUTO,BSE,yfinance,1d
2025-12-29,9030.0,9125.0,9030.0,9083.9501953125,4219,BAJAJ-AUTO,BSE,yfinance,1d
2025-12-30,9070.7998046875,9299.5,9025.2001953125,9287.75,9744,BAJAJ-AUTO,BSE,yfinance,1d
2025-12-31,9325.0,9396.5498046875,9297.0,9343.2001953125,17207,BAJAJ-AUTO,BSE,yfinance,1d
2026-01-01,9351.150390625,9583.9501953125,9316.9501953125,9560.599609375,27648,BAJAJ-AUTO,BSE,yfinance,1d
2026-01-02,9579.9501953125,9633.2998046875,9311.25,9500.849609375,34596,BAJAJ-AUTO,BSE,yfinance,1d
2026-01-05,9510.5,9677.9501953125,9463.9501953125,9498.9501953125,10086,BAJAJ-AUTO,BSE,yfinance,1d
2026-01-06,9550.0498046875,9782.75,9533.650390625,9659.349609375,22238,BAJAJ-AUTO,BSE,yfinance,1d
2026-01-07,9635.2001953125,9808.75,9610.400390625,9793.0,7317,BAJAJ-AUTO,BSE,yfinance,1d
2026-01-08,9755.5498046875,9883.2998046875,9721.599609375,9760.900390625,21570,BAJAJ-AUTO,BSE,yfinance,1d
2026-01-09,9711.4501953125,9832.2998046875,9537.75,9557.400390625,12614,BAJAJ-AUTO,BSE,yfinance,1d
2026-01-12,9558.0,9580.0,9360.099609375,9504.349609375,102887,BAJAJ-AUTO,BSE,yfinance,1d
2026-01-13,9515.0,9574.0,9457.599609375,9556.099609375,6055,BAJAJ-AUTO,BSE,yfinance,1d
2026-01-14,9580.0,9608.7001953125,9495.0498046875,9576.599609375,65163,BAJAJ-AUTO,BSE,yfinance,1d
2026-01-16,9585.0,9609.900390625,9389.150390625,9480.2998046875,19340,BAJAJ-AUTO,BSE,yfinance,1d
2026-01-19,9468.0498046875,9486.0,9395.849609375,9427.75,3371,BAJAJ-AUTO,BSE,yfinance,1d
2026-01-20,9440.0,9450.0,9155.0,9176.5,6207,BAJAJ-AUTO,BSE,yfinance,1d
2026-01-21,9112.849609375,9250.0,9074.650390625,9181.5498046875,5493,BAJAJ-AUTO,BSE,yfinance,1d
2026-01-22,9181.75,9388.7001953125,9181.75,9365.25,6836,BAJAJ-AUTO,BSE,yfinance,1d
2026-01-23,9399.9501953125,9545.0,9332.849609375,9413.2998046875,8482,BAJAJ-AUTO,BSE,yfinance,1d
2026-01-27,9439.9501953125,9511.5498046875,9328.25,9495.0498046875,5341,BAJAJ-AUTO,BSE,yfinance,1d
2026-01-28,9495.25,9538.0,9250.25,9435.25,17845,BAJAJ-AUTO,BSE,yfinance,1d
2026-01-29,9479.0,9530.0,9379.5,9507.75,10541,BAJAJ-AUTO,BSE,yfinance,1d
2026-01-30,9499.900390625,9613.400390625,9390.25,9592.900390625,3943,BAJAJ-AUTO,BSE,yfinance,1d
2026-02-02,9458.0,9518.0,9252.0,9494.2001953125,6687,BAJAJ-AUTO,BSE,yfinance,1d
2026-02-03,9700.0,9900.0,9531.150390625,9592.2998046875,10888,BAJAJ-AUTO,BSE,yfinance,1d
2026-02-04,9581.150390625,9728.2001953125,9530.0,9634.7001953125,3548,BAJAJ-AUTO,BSE,yfinance,1d
2026-02-05,9640.0,9680.5,9606.9501953125,9639.0,3909,BAJAJ-AUTO,BSE,yfinance,1d
2026-02-06,9575.7001953125,9668.2998046875,9475.0,9518.599609375,3149,BAJAJ-AUTO,BSE,yfinance,1d
2026-02-09,9585.099609375,9624.0,9511.0,9587.349609375,4146,BAJAJ-AUTO,BSE,yfinance,1d
2026-02-10,9617.9501953125,9830.0,9590.0,9771.099609375,6856,BAJAJ-AUTO,BSE,yfinance,1d
2026-02-11,9798.0,9905.650390625,9796.099609375,9867.7001953125,8719,BAJAJ-AUTO,BSE,yfinance,1d
2026-02-12,9850.349609375,9928.0,9809.5,9837.2998046875,10158,BAJAJ-AUTO,BSE,yfinance,1d
2026-02-13,9780.599609375,9898.0,9729.5498046875,9761.900390625,3551,BAJAJ-AUTO,BSE,yfinance,1d
2026-02-16,9702.0,9775.0,9642.2001953125,9691.7001953125,7557,BAJAJ-AUTO,BSE,yfinance,1d
2026-02-17,9661.0498046875,9865.0,9631.150390625,9829.5498046875,6852,BAJAJ-AUTO,BSE,yfinance,1d
2026-02-18,9750.0498046875,10005.900390625,9750.0498046875,9978.25,14492,BAJAJ-AUTO,BSE,yfinance,1d
2026-02-19,10019.9501953125,10059.0498046875,9699.599609375,9722.5498046875,8948,BAJAJ-AUTO,BSE,yfinance,1d
2026-02-20,9721.4501953125,9822.5,9672.0,9806.900390625,4453,BAJAJ-AUTO,BSE,yfinance,1d
2026-02-23,9820.2001953125,9933.2001953125,9818.7998046875,9905.599609375,4049,BAJAJ-AUTO,BSE,yfinance,1d
2026-02-24,9851.0498046875,9862.0,9659.0,9824.099609375,9822,BAJAJ-AUTO,BSE,yfinance,1d
2026-02-25,9825.650390625,10157.150390625,9825.650390625,10098.75,10928,BAJAJ-AUTO,BSE,yfinance,1d
2026-02-26,10100.900390625,10186.599609375,10030.0498046875,10108.7998046875,9002,BAJAJ-AUTO,BSE,yfinance,1d
2026-02-27,10108.0,10108.0,9931.5,9968.9501953125,6563,BAJAJ-AUTO,BSE,yfinance,1d
2026-03-02,9652.5,9920.0,9572.0,9778.099609375,9594,BAJAJ-AUTO,BSE,yfinance,1d
2026-03-04,9450.0,9700.0,9450.0,9640.849609375,15791,BAJAJ-AUTO,BSE,yfinance,1d
2026-03-05,9641.0498046875,9854.7998046875,9641.0498046875,9809.349609375,4657,BAJAJ-AUTO,BSE,yfinance,1d
2026-03-06,9819.75,9883.25,9695.9501953125,9812.650390625,8088,BAJAJ-AUTO,BSE,yfinance,1d
2026-03-09,9684.849609375,9684.849609375,9356.0498046875,9379.150390625,8877,BAJAJ-AUTO,BSE,yfinance,1d
2026-03-10,9429.0498046875,9634.900390625,9351.5,9606.5498046875,10816,BAJAJ-AUTO,BSE,yfinance,1d
2026-03-11,9537.0498046875,9660.099609375,9275.0,9330.9501953125,8744,BAJAJ-AUTO,BSE,yfinance,1d
2026-03-12,9270.0498046875,9270.099609375,9080.0498046875,9165.150390625,20110,BAJAJ-AUTO,BSE,yfinance,1d
2026-03-13,9075.0,9121.5498046875,8832.0,8879.849609375,19673,BAJAJ-AUTO,BSE,yfinance,1d
2026-03-16,8832.7998046875,9106.349609375,8740.599609375,9078.650390625,12766,BAJAJ-AUTO,BSE,yfinance,1d
2026-03-17,9080.75,9247.900390625,9007.9501953125,9106.2998046875,6360,BAJAJ-AUTO,BSE,yfinance,1d
2026-03-18,9150.0,9287.900390625,9142.599609375,9267.150390625,4475,BAJAJ-AUTO,BSE,yfinance,1d
2026-03-19,9060.0498046875,9153.25,8811.0,8867.2998046875,8374,BAJAJ-AUTO,BSE,yfinance,1d
2026-03-20,8935.349609375,9110.0,8935.349609375,9054.2001953125,8165,BAJAJ-AUTO,BSE,yfinance,1d
2026-03-23,8951.5,8951.5,8755.0,8777.849609375,12369,BAJAJ-AUTO,BSE,yfinance,1d
2026-03-24,8898.0,9028.0,8800.0,8899.099609375,15224,BAJAJ-AUTO,BSE,yfinance,1d
2026-03-25,9014.900390625,9147.849609375,8980.900390625,9049.7001953125,13541,BAJAJ-AUTO,BSE,yfinance,1d
2026-03-27,9000.0,9004.4501953125,8841.0,8902.7001953125,11570,BAJAJ-AUTO,BSE,yfinance,1d
2026-03-30,8720.2001953125,8880.0,8720.2001953125,8776.650390625,9337,BAJAJ-AUTO,BSE,yfinance,1d
2026-04-01,9171.2998046875,9171.2998046875,8869.2001953125,8899.0,10618,BAJAJ-AUTO,BSE,yfinance,1d
2026-04-02,8811.0498046875,8832.9501953125,8624.900390625,8759.5498046875,13119,BAJAJ-AUTO,BSE,yfinance,1d
2026-04-06,8760.2998046875,8986.900390625,8759.5498046875,8944.599609375,8061,BAJAJ-AUTO,BSE,yfinance,1d
2026-04-07,8929.25,9080.7998046875,8802.0,9047.150390625,6624,BAJAJ-AUTO,BSE,yfinance,1d
2026-04-08,9180.099609375,9494.849609375,9180.099609375,9364.25,9566,BAJAJ-AUTO,BSE,yfinance,1d
2026-04-09,9494.75,9625.0,9371.0,9514.650390625,30422,BAJAJ-AUTO,BSE,yfinance,1d
2026-04-10,9510.9501953125,9844.0,9405.0498046875,9813.650390625,60526,BAJAJ-AUTO,BSE,yfinance,1d
2026-04-13,9681.2998046875,9846.0,9681.2998046875,9812.099609375,31785,BAJAJ-AUTO,BSE,yfinance,1d
2026-04-15,9887.9501953125,9978.25,9824.75,9861.0,9595,BAJAJ-AUTO,BSE,yfinance,1d
2026-04-16,9878.900390625,9898.75,9747.0,9823.75,9989,BAJAJ-AUTO,BSE,yfinance,1d
2026-04-17,9818.0,9843.75,9722.5,9777.150390625,9989,BAJAJ-AUTO,BSE,yfinance,1d
2026-04-20,9631.0498046875,9863.9501953125,9631.0498046875,9795.0498046875,5535,BAJAJ-AUTO,BSE,yfinance,1d
2026-04-21,9794.900390625,9873.2998046875,9780.2998046875,9792.0498046875,6324,BAJAJ-AUTO,BSE,yfinance,1d
2026-04-22,9792.0,9792.0,9585.9501953125,9604.0,12642,BAJAJ-AUTO,BSE,yfinance,1d
2026-04-23,9590.0,9590.0,9480.0,9551.400390625,26241,BAJAJ-AUTO,BSE,yfinance,1d
2026-04-24,9600.0,9659.0,9531.599609375,9576.099609375,15112,BAJAJ-AUTO,BSE,yfinance,1d
2026-04-27,9655.0498046875,9712.0,9619.2001953125,9662.650390625,11511,BAJAJ-AUTO,BSE,yfinance,1d
2026-04-28,9650.0,9661.400390625,9475.0,9492.9501953125,5536,BAJAJ-AUTO,BSE,yfinance,1d
2026-04-29,9566.650390625,9705.0,9495.849609375,9542.099609375,15019,BAJAJ-AUTO,BSE,yfinance,1d
2026-04-30,9539.0498046875,10045.0,9358.150390625,9997.75,48773,BAJAJ-AUTO,BSE,yfinance,1d
2026-05-04,10151.150390625,10480.650390625,10068.599609375,10130.9501953125,41621,BAJAJ-AUTO,BSE,yfinance,1d
2026-05-05,10163.75,10170.5,10019.0,10043.4501953125,5909,BAJAJ-AUTO,BSE,yfinance,1d
2026-05-06,10199.900390625,10389.9501953125,10143.650390625,10314.599609375,17086,BAJAJ-AUTO,BSE,yfinance,1d
2026-05-07,10599.9501953125,10738.400390625,10326.0,10606.75,91232,BAJAJ-AUTO,BSE,yfinance,1d
2026-05-08,10649.25,10784.849609375,10538.150390625,10710.849609375,29047,BAJAJ-AUTO,BSE,yfinance,1d
2026-05-11,10700.0,10700.0,10517.0498046875,10594.599609375,11464,BAJAJ-AUTO,BSE,yfinance,1d
2026-05-12,10560.0,10687.5,10360.5498046875,10383.349609375,9086,BAJAJ-AUTO,BSE,yfinance,1d
2026-05-13,10409.2001953125,10459.25,10224.0498046875,10258.099609375,10280,BAJAJ-AUTO,BSE,yfinance,1d
2026-05-14,10357.9501953125,10508.2001953125,10251.0498046875,10451.0,9199,BAJAJ-AUTO,BSE,yfinance,1d
2026-05-15,10425.099609375,10545.900390625,10300.0,10378.099609375,7504,BAJAJ-AUTO,BSE,yfinance,1d
2026-05-18,10307.0498046875,10312.7998046875,10141.900390625,10198.650390625,19124,BAJAJ-AUTO,BSE,yfinance,1d
2026-05-19,10185.849609375,10285.0,10145.0,10200.2998046875,8333,BAJAJ-AUTO,BSE,yfinance,1d
2026-05-20,10193.2001953125,10480.0,10080.0,10469.0,7975,BAJAJ-AUTO,BSE,yfinance,1d
2026-05-21,10503.2001953125,10733.75,10497.0498046875,10669.2998046875,26513,BAJAJ-AUTO,BSE,yfinance,1d
2026-05-22,10655.4501953125,10745.0498046875,10535.650390625,10543.0,10426,BAJAJ-AUTO,BSE,yfinance,1d
2026-05-25,10799.25,10799.25,10431.2998046875,10491.2998046875,19144,BAJAJ-AUTO,BSE,yfinance,1d
2026-05-26,10504.099609375,10640.0,10450.5,10591.2001953125,11273,BAJAJ-AUTO,BSE,yfinance,1d
2026-05-27,10614.9501953125,10834.9501953125,10589.0,10810.25,40511,BAJAJ-AUTO,BSE,yfinance,1d
2026-05-28,10810.25,10810.25,10810.25,10810.25,0,BAJAJ-AUTO,BSE,yfinance,1d
2026-05-29,10699.5498046875,10748.849609375,10390.0,10460.4501953125,13193,BAJAJ-AUTO,BSE,yfinance,1d
2026-06-01,10467.4501953125,10616.9501953125,10343.650390625,10373.099609375,29216,BAJAJ-AUTO,BSE,yfinance,1d
2026-06-02,10346.099609375,10430.0,10260.0,10280.25,10031,BAJAJ-AUTO,BSE,yfinance,1d
2026-06-03,10379.0,10417.7001953125,10206.0,10252.7001953125,7715,BAJAJ-AUTO,BSE,yfinance,1d
2026-06-04,10252.0,10451.0,10174.7001953125,10362.349609375,10110,BAJAJ-AUTO,BSE,yfinance,1d
2026-06-05,10363.2001953125,10439.9501953125,10312.25,10340.25,8422,BAJAJ-AUTO,BSE,yfinance,1d
2026-06-08,10250.0,10306.5,10171.0498046875,10213.2998046875,6069,BAJAJ-AUTO,BSE,yfinance,1d
2026-06-09,10298.9501953125,10347.849609375,10155.0,10186.849609375,4197,BAJAJ-AUTO,BSE,yfinance,1d
2026-06-10,10220.0,10294.650390625,10125.0,10140.5498046875,7196,BAJAJ-AUTO,BSE,yfinance,1d
2026-06-11,10144.0,10259.7998046875,10085.0,10118.0498046875,6075,BAJAJ-AUTO,BSE,yfinance,1d
2026-06-12,10200.5498046875,10245.0,9922.0,10062.5498046875,17826,BAJAJ-AUTO,BSE,yfinance,1d
2026-06-15,10179.9501953125,10179.9501953125,9930.0,9942.599609375,22828,BAJAJ-AUTO,BSE,yfinance,1d
2026-06-16,10019.150390625,10019.150390625,9902.0,9934.099609375,11929,BAJAJ-AUTO,BSE,yfinance,1d
2026-06-17,9991.650390625,10073.0,9931.2998046875,10037.4501953125,10796,BAJAJ-AUTO,BSE,yfinance,1d
2026-06-18,10067.0498046875,10099.5498046875,10001.099609375,10076.2998046875,8810,BAJAJ-AUTO,BSE,yfinance,1d
2026-06-19,10168.9501953125,10168.9501953125,9935.0,10065.849609375,34796,BAJAJ-AUTO,BSE,yfinance,1d
2026-06-22,10129.900390625,10268.0,10084.2001953125,10198.2998046875,33449,BAJAJ-AUTO,BSE,yfinance,1d
2026-06-23,10212.2998046875,10260.0,9951.0,10015.4501953125,36925,BAJAJ-AUTO,BSE,yfinance,1d
2026-06-24,9835.0,9916.5,9735.0,9749.349609375,18685,BAJAJ-AUTO,BSE,yfinance,1d
2026-06-25,9790.0,9928.0,9775.0,9842.0,16946,BAJAJ-AUTO,BSE,yfinance,1d
2026-06-26,9842.0,9842.0,9842.0,9842.0,0,BAJAJ-AUTO,BSE,yfinance,1d
2026-06-29,9862.099609375,9879.0498046875,9604.2001953125,9628.150390625,16298,BAJAJ-AUTO,BSE,yfinance,1d
2026-06-30,9679.2001953125,9744.5,9505.0,9713.599609375,14408,BAJAJ-AUTO,BSE,yfinance,1d
2026-07-01,9764.0,9899.9501953125,9764.0,9842.0,10749,BAJAJ-AUTO,BSE,yfinance,1d
2026-07-02,9951.0498046875,9995.0,9721.0,9859.349609375,15107,BAJAJ-AUTO,BSE,yfinance,1d
2026-07-03,9868.2001953125,9924.7001953125,9772.099609375,9783.2001953125,11827,BAJAJ-AUTO,BSE,yfinance,1d
2026-07-06,9790.0,10059.2998046875,9786.0,10039.849609375,9193,BAJAJ-AUTO,BSE,yfinance,1d
2026-07-07,10039.849609375,10188.7998046875,10015.5,10112.5,17857,BAJAJ-AUTO,BSE,yfinance,1d
2026-07-08,10062.0,10265.099609375,10000.0,10161.599609375,20125,BAJAJ-AUTO,BSE,yfinance,1d
2026-07-09,10187.9501953125,10255.9501953125,10115.0498046875,10153.349609375,4511,BAJAJ-AUTO,BSE,yfinance,1d
2026-07-10,10188.9501953125,10296.7998046875,10111.900390625,10163.400390625,25418,BAJAJ-AUTO,BSE,yfinance,1d
2026-07-13,10065.0,10440.0,10045.099609375,10384.400390625,33992,BAJAJ-AUTO,BSE,yfinance,1d
2026-07-14,10100.349609375,10370.0,10100.349609375,10162.7998046875,63842,BAJAJ-AUTO,BSE,yfinance,1d
2026-07-15,10233.4501953125,10368.7998046875,10198.650390625,10318.400390625,31687,BAJAJ-AUTO,BSE,yfinance,1d
2026-07-16,10323.0,10388.0,10280.0,10329.4501953125,10809,BAJAJ-AUTO,BSE,yfinance,1d
2026-07-17,10350.0,10501.7001953125,10350.0,10437.4501953125,12088,BAJAJ-AUTO,BSE,yfinance,1d
2026-07-20,10420.0,10537.0498046875,10412.0,10518.900390625,7607,BAJAJ-AUTO,BSE,yfinance,1d
2026-07-21,10518.900390625,10562.25,10345.0,10408.099609375,46865,BAJAJ-AUTO,BSE,yfinance,1d
2026-07-22,10570.75,11025.0,10570.75,10999.2998046875,100236,BAJAJ-AUTO,BSE,yfinance,1d
2026-07-23,11005.0,11333.0,10978.0,11278.650390625,52208,BAJAJ-AUTO,BSE,yfinance,1d
2026-07-24,11273.7998046875,11325.0,11108.7998046875,11128.0498046875,19560,BAJAJ-AUTO,BSE,yfinance,1d
2026-07-27,11238.75,11249.650390625,11092.25,11183.150390625,56489,BAJAJ-AUTO,BSE,yfinance,1d
2026-07-28,11200.0,11413.2001953125,11170.0,11371.849609375,22189,BAJAJ-AUTO,BSE,yfinance,1d
2026-07-29,11455.099609375,11531.099609375,11291.849609375,11330.2001953125,13981,BAJAJ-AUTO,BSE,yfinance,1d
2026-07-30,11430.849609375,11521.0,11300.25,11434.7998046875,13062,BAJAJ-AUTO,BSE,yfinance,1d
2026-07-31,11381.5498046875,11588.7001953125,11331.599609375,11506.0,12449,BAJAJ-AUTO,BSE,yfinance,1d
2026-08-03,11600.0,11606.5498046875,11453.4501953125,11508.25,9652,BAJAJ-AUTO,BSE,yfinance,1d
2026-08-04,11795.849609375,11795.849609375,11544.0,11550.900390625,22593,BAJAJ-AUTO,BSE,yfinance,1d
2026-08-05,11650.0,11742.849609375,11596.5498046875,11681.5,10305,BAJAJ-AUTO,BSE,yfinance,1d
2026-08-06,11735.0,11775.4501953125,11551.0,11586.2001953125,10247,BAJAJ-AUTO,BSE,yfinance,1d
2026-08-07,11619.599609375,11728.9501953125,11586.2001953125,11642.0,21107,BAJAJ-AUTO,BSE,yfinance,1d
2026-08-10,11699.25,11785.9501953125,11610.0,11669.0,15938,BAJAJ-AUTO,BSE,yfinance,1d
2026-08-11,11725.0,11860.0,11622.5,11660.0,11640,BAJAJ-AUTO,BSE,yfinance,1d
2026-08-12,11749.9501953125,11822.400390625,11690.099609375,11707.0,7843,BAJAJ-AUTO,BSE,yfinance,1d
2026-08-13,11640.0498046875,11747.0,11605.849609375,11730.0,11033,BAJAJ-AUTO,BSE,yfinance,1d
2026-08-14,11651.0,11780.0,11651.0,11700.0,21746,BAJAJ-AUTO,BSE,yfinance,1d
