date,open,high,low,close,volume,symbol,exchange,source,interval
2021-08-16,1430.5,1460.0,1430.5,1454.4649658203125,85630,BAJAJFINSV,BSE,yfinance,1d
2021-08-17,1450.0,1480.5,1435.8050537109375,1474.824951171875,108450,BAJAJFINSV,BSE,yfinance,1d
2021-08-18,1465.0,1523.449951171875,1465.0,1501.0999755859375,158390,BAJAJFINSV,BSE,yfinance,1d
2021-08-20,1500.0,1514.9649658203125,1485.199951171875,1497.175048828125,154910,BAJAJFINSV,BSE,yfinance,1d
2021-08-23,1515.0,1541.60498046875,1506.06494140625,1526.8199462890625,114820,BAJAJFINSV,BSE,yfinance,1d
2021-08-24,1534.0,1659.0150146484375,1526.8599853515625,1647.5250244140625,667040,BAJAJFINSV,BSE,yfinance,1d
2021-08-25,1654.9000244140625,1680.760009765625,1585.0899658203125,1589.6700439453125,442310,BAJAJFINSV,BSE,yfinance,1d
2021-08-26,1609.800048828125,1612.4749755859375,1568.0,1595.5699462890625,259330,BAJAJFINSV,BSE,yfinance,1d
2021-08-27,1600.0,1624.4200439453125,1578.2550048828125,1619.8699951171875,265520,BAJAJFINSV,BSE,yfinance,1d
2021-08-30,1638.0,1659.300048828125,1626.0999755859375,1655.1650390625,211610,BAJAJFINSV,BSE,yfinance,1d
2021-08-31,1655.1650390625,1719.5,1644.93505859375,1713.4200439453125,2348030,BAJAJFINSV,BSE,yfinance,1d
2021-09-01,1719.0,1725.6949462890625,1674.1700439453125,1678.4549560546875,183160,BAJAJFINSV,BSE,yfinance,1d
2021-09-02,1691.5,1691.5,1661.0550537109375,1670.10498046875,81120,BAJAJFINSV,BSE,yfinance,1d
2021-09-03,1680.0,1686.4599609375,1656.6300048828125,1672.89501953125,87910,BAJAJFINSV,BSE,yfinance,1d
2021-09-06,1695.0,1697.0,1667.5999755859375,1675.675048828125,67310,BAJAJFINSV,BSE,yfinance,1d
2021-09-07,1684.9849853515625,1693.4449462890625,1663.2149658203125,1677.9200439453125,123370,BAJAJFINSV,BSE,yfinance,1d
2021-09-08,1671.5,1688.699951171875,1653.4000244140625,1656.3699951171875,61340,BAJAJFINSV,BSE,yfinance,1d
2021-09-09,1669.9000244140625,1682.1700439453125,1648.8050537109375,1674.3299560546875,99580,BAJAJFINSV,BSE,yfinance,1d
2021-09-13,1675.0,1699.8599853515625,1658.0,1692.9150390625,105960,BAJAJFINSV,BSE,yfinance,1d
2021-09-14,1698.0,1704.5999755859375,1679.800048828125,1683.364990234375,65220,BAJAJFINSV,BSE,yfinance,1d
2021-09-15,1689.9000244140625,1698.6300048828125,1680.0,1682.9100341796875,91720,BAJAJFINSV,BSE,yfinance,1d
2021-09-16,1696.31005859375,1696.31005859375,1662.52001953125,1673.0799560546875,113180,BAJAJFINSV,BSE,yfinance,1d
2021-09-17,1681.0,1749.5150146484375,1675.739990234375,1683.9100341796875,245360,BAJAJFINSV,BSE,yfinance,1d
2021-09-20,1684.0,1734.14501953125,1670.135009765625,1702.4749755859375,142290,BAJAJFINSV,BSE,yfinance,1d
2021-09-21,1702.5,1764.35498046875,1680.9449462890625,1756.625,274030,BAJAJFINSV,BSE,yfinance,1d
2021-09-22,1762.0,1778.0450439453125,1750.9449462890625,1761.2850341796875,85260,BAJAJFINSV,BSE,yfinance,1d
2021-09-23,1766.5450439453125,1875.5,1766.5450439453125,1851.93505859375,651170,BAJAJFINSV,BSE,yfinance,1d
2021-09-24,1864.0,1881.3800048828125,1832.5,1852.844970703125,194300,BAJAJFINSV,BSE,yfinance,1d
2021-09-27,1865.0,1874.81494140625,1794.0,1803.93505859375,189610,BAJAJFINSV,BSE,yfinance,1d
2021-09-28,1821.050048828125,1821.050048828125,1744.010009765625,1754.77001953125,223970,BAJAJFINSV,BSE,yfinance,1d
2021-09-29,1745.0,1764.905029296875,1731.199951171875,1742.8349609375,85980,BAJAJFINSV,BSE,yfinance,1d
2021-09-30,1760.0,1785.93505859375,1741.3900146484375,1778.8499755859375,108810,BAJAJFINSV,BSE,yfinance,1d
2021-10-01,1770.0,1772.3199462890625,1705.0999755859375,1717.5,223290,BAJAJFINSV,BSE,yfinance,1d
2021-10-04,1735.0,1793.8599853515625,1730.56005859375,1778.9449462890625,173010,BAJAJFINSV,BSE,yfinance,1d
2021-10-05,1778.0,1795.0,1753.0050048828125,1784.7750244140625,121600,BAJAJFINSV,BSE,yfinance,1d
2021-10-06,1794.75,1813.2149658203125,1755.7349853515625,1761.4649658203125,97830,BAJAJFINSV,BSE,yfinance,1d
2021-10-07,1780.0,1787.72998046875,1741.93994140625,1746.1700439453125,78950,BAJAJFINSV,BSE,yfinance,1d
2021-10-08,1764.800048828125,1774.0,1746.0999755859375,1755.18994140625,58790,BAJAJFINSV,BSE,yfinance,1d
2021-10-11,1760.0,1802.5,1759.8199462890625,1771.0799560546875,537910,BAJAJFINSV,BSE,yfinance,1d
2021-10-12,1772.5,1847.760009765625,1764.18994140625,1822.5,146480,BAJAJFINSV,BSE,yfinance,1d
2021-10-13,1836.9000244140625,1857.1099853515625,1814.5,1818.64501953125,175580,BAJAJFINSV,BSE,yfinance,1d
2021-10-14,1825.0999755859375,1854.3599853515625,1822.3800048828125,1848.6949462890625,67340,BAJAJFINSV,BSE,yfinance,1d
2021-10-18,1885.0,1910.7449951171875,1856.050048828125,1868.2750244140625,87700,BAJAJFINSV,BSE,yfinance,1d
2021-10-19,1886.4000244140625,1931.9949951171875,1860.0,1905.405029296875,192800,BAJAJFINSV,BSE,yfinance,1d
2021-10-20,1905.199951171875,1905.8800048828125,1841.10498046875,1859.885009765625,443080,BAJAJFINSV,BSE,yfinance,1d
2021-10-21,1879.4000244140625,1879.4000244140625,1835.0,1859.7550048828125,74250,BAJAJFINSV,BSE,yfinance,1d
2021-10-22,1863.0,1924.89501953125,1855.0,1866.4949951171875,201440,BAJAJFINSV,BSE,yfinance,1d
2021-10-25,1885.0,1896.1949462890625,1801.1650390625,1809.7650146484375,177200,BAJAJFINSV,BSE,yfinance,1d
2021-10-26,1829.9000244140625,1845.9100341796875,1798.0,1834.925048828125,100030,BAJAJFINSV,BSE,yfinance,1d
2021-10-27,1857.5,1859.530029296875,1777.719970703125,1801.3499755859375,78570,BAJAJFINSV,BSE,yfinance,1d
2021-10-28,1800.9949951171875,1836.2550048828125,1781.0050048828125,1800.0050048828125,172240,BAJAJFINSV,BSE,yfinance,1d
2021-10-29,1790.0999755859375,1815.6500244140625,1715.0050048828125,1783.0899658203125,164320,BAJAJFINSV,BSE,yfinance,1d
2021-11-01,1783.0,1799.31494140625,1717.9100341796875,1756.469970703125,226510,BAJAJFINSV,BSE,yfinance,1d
2021-11-02,1760.0999755859375,1799.9000244140625,1740.0999755859375,1753.5849609375,80360,BAJAJFINSV,BSE,yfinance,1d
2021-11-03,1762.199951171875,1776.199951171875,1744.5899658203125,1750.9649658203125,55040,BAJAJFINSV,BSE,yfinance,1d
2021-11-04,1769.0,1774.574951171875,1751.0050048828125,1759.5899658203125,19230,BAJAJFINSV,BSE,yfinance,1d
2021-11-08,1760.0,1840.0,1752.0,1832.68505859375,201180,BAJAJFINSV,BSE,yfinance,1d
2021-11-09,1832.68505859375,1847.0050048828125,1807.6199951171875,1817.489990234375,96400,BAJAJFINSV,BSE,yfinance,1d
2021-11-10,1816.489990234375,1837.6500244140625,1803.6650390625,1831.510009765625,93790,BAJAJFINSV,BSE,yfinance,1d
2021-11-11,1831.510009765625,1834.300048828125,1782.0,1787.2049560546875,67510,BAJAJFINSV,BSE,yfinance,1d
2021-11-12,1803.030029296875,1833.0,1794.0,1826.949951171875,111390,BAJAJFINSV,BSE,yfinance,1d
2021-11-15,1830.0,1833.7550048828125,1800.0,1811.9200439453125,45620,BAJAJFINSV,BSE,yfinance,1d
2021-11-16,1829.0,1851.0999755859375,1813.18505859375,1819.239990234375,86760,BAJAJFINSV,BSE,yfinance,1d
2021-11-17,1820.0,1841.0,1813.135009765625,1826.574951171875,43630,BAJAJFINSV,BSE,yfinance,1d
2021-11-18,1824.0,1847.0,1781.3050537109375,1791.239990234375,112780,BAJAJFINSV,BSE,yfinance,1d
2021-11-22,1819.0,1819.0,1683.14501953125,1707.3199462890625,156670,BAJAJFINSV,BSE,yfinance,1d
2021-11-23,1689.989990234375,1744.0450439453125,1676.35498046875,1736.0150146484375,118650,BAJAJFINSV,BSE,yfinance,1d
2021-11-24,1742.1949462890625,1764.1500244140625,1714.175048828125,1743.7449951171875,83830,BAJAJFINSV,BSE,yfinance,1d
2021-11-25,1727.81005859375,1752.60498046875,1723.125,1735.4100341796875,96760,BAJAJFINSV,BSE,yfinance,1d
2021-11-26,1723.5,1723.5,1660.8499755859375,1667.9949951171875,133370,BAJAJFINSV,BSE,yfinance,1d
2021-11-29,1668.5999755859375,1709.89501953125,1627.5849609375,1688.9599609375,93510,BAJAJFINSV,BSE,yfinance,1d
2021-11-30,1690.0,1749.989990234375,1685.10498046875,1723.324951171875,114790,BAJAJFINSV,BSE,yfinance,1d
2021-12-01,1740.0,1753.875,1720.5,1738.1650390625,77810,BAJAJFINSV,BSE,yfinance,1d
2021-12-02,1750.0,1788.8800048828125,1732.7950439453125,1775.2950439453125,63280,BAJAJFINSV,BSE,yfinance,1d
2021-12-03,1761.780029296875,1788.655029296875,1745.7750244140625,1749.5,73250,BAJAJFINSV,BSE,yfinance,1d
2021-12-06,1749.5,1758.2550048828125,1685.9150390625,1689.47998046875,120640,BAJAJFINSV,BSE,yfinance,1d
2021-12-07,1710.0,1724.7950439453125,1692.9200439453125,1710.77001953125,93530,BAJAJFINSV,BSE,yfinance,1d
2021-12-08,1720.0,1766.530029296875,1719.0,1762.260009765625,158080,BAJAJFINSV,BSE,yfinance,1d
2021-12-09,1762.4000244140625,1776.6300048828125,1748.4300537109375,1759.625,89180,BAJAJFINSV,BSE,yfinance,1d
2021-12-10,1750.0,1778.010009765625,1730.0,1772.300048828125,95170,BAJAJFINSV,BSE,yfinance,1d
2021-12-13,1766.5999755859375,1784.9000244140625,1725.530029296875,1731.93505859375,137060,BAJAJFINSV,BSE,yfinance,1d
2021-12-14,1728.0,1728.0,1686.4000244140625,1712.905029296875,67060,BAJAJFINSV,BSE,yfinance,1d
2021-12-15,1724.0,1724.0,1662.5050048828125,1667.5050048828125,154760,BAJAJFINSV,BSE,yfinance,1d
2021-12-16,1702.5,1702.5,1657.155029296875,1671.0849609375,105010,BAJAJFINSV,BSE,yfinance,1d
2021-12-17,1670.3349609375,1670.3349609375,1613.2900390625,1620.4000244140625,159050,BAJAJFINSV,BSE,yfinance,1d
2021-12-20,1600.0,1600.0,1546.0,1582.905029296875,92210,BAJAJFINSV,BSE,yfinance,1d
2021-12-21,1660.0,1660.0,1567.5450439453125,1583.1099853515625,152810,BAJAJFINSV,BSE,yfinance,1d
2021-12-22,1586.0999755859375,1618.739990234375,1583.199951171875,1594.9200439453125,70720,BAJAJFINSV,BSE,yfinance,1d
2021-12-23,1615.0,1621.8599853515625,1602.6500244140625,1616.1300048828125,75940,BAJAJFINSV,BSE,yfinance,1d
2021-12-24,1629.1650390625,1629.1650390625,1580.6400146484375,1592.0550537109375,61480,BAJAJFINSV,BSE,yfinance,1d
2021-12-27,1560.0,1613.2550048828125,1556.0050048828125,1601.7449951171875,123140,BAJAJFINSV,BSE,yfinance,1d
2021-12-28,1611.5,1624.800048828125,1602.385009765625,1610.2149658203125,62460,BAJAJFINSV,BSE,yfinance,1d
2021-12-29,1619.9949951171875,1633.0,1596.27001953125,1624.175048828125,77010,BAJAJFINSV,BSE,yfinance,1d
2021-12-30,1610.0050048828125,1628.3050537109375,1598.2650146484375,1617.780029296875,66040,BAJAJFINSV,BSE,yfinance,1d
2021-12-31,1622.0,1648.949951171875,1620.0,1639.02001953125,123210,BAJAJFINSV,BSE,yfinance,1d
2022-01-03,1639.300048828125,1702.4000244140625,1639.300048828125,1697.3800048828125,111090,BAJAJFINSV,BSE,yfinance,1d
2022-01-04,1715.0,1718.81494140625,1686.0450439453125,1711.260009765625,84340,BAJAJFINSV,BSE,yfinance,1d
2022-01-05,1711.260009765625,1804.449951171875,1711.199951171875,1798.300048828125,191990,BAJAJFINSV,BSE,yfinance,1d
2022-01-06,1779.5,1807.469970703125,1771.25,1798.635009765625,100990,BAJAJFINSV,BSE,yfinance,1d
2022-01-07,1805.050048828125,1814.5400390625,1758.0,1774.969970703125,125780,BAJAJFINSV,BSE,yfinance,1d
2022-01-10,1792.4599609375,1798.925048828125,1774.0,1780.4949951171875,41170,BAJAJFINSV,BSE,yfinance,1d
2022-01-11,1776.5,1793.06494140625,1763.1099853515625,1779.43505859375,86130,BAJAJFINSV,BSE,yfinance,1d
2022-01-12,1800.0,1819.2249755859375,1776.0,1794.4649658203125,78010,BAJAJFINSV,BSE,yfinance,1d
2022-01-13,1794.4649658203125,1826.0,1790.175048828125,1822.4100341796875,115590,BAJAJFINSV,BSE,yfinance,1d
2022-01-14,1809.0,1831.7449951171875,1799.75,1819.9200439453125,44910,BAJAJFINSV,BSE,yfinance,1d
2022-01-17,1825.0,1842.2950439453125,1823.7099609375,1834.02001953125,37930,BAJAJFINSV,BSE,yfinance,1d
2022-01-18,1840.0,1856.094970703125,1810.4599609375,1815.64501953125,77210,BAJAJFINSV,BSE,yfinance,1d
2022-01-19,1828.9000244140625,1861.6099853515625,1788.1650390625,1808.7550048828125,259970,BAJAJFINSV,BSE,yfinance,1d
2022-01-20,1817.300048828125,1826.4749755859375,1706.1099853515625,1726.030029296875,357360,BAJAJFINSV,BSE,yfinance,1d
2022-01-21,1710.0,1710.0,1622.324951171875,1633.3050537109375,302920,BAJAJFINSV,BSE,yfinance,1d
2022-01-24,1650.675048828125,1650.675048828125,1543.9150390625,1570.7950439453125,174940,BAJAJFINSV,BSE,yfinance,1d
2022-01-25,1560.0,1568.2900390625,1525.0,1552.635009765625,223540,BAJAJFINSV,BSE,yfinance,1d
2022-01-27,1548.0,1556.6650390625,1501.9000244140625,1536.0550537109375,130320,BAJAJFINSV,BSE,yfinance,1d
2022-01-28,1560.0999755859375,1578.0,1514.155029296875,1520.0,148530,BAJAJFINSV,BSE,yfinance,1d
2022-01-31,1559.0,1574.4949951171875,1533.0,1568.9849853515625,146040,BAJAJFINSV,BSE,yfinance,1d
2022-02-01,1588.4000244140625,1601.1400146484375,1550.0,1589.2049560546875,172900,BAJAJFINSV,BSE,yfinance,1d
2022-02-02,1603.9000244140625,1674.800048828125,1592.405029296875,1670.68994140625,148840,BAJAJFINSV,BSE,yfinance,1d
2022-02-03,1670.68994140625,1671.0999755859375,1627.405029296875,1633.989990234375,135330,BAJAJFINSV,BSE,yfinance,1d
2022-02-04,1649.9000244140625,1649.9000244140625,1614.739990234375,1620.1949462890625,82930,BAJAJFINSV,BSE,yfinance,1d
2022-02-07,1618.0,1636.675048828125,1564.5,1570.9200439453125,104960,BAJAJFINSV,BSE,yfinance,1d
2022-02-08,1577.5050048828125,1610.8299560546875,1572.5,1597.52001953125,110920,BAJAJFINSV,BSE,yfinance,1d
2022-02-09,1620.0,1640.050048828125,1613.31005859375,1626.35498046875,65310,BAJAJFINSV,BSE,yfinance,1d
2022-02-10,1637.9000244140625,1654.22998046875,1603.2550048828125,1638.9200439453125,2405030,BAJAJFINSV,BSE,yfinance,1d
2022-02-11,1602.4000244140625,1619.0,1592.5,1610.39501953125,74980,BAJAJFINSV,BSE,yfinance,1d
2022-02-14,1596.5,1596.5,1546.1600341796875,1568.1300048828125,103210,BAJAJFINSV,BSE,yfinance,1d
2022-02-15,1598.5,1642.0,1565.550048828125,1636.5799560546875,169400,BAJAJFINSV,BSE,yfinance,1d
2022-02-16,1643.199951171875,1659.0699462890625,1618.9449462890625,1627.9949951171875,100950,BAJAJFINSV,BSE,yfinance,1d
2022-02-17,1630.0,1642.1099853515625,1608.10498046875,1617.5550537109375,99750,BAJAJFINSV,BSE,yfinance,1d
2022-02-18,1605.0,1628.4649658203125,1602.0899658203125,1610.1300048828125,54550,BAJAJFINSV,BSE,yfinance,1d
2022-02-21,1590.5,1622.5,1577.7149658203125,1600.405029296875,97120,BAJAJFINSV,BSE,yfinance,1d
2022-02-22,1530.0,1626.2149658203125,1529.989990234375,1622.22998046875,97720,BAJAJFINSV,BSE,yfinance,1d
2022-02-23,1636.0,1637.824951171875,1603.31494140625,1614.64501953125,90790,BAJAJFINSV,BSE,yfinance,1d
2022-02-24,1562.0,1587.655029296875,1520.0550537109375,1524.6400146484375,208950,BAJAJFINSV,BSE,yfinance,1d
2022-02-25,1589.9849853515625,1605.0,1557.77001953125,1577.1650390625,141750,BAJAJFINSV,BSE,yfinance,1d
2022-02-28,1561.0999755859375,1608.6949462890625,1536.385009765625,1600.7349853515625,93930,BAJAJFINSV,BSE,yfinance,1d
2022-03-02,1570.0,1615.25,1563.6700439453125,1606.18994140625,74640,BAJAJFINSV,BSE,yfinance,1d
2022-03-03,1624.0799560546875,1645.0,1565.0,1570.135009765625,103420,BAJAJFINSV,BSE,yfinance,1d
2022-03-04,1568.5,1568.5,1521.43994140625,1532.9949951171875,98420,BAJAJFINSV,BSE,yfinance,1d
2022-03-07,1510.199951171875,1510.199951171875,1429.0,1436.8199462890625,238630,BAJAJFINSV,BSE,yfinance,1d
2022-03-08,1455.0,1455.0,1395.699951171875,1445.6099853515625,239140,BAJAJFINSV,BSE,yfinance,1d
2022-03-09,1455.5,1519.9000244140625,1440.300048828125,1501.885009765625,177960,BAJAJFINSV,BSE,yfinance,1d
2022-03-10,1563.0,1584.68994140625,1530.385009765625,1546.6949462890625,190130,BAJAJFINSV,BSE,yfinance,1d
2022-03-11,1545.0,1575.0,1528.5799560546875,1556.4849853515625,69550,BAJAJFINSV,BSE,yfinance,1d
2022-03-14,1562.0,1572.0999755859375,1544.4000244140625,1567.18994140625,64600,BAJAJFINSV,BSE,yfinance,1d
2022-03-15,1570.10498046875,1595.0,1553.864990234375,1570.905029296875,80860,BAJAJFINSV,BSE,yfinance,1d
2022-03-16,1590.0,1623.1099853515625,1589.72998046875,1611.6949462890625,132090,BAJAJFINSV,BSE,yfinance,1d
2022-03-17,1636.094970703125,1658.4000244140625,1626.1099853515625,1637.739990234375,80460,BAJAJFINSV,BSE,yfinance,1d
2022-03-21,1639.0,1642.6700439453125,1615.1300048828125,1617.72998046875,74960,BAJAJFINSV,BSE,yfinance,1d
2022-03-22,1625.0,1659.5,1595.0999755859375,1650.094970703125,82280,BAJAJFINSV,BSE,yfinance,1d
2022-03-23,1664.9000244140625,1671.6500244140625,1633.5150146484375,1639.375,119450,BAJAJFINSV,BSE,yfinance,1d
2022-03-24,1635.0,1650.0999755859375,1618.97998046875,1637.7550048828125,42970,BAJAJFINSV,BSE,yfinance,1d
2022-03-25,1640.0,1650.6700439453125,1623.5400390625,1634.0849609375,38140,BAJAJFINSV,BSE,yfinance,1d
2022-03-28,1635.199951171875,1655.9949951171875,1610.800048828125,1651.9000244140625,104650,BAJAJFINSV,BSE,yfinance,1d
2022-03-29,1651.9000244140625,1662.3699951171875,1642.25,1649.6800537109375,97780,BAJAJFINSV,BSE,yfinance,1d
2022-03-30,1647.1500244140625,1724.6800537109375,1647.1500244140625,1712.75,145590,BAJAJFINSV,BSE,yfinance,1d
2022-03-31,1714.9000244140625,1730.0,1697.93505859375,1705.2149658203125,84740,BAJAJFINSV,BSE,yfinance,1d
2022-04-01,1704.800048828125,1720.0,1702.3499755859375,1713.405029296875,42760,BAJAJFINSV,BSE,yfinance,1d
2022-04-04,1725.0,1748.199951171875,1696.06494140625,1718.655029296875,109260,BAJAJFINSV,BSE,yfinance,1d
2022-04-05,1733.800048828125,1733.800048828125,1675.9949951171875,1681.885009765625,182880,BAJAJFINSV,BSE,yfinance,1d
2022-04-06,1682.5,1689.510009765625,1665.0999755859375,1671.81005859375,91370,BAJAJFINSV,BSE,yfinance,1d
2022-04-07,1667.800048828125,1670.0,1648.175048828125,1656.4549560546875,46500,BAJAJFINSV,BSE,yfinance,1d
2022-04-08,1673.010009765625,1683.5450439453125,1651.7049560546875,1673.375,73080,BAJAJFINSV,BSE,yfinance,1d
2022-04-11,1672.0,1683.300048828125,1655.0,1657.405029296875,52050,BAJAJFINSV,BSE,yfinance,1d
2022-04-12,1655.0,1655.0,1623.0999755859375,1630.574951171875,54450,BAJAJFINSV,BSE,yfinance,1d
2022-04-13,1634.5,1650.4949951171875,1604.324951171875,1608.1800537109375,77650,BAJAJFINSV,BSE,yfinance,1d
2022-04-18,1608.0,1608.0,1565.5150146484375,1582.050048828125,107320,BAJAJFINSV,BSE,yfinance,1d
2022-04-19,1586.6600341796875,1607.300048828125,1560.0,1568.905029296875,53410,BAJAJFINSV,BSE,yfinance,1d
2022-04-20,1570.0,1579.5849609375,1532.5450439453125,1550.9100341796875,57550,BAJAJFINSV,BSE,yfinance,1d
2022-04-21,1563.0,1601.5150146484375,1559.6500244140625,1583.4849853515625,364780,BAJAJFINSV,BSE,yfinance,1d
2022-04-22,1576.6600341796875,1576.6600341796875,1542.655029296875,1545.0050048828125,46990,BAJAJFINSV,BSE,yfinance,1d
2022-04-25,1540.199951171875,1540.199951171875,1520.1199951171875,1526.3199462890625,31080,BAJAJFINSV,BSE,yfinance,1d
2022-04-26,1545.0,1562.699951171875,1531.0,1542.635009765625,47550,BAJAJFINSV,BSE,yfinance,1d
2022-04-27,1535.0,1535.0,1475.6949462890625,1482.85498046875,92390,BAJAJFINSV,BSE,yfinance,1d
2022-04-28,1498.5999755859375,1525.6600341796875,1466.0849609375,1501.3800048828125,154640,BAJAJFINSV,BSE,yfinance,1d
2022-04-29,1524.4949951171875,1524.5,1485.300048828125,1490.844970703125,76860,BAJAJFINSV,BSE,yfinance,1d
2022-05-02,1469.699951171875,1502.6300048828125,1460.0,1495.0899658203125,39180,BAJAJFINSV,BSE,yfinance,1d
2022-05-04,1508.5999755859375,1508.5999755859375,1428.0,1432.5400390625,518610,BAJAJFINSV,BSE,yfinance,1d
2022-05-05,1450.0,1471.3299560546875,1407.02001953125,1413.6300048828125,110700,BAJAJFINSV,BSE,yfinance,1d
2022-05-06,1400.0,1400.0,1350.989990234375,1364.3499755859375,75340,BAJAJFINSV,BSE,yfinance,1d
2022-05-09,1359.5,1401.0,1335.7099609375,1377.550048828125,181070,BAJAJFINSV,BSE,yfinance,1d
2022-05-10,1336.010009765625,1398.0400390625,1336.010009765625,1362.64501953125,37880,BAJAJFINSV,BSE,yfinance,1d
2022-05-11,1370.0,1383.89501953125,1316.199951171875,1331.8699951171875,99180,BAJAJFINSV,BSE,yfinance,1d
2022-05-12,1319.0,1325.0,1275.0,1284.89501953125,95730,BAJAJFINSV,BSE,yfinance,1d
2022-05-13,1320.0,1321.81005859375,1257.3699951171875,1261.3699951171875,81490,BAJAJFINSV,BSE,yfinance,1d
2022-05-16,1269.5999755859375,1277.5799560546875,1244.0999755859375,1266.385009765625,109720,BAJAJFINSV,BSE,yfinance,1d
2022-05-17,1273.5,1302.1199951171875,1263.4000244140625,1297.364990234375,122720,BAJAJFINSV,BSE,yfinance,1d
2022-05-18,1312.594970703125,1315.5849609375,1261.780029296875,1275.8800048828125,123110,BAJAJFINSV,BSE,yfinance,1d
2022-05-19,1247.4000244140625,1253.8050537109375,1218.0999755859375,1240.8699951171875,91010,BAJAJFINSV,BSE,yfinance,1d
2022-05-20,1270.0,1270.0999755859375,1243.9449462890625,1256.2149658203125,66520,BAJAJFINSV,BSE,yfinance,1d
2022-05-23,1270.0,1279.5,1251.10498046875,1257.364990234375,75290,BAJAJFINSV,BSE,yfinance,1d
2022-05-24,1267.9949951171875,1267.9949951171875,1230.0,1235.9749755859375,105130,BAJAJFINSV,BSE,yfinance,1d
2022-05-25,1240.0,1258.5550537109375,1232.875,1240.219970703125,72170,BAJAJFINSV,BSE,yfinance,1d
2022-05-26,1248.800048828125,1257.9000244140625,1206.6800537109375,1247.3050537109375,65360,BAJAJFINSV,BSE,yfinance,1d
2022-05-27,1269.0,1289.0799560546875,1261.5,1276.5999755859375,88850,BAJAJFINSV,BSE,yfinance,1d
2022-05-30,1296.9949951171875,1298.4000244140625,1283.9449462890625,1293.0,81510,BAJAJFINSV,BSE,yfinance,1d
2022-05-31,1295.0,1310.5,1276.989990234375,1291.4000244140625,132510,BAJAJFINSV,BSE,yfinance,1d
2022-06-01,1290.0,1300.7449951171875,1254.06005859375,1259.875,62030,BAJAJFINSV,BSE,yfinance,1d
2022-06-02,1257.5,1303.0,1245.0,1296.1400146484375,125650,BAJAJFINSV,BSE,yfinance,1d
2022-06-03,1317.760009765625,1322.02001953125,1265.625,1269.10498046875,94400,BAJAJFINSV,BSE,yfinance,1d
2022-06-06,1275.0,1275.0,1228.0050048828125,1252.0550537109375,86930,BAJAJFINSV,BSE,yfinance,1d
2022-06-07,1251.5999755859375,1251.5999755859375,1223.5,1233.635009765625,67460,BAJAJFINSV,BSE,yfinance,1d
2022-06-08,1244.0,1263.6650390625,1225.0,1246.4000244140625,68900,BAJAJFINSV,BSE,yfinance,1d
2022-06-09,1240.0,1251.875,1225.2249755859375,1247.4300537109375,44960,BAJAJFINSV,BSE,yfinance,1d
2022-06-10,1232.0,1237.9150390625,1218.0,1225.06494140625,81460,BAJAJFINSV,BSE,yfinance,1d
2022-06-13,1205.0,1205.0,1135.0999755859375,1139.0899658203125,187670,BAJAJFINSV,BSE,yfinance,1d
2022-06-14,1132.5999755859375,1158.300048828125,1127.10498046875,1133.47998046875,195680,BAJAJFINSV,BSE,yfinance,1d
2022-06-15,1149.0,1187.0999755859375,1141.1199951171875,1181.385009765625,201050,BAJAJFINSV,BSE,yfinance,1d
2022-06-16,1204.9949951171875,1206.675048828125,1140.5999755859375,1147.449951171875,279950,BAJAJFINSV,BSE,yfinance,1d
2022-06-17,1134.0,1186.0,1128.5,1175.8399658203125,288050,BAJAJFINSV,BSE,yfinance,1d
2022-06-20,1180.300048828125,1185.0050048828125,1153.0,1171.3199462890625,129100,BAJAJFINSV,BSE,yfinance,1d
2022-06-21,1174.0050048828125,1192.8599853515625,1167.6650390625,1173.510009765625,120480,BAJAJFINSV,BSE,yfinance,1d
2022-06-22,1173.5,1173.699951171875,1134.75,1143.5,142200,BAJAJFINSV,BSE,yfinance,1d
2022-06-23,1149.5999755859375,1159.85498046875,1131.2550048828125,1156.02001953125,130520,BAJAJFINSV,BSE,yfinance,1d
2022-06-24,1169.489990234375,1169.489990234375,1143.0050048828125,1158.1199951171875,176700,BAJAJFINSV,BSE,yfinance,1d
2022-06-27,1170.0,1177.969970703125,1157.0,1159.47998046875,92180,BAJAJFINSV,BSE,yfinance,1d
2022-06-28,1153.0,1153.0,1129.4100341796875,1136.3199462890625,104760,BAJAJFINSV,BSE,yfinance,1d
2022-06-29,1120.0,1130.300048828125,1104.39501953125,1111.4449462890625,115090,BAJAJFINSV,BSE,yfinance,1d
2022-06-30,1115.0,1118.9200439453125,1090.800048828125,1092.9300537109375,159120,BAJAJFINSV,BSE,yfinance,1d
2022-07-01,1093.0,1134.4949951171875,1077.699951171875,1132.635009765625,159810,BAJAJFINSV,BSE,yfinance,1d
2022-07-04,1134.9000244140625,1143.97998046875,1122.0,1138.175048828125,116870,BAJAJFINSV,BSE,yfinance,1d
2022-07-05,1153.9949951171875,1175.0,1140.699951171875,1151.9150390625,107790,BAJAJFINSV,BSE,yfinance,1d
2022-07-06,1159.0,1207.5,1156.2750244140625,1204.2550048828125,169030,BAJAJFINSV,BSE,yfinance,1d
2022-07-07,1210.0,1220.0,1184.635009765625,1196.5799560546875,149650,BAJAJFINSV,BSE,yfinance,1d
2022-07-08,1210.0,1210.530029296875,1187.699951171875,1200.47998046875,44770,BAJAJFINSV,BSE,yfinance,1d
2022-07-11,1199.0,1204.0050048828125,1185.3599853515625,1193.2650146484375,89620,BAJAJFINSV,BSE,yfinance,1d
2022-07-12,1190.0,1198.0,1174.0999755859375,1186.0,49080,BAJAJFINSV,BSE,yfinance,1d
2022-07-13,1194.530029296875,1211.9200439453125,1172.0,1176.905029296875,58570,BAJAJFINSV,BSE,yfinance,1d
2022-07-14,1193.5,1195.7249755859375,1163.7349853515625,1173.0849609375,107410,BAJAJFINSV,BSE,yfinance,1d
2022-07-15,1179.5999755859375,1185.2449951171875,1168.0,1183.8900146484375,87390,BAJAJFINSV,BSE,yfinance,1d
2022-07-18,1189.9000244140625,1228.0,1189.9000244140625,1224.6650390625,640250,BAJAJFINSV,BSE,yfinance,1d
2022-07-19,1220.0,1246.8199462890625,1210.7650146484375,1244.530029296875,104160,BAJAJFINSV,BSE,yfinance,1d
2022-07-20,1265.0,1265.0,1237.655029296875,1241.72998046875,131050,BAJAJFINSV,BSE,yfinance,1d
2022-07-21,1240.0,1275.5999755859375,1239.0,1271.824951171875,73630,BAJAJFINSV,BSE,yfinance,1d
2022-07-22,1291.4200439453125,1291.4200439453125,1266.4150390625,1274.10498046875,114570,BAJAJFINSV,BSE,yfinance,1d
2022-07-25,1279.800048828125,1279.800048828125,1257.0050048828125,1261.06494140625,63010,BAJAJFINSV,BSE,yfinance,1d
2022-07-26,1305.0999755859375,1354.7099609375,1279.760009765625,1331.4749755859375,500320,BAJAJFINSV,BSE,yfinance,1d
2022-07-27,1337.0,1338.25,1302.3299560546875,1330.31494140625,266530,BAJAJFINSV,BSE,yfinance,1d
2022-07-28,1350.0,1477.7850341796875,1350.0,1465.22998046875,509960,BAJAJFINSV,BSE,yfinance,1d
2022-07-29,1508.1300048828125,1519.9000244140625,1481.0250244140625,1503.9300537109375,525340,BAJAJFINSV,BSE,yfinance,1d
2022-08-01,1522.4000244140625,1524.780029296875,1493.800048828125,1507.22998046875,698580,BAJAJFINSV,BSE,yfinance,1d
2022-08-02,1502.199951171875,1528.800048828125,1486.030029296875,1521.574951171875,144360,BAJAJFINSV,BSE,yfinance,1d
2022-08-03,1521.574951171875,1534.260009765625,1511.800048828125,1524.364990234375,97600,BAJAJFINSV,BSE,yfinance,1d
2022-08-04,1530.0,1540.4449462890625,1506.050048828125,1517.8900146484375,125320,BAJAJFINSV,BSE,yfinance,1d
2022-08-05,1517.8900146484375,1526.0849609375,1504.5050048828125,1508.89501953125,70740,BAJAJFINSV,BSE,yfinance,1d
2022-08-08,1508.89501953125,1559.0,1504.0,1553.4200439453125,253300,BAJAJFINSV,BSE,yfinance,1d
2022-08-10,1553.4200439453125,1566.594970703125,1542.5450439453125,1564.324951171875,198350,BAJAJFINSV,BSE,yfinance,1d
2022-08-11,1594.800048828125,1594.800048828125,1569.9549560546875,1572.9300537109375,181630,BAJAJFINSV,BSE,yfinance,1d
2022-08-12,1573.5,1588.5,1568.0,1577.0350341796875,93820,BAJAJFINSV,BSE,yfinance,1d
2022-08-16,1580.0,1597.0,1580.0,1591.4300537109375,119520,BAJAJFINSV,BSE,yfinance,1d
2022-08-17,1592.5999755859375,1714.5350341796875,1592.5999755859375,1682.85498046875,380700,BAJAJFINSV,BSE,yfinance,1d
2022-08-18,1689.5,1700.68505859375,1662.8599853515625,1681.074951171875,148550,BAJAJFINSV,BSE,yfinance,1d
2022-08-19,1690.0,1694.800048828125,1612.60498046875,1629.2850341796875,375280,BAJAJFINSV,BSE,yfinance,1d
2022-08-22,1626.5999755859375,1628.469970703125,1580.574951171875,1587.2650146484375,340270,BAJAJFINSV,BSE,yfinance,1d
2022-08-23,1575.5999755859375,1652.7950439453125,1570.2850341796875,1630.925048828125,352160,BAJAJFINSV,BSE,yfinance,1d
2022-08-24,1629.0,1642.35498046875,1617.7750244140625,1632.81494140625,129980,BAJAJFINSV,BSE,yfinance,1d
2022-08-25,1649.89501953125,1659.5,1620.800048828125,1624.64501953125,118890,BAJAJFINSV,BSE,yfinance,1d
2022-08-26,1643.4949951171875,1650.5250244140625,1625.5150146484375,1628.7550048828125,145810,BAJAJFINSV,BSE,yfinance,1d
2022-08-29,1500.0,1618.094970703125,1500.0,1608.675048828125,195820,BAJAJFINSV,BSE,yfinance,1d
2022-08-30,1638.300048828125,1699.9000244140625,1638.300048828125,1696.6700439453125,454100,BAJAJFINSV,BSE,yfinance,1d
2022-09-01,1684.9000244140625,1768.8349609375,1680.0,1740.4000244140625,556700,BAJAJFINSV,BSE,yfinance,1d
2022-09-02,1765.5,1783.7099609375,1725.0999755859375,1733.114990234375,234470,BAJAJFINSV,BSE,yfinance,1d
2022-09-05,1739.0,1753.56494140625,1721.0,1737.56494140625,194500,BAJAJFINSV,BSE,yfinance,1d
2022-09-06,1747.0,1748.0,1693.5050048828125,1697.4300537109375,196490,BAJAJFINSV,BSE,yfinance,1d
2022-09-07,1698.0,1714.60498046875,1680.0,1705.64501953125,403040,BAJAJFINSV,BSE,yfinance,1d
2022-09-08,1730.0,1748.655029296875,1705.0,1738.14501953125,671570,BAJAJFINSV,BSE,yfinance,1d
2022-09-09,1752.5,1757.97998046875,1714.9949951171875,1720.2650146484375,161530,BAJAJFINSV,BSE,yfinance,1d
2022-09-12,1737.4000244140625,1742.06494140625,1706.0,1715.780029296875,187750,BAJAJFINSV,BSE,yfinance,1d
2022-09-13,1757.0,1846.0,1750.1500244140625,1784.449951171875,578234,BAJAJFINSV,BSE,yfinance,1d
2022-09-14,1780.0,1814.0,1752.1500244140625,1806.0999755859375,288104,BAJAJFINSV,BSE,yfinance,1d
2022-09-15,1815.550048828125,1825.0,1770.0,1772.0,232924,BAJAJFINSV,BSE,yfinance,1d
2022-09-16,1773.0,1785.0,1712.699951171875,1735.0999755859375,165637,BAJAJFINSV,BSE,yfinance,1d
2022-09-19,1734.0,1779.0,1733.449951171875,1766.1500244140625,137008,BAJAJFINSV,BSE,yfinance,1d
2022-09-20,1784.0,1813.0,1766.1500244140625,1802.800048828125,214050,BAJAJFINSV,BSE,yfinance,1d
2022-09-21,1798.0,1820.0,1779.0,1801.949951171875,107440,BAJAJFINSV,BSE,yfinance,1d
2022-09-22,1789.0,1789.0,1733.5,1771.8499755859375,166910,BAJAJFINSV,BSE,yfinance,1d
2022-09-23,1770.0,1778.8499755859375,1714.949951171875,1722.25,109717,BAJAJFINSV,BSE,yfinance,1d
2022-09-26,1695.0,1739.199951171875,1661.550048828125,1677.449951171875,402117,BAJAJFINSV,BSE,yfinance,1d
2022-09-27,1690.0,1715.0,1665.0,1679.6500244140625,185455,BAJAJFINSV,BSE,yfinance,1d
2022-09-28,1673.4000244140625,1679.050048828125,1645.0,1651.050048828125,147461,BAJAJFINSV,BSE,yfinance,1d
2022-09-29,1669.0,1688.6500244140625,1625.0999755859375,1635.5999755859375,78175,BAJAJFINSV,BSE,yfinance,1d
2022-09-30,1622.5,1698.75,1620.949951171875,1678.5999755859375,90795,BAJAJFINSV,BSE,yfinance,1d
2022-10-03,1681.5,1685.949951171875,1638.0,1646.050048828125,134382,BAJAJFINSV,BSE,yfinance,1d
2022-10-04,1677.0,1705.0,1672.199951171875,1701.5,59161,BAJAJFINSV,BSE,yfinance,1d
2022-10-06,1714.0,1723.25,1695.0,1710.050048828125,113246,BAJAJFINSV,BSE,yfinance,1d
2022-10-07,1709.449951171875,1709.449951171875,1684.5999755859375,1699.300048828125,41262,BAJAJFINSV,BSE,yfinance,1d
2022-10-10,1663.050048828125,1693.0999755859375,1657.550048828125,1684.0999755859375,93685,BAJAJFINSV,BSE,yfinance,1d
2022-10-11,1681.5999755859375,1707.0,1665.9000244140625,1673.5,295409,BAJAJFINSV,BSE,yfinance,1d
2022-10-12,1679.0,1701.0,1668.0,1694.4000244140625,111661,BAJAJFINSV,BSE,yfinance,1d
2022-10-13,1695.0,1695.0,1667.25,1681.3499755859375,28436,BAJAJFINSV,BSE,yfinance,1d
2022-10-14,1702.0,1711.0,1685.0999755859375,1688.449951171875,41229,BAJAJFINSV,BSE,yfinance,1d
2022-10-17,1680.0,1724.0999755859375,1674.3499755859375,1718.800048828125,354072,BAJAJFINSV,BSE,yfinance,1d
2022-10-18,1725.0,1736.4000244140625,1708.75,1725.8499755859375,70357,BAJAJFINSV,BSE,yfinance,1d
2022-10-19,1725.0,1731.1500244140625,1692.800048828125,1698.9000244140625,43614,BAJAJFINSV,BSE,yfinance,1d
2022-10-20,1685.0,1729.550048828125,1676.550048828125,1725.25,93010,BAJAJFINSV,BSE,yfinance,1d
2022-10-21,1732.0,1740.0,1675.25,1684.0,130518,BAJAJFINSV,BSE,yfinance,1d
2022-10-24,1714.800048828125,1724.5999755859375,1695.6500244140625,1702.550048828125,23214,BAJAJFINSV,BSE,yfinance,1d
2022-10-25,1692.949951171875,1700.0,1655.0,1659.050048828125,259096,BAJAJFINSV,BSE,yfinance,1d
2022-10-27,1665.300048828125,1674.0,1620.699951171875,1631.199951171875,127786,BAJAJFINSV,BSE,yfinance,1d
2022-10-28,1635.0999755859375,1660.0,1635.0999755859375,1653.300048828125,188062,BAJAJFINSV,BSE,yfinance,1d
2022-10-31,1663.0,1689.5999755859375,1661.199951171875,1687.75,51472,BAJAJFINSV,BSE,yfinance,1d
2022-11-01,1696.8499755859375,1714.5,1691.300048828125,1708.5999755859375,217030,BAJAJFINSV,BSE,yfinance,1d
2022-11-02,1708.5999755859375,1722.0,1699.4000244140625,1711.0999755859375,39951,BAJAJFINSV,BSE,yfinance,1d
2022-11-03,1695.0,1732.0,1692.5,1723.25,1297799,BAJAJFINSV,BSE,yfinance,1d
2022-11-04,1720.0,1807.75,1720.0,1801.699951171875,307148,BAJAJFINSV,BSE,yfinance,1d
2022-11-07,1810.0,1813.449951171875,1765.199951171875,1777.449951171875,245220,BAJAJFINSV,BSE,yfinance,1d
2022-11-09,1777.449951171875,1797.9000244140625,1745.199951171875,1753.5,59487,BAJAJFINSV,BSE,yfinance,1d
2022-11-10,1740.050048828125,1757.0,1693.4000244140625,1700.199951171875,219284,BAJAJFINSV,BSE,yfinance,1d
2022-11-11,1732.050048828125,1747.0,1707.800048828125,1718.25,56489,BAJAJFINSV,BSE,yfinance,1d
2022-11-14,1730.0,1735.25,1709.0,1718.3499755859375,37091,BAJAJFINSV,BSE,yfinance,1d
2022-11-15,1720.0,1729.8499755859375,1696.0,1705.3499755859375,161966,BAJAJFINSV,BSE,yfinance,1d
2022-11-16,1715.0,1715.0,1675.050048828125,1685.75,113072,BAJAJFINSV,BSE,yfinance,1d
2022-11-17,1680.0,1699.0,1662.0,1664.5999755859375,97832,BAJAJFINSV,BSE,yfinance,1d
2022-11-18,1665.0,1674.0,1641.800048828125,1654.6500244140625,90532,BAJAJFINSV,BSE,yfinance,1d
2022-11-21,1659.949951171875,1659.949951171875,1625.0,1635.199951171875,166835,BAJAJFINSV,BSE,yfinance,1d
2022-11-22,1636.0,1654.0999755859375,1632.0,1643.1500244140625,143179,BAJAJFINSV,BSE,yfinance,1d
2022-11-23,1658.75,1658.75,1630.5999755859375,1635.949951171875,72407,BAJAJFINSV,BSE,yfinance,1d
2022-11-24,1635.949951171875,1645.0,1619.300048828125,1634.1500244140625,58310,BAJAJFINSV,BSE,yfinance,1d
2022-11-25,1635.0,1646.0,1624.5999755859375,1633.25,166609,BAJAJFINSV,BSE,yfinance,1d
2022-11-28,1626.0,1661.800048828125,1626.0,1653.1500244140625,55384,BAJAJFINSV,BSE,yfinance,1d
2022-11-29,1649.0,1652.6500244140625,1630.0,1632.199951171875,132471,BAJAJFINSV,BSE,yfinance,1d
2022-11-30,1631.0,1644.0,1623.800048828125,1626.800048828125,74948,BAJAJFINSV,BSE,yfinance,1d
2022-12-01,1632.0,1642.0,1624.5,1639.050048828125,107387,BAJAJFINSV,BSE,yfinance,1d
2022-12-02,1630.0,1652.5,1625.25,1642.949951171875,118515,BAJAJFINSV,BSE,yfinance,1d
2022-12-05,1645.1500244140625,1655.0,1631.3499755859375,1634.0,109555,BAJAJFINSV,BSE,yfinance,1d
2022-12-06,1625.0999755859375,1646.4000244140625,1625.0999755859375,1635.25,23951,BAJAJFINSV,BSE,yfinance,1d
2022-12-07,1635.0,1642.0,1593.199951171875,1607.0,184737,BAJAJFINSV,BSE,yfinance,1d
2022-12-08,1604.050048828125,1621.4000244140625,1600.25,1618.0999755859375,67194,BAJAJFINSV,BSE,yfinance,1d
2022-12-09,1620.0,1627.5,1582.6500244140625,1598.449951171875,65530,BAJAJFINSV,BSE,yfinance,1d
2022-12-12,1585.0,1603.449951171875,1570.449951171875,1591.949951171875,30766,BAJAJFINSV,BSE,yfinance,1d
2022-12-13,1602.0,1616.800048828125,1591.949951171875,1611.199951171875,37583,BAJAJFINSV,BSE,yfinance,1d
2022-12-14,1613.050048828125,1628.0,1613.050048828125,1622.5999755859375,20349,BAJAJFINSV,BSE,yfinance,1d
2022-12-15,1622.550048828125,1631.5,1599.0,1603.449951171875,29550,BAJAJFINSV,BSE,yfinance,1d
2022-12-16,1593.0,1610.0,1580.800048828125,1587.199951171875,31656,BAJAJFINSV,BSE,yfinance,1d
2022-12-19,1590.050048828125,1626.800048828125,1590.050048828125,1618.9000244140625,94501,BAJAJFINSV,BSE,yfinance,1d
2022-12-20,1618.8499755859375,1618.8499755859375,1594.0,1615.1500244140625,17053,BAJAJFINSV,BSE,yfinance,1d
2022-12-21,1620.0,1628.300048828125,1576.0,1584.75,35379,BAJAJFINSV,BSE,yfinance,1d
2022-12-22,1580.050048828125,1593.5,1530.3499755859375,1544.4000244140625,183877,BAJAJFINSV,BSE,yfinance,1d
2022-12-23,1515.5,1543.5999755859375,1494.0,1497.050048828125,197005,BAJAJFINSV,BSE,yfinance,1d
2022-12-26,1488.0,1544.3499755859375,1485.0,1534.949951171875,103117,BAJAJFINSV,BSE,yfinance,1d
2022-12-27,1541.300048828125,1560.0,1518.1500244140625,1537.699951171875,42490,BAJAJFINSV,BSE,yfinance,1d
2022-12-28,1535.0,1535.0,1513.75,1524.449951171875,29886,BAJAJFINSV,BSE,yfinance,1d
2022-12-29,1514.050048828125,1522.3499755859375,1504.0,1514.9000244140625,94109,BAJAJFINSV,BSE,yfinance,1d
2022-12-30,1525.050048828125,1572.0,1525.050048828125,1548.449951171875,122771,BAJAJFINSV,BSE,yfinance,1d
2023-01-02,1552.5,1560.0,1528.050048828125,1552.4000244140625,105619,BAJAJFINSV,BSE,yfinance,1d
2023-01-03,1552.5,1570.0,1544.5,1563.25,26398,BAJAJFINSV,BSE,yfinance,1d
2023-01-04,1562.0,1566.699951171875,1540.800048828125,1547.449951171875,54539,BAJAJFINSV,BSE,yfinance,1d
2023-01-05,1551.0,1551.0,1455.0,1468.550048828125,193486,BAJAJFINSV,BSE,yfinance,1d
2023-01-06,1478.949951171875,1478.949951171875,1423.0999755859375,1429.9000244140625,147391,BAJAJFINSV,BSE,yfinance,1d
2023-01-09,1450.0,1451.0,1408.0999755859375,1412.6500244140625,131375,BAJAJFINSV,BSE,yfinance,1d
2023-01-10,1429.0,1429.300048828125,1391.5999755859375,1413.5,94607,BAJAJFINSV,BSE,yfinance,1d
2023-01-11,1415.050048828125,1423.050048828125,1397.449951171875,1400.0999755859375,103185,BAJAJFINSV,BSE,yfinance,1d
2023-01-12,1401.0,1415.0,1378.9000244140625,1387.8499755859375,130123,BAJAJFINSV,BSE,yfinance,1d
2023-01-13,1391.050048828125,1398.9000244140625,1374.5,1391.5999755859375,80257,BAJAJFINSV,BSE,yfinance,1d
2023-01-16,1401.949951171875,1417.8499755859375,1379.300048828125,1384.300048828125,150227,BAJAJFINSV,BSE,yfinance,1d
2023-01-17,1386.800048828125,1392.300048828125,1354.25,1373.050048828125,128555,BAJAJFINSV,BSE,yfinance,1d
2023-01-18,1375.050048828125,1379.199951171875,1365.0,1366.699951171875,52040,BAJAJFINSV,BSE,yfinance,1d
2023-01-19,1366.699951171875,1366.75,1348.25,1354.6500244140625,38072,BAJAJFINSV,BSE,yfinance,1d
2023-01-20,1356.050048828125,1361.0,1327.0,1333.25,57300,BAJAJFINSV,BSE,yfinance,1d
2023-01-23,1328.0,1344.949951171875,1320.300048828125,1332.550048828125,156585,BAJAJFINSV,BSE,yfinance,1d
2023-01-24,1333.050048828125,1349.0,1329.800048828125,1332.9000244140625,51305,BAJAJFINSV,BSE,yfinance,1d
2023-01-25,1332.9000244140625,1332.9000244140625,1310.0999755859375,1314.75,55337,BAJAJFINSV,BSE,yfinance,1d
2023-01-27,1319.949951171875,1336.449951171875,1302.3499755859375,1314.8499755859375,131494,BAJAJFINSV,BSE,yfinance,1d
2023-01-30,1316.050048828125,1359.9000244140625,1316.050048828125,1344.0,256247,BAJAJFINSV,BSE,yfinance,1d
2023-01-31,1358.949951171875,1358.949951171875,1323.75,1343.1500244140625,107796,BAJAJFINSV,BSE,yfinance,1d
2023-02-01,1345.300048828125,1360.699951171875,1247.0,1267.300048828125,377096,BAJAJFINSV,BSE,yfinance,1d
2023-02-02,1270.0,1288.25,1252.550048828125,1271.949951171875,124481,BAJAJFINSV,BSE,yfinance,1d
2023-02-03,1291.050048828125,1340.0,1281.3499755859375,1337.5,205799,BAJAJFINSV,BSE,yfinance,1d
2023-02-06,1339.949951171875,1348.4000244140625,1322.050048828125,1343.0,102345,BAJAJFINSV,BSE,yfinance,1d
2023-02-07,1349.8499755859375,1362.0,1337.550048828125,1351.199951171875,58031,BAJAJFINSV,BSE,yfinance,1d
2023-02-08,1359.949951171875,1377.0,1345.9000244140625,1369.0,136345,BAJAJFINSV,BSE,yfinance,1d
2023-02-09,1371.0,1409.1500244140625,1356.949951171875,1400.5,181728,BAJAJFINSV,BSE,yfinance,1d
2023-02-10,1405.0,1418.3499755859375,1394.050048828125,1401.3499755859375,122675,BAJAJFINSV,BSE,yfinance,1d
2023-02-13,1401.449951171875,1414.3499755859375,1381.9000244140625,1388.0,78202,BAJAJFINSV,BSE,yfinance,1d
2023-02-14,1388.5,1404.8499755859375,1374.5999755859375,1399.699951171875,43238,BAJAJFINSV,BSE,yfinance,1d
2023-02-15,1399.699951171875,1424.800048828125,1388.949951171875,1419.8499755859375,120061,BAJAJFINSV,BSE,yfinance,1d
2023-02-16,1430.050048828125,1435.1500244140625,1413.050048828125,1426.5,115656,BAJAJFINSV,BSE,yfinance,1d
2023-02-17,1425.0,1426.75,1410.699951171875,1413.9000244140625,23308,BAJAJFINSV,BSE,yfinance,1d
2023-02-20,1413.949951171875,1425.5999755859375,1400.75,1404.949951171875,29673,BAJAJFINSV,BSE,yfinance,1d
2023-02-21,1404.949951171875,1409.4000244140625,1390.1500244140625,1393.699951171875,81449,BAJAJFINSV,BSE,yfinance,1d
2023-02-22,1392.0,1392.0,1356.550048828125,1361.300048828125,38552,BAJAJFINSV,BSE,yfinance,1d
2023-02-23,1357.050048828125,1364.449951171875,1341.050048828125,1347.550048828125,73129,BAJAJFINSV,BSE,yfinance,1d
2023-02-24,1348.050048828125,1385.949951171875,1348.050048828125,1358.9000244140625,78238,BAJAJFINSV,BSE,yfinance,1d
2023-02-27,1365.0,1366.75,1345.0,1358.25,33704,BAJAJFINSV,BSE,yfinance,1d
2023-02-28,1365.0,1371.9000244140625,1330.0,1334.25,62281,BAJAJFINSV,BSE,yfinance,1d
2023-03-01,1333.050048828125,1359.949951171875,1333.050048828125,1344.5999755859375,36871,BAJAJFINSV,BSE,yfinance,1d
2023-03-02,1387.9000244140625,1387.9000244140625,1336.8499755859375,1343.4000244140625,84843,BAJAJFINSV,BSE,yfinance,1d
2023-03-03,1356.0,1363.0,1346.449951171875,1355.199951171875,46831,BAJAJFINSV,BSE,yfinance,1d
2023-03-06,1355.199951171875,1401.0,1355.199951171875,1381.4000244140625,80225,BAJAJFINSV,BSE,yfinance,1d
2023-03-08,1370.050048828125,1383.800048828125,1358.550048828125,1379.949951171875,47081,BAJAJFINSV,BSE,yfinance,1d
2023-03-09,1377.0,1377.8499755859375,1350.0,1352.75,40750,BAJAJFINSV,BSE,yfinance,1d
2023-03-10,1343.9000244140625,1343.9000244140625,1321.25,1328.699951171875,85804,BAJAJFINSV,BSE,yfinance,1d
2023-03-13,1321.550048828125,1340.699951171875,1292.0,1295.9000244140625,57073,BAJAJFINSV,BSE,yfinance,1d
2023-03-14,1300.0,1302.949951171875,1269.25,1281.1500244140625,105774,BAJAJFINSV,BSE,yfinance,1d
2023-03-15,1286.4000244140625,1309.050048828125,1278.6500244140625,1282.199951171875,46202,BAJAJFINSV,BSE,yfinance,1d
2023-03-16,1282.25,1303.4000244140625,1271.0,1295.199951171875,52873,BAJAJFINSV,BSE,yfinance,1d
2023-03-17,1302.0,1315.300048828125,1293.199951171875,1301.050048828125,40478,BAJAJFINSV,BSE,yfinance,1d
2023-03-20,1300.0,1305.050048828125,1230.5999755859375,1245.800048828125,131940,BAJAJFINSV,BSE,yfinance,1d
2023-03-21,1261.0,1271.1500244140625,1249.050048828125,1267.3499755859375,140918,BAJAJFINSV,BSE,yfinance,1d
2023-03-22,1270.050048828125,1314.1500244140625,1270.050048828125,1294.5999755859375,93240,BAJAJFINSV,BSE,yfinance,1d
2023-03-23,1290.0,1310.0,1278.25,1290.25,114204,BAJAJFINSV,BSE,yfinance,1d
2023-03-24,1282.0,1290.550048828125,1237.0,1241.050048828125,137709,BAJAJFINSV,BSE,yfinance,1d
2023-03-27,1242.050048828125,1251.3499755859375,1226.199951171875,1239.199951171875,98362,BAJAJFINSV,BSE,yfinance,1d
2023-03-28,1240.050048828125,1247.25,1216.0999755859375,1223.199951171875,95262,BAJAJFINSV,BSE,yfinance,1d
2023-03-29,1230.0,1251.4000244140625,1225.550048828125,1245.300048828125,48302,BAJAJFINSV,BSE,yfinance,1d
2023-03-31,1250.1500244140625,1269.4000244140625,1250.1500244140625,1266.3499755859375,46978,BAJAJFINSV,BSE,yfinance,1d
2023-04-03,1270.050048828125,1285.9000244140625,1266.0,1282.3499755859375,46235,BAJAJFINSV,BSE,yfinance,1d
2023-04-05,1285.0999755859375,1324.0,1276.199951171875,1279.3499755859375,93696,BAJAJFINSV,BSE,yfinance,1d
2023-04-06,1278.0,1310.800048828125,1272.199951171875,1303.6500244140625,106325,BAJAJFINSV,BSE,yfinance,1d
2023-04-10,1313.0,1317.550048828125,1296.800048828125,1304.949951171875,29509,BAJAJFINSV,BSE,yfinance,1d
2023-04-11,1309.0,1324.8499755859375,1306.949951171875,1323.3499755859375,52019,BAJAJFINSV,BSE,yfinance,1d
2023-04-12,1319.199951171875,1328.6500244140625,1315.6500244140625,1321.449951171875,57676,BAJAJFINSV,BSE,yfinance,1d
2023-04-13,1321.300048828125,1345.9000244140625,1319.5,1340.800048828125,33361,BAJAJFINSV,BSE,yfinance,1d
2023-04-17,1340.800048828125,1352.0,1330.550048828125,1340.25,27328,BAJAJFINSV,BSE,yfinance,1d
2023-04-18,1334.050048828125,1348.25,1329.25,1335.0999755859375,29590,BAJAJFINSV,BSE,yfinance,1d
2023-04-19,1335.0999755859375,1337.050048828125,1323.1500244140625,1331.3499755859375,23825,BAJAJFINSV,BSE,yfinance,1d
2023-04-20,1324.050048828125,1340.949951171875,1324.050048828125,1331.5999755859375,38357,BAJAJFINSV,BSE,yfinance,1d
2023-04-21,1332.0,1338.800048828125,1306.9000244140625,1316.699951171875,31071,BAJAJFINSV,BSE,yfinance,1d
2023-04-24,1316.699951171875,1322.800048828125,1308.300048828125,1319.1500244140625,20746,BAJAJFINSV,BSE,yfinance,1d
2023-04-25,1324.949951171875,1351.949951171875,1322.6500244140625,1345.949951171875,44966,BAJAJFINSV,BSE,yfinance,1d
2023-04-26,1346.0,1369.9000244140625,1328.9000244140625,1334.6500244140625,62839,BAJAJFINSV,BSE,yfinance,1d
2023-04-27,1345.1500244140625,1374.300048828125,1341.75,1359.949951171875,139338,BAJAJFINSV,BSE,yfinance,1d
2023-04-28,1373.75,1373.75,1319.75,1351.3499755859375,127632,BAJAJFINSV,BSE,yfinance,1d
2023-05-02,1356.0,1370.0,1346.0999755859375,1349.0999755859375,38944,BAJAJFINSV,BSE,yfinance,1d
2023-05-03,1341.050048828125,1350.75,1329.5,1346.25,55926,BAJAJFINSV,BSE,yfinance,1d
2023-05-04,1349.800048828125,1378.3499755859375,1342.050048828125,1374.050048828125,52426,BAJAJFINSV,BSE,yfinance,1d
2023-05-05,1374.0,1393.75,1355.1500244140625,1359.550048828125,78697,BAJAJFINSV,BSE,yfinance,1d
2023-05-08,1365.0,1410.0,1361.6500244140625,1404.75,203218,BAJAJFINSV,BSE,yfinance,1d
2023-05-09,1405.1500244140625,1446.0999755859375,1401.0,1407.9000244140625,112687,BAJAJFINSV,BSE,yfinance,1d
2023-05-10,1413.0999755859375,1421.25,1394.8499755859375,1413.75,37993,BAJAJFINSV,BSE,yfinance,1d
2023-05-11,1420.0,1426.75,1413.75,1419.699951171875,22300,BAJAJFINSV,BSE,yfinance,1d
2023-05-12,1419.699951171875,1428.0,1406.75,1423.4000244140625,30789,BAJAJFINSV,BSE,yfinance,1d
2023-05-15,1423.449951171875,1429.949951171875,1416.3499755859375,1421.300048828125,41868,BAJAJFINSV,BSE,yfinance,1d
2023-05-16,1433.0,1438.1500244140625,1422.0,1428.3499755859375,40465,BAJAJFINSV,BSE,yfinance,1d
2023-05-17,1426.0999755859375,1429.949951171875,1404.949951171875,1415.300048828125,73481,BAJAJFINSV,BSE,yfinance,1d
2023-05-18,1418.050048828125,1430.0,1412.4000244140625,1415.0,35012,BAJAJFINSV,BSE,yfinance,1d
2023-05-19,1415.050048828125,1421.75,1397.1500244140625,1415.8499755859375,29595,BAJAJFINSV,BSE,yfinance,1d
2023-05-22,1409.0,1418.0999755859375,1405.0,1412.800048828125,67104,BAJAJFINSV,BSE,yfinance,1d
2023-05-23,1412.0,1447.0,1412.0,1437.550048828125,59927,BAJAJFINSV,BSE,yfinance,1d
2023-05-24,1437.25,1447.0,1421.6500244140625,1426.0,93754,BAJAJFINSV,BSE,yfinance,1d
2023-05-25,1426.0,1429.199951171875,1416.3499755859375,1427.3499755859375,29357,BAJAJFINSV,BSE,yfinance,1d
2023-05-26,1425.0999755859375,1446.199951171875,1425.0999755859375,1438.050048828125,69789,BAJAJFINSV,BSE,yfinance,1d
2023-05-29,1450.0,1468.0,1444.0,1449.6500244140625,75756,BAJAJFINSV,BSE,yfinance,1d
2023-05-30,1452.050048828125,1467.300048828125,1439.1500244140625,1465.25,131129,BAJAJFINSV,BSE,yfinance,1d
2023-05-31,1465.0,1465.0,1447.25,1452.699951171875,32917,BAJAJFINSV,BSE,yfinance,1d
2023-06-01,1459.949951171875,1459.949951171875,1444.0,1450.4000244140625,59458,BAJAJFINSV,BSE,yfinance,1d
2023-06-02,1460.0,1466.5,1448.0,1456.550048828125,78111,BAJAJFINSV,BSE,yfinance,1d
2023-06-05,1472.949951171875,1472.949951171875,1456.4000244140625,1458.699951171875,29720,BAJAJFINSV,BSE,yfinance,1d
2023-06-06,1465.0,1478.949951171875,1463.300048828125,1475.0,49088,BAJAJFINSV,BSE,yfinance,1d
2023-06-07,1477.050048828125,1482.449951171875,1472.0,1481.050048828125,35300,BAJAJFINSV,BSE,yfinance,1d
2023-06-08,1480.050048828125,1485.0,1462.0999755859375,1467.4000244140625,59221,BAJAJFINSV,BSE,yfinance,1d
2023-06-09,1467.449951171875,1476.550048828125,1460.9000244140625,1466.050048828125,45001,BAJAJFINSV,BSE,yfinance,1d
2023-06-12,1466.0999755859375,1472.25,1461.1500244140625,1465.6500244140625,22031,BAJAJFINSV,BSE,yfinance,1d
2023-06-13,1471.0,1491.75,1470.949951171875,1487.5,133651,BAJAJFINSV,BSE,yfinance,1d
2023-06-14,1486.050048828125,1492.050048828125,1469.5999755859375,1480.25,61851,BAJAJFINSV,BSE,yfinance,1d
2023-06-15,1480.0,1482.0,1469.9000244140625,1475.949951171875,28129,BAJAJFINSV,BSE,yfinance,1d
2023-06-16,1476.0999755859375,1514.699951171875,1475.0,1508.5,134453,BAJAJFINSV,BSE,yfinance,1d
2023-06-19,1521.050048828125,1552.75,1516.4000244140625,1541.9000244140625,107363,BAJAJFINSV,BSE,yfinance,1d
2023-06-20,1542.0,1542.0,1502.300048828125,1521.1500244140625,72124,BAJAJFINSV,BSE,yfinance,1d
2023-06-21,1521.050048828125,1535.0,1512.9000244140625,1519.0999755859375,68910,BAJAJFINSV,BSE,yfinance,1d
2023-06-22,1526.949951171875,1526.949951171875,1505.0,1508.5,28270,BAJAJFINSV,BSE,yfinance,1d
2023-06-23,1501.1500244140625,1518.6500244140625,1483.800048828125,1501.5999755859375,84352,BAJAJFINSV,BSE,yfinance,1d
2023-06-26,1495.050048828125,1510.0,1489.449951171875,1508.5,21302,BAJAJFINSV,BSE,yfinance,1d
2023-06-27,1514.949951171875,1527.25,1503.0,1522.4000244140625,53756,BAJAJFINSV,BSE,yfinance,1d
2023-06-28,1530.0,1535.0,1516.0,1518.5,28557,BAJAJFINSV,BSE,yfinance,1d
2023-06-30,1519.0,1536.449951171875,1519.0,1527.3499755859375,47041,BAJAJFINSV,BSE,yfinance,1d
2023-07-03,1530.0,1543.449951171875,1527.0,1540.6500244140625,29131,BAJAJFINSV,BSE,yfinance,1d
2023-07-04,1560.0999755859375,1634.9000244140625,1560.0999755859375,1629.449951171875,549006,BAJAJFINSV,BSE,yfinance,1d
2023-07-05,1629.5,1642.5,1608.0,1614.699951171875,63537,BAJAJFINSV,BSE,yfinance,1d
2023-07-06,1619.949951171875,1623.949951171875,1609.8499755859375,1620.0999755859375,97316,BAJAJFINSV,BSE,yfinance,1d
2023-07-07,1608.0,1625.699951171875,1605.1500244140625,1614.449951171875,103294,BAJAJFINSV,BSE,yfinance,1d
2023-07-10,1614.4000244140625,1621.699951171875,1579.5999755859375,1598.4000244140625,45708,BAJAJFINSV,BSE,yfinance,1d
2023-07-11,1600.0,1632.0,1588.0,1592.5,302363,BAJAJFINSV,BSE,yfinance,1d
2023-07-12,1595.0,1605.5999755859375,1581.25,1592.300048828125,61312,BAJAJFINSV,BSE,yfinance,1d
2023-07-13,1592.3499755859375,1624.9000244140625,1592.3499755859375,1616.300048828125,27486,BAJAJFINSV,BSE,yfinance,1d
2023-07-14,1626.8499755859375,1635.0,1604.0999755859375,1614.050048828125,57697,BAJAJFINSV,BSE,yfinance,1d
2023-07-17,1618.0,1622.550048828125,1603.5,1610.6500244140625,32303,BAJAJFINSV,BSE,yfinance,1d
2023-07-18,1612.0,1624.800048828125,1602.4000244140625,1617.6500244140625,151789,BAJAJFINSV,BSE,yfinance,1d
2023-07-19,1618.0,1649.0,1613.9000244140625,1644.1500244140625,66745,BAJAJFINSV,BSE,yfinance,1d
2023-07-20,1646.050048828125,1657.6500244140625,1625.0,1635.1500244140625,83100,BAJAJFINSV,BSE,yfinance,1d
2023-07-21,1634.949951171875,1645.0,1620.199951171875,1631.0,34876,BAJAJFINSV,BSE,yfinance,1d
2023-07-24,1622.050048828125,1659.5999755859375,1621.949951171875,1657.699951171875,137938,BAJAJFINSV,BSE,yfinance,1d
2023-07-25,1660.050048828125,1663.5,1634.9000244140625,1648.25,63276,BAJAJFINSV,BSE,yfinance,1d
2023-07-26,1648.25,1664.9000244140625,1618.0999755859375,1625.6500244140625,57603,BAJAJFINSV,BSE,yfinance,1d
2023-07-27,1643.949951171875,1662.0,1603.6500244140625,1612.300048828125,109820,BAJAJFINSV,BSE,yfinance,1d
2023-07-28,1619.0,1627.0999755859375,1570.0,1584.1500244140625,164442,BAJAJFINSV,BSE,yfinance,1d
2023-07-31,1575.0,1602.550048828125,1570.9000244140625,1598.3499755859375,40224,BAJAJFINSV,BSE,yfinance,1d
2023-08-01,1597.0,1597.050048828125,1570.0,1572.449951171875,130866,BAJAJFINSV,BSE,yfinance,1d
2023-08-02,1568.0999755859375,1572.0,1524.0,1526.949951171875,198502,BAJAJFINSV,BSE,yfinance,1d
2023-08-03,1520.0999755859375,1523.1500244140625,1478.0,1494.9000244140625,153541,BAJAJFINSV,BSE,yfinance,1d
2023-08-04,1497.050048828125,1507.0999755859375,1471.550048828125,1486.0999755859375,141708,BAJAJFINSV,BSE,yfinance,1d
2023-08-07,1495.0,1512.0,1485.6500244140625,1507.5,64567,BAJAJFINSV,BSE,yfinance,1d
2023-08-08,1507.0,1520.0,1493.75,1515.949951171875,76021,BAJAJFINSV,BSE,yfinance,1d
2023-08-09,1527.949951171875,1529.6500244140625,1505.0,1516.25,53069,BAJAJFINSV,BSE,yfinance,1d
2023-08-10,1515.949951171875,1528.8499755859375,1506.050048828125,1519.550048828125,27081,BAJAJFINSV,BSE,yfinance,1d
2023-08-11,1519.550048828125,1521.75,1496.949951171875,1503.050048828125,79393,BAJAJFINSV,BSE,yfinance,1d
2023-08-14,1503.0,1503.0,1467.25,1482.0999755859375,45171,BAJAJFINSV,BSE,yfinance,1d
2023-08-16,1482.050048828125,1482.050048828125,1463.0,1469.4000244140625,70350,BAJAJFINSV,BSE,yfinance,1d
2023-08-17,1470.050048828125,1480.0,1466.6500244140625,1477.1500244140625,23838,BAJAJFINSV,BSE,yfinance,1d
2023-08-18,1470.050048828125,1475.0,1456.0,1459.5999755859375,52943,BAJAJFINSV,BSE,yfinance,1d
2023-08-21,1455.0,1484.050048828125,1451.0999755859375,1478.550048828125,37161,BAJAJFINSV,BSE,yfinance,1d
2023-08-22,1485.0,1494.0,1464.949951171875,1467.5,90536,BAJAJFINSV,BSE,yfinance,1d
2023-08-23,1474.949951171875,1474.949951171875,1458.3499755859375,1470.050048828125,28561,BAJAJFINSV,BSE,yfinance,1d
2023-08-24,1475.050048828125,1492.5,1465.0,1469.0999755859375,26858,BAJAJFINSV,BSE,yfinance,1d
2023-08-25,1469.0999755859375,1509.1500244140625,1468.1500244140625,1503.800048828125,189357,BAJAJFINSV,BSE,yfinance,1d
2023-08-28,1505.550048828125,1511.3499755859375,1487.5,1499.25,29353,BAJAJFINSV,BSE,yfinance,1d
2023-08-29,1507.050048828125,1514.0,1497.0999755859375,1504.5,27142,BAJAJFINSV,BSE,yfinance,1d
2023-08-30,1505.050048828125,1517.949951171875,1498.550048828125,1501.800048828125,58958,BAJAJFINSV,BSE,yfinance,1d
2023-08-31,1501.0,1507.5,1481.5999755859375,1488.25,49801,BAJAJFINSV,BSE,yfinance,1d
2023-09-01,1499.949951171875,1518.0,1488.25,1513.699951171875,33618,BAJAJFINSV,BSE,yfinance,1d
2023-09-04,1520.0,1526.300048828125,1506.5999755859375,1510.050048828125,21360,BAJAJFINSV,BSE,yfinance,1d
2023-09-05,1510.0999755859375,1519.75,1506.0,1509.550048828125,36406,BAJAJFINSV,BSE,yfinance,1d
2023-09-06,1509.0999755859375,1522.050048828125,1504.300048828125,1519.4000244140625,23121,BAJAJFINSV,BSE,yfinance,1d
2023-09-07,1519.4000244140625,1523.050048828125,1510.050048828125,1519.300048828125,49180,BAJAJFINSV,BSE,yfinance,1d
2023-09-08,1525.050048828125,1558.1500244140625,1525.050048828125,1540.5999755859375,60050,BAJAJFINSV,BSE,yfinance,1d
2023-09-11,1541.5,1552.0999755859375,1540.5,1549.4000244140625,38737,BAJAJFINSV,BSE,yfinance,1d
2023-09-12,1560.0,1560.0,1526.8499755859375,1543.6500244140625,53519,BAJAJFINSV,BSE,yfinance,1d
2023-09-13,1534.4000244140625,1564.800048828125,1520.5999755859375,1552.3499755859375,69233,BAJAJFINSV,BSE,yfinance,1d
2023-09-14,1555.300048828125,1562.0,1541.5999755859375,1550.75,20097,BAJAJFINSV,BSE,yfinance,1d
2023-09-15,1550.75,1567.9000244140625,1531.550048828125,1538.3499755859375,35113,BAJAJFINSV,BSE,yfinance,1d
2023-09-18,1535.050048828125,1564.449951171875,1533.449951171875,1559.1500244140625,63046,BAJAJFINSV,BSE,yfinance,1d
2023-09-20,1558.0,1567.0,1544.949951171875,1551.199951171875,34251,BAJAJFINSV,BSE,yfinance,1d
2023-09-21,1531.0,1552.0,1512.75,1525.300048828125,48108,BAJAJFINSV,BSE,yfinance,1d
2023-09-22,1531.75,1551.050048828125,1525.5999755859375,1542.300048828125,64255,BAJAJFINSV,BSE,yfinance,1d
2023-09-25,1546.050048828125,1590.5,1546.050048828125,1576.75,90261,BAJAJFINSV,BSE,yfinance,1d
2023-09-26,1582.0,1583.0,1551.6500244140625,1567.949951171875,67664,BAJAJFINSV,BSE,yfinance,1d
2023-09-27,1565.050048828125,1569.949951171875,1554.0,1566.1500244140625,38429,BAJAJFINSV,BSE,yfinance,1d
2023-09-28,1570.0,1570.449951171875,1535.1500244140625,1539.199951171875,54723,BAJAJFINSV,BSE,yfinance,1d
2023-09-29,1539.25,1552.199951171875,1533.0999755859375,1540.449951171875,57873,BAJAJFINSV,BSE,yfinance,1d
2023-10-03,1537.0,1563.9000244140625,1526.0,1560.5,55607,BAJAJFINSV,BSE,yfinance,1d
2023-10-04,1559.949951171875,1559.949951171875,1521.050048828125,1532.25,54900,BAJAJFINSV,BSE,yfinance,1d
2023-10-05,1537.050048828125,1556.0,1532.449951171875,1542.449951171875,18943,BAJAJFINSV,BSE,yfinance,1d
2023-10-06,1560.800048828125,1639.9000244140625,1549.300048828125,1632.800048828125,230705,BAJAJFINSV,BSE,yfinance,1d
2023-10-09,1628.949951171875,1628.949951171875,1607.25,1620.6500244140625,62375,BAJAJFINSV,BSE,yfinance,1d
2023-10-10,1628.050048828125,1644.25,1617.0999755859375,1633.1500244140625,36880,BAJAJFINSV,BSE,yfinance,1d
2023-10-11,1638.050048828125,1650.0,1632.6500244140625,1635.800048828125,101173,BAJAJFINSV,BSE,yfinance,1d
2023-10-12,1634.050048828125,1642.5999755859375,1624.5,1634.3499755859375,26230,BAJAJFINSV,BSE,yfinance,1d
2023-10-13,1630.0,1649.949951171875,1621.699951171875,1646.199951171875,159936,BAJAJFINSV,BSE,yfinance,1d
2023-10-16,1645.199951171875,1649.8499755859375,1631.0,1641.550048828125,25831,BAJAJFINSV,BSE,yfinance,1d
2023-10-17,1653.449951171875,1676.4000244140625,1648.050048828125,1657.4000244140625,48457,BAJAJFINSV,BSE,yfinance,1d
2023-10-18,1665.0,1666.0,1622.6500244140625,1628.4000244140625,51403,BAJAJFINSV,BSE,yfinance,1d
2023-10-19,1622.050048828125,1642.300048828125,1598.0,1634.449951171875,59452,BAJAJFINSV,BSE,yfinance,1d
2023-10-20,1633.5999755859375,1640.3499755859375,1615.5999755859375,1635.300048828125,248831,BAJAJFINSV,BSE,yfinance,1d
2023-10-23,1629.949951171875,1650.800048828125,1602.0,1611.800048828125,78456,BAJAJFINSV,BSE,yfinance,1d
2023-10-25,1610.050048828125,1629.8499755859375,1599.0,1609.949951171875,60836,BAJAJFINSV,BSE,yfinance,1d
2023-10-26,1595.0,1600.199951171875,1551.699951171875,1559.0,80053,BAJAJFINSV,BSE,yfinance,1d
2023-10-27,1570.0,1593.550048828125,1551.699951171875,1566.0,69970,BAJAJFINSV,BSE,yfinance,1d
2023-10-30,1577.199951171875,1577.199951171875,1528.449951171875,1560.5,50437,BAJAJFINSV,BSE,yfinance,1d
2023-10-31,1552.0,1580.449951171875,1552.0,1567.699951171875,40361,BAJAJFINSV,BSE,yfinance,1d
2023-11-01,1575.0,1580.1500244140625,1565.199951171875,1573.550048828125,43557,BAJAJFINSV,BSE,yfinance,1d
2023-11-02,1586.0,1591.25,1566.050048828125,1575.699951171875,94625,BAJAJFINSV,BSE,yfinance,1d
2023-11-03,1585.6500244140625,1593.5,1530.0,1538.300048828125,161788,BAJAJFINSV,BSE,yfinance,1d
2023-11-06,1547.0,1566.0,1540.0,1564.199951171875,67822,BAJAJFINSV,BSE,yfinance,1d
2023-11-07,1595.0,1603.199951171875,1550.550048828125,1569.75,61774,BAJAJFINSV,BSE,yfinance,1d
2023-11-08,1575.0,1579.0,1559.0,1575.5,36830,BAJAJFINSV,BSE,yfinance,1d
2023-11-09,1576.0,1588.0,1569.5,1583.050048828125,47916,BAJAJFINSV,BSE,yfinance,1d
2023-11-10,1585.0,1598.050048828125,1573.300048828125,1595.949951171875,107040,BAJAJFINSV,BSE,yfinance,1d
2023-11-13,1582.25,1597.0,1569.5999755859375,1585.4000244140625,24540,BAJAJFINSV,BSE,yfinance,1d
2023-11-15,1595.449951171875,1614.699951171875,1580.050048828125,1594.050048828125,156569,BAJAJFINSV,BSE,yfinance,1d
2023-11-16,1556.050048828125,1627.6500244140625,1540.0,1620.1500244140625,202052,BAJAJFINSV,BSE,yfinance,1d
2023-11-17,1597.949951171875,1619.0,1582.300048828125,1615.25,125837,BAJAJFINSV,BSE,yfinance,1d
2023-11-20,1615.0,1616.3499755859375,1586.0,1598.3499755859375,121615,BAJAJFINSV,BSE,yfinance,1d
2023-11-21,1592.3499755859375,1615.300048828125,1592.3499755859375,1610.0999755859375,120912,BAJAJFINSV,BSE,yfinance,1d
2023-11-22,1605.050048828125,1625.0,1603.0,1622.0,34194,BAJAJFINSV,BSE,yfinance,1d
2023-11-23,1629.949951171875,1636.25,1620.699951171875,1624.0,28819,BAJAJFINSV,BSE,yfinance,1d
2023-11-24,1618.0999755859375,1627.949951171875,1611.3499755859375,1617.0,151390,BAJAJFINSV,BSE,yfinance,1d
2023-11-28,1615.050048828125,1657.449951171875,1615.050048828125,1654.550048828125,73232,BAJAJFINSV,BSE,yfinance,1d
2023-11-29,1656.5999755859375,1663.75,1649.0,1654.0,72711,BAJAJFINSV,BSE,yfinance,1d
2023-11-30,1650.550048828125,1679.5,1644.75,1674.800048828125,97830,BAJAJFINSV,BSE,yfinance,1d
2023-12-01,1684.75,1688.0,1670.0,1684.8499755859375,183985,BAJAJFINSV,BSE,yfinance,1d
2023-12-04,1690.5999755859375,1714.0,1685.550048828125,1694.5999755859375,64406,BAJAJFINSV,BSE,yfinance,1d
2023-12-05,1699.9000244140625,1713.0,1674.0,1693.25,36296,BAJAJFINSV,BSE,yfinance,1d
2023-12-06,1694.1500244140625,1709.199951171875,1692.4000244140625,1700.0999755859375,79152,BAJAJFINSV,BSE,yfinance,1d
2023-12-07,1700.0,1724.300048828125,1689.8499755859375,1703.8499755859375,30023,BAJAJFINSV,BSE,yfinance,1d
2023-12-08,1703.25,1714.0999755859375,1692.449951171875,1710.25,38055,BAJAJFINSV,BSE,yfinance,1d
2023-12-11,1699.3499755859375,1716.6500244140625,1697.949951171875,1702.949951171875,51413,BAJAJFINSV,BSE,yfinance,1d
2023-12-12,1705.050048828125,1719.800048828125,1700.0,1705.8499755859375,49647,BAJAJFINSV,BSE,yfinance,1d
2023-12-13,1707.0,1709.699951171875,1668.300048828125,1683.9000244140625,25350,BAJAJFINSV,BSE,yfinance,1d
2023-12-14,1696.3499755859375,1733.0,1696.3499755859375,1730.949951171875,60710,BAJAJFINSV,BSE,yfinance,1d
2023-12-15,1741.8499755859375,1741.8499755859375,1718.5999755859375,1733.0999755859375,74053,BAJAJFINSV,BSE,yfinance,1d
2023-12-18,1733.0,1738.199951171875,1718.3499755859375,1723.8499755859375,20793,BAJAJFINSV,BSE,yfinance,1d
2023-12-19,1723.8499755859375,1725.8499755859375,1698.0,1710.1500244140625,20460,BAJAJFINSV,BSE,yfinance,1d
2023-12-20,1713.199951171875,1741.0,1671.699951171875,1680.6500244140625,92762,BAJAJFINSV,BSE,yfinance,1d
2023-12-21,1660.25,1681.449951171875,1660.25,1668.4000244140625,30622,BAJAJFINSV,BSE,yfinance,1d
2023-12-22,1670.699951171875,1689.800048828125,1663.4000244140625,1671.449951171875,76215,BAJAJFINSV,BSE,yfinance,1d
2023-12-26,1671.050048828125,1683.5999755859375,1638.0,1647.6500244140625,41547,BAJAJFINSV,BSE,yfinance,1d
2023-12-27,1656.199951171875,1674.050048828125,1655.0,1669.5,49719,BAJAJFINSV,BSE,yfinance,1d
2023-12-28,1679.949951171875,1699.0,1667.550048828125,1680.1500244140625,76429,BAJAJFINSV,BSE,yfinance,1d
2023-12-29,1677.199951171875,1693.199951171875,1675.1500244140625,1685.4000244140625,32641,BAJAJFINSV,BSE,yfinance,1d
2024-01-01,1685.0,1691.699951171875,1671.0,1674.25,16857,BAJAJFINSV,BSE,yfinance,1d
2024-01-02,1678.9000244140625,1689.0,1664.5999755859375,1686.5999755859375,18351,BAJAJFINSV,BSE,yfinance,1d
2024-01-03,1678.0,1708.0,1675.25,1677.199951171875,54124,BAJAJFINSV,BSE,yfinance,1d
2024-01-04,1691.0999755859375,1724.0,1691.0999755859375,1701.5,135537,BAJAJFINSV,BSE,yfinance,1d
2024-01-05,1700.1500244140625,1717.0,1698.050048828125,1709.25,117600,BAJAJFINSV,BSE,yfinance,1d
2024-01-08,1710.199951171875,1723.0,1691.9000244140625,1696.699951171875,23290,BAJAJFINSV,BSE,yfinance,1d
2024-01-09,1708.3499755859375,1714.300048828125,1675.0,1681.8499755859375,63306,BAJAJFINSV,BSE,yfinance,1d
2024-01-10,1683.25,1684.25,1659.5999755859375,1671.949951171875,15871,BAJAJFINSV,BSE,yfinance,1d
2024-01-11,1682.1500244140625,1701.300048828125,1660.0999755859375,1669.25,41188,BAJAJFINSV,BSE,yfinance,1d
2024-01-12,1679.199951171875,1679.199951171875,1642.050048828125,1651.6500244140625,75256,BAJAJFINSV,BSE,yfinance,1d
2024-01-15,1655.0,1664.199951171875,1630.0,1632.3499755859375,65139,BAJAJFINSV,BSE,yfinance,1d
2024-01-16,1632.300048828125,1645.0,1621.199951171875,1623.6500244140625,35785,BAJAJFINSV,BSE,yfinance,1d
2024-01-17,1615.199951171875,1622.550048828125,1578.0999755859375,1584.949951171875,88905,BAJAJFINSV,BSE,yfinance,1d
2024-01-18,1583.1500244140625,1604.0,1558.699951171875,1581.0999755859375,30033,BAJAJFINSV,BSE,yfinance,1d
2024-01-19,1581.949951171875,1605.0,1581.949951171875,1600.4000244140625,42708,BAJAJFINSV,BSE,yfinance,1d
2024-01-23,1583.1500244140625,1615.0,1575.9000244140625,1584.0,44145,BAJAJFINSV,BSE,yfinance,1d
2024-01-24,1587.300048828125,1622.25,1577.800048828125,1620.6500244140625,73586,BAJAJFINSV,BSE,yfinance,1d
2024-01-25,1613.3499755859375,1632.8499755859375,1613.3499755859375,1630.199951171875,96768,BAJAJFINSV,BSE,yfinance,1d
2024-01-29,1632.050048828125,1640.050048828125,1618.449951171875,1637.0,61099,BAJAJFINSV,BSE,yfinance,1d
2024-01-30,1625.0999755859375,1626.3499755859375,1585.0999755859375,1590.949951171875,130373,BAJAJFINSV,BSE,yfinance,1d
2024-01-31,1592.050048828125,1632.0,1585.0999755859375,1627.1500244140625,76434,BAJAJFINSV,BSE,yfinance,1d
2024-02-01,1630.9000244140625,1630.9000244140625,1613.75,1621.75,15358,BAJAJFINSV,BSE,yfinance,1d
2024-02-02,1630.449951171875,1663.550048828125,1629.5999755859375,1652.1500244140625,75450,BAJAJFINSV,BSE,yfinance,1d
2024-02-05,1641.199951171875,1660.0,1608.300048828125,1614.5,99707,BAJAJFINSV,BSE,yfinance,1d
2024-02-06,1628.8499755859375,1628.8499755859375,1579.5999755859375,1597.0999755859375,32960,BAJAJFINSV,BSE,yfinance,1d
2024-02-07,1610.0,1623.199951171875,1590.0,1596.9000244140625,49352,BAJAJFINSV,BSE,yfinance,1d
2024-02-08,1597.050048828125,1607.25,1565.25,1570.699951171875,95923,BAJAJFINSV,BSE,yfinance,1d
2024-02-09,1575.75,1593.4000244140625,1563.6500244140625,1571.1500244140625,97075,BAJAJFINSV,BSE,yfinance,1d
2024-02-12,1575.0999755859375,1580.0999755859375,1552.0,1557.3499755859375,76440,BAJAJFINSV,BSE,yfinance,1d
2024-02-13,1558.050048828125,1585.5,1552.050048828125,1568.199951171875,64821,BAJAJFINSV,BSE,yfinance,1d
2024-02-14,1565.0,1582.0,1555.0999755859375,1579.25,262297,BAJAJFINSV,BSE,yfinance,1d
2024-02-15,1588.0,1589.949951171875,1564.75,1569.449951171875,59018,BAJAJFINSV,BSE,yfinance,1d
2024-02-16,1571.050048828125,1582.6500244140625,1567.199951171875,1575.550048828125,85393,BAJAJFINSV,BSE,yfinance,1d
2024-02-19,1579.75,1625.050048828125,1571.6500244140625,1620.1500244140625,28268,BAJAJFINSV,BSE,yfinance,1d
2024-02-20,1620.0999755859375,1620.0999755859375,1597.5,1603.5,31843,BAJAJFINSV,BSE,yfinance,1d
2024-02-21,1603.300048828125,1618.0,1584.0,1586.449951171875,39040,BAJAJFINSV,BSE,yfinance,1d
2024-02-22,1587.6500244140625,1597.949951171875,1566.5999755859375,1593.75,30639,BAJAJFINSV,BSE,yfinance,1d
2024-02-23,1585.8499755859375,1620.5999755859375,1585.8499755859375,1616.5999755859375,123454,BAJAJFINSV,BSE,yfinance,1d
2024-02-26,1616.5,1629.25,1609.300048828125,1613.6500244140625,46558,BAJAJFINSV,BSE,yfinance,1d
2024-02-27,1611.1500244140625,1622.5,1595.6500244140625,1599.6500244140625,14756,BAJAJFINSV,BSE,yfinance,1d
2024-02-28,1601.300048828125,1608.699951171875,1582.699951171875,1584.0999755859375,12800,BAJAJFINSV,BSE,yfinance,1d
2024-02-29,1583.1500244140625,1603.0,1569.8499755859375,1594.1500244140625,19288,BAJAJFINSV,BSE,yfinance,1d
2024-03-01,1591.4000244140625,1620.25,1591.4000244140625,1613.550048828125,78297,BAJAJFINSV,BSE,yfinance,1d
2024-03-04,1610.4000244140625,1624.6500244140625,1603.949951171875,1619.4000244140625,12973,BAJAJFINSV,BSE,yfinance,1d
2024-03-05,1625.6500244140625,1635.6500244140625,1541.550048828125,1550.050048828125,79103,BAJAJFINSV,BSE,yfinance,1d
2024-03-06,1560.0,1560.0,1531.5999755859375,1551.5999755859375,48761,BAJAJFINSV,BSE,yfinance,1d
2024-03-07,1552.050048828125,1589.0,1552.050048828125,1582.5999755859375,37003,BAJAJFINSV,BSE,yfinance,1d
2024-03-11,1586.4000244140625,1615.300048828125,1586.0,1599.9000244140625,82409,BAJAJFINSV,BSE,yfinance,1d
2024-03-12,1594.5,1611.0,1566.0,1593.0999755859375,56639,BAJAJFINSV,BSE,yfinance,1d
2024-03-13,1594.0,1598.25,1561.8499755859375,1572.050048828125,23045,BAJAJFINSV,BSE,yfinance,1d
2024-03-14,1568.0,1577.25,1551.0,1564.199951171875,19034,BAJAJFINSV,BSE,yfinance,1d
2024-03-18,1570.050048828125,1578.6500244140625,1562.0,1576.9000244140625,25134,BAJAJFINSV,BSE,yfinance,1d
2024-03-19,1577.949951171875,1590.0,1551.25,1581.3499755859375,23546,BAJAJFINSV,BSE,yfinance,1d
2024-03-20,1589.3499755859375,1593.5,1566.5,1584.3499755859375,12800,BAJAJFINSV,BSE,yfinance,1d
2024-03-21,1592.75,1608.9000244140625,1592.0,1602.199951171875,21391,BAJAJFINSV,BSE,yfinance,1d
2024-03-22,1585.050048828125,1609.699951171875,1583.0999755859375,1587.4000244140625,28385,BAJAJFINSV,BSE,yfinance,1d
2024-03-26,1592.0,1619.0,1589.5999755859375,1593.3499755859375,33950,BAJAJFINSV,BSE,yfinance,1d
2024-03-27,1593.300048828125,1610.0,1578.6500244140625,1581.199951171875,18092,BAJAJFINSV,BSE,yfinance,1d
2024-03-28,1593.949951171875,1669.0,1591.5,1643.6500244140625,106499,BAJAJFINSV,BSE,yfinance,1d
2024-04-01,1663.0999755859375,1675.25,1640.199951171875,1645.8499755859375,43554,BAJAJFINSV,BSE,yfinance,1d
2024-04-02,1658.0,1662.4000244140625,1626.4000244140625,1657.6500244140625,28949,BAJAJFINSV,BSE,yfinance,1d
2024-04-03,1656.949951171875,1656.949951171875,1634.9000244140625,1639.75,43678,BAJAJFINSV,BSE,yfinance,1d
2024-04-04,1654.550048828125,1662.449951171875,1629.699951171875,1655.199951171875,28221,BAJAJFINSV,BSE,yfinance,1d
2024-04-05,1664.0,1681.4000244140625,1651.75,1675.8499755859375,59528,BAJAJFINSV,BSE,yfinance,1d
2024-04-08,1686.0,1701.0,1684.800048828125,1689.699951171875,31295,BAJAJFINSV,BSE,yfinance,1d
2024-04-09,1696.0,1714.949951171875,1687.050048828125,1709.5999755859375,77487,BAJAJFINSV,BSE,yfinance,1d
2024-04-10,1711.449951171875,1721.9000244140625,1696.0,1704.699951171875,21214,BAJAJFINSV,BSE,yfinance,1d
2024-04-12,1701.0,1706.0,1689.25,1698.0999755859375,52748,BAJAJFINSV,BSE,yfinance,1d
2024-04-15,1675.0,1690.800048828125,1654.449951171875,1657.300048828125,23387,BAJAJFINSV,BSE,yfinance,1d
2024-04-16,1632.3499755859375,1647.800048828125,1610.949951171875,1618.550048828125,56266,BAJAJFINSV,BSE,yfinance,1d
2024-04-18,1619.699951171875,1630.1500244140625,1590.0,1594.25,41500,BAJAJFINSV,BSE,yfinance,1d
2024-04-19,1582.3499755859375,1628.800048828125,1570.0,1618.699951171875,71609,BAJAJFINSV,BSE,yfinance,1d
2024-04-22,1620.3499755859375,1639.3499755859375,1618.1500244140625,1629.1500244140625,20906,BAJAJFINSV,BSE,yfinance,1d
2024-04-23,1630.0,1650.25,1616.0,1620.449951171875,33864,BAJAJFINSV,BSE,yfinance,1d
2024-04-24,1624.8499755859375,1648.800048828125,1618.449951171875,1630.449951171875,25025,BAJAJFINSV,BSE,yfinance,1d
2024-04-25,1626.25,1671.5999755859375,1616.0,1655.800048828125,76413,BAJAJFINSV,BSE,yfinance,1d
2024-04-26,1651.699951171875,1651.699951171875,1580.0,1597.0999755859375,236853,BAJAJFINSV,BSE,yfinance,1d
2024-04-29,1604.8499755859375,1604.8499755859375,1587.8499755859375,1595.449951171875,28854,BAJAJFINSV,BSE,yfinance,1d
2024-04-30,1597.9000244140625,1633.699951171875,1591.449951171875,1615.699951171875,30215,BAJAJFINSV,BSE,yfinance,1d
2024-05-02,1616.699951171875,1635.0,1611.3499755859375,1616.0,52656,BAJAJFINSV,BSE,yfinance,1d
2024-05-03,1654.949951171875,1725.0,1618.8499755859375,1627.0999755859375,280897,BAJAJFINSV,BSE,yfinance,1d
2024-05-06,1639.949951171875,1639.949951171875,1607.300048828125,1611.550048828125,26442,BAJAJFINSV,BSE,yfinance,1d
2024-05-07,1621.6500244140625,1624.550048828125,1593.1500244140625,1614.449951171875,168740,BAJAJFINSV,BSE,yfinance,1d
2024-05-08,1604.9000244140625,1620.0,1599.050048828125,1602.699951171875,17164,BAJAJFINSV,BSE,yfinance,1d
2024-05-09,1605.0,1613.4000244140625,1560.3499755859375,1563.0999755859375,32618,BAJAJFINSV,BSE,yfinance,1d
2024-05-10,1562.9000244140625,1584.0,1557.550048828125,1573.25,28072,BAJAJFINSV,BSE,yfinance,1d
2024-05-13,1573.25,1587.050048828125,1556.449951171875,1580.8499755859375,39987,BAJAJFINSV,BSE,yfinance,1d
2024-05-14,1576.6500244140625,1588.0,1570.0,1575.8499755859375,28295,BAJAJFINSV,BSE,yfinance,1d
2024-05-15,1581.0,1589.4000244140625,1566.699951171875,1569.050048828125,16661,BAJAJFINSV,BSE,yfinance,1d
2024-05-16,1579.949951171875,1600.0,1561.0,1596.0999755859375,42665,BAJAJFINSV,BSE,yfinance,1d
2024-05-17,1599.75,1599.75,1579.5999755859375,1584.5,42138,BAJAJFINSV,BSE,yfinance,1d
2024-05-21,1584.050048828125,1594.1500244140625,1572.550048828125,1582.449951171875,16138,BAJAJFINSV,BSE,yfinance,1d
2024-05-22,1584.75,1589.75,1574.75,1584.199951171875,16874,BAJAJFINSV,BSE,yfinance,1d
2024-05-23,1587.0,1613.25,1582.199951171875,1608.550048828125,67176,BAJAJFINSV,BSE,yfinance,1d
2024-05-24,1609.3499755859375,1619.800048828125,1597.0999755859375,1601.25,47153,BAJAJFINSV,BSE,yfinance,1d
2024-05-27,1601.4000244140625,1610.550048828125,1591.0,1595.050048828125,98106,BAJAJFINSV,BSE,yfinance,1d
2024-05-28,1600.0,1605.4000244140625,1590.0,1600.0,80487,BAJAJFINSV,BSE,yfinance,1d
2024-05-29,1599.6500244140625,1600.5999755859375,1565.6500244140625,1569.800048828125,129514,BAJAJFINSV,BSE,yfinance,1d
2024-05-30,1569.800048828125,1574.25,1517.449951171875,1524.1500244140625,34002,BAJAJFINSV,BSE,yfinance,1d
2024-05-31,1534.25,1552.199951171875,1518.4000244140625,1528.449951171875,116737,BAJAJFINSV,BSE,yfinance,1d
2024-06-03,1559.300048828125,1583.199951171875,1556.300048828125,1575.8499755859375,25572,BAJAJFINSV,BSE,yfinance,1d
2024-06-04,1570.0,1570.0,1419.0,1478.6500244140625,204551,BAJAJFINSV,BSE,yfinance,1d
2024-06-05,1481.050048828125,1527.5,1477.300048828125,1518.199951171875,75776,BAJAJFINSV,BSE,yfinance,1d
2024-06-06,1538.25,1540.5,1511.5,1526.449951171875,104814,BAJAJFINSV,BSE,yfinance,1d
2024-06-07,1535.050048828125,1579.5,1531.0,1564.699951171875,147922,BAJAJFINSV,BSE,yfinance,1d
2024-06-10,1594.699951171875,1594.699951171875,1560.0,1565.050048828125,133799,BAJAJFINSV,BSE,yfinance,1d
2024-06-11,1570.1500244140625,1577.25,1558.0,1568.25,30862,BAJAJFINSV,BSE,yfinance,1d
2024-06-12,1572.949951171875,1593.3499755859375,1564.0,1579.4000244140625,71554,BAJAJFINSV,BSE,yfinance,1d
2024-06-13,1585.25,1595.6500244140625,1581.0999755859375,1590.1500244140625,46538,BAJAJFINSV,BSE,yfinance,1d
2024-06-14,1590.1500244140625,1595.0,1575.0,1592.4000244140625,60634,BAJAJFINSV,BSE,yfinance,1d
2024-06-18,1592.449951171875,1604.0,1585.0,1598.800048828125,70996,BAJAJFINSV,BSE,yfinance,1d
2024-06-19,1599.0,1599.0,1582.25,1594.699951171875,49573,BAJAJFINSV,BSE,yfinance,1d
2024-06-20,1598.949951171875,1598.949951171875,1573.550048828125,1586.25,23055,BAJAJFINSV,BSE,yfinance,1d
2024-06-21,1580.050048828125,1610.0,1570.0,1579.0,190099,BAJAJFINSV,BSE,yfinance,1d
2024-06-24,1565.6500244140625,1589.0,1560.0,1587.199951171875,43489,BAJAJFINSV,BSE,yfinance,1d
2024-06-25,1594.949951171875,1610.0,1571.0999755859375,1602.800048828125,67752,BAJAJFINSV,BSE,yfinance,1d
2024-06-26,1609.800048828125,1616.0999755859375,1593.8499755859375,1600.8499755859375,52199,BAJAJFINSV,BSE,yfinance,1d
2024-06-27,1608.8499755859375,1614.0,1595.9000244140625,1602.800048828125,71613,BAJAJFINSV,BSE,yfinance,1d
2024-06-28,1600.75,1621.8499755859375,1584.0,1587.800048828125,169033,BAJAJFINSV,BSE,yfinance,1d
2024-07-01,1590.9000244140625,1590.9000244140625,1578.3499755859375,1580.050048828125,125997,BAJAJFINSV,BSE,yfinance,1d
2024-07-02,1584.9000244140625,1584.949951171875,1561.0,1579.9000244140625,429470,BAJAJFINSV,BSE,yfinance,1d
2024-07-03,1580.3499755859375,1597.0,1572.449951171875,1594.5999755859375,116758,BAJAJFINSV,BSE,yfinance,1d
2024-07-04,1606.0,1609.0,1579.5999755859375,1583.5,80083,BAJAJFINSV,BSE,yfinance,1d
2024-07-05,1589.699951171875,1593.5999755859375,1570.5,1579.800048828125,47502,BAJAJFINSV,BSE,yfinance,1d
2024-07-08,1575.050048828125,1578.9000244140625,1562.4000244140625,1568.1500244140625,75551,BAJAJFINSV,BSE,yfinance,1d
2024-07-09,1571.550048828125,1583.199951171875,1567.25,1581.5999755859375,34756,BAJAJFINSV,BSE,yfinance,1d
2024-07-10,1586.949951171875,1588.8499755859375,1572.0,1582.5999755859375,192279,BAJAJFINSV,BSE,yfinance,1d
2024-07-11,1583.0,1596.0,1576.0999755859375,1588.050048828125,70003,BAJAJFINSV,BSE,yfinance,1d
2024-07-12,1602.0,1604.9000244140625,1585.0,1597.050048828125,179390,BAJAJFINSV,BSE,yfinance,1d
2024-07-15,1599.949951171875,1607.4000244140625,1588.0999755859375,1602.800048828125,28590,BAJAJFINSV,BSE,yfinance,1d
2024-07-16,1600.1500244140625,1614.6500244140625,1598.0,1609.949951171875,141992,BAJAJFINSV,BSE,yfinance,1d
2024-07-18,1608.949951171875,1653.050048828125,1592.5999755859375,1651.4000244140625,347019,BAJAJFINSV,BSE,yfinance,1d
2024-07-19,1651.0,1659.4000244140625,1635.199951171875,1639.699951171875,210313,BAJAJFINSV,BSE,yfinance,1d
2024-07-22,1621.0999755859375,1650.5,1621.0999755859375,1631.4000244140625,21304,BAJAJFINSV,BSE,yfinance,1d
2024-07-23,1632.050048828125,1647.75,1599.050048828125,1617.800048828125,103072,BAJAJFINSV,BSE,yfinance,1d
2024-07-24,1600.0,1611.5999755859375,1562.699951171875,1578.449951171875,67094,BAJAJFINSV,BSE,yfinance,1d
2024-07-25,1574.5,1582.550048828125,1558.5999755859375,1571.449951171875,66250,BAJAJFINSV,BSE,yfinance,1d
2024-07-26,1583.0,1592.5,1569.0,1586.050048828125,283593,BAJAJFINSV,BSE,yfinance,1d
2024-07-29,1585.0,1624.25,1583.0,1617.4000244140625,33041,BAJAJFINSV,BSE,yfinance,1d
2024-07-30,1616.949951171875,1669.0,1596.0,1644.4000244140625,168304,BAJAJFINSV,BSE,yfinance,1d
2024-07-31,1651.300048828125,1656.0,1639.0,1653.300048828125,68838,BAJAJFINSV,BSE,yfinance,1d
2024-08-01,1649.449951171875,1658.699951171875,1630.0,1633.800048828125,49058,BAJAJFINSV,BSE,yfinance,1d
2024-08-02,1624.800048828125,1629.6500244140625,1603.1500244140625,1624.0,164373,BAJAJFINSV,BSE,yfinance,1d
2024-08-05,1570.050048828125,1605.4000244140625,1562.0,1567.300048828125,259150,BAJAJFINSV,BSE,yfinance,1d
2024-08-06,1570.050048828125,1597.1500244140625,1557.300048828125,1564.0,78801,BAJAJFINSV,BSE,yfinance,1d
2024-08-07,1585.0,1585.0,1564.0,1571.699951171875,11136,BAJAJFINSV,BSE,yfinance,1d
2024-08-08,1571.699951171875,1574.300048828125,1533.0,1541.449951171875,97363,BAJAJFINSV,BSE,yfinance,1d
2024-08-09,1557.0,1562.5999755859375,1545.5999755859375,1560.0999755859375,47482,BAJAJFINSV,BSE,yfinance,1d
2024-08-12,1559.75,1570.050048828125,1548.9000244140625,1558.6500244140625,18089,BAJAJFINSV,BSE,yfinance,1d
2024-08-13,1550.3499755859375,1569.0,1537.800048828125,1544.3499755859375,174625,BAJAJFINSV,BSE,yfinance,1d
2024-08-14,1544.0,1544.3499755859375,1526.9000244140625,1529.1500244140625,78691,BAJAJFINSV,BSE,yfinance,1d
2024-08-16,1531.1500244140625,1552.3499755859375,1523.75,1550.199951171875,51755,BAJAJFINSV,BSE,yfinance,1d
2024-08-19,1560.800048828125,1561.0,1545.800048828125,1551.8499755859375,132699,BAJAJFINSV,BSE,yfinance,1d
2024-08-20,1553.3499755859375,1624.1500244140625,1552.1500244140625,1602.300048828125,102983,BAJAJFINSV,BSE,yfinance,1d
2024-08-21,1601.949951171875,1628.0,1600.199951171875,1619.25,125596,BAJAJFINSV,BSE,yfinance,1d
2024-08-22,1624.949951171875,1629.949951171875,1614.199951171875,1626.25,76148,BAJAJFINSV,BSE,yfinance,1d
2024-08-23,1630.0,1645.0,1624.0,1640.199951171875,103240,BAJAJFINSV,BSE,yfinance,1d
2024-08-26,1650.0,1689.0,1639.550048828125,1686.699951171875,165073,BAJAJFINSV,BSE,yfinance,1d
2024-08-27,1690.0,1729.199951171875,1651.75,1721.550048828125,235526,BAJAJFINSV,BSE,yfinance,1d
2024-08-28,1729.949951171875,1734.5,1699.6500244140625,1714.0,118930,BAJAJFINSV,BSE,yfinance,1d
2024-08-29,1719.9000244140625,1771.5,1711.949951171875,1755.25,336481,BAJAJFINSV,BSE,yfinance,1d
2024-08-30,1774.9000244140625,1793.0,1750.0999755859375,1782.449951171875,125332,BAJAJFINSV,BSE,yfinance,1d
2024-09-02,1799.699951171875,1861.699951171875,1790.1500244140625,1840.0999755859375,208355,BAJAJFINSV,BSE,yfinance,1d
2024-09-03,1853.5,1870.699951171875,1812.300048828125,1863.949951171875,159694,BAJAJFINSV,BSE,yfinance,1d
2024-09-04,1856.75,1879.8499755859375,1834.949951171875,1871.949951171875,87864,BAJAJFINSV,BSE,yfinance,1d
2024-09-05,1870.4000244140625,1874.199951171875,1850.0,1864.449951171875,88187,BAJAJFINSV,BSE,yfinance,1d
2024-09-06,1859.949951171875,1898.0,1836.8499755859375,1856.75,129615,BAJAJFINSV,BSE,yfinance,1d
2024-09-09,1874.949951171875,1874.949951171875,1839.25,1858.9000244140625,89258,BAJAJFINSV,BSE,yfinance,1d
2024-09-10,1877.4000244140625,1877.4000244140625,1815.8499755859375,1825.300048828125,125719,BAJAJFINSV,BSE,yfinance,1d
2024-09-11,1830.0,1853.5999755859375,1813.3499755859375,1832.699951171875,109598,BAJAJFINSV,BSE,yfinance,1d
2024-09-12,1845.0,1859.300048828125,1817.1500244140625,1853.5,91432,BAJAJFINSV,BSE,yfinance,1d
2024-09-13,1875.0,1906.9000244140625,1846.0999755859375,1893.75,147429,BAJAJFINSV,BSE,yfinance,1d
2024-09-16,1900.0999755859375,1920.8499755859375,1838.25,1858.050048828125,187803,BAJAJFINSV,BSE,yfinance,1d
2024-09-17,1855.4000244140625,1876.9000244140625,1837.75,1848.5,132085,BAJAJFINSV,BSE,yfinance,1d
2024-09-18,1840.25,1896.6500244140625,1840.25,1887.5,95597,BAJAJFINSV,BSE,yfinance,1d
2024-09-19,1888.050048828125,1900.0,1876.0999755859375,1890.9000244140625,46465,BAJAJFINSV,BSE,yfinance,1d
2024-09-20,1898.75,1924.6500244140625,1884.4000244140625,1917.050048828125,267720,BAJAJFINSV,BSE,yfinance,1d
2024-09-23,1925.050048828125,1933.75,1913.5999755859375,1919.949951171875,66899,BAJAJFINSV,BSE,yfinance,1d
2024-09-24,1919.949951171875,1922.800048828125,1898.550048828125,1905.449951171875,98753,BAJAJFINSV,BSE,yfinance,1d
2024-09-25,1906.0,1938.0,1895.6500244140625,1926.3499755859375,97020,BAJAJFINSV,BSE,yfinance,1d
2024-09-26,1941.0,1988.0,1931.4000244140625,1982.3499755859375,71857,BAJAJFINSV,BSE,yfinance,1d
2024-09-27,1979.949951171875,2029.0,1966.050048828125,2010.699951171875,88802,BAJAJFINSV,BSE,yfinance,1d
2024-09-30,2015.0,2019.0,1968.5999755859375,1972.800048828125,76570,BAJAJFINSV,BSE,yfinance,1d
2024-10-01,1965.050048828125,2006.0,1965.050048828125,1974.550048828125,44690,BAJAJFINSV,BSE,yfinance,1d
2024-10-03,1965.0,1968.0,1896.5,1913.199951171875,45627,BAJAJFINSV,BSE,yfinance,1d
2024-10-04,1912.699951171875,1935.3499755859375,1864.9000244140625,1882.8499755859375,150916,BAJAJFINSV,BSE,yfinance,1d
2024-10-07,1885.0,1900.0,1870.0,1879.9000244140625,117064,BAJAJFINSV,BSE,yfinance,1d
2024-10-08,1845.0,1892.300048828125,1832.8499755859375,1837.199951171875,47522,BAJAJFINSV,BSE,yfinance,1d
2024-10-09,1850.0,1880.0,1837.0,1867.550048828125,30298,BAJAJFINSV,BSE,yfinance,1d
2024-10-10,1875.0,1887.300048828125,1859.699951171875,1875.4000244140625,37847,BAJAJFINSV,BSE,yfinance,1d
2024-10-11,1870.050048828125,1883.050048828125,1856.3499755859375,1876.3499755859375,73228,BAJAJFINSV,BSE,yfinance,1d
2024-10-14,1880.050048828125,1880.75,1863.5999755859375,1866.800048828125,10135,BAJAJFINSV,BSE,yfinance,1d
2024-10-15,1870.0,1895.0,1842.050048828125,1854.5,90052,BAJAJFINSV,BSE,yfinance,1d
2024-10-16,1854.5,1870.4000244140625,1846.9000244140625,1857.6500244140625,21637,BAJAJFINSV,BSE,yfinance,1d
2024-10-17,1874.949951171875,1874.949951171875,1809.050048828125,1815.3499755859375,25750,BAJAJFINSV,BSE,yfinance,1d
2024-10-18,1825.0,1832.4000244140625,1798.5,1819.75,90904,BAJAJFINSV,BSE,yfinance,1d
2024-10-21,1811.050048828125,1820.25,1754.0,1758.75,164135,BAJAJFINSV,BSE,yfinance,1d
2024-10-22,1759.0,1770.0,1716.5,1723.199951171875,58204,BAJAJFINSV,BSE,yfinance,1d
2024-10-23,1725.050048828125,1779.0,1725.050048828125,1739.949951171875,78392,BAJAJFINSV,BSE,yfinance,1d
2024-10-24,1742.949951171875,1760.5,1717.5,1741.699951171875,37608,BAJAJFINSV,BSE,yfinance,1d
2024-10-25,1736.050048828125,1750.0,1698.5999755859375,1707.0999755859375,35481,BAJAJFINSV,BSE,yfinance,1d
2024-10-28,1707.1500244140625,1737.0,1703.199951171875,1730.1500244140625,18032,BAJAJFINSV,BSE,yfinance,1d
2024-10-29,1730.0,1775.0,1703.1500244140625,1767.8499755859375,25486,BAJAJFINSV,BSE,yfinance,1d
2024-10-30,1775.1500244140625,1776.5,1740.550048828125,1752.0999755859375,23769,BAJAJFINSV,BSE,yfinance,1d
2024-10-31,1760.0,1760.0,1724.449951171875,1751.699951171875,117364,BAJAJFINSV,BSE,yfinance,1d
2024-11-01,1769.949951171875,1770.300048828125,1747.300048828125,1755.0999755859375,13686,BAJAJFINSV,BSE,yfinance,1d
2024-11-04,1755.0999755859375,1756.699951171875,1694.050048828125,1712.300048828125,103919,BAJAJFINSV,BSE,yfinance,1d
2024-11-05,1712.300048828125,1743.4000244140625,1686.0,1734.449951171875,193072,BAJAJFINSV,BSE,yfinance,1d
2024-11-06,1740.4000244140625,1759.449951171875,1733.25,1747.5999755859375,47443,BAJAJFINSV,BSE,yfinance,1d
2024-11-07,1759.5999755859375,1759.5999755859375,1705.3499755859375,1730.199951171875,21840,BAJAJFINSV,BSE,yfinance,1d
2024-11-08,1740.0,1744.25,1717.0999755859375,1740.8499755859375,123037,BAJAJFINSV,BSE,yfinance,1d
2024-11-11,1732.949951171875,1752.0,1714.0,1717.5999755859375,61703,BAJAJFINSV,BSE,yfinance,1d
2024-11-12,1720.0,1732.0,1688.0,1691.6500244140625,28369,BAJAJFINSV,BSE,yfinance,1d
2024-11-13,1691.699951171875,1695.1500244140625,1658.699951171875,1664.5999755859375,16419,BAJAJFINSV,BSE,yfinance,1d
2024-11-14,1664.5999755859375,1672.75,1633.550048828125,1639.9000244140625,470025,BAJAJFINSV,BSE,yfinance,1d
2024-11-18,1632.25,1641.3499755859375,1610.6500244140625,1615.6500244140625,33241,BAJAJFINSV,BSE,yfinance,1d
2024-11-19,1607.050048828125,1624.9000244140625,1580.5,1594.949951171875,36755,BAJAJFINSV,BSE,yfinance,1d
2024-11-21,1597.8499755859375,1597.8499755859375,1566.0,1568.6500244140625,25346,BAJAJFINSV,BSE,yfinance,1d
2024-11-22,1576.300048828125,1605.8499755859375,1563.3499755859375,1601.5999755859375,104748,BAJAJFINSV,BSE,yfinance,1d
2024-11-25,1626.949951171875,1638.3499755859375,1600.0,1605.3499755859375,31127,BAJAJFINSV,BSE,yfinance,1d
2024-11-26,1606.3499755859375,1611.300048828125,1582.300048828125,1594.8499755859375,28405,BAJAJFINSV,BSE,yfinance,1d
2024-11-27,1591.6500244140625,1608.300048828125,1589.199951171875,1600.3499755859375,20398,BAJAJFINSV,BSE,yfinance,1d
2024-11-28,1600.6500244140625,1609.0,1568.0,1574.800048828125,43453,BAJAJFINSV,BSE,yfinance,1d
2024-11-29,1582.0,1587.9000244140625,1575.050048828125,1580.050048828125,77551,BAJAJFINSV,BSE,yfinance,1d
2024-12-02,1580.0999755859375,1603.5,1566.5999755859375,1598.9000244140625,36812,BAJAJFINSV,BSE,yfinance,1d
2024-12-03,1595.0,1609.0,1595.0,1607.3499755859375,34658,BAJAJFINSV,BSE,yfinance,1d
2024-12-04,1617.9000244140625,1632.0,1606.699951171875,1628.5999755859375,65053,BAJAJFINSV,BSE,yfinance,1d
2024-12-05,1637.949951171875,1653.050048828125,1605.449951171875,1644.0,51551,BAJAJFINSV,BSE,yfinance,1d
2024-12-06,1650.0,1650.0,1625.449951171875,1635.8499755859375,102740,BAJAJFINSV,BSE,yfinance,1d
2024-12-09,1638.0,1647.25,1619.0,1638.050048828125,35529,BAJAJFINSV,BSE,yfinance,1d
2024-12-10,1637.050048828125,1672.5999755859375,1637.050048828125,1664.050048828125,79499,BAJAJFINSV,BSE,yfinance,1d
2024-12-11,1665.0,1690.4000244140625,1648.300048828125,1684.5999755859375,96402,BAJAJFINSV,BSE,yfinance,1d
2024-12-12,1683.949951171875,1689.5999755859375,1675.0,1679.1500244140625,14279,BAJAJFINSV,BSE,yfinance,1d
2024-12-13,1667.949951171875,1683.5999755859375,1635.0,1679.550048828125,72160,BAJAJFINSV,BSE,yfinance,1d
2024-12-16,1676.550048828125,1684.449951171875,1661.699951171875,1672.550048828125,28973,BAJAJFINSV,BSE,yfinance,1d
2024-12-17,1668.050048828125,1672.550048828125,1635.0,1641.949951171875,45121,BAJAJFINSV,BSE,yfinance,1d
2024-12-18,1641.949951171875,1644.3499755859375,1623.0,1630.699951171875,88205,BAJAJFINSV,BSE,yfinance,1d
2024-12-19,1624.1500244140625,1624.1500244140625,1583.8499755859375,1590.199951171875,30783,BAJAJFINSV,BSE,yfinance,1d
2024-12-20,1595.0,1604.1500244140625,1564.1500244140625,1569.0999755859375,177111,BAJAJFINSV,BSE,yfinance,1d
2024-12-23,1587.5,1595.0,1561.0,1564.0999755859375,13926,BAJAJFINSV,BSE,yfinance,1d
2024-12-24,1564.0999755859375,1572.949951171875,1555.25,1564.300048828125,17336,BAJAJFINSV,BSE,yfinance,1d
2024-12-26,1559.949951171875,1574.550048828125,1555.9000244140625,1559.800048828125,28114,BAJAJFINSV,BSE,yfinance,1d
2024-12-27,1561.3499755859375,1586.0,1561.3499755859375,1578.5999755859375,64169,BAJAJFINSV,BSE,yfinance,1d
2024-12-30,1581.0,1587.8499755859375,1561.0,1575.949951171875,15232,BAJAJFINSV,BSE,yfinance,1d
2024-12-31,1574.3499755859375,1576.0,1559.800048828125,1568.0,34802,BAJAJFINSV,BSE,yfinance,1d
2025-01-01,1568.0,1584.3499755859375,1565.5999755859375,1576.699951171875,19091,BAJAJFINSV,BSE,yfinance,1d
2025-01-02,1576.699951171875,1717.449951171875,1576.5,1700.5999755859375,273801,BAJAJFINSV,BSE,yfinance,1d
2025-01-03,1705.699951171875,1720.0999755859375,1690.75,1700.5,131618,BAJAJFINSV,BSE,yfinance,1d
2025-01-06,1724.550048828125,1732.550048828125,1675.050048828125,1684.449951171875,48790,BAJAJFINSV,BSE,yfinance,1d
2025-01-07,1691.5,1703.0,1674.5999755859375,1684.5999755859375,103898,BAJAJFINSV,BSE,yfinance,1d
2025-01-08,1681.800048828125,1708.5999755859375,1669.0999755859375,1696.3499755859375,48255,BAJAJFINSV,BSE,yfinance,1d
2025-01-09,1698.75,1700.0,1675.5,1690.550048828125,42317,BAJAJFINSV,BSE,yfinance,1d
2025-01-10,1677.550048828125,1718.0,1677.550048828125,1699.8499755859375,68687,BAJAJFINSV,BSE,yfinance,1d
2025-01-13,1670.199951171875,1700.0,1669.0,1674.5999755859375,82646,BAJAJFINSV,BSE,yfinance,1d
2025-01-14,1689.949951171875,1729.949951171875,1683.0,1712.25,95985,BAJAJFINSV,BSE,yfinance,1d
2025-01-15,1724.75,1730.0,1650.0999755859375,1672.0999755859375,95128,BAJAJFINSV,BSE,yfinance,1d
2025-01-16,1684.949951171875,1705.5,1678.800048828125,1696.5999755859375,29779,BAJAJFINSV,BSE,yfinance,1d
2025-01-17,1687.949951171875,1697.3499755859375,1672.699951171875,1681.0999755859375,22941,BAJAJFINSV,BSE,yfinance,1d
2025-01-20,1685.0,1737.949951171875,1676.050048828125,1734.5999755859375,57392,BAJAJFINSV,BSE,yfinance,1d
2025-01-21,1740.25,1750.0,1711.8499755859375,1715.550048828125,127224,BAJAJFINSV,BSE,yfinance,1d
2025-01-22,1718.050048828125,1746.3499755859375,1711.050048828125,1743.449951171875,77357,BAJAJFINSV,BSE,yfinance,1d
2025-01-23,1743.449951171875,1766.0,1730.050048828125,1745.75,65432,BAJAJFINSV,BSE,yfinance,1d
2025-01-24,1745.199951171875,1755.199951171875,1725.699951171875,1728.5,12767,BAJAJFINSV,BSE,yfinance,1d
2025-01-27,1717.949951171875,1732.0,1703.0999755859375,1711.699951171875,22307,BAJAJFINSV,BSE,yfinance,1d
2025-01-28,1720.300048828125,1787.5999755859375,1715.0,1767.9000244140625,111974,BAJAJFINSV,BSE,yfinance,1d
2025-01-29,1789.8499755859375,1804.9000244140625,1767.199951171875,1789.4000244140625,71657,BAJAJFINSV,BSE,yfinance,1d
2025-01-30,1837.949951171875,1855.949951171875,1740.449951171875,1744.699951171875,134332,BAJAJFINSV,BSE,yfinance,1d
2025-01-31,1724.8499755859375,1753.0,1698.0999755859375,1737.1500244140625,98927,BAJAJFINSV,BSE,yfinance,1d
2025-02-03,1735.0,1804.5,1735.0,1794.449951171875,88641,BAJAJFINSV,BSE,yfinance,1d
2025-02-04,1804.949951171875,1819.300048828125,1774.0,1814.0999755859375,109162,BAJAJFINSV,BSE,yfinance,1d
2025-02-05,1814.0,1825.0,1780.949951171875,1796.3499755859375,51666,BAJAJFINSV,BSE,yfinance,1d
2025-02-06,1797.5,1810.0,1780.0,1787.3499755859375,18790,BAJAJFINSV,BSE,yfinance,1d
2025-02-07,1795.0,1822.800048828125,1785.300048828125,1797.550048828125,56710,BAJAJFINSV,BSE,yfinance,1d
2025-02-10,1799.050048828125,1804.949951171875,1775.0,1792.8499755859375,39931,BAJAJFINSV,BSE,yfinance,1d
2025-02-11,1785.0999755859375,1797.1500244140625,1741.300048828125,1744.5,303928,BAJAJFINSV,BSE,yfinance,1d
2025-02-12,1754.949951171875,1800.0,1728.1500244140625,1787.550048828125,44637,BAJAJFINSV,BSE,yfinance,1d
2025-02-13,1800.0,1853.300048828125,1797.25,1849.199951171875,62337,BAJAJFINSV,BSE,yfinance,1d
2025-02-14,1850.050048828125,1867.0,1825.6500244140625,1840.449951171875,40064,BAJAJFINSV,BSE,yfinance,1d
2025-02-17,1841.300048828125,1898.25,1833.0,1892.550048828125,57570,BAJAJFINSV,BSE,yfinance,1d
2025-02-18,1894.8499755859375,1914.25,1880.0999755859375,1893.4000244140625,68330,BAJAJFINSV,BSE,yfinance,1d
2025-02-19,1892.949951171875,1899.0999755859375,1867.699951171875,1874.6500244140625,21264,BAJAJFINSV,BSE,yfinance,1d
2025-02-20,1873.949951171875,1886.1500244140625,1861.050048828125,1880.8499755859375,13400,BAJAJFINSV,BSE,yfinance,1d
2025-02-21,1870.0,1893.8499755859375,1867.6500244140625,1878.449951171875,51714,BAJAJFINSV,BSE,yfinance,1d
2025-02-24,1870.0,1889.050048828125,1853.8499755859375,1857.550048828125,80064,BAJAJFINSV,BSE,yfinance,1d
2025-02-25,1861.949951171875,1896.3499755859375,1861.550048828125,1875.949951171875,73477,BAJAJFINSV,BSE,yfinance,1d
2025-02-27,1876.0999755859375,1938.3499755859375,1876.0999755859375,1924.550048828125,160968,BAJAJFINSV,BSE,yfinance,1d
2025-02-28,1919.8499755859375,1919.8499755859375,1863.800048828125,1873.0,88869,BAJAJFINSV,BSE,yfinance,1d
2025-03-03,1890.550048828125,1890.550048828125,1818.75,1838.199951171875,151220,BAJAJFINSV,BSE,yfinance,1d
2025-03-04,1825.050048828125,1831.949951171875,1785.4000244140625,1790.300048828125,48752,BAJAJFINSV,BSE,yfinance,1d
2025-03-05,1785.5999755859375,1808.25,1733.1500244140625,1802.0,92527,BAJAJFINSV,BSE,yfinance,1d
2025-03-06,1810.0,1852.9000244140625,1784.0999755859375,1845.1500244140625,86048,BAJAJFINSV,BSE,yfinance,1d
2025-03-07,1840.050048828125,1864.5999755859375,1838.0,1846.8499755859375,40191,BAJAJFINSV,BSE,yfinance,1d
2025-03-10,1863.800048828125,1888.8499755859375,1835.449951171875,1838.8499755859375,48186,BAJAJFINSV,BSE,yfinance,1d
2025-03-11,1837.300048828125,1837.300048828125,1787.8499755859375,1805.5,40964,BAJAJFINSV,BSE,yfinance,1d
2025-03-12,1817.0999755859375,1825.0,1800.5,1818.9000244140625,22715,BAJAJFINSV,BSE,yfinance,1d
2025-03-13,1833.949951171875,1839.0999755859375,1804.0,1806.949951171875,20035,BAJAJFINSV,BSE,yfinance,1d
2025-03-17,1838.199951171875,1880.0,1800.0,1871.8499755859375,44335,BAJAJFINSV,BSE,yfinance,1d
2025-03-18,1899.8499755859375,1905.0,1834.0,1845.0,105524,BAJAJFINSV,BSE,yfinance,1d
2025-03-19,1855.0,1864.4000244140625,1840.0,1841.699951171875,35034,BAJAJFINSV,BSE,yfinance,1d
2025-03-20,1852.199951171875,1855.1500244140625,1814.800048828125,1851.300048828125,29248,BAJAJFINSV,BSE,yfinance,1d
2025-03-21,1872.0,1877.5999755859375,1825.6500244140625,1845.6500244140625,47109,BAJAJFINSV,BSE,yfinance,1d
2025-03-24,1859.75,1898.699951171875,1841.949951171875,1894.800048828125,170764,BAJAJFINSV,BSE,yfinance,1d
2025-03-25,1914.949951171875,1955.5,1895.0,1946.0999755859375,154856,BAJAJFINSV,BSE,yfinance,1d
2025-03-26,1952.0999755859375,1977.0,1937.0,1942.699951171875,88918,BAJAJFINSV,BSE,yfinance,1d
2025-03-27,1930.4000244140625,2010.949951171875,1930.4000244140625,2005.4000244140625,72585,BAJAJFINSV,BSE,yfinance,1d
2025-03-28,2004.949951171875,2021.0,1992.699951171875,2005.949951171875,75157,BAJAJFINSV,BSE,yfinance,1d
2025-04-01,1995.800048828125,2001.1500244140625,1932.4000244140625,1936.5,54661,BAJAJFINSV,BSE,yfinance,1d
2025-04-02,1949.699951171875,1963.0,1920.0,1927.5999755859375,22283,BAJAJFINSV,BSE,yfinance,1d
2025-04-03,1911.050048828125,1950.449951171875,1906.0,1920.8499755859375,20795,BAJAJFINSV,BSE,yfinance,1d
2025-04-04,1923.800048828125,1929.0,1896.4000244140625,1912.1500244140625,35788,BAJAJFINSV,BSE,yfinance,1d
2025-04-07,1750.050048828125,1893.1500244140625,1750.050048828125,1852.1500244140625,38817,BAJAJFINSV,BSE,yfinance,1d
2025-04-08,1889.699951171875,1933.75,1873.800048828125,1902.949951171875,79763,BAJAJFINSV,BSE,yfinance,1d
2025-04-09,1902.949951171875,1916.6500244140625,1879.0,1896.4000244140625,17035,BAJAJFINSV,BSE,yfinance,1d
2025-04-11,1905.050048828125,1965.0,1905.050048828125,1945.6500244140625,73057,BAJAJFINSV,BSE,yfinance,1d
2025-04-15,1975.050048828125,1984.0,1962.0,1967.8499755859375,31923,BAJAJFINSV,BSE,yfinance,1d
2025-04-16,1974.949951171875,1975.0,1950.0,1969.9000244140625,73396,BAJAJFINSV,BSE,yfinance,1d
2025-04-17,1965.449951171875,2038.8499755859375,1954.8499755859375,2033.75,110780,BAJAJFINSV,BSE,yfinance,1d
2025-04-21,2034.25,2118.949951171875,2034.25,2104.25,190301,BAJAJFINSV,BSE,yfinance,1d
2025-04-22,2109.949951171875,2109.949951171875,2070.0,2077.89990234375,75661,BAJAJFINSV,BSE,yfinance,1d
2025-04-23,2099.449951171875,2116.85009765625,2057.0,2100.0,108533,BAJAJFINSV,BSE,yfinance,1d
2025-04-24,2130.800048828125,2134.449951171875,2085.89990234375,2105.39990234375,54539,BAJAJFINSV,BSE,yfinance,1d
2025-04-25,2087.050048828125,2124.300048828125,2023.5999755859375,2045.3499755859375,89437,BAJAJFINSV,BSE,yfinance,1d
2025-04-28,2044.6500244140625,2084.85009765625,2040.6500244140625,2048.75,37724,BAJAJFINSV,BSE,yfinance,1d
2025-04-29,2079.199951171875,2081.5,2028.0999755859375,2065.0,81425,BAJAJFINSV,BSE,yfinance,1d
2025-04-30,2037.949951171875,2037.949951171875,1927.0,1952.4000244140625,155999,BAJAJFINSV,BSE,yfinance,1d
2025-05-02,1952.949951171875,1986.300048828125,1917.300048828125,1957.0,107947,BAJAJFINSV,BSE,yfinance,1d
2025-05-05,1955.4000244140625,2036.3499755859375,1955.4000244140625,2025.4000244140625,162224,BAJAJFINSV,BSE,yfinance,1d
2025-05-06,2025.4000244140625,2044.4000244140625,2009.0,2032.449951171875,76357,BAJAJFINSV,BSE,yfinance,1d
2025-05-07,2000.800048828125,2045.0,2000.800048828125,2028.8499755859375,81136,BAJAJFINSV,BSE,yfinance,1d
2025-05-08,2038.949951171875,2050.75,1994.699951171875,2005.6500244140625,51198,BAJAJFINSV,BSE,yfinance,1d
2025-05-09,1950.050048828125,1999.1500244140625,1950.050048828125,1970.300048828125,15444,BAJAJFINSV,BSE,yfinance,1d
2025-05-12,2020.050048828125,2057.75,2012.800048828125,2050.60009765625,57494,BAJAJFINSV,BSE,yfinance,1d
2025-05-13,2043.449951171875,2061.39990234375,2011.0,2018.1500244140625,193191,BAJAJFINSV,BSE,yfinance,1d
2025-05-14,2025.0,2038.300048828125,2009.0,2019.5999755859375,89504,BAJAJFINSV,BSE,yfinance,1d
2025-05-15,2019.8499755859375,2050.199951171875,1997.4000244140625,2042.300048828125,26008,BAJAJFINSV,BSE,yfinance,1d
2025-05-16,2047.25,2071.800048828125,2021.800048828125,2033.699951171875,54958,BAJAJFINSV,BSE,yfinance,1d
2025-05-19,2035.6500244140625,2052.800048828125,2034.949951171875,2037.8499755859375,115296,BAJAJFINSV,BSE,yfinance,1d
2025-05-20,2040.199951171875,2044.5999755859375,1996.0,2002.300048828125,37597,BAJAJFINSV,BSE,yfinance,1d
2025-05-21,2005.1500244140625,2045.0,1999.800048828125,2036.6500244140625,141863,BAJAJFINSV,BSE,yfinance,1d
2025-05-22,2042.449951171875,2042.449951171875,1992.949951171875,2000.0,20826,BAJAJFINSV,BSE,yfinance,1d
2025-05-23,2003.8499755859375,2048.449951171875,2003.800048828125,2036.75,368387,BAJAJFINSV,BSE,yfinance,1d
2025-05-26,2037.550048828125,2069.89990234375,2037.550048828125,2050.449951171875,112715,BAJAJFINSV,BSE,yfinance,1d
2025-05-27,2040.300048828125,2058.199951171875,2015.0,2030.1500244140625,67639,BAJAJFINSV,BSE,yfinance,1d
2025-05-28,2041.199951171875,2044.9000244140625,2018.0,2021.0999755859375,56913,BAJAJFINSV,BSE,yfinance,1d
2025-05-29,2030.0,2037.949951171875,2000.5,2010.800048828125,24295,BAJAJFINSV,BSE,yfinance,1d
2025-05-30,2020.75,2030.800048828125,2009.449951171875,2015.800048828125,129559,BAJAJFINSV,BSE,yfinance,1d
2025-06-02,2019.0,2035.0,1994.5999755859375,2029.300048828125,20223,BAJAJFINSV,BSE,yfinance,1d
2025-06-03,2030.0,2043.5999755859375,1980.0,1991.4000244140625,69650,BAJAJFINSV,BSE,yfinance,1d
2025-06-04,2000.0,2008.5,1945.0,1955.75,40184,BAJAJFINSV,BSE,yfinance,1d
2025-06-05,1960.0,1966.449951171875,1930.0,1943.5,31250,BAJAJFINSV,BSE,yfinance,1d
2025-06-06,1969.8499755859375,2018.699951171875,1921.0,1989.4000244140625,208507,BAJAJFINSV,BSE,yfinance,1d
2025-06-09,2013.800048828125,2058.14990234375,1992.0999755859375,2017.0,191786,BAJAJFINSV,BSE,yfinance,1d
2025-06-10,2024.0,2027.5,1988.800048828125,1998.3499755859375,271617,BAJAJFINSV,BSE,yfinance,1d
2025-06-11,2009.6500244140625,2029.050048828125,1983.0999755859375,2012.4000244140625,262759,BAJAJFINSV,BSE,yfinance,1d
2025-06-12,2022.25,2060.0,2013.949951171875,2027.0,153169,BAJAJFINSV,BSE,yfinance,1d
2025-06-13,2009.800048828125,2017.0,1980.9000244140625,2010.9000244140625,59522,BAJAJFINSV,BSE,yfinance,1d
2025-06-16,2003.949951171875,2039.800048828125,1997.9000244140625,2028.1500244140625,140839,BAJAJFINSV,BSE,yfinance,1d
2025-06-17,2030.0,2033.0999755859375,1996.5,2003.5999755859375,34875,BAJAJFINSV,BSE,yfinance,1d
2025-06-18,2002.0999755859375,2017.0,1975.5999755859375,1980.449951171875,99639,BAJAJFINSV,BSE,yfinance,1d
2025-06-19,1981.0,1995.0,1959.75,1966.5999755859375,24184,BAJAJFINSV,BSE,yfinance,1d
2025-06-20,1968.0,1998.8499755859375,1965.199951171875,1983.3499755859375,54528,BAJAJFINSV,BSE,yfinance,1d
2025-06-23,1982.949951171875,2007.199951171875,1952.5,1997.5,28820,BAJAJFINSV,BSE,yfinance,1d
2025-06-24,2033.699951171875,2033.699951171875,1999.25,2008.5,103634,BAJAJFINSV,BSE,yfinance,1d
2025-06-25,2024.050048828125,2025.5,2004.4000244140625,2010.949951171875,17232,BAJAJFINSV,BSE,yfinance,1d
2025-06-26,2011.3499755859375,2056.949951171875,2011.0,2052.39990234375,72250,BAJAJFINSV,BSE,yfinance,1d
2025-06-27,2055.050048828125,2065.0,2005.0,2042.9000244140625,54882,BAJAJFINSV,BSE,yfinance,1d
2025-06-30,2042.8499755859375,2064.0,2029.0,2054.35009765625,87831,BAJAJFINSV,BSE,yfinance,1d
2025-07-01,2060.949951171875,2068.0,2044.4000244140625,2053.14990234375,52616,BAJAJFINSV,BSE,yfinance,1d
2025-07-02,2063.0,2063.0,1997.3499755859375,2008.0999755859375,49307,BAJAJFINSV,BSE,yfinance,1d
2025-07-03,2009.9000244140625,2015.9000244140625,1978.0,1980.3499755859375,46389,BAJAJFINSV,BSE,yfinance,1d
2025-07-04,1982.199951171875,2032.75,1982.199951171875,1993.800048828125,67502,BAJAJFINSV,BSE,yfinance,1d
2025-07-07,1999.199951171875,2016.0,1991.75,2006.699951171875,55088,BAJAJFINSV,BSE,yfinance,1d
2025-07-08,2006.699951171875,2020.0,1999.25,2017.5,29095,BAJAJFINSV,BSE,yfinance,1d
2025-07-09,2010.5,2037.0,2010.5,2025.949951171875,19471,BAJAJFINSV,BSE,yfinance,1d
2025-07-10,2024.5999755859375,2048.300048828125,2024.0,2039.0999755859375,15745,BAJAJFINSV,BSE,yfinance,1d
2025-07-11,2034.0,2039.3499755859375,2001.0999755859375,2016.449951171875,13194,BAJAJFINSV,BSE,yfinance,1d
2025-07-14,2015.9000244140625,2015.9000244140625,1990.0,2003.6500244140625,7857,BAJAJFINSV,BSE,yfinance,1d
2025-07-15,2001.1500244140625,2045.0,2001.1500244140625,2037.449951171875,15114,BAJAJFINSV,BSE,yfinance,1d
2025-07-16,2030.5,2044.0,2018.5999755859375,2035.3499755859375,21412,BAJAJFINSV,BSE,yfinance,1d
2025-07-17,2039.699951171875,2046.4000244140625,2020.050048828125,2026.6500244140625,9245,BAJAJFINSV,BSE,yfinance,1d
2025-07-18,2023.1500244140625,2038.75,2006.6500244140625,2029.4000244140625,68709,BAJAJFINSV,BSE,yfinance,1d
2025-07-21,2026.0,2056.39990234375,2019.1500244140625,2053.699951171875,35866,BAJAJFINSV,BSE,yfinance,1d
2025-07-22,2050.85009765625,2050.85009765625,2016.300048828125,2039.199951171875,17603,BAJAJFINSV,BSE,yfinance,1d
2025-07-23,2040.0,2063.800048828125,2033.75,2060.949951171875,15679,BAJAJFINSV,BSE,yfinance,1d
2025-07-24,2060.949951171875,2060.949951171875,2025.199951171875,2032.050048828125,26040,BAJAJFINSV,BSE,yfinance,1d
2025-07-25,1999.050048828125,1999.050048828125,1934.1500244140625,1985.550048828125,120224,BAJAJFINSV,BSE,yfinance,1d
2025-07-28,1986.1500244140625,2022.0,1971.5999755859375,1976.800048828125,42334,BAJAJFINSV,BSE,yfinance,1d
2025-07-29,1970.050048828125,1983.050048828125,1944.949951171875,1973.800048828125,15682,BAJAJFINSV,BSE,yfinance,1d
2025-07-30,1978.0,1989.4000244140625,1945.3499755859375,1959.449951171875,30303,BAJAJFINSV,BSE,yfinance,1d
2025-07-31,1955.0,1967.3499755859375,1942.0,1948.199951171875,22485,BAJAJFINSV,BSE,yfinance,1d
2025-08-01,1941.050048828125,1977.8499755859375,1911.5,1915.699951171875,32779,BAJAJFINSV,BSE,yfinance,1d
2025-08-04,1925.300048828125,1943.0,1924.0,1933.199951171875,39089,BAJAJFINSV,BSE,yfinance,1d
2025-08-05,1933.1500244140625,1942.550048828125,1917.0,1939.449951171875,14266,BAJAJFINSV,BSE,yfinance,1d
2025-08-06,1921.050048828125,1946.300048828125,1912.3499755859375,1923.800048828125,42228,BAJAJFINSV,BSE,yfinance,1d
2025-08-07,1915.75,1932.1500244140625,1890.8499755859375,1913.800048828125,15307,BAJAJFINSV,BSE,yfinance,1d
2025-08-08,1920.949951171875,1929.5999755859375,1906.4000244140625,1919.199951171875,17507,BAJAJFINSV,BSE,yfinance,1d
2025-08-11,1917.9000244140625,1928.6500244140625,1903.0999755859375,1924.050048828125,31441,BAJAJFINSV,BSE,yfinance,1d
2025-08-12,1924.0,1934.0,1905.0,1908.1500244140625,30578,BAJAJFINSV,BSE,yfinance,1d
2025-08-13,1923.949951171875,1923.949951171875,1892.699951171875,1913.5999755859375,20222,BAJAJFINSV,BSE,yfinance,1d
2025-08-14,1914.0,1939.0,1912.6500244140625,1924.4000244140625,10192,BAJAJFINSV,BSE,yfinance,1d
2025-08-18,1953.550048828125,2016.0,1953.449951171875,1993.699951171875,43218,BAJAJFINSV,BSE,yfinance,1d
2025-08-19,1998.949951171875,1998.949951171875,1965.0,1971.9000244140625,29628,BAJAJFINSV,BSE,yfinance,1d
2025-08-20,1972.25,1975.0,1950.0,1957.5,18953,BAJAJFINSV,BSE,yfinance,1d
2025-08-21,1998.75,1998.75,1973.5,1979.300048828125,56794,BAJAJFINSV,BSE,yfinance,1d
2025-08-22,1965.199951171875,1977.699951171875,1964.0,1965.4000244140625,12940,BAJAJFINSV,BSE,yfinance,1d
2025-08-25,1963.0,1967.0,1953.1500244140625,1963.5,16290,BAJAJFINSV,BSE,yfinance,1d
2025-08-26,1953.199951171875,1963.199951171875,1916.9000244140625,1924.199951171875,28208,BAJAJFINSV,BSE,yfinance,1d
2025-08-28,1924.199951171875,1939.449951171875,1910.0999755859375,1914.9000244140625,18559,BAJAJFINSV,BSE,yfinance,1d
2025-08-29,1917.050048828125,1930.300048828125,1908.3499755859375,1912.449951171875,11393,BAJAJFINSV,BSE,yfinance,1d
2025-09-01,1913.300048828125,1946.0,1913.300048828125,1944.6500244140625,11945,BAJAJFINSV,BSE,yfinance,1d
2025-09-02,1952.449951171875,1958.0,1938.5999755859375,1955.75,15561,BAJAJFINSV,BSE,yfinance,1d
2025-09-03,1947.949951171875,1971.0,1947.949951171875,1966.300048828125,125634,BAJAJFINSV,BSE,yfinance,1d
2025-09-04,1979.949951171875,2034.4000244140625,1976.9000244140625,2002.199951171875,126551,BAJAJFINSV,BSE,yfinance,1d
2025-09-05,2014.8499755859375,2023.0,2002.050048828125,2014.0999755859375,107662,BAJAJFINSV,BSE,yfinance,1d
2025-09-08,2014.0999755859375,2024.0999755859375,2006.75,2008.25,11844,BAJAJFINSV,BSE,yfinance,1d
2025-09-09,2010.0,2038.0,2010.0,2024.4000244140625,113956,BAJAJFINSV,BSE,yfinance,1d
2025-09-10,2025.1500244140625,2047.1500244140625,2025.1500244140625,2037.5,63040,BAJAJFINSV,BSE,yfinance,1d
2025-09-11,2031.050048828125,2048.300048828125,2027.6500244140625,2036.550048828125,61982,BAJAJFINSV,BSE,yfinance,1d
2025-09-12,2040.0,2087.0,2035.0999755859375,2082.550048828125,76567,BAJAJFINSV,BSE,yfinance,1d
2025-09-15,2070.699951171875,2096.0,2068.75,2079.300048828125,72827,BAJAJFINSV,BSE,yfinance,1d
2025-09-16,2089.64990234375,2104.85009765625,2076.0,2079.800048828125,37208,BAJAJFINSV,BSE,yfinance,1d
2025-09-17,2079.449951171875,2090.0,2055.050048828125,2056.60009765625,63552,BAJAJFINSV,BSE,yfinance,1d
2025-09-18,2081.25,2081.25,2046.0,2069.14990234375,33864,BAJAJFINSV,BSE,yfinance,1d
2025-09-19,2069.14990234375,2076.050048828125,2053.050048828125,2067.75,85099,BAJAJFINSV,BSE,yfinance,1d
2025-09-22,2055.550048828125,2080.949951171875,2055.550048828125,2069.39990234375,32591,BAJAJFINSV,BSE,yfinance,1d
2025-09-23,2040.050048828125,2091.75,2040.050048828125,2083.800048828125,29750,BAJAJFINSV,BSE,yfinance,1d
2025-09-24,2093.85009765625,2093.85009765625,2062.10009765625,2068.199951171875,94516,BAJAJFINSV,BSE,yfinance,1d
2025-09-25,2048.14990234375,2071.89990234375,2031.699951171875,2035.300048828125,72229,BAJAJFINSV,BSE,yfinance,1d
2025-09-26,2049.85009765625,2049.85009765625,1996.0,2003.050048828125,17707,BAJAJFINSV,BSE,yfinance,1d
2025-09-29,2005.1500244140625,2031.050048828125,1995.0,2020.75,52435,BAJAJFINSV,BSE,yfinance,1d
2025-09-30,2029.949951171875,2034.3499755859375,2002.0,2006.9000244140625,7956,BAJAJFINSV,BSE,yfinance,1d
2025-10-01,1996.699951171875,2012.25,1980.0,2007.949951171875,19237,BAJAJFINSV,BSE,yfinance,1d
2025-10-03,2002.3499755859375,2013.949951171875,1969.0,1999.800048828125,23720,BAJAJFINSV,BSE,yfinance,1d
2025-10-06,2000.0,2042.25,1997.550048828125,2033.5999755859375,42692,BAJAJFINSV,BSE,yfinance,1d
2025-10-07,2049.60009765625,2056.800048828125,2027.4000244140625,2031.449951171875,25199,BAJAJFINSV,BSE,yfinance,1d
2025-10-08,2027.949951171875,2036.25,2005.0,2012.6500244140625,10107,BAJAJFINSV,BSE,yfinance,1d
2025-10-09,2037.800048828125,2037.800048828125,2005.050048828125,2013.550048828125,14523,BAJAJFINSV,BSE,yfinance,1d
2025-10-10,2009.949951171875,2025.0999755859375,2000.6500244140625,2004.300048828125,17783,BAJAJFINSV,BSE,yfinance,1d
2025-10-13,1991.300048828125,2024.050048828125,1991.300048828125,2020.9000244140625,27054,BAJAJFINSV,BSE,yfinance,1d
2025-10-14,2021.449951171875,2035.9000244140625,2006.5999755859375,2018.449951171875,26499,BAJAJFINSV,BSE,yfinance,1d
2025-10-15,2020.300048828125,2088.0,2020.300048828125,2082.10009765625,166785,BAJAJFINSV,BSE,yfinance,1d
2025-10-16,2088.050048828125,2099.949951171875,2077.5,2090.550048828125,195258,BAJAJFINSV,BSE,yfinance,1d
2025-10-17,2081.050048828125,2104.800048828125,2076.800048828125,2082.800048828125,29107,BAJAJFINSV,BSE,yfinance,1d
2025-10-20,2084.5,2149.0,2084.5,2139.449951171875,64613,BAJAJFINSV,BSE,yfinance,1d
2025-10-21,2139.449951171875,2139.449951171875,2139.449951171875,2139.449951171875,0,BAJAJFINSV,BSE,yfinance,1d
2025-10-23,2179.949951171875,2194.64990234375,2158.64990234375,2175.85009765625,79426,BAJAJFINSV,BSE,yfinance,1d
2025-10-24,2175.85009765625,2183.75,2145.199951171875,2159.64990234375,18752,BAJAJFINSV,BSE,yfinance,1d
2025-10-27,2155.10009765625,2177.60009765625,2150.0,2169.60009765625,26340,BAJAJFINSV,BSE,yfinance,1d
2025-10-28,2150.25,2189.14990234375,2124.0,2140.949951171875,36875,BAJAJFINSV,BSE,yfinance,1d
2025-10-29,2148.0,2148.0,2124.0,2136.550048828125,25546,BAJAJFINSV,BSE,yfinance,1d
2025-10-30,2132.199951171875,2145.0,2102.550048828125,2114.60009765625,21853,BAJAJFINSV,BSE,yfinance,1d
2025-10-31,2117.0,2128.60009765625,2085.0,2088.199951171875,19414,BAJAJFINSV,BSE,yfinance,1d
2025-11-03,2088.199951171875,2099.89990234375,2071.0,2081.89990234375,20117,BAJAJFINSV,BSE,yfinance,1d
2025-11-04,2094.39990234375,2099.0,2061.550048828125,2073.050048828125,16899,BAJAJFINSV,BSE,yfinance,1d
2025-11-06,2070.10009765625,2079.5,2058.0,2063.85009765625,6078,BAJAJFINSV,BSE,yfinance,1d
2025-11-07,2060.0,2112.0,2042.050048828125,2104.25,22330,BAJAJFINSV,BSE,yfinance,1d
2025-11-10,2119.800048828125,2126.949951171875,2099.050048828125,2120.449951171875,21286,BAJAJFINSV,BSE,yfinance,1d
2025-11-11,2091.699951171875,2093.050048828125,1953.300048828125,1987.75,187053,BAJAJFINSV,BSE,yfinance,1d
2025-11-12,2010.050048828125,2040.0,1996.0,2035.9000244140625,54088,BAJAJFINSV,BSE,yfinance,1d
2025-11-13,2042.8499755859375,2071.0,2033.3499755859375,2056.050048828125,43878,BAJAJFINSV,BSE,yfinance,1d
2025-11-14,2034.050048828125,2071.10009765625,2034.050048828125,2064.0,19322,BAJAJFINSV,BSE,yfinance,1d
2025-11-17,2064.0,2081.85009765625,2055.0,2079.64990234375,9254,BAJAJFINSV,BSE,yfinance,1d
2025-11-18,2078.85009765625,2078.85009765625,2047.449951171875,2050.449951171875,18191,BAJAJFINSV,BSE,yfinance,1d
2025-11-19,2050.0,2056.25,2035.0999755859375,2050.10009765625,15707,BAJAJFINSV,BSE,yfinance,1d
2025-11-20,2052.14990234375,2105.0,2044.6500244140625,2096.199951171875,104865,BAJAJFINSV,BSE,yfinance,1d
2025-11-21,2096.25,2096.25,2046.8499755859375,2054.0,20126,BAJAJFINSV,BSE,yfinance,1d
2025-11-24,2060.35009765625,2063.5,2026.0,2030.5999755859375,28959,BAJAJFINSV,BSE,yfinance,1d
2025-11-25,2031.3499755859375,2047.4000244140625,2028.0,2030.3499755859375,18962,BAJAJFINSV,BSE,yfinance,1d
2025-11-26,2033.0,2088.35009765625,2031.5,2083.800048828125,39810,BAJAJFINSV,BSE,yfinance,1d
2025-11-27,2080.199951171875,2117.0,2076.0,2103.25,50121,BAJAJFINSV,BSE,yfinance,1d
2025-11-28,2108.0,2111.949951171875,2086.0,2094.35009765625,19494,BAJAJFINSV,BSE,yfinance,1d
2025-12-01,2105.0,2105.10009765625,2075.0,2081.550048828125,15805,BAJAJFINSV,BSE,yfinance,1d
2025-12-02,2061.300048828125,2080.25,2060.0,2065.64990234375,25287,BAJAJFINSV,BSE,yfinance,1d
2025-12-03,2062.60009765625,2065.699951171875,2035.949951171875,2045.0999755859375,9791,BAJAJFINSV,BSE,yfinance,1d
2025-12-04,2045.0999755859375,2061.75,2034.949951171875,2050.199951171875,11896,BAJAJFINSV,BSE,yfinance,1d
2025-12-05,2050.199951171875,2110.0,2046.8499755859375,2096.050048828125,48305,BAJAJFINSV,BSE,yfinance,1d
2025-12-08,2096.10009765625,2096.39990234375,2039.5,2058.89990234375,11369,BAJAJFINSV,BSE,yfinance,1d
2025-12-09,2057.300048828125,2080.800048828125,2040.0,2069.25,16038,BAJAJFINSV,BSE,yfinance,1d
2025-12-10,2046.050048828125,2098.199951171875,2046.050048828125,2065.14990234375,17187,BAJAJFINSV,BSE,yfinance,1d
2025-12-11,2065.699951171875,2076.550048828125,2050.0,2065.10009765625,12394,BAJAJFINSV,BSE,yfinance,1d
2025-12-12,2090.949951171875,2092.0,2069.14990234375,2086.0,10761,BAJAJFINSV,BSE,yfinance,1d
2025-12-15,2072.300048828125,2076.199951171875,2061.0,2069.5,19853,BAJAJFINSV,BSE,yfinance,1d
2025-12-16,2070.0,2070.0,2028.199951171875,2035.25,20819,BAJAJFINSV,BSE,yfinance,1d
2025-12-17,2035.0,2043.449951171875,2012.0,2021.199951171875,217273,BAJAJFINSV,BSE,yfinance,1d
2025-12-18,2021.199951171875,2037.699951171875,2001.8499755859375,2025.75,14452,BAJAJFINSV,BSE,yfinance,1d
2025-12-19,2025.449951171875,2055.0,2020.9000244140625,2043.9000244140625,25467,BAJAJFINSV,BSE,yfinance,1d
2025-12-22,2033.5999755859375,2053.75,2033.5999755859375,2050.550048828125,42155,BAJAJFINSV,BSE,yfinance,1d
2025-12-23,2057.10009765625,2057.449951171875,2042.3499755859375,2047.3499755859375,14586,BAJAJFINSV,BSE,yfinance,1d
2025-12-24,2047.4000244140625,2064.25,2025.300048828125,2035.8499755859375,22861,BAJAJFINSV,BSE,yfinance,1d
2025-12-26,2026.949951171875,2034.949951171875,2005.199951171875,2019.050048828125,25913,BAJAJFINSV,BSE,yfinance,1d
2025-12-29,2011.300048828125,2022.0,1996.699951171875,2011.699951171875,42146,BAJAJFINSV,BSE,yfinance,1d
2025-12-30,2001.5999755859375,2046.0,1980.550048828125,2036.75,22286,BAJAJFINSV,BSE,yfinance,1d
2025-12-31,2030.0,2044.5,2010.5,2038.800048828125,33685,BAJAJFINSV,BSE,yfinance,1d
2026-01-01,2042.550048828125,2048.0,2029.0,2037.050048828125,9464,BAJAJFINSV,BSE,yfinance,1d
2026-01-02,2036.5999755859375,2049.300048828125,2027.050048828125,2038.25,20164,BAJAJFINSV,BSE,yfinance,1d
2026-01-05,2028.050048828125,2044.25,2028.050048828125,2039.3499755859375,11153,BAJAJFINSV,BSE,yfinance,1d
2026-01-06,2030.6500244140625,2081.5,2030.6500244140625,2044.199951171875,41010,BAJAJFINSV,BSE,yfinance,1d
2026-01-07,2044.0,2044.0,2021.699951171875,2032.4000244140625,15490,BAJAJFINSV,BSE,yfinance,1d
2026-01-08,2020.199951171875,2028.0,1990.5,2008.75,57579,BAJAJFINSV,BSE,yfinance,1d
2026-01-09,2010.0,2014.199951171875,1982.6500244140625,1992.699951171875,9172,BAJAJFINSV,BSE,yfinance,1d
2026-01-12,1992.0,2006.5,1972.25,1998.6500244140625,96595,BAJAJFINSV,BSE,yfinance,1d
2026-01-13,1998.949951171875,2015.0,1991.8499755859375,2011.449951171875,100917,BAJAJFINSV,BSE,yfinance,1d
2026-01-14,2024.1500244140625,2024.1500244140625,1993.5999755859375,2001.5,24552,BAJAJFINSV,BSE,yfinance,1d
2026-01-16,2005.199951171875,2032.699951171875,2000.5,2002.4000244140625,32795,BAJAJFINSV,BSE,yfinance,1d
2026-01-19,1985.25,2025.0,1985.25,2018.550048828125,21818,BAJAJFINSV,BSE,yfinance,1d
2026-01-20,2002.300048828125,2018.0,1950.4000244140625,1957.050048828125,181621,BAJAJFINSV,BSE,yfinance,1d
2026-01-21,1956.3499755859375,1974.0,1938.0,1959.949951171875,266066,BAJAJFINSV,BSE,yfinance,1d
2026-01-22,1965.699951171875,1996.0,1965.699951171875,1993.800048828125,62079,BAJAJFINSV,BSE,yfinance,1d
2026-01-23,1993.9000244140625,1993.9000244140625,1942.6500244140625,1948.6500244140625,17364,BAJAJFINSV,BSE,yfinance,1d
2026-01-27,1948.699951171875,1970.949951171875,1903.9000244140625,1915.6500244140625,63797,BAJAJFINSV,BSE,yfinance,1d
2026-01-28,1916.300048828125,1943.0,1910.0,1941.0999755859375,2124177,BAJAJFINSV,BSE,yfinance,1d
2026-01-29,1923.699951171875,1956.5,1920.5999755859375,1947.8499755859375,38536,BAJAJFINSV,BSE,yfinance,1d
2026-01-30,1938.9000244140625,1955.8499755859375,1926.4000244140625,1953.3499755859375,106155,BAJAJFINSV,BSE,yfinance,1d
2026-02-02,1902.300048828125,1940.0,1878.6500244140625,1930.199951171875,28456,BAJAJFINSV,BSE,yfinance,1d
2026-02-03,2006.300048828125,2045.0999755859375,1993.199951171875,2013.050048828125,61786,BAJAJFINSV,BSE,yfinance,1d
2026-02-04,1901.050048828125,2032.0,1901.050048828125,2019.1500244140625,120231,BAJAJFINSV,BSE,yfinance,1d
2026-02-05,1996.699951171875,2022.5,1992.300048828125,2000.5,95562,BAJAJFINSV,BSE,yfinance,1d
2026-02-06,1993.949951171875,2027.25,1984.949951171875,2023.949951171875,35471,BAJAJFINSV,BSE,yfinance,1d
2026-02-09,2025.0999755859375,2034.3499755859375,2019.0,2024.449951171875,20083,BAJAJFINSV,BSE,yfinance,1d
2026-02-10,2026.199951171875,2033.300048828125,2020.3499755859375,2027.800048828125,30593,BAJAJFINSV,BSE,yfinance,1d
2026-02-11,2027.949951171875,2049.85009765625,2022.050048828125,2027.0,15750,BAJAJFINSV,BSE,yfinance,1d
2026-02-12,2020.6500244140625,2041.75,2016.0999755859375,2036.550048828125,24757,BAJAJFINSV,BSE,yfinance,1d
2026-02-13,2067.75,2067.75,2013.8499755859375,2024.199951171875,18440,BAJAJFINSV,BSE,yfinance,1d
2026-02-16,2023.0,2054.949951171875,2021.75,2051.5,37250,BAJAJFINSV,BSE,yfinance,1d
2026-02-17,2051.0,2051.699951171875,2033.8499755859375,2044.5999755859375,16338,BAJAJFINSV,BSE,yfinance,1d
2026-02-18,2033.550048828125,2066.0,2033.550048828125,2060.60009765625,31732,BAJAJFINSV,BSE,yfinance,1d
2026-02-19,2071.550048828125,2071.550048828125,2027.449951171875,2033.5999755859375,51617,BAJAJFINSV,BSE,yfinance,1d
2026-02-20,2021.4000244140625,2063.5,2021.4000244140625,2057.949951171875,20327,BAJAJFINSV,BSE,yfinance,1d
2026-02-23,2057.699951171875,2069.449951171875,2044.0,2051.050048828125,10401,BAJAJFINSV,BSE,yfinance,1d
2026-02-24,2039.800048828125,2050.300048828125,2032.050048828125,2046.050048828125,17013,BAJAJFINSV,BSE,yfinance,1d
2026-02-25,2050.0,2075.0,2043.0,2049.25,32249,BAJAJFINSV,BSE,yfinance,1d
2026-02-26,2049.449951171875,2064.39990234375,2027.550048828125,2041.3499755859375,21452,BAJAJFINSV,BSE,yfinance,1d
2026-02-27,2040.949951171875,2040.949951171875,1986.9000244140625,1992.699951171875,47576,BAJAJFINSV,BSE,yfinance,1d
2026-03-02,1953.699951171875,1989.5,1926.550048828125,1943.949951171875,70915,BAJAJFINSV,BSE,yfinance,1d
2026-03-04,1906.050048828125,1910.0,1860.0999755859375,1889.1500244140625,115699,BAJAJFINSV,BSE,yfinance,1d
2026-03-05,1892.25,1918.1500244140625,1878.3499755859375,1912.5999755859375,109030,BAJAJFINSV,BSE,yfinance,1d
2026-03-06,1911.949951171875,1911.949951171875,1865.0,1869.1500244140625,54184,BAJAJFINSV,BSE,yfinance,1d
2026-03-09,1850.0,1850.0,1801.6500244140625,1840.6500244140625,40048,BAJAJFINSV,BSE,yfinance,1d
2026-03-10,1859.8499755859375,1873.3499755859375,1841.9000244140625,1867.949951171875,14408,BAJAJFINSV,BSE,yfinance,1d
2026-03-11,1864.949951171875,1875.9000244140625,1791.0999755859375,1794.25,60961,BAJAJFINSV,BSE,yfinance,1d
2026-03-12,1782.25,1794.949951171875,1763.0,1770.9000244140625,49635,BAJAJFINSV,BSE,yfinance,1d
2026-03-13,1757.949951171875,1779.199951171875,1726.0999755859375,1738.5999755859375,34104,BAJAJFINSV,BSE,yfinance,1d
2026-03-16,1742.300048828125,1783.050048828125,1729.0,1771.25,33153,BAJAJFINSV,BSE,yfinance,1d
2026-03-17,1784.0,1784.0,1758.9000244140625,1774.9000244140625,65191,BAJAJFINSV,BSE,yfinance,1d
2026-03-18,1774.9000244140625,1803.75,1770.5,1792.800048828125,67669,BAJAJFINSV,BSE,yfinance,1d
2026-03-19,1765.1500244140625,1778.199951171875,1704.550048828125,1712.6500244140625,62425,BAJAJFINSV,BSE,yfinance,1d
2026-03-20,1721.75,1733.949951171875,1702.949951171875,1709.75,149851,BAJAJFINSV,BSE,yfinance,1d
2026-03-23,1708.800048828125,1708.800048828125,1660.050048828125,1673.449951171875,356256,BAJAJFINSV,BSE,yfinance,1d
2026-03-24,1732.25,1732.25,1671.25,1704.550048828125,56104,BAJAJFINSV,BSE,yfinance,1d
2026-03-25,1730.8499755859375,1765.0,1716.050048828125,1746.0999755859375,336781,BAJAJFINSV,BSE,yfinance,1d
2026-03-27,1746.0999755859375,1746.1500244140625,1680.9000244140625,1694.5,95325,BAJAJFINSV,BSE,yfinance,1d
2026-03-30,1690.0,1690.0,1627.5,1631.5999755859375,50353,BAJAJFINSV,BSE,yfinance,1d
2026-04-01,1653.199951171875,1683.5999755859375,1642.9000244140625,1647.75,38817,BAJAJFINSV,BSE,yfinance,1d
2026-04-02,1630.050048828125,1647.0,1598.1500244140625,1640.6500244140625,85177,BAJAJFINSV,BSE,yfinance,1d
2026-04-06,1640.5,1679.699951171875,1625.0,1673.5,24592,BAJAJFINSV,BSE,yfinance,1d
2026-04-07,1657.949951171875,1692.0,1630.0,1685.5,57239,BAJAJFINSV,BSE,yfinance,1d
2026-04-08,1712.199951171875,1810.050048828125,1712.199951171875,1784.0999755859375,67304,BAJAJFINSV,BSE,yfinance,1d
2026-04-09,1805.75,1805.75,1756.800048828125,1767.1500244140625,51343,BAJAJFINSV,BSE,yfinance,1d
2026-04-10,1777.1500244140625,1814.75,1777.1500244140625,1808.5999755859375,174183,BAJAJFINSV,BSE,yfinance,1d
2026-04-13,1797.449951171875,1797.449951171875,1749.0,1788.6500244140625,130570,BAJAJFINSV,BSE,yfinance,1d
2026-04-15,1824.75,1839.199951171875,1812.5,1825.050048828125,451880,BAJAJFINSV,BSE,yfinance,1d
2026-04-16,1838.949951171875,1855.0,1823.0,1830.5999755859375,61153,BAJAJFINSV,BSE,yfinance,1d
2026-04-17,1830.9000244140625,1843.0,1812.449951171875,1838.550048828125,25008,BAJAJFINSV,BSE,yfinance,1d
2026-04-20,1844.0,1851.8499755859375,1820.300048828125,1829.4000244140625,19965,BAJAJFINSV,BSE,yfinance,1d
2026-04-21,1831.25,1855.0,1826.199951171875,1851.4000244140625,15922,BAJAJFINSV,BSE,yfinance,1d
2026-04-22,1845.050048828125,1860.0,1836.800048828125,1840.949951171875,16870,BAJAJFINSV,BSE,yfinance,1d
2026-04-23,1820.4000244140625,1828.300048828125,1787.0,1791.949951171875,20044,BAJAJFINSV,BSE,yfinance,1d
2026-04-24,1789.949951171875,1800.5999755859375,1758.75,1770.4000244140625,9470,BAJAJFINSV,BSE,yfinance,1d
2026-04-27,1791.199951171875,1798.0,1765.300048828125,1772.050048828125,2105885,BAJAJFINSV,BSE,yfinance,1d
2026-04-28,1780.0,1790.0,1757.449951171875,1779.550048828125,23377,BAJAJFINSV,BSE,yfinance,1d
2026-04-29,1774.050048828125,1793.300048828125,1761.0,1764.4000244140625,26382,BAJAJFINSV,BSE,yfinance,1d
2026-04-30,1765.1500244140625,1794.6500244140625,1718.050048828125,1746.949951171875,148231,BAJAJFINSV,BSE,yfinance,1d
2026-05-04,1750.0,1786.25,1747.0,1771.550048828125,25006,BAJAJFINSV,BSE,yfinance,1d
2026-05-05,1768.949951171875,1799.0,1743.5999755859375,1794.8499755859375,101801,BAJAJFINSV,BSE,yfinance,1d
2026-05-06,1801.25,1838.949951171875,1798.0,1836.25,66053,BAJAJFINSV,BSE,yfinance,1d
2026-05-07,1846.25,1848.1500244140625,1816.8499755859375,1824.25,55110,BAJAJFINSV,BSE,yfinance,1d
2026-05-08,1843.550048828125,1843.550048828125,1802.800048828125,1816.3499755859375,11149,BAJAJFINSV,BSE,yfinance,1d
2026-05-11,1809.75,1812.949951171875,1786.0,1799.1500244140625,18500,BAJAJFINSV,BSE,yfinance,1d
2026-05-12,1767.300048828125,1792.0,1741.9000244140625,1744.800048828125,33442,BAJAJFINSV,BSE,yfinance,1d
2026-05-13,1745.050048828125,1756.0999755859375,1726.0,1728.5999755859375,27020,BAJAJFINSV,BSE,yfinance,1d
2026-05-14,1740.0,1742.75,1713.1500244140625,1740.5999755859375,37720,BAJAJFINSV,BSE,yfinance,1d
2026-05-15,1720.050048828125,1755.5,1720.050048828125,1727.3499755859375,110340,BAJAJFINSV,BSE,yfinance,1d
2026-05-18,1720.5999755859375,1759.300048828125,1694.9000244140625,1753.6500244140625,39182,BAJAJFINSV,BSE,yfinance,1d
2026-05-19,1753.5999755859375,1765.0,1705.550048828125,1749.800048828125,66945,BAJAJFINSV,BSE,yfinance,1d
2026-05-20,1748.25,1779.800048828125,1729.3499755859375,1773.0,23112,BAJAJFINSV,BSE,yfinance,1d
2026-05-21,1775.1500244140625,1785.5999755859375,1746.0,1751.949951171875,25913,BAJAJFINSV,BSE,yfinance,1d
2026-05-22,1779.949951171875,1779.949951171875,1758.699951171875,1770.0,10614,BAJAJFINSV,BSE,yfinance,1d
2026-05-25,1798.199951171875,1811.699951171875,1784.300048828125,1807.199951171875,18266,BAJAJFINSV,BSE,yfinance,1d
2026-05-26,1810.0,1812.3499755859375,1796.449951171875,1800.199951171875,20464,BAJAJFINSV,BSE,yfinance,1d
2026-05-27,1795.300048828125,1816.800048828125,1795.300048828125,1808.300048828125,16581,BAJAJFINSV,BSE,yfinance,1d
2026-05-28,1808.300048828125,1808.300048828125,1808.300048828125,1808.300048828125,0,BAJAJFINSV,BSE,yfinance,1d
2026-05-29,1808.050048828125,1815.800048828125,1777.8499755859375,1784.6500244140625,214240,BAJAJFINSV,BSE,yfinance,1d
2026-06-01,1785.9000244140625,1806.6500244140625,1755.949951171875,1758.8499755859375,19011,BAJAJFINSV,BSE,yfinance,1d
2026-06-02,1753.25,1755.0,1714.9000244140625,1741.5,21017,BAJAJFINSV,BSE,yfinance,1d
2026-06-03,1726.5999755859375,1741.5,1708.25,1732.75,19210,BAJAJFINSV,BSE,yfinance,1d
2026-06-04,1734.949951171875,1734.949951171875,1705.800048828125,1709.949951171875,25277,BAJAJFINSV,BSE,yfinance,1d
2026-06-05,1719.1500244140625,1740.0,1699.0,1703.0999755859375,32038,BAJAJFINSV,BSE,yfinance,1d
2026-06-08,1690.0,1695.4000244140625,1661.0,1670.8499755859375,15229,BAJAJFINSV,BSE,yfinance,1d
2026-06-09,1680.9000244140625,1696.449951171875,1674.5999755859375,1692.3499755859375,315895,BAJAJFINSV,BSE,yfinance,1d
2026-06-10,1692.3499755859375,1699.5999755859375,1661.0,1664.050048828125,7820,BAJAJFINSV,BSE,yfinance,1d
2026-06-11,1663.550048828125,1665.4000244140625,1640.9000244140625,1645.0,9570,BAJAJFINSV,BSE,yfinance,1d
2026-06-12,1667.550048828125,1691.800048828125,1648.8499755859375,1689.25,16213,BAJAJFINSV,BSE,yfinance,1d
2026-06-15,1705.449951171875,1760.699951171875,1705.449951171875,1749.75,71844,BAJAJFINSV,BSE,yfinance,1d
2026-06-16,1757.949951171875,1801.300048828125,1752.5,1786.5,93887,BAJAJFINSV,BSE,yfinance,1d
2026-06-17,1798.449951171875,1798.449951171875,1752.5,1764.75,23683,BAJAJFINSV,BSE,yfinance,1d
2026-06-18,1766.949951171875,1774.75,1750.0,1771.300048828125,18701,BAJAJFINSV,BSE,yfinance,1d
2026-06-19,1778.300048828125,1780.0,1750.0,1766.199951171875,12291,BAJAJFINSV,BSE,yfinance,1d
2026-06-22,1766.199951171875,1786.8499755859375,1761.300048828125,1783.6500244140625,23241,BAJAJFINSV,BSE,yfinance,1d
2026-06-23,1795.0,1798.199951171875,1759.5,1765.199951171875,36068,BAJAJFINSV,BSE,yfinance,1d
2026-06-24,1750.800048828125,1791.050048828125,1750.800048828125,1780.5,39261,BAJAJFINSV,BSE,yfinance,1d
2026-06-25,1793.0999755859375,1794.0999755859375,1761.3499755859375,1764.1500244140625,78497,BAJAJFINSV,BSE,yfinance,1d
2026-06-26,1764.1500244140625,1764.1500244140625,1764.1500244140625,1764.1500244140625,0,BAJAJFINSV,BSE,yfinance,1d
2026-06-29,1764.0,1787.199951171875,1755.5,1759.949951171875,25560,BAJAJFINSV,BSE,yfinance,1d
2026-06-30,1760.0,1796.0,1754.800048828125,1783.0,49990,BAJAJFINSV,BSE,yfinance,1d
2026-07-01,1770.0,1810.0,1741.8499755859375,1797.6500244140625,85031,BAJAJFINSV,BSE,yfinance,1d
2026-07-02,1800.3499755859375,1860.949951171875,1800.3499755859375,1856.1500244140625,219245,BAJAJFINSV,BSE,yfinance,1d
2026-07-03,1882.0,1915.449951171875,1871.800048828125,1895.75,127307,BAJAJFINSV,BSE,yfinance,1d
2026-07-06,1894.949951171875,1910.0,1862.550048828125,1871.050048828125,35554,BAJAJFINSV,BSE,yfinance,1d
2026-07-07,1867.800048828125,1898.0,1867.800048828125,1885.6500244140625,36289,BAJAJFINSV,BSE,yfinance,1d
2026-07-08,1872.0,1890.0,1841.0,1854.6500244140625,78172,BAJAJFINSV,BSE,yfinance,1d
2026-07-09,1858.6500244140625,1911.0999755859375,1855.0,1894.25,206416,BAJAJFINSV,BSE,yfinance,1d
2026-07-10,1914.5999755859375,1921.1500244140625,1894.25,1915.550048828125,104139,BAJAJFINSV,BSE,yfinance,1d
2026-07-13,1905.8499755859375,1911.0,1884.300048828125,1910.4000244140625,159863,BAJAJFINSV,BSE,yfinance,1d
2026-07-14,1900.699951171875,1900.699951171875,1862.0,1868.25,22146,BAJAJFINSV,BSE,yfinance,1d
2026-07-15,1869.5,1891.199951171875,1845.0,1850.0999755859375,20524,BAJAJFINSV,BSE,yfinance,1d
2026-07-16,1838.0999755859375,1855.800048828125,1829.199951171875,1838.25,89783,BAJAJFINSV,BSE,yfinance,1d
2026-07-17,1834.25,1870.0,1825.0,1859.8499755859375,520066,BAJAJFINSV,BSE,yfinance,1d
2026-07-20,1845.0999755859375,1871.0,1845.0999755859375,1861.9000244140625,27782,BAJAJFINSV,BSE,yfinance,1d
2026-07-21,1825.050048828125,1904.699951171875,1825.050048828125,1900.4000244140625,62480,BAJAJFINSV,BSE,yfinance,1d
2026-07-22,1904.5999755859375,1904.5999755859375,1871.050048828125,1877.449951171875,59473,BAJAJFINSV,BSE,yfinance,1d
2026-07-23,1864.1500244140625,1900.1500244140625,1862.199951171875,1889.3499755859375,675697,BAJAJFINSV,BSE,yfinance,1d
2026-07-24,1884.25,1893.0999755859375,1867.25,1876.949951171875,261372,BAJAJFINSV,BSE,yfinance,1d
2026-07-27,1880.550048828125,1920.0,1880.550048828125,1914.9000244140625,51988,BAJAJFINSV,BSE,yfinance,1d
2026-07-28,1915.0,1940.0,1912.0999755859375,1926.9000244140625,116443,BAJAJFINSV,BSE,yfinance,1d
2026-07-29,1926.0,1945.199951171875,1909.25,1925.0,30806,BAJAJFINSV,BSE,yfinance,1d
2026-07-30,1928.449951171875,1932.9000244140625,1891.3499755859375,1909.050048828125,2218000,BAJAJFINSV,BSE,yfinance,1d
2026-07-31,1940.0,2036.0,1936.6500244140625,2035.0,250801,BAJAJFINSV,BSE,yfinance,1d
2026-08-03,2038.25,2092.0,2038.25,2065.0,172952,BAJAJFINSV,BSE,yfinance,1d
2026-08-04,2079.949951171875,2096.550048828125,2068.39990234375,2076.39990234375,76985,BAJAJFINSV,BSE,yfinance,1d
2026-08-05,2100.550048828125,2119.300048828125,2074.85009765625,2084.699951171875,2493947,BAJAJFINSV,BSE,yfinance,1d
2026-08-06,2082.800048828125,2103.300048828125,2071.5,2089.25,68963,BAJAJFINSV,BSE,yfinance,1d
2026-08-07,2070.0,2070.0,1988.199951171875,2001.9000244140625,135515,BAJAJFINSV,BSE,yfinance,1d
2026-08-10,2014.949951171875,2036.0999755859375,1993.25,2024.949951171875,30881,BAJAJFINSV,BSE,yfinance,1d
2026-08-11,2014.9000244140625,2043.949951171875,2010.0,2010.0,23254,BAJAJFINSV,BSE,yfinance,1d
2026-08-12,2018.9000244140625,2024.5,2007.0,2009.0,14574,BAJAJFINSV,BSE,yfinance,1d
2026-08-13,2018.9000244140625,2037.0,2006.5,2036.449951171875,457403,BAJAJFINSV,BSE,yfinance,1d
2026-08-14,2036.4000244140625,2036.4000244140625,2007.3499755859375,2030.0,16270,BAJAJFINSV,BSE,yfinance,1d
