date,open,high,low,close,volume,symbol,exchange,source,interval
2021-08-16,628.1152954101562,632.1397705078125,620.0663452148438,622.0785522460938,442552,BHARTIARTL,BSE,yfinance,1d
2021-08-17,622.0785522460938,626.2012329101562,611.8209838867188,614.7657470703125,234054,BHARTIARTL,BSE,yfinance,1d
2021-08-18,614.9620971679688,622.323974609375,609.5633544921875,611.2811279296875,174490,BHARTIARTL,BSE,yfinance,1d
2021-08-20,611.5265502929688,621.2932739257812,596.0175170898438,601.66162109375,300666,BHARTIARTL,BSE,yfinance,1d
2021-08-23,608.483642578125,618.790283203125,596.557373046875,611.0848388671875,312596,BHARTIARTL,BSE,yfinance,1d
2021-08-24,616.3853759765625,616.3853759765625,605.9315185546875,608.4345703125,159570,BHARTIARTL,BSE,yfinance,1d
2021-08-25,612.5081176757812,612.5081176757812,599.845703125,601.1708374023438,230180,BHARTIARTL,BSE,yfinance,1d
2021-08-26,599.5021362304688,599.6493530273438,572.9503173828125,576.0422973632812,822396,BHARTIARTL,BSE,yfinance,1d
2021-08-27,576.1895141601562,594.2015991210938,574.4226684570312,583.0115356445312,426596,BHARTIARTL,BSE,yfinance,1d
2021-08-30,586.7415771484375,613.3915405273438,580.2140502929688,608.9253540039062,1095263,BHARTIARTL,BSE,yfinance,1d
2021-08-31,618.2012939453125,655.6487426757812,613.98046875,651.4769897460938,1817981,BHARTIARTL,BSE,yfinance,1d
2021-09-01,656.5812377929688,660.605712890625,641.9065551757812,653.9309692382812,928588,BHARTIARTL,BSE,yfinance,1d
2021-09-02,658.3480834960938,661.3419189453125,651.918701171875,653.832763671875,360282,BHARTIARTL,BSE,yfinance,1d
2021-09-03,657.072021484375,657.072021484375,642.1028442382812,646.1764526367188,213244,BHARTIARTL,BSE,yfinance,1d
2021-09-06,650.8880615234375,653.3910522460938,641.415771484375,642.4464111328125,245307,BHARTIARTL,BSE,yfinance,1d
2021-09-07,643.8206176757812,668.1148071289062,636.0661010742188,658.3480834960938,1293066,BHARTIARTL,BSE,yfinance,1d
2021-09-08,667.1823120117188,671.4031372070312,652.7530517578125,655.50146484375,787560,BHARTIARTL,BSE,yfinance,1d
2021-09-09,655.6978149414062,675.5748901367188,655.6978149414062,673.6607666015625,483896,BHARTIARTL,BSE,yfinance,1d
2021-09-13,679.2557983398438,684.2619018554688,673.3662719726562,682.7894897460938,748377,BHARTIARTL,BSE,yfinance,1d
2021-09-14,683.133056640625,686.81396484375,676.4091796875,681.317138671875,460892,BHARTIARTL,BSE,yfinance,1d
2021-09-15,683.231201171875,721.414794921875,683.231201171875,712.1879272460938,1084298,BHARTIARTL,BSE,yfinance,1d
2021-09-16,730.2000122070312,730.2000122070312,701.9794311523438,704.9241943359375,3653681,BHARTIARTL,BSE,yfinance,1d
2021-09-17,707.0346069335938,721.218505859375,707.0346069335938,714.7400512695312,754937,BHARTIARTL,BSE,yfinance,1d
2021-09-20,711.1572875976562,720.1387329101562,706.7401123046875,711.4026489257812,1633270,BHARTIARTL,BSE,yfinance,1d
2021-09-21,710.5682983398438,726.9116821289062,708.4578857421875,713.3658447265625,327620,BHARTIARTL,BSE,yfinance,1d
2021-09-22,715.2799072265625,718.6663818359375,710.911865234375,713.3658447265625,310768,BHARTIARTL,BSE,yfinance,1d
2021-09-23,718.0774536132812,726.371826171875,710.0775146484375,712.8259887695312,2836947,BHARTIARTL,BSE,yfinance,1d
2021-09-24,714.6419067382812,738.788818359375,714.5928344726562,725.5865478515625,1262802,BHARTIARTL,BSE,yfinance,1d
2021-09-27,732.0,732.0,718.2000122070312,722.8499755859375,285330,BHARTIARTL,BSE,yfinance,1d
2021-09-28,723.0999755859375,726.9500122070312,686.0499877929688,696.25,835171,BHARTIARTL,BSE,yfinance,1d
2021-09-29,699.0,702.0,689.4500122070312,693.9500122070312,1518611,BHARTIARTL,BSE,yfinance,1d
2021-09-30,696.4000244140625,709.8499755859375,686.7000122070312,688.1500244140625,368378,BHARTIARTL,BSE,yfinance,1d
2021-10-01,688.5,688.5,667.9000244140625,672.9000244140625,627450,BHARTIARTL,BSE,yfinance,1d
2021-10-04,695.0,695.0,670.0,681.0999755859375,401411,BHARTIARTL,BSE,yfinance,1d
2021-10-05,682.1500244140625,703.3499755859375,680.6500244140625,699.25,4807686,BHARTIARTL,BSE,yfinance,1d
2021-10-06,706.9000244140625,707.9500122070312,688.25,691.4000244140625,415547,BHARTIARTL,BSE,yfinance,1d
2021-10-07,698.0,702.2000122070312,691.2000122070312,692.5499877929688,275795,BHARTIARTL,BSE,yfinance,1d
2021-10-08,696.7999877929688,699.25,689.0,695.4000244140625,235018,BHARTIARTL,BSE,yfinance,1d
2021-10-11,695.0,696.0499877929688,685.2000122070312,690.7999877929688,2666344,BHARTIARTL,BSE,yfinance,1d
2021-10-12,691.2999877929688,698.4000244140625,684.5,686.5,145088,BHARTIARTL,BSE,yfinance,1d
2021-10-13,690.2000122070312,696.5,684.0,690.1500244140625,253836,BHARTIARTL,BSE,yfinance,1d
2021-10-14,690.1500244140625,693.7999877929688,682.0,686.1500244140625,222359,BHARTIARTL,BSE,yfinance,1d
2021-10-18,698.0,700.5999755859375,679.3499755859375,680.4500122070312,247950,BHARTIARTL,BSE,yfinance,1d
2021-10-19,698.8499755859375,698.8499755859375,675.5999755859375,681.0,200508,BHARTIARTL,BSE,yfinance,1d
2021-10-20,681.0999755859375,713.7999877929688,681.0999755859375,708.4500122070312,3399664,BHARTIARTL,BSE,yfinance,1d
2021-10-21,711.4500122070312,712.7999877929688,689.2999877929688,696.4000244140625,675724,BHARTIARTL,BSE,yfinance,1d
2021-10-22,696.0,705.0999755859375,684.5499877929688,694.4500122070312,355473,BHARTIARTL,BSE,yfinance,1d
2021-10-25,697.0,703.75,675.2999877929688,690.75,260455,BHARTIARTL,BSE,yfinance,1d
2021-10-26,698.7999877929688,709.75,689.0,696.1500244140625,254003,BHARTIARTL,BSE,yfinance,1d
2021-10-27,701.0,714.5999755859375,694.5,702.5499877929688,244716,BHARTIARTL,BSE,yfinance,1d
2021-10-28,702.5499877929688,706.0,685.0,688.7999877929688,279799,BHARTIARTL,BSE,yfinance,1d
2021-10-29,692.0,700.75,677.5999755859375,686.25,196379,BHARTIARTL,BSE,yfinance,1d
2021-11-01,689.0,722.7000122070312,689.0,712.2999877929688,753426,BHARTIARTL,BSE,yfinance,1d
2021-11-02,715.0,722.9000244140625,707.5499877929688,712.9000244140625,222200,BHARTIARTL,BSE,yfinance,1d
2021-11-03,726.7000122070312,732.5,696.0,699.0,479787,BHARTIARTL,BSE,yfinance,1d
2021-11-04,705.9000244140625,705.9000244140625,699.5,701.0999755859375,38935,BHARTIARTL,BSE,yfinance,1d
2021-11-08,705.5499877929688,714.7999877929688,704.0,709.0,247719,BHARTIARTL,BSE,yfinance,1d
2021-11-09,712.0,716.3499755859375,705.2999877929688,713.1500244140625,213993,BHARTIARTL,BSE,yfinance,1d
2021-11-10,718.4000244140625,738.0,707.4500122070312,735.7000122070312,402032,BHARTIARTL,BSE,yfinance,1d
2021-11-11,735.7000122070312,738.5499877929688,724.5,728.5999755859375,279354,BHARTIARTL,BSE,yfinance,1d
2021-11-12,732.0,744.9500122070312,730.0,743.2999877929688,377058,BHARTIARTL,BSE,yfinance,1d
2021-11-15,741.0,746.0,736.5,737.5999755859375,135387,BHARTIARTL,BSE,yfinance,1d
2021-11-16,742.7000122070312,742.7000122070312,726.8499755859375,730.0,176446,BHARTIARTL,BSE,yfinance,1d
2021-11-17,730.2999877929688,732.2000122070312,716.5,719.8499755859375,126793,BHARTIARTL,BSE,yfinance,1d
2021-11-18,724.7999877929688,724.7999877929688,708.5,714.2000122070312,111004,BHARTIARTL,BSE,yfinance,1d
2021-11-22,743.0,756.0,733.25,742.0499877929688,793877,BHARTIARTL,BSE,yfinance,1d
2021-11-23,747.0999755859375,760.9500122070312,735.7999877929688,759.5,386196,BHARTIARTL,BSE,yfinance,1d
2021-11-24,764.7999877929688,781.9000244140625,756.0,758.75,719706,BHARTIARTL,BSE,yfinance,1d
2021-11-25,760.0,768.5999755859375,753.0499877929688,764.9500122070312,211695,BHARTIARTL,BSE,yfinance,1d
2021-11-26,764.9500122070312,764.9500122070312,732.9000244140625,737.4500122070312,215868,BHARTIARTL,BSE,yfinance,1d
2021-11-29,746.0,754.5999755859375,727.4500122070312,739.7000122070312,482194,BHARTIARTL,BSE,yfinance,1d
2021-11-30,738.1500244140625,750.1500244140625,723.5,728.75,599340,BHARTIARTL,BSE,yfinance,1d
2021-12-01,732.0999755859375,737.4000244140625,718.0999755859375,721.0,1972929,BHARTIARTL,BSE,yfinance,1d
2021-12-02,726.9000244140625,735.6500244140625,714.0999755859375,732.1500244140625,1467375,BHARTIARTL,BSE,yfinance,1d
2021-12-03,733.0,734.4500122070312,716.5499877929688,718.3499755859375,561772,BHARTIARTL,BSE,yfinance,1d
2021-12-06,716.5999755859375,721.7999877929688,693.9000244140625,697.0999755859375,305574,BHARTIARTL,BSE,yfinance,1d
2021-12-07,700.5,705.7999877929688,694.2000122070312,698.9500122070312,258102,BHARTIARTL,BSE,yfinance,1d
2021-12-08,706.0,718.9000244140625,703.4000244140625,715.0999755859375,731759,BHARTIARTL,BSE,yfinance,1d
2021-12-09,717.0,723.7999877929688,711.0999755859375,713.9000244140625,230962,BHARTIARTL,BSE,yfinance,1d
2021-12-10,713.5,718.7999877929688,707.0499877929688,710.5999755859375,420273,BHARTIARTL,BSE,yfinance,1d
2021-12-13,715.9000244140625,718.4500122070312,698.4500122070312,702.9000244140625,102042,BHARTIARTL,BSE,yfinance,1d
2021-12-14,701.9000244140625,706.1500244140625,688.4500122070312,691.6500244140625,297355,BHARTIARTL,BSE,yfinance,1d
2021-12-15,692.25,694.7000122070312,684.0,685.3499755859375,277314,BHARTIARTL,BSE,yfinance,1d
2021-12-16,690.0,690.0,677.5,682.2000122070312,103024,BHARTIARTL,BSE,yfinance,1d
2021-12-17,681.2000122070312,683.0,661.2999877929688,666.2000122070312,307646,BHARTIARTL,BSE,yfinance,1d
2021-12-20,656.0,661.2000122070312,645.0999755859375,658.25,426784,BHARTIARTL,BSE,yfinance,1d
2021-12-21,662.5,670.7000122070312,659.2000122070312,667.0499877929688,173941,BHARTIARTL,BSE,yfinance,1d
2021-12-22,668.8499755859375,685.75,668.5,684.8499755859375,266428,BHARTIARTL,BSE,yfinance,1d
2021-12-23,687.0,689.0,675.4500122070312,678.5,142540,BHARTIARTL,BSE,yfinance,1d
2021-12-24,684.0,684.0,672.9500122070312,677.0499877929688,74625,BHARTIARTL,BSE,yfinance,1d
2021-12-27,674.0,678.25,668.5,675.5,145323,BHARTIARTL,BSE,yfinance,1d
2021-12-28,678.0,683.2999877929688,675.1500244140625,680.0499877929688,85413,BHARTIARTL,BSE,yfinance,1d
2021-12-29,682.3499755859375,683.5,675.0499877929688,676.6500244140625,106397,BHARTIARTL,BSE,yfinance,1d
2021-12-30,681.3499755859375,685.3499755859375,674.1500244140625,679.5999755859375,118116,BHARTIARTL,BSE,yfinance,1d
2021-12-31,679.0,694.0,679.0,683.8499755859375,247588,BHARTIARTL,BSE,yfinance,1d
2022-01-03,684.1500244140625,692.5,683.25,691.2000122070312,131858,BHARTIARTL,BSE,yfinance,1d
2022-01-04,693.0,703.0499877929688,690.7000122070312,697.2000122070312,120389,BHARTIARTL,BSE,yfinance,1d
2022-01-05,702.9000244140625,702.9000244140625,691.8499755859375,700.0499877929688,85748,BHARTIARTL,BSE,yfinance,1d
2022-01-06,701.0999755859375,720.5,700.2000122070312,710.25,653091,BHARTIARTL,BSE,yfinance,1d
2022-01-07,715.0,715.3499755859375,701.75,704.75,119795,BHARTIARTL,BSE,yfinance,1d
2022-01-10,704.75,711.1500244140625,703.5,704.7000122070312,170989,BHARTIARTL,BSE,yfinance,1d
2022-01-11,704.0,709.4500122070312,694.7999877929688,703.5999755859375,211875,BHARTIARTL,BSE,yfinance,1d
2022-01-12,709.0,732.3499755859375,704.2999877929688,730.0499877929688,557454,BHARTIARTL,BSE,yfinance,1d
2022-01-13,728.5499877929688,735.5499877929688,727.5999755859375,731.5499877929688,99339,BHARTIARTL,BSE,yfinance,1d
2022-01-14,732.0,732.0,718.75,720.7000122070312,73752,BHARTIARTL,BSE,yfinance,1d
2022-01-17,721.0,734.75,720.0,728.5499877929688,197500,BHARTIARTL,BSE,yfinance,1d
2022-01-18,728.5499877929688,730.4500122070312,712.9000244140625,714.0999755859375,83888,BHARTIARTL,BSE,yfinance,1d
2022-01-19,725.5,725.5,701.75,704.0499877929688,80830,BHARTIARTL,BSE,yfinance,1d
2022-01-20,702.5999755859375,718.9000244140625,702.5999755859375,715.2999877929688,270601,BHARTIARTL,BSE,yfinance,1d
2022-01-21,712.7999877929688,713.7000122070312,689.25,695.0499877929688,133044,BHARTIARTL,BSE,yfinance,1d
2022-01-24,694.0,707.1500244140625,677.5,689.5999755859375,224258,BHARTIARTL,BSE,yfinance,1d
2022-01-25,685.0,720.1500244140625,684.0,711.9000244140625,272728,BHARTIARTL,BSE,yfinance,1d
2022-01-27,706.0,715.9500122070312,701.5999755859375,707.2000122070312,250227,BHARTIARTL,BSE,yfinance,1d
2022-01-28,718.0,752.7999877929688,702.0,715.9000244140625,579603,BHARTIARTL,BSE,yfinance,1d
2022-01-31,730.25,734.7999877929688,719.4000244140625,729.4000244140625,377920,BHARTIARTL,BSE,yfinance,1d
2022-02-01,734.0,735.0,718.2999877929688,722.75,278852,BHARTIARTL,BSE,yfinance,1d
2022-02-02,734.0,734.0,720.7999877929688,724.9500122070312,82530,BHARTIARTL,BSE,yfinance,1d
2022-02-03,728.0,728.7999877929688,718.5499877929688,721.5999755859375,74344,BHARTIARTL,BSE,yfinance,1d
2022-02-04,721.5999755859375,723.1500244140625,716.5499877929688,720.2000122070312,94805,BHARTIARTL,BSE,yfinance,1d
2022-02-07,719.4000244140625,719.5999755859375,699.5499877929688,706.5,190773,BHARTIARTL,BSE,yfinance,1d
2022-02-08,718.2000122070312,718.2000122070312,701.0,708.8499755859375,241296,BHARTIARTL,BSE,yfinance,1d
2022-02-09,709.0999755859375,726.0,702.1500244140625,719.5999755859375,458768,BHARTIARTL,BSE,yfinance,1d
2022-02-10,725.0,726.7999877929688,708.6500244140625,723.7999877929688,198926,BHARTIARTL,BSE,yfinance,1d
2022-02-11,718.0,725.2000122070312,710.9500122070312,714.4500122070312,129216,BHARTIARTL,BSE,yfinance,1d
2022-02-14,708.5,708.5,685.0,688.0499877929688,279171,BHARTIARTL,BSE,yfinance,1d
2022-02-15,697.0,713.1500244140625,687.75,711.3499755859375,171221,BHARTIARTL,BSE,yfinance,1d
2022-02-16,715.2000122070312,728.0,707.7000122070312,721.4000244140625,203539,BHARTIARTL,BSE,yfinance,1d
2022-02-17,726.0,727.0,715.0999755859375,717.1500244140625,157848,BHARTIARTL,BSE,yfinance,1d
2022-02-18,708.1500244140625,719.4000244140625,708.1500244140625,712.7000122070312,107842,BHARTIARTL,BSE,yfinance,1d
2022-02-21,706.0,716.25,702.75,709.7999877929688,262041,BHARTIARTL,BSE,yfinance,1d
2022-02-22,695.0,701.5999755859375,687.7000122070312,699.9000244140625,286312,BHARTIARTL,BSE,yfinance,1d
2022-02-23,698.0,708.9000244140625,698.0,704.25,203509,BHARTIARTL,BSE,yfinance,1d
2022-02-24,689.0,689.0,645.5999755859375,670.75,636847,BHARTIARTL,BSE,yfinance,1d
2022-02-25,680.0,695.0,677.7999877929688,688.4500122070312,152744,BHARTIARTL,BSE,yfinance,1d
2022-02-28,683.0,689.7999877929688,666.9000244140625,686.25,177372,BHARTIARTL,BSE,yfinance,1d
2022-03-02,686.25,686.25,666.0499877929688,673.9000244140625,274602,BHARTIARTL,BSE,yfinance,1d
2022-03-03,676.0999755859375,679.7999877929688,668.8499755859375,671.7999877929688,142360,BHARTIARTL,BSE,yfinance,1d
2022-03-04,667.9500122070312,667.9500122070312,650.0,653.0,148028,BHARTIARTL,BSE,yfinance,1d
2022-03-07,643.0,679.0,638.9000244140625,675.5999755859375,389014,BHARTIARTL,BSE,yfinance,1d
2022-03-08,675.4000244140625,686.7999877929688,667.7000122070312,682.9000244140625,269174,BHARTIARTL,BSE,yfinance,1d
2022-03-09,683.0,698.0999755859375,674.4500122070312,691.4500122070312,225062,BHARTIARTL,BSE,yfinance,1d
2022-03-10,705.2999877929688,707.2999877929688,690.75,697.5499877929688,101287,BHARTIARTL,BSE,yfinance,1d
2022-03-11,696.0499877929688,702.2000122070312,691.5999755859375,694.7999877929688,68244,BHARTIARTL,BSE,yfinance,1d
2022-03-14,688.4000244140625,704.8499755859375,688.4000244140625,700.5499877929688,128884,BHARTIARTL,BSE,yfinance,1d
2022-03-15,700.7999877929688,709.4500122070312,695.4000244140625,703.3499755859375,350151,BHARTIARTL,BSE,yfinance,1d
2022-03-16,706.0,715.0,705.0,712.5999755859375,286825,BHARTIARTL,BSE,yfinance,1d
2022-03-17,719.0,727.7000122070312,714.7000122070312,722.7999877929688,228481,BHARTIARTL,BSE,yfinance,1d
2022-03-21,702.0,723.0,702.0,709.3499755859375,228917,BHARTIARTL,BSE,yfinance,1d
2022-03-22,707.2000122070312,720.9000244140625,706.0999755859375,719.25,86945,BHARTIARTL,BSE,yfinance,1d
2022-03-23,719.9000244140625,719.9000244140625,703.0,705.0499877929688,162570,BHARTIARTL,BSE,yfinance,1d
2022-03-24,699.0,708.9500122070312,697.3499755859375,706.25,181559,BHARTIARTL,BSE,yfinance,1d
2022-03-25,710.5,714.4000244140625,705.7999877929688,709.25,163661,BHARTIARTL,BSE,yfinance,1d
2022-03-28,714.9500122070312,737.5,710.4500122070312,733.3499755859375,237001,BHARTIARTL,BSE,yfinance,1d
2022-03-29,740.2000122070312,762.8499755859375,737.0499877929688,754.5499877929688,601282,BHARTIARTL,BSE,yfinance,1d
2022-03-30,760.0,769.75,744.6500244140625,749.4000244140625,185301,BHARTIARTL,BSE,yfinance,1d
2022-03-31,752.0,759.0499877929688,739.5999755859375,755.4000244140625,128187,BHARTIARTL,BSE,yfinance,1d
2022-04-01,757.1500244140625,766.5999755859375,749.0999755859375,758.5999755859375,194022,BHARTIARTL,BSE,yfinance,1d
2022-04-04,758.5999755859375,774.8499755859375,756.0,767.6500244140625,255057,BHARTIARTL,BSE,yfinance,1d
2022-04-05,771.0,773.6500244140625,761.0,766.25,64906,BHARTIARTL,BSE,yfinance,1d
2022-04-06,765.0,780.3499755859375,763.0499877929688,775.2000122070312,118489,BHARTIARTL,BSE,yfinance,1d
2022-04-07,772.0,777.4500122070312,759.6500244140625,762.5999755859375,55014,BHARTIARTL,BSE,yfinance,1d
2022-04-08,764.2000122070312,768.0,757.75,762.1500244140625,112355,BHARTIARTL,BSE,yfinance,1d
2022-04-11,755.3499755859375,765.1500244140625,755.3499755859375,757.9000244140625,486689,BHARTIARTL,BSE,yfinance,1d
2022-04-12,762.4000244140625,762.4000244140625,740.0,741.5999755859375,77478,BHARTIARTL,BSE,yfinance,1d
2022-04-13,743.0,756.5,738.0,740.7000122070312,599288,BHARTIARTL,BSE,yfinance,1d
2022-04-18,729.0999755859375,740.0999755859375,723.5,729.7999877929688,226124,BHARTIARTL,BSE,yfinance,1d
2022-04-19,735.2999877929688,737.6500244140625,717.0,722.5499877929688,480868,BHARTIARTL,BSE,yfinance,1d
2022-04-20,727.2000122070312,744.2999877929688,724.5,739.4000244140625,155124,BHARTIARTL,BSE,yfinance,1d
2022-04-21,746.0,746.0,730.0,734.75,261922,BHARTIARTL,BSE,yfinance,1d
2022-04-22,734.75,740.75,729.4000244140625,738.75,64386,BHARTIARTL,BSE,yfinance,1d
2022-04-25,732.0,743.25,730.0,739.4500122070312,271553,BHARTIARTL,BSE,yfinance,1d
2022-04-26,744.5,758.8499755859375,739.25,756.2000122070312,217929,BHARTIARTL,BSE,yfinance,1d
2022-04-27,751.5,761.3499755859375,746.25,753.5499877929688,75196,BHARTIARTL,BSE,yfinance,1d
2022-04-28,751.7999877929688,754.0,744.7999877929688,747.25,100891,BHARTIARTL,BSE,yfinance,1d
2022-04-29,750.0,760.7999877929688,735.75,739.7000122070312,358326,BHARTIARTL,BSE,yfinance,1d
2022-05-02,730.5499877929688,742.7000122070312,730.5499877929688,741.4500122070312,202559,BHARTIARTL,BSE,yfinance,1d
2022-05-04,739.0999755859375,739.0999755859375,716.7999877929688,722.5999755859375,2872984,BHARTIARTL,BSE,yfinance,1d
2022-05-05,722.0999755859375,733.0,714.2999877929688,717.5499877929688,175716,BHARTIARTL,BSE,yfinance,1d
2022-05-06,715.0,723.9000244140625,707.75,710.4000244140625,348653,BHARTIARTL,BSE,yfinance,1d
2022-05-09,700.0,720.0,700.0,711.75,189798,BHARTIARTL,BSE,yfinance,1d
2022-05-10,706.5,728.4000244140625,706.5,719.5999755859375,103773,BHARTIARTL,BSE,yfinance,1d
2022-05-11,720.0,735.0999755859375,717.2000122070312,722.9000244140625,217527,BHARTIARTL,BSE,yfinance,1d
2022-05-12,712.5999755859375,722.75,702.0,705.75,226086,BHARTIARTL,BSE,yfinance,1d
2022-05-13,717.9000244140625,717.9000244140625,685.0,689.4000244140625,359357,BHARTIARTL,BSE,yfinance,1d
2022-05-16,683.1500244140625,697.75,679.8499755859375,692.7999877929688,101582,BHARTIARTL,BSE,yfinance,1d
2022-05-17,699.7999877929688,710.0,691.0,707.5499877929688,123491,BHARTIARTL,BSE,yfinance,1d
2022-05-18,725.4000244140625,727.5499877929688,689.0499877929688,696.0499877929688,613144,BHARTIARTL,BSE,yfinance,1d
2022-05-19,686.0,692.5499877929688,668.2000122070312,673.5,137410,BHARTIARTL,BSE,yfinance,1d
2022-05-20,684.1500244140625,691.5,683.2000122070312,687.7000122070312,235744,BHARTIARTL,BSE,yfinance,1d
2022-05-23,685.0,693.75,680.0,685.7000122070312,74307,BHARTIARTL,BSE,yfinance,1d
2022-05-24,686.1500244140625,688.3499755859375,676.1500244140625,678.7999877929688,53376,BHARTIARTL,BSE,yfinance,1d
2022-05-25,677.0,689.8499755859375,677.0,688.3499755859375,174560,BHARTIARTL,BSE,yfinance,1d
2022-05-26,689.0,695.2999877929688,676.0,693.3499755859375,164584,BHARTIARTL,BSE,yfinance,1d
2022-05-27,702.0499877929688,702.0499877929688,676.1500244140625,684.75,170183,BHARTIARTL,BSE,yfinance,1d
2022-05-30,689.75,703.75,682.9000244140625,699.0,379481,BHARTIARTL,BSE,yfinance,1d
2022-05-31,695.0,706.2999877929688,692.25,701.0999755859375,258495,BHARTIARTL,BSE,yfinance,1d
2022-06-01,698.1500244140625,706.0,691.2999877929688,694.25,579663,BHARTIARTL,BSE,yfinance,1d
2022-06-02,685.0,697.0,683.4000244140625,695.9000244140625,143399,BHARTIARTL,BSE,yfinance,1d
2022-06-03,700.4500122070312,700.4500122070312,685.2000122070312,686.4000244140625,58969,BHARTIARTL,BSE,yfinance,1d
2022-06-06,682.3499755859375,689.8499755859375,676.5999755859375,683.3499755859375,147323,BHARTIARTL,BSE,yfinance,1d
2022-06-07,678.0,687.2999877929688,673.25,685.9000244140625,173221,BHARTIARTL,BSE,yfinance,1d
2022-06-08,685.0,687.4000244140625,660.5,663.2000122070312,600555,BHARTIARTL,BSE,yfinance,1d
2022-06-09,658.0,679.9500122070312,655.1500244140625,676.5,152171,BHARTIARTL,BSE,yfinance,1d
2022-06-10,672.0,676.5499877929688,664.5,673.0,113995,BHARTIARTL,BSE,yfinance,1d
2022-06-13,665.0,673.0,657.9000244140625,671.2000122070312,189725,BHARTIARTL,BSE,yfinance,1d
2022-06-14,673.7999877929688,689.0,671.0,682.1500244140625,183878,BHARTIARTL,BSE,yfinance,1d
2022-06-15,682.9500122070312,685.0,673.5999755859375,682.0,214223,BHARTIARTL,BSE,yfinance,1d
2022-06-16,686.0,686.0,650.3499755859375,653.9500122070312,230008,BHARTIARTL,BSE,yfinance,1d
2022-06-17,659.7000122070312,661.3499755859375,638.3499755859375,643.8499755859375,141041,BHARTIARTL,BSE,yfinance,1d
2022-06-20,642.0,646.5999755859375,634.2000122070312,641.5,92075,BHARTIARTL,BSE,yfinance,1d
2022-06-21,642.0,658.1500244140625,640.75,653.75,129214,BHARTIARTL,BSE,yfinance,1d
2022-06-22,642.2000122070312,650.1500244140625,641.2999877929688,642.75,143241,BHARTIARTL,BSE,yfinance,1d
2022-06-23,649.9500122070312,664.25,647.6500244140625,660.5,64053,BHARTIARTL,BSE,yfinance,1d
2022-06-24,664.9500122070312,675.5,662.9500122070312,671.5,136462,BHARTIARTL,BSE,yfinance,1d
2022-06-27,677.6500244140625,687.0,671.1500244140625,684.9000244140625,171889,BHARTIARTL,BSE,yfinance,1d
2022-06-28,679.0499877929688,684.9500122070312,676.2000122070312,681.0,66971,BHARTIARTL,BSE,yfinance,1d
2022-06-29,678.0,689.0,676.2000122070312,687.5,53292,BHARTIARTL,BSE,yfinance,1d
2022-06-30,691.0,691.4500122070312,679.3499755859375,683.9000244140625,184651,BHARTIARTL,BSE,yfinance,1d
2022-07-01,686.0,686.0,666.0499877929688,673.4000244140625,284792,BHARTIARTL,BSE,yfinance,1d
2022-07-04,674.25,685.0499877929688,666.1500244140625,681.9000244140625,71201,BHARTIARTL,BSE,yfinance,1d
2022-07-05,682.9000244140625,689.0999755859375,681.0,684.2999877929688,207226,BHARTIARTL,BSE,yfinance,1d
2022-07-06,679.0,694.9000244140625,679.0,693.9500122070312,73612,BHARTIARTL,BSE,yfinance,1d
2022-07-07,694.9500122070312,696.5499877929688,685.5499877929688,686.6500244140625,102775,BHARTIARTL,BSE,yfinance,1d
2022-07-08,686.1500244140625,696.5,686.1500244140625,695.25,169887,BHARTIARTL,BSE,yfinance,1d
2022-07-11,676.7999877929688,680.5999755859375,659.0499877929688,660.2999877929688,362839,BHARTIARTL,BSE,yfinance,1d
2022-07-12,663.0,666.9500122070312,660.0999755859375,662.4500122070312,246101,BHARTIARTL,BSE,yfinance,1d
2022-07-13,685.2000122070312,685.2000122070312,641.2999877929688,643.4500122070312,191204,BHARTIARTL,BSE,yfinance,1d
2022-07-14,648.2000122070312,652.0999755859375,629.0499877929688,642.0,194456,BHARTIARTL,BSE,yfinance,1d
2022-07-15,648.2000122070312,657.5,643.5,651.6500244140625,511567,BHARTIARTL,BSE,yfinance,1d
2022-07-18,660.7999877929688,669.0,649.3499755859375,663.5,3086280,BHARTIARTL,BSE,yfinance,1d
2022-07-19,673.3499755859375,675.7999877929688,663.4000244140625,672.9500122070312,392866,BHARTIARTL,BSE,yfinance,1d
2022-07-20,677.0,678.0,668.0499877929688,670.25,419695,BHARTIARTL,BSE,yfinance,1d
2022-07-21,669.6500244140625,679.25,669.6500244140625,678.5999755859375,42016,BHARTIARTL,BSE,yfinance,1d
2022-07-22,682.5,682.5,675.1500244140625,678.5,67432,BHARTIARTL,BSE,yfinance,1d
2022-07-25,678.5,686.5499877929688,676.6500244140625,678.1500244140625,55109,BHARTIARTL,BSE,yfinance,1d
2022-07-26,681.0,685.0999755859375,670.0999755859375,683.7999877929688,65233,BHARTIARTL,BSE,yfinance,1d
2022-07-27,684.0,684.0,669.75,674.7999877929688,163654,BHARTIARTL,BSE,yfinance,1d
2022-07-28,681.0,681.0,664.25,666.7999877929688,486945,BHARTIARTL,BSE,yfinance,1d
2022-07-29,673.0,680.5,671.0,677.9000244140625,135806,BHARTIARTL,BSE,yfinance,1d
2022-08-01,679.0,697.2999877929688,677.8499755859375,694.2000122070312,3071366,BHARTIARTL,BSE,yfinance,1d
2022-08-02,699.0,699.4500122070312,681.4000244140625,686.5999755859375,111350,BHARTIARTL,BSE,yfinance,1d
2022-08-03,688.7999877929688,696.6500244140625,687.0,692.9500122070312,115279,BHARTIARTL,BSE,yfinance,1d
2022-08-04,699.0,699.0,681.0,693.9500122070312,211393,BHARTIARTL,BSE,yfinance,1d
2022-08-05,700.0,710.0,697.2000122070312,703.5999755859375,118358,BHARTIARTL,BSE,yfinance,1d
2022-08-08,707.0,709.75,699.0999755859375,704.3499755859375,259526,BHARTIARTL,BSE,yfinance,1d
2022-08-10,719.0,719.0,706.0,714.9500122070312,330344,BHARTIARTL,BSE,yfinance,1d
2022-08-11,723.4000244140625,723.4000244140625,705.8499755859375,709.5499877929688,461575,BHARTIARTL,BSE,yfinance,1d
2022-08-12,709.5499877929688,712.2000122070312,706.6500244140625,709.8499755859375,170762,BHARTIARTL,BSE,yfinance,1d
2022-08-16,711.0,715.7000122070312,700.7000122070312,703.7999877929688,183506,BHARTIARTL,BSE,yfinance,1d
2022-08-17,706.0,725.0,702.7999877929688,721.75,296418,BHARTIARTL,BSE,yfinance,1d
2022-08-18,725.0,735.7000122070312,721.0,733.25,201667,BHARTIARTL,BSE,yfinance,1d
2022-08-19,733.25,737.6500244140625,726.0499877929688,732.3499755859375,300170,BHARTIARTL,BSE,yfinance,1d
2022-08-22,729.0,733.8499755859375,724.6500244140625,727.5,285668,BHARTIARTL,BSE,yfinance,1d
2022-08-23,719.1500244140625,742.6500244140625,719.1500244140625,737.5999755859375,94659,BHARTIARTL,BSE,yfinance,1d
2022-08-24,728.0,792.6500244140625,721.0999755859375,738.9000244140625,1103388,BHARTIARTL,BSE,yfinance,1d
2022-08-25,743.5,768.0,731.5999755859375,738.0499877929688,753933,BHARTIARTL,BSE,yfinance,1d
2022-08-26,743.0,743.0,727.9000244140625,730.5499877929688,104140,BHARTIARTL,BSE,yfinance,1d
2022-08-29,710.0,724.9500122070312,710.0,720.9000244140625,145567,BHARTIARTL,BSE,yfinance,1d
2022-08-30,720.9000244140625,729.7000122070312,712.0,726.5,292063,BHARTIARTL,BSE,yfinance,1d
2022-09-01,723.0999755859375,745.9000244140625,723.0999755859375,735.0499877929688,1975791,BHARTIARTL,BSE,yfinance,1d
2022-09-02,725.1500244140625,740.5999755859375,720.0499877929688,734.6500244140625,436448,BHARTIARTL,BSE,yfinance,1d
2022-09-05,735.0,742.0,733.5999755859375,740.6500244140625,200659,BHARTIARTL,BSE,yfinance,1d
2022-09-06,740.0,792.0499877929688,740.0,761.2999877929688,643788,BHARTIARTL,BSE,yfinance,1d
2022-09-07,756.5,759.7000122070312,736.0999755859375,753.0499877929688,875712,BHARTIARTL,BSE,yfinance,1d
2022-09-08,760.5,776.0,757.0999755859375,770.2000122070312,539738,BHARTIARTL,BSE,yfinance,1d
2022-09-09,776.0,776.0,763.5499877929688,765.5499877929688,379713,BHARTIARTL,BSE,yfinance,1d
2022-09-12,767.2000122070312,771.2000122070312,765.0499877929688,768.9000244140625,191829,BHARTIARTL,BSE,yfinance,1d
2022-09-13,773.0,789.0,770.0999755859375,784.5999755859375,419712,BHARTIARTL,BSE,yfinance,1d
2022-09-14,768.0,788.4000244140625,768.0,783.4500122070312,216299,BHARTIARTL,BSE,yfinance,1d
2022-09-15,786.2000122070312,790.2999877929688,782.0,784.7999877929688,151477,BHARTIARTL,BSE,yfinance,1d
2022-09-16,784.8499755859375,787.2999877929688,776.25,780.0,85809,BHARTIARTL,BSE,yfinance,1d
2022-09-19,774.9000244140625,786.1500244140625,772.2999877929688,782.5999755859375,2042903,BHARTIARTL,BSE,yfinance,1d
2022-09-20,783.5999755859375,796.5999755859375,783.5999755859375,790.5499877929688,72943,BHARTIARTL,BSE,yfinance,1d
2022-09-21,792.5,797.0,779.25,780.4000244140625,85092,BHARTIARTL,BSE,yfinance,1d
2022-09-22,783.3499755859375,795.0,776.4000244140625,784.2000122070312,168402,BHARTIARTL,BSE,yfinance,1d
2022-09-23,787.2000122070312,787.2999877929688,768.5999755859375,770.9500122070312,150233,BHARTIARTL,BSE,yfinance,1d
2022-09-26,767.0499877929688,771.3499755859375,753.5,755.2000122070312,896784,BHARTIARTL,BSE,yfinance,1d
2022-09-27,754.0,764.7000122070312,754.0,760.5999755859375,193907,BHARTIARTL,BSE,yfinance,1d
2022-09-28,755.0,771.0,755.0,761.4000244140625,270799,BHARTIARTL,BSE,yfinance,1d
2022-09-29,761.2000122070312,768.6500244140625,759.5499877929688,765.4000244140625,354151,BHARTIARTL,BSE,yfinance,1d
2022-09-30,762.5499877929688,808.8499755859375,761.5,799.75,262490,BHARTIARTL,BSE,yfinance,1d
2022-10-03,808.5,815.3499755859375,797.2000122070312,803.4500122070312,232929,BHARTIARTL,BSE,yfinance,1d
2022-10-04,816.75,816.75,807.0999755859375,808.7000122070312,139265,BHARTIARTL,BSE,yfinance,1d
2022-10-06,805.25,815.75,785.25,788.2000122070312,154114,BHARTIARTL,BSE,yfinance,1d
2022-10-07,791.0,796.5,784.8499755859375,793.4000244140625,270612,BHARTIARTL,BSE,yfinance,1d
2022-10-10,787.2999877929688,794.75,779.5999755859375,792.25,178289,BHARTIARTL,BSE,yfinance,1d
2022-10-11,796.0,796.7000122070312,776.0999755859375,780.0499877929688,2885053,BHARTIARTL,BSE,yfinance,1d
2022-10-12,778.9500122070312,781.0999755859375,769.2000122070312,775.4000244140625,167188,BHARTIARTL,BSE,yfinance,1d
2022-10-13,775.4000244140625,778.7000122070312,767.9500122070312,768.7999877929688,161121,BHARTIARTL,BSE,yfinance,1d
2022-10-14,777.3499755859375,779.6500244140625,763.2000122070312,766.1500244140625,173194,BHARTIARTL,BSE,yfinance,1d
2022-10-17,758.5499877929688,771.0,758.5499877929688,766.0,2936089,BHARTIARTL,BSE,yfinance,1d
2022-10-18,770.0,785.25,769.25,783.25,90489,BHARTIARTL,BSE,yfinance,1d
2022-10-19,788.0,788.0499877929688,779.4000244140625,783.3499755859375,79966,BHARTIARTL,BSE,yfinance,1d
2022-10-20,781.0499877929688,793.7999877929688,778.8499755859375,792.9500122070312,69182,BHARTIARTL,BSE,yfinance,1d
2022-10-21,791.7999877929688,802.5,789.6500244140625,797.4000244140625,110038,BHARTIARTL,BSE,yfinance,1d
2022-10-24,797.5999755859375,807.6500244140625,797.5999755859375,802.2999877929688,17289,BHARTIARTL,BSE,yfinance,1d
2022-10-25,806.0499877929688,806.4000244140625,798.7000122070312,802.25,77608,BHARTIARTL,BSE,yfinance,1d
2022-10-27,804.0,822.5,804.0,816.9000244140625,275824,BHARTIARTL,BSE,yfinance,1d
2022-10-28,820.0,824.2000122070312,811.5,816.7999877929688,63091,BHARTIARTL,BSE,yfinance,1d
2022-10-31,820.5499877929688,833.7000122070312,820.2000122070312,832.0,76737,BHARTIARTL,BSE,yfinance,1d
2022-11-01,834.5,841.2999877929688,821.5,835.3499755859375,444358,BHARTIARTL,BSE,yfinance,1d
2022-11-02,830.0,830.0,807.4500122070312,809.9000244140625,401871,BHARTIARTL,BSE,yfinance,1d
2022-11-03,805.5499877929688,824.0499877929688,804.5,818.4000244140625,179968,BHARTIARTL,BSE,yfinance,1d
2022-11-04,813.0499877929688,821.0499877929688,809.3499755859375,816.4000244140625,114407,BHARTIARTL,BSE,yfinance,1d
2022-11-07,814.7999877929688,824.0,809.0499877929688,822.75,323549,BHARTIARTL,BSE,yfinance,1d
2022-11-09,821.0999755859375,825.5999755859375,814.4500122070312,817.6500244140625,156361,BHARTIARTL,BSE,yfinance,1d
2022-11-10,817.25,830.3499755859375,817.25,825.2999877929688,128612,BHARTIARTL,BSE,yfinance,1d
2022-11-11,831.0,836.9500122070312,823.8499755859375,826.4500122070312,96726,BHARTIARTL,BSE,yfinance,1d
2022-11-14,817.0,830.4500122070312,817.0,821.6500244140625,228386,BHARTIARTL,BSE,yfinance,1d
2022-11-15,820.2000122070312,838.0,820.2000122070312,835.0999755859375,343331,BHARTIARTL,BSE,yfinance,1d
2022-11-16,838.0,843.9000244140625,827.9500122070312,840.9500122070312,221167,BHARTIARTL,BSE,yfinance,1d
2022-11-17,844.7999877929688,849.2000122070312,838.2999877929688,846.0499877929688,67780,BHARTIARTL,BSE,yfinance,1d
2022-11-18,850.0,851.7000122070312,831.0999755859375,837.0,318275,BHARTIARTL,BSE,yfinance,1d
2022-11-21,837.0,852.5,835.7999877929688,851.2000122070312,78112,BHARTIARTL,BSE,yfinance,1d
2022-11-22,854.7000122070312,860.2000122070312,845.2999877929688,847.1500244140625,122345,BHARTIARTL,BSE,yfinance,1d
2022-11-23,852.0,852.0,841.6500244140625,842.5999755859375,62087,BHARTIARTL,BSE,yfinance,1d
2022-11-24,851.8499755859375,851.8499755859375,837.7999877929688,848.25,86979,BHARTIARTL,BSE,yfinance,1d
2022-11-25,850.5499877929688,877.0999755859375,841.7999877929688,846.7999877929688,80271,BHARTIARTL,BSE,yfinance,1d
2022-11-28,838.5,852.5,836.0499877929688,837.4500122070312,36491,BHARTIARTL,BSE,yfinance,1d
2022-11-29,838.1500244140625,844.8499755859375,835.0499877929688,835.7000122070312,211458,BHARTIARTL,BSE,yfinance,1d
2022-11-30,835.0,852.0499877929688,832.4500122070312,848.6500244140625,60718,BHARTIARTL,BSE,yfinance,1d
2022-12-01,850.0,853.0,841.5999755859375,848.0,208307,BHARTIARTL,BSE,yfinance,1d
2022-12-02,848.5,852.0,839.4500122070312,848.8499755859375,52171,BHARTIARTL,BSE,yfinance,1d
2022-12-05,846.0,850.5499877929688,840.7999877929688,843.9000244140625,52022,BHARTIARTL,BSE,yfinance,1d
2022-12-06,845.0,845.4500122070312,829.75,833.2000122070312,233531,BHARTIARTL,BSE,yfinance,1d
2022-12-07,838.0,841.5,832.0,834.4000244140625,68759,BHARTIARTL,BSE,yfinance,1d
2022-12-08,834.0,840.2000122070312,826.4000244140625,833.0499877929688,267528,BHARTIARTL,BSE,yfinance,1d
2022-12-09,830.0,836.2000122070312,824.0,835.0,204020,BHARTIARTL,BSE,yfinance,1d
2022-12-12,831.25,837.0,825.5,827.9000244140625,171191,BHARTIARTL,BSE,yfinance,1d
2022-12-13,827.3499755859375,840.0,823.2000122070312,838.0999755859375,133640,BHARTIARTL,BSE,yfinance,1d
2022-12-14,839.0,842.0,828.5499877929688,828.9000244140625,132698,BHARTIARTL,BSE,yfinance,1d
2022-12-15,830.0,830.7999877929688,824.5,826.0999755859375,89819,BHARTIARTL,BSE,yfinance,1d
2022-12-16,823.0499877929688,832.5,819.5,822.0499877929688,98976,BHARTIARTL,BSE,yfinance,1d
2022-12-19,822.0,844.7999877929688,822.0,839.7999877929688,97055,BHARTIARTL,BSE,yfinance,1d
2022-12-20,840.4000244140625,840.4000244140625,822.0,827.5499877929688,109013,BHARTIARTL,BSE,yfinance,1d
2022-12-21,834.5999755859375,834.5999755859375,812.4500122070312,813.75,52726,BHARTIARTL,BSE,yfinance,1d
2022-12-22,817.0,824.4500122070312,809.4000244140625,816.9000244140625,58310,BHARTIARTL,BSE,yfinance,1d
2022-12-23,806.0999755859375,817.6500244140625,805.2000122070312,808.2999877929688,152220,BHARTIARTL,BSE,yfinance,1d
2022-12-26,802.6500244140625,815.25,801.75,811.2000122070312,54802,BHARTIARTL,BSE,yfinance,1d
2022-12-27,811.3499755859375,819.1500244140625,805.0,814.75,53574,BHARTIARTL,BSE,yfinance,1d
2022-12-28,813.0,814.1500244140625,801.5999755859375,803.4500122070312,37158,BHARTIARTL,BSE,yfinance,1d
2022-12-29,805.2000122070312,824.4000244140625,800.4000244140625,819.4500122070312,82374,BHARTIARTL,BSE,yfinance,1d
2022-12-30,822.6500244140625,824.5,805.0,806.7000122070312,46752,BHARTIARTL,BSE,yfinance,1d
2023-01-02,807.0,816.0,806.0,813.5999755859375,61448,BHARTIARTL,BSE,yfinance,1d
2023-01-03,808.5999755859375,818.5,808.5999755859375,817.5999755859375,79644,BHARTIARTL,BSE,yfinance,1d
2023-01-04,817.6500244140625,820.5499877929688,806.5499877929688,811.4000244140625,68478,BHARTIARTL,BSE,yfinance,1d
2023-01-05,820.1500244140625,821.0499877929688,804.0,806.8499755859375,32501,BHARTIARTL,BSE,yfinance,1d
2023-01-06,807.0999755859375,812.0,792.0,796.5999755859375,36838,BHARTIARTL,BSE,yfinance,1d
2023-01-09,804.9500122070312,821.2000122070312,801.2999877929688,819.2999877929688,91259,BHARTIARTL,BSE,yfinance,1d
2023-01-10,826.0,826.0,790.3499755859375,792.8499755859375,91921,BHARTIARTL,BSE,yfinance,1d
2023-01-11,778.9500122070312,778.9500122070312,752.0,765.4000244140625,385788,BHARTIARTL,BSE,yfinance,1d
2023-01-12,763.9000244140625,769.1500244140625,753.5999755859375,756.8499755859375,105217,BHARTIARTL,BSE,yfinance,1d
2023-01-13,758.3499755859375,765.8499755859375,752.4000244140625,764.4000244140625,94014,BHARTIARTL,BSE,yfinance,1d
2023-01-16,766.0,768.0,754.6500244140625,758.9000244140625,143242,BHARTIARTL,BSE,yfinance,1d
2023-01-17,758.9500122070312,768.5999755859375,758.9000244140625,765.9500122070312,104174,BHARTIARTL,BSE,yfinance,1d
2023-01-18,766.0499877929688,779.5,766.0499877929688,776.8499755859375,97739,BHARTIARTL,BSE,yfinance,1d
2023-01-19,774.25,775.9500122070312,765.75,771.9000244140625,45533,BHARTIARTL,BSE,yfinance,1d
2023-01-20,775.0,775.3499755859375,758.2999877929688,764.4000244140625,38419,BHARTIARTL,BSE,yfinance,1d
2023-01-23,765.3499755859375,776.0,764.5,772.7000122070312,39152,BHARTIARTL,BSE,yfinance,1d
2023-01-24,770.0,777.1500244140625,760.8499755859375,775.5,117621,BHARTIARTL,BSE,yfinance,1d
2023-01-25,776.0499877929688,780.2999877929688,768.5,776.25,86436,BHARTIARTL,BSE,yfinance,1d
2023-01-27,772.0499877929688,778.5,765.9000244140625,774.4500122070312,41573,BHARTIARTL,BSE,yfinance,1d
2023-01-30,773.9500122070312,774.5499877929688,763.0,770.3499755859375,32326,BHARTIARTL,BSE,yfinance,1d
2023-01-31,770.5,778.9500122070312,768.4500122070312,770.25,50966,BHARTIARTL,BSE,yfinance,1d
2023-02-01,775.0,784.25,756.7999877929688,768.3499755859375,44697,BHARTIARTL,BSE,yfinance,1d
2023-02-02,756.0499877929688,781.0999755859375,756.0499877929688,777.5,42226,BHARTIARTL,BSE,yfinance,1d
2023-02-03,778.0,794.8499755859375,778.0,793.0499877929688,35469,BHARTIARTL,BSE,yfinance,1d
2023-02-06,785.0499877929688,794.5,778.9000244140625,789.4000244140625,53026,BHARTIARTL,BSE,yfinance,1d
2023-02-07,791.4000244140625,795.4500122070312,783.0499877929688,785.3499755859375,110971,BHARTIARTL,BSE,yfinance,1d
2023-02-08,786.5,786.5,765.0499877929688,775.0999755859375,248835,BHARTIARTL,BSE,yfinance,1d
2023-02-09,772.4500122070312,774.9500122070312,761.3499755859375,766.5499877929688,92072,BHARTIARTL,BSE,yfinance,1d
2023-02-10,768.5,773.1500244140625,761.0499877929688,770.5499877929688,41671,BHARTIARTL,BSE,yfinance,1d
2023-02-13,768.1500244140625,779.5499877929688,766.9500122070312,767.9000244140625,54350,BHARTIARTL,BSE,yfinance,1d
2023-02-14,768.0,777.4500122070312,766.0499877929688,775.3499755859375,33099,BHARTIARTL,BSE,yfinance,1d
2023-02-15,772.0499877929688,787.0,772.0499877929688,784.9500122070312,78530,BHARTIARTL,BSE,yfinance,1d
2023-02-16,790.0,790.0,781.4500122070312,784.9000244140625,33014,BHARTIARTL,BSE,yfinance,1d
2023-02-17,785.0999755859375,787.3499755859375,770.0499877929688,776.4500122070312,47839,BHARTIARTL,BSE,yfinance,1d
2023-02-20,780.3499755859375,793.4500122070312,777.25,779.0999755859375,53877,BHARTIARTL,BSE,yfinance,1d
2023-02-21,779.1500244140625,787.9000244140625,778.2000122070312,779.0999755859375,33426,BHARTIARTL,BSE,yfinance,1d
2023-02-22,775.0499877929688,781.6500244140625,766.75,772.5499877929688,62730,BHARTIARTL,BSE,yfinance,1d
2023-02-23,773.0,777.4500122070312,761.5999755859375,762.5499877929688,65892,BHARTIARTL,BSE,yfinance,1d
2023-02-24,769.4000244140625,774.6500244140625,755.0999755859375,757.2000122070312,59594,BHARTIARTL,BSE,yfinance,1d
2023-02-27,756.75,756.75,738.8499755859375,752.8499755859375,99462,BHARTIARTL,BSE,yfinance,1d
2023-02-28,756.0,757.4000244140625,739.5,742.9500122070312,42752,BHARTIARTL,BSE,yfinance,1d
2023-03-01,743.0,753.5,741.2000122070312,750.2000122070312,69054,BHARTIARTL,BSE,yfinance,1d
2023-03-02,745.0499877929688,750.2999877929688,736.2000122070312,740.2000122070312,48948,BHARTIARTL,BSE,yfinance,1d
2023-03-03,743.9500122070312,766.0499877929688,743.9000244140625,764.5999755859375,107580,BHARTIARTL,BSE,yfinance,1d
2023-03-06,766.0,775.75,765.2000122070312,766.5,64190,BHARTIARTL,BSE,yfinance,1d
2023-03-08,765.0,769.6500244140625,760.8499755859375,766.4500122070312,50723,BHARTIARTL,BSE,yfinance,1d
2023-03-09,795.25,795.5,770.4000244140625,773.8499755859375,120966,BHARTIARTL,BSE,yfinance,1d
2023-03-10,773.0,778.9500122070312,768.0,773.7000122070312,146953,BHARTIARTL,BSE,yfinance,1d
2023-03-13,773.7000122070312,777.5999755859375,763.2999877929688,765.75,40231,BHARTIARTL,BSE,yfinance,1d
2023-03-14,765.75,776.25,764.75,771.8499755859375,423394,BHARTIARTL,BSE,yfinance,1d
2023-03-15,760.0,765.4000244140625,752.2000122070312,756.4000244140625,125766,BHARTIARTL,BSE,yfinance,1d
2023-03-16,750.4000244140625,758.9500122070312,743.5499877929688,745.7999877929688,276609,BHARTIARTL,BSE,yfinance,1d
2023-03-17,752.0999755859375,759.4000244140625,739.25,757.25,50444,BHARTIARTL,BSE,yfinance,1d
2023-03-20,751.6500244140625,759.7000122070312,748.7000122070312,754.7000122070312,106912,BHARTIARTL,BSE,yfinance,1d
2023-03-21,762.9500122070312,766.0,755.1500244140625,756.6500244140625,38076,BHARTIARTL,BSE,yfinance,1d
2023-03-22,765.0,765.0,753.5499877929688,755.0499877929688,52664,BHARTIARTL,BSE,yfinance,1d
2023-03-23,755.0999755859375,765.6500244140625,755.0999755859375,762.5499877929688,22517,BHARTIARTL,BSE,yfinance,1d
2023-03-24,759.6500244140625,766.7999877929688,757.5999755859375,762.25,1403197,BHARTIARTL,BSE,yfinance,1d
2023-03-27,761.0999755859375,769.4000244140625,760.0499877929688,761.8499755859375,25799,BHARTIARTL,BSE,yfinance,1d
2023-03-28,762.0499877929688,763.5499877929688,742.8499755859375,748.1500244140625,71876,BHARTIARTL,BSE,yfinance,1d
2023-03-29,748.6500244140625,754.75,738.7000122070312,743.4500122070312,37069,BHARTIARTL,BSE,yfinance,1d
2023-03-31,745.1500244140625,753.0,742.75,749.0,52804,BHARTIARTL,BSE,yfinance,1d
2023-04-03,755.25,761.75,752.2000122070312,760.7000122070312,50560,BHARTIARTL,BSE,yfinance,1d
2023-04-05,772.0,772.0,756.0,763.2000122070312,64219,BHARTIARTL,BSE,yfinance,1d
2023-04-06,758.1500244140625,768.5,758.1500244140625,766.0999755859375,16488,BHARTIARTL,BSE,yfinance,1d
2023-04-10,766.0999755859375,776.2000122070312,766.0999755859375,769.4000244140625,242838,BHARTIARTL,BSE,yfinance,1d
2023-04-11,773.8499755859375,775.9000244140625,768.5499877929688,774.2999877929688,122095,BHARTIARTL,BSE,yfinance,1d
2023-04-12,773.7000122070312,774.2999877929688,765.4000244140625,771.1500244140625,62698,BHARTIARTL,BSE,yfinance,1d
2023-04-13,767.1500244140625,770.7999877929688,765.5999755859375,766.5499877929688,31921,BHARTIARTL,BSE,yfinance,1d
2023-04-17,791.0499877929688,791.0499877929688,754.5499877929688,759.6500244140625,670389,BHARTIARTL,BSE,yfinance,1d
2023-04-18,762.25,764.2999877929688,752.7000122070312,759.0499877929688,122672,BHARTIARTL,BSE,yfinance,1d
2023-04-19,760.2000122070312,766.8499755859375,756.4000244140625,764.9000244140625,112186,BHARTIARTL,BSE,yfinance,1d
2023-04-20,760.1500244140625,773.5,760.1500244140625,772.5,56646,BHARTIARTL,BSE,yfinance,1d
2023-04-21,765.0499877929688,775.0,764.4000244140625,765.1500244140625,117896,BHARTIARTL,BSE,yfinance,1d
2023-04-24,763.0499877929688,767.4000244140625,755.5999755859375,760.1500244140625,146044,BHARTIARTL,BSE,yfinance,1d
2023-04-25,765.0,777.0,761.7999877929688,772.3499755859375,198590,BHARTIARTL,BSE,yfinance,1d
2023-04-26,777.7000122070312,778.5999755859375,767.2000122070312,773.75,352777,BHARTIARTL,BSE,yfinance,1d
2023-04-27,771.4000244140625,789.0,770.9000244140625,786.2999877929688,141089,BHARTIARTL,BSE,yfinance,1d
2023-04-28,787.2999877929688,802.0,787.2999877929688,799.0,57737,BHARTIARTL,BSE,yfinance,1d
2023-05-02,796.4500122070312,806.9500122070312,789.0,790.1500244140625,57936,BHARTIARTL,BSE,yfinance,1d
2023-05-03,792.7999877929688,793.7999877929688,778.0,779.2999877929688,129805,BHARTIARTL,BSE,yfinance,1d
2023-05-04,780.0,792.2999877929688,774.0,788.9500122070312,98975,BHARTIARTL,BSE,yfinance,1d
2023-05-05,783.0499877929688,789.0999755859375,779.8499755859375,787.5999755859375,27190,BHARTIARTL,BSE,yfinance,1d
2023-05-08,788.0999755859375,795.0,785.2000122070312,794.0,66616,BHARTIARTL,BSE,yfinance,1d
2023-05-09,795.0999755859375,796.9000244140625,790.5499877929688,794.0,205347,BHARTIARTL,BSE,yfinance,1d
2023-05-10,794.0999755859375,797.5,788.0999755859375,796.0499877929688,249478,BHARTIARTL,BSE,yfinance,1d
2023-05-11,798.8499755859375,798.8499755859375,783.8499755859375,788.7000122070312,315826,BHARTIARTL,BSE,yfinance,1d
2023-05-12,786.0,793.3499755859375,784.4500122070312,791.5,45578,BHARTIARTL,BSE,yfinance,1d
2023-05-15,798.6500244140625,802.5,790.8499755859375,797.9500122070312,341426,BHARTIARTL,BSE,yfinance,1d
2023-05-16,802.0,802.0,783.5999755859375,787.8499755859375,225788,BHARTIARTL,BSE,yfinance,1d
2023-05-17,789.5,797.4000244140625,784.2000122070312,792.25,261379,BHARTIARTL,BSE,yfinance,1d
2023-05-18,797.0999755859375,803.2000122070312,794.9500122070312,799.7000122070312,248581,BHARTIARTL,BSE,yfinance,1d
2023-05-19,799.2000122070312,808.0,793.1500244140625,805.3499755859375,117702,BHARTIARTL,BSE,yfinance,1d
2023-05-22,804.9500122070312,804.9500122070312,799.1500244140625,802.0999755859375,140323,BHARTIARTL,BSE,yfinance,1d
2023-05-23,806.9500122070312,807.0,797.5999755859375,799.2999877929688,70048,BHARTIARTL,BSE,yfinance,1d
2023-05-24,801.25,802.4500122070312,795.6500244140625,801.0,32173,BHARTIARTL,BSE,yfinance,1d
2023-05-25,801.3499755859375,825.5,798.0,823.0,105041,BHARTIARTL,BSE,yfinance,1d
2023-05-26,825.0,828.25,813.3499755859375,817.8499755859375,85739,BHARTIARTL,BSE,yfinance,1d
2023-05-29,821.0499877929688,826.8499755859375,818.0,821.2999877929688,36540,BHARTIARTL,BSE,yfinance,1d
2023-05-30,821.2999877929688,826.0,812.6500244140625,818.25,168520,BHARTIARTL,BSE,yfinance,1d
2023-05-31,818.0,888.0,818.0,857.4000244140625,181058,BHARTIARTL,BSE,yfinance,1d
2023-06-01,841.0,841.0,823.0499877929688,828.0499877929688,211755,BHARTIARTL,BSE,yfinance,1d
2023-06-02,831.3499755859375,838.9000244140625,827.2999877929688,836.2000122070312,614899,BHARTIARTL,BSE,yfinance,1d
2023-06-05,839.8499755859375,841.25,832.0499877929688,834.25,301626,BHARTIARTL,BSE,yfinance,1d
2023-06-06,830.5999755859375,838.3499755859375,826.0999755859375,829.2000122070312,25228,BHARTIARTL,BSE,yfinance,1d
2023-06-07,826.5,847.3499755859375,826.5,842.9000244140625,44800,BHARTIARTL,BSE,yfinance,1d
2023-06-08,845.0,849.0999755859375,834.2999877929688,835.7000122070312,43264,BHARTIARTL,BSE,yfinance,1d
2023-06-09,836.0499877929688,839.7999877929688,828.75,832.7000122070312,25419,BHARTIARTL,BSE,yfinance,1d
2023-06-12,832.75,843.4000244140625,832.0,836.5999755859375,29406,BHARTIARTL,BSE,yfinance,1d
2023-06-13,835.25,843.8499755859375,832.6500244140625,834.0999755859375,38496,BHARTIARTL,BSE,yfinance,1d
2023-06-14,830.0499877929688,831.9500122070312,819.0,827.9000244140625,58747,BHARTIARTL,BSE,yfinance,1d
2023-06-15,825.0,833.5999755859375,824.7999877929688,829.9500122070312,23969,BHARTIARTL,BSE,yfinance,1d
2023-06-16,824.7999877929688,839.5999755859375,821.0,837.4000244140625,72812,BHARTIARTL,BSE,yfinance,1d
2023-06-19,837.4000244140625,840.0,827.5499877929688,828.0499877929688,30104,BHARTIARTL,BSE,yfinance,1d
2023-06-20,829.7000122070312,833.1500244140625,827.0,831.4500122070312,22185,BHARTIARTL,BSE,yfinance,1d
2023-06-21,830.9000244140625,840.5,830.4000244140625,838.7000122070312,62411,BHARTIARTL,BSE,yfinance,1d
2023-06-22,838.9500122070312,843.7000122070312,834.7999877929688,842.7999877929688,70829,BHARTIARTL,BSE,yfinance,1d
2023-06-23,845.0,862.5,841.8499755859375,856.25,268661,BHARTIARTL,BSE,yfinance,1d
2023-06-26,858.0,858.0,846.1500244140625,851.7999877929688,47344,BHARTIARTL,BSE,yfinance,1d
2023-06-27,855.5999755859375,871.3499755859375,853.6500244140625,864.9500122070312,92867,BHARTIARTL,BSE,yfinance,1d
2023-06-28,868.4000244140625,873.5,863.8499755859375,872.0499877929688,98854,BHARTIARTL,BSE,yfinance,1d
2023-06-30,875.2999877929688,882.9500122070312,867.0,878.1500244140625,19165643,BHARTIARTL,BSE,yfinance,1d
2023-07-03,878.25,884.0,874.5499877929688,879.0499877929688,145114,BHARTIARTL,BSE,yfinance,1d
2023-07-04,875.3499755859375,875.3499755859375,859.25,865.5,100727,BHARTIARTL,BSE,yfinance,1d
2023-07-05,866.5499877929688,870.5,863.0999755859375,866.3499755859375,58519,BHARTIARTL,BSE,yfinance,1d
2023-07-06,865.8499755859375,877.5999755859375,863.6500244140625,870.1500244140625,61103,BHARTIARTL,BSE,yfinance,1d
2023-07-07,866.0,883.5,862.7999877929688,871.0999755859375,3402139,BHARTIARTL,BSE,yfinance,1d
2023-07-10,867.0,889.75,864.9500122070312,885.8499755859375,104452,BHARTIARTL,BSE,yfinance,1d
2023-07-11,890.0,893.0,886.4500122070312,891.9000244140625,115650,BHARTIARTL,BSE,yfinance,1d
2023-07-12,891.6500244140625,895.25,882.9500122070312,888.5499877929688,64835,BHARTIARTL,BSE,yfinance,1d
2023-07-13,883.25,892.5999755859375,883.25,885.1500244140625,23427,BHARTIARTL,BSE,yfinance,1d
2023-07-14,885.0,890.2999877929688,879.4000244140625,886.5499877929688,186963,BHARTIARTL,BSE,yfinance,1d
2023-07-17,886.5,890.25,876.2000122070312,878.6500244140625,57363,BHARTIARTL,BSE,yfinance,1d
2023-07-18,878.0999755859375,880.0,863.0,875.75,318615,BHARTIARTL,BSE,yfinance,1d
2023-07-19,871.4000244140625,877.0,867.2000122070312,869.7999877929688,59307,BHARTIARTL,BSE,yfinance,1d
2023-07-20,871.0,886.5499877929688,868.4500122070312,884.7999877929688,26879,BHARTIARTL,BSE,yfinance,1d
2023-07-21,879.9500122070312,892.2000122070312,874.8499755859375,885.8499755859375,759269,BHARTIARTL,BSE,yfinance,1d
2023-07-24,882.7000122070312,892.6500244140625,880.7000122070312,887.8499755859375,16369,BHARTIARTL,BSE,yfinance,1d
2023-07-25,887.0,894.1500244140625,879.0999755859375,884.2000122070312,25104,BHARTIARTL,BSE,yfinance,1d
2023-07-26,877.0499877929688,896.4500122070312,877.0499877929688,888.3499755859375,79615,BHARTIARTL,BSE,yfinance,1d
2023-07-27,888.0499877929688,901.5499877929688,888.0499877929688,894.5,43854,BHARTIARTL,BSE,yfinance,1d
2023-07-28,899.0,899.9500122070312,890.2000122070312,894.7000122070312,430416,BHARTIARTL,BSE,yfinance,1d
2023-07-31,886.0999755859375,897.8499755859375,885.4000244140625,890.25,26245,BHARTIARTL,BSE,yfinance,1d
2023-08-01,890.6500244140625,897.25,888.0499877929688,891.5499877929688,1981863,BHARTIARTL,BSE,yfinance,1d
2023-08-02,873.8499755859375,890.5999755859375,873.0,877.75,35025,BHARTIARTL,BSE,yfinance,1d
2023-08-03,874.0499877929688,881.9500122070312,865.0499877929688,871.9500122070312,62261,BHARTIARTL,BSE,yfinance,1d
2023-08-04,871.9000244140625,892.9500122070312,865.6500244140625,890.2999877929688,405027,BHARTIARTL,BSE,yfinance,1d
2023-08-07,877.0499877929688,900.0,877.0499877929688,891.0499877929688,76965,BHARTIARTL,BSE,yfinance,1d
2023-08-08,895.9500122070312,895.9500122070312,880.5999755859375,884.8499755859375,21899,BHARTIARTL,BSE,yfinance,1d
2023-08-09,882.0499877929688,897.4500122070312,878.8499755859375,883.75,83123,BHARTIARTL,BSE,yfinance,1d
2023-08-10,883.75,883.75,868.5,874.4500122070312,41988,BHARTIARTL,BSE,yfinance,1d
2023-08-11,873.8499755859375,873.8499755859375,865.2999877929688,870.4500122070312,33401,BHARTIARTL,BSE,yfinance,1d
2023-08-14,868.0499877929688,870.7000122070312,857.75,866.7999877929688,24247,BHARTIARTL,BSE,yfinance,1d
2023-08-16,867.0499877929688,871.7999877929688,853.75,857.0,20789,BHARTIARTL,BSE,yfinance,1d
2023-08-17,857.0,859.6500244140625,849.9000244140625,856.5999755859375,49794,BHARTIARTL,BSE,yfinance,1d
2023-08-18,857.0499877929688,861.75,853.0,856.0,685282,BHARTIARTL,BSE,yfinance,1d
2023-08-21,850.5499877929688,873.7000122070312,850.5499877929688,871.8499755859375,23240,BHARTIARTL,BSE,yfinance,1d
2023-08-22,870.0499877929688,880.0,866.0999755859375,877.4500122070312,23401,BHARTIARTL,BSE,yfinance,1d
2023-08-23,876.25,876.25,866.9500122070312,868.0,60457,BHARTIARTL,BSE,yfinance,1d
2023-08-24,868.0499877929688,875.2000122070312,864.4500122070312,869.4500122070312,35155,BHARTIARTL,BSE,yfinance,1d
2023-08-25,869.75,876.25,861.8499755859375,873.4000244140625,722632,BHARTIARTL,BSE,yfinance,1d
2023-08-28,873.4000244140625,875.6500244140625,865.9000244140625,870.25,82247,BHARTIARTL,BSE,yfinance,1d
2023-08-29,876.9500122070312,876.9500122070312,849.0,855.0499877929688,11082541,BHARTIARTL,BSE,yfinance,1d
2023-08-30,862.8499755859375,862.8499755859375,856.5499877929688,857.4500122070312,39365,BHARTIARTL,BSE,yfinance,1d
2023-08-31,853.0499877929688,859.4500122070312,847.5999755859375,856.7999877929688,10753690,BHARTIARTL,BSE,yfinance,1d
2023-09-01,856.75,867.9000244140625,852.9000244140625,865.9000244140625,621582,BHARTIARTL,BSE,yfinance,1d
2023-09-04,860.7999877929688,869.4000244140625,859.4000244140625,865.0499877929688,48348,BHARTIARTL,BSE,yfinance,1d
2023-09-05,860.0999755859375,867.0,858.5499877929688,866.0,28671,BHARTIARTL,BSE,yfinance,1d
2023-09-06,866.1500244140625,882.4500122070312,865.5999755859375,879.0999755859375,99018,BHARTIARTL,BSE,yfinance,1d
2023-09-07,882.9500122070312,883.2999877929688,873.4000244140625,875.0999755859375,47028,BHARTIARTL,BSE,yfinance,1d
2023-09-08,880.0499877929688,890.0999755859375,878.5999755859375,885.75,242457,BHARTIARTL,BSE,yfinance,1d
2023-09-11,885.75,892.2999877929688,884.0,889.6500244140625,30906,BHARTIARTL,BSE,yfinance,1d
2023-09-12,893.0,896.4500122070312,885.0,890.6500244140625,73062,BHARTIARTL,BSE,yfinance,1d
2023-09-13,886.25,918.0,886.0,914.9000244140625,180451,BHARTIARTL,BSE,yfinance,1d
2023-09-14,920.0,920.0,910.0,914.75,54859,BHARTIARTL,BSE,yfinance,1d
2023-09-15,908.6500244140625,948.0,908.6500244140625,936.4500122070312,115612,BHARTIARTL,BSE,yfinance,1d
2023-09-18,930.0,935.9500122070312,918.4000244140625,920.4000244140625,73594,BHARTIARTL,BSE,yfinance,1d
2023-09-20,910.0,919.0999755859375,904.5999755859375,911.0,62859,BHARTIARTL,BSE,yfinance,1d
2023-09-21,909.9500122070312,920.0,903.4000244140625,918.0999755859375,48080,BHARTIARTL,BSE,yfinance,1d
2023-09-22,919.8499755859375,922.7000122070312,904.0499877929688,911.2000122070312,61487,BHARTIARTL,BSE,yfinance,1d
2023-09-25,911.0,913.0,902.4500122070312,910.0,26310,BHARTIARTL,BSE,yfinance,1d
2023-09-26,905.7999877929688,920.8499755859375,905.7999877929688,912.1500244140625,160917,BHARTIARTL,BSE,yfinance,1d
2023-09-27,913.75,921.0,907.9000244140625,919.5999755859375,111817,BHARTIARTL,BSE,yfinance,1d
2023-09-28,926.0499877929688,932.0,918.7999877929688,925.0499877929688,43067,BHARTIARTL,BSE,yfinance,1d
2023-09-29,934.9500122070312,935.5999755859375,921.7999877929688,926.4000244140625,84725,BHARTIARTL,BSE,yfinance,1d
2023-10-03,923.6500244140625,928.0,916.0,924.9500122070312,49364,BHARTIARTL,BSE,yfinance,1d
2023-10-04,919.9500122070312,927.4500122070312,919.0,924.7000122070312,86479,BHARTIARTL,BSE,yfinance,1d
2023-10-05,927.6500244140625,929.7000122070312,920.5499877929688,928.7000122070312,49979,BHARTIARTL,BSE,yfinance,1d
2023-10-06,928.0499877929688,929.0,924.25,926.0499877929688,344042,BHARTIARTL,BSE,yfinance,1d
2023-10-09,908.0499877929688,927.9500122070312,908.0499877929688,924.8499755859375,50338,BHARTIARTL,BSE,yfinance,1d
2023-10-10,922.0499877929688,953.5999755859375,922.0499877929688,948.7000122070312,109590,BHARTIARTL,BSE,yfinance,1d
2023-10-11,953.9500122070312,956.75,948.0999755859375,955.4500122070312,1386019,BHARTIARTL,BSE,yfinance,1d
2023-10-12,961.3499755859375,961.3499755859375,946.9500122070312,950.8499755859375,374967,BHARTIARTL,BSE,yfinance,1d
2023-10-13,944.0,956.1500244140625,944.0,954.25,512845,BHARTIARTL,BSE,yfinance,1d
2023-10-16,955.25,959.0,943.9000244140625,945.5499877929688,42497,BHARTIARTL,BSE,yfinance,1d
2023-10-17,946.5,960.2999877929688,946.5,954.0999755859375,303656,BHARTIARTL,BSE,yfinance,1d
2023-10-18,955.0,959.0,950.75,952.7999877929688,122404,BHARTIARTL,BSE,yfinance,1d
2023-10-19,945.0,951.3499755859375,933.75,942.7000122070312,593207,BHARTIARTL,BSE,yfinance,1d
2023-10-20,940.0,947.6500244140625,937.4500122070312,945.0999755859375,305861,BHARTIARTL,BSE,yfinance,1d
2023-10-23,947.2999877929688,949.0,937.3499755859375,939.75,54941,BHARTIARTL,BSE,yfinance,1d
2023-10-25,924.0999755859375,939.5,919.0,922.5499877929688,479235,BHARTIARTL,BSE,yfinance,1d
2023-10-26,923.0,923.0,900.75,905.0,540437,BHARTIARTL,BSE,yfinance,1d
2023-10-27,912.9500122070312,918.0,906.3499755859375,914.5499877929688,67834,BHARTIARTL,BSE,yfinance,1d
2023-10-30,916.0,931.75,910.6500244140625,925.9000244140625,188488,BHARTIARTL,BSE,yfinance,1d
2023-10-31,923.9500122070312,923.9500122070312,913.0,914.2000122070312,291293,BHARTIARTL,BSE,yfinance,1d
2023-11-01,899.8499755859375,914.5499877929688,896.0,913.5999755859375,48824,BHARTIARTL,BSE,yfinance,1d
2023-11-02,918.0,925.9500122070312,916.7000122070312,924.1500244140625,37554,BHARTIARTL,BSE,yfinance,1d
2023-11-03,925.0,933.4000244140625,922.0499877929688,930.7000122070312,397470,BHARTIARTL,BSE,yfinance,1d
2023-11-06,938.6500244140625,940.75,929.7999877929688,939.0999755859375,46152,BHARTIARTL,BSE,yfinance,1d
2023-11-07,939.0999755859375,939.0999755859375,932.7999877929688,937.0,32647,BHARTIARTL,BSE,yfinance,1d
2023-11-08,940.5999755859375,941.1500244140625,934.5999755859375,936.9000244140625,15817,BHARTIARTL,BSE,yfinance,1d
2023-11-09,936.9000244140625,937.0,930.9000244140625,932.2999877929688,16325,BHARTIARTL,BSE,yfinance,1d
2023-11-10,935.9500122070312,937.25,929.2999877929688,935.4500122070312,182637,BHARTIARTL,BSE,yfinance,1d
2023-11-13,944.9500122070312,944.9500122070312,933.8499755859375,935.1500244140625,23813,BHARTIARTL,BSE,yfinance,1d
2023-11-15,950.0,950.75,936.0999755859375,949.7999877929688,57322,BHARTIARTL,BSE,yfinance,1d
2023-11-16,950.9500122070312,953.3499755859375,943.0,948.6500244140625,2472968,BHARTIARTL,BSE,yfinance,1d
2023-11-17,948.6500244140625,954.2000122070312,946.0499877929688,947.5999755859375,157298,BHARTIARTL,BSE,yfinance,1d
2023-11-20,948.7000122070312,964.0,942.0,961.5999755859375,878076,BHARTIARTL,BSE,yfinance,1d
2023-11-21,974.5499877929688,976.0,961.0,971.4000244140625,96309,BHARTIARTL,BSE,yfinance,1d
2023-11-22,978.2999877929688,978.2999877929688,966.0,969.2999877929688,37917,BHARTIARTL,BSE,yfinance,1d
2023-11-23,969.3499755859375,980.8499755859375,964.0,977.2999877929688,291611,BHARTIARTL,BSE,yfinance,1d
2023-11-24,966.9000244140625,977.25,966.9000244140625,972.75,202156,BHARTIARTL,BSE,yfinance,1d
2023-11-28,973.0499877929688,987.5499877929688,971.5499877929688,985.5499877929688,37059,BHARTIARTL,BSE,yfinance,1d
2023-11-29,995.0999755859375,1006.9000244140625,990.6500244140625,995.5,315851,BHARTIARTL,BSE,yfinance,1d
2023-11-30,998.6500244140625,1018.0,992.7999877929688,1014.5499877929688,300407,BHARTIARTL,BSE,yfinance,1d
2023-12-01,1018.9500122070312,1022.0999755859375,1008.0,1015.0,403513,BHARTIARTL,BSE,yfinance,1d
2023-12-04,1026.050048828125,1043.050048828125,1025.8499755859375,1032.4000244140625,57046,BHARTIARTL,BSE,yfinance,1d
2023-12-05,1032.449951171875,1046.3499755859375,1022.0,1030.6500244140625,25920,BHARTIARTL,BSE,yfinance,1d
2023-12-06,1030.5999755859375,1034.6500244140625,1013.5499877929688,1023.9500122070312,124239,BHARTIARTL,BSE,yfinance,1d
2023-12-07,1015.0,1016.9500122070312,997.9500122070312,998.75,16855451,BHARTIARTL,BSE,yfinance,1d
2023-12-08,1003.7000122070312,1003.75,991.3499755859375,999.5,357216,BHARTIARTL,BSE,yfinance,1d
2023-12-11,997.9500122070312,1004.0,992.0499877929688,1000.6500244140625,838033,BHARTIARTL,BSE,yfinance,1d
2023-12-12,1000.2999877929688,1000.2999877929688,987.0,995.7000122070312,60479,BHARTIARTL,BSE,yfinance,1d
2023-12-13,992.5499877929688,1001.3499755859375,992.0,999.8499755859375,60164,BHARTIARTL,BSE,yfinance,1d
2023-12-14,1005.0,1010.9000244140625,999.25,1006.0499877929688,58408,BHARTIARTL,BSE,yfinance,1d
2023-12-15,1000.4000244140625,1010.5,988.0,993.0,221886,BHARTIARTL,BSE,yfinance,1d
2023-12-18,994.0499877929688,998.7999877929688,982.0499877929688,990.1500244140625,103414,BHARTIARTL,BSE,yfinance,1d
2023-12-19,994.1500244140625,997.0999755859375,985.6500244140625,987.3499755859375,69328,BHARTIARTL,BSE,yfinance,1d
2023-12-20,990.2000122070312,994.1500244140625,969.0999755859375,971.2000122070312,32206,BHARTIARTL,BSE,yfinance,1d
2023-12-21,968.4500122070312,981.0,959.7999877929688,978.4000244140625,39089,BHARTIARTL,BSE,yfinance,1d
2023-12-22,981.1500244140625,998.6500244140625,976.0,989.25,139504,BHARTIARTL,BSE,yfinance,1d
2023-12-26,996.25,1002.5499877929688,989.75,999.4500122070312,28166,BHARTIARTL,BSE,yfinance,1d
2023-12-27,1000.0,1024.0,998.4500122070312,1020.9500122070312,52677,BHARTIARTL,BSE,yfinance,1d
2023-12-28,1024.75,1042.0,1022.25,1037.4000244140625,52687,BHARTIARTL,BSE,yfinance,1d
2023-12-29,1034.050048828125,1043.050048828125,1024.300048828125,1032.8499755859375,616032,BHARTIARTL,BSE,yfinance,1d
2024-01-01,1029.050048828125,1031.949951171875,1007.2999877929688,1013.0499877929688,80617,BHARTIARTL,BSE,yfinance,1d
2024-01-02,1018.0,1025.4000244140625,1016.1500244140625,1021.9000244140625,88890,BHARTIARTL,BSE,yfinance,1d
2024-01-03,1031.9000244140625,1036.8499755859375,1021.5,1035.0999755859375,70944,BHARTIARTL,BSE,yfinance,1d
2024-01-04,1036.949951171875,1059.0,1027.6500244140625,1049.1500244140625,45855,BHARTIARTL,BSE,yfinance,1d
2024-01-05,1055.9000244140625,1063.25,1039.0,1046.8499755859375,341349,BHARTIARTL,BSE,yfinance,1d
2024-01-08,1054.75,1058.800048828125,1046.25,1049.1500244140625,79925,BHARTIARTL,BSE,yfinance,1d
2024-01-09,1052.0,1067.199951171875,1048.4000244140625,1064.9000244140625,1473314,BHARTIARTL,BSE,yfinance,1d
2024-01-10,1069.8499755859375,1073.0,1055.550048828125,1063.550048828125,471498,BHARTIARTL,BSE,yfinance,1d
2024-01-11,1064.6500244140625,1074.3499755859375,1057.25,1062.8499755859375,96624,BHARTIARTL,BSE,yfinance,1d
2024-01-12,1059.199951171875,1078.550048828125,1051.75,1076.0999755859375,795068,BHARTIARTL,BSE,yfinance,1d
2024-01-15,1078.1500244140625,1104.449951171875,1075.550048828125,1101.800048828125,50955,BHARTIARTL,BSE,yfinance,1d
2024-01-16,1106.949951171875,1116.800048828125,1093.6500244140625,1095.3499755859375,38718,BHARTIARTL,BSE,yfinance,1d
2024-01-17,1092.449951171875,1106.949951171875,1078.300048828125,1085.1500244140625,36373,BHARTIARTL,BSE,yfinance,1d
2024-01-18,1078.0,1095.449951171875,1074.949951171875,1086.699951171875,107441,BHARTIARTL,BSE,yfinance,1d
2024-01-19,1087.25,1136.0,1087.25,1125.0,488224,BHARTIARTL,BSE,yfinance,1d
2024-01-23,1140.0999755859375,1172.5,1135.0,1159.199951171875,141141,BHARTIARTL,BSE,yfinance,1d
2024-01-24,1144.5999755859375,1200.0,1142.25,1190.449951171875,227684,BHARTIARTL,BSE,yfinance,1d
2024-01-25,1190.300048828125,1200.949951171875,1157.3499755859375,1159.8499755859375,365568,BHARTIARTL,BSE,yfinance,1d
2024-01-29,1159.4000244140625,1169.3499755859375,1158.050048828125,1162.050048828125,981424,BHARTIARTL,BSE,yfinance,1d
2024-01-30,1164.9000244140625,1181.0999755859375,1154.800048828125,1158.300048828125,40927,BHARTIARTL,BSE,yfinance,1d
2024-01-31,1164.0,1174.5,1146.75,1170.699951171875,26964,BHARTIARTL,BSE,yfinance,1d
2024-02-01,1171.8499755859375,1171.8499755859375,1149.199951171875,1150.75,50129,BHARTIARTL,BSE,yfinance,1d
2024-02-02,1150.050048828125,1175.0999755859375,1145.300048828125,1150.550048828125,251109,BHARTIARTL,BSE,yfinance,1d
2024-02-05,1153.25,1159.0,1110.4000244140625,1113.75,76698,BHARTIARTL,BSE,yfinance,1d
2024-02-06,1125.0,1155.949951171875,1122.5999755859375,1134.25,203984,BHARTIARTL,BSE,yfinance,1d
2024-02-07,1138.5,1148.199951171875,1132.0,1134.550048828125,656111,BHARTIARTL,BSE,yfinance,1d
2024-02-08,1147.949951171875,1147.949951171875,1116.949951171875,1142.5999755859375,175061,BHARTIARTL,BSE,yfinance,1d
2024-02-09,1137.0,1144.949951171875,1115.800048828125,1121.0999755859375,203529,BHARTIARTL,BSE,yfinance,1d
2024-02-12,1124.449951171875,1128.5,1111.449951171875,1118.949951171875,71407,BHARTIARTL,BSE,yfinance,1d
2024-02-13,1117.8499755859375,1124.9000244140625,1104.0,1117.699951171875,164231,BHARTIARTL,BSE,yfinance,1d
2024-02-14,1108.550048828125,1120.699951171875,1104.550048828125,1115.699951171875,127923,BHARTIARTL,BSE,yfinance,1d
2024-02-15,1121.300048828125,1131.0999755859375,1110.0,1121.1500244140625,22932,BHARTIARTL,BSE,yfinance,1d
2024-02-16,1122.5999755859375,1126.9000244140625,1117.0,1119.8499755859375,262499,BHARTIARTL,BSE,yfinance,1d
2024-02-19,1118.5999755859375,1144.5999755859375,1118.550048828125,1142.199951171875,397680,BHARTIARTL,BSE,yfinance,1d
2024-02-20,1143.050048828125,1151.25,1135.3499755859375,1144.1500244140625,201421,BHARTIARTL,BSE,yfinance,1d
2024-02-21,1153.4000244140625,1159.050048828125,1132.5999755859375,1139.75,2553984,BHARTIARTL,BSE,yfinance,1d
2024-02-22,1139.0,1139.0,1098.0,1135.25,2187392,BHARTIARTL,BSE,yfinance,1d
2024-02-23,1130.0,1132.1500244140625,1116.0,1126.699951171875,356937,BHARTIARTL,BSE,yfinance,1d
2024-02-26,1116.699951171875,1125.949951171875,1104.1500244140625,1110.199951171875,56717,BHARTIARTL,BSE,yfinance,1d
2024-02-27,1115.0,1130.8499755859375,1101.5999755859375,1127.3499755859375,123111,BHARTIARTL,BSE,yfinance,1d
2024-02-28,1135.3499755859375,1152.0999755859375,1123.550048828125,1128.699951171875,86413,BHARTIARTL,BSE,yfinance,1d
2024-02-29,1123.0,1137.75,1098.0999755859375,1122.9000244140625,462799,BHARTIARTL,BSE,yfinance,1d
2024-03-01,1123.1500244140625,1140.4000244140625,1118.0,1128.699951171875,230620,BHARTIARTL,BSE,yfinance,1d
2024-03-04,1131.800048828125,1149.0,1131.800048828125,1134.0,1524770,BHARTIARTL,BSE,yfinance,1d
2024-03-05,1139.449951171875,1179.449951171875,1134.0,1168.699951171875,176671,BHARTIARTL,BSE,yfinance,1d
2024-03-06,1174.4000244140625,1196.0,1157.8499755859375,1193.8499755859375,1551612,BHARTIARTL,BSE,yfinance,1d
2024-03-07,1207.0999755859375,1213.050048828125,1189.199951171875,1199.1500244140625,1202709,BHARTIARTL,BSE,yfinance,1d
2024-03-11,1187.949951171875,1218.199951171875,1187.949951171875,1197.0999755859375,57435,BHARTIARTL,BSE,yfinance,1d
2024-03-12,1204.550048828125,1207.800048828125,1198.050048828125,1204.4000244140625,52074,BHARTIARTL,BSE,yfinance,1d
2024-03-13,1210.699951171875,1210.699951171875,1151.300048828125,1169.199951171875,124916,BHARTIARTL,BSE,yfinance,1d
2024-03-14,1167.3499755859375,1199.6500244140625,1164.0,1195.300048828125,1190372,BHARTIARTL,BSE,yfinance,1d
2024-03-18,1228.949951171875,1231.0,1215.300048828125,1225.050048828125,109655,BHARTIARTL,BSE,yfinance,1d
2024-03-19,1223.5999755859375,1240.6500244140625,1215.25,1227.8499755859375,2169332,BHARTIARTL,BSE,yfinance,1d
2024-03-20,1227.8499755859375,1239.0,1223.8499755859375,1232.0,415744,BHARTIARTL,BSE,yfinance,1d
2024-03-21,1243.949951171875,1243.949951171875,1214.449951171875,1221.800048828125,407138,BHARTIARTL,BSE,yfinance,1d
2024-03-22,1227.0,1244.949951171875,1220.800048828125,1235.800048828125,4235017,BHARTIARTL,BSE,yfinance,1d
2024-03-26,1232.75,1233.449951171875,1211.1500244140625,1216.050048828125,250616,BHARTIARTL,BSE,yfinance,1d
2024-03-27,1215.949951171875,1228.0,1210.050048828125,1224.699951171875,374066,BHARTIARTL,BSE,yfinance,1d
2024-03-28,1238.6500244140625,1238.6500244140625,1220.3499755859375,1229.050048828125,92209,BHARTIARTL,BSE,yfinance,1d
2024-04-01,1227.949951171875,1230.449951171875,1207.800048828125,1217.800048828125,86752,BHARTIARTL,BSE,yfinance,1d
2024-04-02,1222.050048828125,1225.449951171875,1203.550048828125,1208.4000244140625,88168,BHARTIARTL,BSE,yfinance,1d
2024-04-03,1202.550048828125,1240.5999755859375,1189.5,1225.4000244140625,273855,BHARTIARTL,BSE,yfinance,1d
2024-04-04,1234.9000244140625,1234.9000244140625,1201.949951171875,1206.949951171875,29398,BHARTIARTL,BSE,yfinance,1d
2024-04-05,1208.0999755859375,1211.300048828125,1189.0,1191.550048828125,123054,BHARTIARTL,BSE,yfinance,1d
2024-04-08,1191.0,1210.0999755859375,1183.5999755859375,1204.1500244140625,79900,BHARTIARTL,BSE,yfinance,1d
2024-04-09,1218.25,1218.25,1198.6500244140625,1203.8499755859375,30337,BHARTIARTL,BSE,yfinance,1d
2024-04-10,1215.800048828125,1230.550048828125,1210.75,1229.300048828125,49348,BHARTIARTL,BSE,yfinance,1d
2024-04-12,1231.8499755859375,1231.8499755859375,1219.3499755859375,1225.199951171875,255730,BHARTIARTL,BSE,yfinance,1d
2024-04-15,1201.300048828125,1234.550048828125,1201.300048828125,1225.050048828125,34783,BHARTIARTL,BSE,yfinance,1d
2024-04-16,1224.949951171875,1234.0,1212.0999755859375,1216.699951171875,46540,BHARTIARTL,BSE,yfinance,1d
2024-04-18,1218.6500244140625,1281.4000244140625,1215.699951171875,1267.199951171875,436832,BHARTIARTL,BSE,yfinance,1d
2024-04-19,1278.699951171875,1296.449951171875,1253.1500244140625,1288.9000244140625,308645,BHARTIARTL,BSE,yfinance,1d
2024-04-22,1301.1500244140625,1305.9000244140625,1288.5,1298.449951171875,129889,BHARTIARTL,BSE,yfinance,1d
2024-04-23,1314.3499755859375,1350.9000244140625,1302.800048828125,1342.300048828125,482182,BHARTIARTL,BSE,yfinance,1d
2024-04-24,1364.050048828125,1364.050048828125,1333.800048828125,1336.25,111467,BHARTIARTL,BSE,yfinance,1d
2024-04-25,1332.699951171875,1343.0,1324.5,1335.949951171875,84600,BHARTIARTL,BSE,yfinance,1d
2024-04-26,1338.0,1344.300048828125,1321.5,1325.5,134981,BHARTIARTL,BSE,yfinance,1d
2024-04-29,1329.3499755859375,1345.75,1320.25,1333.25,51102,BHARTIARTL,BSE,yfinance,1d
2024-04-30,1326.3499755859375,1334.550048828125,1320.050048828125,1322.8499755859375,128197,BHARTIARTL,BSE,yfinance,1d
2024-05-02,1317.949951171875,1320.050048828125,1294.0,1306.1500244140625,106885,BHARTIARTL,BSE,yfinance,1d
2024-05-03,1309.550048828125,1309.550048828125,1258.25,1276.75,238027,BHARTIARTL,BSE,yfinance,1d
2024-05-06,1279.949951171875,1298.5,1276.0,1283.3499755859375,40436,BHARTIARTL,BSE,yfinance,1d
2024-05-07,1285.0,1294.0999755859375,1271.050048828125,1284.8499755859375,33163,BHARTIARTL,BSE,yfinance,1d
2024-05-08,1272.1500244140625,1299.6500244140625,1272.1500244140625,1288.699951171875,24742,BHARTIARTL,BSE,yfinance,1d
2024-05-09,1287.0,1294.8499755859375,1269.8499755859375,1275.5999755859375,64869,BHARTIARTL,BSE,yfinance,1d
2024-05-10,1274.0999755859375,1308.199951171875,1272.0,1302.5999755859375,201241,BHARTIARTL,BSE,yfinance,1d
2024-05-13,1296.5,1302.0,1281.25,1286.550048828125,58002,BHARTIARTL,BSE,yfinance,1d
2024-05-14,1288.550048828125,1299.0999755859375,1281.0,1285.4000244140625,111671,BHARTIARTL,BSE,yfinance,1d
2024-05-15,1280.0,1317.550048828125,1280.0,1311.75,179879,BHARTIARTL,BSE,yfinance,1d
2024-05-16,1328.0,1356.75,1321.3499755859375,1344.9000244140625,353409,BHARTIARTL,BSE,yfinance,1d
2024-05-17,1354.0999755859375,1360.0,1339.949951171875,1344.1500244140625,301948,BHARTIARTL,BSE,yfinance,1d
2024-05-21,1348.050048828125,1362.0,1336.5,1343.9000244140625,131472,BHARTIARTL,BSE,yfinance,1d
2024-05-22,1343.4000244140625,1351.1500244140625,1329.4000244140625,1347.550048828125,102535,BHARTIARTL,BSE,yfinance,1d
2024-05-23,1350.1500244140625,1377.1500244140625,1342.949951171875,1373.949951171875,85040,BHARTIARTL,BSE,yfinance,1d
2024-05-24,1377.0,1398.0,1375.0,1388.5999755859375,258540,BHARTIARTL,BSE,yfinance,1d
2024-05-27,1399.199951171875,1407.050048828125,1378.6500244140625,1383.699951171875,82614,BHARTIARTL,BSE,yfinance,1d
2024-05-28,1389.0,1389.0,1367.5999755859375,1370.550048828125,20048,BHARTIARTL,BSE,yfinance,1d
2024-05-29,1365.0999755859375,1390.0999755859375,1358.449951171875,1377.199951171875,35809,BHARTIARTL,BSE,yfinance,1d
2024-05-30,1383.949951171875,1386.0999755859375,1363.25,1377.4000244140625,59583,BHARTIARTL,BSE,yfinance,1d
2024-05-31,1378.25,1387.0999755859375,1337.5999755859375,1371.8499755859375,506750,BHARTIARTL,BSE,yfinance,1d
2024-06-03,1405.050048828125,1420.0,1385.0,1393.949951171875,152261,BHARTIARTL,BSE,yfinance,1d
2024-06-04,1393.0999755859375,1395.6500244140625,1224.5,1306.5999755859375,434816,BHARTIARTL,BSE,yfinance,1d
2024-06-05,1332.699951171875,1348.300048828125,1279.75,1344.4000244140625,243348,BHARTIARTL,BSE,yfinance,1d
2024-06-06,1367.0999755859375,1375.050048828125,1329.0,1371.75,400275,BHARTIARTL,BSE,yfinance,1d
2024-06-07,1371.699951171875,1431.199951171875,1363.0,1425.800048828125,709372,BHARTIARTL,BSE,yfinance,1d
2024-06-10,1428.949951171875,1436.449951171875,1421.050048828125,1425.199951171875,206919,BHARTIARTL,BSE,yfinance,1d
2024-06-11,1429.5999755859375,1434.4000244140625,1413.0,1427.5,65313,BHARTIARTL,BSE,yfinance,1d
2024-06-12,1422.0,1447.5,1422.0,1438.449951171875,188107,BHARTIARTL,BSE,yfinance,1d
2024-06-13,1441.550048828125,1450.0,1420.449951171875,1425.300048828125,92625,BHARTIARTL,BSE,yfinance,1d
2024-06-14,1431.050048828125,1434.5,1421.300048828125,1427.75,159238,BHARTIARTL,BSE,yfinance,1d
2024-06-18,1439.0999755859375,1442.0,1418.0,1428.699951171875,95910,BHARTIARTL,BSE,yfinance,1d
2024-06-19,1432.449951171875,1432.9000244140625,1388.050048828125,1393.1500244140625,101821,BHARTIARTL,BSE,yfinance,1d
2024-06-20,1403.0,1406.3499755859375,1376.050048828125,1381.1500244140625,438075,BHARTIARTL,BSE,yfinance,1d
2024-06-21,1388.0999755859375,1423.550048828125,1373.050048828125,1413.25,641954,BHARTIARTL,BSE,yfinance,1d
2024-06-24,1404.050048828125,1423.0999755859375,1397.4000244140625,1419.199951171875,362026,BHARTIARTL,BSE,yfinance,1d
2024-06-25,1439.949951171875,1439.949951171875,1410.050048828125,1415.0999755859375,210793,BHARTIARTL,BSE,yfinance,1d
2024-06-26,1419.050048828125,1479.5,1410.4000244140625,1458.550048828125,544988,BHARTIARTL,BSE,yfinance,1d
2024-06-27,1466.8499755859375,1489.0,1440.0999755859375,1471.800048828125,379730,BHARTIARTL,BSE,yfinance,1d
2024-06-28,1535.0,1539.0999755859375,1436.5,1445.3499755859375,1564391,BHARTIARTL,BSE,yfinance,1d
2024-07-01,1450.0,1467.4000244140625,1449.300048828125,1453.199951171875,478628,BHARTIARTL,BSE,yfinance,1d
2024-07-02,1465.050048828125,1473.5,1415.5,1418.550048828125,502005,BHARTIARTL,BSE,yfinance,1d
2024-07-03,1429.5999755859375,1432.5,1410.0,1420.3499755859375,556358,BHARTIARTL,BSE,yfinance,1d
2024-07-04,1418.949951171875,1440.4000244140625,1411.550048828125,1423.3499755859375,509157,BHARTIARTL,BSE,yfinance,1d
2024-07-05,1423.3499755859375,1433.300048828125,1416.5999755859375,1430.0,544729,BHARTIARTL,BSE,yfinance,1d
2024-07-08,1430.050048828125,1438.5,1423.050048828125,1434.9000244140625,162232,BHARTIARTL,BSE,yfinance,1d
2024-07-09,1440.5999755859375,1441.75,1428.300048828125,1435.0999755859375,153425,BHARTIARTL,BSE,yfinance,1d
2024-07-10,1438.9000244140625,1449.0,1426.949951171875,1444.699951171875,56217,BHARTIARTL,BSE,yfinance,1d
2024-07-11,1450.0,1450.75,1427.949951171875,1439.0,83626,BHARTIARTL,BSE,yfinance,1d
2024-07-12,1440.449951171875,1448.199951171875,1421.550048828125,1433.0,470398,BHARTIARTL,BSE,yfinance,1d
2024-07-15,1430.4000244140625,1440.0,1426.75,1437.199951171875,47926,BHARTIARTL,BSE,yfinance,1d
2024-07-16,1445.0,1473.800048828125,1445.0,1466.0,106471,BHARTIARTL,BSE,yfinance,1d
2024-07-18,1466.3499755859375,1486.3499755859375,1459.050048828125,1483.25,105596,BHARTIARTL,BSE,yfinance,1d
2024-07-19,1476.9000244140625,1478.699951171875,1452.3499755859375,1461.5,255822,BHARTIARTL,BSE,yfinance,1d
2024-07-22,1450.0,1471.550048828125,1450.0,1464.5999755859375,59347,BHARTIARTL,BSE,yfinance,1d
2024-07-23,1465.050048828125,1469.4000244140625,1428.699951171875,1465.0,75051,BHARTIARTL,BSE,yfinance,1d
2024-07-24,1465.0,1475.550048828125,1437.0,1455.550048828125,38765,BHARTIARTL,BSE,yfinance,1d
2024-07-25,1441.6500244140625,1454.0999755859375,1440.0999755859375,1449.4000244140625,51242,BHARTIARTL,BSE,yfinance,1d
2024-07-26,1450.0,1520.0,1449.5,1514.699951171875,512860,BHARTIARTL,BSE,yfinance,1d
2024-07-29,1522.050048828125,1522.050048828125,1476.550048828125,1481.0999755859375,324131,BHARTIARTL,BSE,yfinance,1d
2024-07-30,1489.300048828125,1489.300048828125,1464.0999755859375,1471.050048828125,119951,BHARTIARTL,BSE,yfinance,1d
2024-07-31,1472.199951171875,1504.199951171875,1472.199951171875,1492.9000244140625,153345,BHARTIARTL,BSE,yfinance,1d
2024-08-01,1490.949951171875,1511.0,1488.800048828125,1505.4000244140625,105913,BHARTIARTL,BSE,yfinance,1d
2024-08-02,1494.0,1504.8499755859375,1483.5,1493.75,422407,BHARTIARTL,BSE,yfinance,1d
2024-08-05,1463.949951171875,1486.550048828125,1451.25,1466.0,83232,BHARTIARTL,BSE,yfinance,1d
2024-08-06,1489.9000244140625,1493.949951171875,1431.0999755859375,1443.550048828125,317538,BHARTIARTL,BSE,yfinance,1d
2024-08-07,1450.050048828125,1454.3499755859375,1422.300048828125,1441.699951171875,207940,BHARTIARTL,BSE,yfinance,1d
2024-08-08,1430.0,1466.449951171875,1430.0,1451.3499755859375,97547,BHARTIARTL,BSE,yfinance,1d
2024-08-09,1474.6500244140625,1482.1500244140625,1458.0,1463.9000244140625,253821,BHARTIARTL,BSE,yfinance,1d
2024-08-12,1463.0,1477.6500244140625,1445.050048828125,1459.0999755859375,51244,BHARTIARTL,BSE,yfinance,1d
2024-08-13,1461.0,1478.0,1450.300048828125,1459.6500244140625,109861,BHARTIARTL,BSE,yfinance,1d
2024-08-14,1457.949951171875,1480.449951171875,1452.6500244140625,1471.800048828125,92933,BHARTIARTL,BSE,yfinance,1d
2024-08-16,1476.949951171875,1490.0,1467.699951171875,1484.5,268573,BHARTIARTL,BSE,yfinance,1d
2024-08-19,1484.550048828125,1489.0,1463.9000244140625,1469.5,63774,BHARTIARTL,BSE,yfinance,1d
2024-08-20,1482.5999755859375,1482.9000244140625,1446.449951171875,1449.3499755859375,105459,BHARTIARTL,BSE,yfinance,1d
2024-08-21,1459.75,1466.0,1447.0999755859375,1464.199951171875,127178,BHARTIARTL,BSE,yfinance,1d
2024-08-22,1475.949951171875,1499.699951171875,1463.449951171875,1486.25,1087341,BHARTIARTL,BSE,yfinance,1d
2024-08-23,1491.25,1510.800048828125,1479.25,1506.050048828125,322394,BHARTIARTL,BSE,yfinance,1d
2024-08-26,1516.9000244140625,1520.199951171875,1506.199951171875,1513.6500244140625,55242,BHARTIARTL,BSE,yfinance,1d
2024-08-27,1523.550048828125,1526.0,1502.550048828125,1522.5,91506,BHARTIARTL,BSE,yfinance,1d
2024-08-28,1529.949951171875,1564.0,1522.5,1556.0999755859375,80645,BHARTIARTL,BSE,yfinance,1d
2024-08-29,1568.0,1571.0,1546.0,1566.0999755859375,79864,BHARTIARTL,BSE,yfinance,1d
2024-08-30,1571.1500244140625,1608.699951171875,1561.449951171875,1588.949951171875,392273,BHARTIARTL,BSE,yfinance,1d
2024-09-02,1617.0,1617.0,1565.6500244140625,1573.5,57760,BHARTIARTL,BSE,yfinance,1d
2024-09-03,1577.25,1580.0,1558.199951171875,1560.5,54061,BHARTIARTL,BSE,yfinance,1d
2024-09-04,1559.6500244140625,1564.0,1542.300048828125,1562.0,64851,BHARTIARTL,BSE,yfinance,1d
2024-09-05,1560.949951171875,1562.6500244140625,1541.1500244140625,1547.050048828125,68729,BHARTIARTL,BSE,yfinance,1d
2024-09-06,1559.949951171875,1559.949951171875,1530.1500244140625,1539.0999755859375,239764,BHARTIARTL,BSE,yfinance,1d
2024-09-09,1512.0,1545.800048828125,1512.0,1542.5999755859375,54328,BHARTIARTL,BSE,yfinance,1d
2024-09-10,1542.699951171875,1586.199951171875,1542.699951171875,1577.9000244140625,62362,BHARTIARTL,BSE,yfinance,1d
2024-09-11,1577.9000244140625,1598.4000244140625,1573.8499755859375,1577.699951171875,105385,BHARTIARTL,BSE,yfinance,1d
2024-09-12,1595.0,1652.6500244140625,1590.0,1646.5,131261,BHARTIARTL,BSE,yfinance,1d
2024-09-13,1650.050048828125,1655.0,1630.699951171875,1634.449951171875,178489,BHARTIARTL,BSE,yfinance,1d
2024-09-16,1631.75,1652.75,1631.75,1635.4000244140625,80217,BHARTIARTL,BSE,yfinance,1d
2024-09-17,1650.0,1666.3499755859375,1639.050048828125,1661.449951171875,162290,BHARTIARTL,BSE,yfinance,1d
2024-09-18,1654.699951171875,1670.9000244140625,1647.0999755859375,1652.6500244140625,47465,BHARTIARTL,BSE,yfinance,1d
2024-09-19,1646.6500244140625,1711.0,1646.6500244140625,1665.050048828125,147529,BHARTIARTL,BSE,yfinance,1d
2024-09-20,1672.0,1723.199951171875,1665.9000244140625,1712.300048828125,860054,BHARTIARTL,BSE,yfinance,1d
2024-09-23,1712.5999755859375,1755.0999755859375,1712.5999755859375,1750.75,102538,BHARTIARTL,BSE,yfinance,1d
2024-09-24,1753.949951171875,1767.0,1746.0999755859375,1756.1500244140625,92544,BHARTIARTL,BSE,yfinance,1d
2024-09-25,1756.6500244140625,1766.800048828125,1745.0999755859375,1760.449951171875,35612,BHARTIARTL,BSE,yfinance,1d
2024-09-26,1764.9000244140625,1778.949951171875,1746.25,1769.9000244140625,606899,BHARTIARTL,BSE,yfinance,1d
2024-09-27,1743.5999755859375,1761.300048828125,1722.0999755859375,1735.25,160148,BHARTIARTL,BSE,yfinance,1d
2024-09-30,1712.300048828125,1732.050048828125,1704.199951171875,1709.9000244140625,511134,BHARTIARTL,BSE,yfinance,1d
2024-10-01,1709.550048828125,1722.800048828125,1695.8499755859375,1699.050048828125,132736,BHARTIARTL,BSE,yfinance,1d
2024-10-03,1650.25,1695.0,1650.25,1675.800048828125,112985,BHARTIARTL,BSE,yfinance,1d
2024-10-04,1666.050048828125,1687.0999755859375,1630.5,1640.75,639730,BHARTIARTL,BSE,yfinance,1d
2024-10-07,1656.949951171875,1669.4000244140625,1643.6500244140625,1663.0999755859375,787326,BHARTIARTL,BSE,yfinance,1d
2024-10-08,1600.0,1679.5999755859375,1600.0,1658.4000244140625,93463,BHARTIARTL,BSE,yfinance,1d
2024-10-09,1669.949951171875,1704.3499755859375,1661.5999755859375,1679.449951171875,106616,BHARTIARTL,BSE,yfinance,1d
2024-10-10,1684.050048828125,1698.0999755859375,1665.0,1678.300048828125,115106,BHARTIARTL,BSE,yfinance,1d
2024-10-11,1667.050048828125,1690.6500244140625,1659.1500244140625,1687.0,181407,BHARTIARTL,BSE,yfinance,1d
2024-10-14,1685.0,1709.800048828125,1679.0,1696.5999755859375,91532,BHARTIARTL,BSE,yfinance,1d
2024-10-15,1708.449951171875,1732.4000244140625,1699.75,1717.9000244140625,94319,BHARTIARTL,BSE,yfinance,1d
2024-10-16,1724.949951171875,1742.050048828125,1717.25,1733.449951171875,82968,BHARTIARTL,BSE,yfinance,1d
2024-10-17,1737.949951171875,1737.949951171875,1694.9000244140625,1702.75,34737,BHARTIARTL,BSE,yfinance,1d
2024-10-18,1704.949951171875,1715.199951171875,1685.0,1706.800048828125,314129,BHARTIARTL,BSE,yfinance,1d
2024-10-21,1706.75,1708.0,1661.550048828125,1693.1500244140625,70133,BHARTIARTL,BSE,yfinance,1d
2024-10-22,1689.050048828125,1712.949951171875,1688.0,1691.75,71927,BHARTIARTL,BSE,yfinance,1d
2024-10-23,1688.050048828125,1701.25,1680.1500244140625,1685.0,60333,BHARTIARTL,BSE,yfinance,1d
2024-10-24,1689.9000244140625,1691.8499755859375,1656.75,1680.199951171875,48376,BHARTIARTL,BSE,yfinance,1d
2024-10-25,1685.800048828125,1685.800048828125,1655.75,1664.4000244140625,275398,BHARTIARTL,BSE,yfinance,1d
2024-10-28,1652.0999755859375,1677.4000244140625,1645.9000244140625,1663.6500244140625,42088,BHARTIARTL,BSE,yfinance,1d
2024-10-29,1657.75,1668.6500244140625,1610.0,1636.8499755859375,169432,BHARTIARTL,BSE,yfinance,1d
2024-10-30,1634.949951171875,1651.5,1618.0,1633.5999755859375,102780,BHARTIARTL,BSE,yfinance,1d
2024-10-31,1636.0,1637.0,1602.300048828125,1611.6500244140625,352874,BHARTIARTL,BSE,yfinance,1d
2024-11-01,1642.9000244140625,1642.9000244140625,1611.0,1616.449951171875,11695,BHARTIARTL,BSE,yfinance,1d
2024-11-04,1616.5,1620.0,1573.25,1591.5999755859375,218072,BHARTIARTL,BSE,yfinance,1d
2024-11-05,1573.550048828125,1593.550048828125,1565.9000244140625,1578.8499755859375,120049,BHARTIARTL,BSE,yfinance,1d
2024-11-06,1583.949951171875,1611.0,1565.9000244140625,1598.75,1298159,BHARTIARTL,BSE,yfinance,1d
2024-11-07,1598.699951171875,1608.199951171875,1571.0,1575.6500244140625,60281,BHARTIARTL,BSE,yfinance,1d
2024-11-08,1578.0,1578.5,1559.0,1570.300048828125,105107,BHARTIARTL,BSE,yfinance,1d
2024-11-11,1569.5999755859375,1581.75,1552.0,1560.1500244140625,40690,BHARTIARTL,BSE,yfinance,1d
2024-11-12,1560.3499755859375,1594.0,1551.1500244140625,1555.5999755859375,51954,BHARTIARTL,BSE,yfinance,1d
2024-11-13,1555.6500244140625,1572.300048828125,1545.949951171875,1550.4000244140625,107316,BHARTIARTL,BSE,yfinance,1d
2024-11-14,1548.4000244140625,1558.25,1537.1500244140625,1550.5999755859375,150163,BHARTIARTL,BSE,yfinance,1d
2024-11-18,1562.050048828125,1565.199951171875,1529.4000244140625,1537.699951171875,136146,BHARTIARTL,BSE,yfinance,1d
2024-11-19,1537.0,1557.75,1519.449951171875,1525.949951171875,85732,BHARTIARTL,BSE,yfinance,1d
2024-11-21,1534.949951171875,1541.0,1510.800048828125,1524.949951171875,152773,BHARTIARTL,BSE,yfinance,1d
2024-11-22,1530.6500244140625,1574.8499755859375,1520.0999755859375,1570.0999755859375,218334,BHARTIARTL,BSE,yfinance,1d
2024-11-25,1582.199951171875,1609.0,1563.25,1579.5,123335,BHARTIARTL,BSE,yfinance,1d
2024-11-26,1590.0,1604.949951171875,1566.0999755859375,1577.75,148156,BHARTIARTL,BSE,yfinance,1d
2024-11-27,1574.800048828125,1583.75,1555.0,1577.949951171875,56779,BHARTIARTL,BSE,yfinance,1d
2024-11-28,1573.6500244140625,1587.9000244140625,1557.0,1560.3499755859375,124422,BHARTIARTL,BSE,yfinance,1d
2024-11-29,1537.449951171875,1648.699951171875,1537.449951171875,1627.449951171875,284874,BHARTIARTL,BSE,yfinance,1d
2024-12-02,1629.449951171875,1646.1500244140625,1616.699951171875,1643.0,81258,BHARTIARTL,BSE,yfinance,1d
2024-12-03,1647.4000244140625,1650.800048828125,1614.0,1619.6500244140625,116494,BHARTIARTL,BSE,yfinance,1d
2024-12-04,1625.050048828125,1630.0,1582.300048828125,1584.050048828125,107321,BHARTIARTL,BSE,yfinance,1d
2024-12-05,1600.0,1621.449951171875,1585.699951171875,1613.300048828125,67785,BHARTIARTL,BSE,yfinance,1d
2024-12-06,1615.5999755859375,1624.3499755859375,1595.0,1597.949951171875,93683,BHARTIARTL,BSE,yfinance,1d
2024-12-09,1596.949951171875,1606.050048828125,1590.0,1601.9000244140625,836961,BHARTIARTL,BSE,yfinance,1d
2024-12-10,1603.050048828125,1610.8499755859375,1570.0999755859375,1579.1500244140625,337687,BHARTIARTL,BSE,yfinance,1d
2024-12-11,1581.0,1588.0,1571.8499755859375,1585.9000244140625,81053,BHARTIARTL,BSE,yfinance,1d
2024-12-12,1575.050048828125,1618.1500244140625,1575.050048828125,1611.25,117399,BHARTIARTL,BSE,yfinance,1d
2024-12-13,1615.050048828125,1684.699951171875,1606.449951171875,1681.949951171875,2693699,BHARTIARTL,BSE,yfinance,1d
2024-12-16,1683.8499755859375,1687.6500244140625,1660.449951171875,1662.4000244140625,115351,BHARTIARTL,BSE,yfinance,1d
2024-12-17,1660.0,1660.0,1608.75,1615.300048828125,141952,BHARTIARTL,BSE,yfinance,1d
2024-12-18,1620.050048828125,1625.199951171875,1596.25,1601.449951171875,373827,BHARTIARTL,BSE,yfinance,1d
2024-12-19,1580.050048828125,1610.0,1580.050048828125,1599.6500244140625,145518,BHARTIARTL,BSE,yfinance,1d
2024-12-20,1617.1500244140625,1621.5999755859375,1572.800048828125,1578.25,183609,BHARTIARTL,BSE,yfinance,1d
2024-12-23,1581.300048828125,1607.0999755859375,1578.25,1587.5999755859375,137447,BHARTIARTL,BSE,yfinance,1d
2024-12-24,1593.0,1598.699951171875,1575.199951171875,1584.1500244140625,49756,BHARTIARTL,BSE,yfinance,1d
2024-12-26,1582.050048828125,1606.0,1581.949951171875,1599.5,93268,BHARTIARTL,BSE,yfinance,1d
2024-12-27,1600.0,1628.550048828125,1595.9000244140625,1598.949951171875,111384,BHARTIARTL,BSE,yfinance,1d
2024-12-30,1600.050048828125,1612.25,1581.5999755859375,1588.699951171875,41031,BHARTIARTL,BSE,yfinance,1d
2024-12-31,1586.1500244140625,1597.199951171875,1563.300048828125,1588.1500244140625,99166,BHARTIARTL,BSE,yfinance,1d
2025-01-01,1594.0,1606.0,1584.8499755859375,1596.050048828125,73195,BHARTIARTL,BSE,yfinance,1d
2025-01-02,1597.050048828125,1618.5999755859375,1588.6500244140625,1609.75,56155,BHARTIARTL,BSE,yfinance,1d
2025-01-03,1612.199951171875,1615.0,1594.0,1599.300048828125,164310,BHARTIARTL,BSE,yfinance,1d
2025-01-06,1590.050048828125,1609.300048828125,1567.050048828125,1587.699951171875,230246,BHARTIARTL,BSE,yfinance,1d
2025-01-07,1592.050048828125,1602.0,1585.0,1591.0,71009,BHARTIARTL,BSE,yfinance,1d
2025-01-08,1597.0,1613.449951171875,1578.8499755859375,1598.949951171875,69936,BHARTIARTL,BSE,yfinance,1d
2025-01-09,1606.300048828125,1620.0,1592.5,1606.949951171875,74484,BHARTIARTL,BSE,yfinance,1d
2025-01-10,1607.0,1625.6500244140625,1591.9000244140625,1615.0999755859375,118596,BHARTIARTL,BSE,yfinance,1d
2025-01-13,1584.699951171875,1614.449951171875,1580.050048828125,1598.800048828125,134719,BHARTIARTL,BSE,yfinance,1d
2025-01-14,1603.050048828125,1633.1500244140625,1579.4000244140625,1599.949951171875,308356,BHARTIARTL,BSE,yfinance,1d
2025-01-15,1606.050048828125,1614.0,1593.050048828125,1607.949951171875,73475,BHARTIARTL,BSE,yfinance,1d
2025-01-16,1615.3499755859375,1635.0,1603.199951171875,1631.449951171875,67985,BHARTIARTL,BSE,yfinance,1d
2025-01-17,1631.949951171875,1638.949951171875,1622.699951171875,1627.4000244140625,79417,BHARTIARTL,BSE,yfinance,1d
2025-01-20,1632.449951171875,1643.8499755859375,1618.8499755859375,1641.1500244140625,80822,BHARTIARTL,BSE,yfinance,1d
2025-01-21,1650.25,1656.5,1620.1500244140625,1625.9000244140625,467187,BHARTIARTL,BSE,yfinance,1d
2025-01-22,1629.699951171875,1640.449951171875,1624.9000244140625,1631.550048828125,30009,BHARTIARTL,BSE,yfinance,1d
2025-01-23,1631.3499755859375,1645.0,1616.4000244140625,1636.1500244140625,233487,BHARTIARTL,BSE,yfinance,1d
2025-01-24,1622.050048828125,1661.75,1622.050048828125,1643.9000244140625,77757,BHARTIARTL,BSE,yfinance,1d
2025-01-27,1633.050048828125,1645.949951171875,1594.199951171875,1602.800048828125,30016,BHARTIARTL,BSE,yfinance,1d
2025-01-28,1603.050048828125,1629.6500244140625,1597.0,1618.800048828125,131975,BHARTIARTL,BSE,yfinance,1d
2025-01-29,1618.800048828125,1627.0999755859375,1592.4000244140625,1599.5,1392955,BHARTIARTL,BSE,yfinance,1d
2025-01-30,1604.9000244140625,1644.6500244140625,1599.0,1640.449951171875,52146,BHARTIARTL,BSE,yfinance,1d
2025-01-31,1640.449951171875,1640.449951171875,1575.0,1626.75,81886,BHARTIARTL,BSE,yfinance,1d
2025-02-03,1629.8499755859375,1661.0,1608.0,1652.050048828125,73647,BHARTIARTL,BSE,yfinance,1d
2025-02-04,1660.0,1668.0,1628.8499755859375,1661.300048828125,117117,BHARTIARTL,BSE,yfinance,1d
2025-02-05,1663.0999755859375,1676.25,1649.1500244140625,1660.5999755859375,705766,BHARTIARTL,BSE,yfinance,1d
2025-02-06,1672.0999755859375,1672.0999755859375,1614.0,1619.550048828125,50999,BHARTIARTL,BSE,yfinance,1d
2025-02-07,1649.949951171875,1708.0,1638.75,1677.800048828125,468565,BHARTIARTL,BSE,yfinance,1d
2025-02-10,1690.25,1699.5,1678.3499755859375,1692.8499755859375,152150,BHARTIARTL,BSE,yfinance,1d
2025-02-11,1702.0999755859375,1706.449951171875,1686.1500244140625,1696.0,178471,BHARTIARTL,BSE,yfinance,1d
2025-02-12,1700.5999755859375,1713.449951171875,1684.0,1711.5999755859375,41996,BHARTIARTL,BSE,yfinance,1d
2025-02-13,1711.5,1728.699951171875,1704.0,1713.75,89198,BHARTIARTL,BSE,yfinance,1d
2025-02-14,1723.949951171875,1724.1500244140625,1705.0,1717.1500244140625,94675,BHARTIARTL,BSE,yfinance,1d
2025-02-17,1716.949951171875,1716.949951171875,1665.9000244140625,1675.550048828125,126808,BHARTIARTL,BSE,yfinance,1d
2025-02-18,1690.5,1695.0,1656.1500244140625,1668.4000244140625,672902,BHARTIARTL,BSE,yfinance,1d
2025-02-19,1669.0,1674.699951171875,1638.5,1645.9000244140625,495518,BHARTIARTL,BSE,yfinance,1d
2025-02-20,1642.5999755859375,1649.8499755859375,1627.199951171875,1645.199951171875,816311,BHARTIARTL,BSE,yfinance,1d
2025-02-21,1640.449951171875,1658.300048828125,1629.5999755859375,1638.4000244140625,2009995,BHARTIARTL,BSE,yfinance,1d
2025-02-24,1625.050048828125,1637.5,1599.0,1600.800048828125,57078,BHARTIARTL,BSE,yfinance,1d
2025-02-25,1600.800048828125,1649.0,1600.0,1641.5999755859375,194392,BHARTIARTL,BSE,yfinance,1d
2025-02-27,1641.75,1655.5,1639.5999755859375,1649.699951171875,155935,BHARTIARTL,BSE,yfinance,1d
2025-02-28,1645.050048828125,1646.4000244140625,1561.0,1569.5999755859375,87871,BHARTIARTL,BSE,yfinance,1d
2025-03-03,1587.25,1602.449951171875,1573.75,1594.5999755859375,62254,BHARTIARTL,BSE,yfinance,1d
2025-03-04,1591.949951171875,1591.949951171875,1568.300048828125,1575.949951171875,41148,BHARTIARTL,BSE,yfinance,1d
2025-03-05,1576.0,1626.5,1576.0,1616.5999755859375,80865,BHARTIARTL,BSE,yfinance,1d
2025-03-06,1619.949951171875,1631.8499755859375,1590.5,1626.8499755859375,32845,BHARTIARTL,BSE,yfinance,1d
2025-03-07,1630.050048828125,1639.0,1616.199951171875,1631.449951171875,39110,BHARTIARTL,BSE,yfinance,1d
2025-03-10,1656.8499755859375,1656.8499755859375,1625.8499755859375,1629.699951171875,85298,BHARTIARTL,BSE,yfinance,1d
2025-03-11,1625.0999755859375,1676.0999755859375,1624.949951171875,1661.199951171875,84760,BHARTIARTL,BSE,yfinance,1d
2025-03-12,1704.949951171875,1717.25,1634.0,1642.5999755859375,442752,BHARTIARTL,BSE,yfinance,1d
2025-03-13,1664.949951171875,1664.949951171875,1630.699951171875,1632.8499755859375,35107,BHARTIARTL,BSE,yfinance,1d
2025-03-17,1619.949951171875,1647.5999755859375,1619.949951171875,1639.4000244140625,1625718,BHARTIARTL,BSE,yfinance,1d
2025-03-18,1647.0,1655.0,1622.0,1628.1500244140625,110260,BHARTIARTL,BSE,yfinance,1d
2025-03-19,1634.949951171875,1642.050048828125,1627.75,1636.6500244140625,61208,BHARTIARTL,BSE,yfinance,1d
2025-03-20,1665.25,1709.5999755859375,1645.699951171875,1704.949951171875,104980,BHARTIARTL,BSE,yfinance,1d
2025-03-21,1705.300048828125,1731.550048828125,1691.699951171875,1726.300048828125,92394,BHARTIARTL,BSE,yfinance,1d
2025-03-24,1741.050048828125,1741.050048828125,1715.4000244140625,1718.300048828125,124305,BHARTIARTL,BSE,yfinance,1d
2025-03-25,1726.0,1740.0,1706.3499755859375,1733.699951171875,128826,BHARTIARTL,BSE,yfinance,1d
2025-03-26,1736.550048828125,1764.5999755859375,1726.300048828125,1737.550048828125,110865,BHARTIARTL,BSE,yfinance,1d
2025-03-27,1740.4000244140625,1746.449951171875,1717.050048828125,1723.3499755859375,59938,BHARTIARTL,BSE,yfinance,1d
2025-03-28,1735.0,1746.0,1703.050048828125,1730.949951171875,75931,BHARTIARTL,BSE,yfinance,1d
2025-04-01,1719.949951171875,1765.3499755859375,1712.8499755859375,1723.9000244140625,115086,BHARTIARTL,BSE,yfinance,1d
2025-04-02,1721.949951171875,1760.0,1718.9000244140625,1754.75,26453,BHARTIARTL,BSE,yfinance,1d
2025-04-03,1736.9000244140625,1753.0,1735.6500244140625,1745.699951171875,40778,BHARTIARTL,BSE,yfinance,1d
2025-04-04,1741.75,1770.25,1740.0,1743.25,60602,BHARTIARTL,BSE,yfinance,1d
2025-04-07,1705.050048828125,1774.050048828125,1669.550048828125,1687.8499755859375,131298,BHARTIARTL,BSE,yfinance,1d
2025-04-08,1725.8499755859375,1742.699951171875,1707.050048828125,1720.0,164083,BHARTIARTL,BSE,yfinance,1d
2025-04-09,1720.0,1727.0999755859375,1711.9000244140625,1715.699951171875,16772,BHARTIARTL,BSE,yfinance,1d
2025-04-11,1756.1500244140625,1767.050048828125,1732.4000244140625,1757.300048828125,198373,BHARTIARTL,BSE,yfinance,1d
2025-04-15,1800.050048828125,1818.0,1779.449951171875,1798.75,325154,BHARTIARTL,BSE,yfinance,1d
2025-04-16,1803.1500244140625,1826.75,1794.199951171875,1823.0,62579,BHARTIARTL,BSE,yfinance,1d
2025-04-17,1831.5999755859375,1897.949951171875,1825.550048828125,1889.199951171875,271034,BHARTIARTL,BSE,yfinance,1d
2025-04-21,1895.25,1904.199951171875,1868.0,1883.5999755859375,198640,BHARTIARTL,BSE,yfinance,1d
2025-04-22,1893.949951171875,1893.949951171875,1837.0,1852.0,1775637,BHARTIARTL,BSE,yfinance,1d
2025-04-23,1855.050048828125,1885.449951171875,1836.0,1881.699951171875,182220,BHARTIARTL,BSE,yfinance,1d
2025-04-24,1881.0,1881.0,1840.0,1844.800048828125,102848,BHARTIARTL,BSE,yfinance,1d
2025-04-25,1845.0999755859375,1860.550048828125,1806.800048828125,1814.199951171875,67434,BHARTIARTL,BSE,yfinance,1d
2025-04-28,1831.050048828125,1838.300048828125,1812.9000244140625,1820.9000244140625,67918,BHARTIARTL,BSE,yfinance,1d
2025-04-29,1829.949951171875,1848.0,1818.0,1823.8499755859375,137615,BHARTIARTL,BSE,yfinance,1d
2025-04-30,1841.5,1877.0999755859375,1826.800048828125,1863.699951171875,250077,BHARTIARTL,BSE,yfinance,1d
2025-05-02,1863.6500244140625,1884.0,1832.9000244140625,1852.0,128334,BHARTIARTL,BSE,yfinance,1d
2025-05-05,1860.3499755859375,1873.3499755859375,1849.4000244140625,1865.449951171875,124797,BHARTIARTL,BSE,yfinance,1d
2025-05-06,1881.0,1912.0,1881.0,1901.1500244140625,225743,BHARTIARTL,BSE,yfinance,1d
2025-05-07,1900.0,1916.9000244140625,1875.0,1895.949951171875,119949,BHARTIARTL,BSE,yfinance,1d
2025-05-08,1891.1500244140625,1905.449951171875,1861.6500244140625,1872.699951171875,150783,BHARTIARTL,BSE,yfinance,1d
2025-05-09,1840.0,1870.449951171875,1836.5,1848.25,151144,BHARTIARTL,BSE,yfinance,1d
2025-05-12,1865.0,1882.5,1854.699951171875,1872.199951171875,65173,BHARTIARTL,BSE,yfinance,1d
2025-05-13,1874.8499755859375,1883.5999755859375,1817.0999755859375,1820.949951171875,256314,BHARTIARTL,BSE,yfinance,1d
2025-05-14,1831.0,1870.0,1820.75,1834.4000244140625,1794337,BHARTIARTL,BSE,yfinance,1d
2025-05-15,1847.0,1869.6500244140625,1825.449951171875,1866.800048828125,340791,BHARTIARTL,BSE,yfinance,1d
2025-05-16,1832.199951171875,1833.800048828125,1810.0999755859375,1814.3499755859375,5555243,BHARTIARTL,BSE,yfinance,1d
2025-05-19,1819.050048828125,1828.550048828125,1808.6500244140625,1817.4000244140625,519289,BHARTIARTL,BSE,yfinance,1d
2025-05-20,1818.300048828125,1824.699951171875,1799.050048828125,1808.5999755859375,272790,BHARTIARTL,BSE,yfinance,1d
2025-05-21,1810.3499755859375,1826.449951171875,1806.75,1822.300048828125,256817,BHARTIARTL,BSE,yfinance,1d
2025-05-22,1821.949951171875,1836.0,1817.800048828125,1831.75,281711,BHARTIARTL,BSE,yfinance,1d
2025-05-23,1815.3499755859375,1841.699951171875,1815.3499755859375,1832.0999755859375,148363,BHARTIARTL,BSE,yfinance,1d
2025-05-26,1839.0,1850.5,1831.0,1847.0999755859375,295554,BHARTIARTL,BSE,yfinance,1d
2025-05-27,1845.25,1858.0,1833.4000244140625,1844.0,686661,BHARTIARTL,BSE,yfinance,1d
2025-05-28,1843.8499755859375,1866.8499755859375,1843.8499755859375,1856.050048828125,183955,BHARTIARTL,BSE,yfinance,1d
2025-05-29,1857.050048828125,1866.550048828125,1851.0,1863.800048828125,140712,BHARTIARTL,BSE,yfinance,1d
2025-05-30,1851.199951171875,1867.449951171875,1845.0999755859375,1856.800048828125,82531,BHARTIARTL,BSE,yfinance,1d
2025-06-02,1838.800048828125,1857.949951171875,1832.199951171875,1854.949951171875,163149,BHARTIARTL,BSE,yfinance,1d
2025-06-03,1858.050048828125,1868.0,1831.75,1841.5,951191,BHARTIARTL,BSE,yfinance,1d
2025-06-04,1859.9000244140625,1884.550048828125,1850.0,1874.949951171875,253151,BHARTIARTL,BSE,yfinance,1d
2025-06-05,1883.800048828125,1888.699951171875,1869.300048828125,1878.5,120818,BHARTIARTL,BSE,yfinance,1d
2025-06-06,1874.0,1881.4000244140625,1866.6500244140625,1869.300048828125,268305,BHARTIARTL,BSE,yfinance,1d
2025-06-09,1872.0,1875.5999755859375,1849.0,1865.550048828125,92681,BHARTIARTL,BSE,yfinance,1d
2025-06-10,1866.5999755859375,1874.300048828125,1851.0999755859375,1856.800048828125,303953,BHARTIARTL,BSE,yfinance,1d
2025-06-11,1856.800048828125,1866.0,1848.0,1859.3499755859375,54648,BHARTIARTL,BSE,yfinance,1d
2025-06-12,1869.5,1882.949951171875,1831.1500244140625,1844.050048828125,100403,BHARTIARTL,BSE,yfinance,1d
2025-06-13,1838.800048828125,1844.0,1816.25,1842.1500244140625,60706,BHARTIARTL,BSE,yfinance,1d
2025-06-16,1849.699951171875,1869.699951171875,1839.6500244140625,1861.300048828125,445836,BHARTIARTL,BSE,yfinance,1d
2025-06-17,1879.0,1879.0,1847.5,1855.199951171875,728828,BHARTIARTL,BSE,yfinance,1d
2025-06-18,1843.199951171875,1870.5,1843.199951171875,1865.1500244140625,143251,BHARTIARTL,BSE,yfinance,1d
2025-06-19,1867.050048828125,1879.0,1865.1500244140625,1875.5999755859375,153990,BHARTIARTL,BSE,yfinance,1d
2025-06-20,1880.0,1949.0,1874.0,1936.949951171875,343803,BHARTIARTL,BSE,yfinance,1d
2025-06-23,1925.050048828125,1948.949951171875,1925.050048828125,1936.050048828125,73298,BHARTIARTL,BSE,yfinance,1d
2025-06-24,1954.9000244140625,1963.0,1929.0999755859375,1932.800048828125,837451,BHARTIARTL,BSE,yfinance,1d
2025-06-25,1937.6500244140625,1970.0,1937.6500244140625,1965.550048828125,61815,BHARTIARTL,BSE,yfinance,1d
2025-06-26,1981.9000244140625,2016.1500244140625,1966.300048828125,2014.199951171875,217640,BHARTIARTL,BSE,yfinance,1d
2025-06-27,2010.0,2038.5999755859375,2008.800048828125,2027.9000244140625,99236,BHARTIARTL,BSE,yfinance,1d
2025-06-30,2020.0,2022.0,2000.4000244140625,2009.4000244140625,83236,BHARTIARTL,BSE,yfinance,1d
2025-07-01,2008.0,2030.5,2008.0,2019.25,532081,BHARTIARTL,BSE,yfinance,1d
2025-07-02,2020.300048828125,2045.5,2019.25,2032.5999755859375,135783,BHARTIARTL,BSE,yfinance,1d
2025-07-03,2035.300048828125,2044.0999755859375,2013.75,2017.449951171875,19155,BHARTIARTL,BSE,yfinance,1d
2025-07-04,2029.8499755859375,2035.449951171875,2005.5,2017.449951171875,172220,BHARTIARTL,BSE,yfinance,1d
2025-07-07,2018.800048828125,2035.9000244140625,2011.0,2032.550048828125,110520,BHARTIARTL,BSE,yfinance,1d
2025-07-08,2032.550048828125,2035.5,2015.0,2030.300048828125,498551,BHARTIARTL,BSE,yfinance,1d
2025-07-09,2032.6500244140625,2039.800048828125,1999.0,2018.0,140003,BHARTIARTL,BSE,yfinance,1d
2025-07-10,2022.050048828125,2038.550048828125,1962.550048828125,1965.0999755859375,282457,BHARTIARTL,BSE,yfinance,1d
2025-07-11,1941.0,1961.0,1914.5,1921.9000244140625,198158,BHARTIARTL,BSE,yfinance,1d
2025-07-14,1915.0,1927.0,1900.800048828125,1922.449951171875,49486,BHARTIARTL,BSE,yfinance,1d
2025-07-15,1923.5,1943.0,1923.5,1934.699951171875,96274,BHARTIARTL,BSE,yfinance,1d
2025-07-16,1941.050048828125,1943.949951171875,1928.5,1936.449951171875,27547,BHARTIARTL,BSE,yfinance,1d
2025-07-17,1940.050048828125,1944.050048828125,1927.800048828125,1929.9000244140625,203851,BHARTIARTL,BSE,yfinance,1d
2025-07-18,1922.75,1922.75,1892.0,1901.050048828125,263291,BHARTIARTL,BSE,yfinance,1d
2025-07-21,1900.0999755859375,1919.699951171875,1892.0999755859375,1908.75,45571,BHARTIARTL,BSE,yfinance,1d
2025-07-22,1908.75,1910.949951171875,1883.0,1906.300048828125,44942,BHARTIARTL,BSE,yfinance,1d
2025-07-23,1918.0,1948.800048828125,1907.75,1943.3499755859375,61800,BHARTIARTL,BSE,yfinance,1d
2025-07-24,1952.75,1970.0,1934.0,1936.5999755859375,108084,BHARTIARTL,BSE,yfinance,1d
2025-07-25,1935.0,1952.4000244140625,1924.4000244140625,1937.5999755859375,738656,BHARTIARTL,BSE,yfinance,1d
2025-07-28,1937.5,1937.5,1885.0,1892.0999755859375,844095,BHARTIARTL,BSE,yfinance,1d
2025-07-29,1876.550048828125,1924.0,1876.550048828125,1918.0,334537,BHARTIARTL,BSE,yfinance,1d
2025-07-30,1925.0999755859375,1939.0,1922.449951171875,1931.1500244140625,261405,BHARTIARTL,BSE,yfinance,1d
2025-07-31,1902.6500244140625,1926.0999755859375,1896.0999755859375,1913.199951171875,626583,BHARTIARTL,BSE,yfinance,1d
2025-08-01,1914.0,1917.5,1878.25,1885.0999755859375,45723,BHARTIARTL,BSE,yfinance,1d
2025-08-04,1886.25,1919.9000244140625,1878.800048828125,1915.050048828125,49363,BHARTIARTL,BSE,yfinance,1d
2025-08-05,1915.050048828125,1937.9000244140625,1914.5,1929.75,89154,BHARTIARTL,BSE,yfinance,1d
2025-08-06,1935.9000244140625,1965.0,1921.8499755859375,1929.6500244140625,198494,BHARTIARTL,BSE,yfinance,1d
2025-08-07,1935.4000244140625,1935.4000244140625,1909.0,1924.3499755859375,54726,BHARTIARTL,BSE,yfinance,1d
2025-08-08,1888.0,1889.0,1855.300048828125,1858.699951171875,13419713,BHARTIARTL,BSE,yfinance,1d
2025-08-11,1862.0999755859375,1865.5999755859375,1846.300048828125,1857.050048828125,336382,BHARTIARTL,BSE,yfinance,1d
2025-08-12,1860.050048828125,1865.449951171875,1848.0,1850.1500244140625,205244,BHARTIARTL,BSE,yfinance,1d
2025-08-13,1855.199951171875,1872.25,1852.9000244140625,1868.0,986590,BHARTIARTL,BSE,yfinance,1d
2025-08-14,1875.0,1882.5,1869.0,1873.449951171875,50159,BHARTIARTL,BSE,yfinance,1d
2025-08-18,1882.8499755859375,1912.0,1868.0999755859375,1892.9000244140625,196749,BHARTIARTL,BSE,yfinance,1d
2025-08-19,1895.199951171875,1931.8499755859375,1895.199951171875,1909.5999755859375,301821,BHARTIARTL,BSE,yfinance,1d
2025-08-20,1936.050048828125,1951.0,1925.3499755859375,1928.199951171875,117422,BHARTIARTL,BSE,yfinance,1d
2025-08-21,1937.050048828125,1940.0,1928.050048828125,1930.1500244140625,23960,BHARTIARTL,BSE,yfinance,1d
2025-08-22,1931.550048828125,1947.0999755859375,1917.9000244140625,1932.9000244140625,105143,BHARTIARTL,BSE,yfinance,1d
2025-08-25,1942.050048828125,1942.050048828125,1913.4000244140625,1930.75,100618,BHARTIARTL,BSE,yfinance,1d
2025-08-26,1915.25,1930.0,1898.1500244140625,1905.4000244140625,562476,BHARTIARTL,BSE,yfinance,1d
2025-08-28,1895.0,1899.449951171875,1878.4000244140625,1881.199951171875,65785,BHARTIARTL,BSE,yfinance,1d
2025-08-29,1880.949951171875,1899.0999755859375,1875.0,1889.1500244140625,39210,BHARTIARTL,BSE,yfinance,1d
2025-09-01,1886.75,1904.8499755859375,1884.050048828125,1900.1500244140625,67808,BHARTIARTL,BSE,yfinance,1d
2025-09-02,1911.800048828125,1917.4000244140625,1877.699951171875,1888.75,78174,BHARTIARTL,BSE,yfinance,1d
2025-09-03,1888.75,1891.8499755859375,1869.050048828125,1883.699951171875,100452,BHARTIARTL,BSE,yfinance,1d
2025-09-04,1903.9000244140625,1903.9000244140625,1876.800048828125,1880.300048828125,391723,BHARTIARTL,BSE,yfinance,1d
2025-09-05,1889.8499755859375,1910.5,1876.0,1896.4000244140625,136711,BHARTIARTL,BSE,yfinance,1d
2025-09-08,1896.6500244140625,1899.4000244140625,1884.25,1887.0999755859375,73958,BHARTIARTL,BSE,yfinance,1d
2025-09-09,1887.9000244140625,1903.800048828125,1883.699951171875,1893.3499755859375,69469,BHARTIARTL,BSE,yfinance,1d
2025-09-10,1905.0,1905.25,1883.4000244140625,1890.699951171875,139837,BHARTIARTL,BSE,yfinance,1d
2025-09-11,1875.0999755859375,1916.3499755859375,1875.0999755859375,1912.75,475388,BHARTIARTL,BSE,yfinance,1d
2025-09-12,1916.800048828125,1925.300048828125,1901.0999755859375,1904.0999755859375,71177,BHARTIARTL,BSE,yfinance,1d
2025-09-15,1900.199951171875,1912.699951171875,1898.050048828125,1904.550048828125,175647,BHARTIARTL,BSE,yfinance,1d
2025-09-16,1902.3499755859375,1942.0,1902.0,1939.8499755859375,132205,BHARTIARTL,BSE,yfinance,1d
2025-09-17,1940.0,1949.9000244140625,1933.25,1941.0,124692,BHARTIARTL,BSE,yfinance,1d
2025-09-18,1944.9000244140625,1950.550048828125,1920.9000244140625,1942.0,471963,BHARTIARTL,BSE,yfinance,1d
2025-09-19,1934.75,1976.449951171875,1928.0,1962.3499755859375,157900,BHARTIARTL,BSE,yfinance,1d
2025-09-22,1955.5,1965.5999755859375,1945.25,1955.75,58342,BHARTIARTL,BSE,yfinance,1d
2025-09-23,1951.0,1954.3499755859375,1930.1500244140625,1939.0999755859375,75770,BHARTIARTL,BSE,yfinance,1d
2025-09-24,1925.0,1937.550048828125,1919.0,1930.050048828125,161510,BHARTIARTL,BSE,yfinance,1d
2025-09-25,1925.300048828125,1950.050048828125,1925.300048828125,1936.050048828125,425293,BHARTIARTL,BSE,yfinance,1d
2025-09-26,1930.050048828125,1941.699951171875,1911.5999755859375,1916.699951171875,213268,BHARTIARTL,BSE,yfinance,1d
2025-09-29,1918.5999755859375,1922.5999755859375,1897.25,1901.300048828125,100948,BHARTIARTL,BSE,yfinance,1d
2025-09-30,1895.0,1907.550048828125,1875.699951171875,1878.0,31489,BHARTIARTL,BSE,yfinance,1d
2025-10-01,1855.550048828125,1875.5999755859375,1855.550048828125,1867.3499755859375,384373,BHARTIARTL,BSE,yfinance,1d
2025-10-03,1849.949951171875,1900.5999755859375,1848.449951171875,1895.5999755859375,58328,BHARTIARTL,BSE,yfinance,1d
2025-10-06,1888.9000244140625,1906.800048828125,1888.550048828125,1902.550048828125,110682,BHARTIARTL,BSE,yfinance,1d
2025-10-07,1911.699951171875,1946.6500244140625,1901.0,1929.199951171875,183181,BHARTIARTL,BSE,yfinance,1d
2025-10-08,1933.6500244140625,1962.5,1928.9000244140625,1942.8499755859375,247730,BHARTIARTL,BSE,yfinance,1d
2025-10-09,1948.699951171875,1948.699951171875,1931.449951171875,1941.300048828125,406590,BHARTIARTL,BSE,yfinance,1d
2025-10-10,1940.9000244140625,1948.0,1935.0,1939.5999755859375,77116,BHARTIARTL,BSE,yfinance,1d
2025-10-13,1938.0,1966.1500244140625,1938.0,1955.050048828125,91113,BHARTIARTL,BSE,yfinance,1d
2025-10-14,1967.949951171875,1967.949951171875,1938.8499755859375,1946.199951171875,49886,BHARTIARTL,BSE,yfinance,1d
2025-10-15,1955.0,1975.949951171875,1952.4000244140625,1969.199951171875,176910,BHARTIARTL,BSE,yfinance,1d
2025-10-16,1966.0,1986.75,1961.300048828125,1967.0999755859375,372854,BHARTIARTL,BSE,yfinance,1d
2025-10-17,1967.449951171875,2033.550048828125,1967.449951171875,2011.949951171875,161616,BHARTIARTL,BSE,yfinance,1d
2025-10-20,2022.199951171875,2057.0,2020.0,2051.25,61612,BHARTIARTL,BSE,yfinance,1d
2025-10-21,2051.25,2051.25,2051.25,2051.25,0,BHARTIARTL,BSE,yfinance,1d
2025-10-23,2069.25,2069.25,2003.25,2008.3499755859375,871617,BHARTIARTL,BSE,yfinance,1d
2025-10-24,2005.4000244140625,2033.0,2005.4000244140625,2029.0999755859375,56173,BHARTIARTL,BSE,yfinance,1d
2025-10-27,2038.699951171875,2093.85009765625,2032.0,2081.050048828125,1418303,BHARTIARTL,BSE,yfinance,1d
2025-10-28,2084.10009765625,2103.39990234375,2072.0,2090.5,159740,BHARTIARTL,BSE,yfinance,1d
2025-10-29,2086.949951171875,2109.89990234375,2081.14990234375,2100.449951171875,155441,BHARTIARTL,BSE,yfinance,1d
2025-10-30,2068.050048828125,2087.5,2058.89990234375,2066.10009765625,242538,BHARTIARTL,BSE,yfinance,1d
2025-10-31,2065.5,2073.64990234375,2051.64990234375,2054.60009765625,41588,BHARTIARTL,BSE,yfinance,1d
2025-11-03,2056.60009765625,2080.39990234375,2046.550048828125,2073.75,93968,BHARTIARTL,BSE,yfinance,1d
2025-11-04,2100.0,2135.75,2100.0,2112.89990234375,297334,BHARTIARTL,BSE,yfinance,1d
2025-11-06,2114.5,2122.800048828125,2080.5,2094.60009765625,733095,BHARTIARTL,BSE,yfinance,1d
2025-11-07,2048.60009765625,2049.5,1995.800048828125,2001.0999755859375,1858254,BHARTIARTL,BSE,yfinance,1d
2025-11-10,1995.0,2027.449951171875,1994.0,2021.1500244140625,67953,BHARTIARTL,BSE,yfinance,1d
2025-11-11,2029.4000244140625,2056.199951171875,2019.1500244140625,2042.550048828125,1042136,BHARTIARTL,BSE,yfinance,1d
2025-11-12,2050.050048828125,2078.550048828125,2050.050048828125,2073.5,180105,BHARTIARTL,BSE,yfinance,1d
2025-11-13,2090.10009765625,2107.0,2078.550048828125,2092.14990234375,482662,BHARTIARTL,BSE,yfinance,1d
2025-11-14,2088.699951171875,2107.60009765625,2081.0,2098.699951171875,53860,BHARTIARTL,BSE,yfinance,1d
2025-11-17,2110.0,2122.0,2102.0,2112.199951171875,47762,BHARTIARTL,BSE,yfinance,1d
2025-11-18,2122.0,2159.0,2110.050048828125,2149.89990234375,134764,BHARTIARTL,BSE,yfinance,1d
2025-11-19,2151.14990234375,2165.89990234375,2146.5,2161.300048828125,175355,BHARTIARTL,BSE,yfinance,1d
2025-11-20,2155.0,2169.0,2149.39990234375,2159.449951171875,424508,BHARTIARTL,BSE,yfinance,1d
2025-11-21,2149.0,2174.699951171875,2148.35009765625,2162.85009765625,50952,BHARTIARTL,BSE,yfinance,1d
2025-11-24,2161.050048828125,2166.0,2139.25,2150.85009765625,86878,BHARTIARTL,BSE,yfinance,1d
2025-11-25,2161.0,2170.949951171875,2139.0,2160.75,206512,BHARTIARTL,BSE,yfinance,1d
2025-11-26,2105.0,2134.0,2100.0,2127.10009765625,658627,BHARTIARTL,BSE,yfinance,1d
2025-11-27,2130.0,2134.35009765625,2103.5,2115.949951171875,444496,BHARTIARTL,BSE,yfinance,1d
2025-11-28,2117.800048828125,2129.050048828125,2096.25,2101.050048828125,61011,BHARTIARTL,BSE,yfinance,1d
2025-12-01,2113.89990234375,2119.35009765625,2083.0,2089.60009765625,46165,BHARTIARTL,BSE,yfinance,1d
2025-12-02,2083.0,2114.5,2083.0,2101.85009765625,70868,BHARTIARTL,BSE,yfinance,1d
2025-12-03,2099.89990234375,2110.35009765625,2082.0,2086.10009765625,81413,BHARTIARTL,BSE,yfinance,1d
2025-12-04,2088.75,2108.75,2074.699951171875,2103.5,435861,BHARTIARTL,BSE,yfinance,1d
2025-12-05,2091.800048828125,2111.64990234375,2091.25,2107.699951171875,46562,BHARTIARTL,BSE,yfinance,1d
2025-12-08,2115.0,2115.0,2078.800048828125,2085.949951171875,65933,BHARTIARTL,BSE,yfinance,1d
2025-12-09,2085.0,2100.800048828125,2080.75,2087.60009765625,37634,BHARTIARTL,BSE,yfinance,1d
2025-12-10,2066.0,2096.5,2062.800048828125,2066.699951171875,134401,BHARTIARTL,BSE,yfinance,1d
2025-12-11,2061.199951171875,2068.449951171875,2038.0,2053.25,419443,BHARTIARTL,BSE,yfinance,1d
2025-12-12,2053.14990234375,2086.0,2052.550048828125,2083.35009765625,35898,BHARTIARTL,BSE,yfinance,1d
2025-12-15,2077.10009765625,2079.0,2062.0,2071.949951171875,19857,BHARTIARTL,BSE,yfinance,1d
2025-12-16,2071.949951171875,2106.0,2071.949951171875,2101.800048828125,84204,BHARTIARTL,BSE,yfinance,1d
2025-12-17,2120.5,2126.0,2096.5,2108.64990234375,80986,BHARTIARTL,BSE,yfinance,1d
2025-12-18,2108.800048828125,2116.0,2087.449951171875,2092.050048828125,650018,BHARTIARTL,BSE,yfinance,1d
2025-12-19,2104.39990234375,2116.699951171875,2082.5,2096.300048828125,226045,BHARTIARTL,BSE,yfinance,1d
2025-12-22,2116.050048828125,2151.5,2102.39990234375,2147.14990234375,95549,BHARTIARTL,BSE,yfinance,1d
2025-12-23,2164.89990234375,2164.89990234375,2119.300048828125,2122.39990234375,40842,BHARTIARTL,BSE,yfinance,1d
2025-12-24,2131.89990234375,2137.449951171875,2115.0,2123.75,137894,BHARTIARTL,BSE,yfinance,1d
2025-12-26,2124.0,2124.0,2101.800048828125,2105.699951171875,25826,BHARTIARTL,BSE,yfinance,1d
2025-12-29,2103.10009765625,2111.0,2079.0,2081.64990234375,92228,BHARTIARTL,BSE,yfinance,1d
2025-12-30,2077.550048828125,2102.050048828125,2074.050048828125,2099.85009765625,40548,BHARTIARTL,BSE,yfinance,1d
2025-12-31,2092.64990234375,2120.699951171875,2089.85009765625,2105.699951171875,76864,BHARTIARTL,BSE,yfinance,1d
2026-01-01,2107.75,2123.89990234375,2106.35009765625,2110.10009765625,228962,BHARTIARTL,BSE,yfinance,1d
2026-01-02,2110.10009765625,2124.5,2098.35009765625,2106.699951171875,33758,BHARTIARTL,BSE,yfinance,1d
2026-01-05,2106.25,2111.949951171875,2096.300048828125,2104.5,58550,BHARTIARTL,BSE,yfinance,1d
2026-01-06,2113.25,2121.0,2088.0,2105.949951171875,20738,BHARTIARTL,BSE,yfinance,1d
2026-01-07,2090.300048828125,2104.10009765625,2077.0,2084.050048828125,69052,BHARTIARTL,BSE,yfinance,1d
2026-01-08,2081.64990234375,2092.0,2055.25,2066.300048828125,259290,BHARTIARTL,BSE,yfinance,1d
2026-01-09,2067.050048828125,2084.14990234375,2023.300048828125,2027.300048828125,132978,BHARTIARTL,BSE,yfinance,1d
2026-01-12,2002.199951171875,2048.699951171875,2001.0,2043.6500244140625,206841,BHARTIARTL,BSE,yfinance,1d
2026-01-13,2040.050048828125,2049.949951171875,2015.0,2026.5,209335,BHARTIARTL,BSE,yfinance,1d
2026-01-14,2011.449951171875,2033.5999755859375,2008.3499755859375,2023.0,284491,BHARTIARTL,BSE,yfinance,1d
2026-01-16,2019.449951171875,2025.0,1989.800048828125,2016.0,302780,BHARTIARTL,BSE,yfinance,1d
2026-01-19,2017.0,2020.5,1997.5,2008.550048828125,110089,BHARTIARTL,BSE,yfinance,1d
2026-01-20,2010.8499755859375,2015.8499755859375,1977.25,1989.3499755859375,132503,BHARTIARTL,BSE,yfinance,1d
2026-01-21,1968.0,2006.5,1967.949951171875,1995.9000244140625,310504,BHARTIARTL,BSE,yfinance,1d
2026-01-22,2014.75,2019.449951171875,1989.6500244140625,2002.050048828125,694401,BHARTIARTL,BSE,yfinance,1d
2026-01-23,2019.0,2019.0,1980.4000244140625,1985.25,711974,BHARTIARTL,BSE,yfinance,1d
2026-01-27,1970.050048828125,2003.3499755859375,1962.449951171875,1971.699951171875,1527658,BHARTIARTL,BSE,yfinance,1d
2026-01-28,1980.449951171875,1994.3499755859375,1938.300048828125,1957.050048828125,831319,BHARTIARTL,BSE,yfinance,1d
2026-01-29,1960.9000244140625,1970.8499755859375,1939.5,1968.1500244140625,375960,BHARTIARTL,BSE,yfinance,1d
2026-01-30,1914.199951171875,1973.8499755859375,1914.1500244140625,1968.0999755859375,106751,BHARTIARTL,BSE,yfinance,1d
2026-02-02,1927.949951171875,1969.0999755859375,1927.949951171875,1965.5999755859375,39649,BHARTIARTL,BSE,yfinance,1d
2026-02-03,2020.550048828125,2040.0,1981.0,1997.25,212530,BHARTIARTL,BSE,yfinance,1d
2026-02-04,1990.0999755859375,2034.4000244140625,1990.0999755859375,2025.4000244140625,185630,BHARTIARTL,BSE,yfinance,1d
2026-02-05,2017.550048828125,2022.9000244140625,1985.0,1992.050048828125,233531,BHARTIARTL,BSE,yfinance,1d
2026-02-06,1997.0,2046.75,1990.0,2038.3499755859375,188634,BHARTIARTL,BSE,yfinance,1d
2026-02-09,2044.050048828125,2055.75,2029.5,2038.550048828125,84641,BHARTIARTL,BSE,yfinance,1d
2026-02-10,2050.25,2057.0,2008.0,2010.800048828125,1191121,BHARTIARTL,BSE,yfinance,1d
2026-02-11,2007.1500244140625,2020.75,1996.300048828125,2012.949951171875,243077,BHARTIARTL,BSE,yfinance,1d
2026-02-12,2012.25,2027.0,2009.449951171875,2015.0999755859375,946737,BHARTIARTL,BSE,yfinance,1d
2026-02-13,2019.8499755859375,2024.0999755859375,1995.0,2004.5999755859375,83122,BHARTIARTL,BSE,yfinance,1d
2026-02-16,2013.800048828125,2032.949951171875,1995.699951171875,2029.4000244140625,111627,BHARTIARTL,BSE,yfinance,1d
2026-02-17,2029.1500244140625,2037.9000244140625,2013.5,2019.75,160935,BHARTIARTL,BSE,yfinance,1d
2026-02-18,2019.75,2029.3499755859375,2015.0,2021.449951171875,110559,BHARTIARTL,BSE,yfinance,1d
2026-02-19,2038.8499755859375,2038.8499755859375,1975.8499755859375,1990.300048828125,300169,BHARTIARTL,BSE,yfinance,1d
2026-02-20,1980.3499755859375,1993.949951171875,1970.449951171875,1977.699951171875,224535,BHARTIARTL,BSE,yfinance,1d
2026-02-23,1986.550048828125,2000.9000244140625,1983.5,1997.1500244140625,150386,BHARTIARTL,BSE,yfinance,1d
2026-02-24,1997.1500244140625,1997.199951171875,1921.6500244140625,1940.699951171875,283592,BHARTIARTL,BSE,yfinance,1d
2026-02-25,1958.949951171875,1961.699951171875,1904.8499755859375,1913.6500244140625,1147648,BHARTIARTL,BSE,yfinance,1d
2026-02-26,1913.6500244140625,1934.5,1905.0999755859375,1928.5,482209,BHARTIARTL,BSE,yfinance,1d
2026-02-27,1914.949951171875,1914.949951171875,1870.3499755859375,1879.75,962248,BHARTIARTL,BSE,yfinance,1d
2026-03-02,1842.199951171875,1896.0,1842.199951171875,1873.3499755859375,626466,BHARTIARTL,BSE,yfinance,1d
2026-03-04,1850.050048828125,1919.3499755859375,1815.699951171875,1906.75,665684,BHARTIARTL,BSE,yfinance,1d
2026-03-05,1925.0,1929.25,1897.199951171875,1906.4000244140625,1901389,BHARTIARTL,BSE,yfinance,1d
2026-03-06,1906.0999755859375,1906.0999755859375,1867.0,1871.449951171875,90264,BHARTIARTL,BSE,yfinance,1d
2026-03-09,1825.699951171875,1872.1500244140625,1818.699951171875,1867.1500244140625,219856,BHARTIARTL,BSE,yfinance,1d
2026-03-10,1886.699951171875,1886.75,1846.449951171875,1851.1500244140625,174962,BHARTIARTL,BSE,yfinance,1d
2026-03-11,1848.3499755859375,1848.3499755859375,1800.550048828125,1806.0,668786,BHARTIARTL,BSE,yfinance,1d
2026-03-12,1799.9000244140625,1817.5,1791.050048828125,1800.800048828125,1801543,BHARTIARTL,BSE,yfinance,1d
2026-03-13,1789.0,1815.5999755859375,1780.0,1803.5999755859375,132133,BHARTIARTL,BSE,yfinance,1d
2026-03-16,1800.0,1804.800048828125,1771.6500244140625,1788.9000244140625,496789,BHARTIARTL,BSE,yfinance,1d
2026-03-17,1791.0,1833.699951171875,1791.0,1827.0,1617189,BHARTIARTL,BSE,yfinance,1d
2026-03-18,1834.699951171875,1869.0,1827.050048828125,1855.4000244140625,139368,BHARTIARTL,BSE,yfinance,1d
2026-03-19,1825.0,1861.6500244140625,1816.75,1829.1500244140625,854654,BHARTIARTL,BSE,yfinance,1d
2026-03-20,1835.0,1861.0,1835.0,1846.5,261075,BHARTIARTL,BSE,yfinance,1d
2026-03-23,1826.949951171875,1827.050048828125,1791.699951171875,1796.300048828125,155405,BHARTIARTL,BSE,yfinance,1d
2026-03-24,1819.949951171875,1825.0,1781.4000244140625,1803.5999755859375,396045,BHARTIARTL,BSE,yfinance,1d
2026-03-25,1804.1500244140625,1849.050048828125,1804.1500244140625,1835.4000244140625,1330629,BHARTIARTL,BSE,yfinance,1d
2026-03-27,1835.550048828125,1855.8499755859375,1819.0999755859375,1842.1500244140625,3613453,BHARTIARTL,BSE,yfinance,1d
2026-03-30,1815.0,1825.050048828125,1774.75,1784.300048828125,246002,BHARTIARTL,BSE,yfinance,1d
2026-04-01,1813.1500244140625,1815.050048828125,1777.0,1782.0,1685067,BHARTIARTL,BSE,yfinance,1d
2026-04-02,1766.4000244140625,1799.199951171875,1747.1500244140625,1789.550048828125,840365,BHARTIARTL,BSE,yfinance,1d
2026-04-06,1810.050048828125,1814.949951171875,1764.0,1792.4000244140625,317822,BHARTIARTL,BSE,yfinance,1d
2026-04-07,1791.949951171875,1837.5,1773.699951171875,1832.1500244140625,136814,BHARTIARTL,BSE,yfinance,1d
2026-04-08,1879.949951171875,1879.949951171875,1841.300048828125,1861.550048828125,347521,BHARTIARTL,BSE,yfinance,1d
2026-04-09,1867.949951171875,1867.949951171875,1845.25,1858.800048828125,1268838,BHARTIARTL,BSE,yfinance,1d
2026-04-10,1870.0,1874.5,1860.0,1870.0,76912,BHARTIARTL,BSE,yfinance,1d
2026-04-13,1832.6500244140625,1893.0,1832.6500244140625,1870.4000244140625,176865,BHARTIARTL,BSE,yfinance,1d
2026-04-15,1887.75,1890.0,1853.9000244140625,1855.550048828125,232197,BHARTIARTL,BSE,yfinance,1d
2026-04-16,1865.0,1865.0,1824.0,1840.3499755859375,1264222,BHARTIARTL,BSE,yfinance,1d
2026-04-17,1840.3499755859375,1851.550048828125,1830.199951171875,1846.550048828125,120423,BHARTIARTL,BSE,yfinance,1d
2026-04-20,1868.0,1868.0,1839.25,1845.050048828125,143836,BHARTIARTL,BSE,yfinance,1d
2026-04-21,1841.949951171875,1868.5,1835.0,1854.800048828125,129735,BHARTIARTL,BSE,yfinance,1d
2026-04-22,1872.949951171875,1872.949951171875,1826.5999755859375,1829.699951171875,61650,BHARTIARTL,BSE,yfinance,1d
2026-04-23,1825.949951171875,1845.4000244140625,1812.5,1840.6500244140625,618255,BHARTIARTL,BSE,yfinance,1d
2026-04-24,1849.8499755859375,1850.9000244140625,1807.300048828125,1814.699951171875,272214,BHARTIARTL,BSE,yfinance,1d
2026-04-27,1810.0999755859375,1829.199951171875,1810.0999755859375,1819.5,156992,BHARTIARTL,BSE,yfinance,1d
2026-04-28,1820.050048828125,1851.199951171875,1812.4000244140625,1845.449951171875,205630,BHARTIARTL,BSE,yfinance,1d
2026-04-29,1846.050048828125,1900.0,1846.0,1887.949951171875,315273,BHARTIARTL,BSE,yfinance,1d
2026-04-30,1869.949951171875,1906.5999755859375,1861.0999755859375,1886.050048828125,752989,BHARTIARTL,BSE,yfinance,1d
2026-05-04,1879.3499755859375,1895.0,1822.0,1826.9000244140625,230203,BHARTIARTL,BSE,yfinance,1d
2026-05-05,1827.0,1846.0,1801.550048828125,1807.25,215608,BHARTIARTL,BSE,yfinance,1d
2026-05-06,1816.0,1841.0,1814.199951171875,1833.4000244140625,236362,BHARTIARTL,BSE,yfinance,1d
2026-05-07,1839.0,1844.75,1822.050048828125,1826.449951171875,736542,BHARTIARTL,BSE,yfinance,1d
2026-05-08,1820.0,1840.800048828125,1815.199951171875,1834.9000244140625,153915,BHARTIARTL,BSE,yfinance,1d
2026-05-11,1819.75,1819.75,1754.9000244140625,1758.1500244140625,2925603,BHARTIARTL,BSE,yfinance,1d
2026-05-12,1754.9000244140625,1776.9000244140625,1752.050048828125,1756.75,898058,BHARTIARTL,BSE,yfinance,1d
2026-05-13,1756.5,1797.449951171875,1745.0,1788.0999755859375,457675,BHARTIARTL,BSE,yfinance,1d
2026-05-14,1832.75,1887.0,1797.300048828125,1883.25,1608902,BHARTIARTL,BSE,yfinance,1d
2026-05-15,1898.800048828125,1923.1500244140625,1882.0,1904.5999755859375,1340152,BHARTIARTL,BSE,yfinance,1d
2026-05-18,1909.3499755859375,1953.949951171875,1890.050048828125,1938.0999755859375,668590,BHARTIARTL,BSE,yfinance,1d
2026-05-19,1929.949951171875,1942.0,1908.0,1913.5999755859375,242651,BHARTIARTL,BSE,yfinance,1d
2026-05-20,1926.0,1926.0,1896.8499755859375,1902.550048828125,456821,BHARTIARTL,BSE,yfinance,1d
2026-05-21,1909.0,1915.550048828125,1880.9000244140625,1885.25,828322,BHARTIARTL,BSE,yfinance,1d
2026-05-22,1890.0,1897.4000244140625,1869.050048828125,1872.699951171875,169290,BHARTIARTL,BSE,yfinance,1d
2026-05-25,1890.0999755859375,1890.0999755859375,1862.449951171875,1875.050048828125,137104,BHARTIARTL,BSE,yfinance,1d
2026-05-26,1800.0,1874.9000244140625,1800.0,1846.6500244140625,139336,BHARTIARTL,BSE,yfinance,1d
2026-05-27,1846.8499755859375,1869.0,1840.5999755859375,1851.25,718758,BHARTIARTL,BSE,yfinance,1d
2026-05-28,1851.25,1851.25,1851.25,1851.25,0,BHARTIARTL,BSE,yfinance,1d
2026-05-29,1851.300048828125,1857.25,1818.199951171875,1829.699951171875,2466778,BHARTIARTL,BSE,yfinance,1d
2026-06-01,1826.25,1842.75,1804.0,1810.5,169501,BHARTIARTL,BSE,yfinance,1d
2026-06-02,1785.5999755859375,1825.0,1777.5,1813.9000244140625,274109,BHARTIARTL,BSE,yfinance,1d
2026-06-03,1837.800048828125,1837.8499755859375,1805.0,1824.3499755859375,145643,BHARTIARTL,BSE,yfinance,1d
2026-06-04,1810.1500244140625,1830.0,1797.800048828125,1818.3499755859375,345473,BHARTIARTL,BSE,yfinance,1d
2026-06-05,1828.9000244140625,1828.9000244140625,1790.9000244140625,1798.949951171875,130387,BHARTIARTL,BSE,yfinance,1d
2026-06-08,1775.25,1821.0,1774.0,1815.75,311330,BHARTIARTL,BSE,yfinance,1d
2026-06-09,1834.6500244140625,1835.8499755859375,1789.5,1797.9000244140625,428960,BHARTIARTL,BSE,yfinance,1d
2026-06-10,1810.3499755859375,1810.3499755859375,1772.699951171875,1775.4000244140625,142572,BHARTIARTL,BSE,yfinance,1d
2026-06-11,1769.050048828125,1795.9000244140625,1765.800048828125,1782.1500244140625,532565,BHARTIARTL,BSE,yfinance,1d
2026-06-12,1799.9000244140625,1824.949951171875,1786.0,1822.550048828125,407106,BHARTIARTL,BSE,yfinance,1d
2026-06-15,1835.0,1856.1500244140625,1815.1500244140625,1840.8499755859375,132213,BHARTIARTL,BSE,yfinance,1d
2026-06-16,1844.949951171875,1859.5,1837.5999755859375,1855.199951171875,144804,BHARTIARTL,BSE,yfinance,1d
2026-06-17,1853.0,1878.25,1841.449951171875,1875.5,972230,BHARTIARTL,BSE,yfinance,1d
2026-06-18,1875.75,1887.050048828125,1862.1500244140625,1874.800048828125,384317,BHARTIARTL,BSE,yfinance,1d
2026-06-19,1862.800048828125,1915.5999755859375,1862.800048828125,1908.5999755859375,297470,BHARTIARTL,BSE,yfinance,1d
2026-06-22,1917.75,1924.6500244140625,1902.449951171875,1916.949951171875,75012,BHARTIARTL,BSE,yfinance,1d
2026-06-23,1916.949951171875,1927.0,1895.5999755859375,1901.0999755859375,102122,BHARTIARTL,BSE,yfinance,1d
2026-06-24,1884.550048828125,1894.4000244140625,1873.050048828125,1877.0,126876,BHARTIARTL,BSE,yfinance,1d
2026-06-25,1896.0,1896.0,1846.8499755859375,1850.1500244140625,662464,BHARTIARTL,BSE,yfinance,1d
2026-06-26,1850.1500244140625,1850.1500244140625,1850.1500244140625,1850.1500244140625,0,BHARTIARTL,BSE,yfinance,1d
2026-06-29,1849.9000244140625,1850.0,1833.300048828125,1842.0999755859375,258511,BHARTIARTL,BSE,yfinance,1d
2026-06-30,1850.5,1876.9000244140625,1844.0,1852.050048828125,359453,BHARTIARTL,BSE,yfinance,1d
2026-07-01,1848.0,1887.25,1845.050048828125,1870.3499755859375,172206,BHARTIARTL,BSE,yfinance,1d
2026-07-02,1869.4000244140625,1884.1500244140625,1850.5,1876.050048828125,761145,BHARTIARTL,BSE,yfinance,1d
2026-07-03,1904.050048828125,1912.5,1883.8499755859375,1910.0999755859375,176812,BHARTIARTL,BSE,yfinance,1d
2026-07-06,1918.8499755859375,1932.6500244140625,1915.3499755859375,1925.050048828125,351978,BHARTIARTL,BSE,yfinance,1d
2026-07-07,1931.949951171875,1956.9000244140625,1917.6500244140625,1924.8499755859375,124812,BHARTIARTL,BSE,yfinance,1d
2026-07-08,1914.9000244140625,1924.4000244140625,1875.8499755859375,1889.8499755859375,121584,BHARTIARTL,BSE,yfinance,1d
2026-07-09,1899.050048828125,1965.0,1899.050048828125,1930.5,761325,BHARTIARTL,BSE,yfinance,1d
2026-07-10,1932.0999755859375,1932.1500244140625,1905.449951171875,1921.0999755859375,145873,BHARTIARTL,BSE,yfinance,1d
2026-07-13,1908.1500244140625,1915.449951171875,1896.300048828125,1901.6500244140625,205095,BHARTIARTL,BSE,yfinance,1d
2026-07-14,1898.5,1941.0,1890.0,1934.9000244140625,118603,BHARTIARTL,BSE,yfinance,1d
2026-07-15,1950.5999755859375,1950.949951171875,1915.9000244140625,1917.449951171875,220680,BHARTIARTL,BSE,yfinance,1d
2026-07-16,1930.050048828125,1936.3499755859375,1917.199951171875,1921.8499755859375,534935,BHARTIARTL,BSE,yfinance,1d
2026-07-17,1922.9000244140625,1925.5,1903.0,1908.75,118077,BHARTIARTL,BSE,yfinance,1d
2026-07-20,1910.199951171875,1943.5,1910.199951171875,1940.75,164817,BHARTIARTL,BSE,yfinance,1d
2026-07-21,1946.949951171875,1950.949951171875,1939.0,1948.449951171875,220495,BHARTIARTL,BSE,yfinance,1d
2026-07-22,1938.699951171875,1956.0,1938.699951171875,1950.050048828125,1670576,BHARTIARTL,BSE,yfinance,1d
2026-07-23,1936.050048828125,1948.9000244140625,1925.5999755859375,1931.1500244140625,1269433,BHARTIARTL,BSE,yfinance,1d
2026-07-24,1901.449951171875,1905.300048828125,1878.0,1899.0999755859375,131790,BHARTIARTL,BSE,yfinance,1d
2026-07-27,1908.199951171875,1916.0,1889.8499755859375,1904.800048828125,67075,BHARTIARTL,BSE,yfinance,1d
2026-07-28,1908.0,1908.0,1892.949951171875,1902.3499755859375,105741,BHARTIARTL,BSE,yfinance,1d
2026-07-29,1916.0,1957.0,1913.050048828125,1950.300048828125,394002,BHARTIARTL,BSE,yfinance,1d
2026-07-30,1951.1500244140625,1965.6500244140625,1943.800048828125,1955.75,361493,BHARTIARTL,BSE,yfinance,1d
2026-07-31,1959.4000244140625,1975.949951171875,1948.449951171875,1968.800048828125,84512,BHARTIARTL,BSE,yfinance,1d
2026-08-03,1987.949951171875,1987.949951171875,1943.4000244140625,1951.0,138264,BHARTIARTL,BSE,yfinance,1d
2026-08-04,1974.449951171875,1974.5,1940.9000244140625,1956.5,105790,BHARTIARTL,BSE,yfinance,1d
2026-08-05,2020.0,2027.199951171875,1951.800048828125,1962.0,391394,BHARTIARTL,BSE,yfinance,1d
2026-08-06,1973.9000244140625,1973.9000244140625,1943.300048828125,1964.0,764351,BHARTIARTL,BSE,yfinance,1d
2026-08-07,1935.0,1960.75,1935.0,1959.0,88756,BHARTIARTL,BSE,yfinance,1d
2026-08-10,1950.0,1959.0,1936.0,1947.0,43455,BHARTIARTL,BSE,yfinance,1d
2026-08-11,1912.949951171875,1939.699951171875,1905.0,1919.0,3433793,BHARTIARTL,BSE,yfinance,1d
2026-08-12,1909.0,1941.199951171875,1901.4000244140625,1941.199951171875,349120,BHARTIARTL,BSE,yfinance,1d
2026-08-13,1961.050048828125,1970.050048828125,1930.5,1942.9000244140625,1019315,BHARTIARTL,BSE,yfinance,1d
2026-08-14,1935.1500244140625,2005.6500244140625,1932.0,1992.0,702133,BHARTIARTL,BSE,yfinance,1d
