date,open,high,low,close,volume,symbol,exchange,source,interval
2021-08-16,430.0,434.0,424.0,424.8500061035156,17608693,SBIN,BSE,nse_dual_list,1d
2021-08-17,424.8500061035156,425.8500061035156,415.25,421.5,22957877,SBIN,BSE,nse_dual_list,1d
2021-08-18,422.1499938964844,424.3500061035156,418.0,419.7000122070313,17668574,SBIN,BSE,nse_dual_list,1d
2021-08-20,415.0,417.3500061035156,405.1499938964844,406.7000122070313,25541790,SBIN,BSE,nse_dual_list,1d
2021-08-23,411.1000061035156,413.0,401.25,409.5,26559937,SBIN,BSE,nse_dual_list,1d
2021-08-24,409.5,418.75,408.2000122070313,417.6000061035156,19012313,SBIN,BSE,nse_dual_list,1d
2021-08-25,419.0,421.2999877929688,414.2999877929688,416.25,16410980,SBIN,BSE,nse_dual_list,1d
2021-08-26,414.5,415.7999877929688,410.0,410.75,15897679,SBIN,BSE,nse_dual_list,1d
2021-08-27,410.3500061035156,414.3500061035156,407.5,412.4500122070313,15090541,SBIN,BSE,nse_dual_list,1d
2021-08-30,414.3999938964844,423.2999877929688,413.5,422.7000122070313,20308691,SBIN,BSE,nse_dual_list,1d
2021-08-31,423.8500061035156,427.0,418.7000122070313,426.0499877929688,26262421,SBIN,BSE,nse_dual_list,1d
2021-09-01,427.5,432.5499877929688,425.1499938964844,429.8999938964844,18776721,SBIN,BSE,nse_dual_list,1d
2021-09-02,431.3999938964844,433.5,427.75,429.75,14372717,SBIN,BSE,nse_dual_list,1d
2021-09-03,431.25,434.2999877929688,428.2000122070313,431.3999938964844,14233624,SBIN,BSE,nse_dual_list,1d
2021-09-06,432.0,433.8500061035156,430.0499877929688,431.0499877929688,10694099,SBIN,BSE,nse_dual_list,1d
2021-09-07,431.0499877929688,431.7000122070313,425.1000061035156,429.1000061035156,14928735,SBIN,BSE,nse_dual_list,1d
2021-09-08,429.0,435.3999938964844,427.3500061035156,431.3500061035156,22817464,SBIN,BSE,nse_dual_list,1d
2021-09-09,430.25,433.7999877929688,430.0,432.2999877929688,9662128,SBIN,BSE,nse_dual_list,1d
2021-09-13,430.1000061035156,433.7999877929688,428.7999877929688,432.8500061035156,9567921,SBIN,BSE,nse_dual_list,1d
2021-09-14,435.0,436.75,432.25,433.0,9981562,SBIN,BSE,nse_dual_list,1d
2021-09-15,433.0,445.0,431.4500122070313,443.8500061035156,22181568,SBIN,BSE,nse_dual_list,1d
2021-09-16,444.8500061035156,466.1000061035156,442.75,463.7000122070313,42637448,SBIN,BSE,nse_dual_list,1d
2021-09-17,468.0,471.8999938964844,450.3500061035156,454.1000061035156,41529478,SBIN,BSE,nse_dual_list,1d
2021-09-20,449.3999938964844,453.5,435.6499938964844,437.4500122070313,18376916,SBIN,BSE,nse_dual_list,1d
2021-09-21,440.1499938964844,441.3500061035156,432.6499938964844,438.7999877929688,17279588,SBIN,BSE,nse_dual_list,1d
2021-09-22,438.8999938964844,442.7999877929688,436.1000061035156,438.8500061035156,14321143,SBIN,BSE,nse_dual_list,1d
2021-09-23,442.3999938964844,451.1499938964844,442.0499877929688,449.7999877929688,20516770,SBIN,BSE,nse_dual_list,1d
2021-09-24,451.1000061035156,451.8999938964844,440.0,440.75,10731274,SBIN,BSE,nse_dual_list,1d
2021-09-27,444.8999938964844,450.5499877929688,442.25,446.6000061035156,11746892,SBIN,BSE,nse_dual_list,1d
2021-09-28,449.2000122070313,455.7999877929688,439.6000061035156,444.8999938964844,19241170,SBIN,BSE,nse_dual_list,1d
2021-09-29,441.8500061035156,462.2999877929688,439.1000061035156,460.0,38635938,SBIN,BSE,nse_dual_list,1d
2021-09-30,459.9500122070313,464.8999938964844,451.3999938964844,453.0,26530369,SBIN,BSE,nse_dual_list,1d
2021-10-01,448.5,455.5499877929688,443.7999877929688,451.6499938964844,14777309,SBIN,BSE,nse_dual_list,1d
2021-10-04,453.7999877929688,464.3999938964844,451.6000061035156,463.1499938964844,16246765,SBIN,BSE,nse_dual_list,1d
2021-10-05,462.0,469.0,458.7000122070313,464.7000122070313,16487568,SBIN,BSE,nse_dual_list,1d
2021-10-06,465.0,471.0,453.6499938964844,457.2000122070313,19056690,SBIN,BSE,nse_dual_list,1d
2021-10-07,462.1000061035156,464.0,457.1000061035156,457.8999938964844,9984651,SBIN,BSE,nse_dual_list,1d
2021-10-08,461.8999938964844,464.0,454.25,458.0,16521128,SBIN,BSE,nse_dual_list,1d
2021-10-11,460.0,474.9500122070313,458.6499938964844,469.25,20686981,SBIN,BSE,nse_dual_list,1d
2021-10-12,470.0,484.3999938964844,468.1000061035156,483.0,33763609,SBIN,BSE,nse_dual_list,1d
2021-10-13,486.1499938964844,486.1499938964844,478.0,481.7000122070313,17638983,SBIN,BSE,nse_dual_list,1d
2021-10-14,482.0,493.8999938964844,482.0,490.6000061035156,23431826,SBIN,BSE,nse_dual_list,1d
2021-10-18,494.0,501.0,491.7000122070313,497.9500122070313,20084248,SBIN,BSE,nse_dual_list,1d
2021-10-19,500.3500061035156,504.2000122070313,483.25,488.2000122070313,20645100,SBIN,BSE,nse_dual_list,1d
2021-10-20,488.7999877929688,507.5,483.1000061035156,499.8999938964844,34080545,SBIN,BSE,nse_dual_list,1d
2021-10-21,504.8999938964844,506.5,491.75,502.9500122070313,20808243,SBIN,BSE,nse_dual_list,1d
2021-10-22,504.6000061035156,508.7000122070313,500.0,502.9500122070313,24080485,SBIN,BSE,nse_dual_list,1d
2021-10-25,506.5,515.4500122070312,497.8500061035156,506.5,35619415,SBIN,BSE,nse_dual_list,1d
2021-10-26,507.6000061035156,518.2000122070312,507.6000061035156,512.5499877929688,21107457,SBIN,BSE,nse_dual_list,1d
2021-10-27,513.7000122070312,526.8499755859375,512.75,519.1500244140625,29463032,SBIN,BSE,nse_dual_list,1d
2021-10-28,519.5999755859375,520.5499877929688,497.6000061035156,501.3500061035156,28140401,SBIN,BSE,nse_dual_list,1d
2021-10-29,501.5,512.6500244140625,488.3999938964844,502.1499938964844,31355893,SBIN,BSE,nse_dual_list,1d
2021-11-01,508.5,516.9500122070312,501.0,515.7000122070312,20679604,SBIN,BSE,nse_dual_list,1d
2021-11-02,514.7999877929688,525.0,512.0499877929688,521.7000122070312,26797820,SBIN,BSE,nse_dual_list,1d
2021-11-03,524.0,542.2999877929688,515.2000122070312,527.6500244140625,80775924,SBIN,BSE,nse_dual_list,1d
2021-11-04,531.5,535.9000244140625,528.0499877929688,530.4500122070312,9796046,SBIN,BSE,nse_dual_list,1d
2021-11-08,534.4500122070312,534.4500122070312,516.4500122070312,523.25,36802110,SBIN,BSE,nse_dual_list,1d
2021-11-09,526.25,532.0,522.2000122070312,529.1500244140625,25451967,SBIN,BSE,nse_dual_list,1d
2021-11-10,525.5499877929688,528.5,521.5,524.4000244140625,15805538,SBIN,BSE,nse_dual_list,1d
2021-11-11,522.8499755859375,522.8499755859375,507.1000061035156,509.6000061035156,23086898,SBIN,BSE,nse_dual_list,1d
2021-11-12,512.0,513.0,502.7000122070313,511.3500061035156,19836221,SBIN,BSE,nse_dual_list,1d
2021-11-15,512.4000244140625,515.9000244140625,505.5,506.5499877929688,13328183,SBIN,BSE,nse_dual_list,1d
2021-11-16,507.3999938964844,507.3999938964844,493.5,495.1000061035156,19553216,SBIN,BSE,nse_dual_list,1d
2021-11-17,493.8500061035156,505.3999938964844,491.0,498.1499938964844,20488483,SBIN,BSE,nse_dual_list,1d
2021-11-18,499.1000061035156,506.2000122070313,492.2999877929688,503.7999877929688,22471070,SBIN,BSE,nse_dual_list,1d
2021-11-22,506.0,506.0,477.5,486.3999938964844,28800269,SBIN,BSE,nse_dual_list,1d
2021-11-23,485.25,495.3999938964844,480.0,493.0499877929688,20000371,SBIN,BSE,nse_dual_list,1d
2021-11-24,495.7999877929688,500.0,489.0499877929688,493.1499938964844,13963769,SBIN,BSE,nse_dual_list,1d
2021-11-25,490.0,495.4500122070313,486.2999877929688,490.5499877929688,12894211,SBIN,BSE,nse_dual_list,1d
2021-11-26,486.25,487.8999938964844,467.1000061035156,470.5,26305817,SBIN,BSE,nse_dual_list,1d
2021-11-29,470.0,477.75,454.2999877929688,465.1000061035156,22407465,SBIN,BSE,nse_dual_list,1d
2021-11-30,468.0,477.25,458.0,460.5499877929688,23026652,SBIN,BSE,nse_dual_list,1d
2021-12-01,464.4500122070313,477.25,464.0,475.2999877929688,17156956,SBIN,BSE,nse_dual_list,1d
2021-12-02,474.5,478.1499938964844,470.9500122070313,477.0,12962679,SBIN,BSE,nse_dual_list,1d
2021-12-03,475.75,481.5,470.0499877929688,473.1499938964844,16653993,SBIN,BSE,nse_dual_list,1d
2021-12-06,473.1499938964844,477.0,463.7999877929688,465.2999877929688,14353300,SBIN,BSE,nse_dual_list,1d
2021-12-07,469.2000122070313,479.7000122070313,469.2000122070313,476.7000122070313,13644942,SBIN,BSE,nse_dual_list,1d
2021-12-08,480.8999938964844,492.3999938964844,480.25,491.5499877929688,20397660,SBIN,BSE,nse_dual_list,1d
2021-12-09,492.2999877929688,493.5,486.1000061035156,488.6499938964844,12560970,SBIN,BSE,nse_dual_list,1d
2021-12-10,488.5,495.9500122070313,484.3999938964844,494.7000122070313,13261408,SBIN,BSE,nse_dual_list,1d
2021-12-13,497.75,500.4500122070313,486.3500061035156,487.7999877929688,14047645,SBIN,BSE,nse_dual_list,1d
2021-12-14,486.0,490.3500061035156,481.7999877929688,488.5499877929688,11642447,SBIN,BSE,nse_dual_list,1d
2021-12-15,490.0,491.0,483.5,484.7999877929688,8639835,SBIN,BSE,nse_dual_list,1d
2021-12-16,488.3500061035156,490.5499877929688,478.25,481.1499938964844,11107781,SBIN,BSE,nse_dual_list,1d
2021-12-17,480.0499877929688,481.3999938964844,466.5,467.7999877929688,12648603,SBIN,BSE,nse_dual_list,1d
2021-12-20,459.0,464.0,443.0,449.2000122070313,22336114,SBIN,BSE,nse_dual_list,1d
2021-12-21,457.0499877929688,458.25,444.5,446.0,16617447,SBIN,BSE,nse_dual_list,1d
2021-12-22,450.0,457.2999877929688,449.0,455.8500061035156,13102553,SBIN,BSE,nse_dual_list,1d
2021-12-23,461.0,465.0,457.75,461.7999877929688,14471377,SBIN,BSE,nse_dual_list,1d
2021-12-24,462.6000061035156,463.6000061035156,452.2000122070313,456.9500122070313,13221159,SBIN,BSE,nse_dual_list,1d
2021-12-27,453.7000122070313,460.5,450.5499877929688,458.0499877929688,8856482,SBIN,BSE,nse_dual_list,1d
2021-12-28,461.2000122070313,462.8999938964844,459.0499877929688,461.2000122070313,8832210,SBIN,BSE,nse_dual_list,1d
2021-12-29,461.0,462.1499938964844,451.3999938964844,454.3999938964844,11757303,SBIN,BSE,nse_dual_list,1d
2021-12-30,452.75,454.8999938964844,448.5,451.7000122070313,28879190,SBIN,BSE,nse_dual_list,1d
2021-12-31,454.25,461.3999938964844,453.1000061035156,460.4500122070313,10005842,SBIN,BSE,nse_dual_list,1d
2022-01-03,462.0,472.0,460.1000061035156,470.7999877929688,13124509,SBIN,BSE,nse_dual_list,1d
2022-01-04,472.5,484.7000122070313,471.0499877929688,483.5,23296671,SBIN,BSE,nse_dual_list,1d
2022-01-05,481.8999938964844,495.0,479.1499938964844,492.3999938964844,24694169,SBIN,BSE,nse_dual_list,1d
2022-01-06,487.7000122070313,494.3999938964844,485.3999938964844,491.7000122070313,18190843,SBIN,BSE,nse_dual_list,1d
2022-01-07,493.4500122070313,501.9500122070313,489.4500122070313,491.25,22746330,SBIN,BSE,nse_dual_list,1d
2022-01-10,493.3500061035156,504.9500122070313,492.5,503.6499938964844,15832274,SBIN,BSE,nse_dual_list,1d
2022-01-11,503.0,507.7999877929688,499.25,505.9500122070313,16107950,SBIN,BSE,nse_dual_list,1d
2022-01-12,509.8999938964844,513.5,508.5,510.25,14489616,SBIN,BSE,nse_dual_list,1d
2022-01-13,510.0,512.8499755859375,507.0,511.3500061035156,10450974,SBIN,BSE,nse_dual_list,1d
2022-01-14,509.0,510.3500061035156,505.1499938964844,508.3500061035156,8724574,SBIN,BSE,nse_dual_list,1d
2022-01-17,508.0,518.9000244140625,507.5499877929688,514.0,17422211,SBIN,BSE,nse_dual_list,1d
2022-01-18,514.0,517.4500122070312,505.0,506.7999877929688,12592506,SBIN,BSE,nse_dual_list,1d
2022-01-19,505.0,517.6500244140625,500.2999877929688,515.7999877929688,16079457,SBIN,BSE,nse_dual_list,1d
2022-01-20,516.0,519.1500244140625,508.0,511.3999938964844,17724642,SBIN,BSE,nse_dual_list,1d
2022-01-21,505.2999877929688,507.5,498.0,502.7000122070313,16947941,SBIN,BSE,nse_dual_list,1d
2022-01-24,502.3999938964844,506.7999877929688,488.0,494.1499938964844,20233933,SBIN,BSE,nse_dual_list,1d
2022-01-25,490.0,517.5,489.0,514.6500244140625,21791739,SBIN,BSE,nse_dual_list,1d
2022-01-27,503.5499877929688,530.8499755859375,503.2000122070313,528.9500122070312,35409230,SBIN,BSE,nse_dual_list,1d
2022-01-28,534.0,536.4000244140625,521.4000244140625,523.4500122070312,24715250,SBIN,BSE,nse_dual_list,1d
2022-01-31,529.0,540.9000244140625,527.0499877929688,538.2999877929688,28674232,SBIN,BSE,nse_dual_list,1d
2022-02-01,543.9500122070312,543.9500122070312,520.0,532.2999877929688,32245356,SBIN,BSE,nse_dual_list,1d
2022-02-02,536.6500244140625,544.25,531.3499755859375,539.7999877929688,21661864,SBIN,BSE,nse_dual_list,1d
2022-02-03,537.1500244140625,544.7000122070312,537.1500244140625,540.0999755859375,22717677,SBIN,BSE,nse_dual_list,1d
2022-02-04,542.1500244140625,546.4000244140625,527.2999877929688,530.2999877929688,25332894,SBIN,BSE,nse_dual_list,1d
2022-02-07,531.9000244140625,549.0,525.25,533.25,52289545,SBIN,BSE,nse_dual_list,1d
2022-02-08,535.5,537.6500244140625,519.0,531.3499755859375,26567546,SBIN,BSE,nse_dual_list,1d
2022-02-09,534.9500122070312,536.5,527.75,535.25,14856155,SBIN,BSE,nse_dual_list,1d
2022-02-10,537.0999755859375,543.9500122070312,534.4000244140625,540.5499877929688,18659370,SBIN,BSE,nse_dual_list,1d
2022-02-11,536.25,537.7000122070312,527.0999755859375,529.5999755859375,14607095,SBIN,BSE,nse_dual_list,1d
2022-02-14,515.0,515.5999755859375,499.7000122070313,501.3999938964844,26153332,SBIN,BSE,nse_dual_list,1d
2022-02-15,502.0,526.8499755859375,497.1000061035156,524.7999877929688,23842951,SBIN,BSE,nse_dual_list,1d
2022-02-16,526.5,528.0,514.0,516.7000122070312,19773807,SBIN,BSE,nse_dual_list,1d
2022-02-17,520.0,520.0,511.1499938964844,512.9500122070312,16408356,SBIN,BSE,nse_dual_list,1d
2022-02-18,510.1000061035156,520.9000244140625,510.1000061035156,515.2999877929688,15111223,SBIN,BSE,nse_dual_list,1d
2022-02-21,511.5499877929688,517.5,504.6499938964844,511.8500061035156,16866932,SBIN,BSE,nse_dual_list,1d
2022-02-22,500.8999938964844,505.2999877929688,495.5,498.3999938964844,27108772,SBIN,BSE,nse_dual_list,1d
2022-02-23,503.0,505.3500061035156,497.25,498.7000122070313,13899433,SBIN,BSE,nse_dual_list,1d
2022-02-24,480.0,487.9500122070313,468.0,472.6499938964844,32356037,SBIN,BSE,nse_dual_list,1d
2022-02-25,480.0,491.8999938964844,479.2999877929688,482.9500122070313,21792287,SBIN,BSE,nse_dual_list,1d
2022-02-28,476.8999938964844,485.2999877929688,473.1000061035156,483.2000122070313,18069367,SBIN,BSE,nse_dual_list,1d
2022-03-02,478.0,479.7999877929688,467.0,474.25,22003848,SBIN,BSE,nse_dual_list,1d
2022-03-03,480.0,483.3999938964844,464.6000061035156,467.3999938964844,20358590,SBIN,BSE,nse_dual_list,1d
2022-03-04,460.2999877929688,470.8999938964844,457.6499938964844,461.9500122070313,20684268,SBIN,BSE,nse_dual_list,1d
2022-03-07,447.5,453.9500122070313,433.4500122070313,440.2999877929688,33720472,SBIN,BSE,nse_dual_list,1d
2022-03-08,438.0,442.1000061035156,425.0,440.2999877929688,42510207,SBIN,BSE,nse_dual_list,1d
2022-03-09,442.0,454.2999877929688,438.5499877929688,451.7000122070313,32331325,SBIN,BSE,nse_dual_list,1d
2022-03-10,469.8999938964844,476.6499938964844,461.6499938964844,468.7000122070313,34553299,SBIN,BSE,nse_dual_list,1d
2022-03-11,466.3999938964844,474.7999877929688,462.0,470.3500061035156,22091309,SBIN,BSE,nse_dual_list,1d
2022-03-14,471.0,486.0,470.5499877929688,485.1499938964844,27750689,SBIN,BSE,nse_dual_list,1d
2022-03-15,489.0,490.5,480.6499938964844,485.8500061035156,27204899,SBIN,BSE,nse_dual_list,1d
2022-03-16,493.0,494.2999877929688,489.3999938964844,492.75,16211288,SBIN,BSE,nse_dual_list,1d
2022-03-17,499.0,503.5,498.2999877929688,501.8999938964844,22947673,SBIN,BSE,nse_dual_list,1d
2022-03-21,502.0,502.0,489.0,490.6000061035156,19064060,SBIN,BSE,nse_dual_list,1d
2022-03-22,490.6000061035156,495.7999877929688,477.25,493.7000122070313,26157969,SBIN,BSE,nse_dual_list,1d
2022-03-23,498.5,502.3999938964844,489.2000122070313,490.6499938964844,15800195,SBIN,BSE,nse_dual_list,1d
2022-03-24,485.0,494.7999877929688,483.5,487.1000061035156,18174877,SBIN,BSE,nse_dual_list,1d
2022-03-25,491.75,493.2999877929688,486.6000061035156,490.7000122070313,11541196,SBIN,BSE,nse_dual_list,1d
2022-03-28,490.9500122070313,498.6000061035156,481.9500122070313,497.5,16738684,SBIN,BSE,nse_dual_list,1d
2022-03-29,500.0,501.3999938964844,491.7000122070313,495.0,14301429,SBIN,BSE,nse_dual_list,1d
2022-03-30,499.2999877929688,500.3999938964844,492.2999877929688,494.2999877929688,16461225,SBIN,BSE,nse_dual_list,1d
2022-03-31,494.2999877929688,497.5499877929688,492.2000122070313,493.5499877929688,10240982,SBIN,BSE,nse_dual_list,1d
2022-04-01,491.0,509.75,491.0,508.2000122070313,18527226,SBIN,BSE,nse_dual_list,1d
2022-04-04,509.2999877929688,514.9000244140625,506.0,512.4000244140625,16257176,SBIN,BSE,nse_dual_list,1d
2022-04-05,514.4000244140625,516.4000244140625,507.7000122070313,509.3999938964844,13602384,SBIN,BSE,nse_dual_list,1d
2022-04-06,507.0,515.2000122070312,506.0,513.9500122070312,13738275,SBIN,BSE,nse_dual_list,1d
2022-04-07,510.0499877929688,519.9000244140625,510.0499877929688,514.9500122070312,19620958,SBIN,BSE,nse_dual_list,1d
2022-04-08,519.5,519.5,512.3499755859375,516.0999755859375,13572638,SBIN,BSE,nse_dual_list,1d
2022-04-11,513.5,522.0,513.2000122070312,514.9000244140625,12370288,SBIN,BSE,nse_dual_list,1d
2022-04-12,512.75,516.7000122070312,504.3500061035156,512.8499755859375,14460680,SBIN,BSE,nse_dual_list,1d
2022-04-13,514.2999877929688,520.9000244140625,513.75,517.7000122070312,15440525,SBIN,BSE,nse_dual_list,1d
2022-04-18,512.0,515.0,504.0,509.5,14492183,SBIN,BSE,nse_dual_list,1d
2022-04-19,513.25,520.9500122070312,505.1000061035156,511.7999877929688,20362934,SBIN,BSE,nse_dual_list,1d
2022-04-20,512.0,513.7000122070312,507.0,509.2999877929688,11881305,SBIN,BSE,nse_dual_list,1d
2022-04-21,513.4000244140625,518.0,512.2000122070312,516.2999877929688,10035638,SBIN,BSE,nse_dual_list,1d
2022-04-22,512.9000244140625,513.5,499.0,500.6000061035156,16760456,SBIN,BSE,nse_dual_list,1d
2022-04-25,495.0,499.2000122070313,490.0499877929688,494.75,14057444,SBIN,BSE,nse_dual_list,1d
2022-04-26,499.0,507.8999938964844,498.4500122070313,505.5,12137213,SBIN,BSE,nse_dual_list,1d
2022-04-27,500.0,502.7999877929688,491.8500061035156,497.25,12367342,SBIN,BSE,nse_dual_list,1d
2022-04-28,499.1499938964844,510.0,496.5,507.5,12154792,SBIN,BSE,nse_dual_list,1d
2022-04-29,508.1000061035156,512.5,494.0,496.2999877929688,12894773,SBIN,BSE,nse_dual_list,1d
2022-05-02,492.6499938964844,495.0,481.2999877929688,491.0,18590895,SBIN,BSE,nse_dual_list,1d
2022-05-04,492.0,496.4500122070313,477.5,479.6499938964844,14645323,SBIN,BSE,nse_dual_list,1d
2022-05-05,485.0,494.0,478.6499938964844,480.0,14130385,SBIN,BSE,nse_dual_list,1d
2022-05-06,471.0,486.1000061035156,471.0,483.9500122070313,16710020,SBIN,BSE,nse_dual_list,1d
2022-05-09,477.1000061035156,483.7000122070313,473.7999877929688,475.8999938964844,13544947,SBIN,BSE,nse_dual_list,1d
2022-05-10,477.0,482.5499877929688,473.5,475.2000122070313,10884328,SBIN,BSE,nse_dual_list,1d
2022-05-11,475.25,479.0,463.6499938964844,476.5499877929688,14771351,SBIN,BSE,nse_dual_list,1d
2022-05-12,473.0,473.0,456.3500061035156,462.6499938964844,18947096,SBIN,BSE,nse_dual_list,1d
2022-05-13,469.4500122070313,477.0,439.75,444.6499938964844,61403008,SBIN,BSE,nse_dual_list,1d
2022-05-16,445.0,461.5,438.8500061035156,455.0,27940958,SBIN,BSE,nse_dual_list,1d
2022-05-17,458.2999877929688,469.6499938964844,456.1499938964844,467.2999877929688,16880698,SBIN,BSE,nse_dual_list,1d
2022-05-18,467.8999938964844,468.6000061035156,457.1000061035156,458.0,15644497,SBIN,BSE,nse_dual_list,1d
2022-05-19,449.0499877929688,450.0,444.4500122070313,447.5,14201420,SBIN,BSE,nse_dual_list,1d
2022-05-20,454.8500061035156,464.0,454.1499938964844,462.3999938964844,13596860,SBIN,BSE,nse_dual_list,1d
2022-05-23,463.1000061035156,471.3999938964844,459.5,460.8999938964844,13499415,SBIN,BSE,nse_dual_list,1d
2022-05-24,462.3999938964844,466.7999877929688,460.2000122070313,462.0499877929688,17175179,SBIN,BSE,nse_dual_list,1d
2022-05-25,461.0,464.4500122070313,452.0499877929688,454.1000061035156,12728644,SBIN,BSE,nse_dual_list,1d
2022-05-26,456.8500061035156,470.1000061035156,452.5,468.8999938964844,17055257,SBIN,BSE,nse_dual_list,1d
2022-05-27,471.3999938964844,475.0,467.5,468.9500122070313,10977001,SBIN,BSE,nse_dual_list,1d
2022-05-30,473.0,476.8999938964844,471.1000061035156,474.6000061035156,9365470,SBIN,BSE,nse_dual_list,1d
2022-05-31,474.0,476.3999938964844,465.0,468.1000061035156,15441579,SBIN,BSE,nse_dual_list,1d
2022-06-01,468.0,472.0,464.7000122070313,468.2999877929688,9424008,SBIN,BSE,nse_dual_list,1d
2022-06-02,466.8999938964844,472.3500061035156,466.1499938964844,469.8500061035156,9370989,SBIN,BSE,nse_dual_list,1d
2022-06-03,473.25,475.5,463.5,464.5,11306291,SBIN,BSE,nse_dual_list,1d
2022-06-06,464.2000122070313,465.6000061035156,456.5,463.7000122070313,10661432,SBIN,BSE,nse_dual_list,1d
2022-06-07,461.8500061035156,465.9500122070313,460.5,463.3999938964844,7672515,SBIN,BSE,nse_dual_list,1d
2022-06-08,466.6000061035156,475.5499877929688,463.2000122070313,471.2999877929688,17168871,SBIN,BSE,nse_dual_list,1d
2022-06-09,468.9500122070313,470.8999938964844,462.4500122070313,466.9500122070313,12635601,SBIN,BSE,nse_dual_list,1d
2022-06-10,462.0,464.1499938964844,458.6000061035156,461.8500061035156,8621104,SBIN,BSE,nse_dual_list,1d
2022-06-13,454.0,454.0499877929688,442.1000061035156,445.8500061035156,13426836,SBIN,BSE,nse_dual_list,1d
2022-06-14,445.0,449.25,443.3500061035156,448.1000061035156,11351101,SBIN,BSE,nse_dual_list,1d
2022-06-15,448.9500122070313,455.4500122070313,448.6000061035156,451.3500061035156,9920926,SBIN,BSE,nse_dual_list,1d
2022-06-16,455.1499938964844,457.75,440.1499938964844,441.6000061035156,10780703,SBIN,BSE,nse_dual_list,1d
2022-06-17,440.0,447.5499877929688,437.25,441.0,14326050,SBIN,BSE,nse_dual_list,1d
2022-06-20,441.5,443.4500122070313,430.7000122070313,434.7000122070313,12368534,SBIN,BSE,nse_dual_list,1d
2022-06-21,439.5,454.9500122070313,437.6000061035156,450.75,13801891,SBIN,BSE,nse_dual_list,1d
2022-06-22,448.75,451.2000122070313,444.6499938964844,447.6499938964844,11066447,SBIN,BSE,nse_dual_list,1d
2022-06-23,449.0,456.4500122070313,446.0,451.3999938964844,12229833,SBIN,BSE,nse_dual_list,1d
2022-06-24,455.7999877929688,460.3500061035156,453.2000122070313,454.25,10833364,SBIN,BSE,nse_dual_list,1d
2022-06-27,459.9500122070313,464.8500061035156,458.0499877929688,461.2000122070313,9509175,SBIN,BSE,nse_dual_list,1d
2022-06-28,458.8999938964844,465.75,458.0,464.25,13261290,SBIN,BSE,nse_dual_list,1d
2022-06-29,460.0,462.7000122070313,458.0,459.1000061035156,11800876,SBIN,BSE,nse_dual_list,1d
2022-06-30,459.0,469.2999877929688,458.6000061035156,465.8999938964844,16926328,SBIN,BSE,nse_dual_list,1d
2022-07-01,463.3500061035156,468.7999877929688,460.5499877929688,466.8500061035156,9405495,SBIN,BSE,nse_dual_list,1d
2022-07-04,466.8500061035156,474.1499938964844,466.8500061035156,473.4500122070313,9186358,SBIN,BSE,nse_dual_list,1d
2022-07-05,475.1499938964844,480.0,471.0,472.1499938964844,12003244,SBIN,BSE,nse_dual_list,1d
2022-07-06,475.1499938964844,481.0,473.8999938964844,479.9500122070313,12059857,SBIN,BSE,nse_dual_list,1d
2022-07-07,484.0,488.25,481.6000061035156,486.75,11497832,SBIN,BSE,nse_dual_list,1d
2022-07-08,489.0,489.8999938964844,485.1499938964844,488.5499877929688,9057231,SBIN,BSE,nse_dual_list,1d
2022-07-11,485.0,491.2999877929688,485.0,488.2000122070313,7704792,SBIN,BSE,nse_dual_list,1d
2022-07-12,485.0,491.3500061035156,483.1000061035156,484.9500122070313,7364457,SBIN,BSE,nse_dual_list,1d
2022-07-13,487.75,492.4500122070313,484.5499877929688,486.5,8208853,SBIN,BSE,nse_dual_list,1d
2022-07-14,486.6000061035156,488.8999938964844,476.7999877929688,479.3500061035156,9385630,SBIN,BSE,nse_dual_list,1d
2022-07-15,482.5499877929688,484.3999938964844,474.7000122070313,479.1000061035156,6945602,SBIN,BSE,nse_dual_list,1d
2022-07-18,484.5499877929688,491.5,482.1000061035156,490.2999877929688,9934786,SBIN,BSE,nse_dual_list,1d
2022-07-19,488.0,498.5499877929688,488.0,497.9500122070313,11724183,SBIN,BSE,nse_dual_list,1d
2022-07-20,501.0,510.6000061035156,500.3999938964844,508.6000061035156,19280117,SBIN,BSE,nse_dual_list,1d
2022-07-21,509.7999877929688,513.4000244140625,506.75,512.0499877929688,13814893,SBIN,BSE,nse_dual_list,1d
2022-07-22,513.4500122070312,520.2000122070312,511.2000122070313,513.7000122070312,14699129,SBIN,BSE,nse_dual_list,1d
2022-07-25,513.4000244140625,519.0,509.1499938964844,517.7999877929688,10229778,SBIN,BSE,nse_dual_list,1d
2022-07-26,517.7000122070312,520.7999877929688,513.0999755859375,514.2000122070312,8862656,SBIN,BSE,nse_dual_list,1d
2022-07-27,515.2999877929688,529.9500122070312,512.25,528.2000122070312,15101546,SBIN,BSE,nse_dual_list,1d
2022-07-28,533.2000122070312,537.5,529.5499877929688,532.4500122070312,12160734,SBIN,BSE,nse_dual_list,1d
2022-07-29,535.0499877929688,537.0,526.75,528.3499755859375,11921058,SBIN,BSE,nse_dual_list,1d
2022-08-01,529.0499877929688,535.0,526.4000244140625,533.75,8295631,SBIN,BSE,nse_dual_list,1d
2022-08-02,531.9000244140625,544.9000244140625,531.0999755859375,542.0999755859375,16845027,SBIN,BSE,nse_dual_list,1d
2022-08-03,541.9000244140625,546.4000244140625,534.6500244140625,540.8499755859375,24262125,SBIN,BSE,nse_dual_list,1d
2022-08-04,543.6500244140625,544.0,524.2000122070312,533.25,18072293,SBIN,BSE,nse_dual_list,1d
2022-08-05,535.5499877929688,542.9000244140625,529.0,531.0499877929688,21110734,SBIN,BSE,nse_dual_list,1d
2022-08-08,524.0,524.0,513.8499755859375,520.4000244140625,32566317,SBIN,BSE,nse_dual_list,1d
2022-08-10,521.5499877929688,523.5,513.4000244140625,514.7000122070312,16904151,SBIN,BSE,nse_dual_list,1d
2022-08-11,520.0,526.0,517.2000122070312,524.75,13862195,SBIN,BSE,nse_dual_list,1d
2022-08-12,525.7000122070312,531.7999877929688,525.1500244140625,530.7000122070312,12154012,SBIN,BSE,nse_dual_list,1d
2022-08-16,533.2999877929688,533.8499755859375,525.0,525.9500122070312,10721167,SBIN,BSE,nse_dual_list,1d
2022-08-17,528.8499755859375,530.5499877929688,524.3499755859375,528.1500244140625,12054183,SBIN,BSE,nse_dual_list,1d
2022-08-18,526.8499755859375,534.7999877929688,526.2000122070312,532.3499755859375,9013662,SBIN,BSE,nse_dual_list,1d
2022-08-19,532.0,533.6500244140625,518.5,520.3499755859375,11087222,SBIN,BSE,nse_dual_list,1d
2022-08-22,519.0,519.9000244140625,510.0,511.2999877929688,9676954,SBIN,BSE,nse_dual_list,1d
2022-08-23,508.25,524.0,508.25,521.9000244140625,8597965,SBIN,BSE,nse_dual_list,1d
2022-08-24,519.0,523.0,512.2999877929688,519.2999877929688,11930650,SBIN,BSE,nse_dual_list,1d
2022-08-25,521.9500122070312,528.2999877929688,518.5,520.4000244140625,15473450,SBIN,BSE,nse_dual_list,1d
2022-08-26,523.7999877929688,529.5,522.2000122070312,523.7999877929688,12855886,SBIN,BSE,nse_dual_list,1d
2022-08-29,511.2999877929688,517.0,508.75,514.8499755859375,9421339,SBIN,BSE,nse_dual_list,1d
2022-08-30,518.2000122070312,532.5,517.9500122070312,531.25,14835308,SBIN,BSE,nse_dual_list,1d
2022-09-01,522.25,540.9000244140625,522.25,533.2999877929688,16670228,SBIN,BSE,nse_dual_list,1d
2022-09-02,537.0,537.8499755859375,531.25,536.7000122070312,10017930,SBIN,BSE,nse_dual_list,1d
2022-09-05,537.0,540.7999877929688,536.2999877929688,538.9000244140625,7819994,SBIN,BSE,nse_dual_list,1d
2022-09-06,538.0,542.7000122070312,534.0999755859375,537.7999877929688,8657868,SBIN,BSE,nse_dual_list,1d
2022-09-07,534.4000244140625,537.4500122070312,531.5499877929688,532.8499755859375,8445359,SBIN,BSE,nse_dual_list,1d
2022-09-08,536.0,546.2999877929688,535.5,544.6500244140625,12240707,SBIN,BSE,nse_dual_list,1d
2022-09-09,549.6500244140625,557.0,548.0,553.3499755859375,18587927,SBIN,BSE,nse_dual_list,1d
2022-09-12,554.9000244140625,558.5999755859375,551.25,554.9000244140625,9677415,SBIN,BSE,nse_dual_list,1d
2022-09-13,560.0,560.0,553.75,558.0,16707275,SBIN,BSE,nse_dual_list,1d
2022-09-14,550.0,574.8499755859375,549.25,571.75,21632641,SBIN,BSE,nse_dual_list,1d
2022-09-15,572.5499877929688,578.5,567.9000244140625,572.1500244140625,12749947,SBIN,BSE,nse_dual_list,1d
2022-09-16,569.0999755859375,574.0,560.2999877929688,561.7999877929688,14739280,SBIN,BSE,nse_dual_list,1d
2022-09-19,560.7000122070312,574.4000244140625,559.5499877929688,572.25,11194003,SBIN,BSE,nse_dual_list,1d
2022-09-20,577.9500122070312,577.9500122070312,572.8499755859375,574.0499877929688,8484017,SBIN,BSE,nse_dual_list,1d
2022-09-21,575.0,577.2999877929688,565.4000244140625,569.7000122070312,9392526,SBIN,BSE,nse_dual_list,1d
2022-09-22,566.75,574.0,562.0,567.2999877929688,11869435,SBIN,BSE,nse_dual_list,1d
2022-09-23,564.7999877929688,568.0,549.5,550.5999755859375,12563239,SBIN,BSE,nse_dual_list,1d
2022-09-26,545.7999877929688,549.0,533.0,543.2999877929688,16158750,SBIN,BSE,nse_dual_list,1d
2022-09-27,544.5499877929688,550.9000244140625,533.2000122070312,536.5,11066799,SBIN,BSE,nse_dual_list,1d
2022-09-28,532.9000244140625,539.7999877929688,520.3499755859375,524.8499755859375,12233485,SBIN,BSE,nse_dual_list,1d
2022-09-29,529.0,535.7000122070312,519.5499877929688,521.75,17310168,SBIN,BSE,nse_dual_list,1d
2022-09-30,524.0,536.9000244140625,516.1500244140625,530.5999755859375,17466950,SBIN,BSE,nse_dual_list,1d
2022-10-03,527.5999755859375,531.6500244140625,518.5,519.75,9351162,SBIN,BSE,nse_dual_list,1d
2022-10-04,533.0,535.7999877929688,527.7999877929688,532.7000122070312,8745887,SBIN,BSE,nse_dual_list,1d
2022-10-06,534.5999755859375,541.7999877929688,534.5999755859375,537.2999877929688,9507322,SBIN,BSE,nse_dual_list,1d
2022-10-07,535.5,535.5999755859375,526.5499877929688,530.2000122070312,11065307,SBIN,BSE,nse_dual_list,1d
2022-10-10,525.7000122070312,533.9000244140625,522.2000122070312,530.75,9649292,SBIN,BSE,nse_dual_list,1d
2022-10-11,530.75,533.7000122070312,525.5,527.4000244140625,10825440,SBIN,BSE,nse_dual_list,1d
2022-10-12,530.0,535.0,526.0,533.7999877929688,8522604,SBIN,BSE,nse_dual_list,1d
2022-10-13,533.0,533.7999877929688,520.2000122070312,521.4500122070312,12972765,SBIN,BSE,nse_dual_list,1d
2022-10-14,530.2000122070312,534.8499755859375,526.0,527.2000122070312,8545479,SBIN,BSE,nse_dual_list,1d
2022-10-17,526.4000244140625,544.7000122070312,524.2000122070312,543.6500244140625,13485349,SBIN,BSE,nse_dual_list,1d
2022-10-18,547.0999755859375,563.5,546.75,562.4500122070312,20440781,SBIN,BSE,nse_dual_list,1d
2022-10-19,563.0,563.4500122070312,551.5499877929688,553.4000244140625,9540583,SBIN,BSE,nse_dual_list,1d
2022-10-20,552.0,556.7999877929688,545.2999877929688,555.4000244140625,11225588,SBIN,BSE,nse_dual_list,1d
2022-10-21,557.25,565.7999877929688,557.25,560.8499755859375,11767639,SBIN,BSE,nse_dual_list,1d
2022-10-24,567.0,572.5,565.9000244140625,570.5,3692065,SBIN,BSE,nse_dual_list,1d
2022-10-25,572.5,586.2000122070312,568.0,578.5499877929688,19899324,SBIN,BSE,nse_dual_list,1d
2022-10-27,583.9500122070312,585.0,577.5999755859375,579.6500244140625,13613533,SBIN,BSE,nse_dual_list,1d
2022-10-28,579.9500122070312,582.6500244140625,567.0,570.75,10043644,SBIN,BSE,nse_dual_list,1d
2022-10-31,574.9500122070312,577.4500122070312,568.4000244140625,573.7999877929688,9894639,SBIN,BSE,nse_dual_list,1d
2022-11-01,576.3499755859375,585.75,574.5999755859375,576.9000244140625,12069579,SBIN,BSE,nse_dual_list,1d
2022-11-02,575.9000244140625,578.9500122070312,569.9000244140625,573.8499755859375,10241440,SBIN,BSE,nse_dual_list,1d
2022-11-03,569.0,587.9500122070312,568.0,584.9000244140625,17557998,SBIN,BSE,nse_dual_list,1d
2022-11-04,586.0,596.9500122070312,580.4000244140625,593.9500122070312,25759031,SBIN,BSE,nse_dual_list,1d
2022-11-07,613.0,622.7000122070312,607.7000122070312,614.1500244140625,44265903,SBIN,BSE,nse_dual_list,1d
2022-11-09,621.0,621.0,610.5499877929688,615.5499877929688,18939854,SBIN,BSE,nse_dual_list,1d
2022-11-10,613.0999755859375,615.0999755859375,602.2000122070312,605.75,11618405,SBIN,BSE,nse_dual_list,1d
2022-11-11,617.25,619.5499877929688,598.5,601.2999877929688,15525267,SBIN,BSE,nse_dual_list,1d
2022-11-14,603.9500122070312,603.9500122070312,591.6500244140625,592.5499877929688,12957268,SBIN,BSE,nse_dual_list,1d
2022-11-15,594.2999877929688,602.0999755859375,592.6500244140625,600.8499755859375,10286417,SBIN,BSE,nse_dual_list,1d
2022-11-16,599.9500122070312,603.5,596.0,599.75,11555749,SBIN,BSE,nse_dual_list,1d
2022-11-17,599.0999755859375,602.75,596.1500244140625,599.0499877929688,8167131,SBIN,BSE,nse_dual_list,1d
2022-11-18,601.0,605.75,597.1500244140625,602.7000122070312,12933675,SBIN,BSE,nse_dual_list,1d
2022-11-21,602.0999755859375,602.0999755859375,595.3499755859375,598.0999755859375,7412419,SBIN,BSE,nse_dual_list,1d
2022-11-22,598.1500244140625,600.7000122070312,596.1500244140625,599.0999755859375,8048595,SBIN,BSE,nse_dual_list,1d
2022-11-23,601.5499877929688,609.5999755859375,601.0,607.6500244140625,12435924,SBIN,BSE,nse_dual_list,1d
2022-11-24,609.75,611.2999877929688,605.7999877929688,609.3499755859375,8960032,SBIN,BSE,nse_dual_list,1d
2022-11-25,610.5499877929688,613.7000122070312,606.25,607.4000244140625,9994513,SBIN,BSE,nse_dual_list,1d
2022-11-28,605.5999755859375,610.9000244140625,602.3499755859375,608.5999755859375,7934274,SBIN,BSE,nse_dual_list,1d
2022-11-29,607.0999755859375,611.7999877929688,607.0999755859375,608.5499877929688,6942919,SBIN,BSE,nse_dual_list,1d
2022-11-30,608.5,611.4000244140625,598.4000244140625,602.4500122070312,15606230,SBIN,BSE,nse_dual_list,1d
2022-12-01,607.8499755859375,609.7999877929688,601.5499877929688,608.0999755859375,14209313,SBIN,BSE,nse_dual_list,1d
2022-12-02,607.5,609.5999755859375,604.25,607.5499877929688,7533838,SBIN,BSE,nse_dual_list,1d
2022-12-05,608.5,618.0,607.5499877929688,617.2999877929688,11585602,SBIN,BSE,nse_dual_list,1d
2022-12-06,614.75,619.7999877929688,607.7999877929688,608.9500122070312,12996244,SBIN,BSE,nse_dual_list,1d
2022-12-07,610.8499755859375,612.9000244140625,604.5,607.0499877929688,7613892,SBIN,BSE,nse_dual_list,1d
2022-12-08,609.75,613.7999877929688,607.1500244140625,611.6500244140625,10020015,SBIN,BSE,nse_dual_list,1d
2022-12-09,614.4000244140625,618.0,609.0999755859375,616.5,11202267,SBIN,BSE,nse_dual_list,1d
2022-12-12,614.7999877929688,618.7000122070312,611.0,613.0499877929688,9285187,SBIN,BSE,nse_dual_list,1d
2022-12-13,613.5,617.4000244140625,612.5,616.75,7455415,SBIN,BSE,nse_dual_list,1d
2022-12-14,618.5,626.75,617.5,625.5,14010673,SBIN,BSE,nse_dual_list,1d
2022-12-15,625.5499877929688,629.5499877929688,614.2999877929688,615.9500122070312,10622271,SBIN,BSE,nse_dual_list,1d
2022-12-16,612.0,615.5999755859375,602.0999755859375,603.3499755859375,9435071,SBIN,BSE,nse_dual_list,1d
2022-12-19,604.0,609.5,603.0,604.4500122070312,8322012,SBIN,BSE,nse_dual_list,1d
2022-12-20,603.0,606.5,599.5499877929688,604.4500122070312,6753785,SBIN,BSE,nse_dual_list,1d
2022-12-21,605.9000244140625,609.1500244140625,589.5999755859375,593.4000244140625,9217253,SBIN,BSE,nse_dual_list,1d
2022-12-22,597.0,599.0,587.5499877929688,593.4000244140625,8740149,SBIN,BSE,nse_dual_list,1d
2022-12-23,590.0,590.7000122070312,571.5,574.0,13047046,SBIN,BSE,nse_dual_list,1d
2022-12-26,574.0,601.7000122070312,570.7000122070312,597.0999755859375,13201587,SBIN,BSE,nse_dual_list,1d
2022-12-27,600.4000244140625,603.0999755859375,593.2999877929688,601.9000244140625,9638618,SBIN,BSE,nse_dual_list,1d
2022-12-28,600.9000244140625,607.0,598.5499877929688,601.0499877929688,7988631,SBIN,BSE,nse_dual_list,1d
2022-12-29,600.0,618.0,597.1500244140625,611.7999877929688,20130392,SBIN,BSE,nse_dual_list,1d
2022-12-30,615.25,620.5499877929688,611.3499755859375,613.7000122070312,13052895,SBIN,BSE,nse_dual_list,1d
2023-01-02,614.9500122070312,619.2000122070312,611.2000122070312,612.2000122070312,6726084,SBIN,BSE,nse_dual_list,1d
2023-01-03,614.5,616.5999755859375,610.0,612.4000244140625,6818062,SBIN,BSE,nse_dual_list,1d
2023-01-04,611.8499755859375,614.9500122070312,604.0,605.2000122070312,7011191,SBIN,BSE,nse_dual_list,1d
2023-01-05,607.0,611.5999755859375,601.9500122070312,605.0999755859375,8241475,SBIN,BSE,nse_dual_list,1d
2023-01-06,607.4000244140625,607.4500122070312,597.0,600.6500244140625,7972036,SBIN,BSE,nse_dual_list,1d
2023-01-09,605.0,609.0,600.0999755859375,607.7000122070312,8878905,SBIN,BSE,nse_dual_list,1d
2023-01-10,608.4500122070312,609.0,590.5999755859375,595.1500244140625,10622660,SBIN,BSE,nse_dual_list,1d
2023-01-11,596.4500122070312,599.5,592.25,596.7000122070312,7419630,SBIN,BSE,nse_dual_list,1d
2023-01-12,597.9000244140625,597.9000244140625,590.0999755859375,594.9000244140625,8183715,SBIN,BSE,nse_dual_list,1d
2023-01-13,597.9000244140625,602.9000244140625,593.6500244140625,600.0999755859375,7877610,SBIN,BSE,nse_dual_list,1d
2023-01-16,603.0,606.0999755859375,600.5999755859375,603.0,5483191,SBIN,BSE,nse_dual_list,1d
2023-01-17,603.0,606.0,586.0499877929688,592.9500122070312,13461999,SBIN,BSE,nse_dual_list,1d
2023-01-18,595.9000244140625,597.1500244140625,587.5999755859375,591.4500122070312,11538075,SBIN,BSE,nse_dual_list,1d
2023-01-19,591.0,591.75,587.5499877929688,589.8499755859375,7475688,SBIN,BSE,nse_dual_list,1d
2023-01-20,593.7999877929688,596.5999755859375,590.7999877929688,592.2000122070312,6750607,SBIN,BSE,nse_dual_list,1d
2023-01-23,598.5,601.75,592.9500122070312,600.4500122070312,6604469,SBIN,BSE,nse_dual_list,1d
2023-01-24,603.5,604.5999755859375,593.0499877929688,594.3499755859375,7609623,SBIN,BSE,nse_dual_list,1d
2023-01-25,595.8499755859375,595.8499755859375,567.4000244140625,568.7000122070312,25686294,SBIN,BSE,nse_dual_list,1d
2023-01-27,568.0,568.5499877929688,532.25,539.9500122070312,40163464,SBIN,BSE,nse_dual_list,1d
2023-01-30,536.0,554.3499755859375,525.2000122070312,538.2000122070312,40797825,SBIN,BSE,nse_dual_list,1d
2023-01-31,545.0,557.0,537.8499755859375,553.5,21911943,SBIN,BSE,nse_dual_list,1d
2023-02-01,561.4000244140625,565.0,499.3500061035156,527.3499755859375,38218810,SBIN,BSE,nse_dual_list,1d
2023-02-02,520.2000122070312,532.6500244140625,502.5,528.0999755859375,39287056,SBIN,BSE,nse_dual_list,1d
2023-02-03,536.0,545.9500122070312,519.1500244140625,544.2000122070312,32317232,SBIN,BSE,nse_dual_list,1d
2023-02-06,558.7999877929688,558.7999877929688,536.5499877929688,545.4000244140625,25338586,SBIN,BSE,nse_dual_list,1d
2023-02-07,548.0,551.4000244140625,541.0499877929688,547.0999755859375,16195947,SBIN,BSE,nse_dual_list,1d
2023-02-08,550.0,554.5,545.5,549.75,15502847,SBIN,BSE,nse_dual_list,1d
2023-02-09,552.0,552.0,542.7999877929688,550.7999877929688,15061047,SBIN,BSE,nse_dual_list,1d
2023-02-10,546.5,557.25,546.5,553.0499877929688,13824475,SBIN,BSE,nse_dual_list,1d
2023-02-13,554.0,556.9000244140625,533.2999877929688,537.5,18488732,SBIN,BSE,nse_dual_list,1d
2023-02-14,539.9500122070312,544.5999755859375,530.75,540.8499755859375,18559909,SBIN,BSE,nse_dual_list,1d
2023-02-15,540.0,544.6500244140625,536.7999877929688,542.25,12796579,SBIN,BSE,nse_dual_list,1d
2023-02-16,546.8499755859375,546.8499755859375,538.5,540.0999755859375,12767016,SBIN,BSE,nse_dual_list,1d
2023-02-17,538.5,539.6500244140625,527.75,531.0,14192008,SBIN,BSE,nse_dual_list,1d
2023-02-20,532.0,533.9500122070312,522.1500244140625,525.1500244140625,12570032,SBIN,BSE,nse_dual_list,1d
2023-02-21,527.0999755859375,528.9500122070312,522.4000244140625,523.4500122070312,10223218,SBIN,BSE,nse_dual_list,1d
2023-02-22,520.75,521.9000244140625,512.5,516.3499755859375,14763050,SBIN,BSE,nse_dual_list,1d
2023-02-23,516.9500122070312,524.0,511.3500061035156,521.0,15535085,SBIN,BSE,nse_dual_list,1d
2023-02-24,524.2000122070312,527.5,517.5999755859375,521.0499877929688,12253035,SBIN,BSE,nse_dual_list,1d
2023-02-27,521.0999755859375,529.7999877929688,519.0,527.7000122070312,11048799,SBIN,BSE,nse_dual_list,1d
2023-02-28,527.25,528.4500122070312,521.0499877929688,522.7999877929688,15768010,SBIN,BSE,nse_dual_list,1d
2023-03-01,523.25,537.4000244140625,523.0999755859375,536.7000122070312,13510198,SBIN,BSE,nse_dual_list,1d
2023-03-02,535.9500122070312,539.9000244140625,532.5,533.75,10376913,SBIN,BSE,nse_dual_list,1d
2023-03-03,542.0,564.2999877929688,541.75,561.2000122070312,27656538,SBIN,BSE,nse_dual_list,1d
2023-03-06,564.9000244140625,567.9000244140625,559.0,561.7000122070312,16162268,SBIN,BSE,nse_dual_list,1d
2023-03-08,560.0,565.5,556.4500122070312,564.7999877929688,12637578,SBIN,BSE,nse_dual_list,1d
2023-03-09,564.75,565.75,558.0,558.9000244140625,8993423,SBIN,BSE,nse_dual_list,1d
2023-03-10,553.0999755859375,554.9500122070312,545.0,547.3499755859375,11522371,SBIN,BSE,nse_dual_list,1d
2023-03-13,547.0,553.1500244140625,528.4500122070312,530.0,14373729,SBIN,BSE,nse_dual_list,1d
2023-03-14,527.6500244140625,532.7999877929688,520.0,525.4000244140625,14750800,SBIN,BSE,nse_dual_list,1d
2023-03-15,529.7999877929688,532.0,515.5499877929688,517.5499877929688,11282329,SBIN,BSE,nse_dual_list,1d
2023-03-16,518.4000244140625,529.3499755859375,514.2999877929688,524.5,20040008,SBIN,BSE,nse_dual_list,1d
2023-03-17,528.6500244140625,531.5999755859375,520.0999755859375,529.7999877929688,18787379,SBIN,BSE,nse_dual_list,1d
2023-03-20,526.5999755859375,526.5999755859375,515.0,519.2000122070312,14275315,SBIN,BSE,nse_dual_list,1d
2023-03-21,522.0,523.4500122070312,516.4500122070312,521.8499755859375,29485180,SBIN,BSE,nse_dual_list,1d
2023-03-22,522.2000122070312,527.0,520.0999755859375,521.5499877929688,11619538,SBIN,BSE,nse_dual_list,1d
2023-03-23,519.4000244140625,521.0,511.5,512.75,22097792,SBIN,BSE,nse_dual_list,1d
2023-03-24,514.5,514.9500122070312,503.4500122070313,505.3500061035156,14416984,SBIN,BSE,nse_dual_list,1d
2023-03-27,507.0,514.1500244140625,501.5499877929688,510.1499938964844,15674218,SBIN,BSE,nse_dual_list,1d
2023-03-28,511.4500122070313,511.75,503.8500061035156,508.1000061035156,15833599,SBIN,BSE,nse_dual_list,1d
2023-03-29,509.0,518.0,506.2999877929688,516.5,24203789,SBIN,BSE,nse_dual_list,1d
2023-03-31,520.6500244140625,524.9000244140625,519.3499755859375,523.75,17356345,SBIN,BSE,nse_dual_list,1d
2023-04-03,524.75,528.5,522.0999755859375,526.75,14210949,SBIN,BSE,nse_dual_list,1d
2023-04-05,527.0,527.5999755859375,519.0499877929688,523.0,13574801,SBIN,BSE,nse_dual_list,1d
2023-04-06,524.0,533.7000122070312,521.6500244140625,527.6500244140625,25125879,SBIN,BSE,nse_dual_list,1d
2023-04-10,529.25,530.4000244140625,524.4000244140625,526.2999877929688,17335453,SBIN,BSE,nse_dual_list,1d
2023-04-11,530.8499755859375,535.7000122070312,527.1500244140625,532.0999755859375,26414406,SBIN,BSE,nse_dual_list,1d
2023-04-12,533.2000122070312,534.0,526.0,528.2000122070312,21292441,SBIN,BSE,nse_dual_list,1d
2023-04-13,529.2999877929688,534.25,527.1500244140625,532.9500122070312,28597560,SBIN,BSE,nse_dual_list,1d
2023-04-17,528.0,545.0,528.0,544.0,32476990,SBIN,BSE,nse_dual_list,1d
2023-04-18,545.3499755859375,548.5,540.5,545.8499755859375,22283456,SBIN,BSE,nse_dual_list,1d
2023-04-19,544.0,547.5,538.25,540.2999877929688,21156372,SBIN,BSE,nse_dual_list,1d
2023-04-20,541.2000122070312,545.4500122070312,536.6500244140625,544.7999877929688,25588577,SBIN,BSE,nse_dual_list,1d
2023-04-21,545.0,546.4000244140625,539.7000122070312,543.1500244140625,22599418,SBIN,BSE,nse_dual_list,1d
2023-04-24,543.7999877929688,555.5499877929688,543.5,554.5999755859375,23335611,SBIN,BSE,nse_dual_list,1d
2023-04-25,555.0,567.9000244140625,555.0,561.7999877929688,38142390,SBIN,BSE,nse_dual_list,1d
2023-04-26,562.0,567.0,556.4500122070312,566.3499755859375,23143882,SBIN,BSE,nse_dual_list,1d
2023-04-27,565.0,567.4000244140625,561.0999755859375,564.75,17845169,SBIN,BSE,nse_dual_list,1d
2023-04-28,567.7999877929688,580.4500122070312,565.5,578.2999877929688,16183423,SBIN,BSE,nse_dual_list,1d
2023-05-02,580.0,580.8499755859375,573.1500244140625,575.2999877929688,13667511,SBIN,BSE,nse_dual_list,1d
2023-05-03,570.6500244140625,575.0,569.0,570.5,9699527,SBIN,BSE,nse_dual_list,1d
2023-05-04,570.2000122070312,580.7999877929688,568.5,580.0,12533761,SBIN,BSE,nse_dual_list,1d
2023-05-05,580.2000122070312,588.25,575.0499877929688,576.5,18163461,SBIN,BSE,nse_dual_list,1d
2023-05-08,577.6500244140625,587.5999755859375,577.3499755859375,583.5999755859375,12990869,SBIN,BSE,nse_dual_list,1d
2023-05-09,585.0,586.4500122070312,572.0999755859375,573.5,18959065,SBIN,BSE,nse_dual_list,1d
2023-05-10,575.0,575.0,563.25,572.2000122070312,18561315,SBIN,BSE,nse_dual_list,1d
2023-05-11,572.2000122070312,580.0,572.0,573.4500122070312,16016715,SBIN,BSE,nse_dual_list,1d
2023-05-12,574.7000122070312,580.75,571.5499877929688,578.1500244140625,11319335,SBIN,BSE,nse_dual_list,1d
2023-05-15,578.75,584.0,574.6500244140625,581.9000244140625,11410243,SBIN,BSE,nse_dual_list,1d
2023-05-16,584.0,590.4000244140625,582.0,586.2999877929688,22178229,SBIN,BSE,nse_dual_list,1d
2023-05-17,586.0,590.5,579.5,586.2999877929688,23739774,SBIN,BSE,nse_dual_list,1d
2023-05-18,590.2999877929688,593.9000244140625,571.4000244140625,574.2000122070312,45656620,SBIN,BSE,nse_dual_list,1d
2023-05-19,579.0,586.25,569.9000244140625,575.1500244140625,42293962,SBIN,BSE,nse_dual_list,1d
2023-05-22,577.5,580.2999877929688,573.4500122070312,577.1500244140625,21484049,SBIN,BSE,nse_dual_list,1d
2023-05-23,578.9000244140625,583.7000122070312,576.7999877929688,581.5999755859375,16120548,SBIN,BSE,nse_dual_list,1d
2023-05-24,579.7999877929688,585.25,578.25,582.7000122070312,17616658,SBIN,BSE,nse_dual_list,1d
2023-05-25,582.0,582.9000244140625,577.0,581.25,16479436,SBIN,BSE,nse_dual_list,1d
2023-05-26,581.25,587.75,580.5499877929688,586.0,9788076,SBIN,BSE,nse_dual_list,1d
2023-05-29,590.0,596.4000244140625,588.0499877929688,595.0,18432231,SBIN,BSE,nse_dual_list,1d
2023-05-30,595.0,595.5,591.5,592.7999877929688,15031640,SBIN,BSE,nse_dual_list,1d
2023-05-31,583.7999877929688,584.7999877929688,577.5,579.8499755859375,28797643,SBIN,BSE,nse_dual_list,1d
2023-06-01,581.7999877929688,586.4000244140625,581.0,582.75,17820226,SBIN,BSE,nse_dual_list,1d
2023-06-02,584.7000122070312,588.9000244140625,583.0,587.2000122070312,11323908,SBIN,BSE,nse_dual_list,1d
2023-06-05,588.5,589.7999877929688,586.0,587.2000122070312,12920507,SBIN,BSE,nse_dual_list,1d
2023-06-06,588.0,588.9000244140625,583.0,585.3499755859375,11199940,SBIN,BSE,nse_dual_list,1d
2023-06-07,588.0,590.5999755859375,586.0,589.2000122070312,11113781,SBIN,BSE,nse_dual_list,1d
2023-06-08,589.9500122070312,593.9500122070312,586.3499755859375,588.5,15971917,SBIN,BSE,nse_dual_list,1d
2023-06-09,588.0,589.0999755859375,576.75,578.7000122070312,18870272,SBIN,BSE,nse_dual_list,1d
2023-06-12,580.0,581.5,577.7000122070312,578.6500244140625,8786066,SBIN,BSE,nse_dual_list,1d
2023-06-13,579.4500122070312,581.4000244140625,574.25,576.4000244140625,12612098,SBIN,BSE,nse_dual_list,1d
2023-06-14,577.0,578.5499877929688,575.25,576.5499877929688,8948696,SBIN,BSE,nse_dual_list,1d
2023-06-15,576.0,576.7000122070312,565.25,566.5,17934877,SBIN,BSE,nse_dual_list,1d
2023-06-16,568.75,574.7000122070312,567.0499877929688,571.25,12660226,SBIN,BSE,nse_dual_list,1d
2023-06-19,571.25,572.75,565.9000244140625,568.8499755859375,17903691,SBIN,BSE,nse_dual_list,1d
2023-06-20,568.8499755859375,569.4500122070312,562.5499877929688,567.4000244140625,14549152,SBIN,BSE,nse_dual_list,1d
2023-06-21,567.4000244140625,569.5,565.6500244140625,566.3499755859375,14946871,SBIN,BSE,nse_dual_list,1d
2023-06-22,566.3499755859375,569.0,561.0499877929688,562.9500122070312,14979063,SBIN,BSE,nse_dual_list,1d
2023-06-23,562.0,562.0999755859375,553.7999877929688,554.5999755859375,12215712,SBIN,BSE,nse_dual_list,1d
2023-06-26,556.0,558.5,554.5,557.0499877929688,8360264,SBIN,BSE,nse_dual_list,1d
2023-06-27,558.25,567.9500122070312,555.6500244140625,566.0999755859375,10694768,SBIN,BSE,nse_dual_list,1d
2023-06-28,572.25,574.0,568.5499877929688,569.7999877929688,18028934,SBIN,BSE,nse_dual_list,1d
2023-06-30,574.0,574.0,570.2000122070312,572.8499755859375,8718232,SBIN,BSE,nse_dual_list,1d
2023-07-03,574.5,586.3499755859375,573.9000244140625,585.4500122070312,15421985,SBIN,BSE,nse_dual_list,1d
2023-07-04,588.2000122070312,595.9500122070312,582.25,589.25,24799250,SBIN,BSE,nse_dual_list,1d
2023-07-05,589.7999877929688,593.7000122070312,588.2000122070312,590.5999755859375,13598114,SBIN,BSE,nse_dual_list,1d
2023-07-06,590.4000244140625,593.5,589.0999755859375,592.5,11323509,SBIN,BSE,nse_dual_list,1d
2023-07-07,590.0,595.5,585.5,593.5999755859375,11707209,SBIN,BSE,nse_dual_list,1d
2023-07-10,594.6500244140625,599.7999877929688,590.25,592.5999755859375,11417363,SBIN,BSE,nse_dual_list,1d
2023-07-11,595.0,595.9500122070312,587.3499755859375,588.5499877929688,13221177,SBIN,BSE,nse_dual_list,1d
2023-07-12,589.0,594.5,588.2000122070312,589.25,16029716,SBIN,BSE,nse_dual_list,1d
2023-07-13,594.9000244140625,598.0,583.3499755859375,585.6500244140625,20024503,SBIN,BSE,nse_dual_list,1d
2023-07-14,586.75,591.2999877929688,580.7000122070312,584.4000244140625,12190152,SBIN,BSE,nse_dual_list,1d
2023-07-17,587.0,602.8499755859375,584.2000122070312,601.0999755859375,19378986,SBIN,BSE,nse_dual_list,1d
2023-07-18,603.0499877929688,604.0499877929688,588.75,592.3499755859375,25757209,SBIN,BSE,nse_dual_list,1d
2023-07-19,594.6500244140625,602.4000244140625,592.0,601.4500122070312,17556585,SBIN,BSE,nse_dual_list,1d
2023-07-20,601.4000244140625,610.7999877929688,598.75,610.0499877929688,34038351,SBIN,BSE,nse_dual_list,1d
2023-07-21,610.0,619.5,609.0,615.0999755859375,21040281,SBIN,BSE,nse_dual_list,1d
2023-07-24,615.0499877929688,621.9000244140625,614.2999877929688,617.6500244140625,11756364,SBIN,BSE,nse_dual_list,1d
2023-07-25,621.7999877929688,621.7999877929688,604.2000122070312,609.5999755859375,18503305,SBIN,BSE,nse_dual_list,1d
2023-07-26,612.0,616.3499755859375,609.1500244140625,615.1500244140625,9999125,SBIN,BSE,nse_dual_list,1d
2023-07-27,616.4000244140625,621.25,613.0999755859375,616.5499877929688,17444742,SBIN,BSE,nse_dual_list,1d
2023-07-28,616.4000244140625,619.9000244140625,613.5999755859375,616.0499877929688,11930586,SBIN,BSE,nse_dual_list,1d
2023-07-31,616.6500244140625,621.0,614.5,620.2000122070312,8605483,SBIN,BSE,nse_dual_list,1d
2023-08-01,620.2000122070312,620.8499755859375,610.5999755859375,611.8499755859375,13493453,SBIN,BSE,nse_dual_list,1d
2023-08-02,609.8499755859375,610.5,594.0999755859375,598.4500122070312,14977497,SBIN,BSE,nse_dual_list,1d
2023-08-03,598.7000122070312,600.8499755859375,585.0,590.5,27774877,SBIN,BSE,nse_dual_list,1d
2023-08-04,594.7999877929688,598.7000122070312,571.4000244140625,573.2999877929688,52725616,SBIN,BSE,nse_dual_list,1d
2023-08-07,577.0,577.0,566.6500244140625,567.9000244140625,32736325,SBIN,BSE,nse_dual_list,1d
2023-08-08,571.0,574.25,568.4500122070312,573.0999755859375,25038671,SBIN,BSE,nse_dual_list,1d
2023-08-09,575.0,575.0,568.3499755859375,573.75,15769111,SBIN,BSE,nse_dual_list,1d
2023-08-10,573.75,577.5999755859375,570.0999755859375,573.6500244140625,27325801,SBIN,BSE,nse_dual_list,1d
2023-08-11,575.4500122070312,579.0,572.0,574.1500244140625,18221179,SBIN,BSE,nse_dual_list,1d
2023-08-14,572.9500122070312,573.0,558.5999755859375,560.7999877929688,28084093,SBIN,BSE,nse_dual_list,1d
2023-08-16,558.7999877929688,566.4000244140625,554.0,565.3499755859375,15725767,SBIN,BSE,nse_dual_list,1d
2023-08-17,565.75,573.1500244140625,564.0,572.1500244140625,27910162,SBIN,BSE,nse_dual_list,1d
2023-08-18,570.0,575.25,567.4000244140625,572.9500122070312,18253227,SBIN,BSE,nse_dual_list,1d
2023-08-21,572.9500122070312,575.5499877929688,570.75,571.7000122070312,9380810,SBIN,BSE,nse_dual_list,1d
2023-08-22,572.5,574.4500122070312,567.5,568.5,14073413,SBIN,BSE,nse_dual_list,1d
2023-08-23,571.0,577.9500122070312,566.0,576.9000244140625,18579297,SBIN,BSE,nse_dual_list,1d
2023-08-24,578.1500244140625,582.0,575.5499877929688,576.9500122070312,24131644,SBIN,BSE,nse_dual_list,1d
2023-08-25,573.7999877929688,575.2999877929688,567.2000122070312,569.9500122070312,12271885,SBIN,BSE,nse_dual_list,1d
2023-08-28,572.7999877929688,574.7999877929688,569.2000122070312,572.8499755859375,9711932,SBIN,BSE,nse_dual_list,1d
2023-08-29,573.6500244140625,576.2999877929688,571.8499755859375,574.8499755859375,13144855,SBIN,BSE,nse_dual_list,1d
2023-08-30,576.7000122070312,577.7000122070312,566.0999755859375,567.4000244140625,15281416,SBIN,BSE,nse_dual_list,1d
2023-08-31,569.2999877929688,570.2999877929688,559.4000244140625,561.3499755859375,27898476,SBIN,BSE,nse_dual_list,1d
2023-09-01,562.7000122070312,571.2000122070312,562.0999755859375,569.5499877929688,18121168,SBIN,BSE,nse_dual_list,1d
2023-09-04,572.0,576.3499755859375,568.4500122070312,575.5499877929688,12108655,SBIN,BSE,nse_dual_list,1d
2023-09-05,575.5999755859375,578.25,571.3499755859375,573.0,14444729,SBIN,BSE,nse_dual_list,1d
2023-09-06,574.25,574.25,568.0,570.5,20609936,SBIN,BSE,nse_dual_list,1d
2023-09-07,568.0,581.0,568.0,579.0499877929688,12390597,SBIN,BSE,nse_dual_list,1d
2023-09-08,581.0,588.5,579.7000122070312,583.4500122070312,14032068,SBIN,BSE,nse_dual_list,1d
2023-09-11,587.0,592.2999877929688,585.3499755859375,591.7000122070312,10946134,SBIN,BSE,nse_dual_list,1d
2023-09-12,593.6500244140625,594.25,584.6500244140625,588.3499755859375,16093060,SBIN,BSE,nse_dual_list,1d
2023-09-13,588.4000244140625,598.0,583.4500122070312,596.4500122070312,19377172,SBIN,BSE,nse_dual_list,1d
2023-09-14,598.4500122070312,603.7000122070312,595.2000122070312,597.2999877929688,13178911,SBIN,BSE,nse_dual_list,1d
2023-09-15,599.3499755859375,600.7000122070312,595.2000122070312,598.7999877929688,11756389,SBIN,BSE,nse_dual_list,1d
2023-09-18,598.7999877929688,608.4000244140625,597.0499877929688,603.9500122070312,19305055,SBIN,BSE,nse_dual_list,1d
2023-09-20,600.8499755859375,606.7999877929688,599.4000244140625,601.0999755859375,21314600,SBIN,BSE,nse_dual_list,1d
2023-09-21,600.0,606.5999755859375,584.6500244140625,588.1500244140625,23453425,SBIN,BSE,nse_dual_list,1d
2023-09-22,593.5,602.0,591.4000244140625,598.1500244140625,18784139,SBIN,BSE,nse_dual_list,1d
2023-09-25,601.5,601.5,590.4500122070312,594.0499877929688,9712784,SBIN,BSE,nse_dual_list,1d
2023-09-26,594.0,595.0,591.25,594.4000244140625,8327427,SBIN,BSE,nse_dual_list,1d
2023-09-27,593.4500122070312,594.2999877929688,588.2000122070312,589.75,9865347,SBIN,BSE,nse_dual_list,1d
2023-09-28,591.25,595.2000122070312,588.8499755859375,589.9500122070312,21960816,SBIN,BSE,nse_dual_list,1d
2023-09-29,592.8499755859375,600.0,591.2999877929688,598.5499877929688,12189735,SBIN,BSE,nse_dual_list,1d
2023-10-03,596.5999755859375,604.9000244140625,589.5999755859375,602.9500122070312,15322196,SBIN,BSE,nse_dual_list,1d
2023-10-04,600.0,600.4500122070312,584.4500122070312,586.25,24914612,SBIN,BSE,nse_dual_list,1d
2023-10-05,590.0,594.3499755859375,587.0999755859375,592.1500244140625,13248028,SBIN,BSE,nse_dual_list,1d
2023-10-06,593.4000244140625,598.9500122070312,592.2000122070312,594.25,8216780,SBIN,BSE,nse_dual_list,1d
2023-10-09,588.0,589.0,581.5499877929688,585.0999755859375,9189597,SBIN,BSE,nse_dual_list,1d
2023-10-10,587.0,595.0,585.75,591.6500244140625,10373508,SBIN,BSE,nse_dual_list,1d
2023-10-11,596.9000244140625,597.0,587.5999755859375,588.3499755859375,14220119,SBIN,BSE,nse_dual_list,1d
2023-10-12,590.7999877929688,593.0,585.0,586.0499877929688,11983797,SBIN,BSE,nse_dual_list,1d
2023-10-13,577.75,581.2999877929688,574.7999877929688,576.1500244140625,19064577,SBIN,BSE,nse_dual_list,1d
2023-10-16,576.0,578.75,571.5,575.6500244140625,11290293,SBIN,BSE,nse_dual_list,1d
2023-10-17,577.7000122070312,579.9500122070312,575.2999877929688,576.4500122070312,10765224,SBIN,BSE,nse_dual_list,1d
2023-10-18,577.75,579.25,569.3499755859375,572.6500244140625,11777454,SBIN,BSE,nse_dual_list,1d
2023-10-19,569.7999877929688,574.0,567.0,571.2000122070312,11441499,SBIN,BSE,nse_dual_list,1d
2023-10-20,569.9000244140625,570.0,562.0999755859375,563.0999755859375,11110988,SBIN,BSE,nse_dual_list,1d
2023-10-23,563.0999755859375,566.0,551.0,552.9500122070312,11875035,SBIN,BSE,nse_dual_list,1d
2023-10-25,558.5999755859375,560.7999877929688,553.5999755859375,556.2000122070312,12134624,SBIN,BSE,nse_dual_list,1d
2023-10-26,551.4500122070312,552.9000244140625,543.2000122070312,547.0,19424825,SBIN,BSE,nse_dual_list,1d
2023-10-27,550.0,562.5,550.0,561.1500244140625,10415296,SBIN,BSE,nse_dual_list,1d
2023-10-30,563.0,566.7000122070312,556.5,565.2000122070312,8593704,SBIN,BSE,nse_dual_list,1d
2023-10-31,567.0,569.5,563.1500244140625,565.5499877929688,13039696,SBIN,BSE,nse_dual_list,1d
2023-11-01,566.25,569.6500244140625,563.8499755859375,566.4000244140625,13575575,SBIN,BSE,nse_dual_list,1d
2023-11-02,571.0999755859375,575.4500122070312,567.5999755859375,572.0999755859375,11148516,SBIN,BSE,nse_dual_list,1d
2023-11-03,576.0,579.5,573.4500122070312,578.1500244140625,11371371,SBIN,BSE,nse_dual_list,1d
2023-11-06,582.0,582.5,573.25,574.3499755859375,16499138,SBIN,BSE,nse_dual_list,1d
2023-11-07,574.7999877929688,581.2000122070312,572.5999755859375,579.75,17923281,SBIN,BSE,nse_dual_list,1d
2023-11-08,581.9000244140625,582.5999755859375,579.0,580.2999877929688,15434808,SBIN,BSE,nse_dual_list,1d
2023-11-09,581.0,581.8499755859375,576.5,578.3499755859375,12434363,SBIN,BSE,nse_dual_list,1d
2023-11-10,577.7999877929688,581.0,575.4000244140625,579.5,6773038,SBIN,BSE,nse_dual_list,1d
2023-11-13,581.0,582.5,575.2000122070312,581.3499755859375,11282362,SBIN,BSE,nse_dual_list,1d
2023-11-15,587.25,588.0,582.5999755859375,584.7000122070312,11397676,SBIN,BSE,nse_dual_list,1d
2023-11-16,584.7000122070312,588.0,582.9000244140625,584.6500244140625,8622660,SBIN,BSE,nse_dual_list,1d
2023-11-17,574.5,574.5,562.0999755859375,563.0499877929688,37173221,SBIN,BSE,nse_dual_list,1d
2023-11-20,564.0,566.7999877929688,560.5999755859375,563.75,12714585,SBIN,BSE,nse_dual_list,1d
2023-11-21,566.0,566.6500244140625,561.0,561.5,14280013,SBIN,BSE,nse_dual_list,1d
2023-11-22,562.9500122070312,564.5,555.1500244140625,558.9500122070312,14909071,SBIN,BSE,nse_dual_list,1d
2023-11-23,561.75,563.5,558.2999877929688,559.9500122070312,6376210,SBIN,BSE,nse_dual_list,1d
2023-11-24,561.9500122070312,562.4500122070312,559.25,560.3499755859375,6529851,SBIN,BSE,nse_dual_list,1d
2023-11-28,563.5999755859375,565.2000122070312,561.0999755859375,564.4500122070312,8153314,SBIN,BSE,nse_dual_list,1d
2023-11-29,568.0,569.0,565.0999755859375,568.5999755859375,10299034,SBIN,BSE,nse_dual_list,1d
2023-11-30,569.75,570.2000122070312,563.6500244140625,564.75,19758998,SBIN,BSE,nse_dual_list,1d
2023-12-01,567.0,574.2000122070312,566.5499877929688,571.75,10614230,SBIN,BSE,nse_dual_list,1d
2023-12-04,588.0,596.0,584.5499877929688,594.7000122070312,26077882,SBIN,BSE,nse_dual_list,1d
2023-12-05,595.0499877929688,611.2999877929688,595.0499877929688,608.25,36430152,SBIN,BSE,nse_dual_list,1d
2023-12-06,614.0,614.0,604.5499877929688,608.4500122070312,21439069,SBIN,BSE,nse_dual_list,1d
2023-12-07,610.0,612.5499877929688,605.0,611.7000122070312,10725706,SBIN,BSE,nse_dual_list,1d
2023-12-08,610.0,616.7999877929688,605.3499755859375,614.1500244140625,17722136,SBIN,BSE,nse_dual_list,1d
2023-12-11,615.0,619.9000244140625,613.0999755859375,614.25,11706255,SBIN,BSE,nse_dual_list,1d
2023-12-12,617.0,617.9500122070312,610.7999877929688,612.4000244140625,14494836,SBIN,BSE,nse_dual_list,1d
2023-12-13,614.4500122070312,620.5,611.6500244140625,619.8499755859375,13977914,SBIN,BSE,nse_dual_list,1d
2023-12-14,626.0,627.75,622.4000244140625,623.6500244140625,15813797,SBIN,BSE,nse_dual_list,1d
2023-12-15,628.0,650.0,619.8499755859375,648.25,29813572,SBIN,BSE,nse_dual_list,1d
2023-12-18,646.6500244140625,655.6500244140625,642.4000244140625,648.5,16221796,SBIN,BSE,nse_dual_list,1d
2023-12-19,648.5,659.5999755859375,640.25,655.4000244140625,19964008,SBIN,BSE,nse_dual_list,1d
2023-12-20,658.7000122070312,660.4000244140625,633.9500122070312,636.4500122070312,22542056,SBIN,BSE,nse_dual_list,1d
2023-12-21,632.1500244140625,648.9500122070312,627.5,643.75,19915516,SBIN,BSE,nse_dual_list,1d
2023-12-22,644.75,649.4000244140625,635.1500244140625,636.75,14998068,SBIN,BSE,nse_dual_list,1d
2023-12-26,638.8499755859375,641.2999877929688,635.6500244140625,638.0499877929688,10153089,SBIN,BSE,nse_dual_list,1d
2023-12-27,640.75,649.4500122070312,639.0,648.5499877929688,14417646,SBIN,BSE,nse_dual_list,1d
2023-12-28,650.25,653.2999877929688,646.5,651.4000244140625,16982092,SBIN,BSE,nse_dual_list,1d
2023-12-29,645.5,649.5999755859375,639.5499877929688,642.0499877929688,13221898,SBIN,BSE,nse_dual_list,1d
2024-01-01,642.2000122070312,646.9000244140625,638.0,641.3499755859375,8295548,SBIN,BSE,nse_dual_list,1d
2024-01-02,641.3499755859375,648.0,633.8499755859375,639.4500122070312,15164482,SBIN,BSE,nse_dual_list,1d
2024-01-03,639.3499755859375,648.0,635.7999877929688,643.4500122070312,14571772,SBIN,BSE,nse_dual_list,1d
2024-01-04,642.5,646.4000244140625,638.6500244140625,642.75,13883388,SBIN,BSE,nse_dual_list,1d
2024-01-05,645.0,651.75,637.75,641.9500122070312,15984585,SBIN,BSE,nse_dual_list,1d
2024-01-08,640.0,645.0,625.0499877929688,627.0,14739531,SBIN,BSE,nse_dual_list,1d
2024-01-09,632.0,634.3499755859375,624.5,625.4000244140625,13400235,SBIN,BSE,nse_dual_list,1d
2024-01-10,624.7999877929688,625.2999877929688,618.2000122070312,621.75,12742464,SBIN,BSE,nse_dual_list,1d
2024-01-11,626.0,627.1500244140625,618.5,620.2000122070312,15533860,SBIN,BSE,nse_dual_list,1d
2024-01-12,623.7999877929688,636.5,621.0999755859375,633.5999755859375,16620797,SBIN,BSE,nse_dual_list,1d
2024-01-15,638.9000244140625,645.5,636.0999755859375,640.0999755859375,16844018,SBIN,BSE,nse_dual_list,1d
2024-01-16,640.0,644.9000244140625,633.4500122070312,636.9000244140625,15025543,SBIN,BSE,nse_dual_list,1d
2024-01-17,624.0,636.7999877929688,623.0,626.0,30016308,SBIN,BSE,nse_dual_list,1d
2024-01-18,625.7999877929688,633.4500122070312,619.0499877929688,628.2999877929688,14695436,SBIN,BSE,nse_dual_list,1d
2024-01-19,633.0,635.5,624.7000122070312,627.75,11675202,SBIN,BSE,nse_dual_list,1d
2024-01-23,627.0,634.9000244140625,600.6500244140625,605.0999755859375,30954343,SBIN,BSE,nse_dual_list,1d
2024-01-24,609.9500122070312,622.3499755859375,603.0999755859375,618.2999877929688,19221835,SBIN,BSE,nse_dual_list,1d
2024-01-25,618.5,623.7999877929688,606.25,612.75,22684904,SBIN,BSE,nse_dual_list,1d
2024-01-29,619.0,629.5,615.5999755859375,622.9500122070312,19572140,SBIN,BSE,nse_dual_list,1d
2024-01-30,625.4500122070312,633.5,624.2000122070312,626.75,16966577,SBIN,BSE,nse_dual_list,1d
2024-01-31,626.4000244140625,643.2000122070312,622.0,640.5,23270745,SBIN,BSE,nse_dual_list,1d
2024-02-01,642.75,652.9500122070312,633.25,647.6500244140625,26587707,SBIN,BSE,nse_dual_list,1d
2024-02-02,652.0,660.5499877929688,646.7000122070312,649.6500244140625,27471811,SBIN,BSE,nse_dual_list,1d
2024-02-05,647.0999755859375,654.7999877929688,638.75,642.9500122070312,28339525,SBIN,BSE,nse_dual_list,1d
2024-02-06,644.4500122070312,655.0,637.7000122070312,650.25,14079390,SBIN,BSE,nse_dual_list,1d
2024-02-07,655.0499877929688,677.9500122070312,655.0,675.25,41696232,SBIN,BSE,nse_dual_list,1d
2024-02-08,680.4000244140625,718.9000244140625,678.5,699.5499877929688,74222434,SBIN,BSE,nse_dual_list,1d
2024-02-09,703.6500244140625,728.3499755859375,694.2000122070312,725.25,43235061,SBIN,BSE,nse_dual_list,1d
2024-02-12,726.0,726.0,704.5,707.9000244140625,22873137,SBIN,BSE,nse_dual_list,1d
2024-02-13,708.5499877929688,718.0,702.1500244140625,713.4500122070312,23351472,SBIN,BSE,nse_dual_list,1d
2024-02-14,705.5499877929688,748.5,705.5499877929688,743.4000244140625,36782182,SBIN,BSE,nse_dual_list,1d
2024-02-15,747.7000122070312,764.0,741.6500244140625,761.7000122070312,33941282,SBIN,BSE,nse_dual_list,1d
2024-02-16,763.4500122070312,774.5999755859375,753.3499755859375,754.7000122070312,27365121,SBIN,BSE,nse_dual_list,1d
2024-02-19,758.7000122070312,765.0,750.0,759.25,13979584,SBIN,BSE,nse_dual_list,1d
2024-02-20,759.0499877929688,763.5,754.0,760.0999755859375,12528399,SBIN,BSE,nse_dual_list,1d
2024-02-21,760.6500244140625,777.5,759.5999755859375,771.5,21465311,SBIN,BSE,nse_dual_list,1d
2024-02-22,773.0,773.0,757.0,765.9000244140625,18799244,SBIN,BSE,nse_dual_list,1d
2024-02-23,765.9000244140625,770.5,755.0,759.0499877929688,14143636,SBIN,BSE,nse_dual_list,1d
2024-02-26,755.0,766.3499755859375,752.7000122070312,758.9000244140625,11355186,SBIN,BSE,nse_dual_list,1d
2024-02-27,758.9000244140625,762.3499755859375,742.2000122070312,749.8499755859375,13969393,SBIN,BSE,nse_dual_list,1d
2024-02-28,749.8499755859375,756.75,741.0,742.5,11263318,SBIN,BSE,nse_dual_list,1d
2024-02-29,743.9000244140625,753.9000244140625,737.1500244140625,748.0999755859375,19217113,SBIN,BSE,nse_dual_list,1d
2024-03-01,752.0,772.0,751.9500122070312,769.1500244140625,17348526,SBIN,BSE,nse_dual_list,1d
2024-03-04,774.4000244140625,777.0,769.0,772.0499877929688,9789141,SBIN,BSE,nse_dual_list,1d
2024-03-05,769.5,786.9500122070312,769.0999755859375,783.9500122070312,18088847,SBIN,BSE,nse_dual_list,1d
2024-03-06,783.6500244140625,790.2999877929688,772.9000244140625,783.9000244140625,26710525,SBIN,BSE,nse_dual_list,1d
2024-03-07,790.0,793.4000244140625,783.0,788.0499877929688,15497868,SBIN,BSE,nse_dual_list,1d
2024-03-11,790.0,792.7999877929688,770.5499877929688,773.7000122070312,16778340,SBIN,BSE,nse_dual_list,1d
2024-03-12,770.0,777.75,757.3499755859375,759.7000122070312,21529705,SBIN,BSE,nse_dual_list,1d
2024-03-13,758.6500244140625,763.7000122070312,743.0,747.25,27950252,SBIN,BSE,nse_dual_list,1d
2024-03-14,749.9000244140625,750.7999877929688,734.0499877929688,741.0499877929688,19730882,SBIN,BSE,nse_dual_list,1d
2024-03-15,739.25,746.5499877929688,723.0,731.9000244140625,29792241,SBIN,BSE,nse_dual_list,1d
2024-03-18,727.0999755859375,737.9000244140625,722.0999755859375,730.9500122070312,18145126,SBIN,BSE,nse_dual_list,1d
2024-03-19,730.0,734.3499755859375,721.1500244140625,723.7999877929688,15205043,SBIN,BSE,nse_dual_list,1d
2024-03-20,725.1500244140625,738.9500122070312,719.7999877929688,736.25,25405455,SBIN,BSE,nse_dual_list,1d
2024-03-21,742.0,750.5999755859375,740.5499877929688,744.2999877929688,15161161,SBIN,BSE,nse_dual_list,1d
2024-03-22,743.8499755859375,748.7999877929688,741.4000244140625,746.7000122070312,15535921,SBIN,BSE,nse_dual_list,1d
2024-03-26,743.0499877929688,747.8499755859375,738.5,740.0499877929688,14678342,SBIN,BSE,nse_dual_list,1d
2024-03-27,743.0,745.8499755859375,730.2000122070312,733.2999877929688,30088789,SBIN,BSE,nse_dual_list,1d
2024-03-28,737.75,759.5499877929688,736.9000244140625,752.3499755859375,21705116,SBIN,BSE,nse_dual_list,1d
2024-04-01,759.0499877929688,761.5,752.0999755859375,758.2999877929688,9949971,SBIN,BSE,nse_dual_list,1d
2024-04-02,758.2000122070312,768.75,753.3499755859375,766.4000244140625,15713063,SBIN,BSE,nse_dual_list,1d
2024-04-03,764.9000244140625,772.5999755859375,760.1500244140625,771.0499877929688,19136981,SBIN,BSE,nse_dual_list,1d
2024-04-04,775.0,775.2999877929688,758.0999755859375,759.2999877929688,15889530,SBIN,BSE,nse_dual_list,1d
2024-04-05,757.9500122070312,767.7000122070312,752.5999755859375,764.75,9939620,SBIN,BSE,nse_dual_list,1d
2024-04-08,766.0499877929688,770.0,761.7999877929688,768.2999877929688,9797174,SBIN,BSE,nse_dual_list,1d
2024-04-09,768.4500122070312,772.4500122070312,761.0999755859375,764.2000122070312,7465892,SBIN,BSE,nse_dual_list,1d
2024-04-10,766.5,780.7000122070312,763.6500244140625,779.0499877929688,14530669,SBIN,BSE,nse_dual_list,1d
2024-04-12,777.25,779.5,764.7999877929688,766.2999877929688,14408722,SBIN,BSE,nse_dual_list,1d
2024-04-15,759.7999877929688,763.2999877929688,748.75,757.5,11356572,SBIN,BSE,nse_dual_list,1d
2024-04-16,751.25,754.9000244140625,744.4000244140625,751.7000122070312,13338991,SBIN,BSE,nse_dual_list,1d
2024-04-18,752.0499877929688,759.9500122070312,742.0,744.7999877929688,14589648,SBIN,BSE,nse_dual_list,1d
2024-04-19,734.5,752.0,732.0499877929688,750.4500122070312,10886554,SBIN,BSE,nse_dual_list,1d
2024-04-22,754.1500244140625,769.0,750.4500122070312,766.0999755859375,17452186,SBIN,BSE,nse_dual_list,1d
2024-04-23,770.3499755859375,777.7000122070312,765.5499877929688,773.0,12292429,SBIN,BSE,nse_dual_list,1d
2024-04-24,778.5,778.5,770.2000122070312,773.0999755859375,7842615,SBIN,BSE,nse_dual_list,1d
2024-04-25,770.6500244140625,814.4000244140625,769.6500244140625,812.7000122070312,36732974,SBIN,BSE,nse_dual_list,1d
2024-04-26,815.9000244140625,816.9000244140625,798.9000244140625,801.2999877929688,14964358,SBIN,BSE,nse_dual_list,1d
2024-04-29,807.0,831.25,798.7000122070312,826.5,27302732,SBIN,BSE,nse_dual_list,1d
2024-04-30,826.5,834.8499755859375,819.9000244140625,826.25,27449073,SBIN,BSE,nse_dual_list,1d
2024-05-02,826.9000244140625,833.9000244140625,825.0,830.0499877929688,19943724,SBIN,BSE,nse_dual_list,1d
2024-05-03,834.7999877929688,836.2000122070312,820.0,831.4500122070312,22667634,SBIN,BSE,nse_dual_list,1d
2024-05-06,835.0,836.0,803.0,807.7999877929688,35283557,SBIN,BSE,nse_dual_list,1d
2024-05-07,812.0,814.6500244140625,793.2000122070312,801.9000244140625,16725013,SBIN,BSE,nse_dual_list,1d
2024-05-08,802.5999755859375,822.0,799.5,810.7999877929688,27908322,SBIN,BSE,nse_dual_list,1d
2024-05-09,811.9000244140625,839.6500244140625,803.5499877929688,819.7999877929688,49290254,SBIN,BSE,nse_dual_list,1d
2024-05-10,827.0,832.0499877929688,815.5999755859375,817.3499755859375,20543142,SBIN,BSE,nse_dual_list,1d
2024-05-13,819.8499755859375,819.8499755859375,798.5999755859375,808.7999877929688,15398505,SBIN,BSE,nse_dual_list,1d
2024-05-14,813.0,822.4000244140625,807.9000244140625,818.2000122070312,10912462,SBIN,BSE,nse_dual_list,1d
2024-05-15,821.0,825.2999877929688,818.0499877929688,820.2999877929688,9755062,SBIN,BSE,nse_dual_list,1d
2024-05-16,825.2999877929688,826.1500244140625,797.3499755859375,811.9500122070312,20536990,SBIN,BSE,nse_dual_list,1d
2024-05-17,814.5,822.4500122070312,811.2000122070312,817.8499755859375,12492509,SBIN,BSE,nse_dual_list,1d
2024-05-21,821.0,836.2999877929688,819.5999755859375,830.6500244140625,14037801,SBIN,BSE,nse_dual_list,1d
2024-05-22,826.5499877929688,826.6500244140625,813.5499877929688,818.75,19239277,SBIN,BSE,nse_dual_list,1d
2024-05-23,824.7000122070312,835.5,822.0,832.0999755859375,17497488,SBIN,BSE,nse_dual_list,1d
2024-05-24,830.0,841.25,827.0,828.5999755859375,12252075,SBIN,BSE,nse_dual_list,1d
2024-05-27,832.5999755859375,839.4000244140625,823.0,833.7000122070312,12295193,SBIN,BSE,nse_dual_list,1d
2024-05-28,835.7000122070312,840.7000122070312,823.2999877929688,831.1500244140625,13818893,SBIN,BSE,nse_dual_list,1d
2024-05-29,828.4000244140625,834.4500122070312,819.2999877929688,822.6500244140625,14518232,SBIN,BSE,nse_dual_list,1d
2024-05-30,821.4000244140625,836.0,819.2999877929688,825.8499755859375,17818705,SBIN,BSE,nse_dual_list,1d
2024-05-31,830.7000122070312,835.0,817.0999755859375,830.3499755859375,22267336,SBIN,BSE,nse_dual_list,1d
2024-06-03,863.5499877929688,912.0,856.75,905.6500244140624,64269020,SBIN,BSE,nse_dual_list,1d
2024-06-04,897.0,897.0,731.9500122070312,775.2000122070312,122381193,SBIN,BSE,nse_dual_list,1d
2024-06-05,790.75,795.0,744.0499877929688,789.75,74256082,SBIN,BSE,nse_dual_list,1d
2024-06-06,800.0,833.3499755859375,796.0,816.9500122070312,40555649,SBIN,BSE,nse_dual_list,1d
2024-06-07,819.9000244140625,831.5,810.5,829.9500122070312,25061284,SBIN,BSE,nse_dual_list,1d
2024-06-10,834.1500244140625,845.4500122070312,829.2000122070312,831.7999877929688,16725508,SBIN,BSE,nse_dual_list,1d
2024-06-11,836.0,839.5999755859375,829.0499877929688,835.5499877929688,14754408,SBIN,BSE,nse_dual_list,1d
2024-06-12,837.0,845.5499877929688,833.0,839.0999755859375,15071442,SBIN,BSE,nse_dual_list,1d
2024-06-13,845.0,845.9000244140625,836.0999755859375,843.9000244140625,12523972,SBIN,BSE,nse_dual_list,1d
2024-06-14,845.0,849.9000244140625,835.0999755859375,839.2000122070312,12903496,SBIN,BSE,nse_dual_list,1d
2024-06-18,841.5499877929688,851.5,840.25,844.9000244140625,14929083,SBIN,BSE,nse_dual_list,1d
2024-06-19,846.7999877929688,860.5999755859375,841.0,852.5999755859375,32925140,SBIN,BSE,nse_dual_list,1d
2024-06-20,853.0,853.0999755859375,842.3499755859375,843.75,13985352,SBIN,BSE,nse_dual_list,1d
2024-06-21,844.9000244140625,848.0499877929688,828.5999755859375,836.2999877929688,18990090,SBIN,BSE,nse_dual_list,1d
2024-06-24,831.5,836.0,821.0499877929688,832.7000122070312,12715254,SBIN,BSE,nse_dual_list,1d
2024-06-25,837.0,845.8499755859375,834.2999877929688,842.25,20917530,SBIN,BSE,nse_dual_list,1d
2024-06-26,839.8499755859375,848.7999877929688,836.0,845.3499755859375,16281760,SBIN,BSE,nse_dual_list,1d
2024-06-27,843.9000244140625,847.4000244140625,838.25,844.0,20378887,SBIN,BSE,nse_dual_list,1d
2024-06-28,846.9000244140625,864.0,844.0,848.9500122070312,23636388,SBIN,BSE,nse_dual_list,1d
2024-07-01,849.3499755859375,850.5,839.9500122070312,841.9500122070312,10967797,SBIN,BSE,nse_dual_list,1d
2024-07-02,844.0,846.2999877929688,823.1500244140625,826.1500244140625,21142840,SBIN,BSE,nse_dual_list,1d
2024-07-03,829.0,843.8499755859375,825.0,839.9500122070312,23598009,SBIN,BSE,nse_dual_list,1d
2024-07-04,843.0,844.9000244140625,834.2999877929688,839.2999877929688,13372587,SBIN,BSE,nse_dual_list,1d
2024-07-05,838.0,861.25,837.0,859.75,24873722,SBIN,BSE,nse_dual_list,1d
2024-07-08,859.75,865.0,853.5,856.25,10359800,SBIN,BSE,nse_dual_list,1d
2024-07-09,859.9000244140625,869.9500122070312,856.0,861.2999877929688,13585081,SBIN,BSE,nse_dual_list,1d
2024-07-10,860.0999755859375,860.25,843.5,849.0,17343236,SBIN,BSE,nse_dual_list,1d
2024-07-11,854.4000244140625,858.2999877929688,849.75,856.7000122070312,8501366,SBIN,BSE,nse_dual_list,1d
2024-07-12,856.7000122070312,863.0,855.2999877929688,859.7000122070312,11446064,SBIN,BSE,nse_dual_list,1d
2024-07-15,859.7000122070312,887.3499755859375,859.7000122070312,881.3499755859375,25392820,SBIN,BSE,nse_dual_list,1d
2024-07-16,882.2999877929688,888.0999755859375,874.2999877929688,880.7000122070312,11893692,SBIN,BSE,nse_dual_list,1d
2024-07-18,880.6500244140625,894.9000244140625,877.5,893.5499877929688,19435183,SBIN,BSE,nse_dual_list,1d
2024-07-19,895.0,899.0,883.2999877929688,889.3499755859375,14562742,SBIN,BSE,nse_dual_list,1d
2024-07-22,881.4500122070312,895.0,868.0,876.7999877929688,14614111,SBIN,BSE,nse_dual_list,1d
2024-07-23,883.0,884.5,849.0999755859375,863.9000244140625,18279212,SBIN,BSE,nse_dual_list,1d
2024-07-24,864.2000122070312,868.0,847.2000122070312,852.0,19624845,SBIN,BSE,nse_dual_list,1d
2024-07-25,847.5,850.75,841.2000122070312,848.5,9522375,SBIN,BSE,nse_dual_list,1d
2024-07-26,844.6500244140625,864.25,844.0,862.4500122070312,12081506,SBIN,BSE,nse_dual_list,1d
2024-07-29,866.0499877929688,889.0999755859375,863.2000122070312,871.5999755859375,26582781,SBIN,BSE,nse_dual_list,1d
2024-07-30,874.7000122070312,880.5499877929688,869.0,872.7999877929688,13528447,SBIN,BSE,nse_dual_list,1d
2024-07-31,873.8499755859375,874.9500122070312,868.0,872.4000244140625,11636874,SBIN,BSE,nse_dual_list,1d
2024-08-01,877.7999877929688,881.4000244140625,859.4500122070312,862.6500244140625,11787203,SBIN,BSE,nse_dual_list,1d
2024-08-02,856.7000122070312,858.2999877929688,846.1500244140625,847.8499755859375,12609331,SBIN,BSE,nse_dual_list,1d
2024-08-05,830.0,831.3499755859375,800.0,811.6500244140625,27676951,SBIN,BSE,nse_dual_list,1d
2024-08-06,822.6500244140625,826.5499877929688,795.6500244140625,797.7000122070312,17900930,SBIN,BSE,nse_dual_list,1d
2024-08-07,809.0,810.7000122070312,800.5499877929688,808.6500244140625,17692355,SBIN,BSE,nse_dual_list,1d
2024-08-08,812.0,817.7999877929688,802.7999877929688,808.0499877929688,14769069,SBIN,BSE,nse_dual_list,1d
2024-08-09,816.0,829.9500122070312,809.5499877929688,824.2999877929688,15320885,SBIN,BSE,nse_dual_list,1d
2024-08-12,820.5999755859375,823.0,811.2000122070312,812.5999755859375,16120449,SBIN,BSE,nse_dual_list,1d
2024-08-13,813.5,820.0,795.0499877929688,797.5499877929688,17585172,SBIN,BSE,nse_dual_list,1d
2024-08-14,800.9500122070312,809.1500244140625,800.4000244140625,803.0,11788665,SBIN,BSE,nse_dual_list,1d
2024-08-16,803.0,814.9000244140625,803.0,812.0999755859375,11427335,SBIN,BSE,nse_dual_list,1d
2024-08-19,815.0,825.4000244140625,812.5999755859375,813.7000122070312,10151482,SBIN,BSE,nse_dual_list,1d
2024-08-20,817.9500122070312,823.0,813.3499755859375,820.2999877929688,10347493,SBIN,BSE,nse_dual_list,1d
2024-08-21,820.2999877929688,821.0,811.2000122070312,815.5499877929688,14607257,SBIN,BSE,nse_dual_list,1d
2024-08-22,819.0,823.9000244140625,817.0999755859375,820.2999877929688,7832917,SBIN,BSE,nse_dual_list,1d
2024-08-23,821.5,822.0,814.5,815.3499755859375,5537747,SBIN,BSE,nse_dual_list,1d
2024-08-26,818.0,823.4500122070312,813.7999877929688,815.0499877929688,8523795,SBIN,BSE,nse_dual_list,1d
2024-08-27,817.7999877929688,819.4500122070312,811.0499877929688,815.9000244140625,12833290,SBIN,BSE,nse_dual_list,1d
2024-08-28,814.75,817.2000122070312,806.5,809.4000244140625,10371300,SBIN,BSE,nse_dual_list,1d
2024-08-29,809.5499877929688,816.0,806.9500122070312,814.5,18247268,SBIN,BSE,nse_dual_list,1d
2024-08-30,817.1500244140625,820.7000122070312,814.3499755859375,815.5999755859375,8911426,SBIN,BSE,nse_dual_list,1d
2024-09-02,817.2999877929688,825.4000244140625,813.0499877929688,822.1500244140625,11813750,SBIN,BSE,nse_dual_list,1d
2024-09-03,822.1500244140625,825.9500122070312,816.4000244140625,824.7999877929688,10548350,SBIN,BSE,nse_dual_list,1d
2024-09-04,815.4500122070312,818.6500244140625,813.6500244140625,816.5,10789570,SBIN,BSE,nse_dual_list,1d
2024-09-05,818.3499755859375,822.1500244140625,814.4000244140625,818.75,8395074,SBIN,BSE,nse_dual_list,1d
2024-09-06,811.5,812.9000244140625,777.0,782.5,40220096,SBIN,BSE,nse_dual_list,1d
2024-09-09,785.0,788.2000122070312,771.0,784.25,21322103,SBIN,BSE,nse_dual_list,1d
2024-09-10,788.0,788.7999877929688,777.5,782.6500244140625,12824701,SBIN,BSE,nse_dual_list,1d
2024-09-11,780.0499877929688,788.0,765.4000244140625,768.5999755859375,20060665,SBIN,BSE,nse_dual_list,1d
2024-09-12,775.0,789.9000244140625,772.75,787.75,17578964,SBIN,BSE,nse_dual_list,1d
2024-09-13,791.0,795.0,785.0999755859375,790.8499755859375,12950936,SBIN,BSE,nse_dual_list,1d
2024-09-16,790.8499755859375,795.0,784.4000244140625,785.5499877929688,9553736,SBIN,BSE,nse_dual_list,1d
2024-09-17,785.5999755859375,787.5,780.5499877929688,782.9000244140625,10665630,SBIN,BSE,nse_dual_list,1d
2024-09-18,783.7999877929688,794.75,782.0,792.75,18324412,SBIN,BSE,nse_dual_list,1d
2024-09-19,795.0499877929688,801.3499755859375,784.0499877929688,789.9500122070312,10645478,SBIN,BSE,nse_dual_list,1d
2024-09-20,794.8499755859375,794.8499755859375,779.5,781.7000122070312,21372244,SBIN,BSE,nse_dual_list,1d
2024-09-23,786.0,805.0,784.5,801.8499755859375,17309545,SBIN,BSE,nse_dual_list,1d
2024-09-24,799.25,804.25,796.5,798.25,15180653,SBIN,BSE,nse_dual_list,1d
2024-09-25,797.9000244140625,798.0,788.7000122070312,793.0999755859375,18465571,SBIN,BSE,nse_dual_list,1d
2024-09-26,796.0,803.0,791.5999755859375,801.8499755859375,23198842,SBIN,BSE,nse_dual_list,1d
2024-09-27,801.8499755859375,808.0,798.4500122070312,802.6500244140625,15193681,SBIN,BSE,nse_dual_list,1d
2024-09-30,801.9000244140625,802.5999755859375,786.4500122070312,787.9000244140625,15484573,SBIN,BSE,nse_dual_list,1d
2024-10-01,788.0,800.3499755859375,788.0,796.9500122070312,13280535,SBIN,BSE,nse_dual_list,1d
2024-10-03,789.9000244140625,804.0,784.2999877929688,794.0999755859375,15944135,SBIN,BSE,nse_dual_list,1d
2024-10-04,792.0,809.8499755859375,785.25,796.6500244140625,20097454,SBIN,BSE,nse_dual_list,1d
2024-10-07,800.0,804.0,765.4000244140625,770.6500244140625,24267990,SBIN,BSE,nse_dual_list,1d
2024-10-08,772.25,784.4000244140625,772.25,781.4500122070312,8560960,SBIN,BSE,nse_dual_list,1d
2024-10-09,786.7000122070312,804.3499755859375,782.0499877929688,797.4000244140625,18758697,SBIN,BSE,nse_dual_list,1d
2024-10-10,799.0,804.4500122070312,795.0,797.0999755859375,10241015,SBIN,BSE,nse_dual_list,1d
2024-10-11,797.2000122070312,802.7000122070312,793.0,799.75,14322720,SBIN,BSE,nse_dual_list,1d
2024-10-14,802.0,809.25,800.7999877929688,805.1500244140625,8967564,SBIN,BSE,nse_dual_list,1d
2024-10-15,805.5,807.5,801.5999755859375,804.6500244140625,6252104,SBIN,BSE,nse_dual_list,1d
2024-10-16,802.7999877929688,809.0,802.0499877929688,805.4500122070312,6494240,SBIN,BSE,nse_dual_list,1d
2024-10-17,809.5,819.5,806.0,811.0499877929688,18580553,SBIN,BSE,nse_dual_list,1d
2024-10-18,811.0999755859375,822.5999755859375,802.9000244140625,820.4000244140625,11704698,SBIN,BSE,nse_dual_list,1d
2024-10-21,824.7000122070312,826.4500122070312,809.0,813.9500122070312,10359618,SBIN,BSE,nse_dual_list,1d
2024-10-22,814.0,816.8499755859375,787.5,790.4000244140625,16645356,SBIN,BSE,nse_dual_list,1d
2024-10-23,790.0,792.5999755859375,779.7999877929688,786.0,13866198,SBIN,BSE,nse_dual_list,1d
2024-10-24,786.0499877929688,797.0,784.6500244140625,794.5499877929688,5607500,SBIN,BSE,nse_dual_list,1d
2024-10-25,798.0,800.75,772.0,780.9500122070312,9717125,SBIN,BSE,nse_dual_list,1d
2024-10-28,783.7999877929688,803.9500122070312,783.5499877929688,792.0499877929688,13757251,SBIN,BSE,nse_dual_list,1d
2024-10-29,796.0,834.8499755859375,790.5,832.7000122070312,28274791,SBIN,BSE,nse_dual_list,1d
2024-10-30,828.0,833.0,821.0499877929688,822.4500122070312,15977682,SBIN,BSE,nse_dual_list,1d
2024-10-31,820.0,828.0,813.5499877929688,820.2000122070312,13402324,SBIN,BSE,nse_dual_list,1d
2024-11-01,822.4000244140625,825.5999755859375,818.9000244140625,821.2000122070312,1637141,SBIN,BSE,nse_dual_list,1d
2024-11-04,822.7000122070312,837.5,807.0999755859375,829.8499755859375,14498161,SBIN,BSE,nse_dual_list,1d
2024-11-05,829.8499755859375,851.4000244140625,826.25,849.2000122070312,26254561,SBIN,BSE,nse_dual_list,1d
2024-11-06,849.2000122070312,861.4000244140625,846.2000122070312,854.7999877929688,15002433,SBIN,BSE,nse_dual_list,1d
2024-11-07,861.0,862.4000244140625,846.7000122070312,859.5999755859375,15283847,SBIN,BSE,nse_dual_list,1d
2024-11-08,859.5999755859375,863.5,834.2000122070312,843.1500244140625,26139105,SBIN,BSE,nse_dual_list,1d
2024-11-11,846.0,854.0,842.0,847.6500244140625,12621337,SBIN,BSE,nse_dual_list,1d
2024-11-12,852.5,853.4000244140625,824.2999877929688,826.7000122070312,11350729,SBIN,BSE,nse_dual_list,1d
2024-11-13,823.3499755859375,831.75,804.6500244140625,808.6500244140625,13756706,SBIN,BSE,nse_dual_list,1d
2024-11-14,808.6500244140625,818.0,801.0499877929688,804.25,9461484,SBIN,BSE,nse_dual_list,1d
2024-11-18,811.0,816.7000122070312,799.25,814.2999877929688,9322451,SBIN,BSE,nse_dual_list,1d
2024-11-19,819.0,820.2999877929688,800.0999755859375,803.0,13677029,SBIN,BSE,nse_dual_list,1d
2024-11-21,798.5,798.5,761.5499877929688,780.75,29486577,SBIN,BSE,nse_dual_list,1d
2024-11-22,786.0,819.9500122070312,784.0499877929688,816.0499877929688,20665405,SBIN,BSE,nse_dual_list,1d
2024-11-25,827.0,849.5999755859375,825.6500244140625,844.4500122070312,23434605,SBIN,BSE,nse_dual_list,1d
2024-11-26,844.0,846.7000122070312,835.5499877929688,839.4000244140625,8893744,SBIN,BSE,nse_dual_list,1d
2024-11-27,838.5,842.5,832.0999755859375,834.0999755859375,8375108,SBIN,BSE,nse_dual_list,1d
2024-11-28,834.0999755859375,845.7999877929688,830.5,838.8499755859375,13505677,SBIN,BSE,nse_dual_list,1d
2024-11-29,841.0999755859375,844.0499877929688,831.5499877929688,838.9500122070312,10822949,SBIN,BSE,nse_dual_list,1d
2024-12-02,838.9500122070312,842.0,832.7000122070312,836.4000244140625,6651119,SBIN,BSE,nse_dual_list,1d
2024-12-03,838.0,856.5999755859375,836.9000244140625,853.9500122070312,12186182,SBIN,BSE,nse_dual_list,1d
2024-12-04,853.9500122070312,864.0,850.2999877929688,859.7000122070312,10749716,SBIN,BSE,nse_dual_list,1d
2024-12-05,860.0,871.4500122070312,855.5999755859375,865.4500122070312,14716036,SBIN,BSE,nse_dual_list,1d
2024-12-06,865.25,875.4500122070312,857.0,863.6500244140625,14520568,SBIN,BSE,nse_dual_list,1d
2024-12-09,859.0,866.8499755859375,856.9500122070312,858.0499877929688,9630346,SBIN,BSE,nse_dual_list,1d
2024-12-10,861.7999877929688,868.9500122070312,858.0499877929688,867.5,7379849,SBIN,BSE,nse_dual_list,1d
2024-12-11,867.5,869.8499755859375,860.9500122070312,861.5999755859375,7006973,SBIN,BSE,nse_dual_list,1d
2024-12-12,861.5,864.2999877929688,851.1500244140625,853.7000122070312,8845103,SBIN,BSE,nse_dual_list,1d
2024-12-13,852.5999755859375,862.9000244140625,835.0,861.5499877929688,9379370,SBIN,BSE,nse_dual_list,1d
2024-12-16,859.7999877929688,866.4000244140625,857.7999877929688,860.9500122070312,6432713,SBIN,BSE,nse_dual_list,1d
2024-12-17,858.5499877929688,862.5999755859375,847.0499877929688,850.5499877929688,8791216,SBIN,BSE,nse_dual_list,1d
2024-12-18,851.0,852.0,837.0,838.1500244140625,8295338,SBIN,BSE,nse_dual_list,1d
2024-12-19,824.5999755859375,838.0,820.2000122070312,832.7999877929688,9453398,SBIN,BSE,nse_dual_list,1d
2024-12-20,834.9000244140625,836.0,810.0,812.0,10244198,SBIN,BSE,nse_dual_list,1d
2024-12-23,817.2999877929688,824.0,812.2000122070312,821.1500244140625,4933200,SBIN,BSE,nse_dual_list,1d
2024-12-24,824.25,826.2000122070312,809.2000122070312,812.0499877929688,10602771,SBIN,BSE,nse_dual_list,1d
2024-12-26,813.0,822.8499755859375,808.0,812.4500122070312,8318714,SBIN,BSE,nse_dual_list,1d
2024-12-27,816.2999877929688,818.2999877929688,797.2000122070312,799.6500244140625,10649800,SBIN,BSE,nse_dual_list,1d
2024-12-30,802.0,807.9500122070312,785.0,788.2999877929688,21515438,SBIN,BSE,nse_dual_list,1d
2024-12-31,786.9500122070312,799.2000122070312,786.0,794.9500122070312,9086044,SBIN,BSE,nse_dual_list,1d
2025-01-01,795.5499877929688,798.6500244140625,789.5,793.2000122070312,7273098,SBIN,BSE,nse_dual_list,1d
2025-01-02,795.0,802.4000244140625,787.0,801.2000122070312,11398319,SBIN,BSE,nse_dual_list,1d
2025-01-03,801.2000122070312,809.5,792.1500244140625,793.4000244140625,13336514,SBIN,BSE,nse_dual_list,1d
2025-01-06,797.4000244140625,797.5999755859375,773.1500244140625,776.4000244140625,11419367,SBIN,BSE,nse_dual_list,1d
2025-01-07,779.8499755859375,783.8499755859375,774.8499755859375,778.75,9669152,SBIN,BSE,nse_dual_list,1d
2025-01-08,780.9000244140625,783.9500122070312,760.0999755859375,771.1500244140625,15641490,SBIN,BSE,nse_dual_list,1d
2025-01-09,771.1500244140625,771.3499755859375,726.25,760.4500122070312,15351029,SBIN,BSE,nse_dual_list,1d
2025-01-10,760.3499755859375,763.4000244140625,742.0499877929688,743.25,11779296,SBIN,BSE,nse_dual_list,1d
2025-01-13,741.5,743.9500122070312,722.5,729.5,10414733,SBIN,BSE,nse_dual_list,1d
2025-01-14,732.9500122070312,757.0,732.9500122070312,748.1500244140625,11960975,SBIN,BSE,nse_dual_list,1d
2025-01-15,753.1500244140625,758.9000244140625,750.0,753.7000122070312,7792299,SBIN,BSE,nse_dual_list,1d
2025-01-16,760.4000244140625,776.7000122070312,760.4000244140625,766.2999877929688,11816079,SBIN,BSE,nse_dual_list,1d
2025-01-17,766.2999877929688,767.9500122070312,759.4000244140625,764.0999755859375,5766573,SBIN,BSE,nse_dual_list,1d
2025-01-20,769.0,785.0,767.8499755859375,779.25,9198929,SBIN,BSE,nse_dual_list,1d
2025-01-21,784.7999877929688,784.9000244140625,756.0499877929688,759.0499877929688,13751780,SBIN,BSE,nse_dual_list,1d
2025-01-22,762.0,763.0,738.0,753.4500122070312,9908339,SBIN,BSE,nse_dual_list,1d
2025-01-23,750.0,755.6500244140625,743.0999755859375,745.9000244140625,10986405,SBIN,BSE,nse_dual_list,1d
2025-01-24,749.9000244140625,753.7000122070312,739.0,744.1500244140625,10579213,SBIN,BSE,nse_dual_list,1d
2025-01-27,740.0,755.3499755859375,735.9000244140625,749.2000122070312,11433353,SBIN,BSE,nse_dual_list,1d
2025-01-28,757.0,759.75,745.4000244140625,752.4000244140625,14140860,SBIN,BSE,nse_dual_list,1d
2025-01-29,753.0,760.7999877929688,749.7999877929688,758.4500122070312,9251973,SBIN,BSE,nse_dual_list,1d
2025-01-30,758.5499877929688,765.0,754.75,762.5999755859375,11085824,SBIN,BSE,nse_dual_list,1d
2025-01-31,764.9000244140625,777.5499877929688,759.5,772.9000244140625,10083763,SBIN,BSE,nse_dual_list,1d
2025-02-01,774.7999877929688,778.75,752.1500244140625,766.0,9363077,SBIN,BSE,nse_dual_list,1d
2025-02-03,762.7999877929688,762.7999877929688,753.1500244140625,760.9500122070312,7862190,SBIN,BSE,nse_dual_list,1d
2025-02-04,767.0,781.25,765.6500244140625,779.2000122070312,12020807,SBIN,BSE,nse_dual_list,1d
2025-02-05,780.0,782.0,765.0,766.0499877929688,13419162,SBIN,BSE,nse_dual_list,1d
2025-02-06,769.0,770.8499755859375,750.0499877929688,752.25,32745391,SBIN,BSE,nse_dual_list,1d
2025-02-07,759.7999877929688,759.9000244140625,731.75,737.2000122070312,37240692,SBIN,BSE,nse_dual_list,1d
2025-02-10,740.0,743.9000244140625,733.4000244140625,736.7999877929688,12667049,SBIN,BSE,nse_dual_list,1d
2025-02-11,737.4500122070312,740.1500244140625,726.5499877929688,731.0999755859375,13017060,SBIN,BSE,nse_dual_list,1d
2025-02-12,733.1500244140625,738.7000122070312,717.1500244140625,733.1500244140625,12697743,SBIN,BSE,nse_dual_list,1d
2025-02-13,734.4000244140625,737.5,726.1500244140625,727.6500244140625,12370571,SBIN,BSE,nse_dual_list,1d
2025-02-14,730.9500122070312,732.9000244140625,716.2000122070312,722.1500244140625,10417539,SBIN,BSE,nse_dual_list,1d
2025-02-17,719.0499877929688,728.75,711.5499877929688,727.7000122070312,9093600,SBIN,BSE,nse_dual_list,1d
2025-02-18,727.7000122070312,728.25,717.3499755859375,725.7999877929688,8562003,SBIN,BSE,nse_dual_list,1d
2025-02-19,722.0499877929688,734.8499755859375,722.0499877929688,727.2999877929688,6766606,SBIN,BSE,nse_dual_list,1d
2025-02-20,724.9000244140625,731.5,723.3499755859375,729.7000122070312,7423268,SBIN,BSE,nse_dual_list,1d
2025-02-21,727.2999877929688,731.7000122070312,720.0,722.0,6571602,SBIN,BSE,nse_dual_list,1d
2025-02-24,710.5,719.75,710.5,716.4000244140625,6912148,SBIN,BSE,nse_dual_list,1d
2025-02-25,718.9500122070312,718.9500122070312,710.0,710.9000244140625,8599635,SBIN,BSE,nse_dual_list,1d
2025-02-27,716.0,717.7000122070312,701.0999755859375,703.9000244140625,12033139,SBIN,BSE,nse_dual_list,1d
2025-02-28,700.9000244140625,701.3499755859375,682.5999755859375,688.7999877929688,15780609,SBIN,BSE,nse_dual_list,1d
2025-03-03,690.1500244140625,697.4000244140625,680.0,695.2999877929688,10598479,SBIN,BSE,nse_dual_list,1d
2025-03-04,693.0,718.4500122070312,692.0999755859375,716.0499877929688,14386214,SBIN,BSE,nse_dual_list,1d
2025-03-05,717.5499877929688,731.2999877929688,717.0,730.3499755859375,10409805,SBIN,BSE,nse_dual_list,1d
2025-03-06,736.0,736.75,727.0,732.0499877929688,10928847,SBIN,BSE,nse_dual_list,1d
2025-03-07,732.0499877929688,734.8499755859375,728.0,732.75,7246729,SBIN,BSE,nse_dual_list,1d
2025-03-10,732.75,738.5,726.5999755859375,728.9000244140625,7400109,SBIN,BSE,nse_dual_list,1d
2025-03-11,724.9000244140625,734.0499877929688,722.7000122070312,729.8499755859375,5538789,SBIN,BSE,nse_dual_list,1d
2025-03-12,730.5999755859375,737.0,719.0499877929688,723.0499877929688,5547762,SBIN,BSE,nse_dual_list,1d
2025-03-13,725.9000244140625,731.4500122070312,724.5,727.8499755859375,5908337,SBIN,BSE,nse_dual_list,1d
2025-03-17,728.9000244140625,731.25,722.2999877929688,723.1500244140625,5149563,SBIN,BSE,nse_dual_list,1d
2025-03-18,723.1500244140625,723.1500244140625,723.1500244140625,723.1500244140625,0,SBIN,BSE,nse_dual_list,1d
2025-03-19,739.5999755859375,749.2999877929688,739.0999755859375,745.0999755859375,7604850,SBIN,BSE,nse_dual_list,1d
2025-03-20,748.0,752.7000122070312,744.2000122070312,749.5499877929688,6963197,SBIN,BSE,nse_dual_list,1d
2025-03-21,749.9500122070312,755.5999755859375,747.0,753.2000122070312,9577327,SBIN,BSE,nse_dual_list,1d
2025-03-24,758.0,782.9500122070312,755.0999755859375,780.7999877929688,12095064,SBIN,BSE,nse_dual_list,1d
2025-03-25,783.9000244140625,786.0,769.2000122070312,772.8499755859375,15190143,SBIN,BSE,nse_dual_list,1d
2025-03-26,772.0,776.0499877929688,761.4500122070312,764.0,7711852,SBIN,BSE,nse_dual_list,1d
2025-03-27,763.7999877929688,775.7999877929688,760.5,772.2999877929688,15648616,SBIN,BSE,nse_dual_list,1d
2025-03-28,772.0999755859375,778.5999755859375,767.0,771.5,7628185,SBIN,BSE,nse_dual_list,1d
2025-04-01,766.7999877929688,782.75,763.2000122070312,771.7000122070312,7011125,SBIN,BSE,nse_dual_list,1d
2025-04-02,772.2999877929688,777.0,764.2999877929688,775.9500122070312,5458436,SBIN,BSE,nse_dual_list,1d
2025-04-03,770.0,784.7000122070312,769.9500122070312,779.2000122070312,7956680,SBIN,BSE,nse_dual_list,1d
2025-04-04,779.0999755859375,782.9000244140625,765.0,767.4500122070312,8231194,SBIN,BSE,nse_dual_list,1d
2025-04-07,730.0,753.7000122070312,730.0,746.9000244140625,14923235,SBIN,BSE,nse_dual_list,1d
2025-04-08,760.0,774.0,758.1500244140625,768.5999755859375,12911288,SBIN,BSE,nse_dual_list,1d
2025-04-09,767.0,767.9500122070312,741.0,742.2000122070312,11319387,SBIN,BSE,nse_dual_list,1d
2025-04-11,759.0,759.7000122070312,746.0,753.8499755859375,9360327,SBIN,BSE,nse_dual_list,1d
2025-04-15,770.0,770.7000122070312,757.0999755859375,763.5,7859090,SBIN,BSE,nse_dual_list,1d
2025-04-16,763.5,774.75,760.5,771.75,12536694,SBIN,BSE,nse_dual_list,1d
2025-04-17,772.0,801.0,767.1500244140625,797.4500122070312,27034818,SBIN,BSE,nse_dual_list,1d
2025-04-21,803.0,824.3499755859375,801.4000244140625,816.7000122070312,16398507,SBIN,BSE,nse_dual_list,1d
2025-04-22,821.1500244140625,835.5,814.0,822.4000244140625,25117557,SBIN,BSE,nse_dual_list,1d
2025-04-23,826.0,831.0,810.0999755859375,813.4500122070312,12104382,SBIN,BSE,nse_dual_list,1d
2025-04-24,812.75,819.0,811.1500244140625,813.4000244140625,12713521,SBIN,BSE,nse_dual_list,1d
2025-04-25,815.0,819.0,787.0,798.6500244140625,13131038,SBIN,BSE,nse_dual_list,1d
2025-04-28,798.6500244140625,822.7999877929688,797.4000244140625,817.3499755859375,11317611,SBIN,BSE,nse_dual_list,1d
2025-04-29,820.0,829.0,809.0,812.5499877929688,11283059,SBIN,BSE,nse_dual_list,1d
2025-04-30,811.5,811.5,784.5,788.6500244140625,25635764,SBIN,BSE,nse_dual_list,1d
2025-05-02,790.3499755859375,803.4000244140625,789.0,796.7000122070312,14720184,SBIN,BSE,nse_dual_list,1d
2025-05-05,782.0,799.0,782.0,790.0,23986447,SBIN,BSE,nse_dual_list,1d
2025-05-06,793.9500122070312,799.1500244140625,771.0999755859375,774.0999755859375,18869468,SBIN,BSE,nse_dual_list,1d
2025-05-07,765.2999877929688,782.4000244140625,764.5499877929688,776.0999755859375,15586266,SBIN,BSE,nse_dual_list,1d
2025-05-08,779.0,786.5,764.0,769.0,14491673,SBIN,BSE,nse_dual_list,1d
2025-05-09,756.5,781.7000122070312,755.5,779.25,13578216,SBIN,BSE,nse_dual_list,1d
2025-05-12,799.0,803.9000244140625,793.0,801.6500244140625,15096824,SBIN,BSE,nse_dual_list,1d
2025-05-13,798.5999755859375,807.6500244140625,797.2000122070312,801.75,13909596,SBIN,BSE,nse_dual_list,1d
2025-05-14,805.75,807.5,796.2999877929688,800.7000122070312,9281719,SBIN,BSE,nse_dual_list,1d
2025-05-15,804.4500122070312,809.4500122070312,794.5,807.75,17058854,SBIN,BSE,nse_dual_list,1d
2025-05-16,804.0,804.0,791.0,792.0999755859375,14733924,SBIN,BSE,nse_dual_list,1d
2025-05-19,792.0999755859375,801.4000244140625,792.0999755859375,795.0,10666184,SBIN,BSE,nse_dual_list,1d
2025-05-20,798.1500244140625,799.4000244140625,783.7999877929688,785.6500244140625,11324667,SBIN,BSE,nse_dual_list,1d
2025-05-21,787.0,791.0,779.0999755859375,787.0999755859375,8206040,SBIN,BSE,nse_dual_list,1d
2025-05-22,788.0,788.2000122070312,780.2999877929688,785.25,7355826,SBIN,BSE,nse_dual_list,1d
2025-05-23,787.9000244140625,794.9500122070312,786.2000122070312,790.5,5534158,SBIN,BSE,nse_dual_list,1d
2025-05-26,792.0,797.5499877929688,789.2000122070312,794.4000244140625,4965466,SBIN,BSE,nse_dual_list,1d
2025-05-27,794.4000244140625,801.3499755859375,790.0499877929688,793.7000122070312,11995043,SBIN,BSE,nse_dual_list,1d
2025-05-28,794.5,798.9000244140625,792.6500244140625,796.5499877929688,6873519,SBIN,BSE,nse_dual_list,1d
2025-05-29,799.0,800.4000244140625,791.3499755859375,797.3499755859375,14034127,SBIN,BSE,nse_dual_list,1d
2025-05-30,798.0,814.5,792.5999755859375,812.2999877929688,22037314,SBIN,BSE,nse_dual_list,1d
2025-06-02,812.8499755859375,822.5499877929688,809.2000122070312,813.6500244140625,26891575,SBIN,BSE,nse_dual_list,1d
2025-06-03,816.2000122070312,818.4000244140625,805.1500244140625,809.7999877929688,14247597,SBIN,BSE,nse_dual_list,1d
2025-06-04,817.0,817.0,805.25,806.5,9607927,SBIN,BSE,nse_dual_list,1d
2025-06-05,808.7000122070312,811.7000122070312,802.8499755859375,806.0,13595507,SBIN,BSE,nse_dual_list,1d
2025-06-06,806.6500244140625,816.4500122070312,803.0999755859375,813.0499877929688,17163935,SBIN,BSE,nse_dual_list,1d
2025-06-09,817.4000244140625,824.5,815.7000122070312,820.0499877929688,12793040,SBIN,BSE,nse_dual_list,1d
2025-06-10,821.0,822.0499877929688,814.5999755859375,817.0499877929688,6560513,SBIN,BSE,nse_dual_list,1d
2025-06-11,817.0,820.5999755859375,813.0499877929688,815.0499877929688,7197825,SBIN,BSE,nse_dual_list,1d
2025-06-12,816.0,816.5,801.2000122070312,805.9500122070312,13448521,SBIN,BSE,nse_dual_list,1d
2025-06-13,786.25,796.2999877929688,786.25,792.3499755859375,11377117,SBIN,BSE,nse_dual_list,1d
2025-06-16,792.5,795.4000244140625,786.1500244140625,792.5,8085001,SBIN,BSE,nse_dual_list,1d
2025-06-17,794.0,798.8499755859375,790.5499877929688,792.2999877929688,7753156,SBIN,BSE,nse_dual_list,1d
2025-06-18,792.5,795.5,788.3499755859375,791.9000244140625,5710169,SBIN,BSE,nse_dual_list,1d
2025-06-19,792.3499755859375,793.25,781.7000122070312,785.0999755859375,11824333,SBIN,BSE,nse_dual_list,1d
2025-06-20,787.5,799.4500122070312,786.0999755859375,796.1500244140625,11367669,SBIN,BSE,nse_dual_list,1d
2025-06-23,790.0,794.9500122070312,788.5,790.2000122070312,5549253,SBIN,BSE,nse_dual_list,1d
2025-06-24,799.0,806.6500244140625,793.6500244140625,795.4000244140625,11402190,SBIN,BSE,nse_dual_list,1d
2025-06-25,799.5,803.7999877929688,796.0999755859375,800.0499877929688,6528324,SBIN,BSE,nse_dual_list,1d
2025-06-26,802.0,803.3499755859375,791.4000244140625,797.0499877929688,24704402,SBIN,BSE,nse_dual_list,1d
2025-06-27,805.0,809.4500122070312,802.6500244140625,805.4000244140625,19375990,SBIN,BSE,nse_dual_list,1d
2025-06-30,809.0,821.0,807.0499877929688,820.3499755859375,19652607,SBIN,BSE,nse_dual_list,1d
2025-07-01,820.0,824.9000244140625,813.25,820.2999877929688,11456405,SBIN,BSE,nse_dual_list,1d
2025-07-02,821.0,824.0499877929688,809.0,812.9000244140625,6661200,SBIN,BSE,nse_dual_list,1d
2025-07-03,813.5,814.5,805.7999877929688,807.0999755859375,7020403,SBIN,BSE,nse_dual_list,1d
2025-07-04,808.75,813.8499755859375,804.0999755859375,811.8499755859375,4319538,SBIN,BSE,nse_dual_list,1d
2025-07-07,811.2000122070312,812.6500244140625,805.1500244140625,806.8499755859375,4461783,SBIN,BSE,nse_dual_list,1d
2025-07-08,807.9000244140625,813.5499877929688,805.3499755859375,812.6500244140625,5935770,SBIN,BSE,nse_dual_list,1d
2025-07-09,810.0,812.4500122070312,809.0,810.9500122070312,4099112,SBIN,BSE,nse_dual_list,1d
2025-07-10,811.2999877929688,815.5,806.9000244140625,808.0,12178137,SBIN,BSE,nse_dual_list,1d
2025-07-11,807.5499877929688,812.5499877929688,804.5499877929688,808.6500244140625,6202372,SBIN,BSE,nse_dual_list,1d
2025-07-14,809.7999877929688,815.5,808.0,808.8499755859375,6938635,SBIN,BSE,nse_dual_list,1d
2025-07-15,811.0,821.0,810.5,816.4500122070312,9297645,SBIN,BSE,nse_dual_list,1d
2025-07-16,816.0,834.2000122070312,815.2999877929688,831.7000122070312,16458920,SBIN,BSE,nse_dual_list,1d
2025-07-17,838.4000244140625,842.5,826.3499755859375,829.0,23073718,SBIN,BSE,nse_dual_list,1d
2025-07-18,832.0,832.6500244140625,820.25,823.3499755859375,15387801,SBIN,BSE,nse_dual_list,1d
2025-07-21,823.0,827.3499755859375,817.9500122070312,824.2000122070312,8852594,SBIN,BSE,nse_dual_list,1d
2025-07-22,827.5,828.0499877929688,814.0,815.0,7851163,SBIN,BSE,nse_dual_list,1d
2025-07-23,812.5,825.2000122070312,811.5,820.6500244140625,15470390,SBIN,BSE,nse_dual_list,1d
2025-07-24,820.0,821.9500122070312,810.6500244140625,815.7000122070312,10118309,SBIN,BSE,nse_dual_list,1d
2025-07-25,815.0,819.2000122070312,805.5,806.5499877929688,6734439,SBIN,BSE,nse_dual_list,1d
2025-07-28,806.5499877929688,808.9500122070312,796.0,797.1500244140625,7734158,SBIN,BSE,nse_dual_list,1d
2025-07-29,796.2000122070312,800.0,793.0999755859375,799.2000122070312,7833759,SBIN,BSE,nse_dual_list,1d
2025-07-30,798.9500122070312,803.4000244140625,796.2000122070312,801.6500244140625,8743723,SBIN,BSE,nse_dual_list,1d
2025-07-31,795.0999755859375,803.7999877929688,792.5499877929688,796.5499877929688,11359112,SBIN,BSE,nse_dual_list,1d
2025-08-01,795.7000122070312,801.0,792.0,794.0,15468391,SBIN,BSE,nse_dual_list,1d
2025-08-04,794.5,797.2000122070312,786.5499877929688,795.7000122070312,8820724,SBIN,BSE,nse_dual_list,1d
2025-08-05,798.0,804.0499877929688,796.2999877929688,800.5999755859375,7381537,SBIN,BSE,nse_dual_list,1d
2025-08-06,800.9500122070312,810.2000122070312,799.0,805.1500244140625,7409396,SBIN,BSE,nse_dual_list,1d
2025-08-07,801.0999755859375,806.6500244140625,793.4000244140625,805.1500244140625,7091392,SBIN,BSE,nse_dual_list,1d
2025-08-08,805.0,807.7999877929688,790.0,804.2999877929688,15708181,SBIN,BSE,nse_dual_list,1d
2025-08-11,808.0,825.0,808.0,823.4500122070312,15236297,SBIN,BSE,nse_dual_list,1d
2025-08-12,824.9500122070312,825.5,820.0,820.5999755859375,7986728,SBIN,BSE,nse_dual_list,1d
2025-08-13,822.6500244140625,824.9500122070312,820.6500244140625,821.8499755859375,4447508,SBIN,BSE,nse_dual_list,1d
2025-08-14,822.0,828.0,819.0999755859375,826.5499877929688,7087573,SBIN,BSE,nse_dual_list,1d
2025-08-18,836.0,838.0,825.1500244140625,827.6500244140625,6138124,SBIN,BSE,nse_dual_list,1d
2025-08-19,827.5,831.0,825.7999877929688,830.4000244140625,5076681,SBIN,BSE,nse_dual_list,1d
2025-08-20,828.7000122070312,831.9000244140625,827.4000244140625,828.9500122070312,4493888,SBIN,BSE,nse_dual_list,1d
2025-08-21,828.9500122070312,833.25,824.0499877929688,825.7000122070312,4402511,SBIN,BSE,nse_dual_list,1d
2025-08-22,824.0,826.0,815.7000122070312,816.25,5097647,SBIN,BSE,nse_dual_list,1d
2025-08-25,817.4500122070312,820.5,814.2000122070312,816.4500122070312,5672898,SBIN,BSE,nse_dual_list,1d
2025-08-26,814.8499755859375,815.8499755859375,806.75,807.8499755859375,6997817,SBIN,BSE,nse_dual_list,1d
2025-08-28,807.25,811.0,800.6500244140625,801.9500122070312,7898436,SBIN,BSE,nse_dual_list,1d
2025-08-29,800.7000122070312,806.7000122070312,798.5,802.5,6861440,SBIN,BSE,nse_dual_list,1d
2025-09-01,803.0999755859375,808.2999877929688,802.6500244140625,806.0499877929688,5619805,SBIN,BSE,nse_dual_list,1d
2025-09-02,806.2999877929688,810.5,802.6500244140625,803.9000244140625,5075460,SBIN,BSE,nse_dual_list,1d
2025-09-03,804.2999877929688,813.2999877929688,803.0,812.1500244140625,4261589,SBIN,BSE,nse_dual_list,1d
2025-09-04,814.6500244140625,816.75,808.0,809.4000244140625,4471950,SBIN,BSE,nse_dual_list,1d
2025-09-05,811.5,812.5,803.6500244140625,806.5999755859375,5194842,SBIN,BSE,nse_dual_list,1d
2025-09-08,808.0,813.8499755859375,806.7999877929688,808.7999877929688,4614227,SBIN,BSE,nse_dual_list,1d
2025-09-09,812.0,812.3499755859375,805.5999755859375,808.8499755859375,4567272,SBIN,BSE,nse_dual_list,1d
2025-09-10,812.0,824.5999755859375,810.4000244140625,818.2000122070312,7285853,SBIN,BSE,nse_dual_list,1d
2025-09-11,819.0999755859375,825.7000122070312,819.0,823.6500244140625,7425055,SBIN,BSE,nse_dual_list,1d
2025-09-12,824.0999755859375,825.7999877929688,819.7999877929688,823.5499877929688,5078018,SBIN,BSE,nse_dual_list,1d
2025-09-15,823.5499877929688,827.7999877929688,821.0999755859375,824.75,3852494,SBIN,BSE,nse_dual_list,1d
2025-09-16,825.0999755859375,833.0,821.6500244140625,831.5499877929688,9467531,SBIN,BSE,nse_dual_list,1d
2025-09-17,834.2999877929688,858.1500244140625,831.0,857.1500244140625,17243938,SBIN,BSE,nse_dual_list,1d
2025-09-18,858.6500244140625,860.7999877929688,851.0999755859375,854.3499755859375,10400847,SBIN,BSE,nse_dual_list,1d
2025-09-19,852.0,864.4500122070312,849.2999877929688,862.3499755859375,15206426,SBIN,BSE,nse_dual_list,1d
2025-09-22,862.0,868.2000122070312,854.0,855.25,6594034,SBIN,BSE,nse_dual_list,1d
2025-09-23,854.5999755859375,874.25,851.2000122070312,870.5999755859375,14357863,SBIN,BSE,nse_dual_list,1d
2025-09-24,876.0,880.5,864.4500122070312,866.2000122070312,12840160,SBIN,BSE,nse_dual_list,1d
2025-09-25,866.5499877929688,870.1500244140625,859.9500122070312,861.1500244140625,8678821,SBIN,BSE,nse_dual_list,1d
2025-09-26,862.0,864.3499755859375,853.0,856.9500122070312,6959545,SBIN,BSE,nse_dual_list,1d
2025-09-29,858.0499877929688,873.5,856.0,870.75,22641712,SBIN,BSE,nse_dual_list,1d
2025-09-30,869.9500122070312,877.5999755859375,867.5999755859375,872.4500122070312,12831593,SBIN,BSE,nse_dual_list,1d
2025-10-01,872.2999877929688,876.4500122070312,862.7999877929688,864.0999755859375,10832384,SBIN,BSE,nse_dual_list,1d
2025-10-03,865.1500244140625,873.0,863.7999877929688,867.2999877929688,8019442,SBIN,BSE,nse_dual_list,1d
2025-10-06,868.0,875.2999877929688,862.7999877929688,874.0499877929688,7820352,SBIN,BSE,nse_dual_list,1d
2025-10-07,874.1500244140625,877.0,863.0,864.7000122070312,9242580,SBIN,BSE,nse_dual_list,1d
2025-10-08,866.7999877929688,867.7999877929688,857.25,858.25,7156112,SBIN,BSE,nse_dual_list,1d
2025-10-09,861.5999755859375,865.7999877929688,858.0999755859375,862.0999755859375,7020501,SBIN,BSE,nse_dual_list,1d
2025-10-10,862.0999755859375,883.75,861.2999877929688,880.6500244140625,13713015,SBIN,BSE,nse_dual_list,1d
2025-10-13,879.0,888.0999755859375,876.0,882.9500122070312,11923143,SBIN,BSE,nse_dual_list,1d
2025-10-14,883.0,884.1500244140625,872.0999755859375,876.9500122070312,7681973,SBIN,BSE,nse_dual_list,1d
2025-10-15,878.0999755859375,887.5,877.0499877929688,886.0999755859375,8269225,SBIN,BSE,nse_dual_list,1d
2025-10-16,888.2999877929688,891.8499755859375,882.4500122070312,886.9500122070312,8493686,SBIN,BSE,nse_dual_list,1d
2025-10-17,887.5,894.75,883.0,889.1500244140625,8511854,SBIN,BSE,nse_dual_list,1d
2025-10-20,894.5999755859375,913.6500244140624,891.0499877929688,907.5,13546463,SBIN,BSE,nse_dual_list,1d
2025-10-21,908.0,910.0,906.4000244140624,907.8499755859376,1783576,SBIN,BSE,nse_dual_list,1d
2025-10-23,912.0,918.0,904.7999877929688,911.5499877929688,13382769,SBIN,BSE,nse_dual_list,1d
2025-10-24,910.9500122070312,914.0999755859376,900.9500122070312,904.5,5313227,SBIN,BSE,nse_dual_list,1d
2025-10-27,906.9500122070312,928.0,906.0,922.75,9150761,SBIN,BSE,nse_dual_list,1d
2025-10-28,927.0999755859376,935.8499755859376,917.7000122070312,930.25,22066289,SBIN,BSE,nse_dual_list,1d
2025-10-29,933.9000244140624,942.0499877929688,930.25,939.75,12314222,SBIN,BSE,nse_dual_list,1d
2025-10-30,939.4500122070312,944.9000244140624,933.0499877929688,934.3499755859376,13044473,SBIN,BSE,nse_dual_list,1d
2025-10-31,934.9000244140624,946.7000122070312,930.25,937.0,12078252,SBIN,BSE,nse_dual_list,1d
2025-11-03,938.75,953.4000244140624,937.5,949.7000122070312,11744735,SBIN,BSE,nse_dual_list,1d
2025-11-04,951.0,959.2999877929688,941.5,957.5999755859376,19154518,SBIN,BSE,nse_dual_list,1d
2025-11-06,969.6500244140624,971.4000244140624,955.2999877929688,960.75,23088096,SBIN,BSE,nse_dual_list,1d
2025-11-07,958.75,964.8499755859376,944.0,955.8499755859376,13371323,SBIN,BSE,nse_dual_list,1d
2025-11-10,956.0,963.2000122070312,949.0999755859376,951.1500244140624,7343249,SBIN,BSE,nse_dual_list,1d
2025-11-11,953.5999755859376,954.9500122070312,945.0499877929688,953.2999877929688,8648917,SBIN,BSE,nse_dual_list,1d
2025-11-12,957.7000122070312,961.5499877929688,951.4000244140624,957.1500244140624,7043323,SBIN,BSE,nse_dual_list,1d
2025-11-13,954.25,963.9500122070312,952.4500122070312,954.0,8894441,SBIN,BSE,nse_dual_list,1d
2025-11-14,952.9500122070312,969.0499877929688,952.0,967.8499755859376,11032927,SBIN,BSE,nse_dual_list,1d
2025-11-17,971.0,976.0,968.5,973.3499755859376,7415026,SBIN,BSE,nse_dual_list,1d
2025-11-18,975.5999755859376,976.7000122070312,968.8499755859376,972.4500122070312,6594686,SBIN,BSE,nse_dual_list,1d
2025-11-19,972.4500122070312,984.4500122070312,968.7999877929688,982.75,8291226,SBIN,BSE,nse_dual_list,1d
2025-11-20,986.0,986.5999755859376,979.3499755859376,981.5499877929688,6440857,SBIN,BSE,nse_dual_list,1d
2025-11-21,979.7000122070312,980.5999755859376,971.0499877929688,972.5999755859376,5377241,SBIN,BSE,nse_dual_list,1d
2025-11-24,975.5499877929688,977.7000122070312,968.0499877929688,970.5999755859376,9901946,SBIN,BSE,nse_dual_list,1d
2025-11-25,975.5499877929688,988.9500122070312,971.3499755859376,983.5999755859376,9140201,SBIN,BSE,nse_dual_list,1d
2025-11-26,986.5999755859376,999.0,982.1500244140624,983.9000244140624,13943490,SBIN,BSE,nse_dual_list,1d
2025-11-27,986.7000122070312,988.5499877929688,968.9000244140624,972.8499755859376,11909168,SBIN,BSE,nse_dual_list,1d
2025-11-28,976.7999877929688,983.0,973.0499877929688,979.0,8117842,SBIN,BSE,nse_dual_list,1d
2025-12-01,985.4500122070312,991.2000122070312,969.8499755859376,973.0999755859376,8808306,SBIN,BSE,nse_dual_list,1d
2025-12-02,976.0,980.4500122070312,964.9000244140624,967.2999877929688,13444314,SBIN,BSE,nse_dual_list,1d
2025-12-03,970.4500122070312,972.5499877929688,947.5499877929688,951.0499877929688,14051968,SBIN,BSE,nse_dual_list,1d
2025-12-04,951.0499877929688,952.5499877929688,944.4500122070312,948.0999755859376,13622724,SBIN,BSE,nse_dual_list,1d
2025-12-05,948.8499755859376,973.2999877929688,946.7000122070312,971.5,17347847,SBIN,BSE,nse_dual_list,1d
2025-12-08,970.8499755859376,972.5,951.7000122070312,956.4000244140624,15386438,SBIN,BSE,nse_dual_list,1d
2025-12-09,954.7999877929688,964.0,950.4500122070312,959.3499755859376,9580294,SBIN,BSE,nse_dual_list,1d
2025-12-10,960.0999755859376,963.9500122070312,955.25,959.75,6989178,SBIN,BSE,nse_dual_list,1d
2025-12-11,962.0999755859376,966.5,958.4500122070312,963.25,5979035,SBIN,BSE,nse_dual_list,1d
2025-12-12,966.0,967.0,958.0,963.1500244140624,5681930,SBIN,BSE,nse_dual_list,1d
2025-12-15,957.25,968.8499755859376,957.25,967.25,4416952,SBIN,BSE,nse_dual_list,1d
2025-12-16,966.0499877929688,969.0,958.0499877929688,961.1500244140624,4764786,SBIN,BSE,nse_dual_list,1d
2025-12-17,965.5499877929688,978.5,964.2999877929688,975.8499755859376,8013382,SBIN,BSE,nse_dual_list,1d
2025-12-18,977.9000244140624,981.4500122070312,973.5,977.5499877929688,4926879,SBIN,BSE,nse_dual_list,1d
2025-12-19,979.9500122070312,982.0,977.0499877929688,980.2999877929688,5376584,SBIN,BSE,nse_dual_list,1d
2025-12-22,981.0999755859376,983.0,972.5499877929688,974.2999877929688,5959037,SBIN,BSE,nse_dual_list,1d
2025-12-23,976.2999877929688,977.5499877929688,970.7000122070312,971.9000244140624,5123287,SBIN,BSE,nse_dual_list,1d
2025-12-24,973.2000122070312,977.2999877929688,967.5,968.9500122070312,4105643,SBIN,BSE,nse_dual_list,1d
2025-12-26,968.9500122070312,971.0,964.75,966.2999877929688,3286321,SBIN,BSE,nse_dual_list,1d
2025-12-29,966.9000244140624,968.9000244140624,961.4500122070312,965.0499877929688,5267233,SBIN,BSE,nse_dual_list,1d
2025-12-30,963.0,976.2000122070312,959.5,973.4500122070312,15030644,SBIN,BSE,nse_dual_list,1d
2025-12-31,975.25,985.6500244140624,973.5,982.2000122070312,5807630,SBIN,BSE,nse_dual_list,1d
2026-01-01,983.2000122070312,987.6500244140624,980.3499755859376,984.75,4328348,SBIN,BSE,nse_dual_list,1d
2026-01-02,984.5,1009.5,983.9500122070312,998.9500122070312,7357435,SBIN,BSE,nse_dual_list,1d
2026-01-05,1000.0,1015.5,1000.0,1005.5499877929688,11259060,SBIN,BSE,nse_dual_list,1d
2026-01-06,1007.9500122070312,1024.0,1004.9500122070312,1018.9000244140624,9575742,SBIN,BSE,nse_dual_list,1d
2026-01-07,1022.7000122070312,1022.7000122070312,1004.0,1007.1500244140624,7896720,SBIN,BSE,nse_dual_list,1d
2026-01-08,1006.5999755859376,1011.5999755859376,995.8499755859376,998.0,6854268,SBIN,BSE,nse_dual_list,1d
2026-01-09,996.0,1008.0,994.0,1000.5,7809460,SBIN,BSE,nse_dual_list,1d
2026-01-12,1008.0,1017.25,996.0,1015.1500244140624,7617922,SBIN,BSE,nse_dual_list,1d
2026-01-13,1022.7999877929688,1029.5,1016.0,1028.449951171875,11016895,SBIN,BSE,nse_dual_list,1d
2026-01-14,1030.0,1030.4000244140625,1020.5,1028.3499755859375,7370514,SBIN,BSE,nse_dual_list,1d
2026-01-15,1028.3499755859375,1028.3499755859375,1028.3499755859375,1028.3499755859375,0,SBIN,BSE,nse_dual_list,1d
2026-01-16,1032.0,1047.449951171875,1028.4000244140625,1042.300048828125,11051580,SBIN,BSE,nse_dual_list,1d
2026-01-19,1035.0,1043.5999755859375,1034.0,1038.4000244140625,5460164,SBIN,BSE,nse_dual_list,1d
2026-01-20,1039.75,1052.0,1033.050048828125,1036.4000244140625,8905718,SBIN,BSE,nse_dual_list,1d
2026-01-21,1032.0,1040.5999755859375,1022.0,1028.6500244140625,7408949,SBIN,BSE,nse_dual_list,1d
2026-01-22,1035.0,1055.5,1034.050048828125,1048.3499755859375,12001641,SBIN,BSE,nse_dual_list,1d
2026-01-23,1051.9000244140625,1053.0,1025.5999755859375,1029.5,10917698,SBIN,BSE,nse_dual_list,1d
2026-01-27,1034.0999755859375,1055.0,1030.25,1053.1500244140625,14420630,SBIN,BSE,nse_dual_list,1d
2026-01-28,1059.4000244140625,1065.5999755859375,1044.1500244140625,1063.5,12171257,SBIN,BSE,nse_dual_list,1d
2026-01-29,1063.0,1075.0,1060.300048828125,1066.199951171875,14800724,SBIN,BSE,nse_dual_list,1d
2026-01-30,1064.0,1082.5,1060.4000244140625,1077.1500244140625,9480769,SBIN,BSE,nse_dual_list,1d
2026-02-02,1019.9000244140624,1031.300048828125,990.0,1028.699951171875,14434549,SBIN,BSE,nse_dual_list,1d
2026-02-03,1087.0,1089.800048828125,1040.300048828125,1064.199951171875,16129381,SBIN,BSE,nse_dual_list,1d
2026-02-04,1064.199951171875,1073.9000244140625,1056.300048828125,1068.199951171875,7312276,SBIN,BSE,nse_dual_list,1d
2026-02-05,1068.199951171875,1081.0,1067.5,1073.5,9551567,SBIN,BSE,nse_dual_list,1d
2026-02-06,1070.0,1073.5999755859375,1051.0,1066.4000244140625,7041557,SBIN,BSE,nse_dual_list,1d
2026-02-09,1120.0,1150.0,1100.5,1146.0,40852966,SBIN,BSE,nse_dual_list,1d
2026-02-10,1151.0,1154.0,1138.0999755859375,1144.0999755859375,17280036,SBIN,BSE,nse_dual_list,1d
2026-02-11,1144.699951171875,1187.5,1142.800048828125,1182.9000244140625,29491859,SBIN,BSE,nse_dual_list,1d
2026-02-12,1183.0,1203.699951171875,1174.800048828125,1192.4000244140625,33214985,SBIN,BSE,nse_dual_list,1d
2026-02-13,1189.0,1201.0,1184.5,1198.5999755859375,18141390,SBIN,BSE,nse_dual_list,1d
2026-02-16,1194.0,1212.300048828125,1185.300048828125,1208.0999755859375,14972739,SBIN,BSE,nse_dual_list,1d
2026-02-17,1206.0999755859375,1225.5,1204.0999755859375,1213.4000244140625,20107196,SBIN,BSE,nse_dual_list,1d
2026-02-18,1218.800048828125,1224.0999755859375,1214.0,1218.9000244140625,10417264,SBIN,BSE,nse_dual_list,1d
2026-02-19,1222.9000244140625,1224.9000244140625,1199.199951171875,1205.699951171875,9630899,SBIN,BSE,nse_dual_list,1d
2026-02-20,1206.199951171875,1218.0,1201.800048828125,1216.0999755859375,9958162,SBIN,BSE,nse_dual_list,1d
2026-02-23,1222.0,1231.0999755859375,1217.0999755859375,1227.800048828125,9733835,SBIN,BSE,nse_dual_list,1d
2026-02-24,1232.0,1234.699951171875,1219.699951171875,1223.300048828125,15788449,SBIN,BSE,nse_dual_list,1d
2026-02-25,1228.0999755859375,1228.0999755859375,1197.5,1200.0999755859375,19581100,SBIN,BSE,nse_dual_list,1d
2026-02-26,1201.0,1215.4000244140625,1188.9000244140625,1209.5,16196052,SBIN,BSE,nse_dual_list,1d
2026-02-27,1207.0,1211.800048828125,1198.5999755859375,1201.699951171875,10700355,SBIN,BSE,nse_dual_list,1d
2026-03-02,1185.0,1197.300048828125,1179.4000244140625,1189.9000244140625,16270835,SBIN,BSE,nse_dual_list,1d
2026-03-04,1172.0999755859375,1182.699951171875,1157.5999755859375,1174.5,13855065,SBIN,BSE,nse_dual_list,1d
2026-03-05,1181.0,1183.199951171875,1150.5999755859375,1169.5,22100665,SBIN,BSE,nse_dual_list,1d
2026-03-06,1168.5,1169.300048828125,1138.0,1143.0,20333328,SBIN,BSE,nse_dual_list,1d
2026-03-09,1115.0,1115.0,1064.300048828125,1098.5,24631198,SBIN,BSE,nse_dual_list,1d
2026-03-10,1111.0999755859375,1119.9000244140625,1104.5,1112.199951171875,17491459,SBIN,BSE,nse_dual_list,1d
2026-03-11,1113.4000244140625,1115.9000244140625,1088.0,1091.0999755859375,8364878,SBIN,BSE,nse_dual_list,1d
2026-03-12,1075.0999755859375,1098.0,1070.5,1085.199951171875,14614140,SBIN,BSE,nse_dual_list,1d
2026-03-13,1077.5,1081.300048828125,1042.300048828125,1047.0,15978675,SBIN,BSE,nse_dual_list,1d
2026-03-16,1048.699951171875,1073.0,1036.0999755859375,1066.699951171875,15322269,SBIN,BSE,nse_dual_list,1d
2026-03-17,1073.9000244140625,1073.9000244140625,1047.0,1064.699951171875,16427877,SBIN,BSE,nse_dual_list,1d
2026-03-18,1067.5,1075.4000244140625,1061.300048828125,1069.800048828125,10749915,SBIN,BSE,nse_dual_list,1d
2026-03-19,1049.5,1059.699951171875,1041.0,1048.9000244140625,13431191,SBIN,BSE,nse_dual_list,1d
2026-03-20,1058.4000244140625,1085.0,1054.0,1058.0,17748625,SBIN,BSE,nse_dual_list,1d
2026-03-23,1039.0,1045.5999755859375,1014.2000122070312,1031.9000244140625,16039603,SBIN,BSE,nse_dual_list,1d
2026-03-24,1055.199951171875,1059.0,1020.0,1030.800048828125,30416734,SBIN,BSE,nse_dual_list,1d
2026-03-25,1043.0,1065.5,1043.0,1060.5999755859375,16205333,SBIN,BSE,nse_dual_list,1d
2026-03-27,1051.300048828125,1055.300048828125,1013.0,1019.5,20445349,SBIN,BSE,nse_dual_list,1d
2026-03-30,1005.0,1009.4000244140624,975.7999877929688,979.4000244140624,21438137,SBIN,BSE,nse_dual_list,1d
2026-04-01,1008.0,1031.0,998.4500122070312,1017.7999877929688,17424479,SBIN,BSE,nse_dual_list,1d
2026-04-02,1000.0,1026.0,977.9000244140624,1018.4000244140624,20777629,SBIN,BSE,nse_dual_list,1d
2026-04-06,1020.0,1035.699951171875,1005.0499877929688,1032.75,23576634,SBIN,BSE,nse_dual_list,1d
2026-04-07,1025.0,1033.699951171875,1012.0,1030.4000244140625,15021291,SBIN,BSE,nse_dual_list,1d
2026-04-08,1074.0,1077.800048828125,1059.449951171875,1061.449951171875,28533742,SBIN,BSE,nse_dual_list,1d
2026-04-09,1060.0999755859375,1064.3499755859375,1038.300048828125,1040.949951171875,24772948,SBIN,BSE,nse_dual_list,1d
2026-04-10,1049.0,1069.449951171875,1046.1500244140625,1066.699951171875,17861336,SBIN,BSE,nse_dual_list,1d
2026-04-13,1042.0,1067.25,1030.0,1063.550048828125,17763348,SBIN,BSE,nse_dual_list,1d
2026-04-15,1076.0,1088.0,1068.199951171875,1071.5,16195810,SBIN,BSE,nse_dual_list,1d
2026-04-16,1078.0,1084.1500244140625,1062.0,1067.1500244140625,20313165,SBIN,BSE,nse_dual_list,1d
2026-04-17,1067.0,1082.1500244140625,1060.0,1080.25,16823879,SBIN,BSE,nse_dual_list,1d
2026-04-20,1080.300048828125,1120.949951171875,1075.8499755859375,1107.8499755859375,31179584,SBIN,BSE,nse_dual_list,1d
2026-04-21,1113.4000244140625,1114.75,1105.949951171875,1111.8499755859375,16963734,SBIN,BSE,nse_dual_list,1d
2026-04-22,1110.0,1117.8499755859375,1100.0999755859375,1103.300048828125,12412659,SBIN,BSE,nse_dual_list,1d
2026-04-23,1095.0,1101.9000244140625,1082.199951171875,1094.25,13669001,SBIN,BSE,nse_dual_list,1d
2026-04-24,1091.3499755859375,1106.0,1090.050048828125,1101.0999755859375,13774745,SBIN,BSE,nse_dual_list,1d
2026-04-27,1110.949951171875,1114.800048828125,1103.4000244140625,1111.8499755859375,11624385,SBIN,BSE,nse_dual_list,1d
2026-04-28,1102.300048828125,1110.5,1089.1500244140625,1091.300048828125,10727835,SBIN,BSE,nse_dual_list,1d
2026-04-29,1094.0,1105.0,1084.25,1086.9000244140625,10611104,SBIN,BSE,nse_dual_list,1d
2026-04-30,1075.0,1077.699951171875,1063.0,1068.449951171875,14269539,SBIN,BSE,nse_dual_list,1d
2026-05-01,1068.449951171875,1068.449951171875,1068.449951171875,1068.449951171875,0,SBIN,BSE,nse_dual_list,1d
2026-05-04,1063.5999755859375,1089.0999755859375,1063.5999755859375,1068.4000244140625,11693211,SBIN,BSE,nse_dual_list,1d
2026-05-05,1060.5999755859375,1068.5,1049.4000244140625,1059.9000244140625,12194631,SBIN,BSE,nse_dual_list,1d
2026-05-06,1072.0,1101.0999755859375,1061.199951171875,1096.0,14384779,SBIN,BSE,nse_dual_list,1d
2026-05-07,1106.0,1108.0,1086.0999755859375,1092.0,16105163,SBIN,BSE,nse_dual_list,1d
2026-05-08,1090.0,1095.0,1010.9000244140624,1019.2999877929688,48065909,SBIN,BSE,nse_dual_list,1d
2026-05-11,1007.0,1007.0,971.0999755859376,973.5999755859376,46927396,SBIN,BSE,nse_dual_list,1d
2026-05-12,976.9000244140624,981.4000244140624,962.4000244140624,974.5999755859376,25787092,SBIN,BSE,nse_dual_list,1d
2026-05-13,978.0,981.2000122070312,961.2000122070312,970.0999755859376,17584580,SBIN,BSE,nse_dual_list,1d
2026-05-14,973.5,987.0,963.5999755859376,979.9000244140624,16487142,SBIN,BSE,nse_dual_list,1d
2026-05-15,971.2000122070312,972.5,957.0,963.2000122070312,26972493,SBIN,BSE,nse_dual_list,1d
2026-05-18,952.0,954.9000244140624,933.9000244140624,939.4000244140624,16554877,SBIN,BSE,nse_dual_list,1d
2026-05-19,942.0,956.5999755859376,939.5,948.7999877929688,17280869,SBIN,BSE,nse_dual_list,1d
2026-05-20,941.0999755859376,955.0,935.0,950.9000244140624,11928460,SBIN,BSE,nse_dual_list,1d
2026-05-21,957.0,960.9000244140624,946.5,950.9000244140624,11756520,SBIN,BSE,nse_dual_list,1d
2026-05-22,950.9000244140624,958.5999755859376,947.7000122070312,949.2000122070312,7807192,SBIN,BSE,nse_dual_list,1d
2026-05-25,959.9000244140624,972.5,957.5,969.5999755859376,10934747,SBIN,BSE,nse_dual_list,1d
2026-05-26,969.9000244140624,978.7999877929688,962.0999755859376,968.5,16269800,SBIN,BSE,nse_dual_list,1d
2026-05-27,969.7999877929688,975.9000244140624,966.5999755859376,967.7999877929688,8111259,SBIN,BSE,nse_dual_list,1d
2026-05-28,967.7999877929688,967.7999877929688,967.7999877929688,967.7999877929688,0,SBIN,BSE,nse_dual_list,1d
2026-05-29,967.7999877929688,973.7000122070312,960.2999877929688,964.4000244140624,22292535,SBIN,BSE,nse_dual_list,1d
2026-06-01,966.25,970.25,950.0999755859376,954.0999755859376,11118975,SBIN,BSE,nse_dual_list,1d
2026-06-02,950.9500122070312,961.2999877929688,939.9000244140624,956.6500244140624,15911760,SBIN,BSE,nse_dual_list,1d
2026-06-03,953.75,974.0,937.2000122070312,970.4500122070312,27947005,SBIN,BSE,nse_dual_list,1d
2026-06-04,969.9000244140624,985.7999877929688,961.0999755859376,979.25,18875883,SBIN,BSE,nse_dual_list,1d
2026-06-05,980.0,992.5999755859376,970.5999755859376,977.7000122070312,20955539,SBIN,BSE,nse_dual_list,1d
2026-06-08,966.0,988.6500244140624,965.1500244140624,981.9500122070312,12895416,SBIN,BSE,nse_dual_list,1d
2026-06-09,985.0,1009.0,983.0,1002.7000122070312,22142480,SBIN,BSE,nse_dual_list,1d
2026-06-10,1002.7000122070312,1012.4000244140624,999.5,1003.25,19122317,SBIN,BSE,nse_dual_list,1d
2026-06-11,998.0999755859376,1009.4000244140624,993.0,1000.7000122070312,13773978,SBIN,BSE,nse_dual_list,1d
2026-06-12,1018.0,1018.7000122070312,1004.3499755859376,1017.1500244140624,11081119,SBIN,BSE,nse_dual_list,1d
2026-06-15,1034.0,1034.0,1018.5,1020.8499755859376,12463437,SBIN,BSE,nse_dual_list,1d
2026-06-16,1023.7999877929688,1026.550048828125,1007.4000244140624,1015.2999877929688,9693677,SBIN,BSE,nse_dual_list,1d
2026-06-17,1017.0,1028.0999755859375,1013.4500122070312,1026.5,8190062,SBIN,BSE,nse_dual_list,1d
2026-06-18,1027.9000244140625,1045.699951171875,1024.449951171875,1042.699951171875,11048009,SBIN,BSE,nse_dual_list,1d
2026-06-19,1042.0,1042.0,1029.300048828125,1035.0999755859375,9099878,SBIN,BSE,nse_dual_list,1d
2026-06-22,1038.0,1043.0,1033.5999755859375,1040.75,6209440,SBIN,BSE,nse_dual_list,1d
2026-06-23,1041.0,1045.5,1022.3499755859376,1024.199951171875,10411004,SBIN,BSE,nse_dual_list,1d
2026-06-24,1024.0,1044.5,1020.5,1034.5999755859375,11724076,SBIN,BSE,nse_dual_list,1d
2026-06-25,1040.0,1055.4000244140625,1038.550048828125,1045.4000244140625,16002360,SBIN,BSE,nse_dual_list,1d
2026-06-26,1045.4000244140625,1045.4000244140625,1045.4000244140625,1045.4000244140625,0,SBIN,BSE,nse_dual_list,1d
2026-06-29,1044.449951171875,1046.4000244140625,1030.8499755859375,1036.0999755859375,16818246,SBIN,BSE,nse_dual_list,1d
2026-06-30,1040.0,1044.0,1025.050048828125,1026.9000244140625,11161643,SBIN,BSE,nse_dual_list,1d
2026-07-01,1031.0,1049.9000244140625,1025.5,1047.4000244140625,6295315,SBIN,BSE,nse_dual_list,1d
2026-07-02,1050.9000244140625,1059.800048828125,1045.0,1051.5999755859375,14682790,SBIN,BSE,nse_dual_list,1d
2026-07-03,1055.0,1057.0,1034.5,1040.0,10441493,SBIN,BSE,nse_dual_list,1d
2026-07-06,1041.9000244140625,1048.4000244140625,1036.5,1037.699951171875,8761017,SBIN,BSE,nse_dual_list,1d
2026-07-07,1039.300048828125,1049.5999755859375,1035.5,1038.0999755859375,11053574,SBIN,BSE,nse_dual_list,1d
2026-07-08,1029.5999755859375,1038.300048828125,1011.7000122070312,1016.9000244140624,14141694,SBIN,BSE,nse_dual_list,1d
2026-07-09,1019.7999877929688,1031.699951171875,1019.2999877929688,1022.0999755859376,7661699,SBIN,BSE,nse_dual_list,1d
2026-07-10,1029.5,1047.800048828125,1023.5,1036.0,8792150,SBIN,BSE,nse_dual_list,1d
2026-07-13,1023.5,1042.9000244140625,1022.0999755859376,1037.0,8381510,SBIN,BSE,nse_dual_list,1d
2026-07-14,1033.300048828125,1033.699951171875,1011.4000244140624,1015.4000244140624,11562326,SBIN,BSE,nse_dual_list,1d
2026-07-15,1015.5,1036.0,1013.7000122070312,1030.0999755859375,14275394,SBIN,BSE,nse_dual_list,1d
2026-07-16,1030.0999755859375,1036.0,1027.300048828125,1031.199951171875,7708316,SBIN,BSE,nse_dual_list,1d
2026-07-17,1030.5999755859375,1048.0,1028.300048828125,1044.300048828125,8452780,SBIN,BSE,nse_dual_list,1d
2026-07-20,1041.5999755859375,1065.0,1038.300048828125,1060.0,16540411,SBIN,BSE,nse_dual_list,1d
2026-07-21,1056.199951171875,1067.0,1042.800048828125,1044.4000244140625,10514887,SBIN,BSE,nse_dual_list,1d
2026-07-22,1044.4000244140625,1044.4000244140625,1019.2000122070312,1025.0,11227214,SBIN,BSE,nse_dual_list,1d
2026-07-23,1022.0,1023.0999755859376,1006.5,1012.5999755859376,8910230,SBIN,BSE,nse_dual_list,1d
2026-07-24,1006.0,1017.7999877929688,1000.7999877929688,1015.0,13797053,SBIN,BSE,nse_dual_list,1d
2026-07-27,1020.2999877929688,1023.7000122070312,1015.9000244140624,1020.5999755859376,6093002,SBIN,BSE,nse_dual_list,1d
2026-07-28,1018.0,1022.0,1008.2999877929688,1013.2000122070312,9873370,SBIN,BSE,nse_dual_list,1d
2026-07-29,1020.0,1020.2000122070312,1012.0,1013.7000122070312,4792964,SBIN,BSE,nse_dual_list,1d
2026-07-30,1013.5,1028.300048828125,1007.5999755859376,1025.300048828125,6847458,SBIN,BSE,nse_dual_list,1d
2026-07-31,1028.0999755859375,1034.300048828125,1023.5,1027.4000244140625,10921417,SBIN,BSE,nse_dual_list,1d
2026-08-03,1035.0,1051.5,1031.5999755859375,1045.0,10507450,SBIN,BSE,nse_dual_list,1d
2026-08-04,1047.5999755859375,1047.5999755859375,1030.9000244140625,1042.699951171875,8544184,SBIN,BSE,nse_dual_list,1d
2026-08-05,1043.0,1055.0,1040.300048828125,1055.0,8707119,SBIN,BSE,nse_dual_list,1d
2026-08-06,1052.5,1088.0999755859375,1052.5,1085.0,13822265,SBIN,BSE,nse_dual_list,1d
2026-08-07,1080.0999755859375,1124.5,1075.699951171875,1097.199951171875,29410622,SBIN,BSE,nse_dual_list,1d
2026-08-10,1108.0,1113.300048828125,1068.5999755859375,1071.0,16623448,SBIN,BSE,nse_dual_list,1d
2026-08-11,1071.0,1071.0,1060.4000244140625,1066.0,9456913,SBIN,BSE,nse_dual_list,1d
2026-08-12,1066.0,1085.5,1066.0,1082.0,17673922,SBIN,BSE,nse_dual_list,1d
2026-08-13,1083.0,1086.800048828125,1073.0,1083.0,9502483,SBIN,BSE,nse_dual_list,1d
2026-08-14,1082.0,1082.0,1065.0999755859375,1067.699951171875,6273501,SBIN,BSE,nse_dual_list,1d
