date,open,high,low,close,volume,symbol,exchange,source,interval
2021-08-16,148.39999389648438,153.4499969482422,147.22000122070312,151.94000244140625,271144880,TATASTEEL,BSE,nse_dual_list,1d
2021-08-17,151.94000244140625,153.39999389648438,149.1750030517578,150.3699951171875,189709230,TATASTEEL,BSE,nse_dual_list,1d
2021-08-18,150.94500732421875,151.88999938964844,148.82000732421875,150.0449981689453,123317450,TATASTEEL,BSE,nse_dual_list,1d
2021-08-20,144.5050048828125,144.6999969482422,136.27999877929688,137.55999755859375,273400690,TATASTEEL,BSE,nse_dual_list,1d
2021-08-23,140.1999969482422,140.97999572753906,131.0749969482422,135.86500549316406,229257290,TATASTEEL,BSE,nse_dual_list,1d
2021-08-24,138.1999969482422,142.0,137.6999969482422,140.46499633789062,176075790,TATASTEEL,BSE,nse_dual_list,1d
2021-08-25,141.8000030517578,142.60000610351562,138.0749969482422,139.02000427246094,125650100,TATASTEEL,BSE,nse_dual_list,1d
2021-08-26,139.0399932861328,139.47500610351562,136.5,137.5050048828125,91578980,TATASTEEL,BSE,nse_dual_list,1d
2021-08-27,137.89999389648438,139.44500732421875,137.5850067138672,138.4149932861328,73940810,TATASTEEL,BSE,nse_dual_list,1d
2021-08-30,139.89999389648438,144.5,139.8000030517578,144.05999755859375,134443870,TATASTEEL,BSE,nse_dual_list,1d
2021-08-31,144.5,145.89999389648438,143.1999969482422,145.02499389648438,247521080,TATASTEEL,BSE,nse_dual_list,1d
2021-09-01,145.125,145.5500030517578,140.6999969482422,141.1199951171875,88128970,TATASTEEL,BSE,nse_dual_list,1d
2021-09-02,141.10000610351562,143.1999969482422,141.0,142.50999450683594,61480460,TATASTEEL,BSE,nse_dual_list,1d
2021-09-03,142.8000030517578,145.2949981689453,141.64500427246094,144.36500549316406,84523820,TATASTEEL,BSE,nse_dual_list,1d
2021-09-06,144.6999969482422,145.19500732421875,142.31500244140625,143.6999969482422,69586760,TATASTEEL,BSE,nse_dual_list,1d
2021-09-07,144.39999389648438,145.89999389648438,142.06500244140625,142.8699951171875,63527170,TATASTEEL,BSE,nse_dual_list,1d
2021-09-08,142.60000610351562,144.26499938964844,141.86000061035156,142.98500061035156,46762240,TATASTEEL,BSE,nse_dual_list,1d
2021-09-09,142.0,145.19500732421875,142.0,144.6999969482422,53130300,TATASTEEL,BSE,nse_dual_list,1d
2021-09-13,144.6999969482422,147.1999969482422,143.64999389648438,146.34500122070312,56702080,TATASTEEL,BSE,nse_dual_list,1d
2021-09-14,147.60000610351562,147.60000610351562,144.89999389648438,145.22999572753906,55037670,TATASTEEL,BSE,nse_dual_list,1d
2021-09-15,145.22999572753906,146.3699951171875,144.44000244140625,145.50999450683594,44174640,TATASTEEL,BSE,nse_dual_list,1d
2021-09-16,146.0,147.19000244140625,143.125,143.6750030517578,56067970,TATASTEEL,BSE,nse_dual_list,1d
2021-09-17,143.6999969482422,144.02999877929688,136.0,138.58999633789062,195720300,TATASTEEL,BSE,nse_dual_list,1d
2021-09-20,135.0,135.19000244140625,124.73500061035156,125.30999755859376,282384120,TATASTEEL,BSE,nse_dual_list,1d
2021-09-21,125.8000030517578,129.69000244140625,123.29000091552734,129.22000122070312,255935400,TATASTEEL,BSE,nse_dual_list,1d
2021-09-22,129.94000244140625,131.8000030517578,128.30999755859375,130.5800018310547,111242470,TATASTEEL,BSE,nse_dual_list,1d
2021-09-23,133.0,133.94500732421875,130.60499572753906,131.8699951171875,99462510,TATASTEEL,BSE,nse_dual_list,1d
2021-09-24,132.0,132.39999389648438,125.84500122070312,127.20999908447266,132866160,TATASTEEL,BSE,nse_dual_list,1d
2021-09-27,127.1999969482422,128.8699951171875,126.1050033569336,127.0500030517578,86688770,TATASTEEL,BSE,nse_dual_list,1d
2021-09-28,127.34500122070312,129.67999267578125,126.3000030517578,128.09500122070312,81007360,TATASTEEL,BSE,nse_dual_list,1d
2021-09-29,127.0,130.97999572753906,126.72000122070312,129.55499267578125,94945770,TATASTEEL,BSE,nse_dual_list,1d
2021-09-30,130.3000030517578,131.63999938964844,128.38499450683594,128.88999938964844,75145680,TATASTEEL,BSE,nse_dual_list,1d
2021-10-01,127.5,131.10000610351562,126.5,129.78500366210938,90374700,TATASTEEL,BSE,nse_dual_list,1d
2021-10-04,129.78500366210938,132.77499389648438,128.0399932861328,132.4149932861328,96902370,TATASTEEL,BSE,nse_dual_list,1d
2021-10-05,131.39999389648438,133.27000427246094,131.01499938964844,131.68499755859375,57952160,TATASTEEL,BSE,nse_dual_list,1d
2021-10-06,131.99000549316406,132.86000061035156,127.31500244140624,127.98999786376952,86316930,TATASTEEL,BSE,nse_dual_list,1d
2021-10-07,129.5,130.67999267578125,128.35499572753906,128.9199981689453,46033670,TATASTEEL,BSE,nse_dual_list,1d
2021-10-08,130.1999969482422,134.40499877929688,129.63499450683594,130.11500549316406,107220150,TATASTEEL,BSE,nse_dual_list,1d
2021-10-11,130.5,132.73500061035156,129.8000030517578,131.32000732421875,63496580,TATASTEEL,BSE,nse_dual_list,1d
2021-10-12,131.32000732421875,133.5,130.5,132.91000366210938,60970190,TATASTEEL,BSE,nse_dual_list,1d
2021-10-13,132.5500030517578,137.65499877929688,131.80499267578125,135.42999267578125,132857180,TATASTEEL,BSE,nse_dual_list,1d
2021-10-14,137.39999389648438,139.05999755859375,135.39999389648438,137.5050048828125,82273710,TATASTEEL,BSE,nse_dual_list,1d
2021-10-18,141.8000030517578,142.47500610351562,139.11000061035156,141.10499572753906,109232300,TATASTEEL,BSE,nse_dual_list,1d
2021-10-19,142.10000610351562,142.65499877929688,135.7550048828125,136.69000244140625,87569240,TATASTEEL,BSE,nse_dual_list,1d
2021-10-20,137.1999969482422,137.60000610351562,132.6649932861328,134.3300018310547,69757740,TATASTEEL,BSE,nse_dual_list,1d
2021-10-21,135.6699981689453,135.78500366210938,128.97000122070312,131.47000122070312,83575730,TATASTEEL,BSE,nse_dual_list,1d
2021-10-22,132.0,132.46499633789062,127.0999984741211,129.625,80712890,TATASTEEL,BSE,nse_dual_list,1d
2021-10-25,130.1999969482422,131.60000610351562,126.7249984741211,129.3300018310547,64185010,TATASTEEL,BSE,nse_dual_list,1d
2021-10-26,130.3000030517578,135.10000610351562,130.14500427246094,134.36500549316406,77228750,TATASTEEL,BSE,nse_dual_list,1d
2021-10-27,134.60000610351562,135.1699981689453,132.125,132.61500549316406,72418040,TATASTEEL,BSE,nse_dual_list,1d
2021-10-28,131.49000549316406,131.59500122070312,129.11000061035156,129.9600067138672,93076820,TATASTEEL,BSE,nse_dual_list,1d
2021-10-29,129.02499389648438,133.3699951171875,129.0,131.59500122070312,79147600,TATASTEEL,BSE,nse_dual_list,1d
2021-11-01,134.0,137.2899932861328,133.0,136.49000549316406,96875330,TATASTEEL,BSE,nse_dual_list,1d
2021-11-02,137.0,137.0,131.0800018310547,131.36500549316406,72161370,TATASTEEL,BSE,nse_dual_list,1d
2021-11-03,132.47999572753906,133.1999969482422,131.1999969482422,132.60499572753906,57302440,TATASTEEL,BSE,nse_dual_list,1d
2021-11-04,133.10000610351562,133.5,132.41000366210938,132.58999633789062,6744340,TATASTEEL,BSE,nse_dual_list,1d
2021-11-08,134.08999633789062,134.76499938964844,130.61000061035156,134.3249969482422,54936670,TATASTEEL,BSE,nse_dual_list,1d
2021-11-09,134.28500366210938,136.02999877929688,132.88499450683594,133.59500122070312,47565160,TATASTEEL,BSE,nse_dual_list,1d
2021-11-10,132.8000030517578,132.89999389648438,128.7100067138672,129.85499572753906,118804170,TATASTEEL,BSE,nse_dual_list,1d
2021-11-11,130.49000549316406,132.4499969482422,128.8350067138672,129.9600067138672,136638600,TATASTEEL,BSE,nse_dual_list,1d
2021-11-12,134.0,134.0,127.11000061035156,128.72500610351562,232395580,TATASTEEL,BSE,nse_dual_list,1d
2021-11-15,129.5,129.89999389648438,124.1500015258789,124.54499816894533,121082150,TATASTEEL,BSE,nse_dual_list,1d
2021-11-16,124.54499816894533,126.1050033569336,122.37000274658205,122.87999725341795,123148800,TATASTEEL,BSE,nse_dual_list,1d
2021-11-17,122.5,123.73999786376952,121.51000213623048,122.00499725341795,87802040,TATASTEEL,BSE,nse_dual_list,1d
2021-11-18,122.36000061035156,122.83000183105467,118.1999969482422,118.66000366210938,101083510,TATASTEEL,BSE,nse_dual_list,1d
2021-11-22,118.80999755859376,119.68000030517578,114.5999984741211,116.50499725341795,96210010,TATASTEEL,BSE,nse_dual_list,1d
2021-11-23,116.80500030517578,120.9000015258789,116.51499938964844,119.20500183105467,93829630,TATASTEEL,BSE,nse_dual_list,1d
2021-11-24,120.04000091552734,120.29499816894533,117.11499786376952,117.8499984741211,67671010,TATASTEEL,BSE,nse_dual_list,1d
2021-11-25,118.0,118.66000366210938,116.5999984741211,117.36499786376952,47502860,TATASTEEL,BSE,nse_dual_list,1d
2021-11-26,115.79000091552734,115.9499969482422,110.625,111.2300033569336,106455260,TATASTEEL,BSE,nse_dual_list,1d
2021-11-29,111.2300033569336,113.6999969482422,107.50499725341795,111.4749984741211,93929910,TATASTEEL,BSE,nse_dual_list,1d
2021-11-30,111.09500122070312,112.79000091552734,106.3000030517578,107.12000274658205,133559840,TATASTEEL,BSE,nse_dual_list,1d
2021-12-01,109.1999969482422,109.6999969482422,106.6500015258789,108.25499725341795,93791140,TATASTEEL,BSE,nse_dual_list,1d
2021-12-02,108.3000030517578,111.5999984741211,107.4000015258789,111.23999786376952,91286810,TATASTEEL,BSE,nse_dual_list,1d
2021-12-03,111.5,113.41999816894533,110.2249984741211,111.8000030517578,100737840,TATASTEEL,BSE,nse_dual_list,1d
2021-12-06,111.4000015258789,114.0999984741211,110.22000122070312,110.87999725341795,82159400,TATASTEEL,BSE,nse_dual_list,1d
2021-12-07,112.11000061035156,115.55500030517578,112.0999984741211,114.87999725341795,85053900,TATASTEEL,BSE,nse_dual_list,1d
2021-12-08,115.9000015258789,117.6999969482422,114.9000015258789,117.3000030517578,74485010,TATASTEEL,BSE,nse_dual_list,1d
2021-12-09,118.1999969482422,118.1999969482422,115.9000015258789,117.68499755859376,52123940,TATASTEEL,BSE,nse_dual_list,1d
2021-12-10,117.34500122070312,118.88999938964844,116.76000213623048,118.0,48121300,TATASTEEL,BSE,nse_dual_list,1d
2021-12-13,118.8000030517578,119.9000015258789,116.16500091552734,116.52999877929688,53537780,TATASTEEL,BSE,nse_dual_list,1d
2021-12-14,115.8949966430664,117.79000091552734,114.6999969482422,116.72000122070312,53522640,TATASTEEL,BSE,nse_dual_list,1d
2021-12-15,117.00499725341795,117.55999755859376,114.9000015258789,115.40499877929688,44308330,TATASTEEL,BSE,nse_dual_list,1d
2021-12-16,116.4000015258789,116.87999725341795,114.3550033569336,115.31999969482422,42460080,TATASTEEL,BSE,nse_dual_list,1d
2021-12-17,115.4000015258789,115.88500213623048,112.5,113.20999908447266,47435020,TATASTEEL,BSE,nse_dual_list,1d
2021-12-20,111.6999969482422,111.72000122070312,106.6050033569336,107.29499816894533,73526500,TATASTEEL,BSE,nse_dual_list,1d
2021-12-21,109.0,112.4250030517578,108.5,110.51000213623048,70268490,TATASTEEL,BSE,nse_dual_list,1d
2021-12-22,111.5,113.0999984741211,111.0,112.88500213623048,43669170,TATASTEEL,BSE,nse_dual_list,1d
2021-12-23,113.8000030517578,114.68000030517578,112.0199966430664,112.76499938964844,46214780,TATASTEEL,BSE,nse_dual_list,1d
2021-12-24,113.00499725341795,113.34500122070312,110.38500213623048,111.54499816894533,40936300,TATASTEEL,BSE,nse_dual_list,1d
2021-12-27,111.1050033569336,112.47000122070312,110.23500061035156,112.18000030517578,27588510,TATASTEEL,BSE,nse_dual_list,1d
2021-12-28,112.6999969482422,113.1500015258789,112.1999969482422,112.74500274658205,28807810,TATASTEEL,BSE,nse_dual_list,1d
2021-12-29,112.0,112.66500091552734,110.8000030517578,111.625,41935200,TATASTEEL,BSE,nse_dual_list,1d
2021-12-30,111.79000091552734,112.6999969482422,109.9000015258789,110.0999984741211,41140930,TATASTEEL,BSE,nse_dual_list,1d
2021-12-31,110.5,112.3499984741211,110.26499938964844,111.1449966430664,36870210,TATASTEEL,BSE,nse_dual_list,1d
2022-01-03,111.5,115.0999984741211,111.5,114.24500274658205,38658030,TATASTEEL,BSE,nse_dual_list,1d
2022-01-04,115.3000030517578,115.97000122070312,113.6500015258789,114.87999725341795,59757310,TATASTEEL,BSE,nse_dual_list,1d
2022-01-05,114.6999969482422,118.08000183105467,114.125,117.76000213623048,61861760,TATASTEEL,BSE,nse_dual_list,1d
2022-01-06,117.1999969482422,118.3000030517578,115.55500030517578,116.3249969482422,53354000,TATASTEEL,BSE,nse_dual_list,1d
2022-01-07,116.5199966430664,117.4000015258789,114.78500366210938,116.03500366210938,39738570,TATASTEEL,BSE,nse_dual_list,1d
2022-01-10,116.5,117.33999633789062,115.38500213623048,116.90499877929688,38225000,TATASTEEL,BSE,nse_dual_list,1d
2022-01-11,115.86499786376952,116.2699966430664,111.3000030517578,113.0250015258789,96978850,TATASTEEL,BSE,nse_dual_list,1d
2022-01-12,113.98500061035156,115.08000183105467,113.23999786376952,114.72000122070312,50358430,TATASTEEL,BSE,nse_dual_list,1d
2022-01-13,115.4000015258789,122.5500030517578,115.21499633789062,122.11499786376952,157231160,TATASTEEL,BSE,nse_dual_list,1d
2022-01-14,121.3000030517578,122.62999725341795,120.61000061035156,121.36000061035156,52679070,TATASTEEL,BSE,nse_dual_list,1d
2022-01-17,121.5,124.5,119.03500366210938,122.9749984741211,89696070,TATASTEEL,BSE,nse_dual_list,1d
2022-01-18,123.0,123.375,119.0,119.48500061035156,58408970,TATASTEEL,BSE,nse_dual_list,1d
2022-01-19,119.5999984741211,122.08999633789062,118.3000030517578,120.95999908447266,73043210,TATASTEEL,BSE,nse_dual_list,1d
2022-01-20,121.01000213623048,122.4000015258789,119.6999969482422,120.66999816894533,59205970,TATASTEEL,BSE,nse_dual_list,1d
2022-01-21,120.0,120.43000030517578,115.63500213623048,116.97000122070312,71662670,TATASTEEL,BSE,nse_dual_list,1d
2022-01-24,116.0,116.36499786376952,109.0,109.91999816894533,83920760,TATASTEEL,BSE,nse_dual_list,1d
2022-01-25,109.47000122070312,112.0999984741211,108.70500183105467,110.91000366210938,57330630,TATASTEEL,BSE,nse_dual_list,1d
2022-01-27,109.0,110.34500122070312,106.12999725341795,108.83499908447266,90566560,TATASTEEL,BSE,nse_dual_list,1d
2022-01-28,110.58499908447266,112.5749969482422,108.09500122070312,108.46499633789062,78648930,TATASTEEL,BSE,nse_dual_list,1d
2022-01-31,110.98999786376952,111.45999908447266,108.0500030517578,108.55500030517578,55709390,TATASTEEL,BSE,nse_dual_list,1d
2022-02-01,110.48999786376952,117.44499969482422,108.63999938964844,116.73500061035156,170752680,TATASTEEL,BSE,nse_dual_list,1d
2022-02-02,117.98999786376952,117.98999786376952,115.83000183105467,116.75,75247340,TATASTEEL,BSE,nse_dual_list,1d
2022-02-03,115.3000030517578,118.16999816894533,114.62999725341795,116.66000366210938,65140900,TATASTEEL,BSE,nse_dual_list,1d
2022-02-04,117.37999725341795,119.7750015258789,117.0250015258789,117.62999725341795,93174180,TATASTEEL,BSE,nse_dual_list,1d
2022-02-07,116.83000183105467,121.45999908447266,116.0999984741211,118.3000030517578,145105250,TATASTEEL,BSE,nse_dual_list,1d
2022-02-08,119.5,122.23999786376952,117.1500015258789,121.95999908447266,140839840,TATASTEEL,BSE,nse_dual_list,1d
2022-02-09,123.0999984741211,123.4000015258789,120.81500244140624,122.23500061035156,73520600,TATASTEEL,BSE,nse_dual_list,1d
2022-02-10,123.0,125.4250030517578,122.5999984741211,124.83499908447266,93920570,TATASTEEL,BSE,nse_dual_list,1d
2022-02-11,123.9000015258789,126.49500274658205,123.30999755859376,125.44499969482422,96762260,TATASTEEL,BSE,nse_dual_list,1d
2022-02-14,122.01000213623048,122.7750015258789,118.01000213623048,118.68499755859376,80216130,TATASTEEL,BSE,nse_dual_list,1d
2022-02-15,119.68499755859376,121.1999969482422,115.15499877929688,120.7750015258789,101889210,TATASTEEL,BSE,nse_dual_list,1d
2022-02-16,121.5,121.79000091552734,118.6500015258789,119.18000030517578,66092140,TATASTEEL,BSE,nse_dual_list,1d
2022-02-17,120.11000061035156,120.9499969482422,118.61499786376952,119.09500122070312,56557920,TATASTEEL,BSE,nse_dual_list,1d
2022-02-18,118.6999969482422,120.5,118.3000030517578,119.08000183105467,47251200,TATASTEEL,BSE,nse_dual_list,1d
2022-02-21,118.8000030517578,120.1999969482422,117.44000244140624,118.18499755859376,49787320,TATASTEEL,BSE,nse_dual_list,1d
2022-02-22,115.8000030517578,116.66500091552734,111.9250030517578,113.87000274658205,93858570,TATASTEEL,BSE,nse_dual_list,1d
2022-02-23,114.8000030517578,115.26000213623048,113.4000015258789,113.9000015258789,49608380,TATASTEEL,BSE,nse_dual_list,1d
2022-02-24,109.4000015258789,111.99500274658205,106.70999908447266,107.4000015258789,121268670,TATASTEEL,BSE,nse_dual_list,1d
2022-02-25,109.7699966430664,115.06999969482422,109.55999755859376,114.53500366210938,92128860,TATASTEEL,BSE,nse_dual_list,1d
2022-02-28,113.4000015258789,122.5,112.91999816894533,122.0749969482422,176054460,TATASTEEL,BSE,nse_dual_list,1d
2022-03-02,122.0749969482422,129.9600067138672,121.8550033569336,128.93499755859375,248475320,TATASTEEL,BSE,nse_dual_list,1d
2022-03-03,130.60000610351562,132.86500549316406,129.36500549316406,130.3300018310547,174503380,TATASTEEL,BSE,nse_dual_list,1d
2022-03-04,130.24000549316406,131.98500061035156,127.3000030517578,127.70999908447266,162829230,TATASTEEL,BSE,nse_dual_list,1d
2022-03-07,127.58999633789062,130.17999267578125,126.4000015258789,129.19000244140625,110400010,TATASTEEL,BSE,nse_dual_list,1d
2022-03-08,129.3000030517578,129.39999389648438,124.4000015258789,126.9499969482422,91078220,TATASTEEL,BSE,nse_dual_list,1d
2022-03-09,127.38999938964844,127.68000030517578,124.86000061035156,125.53500366210938,69348880,TATASTEEL,BSE,nse_dual_list,1d
2022-03-10,125.78500366210938,131.3800048828125,124.0999984741211,130.8699951171875,136740620,TATASTEEL,BSE,nse_dual_list,1d
2022-03-11,131.5,133.99000549316406,129.6199951171875,130.1699981689453,118822990,TATASTEEL,BSE,nse_dual_list,1d
2022-03-14,130.5,131.1699981689453,127.7699966430664,129.6999969482422,52780820,TATASTEEL,BSE,nse_dual_list,1d
2022-03-15,129.17999267578125,129.3000030517578,122.8000030517578,123.375,96143130,TATASTEEL,BSE,nse_dual_list,1d
2022-03-16,124.5,127.12000274658205,124.0199966430664,126.5250015258789,63024510,TATASTEEL,BSE,nse_dual_list,1d
2022-03-17,127.5,131.77999877929688,127.11000061035156,130.34500122070312,106239760,TATASTEEL,BSE,nse_dual_list,1d
2022-03-21,130.8000030517578,133.39999389648438,129.4499969482422,130.2949981689453,84227630,TATASTEEL,BSE,nse_dual_list,1d
2022-03-22,132.0,133.0,128.80499267578125,130.1999969482422,81795880,TATASTEEL,BSE,nse_dual_list,1d
2022-03-23,132.39999389648438,134.77999877929688,129.23500061035156,133.10000610351562,130552380,TATASTEEL,BSE,nse_dual_list,1d
2022-03-24,133.09500122070312,135.9499969482422,132.59500122070312,135.05499267578125,94605270,TATASTEEL,BSE,nse_dual_list,1d
2022-03-25,135.49000549316406,136.60000610351562,133.35499572753906,133.89500427246094,69457440,TATASTEEL,BSE,nse_dual_list,1d
2022-03-28,134.0,135.5,132.75999450683594,133.89500427246094,46554910,TATASTEEL,BSE,nse_dual_list,1d
2022-03-29,134.39999389648438,134.61500549316406,132.6999969482422,133.46499633789062,43202370,TATASTEEL,BSE,nse_dual_list,1d
2022-03-30,133.5,133.55499267578125,130.0,130.80499267578125,58483160,TATASTEEL,BSE,nse_dual_list,1d
2022-03-31,130.8000030517578,132.0449981689453,130.00999450683594,130.72000122070312,40067950,TATASTEEL,BSE,nse_dual_list,1d
2022-04-01,131.0,134.08999633789062,130.5449981689453,131.7100067138672,55321590,TATASTEEL,BSE,nse_dual_list,1d
2022-04-04,131.7100067138672,135.39999389648438,131.44500732421875,134.19000244140625,69670320,TATASTEEL,BSE,nse_dual_list,1d
2022-04-05,134.84500122070312,135.8000030517578,132.9250030517578,134.49000549316406,63296420,TATASTEEL,BSE,nse_dual_list,1d
2022-04-06,135.0,138.6699981689453,134.67999267578125,137.0749969482422,114097540,TATASTEEL,BSE,nse_dual_list,1d
2022-04-07,137.6999969482422,138.10000610351562,134.10000610351562,134.9499969482422,55650640,TATASTEEL,BSE,nse_dual_list,1d
2022-04-08,136.09500122070312,137.9949951171875,135.625,137.0749969482422,52287710,TATASTEEL,BSE,nse_dual_list,1d
2022-04-11,137.07000732421875,138.39999389648438,135.3000030517578,135.7899932861328,44778820,TATASTEEL,BSE,nse_dual_list,1d
2022-04-12,135.3000030517578,135.9949951171875,129.61000061035156,132.02499389648438,69191680,TATASTEEL,BSE,nse_dual_list,1d
2022-04-13,133.4949951171875,134.60000610351562,131.5,131.9499969482422,44937800,TATASTEEL,BSE,nse_dual_list,1d
2022-04-18,133.19000244140625,135.80499267578125,132.88499450683594,133.91000366210938,80700420,TATASTEEL,BSE,nse_dual_list,1d
2022-04-19,135.25999450683594,136.6649932861328,130.89999389648438,132.66000366210938,64772190,TATASTEEL,BSE,nse_dual_list,1d
2022-04-20,132.97000122070312,133.64500427246094,130.30499267578125,131.4250030517578,54100210,TATASTEEL,BSE,nse_dual_list,1d
2022-04-21,131.60000610351562,132.27499389648438,128.5850067138672,130.21499633789062,66690280,TATASTEEL,BSE,nse_dual_list,1d
2022-04-22,130.16000366210938,131.15499877929688,127.375,127.75499725341795,55848230,TATASTEEL,BSE,nse_dual_list,1d
2022-04-25,125.0,126.29499816894533,121.27999877929688,122.03500366210938,72310460,TATASTEEL,BSE,nse_dual_list,1d
2022-04-26,123.5,124.16999816894533,122.5,123.36000061035156,44812710,TATASTEEL,BSE,nse_dual_list,1d
2022-04-27,122.6999969482422,125.5,121.04000091552734,124.66999816894533,71209740,TATASTEEL,BSE,nse_dual_list,1d
2022-04-28,125.9499969482422,126.86499786376952,124.3000030517578,126.08499908447266,51295830,TATASTEEL,BSE,nse_dual_list,1d
2022-04-29,126.8000030517578,129.1699981689453,126.56500244140624,127.1050033569336,57173520,TATASTEEL,BSE,nse_dual_list,1d
2022-05-02,125.6999969482422,130.27499389648438,124.875,129.52000427246094,54426170,TATASTEEL,BSE,nse_dual_list,1d
2022-05-04,132.72999572753906,133.0,125.4499969482422,126.13500213623048,138374020,TATASTEEL,BSE,nse_dual_list,1d
2022-05-05,128.0,131.64999389648438,127.8000030517578,128.4250030517578,87338160,TATASTEEL,BSE,nse_dual_list,1d
2022-05-06,126.8000030517578,129.0,124.3000030517578,128.3699951171875,69256760,TATASTEEL,BSE,nse_dual_list,1d
2022-05-09,126.0,127.41999816894533,124.4000015258789,125.2249984741211,50552970,TATASTEEL,BSE,nse_dual_list,1d
2022-05-10,125.0999984741211,125.46499633789062,115.8550033569336,116.48999786376952,145537420,TATASTEEL,BSE,nse_dual_list,1d
2022-05-11,117.5,119.08999633789062,112.33999633789062,116.56999969482422,107063150,TATASTEEL,BSE,nse_dual_list,1d
2022-05-12,115.69000244140624,116.23999786376952,110.3000030517578,111.7699966430664,94191610,TATASTEEL,BSE,nse_dual_list,1d
2022-05-13,113.5,115.18000030517578,109.1999969482422,109.6999969482422,82924410,TATASTEEL,BSE,nse_dual_list,1d
2022-05-16,111.9000015258789,113.4800033569336,109.4000015258789,110.3499984741211,62665270,TATASTEEL,BSE,nse_dual_list,1d
2022-05-17,112.4000015258789,119.72000122070312,111.53500366210938,118.87000274658205,112876010,TATASTEEL,BSE,nse_dual_list,1d
2022-05-18,119.6999969482422,120.9000015258789,117.5,118.0250015258789,81575800,TATASTEEL,BSE,nse_dual_list,1d
2022-05-19,115.0999984741211,115.48999786376952,111.5199966430664,112.21499633789062,66545630,TATASTEEL,BSE,nse_dual_list,1d
2022-05-20,116.23500061035156,117.83999633789062,114.12000274658205,117.05999755859376,65527500,TATASTEEL,BSE,nse_dual_list,1d
2022-05-23,109.6999969482422,109.6999969482422,100.15499877929688,102.29499816894533,273883460,TATASTEEL,BSE,nse_dual_list,1d
2022-05-24,103.0999984741211,103.98999786376952,100.1999969482422,100.63500213623048,123116660,TATASTEEL,BSE,nse_dual_list,1d
2022-05-25,100.63500213623048,101.83499908447266,99.18000030517578,99.91000366210938,99343400,TATASTEEL,BSE,nse_dual_list,1d
2022-05-26,100.6999969482422,106.75499725341795,99.5250015258789,105.1999969482422,150536730,TATASTEEL,BSE,nse_dual_list,1d
2022-05-27,106.25,106.76499938964844,103.1999969482422,104.3499984741211,74772200,TATASTEEL,BSE,nse_dual_list,1d
2022-05-30,105.9000015258789,106.37999725341795,104.3499984741211,104.74500274658205,72701590,TATASTEEL,BSE,nse_dual_list,1d
2022-05-31,104.5,107.19000244140624,103.6999969482422,105.56500244140624,121248850,TATASTEEL,BSE,nse_dual_list,1d
2022-06-01,106.5500030517578,107.9000015258789,105.33000183105467,106.3550033569336,94055290,TATASTEEL,BSE,nse_dual_list,1d
2022-06-02,106.7750015258789,108.4749984741211,105.91000366210938,108.15499877929688,79177040,TATASTEEL,BSE,nse_dual_list,1d
2022-06-03,109.1999969482422,109.27999877929688,106.5,106.7300033569336,53954860,TATASTEEL,BSE,nse_dual_list,1d
2022-06-06,106.5,108.29000091552734,104.91999816894533,107.80999755859376,57262490,TATASTEEL,BSE,nse_dual_list,1d
2022-06-07,106.6999969482422,108.1500015258789,106.3550033569336,106.8499984741211,43341570,TATASTEEL,BSE,nse_dual_list,1d
2022-06-08,108.0999984741211,108.88999938964844,107.40499877929688,108.6750030517578,64734340,TATASTEEL,BSE,nse_dual_list,1d
2022-06-09,107.49500274658205,108.7249984741211,104.12000274658205,104.48500061035156,98547810,TATASTEEL,BSE,nse_dual_list,1d
2022-06-10,103.0,103.13999938964844,101.06500244140624,102.37000274658205,95225630,TATASTEEL,BSE,nse_dual_list,1d
2022-06-13,100.43000030517578,101.1999969482422,99.0,99.19499969482422,82235750,TATASTEEL,BSE,nse_dual_list,1d
2022-06-14,98.8249969482422,101.37000274658205,98.55500030517578,99.61499786376952,77202600,TATASTEEL,BSE,nse_dual_list,1d
2022-06-15,95.3949966430664,97.4250030517578,95.06500244140624,95.95500183105467,92443330,TATASTEEL,BSE,nse_dual_list,1d
2022-06-16,97.5,97.5,89.81999969482422,90.16999816894533,122741050,TATASTEEL,BSE,nse_dual_list,1d
2022-06-17,89.80000305175781,92.73999786376952,89.55000305175781,90.66999816894533,121290260,TATASTEEL,BSE,nse_dual_list,1d
2022-06-20,90.5,90.5,84.26499938964844,86.13999938964844,139866890,TATASTEEL,BSE,nse_dual_list,1d
2022-06-21,87.5,89.55000305175781,86.4000015258789,88.4800033569336,124526970,TATASTEEL,BSE,nse_dual_list,1d
2022-06-22,87.29499816894531,87.38500213623047,83.56999969482422,83.80999755859375,109877390,TATASTEEL,BSE,nse_dual_list,1d
2022-06-23,84.0,85.59500122070312,82.69999694824219,84.12999725341797,111515840,TATASTEEL,BSE,nse_dual_list,1d
2022-06-24,85.0,86.4749984741211,84.46499633789062,85.28500366210938,85433810,TATASTEEL,BSE,nse_dual_list,1d
2022-06-27,87.05000305175781,87.88500213623047,86.30500030517578,86.78500366210938,72814730,TATASTEEL,BSE,nse_dual_list,1d
2022-06-28,86.5999984741211,88.44000244140625,86.04000091552734,87.88999938964844,84647330,TATASTEEL,BSE,nse_dual_list,1d
2022-06-29,87.0,88.87999725341797,86.8499984741211,88.16000366210938,72318470,TATASTEEL,BSE,nse_dual_list,1d
2022-06-30,88.1500015258789,89.44999694824219,86.33000183105469,86.70500183105469,84672090,TATASTEEL,BSE,nse_dual_list,1d
2022-07-01,86.69499969482422,87.5,85.91000366210938,87.28500366210938,54761890,TATASTEEL,BSE,nse_dual_list,1d
2022-07-04,86.8499984741211,87.12000274658203,84.33000183105469,85.45500183105469,77554410,TATASTEEL,BSE,nse_dual_list,1d
2022-07-05,86.19999694824219,87.91999816894531,85.77999877929688,86.01499938964844,79058290,TATASTEEL,BSE,nse_dual_list,1d
2022-07-06,85.84500122070312,86.11000061035156,83.80500030517578,85.81500244140625,81439710,TATASTEEL,BSE,nse_dual_list,1d
2022-07-07,86.69999694824219,90.65499877929688,85.8499984741211,90.0,111007940,TATASTEEL,BSE,nse_dual_list,1d
2022-07-08,91.79000091552734,91.79000091552734,88.05000305175781,88.58999633789062,112000630,TATASTEEL,BSE,nse_dual_list,1d
2022-07-11,88.5199966430664,92.9000015258789,87.50499725341797,91.2750015258789,150193340,TATASTEEL,BSE,nse_dual_list,1d
2022-07-12,90.48999786376952,91.59500122070312,89.36000061035156,90.20999908447266,100175050,TATASTEEL,BSE,nse_dual_list,1d
2022-07-13,90.59500122070312,91.41999816894533,90.06500244140625,90.48500061035156,70135110,TATASTEEL,BSE,nse_dual_list,1d
2022-07-14,91.0,91.0999984741211,89.5,90.8000030517578,74498580,TATASTEEL,BSE,nse_dual_list,1d
2022-07-15,90.5,91.02999877929688,87.75,88.37999725341797,81253510,TATASTEEL,BSE,nse_dual_list,1d
2022-07-18,89.69999694824219,90.8000030517578,89.2249984741211,90.43000030517578,73060810,TATASTEEL,BSE,nse_dual_list,1d
2022-07-19,90.0999984741211,92.19000244140624,90.0999984741211,91.94499969482422,85341580,TATASTEEL,BSE,nse_dual_list,1d
2022-07-20,93.59500122070312,93.8000030517578,92.5199966430664,92.84500122070312,77088650,TATASTEEL,BSE,nse_dual_list,1d
2022-07-21,93.0,93.88500213623048,92.4499969482422,93.43000030517578,50877140,TATASTEEL,BSE,nse_dual_list,1d
2022-07-22,94.25,94.4000015258789,93.1999969482422,93.6050033569336,48608940,TATASTEEL,BSE,nse_dual_list,1d
2022-07-25,93.5,96.48500061035156,93.36000061035156,96.06999969482422,99635630,TATASTEEL,BSE,nse_dual_list,1d
2022-07-26,97.1999969482422,97.66999816894533,94.6050033569336,94.9499969482422,126264690,TATASTEEL,BSE,nse_dual_list,1d
2022-07-27,95.0999984741211,96.15499877929688,94.36000061035156,95.94000244140624,52559020,TATASTEEL,BSE,nse_dual_list,1d
2022-07-28,98.0999984741211,102.0,97.1500015258789,100.3499984741211,137156107,TATASTEEL,BSE,nse_dual_list,1d
2022-07-29,103.0,109.3000030517578,102.1500015258789,107.5999984741211,166959934,TATASTEEL,BSE,nse_dual_list,1d
2022-08-01,110.5,111.4499969482422,106.1500015258789,108.25,125365761,TATASTEEL,BSE,nse_dual_list,1d
2022-08-02,108.0,108.0,105.3499984741211,107.0,64935371,TATASTEEL,BSE,nse_dual_list,1d
2022-08-03,107.0,108.4499969482422,106.0,107.0500030517578,61428846,TATASTEEL,BSE,nse_dual_list,1d
2022-08-04,107.5,109.5,106.0500030517578,107.6999969482422,79526154,TATASTEEL,BSE,nse_dual_list,1d
2022-08-05,107.6500015258789,109.25,107.0999984741211,107.3499984741211,54469112,TATASTEEL,BSE,nse_dual_list,1d
2022-08-08,107.8499984741211,108.1500015258789,106.6999969482422,107.1999969482422,41384943,TATASTEEL,BSE,nse_dual_list,1d
2022-08-10,107.9000015258789,109.9000015258789,106.5,109.1999969482422,73880698,TATASTEEL,BSE,nse_dual_list,1d
2022-08-11,110.3000030517578,110.6500015258789,108.5999984741211,109.0999984741211,75321498,TATASTEEL,BSE,nse_dual_list,1d
2022-08-12,109.3499984741211,112.9000015258789,108.8000030517578,112.6500015258789,95942333,TATASTEEL,BSE,nse_dual_list,1d
2022-08-16,113.6999969482422,113.6999969482422,111.0999984741211,113.0,69207437,TATASTEEL,BSE,nse_dual_list,1d
2022-08-17,113.5,113.5,112.25,112.5,54008422,TATASTEEL,BSE,nse_dual_list,1d
2022-08-18,112.5,113.0,111.4000015258789,112.5500030517578,49396425,TATASTEEL,BSE,nse_dual_list,1d
2022-08-19,112.5500030517578,112.9000015258789,109.5500030517578,110.0500030517578,57134813,TATASTEEL,BSE,nse_dual_list,1d
2022-08-22,109.5,109.5999984741211,104.6999969482422,105.0500030517578,74037526,TATASTEEL,BSE,nse_dual_list,1d
2022-08-23,104.1999969482422,108.25,103.5,107.5999984741211,70531639,TATASTEEL,BSE,nse_dual_list,1d
2022-08-24,107.5500030517578,108.1500015258789,105.75,106.5500030517578,55686404,TATASTEEL,BSE,nse_dual_list,1d
2022-08-25,107.0500030517578,107.9000015258789,105.75,106.25,42186335,TATASTEEL,BSE,nse_dual_list,1d
2022-08-26,107.25,109.1999969482422,107.0999984741211,107.3499984741211,71257092,TATASTEEL,BSE,nse_dual_list,1d
2022-08-29,104.0500030517578,105.6500015258789,103.25,104.8499984741211,59895805,TATASTEEL,BSE,nse_dual_list,1d
2022-08-30,106.5,108.5,106.0500030517578,108.3000030517578,67401780,TATASTEEL,BSE,nse_dual_list,1d
2022-09-01,107.0,107.75,105.9000015258789,106.4000015258789,52454732,TATASTEEL,BSE,nse_dual_list,1d
2022-09-02,107.0,107.0,105.0,105.5,45601352,TATASTEEL,BSE,nse_dual_list,1d
2022-09-05,106.0500030517578,107.3000030517578,105.8000030517578,106.9000015258789,40352735,TATASTEEL,BSE,nse_dual_list,1d
2022-09-06,107.4000015258789,108.8000030517578,106.0500030517578,108.5999984741211,59505849,TATASTEEL,BSE,nse_dual_list,1d
2022-09-07,107.5500030517578,108.9000015258789,107.0999984741211,107.5999984741211,43945660,TATASTEEL,BSE,nse_dual_list,1d
2022-09-08,108.4000015258789,108.4000015258789,105.3499984741211,105.8499984741211,71228405,TATASTEEL,BSE,nse_dual_list,1d
2022-09-09,107.0,107.3499984741211,105.5,105.6999969482422,63647166,TATASTEEL,BSE,nse_dual_list,1d
2022-09-12,106.8000030517578,107.9499969482422,106.5,107.75,40838533,TATASTEEL,BSE,nse_dual_list,1d
2022-09-13,108.0,108.6999969482422,107.5500030517578,107.75,44179394,TATASTEEL,BSE,nse_dual_list,1d
2022-09-14,106.3000030517578,110.4000015258789,105.8000030517578,109.1500015258789,86379872,TATASTEEL,BSE,nse_dual_list,1d
2022-09-15,108.6500015258789,109.0,106.5,107.0,62926791,TATASTEEL,BSE,nse_dual_list,1d
2022-09-16,106.1999969482422,107.5,105.0,105.6999969482422,107967267,TATASTEEL,BSE,nse_dual_list,1d
2022-09-19,106.1999969482422,106.1999969482422,103.0,103.0999984741211,51146568,TATASTEEL,BSE,nse_dual_list,1d
2022-09-20,104.1999969482422,106.3499984741211,104.0,105.8000030517578,52140254,TATASTEEL,BSE,nse_dual_list,1d
2022-09-21,105.8000030517578,107.1999969482422,104.3000030517578,104.4499969482422,46142823,TATASTEEL,BSE,nse_dual_list,1d
2022-09-22,104.4499969482422,105.3000030517578,103.5,103.5999984741211,61380323,TATASTEEL,BSE,nse_dual_list,1d
2022-09-23,106.1999969482422,107.9000015258789,103.75,104.3000030517578,109765520,TATASTEEL,BSE,nse_dual_list,1d
2022-09-26,104.4000015258789,104.4499969482422,98.5,99.8499984741211,101291962,TATASTEEL,BSE,nse_dual_list,1d
2022-09-27,101.3499984741211,101.3499984741211,96.5,97.6500015258789,104949032,TATASTEEL,BSE,nse_dual_list,1d
2022-09-28,96.5500030517578,97.8499984741211,95.0,95.1999969482422,71724106,TATASTEEL,BSE,nse_dual_list,1d
2022-09-29,97.0,98.25,96.4000015258789,96.8499984741211,60884592,TATASTEEL,BSE,nse_dual_list,1d
2022-09-30,96.8499984741211,100.4000015258789,95.6999969482422,99.3000030517578,66436616,TATASTEEL,BSE,nse_dual_list,1d
2022-10-03,99.5999984741211,99.6500015258789,98.0,98.3499984741211,37282313,TATASTEEL,BSE,nse_dual_list,1d
2022-10-04,100.3000030517578,101.5,100.0,101.1500015258789,40186702,TATASTEEL,BSE,nse_dual_list,1d
2022-10-06,102.0,103.8000030517578,101.75,103.5500030517578,48169310,TATASTEEL,BSE,nse_dual_list,1d
2022-10-07,103.3000030517578,103.5,101.9000015258789,103.3000030517578,36080875,TATASTEEL,BSE,nse_dual_list,1d
2022-10-10,102.0,103.5,101.1500015258789,103.1999969482422,36641275,TATASTEEL,BSE,nse_dual_list,1d
2022-10-11,103.5500030517578,103.6500015258789,99.8000030517578,100.3499984741211,41083734,TATASTEEL,BSE,nse_dual_list,1d
2022-10-12,100.3499984741211,101.1999969482422,99.0,100.5500030517578,41357469,TATASTEEL,BSE,nse_dual_list,1d
2022-10-13,101.0999984741211,101.8000030517578,98.8000030517578,100.0999984741211,34668093,TATASTEEL,BSE,nse_dual_list,1d
2022-10-14,101.8499984741211,102.8000030517578,99.9000015258789,100.0999984741211,32456805,TATASTEEL,BSE,nse_dual_list,1d
2022-10-17,99.75,100.4000015258789,98.0999984741211,99.5500030517578,37568783,TATASTEEL,BSE,nse_dual_list,1d
2022-10-18,100.3000030517578,101.0,99.8000030517578,100.6500015258789,30722156,TATASTEEL,BSE,nse_dual_list,1d
2022-10-19,100.5999984741211,101.25,99.6999969482422,100.0500030517578,38764542,TATASTEEL,BSE,nse_dual_list,1d
2022-10-20,99.5,101.1999969482422,98.8000030517578,100.9000015258789,38091315,TATASTEEL,BSE,nse_dual_list,1d
2022-10-21,100.8499984741211,101.4499969482422,99.3499984741211,100.1999969482422,30973997,TATASTEEL,BSE,nse_dual_list,1d
2022-10-24,102.0,102.0999984741211,101.0,101.1999969482422,7480281,TATASTEEL,BSE,nse_dual_list,1d
2022-10-25,101.1500015258789,102.5,100.6999969482422,101.1999969482422,37163180,TATASTEEL,BSE,nse_dual_list,1d
2022-10-27,102.25,104.6500015258789,102.0500030517578,104.1999969482422,74349009,TATASTEEL,BSE,nse_dual_list,1d
2022-10-28,104.0999984741211,104.5999984741211,100.8000030517578,101.5999984741211,51006232,TATASTEEL,BSE,nse_dual_list,1d
2022-10-31,101.9000015258789,102.1500015258789,100.3000030517578,101.5500030517578,38715841,TATASTEEL,BSE,nse_dual_list,1d
2022-11-01,98.5500030517578,101.4499969482422,98.5500030517578,101.1999969482422,69031178,TATASTEEL,BSE,nse_dual_list,1d
2022-11-02,101.0,103.0,100.8000030517578,101.25,42336049,TATASTEEL,BSE,nse_dual_list,1d
2022-11-03,100.75,102.4499969482422,100.0,102.0,39110676,TATASTEEL,BSE,nse_dual_list,1d
2022-11-04,102.5,105.0,102.1999969482422,104.75,70299020,TATASTEEL,BSE,nse_dual_list,1d
2022-11-07,105.9000015258789,107.4499969482422,104.5999984741211,106.6999969482422,74426059,TATASTEEL,BSE,nse_dual_list,1d
2022-11-09,107.25,107.5500030517578,105.5500030517578,106.0999984741211,38295904,TATASTEEL,BSE,nse_dual_list,1d
2022-11-10,105.1999969482422,106.0,104.4499969482422,104.6999969482422,27864285,TATASTEEL,BSE,nse_dual_list,1d
2022-11-11,106.25,108.1999969482422,106.25,107.5500030517578,77933417,TATASTEEL,BSE,nse_dual_list,1d
2022-11-14,108.5,110.0,108.25,108.6999969482422,55474425,TATASTEEL,BSE,nse_dual_list,1d
2022-11-15,109.0,109.3499984741211,107.1999969482422,108.5500030517578,35007427,TATASTEEL,BSE,nse_dual_list,1d
2022-11-16,108.4499969482422,108.8000030517578,105.1999969482422,106.5500030517578,40404167,TATASTEEL,BSE,nse_dual_list,1d
2022-11-17,105.9000015258789,106.8000030517578,104.5,105.8499984741211,32894825,TATASTEEL,BSE,nse_dual_list,1d
2022-11-18,105.8499984741211,106.3000030517578,104.6999969482422,105.5,28992538,TATASTEEL,BSE,nse_dual_list,1d
2022-11-21,107.6999969482422,107.6999969482422,103.8499984741211,104.25,58404309,TATASTEEL,BSE,nse_dual_list,1d
2022-11-22,104.4000015258789,105.4000015258789,103.5500030517578,105.1999969482422,27846186,TATASTEEL,BSE,nse_dual_list,1d
2022-11-23,105.6999969482422,106.0,104.9499969482422,105.4499969482422,22809651,TATASTEEL,BSE,nse_dual_list,1d
2022-11-24,105.8499984741211,105.9499969482422,104.5999984741211,105.5,23737867,TATASTEEL,BSE,nse_dual_list,1d
2022-11-25,105.5999984741211,106.5,105.0999984741211,106.1999969482422,27361785,TATASTEEL,BSE,nse_dual_list,1d
2022-11-28,106.0,106.4000015258789,104.5,104.9000015258789,33516118,TATASTEEL,BSE,nse_dual_list,1d
2022-11-29,105.0,107.6500015258789,104.9499969482422,106.0999984741211,40661568,TATASTEEL,BSE,nse_dual_list,1d
2022-11-30,106.0999984741211,107.9499969482422,105.9000015258789,107.6500015258789,61142050,TATASTEEL,BSE,nse_dual_list,1d
2022-12-01,108.6999969482422,111.3000030517578,108.0,110.75,91702642,TATASTEEL,BSE,nse_dual_list,1d
2022-12-02,110.8000030517578,112.5,110.1500015258789,112.0,70541914,TATASTEEL,BSE,nse_dual_list,1d
2022-12-05,113.3000030517578,116.0999984741211,112.6500015258789,115.8499984741211,96441799,TATASTEEL,BSE,nse_dual_list,1d
2022-12-06,115.3499984741211,115.3499984741211,112.25,112.9499969482422,50581245,TATASTEEL,BSE,nse_dual_list,1d
2022-12-07,113.4000015258789,113.5,110.8499984741211,111.1999969482422,39494279,TATASTEEL,BSE,nse_dual_list,1d
2022-12-08,111.75,113.0,110.8000030517578,111.8499984741211,32416724,TATASTEEL,BSE,nse_dual_list,1d
2022-12-09,112.8000030517578,113.75,109.6999969482422,110.4499969482422,35665257,TATASTEEL,BSE,nse_dual_list,1d
2022-12-12,110.1999969482422,112.0999984741211,108.6999969482422,111.6999969482422,37082389,TATASTEEL,BSE,nse_dual_list,1d
2022-12-13,112.5500030517578,112.8499984741211,110.8000030517578,111.1999969482422,32264080,TATASTEEL,BSE,nse_dual_list,1d
2022-12-14,111.5999984741211,113.1999969482422,111.0999984741211,113.0500030517578,38606984,TATASTEEL,BSE,nse_dual_list,1d
2022-12-15,112.6500015258789,113.4499969482422,110.6999969482422,110.9499969482422,34361613,TATASTEEL,BSE,nse_dual_list,1d
2022-12-16,110.3499984741211,112.0999984741211,109.4499969482422,111.0500030517578,34736665,TATASTEEL,BSE,nse_dual_list,1d
2022-12-19,111.0500030517578,112.0999984741211,110.8000030517578,111.8000030517578,17297590,TATASTEEL,BSE,nse_dual_list,1d
2022-12-20,111.1500015258789,111.5,109.0,110.9499969482422,34836506,TATASTEEL,BSE,nse_dual_list,1d
2022-12-21,111.8000030517578,112.0,108.6999969482422,109.4000015258789,32303565,TATASTEEL,BSE,nse_dual_list,1d
2022-12-22,110.0,110.5999984741211,106.3499984741211,107.6500015258789,39639329,TATASTEEL,BSE,nse_dual_list,1d
2022-12-23,106.0,106.75,101.9499969482422,102.25,46756489,TATASTEEL,BSE,nse_dual_list,1d
2022-12-26,102.8000030517578,105.5500030517578,101.6500015258789,105.0,33995681,TATASTEEL,BSE,nse_dual_list,1d
2022-12-27,106.6500015258789,111.5500030517578,105.8499984741211,111.1500015258789,76033410,TATASTEEL,BSE,nse_dual_list,1d
2022-12-28,111.0500030517578,112.3000030517578,109.6999969482422,110.0,50660601,TATASTEEL,BSE,nse_dual_list,1d
2022-12-29,109.0,112.0,108.8499984741211,111.75,51751642,TATASTEEL,BSE,nse_dual_list,1d
2022-12-30,112.9000015258789,114.75,112.0999984741211,112.6500015258789,56048485,TATASTEEL,BSE,nse_dual_list,1d
2023-01-02,114.4000015258789,119.6999969482422,113.75,119.25,143444095,TATASTEEL,BSE,nse_dual_list,1d
2023-01-03,119.8000030517578,120.5,117.75,118.4499969482422,74419090,TATASTEEL,BSE,nse_dual_list,1d
2023-01-04,118.75,119.0500030517578,115.3499984741211,115.75,55634568,TATASTEEL,BSE,nse_dual_list,1d
2023-01-05,116.5,117.0,114.5,116.5500030517578,58806907,TATASTEEL,BSE,nse_dual_list,1d
2023-01-06,117.0,117.8499984741211,115.25,115.6500015258789,58551863,TATASTEEL,BSE,nse_dual_list,1d
2023-01-09,116.9000015258789,118.0999984741211,116.5500030517578,117.5500030517578,37763131,TATASTEEL,BSE,nse_dual_list,1d
2023-01-10,117.6500015258789,119.75,117.5500030517578,118.8499984741211,56750710,TATASTEEL,BSE,nse_dual_list,1d
2023-01-11,119.4499969482422,120.3499984741211,118.0,118.8499984741211,49321252,TATASTEEL,BSE,nse_dual_list,1d
2023-01-12,118.9499969482422,119.25,117.5999984741211,118.0999984741211,33740024,TATASTEEL,BSE,nse_dual_list,1d
2023-01-13,118.5500030517578,121.5999984741211,118.1500015258789,120.4499969482422,68884010,TATASTEEL,BSE,nse_dual_list,1d
2023-01-16,121.4499969482422,121.4499969482422,118.8000030517578,119.9499969482422,44362359,TATASTEEL,BSE,nse_dual_list,1d
2023-01-17,119.75,119.9000015258789,118.0,119.3499984741211,27880531,TATASTEEL,BSE,nse_dual_list,1d
2023-01-18,120.0,123.0,120.0,122.4499969482422,64749065,TATASTEEL,BSE,nse_dual_list,1d
2023-01-19,121.8000030517578,124.3000030517578,121.1500015258789,123.5500030517578,53564076,TATASTEEL,BSE,nse_dual_list,1d
2023-01-20,123.4000015258789,124.1999969482422,122.0,122.9499969482422,37784498,TATASTEEL,BSE,nse_dual_list,1d
2023-01-23,123.4000015258789,123.8499984741211,121.5,122.0,28601260,TATASTEEL,BSE,nse_dual_list,1d
2023-01-24,122.5,122.5500030517578,120.0999984741211,120.4000015258789,27707765,TATASTEEL,BSE,nse_dual_list,1d
2023-01-25,120.3499984741211,122.25,120.0999984741211,121.0,46522102,TATASTEEL,BSE,nse_dual_list,1d
2023-01-27,121.9000015258789,123.25,119.0999984741211,120.6500015258789,58771746,TATASTEEL,BSE,nse_dual_list,1d
2023-01-30,120.4499969482422,121.0999984741211,116.9000015258789,118.75,46551837,TATASTEEL,BSE,nse_dual_list,1d
2023-01-31,118.75,120.4499969482422,117.75,119.6999969482422,43986769,TATASTEEL,BSE,nse_dual_list,1d
2023-02-01,120.0999984741211,124.1500015258789,119.3000030517578,122.0500030517578,72919626,TATASTEEL,BSE,nse_dual_list,1d
2023-02-02,121.9499969482422,122.5,118.4000015258789,119.9499969482422,38768010,TATASTEEL,BSE,nse_dual_list,1d
2023-02-03,120.0500030517578,121.0,117.1999969482422,120.3499984741211,46977350,TATASTEEL,BSE,nse_dual_list,1d
2023-02-06,120.0,120.0,117.0,117.4499969482422,49546361,TATASTEEL,BSE,nse_dual_list,1d
2023-02-07,112.5999984741211,115.3499984741211,110.5500030517578,111.4499969482422,110953246,TATASTEEL,BSE,nse_dual_list,1d
2023-02-08,111.4499969482422,112.75,110.0999984741211,111.4499969482422,66523699,TATASTEEL,BSE,nse_dual_list,1d
2023-02-09,112.1500015258789,112.9499969482422,109.9499969482422,111.25,64710455,TATASTEEL,BSE,nse_dual_list,1d
2023-02-10,111.0,111.25,108.3000030517578,108.8000030517578,60810058,TATASTEEL,BSE,nse_dual_list,1d
2023-02-13,108.8000030517578,110.5999984741211,108.4000015258789,108.75,56186469,TATASTEEL,BSE,nse_dual_list,1d
2023-02-14,109.5500030517578,109.9000015258789,108.25,109.25,31163587,TATASTEEL,BSE,nse_dual_list,1d
2023-02-15,109.0,110.5999984741211,108.8000030517578,110.3000030517578,35544190,TATASTEEL,BSE,nse_dual_list,1d
2023-02-16,111.0,112.1999969482422,110.6500015258789,112.0,30956191,TATASTEEL,BSE,nse_dual_list,1d
2023-02-17,111.5500030517578,113.0999984741211,111.3000030517578,112.25,34107244,TATASTEEL,BSE,nse_dual_list,1d
2023-02-20,112.3000030517578,112.6999969482422,111.0500030517578,112.3499984741211,19896764,TATASTEEL,BSE,nse_dual_list,1d
2023-02-21,112.9000015258789,114.1999969482422,112.75,113.1500015258789,29830864,TATASTEEL,BSE,nse_dual_list,1d
2023-02-22,113.25,113.6999969482422,110.6500015258789,111.1500015258789,24391211,TATASTEEL,BSE,nse_dual_list,1d
2023-02-23,111.5500030517578,113.6500015258789,111.3499984741211,112.0500030517578,30845778,TATASTEEL,BSE,nse_dual_list,1d
2023-02-24,112.5,112.9000015258789,109.5500030517578,109.75,34326940,TATASTEEL,BSE,nse_dual_list,1d
2023-02-27,109.8000030517578,110.0500030517578,105.1500015258789,106.0999984741211,56217189,TATASTEEL,BSE,nse_dual_list,1d
2023-02-28,106.8499984741211,107.0500030517578,103.5500030517578,103.9499969482422,76540448,TATASTEEL,BSE,nse_dual_list,1d
2023-03-01,104.6999969482422,107.0999984741211,104.5,105.5,76175319,TATASTEEL,BSE,nse_dual_list,1d
2023-03-02,106.0500030517578,106.9000015258789,104.3499984741211,104.6500015258789,55276248,TATASTEEL,BSE,nse_dual_list,1d
2023-03-03,106.0,107.4499969482422,105.0,107.0,117175295,TATASTEEL,BSE,nse_dual_list,1d
2023-03-06,107.5,107.5999984741211,105.0,105.6500015258789,106868143,TATASTEEL,BSE,nse_dual_list,1d
2023-03-08,105.3000030517578,106.9000015258789,104.0,106.5,43939583,TATASTEEL,BSE,nse_dual_list,1d
2023-03-09,107.8499984741211,108.9499969482422,107.5,108.1999969482422,51967449,TATASTEEL,BSE,nse_dual_list,1d
2023-03-10,107.0,108.3499984741211,106.5999984741211,108.0999984741211,47699832,TATASTEEL,BSE,nse_dual_list,1d
2023-03-13,108.25,109.0,106.3499984741211,106.8000030517578,34552596,TATASTEEL,BSE,nse_dual_list,1d
2023-03-14,107.0,108.5500030517578,106.1999969482422,106.4000015258789,48584984,TATASTEEL,BSE,nse_dual_list,1d
2023-03-15,107.5,109.1500015258789,107.4000015258789,108.6500015258789,38930902,TATASTEEL,BSE,nse_dual_list,1d
2023-03-16,107.25,107.25,103.6999969482422,105.0500030517578,81088340,TATASTEEL,BSE,nse_dual_list,1d
2023-03-17,106.4499969482422,107.3499984741211,105.0,107.0,48962238,TATASTEEL,BSE,nse_dual_list,1d
2023-03-20,106.0999984741211,106.4499969482422,103.8499984741211,104.5,41569640,TATASTEEL,BSE,nse_dual_list,1d
2023-03-21,105.0999984741211,105.4000015258789,104.3000030517578,104.75,26434897,TATASTEEL,BSE,nse_dual_list,1d
2023-03-22,104.75,105.9499969482422,104.4000015258789,104.8000030517578,25891259,TATASTEEL,BSE,nse_dual_list,1d
2023-03-23,104.4000015258789,105.5,104.3499984741211,104.9000015258789,20913844,TATASTEEL,BSE,nse_dual_list,1d
2023-03-24,105.0,105.0500030517578,101.5500030517578,102.0999984741211,39014278,TATASTEEL,BSE,nse_dual_list,1d
2023-03-27,102.5500030517578,103.4000015258789,102.0999984741211,102.3000030517578,24753289,TATASTEEL,BSE,nse_dual_list,1d
2023-03-28,102.8499984741211,103.0999984741211,102.3499984741211,102.5,18703734,TATASTEEL,BSE,nse_dual_list,1d
2023-03-29,102.5,104.5,101.6500015258789,103.5999984741211,37221124,TATASTEEL,BSE,nse_dual_list,1d
2023-03-31,105.0,105.5,104.0999984741211,104.5,34579415,TATASTEEL,BSE,nse_dual_list,1d
2023-04-03,105.0999984741211,105.25,103.8000030517578,104.0999984741211,21840428,TATASTEEL,BSE,nse_dual_list,1d
2023-04-05,104.0999984741211,105.0,103.1999969482422,104.8499984741211,25194802,TATASTEEL,BSE,nse_dual_list,1d
2023-04-06,104.8499984741211,105.0999984741211,104.1999969482422,104.3499984741211,21053782,TATASTEEL,BSE,nse_dual_list,1d
2023-04-10,104.5,105.75,104.5,104.9499969482422,19992257,TATASTEEL,BSE,nse_dual_list,1d
2023-04-11,105.5500030517578,107.8499984741211,105.0999984741211,107.5500030517578,49304956,TATASTEEL,BSE,nse_dual_list,1d
2023-04-12,108.1999969482422,108.4000015258789,106.9499969482422,107.5999984741211,27349538,TATASTEEL,BSE,nse_dual_list,1d
2023-04-13,107.5,108.1500015258789,105.9000015258789,107.5,34880922,TATASTEEL,BSE,nse_dual_list,1d
2023-04-17,107.5999984741211,108.3000030517578,106.75,107.1500015258789,24642162,TATASTEEL,BSE,nse_dual_list,1d
2023-04-18,107.1999969482422,107.9000015258789,106.8499984741211,107.5999984741211,25476339,TATASTEEL,BSE,nse_dual_list,1d
2023-04-19,107.8499984741211,110.4000015258789,107.75,108.0999984741211,62100775,TATASTEEL,BSE,nse_dual_list,1d
2023-04-20,108.1999969482422,108.6999969482422,107.4000015258789,108.0,18337948,TATASTEEL,BSE,nse_dual_list,1d
2023-04-21,108.0,108.0999984741211,105.3499984741211,106.1500015258789,37638506,TATASTEEL,BSE,nse_dual_list,1d
2023-04-24,106.4000015258789,106.6999969482422,105.3499984741211,106.5,23475012,TATASTEEL,BSE,nse_dual_list,1d
2023-04-25,106.6999969482422,107.5999984741211,106.25,107.0500030517578,23333425,TATASTEEL,BSE,nse_dual_list,1d
2023-04-26,106.5,107.0500030517578,105.8499984741211,106.8499984741211,23590297,TATASTEEL,BSE,nse_dual_list,1d
2023-04-27,106.3000030517578,107.8499984741211,106.3000030517578,107.6500015258789,22364308,TATASTEEL,BSE,nse_dual_list,1d
2023-04-28,107.8000030517578,108.5,107.3000030517578,107.9499969482422,30072920,TATASTEEL,BSE,nse_dual_list,1d
2023-05-02,108.0,110.8499984741211,108.0,110.3000030517578,52822162,TATASTEEL,BSE,nse_dual_list,1d
2023-05-03,109.8000030517578,111.0,108.75,109.6999969482422,51272624,TATASTEEL,BSE,nse_dual_list,1d
2023-05-04,110.0,111.9000015258789,109.5,111.0500030517578,38636907,TATASTEEL,BSE,nse_dual_list,1d
2023-05-05,110.8499984741211,110.8499984741211,108.4000015258789,108.6500015258789,32958346,TATASTEEL,BSE,nse_dual_list,1d
2023-05-08,109.25,109.8499984741211,108.25,109.5500030517578,23130472,TATASTEEL,BSE,nse_dual_list,1d
2023-05-09,109.5999984741211,111.1999969482422,109.1500015258789,109.5500030517578,27999202,TATASTEEL,BSE,nse_dual_list,1d
2023-05-10,109.5999984741211,110.0,108.5999984741211,109.25,19213215,TATASTEEL,BSE,nse_dual_list,1d
2023-05-11,109.1999969482422,109.5,108.25,108.5500030517578,19817637,TATASTEEL,BSE,nse_dual_list,1d
2023-05-12,108.3499984741211,108.4000015258789,106.5500030517578,106.75,36794838,TATASTEEL,BSE,nse_dual_list,1d
2023-05-15,107.0500030517578,108.1999969482422,105.6500015258789,107.6999969482422,22148028,TATASTEEL,BSE,nse_dual_list,1d
2023-05-16,108.1999969482422,108.6500015258789,107.1999969482422,107.4000015258789,18587658,TATASTEEL,BSE,nse_dual_list,1d
2023-05-17,107.4000015258789,107.5,105.5500030517578,106.0,28895465,TATASTEEL,BSE,nse_dual_list,1d
2023-05-18,106.5,107.1500015258789,105.0999984741211,105.1999969482422,24208481,TATASTEEL,BSE,nse_dual_list,1d
2023-05-19,105.5999984741211,105.6999969482422,104.0500030517578,104.6500015258789,29848841,TATASTEEL,BSE,nse_dual_list,1d
2023-05-22,105.0,105.25,104.3000030517578,105.0,21588716,TATASTEEL,BSE,nse_dual_list,1d
2023-05-23,105.0999984741211,106.0500030517578,105.0,105.5999984741211,21304034,TATASTEEL,BSE,nse_dual_list,1d
2023-05-24,105.0999984741211,105.8000030517578,104.9000015258789,105.1999969482422,28454367,TATASTEEL,BSE,nse_dual_list,1d
2023-05-25,105.0,105.1999969482422,104.3000030517578,104.8499984741211,25885062,TATASTEEL,BSE,nse_dual_list,1d
2023-05-26,105.0,106.75,104.9499969482422,106.4000015258789,28362042,TATASTEEL,BSE,nse_dual_list,1d
2023-05-29,107.0,108.8499984741211,106.3000030517578,108.4499969482422,41062311,TATASTEEL,BSE,nse_dual_list,1d
2023-05-30,108.9499969482422,108.9499969482422,106.9000015258789,107.0500030517578,33475211,TATASTEEL,BSE,nse_dual_list,1d
2023-05-31,106.4000015258789,106.9499969482422,105.5999984741211,105.8000030517578,41249944,TATASTEEL,BSE,nse_dual_list,1d
2023-06-01,105.9000015258789,106.6999969482422,105.8000030517578,105.9499969482422,21211538,TATASTEEL,BSE,nse_dual_list,1d
2023-06-02,106.5,108.3000030517578,106.5,108.0,46686933,TATASTEEL,BSE,nse_dual_list,1d
2023-06-05,108.6500015258789,109.9000015258789,107.8000030517578,109.4000015258789,39642539,TATASTEEL,BSE,nse_dual_list,1d
2023-06-06,109.75,109.8499984741211,108.3000030517578,109.0,26751372,TATASTEEL,BSE,nse_dual_list,1d
2023-06-07,109.5,111.75,108.9000015258789,111.5,45157197,TATASTEEL,BSE,nse_dual_list,1d
2023-06-08,111.5,113.0,110.9499969482422,111.1500015258789,46380294,TATASTEEL,BSE,nse_dual_list,1d
2023-06-09,111.25,111.6500015258789,108.6500015258789,108.9000015258789,36392617,TATASTEEL,BSE,nse_dual_list,1d
2023-06-12,109.1500015258789,110.5999984741211,109.1500015258789,109.5,23472313,TATASTEEL,BSE,nse_dual_list,1d
2023-06-13,110.0,111.8499984741211,109.6500015258789,111.1500015258789,30018212,TATASTEEL,BSE,nse_dual_list,1d
2023-06-14,111.5,114.0,111.4000015258789,113.8000030517578,66696433,TATASTEEL,BSE,nse_dual_list,1d
2023-06-15,113.9000015258789,114.1999969482422,113.25,113.75,39430138,TATASTEEL,BSE,nse_dual_list,1d
2023-06-16,114.4000015258789,114.8000030517578,113.8499984741211,114.25,31715807,TATASTEEL,BSE,nse_dual_list,1d
2023-06-19,115.4499969482422,115.5999984741211,113.0500030517578,114.0999984741211,33502185,TATASTEEL,BSE,nse_dual_list,1d
2023-06-20,114.0999984741211,115.25,113.5,114.25,30371599,TATASTEEL,BSE,nse_dual_list,1d
2023-06-21,114.9000015258789,114.9000015258789,112.8499984741211,113.9000015258789,35627983,TATASTEEL,BSE,nse_dual_list,1d
2023-06-22,110.5999984741211,112.1999969482422,110.5500030517578,111.0999984741211,34769987,TATASTEEL,BSE,nse_dual_list,1d
2023-06-23,110.5,110.75,109.1999969482422,109.5999984741211,22190233,TATASTEEL,BSE,nse_dual_list,1d
2023-06-26,109.5999984741211,110.1999969482422,108.0999984741211,109.8499984741211,25332751,TATASTEEL,BSE,nse_dual_list,1d
2023-06-27,110.5999984741211,111.5,110.1500015258789,110.75,24129403,TATASTEEL,BSE,nse_dual_list,1d
2023-06-28,111.5,112.0500030517578,110.9000015258789,111.5500030517578,23895274,TATASTEEL,BSE,nse_dual_list,1d
2023-06-30,111.5999984741211,112.1999969482422,110.4000015258789,112.0,26741918,TATASTEEL,BSE,nse_dual_list,1d
2023-07-03,112.25,114.25,112.0500030517578,113.0999984741211,30979256,TATASTEEL,BSE,nse_dual_list,1d
2023-07-04,113.1999969482422,113.4000015258789,112.0999984741211,112.4000015258789,25080307,TATASTEEL,BSE,nse_dual_list,1d
2023-07-05,112.5500030517578,113.5500030517578,112.1999969482422,112.9499969482422,27877180,TATASTEEL,BSE,nse_dual_list,1d
2023-07-06,112.0,112.8499984741211,111.5,112.6500015258789,34320086,TATASTEEL,BSE,nse_dual_list,1d
2023-07-07,112.0,113.3000030517578,111.25,111.5999984741211,30034274,TATASTEEL,BSE,nse_dual_list,1d
2023-07-10,112.25,115.6999969482422,111.6500015258789,115.3000030517578,60652690,TATASTEEL,BSE,nse_dual_list,1d
2023-07-11,115.5999984741211,116.0999984741211,114.8000030517578,115.1500015258789,37999385,TATASTEEL,BSE,nse_dual_list,1d
2023-07-12,115.1500015258789,116.0500030517578,114.0,114.6999969482422,32771204,TATASTEEL,BSE,nse_dual_list,1d
2023-07-13,116.0,116.9499969482422,114.5,114.8499984741211,44847814,TATASTEEL,BSE,nse_dual_list,1d
2023-07-14,115.6999969482422,117.9000015258789,114.8000030517578,117.1500015258789,34521821,TATASTEEL,BSE,nse_dual_list,1d
2023-07-17,117.9499969482422,119.3499984741211,117.0999984741211,117.75,49115369,TATASTEEL,BSE,nse_dual_list,1d
2023-07-18,118.0,118.1500015258789,116.4000015258789,116.5999984741211,23433431,TATASTEEL,BSE,nse_dual_list,1d
2023-07-19,116.6999969482422,117.1999969482422,116.0999984741211,116.6999969482422,17222355,TATASTEEL,BSE,nse_dual_list,1d
2023-07-20,116.6999969482422,117.25,116.3499984741211,116.9499969482422,22303831,TATASTEEL,BSE,nse_dual_list,1d
2023-07-21,116.5999984741211,117.9499969482422,115.5,116.5999984741211,31546136,TATASTEEL,BSE,nse_dual_list,1d
2023-07-24,116.5,116.5,114.3499984741211,115.5,38113555,TATASTEEL,BSE,nse_dual_list,1d
2023-07-25,115.0,119.9000015258789,114.3499984741211,119.25,88035259,TATASTEEL,BSE,nse_dual_list,1d
2023-07-26,119.8000030517578,120.5999984741211,118.8499984741211,119.9499969482422,29716336,TATASTEEL,BSE,nse_dual_list,1d
2023-07-27,120.25,121.4499969482422,119.1500015258789,119.8000030517578,39664251,TATASTEEL,BSE,nse_dual_list,1d
2023-07-28,120.1999969482422,121.0999984741211,118.6999969482422,120.5999984741211,33996691,TATASTEEL,BSE,nse_dual_list,1d
2023-07-31,120.5999984741211,123.8499984741211,120.5999984741211,123.1500015258789,52330311,TATASTEEL,BSE,nse_dual_list,1d
2023-08-01,123.5500030517578,124.1500015258789,122.5500030517578,123.1999969482422,27863562,TATASTEEL,BSE,nse_dual_list,1d
2023-08-02,122.9000015258789,122.9000015258789,118.25,118.9499969482422,54951586,TATASTEEL,BSE,nse_dual_list,1d
2023-08-03,118.6999969482422,119.6500015258789,117.5,118.1999969482422,34624188,TATASTEEL,BSE,nse_dual_list,1d
2023-08-04,119.4000015258789,119.75,118.0,119.0,22303966,TATASTEEL,BSE,nse_dual_list,1d
2023-08-07,119.5999984741211,119.5999984741211,118.0,118.8499984741211,20711952,TATASTEEL,BSE,nse_dual_list,1d
2023-08-08,119.0,119.5,117.9499969482422,118.1500015258789,21275054,TATASTEEL,BSE,nse_dual_list,1d
2023-08-09,118.3499984741211,120.5,116.9000015258789,120.1999969482422,34154214,TATASTEEL,BSE,nse_dual_list,1d
2023-08-10,120.0,120.6500015258789,119.25,120.0,24439101,TATASTEEL,BSE,nse_dual_list,1d
2023-08-11,120.3000030517578,121.4000015258789,119.1500015258789,120.3000030517578,26337436,TATASTEEL,BSE,nse_dual_list,1d
2023-08-14,120.3000030517578,120.4000015258789,117.3499984741211,118.1500015258789,33095516,TATASTEEL,BSE,nse_dual_list,1d
2023-08-16,117.9499969482422,117.9499969482422,115.4000015258789,115.9499969482422,31252473,TATASTEEL,BSE,nse_dual_list,1d
2023-08-17,115.9000015258789,116.8000030517578,114.6999969482422,116.0500030517578,28461865,TATASTEEL,BSE,nse_dual_list,1d
2023-08-18,116.3000030517578,116.4000015258789,114.75,115.8000030517578,30381609,TATASTEEL,BSE,nse_dual_list,1d
2023-08-21,116.75,117.0999984741211,115.8499984741211,116.9000015258789,22629651,TATASTEEL,BSE,nse_dual_list,1d
2023-08-22,117.1500015258789,117.75,116.5,117.5500030517578,17343131,TATASTEEL,BSE,nse_dual_list,1d
2023-08-23,117.8499984741211,119.25,117.6500015258789,118.9499969482422,43744909,TATASTEEL,BSE,nse_dual_list,1d
2023-08-24,119.5,120.0999984741211,118.0500030517578,118.25,27103446,TATASTEEL,BSE,nse_dual_list,1d
2023-08-25,118.0,118.1500015258789,116.6999969482422,116.9000015258789,23692527,TATASTEEL,BSE,nse_dual_list,1d
2023-08-28,117.0,118.25,117.0,117.5999984741211,19218821,TATASTEEL,BSE,nse_dual_list,1d
2023-08-29,118.5,120.1500015258789,117.75,119.5500030517578,36038317,TATASTEEL,BSE,nse_dual_list,1d
2023-08-30,120.5,122.6999969482422,120.25,122.0999984741211,51467177,TATASTEEL,BSE,nse_dual_list,1d
2023-08-31,122.8499984741211,123.5999984741211,122.1500015258789,122.9000015258789,60626985,TATASTEEL,BSE,nse_dual_list,1d
2023-09-01,123.5,128.6999969482422,123.4000015258789,127.0500030517578,76460408,TATASTEEL,BSE,nse_dual_list,1d
2023-09-04,129.1999969482422,132.89999389648438,128.85000610351562,131.75,68525900,TATASTEEL,BSE,nse_dual_list,1d
2023-09-05,131.75,132.4499969482422,128.85000610351562,131.6999969482422,36466807,TATASTEEL,BSE,nse_dual_list,1d
2023-09-06,132.39999389648438,132.39999389648438,128.1999969482422,129.60000610351562,36058850,TATASTEEL,BSE,nse_dual_list,1d
2023-09-07,129.5,130.8000030517578,128.60000610351562,130.14999389648438,30268235,TATASTEEL,BSE,nse_dual_list,1d
2023-09-08,131.39999389648438,131.64999389648438,129.1999969482422,129.5,34313523,TATASTEEL,BSE,nse_dual_list,1d
2023-09-11,129.5,131.85000610351562,129.1999969482422,131.14999389648438,33377857,TATASTEEL,BSE,nse_dual_list,1d
2023-09-12,132.8000030517578,133.14999389648438,128.64999389648438,129.0,38065283,TATASTEEL,BSE,nse_dual_list,1d
2023-09-13,129.60000610351562,130.5,127.6999969482422,129.5500030517578,23371459,TATASTEEL,BSE,nse_dual_list,1d
2023-09-14,131.0,134.1999969482422,130.8000030517578,131.6999969482422,58800620,TATASTEEL,BSE,nse_dual_list,1d
2023-09-15,132.60000610351562,133.3000030517578,129.85000610351562,131.9499969482422,85058495,TATASTEEL,BSE,nse_dual_list,1d
2023-09-18,135.0,135.0,130.0500030517578,130.4499969482422,62420823,TATASTEEL,BSE,nse_dual_list,1d
2023-09-20,130.4499969482422,131.8000030517578,128.0,128.3000030517578,43627379,TATASTEEL,BSE,nse_dual_list,1d
2023-09-21,128.3000030517578,129.25,127.1999969482422,127.8000030517578,29826091,TATASTEEL,BSE,nse_dual_list,1d
2023-09-22,127.1500015258789,128.6999969482422,125.5,126.75,34059194,TATASTEEL,BSE,nse_dual_list,1d
2023-09-25,127.3000030517578,128.3000030517578,126.0999984741211,127.4000015258789,23466981,TATASTEEL,BSE,nse_dual_list,1d
2023-09-26,129.0,130.5500030517578,128.39999389648438,128.89999389648438,48936598,TATASTEEL,BSE,nse_dual_list,1d
2023-09-27,128.75,128.75,126.6999969482422,128.14999389648438,33277329,TATASTEEL,BSE,nse_dual_list,1d
2023-09-28,128.35000610351562,129.3000030517578,126.3000030517578,126.8000030517578,29982233,TATASTEEL,BSE,nse_dual_list,1d
2023-09-29,128.1999969482422,129.5500030517578,127.5500030517578,128.89999389648438,28406435,TATASTEEL,BSE,nse_dual_list,1d
2023-10-03,129.0,129.10000610351562,127.25,128.0,18613557,TATASTEEL,BSE,nse_dual_list,1d
2023-10-04,127.0,127.0999984741211,124.5,125.3000030517578,33272725,TATASTEEL,BSE,nse_dual_list,1d
2023-10-05,125.9000015258789,126.1500015258789,124.5500030517578,125.25,27063441,TATASTEEL,BSE,nse_dual_list,1d
2023-10-06,126.5,127.0,125.0999984741211,125.9000015258789,21928671,TATASTEEL,BSE,nse_dual_list,1d
2023-10-09,124.8000030517578,124.9000015258789,122.5999984741211,123.8499984741211,21457836,TATASTEEL,BSE,nse_dual_list,1d
2023-10-10,124.6999969482422,125.9000015258789,123.75,125.3000030517578,28745957,TATASTEEL,BSE,nse_dual_list,1d
2023-10-11,126.0,126.3000030517578,124.6999969482422,124.9499969482422,24455932,TATASTEEL,BSE,nse_dual_list,1d
2023-10-12,125.3499984741211,126.9000015258789,125.0999984741211,125.9000015258789,19361688,TATASTEEL,BSE,nse_dual_list,1d
2023-10-13,125.0,125.75,124.0,125.0500030517578,26912800,TATASTEEL,BSE,nse_dual_list,1d
2023-10-16,125.0999984741211,127.25,124.9499969482422,127.0,23868700,TATASTEEL,BSE,nse_dual_list,1d
2023-10-17,127.9000015258789,128.5500030517578,127.0,127.4000015258789,24241710,TATASTEEL,BSE,nse_dual_list,1d
2023-10-18,127.8499984741211,128.6999969482422,126.5999984741211,127.0999984741211,20926079,TATASTEEL,BSE,nse_dual_list,1d
2023-10-19,125.5,126.5,124.3499984741211,126.0,30941319,TATASTEEL,BSE,nse_dual_list,1d
2023-10-20,125.0,125.75,122.6999969482422,123.0999984741211,30746140,TATASTEEL,BSE,nse_dual_list,1d
2023-10-23,123.3499984741211,123.4000015258789,119.6999969482422,120.0,30699479,TATASTEEL,BSE,nse_dual_list,1d
2023-10-25,121.1999969482422,122.8000030517578,120.75,121.3499984741211,27346103,TATASTEEL,BSE,nse_dual_list,1d
2023-10-26,120.8499984741211,120.9000015258789,118.9000015258789,119.9000015258789,36298907,TATASTEEL,BSE,nse_dual_list,1d
2023-10-27,120.5,121.8000030517578,119.5,119.9000015258789,28424007,TATASTEEL,BSE,nse_dual_list,1d
2023-10-30,121.0500030517578,121.25,118.9499969482422,119.1500015258789,18753217,TATASTEEL,BSE,nse_dual_list,1d
2023-10-31,120.0,120.1500015258789,118.4000015258789,118.75,22319950,TATASTEEL,BSE,nse_dual_list,1d
2023-11-01,119.0,119.0999984741211,116.0,116.5999984741211,24717941,TATASTEEL,BSE,nse_dual_list,1d
2023-11-02,114.5999984741211,118.5500030517578,114.5999984741211,118.0999984741211,72538804,TATASTEEL,BSE,nse_dual_list,1d
2023-11-03,118.1999969482422,118.5999984741211,117.0999984741211,117.3000030517578,31747230,TATASTEEL,BSE,nse_dual_list,1d
2023-11-06,118.5,119.6500015258789,117.5,119.4000015258789,27883152,TATASTEEL,BSE,nse_dual_list,1d
2023-11-07,119.3000030517578,120.1999969482422,118.4000015258789,119.6500015258789,25818033,TATASTEEL,BSE,nse_dual_list,1d
2023-11-08,119.75,120.5,118.5500030517578,119.0500030517578,22552386,TATASTEEL,BSE,nse_dual_list,1d
2023-11-09,119.1999969482422,120.5,118.8499984741211,119.6500015258789,22979112,TATASTEEL,BSE,nse_dual_list,1d
2023-11-10,119.5,120.4499969482422,118.8000030517578,120.0500030517578,23584510,TATASTEEL,BSE,nse_dual_list,1d
2023-11-13,120.8499984741211,121.25,119.9000015258789,121.0,17951775,TATASTEEL,BSE,nse_dual_list,1d
2023-11-15,121.6999969482422,124.4000015258789,121.5,124.0500030517578,38344393,TATASTEEL,BSE,nse_dual_list,1d
2023-11-16,124.0,125.25,123.0,124.6999969482422,30836413,TATASTEEL,BSE,nse_dual_list,1d
2023-11-17,124.6999969482422,125.75,124.3000030517578,125.1999969482422,23319439,TATASTEEL,BSE,nse_dual_list,1d
2023-11-20,125.0500030517578,125.6500015258789,124.0500030517578,124.3499984741211,18780290,TATASTEEL,BSE,nse_dual_list,1d
2023-11-21,125.0500030517578,126.4000015258789,124.9499969482422,126.25,29643312,TATASTEEL,BSE,nse_dual_list,1d
2023-11-22,126.4000015258789,126.9000015258789,125.5,126.0999984741211,19588063,TATASTEEL,BSE,nse_dual_list,1d
2023-11-23,126.3499984741211,127.4000015258789,125.9000015258789,126.6999969482422,30736851,TATASTEEL,BSE,nse_dual_list,1d
2023-11-24,126.6999969482422,127.0,125.5500030517578,125.9499969482422,14719450,TATASTEEL,BSE,nse_dual_list,1d
2023-11-28,127.0,127.0,126.0,126.8499984741211,18377843,TATASTEEL,BSE,nse_dual_list,1d
2023-11-29,127.1500015258789,128.14999389648438,126.6999969482422,127.75,23092165,TATASTEEL,BSE,nse_dual_list,1d
2023-11-30,127.8000030517578,128.85000610351562,126.5,127.9000015258789,40165104,TATASTEEL,BSE,nse_dual_list,1d
2023-12-01,128.89999389648438,130.3000030517578,128.0500030517578,130.0,31192397,TATASTEEL,BSE,nse_dual_list,1d
2023-12-04,132.1999969482422,132.35000610351562,130.39999389648438,131.0,41230928,TATASTEEL,BSE,nse_dual_list,1d
2023-12-05,131.0,132.4499969482422,130.0,131.60000610351562,35192149,TATASTEEL,BSE,nse_dual_list,1d
2023-12-06,132.5,133.39999389648438,130.8000030517578,131.85000610351562,40753593,TATASTEEL,BSE,nse_dual_list,1d
2023-12-07,131.6999969482422,132.1999969482422,129.8000030517578,130.0,34686333,TATASTEEL,BSE,nse_dual_list,1d
2023-12-08,130.14999389648438,131.39999389648438,127.9499969482422,129.1999969482422,34393711,TATASTEEL,BSE,nse_dual_list,1d
2023-12-11,129.85000610351562,130.5,128.75,130.0500030517578,24038059,TATASTEEL,BSE,nse_dual_list,1d
2023-12-12,130.0500030517578,132.14999389648438,129.6999969482422,130.10000610351562,30696410,TATASTEEL,BSE,nse_dual_list,1d
2023-12-13,130.5500030517578,131.5,129.14999389648438,131.39999389648438,22767972,TATASTEEL,BSE,nse_dual_list,1d
2023-12-14,132.3000030517578,133.25,131.5,132.0,43372143,TATASTEEL,BSE,nse_dual_list,1d
2023-12-15,133.39999389648438,136.75,133.0,136.4499969482422,77377446,TATASTEEL,BSE,nse_dual_list,1d
2023-12-18,136.85000610351562,137.60000610351562,135.10000610351562,136.60000610351562,38461877,TATASTEEL,BSE,nse_dual_list,1d
2023-12-19,136.64999389648438,137.60000610351562,134.8000030517578,135.39999389648438,27726431,TATASTEEL,BSE,nse_dual_list,1d
2023-12-20,135.89999389648438,136.14999389648438,128.75,129.75,39495961,TATASTEEL,BSE,nse_dual_list,1d
2023-12-21,128.6999969482422,131.4499969482422,127.8499984741211,131.0,34914399,TATASTEEL,BSE,nse_dual_list,1d
2023-12-22,132.39999389648438,134.75,131.75,133.5500030517578,37357334,TATASTEEL,BSE,nse_dual_list,1d
2023-12-26,134.6999969482422,136.10000610351562,134.4499969482422,135.1999969482422,25936447,TATASTEEL,BSE,nse_dual_list,1d
2023-12-27,135.85000610351562,138.89999389648438,135.5,137.1999969482422,48101400,TATASTEEL,BSE,nse_dual_list,1d
2023-12-28,138.14999389648438,138.75,136.85000610351562,138.14999389648438,34661176,TATASTEEL,BSE,nse_dual_list,1d
2023-12-29,138.60000610351562,141.25,137.14999389648438,139.60000610351562,49202910,TATASTEEL,BSE,nse_dual_list,1d
2024-01-01,140.0,140.9499969482422,139.0500030517578,139.85000610351562,21186105,TATASTEEL,BSE,nse_dual_list,1d
2024-01-02,140.5,140.60000610351562,137.0500030517578,139.60000610351562,27764060,TATASTEEL,BSE,nse_dual_list,1d
2024-01-03,139.5,139.60000610351562,134.35000610351562,135.35000610351562,45176618,TATASTEEL,BSE,nse_dual_list,1d
2024-01-04,136.0,136.35000610351562,134.0,134.25,43913498,TATASTEEL,BSE,nse_dual_list,1d
2024-01-05,135.0,135.9499969482422,132.85000610351562,133.64999389648438,71330190,TATASTEEL,BSE,nse_dual_list,1d
2024-01-08,135.3000030517578,135.9499969482422,131.75,132.0,39559717,TATASTEEL,BSE,nse_dual_list,1d
2024-01-09,133.5,134.8000030517578,132.5,133.64999389648438,30736868,TATASTEEL,BSE,nse_dual_list,1d
2024-01-10,133.8000030517578,134.6999969482422,132.10000610351562,134.10000610351562,27213624,TATASTEEL,BSE,nse_dual_list,1d
2024-01-11,134.85000610351562,135.64999389648438,134.1999969482422,134.89999389648438,23113349,TATASTEEL,BSE,nse_dual_list,1d
2024-01-12,135.8000030517578,136.25,134.64999389648438,135.3000030517578,32883921,TATASTEEL,BSE,nse_dual_list,1d
2024-01-15,136.0,136.25,133.9499969482422,134.89999389648438,34158775,TATASTEEL,BSE,nse_dual_list,1d
2024-01-16,134.6999969482422,138.5,134.0,137.25,56361287,TATASTEEL,BSE,nse_dual_list,1d
2024-01-17,135.4499969482422,135.75,131.39999389648438,131.64999389648438,58982971,TATASTEEL,BSE,nse_dual_list,1d
2024-01-18,131.64999389648438,132.25,128.1999969482422,131.0,45273496,TATASTEEL,BSE,nse_dual_list,1d
2024-01-19,132.60000610351562,134.6999969482422,131.60000610351562,134.25,32653013,TATASTEEL,BSE,nse_dual_list,1d
2024-01-23,134.8000030517578,135.1999969482422,129.3000030517578,130.10000610351562,35373970,TATASTEEL,BSE,nse_dual_list,1d
2024-01-24,130.1999969482422,135.5500030517578,130.10000610351562,135.14999389648438,39340119,TATASTEEL,BSE,nse_dual_list,1d
2024-01-25,136.5,136.5,132.0,133.75,61358839,TATASTEEL,BSE,nse_dual_list,1d
2024-01-29,134.6999969482422,135.39999389648438,133.5,135.0,29745400,TATASTEEL,BSE,nse_dual_list,1d
2024-01-30,135.60000610351562,137.6999969482422,134.5,134.6999969482422,35704185,TATASTEEL,BSE,nse_dual_list,1d
2024-01-31,135.0,136.6999969482422,134.5,135.9499969482422,36079354,TATASTEEL,BSE,nse_dual_list,1d
2024-02-01,136.39999389648438,136.75,134.5,134.8000030517578,31701793,TATASTEEL,BSE,nse_dual_list,1d
2024-02-02,135.3000030517578,139.60000610351562,134.8000030517578,138.6999969482422,69296192,TATASTEEL,BSE,nse_dual_list,1d
2024-02-05,140.0,143.35000610351562,139.35000610351562,141.5500030517578,80737626,TATASTEEL,BSE,nse_dual_list,1d
2024-02-06,143.0,145.10000610351562,140.4499969482422,144.64999389648438,53192936,TATASTEEL,BSE,nse_dual_list,1d
2024-02-07,146.85000610351562,147.39999389648438,144.0500030517578,144.39999389648438,61517064,TATASTEEL,BSE,nse_dual_list,1d
2024-02-08,145.3000030517578,145.64999389648438,143.0500030517578,143.64999389648438,38997666,TATASTEEL,BSE,nse_dual_list,1d
2024-02-09,144.1999969482422,144.4499969482422,139.14999389648438,141.3000030517578,35961925,TATASTEEL,BSE,nse_dual_list,1d
2024-02-12,142.0,142.9499969482422,136.64999389648438,137.39999389648438,36477544,TATASTEEL,BSE,nse_dual_list,1d
2024-02-13,137.75,138.25,134.10000610351562,137.85000610351562,39155909,TATASTEEL,BSE,nse_dual_list,1d
2024-02-14,137.0,141.5,135.75,141.1999969482422,29141690,TATASTEEL,BSE,nse_dual_list,1d
2024-02-15,141.5,143.4499969482422,141.0,141.1999969482422,31587387,TATASTEEL,BSE,nse_dual_list,1d
2024-02-16,142.0500030517578,143.4499969482422,141.5,142.3000030517578,22316127,TATASTEEL,BSE,nse_dual_list,1d
2024-02-19,142.9499969482422,143.35000610351562,141.35000610351562,141.9499969482422,16973568,TATASTEEL,BSE,nse_dual_list,1d
2024-02-20,141.9499969482422,142.25,140.0500030517578,141.0500030517578,24291123,TATASTEEL,BSE,nse_dual_list,1d
2024-02-21,141.5500030517578,146.1999969482422,141.4499969482422,143.89999389648438,88000833,TATASTEEL,BSE,nse_dual_list,1d
2024-02-22,145.0,146.14999389648438,143.5,145.89999389648438,46728176,TATASTEEL,BSE,nse_dual_list,1d
2024-02-23,146.39999389648438,147.10000610351562,145.0,145.4499969482422,28414697,TATASTEEL,BSE,nse_dual_list,1d
2024-02-26,145.85000610351562,145.9499969482422,142.25,142.64999389648438,22570277,TATASTEEL,BSE,nse_dual_list,1d
2024-02-27,142.64999389648438,144.5,142.0,144.1999969482422,24119469,TATASTEEL,BSE,nse_dual_list,1d
2024-02-28,144.0500030517578,144.9499969482422,140.0500030517578,140.75,20721926,TATASTEEL,BSE,nse_dual_list,1d
2024-02-29,140.8000030517578,141.85000610351562,139.39999389648438,140.85000610351562,32248156,TATASTEEL,BSE,nse_dual_list,1d
2024-03-01,143.0,150.64999389648438,143.0,149.9499969482422,123709943,TATASTEEL,BSE,nse_dual_list,1d
2024-03-04,154.89999389648438,154.89999389648438,151.0500030517578,153.10000610351562,67577785,TATASTEEL,BSE,nse_dual_list,1d
2024-03-05,153.1999969482422,154.0,150.75,151.85000610351562,37165490,TATASTEEL,BSE,nse_dual_list,1d
2024-03-06,151.8000030517578,152.64999389648438,147.89999389648438,151.60000610351562,51782444,TATASTEEL,BSE,nse_dual_list,1d
2024-03-07,152.39999389648438,159.14999389648438,152.25,157.25,124847699,TATASTEEL,BSE,nse_dual_list,1d
2024-03-11,158.89999389648438,158.89999389648438,153.0,153.4499969482422,54155385,TATASTEEL,BSE,nse_dual_list,1d
2024-03-12,154.1999969482422,154.5500030517578,150.89999389648438,152.5,34947937,TATASTEEL,BSE,nse_dual_list,1d
2024-03-13,152.8000030517578,152.89999389648438,142.5,143.64999389648438,70937597,TATASTEEL,BSE,nse_dual_list,1d
2024-03-14,143.60000610351562,143.9499969482422,138.35000610351562,142.4499969482422,91956952,TATASTEEL,BSE,nse_dual_list,1d
2024-03-15,142.89999389648438,143.6999969482422,139.85000610351562,141.6999969482422,68482621,TATASTEEL,BSE,nse_dual_list,1d
2024-03-18,142.5500030517578,150.25,142.1999969482422,149.6999969482422,166913078,TATASTEEL,BSE,nse_dual_list,1d
2024-03-19,149.0,152.4499969482422,147.60000610351562,148.75,105004268,TATASTEEL,BSE,nse_dual_list,1d
2024-03-20,149.60000610351562,150.64999389648438,143.85000610351562,145.64999389648438,77550319,TATASTEEL,BSE,nse_dual_list,1d
2024-03-21,148.0,151.1999969482422,147.8000030517578,150.10000610351562,84225737,TATASTEEL,BSE,nse_dual_list,1d
2024-03-22,149.0,152.75,148.35000610351562,151.8000030517578,68241556,TATASTEEL,BSE,nse_dual_list,1d
2024-03-26,151.14999389648438,153.39999389648438,150.5,152.39999389648438,52965508,TATASTEEL,BSE,nse_dual_list,1d
2024-03-27,152.4499969482422,154.10000610351562,152.0,152.6999969482422,35328794,TATASTEEL,BSE,nse_dual_list,1d
2024-03-28,152.6999969482422,157.0,152.6999969482422,155.85000610351562,62575327,TATASTEEL,BSE,nse_dual_list,1d
2024-04-01,156.8000030517578,163.89999389648438,156.5,163.14999389648438,84583929,TATASTEEL,BSE,nse_dual_list,1d
2024-04-02,162.9499969482422,165.5,161.8000030517578,164.64999389648438,69533405,TATASTEEL,BSE,nse_dual_list,1d
2024-04-03,164.64999389648438,166.25,163.10000610351562,163.64999389648438,50938559,TATASTEEL,BSE,nse_dual_list,1d
2024-04-04,165.5500030517578,165.9499969482422,161.0,163.39999389648438,61094750,TATASTEEL,BSE,nse_dual_list,1d
2024-04-05,163.89999389648438,164.14999389648438,160.8000030517578,163.35000610351562,44668121,TATASTEEL,BSE,nse_dual_list,1d
2024-04-08,166.9499969482422,166.9499969482422,164.1999969482422,165.1999969482422,48255703,TATASTEEL,BSE,nse_dual_list,1d
2024-04-09,166.0,169.8000030517578,165.1999969482422,166.0,63884687,TATASTEEL,BSE,nse_dual_list,1d
2024-04-10,167.3000030517578,169.1999969482422,164.5,165.0500030517578,64134758,TATASTEEL,BSE,nse_dual_list,1d
2024-04-12,166.0,166.0,163.0,163.5,55317636,TATASTEEL,BSE,nse_dual_list,1d
2024-04-15,161.8000030517578,164.6999969482422,158.60000610351562,160.85000610351562,66426404,TATASTEEL,BSE,nse_dual_list,1d
2024-04-16,160.85000610351562,162.4499969482422,159.0,160.0500030517578,41391261,TATASTEEL,BSE,nse_dual_list,1d
2024-04-18,160.89999389648438,164.0,159.14999389648438,160.0500030517578,68093672,TATASTEEL,BSE,nse_dual_list,1d
2024-04-19,160.0,162.5,157.3000030517578,162.10000610351562,60078229,TATASTEEL,BSE,nse_dual_list,1d
2024-04-22,163.8000030517578,164.6999969482422,161.5,161.85000610351562,39304790,TATASTEEL,BSE,nse_dual_list,1d
2024-04-23,163.5,163.5,160.8000030517578,161.14999389648438,30295177,TATASTEEL,BSE,nse_dual_list,1d
2024-04-24,162.4499969482422,166.89999389648438,161.4499969482422,165.5500030517578,59894921,TATASTEEL,BSE,nse_dual_list,1d
2024-04-25,165.39999389648438,168.0,164.14999389648438,167.6999969482422,50128523,TATASTEEL,BSE,nse_dual_list,1d
2024-04-26,168.0,170.6999969482422,165.25,165.8000030517578,65355111,TATASTEEL,BSE,nse_dual_list,1d
2024-04-29,168.1999969482422,169.60000610351562,166.89999389648438,167.39999389648438,44906151,TATASTEEL,BSE,nse_dual_list,1d
2024-04-30,168.39999389648438,168.39999389648438,164.5,165.0,55043389,TATASTEEL,BSE,nse_dual_list,1d
2024-05-02,165.0,168.89999389648438,165.0,167.35000610351562,69320283,TATASTEEL,BSE,nse_dual_list,1d
2024-05-03,168.9499969482422,170.75,165.14999389648438,166.5,62573586,TATASTEEL,BSE,nse_dual_list,1d
2024-05-06,167.9499969482422,168.64999389648438,164.6999969482422,167.60000610351562,37621296,TATASTEEL,BSE,nse_dual_list,1d
2024-05-07,167.9499969482422,167.9499969482422,162.3000030517578,164.25,43611824,TATASTEEL,BSE,nse_dual_list,1d
2024-05-08,164.1999969482422,167.10000610351562,163.5,166.0500030517578,30128705,TATASTEEL,BSE,nse_dual_list,1d
2024-05-09,165.9499969482422,166.6999969482422,161.5,161.89999389648438,30223088,TATASTEEL,BSE,nse_dual_list,1d
2024-05-10,163.1999969482422,164.35000610351562,161.85000610351562,162.25,31472419,TATASTEEL,BSE,nse_dual_list,1d
2024-05-13,162.4499969482422,164.5,158.0500030517578,163.85000610351562,36561003,TATASTEEL,BSE,nse_dual_list,1d
2024-05-14,164.10000610351562,166.5500030517578,163.5,164.9499969482422,46261468,TATASTEEL,BSE,nse_dual_list,1d
2024-05-15,164.9499969482422,167.5500030517578,164.9499969482422,165.60000610351562,29601304,TATASTEEL,BSE,nse_dual_list,1d
2024-05-16,167.25,168.0,162.3000030517578,165.89999389648438,41126570,TATASTEEL,BSE,nse_dual_list,1d
2024-05-17,166.60000610351562,168.4499969482422,165.4499969482422,167.35000610351562,39181277,TATASTEEL,BSE,nse_dual_list,1d
2024-05-21,168.5,175.1999969482422,167.9499969482422,174.35000610351562,84833644,TATASTEEL,BSE,nse_dual_list,1d
2024-05-22,175.4499969482422,175.5,171.5,173.3000030517578,42919832,TATASTEEL,BSE,nse_dual_list,1d
2024-05-23,173.0500030517578,175.8000030517578,170.5,175.5,49377680,TATASTEEL,BSE,nse_dual_list,1d
2024-05-24,174.9499969482422,177.5500030517578,174.14999389648438,174.85000610351562,38674485,TATASTEEL,BSE,nse_dual_list,1d
2024-05-27,177.6999969482422,177.6999969482422,174.85000610351562,175.5,30410585,TATASTEEL,BSE,nse_dual_list,1d
2024-05-28,175.89999389648438,177.5,173.4499969482422,174.89999389648438,39208456,TATASTEEL,BSE,nse_dual_list,1d
2024-05-29,174.75,176.0,173.5,174.25,36575550,TATASTEEL,BSE,nse_dual_list,1d
2024-05-30,172.0,172.0,163.35000610351562,164.14999389648438,108813875,TATASTEEL,BSE,nse_dual_list,1d
2024-05-31,166.0500030517578,167.9499969482422,164.0,167.1999969482422,83713848,TATASTEEL,BSE,nse_dual_list,1d
2024-06-03,173.25,175.0,168.85000610351562,174.25,86397540,TATASTEEL,BSE,nse_dual_list,1d
2024-06-04,174.5,174.64999389648438,148.14999389648438,158.9499969482422,125042158,TATASTEEL,BSE,nse_dual_list,1d
2024-06-05,162.14999389648438,169.60000610351562,159.0,169.1999969482422,60098501,TATASTEEL,BSE,nse_dual_list,1d
2024-06-06,170.0,174.6999969482422,169.39999389648438,172.0500030517578,57920819,TATASTEEL,BSE,nse_dual_list,1d
2024-06-07,172.0,179.64999389648438,170.8000030517578,178.89999389648438,84319867,TATASTEEL,BSE,nse_dual_list,1d
2024-06-10,180.2100067138672,182.1000061035156,177.36000061035156,180.2899932861328,74286848,TATASTEEL,BSE,nse_dual_list,1d
2024-06-11,180.5,183.75,180.5,181.3300018310547,55555544,TATASTEEL,BSE,nse_dual_list,1d
2024-06-12,182.25,183.8699951171875,181.5,182.22999572753903,33304643,TATASTEEL,BSE,nse_dual_list,1d
2024-06-13,183.3999938964844,184.1000061035156,180.50999450683597,182.55999755859372,36669164,TATASTEEL,BSE,nse_dual_list,1d
2024-06-14,182.9499969482422,183.5,181.3999938964844,183.1499938964844,28509237,TATASTEEL,BSE,nse_dual_list,1d
2024-06-18,183.8000030517578,184.6000061035156,180.6000061035156,181.1199951171875,35032118,TATASTEEL,BSE,nse_dual_list,1d
2024-06-19,182.4499969482422,182.4900054931641,179.30999755859375,180.02000427246094,27476795,TATASTEEL,BSE,nse_dual_list,1d
2024-06-20,181.6000061035156,182.9499969482422,179.3699951171875,182.27999877929688,38837494,TATASTEEL,BSE,nse_dual_list,1d
2024-06-21,179.39999389648438,180.8999938964844,178.17999267578125,179.94000244140625,65494855,TATASTEEL,BSE,nse_dual_list,1d
2024-06-24,177.44000244140625,178.9499969482422,175.10000610351562,177.9600067138672,47597307,TATASTEEL,BSE,nse_dual_list,1d
2024-06-25,177.99000549316406,179.0,175.25,175.67999267578125,30599989,TATASTEEL,BSE,nse_dual_list,1d
2024-06-26,175.67999267578125,176.0,171.83999633789062,172.55999755859375,44006436,TATASTEEL,BSE,nse_dual_list,1d
2024-06-27,172.55999755859375,174.9499969482422,171.8000030517578,174.16000366210938,49767976,TATASTEEL,BSE,nse_dual_list,1d
2024-06-28,174.1699981689453,177.10000610351562,173.57000732421875,174.00999450683594,37521949,TATASTEEL,BSE,nse_dual_list,1d
2024-07-01,174.5,175.99000549316406,173.50999450683594,174.07000732421875,27807688,TATASTEEL,BSE,nse_dual_list,1d
2024-07-02,174.47000122070312,175.75,173.60000610351562,174.5399932861328,33359495,TATASTEEL,BSE,nse_dual_list,1d
2024-07-03,174.5399932861328,176.8800048828125,174.39999389648438,176.3699951171875,29090492,TATASTEEL,BSE,nse_dual_list,1d
2024-07-04,177.0,178.19000244140625,175.82000732421875,176.2899932861328,29504744,TATASTEEL,BSE,nse_dual_list,1d
2024-07-05,176.1999969482422,176.1999969482422,173.39999389648438,174.7100067138672,38123217,TATASTEEL,BSE,nse_dual_list,1d
2024-07-08,174.60000610351562,175.47000122070312,172.08999633789062,172.27999877929688,31479861,TATASTEEL,BSE,nse_dual_list,1d
2024-07-09,173.60000610351562,173.6999969482422,171.50999450683594,171.8000030517578,25127904,TATASTEEL,BSE,nse_dual_list,1d
2024-07-10,172.5,172.88999938964844,167.02000427246094,167.97999572753906,41525591,TATASTEEL,BSE,nse_dual_list,1d
2024-07-11,170.0,170.9499969482422,168.6699981689453,168.9199981689453,33987236,TATASTEEL,BSE,nse_dual_list,1d
2024-07-12,170.1999969482422,170.38999938964844,168.00999450683594,168.69000244140625,33311402,TATASTEEL,BSE,nse_dual_list,1d
2024-07-15,168.69000244140625,168.99000549316406,165.8000030517578,166.75999450683594,32635187,TATASTEEL,BSE,nse_dual_list,1d
2024-07-16,167.8000030517578,169.82000732421875,166.6999969482422,167.07000732421875,26505901,TATASTEEL,BSE,nse_dual_list,1d
2024-07-18,167.61000061035156,167.61000061035156,164.44000244140625,166.36000061035156,36568852,TATASTEEL,BSE,nse_dual_list,1d
2024-07-19,166.0,166.08999633789062,157.1999969482422,157.77000427246094,77987514,TATASTEEL,BSE,nse_dual_list,1d
2024-07-22,158.39999389648438,160.6999969482422,156.41000366210938,160.32000732421875,40353690,TATASTEEL,BSE,nse_dual_list,1d
2024-07-23,161.60000610351562,161.97000122070312,155.0,160.02000427246094,37077411,TATASTEEL,BSE,nse_dual_list,1d
2024-07-24,160.02000427246094,162.02000427246094,159.19000244140625,160.30999755859375,28086566,TATASTEEL,BSE,nse_dual_list,1d
2024-07-25,158.5,158.5,156.89999389648438,157.38999938964844,45155876,TATASTEEL,BSE,nse_dual_list,1d
2024-07-26,158.75,162.9499969482422,158.2100067138672,162.5500030517578,45642032,TATASTEEL,BSE,nse_dual_list,1d
2024-07-29,164.6999969482422,164.6999969482422,162.3300018310547,162.8699951171875,31754833,TATASTEEL,BSE,nse_dual_list,1d
2024-07-30,162.89999389648438,165.3000030517578,161.30999755859375,164.07000732421875,42824600,TATASTEEL,BSE,nse_dual_list,1d
2024-07-31,166.2899932861328,166.5,163.5500030517578,165.3300018310547,52769925,TATASTEEL,BSE,nse_dual_list,1d
2024-08-01,168.1999969482422,168.9499969482422,160.89999389648438,163.05999755859375,118341338,TATASTEEL,BSE,nse_dual_list,1d
2024-08-02,161.0,161.19000244140625,154.72000122070312,158.22000122070312,72427529,TATASTEEL,BSE,nse_dual_list,1d
2024-08-05,153.66000366210938,154.0,149.0,149.82000732421875,102883971,TATASTEEL,BSE,nse_dual_list,1d
2024-08-06,151.2100067138672,153.8000030517578,149.61000061035156,150.32000732421875,53507102,TATASTEEL,BSE,nse_dual_list,1d
2024-08-07,153.6999969482422,154.3000030517578,151.89999389648438,153.86000061035156,32029697,TATASTEEL,BSE,nse_dual_list,1d
2024-08-08,153.39999389648438,153.44000244140625,150.0,150.27999877929688,51858615,TATASTEEL,BSE,nse_dual_list,1d
2024-08-09,153.0,153.0,151.25,151.80999755859375,23290101,TATASTEEL,BSE,nse_dual_list,1d
2024-08-12,151.0,153.39999389648438,149.8800048828125,152.05999755859375,30550334,TATASTEEL,BSE,nse_dual_list,1d
2024-08-13,152.10000610351562,152.9499969482422,148.5,148.8800048828125,29396493,TATASTEEL,BSE,nse_dual_list,1d
2024-08-14,149.89999389648438,149.89999389648438,142.35000610351562,146.1699981689453,97911180,TATASTEEL,BSE,nse_dual_list,1d
2024-08-16,148.0,150.0,146.4600067138672,149.52000427246094,54131721,TATASTEEL,BSE,nse_dual_list,1d
2024-08-19,150.85000610351562,154.3000030517578,150.38999938964844,153.9600067138672,62889770,TATASTEEL,BSE,nse_dual_list,1d
2024-08-20,155.6999969482422,155.6999969482422,152.8000030517578,153.92999267578125,37559016,TATASTEEL,BSE,nse_dual_list,1d
2024-08-21,153.0,154.17999267578125,151.77000427246094,151.9199981689453,49749381,TATASTEEL,BSE,nse_dual_list,1d
2024-08-22,152.50999450683594,154.35000610351562,152.50999450683594,154.13999938964844,36719176,TATASTEEL,BSE,nse_dual_list,1d
2024-08-23,154.0,154.38999938964844,152.5500030517578,154.1999969482422,31490857,TATASTEEL,BSE,nse_dual_list,1d
2024-08-26,154.61000061035156,156.39999389648438,153.6999969482422,155.6999969482422,32497603,TATASTEEL,BSE,nse_dual_list,1d
2024-08-27,155.8000030517578,156.5,154.60000610351562,154.6999969482422,24523684,TATASTEEL,BSE,nse_dual_list,1d
2024-08-28,154.6999969482422,155.0,153.0500030517578,153.6999969482422,25195197,TATASTEEL,BSE,nse_dual_list,1d
2024-08-29,153.2100067138672,153.55999755859375,151.1999969482422,152.97000122070312,44452983,TATASTEEL,BSE,nse_dual_list,1d
2024-08-30,153.0,155.25,152.47000122070312,152.75999450683594,55134023,TATASTEEL,BSE,nse_dual_list,1d
2024-09-02,153.89999389648438,153.89999389648438,152.13999938964844,152.8800048828125,19200143,TATASTEEL,BSE,nse_dual_list,1d
2024-09-03,152.83999633789062,153.4499969482422,152.00999450683594,152.14999389648438,19780066,TATASTEEL,BSE,nse_dual_list,1d
2024-09-04,149.5,152.17999267578125,149.16000366210938,151.17999267578125,39613696,TATASTEEL,BSE,nse_dual_list,1d
2024-09-05,151.0,152.7899932861328,151.0,151.72000122070312,28347324,TATASTEEL,BSE,nse_dual_list,1d
2024-09-06,151.94000244140625,152.89999389648438,149.64999389648438,151.22000122070312,30709532,TATASTEEL,BSE,nse_dual_list,1d
2024-09-09,150.89999389648438,150.89999389648438,148.0500030517578,149.47000122070312,32624586,TATASTEEL,BSE,nse_dual_list,1d
2024-09-10,150.5,151.58999633789062,148.80999755859375,149.4199981689453,41607844,TATASTEEL,BSE,nse_dual_list,1d
2024-09-11,149.89999389648438,150.1999969482422,147.6199951171875,148.1699981689453,24633287,TATASTEEL,BSE,nse_dual_list,1d
2024-09-12,152.0,152.44000244140625,148.75,151.74000549316406,73191476,TATASTEEL,BSE,nse_dual_list,1d
2024-09-13,152.77999877929688,155.39999389648438,152.5,153.49000549316406,54894255,TATASTEEL,BSE,nse_dual_list,1d
2024-09-16,155.0,155.66000366210938,153.5,154.2100067138672,32575460,TATASTEEL,BSE,nse_dual_list,1d
2024-09-17,154.0,154.24000549316406,152.27000427246094,152.82000732421875,18275113,TATASTEEL,BSE,nse_dual_list,1d
2024-09-18,152.39999389648438,152.97999572753906,149.61000061035156,150.60000610351562,24856345,TATASTEEL,BSE,nse_dual_list,1d
2024-09-19,151.88999938964844,152.19000244140625,147.7899932861328,149.5399932861328,36913781,TATASTEEL,BSE,nse_dual_list,1d
2024-09-20,151.0,153.33999633789062,150.64999389648438,152.02000427246094,53873369,TATASTEEL,BSE,nse_dual_list,1d
2024-09-23,154.3800048828125,154.38999938964844,152.8000030517578,153.99000549316406,33281905,TATASTEEL,BSE,nse_dual_list,1d
2024-09-24,155.14999389648438,161.5,154.85000610351562,160.52999877929688,137414352,TATASTEEL,BSE,nse_dual_list,1d
2024-09-25,161.5,162.69000244140625,159.52000427246094,161.66000366210938,58044967,TATASTEEL,BSE,nse_dual_list,1d
2024-09-26,162.0,165.89999389648438,160.47999572753906,165.61000061035156,88661662,TATASTEEL,BSE,nse_dual_list,1d
2024-09-27,167.0,169.00999450683594,165.88999938964844,166.5500030517578,72795668,TATASTEEL,BSE,nse_dual_list,1d
2024-09-30,167.5,170.17999267578125,167.25999450683594,168.5500030517578,92381529,TATASTEEL,BSE,nse_dual_list,1d
2024-10-01,169.49000549316406,169.49000549316406,165.10000610351562,167.02999877929688,50761579,TATASTEEL,BSE,nse_dual_list,1d
2024-10-03,165.5,169.99000549316406,164.52000427246094,166.97999572753906,75959797,TATASTEEL,BSE,nse_dual_list,1d
2024-10-04,167.0,169.10000610351562,164.0,166.75,53880875,TATASTEEL,BSE,nse_dual_list,1d
2024-10-07,167.10000610351562,167.9499969482422,162.3300018310547,164.36000061035156,48775098,TATASTEEL,BSE,nse_dual_list,1d
2024-10-08,163.0,163.58999633789062,156.6999969482422,159.52000427246094,74956764,TATASTEEL,BSE,nse_dual_list,1d
2024-10-09,159.52000427246094,162.1999969482422,158.11000061035156,159.05999755859375,42766218,TATASTEEL,BSE,nse_dual_list,1d
2024-10-10,158.3000030517578,161.17999267578125,156.60000610351562,159.72000122070312,46507936,TATASTEEL,BSE,nse_dual_list,1d
2024-10-11,159.3000030517578,163.77999877929688,159.1999969482422,160.66000366210938,53263433,TATASTEEL,BSE,nse_dual_list,1d
2024-10-14,161.8800048828125,163.3800048828125,158.0399932861328,158.32000732421875,35566857,TATASTEEL,BSE,nse_dual_list,1d
2024-10-15,159.5,159.52999877929688,155.0500030517578,155.6300048828125,38964393,TATASTEEL,BSE,nse_dual_list,1d
2024-10-16,155.19000244140625,156.5500030517578,154.02000427246094,155.24000549316406,28518262,TATASTEEL,BSE,nse_dual_list,1d
2024-10-17,155.64999389648438,156.3000030517578,152.10000610351562,152.39999389648438,28404223,TATASTEEL,BSE,nse_dual_list,1d
2024-10-18,152.39999389648438,156.1999969482422,151.10000610351562,155.38999938964844,34750795,TATASTEEL,BSE,nse_dual_list,1d
2024-10-21,156.10000610351562,157.92999267578125,154.58999633789062,155.02999877929688,25799090,TATASTEEL,BSE,nse_dual_list,1d
2024-10-22,154.89999389648438,154.89999389648438,150.10000610351562,150.38999938964844,39079846,TATASTEEL,BSE,nse_dual_list,1d
2024-10-23,150.3000030517578,151.9499969482422,148.0500030517578,148.77999877929688,42107893,TATASTEEL,BSE,nse_dual_list,1d
2024-10-24,149.49000549316406,149.8300018310547,148.00999450683594,148.97999572753906,22115070,TATASTEEL,BSE,nse_dual_list,1d
2024-10-25,149.0,149.5,144.42999267578125,145.86000061035156,39730802,TATASTEEL,BSE,nse_dual_list,1d
2024-10-28,146.0,149.72999572753906,144.72999572753906,149.3800048828125,28386897,TATASTEEL,BSE,nse_dual_list,1d
2024-10-29,149.85000610351562,150.4499969482422,146.5500030517578,150.05999755859375,32258407,TATASTEEL,BSE,nse_dual_list,1d
2024-10-30,148.10000610351562,150.9499969482422,148.10000610351562,148.97000122070312,21362130,TATASTEEL,BSE,nse_dual_list,1d
2024-10-31,149.0800018310547,149.9499969482422,148.1999969482422,148.55999755859375,26383702,TATASTEEL,BSE,nse_dual_list,1d
2024-11-01,149.66000366210938,150.25,149.0,149.75,5106804,TATASTEEL,BSE,nse_dual_list,1d
2024-11-04,150.0,150.0,145.10000610351562,146.9499969482422,25571021,TATASTEEL,BSE,nse_dual_list,1d
2024-11-05,147.0,152.5500030517578,146.9499969482422,152.2899932861328,42772283,TATASTEEL,BSE,nse_dual_list,1d
2024-11-06,154.0,154.9499969482422,149.58999633789062,153.6199951171875,48928986,TATASTEEL,BSE,nse_dual_list,1d
2024-11-07,156.11000061035156,156.9199981689453,150.1999969482422,150.9499969482422,88254789,TATASTEEL,BSE,nse_dual_list,1d
2024-11-08,152.0,152.0,146.94000244140625,147.57000732421875,61980989,TATASTEEL,BSE,nse_dual_list,1d
2024-11-11,147.57000732421875,147.69000244140625,144.10000610351562,145.00999450683594,47497863,TATASTEEL,BSE,nse_dual_list,1d
2024-11-12,145.64999389648438,147.1300048828125,143.60000610351562,144.1699981689453,28861672,TATASTEEL,BSE,nse_dual_list,1d
2024-11-13,143.60000610351562,143.60000610351562,138.60000610351562,139.1699981689453,57609083,TATASTEEL,BSE,nse_dual_list,1d
2024-11-14,139.7100067138672,140.72999572753906,137.5,137.97999572753906,36345184,TATASTEEL,BSE,nse_dual_list,1d
2024-11-18,139.49000549316406,143.25,138.0,141.2100067138672,40233848,TATASTEEL,BSE,nse_dual_list,1d
2024-11-19,142.0,142.49000549316406,139.05999755859375,139.4600067138672,37611903,TATASTEEL,BSE,nse_dual_list,1d
2024-11-21,139.5,141.60000610351562,137.25,140.22000122070312,58398744,TATASTEEL,BSE,nse_dual_list,1d
2024-11-22,140.14999389648438,143.19000244140625,139.64999389648438,142.77999877929688,43710169,TATASTEEL,BSE,nse_dual_list,1d
2024-11-25,144.94000244140625,146.14999389648438,142.83999633789062,143.6699981689453,53883890,TATASTEEL,BSE,nse_dual_list,1d
2024-11-26,144.22000122070312,145.8000030517578,143.5800018310547,144.47000122070312,25608469,TATASTEEL,BSE,nse_dual_list,1d
2024-11-27,144.30999755859375,144.89999389648438,142.89999389648438,144.52999877929688,24895631,TATASTEEL,BSE,nse_dual_list,1d
2024-11-28,144.0,145.25,143.08999633789062,143.38999938964844,30947861,TATASTEEL,BSE,nse_dual_list,1d
2024-11-29,143.89999389648438,145.49000549316406,143.0500030517578,144.5399932861328,29742979,TATASTEEL,BSE,nse_dual_list,1d
2024-12-02,144.11000061035156,146.8300018310547,143.13999938964844,146.41000366210938,23840351,TATASTEEL,BSE,nse_dual_list,1d
2024-12-03,146.75,148.1999969482422,146.33999633789062,146.5399932861328,35527228,TATASTEEL,BSE,nse_dual_list,1d
2024-12-04,147.0,147.0500030517578,144.0,145.85000610351562,38537808,TATASTEEL,BSE,nse_dual_list,1d
2024-12-05,146.5,147.8800048828125,144.8000030517578,147.07000732421875,36328245,TATASTEEL,BSE,nse_dual_list,1d
2024-12-06,147.5,148.67999267578125,146.60000610351562,148.2899932861328,30604899,TATASTEEL,BSE,nse_dual_list,1d
2024-12-09,148.2899932861328,150.6699981689453,146.6300048828125,149.8800048828125,39059139,TATASTEEL,BSE,nse_dual_list,1d
2024-12-10,150.19000244140625,152.5,149.30999755859375,150.32000732421875,36278104,TATASTEEL,BSE,nse_dual_list,1d
2024-12-11,150.58999633789062,152.11000061035156,150.05999755859375,150.60000610351562,20499709,TATASTEEL,BSE,nse_dual_list,1d
2024-12-12,150.8699951171875,151.6300048828125,148.6999969482422,150.77999877929688,25761723,TATASTEEL,BSE,nse_dual_list,1d
2024-12-13,150.0,150.0500030517578,145.5500030517578,148.9499969482422,39701388,TATASTEEL,BSE,nse_dual_list,1d
2024-12-16,148.94000244140625,149.8000030517578,147.10000610351562,147.7899932861328,22634773,TATASTEEL,BSE,nse_dual_list,1d
2024-12-17,147.7899932861328,148.5,145.3300018310547,145.67999267578125,27110781,TATASTEEL,BSE,nse_dual_list,1d
2024-12-18,146.0,146.89999389648438,143.3000030517578,144.4600067138672,19850229,TATASTEEL,BSE,nse_dual_list,1d
2024-12-19,141.5500030517578,143.8000030517578,141.10000610351562,143.25999450683594,27104579,TATASTEEL,BSE,nse_dual_list,1d
2024-12-20,142.88999938964844,144.39999389648438,140.0,140.67999267578125,46503449,TATASTEEL,BSE,nse_dual_list,1d
2024-12-23,142.4499969482422,143.8000030517578,140.61000061035156,141.7100067138672,27514178,TATASTEEL,BSE,nse_dual_list,1d
2024-12-24,141.1999969482422,141.5,139.25,140.3800048828125,25882917,TATASTEEL,BSE,nse_dual_list,1d
2024-12-26,140.9499969482422,141.14999389648438,139.50999450683594,140.36000061035156,23939932,TATASTEEL,BSE,nse_dual_list,1d
2024-12-27,140.6999969482422,141.75,138.61000061035156,138.91000366210938,19562177,TATASTEEL,BSE,nse_dual_list,1d
2024-12-30,138.91000366210938,139.25,136.08999633789062,136.8800048828125,32555723,TATASTEEL,BSE,nse_dual_list,1d
2024-12-31,136.8699951171875,138.67999267578125,136.55999755859375,138.0500030517578,20080291,TATASTEEL,BSE,nse_dual_list,1d
2025-01-01,138.10000610351562,138.4499969482422,136.5800018310547,136.74000549316406,18169498,TATASTEEL,BSE,nse_dual_list,1d
2025-01-02,137.0,138.4499969482422,136.39999389648438,138.17999267578125,23388424,TATASTEEL,BSE,nse_dual_list,1d
2025-01-03,138.17999267578125,139.72999572753906,137.83999633789062,138.36000061035156,23351832,TATASTEEL,BSE,nse_dual_list,1d
2025-01-06,138.36000061035156,138.38999938964844,131.35000610351562,132.17999267578125,44620509,TATASTEEL,BSE,nse_dual_list,1d
2025-01-07,132.77999877929688,133.8800048828125,132.00999450683594,133.3800048828125,24239451,TATASTEEL,BSE,nse_dual_list,1d
2025-01-08,133.92999267578125,134.24000549316406,131.77000427246094,132.63999938964844,31570331,TATASTEEL,BSE,nse_dual_list,1d
2025-01-09,132.0,132.39999389648438,129.6999969482422,129.92999267578125,31903107,TATASTEEL,BSE,nse_dual_list,1d
2025-01-10,129.92999267578125,130.38999938964844,126.6999969482422,127.43000030517578,34855510,TATASTEEL,BSE,nse_dual_list,1d
2025-01-13,126.0,126.5,122.62000274658205,122.93000030517578,38968332,TATASTEEL,BSE,nse_dual_list,1d
2025-01-14,122.94000244140624,127.63999938964844,122.94000244140624,126.93000030517578,36877365,TATASTEEL,BSE,nse_dual_list,1d
2025-01-15,128.0,128.30999755859375,125.77999877929688,126.52999877929688,18773125,TATASTEEL,BSE,nse_dual_list,1d
2025-01-16,128.0,128.47000122070312,126.55999755859376,127.80999755859376,22164393,TATASTEEL,BSE,nse_dual_list,1d
2025-01-17,127.9000015258789,131.16000366210938,127.63999938964844,130.27999877929688,27421959,TATASTEEL,BSE,nse_dual_list,1d
2025-01-20,130.99000549316406,132.10000610351562,128.91000366210938,131.66000366210938,20571916,TATASTEEL,BSE,nse_dual_list,1d
2025-01-21,132.05999755859375,132.39999389648438,129.25,129.6999969482422,32238213,TATASTEEL,BSE,nse_dual_list,1d
2025-01-22,130.25,130.35000610351562,127.12000274658205,128.9199981689453,27505569,TATASTEEL,BSE,nse_dual_list,1d
2025-01-23,127.8499984741211,130.75,127.6999969482422,130.3699951171875,20722538,TATASTEEL,BSE,nse_dual_list,1d
2025-01-24,130.5,133.1999969482422,129.30999755859375,129.74000549316406,37092106,TATASTEEL,BSE,nse_dual_list,1d
2025-01-27,129.02000427246094,129.4499969482422,125.73999786376952,126.37000274658205,24650571,TATASTEEL,BSE,nse_dual_list,1d
2025-01-28,126.37000274658205,130.49000549316406,124.73999786376952,128.6199951171875,40373804,TATASTEEL,BSE,nse_dual_list,1d
2025-01-29,129.0,131.33999633789062,128.5500030517578,130.8000030517578,16674706,TATASTEEL,BSE,nse_dual_list,1d
2025-01-30,130.8000030517578,132.14999389648438,130.10000610351562,131.1199951171875,25256096,TATASTEEL,BSE,nse_dual_list,1d
2025-01-31,131.1199951171875,135.0,129.92999267578125,134.6199951171875,26689228,TATASTEEL,BSE,nse_dual_list,1d
2025-02-01,135.0,135.5,130.25,132.97000122070312,21173846,TATASTEEL,BSE,nse_dual_list,1d
2025-02-03,131.2899932861328,132.50999450683594,127.80999755859376,131.82000732421875,27765357,TATASTEEL,BSE,nse_dual_list,1d
2025-02-04,132.8000030517578,134.33999633789062,131.8699951171875,133.4199981689453,25032519,TATASTEEL,BSE,nse_dual_list,1d
2025-02-05,133.14999389648438,135.38999938964844,133.0800018310547,134.39999389648438,16958362,TATASTEEL,BSE,nse_dual_list,1d
2025-02-06,134.5,134.8699951171875,132.02000427246094,132.5399932861328,22408168,TATASTEEL,BSE,nse_dual_list,1d
2025-02-07,133.3000030517578,138.75,132.55999755859375,138.30999755859375,52950146,TATASTEEL,BSE,nse_dual_list,1d
2025-02-10,138.10000610351562,138.10000610351562,133.0,134.0399932861328,26120805,TATASTEEL,BSE,nse_dual_list,1d
2025-02-11,133.0,134.33999633789062,129.6999969482422,130.11000061035156,23635428,TATASTEEL,BSE,nse_dual_list,1d
2025-02-12,129.35000610351562,133.2899932861328,128.30999755859375,132.27999877929688,37927696,TATASTEEL,BSE,nse_dual_list,1d
2025-02-13,132.27999877929688,137.69000244140625,131.86000061035156,136.25,52036196,TATASTEEL,BSE,nse_dual_list,1d
2025-02-14,136.25,139.25,133.3300018310547,134.47000122070312,41469242,TATASTEEL,BSE,nse_dual_list,1d
2025-02-17,132.91000366210938,134.8000030517578,130.72999572753906,134.2899932861328,21189637,TATASTEEL,BSE,nse_dual_list,1d
2025-02-18,134.2899932861328,134.89999389648438,131.75,134.5399932861328,23957576,TATASTEEL,BSE,nse_dual_list,1d
2025-02-19,134.5,136.8800048828125,133.02999877929688,135.75999450683594,18447487,TATASTEEL,BSE,nse_dual_list,1d
2025-02-20,135.27000427246094,138.36000061035156,135.0,138.0399932861328,24139808,TATASTEEL,BSE,nse_dual_list,1d
2025-02-21,137.91000366210938,141.60000610351562,137.14999389648438,140.75999450683594,41987785,TATASTEEL,BSE,nse_dual_list,1d
2025-02-24,138.80999755859375,140.66000366210938,136.66000366210938,137.64999389648438,25193205,TATASTEEL,BSE,nse_dual_list,1d
2025-02-25,138.49000549316406,139.35000610351562,136.6999969482422,137.07000732421875,23575603,TATASTEEL,BSE,nse_dual_list,1d
2025-02-27,137.2100067138672,138.99000549316406,135.8800048828125,138.69000244140625,30747044,TATASTEEL,BSE,nse_dual_list,1d
2025-02-28,137.8000030517578,137.8000030517578,134.05999755859375,137.1999969482422,45540594,TATASTEEL,BSE,nse_dual_list,1d
2025-03-03,137.0,139.0500030517578,134.30999755859375,138.57000732421875,31154401,TATASTEEL,BSE,nse_dual_list,1d
2025-03-04,136.14999389648438,140.94000244140625,135.80999755859375,139.33999633789062,28634645,TATASTEEL,BSE,nse_dual_list,1d
2025-03-05,139.0,146.49000549316406,139.0,146.10000610351562,62109377,TATASTEEL,BSE,nse_dual_list,1d
2025-03-06,146.7899932861328,152.1999969482422,146.1999969482422,150.44000244140625,79121467,TATASTEEL,BSE,nse_dual_list,1d
2025-03-07,149.74000549316406,152.4499969482422,149.27000427246094,151.55999755859375,81821791,TATASTEEL,BSE,nse_dual_list,1d
2025-03-10,151.55999755859375,154.24000549316406,150.41000366210938,151.0500030517578,54450331,TATASTEEL,BSE,nse_dual_list,1d
2025-03-11,148.10000610351562,151.6999969482422,148.0,150.75,35916900,TATASTEEL,BSE,nse_dual_list,1d
2025-03-12,151.0,152.27999877929688,147.6999969482422,150.3000030517578,26377549,TATASTEEL,BSE,nse_dual_list,1d
2025-03-13,152.0,153.55999755859375,150.02000427246094,150.8800048828125,48286431,TATASTEEL,BSE,nse_dual_list,1d
2025-03-17,151.99000549316406,152.63999938964844,150.89999389648438,151.80999755859375,35879780,TATASTEEL,BSE,nse_dual_list,1d
2025-03-18,151.80999755859375,151.80999755859375,151.80999755859375,151.80999755859375,0,TATASTEEL,BSE,nse_dual_list,1d
2025-03-19,156.8000030517578,159.1999969482422,156.5,158.60000610351562,66161413,TATASTEEL,BSE,nse_dual_list,1d
2025-03-20,160.0,160.10000610351562,156.64999389648438,159.0399932861328,39889517,TATASTEEL,BSE,nse_dual_list,1d
2025-03-21,159.02999877929688,159.75,156.82000732421875,157.27999877929688,49184821,TATASTEEL,BSE,nse_dual_list,1d
2025-03-24,158.0,159.0,157.11000061035156,158.4199981689453,30905773,TATASTEEL,BSE,nse_dual_list,1d
2025-03-25,159.0,159.0,156.0500030517578,156.72999572753906,28467187,TATASTEEL,BSE,nse_dual_list,1d
2025-03-26,156.1999969482422,157.5399932861328,155.00999450683594,155.80999755859375,23182869,TATASTEEL,BSE,nse_dual_list,1d
2025-03-27,154.8000030517578,156.10000610351562,154.1999969482422,155.4199981689453,25909068,TATASTEEL,BSE,nse_dual_list,1d
2025-03-28,155.3800048828125,156.91000366210938,153.3699951171875,154.24000549316406,24589315,TATASTEEL,BSE,nse_dual_list,1d
2025-04-01,152.07000732421875,155.33999633789062,152.07000732421875,153.1199951171875,29142122,TATASTEEL,BSE,nse_dual_list,1d
2025-04-02,154.0,156.25,152.27000427246094,154.69000244140625,24977582,TATASTEEL,BSE,nse_dual_list,1d
2025-04-03,153.0,155.97000122070312,152.60000610351562,153.6199951171875,15117526,TATASTEEL,BSE,nse_dual_list,1d
2025-04-04,152.6199951171875,152.99000549316406,140.0,140.38999938964844,80846143,TATASTEEL,BSE,nse_dual_list,1d
2025-04-07,128.0,130.35000610351562,125.33000183105467,129.47999572753906,121806340,TATASTEEL,BSE,nse_dual_list,1d
2025-04-08,134.88999938964844,136.1999969482422,128.02000427246094,130.27999877929688,68999181,TATASTEEL,BSE,nse_dual_list,1d
2025-04-09,130.0,130.0,125.3000030517578,127.18000030517578,73399980,TATASTEEL,BSE,nse_dual_list,1d
2025-04-11,134.6699981689453,134.6999969482422,130.49000549316406,133.4199981689453,73706472,TATASTEEL,BSE,nse_dual_list,1d
2025-04-15,135.60000610351562,137.0,134.83999633789062,136.41000366210938,38967608,TATASTEEL,BSE,nse_dual_list,1d
2025-04-16,136.41000366210938,137.60000610351562,134.6199951171875,136.97000122070312,42684087,TATASTEEL,BSE,nse_dual_list,1d
2025-04-17,134.39999389648438,137.9600067138672,133.6999969482422,137.13999938964844,62282856,TATASTEEL,BSE,nse_dual_list,1d
2025-04-21,137.64999389648438,140.3000030517578,137.0500030517578,139.17999267578125,26503486,TATASTEEL,BSE,nse_dual_list,1d
2025-04-22,142.0,142.83999633789062,137.6999969482422,138.16000366210938,58429662,TATASTEEL,BSE,nse_dual_list,1d
2025-04-23,139.38999938964844,141.5,137.32000732421875,141.16000366210938,37851304,TATASTEEL,BSE,nse_dual_list,1d
2025-04-24,140.6999969482422,141.8800048828125,140.27999877929688,141.52000427246094,23061444,TATASTEEL,BSE,nse_dual_list,1d
2025-04-25,142.0,143.4499969482422,138.02000427246094,138.85000610351562,37764696,TATASTEEL,BSE,nse_dual_list,1d
2025-04-28,138.5399932861328,142.60000610351562,138.3800048828125,142.07000732421875,26971589,TATASTEEL,BSE,nse_dual_list,1d
2025-04-29,142.07000732421875,143.3000030517578,140.9199981689453,141.5,25758449,TATASTEEL,BSE,nse_dual_list,1d
2025-04-30,141.4499969482422,141.55999755859375,138.0,140.0800018310547,29205042,TATASTEEL,BSE,nse_dual_list,1d
2025-05-02,140.0,143.10000610351562,139.4499969482422,141.39999389648438,29588258,TATASTEEL,BSE,nse_dual_list,1d
2025-05-05,141.57000732421875,142.6999969482422,141.1999969482422,142.0800018310547,17213477,TATASTEEL,BSE,nse_dual_list,1d
2025-05-06,142.0800018310547,145.39999389648438,141.5399932861328,144.44000244140625,42658262,TATASTEEL,BSE,nse_dual_list,1d
2025-05-07,142.1999969482422,146.9499969482422,142.1999969482422,146.0,34674594,TATASTEEL,BSE,nse_dual_list,1d
2025-05-08,146.0,146.66000366210938,142.85000610351562,143.6699981689453,29687927,TATASTEEL,BSE,nse_dual_list,1d
2025-05-09,140.99000549316406,143.27000427246094,140.50999450683594,142.77999877929688,21875453,TATASTEEL,BSE,nse_dual_list,1d
2025-05-12,145.61000061035156,151.9499969482422,144.5,151.6300048828125,47087413,TATASTEEL,BSE,nse_dual_list,1d
2025-05-13,152.0,152.99000549316406,149.00999450683594,149.42999267578125,54389876,TATASTEEL,BSE,nse_dual_list,1d
2025-05-14,151.0,157.14999389648438,151.0,155.30999755859375,60002060,TATASTEEL,BSE,nse_dual_list,1d
2025-05-15,155.5,157.83999633789062,154.3000030517578,157.35000610351562,57066105,TATASTEEL,BSE,nse_dual_list,1d
2025-05-16,157.35000610351562,158.14999389648438,157.0,157.5500030517578,22884754,TATASTEEL,BSE,nse_dual_list,1d
2025-05-19,158.0,158.13999938964844,156.1300048828125,157.57000732421875,21839582,TATASTEEL,BSE,nse_dual_list,1d
2025-05-20,158.35000610351562,162.10000610351562,158.0,158.69000244140625,58061639,TATASTEEL,BSE,nse_dual_list,1d
2025-05-21,159.4499969482422,161.85000610351562,158.52999877929688,161.63999938964844,36044599,TATASTEEL,BSE,nse_dual_list,1d
2025-05-22,160.97999572753906,163.60000610351562,160.36000061035156,161.2899932861328,60715453,TATASTEEL,BSE,nse_dual_list,1d
2025-05-23,161.60000610351562,163.52999877929688,161.5,162.97000122070312,29483665,TATASTEEL,BSE,nse_dual_list,1d
2025-05-26,163.10000610351562,165.5500030517578,162.0500030517578,162.50999450683594,25581584,TATASTEEL,BSE,nse_dual_list,1d
2025-05-27,162.50999450683594,163.89999389648438,160.6199951171875,161.66000366210938,23296776,TATASTEEL,BSE,nse_dual_list,1d
2025-05-28,162.39999389648438,162.69000244140625,160.64999389648438,161.24000549316406,13044476,TATASTEEL,BSE,nse_dual_list,1d
2025-05-29,162.19000244140625,163.9499969482422,161.5,163.1199951171875,26455081,TATASTEEL,BSE,nse_dual_list,1d
2025-05-30,163.11000061035156,163.88999938964844,160.50999450683594,161.02000427246094,32739340,TATASTEEL,BSE,nse_dual_list,1d
2025-06-02,159.0,160.1199951171875,157.3000030517578,159.0399932861328,31365564,TATASTEEL,BSE,nse_dual_list,1d
2025-06-03,159.0399932861328,160.64999389648438,157.1699981689453,157.35000610351562,28398746,TATASTEEL,BSE,nse_dual_list,1d
2025-06-04,157.5,158.97999572753906,156.80999755859375,158.17999267578125,16660138,TATASTEEL,BSE,nse_dual_list,1d
2025-06-05,158.86000061035156,159.08999633789062,157.0500030517578,157.97000122070312,23708504,TATASTEEL,BSE,nse_dual_list,1d
2025-06-06,155.6999969482422,157.8800048828125,154.25,157.49000549316406,25804151,TATASTEEL,BSE,nse_dual_list,1d
2025-06-09,157.69000244140625,158.1999969482422,156.82000732421875,157.32000732421875,15315437,TATASTEEL,BSE,nse_dual_list,1d
2025-06-10,158.0,159.3000030517578,155.5,155.67999267578125,22764080,TATASTEEL,BSE,nse_dual_list,1d
2025-06-11,156.4499969482422,157.52999877929688,155.30999755859375,156.41000366210938,17605668,TATASTEEL,BSE,nse_dual_list,1d
2025-06-12,156.0,156.25999450683594,151.85000610351562,152.88999938964844,27846151,TATASTEEL,BSE,nse_dual_list,1d
2025-06-13,149.8000030517578,152.5,149.8000030517578,152.1300048828125,24277592,TATASTEEL,BSE,nse_dual_list,1d
2025-06-16,152.00999450683594,154.5,150.83999633789062,154.1699981689453,16188193,TATASTEEL,BSE,nse_dual_list,1d
2025-06-17,153.80999755859375,154.88999938964844,152.35000610351562,152.60000610351562,16740382,TATASTEEL,BSE,nse_dual_list,1d
2025-06-18,152.1999969482422,153.1999969482422,150.8000030517578,152.11000061035156,14860746,TATASTEEL,BSE,nse_dual_list,1d
2025-06-19,152.0,152.4499969482422,150.5,151.0,20145922,TATASTEEL,BSE,nse_dual_list,1d
2025-06-20,150.75,153.1699981689453,150.6300048828125,151.97000122070312,29944714,TATASTEEL,BSE,nse_dual_list,1d
2025-06-23,150.5,153.3000030517578,150.47999572753906,152.42999267578125,17096676,TATASTEEL,BSE,nse_dual_list,1d
2025-06-24,153.8000030517578,156.97000122070312,153.63999938964844,154.7899932861328,25403324,TATASTEEL,BSE,nse_dual_list,1d
2025-06-25,155.89999389648438,156.89999389648438,155.50999450683594,156.38999938964844,18240433,TATASTEEL,BSE,nse_dual_list,1d
2025-06-26,156.8699951171875,161.10000610351562,156.4499969482422,160.5399932861328,40650557,TATASTEEL,BSE,nse_dual_list,1d
2025-06-27,161.0,163.3000030517578,160.6999969482422,161.4499969482422,31989509,TATASTEEL,BSE,nse_dual_list,1d
2025-06-30,160.99000549316406,162.1999969482422,159.5,159.75999450683594,15842285,TATASTEEL,BSE,nse_dual_list,1d
2025-07-01,160.00999450683594,160.44000244140625,157.72999572753906,160.05999755859375,17823415,TATASTEEL,BSE,nse_dual_list,1d
2025-07-02,160.05999755859375,166.14999389648438,159.8300018310547,165.8800048828125,63315210,TATASTEEL,BSE,nse_dual_list,1d
2025-07-03,166.0,168.77999877929688,165.2100067138672,165.91000366210938,60571824,TATASTEEL,BSE,nse_dual_list,1d
2025-07-04,165.91000366210938,166.49000549316406,162.0,163.00999450683594,22938753,TATASTEEL,BSE,nse_dual_list,1d
2025-07-07,163.0,163.35000610351562,160.0500030517578,162.39999389648438,17469909,TATASTEEL,BSE,nse_dual_list,1d
2025-07-08,162.4499969482422,162.89999389648438,161.60000610351562,161.97000122070312,11398248,TATASTEEL,BSE,nse_dual_list,1d
2025-07-09,161.9499969482422,161.9499969482422,157.50999450683594,159.0,29839077,TATASTEEL,BSE,nse_dual_list,1d
2025-07-10,160.0,161.5500030517578,159.27999877929688,160.66000366210938,17566887,TATASTEEL,BSE,nse_dual_list,1d
2025-07-11,160.63999938964844,161.6199951171875,159.32000732421875,159.83999633789062,20689511,TATASTEEL,BSE,nse_dual_list,1d
2025-07-14,159.83999633789062,161.1199951171875,159.3000030517578,160.44000244140625,15152964,TATASTEEL,BSE,nse_dual_list,1d
2025-07-15,160.25999450683594,160.85000610351562,157.9499969482422,159.0,17993051,TATASTEEL,BSE,nse_dual_list,1d
2025-07-16,159.0,159.27000427246094,157.0,157.3300018310547,14591157,TATASTEEL,BSE,nse_dual_list,1d
2025-07-17,157.5,160.6999969482422,157.1199951171875,159.89999389648438,21733241,TATASTEEL,BSE,nse_dual_list,1d
2025-07-18,160.10000610351562,162.75,160.10000610351562,162.3699951171875,30728478,TATASTEEL,BSE,nse_dual_list,1d
2025-07-21,162.5,165.60000610351562,162.49000549316406,163.02000427246094,29812899,TATASTEEL,BSE,nse_dual_list,1d
2025-07-22,163.3000030517578,164.41000366210938,162.72999572753906,163.0399932861328,13615524,TATASTEEL,BSE,nse_dual_list,1d
2025-07-23,163.25,164.13999938964844,161.8800048828125,162.77000427246094,14287149,TATASTEEL,BSE,nse_dual_list,1d
2025-07-24,163.0,164.75,162.80999755859375,163.47999572753906,14377270,TATASTEEL,BSE,nse_dual_list,1d
2025-07-25,163.5,163.58999633789062,161.0500030517578,161.42999267578125,12443495,TATASTEEL,BSE,nse_dual_list,1d
2025-07-28,161.22999572753906,162.2899932861328,159.08999633789062,159.67999267578125,19296285,TATASTEEL,BSE,nse_dual_list,1d
2025-07-29,158.1999969482422,162.4499969482422,158.1999969482422,161.69000244140625,15262937,TATASTEEL,BSE,nse_dual_list,1d
2025-07-30,161.69000244140625,162.7899932861328,161.0500030517578,161.36000061035156,16083106,TATASTEEL,BSE,nse_dual_list,1d
2025-07-31,161.0,162.1300048828125,156.55999755859375,157.94000244140625,26213891,TATASTEEL,BSE,nse_dual_list,1d
2025-08-01,157.92999267578125,157.92999267578125,152.50999450683594,153.00999450683594,23927359,TATASTEEL,BSE,nse_dual_list,1d
2025-08-04,153.5,159.9199981689453,153.5,159.55999755859375,30064719,TATASTEEL,BSE,nse_dual_list,1d
2025-08-05,159.55999755859375,160.13999938964844,158.27999877929688,159.6199951171875,14441034,TATASTEEL,BSE,nse_dual_list,1d
2025-08-06,159.6199951171875,159.8000030517578,157.8000030517578,158.66000366210938,13438851,TATASTEEL,BSE,nse_dual_list,1d
2025-08-07,157.14999389648438,160.0,156.25999450683594,159.6699981689453,23159540,TATASTEEL,BSE,nse_dual_list,1d
2025-08-08,159.5,159.9499969482422,157.00999450683594,157.9499969482422,11951173,TATASTEEL,BSE,nse_dual_list,1d
2025-08-11,157.9499969482422,160.0,157.14999389648438,158.52000427246094,14325736,TATASTEEL,BSE,nse_dual_list,1d
2025-08-12,158.52000427246094,161.64999389648438,158.5,160.16000366210938,20056598,TATASTEEL,BSE,nse_dual_list,1d
2025-08-13,160.9600067138672,162.39999389648438,159.89999389648438,160.17999267578125,18079396,TATASTEEL,BSE,nse_dual_list,1d
2025-08-14,160.02000427246094,160.60000610351562,154.8300018310547,155.3000030517578,47256126,TATASTEEL,BSE,nse_dual_list,1d
2025-08-18,158.0,159.0,156.0,157.9600067138672,61022494,TATASTEEL,BSE,nse_dual_list,1d
2025-08-19,158.5,159.4600067138672,156.75999450683594,159.22999572753906,21224239,TATASTEEL,BSE,nse_dual_list,1d
2025-08-20,158.1999969482422,162.75999450683594,158.02999877929688,161.9199981689453,28520245,TATASTEEL,BSE,nse_dual_list,1d
2025-08-21,161.9199981689453,162.5399932861328,161.19000244140625,161.50999450683594,17282594,TATASTEEL,BSE,nse_dual_list,1d
2025-08-22,161.25,161.27999877929688,158.10000610351562,158.5500030517578,16063984,TATASTEEL,BSE,nse_dual_list,1d
2025-08-25,159.1999969482422,160.3300018310547,158.63999938964844,159.6300048828125,16376542,TATASTEEL,BSE,nse_dual_list,1d
2025-08-26,159.16000366210938,159.16000366210938,154.63999938964844,155.02999877929688,19621100,TATASTEEL,BSE,nse_dual_list,1d
2025-08-28,155.77999877929688,155.8699951171875,153.16000366210938,153.6300048828125,22269875,TATASTEEL,BSE,nse_dual_list,1d
2025-08-29,154.5,155.10000610351562,153.0500030517578,154.47999572753906,16971859,TATASTEEL,BSE,nse_dual_list,1d
2025-09-01,154.47999572753906,156.36000061035156,153.6999969482422,156.1699981689453,10798622,TATASTEEL,BSE,nse_dual_list,1d
2025-09-02,156.1699981689453,159.07000732421875,155.5,158.38999938964844,21202113,TATASTEEL,BSE,nse_dual_list,1d
2025-09-03,158.39999389648438,168.0,158.39999389648438,167.85000610351562,82352014,TATASTEEL,BSE,nse_dual_list,1d
2025-09-04,169.0,169.3000030517578,166.6199951171875,166.80999755859375,26316842,TATASTEEL,BSE,nse_dual_list,1d
2025-09-05,167.0,168.0,165.94000244140625,167.67999267578125,16798170,TATASTEEL,BSE,nse_dual_list,1d
2025-09-08,170.0,172.5,168.4600067138672,168.82000732421875,36402317,TATASTEEL,BSE,nse_dual_list,1d
2025-09-09,169.3000030517578,169.72000122070312,167.99000549316406,169.14999389648438,14028910,TATASTEEL,BSE,nse_dual_list,1d
2025-09-10,169.19000244140625,170.72999572753906,168.75,169.42999267578125,13128306,TATASTEEL,BSE,nse_dual_list,1d
2025-09-11,169.35000610351562,170.89999389648438,168.4600067138672,169.41000366210938,13829526,TATASTEEL,BSE,nse_dual_list,1d
2025-09-12,169.60000610351562,171.0,168.6300048828125,169.77999877929688,12119036,TATASTEEL,BSE,nse_dual_list,1d
2025-09-15,169.77000427246094,170.1999969482422,168.6300048828125,169.22999572753906,10611401,TATASTEEL,BSE,nse_dual_list,1d
2025-09-16,169.38999938964844,172.27000427246094,169.02000427246094,172.02000427246094,26629438,TATASTEEL,BSE,nse_dual_list,1d
2025-09-17,172.5,172.89999389648438,169.35000610351562,171.36000061035156,21381306,TATASTEEL,BSE,nse_dual_list,1d
2025-09-18,171.4600067138672,172.1999969482422,169.80999755859375,172.02999877929688,16413388,TATASTEEL,BSE,nse_dual_list,1d
2025-09-19,172.10000610351562,172.6699981689453,170.60000610351562,171.47999572753906,25406461,TATASTEEL,BSE,nse_dual_list,1d
2025-09-22,170.8000030517578,172.2100067138672,170.50999450683594,171.38999938964844,20970704,TATASTEEL,BSE,nse_dual_list,1d
2025-09-23,171.4499969482422,173.80999755859375,171.1999969482422,173.2899932861328,24533561,TATASTEEL,BSE,nse_dual_list,1d
2025-09-24,173.16000366210938,174.44000244140625,172.3800048828125,172.66000366210938,20168891,TATASTEEL,BSE,nse_dual_list,1d
2025-09-25,172.89999389648438,173.85000610351562,171.86000061035156,172.3800048828125,17026549,TATASTEEL,BSE,nse_dual_list,1d
2025-09-26,172.22000122070312,173.3699951171875,167.1999969482422,167.39999389648438,20157657,TATASTEEL,BSE,nse_dual_list,1d
2025-09-29,167.60000610351562,170.27999877929688,167.55999755859375,168.97999572753906,16832342,TATASTEEL,BSE,nse_dual_list,1d
2025-09-30,169.5,170.14999389648438,168.41000366210938,168.77000427246094,24553596,TATASTEEL,BSE,nse_dual_list,1d
2025-10-01,169.0,169.74000549316406,166.1300048828125,167.50999450683594,17542776,TATASTEEL,BSE,nse_dual_list,1d
2025-10-03,168.1199951171875,174.74000549316406,168.1199951171875,173.2100067138672,55172705,TATASTEEL,BSE,nse_dual_list,1d
2025-10-06,173.3000030517578,173.47999572753906,169.3000030517578,170.05999755859375,21474004,TATASTEEL,BSE,nse_dual_list,1d
2025-10-07,170.39999389648438,172.1999969482422,170.39999389648438,171.42999267578125,19189843,TATASTEEL,BSE,nse_dual_list,1d
2025-10-08,172.0,173.6300048828125,170.05999755859375,171.94000244140625,22662699,TATASTEEL,BSE,nse_dual_list,1d
2025-10-09,172.7899932861328,177.82000732421875,172.77999877929688,176.4199981689453,68504717,TATASTEEL,BSE,nse_dual_list,1d
2025-10-10,176.0,176.13999938964844,172.89999389648438,173.86000061035156,18085975,TATASTEEL,BSE,nse_dual_list,1d
2025-10-13,173.0,173.8000030517578,170.91000366210938,173.02999877929688,19386219,TATASTEEL,BSE,nse_dual_list,1d
2025-10-14,174.91000366210938,176.4499969482422,169.25,170.50999450683594,22082970,TATASTEEL,BSE,nse_dual_list,1d
2025-10-15,170.8300018310547,174.0,170.11000061035156,173.24000549316406,15031989,TATASTEEL,BSE,nse_dual_list,1d
2025-10-16,173.0,174.49000549316406,172.22000122070312,174.0,12205250,TATASTEEL,BSE,nse_dual_list,1d
2025-10-17,173.60000610351562,174.30999755859375,170.99000549316406,172.22000122070312,21659007,TATASTEEL,BSE,nse_dual_list,1d
2025-10-20,173.3000030517578,173.3000030517578,170.82000732421875,171.9499969482422,18049579,TATASTEEL,BSE,nse_dual_list,1d
2025-10-21,172.39999389648438,173.25,172.10000610351562,172.77999877929688,2471987,TATASTEEL,BSE,nse_dual_list,1d
2025-10-23,173.89999389648438,176.0800018310547,173.63999938964844,174.16000366210938,31472510,TATASTEEL,BSE,nse_dual_list,1d
2025-10-24,174.60000610351562,177.35000610351562,173.72000122070312,174.44000244140625,25226376,TATASTEEL,BSE,nse_dual_list,1d
2025-10-27,175.88999938964844,177.89999389648438,175.52999877929688,176.66000366210938,23832477,TATASTEEL,BSE,nse_dual_list,1d
2025-10-28,177.35000610351562,182.05999755859372,177.02000427246094,181.80999755859372,59511794,TATASTEEL,BSE,nse_dual_list,1d
2025-10-29,183.6699981689453,186.94000244140625,182.0500030517578,185.19000244140625,51610530,TATASTEEL,BSE,nse_dual_list,1d
2025-10-30,184.3999938964844,185.19000244140625,182.63999938964844,184.3500061035156,24270977,TATASTEEL,BSE,nse_dual_list,1d
2025-10-31,184.0,184.3000030517578,182.1199951171875,182.83999633789065,16041321,TATASTEEL,BSE,nse_dual_list,1d
2025-11-03,182.3999938964844,184.1000061035156,181.8000030517578,182.6699981689453,16652212,TATASTEEL,BSE,nse_dual_list,1d
2025-11-04,183.0,183.08999633789065,178.89999389648438,179.2899932861328,18746387,TATASTEEL,BSE,nse_dual_list,1d
2025-11-06,179.2899932861328,180.6699981689453,176.52000427246094,177.27000427246094,23664538,TATASTEEL,BSE,nse_dual_list,1d
2025-11-07,177.0,182.25,175.00999450683594,181.3699951171875,19165876,TATASTEEL,BSE,nse_dual_list,1d
2025-11-10,182.02999877929688,182.50999450683597,180.1999969482422,181.47999572753903,18376132,TATASTEEL,BSE,nse_dual_list,1d
2025-11-11,182.8999938964844,182.8999938964844,179.02000427246094,181.0399932861328,14109340,TATASTEEL,BSE,nse_dual_list,1d
2025-11-12,181.44000244140625,182.1499938964844,178.0,178.61000061035156,19037263,TATASTEEL,BSE,nse_dual_list,1d
2025-11-13,184.0,184.0,175.10000610351562,176.64999389648438,82083661,TATASTEEL,BSE,nse_dual_list,1d
2025-11-14,177.52000427246094,177.6999969482422,172.1199951171875,174.25999450683594,38345500,TATASTEEL,BSE,nse_dual_list,1d
2025-11-17,175.1300048828125,175.25,172.6199951171875,173.1699981689453,28204282,TATASTEEL,BSE,nse_dual_list,1d
2025-11-18,172.39999389648438,173.1199951171875,170.5500030517578,172.4499969482422,34278387,TATASTEEL,BSE,nse_dual_list,1d
2025-11-19,172.4499969482422,173.89999389648438,172.05999755859375,173.2100067138672,19621610,TATASTEEL,BSE,nse_dual_list,1d
2025-11-20,174.10000610351562,174.36000061035156,172.25999450683594,172.4600067138672,15968891,TATASTEEL,BSE,nse_dual_list,1d
2025-11-21,171.8000030517578,171.89999389648438,167.6999969482422,168.0,28412865,TATASTEEL,BSE,nse_dual_list,1d
2025-11-24,168.0,168.3800048828125,165.17999267578125,165.36000061035156,31202769,TATASTEEL,BSE,nse_dual_list,1d
2025-11-25,166.0,167.27000427246094,165.0800018310547,166.3300018310547,19983310,TATASTEEL,BSE,nse_dual_list,1d
2025-11-26,167.0,169.9499969482422,166.89999389648438,169.6699981689453,15044796,TATASTEEL,BSE,nse_dual_list,1d
2025-11-27,170.4499969482422,171.0,167.17999267578125,168.1300048828125,17546627,TATASTEEL,BSE,nse_dual_list,1d
2025-11-28,168.1300048828125,169.0,167.2899932861328,167.9600067138672,11975539,TATASTEEL,BSE,nse_dual_list,1d
2025-12-01,169.0,169.64999389648438,167.6999969482422,168.6300048828125,11758473,TATASTEEL,BSE,nse_dual_list,1d
2025-12-02,168.42999267578125,168.85000610351562,167.0,167.77999877929688,15355023,TATASTEEL,BSE,nse_dual_list,1d
2025-12-03,167.77999877929688,167.99000549316406,165.0,166.9199981689453,18873943,TATASTEEL,BSE,nse_dual_list,1d
2025-12-04,167.8000030517578,167.97000122070312,166.1999969482422,166.77000427246094,11419966,TATASTEEL,BSE,nse_dual_list,1d
2025-12-05,167.0,167.64999389648438,165.0,167.11000061035156,33500436,TATASTEEL,BSE,nse_dual_list,1d
2025-12-08,167.08999633789062,168.1999969482422,163.0,163.47000122070312,15772400,TATASTEEL,BSE,nse_dual_list,1d
2025-12-09,163.38999938964844,163.38999938964844,160.05999755859375,160.6699981689453,25766371,TATASTEEL,BSE,nse_dual_list,1d
2025-12-10,161.0,163.67999267578125,160.80999755859375,162.22999572753906,22537548,TATASTEEL,BSE,nse_dual_list,1d
2025-12-11,163.5,166.66000366210938,163.1699981689453,166.3800048828125,32603566,TATASTEEL,BSE,nse_dual_list,1d
2025-12-12,167.60000610351562,172.5,167.39999389648438,171.88999938964844,41130927,TATASTEEL,BSE,nse_dual_list,1d
2025-12-15,170.9499969482422,173.1699981689453,170.5,172.8699951171875,23254201,TATASTEEL,BSE,nse_dual_list,1d
2025-12-16,172.6999969482422,172.6999969482422,169.25,169.8300018310547,22981935,TATASTEEL,BSE,nse_dual_list,1d
2025-12-17,170.08999633789062,171.3000030517578,169.66000366210938,170.33999633789062,11624504,TATASTEEL,BSE,nse_dual_list,1d
2025-12-18,169.9199981689453,170.4499969482422,167.55999755859375,168.1199951171875,13152378,TATASTEEL,BSE,nse_dual_list,1d
2025-12-19,169.14999389648438,169.6199951171875,167.8300018310547,168.69000244140625,28448892,TATASTEEL,BSE,nse_dual_list,1d
2025-12-22,169.0399932861328,171.4600067138672,169.0,169.22000122070312,23729300,TATASTEEL,BSE,nse_dual_list,1d
2025-12-23,169.35000610351562,171.35000610351562,169.25,170.89999389648438,17348078,TATASTEEL,BSE,nse_dual_list,1d
2025-12-24,171.35000610351562,171.64999389648438,169.6699981689453,170.07000732421875,17430406,TATASTEEL,BSE,nse_dual_list,1d
2025-12-26,169.88999938964844,169.89999389648438,167.82000732421875,169.1199951171875,16904834,TATASTEEL,BSE,nse_dual_list,1d
2025-12-29,169.50999450683594,174.1300048828125,169.2899932861328,172.3000030517578,48001907,TATASTEEL,BSE,nse_dual_list,1d
2025-12-30,172.77999877929688,176.35000610351562,170.8000030517578,175.8000030517578,33741158,TATASTEEL,BSE,nse_dual_list,1d
2025-12-31,180.0,181.3999938964844,178.5,180.0800018310547,50897201,TATASTEEL,BSE,nse_dual_list,1d
2026-01-01,180.6000061035156,182.1999969482422,180.1999969482422,181.88999938964844,21507757,TATASTEEL,BSE,nse_dual_list,1d
2026-01-02,182.0,183.8500061035156,181.6000061035156,182.8800048828125,23006840,TATASTEEL,BSE,nse_dual_list,1d
2026-01-05,182.8800048828125,186.88999938964844,182.8699951171875,185.72000122070312,30646009,TATASTEEL,BSE,nse_dual_list,1d
2026-01-06,186.0,187.8500061035156,184.47000122070312,186.1999969482422,28514282,TATASTEEL,BSE,nse_dual_list,1d
2026-01-07,186.1999969482422,186.6499938964844,182.8999938964844,183.8000030517578,18231588,TATASTEEL,BSE,nse_dual_list,1d
2026-01-08,185.4499969482422,185.8699951171875,179.5500030517578,180.1199951171875,38454951,TATASTEEL,BSE,nse_dual_list,1d
2026-01-09,179.0500030517578,181.5,177.3300018310547,178.39999389648438,25318701,TATASTEEL,BSE,nse_dual_list,1d
2026-01-12,178.39999389648438,183.6499938964844,177.63999938964844,183.2400054931641,25782267,TATASTEEL,BSE,nse_dual_list,1d
2026-01-13,183.5,184.38999938964844,181.1000061035156,182.57000732421875,19155081,TATASTEEL,BSE,nse_dual_list,1d
2026-01-14,182.57000732421875,190.6499938964844,181.66000366210935,189.25,55907778,TATASTEEL,BSE,nse_dual_list,1d
2026-01-15,189.25,189.25,189.25,189.25,0,TATASTEEL,BSE,nse_dual_list,1d
2026-01-16,190.0500030517578,191.0,187.30999755859372,188.2100067138672,26028519,TATASTEEL,BSE,nse_dual_list,1d
2026-01-19,187.1000061035156,189.44000244140625,186.8000030517578,188.2700042724609,19709364,TATASTEEL,BSE,nse_dual_list,1d
2026-01-20,188.2700042724609,190.0,183.02999877929688,183.55999755859372,20094927,TATASTEEL,BSE,nse_dual_list,1d
2026-01-21,183.55999755859372,185.7100067138672,180.8800048828125,184.41000366210935,35037961,TATASTEEL,BSE,nse_dual_list,1d
2026-01-22,185.88999938964844,189.9900054931641,185.7899932861328,189.1000061035156,35681682,TATASTEEL,BSE,nse_dual_list,1d
2026-01-23,190.5,192.3999938964844,187.2700042724609,187.6100006103516,28492706,TATASTEEL,BSE,nse_dual_list,1d
2026-01-27,189.6699981689453,193.13999938964844,187.72000122070312,192.27999877929688,42314287,TATASTEEL,BSE,nse_dual_list,1d
2026-01-28,193.4900054931641,195.1999969482422,192.1000061035156,193.8500061035156,33310718,TATASTEEL,BSE,nse_dual_list,1d
2026-01-29,194.4499969482422,202.9900054931641,194.1100006103516,202.32000732421875,60610904,TATASTEEL,BSE,nse_dual_list,1d
2026-01-30,198.5500030517578,199.0,190.6300048828125,193.1300048828125,52262849,TATASTEEL,BSE,nse_dual_list,1d
2026-02-02,185.3800048828125,189.0,182.5500030517578,188.50999450683597,25601945,TATASTEEL,BSE,nse_dual_list,1d
2026-02-03,193.5800018310547,199.0,191.50999450683597,192.92999267578125,28467895,TATASTEEL,BSE,nse_dual_list,1d
2026-02-04,193.9900054931641,196.13999938964844,193.4499969482422,195.3999938964844,13859145,TATASTEEL,BSE,nse_dual_list,1d
2026-02-05,193.0,198.41000366210935,191.5200042724609,197.75999450683597,31293689,TATASTEEL,BSE,nse_dual_list,1d
2026-02-06,197.6000061035156,197.6000061035156,194.3699951171875,197.05999755859372,18446912,TATASTEEL,BSE,nse_dual_list,1d
2026-02-09,202.0,206.33999633789065,197.5500030517578,202.0,68967709,TATASTEEL,BSE,nse_dual_list,1d
2026-02-10,202.9900054931641,211.1000061035156,201.0800018310547,208.00999450683597,82443790,TATASTEEL,BSE,nse_dual_list,1d
2026-02-11,209.3999938964844,210.25,205.3000030517578,207.58999633789065,40897457,TATASTEEL,BSE,nse_dual_list,1d
2026-02-12,208.0,210.38999938964844,206.1999969482422,208.1100006103516,24109860,TATASTEEL,BSE,nse_dual_list,1d
2026-02-13,206.58999633789065,206.8500061035156,202.55999755859372,203.17999267578125,25870923,TATASTEEL,BSE,nse_dual_list,1d
2026-02-16,201.0,206.1199951171875,200.5500030517578,205.80999755859372,17932490,TATASTEEL,BSE,nse_dual_list,1d
2026-02-17,205.5,205.8000030517578,201.66000366210935,203.0800018310547,18506676,TATASTEEL,BSE,nse_dual_list,1d
2026-02-18,203.5500030517578,209.6999969482422,203.5500030517578,209.02999877929688,48357001,TATASTEEL,BSE,nse_dual_list,1d
2026-02-19,211.0,211.38999938964844,204.25,205.41000366210935,27749813,TATASTEEL,BSE,nse_dual_list,1d
2026-02-20,206.41000366210935,209.3000030517578,204.72999572753903,208.3600006103516,26605844,TATASTEEL,BSE,nse_dual_list,1d
2026-02-23,210.0,210.1000061035156,205.5,208.13999938964844,23377191,TATASTEEL,BSE,nse_dual_list,1d
2026-02-24,207.2100067138672,209.5399932861328,206.75,209.1300048828125,23413086,TATASTEEL,BSE,nse_dual_list,1d
2026-02-25,210.1000061035156,216.4499969482422,209.3999938964844,214.63999938964844,48873839,TATASTEEL,BSE,nse_dual_list,1d
2026-02-26,215.9499969482422,215.9499969482422,213.00999450683597,215.5200042724609,25522669,TATASTEEL,BSE,nse_dual_list,1d
2026-02-27,215.5,215.8999938964844,211.66000366210935,212.3300018310547,25598534,TATASTEEL,BSE,nse_dual_list,1d
2026-03-02,205.0,214.33999633789065,204.5,211.00999450683597,30523310,TATASTEEL,BSE,nse_dual_list,1d
2026-03-04,207.0,207.0,194.42999267578125,196.72999572753903,72096617,TATASTEEL,BSE,nse_dual_list,1d
2026-03-05,198.5,203.0399932861328,197.6300048828125,200.57000732421875,41033397,TATASTEEL,BSE,nse_dual_list,1d
2026-03-06,199.5,202.1999969482422,197.1000061035156,198.4600067138672,28551376,TATASTEEL,BSE,nse_dual_list,1d
2026-03-09,193.4499969482422,193.6999969482422,187.02999877929688,191.00999450683597,43019965,TATASTEEL,BSE,nse_dual_list,1d
2026-03-10,194.00999450683597,196.63999938964844,192.0,195.0,25783308,TATASTEEL,BSE,nse_dual_list,1d
2026-03-11,197.13999938964844,198.8800048828125,194.0,194.7400054931641,34207226,TATASTEEL,BSE,nse_dual_list,1d
2026-03-12,193.9900054931641,194.66000366210935,190.1000061035156,193.47000122070312,24413736,TATASTEEL,BSE,nse_dual_list,1d
2026-03-13,191.9499969482422,192.5,182.25999450683597,183.50999450683597,42683952,TATASTEEL,BSE,nse_dual_list,1d
2026-03-16,183.0,187.6499938964844,181.25,186.94000244140625,44789516,TATASTEEL,BSE,nse_dual_list,1d
2026-03-17,187.8000030517578,196.30999755859372,186.8500061035156,195.42999267578125,45672442,TATASTEEL,BSE,nse_dual_list,1d
2026-03-18,196.3999938964844,196.42999267578125,193.1699981689453,195.41000366210935,26353743,TATASTEEL,BSE,nse_dual_list,1d
2026-03-19,190.8000030517578,194.22000122070312,189.3699951171875,190.50999450683597,24146344,TATASTEEL,BSE,nse_dual_list,1d
2026-03-20,193.3999938964844,199.44000244140625,193.33999633789065,196.7700042724609,46881257,TATASTEEL,BSE,nse_dual_list,1d
2026-03-23,193.0,193.9499969482422,186.50999450683597,187.1699981689453,44393392,TATASTEEL,BSE,nse_dual_list,1d
2026-03-24,192.0,192.19000244140625,187.77999877929688,190.7899932861328,34321983,TATASTEEL,BSE,nse_dual_list,1d
2026-03-25,193.02999877929688,197.1499938964844,192.32000732421875,196.6499938964844,34767360,TATASTEEL,BSE,nse_dual_list,1d
2026-03-27,194.32000732421875,195.5,192.63999938964844,193.22000122070312,36938046,TATASTEEL,BSE,nse_dual_list,1d
2026-03-30,192.0,194.4199981689453,188.3000030517578,191.8600006103516,45914996,TATASTEEL,BSE,nse_dual_list,1d
2026-04-01,200.0,200.1999969482422,194.0,194.6000061035156,35813622,TATASTEEL,BSE,nse_dual_list,1d
2026-04-02,192.91000366210935,194.8500061035156,187.9499969482422,194.13999938964844,27633959,TATASTEEL,BSE,nse_dual_list,1d
2026-04-06,193.0200042724609,196.6499938964844,190.25,196.1000061035156,28115748,TATASTEEL,BSE,nse_dual_list,1d
2026-04-07,195.6000061035156,198.4199981689453,193.27999877929688,198.1300048828125,32090982,TATASTEEL,BSE,nse_dual_list,1d
2026-04-08,202.00999450683597,206.3999938964844,202.0,204.17999267578125,37018381,TATASTEEL,BSE,nse_dual_list,1d
2026-04-09,204.50999450683597,208.19000244140625,204.05999755859372,205.1999969482422,36853400,TATASTEEL,BSE,nse_dual_list,1d
2026-04-10,207.97999572753903,209.0,204.8000030517578,206.6100006103516,28385501,TATASTEEL,BSE,nse_dual_list,1d
2026-04-13,203.6999969482422,207.0,201.5,206.38999938964844,25848544,TATASTEEL,BSE,nse_dual_list,1d
2026-04-15,209.0,211.1499938964844,207.6000061035156,208.72000122070312,30858355,TATASTEEL,BSE,nse_dual_list,1d
2026-04-16,209.75,212.9199981689453,209.00999450683597,210.69000244140625,26751249,TATASTEEL,BSE,nse_dual_list,1d
2026-04-17,210.69000244140625,212.4600067138672,208.5,212.1199951171875,22837792,TATASTEEL,BSE,nse_dual_list,1d
2026-04-20,212.0,213.3999938964844,209.8000030517578,211.72000122070312,24992602,TATASTEEL,BSE,nse_dual_list,1d
2026-04-21,211.72000122070312,214.4900054931641,211.0800018310547,212.00999450683597,17427021,TATASTEEL,BSE,nse_dual_list,1d
2026-04-22,211.0,213.77999877929688,210.50999450683597,213.02999877929688,20795714,TATASTEEL,BSE,nse_dual_list,1d
2026-04-23,213.0399932861328,213.1000061035156,210.16000366210935,210.91000366210935,19304122,TATASTEEL,BSE,nse_dual_list,1d
2026-04-24,211.0,212.0,208.6000061035156,210.07000732421875,22379072,TATASTEEL,BSE,nse_dual_list,1d
2026-04-27,211.0,215.0,210.92999267578125,213.2700042724609,33068230,TATASTEEL,BSE,nse_dual_list,1d
2026-04-28,213.1999969482422,218.2400054931641,212.1999969482422,215.0500030517578,34950491,TATASTEEL,BSE,nse_dual_list,1d
2026-04-29,216.1000061035156,217.0,211.3600006103516,215.8800048828125,32800573,TATASTEEL,BSE,nse_dual_list,1d
2026-04-30,215.77999877929688,215.77999877929688,210.0,211.3600006103516,24894783,TATASTEEL,BSE,nse_dual_list,1d
2026-05-01,211.3600006103516,211.3600006103516,211.3600006103516,211.3600006103516,0,TATASTEEL,BSE,nse_dual_list,1d
2026-05-04,212.5500030517578,214.5,211.3999938964844,212.2400054931641,23140911,TATASTEEL,BSE,nse_dual_list,1d
2026-05-05,212.1999969482422,212.33999633789065,209.4499969482422,211.32000732421875,20733709,TATASTEEL,BSE,nse_dual_list,1d
2026-05-06,214.0,216.72999572753903,212.4199981689453,215.47000122070312,24082651,TATASTEEL,BSE,nse_dual_list,1d
2026-05-07,216.6999969482422,219.1999969482422,215.75,217.08999633789065,21243369,TATASTEEL,BSE,nse_dual_list,1d
2026-05-08,217.0,217.3999938964844,214.25,214.4900054931641,17760366,TATASTEEL,BSE,nse_dual_list,1d
2026-05-11,213.5,215.0,211.5200042724609,212.0800018310547,16301350,TATASTEEL,BSE,nse_dual_list,1d
2026-05-12,212.0,216.3300018310547,211.5,212.0,28371348,TATASTEEL,BSE,nse_dual_list,1d
2026-05-13,213.2400054931641,220.91000366210935,213.07000732421875,219.6199951171875,46231533,TATASTEEL,BSE,nse_dual_list,1d
2026-05-14,222.3000030517578,222.8999938964844,219.0200042724609,221.1300048828125,34985006,TATASTEEL,BSE,nse_dual_list,1d
2026-05-15,223.0,224.3999938964844,216.0,216.83999633789065,33231023,TATASTEEL,BSE,nse_dual_list,1d
2026-05-18,211.0,211.82000732421875,205.0500030517578,209.7100067138672,73796001,TATASTEEL,BSE,nse_dual_list,1d
2026-05-19,210.58999633789065,212.3300018310547,208.8999938964844,209.2899932861328,32573663,TATASTEEL,BSE,nse_dual_list,1d
2026-05-20,207.5,207.5,203.0399932861328,207.00999450683597,56670462,TATASTEEL,BSE,nse_dual_list,1d
2026-05-21,209.75,210.07000732421875,207.66000366210935,208.5800018310547,24385712,TATASTEEL,BSE,nse_dual_list,1d
2026-05-22,209.6000061035156,210.8800048828125,208.25999450683597,209.19000244140625,22023114,TATASTEEL,BSE,nse_dual_list,1d
2026-05-25,211.3000030517578,211.75,209.44000244140625,210.22000122070312,23090495,TATASTEEL,BSE,nse_dual_list,1d
2026-05-26,209.8999938964844,211.13999938964844,209.50999450683597,210.47000122070312,17801824,TATASTEEL,BSE,nse_dual_list,1d
2026-05-27,210.6999969482422,218.9600067138672,210.6999969482422,214.6999969482422,39110042,TATASTEEL,BSE,nse_dual_list,1d
2026-05-28,214.6999969482422,214.6999969482422,214.6999969482422,214.6999969482422,0,TATASTEEL,BSE,nse_dual_list,1d
2026-05-29,215.69000244140625,215.6999969482422,206.6999969482422,208.0200042724609,67467374,TATASTEEL,BSE,nse_dual_list,1d
2026-06-01,210.0,211.3999938964844,206.5,210.57000732421875,23733470,TATASTEEL,BSE,nse_dual_list,1d
2026-06-02,209.00999450683597,213.4600067138672,208.57000732421875,210.6000061035156,29358964,TATASTEEL,BSE,nse_dual_list,1d
2026-06-03,210.7100067138672,212.4900054931641,207.6000061035156,211.88999938964844,23198930,TATASTEEL,BSE,nse_dual_list,1d
2026-06-04,210.4199981689453,212.2400054931641,209.30999755859372,210.57000732421875,18939468,TATASTEEL,BSE,nse_dual_list,1d
2026-06-05,209.3999938964844,210.5,203.8999938964844,206.7700042724609,35802398,TATASTEEL,BSE,nse_dual_list,1d
2026-06-08,203.44000244140625,205.2100067138672,201.6000061035156,202.72000122070312,31036948,TATASTEEL,BSE,nse_dual_list,1d
2026-06-09,203.0,204.0,200.33999633789065,203.17999267578125,42111455,TATASTEEL,BSE,nse_dual_list,1d
2026-06-10,203.0,203.3999938964844,198.0,199.30999755859372,34008938,TATASTEEL,BSE,nse_dual_list,1d
2026-06-11,197.44000244140625,199.3500061035156,196.0500030517578,197.9600067138672,38292223,TATASTEEL,BSE,nse_dual_list,1d
2026-06-12,200.0,200.82000732421875,195.8000030517578,197.8600006103516,27622963,TATASTEEL,BSE,nse_dual_list,1d
2026-06-15,199.9600067138672,200.9499969482422,196.82000732421875,197.27999877929688,27071539,TATASTEEL,BSE,nse_dual_list,1d
2026-06-16,197.50999450683597,197.6000061035156,193.30999755859372,196.0,29255187,TATASTEEL,BSE,nse_dual_list,1d
2026-06-17,196.7899932861328,199.5,195.6000061035156,199.00999450683597,22491220,TATASTEEL,BSE,nse_dual_list,1d
2026-06-18,199.00999450683597,200.6999969482422,198.1499938964844,200.5200042724609,22111931,TATASTEEL,BSE,nse_dual_list,1d
2026-06-19,199.25,199.3600006103516,196.5,198.9600067138672,31571461,TATASTEEL,BSE,nse_dual_list,1d
2026-06-22,199.3000030517578,200.66000366210935,198.6999969482422,198.97000122070312,19238506,TATASTEEL,BSE,nse_dual_list,1d
2026-06-23,197.75,197.97999572753903,192.72999572753903,193.55999755859372,34634510,TATASTEEL,BSE,nse_dual_list,1d
2026-06-24,192.8000030517578,193.3800048828125,189.58999633789065,190.16000366210935,51305789,TATASTEEL,BSE,nse_dual_list,1d
2026-06-25,190.0,190.8600006103516,187.6100006103516,188.7100067138672,34151735,TATASTEEL,BSE,nse_dual_list,1d
2026-06-26,188.7100067138672,188.7100067138672,188.7100067138672,188.7100067138672,0,TATASTEEL,BSE,nse_dual_list,1d
2026-06-29,188.72999572753903,191.2700042724609,188.6000061035156,189.57000732421875,62549132,TATASTEEL,BSE,nse_dual_list,1d
2026-06-30,189.5,190.3999938964844,187.0500030517578,188.05999755859372,33686235,TATASTEEL,BSE,nse_dual_list,1d
2026-07-01,188.5,188.7100067138672,184.6999969482422,185.1699981689453,20614036,TATASTEEL,BSE,nse_dual_list,1d
2026-07-02,186.0,188.6000061035156,185.13999938964844,187.6699981689453,29139217,TATASTEEL,BSE,nse_dual_list,1d
2026-07-03,190.6000061035156,192.97999572753903,189.1100006103516,189.8000030517578,28474469,TATASTEEL,BSE,nse_dual_list,1d
2026-07-06,190.38999938964844,191.4499969482422,189.19000244140625,190.8699951171875,14466645,TATASTEEL,BSE,nse_dual_list,1d
2026-07-07,191.0,191.3000030517578,189.0,189.7899932861328,22805982,TATASTEEL,BSE,nse_dual_list,1d
2026-07-08,187.66000366210935,189.7899932861328,186.5200042724609,188.1999969482422,17816943,TATASTEEL,BSE,nse_dual_list,1d
2026-07-09,189.5,189.8699951171875,186.6199951171875,187.91000366210935,21203724,TATASTEEL,BSE,nse_dual_list,1d
2026-07-10,189.67999267578125,193.3000030517578,188.7400054931641,191.19000244140625,23145573,TATASTEEL,BSE,nse_dual_list,1d
2026-07-13,189.0,189.2700042724609,185.3999938964844,187.1100006103516,47597415,TATASTEEL,BSE,nse_dual_list,1d
2026-07-14,186.6999969482422,190.3500061035156,186.6999969482422,188.2700042724609,24096425,TATASTEEL,BSE,nse_dual_list,1d
2026-07-15,188.7400054931641,189.3300018310547,184.80999755859372,185.25999450683597,24924570,TATASTEEL,BSE,nse_dual_list,1d
2026-07-16,186.5,186.75,184.91000366210935,185.4900054931641,13166990,TATASTEEL,BSE,nse_dual_list,1d
2026-07-17,185.1999969482422,186.58999633789065,183.41000366210935,185.88999938964844,20132684,TATASTEEL,BSE,nse_dual_list,1d
2026-07-20,186.67999267578125,187.19000244140625,185.75999450683597,186.41000366210935,11188887,TATASTEEL,BSE,nse_dual_list,1d
2026-07-21,186.75,188.1000061035156,184.6999969482422,187.2400054931641,21618426,TATASTEEL,BSE,nse_dual_list,1d
2026-07-22,187.9900054931641,187.9900054931641,184.91000366210935,186.52999877929688,16643117,TATASTEEL,BSE,nse_dual_list,1d
2026-07-23,186.0,186.0,183.5,184.22999572753903,20581098,TATASTEEL,BSE,nse_dual_list,1d
2026-07-24,183.41000366210935,183.5200042724609,181.1999969482422,182.6699981689453,16117953,TATASTEEL,BSE,nse_dual_list,1d
2026-07-27,183.6000061035156,184.88999938964844,183.3300018310547,184.25,11857396,TATASTEEL,BSE,nse_dual_list,1d
2026-07-28,184.30999755859372,185.13999938964844,182.00999450683597,182.6300048828125,19135253,TATASTEEL,BSE,nse_dual_list,1d
2026-07-29,183.5,188.6699981689453,183.0399932861328,187.2700042724609,24872418,TATASTEEL,BSE,nse_dual_list,1d
2026-07-30,188.00999450683597,188.9900054931641,186.1000061035156,186.9199981689453,13769746,TATASTEEL,BSE,nse_dual_list,1d
2026-07-31,188.25,191.83999633789065,186.30999755859372,189.69000244140625,34249584,TATASTEEL,BSE,nse_dual_list,1d
2026-08-03,192.94000244140625,193.5,188.4900054931641,191.0,27563681,TATASTEEL,BSE,nse_dual_list,1d
2026-08-04,190.6999969482422,192.6000061035156,189.0,190.9499969482422,22165429,TATASTEEL,BSE,nse_dual_list,1d
2026-08-05,192.25,192.9900054931641,189.83999633789065,192.9900054931641,22780522,TATASTEEL,BSE,nse_dual_list,1d
2026-08-06,193.4499969482422,193.6499938964844,188.9900054931641,189.3000030517578,18802510,TATASTEEL,BSE,nse_dual_list,1d
2026-08-07,189.41000366210935,189.69000244140625,186.75,187.5500030517578,9924021,TATASTEEL,BSE,nse_dual_list,1d
2026-08-10,187.55999755859372,192.3500061035156,187.5500030517578,190.2400054931641,33338101,TATASTEEL,BSE,nse_dual_list,1d
2026-08-11,190.2400054931641,190.55999755859372,186.77999877929688,188.25,20973262,TATASTEEL,BSE,nse_dual_list,1d
2026-08-12,188.3500061035156,188.8800048828125,183.6000061035156,186.1999969482422,36484049,TATASTEEL,BSE,nse_dual_list,1d
2026-08-13,186.1999969482422,186.66000366210935,183.4600067138672,184.8500061035156,19940424,TATASTEEL,BSE,nse_dual_list,1d
2026-08-14,184.0,184.19000244140625,180.0,183.5,16131505,TATASTEEL,BSE,nse_dual_list,1d
