date,open,high,low,close,volume,symbol,exchange,source,interval
2021-08-16,3461.89990234375,3492.5,3437.0,3471.75,62836,TCS,BSE,yfinance,1d
2021-08-17,3484.449951171875,3560.25,3464.0,3552.39990234375,160065,TCS,BSE,yfinance,1d
2021-08-18,3555.0,3594.60009765625,3537.0,3558.5,69366,TCS,BSE,yfinance,1d
2021-08-20,3524.0,3573.10009765625,3503.60009765625,3557.449951171875,55131,TCS,BSE,yfinance,1d
2021-08-23,3570.0,3672.5,3562.949951171875,3635.85009765625,127876,TCS,BSE,yfinance,1d
2021-08-24,3653.0,3668.75,3595.85009765625,3612.199951171875,59758,TCS,BSE,yfinance,1d
2021-08-25,3612.800048828125,3697.0,3608.949951171875,3659.5,70032,TCS,BSE,yfinance,1d
2021-08-26,3668.89990234375,3687.10009765625,3649.0,3671.050048828125,94445,TCS,BSE,yfinance,1d
2021-08-27,3657.949951171875,3729.0,3651.10009765625,3720.14990234375,80952,TCS,BSE,yfinance,1d
2021-08-30,3718.0,3740.0,3687.60009765625,3701.39990234375,69850,TCS,BSE,yfinance,1d
2021-08-31,3703.0,3802.949951171875,3703.0,3786.550048828125,248659,TCS,BSE,yfinance,1d
2021-09-01,3790.0,3815.75,3706.0,3714.050048828125,290870,TCS,BSE,yfinance,1d
2021-09-02,3736.0,3858.0,3724.60009765625,3837.949951171875,68034,TCS,BSE,yfinance,1d
2021-09-03,3836.0,3857.39990234375,3804.0,3841.35009765625,73148,TCS,BSE,yfinance,1d
2021-09-06,3847.0,3876.0,3815.0,3851.050048828125,42444,TCS,BSE,yfinance,1d
2021-09-07,3858.0,3871.0,3809.050048828125,3814.75,33828,TCS,BSE,yfinance,1d
2021-09-08,3815.0,3815.0,3756.0,3774.10009765625,53706,TCS,BSE,yfinance,1d
2021-09-09,3799.0,3809.699951171875,3765.14990234375,3791.75,38234,TCS,BSE,yfinance,1d
2021-09-13,3761.0,3851.89990234375,3761.0,3843.89990234375,82516,TCS,BSE,yfinance,1d
2021-09-14,3849.5,3895.60009765625,3828.64990234375,3885.14990234375,31541,TCS,BSE,yfinance,1d
2021-09-15,3889.949951171875,3980.0,3866.449951171875,3954.800048828125,130664,TCS,BSE,yfinance,1d
2021-09-16,3938.0,3981.550048828125,3891.949951171875,3902.5,117036,TCS,BSE,yfinance,1d
2021-09-17,3930.0,3944.39990234375,3806.89990234375,3830.449951171875,109563,TCS,BSE,yfinance,1d
2021-09-20,3819.0,3871.5,3811.0,3823.35009765625,65057,TCS,BSE,yfinance,1d
2021-09-21,3845.5,3870.300048828125,3823.0,3864.949951171875,48497,TCS,BSE,yfinance,1d
2021-09-22,3861.0,3896.949951171875,3852.300048828125,3862.5,141321,TCS,BSE,yfinance,1d
2021-09-23,3889.0,3889.0,3835.64990234375,3868.699951171875,947615,TCS,BSE,yfinance,1d
2021-09-24,3889.0,3944.5,3856.0,3871.300048828125,49192,TCS,BSE,yfinance,1d
2021-09-27,3891.14990234375,3904.0,3804.0,3836.949951171875,59914,TCS,BSE,yfinance,1d
2021-09-28,3854.0,3854.0,3752.699951171875,3779.0,101477,TCS,BSE,yfinance,1d
2021-09-29,3750.0,3805.449951171875,3723.10009765625,3791.60009765625,90622,TCS,BSE,yfinance,1d
2021-09-30,3811.0,3811.0,3750.75,3774.5,39114,TCS,BSE,yfinance,1d
2021-10-01,3779.0,3811.0,3725.0,3729.300048828125,97631,TCS,BSE,yfinance,1d
2021-10-04,3728.0,3782.75,3708.050048828125,3771.10009765625,92760,TCS,BSE,yfinance,1d
2021-10-05,3765.0,3840.0,3742.60009765625,3833.699951171875,108583,TCS,BSE,yfinance,1d
2021-10-06,3844.0,3858.0,3795.0,3809.89990234375,60822,TCS,BSE,yfinance,1d
2021-10-07,3822.0,3899.64990234375,3821.300048828125,3892.60009765625,47233,TCS,BSE,yfinance,1d
2021-10-08,3935.0,3990.0,3898.949951171875,3935.300048828125,97634,TCS,BSE,yfinance,1d
2021-10-11,3797.0,3797.0,3660.0,3686.5,1280463,TCS,BSE,yfinance,1d
2021-10-12,3709.0,3709.0,3631.35009765625,3653.89990234375,266211,TCS,BSE,yfinance,1d
2021-10-13,3661.10009765625,3675.0,3645.050048828125,3656.050048828125,184950,TCS,BSE,yfinance,1d
2021-10-14,3650.0,3671.0,3608.39990234375,3611.300048828125,330478,TCS,BSE,yfinance,1d
2021-10-18,3612.0,3653.0,3607.050048828125,3647.39990234375,123363,TCS,BSE,yfinance,1d
2021-10-19,3670.0,3690.300048828125,3625.0,3634.60009765625,212142,TCS,BSE,yfinance,1d
2021-10-20,3615.10009765625,3629.5,3578.199951171875,3607.85009765625,1033300,TCS,BSE,yfinance,1d
2021-10-21,3618.0,3618.0,3512.10009765625,3533.39990234375,89945,TCS,BSE,yfinance,1d
2021-10-22,3564.0,3564.0,3485.0,3500.050048828125,135071,TCS,BSE,yfinance,1d
2021-10-25,3500.050048828125,3515.0,3450.0,3492.5,121831,TCS,BSE,yfinance,1d
2021-10-26,3499.0,3529.14990234375,3475.0,3483.050048828125,59363,TCS,BSE,yfinance,1d
2021-10-27,3497.699951171875,3511.89990234375,3481.699951171875,3488.949951171875,116096,TCS,BSE,yfinance,1d
2021-10-28,3515.0,3515.050048828125,3416.0,3424.35009765625,60853,TCS,BSE,yfinance,1d
2021-10-29,3410.0,3459.800048828125,3386.0,3398.800048828125,178291,TCS,BSE,yfinance,1d
2021-11-01,3438.0,3489.0,3412.64990234375,3477.300048828125,89540,TCS,BSE,yfinance,1d
2021-11-02,3495.0,3513.949951171875,3466.10009765625,3483.75,185781,TCS,BSE,yfinance,1d
2021-11-03,3508.0,3519.949951171875,3466.5,3492.550048828125,39055,TCS,BSE,yfinance,1d
2021-11-04,3515.0,3515.10009765625,3505.699951171875,3509.050048828125,33702,TCS,BSE,yfinance,1d
2021-11-08,3539.0,3539.0,3481.25,3502.60009765625,129083,TCS,BSE,yfinance,1d
2021-11-09,3504.0,3534.89990234375,3497.60009765625,3504.5,83427,TCS,BSE,yfinance,1d
2021-11-10,3500.0,3519.39990234375,3481.35009765625,3484.35009765625,53691,TCS,BSE,yfinance,1d
2021-11-11,3482.0,3508.75,3436.0,3488.10009765625,95676,TCS,BSE,yfinance,1d
2021-11-12,3500.0,3535.10009765625,3486.050048828125,3524.5,144937,TCS,BSE,yfinance,1d
2021-11-15,3534.800048828125,3569.5,3531.0,3553.89990234375,56987,TCS,BSE,yfinance,1d
2021-11-16,3563.0,3575.0,3541.25,3555.14990234375,93911,TCS,BSE,yfinance,1d
2021-11-17,3559.0,3562.35009765625,3513.800048828125,3523.949951171875,46814,TCS,BSE,yfinance,1d
2021-11-18,3512.050048828125,3521.39990234375,3452.0,3475.64990234375,134098,TCS,BSE,yfinance,1d
2021-11-22,3480.0,3516.0,3441.0,3461.25,53969,TCS,BSE,yfinance,1d
2021-11-23,3445.0,3483.39990234375,3408.050048828125,3463.699951171875,91067,TCS,BSE,yfinance,1d
2021-11-24,3478.0,3493.550048828125,3431.0,3443.550048828125,47809,TCS,BSE,yfinance,1d
2021-11-25,3462.0,3462.0,3434.0,3445.5,56004,TCS,BSE,yfinance,1d
2021-11-26,3440.0,3486.0,3414.64990234375,3445.64990234375,80166,TCS,BSE,yfinance,1d
2021-11-29,3445.64990234375,3530.0,3407.550048828125,3500.699951171875,85268,TCS,BSE,yfinance,1d
2021-11-30,3500.0,3563.0,3494.85009765625,3532.0,131810,TCS,BSE,yfinance,1d
2021-12-01,3535.14990234375,3589.35009765625,3535.14990234375,3578.14990234375,159108,TCS,BSE,yfinance,1d
2021-12-02,3585.0,3648.0,3573.199951171875,3641.14990234375,188193,TCS,BSE,yfinance,1d
2021-12-03,3643.0,3665.949951171875,3630.75,3639.64990234375,76061,TCS,BSE,yfinance,1d
2021-12-06,3642.0,3656.85009765625,3521.5,3534.35009765625,51174,TCS,BSE,yfinance,1d
2021-12-07,3567.89990234375,3597.14990234375,3525.60009765625,3584.699951171875,24002,TCS,BSE,yfinance,1d
2021-12-08,3625.0,3645.0,3602.60009765625,3626.5,263196,TCS,BSE,yfinance,1d
2021-12-09,3613.0,3632.39990234375,3567.0,3603.60009765625,77990,TCS,BSE,yfinance,1d
2021-12-10,3585.0,3640.85009765625,3575.10009765625,3636.550048828125,78298,TCS,BSE,yfinance,1d
2021-12-13,3647.0,3660.0,3603.0,3610.10009765625,52114,TCS,BSE,yfinance,1d
2021-12-14,3601.0,3634.39990234375,3576.14990234375,3622.800048828125,87750,TCS,BSE,yfinance,1d
2021-12-15,3610.0,3622.699951171875,3558.60009765625,3569.60009765625,70817,TCS,BSE,yfinance,1d
2021-12-16,3580.0,3607.25,3570.5,3581.35009765625,19480,TCS,BSE,yfinance,1d
2021-12-17,3601.0,3650.0,3573.14990234375,3587.199951171875,82484,TCS,BSE,yfinance,1d
2021-12-20,3570.10009765625,3605.0,3509.85009765625,3557.10009765625,160727,TCS,BSE,yfinance,1d
2021-12-21,3585.0,3639.60009765625,3568.050048828125,3608.449951171875,104021,TCS,BSE,yfinance,1d
2021-12-22,3612.0,3636.0,3605.39990234375,3630.0,68470,TCS,BSE,yfinance,1d
2021-12-23,3640.5,3671.0,3630.050048828125,3662.800048828125,62978,TCS,BSE,yfinance,1d
2021-12-24,3676.0,3703.89990234375,3645.300048828125,3670.25,141802,TCS,BSE,yfinance,1d
2021-12-27,3670.0,3700.0,3653.14990234375,3695.550048828125,37807,TCS,BSE,yfinance,1d
2021-12-28,3715.0,3724.5,3694.050048828125,3707.300048828125,34438,TCS,BSE,yfinance,1d
2021-12-29,3700.0,3719.449951171875,3684.39990234375,3693.14990234375,75965,TCS,BSE,yfinance,1d
2021-12-30,3693.0,3739.60009765625,3680.550048828125,3733.14990234375,45572,TCS,BSE,yfinance,1d
2021-12-31,3736.050048828125,3759.800048828125,3731.550048828125,3736.85009765625,51482,TCS,BSE,yfinance,1d
2022-01-03,3744.0,3829.0,3743.949951171875,3818.14990234375,67010,TCS,BSE,yfinance,1d
2022-01-04,3829.050048828125,3888.0,3810.0,3882.699951171875,342652,TCS,BSE,yfinance,1d
2022-01-05,3865.0,3870.10009765625,3811.0,3861.050048828125,54550,TCS,BSE,yfinance,1d
2022-01-06,3816.0,3834.75,3771.35009765625,3806.85009765625,111898,TCS,BSE,yfinance,1d
2022-01-07,3809.10009765625,3864.449951171875,3796.0,3854.85009765625,41904,TCS,BSE,yfinance,1d
2022-01-10,3974.0,3979.89990234375,3861.85009765625,3879.35009765625,244605,TCS,BSE,yfinance,1d
2022-01-11,3859.0,3925.85009765625,3853.800048828125,3915.800048828125,80161,TCS,BSE,yfinance,1d
2022-01-12,3927.800048828125,3930.14990234375,3836.800048828125,3857.25,122701,TCS,BSE,yfinance,1d
2022-01-13,3934.0,3944.39990234375,3857.25,3897.64990234375,368315,TCS,BSE,yfinance,1d
2022-01-14,3880.0,3978.300048828125,3860.10009765625,3969.25,280512,TCS,BSE,yfinance,1d
2022-01-17,3998.0,4043.0,3963.0,4019.10009765625,295249,TCS,BSE,yfinance,1d
2022-01-18,4045.5,4045.5,3981.0,3990.25,110328,TCS,BSE,yfinance,1d
2022-01-19,4018.0,4018.0,3911.75,3915.800048828125,138761,TCS,BSE,yfinance,1d
2022-01-20,3915.0,3915.0,3814.0,3827.85009765625,289388,TCS,BSE,yfinance,1d
2022-01-21,3814.0,3851.0,3771.75,3834.85009765625,231443,TCS,BSE,yfinance,1d
2022-01-24,3841.0,3850.14990234375,3741.0,3771.5,288622,TCS,BSE,yfinance,1d
2022-01-25,3771.0,3809.199951171875,3723.050048828125,3770.10009765625,229135,TCS,BSE,yfinance,1d
2022-01-27,3740.0,3740.0,3626.25,3650.10009765625,408154,TCS,BSE,yfinance,1d
2022-01-28,3659.0,3729.0,3650.0,3690.25,213927,TCS,BSE,yfinance,1d
2022-01-31,3742.199951171875,3758.050048828125,3721.699951171875,3737.89990234375,140447,TCS,BSE,yfinance,1d
2022-02-01,3780.0,3809.0,3735.60009765625,3800.64990234375,142772,TCS,BSE,yfinance,1d
2022-02-02,3823.0,3864.0,3800.64990234375,3857.0,72720,TCS,BSE,yfinance,1d
2022-02-03,3845.0,3882.949951171875,3815.0,3825.0,114933,TCS,BSE,yfinance,1d
2022-02-04,3810.0,3825.0,3769.199951171875,3814.64990234375,107911,TCS,BSE,yfinance,1d
2022-02-07,3800.0,3832.39990234375,3756.10009765625,3778.60009765625,81224,TCS,BSE,yfinance,1d
2022-02-08,3794.89990234375,3801.75,3721.14990234375,3742.39990234375,85663,TCS,BSE,yfinance,1d
2022-02-09,3762.0,3778.0,3748.0,3761.25,43296,TCS,BSE,yfinance,1d
2022-02-10,3785.0,3788.60009765625,3758.300048828125,3771.199951171875,67626,TCS,BSE,yfinance,1d
2022-02-11,3752.0,3752.0,3690.60009765625,3695.60009765625,172871,TCS,BSE,yfinance,1d
2022-02-14,3734.0,3794.14990234375,3710.0,3734.25,411550,TCS,BSE,yfinance,1d
2022-02-15,3785.449951171875,3833.0,3749.949951171875,3817.699951171875,280664,TCS,BSE,yfinance,1d
2022-02-16,3852.0,3856.0,3805.89990234375,3813.550048828125,171784,TCS,BSE,yfinance,1d
2022-02-17,3830.0,3835.14990234375,3780.0,3784.449951171875,253743,TCS,BSE,yfinance,1d
2022-02-18,3769.0,3815.949951171875,3756.0,3794.800048828125,340554,TCS,BSE,yfinance,1d
2022-02-21,3812.0,3828.89990234375,3705.800048828125,3720.25,581891,TCS,BSE,yfinance,1d
2022-02-22,3649.0,3662.949951171875,3570.800048828125,3586.64990234375,333134,TCS,BSE,yfinance,1d
2022-02-23,3604.699951171875,3639.85009765625,3555.85009765625,3565.300048828125,208645,TCS,BSE,yfinance,1d
2022-02-24,3475.0,3490.0,3392.050048828125,3402.25,414928,TCS,BSE,yfinance,1d
2022-02-25,3452.25,3530.0,3452.25,3519.699951171875,231297,TCS,BSE,yfinance,1d
2022-02-28,3493.0,3563.89990234375,3456.699951171875,3554.550048828125,75954,TCS,BSE,yfinance,1d
2022-03-02,3560.10009765625,3570.64990234375,3506.949951171875,3544.35009765625,137462,TCS,BSE,yfinance,1d
2022-03-03,3568.0,3578.5,3530.85009765625,3544.449951171875,87974,TCS,BSE,yfinance,1d
2022-03-04,3500.0,3561.39990234375,3485.0,3525.199951171875,107978,TCS,BSE,yfinance,1d
2022-03-07,3469.0,3547.449951171875,3351.0,3485.300048828125,244599,TCS,BSE,yfinance,1d
2022-03-08,3458.0,3608.0,3458.0,3599.949951171875,191722,TCS,BSE,yfinance,1d
2022-03-09,3610.0,3654.0,3599.0,3633.35009765625,137528,TCS,BSE,yfinance,1d
2022-03-10,3685.0,3685.0,3614.60009765625,3620.10009765625,126839,TCS,BSE,yfinance,1d
2022-03-11,3614.0,3641.699951171875,3594.0,3600.699951171875,43118,TCS,BSE,yfinance,1d
2022-03-14,3584.0,3648.0,3580.0,3642.699951171875,138512,TCS,BSE,yfinance,1d
2022-03-15,3656.5,3658.699951171875,3586.0,3595.39990234375,37001,TCS,BSE,yfinance,1d
2022-03-16,3653.699951171875,3667.0,3600.0,3654.25,80789,TCS,BSE,yfinance,1d
2022-03-17,3692.0,3709.60009765625,3661.0,3675.199951171875,79044,TCS,BSE,yfinance,1d
2022-03-21,3700.0,3713.949951171875,3615.0,3625.25,90739,TCS,BSE,yfinance,1d
2022-03-22,3630.10009765625,3712.0,3625.5,3700.949951171875,50288,TCS,BSE,yfinance,1d
2022-03-23,3709.0,3730.0,3689.60009765625,3708.25,133080,TCS,BSE,yfinance,1d
2022-03-24,3700.0,3757.60009765625,3699.949951171875,3750.0,52182,TCS,BSE,yfinance,1d
2022-03-25,3753.0,3778.050048828125,3672.949951171875,3707.949951171875,104788,TCS,BSE,yfinance,1d
2022-03-28,3698.0,3712.5,3660.64990234375,3706.050048828125,127823,TCS,BSE,yfinance,1d
2022-03-29,3690.0,3721.0,3690.0,3704.949951171875,139652,TCS,BSE,yfinance,1d
2022-03-30,3738.0,3738.0,3707.050048828125,3730.64990234375,70417,TCS,BSE,yfinance,1d
2022-03-31,3736.0,3754.0,3720.050048828125,3738.800048828125,52924,TCS,BSE,yfinance,1d
2022-04-01,3746.14990234375,3762.449951171875,3729.0,3756.85009765625,84280,TCS,BSE,yfinance,1d
2022-04-04,3761.0,3779.0,3738.050048828125,3769.800048828125,56385,TCS,BSE,yfinance,1d
2022-04-05,3792.0,3835.5,3775.550048828125,3814.050048828125,127222,TCS,BSE,yfinance,1d
2022-04-06,3812.64990234375,3812.64990234375,3732.300048828125,3756.14990234375,76724,TCS,BSE,yfinance,1d
2022-04-07,3740.050048828125,3743.300048828125,3676.0,3684.949951171875,172534,TCS,BSE,yfinance,1d
2022-04-08,3690.0,3705.0,3643.85009765625,3686.85009765625,138607,TCS,BSE,yfinance,1d
2022-04-11,3698.0,3711.25,3656.85009765625,3696.39990234375,168596,TCS,BSE,yfinance,1d
2022-04-12,3680.0,3738.60009765625,3650.050048828125,3691.449951171875,283042,TCS,BSE,yfinance,1d
2022-04-13,3703.0,3710.050048828125,3657.0,3661.300048828125,106056,TCS,BSE,yfinance,1d
2022-04-18,3620.0,3620.0,3524.0,3528.449951171875,183837,TCS,BSE,yfinance,1d
2022-04-19,3550.0,3563.60009765625,3440.0,3474.300048828125,207746,TCS,BSE,yfinance,1d
2022-04-20,3489.75,3569.0,3481.050048828125,3555.949951171875,183652,TCS,BSE,yfinance,1d
2022-04-21,3589.0,3643.0,3568.5,3629.949951171875,42124,TCS,BSE,yfinance,1d
2022-04-22,3580.0,3617.0,3571.199951171875,3611.85009765625,303745,TCS,BSE,yfinance,1d
2022-04-25,3561.10009765625,3583.0,3534.0,3547.699951171875,76976,TCS,BSE,yfinance,1d
2022-04-26,3565.0,3587.300048828125,3520.0,3544.64990234375,71786,TCS,BSE,yfinance,1d
2022-04-27,3540.0,3568.050048828125,3506.0,3561.300048828125,94285,TCS,BSE,yfinance,1d
2022-04-28,3585.0,3603.800048828125,3539.0,3584.0,85289,TCS,BSE,yfinance,1d
2022-04-29,3597.0,3621.949951171875,3537.39990234375,3550.10009765625,47354,TCS,BSE,yfinance,1d
2022-05-02,3513.0,3548.39990234375,3494.0,3542.050048828125,103847,TCS,BSE,yfinance,1d
2022-05-04,3540.0,3545.199951171875,3465.550048828125,3482.449951171875,1062687,TCS,BSE,yfinance,1d
2022-05-05,3506.050048828125,3532.949951171875,3486.60009765625,3513.300048828125,74099,TCS,BSE,yfinance,1d
2022-05-06,3468.449951171875,3474.699951171875,3425.050048828125,3433.0,134551,TCS,BSE,yfinance,1d
2022-05-09,3393.0,3455.5,3348.75,3446.10009765625,185666,TCS,BSE,yfinance,1d
2022-05-10,3440.0,3464.89990234375,3425.0,3437.25,95068,TCS,BSE,yfinance,1d
2022-05-11,3434.0,3447.5,3382.0,3412.89990234375,66515,TCS,BSE,yfinance,1d
2022-05-12,3400.0,3448.39990234375,3350.10009765625,3411.0,158049,TCS,BSE,yfinance,1d
2022-05-13,3441.0,3441.300048828125,3383.14990234375,3413.449951171875,142500,TCS,BSE,yfinance,1d
2022-05-16,3414.0,3429.5,3366.85009765625,3376.64990234375,32081,TCS,BSE,yfinance,1d
2022-05-17,3369.949951171875,3466.39990234375,3351.25,3452.199951171875,37639,TCS,BSE,yfinance,1d
2022-05-18,3460.0,3495.0,3443.050048828125,3449.0,59292,TCS,BSE,yfinance,1d
2022-05-19,3376.0,3402.60009765625,3231.050048828125,3270.699951171875,494805,TCS,BSE,yfinance,1d
2022-05-20,3309.0,3314.0,3271.14990234375,3293.89990234375,137393,TCS,BSE,yfinance,1d
2022-05-23,3315.0,3338.0,3267.050048828125,3320.949951171875,88129,TCS,BSE,yfinance,1d
2022-05-24,3311.0,3320.949951171875,3276.5,3288.050048828125,105893,TCS,BSE,yfinance,1d
2022-05-25,3286.0,3286.550048828125,3155.0,3166.60009765625,235534,TCS,BSE,yfinance,1d
2022-05-26,3190.0,3242.0,3181.0,3228.60009765625,110339,TCS,BSE,yfinance,1d
2022-05-27,3249.0,3278.85009765625,3230.0,3262.199951171875,146145,TCS,BSE,yfinance,1d
2022-05-30,3273.85009765625,3385.800048828125,3273.85009765625,3375.550048828125,117464,TCS,BSE,yfinance,1d
2022-05-31,3355.0,3382.949951171875,3324.10009765625,3364.800048828125,72520,TCS,BSE,yfinance,1d
2022-06-01,3385.0,3388.0,3342.5,3356.5,121714,TCS,BSE,yfinance,1d
2022-06-02,3357.0,3432.25,3350.050048828125,3422.949951171875,104828,TCS,BSE,yfinance,1d
2022-06-03,3454.699951171875,3477.5,3431.550048828125,3438.800048828125,65791,TCS,BSE,yfinance,1d
2022-06-06,3421.0,3453.10009765625,3378.0,3430.25,34827,TCS,BSE,yfinance,1d
2022-06-07,3420.0,3420.0,3356.199951171875,3362.0,26386,TCS,BSE,yfinance,1d
2022-06-08,3372.0,3413.449951171875,3347.0,3403.050048828125,79401,TCS,BSE,yfinance,1d
2022-06-09,3373.0,3436.39990234375,3354.14990234375,3426.550048828125,46081,TCS,BSE,yfinance,1d
2022-06-10,3388.0,3390.14990234375,3352.10009765625,3365.35009765625,116639,TCS,BSE,yfinance,1d
2022-06-13,3291.0,3293.0,3194.0,3220.14990234375,168993,TCS,BSE,yfinance,1d
2022-06-14,3198.0,3238.89990234375,3178.89990234375,3211.25,168330,TCS,BSE,yfinance,1d
2022-06-15,3214.949951171875,3234.0,3201.10009765625,3206.800048828125,87160,TCS,BSE,yfinance,1d
2022-06-16,3237.39990234375,3241.64990234375,3134.0,3142.35009765625,175120,TCS,BSE,yfinance,1d
2022-06-17,3099.64990234375,3110.550048828125,3023.35009765625,3089.25,276257,TCS,BSE,yfinance,1d
2022-06-20,3094.5,3138.60009765625,3069.699951171875,3113.199951171875,94264,TCS,BSE,yfinance,1d
2022-06-21,3128.0,3237.300048828125,3125.0,3212.0,106881,TCS,BSE,yfinance,1d
2022-06-22,3201.0,3249.0,3184.14990234375,3222.0,94514,TCS,BSE,yfinance,1d
2022-06-23,3222.0,3317.0,3222.0,3309.0,371935,TCS,BSE,yfinance,1d
2022-06-24,3344.0,3344.0,3278.0,3292.949951171875,107346,TCS,BSE,yfinance,1d
2022-06-27,3338.0,3361.699951171875,3306.39990234375,3312.64990234375,38084,TCS,BSE,yfinance,1d
2022-06-28,3312.64990234375,3326.25,3274.0,3318.949951171875,31985,TCS,BSE,yfinance,1d
2022-06-29,3270.0,3332.89990234375,3270.0,3291.050048828125,108986,TCS,BSE,yfinance,1d
2022-06-30,3270.0,3310.949951171875,3254.0,3265.25,41813,TCS,BSE,yfinance,1d
2022-07-01,3262.0,3332.449951171875,3252.0,3316.14990234375,34282,TCS,BSE,yfinance,1d
2022-07-04,3315.0,3316.60009765625,3225.800048828125,3234.64990234375,113323,TCS,BSE,yfinance,1d
2022-07-05,3252.0,3272.0,3209.0,3216.14990234375,138816,TCS,BSE,yfinance,1d
2022-07-06,3216.0,3267.89990234375,3202.39990234375,3260.300048828125,101238,TCS,BSE,yfinance,1d
2022-07-07,3269.949951171875,3319.0,3265.0,3286.949951171875,77239,TCS,BSE,yfinance,1d
2022-07-08,3297.0,3300.25,3250.050048828125,3264.85009765625,76501,TCS,BSE,yfinance,1d
2022-07-11,3220.0,3223.050048828125,3105.85009765625,3113.25,202245,TCS,BSE,yfinance,1d
2022-07-12,3125.0,3136.199951171875,3081.0,3084.64990234375,188774,TCS,BSE,yfinance,1d
2022-07-13,3108.5,3109.89990234375,3033.699951171875,3038.550048828125,107114,TCS,BSE,yfinance,1d
2022-07-14,3060.0,3060.0,2968.0,2998.699951171875,167339,TCS,BSE,yfinance,1d
2022-07-15,3015.0,3028.0,2953.0,2993.550048828125,120629,TCS,BSE,yfinance,1d
2022-07-18,3023.39990234375,3076.449951171875,3015.0,3060.35009765625,1742719,TCS,BSE,yfinance,1d
2022-07-19,3026.0,3078.949951171875,3026.0,3075.10009765625,103279,TCS,BSE,yfinance,1d
2022-07-20,3109.449951171875,3170.85009765625,3098.0,3163.949951171875,217944,TCS,BSE,yfinance,1d
2022-07-21,3167.10009765625,3183.550048828125,3144.10009765625,3177.699951171875,51548,TCS,BSE,yfinance,1d
2022-07-22,3180.0,3197.0,3142.10009765625,3171.0,81444,TCS,BSE,yfinance,1d
2022-07-25,3169.0,3185.0,3148.35009765625,3167.300048828125,61457,TCS,BSE,yfinance,1d
2022-07-26,3163.949951171875,3166.949951171875,3096.550048828125,3115.85009765625,96329,TCS,BSE,yfinance,1d
2022-07-27,3102.0,3194.10009765625,3102.0,3188.35009765625,44030,TCS,BSE,yfinance,1d
2022-07-28,3214.89990234375,3264.0,3201.35009765625,3260.199951171875,80279,TCS,BSE,yfinance,1d
2022-07-29,3290.199951171875,3316.60009765625,3276.0,3300.800048828125,55026,TCS,BSE,yfinance,1d
2022-08-01,3327.050048828125,3329.0,3271.0,3299.199951171875,1310532,TCS,BSE,yfinance,1d
2022-08-02,3281.0,3311.449951171875,3272.0,3290.050048828125,75259,TCS,BSE,yfinance,1d
2022-08-03,3289.5,3349.0,3276.699951171875,3339.60009765625,47351,TCS,BSE,yfinance,1d
2022-08-04,3352.0,3387.949951171875,3306.64990234375,3354.14990234375,128302,TCS,BSE,yfinance,1d
2022-08-05,3354.0,3377.0,3354.0,3365.25,25229,TCS,BSE,yfinance,1d
2022-08-08,3361.0,3378.89990234375,3335.5,3373.949951171875,86210,TCS,BSE,yfinance,1d
2022-08-10,3377.10009765625,3380.300048828125,3335.0,3356.0,72060,TCS,BSE,yfinance,1d
2022-08-11,3393.0,3428.0,3377.0,3422.449951171875,124557,TCS,BSE,yfinance,1d
2022-08-12,3420.0,3420.10009765625,3382.0,3399.800048828125,112772,TCS,BSE,yfinance,1d
2022-08-16,3403.050048828125,3413.5,3387.800048828125,3392.949951171875,22937,TCS,BSE,yfinance,1d
2022-08-17,3385.0,3417.0,3371.0,3400.64990234375,111891,TCS,BSE,yfinance,1d
2022-08-18,3399.0,3399.0,3361.699951171875,3381.25,137979,TCS,BSE,yfinance,1d
2022-08-19,3388.0,3421.0,3371.050048828125,3385.25,140465,TCS,BSE,yfinance,1d
2022-08-22,3369.0,3384.449951171875,3347.0,3354.25,96277,TCS,BSE,yfinance,1d
2022-08-23,3324.25,3340.89990234375,3274.550048828125,3283.75,122593,TCS,BSE,yfinance,1d
2022-08-24,3295.0,3307.85009765625,3251.0,3255.35009765625,53777,TCS,BSE,yfinance,1d
2022-08-25,3270.199951171875,3279.949951171875,3213.5,3218.10009765625,91523,TCS,BSE,yfinance,1d
2022-08-26,3234.85009765625,3257.0,3218.10009765625,3221.64990234375,28323,TCS,BSE,yfinance,1d
2022-08-29,3145.0,3145.0,3081.300048828125,3133.699951171875,114608,TCS,BSE,yfinance,1d
2022-08-30,3148.0,3226.949951171875,3143.199951171875,3211.60009765625,117816,TCS,BSE,yfinance,1d
2022-09-01,3189.60009765625,3189.60009765625,3121.199951171875,3131.550048828125,431542,TCS,BSE,yfinance,1d
2022-09-02,3160.0,3161.39990234375,3121.5,3129.64990234375,108411,TCS,BSE,yfinance,1d
2022-09-05,3129.64990234375,3147.449951171875,3113.5,3132.85009765625,224678,TCS,BSE,yfinance,1d
2022-09-06,3134.199951171875,3140.949951171875,3106.10009765625,3128.85009765625,67799,TCS,BSE,yfinance,1d
2022-09-07,3117.0,3160.89990234375,3102.0,3151.10009765625,105750,TCS,BSE,yfinance,1d
2022-09-08,3164.0,3183.699951171875,3160.449951171875,3169.85009765625,96753,TCS,BSE,yfinance,1d
2022-09-09,3190.300048828125,3232.0,3168.85009765625,3217.300048828125,197742,TCS,BSE,yfinance,1d
2022-09-12,3233.85009765625,3268.699951171875,3226.75,3241.300048828125,90748,TCS,BSE,yfinance,1d
2022-09-13,3260.0,3263.14990234375,3225.0,3229.39990234375,129890,TCS,BSE,yfinance,1d
2022-09-14,3135.0,3142.0,3114.75,3120.85009765625,373125,TCS,BSE,yfinance,1d
2022-09-15,3127.0,3140.64990234375,3101.0,3104.35009765625,192170,TCS,BSE,yfinance,1d
2022-09-16,3088.0,3097.949951171875,3001.0,3008.64990234375,352662,TCS,BSE,yfinance,1d
2022-09-19,3025.0,3042.949951171875,2988.35009765625,3028.550048828125,855360,TCS,BSE,yfinance,1d
2022-09-20,3050.0,3079.89990234375,3031.0,3041.39990234375,112804,TCS,BSE,yfinance,1d
2022-09-21,3029.0,3040.800048828125,3000.0,3001.75,124329,TCS,BSE,yfinance,1d
2022-09-22,2986.14990234375,3029.949951171875,2980.0,3007.60009765625,148264,TCS,BSE,yfinance,1d
2022-09-23,3006.10009765625,3021.949951171875,2980.10009765625,2982.800048828125,145153,TCS,BSE,yfinance,1d
2022-09-26,2978.0,3024.5,2926.0,2994.75,181320,TCS,BSE,yfinance,1d
2022-09-27,3014.449951171875,3025.0,2976.0,3018.64990234375,152031,TCS,BSE,yfinance,1d
2022-09-28,2980.0,3049.0,2980.0,3037.35009765625,129003,TCS,BSE,yfinance,1d
2022-09-29,3042.0,3052.5,2990.699951171875,2997.35009765625,116665,TCS,BSE,yfinance,1d
2022-09-30,2995.0,3019.0,2950.10009765625,3004.60009765625,167509,TCS,BSE,yfinance,1d
2022-10-03,3004.60009765625,3020.449951171875,2973.85009765625,2985.699951171875,161101,TCS,BSE,yfinance,1d
2022-10-04,3020.0,3097.5,3020.0,3092.5,113230,TCS,BSE,yfinance,1d
2022-10-06,3103.0,3124.10009765625,3092.5,3104.699951171875,185886,TCS,BSE,yfinance,1d
2022-10-07,3099.0,3104.85009765625,3059.0,3064.949951171875,190047,TCS,BSE,yfinance,1d
2022-10-10,3013.10009765625,3129.89990234375,3013.050048828125,3121.199951171875,227444,TCS,BSE,yfinance,1d
2022-10-11,3100.0,3144.550048828125,3054.75,3068.949951171875,1428966,TCS,BSE,yfinance,1d
2022-10-12,3093.800048828125,3110.0,3063.25,3100.75,77306,TCS,BSE,yfinance,1d
2022-10-13,3104.60009765625,3110.0,3053.300048828125,3101.050048828125,123897,TCS,BSE,yfinance,1d
2022-10-14,3136.0,3149.0,3071.050048828125,3097.64990234375,127684,TCS,BSE,yfinance,1d
2022-10-17,3082.0,3127.5,3072.550048828125,3111.64990234375,1207533,TCS,BSE,yfinance,1d
2022-10-18,3145.0,3153.550048828125,3128.89990234375,3143.75,41737,TCS,BSE,yfinance,1d
2022-10-19,3139.85009765625,3153.35009765625,3112.550048828125,3120.75,50767,TCS,BSE,yfinance,1d
2022-10-20,3112.0,3160.0,3104.5,3154.85009765625,35915,TCS,BSE,yfinance,1d
2022-10-21,3154.85009765625,3159.0,3127.64990234375,3139.39990234375,93476,TCS,BSE,yfinance,1d
2022-10-24,3160.0,3178.0,3155.0,3161.949951171875,42704,TCS,BSE,yfinance,1d
2022-10-25,3180.0,3183.949951171875,3150.85009765625,3161.800048828125,142516,TCS,BSE,yfinance,1d
2022-10-27,3159.0,3173.35009765625,3134.60009765625,3156.14990234375,42161,TCS,BSE,yfinance,1d
2022-10-28,3156.14990234375,3178.39990234375,3147.050048828125,3162.949951171875,36819,TCS,BSE,yfinance,1d
2022-10-31,3193.0,3199.300048828125,3178.449951171875,3193.050048828125,80343,TCS,BSE,yfinance,1d
2022-11-01,3209.0,3261.64990234375,3205.050048828125,3259.60009765625,52959,TCS,BSE,yfinance,1d
2022-11-02,3270.0,3270.0,3222.14990234375,3242.75,146673,TCS,BSE,yfinance,1d
2022-11-03,3225.0,3225.449951171875,3195.0,3207.14990234375,1567293,TCS,BSE,yfinance,1d
2022-11-04,3207.14990234375,3220.0,3168.0,3216.300048828125,112298,TCS,BSE,yfinance,1d
2022-11-07,3225.0,3242.0,3196.14990234375,3234.25,121301,TCS,BSE,yfinance,1d
2022-11-09,3236.0,3245.60009765625,3202.0,3215.949951171875,107468,TCS,BSE,yfinance,1d
2022-11-10,3175.0,3225.14990234375,3172.39990234375,3206.0,114990,TCS,BSE,yfinance,1d
2022-11-11,3262.0,3341.25,3253.60009765625,3316.10009765625,308454,TCS,BSE,yfinance,1d
2022-11-14,3321.0,3349.0,3307.300048828125,3334.050048828125,145040,TCS,BSE,yfinance,1d
2022-11-15,3325.0,3341.14990234375,3291.800048828125,3332.64990234375,132868,TCS,BSE,yfinance,1d
2022-11-16,3334.0,3367.0,3322.050048828125,3354.050048828125,196455,TCS,BSE,yfinance,1d
2022-11-17,3343.0,3358.64990234375,3318.300048828125,3351.39990234375,46877,TCS,BSE,yfinance,1d
2022-11-18,3346.0,3361.39990234375,3321.14990234375,3341.800048828125,138271,TCS,BSE,yfinance,1d
2022-11-21,3330.0,3332.199951171875,3274.699951171875,3282.300048828125,26113,TCS,BSE,yfinance,1d
2022-11-22,3272.0,3318.949951171875,3255.050048828125,3314.25,23411,TCS,BSE,yfinance,1d
2022-11-23,3330.0,3330.0,3290.75,3310.39990234375,73213,TCS,BSE,yfinance,1d
2022-11-24,3315.0,3392.0,3307.050048828125,3378.5,150131,TCS,BSE,yfinance,1d
2022-11-25,3378.0,3402.0,3348.0,3388.85009765625,80720,TCS,BSE,yfinance,1d
2022-11-28,3371.0,3416.199951171875,3365.0,3397.39990234375,95814,TCS,BSE,yfinance,1d
2022-11-29,3380.25,3428.0,3380.25,3397.10009765625,166776,TCS,BSE,yfinance,1d
2022-11-30,3390.0,3413.14990234375,3375.050048828125,3392.39990234375,32178,TCS,BSE,yfinance,1d
2022-12-01,3421.0,3479.64990234375,3421.0,3475.10009765625,261887,TCS,BSE,yfinance,1d
2022-12-02,3460.0,3468.0,3414.0,3439.25,83358,TCS,BSE,yfinance,1d
2022-12-05,3424.0,3435.85009765625,3407.300048828125,3425.0,77725,TCS,BSE,yfinance,1d
2022-12-06,3400.0,3407.85009765625,3367.85009765625,3384.35009765625,50436,TCS,BSE,yfinance,1d
2022-12-07,3367.0,3394.64990234375,3354.050048828125,3380.60009765625,45278,TCS,BSE,yfinance,1d
2022-12-08,3374.0,3374.0,3339.050048828125,3350.300048828125,106443,TCS,BSE,yfinance,1d
2022-12-09,3366.0,3372.0,3277.0,3292.64990234375,68806,TCS,BSE,yfinance,1d
2022-12-12,3250.0,3295.0,3236.35009765625,3284.5,80179,TCS,BSE,yfinance,1d
2022-12-13,3280.199951171875,3339.39990234375,3269.0,3331.89990234375,36869,TCS,BSE,yfinance,1d
2022-12-14,3341.0,3378.050048828125,3341.0,3364.699951171875,39334,TCS,BSE,yfinance,1d
2022-12-15,3364.0,3364.0,3300.0,3304.550048828125,56212,TCS,BSE,yfinance,1d
2022-12-16,3280.0,3291.10009765625,3225.10009765625,3238.10009765625,66727,TCS,BSE,yfinance,1d
2022-12-19,3234.0,3246.0,3195.0,3201.60009765625,90877,TCS,BSE,yfinance,1d
2022-12-20,3201.0,3248.050048828125,3164.0,3242.89990234375,28562,TCS,BSE,yfinance,1d
2022-12-21,3249.0,3283.0,3239.35009765625,3267.14990234375,91096,TCS,BSE,yfinance,1d
2022-12-22,3288.0,3290.949951171875,3244.60009765625,3258.699951171875,41242,TCS,BSE,yfinance,1d
2022-12-23,3235.10009765625,3265.85009765625,3218.699951171875,3227.300048828125,88714,TCS,BSE,yfinance,1d
2022-12-26,3225.0,3271.949951171875,3225.0,3255.85009765625,18484,TCS,BSE,yfinance,1d
2022-12-27,3265.0,3273.949951171875,3230.60009765625,3259.050048828125,34548,TCS,BSE,yfinance,1d
2022-12-28,3245.0,3266.949951171875,3226.800048828125,3256.300048828125,41409,TCS,BSE,yfinance,1d
2022-12-29,3233.0,3271.0,3229.050048828125,3269.25,52967,TCS,BSE,yfinance,1d
2022-12-30,3285.0,3299.050048828125,3246.75,3259.25,182089,TCS,BSE,yfinance,1d
2023-01-02,3265.0,3267.0,3235.85009765625,3260.64990234375,72106,TCS,BSE,yfinance,1d
2023-01-03,3260.0,3319.550048828125,3247.699951171875,3310.85009765625,45996,TCS,BSE,yfinance,1d
2023-01-04,3304.0,3326.85009765625,3286.85009765625,3314.050048828125,42280,TCS,BSE,yfinance,1d
2023-01-05,3330.0,3336.10009765625,3283.10009765625,3310.35009765625,54074,TCS,BSE,yfinance,1d
2023-01-06,3300.0,3300.050048828125,3200.0,3212.0,91907,TCS,BSE,yfinance,1d
2023-01-09,3243.89990234375,3327.800048828125,3215.300048828125,3319.699951171875,169062,TCS,BSE,yfinance,1d
2023-01-10,3290.0,3292.5,3231.0,3286.199951171875,94932,TCS,BSE,yfinance,1d
2023-01-11,3289.0,3349.0,3272.0,3328.85009765625,72414,TCS,BSE,yfinance,1d
2023-01-12,3333.0,3350.0,3316.0,3334.60009765625,83856,TCS,BSE,yfinance,1d
2023-01-13,3349.0,3379.10009765625,3305.199951171875,3374.199951171875,98757,TCS,BSE,yfinance,1d
2023-01-16,3320.0,3352.39990234375,3298.75,3334.39990234375,64489,TCS,BSE,yfinance,1d
2023-01-17,3334.0,3383.0,3319.75,3378.85009765625,121563,TCS,BSE,yfinance,1d
2023-01-18,3373.550048828125,3407.64990234375,3371.0,3390.550048828125,107557,TCS,BSE,yfinance,1d
2023-01-19,3380.0,3387.10009765625,3360.550048828125,3372.39990234375,77208,TCS,BSE,yfinance,1d
2023-01-20,3369.699951171875,3393.800048828125,3356.199951171875,3361.64990234375,46357,TCS,BSE,yfinance,1d
2023-01-23,3375.300048828125,3418.0,3358.0,3414.0,46966,TCS,BSE,yfinance,1d
2023-01-24,3423.0,3451.75,3416.10009765625,3435.85009765625,55283,TCS,BSE,yfinance,1d
2023-01-25,3425.0,3435.949951171875,3405.699951171875,3431.550048828125,39744,TCS,BSE,yfinance,1d
2023-01-27,3430.0,3447.0,3382.14990234375,3410.39990234375,91518,TCS,BSE,yfinance,1d
2023-01-30,3413.550048828125,3457.949951171875,3387.14990234375,3435.39990234375,59893,TCS,BSE,yfinance,1d
2023-01-31,3442.050048828125,3444.85009765625,3347.699951171875,3357.449951171875,79115,TCS,BSE,yfinance,1d
2023-02-01,3380.0,3418.0,3355.60009765625,3407.64990234375,43182,TCS,BSE,yfinance,1d
2023-02-02,3407.050048828125,3468.300048828125,3407.050048828125,3461.949951171875,48456,TCS,BSE,yfinance,1d
2023-02-03,3492.60009765625,3498.0,3452.449951171875,3481.85009765625,125650,TCS,BSE,yfinance,1d
2023-02-06,3475.0,3475.0,3437.0,3460.0,21416,TCS,BSE,yfinance,1d
2023-02-07,3464.0,3492.0,3460.14990234375,3470.64990234375,80033,TCS,BSE,yfinance,1d
2023-02-08,3472.0,3539.5,3472.0,3518.699951171875,50900,TCS,BSE,yfinance,1d
2023-02-09,3518.699951171875,3547.949951171875,3504.0,3541.14990234375,32844,TCS,BSE,yfinance,1d
2023-02-10,3512.050048828125,3541.14990234375,3506.64990234375,3535.449951171875,48411,TCS,BSE,yfinance,1d
2023-02-13,3548.0,3548.0,3475.0,3482.75,26143,TCS,BSE,yfinance,1d
2023-02-14,3499.0,3524.199951171875,3496.10009765625,3499.14990234375,141270,TCS,BSE,yfinance,1d
2023-02-15,3490.0,3525.0,3460.449951171875,3518.89990234375,30042,TCS,BSE,yfinance,1d
2023-02-16,3530.0,3575.0,3526.0,3553.949951171875,57676,TCS,BSE,yfinance,1d
2023-02-17,3525.0,3536.75,3489.949951171875,3499.64990234375,50877,TCS,BSE,yfinance,1d
2023-02-20,3506.0,3522.0,3475.199951171875,3486.10009765625,43050,TCS,BSE,yfinance,1d
2023-02-21,3489.0,3507.949951171875,3445.0,3449.39990234375,102243,TCS,BSE,yfinance,1d
2023-02-22,3424.89990234375,3447.550048828125,3395.10009765625,3400.550048828125,41593,TCS,BSE,yfinance,1d
2023-02-23,3410.5,3453.75,3408.0,3414.10009765625,41914,TCS,BSE,yfinance,1d
2023-02-24,3421.199951171875,3434.0,3382.550048828125,3400.050048828125,35329,TCS,BSE,yfinance,1d
2023-02-27,3397.89990234375,3397.89990234375,3317.300048828125,3331.85009765625,30683,TCS,BSE,yfinance,1d
2023-02-28,3331.85009765625,3392.0,3300.050048828125,3314.14990234375,56090,TCS,BSE,yfinance,1d
2023-03-01,3326.5,3389.050048828125,3320.0,3385.85009765625,48789,TCS,BSE,yfinance,1d
2023-03-02,3369.949951171875,3369.949951171875,3318.0,3321.14990234375,48727,TCS,BSE,yfinance,1d
2023-03-03,3360.0,3360.0,3331.0,3342.75,15677,TCS,BSE,yfinance,1d
2023-03-06,3356.0,3404.0,3356.0,3371.5,57870,TCS,BSE,yfinance,1d
2023-03-08,3361.0,3395.0,3331.699951171875,3389.699951171875,30873,TCS,BSE,yfinance,1d
2023-03-09,3389.699951171875,3389.699951171875,3329.0,3337.449951171875,48171,TCS,BSE,yfinance,1d
2023-03-10,3311.0,3337.0,3295.0,3331.050048828125,54663,TCS,BSE,yfinance,1d
2023-03-13,3331.050048828125,3369.25,3272.0,3282.39990234375,81352,TCS,BSE,yfinance,1d
2023-03-14,3275.550048828125,3304.0,3210.0,3216.85009765625,240605,TCS,BSE,yfinance,1d
2023-03-15,3242.550048828125,3261.199951171875,3191.0,3198.75,95877,TCS,BSE,yfinance,1d
2023-03-16,3196.0,3219.0,3171.449951171875,3184.75,52784,TCS,BSE,yfinance,1d
2023-03-17,3151.0,3220.0,3145.0,3178.949951171875,269767,TCS,BSE,yfinance,1d
2023-03-20,3173.5,3173.5,3096.10009765625,3141.199951171875,52684,TCS,BSE,yfinance,1d
2023-03-21,3145.0,3155.0,3097.0,3105.89990234375,34240,TCS,BSE,yfinance,1d
2023-03-22,3121.35009765625,3143.60009765625,3106.10009765625,3130.699951171875,33080,TCS,BSE,yfinance,1d
2023-03-23,3117.0,3144.0,3100.800048828125,3124.0,26541,TCS,BSE,yfinance,1d
2023-03-24,3145.0,3169.699951171875,3108.800048828125,3121.449951171875,34882,TCS,BSE,yfinance,1d
2023-03-27,3123.85009765625,3151.949951171875,3105.85009765625,3120.10009765625,77555,TCS,BSE,yfinance,1d
2023-03-28,3122.0,3145.35009765625,3110.0,3115.5,31013,TCS,BSE,yfinance,1d
2023-03-29,3125.0,3149.0,3105.0,3138.10009765625,25771,TCS,BSE,yfinance,1d
2023-03-31,3191.0,3214.0,3153.0,3205.800048828125,39813,TCS,BSE,yfinance,1d
2023-04-03,3225.0,3225.0,3175.0,3199.25,29210,TCS,BSE,yfinance,1d
2023-04-05,3190.0,3263.60009765625,3185.75,3236.800048828125,188173,TCS,BSE,yfinance,1d
2023-04-06,3227.5,3256.89990234375,3216.699951171875,3221.699951171875,139159,TCS,BSE,yfinance,1d
2023-04-10,3217.0,3271.0,3215.550048828125,3263.199951171875,101932,TCS,BSE,yfinance,1d
2023-04-11,3275.0,3275.0,3193.199951171875,3214.25,103589,TCS,BSE,yfinance,1d
2023-04-12,3218.0,3259.949951171875,3200.0,3242.10009765625,126563,TCS,BSE,yfinance,1d
2023-04-13,3210.050048828125,3226.0,3181.050048828125,3189.85009765625,232961,TCS,BSE,yfinance,1d
2023-04-17,3150.0,3163.35009765625,3070.300048828125,3139.60009765625,191858,TCS,BSE,yfinance,1d
2023-04-18,3148.050048828125,3155.800048828125,3111.300048828125,3131.300048828125,151970,TCS,BSE,yfinance,1d
2023-04-19,3126.0,3132.050048828125,3072.35009765625,3088.699951171875,185687,TCS,BSE,yfinance,1d
2023-04-20,3100.0,3112.949951171875,3079.0,3104.449951171875,76175,TCS,BSE,yfinance,1d
2023-04-21,3101.0,3165.75,3101.0,3161.64990234375,58734,TCS,BSE,yfinance,1d
2023-04-24,3151.0,3180.60009765625,3126.60009765625,3174.14990234375,122196,TCS,BSE,yfinance,1d
2023-04-25,3180.0,3190.85009765625,3148.89990234375,3175.300048828125,76223,TCS,BSE,yfinance,1d
2023-04-26,3176.0,3207.0,3176.0,3199.699951171875,40943,TCS,BSE,yfinance,1d
2023-04-27,3200.0,3200.0,3171.0,3187.10009765625,80128,TCS,BSE,yfinance,1d
2023-04-28,3208.0,3227.199951171875,3197.14990234375,3216.0,51644,TCS,BSE,yfinance,1d
2023-05-02,3217.0,3232.10009765625,3211.0,3219.199951171875,69567,TCS,BSE,yfinance,1d
2023-05-03,3209.050048828125,3215.75,3174.050048828125,3180.300048828125,53799,TCS,BSE,yfinance,1d
2023-05-04,3191.949951171875,3224.5,3181.0,3220.35009765625,74186,TCS,BSE,yfinance,1d
2023-05-05,3220.300048828125,3242.89990234375,3210.0,3230.85009765625,23445,TCS,BSE,yfinance,1d
2023-05-08,3230.85009765625,3253.0,3230.85009765625,3249.949951171875,53011,TCS,BSE,yfinance,1d
2023-05-09,3247.0,3298.199951171875,3246.5,3283.89990234375,23799,TCS,BSE,yfinance,1d
2023-05-10,3288.0,3306.300048828125,3268.0,3285.949951171875,62216,TCS,BSE,yfinance,1d
2023-05-11,3306.0,3309.0,3272.5,3281.5,22830,TCS,BSE,yfinance,1d
2023-05-12,3281.5,3290.0,3259.35009765625,3273.75,19204,TCS,BSE,yfinance,1d
2023-05-15,3280.5,3292.75,3249.14990234375,3253.14990234375,20898,TCS,BSE,yfinance,1d
2023-05-16,3262.0,3283.89990234375,3250.75,3257.0,20043,TCS,BSE,yfinance,1d
2023-05-17,3251.0,3272.449951171875,3198.64990234375,3209.10009765625,21459,TCS,BSE,yfinance,1d
2023-05-18,3215.050048828125,3225.85009765625,3196.0,3199.949951171875,58500,TCS,BSE,yfinance,1d
2023-05-19,3204.0,3233.949951171875,3202.10009765625,3221.75,38600,TCS,BSE,yfinance,1d
2023-05-22,3222.85009765625,3308.0,3218.14990234375,3297.949951171875,37822,TCS,BSE,yfinance,1d
2023-05-23,3308.0,3328.949951171875,3290.449951171875,3295.699951171875,32867,TCS,BSE,yfinance,1d
2023-05-24,3268.0,3317.35009765625,3268.0,3301.050048828125,11292,TCS,BSE,yfinance,1d
2023-05-25,3290.0,3305.64990234375,3267.85009765625,3294.75,30397,TCS,BSE,yfinance,1d
2023-05-26,3288.050048828125,3339.0,3288.050048828125,3329.0,66787,TCS,BSE,yfinance,1d
2023-05-29,3355.0,3372.949951171875,3312.85009765625,3319.449951171875,62538,TCS,BSE,yfinance,1d
2023-05-30,3317.0,3326.300048828125,3302.0,3314.800048828125,39929,TCS,BSE,yfinance,1d
2023-05-31,3314.800048828125,3327.550048828125,3271.0,3291.0,28339,TCS,BSE,yfinance,1d
2023-06-01,3310.0,3339.800048828125,3295.0,3323.300048828125,62779,TCS,BSE,yfinance,1d
2023-06-02,3316.199951171875,3336.75,3296.60009765625,3304.39990234375,22900,TCS,BSE,yfinance,1d
2023-06-05,3313.0,3325.85009765625,3285.0,3289.60009765625,35207,TCS,BSE,yfinance,1d
2023-06-06,3289.0,3289.0,3221.39990234375,3234.14990234375,150482,TCS,BSE,yfinance,1d
2023-06-07,3237.050048828125,3278.800048828125,3237.050048828125,3274.60009765625,109708,TCS,BSE,yfinance,1d
2023-06-08,3269.949951171875,3270.0,3233.10009765625,3236.14990234375,63206,TCS,BSE,yfinance,1d
2023-06-09,3245.050048828125,3249.949951171875,3207.0,3210.449951171875,137471,TCS,BSE,yfinance,1d
2023-06-12,3210.050048828125,3254.300048828125,3210.050048828125,3248.550048828125,95226,TCS,BSE,yfinance,1d
2023-06-13,3256.0,3265.0,3240.60009765625,3243.800048828125,111746,TCS,BSE,yfinance,1d
2023-06-14,3241.050048828125,3255.75,3226.0,3251.75,120224,TCS,BSE,yfinance,1d
2023-06-15,3240.050048828125,3245.449951171875,3211.0,3216.25,133137,TCS,BSE,yfinance,1d
2023-06-16,3203.949951171875,3203.949951171875,3156.199951171875,3175.25,151310,TCS,BSE,yfinance,1d
2023-06-19,3175.300048828125,3215.0,3173.0,3209.64990234375,88241,TCS,BSE,yfinance,1d
2023-06-20,3214.0,3232.0,3201.60009765625,3227.199951171875,55192,TCS,BSE,yfinance,1d
2023-06-21,3240.050048828125,3261.0,3224.5,3257.449951171875,34640,TCS,BSE,yfinance,1d
2023-06-22,3265.949951171875,3267.0,3231.85009765625,3238.85009765625,85493,TCS,BSE,yfinance,1d
2023-06-23,3236.0,3247.0,3209.0,3217.449951171875,169294,TCS,BSE,yfinance,1d
2023-06-26,3202.0,3210.25,3172.449951171875,3189.89990234375,115935,TCS,BSE,yfinance,1d
2023-06-27,3200.0,3209.699951171875,3183.0,3196.60009765625,66914,TCS,BSE,yfinance,1d
2023-06-28,3203.050048828125,3231.0,3193.199951171875,3214.75,46412,TCS,BSE,yfinance,1d
2023-06-30,3215.0,3309.60009765625,3215.0,3300.5,128775,TCS,BSE,yfinance,1d
2023-07-03,3306.699951171875,3318.64990234375,3267.0,3271.39990234375,45336,TCS,BSE,yfinance,1d
2023-07-04,3294.0,3314.85009765625,3275.0,3308.0,37920,TCS,BSE,yfinance,1d
2023-07-05,3312.050048828125,3329.0,3305.0,3320.5,27434,TCS,BSE,yfinance,1d
2023-07-06,3300.0,3327.0,3300.0,3322.85009765625,60702,TCS,BSE,yfinance,1d
2023-07-07,3300.85009765625,3356.39990234375,3300.85009765625,3325.699951171875,60304,TCS,BSE,yfinance,1d
2023-07-10,3326.10009765625,3326.10009765625,3265.0,3272.300048828125,37435,TCS,BSE,yfinance,1d
2023-07-11,3294.0,3294.0,3261.0,3271.85009765625,82603,TCS,BSE,yfinance,1d
2023-07-12,3275.14990234375,3290.35009765625,3250.0,3260.199951171875,31535,TCS,BSE,yfinance,1d
2023-07-13,3276.0,3366.0,3273.050048828125,3340.64990234375,268661,TCS,BSE,yfinance,1d
2023-07-14,3360.300048828125,3524.0,3352.050048828125,3512.0,392060,TCS,BSE,yfinance,1d
2023-07-17,3512.0,3549.0,3477.5,3491.949951171875,76509,TCS,BSE,yfinance,1d
2023-07-18,3486.0,3525.0,3464.0,3499.800048828125,81733,TCS,BSE,yfinance,1d
2023-07-19,3495.050048828125,3516.0,3446.199951171875,3471.0,94660,TCS,BSE,yfinance,1d
2023-07-20,3457.0,3478.5,3436.0,3462.35009765625,72310,TCS,BSE,yfinance,1d
2023-07-21,3423.949951171875,3435.0,3357.699951171875,3369.60009765625,88718,TCS,BSE,yfinance,1d
2023-07-24,3374.0,3413.39990234375,3371.0,3394.199951171875,71143,TCS,BSE,yfinance,1d
2023-07-25,3394.199951171875,3406.75,3382.0,3399.050048828125,17319,TCS,BSE,yfinance,1d
2023-07-26,3385.050048828125,3421.75,3384.89990234375,3387.0,21902,TCS,BSE,yfinance,1d
2023-07-27,3385.050048828125,3410.75,3385.050048828125,3396.14990234375,36192,TCS,BSE,yfinance,1d
2023-07-28,3389.85009765625,3389.85009765625,3331.0,3355.35009765625,97335,TCS,BSE,yfinance,1d
2023-07-31,3356.050048828125,3426.0,3356.050048828125,3421.10009765625,29183,TCS,BSE,yfinance,1d
2023-08-01,3408.14990234375,3461.0,3408.14990234375,3450.85009765625,28181,TCS,BSE,yfinance,1d
2023-08-02,3417.60009765625,3446.699951171875,3415.0,3440.64990234375,59774,TCS,BSE,yfinance,1d
2023-08-03,3425.0,3432.699951171875,3367.300048828125,3399.699951171875,89034,TCS,BSE,yfinance,1d
2023-08-04,3391.10009765625,3470.14990234375,3391.10009765625,3442.300048828125,73311,TCS,BSE,yfinance,1d
2023-08-07,3443.0,3487.75,3442.0,3483.75,48564,TCS,BSE,yfinance,1d
2023-08-08,3483.85009765625,3487.5,3457.10009765625,3469.85009765625,81770,TCS,BSE,yfinance,1d
2023-08-09,3469.0,3469.0,3425.0,3464.0,53047,TCS,BSE,yfinance,1d
2023-08-10,3444.050048828125,3455.0,3431.0,3443.449951171875,85997,TCS,BSE,yfinance,1d
2023-08-11,3440.0,3466.39990234375,3415.0,3449.35009765625,121004,TCS,BSE,yfinance,1d
2023-08-14,3425.050048828125,3454.5,3410.300048828125,3449.85009765625,88531,TCS,BSE,yfinance,1d
2023-08-16,3455.0,3465.050048828125,3434.0,3457.550048828125,38718,TCS,BSE,yfinance,1d
2023-08-17,3457.550048828125,3461.0,3414.0,3441.35009765625,62318,TCS,BSE,yfinance,1d
2023-08-18,3411.300048828125,3412.5,3350.0,3367.64990234375,584952,TCS,BSE,yfinance,1d
2023-08-21,3367.0,3409.0,3366.949951171875,3401.75,62020,TCS,BSE,yfinance,1d
2023-08-22,3401.75,3410.0,3366.0,3383.25,69816,TCS,BSE,yfinance,1d
2023-08-23,3383.300048828125,3401.89990234375,3375.89990234375,3399.449951171875,130854,TCS,BSE,yfinance,1d
2023-08-24,3405.0,3413.550048828125,3378.35009765625,3388.800048828125,101202,TCS,BSE,yfinance,1d
2023-08-25,3375.0,3385.0,3350.0,3380.60009765625,155554,TCS,BSE,yfinance,1d
2023-08-28,3386.050048828125,3391.800048828125,3360.0,3375.0,82413,TCS,BSE,yfinance,1d
2023-08-29,3376.050048828125,3389.39990234375,3366.0,3377.64990234375,63180,TCS,BSE,yfinance,1d
2023-08-30,3390.0,3408.64990234375,3382.050048828125,3390.050048828125,116058,TCS,BSE,yfinance,1d
2023-08-31,3392.199951171875,3416.5,3345.0,3357.050048828125,25911,TCS,BSE,yfinance,1d
2023-09-01,3359.050048828125,3389.0,3357.050048828125,3379.199951171875,47394,TCS,BSE,yfinance,1d
2023-09-04,3371.050048828125,3432.550048828125,3370.050048828125,3417.85009765625,36795,TCS,BSE,yfinance,1d
2023-09-05,3417.85009765625,3447.0,3406.0,3427.85009765625,41368,TCS,BSE,yfinance,1d
2023-09-06,3429.550048828125,3443.60009765625,3400.0,3429.85009765625,36225,TCS,BSE,yfinance,1d
2023-09-07,3445.949951171875,3462.0,3423.0,3455.550048828125,37771,TCS,BSE,yfinance,1d
2023-09-08,3445.050048828125,3463.5,3435.10009765625,3443.25,189880,TCS,BSE,yfinance,1d
2023-09-11,3451.14990234375,3484.5,3445.10009765625,3479.35009765625,93745,TCS,BSE,yfinance,1d
2023-09-12,3485.050048828125,3589.85009765625,3484.050048828125,3580.60009765625,102261,TCS,BSE,yfinance,1d
2023-09-13,3562.550048828125,3588.0,3545.050048828125,3565.550048828125,36826,TCS,BSE,yfinance,1d
2023-09-14,3567.85009765625,3597.64990234375,3546.050048828125,3559.14990234375,24854,TCS,BSE,yfinance,1d
2023-09-15,3562.0,3606.5,3562.0,3599.85009765625,49097,TCS,BSE,yfinance,1d
2023-09-18,3583.949951171875,3618.949951171875,3574.050048828125,3604.89990234375,85875,TCS,BSE,yfinance,1d
2023-09-20,3561.050048828125,3625.0,3561.050048828125,3606.550048828125,32742,TCS,BSE,yfinance,1d
2023-09-21,3590.0,3604.25,3528.10009765625,3583.949951171875,103196,TCS,BSE,yfinance,1d
2023-09-22,3580.050048828125,3633.050048828125,3564.550048828125,3602.64990234375,32498,TCS,BSE,yfinance,1d
2023-09-25,3599.89990234375,3611.0,3560.050048828125,3577.449951171875,84429,TCS,BSE,yfinance,1d
2023-09-26,3577.39990234375,3593.10009765625,3536.35009765625,3583.14990234375,113520,TCS,BSE,yfinance,1d
2023-09-27,3595.949951171875,3613.0,3555.60009765625,3587.64990234375,26350,TCS,BSE,yfinance,1d
2023-09-28,3599.949951171875,3602.550048828125,3528.800048828125,3537.25,374575,TCS,BSE,yfinance,1d
2023-09-29,3535.0,3568.0,3506.0,3530.75,83502,TCS,BSE,yfinance,1d
2023-10-03,3531.050048828125,3534.75,3480.0,3515.25,110749,TCS,BSE,yfinance,1d
2023-10-04,3485.60009765625,3546.0,3477.0,3536.64990234375,282695,TCS,BSE,yfinance,1d
2023-10-05,3557.949951171875,3624.0,3553.64990234375,3589.10009765625,64884,TCS,BSE,yfinance,1d
2023-10-06,3590.0,3634.25,3576.949951171875,3620.199951171875,251185,TCS,BSE,yfinance,1d
2023-10-09,3654.0,3680.0,3630.0,3637.25,136192,TCS,BSE,yfinance,1d
2023-10-10,3639.949951171875,3650.0,3601.89990234375,3629.199951171875,57937,TCS,BSE,yfinance,1d
2023-10-11,3664.0,3664.0,3606.0,3610.199951171875,530680,TCS,BSE,yfinance,1d
2023-10-12,3585.0,3588.75,3539.0,3542.25,205521,TCS,BSE,yfinance,1d
2023-10-13,3529.949951171875,3579.199951171875,3525.0,3570.300048828125,326628,TCS,BSE,yfinance,1d
2023-10-16,3564.949951171875,3574.949951171875,3517.75,3524.14990234375,41613,TCS,BSE,yfinance,1d
2023-10-17,3536.949951171875,3536.949951171875,3503.35009765625,3506.64990234375,79395,TCS,BSE,yfinance,1d
2023-10-18,3507.10009765625,3523.550048828125,3485.0,3487.14990234375,35991,TCS,BSE,yfinance,1d
2023-10-19,3473.949951171875,3478.35009765625,3451.85009765625,3454.75,216685,TCS,BSE,yfinance,1d
2023-10-20,3454.699951171875,3500.449951171875,3444.050048828125,3494.25,391507,TCS,BSE,yfinance,1d
2023-10-23,3475.0,3480.10009765625,3401.699951171875,3409.0,26553,TCS,BSE,yfinance,1d
2023-10-25,3399.949951171875,3425.89990234375,3377.0,3389.85009765625,32271,TCS,BSE,yfinance,1d
2023-10-26,3369.85009765625,3372.5,3330.39990234375,3337.75,155481,TCS,BSE,yfinance,1d
2023-10-27,3357.89990234375,3363.050048828125,3338.5,3350.550048828125,342615,TCS,BSE,yfinance,1d
2023-10-30,3354.0,3382.89990234375,3333.25,3378.949951171875,17188,TCS,BSE,yfinance,1d
2023-10-31,3386.050048828125,3398.300048828125,3350.550048828125,3368.199951171875,47077,TCS,BSE,yfinance,1d
2023-11-01,3354.75,3371.89990234375,3313.0,3332.550048828125,16067,TCS,BSE,yfinance,1d
2023-11-02,3341.550048828125,3375.0,3341.550048828125,3359.949951171875,39442,TCS,BSE,yfinance,1d
2023-11-03,3387.39990234375,3387.39990234375,3345.949951171875,3350.85009765625,124559,TCS,BSE,yfinance,1d
2023-11-06,3364.0,3393.64990234375,3360.0,3385.35009765625,14209,TCS,BSE,yfinance,1d
2023-11-07,3385.0,3404.550048828125,3366.050048828125,3370.10009765625,38446,TCS,BSE,yfinance,1d
2023-11-08,3377.949951171875,3402.0,3371.85009765625,3380.75,68334,TCS,BSE,yfinance,1d
2023-11-09,3391.0,3392.5,3343.0,3348.25,35061,TCS,BSE,yfinance,1d
2023-11-10,3343.949951171875,3347.0,3322.35009765625,3332.800048828125,253510,TCS,BSE,yfinance,1d
2023-11-13,3350.0,3357.0,3327.0,3331.699951171875,32989,TCS,BSE,yfinance,1d
2023-11-15,3385.10009765625,3401.64990234375,3360.0,3399.300048828125,128174,TCS,BSE,yfinance,1d
2023-11-16,3467.0,3529.0,3415.5,3498.0,169895,TCS,BSE,yfinance,1d
2023-11-17,3518.949951171875,3524.5,3494.050048828125,3502.64990234375,271375,TCS,BSE,yfinance,1d
2023-11-20,3493.949951171875,3533.10009765625,3493.0,3519.300048828125,80442,TCS,BSE,yfinance,1d
2023-11-21,3523.0,3539.39990234375,3502.0,3510.300048828125,48656,TCS,BSE,yfinance,1d
2023-11-22,3492.050048828125,3532.449951171875,3481.0,3529.85009765625,114862,TCS,BSE,yfinance,1d
2023-11-23,3539.75,3543.39990234375,3499.0,3508.949951171875,196038,TCS,BSE,yfinance,1d
2023-11-24,3499.0,3504.89990234375,3452.25,3457.60009765625,365537,TCS,BSE,yfinance,1d
2023-11-28,3453.0,3480.0,3431.60009765625,3470.449951171875,58924,TCS,BSE,yfinance,1d
2023-11-29,3475.14990234375,3517.0,3475.14990234375,3513.10009765625,98285,TCS,BSE,yfinance,1d
2023-11-30,3507.449951171875,3515.0,3481.300048828125,3493.39990234375,46364,TCS,BSE,yfinance,1d
2023-12-01,3495.10009765625,3517.14990234375,3490.0,3509.60009765625,441821,TCS,BSE,yfinance,1d
2023-12-04,3533.050048828125,3545.0,3499.0,3509.64990234375,48292,TCS,BSE,yfinance,1d
2023-12-05,3537.0,3537.0,3503.0,3529.89990234375,77724,TCS,BSE,yfinance,1d
2023-12-06,3530.449951171875,3612.39990234375,3526.89990234375,3603.35009765625,48863,TCS,BSE,yfinance,1d
2023-12-07,3616.949951171875,3631.0,3592.35009765625,3616.699951171875,37043,TCS,BSE,yfinance,1d
2023-12-08,3620.14990234375,3644.0,3601.14990234375,3626.39990234375,274344,TCS,BSE,yfinance,1d
2023-12-11,3626.39990234375,3652.699951171875,3623.0,3642.199951171875,22168,TCS,BSE,yfinance,1d
2023-12-12,3640.0,3699.0,3632.199951171875,3672.050048828125,77392,TCS,BSE,yfinance,1d
2023-12-13,3641.0,3650.0,3563.050048828125,3593.75,115769,TCS,BSE,yfinance,1d
2023-12-14,3620.25,3676.35009765625,3620.25,3666.60009765625,246373,TCS,BSE,yfinance,1d
2023-12-15,3660.199951171875,3894.050048828125,3660.199951171875,3860.050048828125,272428,TCS,BSE,yfinance,1d
2023-12-18,3860.0,3928.949951171875,3831.199951171875,3858.0,73334,TCS,BSE,yfinance,1d
2023-12-19,3841.39990234375,3852.0,3791.0,3812.10009765625,54142,TCS,BSE,yfinance,1d
2023-12-20,3821.60009765625,3898.85009765625,3768.0,3780.35009765625,60720,TCS,BSE,yfinance,1d
2023-12-21,3734.39990234375,3805.0,3734.39990234375,3789.449951171875,90556,TCS,BSE,yfinance,1d
2023-12-22,3796.300048828125,3845.949951171875,3762.699951171875,3825.300048828125,127163,TCS,BSE,yfinance,1d
2023-12-26,3780.10009765625,3833.85009765625,3780.10009765625,3794.60009765625,70216,TCS,BSE,yfinance,1d
2023-12-27,3795.550048828125,3818.0,3768.10009765625,3810.800048828125,28290,TCS,BSE,yfinance,1d
2023-12-28,3822.10009765625,3838.25,3793.75,3801.050048828125,29256,TCS,BSE,yfinance,1d
2023-12-29,3797.85009765625,3822.949951171875,3766.050048828125,3794.949951171875,105711,TCS,BSE,yfinance,1d
2024-01-01,3792.0,3831.89990234375,3772.800048828125,3810.60009765625,68853,TCS,BSE,yfinance,1d
2024-01-02,3814.39990234375,3814.39990234375,3766.449951171875,3783.25,28298,TCS,BSE,yfinance,1d
2024-01-03,3770.0,3770.0,3688.199951171875,3691.550048828125,101894,TCS,BSE,yfinance,1d
2024-01-04,3700.0,3719.14990234375,3651.550048828125,3667.0,113458,TCS,BSE,yfinance,1d
2024-01-05,3671.199951171875,3746.89990234375,3671.199951171875,3737.75,226503,TCS,BSE,yfinance,1d
2024-01-08,3737.75,3738.14990234375,3671.050048828125,3677.699951171875,26313,TCS,BSE,yfinance,1d
2024-01-09,3718.85009765625,3752.10009765625,3683.14990234375,3690.14990234375,87204,TCS,BSE,yfinance,1d
2024-01-10,3690.14990234375,3730.0,3688.0,3713.699951171875,99268,TCS,BSE,yfinance,1d
2024-01-11,3723.0,3772.0,3708.0,3736.199951171875,205186,TCS,BSE,yfinance,1d
2024-01-12,3843.949951171875,3905.75,3820.60009765625,3881.699951171875,1168288,TCS,BSE,yfinance,1d
2024-01-15,3952.449951171875,3965.0,3885.0,3902.39990234375,89116,TCS,BSE,yfinance,1d
2024-01-16,3902.25,3902.25,3855.25,3861.0,25447,TCS,BSE,yfinance,1d
2024-01-17,3835.85009765625,3910.0,3818.10009765625,3884.14990234375,41328,TCS,BSE,yfinance,1d
2024-01-18,3890.199951171875,3908.0,3862.0,3903.5,99423,TCS,BSE,yfinance,1d
2024-01-19,3930.0,3963.0,3917.39990234375,3942.25,562002,TCS,BSE,yfinance,1d
2024-01-23,3900.0,3933.0,3844.25,3861.89990234375,51991,TCS,BSE,yfinance,1d
2024-01-24,3862.199951171875,3881.39990234375,3805.0,3848.0,408405,TCS,BSE,yfinance,1d
2024-01-25,3836.800048828125,3855.0,3780.0,3808.199951171875,1089054,TCS,BSE,yfinance,1d
2024-01-29,3807.85009765625,3820.5,3782.0,3801.35009765625,251247,TCS,BSE,yfinance,1d
2024-01-30,3801.5,3845.75,3786.0,3799.10009765625,272018,TCS,BSE,yfinance,1d
2024-01-31,3804.14990234375,3834.89990234375,3797.0,3814.75,32384,TCS,BSE,yfinance,1d
2024-02-01,3816.199951171875,3904.699951171875,3805.0,3851.449951171875,780437,TCS,BSE,yfinance,1d
2024-02-02,3860.0,3982.050048828125,3860.0,3966.35009765625,178429,TCS,BSE,yfinance,1d
2024-02-05,3973.60009765625,4020.0,3960.449951171875,3972.75,126912,TCS,BSE,yfinance,1d
2024-02-06,4000.0,4149.75,3987.10009765625,4133.4501953125,107328,TCS,BSE,yfinance,1d
2024-02-07,4140.14990234375,4156.0498046875,4072.85009765625,4083.199951171875,271054,TCS,BSE,yfinance,1d
2024-02-08,4090.0,4157.60009765625,4085.75,4135.5498046875,39399,TCS,BSE,yfinance,1d
2024-02-09,4130.0,4184.5498046875,4098.39990234375,4134.25,202275,TCS,BSE,yfinance,1d
2024-02-12,4130.89990234375,4159.35009765625,4106.10009765625,4119.0498046875,57361,TCS,BSE,yfinance,1d
2024-02-13,4120.0498046875,4169.35009765625,4082.39990234375,4149.14990234375,21924,TCS,BSE,yfinance,1d
2024-02-14,4102.0498046875,4114.5,4049.550048828125,4101.0,15211,TCS,BSE,yfinance,1d
2024-02-15,4122.2998046875,4145.0,4081.699951171875,4102.0,39303,TCS,BSE,yfinance,1d
2024-02-16,4112.0498046875,4147.0,4100.89990234375,4129.2001953125,132816,TCS,BSE,yfinance,1d
2024-02-19,4119.14990234375,4121.64990234375,4055.10009765625,4101.60009765625,56840,TCS,BSE,yfinance,1d
2024-02-20,4089.89990234375,4098.85009765625,4011.10009765625,4029.949951171875,30284,TCS,BSE,yfinance,1d
2024-02-21,4018.85009765625,4063.0,3980.0,3989.300048828125,24380,TCS,BSE,yfinance,1d
2024-02-22,3968.35009765625,4093.800048828125,3968.35009765625,4086.449951171875,31762,TCS,BSE,yfinance,1d
2024-02-23,4121.0498046875,4128.9501953125,4045.5,4051.949951171875,171593,TCS,BSE,yfinance,1d
2024-02-26,4039.0,4050.85009765625,3983.300048828125,4000.39990234375,19901,TCS,BSE,yfinance,1d
2024-02-27,3999.800048828125,4124.64990234375,3997.050048828125,4102.7998046875,334830,TCS,BSE,yfinance,1d
2024-02-28,4103.0,4154.25,4091.300048828125,4116.39990234375,33404,TCS,BSE,yfinance,1d
2024-02-29,4100.0,4138.0,4068.800048828125,4092.14990234375,30529,TCS,BSE,yfinance,1d
2024-03-01,4095.39990234375,4139.89990234375,4087.85009765625,4096.2998046875,120954,TCS,BSE,yfinance,1d
2024-03-04,4095.449951171875,4114.10009765625,4075.449951171875,4081.60009765625,108134,TCS,BSE,yfinance,1d
2024-03-05,4060.0,4062.0,3980.5,4011.35009765625,120472,TCS,BSE,yfinance,1d
2024-03-06,4016.14990234375,4071.949951171875,3959.35009765625,4065.300048828125,70501,TCS,BSE,yfinance,1d
2024-03-07,4060.10009765625,4124.0,4039.0,4110.10009765625,227716,TCS,BSE,yfinance,1d
2024-03-11,4080.35009765625,4153.0498046875,4080.35009765625,4121.5,105726,TCS,BSE,yfinance,1d
2024-03-12,4117.2998046875,4229.2998046875,4117.2998046875,4191.35009765625,99915,TCS,BSE,yfinance,1d
2024-03-13,4200.0498046875,4241.0498046875,4132.7998046875,4148.39990234375,46250,TCS,BSE,yfinance,1d
2024-03-14,4143.0498046875,4213.7001953125,4086.800048828125,4207.14990234375,50198,TCS,BSE,yfinance,1d
2024-03-18,4217.5,4254.4501953125,4116.7001953125,4144.75,39490,TCS,BSE,yfinance,1d
2024-03-19,4055.64990234375,4055.699951171875,3965.89990234375,3977.550048828125,25582198,TCS,BSE,yfinance,1d
2024-03-20,3986.0,4018.0,3960.5,3970.449951171875,136936,TCS,BSE,yfinance,1d
2024-03-21,3985.39990234375,4008.449951171875,3948.85009765625,3974.050048828125,64927,TCS,BSE,yfinance,1d
2024-03-22,3899.0,3938.39990234375,3856.0,3913.10009765625,275926,TCS,BSE,yfinance,1d
2024-03-26,3897.550048828125,3946.0,3872.0,3877.10009765625,203863,TCS,BSE,yfinance,1d
2024-03-27,3896.949951171875,3896.949951171875,3828.550048828125,3837.5,71441,TCS,BSE,yfinance,1d
2024-03-28,3856.449951171875,3914.64990234375,3840.5,3883.550048828125,80498,TCS,BSE,yfinance,1d
2024-04-01,3900.0,3932.0,3886.60009765625,3915.25,58865,TCS,BSE,yfinance,1d
2024-04-02,3889.949951171875,3905.5,3875.0,3882.60009765625,44046,TCS,BSE,yfinance,1d
2024-04-03,3859.550048828125,3981.199951171875,3855.699951171875,3947.25,62264,TCS,BSE,yfinance,1d
2024-04-04,3970.050048828125,4027.300048828125,3936.0,4003.050048828125,42264,TCS,BSE,yfinance,1d
2024-04-05,3980.0,4001.89990234375,3959.5,3979.550048828125,93066,TCS,BSE,yfinance,1d
2024-04-08,3980.0,4030.0,3960.10009765625,3972.699951171875,90377,TCS,BSE,yfinance,1d
2024-04-09,3980.0,4015.050048828125,3925.10009765625,3947.14990234375,81107,TCS,BSE,yfinance,1d
2024-04-10,3950.050048828125,3989.300048828125,3916.60009765625,3982.550048828125,109590,TCS,BSE,yfinance,1d
2024-04-12,3982.5,4013.25,3948.0,4000.300048828125,179585,TCS,BSE,yfinance,1d
2024-04-15,3995.0,4063.0,3920.0,3941.64990234375,104649,TCS,BSE,yfinance,1d
2024-04-16,3909.0,3927.39990234375,3863.64990234375,3872.300048828125,163353,TCS,BSE,yfinance,1d
2024-04-18,3889.75,3936.0,3851.0,3863.5,65782,TCS,BSE,yfinance,1d
2024-04-19,3840.60009765625,3851.800048828125,3801.0,3827.449951171875,223097,TCS,BSE,yfinance,1d
2024-04-22,3828.60009765625,3879.35009765625,3815.5,3865.449951171875,51988,TCS,BSE,yfinance,1d
2024-04-23,3880.0,3894.89990234375,3861.39990234375,3874.199951171875,61696,TCS,BSE,yfinance,1d
2024-04-24,3890.0,3896.0,3824.14990234375,3831.25,38530,TCS,BSE,yfinance,1d
2024-04-25,3814.199951171875,3872.0,3807.800048828125,3851.85009765625,86420,TCS,BSE,yfinance,1d
2024-04-26,3859.64990234375,3875.85009765625,3801.25,3812.85009765625,114191,TCS,BSE,yfinance,1d
2024-04-29,3825.60009765625,3877.699951171875,3820.0,3870.60009765625,22303,TCS,BSE,yfinance,1d
2024-04-30,3870.60009765625,3880.0,3810.0,3822.60009765625,98711,TCS,BSE,yfinance,1d
2024-05-02,3800.0,3870.199951171875,3782.5,3863.75,76798,TCS,BSE,yfinance,1d
2024-05-03,3881.64990234375,3893.300048828125,3798.050048828125,3839.35009765625,149072,TCS,BSE,yfinance,1d
2024-05-06,3859.949951171875,3939.10009765625,3855.0,3920.699951171875,53334,TCS,BSE,yfinance,1d
2024-05-07,3925.85009765625,3988.300048828125,3912.699951171875,3978.25,68881,TCS,BSE,yfinance,1d
2024-05-08,3951.550048828125,3984.0,3940.050048828125,3972.699951171875,25099,TCS,BSE,yfinance,1d
2024-05-09,3959.35009765625,3970.0,3911.050048828125,3960.050048828125,24876,TCS,BSE,yfinance,1d
2024-05-10,3965.0,3973.800048828125,3884.64990234375,3895.85009765625,119844,TCS,BSE,yfinance,1d
2024-05-13,3888.0,3955.0,3869.64990234375,3946.800048828125,68499,TCS,BSE,yfinance,1d
2024-05-14,3926.14990234375,3945.199951171875,3893.800048828125,3901.949951171875,19294,TCS,BSE,yfinance,1d
2024-05-15,3901.949951171875,3930.199951171875,3875.050048828125,3880.35009765625,71057,TCS,BSE,yfinance,1d
2024-05-16,3888.75,3910.0,3844.5,3900.300048828125,33443,TCS,BSE,yfinance,1d
2024-05-17,3915.050048828125,3920.0,3829.699951171875,3833.949951171875,223617,TCS,BSE,yfinance,1d
2024-05-21,3844.949951171875,3844.949951171875,3810.10009765625,3821.64990234375,90317,TCS,BSE,yfinance,1d
2024-05-22,3840.0,3841.449951171875,3816.0,3831.35009765625,88374,TCS,BSE,yfinance,1d
2024-05-23,3835.800048828125,3904.75,3827.699951171875,3895.10009765625,39379,TCS,BSE,yfinance,1d
2024-05-24,3870.14990234375,3885.0,3842.449951171875,3850.75,163855,TCS,BSE,yfinance,1d
2024-05-27,3852.64990234375,3907.0,3840.0,3846.550048828125,99435,TCS,BSE,yfinance,1d
2024-05-28,3883.949951171875,3883.949951171875,3831.550048828125,3840.0,27095,TCS,BSE,yfinance,1d
2024-05-29,3842.0,3844.25,3800.550048828125,3805.449951171875,93331,TCS,BSE,yfinance,1d
2024-05-30,3781.0,3794.699951171875,3717.0,3735.800048828125,169727,TCS,BSE,yfinance,1d
2024-05-31,3749.5,3749.5,3655.0,3669.5,350824,TCS,BSE,yfinance,1d
2024-06-03,3774.89990234375,3774.89990234375,3696.10009765625,3707.35009765625,51497,TCS,BSE,yfinance,1d
2024-06-04,3719.949951171875,3743.85009765625,3593.300048828125,3715.800048828125,200551,TCS,BSE,yfinance,1d
2024-06-05,3715.0,3783.60009765625,3701.550048828125,3746.60009765625,104806,TCS,BSE,yfinance,1d
2024-06-06,3776.0,3839.0,3742.0,3830.699951171875,101962,TCS,BSE,yfinance,1d
2024-06-07,3835.0,3915.0,3835.0,3892.89990234375,429643,TCS,BSE,yfinance,1d
2024-06-10,3904.949951171875,3904.949951171875,3842.0,3856.300048828125,36808,TCS,BSE,yfinance,1d
2024-06-11,3861.949951171875,3878.0,3842.0,3852.050048828125,27087,TCS,BSE,yfinance,1d
2024-06-12,3879.64990234375,3893.300048828125,3827.199951171875,3832.39990234375,23859,TCS,BSE,yfinance,1d
2024-06-13,3859.25,3889.949951171875,3853.75,3877.5,79595,TCS,BSE,yfinance,1d
2024-06-14,3885.300048828125,3887.0,3826.449951171875,3831.949951171875,66905,TCS,BSE,yfinance,1d
2024-06-18,3822.14990234375,3842.0,3797.35009765625,3814.75,40767,TCS,BSE,yfinance,1d
2024-06-19,3821.5,3832.550048828125,3794.0,3801.10009765625,29711,TCS,BSE,yfinance,1d
2024-06-20,3801.0,3809.35009765625,3780.10009765625,3786.60009765625,29584,TCS,BSE,yfinance,1d
2024-06-21,3848.949951171875,3877.10009765625,3797.300048828125,3808.949951171875,345408,TCS,BSE,yfinance,1d
2024-06-24,3810.75,3856.0,3798.0,3817.300048828125,31624,TCS,BSE,yfinance,1d
2024-06-25,3820.0,3846.89990234375,3793.699951171875,3839.10009765625,52324,TCS,BSE,yfinance,1d
2024-06-26,3840.35009765625,3865.0,3840.35009765625,3856.050048828125,81411,TCS,BSE,yfinance,1d
2024-06-27,3825.0,3940.0,3819.10009765625,3933.5,200853,TCS,BSE,yfinance,1d
2024-06-28,3927.5,3959.949951171875,3896.39990234375,3904.949951171875,299222,TCS,BSE,yfinance,1d
2024-07-01,3904.0,4000.949951171875,3886.050048828125,3973.39990234375,155437,TCS,BSE,yfinance,1d
2024-07-02,3990.0,4022.0,3984.0,4016.0,50665,TCS,BSE,yfinance,1d
2024-07-03,4020.0,4020.85009765625,3954.449951171875,3964.85009765625,40378,TCS,BSE,yfinance,1d
2024-07-04,4004.949951171875,4047.75,3979.35009765625,4021.25,56861,TCS,BSE,yfinance,1d
2024-07-05,4014.949951171875,4026.800048828125,3988.0,4012.449951171875,305014,TCS,BSE,yfinance,1d
2024-07-08,4015.050048828125,4026.300048828125,3910.0,3975.949951171875,92000,TCS,BSE,yfinance,1d
2024-07-09,3976.10009765625,4011.0,3976.0,3991.699951171875,46214,TCS,BSE,yfinance,1d
2024-07-10,3978.050048828125,4003.0,3902.199951171875,3909.89990234375,214484,TCS,BSE,yfinance,1d
2024-07-11,3944.64990234375,3979.89990234375,3895.699951171875,3922.699951171875,551198,TCS,BSE,yfinance,1d
2024-07-12,4001.14990234375,4199.0,3974.10009765625,4184.89990234375,589314,TCS,BSE,yfinance,1d
2024-07-15,4225.60009765625,4237.0498046875,4158.0,4168.0,158248,TCS,BSE,yfinance,1d
2024-07-16,4180.0,4193.35009765625,4144.64990234375,4175.35009765625,177807,TCS,BSE,yfinance,1d
2024-07-18,4159.9501953125,4324.2998046875,4159.9501953125,4314.2998046875,289927,TCS,BSE,yfinance,1d
2024-07-19,4314.2998046875,4360.25,4286.14990234375,4302.75,239493,TCS,BSE,yfinance,1d
2024-07-22,4295.0498046875,4318.0,4265.0,4286.2001953125,90087,TCS,BSE,yfinance,1d
2024-07-23,4298.9501953125,4360.0,4265.5498046875,4302.5,69621,TCS,BSE,yfinance,1d
2024-07-24,4281.0498046875,4339.0,4277.25,4306.2001953125,112849,TCS,BSE,yfinance,1d
2024-07-25,4296.9501953125,4343.9501953125,4276.5,4322.89990234375,56996,TCS,BSE,yfinance,1d
2024-07-26,4331.0498046875,4421.5,4331.0498046875,4387.9501953125,406430,TCS,BSE,yfinance,1d
2024-07-29,4421.85009765625,4431.25,4370.7998046875,4380.2001953125,65907,TCS,BSE,yfinance,1d
2024-07-30,4381.25,4397.9501953125,4327.5,4364.25,32025,TCS,BSE,yfinance,1d
2024-07-31,4363.9501953125,4414.39990234375,4348.2998046875,4384.64990234375,49127,TCS,BSE,yfinance,1d
2024-08-01,4399.75,4419.0,4365.64990234375,4395.75,75476,TCS,BSE,yfinance,1d
2024-08-02,4363.0,4397.39990234375,4268.2998046875,4283.0,311400,TCS,BSE,yfinance,1d
2024-08-05,4200.0498046875,4233.4501953125,4110.7998046875,4155.2998046875,53458,TCS,BSE,yfinance,1d
2024-08-06,4162.60009765625,4256.0,4160.14990234375,4170.7001953125,69313,TCS,BSE,yfinance,1d
2024-08-07,4220.0498046875,4242.0,4181.0,4200.7998046875,14407,TCS,BSE,yfinance,1d
2024-08-08,4178.0,4231.0,4160.5,4170.89990234375,65387,TCS,BSE,yfinance,1d
2024-08-09,4227.9501953125,4251.5,4215.0,4230.0498046875,169602,TCS,BSE,yfinance,1d
2024-08-12,4239.7998046875,4239.7998046875,4188.85009765625,4196.10009765625,46631,TCS,BSE,yfinance,1d
2024-08-13,4211.0498046875,4232.85009765625,4183.60009765625,4195.0,33895,TCS,BSE,yfinance,1d
2024-08-14,4206.14990234375,4304.2001953125,4190.89990234375,4291.64990234375,115005,TCS,BSE,yfinance,1d
2024-08-16,4353.9501953125,4427.89990234375,4327.25,4416.5498046875,183439,TCS,BSE,yfinance,1d
2024-08-19,4417.89990234375,4493.0,4390.4501953125,4489.35009765625,91876,TCS,BSE,yfinance,1d
2024-08-20,4503.0,4564.75,4500.0,4522.5498046875,53774,TCS,BSE,yfinance,1d
2024-08-21,4501.0498046875,4558.7998046875,4500.0,4551.7001953125,74833,TCS,BSE,yfinance,1d
2024-08-22,4564.0,4564.0,4497.35009765625,4499.9501953125,81625,TCS,BSE,yfinance,1d
2024-08-23,4500.0,4504.5,4453.14990234375,4464.0,233214,TCS,BSE,yfinance,1d
2024-08-26,4480.2998046875,4551.0,4480.2998046875,4501.14990234375,155945,TCS,BSE,yfinance,1d
2024-08-27,4501.14990234375,4511.14990234375,4485.64990234375,4494.25,64237,TCS,BSE,yfinance,1d
2024-08-28,4500.0,4563.14990234375,4457.85009765625,4506.75,72249,TCS,BSE,yfinance,1d
2024-08-29,4450.0,4555.0,4450.0,4510.5498046875,50690,TCS,BSE,yfinance,1d
2024-08-30,4513.0498046875,4580.0,4488.7001953125,4551.85009765625,141415,TCS,BSE,yfinance,1d
2024-09-02,4584.85009765625,4585.89990234375,4513.75,4520.85009765625,28256,TCS,BSE,yfinance,1d
2024-09-03,4540.10009765625,4555.0,4495.5,4512.2001953125,73169,TCS,BSE,yfinance,1d
2024-09-04,4479.0,4486.4501953125,4438.35009765625,4479.64990234375,91069,TCS,BSE,yfinance,1d
2024-09-05,4484.0,4498.0,4455.0,4480.35009765625,26026,TCS,BSE,yfinance,1d
2024-09-06,4479.9501953125,4517.7998046875,4440.25,4457.5,197568,TCS,BSE,yfinance,1d
2024-09-09,4401.10009765625,4490.0,4401.10009765625,4453.0,39832,TCS,BSE,yfinance,1d
2024-09-10,4453.0,4539.9501953125,4441.0,4506.89990234375,68749,TCS,BSE,yfinance,1d
2024-09-11,4520.0,4548.0,4473.60009765625,4485.25,21662,TCS,BSE,yfinance,1d
2024-09-12,4501.5498046875,4530.2001953125,4431.7001953125,4517.2001953125,39658,TCS,BSE,yfinance,1d
2024-09-13,4530.0,4546.5,4505.75,4522.25,126778,TCS,BSE,yfinance,1d
2024-09-16,4530.0,4544.7998046875,4495.9501953125,4513.0,16633,TCS,BSE,yfinance,1d
2024-09-17,4505.14990234375,4535.0,4468.75,4503.64990234375,17791,TCS,BSE,yfinance,1d
2024-09-18,4516.9501953125,4516.9501953125,4321.64990234375,4346.60009765625,68843,TCS,BSE,yfinance,1d
2024-09-19,4397.75,4421.0,4282.89990234375,4296.85009765625,81459,TCS,BSE,yfinance,1d
2024-09-20,4320.9501953125,4331.2001953125,4226.60009765625,4285.2998046875,503940,TCS,BSE,yfinance,1d
2024-09-23,4286.0498046875,4303.9501953125,4252.7001953125,4267.5498046875,53740,TCS,BSE,yfinance,1d
2024-09-24,4264.9501953125,4290.0,4243.35009765625,4272.39990234375,25648,TCS,BSE,yfinance,1d
2024-09-25,4257.9501953125,4289.0,4240.0,4275.9501953125,61267,TCS,BSE,yfinance,1d
2024-09-26,4255.0,4316.35009765625,4255.0,4291.25,66991,TCS,BSE,yfinance,1d
2024-09-27,4343.35009765625,4378.4501953125,4300.10009765625,4309.0498046875,86656,TCS,BSE,yfinance,1d
2024-09-30,4294.9501953125,4296.4501953125,4259.85009765625,4268.39990234375,52596,TCS,BSE,yfinance,1d
2024-10-01,4255.0,4295.2001953125,4243.10009765625,4286.2998046875,126596,TCS,BSE,yfinance,1d
2024-10-03,4277.9501953125,4277.9501953125,4209.2998046875,4232.39990234375,89286,TCS,BSE,yfinance,1d
2024-10-04,4225.0,4299.0,4224.64990234375,4249.10009765625,226516,TCS,BSE,yfinance,1d
2024-10-07,4265.0498046875,4297.25,4229.0,4272.25,95249,TCS,BSE,yfinance,1d
2024-10-08,4270.85009765625,4272.85009765625,4205.0,4251.2998046875,48326,TCS,BSE,yfinance,1d
2024-10-09,4274.64990234375,4295.0,4245.64990234375,4252.2998046875,24745,TCS,BSE,yfinance,1d
2024-10-10,4248.0498046875,4293.2998046875,4200.0,4228.39990234375,48517,TCS,BSE,yfinance,1d
2024-10-11,4140.0,4240.0,4112.64990234375,4150.60009765625,285561,TCS,BSE,yfinance,1d
2024-10-14,4145.0,4166.39990234375,4121.9501953125,4136.64990234375,54607,TCS,BSE,yfinance,1d
2024-10-15,4145.0,4169.0,4095.5,4117.5,120743,TCS,BSE,yfinance,1d
2024-10-16,4077.5,4114.60009765625,4068.300048828125,4094.800048828125,97300,TCS,BSE,yfinance,1d
2024-10-17,4118.75,4129.0,4092.25,4106.2001953125,70673,TCS,BSE,yfinance,1d
2024-10-18,4109.0,4146.10009765625,4090.0,4121.85009765625,151716,TCS,BSE,yfinance,1d
2024-10-21,4125.0498046875,4138.14990234375,4062.85009765625,4078.300048828125,49298,TCS,BSE,yfinance,1d
2024-10-22,4054.050048828125,4090.0,4008.0,4015.800048828125,44932,TCS,BSE,yfinance,1d
2024-10-23,3986.550048828125,4113.64990234375,3986.550048828125,4066.75,70857,TCS,BSE,yfinance,1d
2024-10-24,4016.35009765625,4075.60009765625,4016.35009765625,4048.14990234375,41480,TCS,BSE,yfinance,1d
2024-10-25,4069.89990234375,4091.75,4034.0,4057.89990234375,142063,TCS,BSE,yfinance,1d
2024-10-28,4058.050048828125,4133.0,4051.050048828125,4093.050048828125,77086,TCS,BSE,yfinance,1d
2024-10-29,4090.050048828125,4101.0,4059.550048828125,4077.14990234375,100517,TCS,BSE,yfinance,1d
2024-10-30,4099.9501953125,4107.7998046875,4061.050048828125,4085.60009765625,39289,TCS,BSE,yfinance,1d
2024-10-31,4058.449951171875,4079.949951171875,3959.0,3971.25,417913,TCS,BSE,yfinance,1d
2024-11-01,3992.949951171875,3996.0,3979.75,3985.39990234375,17194,TCS,BSE,yfinance,1d
2024-11-04,3969.949951171875,3986.25,3915.0,3962.39990234375,69842,TCS,BSE,yfinance,1d
2024-11-05,3950.0,3985.5,3947.35009765625,3971.75,26841,TCS,BSE,yfinance,1d
2024-11-06,4000.050048828125,4149.7998046875,3977.0,4138.7998046875,426912,TCS,BSE,yfinance,1d
2024-11-07,4184.0,4205.25,4085.050048828125,4149.39990234375,44655,TCS,BSE,yfinance,1d
2024-11-08,4158.9501953125,4169.14990234375,4119.7001953125,4145.0,114003,TCS,BSE,yfinance,1d
2024-11-11,4134.9501953125,4233.85009765625,4119.0,4195.0498046875,37213,TCS,BSE,yfinance,1d
2024-11-12,4200.14990234375,4214.0,4165.0,4195.9501953125,27766,TCS,BSE,yfinance,1d
2024-11-13,4186.75,4195.0,4131.0,4149.0498046875,22090,TCS,BSE,yfinance,1d
2024-11-14,4131.7998046875,4160.35009765625,4115.89990234375,4146.14990234375,150903,TCS,BSE,yfinance,1d
2024-11-18,4215.0,4215.0,3990.64990234375,4019.5,96670,TCS,BSE,yfinance,1d
2024-11-19,4028.85009765625,4131.0,4015.85009765625,4039.300048828125,55789,TCS,BSE,yfinance,1d
2024-11-21,4089.949951171875,4090.0,4025.0,4077.25,77479,TCS,BSE,yfinance,1d
2024-11-22,4079.699951171875,4254.5,4053.60009765625,4245.75,228392,TCS,BSE,yfinance,1d
2024-11-25,4293.9501953125,4328.0,4253.89990234375,4315.10009765625,114861,TCS,BSE,yfinance,1d
2024-11-26,4286.85009765625,4364.5498046875,4286.85009765625,4351.85009765625,75212,TCS,BSE,yfinance,1d
2024-11-27,4351.85009765625,4377.0,4323.14990234375,4332.10009765625,33790,TCS,BSE,yfinance,1d
2024-11-28,4327.9501953125,4340.10009765625,4234.0,4248.0498046875,46853,TCS,BSE,yfinance,1d
2024-11-29,4219.9501953125,4298.0,4196.0,4273.5498046875,121945,TCS,BSE,yfinance,1d
2024-12-02,4264.9501953125,4287.0,4230.0,4268.0,40329,TCS,BSE,yfinance,1d
2024-12-03,4300.0,4325.5,4266.5498046875,4301.4501953125,30653,TCS,BSE,yfinance,1d
2024-12-04,4319.89990234375,4386.39990234375,4294.2001953125,4355.10009765625,38270,TCS,BSE,yfinance,1d
2024-12-05,4365.0,4488.0,4360.2001953125,4459.25,183703,TCS,BSE,yfinance,1d
2024-12-06,4450.0,4463.10009765625,4413.0,4446.5,116291,TCS,BSE,yfinance,1d
2024-12-09,4424.0,4470.0,4416.4501953125,4452.0498046875,81719,TCS,BSE,yfinance,1d
2024-12-10,4446.9501953125,4494.0,4414.5,4431.9501953125,40964,TCS,BSE,yfinance,1d
2024-12-11,4438.5,4449.89990234375,4407.60009765625,4427.5498046875,38019,TCS,BSE,yfinance,1d
2024-12-12,4444.9501953125,4484.9501953125,4427.0,4456.9501953125,99704,TCS,BSE,yfinance,1d
2024-12-13,4449.0,4493.7998046875,4394.7001953125,4473.60009765625,184505,TCS,BSE,yfinance,1d
2024-12-16,4424.10009765625,4473.0,4398.75,4415.89990234375,34329,TCS,BSE,yfinance,1d
2024-12-17,4415.89990234375,4430.4501953125,4318.0,4324.39990234375,53684,TCS,BSE,yfinance,1d
2024-12-18,4324.35009765625,4360.0,4295.9501953125,4348.2001953125,23020,TCS,BSE,yfinance,1d
2024-12-19,4283.85009765625,4362.89990234375,4262.39990234375,4271.5,55639,TCS,BSE,yfinance,1d
2024-12-20,4310.10009765625,4381.9501953125,4152.9501953125,4168.0498046875,125781,TCS,BSE,yfinance,1d
2024-12-23,4199.0,4215.35009765625,4115.0,4156.7998046875,59196,TCS,BSE,yfinance,1d
2024-12-24,4159.9501953125,4217.2998046875,4158.0498046875,4180.64990234375,38839,TCS,BSE,yfinance,1d
2024-12-26,4176.0,4192.2998046875,4142.35009765625,4168.60009765625,28724,TCS,BSE,yfinance,1d
2024-12-27,4162.0,4180.5,4149.0,4167.9501953125,46264,TCS,BSE,yfinance,1d
2024-12-30,4174.89990234375,4199.0,4112.0,4158.9501953125,34498,TCS,BSE,yfinance,1d
2024-12-31,4123.5498046875,4133.35009765625,4034.0,4097.2001953125,49909,TCS,BSE,yfinance,1d
2025-01-01,4100.0,4134.64990234375,4088.0,4112.7998046875,29165,TCS,BSE,yfinance,1d
2025-01-02,4124.9501953125,4203.5,4098.0,4184.25,80295,TCS,BSE,yfinance,1d
2025-01-03,4180.0498046875,4180.0498046875,4091.0,4099.25,161332,TCS,BSE,yfinance,1d
2025-01-06,4105.0,4149.25,4064.699951171875,4094.699951171875,64713,TCS,BSE,yfinance,1d
2025-01-07,4106.0,4136.89990234375,4011.25,4028.199951171875,97931,TCS,BSE,yfinance,1d
2025-01-08,4044.550048828125,4125.9501953125,4017.050048828125,4107.5,58204,TCS,BSE,yfinance,1d
2025-01-09,4105.89990234375,4136.89990234375,4025.449951171875,4036.64990234375,72625,TCS,BSE,yfinance,1d
2025-01-10,4200.0,4296.7998046875,4172.14990234375,4265.5498046875,221040,TCS,BSE,yfinance,1d
2025-01-13,4249.9501953125,4321.64990234375,4224.64990234375,4291.7998046875,129611,TCS,BSE,yfinance,1d
2025-01-14,4280.10009765625,4315.9501953125,4218.39990234375,4233.75,228749,TCS,BSE,yfinance,1d
2025-01-15,4223.75,4254.39990234375,4208.0,4248.5498046875,142598,TCS,BSE,yfinance,1d
2025-01-16,4270.0,4290.0,4192.25,4208.10009765625,60642,TCS,BSE,yfinance,1d
2025-01-17,4165.0,4165.0,4100.5,4125.7001953125,41873,TCS,BSE,yfinance,1d
2025-01-20,4132.14990234375,4149.4501953125,4068.35009765625,4076.949951171875,38280,TCS,BSE,yfinance,1d
2025-01-21,4098.0,4112.7001953125,4029.199951171875,4034.35009765625,169326,TCS,BSE,yfinance,1d
2025-01-22,4062.050048828125,4163.0,4051.35009765625,4154.0,62430,TCS,BSE,yfinance,1d
2025-01-23,4154.0498046875,4190.9501953125,4141.7998046875,4145.7001953125,20614,TCS,BSE,yfinance,1d
2025-01-24,4100.0,4177.7001953125,4100.0,4151.2998046875,40081,TCS,BSE,yfinance,1d
2025-01-27,4105.4501953125,4155.0,4041.550048828125,4066.199951171875,31079,TCS,BSE,yfinance,1d
2025-01-28,4065.10009765625,4101.9501953125,4029.550048828125,4036.449951171875,74127,TCS,BSE,yfinance,1d
2025-01-29,4057.25,4106.0,4055.0,4096.35009765625,39893,TCS,BSE,yfinance,1d
2025-01-30,4098.0,4129.7998046875,4060.60009765625,4102.4501953125,47369,TCS,BSE,yfinance,1d
2025-01-31,4102.5,4127.85009765625,4088.35009765625,4109.0,45628,TCS,BSE,yfinance,1d
2025-02-03,4030.0,4076.0,3999.0,4067.300048828125,32307,TCS,BSE,yfinance,1d
2025-02-04,4089.199951171875,4120.0,4065.0,4113.7001953125,75645,TCS,BSE,yfinance,1d
2025-02-05,4161.0,4161.0,4075.89990234375,4090.75,32703,TCS,BSE,yfinance,1d
2025-02-06,4095.449951171875,4135.0,4052.699951171875,4082.699951171875,40965,TCS,BSE,yfinance,1d
2025-02-07,4060.14990234375,4091.89990234375,4009.050048828125,4029.35009765625,22001,TCS,BSE,yfinance,1d
2025-02-10,4049.949951171875,4051.949951171875,4014.050048828125,4035.5,91371,TCS,BSE,yfinance,1d
2025-02-11,4029.800048828125,4040.85009765625,3955.60009765625,3964.39990234375,73609,TCS,BSE,yfinance,1d
2025-02-12,3966.050048828125,4020.0,3941.300048828125,3950.199951171875,70639,TCS,BSE,yfinance,1d
2025-02-13,3955.0,3977.949951171875,3903.35009765625,3909.10009765625,38697,TCS,BSE,yfinance,1d
2025-02-14,3925.0,3948.0,3900.60009765625,3932.75,88802,TCS,BSE,yfinance,1d
2025-02-17,3900.0,3934.550048828125,3860.0,3903.39990234375,126487,TCS,BSE,yfinance,1d
2025-02-18,3903.39990234375,3924.60009765625,3861.0,3869.449951171875,55205,TCS,BSE,yfinance,1d
2025-02-19,3872.0,3873.199951171875,3767.5,3781.35009765625,163847,TCS,BSE,yfinance,1d
2025-02-20,3779.0,3789.5,3755.0,3777.949951171875,45355,TCS,BSE,yfinance,1d
2025-02-21,3781.199951171875,3816.60009765625,3775.0,3785.75,89843,TCS,BSE,yfinance,1d
2025-02-24,3767.35009765625,3767.35009765625,3670.64990234375,3674.89990234375,276198,TCS,BSE,yfinance,1d
2025-02-25,3639.949951171875,3657.949951171875,3621.60009765625,3631.10009765625,209408,TCS,BSE,yfinance,1d
2025-02-27,3628.949951171875,3637.949951171875,3600.0,3612.35009765625,58527,TCS,BSE,yfinance,1d
2025-02-28,3588.800048828125,3599.0,3457.35009765625,3483.89990234375,95141,TCS,BSE,yfinance,1d
2025-03-03,3499.85009765625,3523.949951171875,3475.0,3496.550048828125,90088,TCS,BSE,yfinance,1d
2025-03-04,3483.949951171875,3549.89990234375,3463.800048828125,3532.64990234375,68643,TCS,BSE,yfinance,1d
2025-03-05,3529.949951171875,3598.0,3521.10009765625,3549.35009765625,50343,TCS,BSE,yfinance,1d
2025-03-06,3568.0,3608.949951171875,3536.14990234375,3599.699951171875,52086,TCS,BSE,yfinance,1d
2025-03-07,3624.949951171875,3624.949951171875,3575.0,3611.300048828125,30644,TCS,BSE,yfinance,1d
2025-03-10,3610.199951171875,3623.449951171875,3582.10009765625,3588.10009765625,40546,TCS,BSE,yfinance,1d
2025-03-11,3553.25,3589.550048828125,3536.89990234375,3574.89990234375,48906,TCS,BSE,yfinance,1d
2025-03-12,3564.949951171875,3565.300048828125,3489.60009765625,3503.60009765625,37641,TCS,BSE,yfinance,1d
2025-03-13,3506.0,3524.14990234375,3484.5,3512.35009765625,21598,TCS,BSE,yfinance,1d
2025-03-17,3508.5,3610.300048828125,3478.0,3497.25,91119,TCS,BSE,yfinance,1d
2025-03-18,3503.0,3556.449951171875,3479.0,3552.64990234375,78586,TCS,BSE,yfinance,1d
2025-03-19,3549.0,3549.0,3463.050048828125,3497.14990234375,157024,TCS,BSE,yfinance,1d
2025-03-20,3508.050048828125,3577.550048828125,3508.050048828125,3562.800048828125,113648,TCS,BSE,yfinance,1d
2025-03-21,3499.949951171875,3615.0,3466.60009765625,3579.39990234375,68893,TCS,BSE,yfinance,1d
2025-03-24,3585.050048828125,3649.60009765625,3566.64990234375,3631.550048828125,85061,TCS,BSE,yfinance,1d
2025-03-25,3649.949951171875,3708.89990234375,3638.050048828125,3657.699951171875,140545,TCS,BSE,yfinance,1d
2025-03-26,3661.0,3679.89990234375,3625.0,3635.5,29338,TCS,BSE,yfinance,1d
2025-03-27,3624.64990234375,3662.85009765625,3610.0,3651.64990234375,30955,TCS,BSE,yfinance,1d
2025-03-28,3648.0,3660.0,3596.050048828125,3604.449951171875,70765,TCS,BSE,yfinance,1d
2025-04-01,3588.949951171875,3588.949951171875,3524.0,3550.35009765625,71234,TCS,BSE,yfinance,1d
2025-04-02,3550.35009765625,3563.699951171875,3530.050048828125,3545.0,32290,TCS,BSE,yfinance,1d
2025-04-03,3485.39990234375,3498.0,3396.10009765625,3403.89990234375,207922,TCS,BSE,yfinance,1d
2025-04-04,3366.949951171875,3391.300048828125,3295.60009765625,3299.449951171875,171571,TCS,BSE,yfinance,1d
2025-04-07,3060.25,3290.0,3060.25,3276.60009765625,274432,TCS,BSE,yfinance,1d
2025-04-08,3299.0,3348.89990234375,3255.300048828125,3293.550048828125,263659,TCS,BSE,yfinance,1d
2025-04-09,3276.0,3276.0,3215.89990234375,3246.10009765625,131136,TCS,BSE,yfinance,1d
2025-04-11,3290.0,3298.39990234375,3205.25,3232.300048828125,229229,TCS,BSE,yfinance,1d
2025-04-15,3300.050048828125,3310.0,3240.199951171875,3247.699951171875,161796,TCS,BSE,yfinance,1d
2025-04-16,3274.75,3278.199951171875,3230.10009765625,3272.75,87689,TCS,BSE,yfinance,1d
2025-04-17,3240.0,3304.0,3218.5,3298.949951171875,70459,TCS,BSE,yfinance,1d
2025-04-21,3293.949951171875,3353.85009765625,3285.85009765625,3321.60009765625,135470,TCS,BSE,yfinance,1d
2025-04-22,3324.949951171875,3333.699951171875,3294.449951171875,3318.050048828125,170295,TCS,BSE,yfinance,1d
2025-04-23,3358.050048828125,3420.0,3337.550048828125,3412.300048828125,153398,TCS,BSE,yfinance,1d
2025-04-24,3401.89990234375,3412.300048828125,3389.0,3401.25,60547,TCS,BSE,yfinance,1d
2025-04-25,3402.60009765625,3477.550048828125,3402.60009765625,3447.35009765625,67985,TCS,BSE,yfinance,1d
2025-04-28,3431.0,3457.949951171875,3405.0,3443.550048828125,69145,TCS,BSE,yfinance,1d
2025-04-29,3444.10009765625,3495.0,3431.199951171875,3471.5,107574,TCS,BSE,yfinance,1d
2025-04-30,3471.5,3509.60009765625,3367.85009765625,3429.64990234375,52154,TCS,BSE,yfinance,1d
2025-05-02,3474.5,3491.800048828125,3421.10009765625,3443.800048828125,54402,TCS,BSE,yfinance,1d
2025-05-05,3445.050048828125,3503.800048828125,3445.050048828125,3455.14990234375,47732,TCS,BSE,yfinance,1d
2025-05-06,3456.449951171875,3473.800048828125,3435.949951171875,3458.949951171875,88329,TCS,BSE,yfinance,1d
2025-05-07,3449.949951171875,3458.35009765625,3421.300048828125,3445.199951171875,40003,TCS,BSE,yfinance,1d
2025-05-08,3448.89990234375,3475.14990234375,3430.0,3447.449951171875,52602,TCS,BSE,yfinance,1d
2025-05-09,3380.0,3445.14990234375,3380.0,3442.199951171875,50372,TCS,BSE,yfinance,1d
2025-05-12,3500.10009765625,3630.0,3500.10009765625,3620.300048828125,172535,TCS,BSE,yfinance,1d
2025-05-13,3623.949951171875,3623.949951171875,3510.199951171875,3515.949951171875,130770,TCS,BSE,yfinance,1d
2025-05-14,3515.949951171875,3561.0,3507.25,3549.050048828125,58427,TCS,BSE,yfinance,1d
2025-05-15,3554.0,3599.0,3514.800048828125,3580.75,117209,TCS,BSE,yfinance,1d
2025-05-16,3580.949951171875,3586.0,3547.0,3562.949951171875,239863,TCS,BSE,yfinance,1d
2025-05-19,3549.25,3549.5,3503.60009765625,3519.199951171875,202305,TCS,BSE,yfinance,1d
2025-05-20,3540.0,3558.949951171875,3492.800048828125,3498.050048828125,276279,TCS,BSE,yfinance,1d
2025-05-21,3503.199951171875,3535.0,3499.0,3524.949951171875,89492,TCS,BSE,yfinance,1d
2025-05-22,3505.0,3505.0,3451.949951171875,3479.0,87035,TCS,BSE,yfinance,1d
2025-05-23,3479.0,3534.550048828125,3470.0,3514.0,56031,TCS,BSE,yfinance,1d
2025-05-26,3525.0,3545.35009765625,3508.89990234375,3538.050048828125,120342,TCS,BSE,yfinance,1d
2025-05-27,3537.35009765625,3538.800048828125,3481.85009765625,3498.89990234375,545274,TCS,BSE,yfinance,1d
2025-05-28,3512.0,3526.449951171875,3492.949951171875,3498.14990234375,44196,TCS,BSE,yfinance,1d
2025-05-29,3500.050048828125,3531.89990234375,3486.199951171875,3497.199951171875,60523,TCS,BSE,yfinance,1d
2025-05-30,3502.25,3502.300048828125,3452.39990234375,3464.5,55453,TCS,BSE,yfinance,1d
2025-06-02,3462.699951171875,3462.699951171875,3418.300048828125,3449.800048828125,163215,TCS,BSE,yfinance,1d
2025-06-03,3449.949951171875,3472.449951171875,3399.39990234375,3405.050048828125,919365,TCS,BSE,yfinance,1d
2025-06-04,3388.949951171875,3395.89990234375,3370.60009765625,3380.550048828125,107633,TCS,BSE,yfinance,1d
2025-06-05,3429.25,3429.300048828125,3364.199951171875,3371.949951171875,62839,TCS,BSE,yfinance,1d
2025-06-06,3371.949951171875,3390.0,3358.0,3385.699951171875,147321,TCS,BSE,yfinance,1d
2025-06-09,3394.300048828125,3435.25,3390.050048828125,3423.699951171875,159154,TCS,BSE,yfinance,1d
2025-06-10,3440.0,3485.0,3424.0,3463.5,313572,TCS,BSE,yfinance,1d
2025-06-11,3465.14990234375,3489.199951171875,3450.0,3472.14990234375,111532,TCS,BSE,yfinance,1d
2025-06-12,3477.0,3477.0,3423.10009765625,3433.949951171875,180783,TCS,BSE,yfinance,1d
2025-06-13,3400.0,3450.0,3392.75,3447.10009765625,64111,TCS,BSE,yfinance,1d
2025-06-16,3423.25,3508.199951171875,3423.25,3495.35009765625,237333,TCS,BSE,yfinance,1d
2025-06-17,3510.0,3522.300048828125,3488.199951171875,3515.25,570631,TCS,BSE,yfinance,1d
2025-06-18,3524.35009765625,3539.449951171875,3443.64990234375,3452.199951171875,51232,TCS,BSE,yfinance,1d
2025-06-19,3448.699951171875,3452.0,3413.35009765625,3424.25,53098,TCS,BSE,yfinance,1d
2025-06-20,3424.35009765625,3445.60009765625,3408.5,3434.35009765625,419497,TCS,BSE,yfinance,1d
2025-06-23,3414.300048828125,3429.300048828125,3370.10009765625,3393.39990234375,136998,TCS,BSE,yfinance,1d
2025-06-24,3430.5,3442.800048828125,3382.39990234375,3390.199951171875,771522,TCS,BSE,yfinance,1d
2025-06-25,3409.60009765625,3449.89990234375,3400.89990234375,3445.64990234375,18541,TCS,BSE,yfinance,1d
2025-06-26,3447.25,3451.0,3416.0,3441.64990234375,60021,TCS,BSE,yfinance,1d
2025-06-27,3455.0,3466.64990234375,3430.75,3443.14990234375,35961,TCS,BSE,yfinance,1d
2025-06-30,3444.949951171875,3465.0,3430.14990234375,3461.050048828125,80588,TCS,BSE,yfinance,1d
2025-07-01,3460.949951171875,3485.0,3414.449951171875,3429.449951171875,221565,TCS,BSE,yfinance,1d
2025-07-02,3450.050048828125,3489.85009765625,3420.10009765625,3423.35009765625,54493,TCS,BSE,yfinance,1d
2025-07-03,3434.89990234375,3435.0,3398.14990234375,3400.75,113506,TCS,BSE,yfinance,1d
2025-07-04,3401.10009765625,3426.0,3388.64990234375,3420.949951171875,170988,TCS,BSE,yfinance,1d
2025-07-07,3420.89990234375,3426.35009765625,3408.199951171875,3411.949951171875,77567,TCS,BSE,yfinance,1d
2025-07-08,3410.0,3424.0,3394.050048828125,3406.35009765625,377142,TCS,BSE,yfinance,1d
2025-07-09,3416.60009765625,3416.60009765625,3366.89990234375,3384.35009765625,79903,TCS,BSE,yfinance,1d
2025-07-10,3385.0,3399.75,3356.35009765625,3382.300048828125,268234,TCS,BSE,yfinance,1d
2025-07-11,3314.0,3337.25,3261.35009765625,3265.39990234375,453988,TCS,BSE,yfinance,1d
2025-07-14,3281.39990234375,3281.39990234375,3200.5,3223.199951171875,191459,TCS,BSE,yfinance,1d
2025-07-15,3210.0,3259.800048828125,3208.39990234375,3252.800048828125,236281,TCS,BSE,yfinance,1d
2025-07-16,3225.0,3245.0,3220.35009765625,3232.449951171875,124256,TCS,BSE,yfinance,1d
2025-07-17,3230.0,3242.050048828125,3204.0,3208.5,92023,TCS,BSE,yfinance,1d
2025-07-18,3213.050048828125,3227.949951171875,3186.89990234375,3189.85009765625,95407,TCS,BSE,yfinance,1d
2025-07-21,3221.699951171875,3221.699951171875,3152.5,3158.39990234375,66767,TCS,BSE,yfinance,1d
2025-07-22,3160.89990234375,3179.64990234375,3154.25,3159.75,127085,TCS,BSE,yfinance,1d
2025-07-23,3169.0,3182.949951171875,3159.0,3179.35009765625,78657,TCS,BSE,yfinance,1d
2025-07-24,3165.0,3174.300048828125,3140.0,3150.14990234375,142183,TCS,BSE,yfinance,1d
2025-07-25,3149.949951171875,3157.25,3127.0,3134.35009765625,101533,TCS,BSE,yfinance,1d
2025-07-28,3113.0,3113.050048828125,3070.0,3079.050048828125,224281,TCS,BSE,yfinance,1d
2025-07-29,3069.300048828125,3074.5,3041.0,3056.550048828125,163690,TCS,BSE,yfinance,1d
2025-07-30,3060.0,3070.0,3048.050048828125,3053.550048828125,100412,TCS,BSE,yfinance,1d
2025-07-31,3047.550048828125,3060.0,3015.050048828125,3037.35009765625,118847,TCS,BSE,yfinance,1d
2025-08-01,3021.449951171875,3037.300048828125,3000.0,3003.10009765625,262947,TCS,BSE,yfinance,1d
2025-08-04,3014.60009765625,3080.0,2992.050048828125,3074.89990234375,169679,TCS,BSE,yfinance,1d
2025-08-05,3072.0,3077.449951171875,3042.39990234375,3062.14990234375,131048,TCS,BSE,yfinance,1d
2025-08-06,3072.800048828125,3072.800048828125,3027.0,3031.60009765625,37832,TCS,BSE,yfinance,1d
2025-08-07,3029.85009765625,3050.949951171875,3012.0,3047.14990234375,88044,TCS,BSE,yfinance,1d
2025-08-08,3047.0,3058.0,3025.0,3034.5,80383,TCS,BSE,yfinance,1d
2025-08-11,3048.0,3049.14990234375,3021.89990234375,3040.35009765625,82049,TCS,BSE,yfinance,1d
2025-08-12,3042.199951171875,3095.449951171875,3025.800048828125,3035.5,52665,TCS,BSE,yfinance,1d
2025-08-13,3039.949951171875,3045.85009765625,3029.0,3035.60009765625,69512,TCS,BSE,yfinance,1d
2025-08-14,3035.60009765625,3055.0,3017.89990234375,3021.89990234375,150008,TCS,BSE,yfinance,1d
2025-08-18,3059.949951171875,3059.949951171875,3003.89990234375,3011.949951171875,93061,TCS,BSE,yfinance,1d
2025-08-19,3015.0,3024.89990234375,3010.0,3016.14990234375,166183,TCS,BSE,yfinance,1d
2025-08-20,3016.10009765625,3102.10009765625,3012.0,3097.39990234375,103099,TCS,BSE,yfinance,1d
2025-08-21,3115.050048828125,3123.0,3083.10009765625,3101.199951171875,56847,TCS,BSE,yfinance,1d
2025-08-22,3098.0,3098.0,3050.550048828125,3053.64990234375,84551,TCS,BSE,yfinance,1d
2025-08-25,3084.0,3152.0,3080.0,3140.75,178864,TCS,BSE,yfinance,1d
2025-08-26,3130.0,3163.39990234375,3121.0,3156.25,609827,TCS,BSE,yfinance,1d
2025-08-28,3155.949951171875,3155.949951171875,3087.10009765625,3096.64990234375,135322,TCS,BSE,yfinance,1d
2025-08-29,3090.0,3114.800048828125,3077.0,3084.39990234375,275151,TCS,BSE,yfinance,1d
2025-09-01,3096.60009765625,3130.699951171875,3095.14990234375,3112.199951171875,58410,TCS,BSE,yfinance,1d
2025-09-02,3123.0,3155.35009765625,3105.0,3112.14990234375,36874,TCS,BSE,yfinance,1d
2025-09-03,3120.300048828125,3142.64990234375,3087.75,3098.199951171875,172159,TCS,BSE,yfinance,1d
2025-09-04,3120.0,3120.0,3090.10009765625,3095.75,394965,TCS,BSE,yfinance,1d
2025-09-05,3099.949951171875,3104.60009765625,3029.5,3048.449951171875,191114,TCS,BSE,yfinance,1d
2025-09-08,3048.5,3066.550048828125,3016.60009765625,3019.300048828125,194003,TCS,BSE,yfinance,1d
2025-09-09,3034.89990234375,3059.89990234375,3031.050048828125,3049.449951171875,111210,TCS,BSE,yfinance,1d
2025-09-10,3055.0,3122.0,3055.0,3110.14990234375,250881,TCS,BSE,yfinance,1d
2025-09-11,3133.050048828125,3138.300048828125,3110.14990234375,3123.949951171875,533044,TCS,BSE,yfinance,1d
2025-09-12,3140.050048828125,3148.5,3120.35009765625,3134.050048828125,43288,TCS,BSE,yfinance,1d
2025-09-15,3126.050048828125,3131.0,3096.0,3111.5,103887,TCS,BSE,yfinance,1d
2025-09-16,3129.949951171875,3150.0,3109.39990234375,3145.449951171875,74763,TCS,BSE,yfinance,1d
2025-09-17,3155.449951171875,3182.0,3141.449951171875,3172.800048828125,142149,TCS,BSE,yfinance,1d
2025-09-18,3186.800048828125,3202.949951171875,3161.0,3176.25,365538,TCS,BSE,yfinance,1d
2025-09-19,3169.949951171875,3177.300048828125,3144.5,3169.85009765625,44929,TCS,BSE,yfinance,1d
2025-09-22,3070.10009765625,3106.60009765625,3063.050048828125,3074.050048828125,385138,TCS,BSE,yfinance,1d
2025-09-23,3074.0,3080.949951171875,3052.25,3062.35009765625,137822,TCS,BSE,yfinance,1d
2025-09-24,3049.949951171875,3058.39990234375,3034.0,3036.14990234375,93221,TCS,BSE,yfinance,1d
2025-09-25,3024.949951171875,3030.35009765625,2951.0,2960.35009765625,569581,TCS,BSE,yfinance,1d
2025-09-26,2940.0,2952.0,2892.0,2900.10009765625,590085,TCS,BSE,yfinance,1d
2025-09-29,2911.14990234375,2928.800048828125,2892.5,2896.39990234375,187488,TCS,BSE,yfinance,1d
2025-09-30,2919.800048828125,2919.800048828125,2886.0,2889.0,150363,TCS,BSE,yfinance,1d
2025-10-01,2889.0,2924.39990234375,2867.550048828125,2914.10009765625,566102,TCS,BSE,yfinance,1d
2025-10-03,2920.050048828125,2924.39990234375,2891.699951171875,2902.14990234375,80725,TCS,BSE,yfinance,1d
2025-10-06,2902.0,2992.0,2895.949951171875,2988.050048828125,190827,TCS,BSE,yfinance,1d
2025-10-07,2997.0,3004.5,2955.5,2973.85009765625,90183,TCS,BSE,yfinance,1d
2025-10-08,2973.85009765625,3042.0,2969.0,3026.85009765625,360325,TCS,BSE,yfinance,1d
2025-10-09,3035.0,3066.550048828125,3020.14990234375,3061.949951171875,439505,TCS,BSE,yfinance,1d
2025-10-10,3064.89990234375,3070.050048828125,3006.64990234375,3028.39990234375,286309,TCS,BSE,yfinance,1d
2025-10-13,3005.050048828125,3036.0,2998.800048828125,3007.14990234375,135947,TCS,BSE,yfinance,1d
2025-10-14,3010.050048828125,3027.0,2957.0,2960.300048828125,145577,TCS,BSE,yfinance,1d
2025-10-15,2974.949951171875,2979.89990234375,2951.60009765625,2969.0,229177,TCS,BSE,yfinance,1d
2025-10-16,2969.0,2974.550048828125,2944.25,2970.85009765625,534755,TCS,BSE,yfinance,1d
2025-10-17,2970.85009765625,2988.0,2955.050048828125,2962.60009765625,143733,TCS,BSE,yfinance,1d
2025-10-20,2971.14990234375,3022.0,2971.14990234375,3014.25,492693,TCS,BSE,yfinance,1d
2025-10-21,3014.25,3014.25,3014.25,3014.25,0,TCS,BSE,yfinance,1d
2025-10-23,3040.0,3097.949951171875,3038.60009765625,3074.64990234375,1303141,TCS,BSE,yfinance,1d
2025-10-24,3084.949951171875,3090.0,3058.050048828125,3062.449951171875,127168,TCS,BSE,yfinance,1d
2025-10-27,3063.199951171875,3093.75,3060.89990234375,3084.550048828125,52850,TCS,BSE,yfinance,1d
2025-10-28,3081.89990234375,3090.0,3041.050048828125,3056.85009765625,161232,TCS,BSE,yfinance,1d
2025-10-29,3056.85009765625,3075.35009765625,3046.5,3057.35009765625,56349,TCS,BSE,yfinance,1d
2025-10-30,3050.0,3064.89990234375,3031.800048828125,3035.550048828125,216814,TCS,BSE,yfinance,1d
2025-10-31,3033.0,3067.0,3026.699951171875,3057.800048828125,75073,TCS,BSE,yfinance,1d
2025-11-03,3055.75,3055.75,3010.0,3016.10009765625,76263,TCS,BSE,yfinance,1d
2025-11-04,3025.0,3029.550048828125,2976.0,2989.800048828125,133856,TCS,BSE,yfinance,1d
2025-11-06,2989.800048828125,3024.0,2989.800048828125,3011.050048828125,586552,TCS,BSE,yfinance,1d
2025-11-07,2996.199951171875,3002.39990234375,2960.0,2992.35009765625,167733,TCS,BSE,yfinance,1d
2025-11-10,2990.0,3047.0,2990.0,3025.800048828125,111706,TCS,BSE,yfinance,1d
2025-11-11,3047.89990234375,3055.0,3017.5,3048.14990234375,111395,TCS,BSE,yfinance,1d
2025-11-12,3056.10009765625,3136.0,3056.10009765625,3131.25,309022,TCS,BSE,yfinance,1d
2025-11-13,3131.25,3132.0,3101.050048828125,3105.699951171875,477009,TCS,BSE,yfinance,1d
2025-11-14,3099.75,3112.10009765625,3077.5,3105.0,167532,TCS,BSE,yfinance,1d
2025-11-17,3109.949951171875,3111.0,3087.60009765625,3102.550048828125,41297,TCS,BSE,yfinance,1d
2025-11-18,3100.0,3102.0,3080.0,3085.64990234375,104079,TCS,BSE,yfinance,1d
2025-11-19,3103.949951171875,3156.0,3084.050048828125,3147.199951171875,122096,TCS,BSE,yfinance,1d
2025-11-20,3150.0,3163.5,3137.14990234375,3145.75,361891,TCS,BSE,yfinance,1d
2025-11-21,3145.75,3170.0,3136.0,3150.050048828125,242380,TCS,BSE,yfinance,1d
2025-11-24,3145.449951171875,3179.0,3131.39990234375,3140.550048828125,112076,TCS,BSE,yfinance,1d
2025-11-25,3140.75,3146.949951171875,3115.449951171875,3119.800048828125,105596,TCS,BSE,yfinance,1d
2025-11-26,3119.800048828125,3177.0,3117.949951171875,3162.25,165644,TCS,BSE,yfinance,1d
2025-11-27,3174.14990234375,3178.85009765625,3125.0,3136.89990234375,401820,TCS,BSE,yfinance,1d
2025-11-28,3136.5,3146.949951171875,3125.0,3139.64990234375,63941,TCS,BSE,yfinance,1d
2025-12-01,3135.0,3152.5,3122.699951171875,3135.699951171875,204505,TCS,BSE,yfinance,1d
2025-12-02,3125.199951171875,3143.699951171875,3121.050048828125,3135.60009765625,69073,TCS,BSE,yfinance,1d
2025-12-03,3150.0,3212.0,3136.0,3179.949951171875,217359,TCS,BSE,yfinance,1d
2025-12-04,3181.25,3249.949951171875,3181.25,3228.89990234375,532289,TCS,BSE,yfinance,1d
2025-12-05,3239.5,3270.699951171875,3223.25,3238.89990234375,350070,TCS,BSE,yfinance,1d
2025-12-08,3238.0,3259.800048828125,3210.0,3237.89990234375,219632,TCS,BSE,yfinance,1d
2025-12-09,3226.25,3236.199951171875,3180.800048828125,3208.25,171236,TCS,BSE,yfinance,1d
2025-12-10,3208.25,3216.5,3178.699951171875,3188.14990234375,174012,TCS,BSE,yfinance,1d
2025-12-11,3206.0,3207.75,3153.75,3191.60009765625,397514,TCS,BSE,yfinance,1d
2025-12-12,3198.699951171875,3223.949951171875,3184.949951171875,3220.14990234375,113769,TCS,BSE,yfinance,1d
2025-12-15,3220.10009765625,3237.0,3196.300048828125,3230.39990234375,53689,TCS,BSE,yfinance,1d
2025-12-16,3221.0,3221.050048828125,3191.0,3204.550048828125,60794,TCS,BSE,yfinance,1d
2025-12-17,3204.550048828125,3236.10009765625,3201.050048828125,3217.60009765625,37162,TCS,BSE,yfinance,1d
2025-12-18,3234.699951171875,3288.699951171875,3224.050048828125,3280.10009765625,309024,TCS,BSE,yfinance,1d
2025-12-19,3300.0,3317.89990234375,3277.199951171875,3282.60009765625,65524,TCS,BSE,yfinance,1d
2025-12-22,3300.10009765625,3328.199951171875,3290.39990234375,3324.64990234375,142041,TCS,BSE,yfinance,1d
2025-12-23,3324.39990234375,3324.39990234375,3294.199951171875,3310.5,97640,TCS,BSE,yfinance,1d
2025-12-24,3308.800048828125,3326.0,3295.39990234375,3320.35009765625,156179,TCS,BSE,yfinance,1d
2025-12-26,3312.0,3319.0,3274.0,3279.800048828125,94124,TCS,BSE,yfinance,1d
2025-12-29,3279.800048828125,3286.0,3243.5,3253.64990234375,74178,TCS,BSE,yfinance,1d
2025-12-30,3240.10009765625,3266.0,3239.5,3247.5,58391,TCS,BSE,yfinance,1d
2025-12-31,3246.0,3246.0,3199.10009765625,3205.75,126727,TCS,BSE,yfinance,1d
2026-01-01,3206.050048828125,3234.25,3198.75,3226.800048828125,220572,TCS,BSE,yfinance,1d
2026-01-02,3243.39990234375,3253.39990234375,3220.0,3250.10009765625,63797,TCS,BSE,yfinance,1d
2026-01-05,3249.85009765625,3249.85009765625,3191.85009765625,3214.699951171875,126704,TCS,BSE,yfinance,1d
2026-01-06,3211.10009765625,3259.0,3206.39990234375,3255.75,24666,TCS,BSE,yfinance,1d
2026-01-07,3247.199951171875,3300.0,3230.5,3294.449951171875,119941,TCS,BSE,yfinance,1d
2026-01-08,3294.449951171875,3294.449951171875,3181.60009765625,3204.300048828125,446517,TCS,BSE,yfinance,1d
2026-01-09,3185.050048828125,3229.300048828125,3185.050048828125,3208.0,161257,TCS,BSE,yfinance,1d
2026-01-12,3201.0,3250.0,3174.10009765625,3235.699951171875,180366,TCS,BSE,yfinance,1d
2026-01-13,3265.0,3279.0,3210.300048828125,3267.60009765625,266941,TCS,BSE,yfinance,1d
2026-01-14,3264.949951171875,3264.949951171875,3183.050048828125,3192.300048828125,428686,TCS,BSE,yfinance,1d
2026-01-16,3215.050048828125,3221.0,3172.199951171875,3206.699951171875,129233,TCS,BSE,yfinance,1d
2026-01-19,3185.550048828125,3219.89990234375,3151.699951171875,3163.0,197502,TCS,BSE,yfinance,1d
2026-01-20,3152.0,3160.89990234375,3094.050048828125,3108.050048828125,588857,TCS,BSE,yfinance,1d
2026-01-21,3091.199951171875,3137.25,3082.0,3121.300048828125,183440,TCS,BSE,yfinance,1d
2026-01-22,3140.10009765625,3159.0,3121.550048828125,3151.25,150626,TCS,BSE,yfinance,1d
2026-01-23,3152.10009765625,3193.75,3152.0,3160.85009765625,95171,TCS,BSE,yfinance,1d
2026-01-27,3161.199951171875,3176.5,3131.0,3158.39990234375,164571,TCS,BSE,yfinance,1d
2026-01-28,3160.10009765625,3205.0,3160.10009765625,3199.85009765625,144008,TCS,BSE,yfinance,1d
2026-01-29,3199.85009765625,3200.0,3126.550048828125,3146.10009765625,194322,TCS,BSE,yfinance,1d
2026-01-30,3146.0,3146.0,3092.300048828125,3125.050048828125,70775,TCS,BSE,yfinance,1d
2026-02-02,3188.050048828125,3198.800048828125,3133.550048828125,3169.300048828125,88371,TCS,BSE,yfinance,1d
2026-02-03,3320.89990234375,3336.699951171875,3185.550048828125,3223.699951171875,176445,TCS,BSE,yfinance,1d
2026-02-04,3122.0,3122.0,2986.85009765625,2999.800048828125,962707,TCS,BSE,yfinance,1d
2026-02-05,2998.949951171875,3029.5,2970.35009765625,2992.050048828125,387547,TCS,BSE,yfinance,1d
2026-02-06,2992.0,2992.0,2915.14990234375,2941.449951171875,388720,TCS,BSE,yfinance,1d
2026-02-09,2979.949951171875,2979.949951171875,2935.0,2947.10009765625,64908,TCS,BSE,yfinance,1d
2026-02-10,2950.0,3011.0,2943.550048828125,2984.25,468333,TCS,BSE,yfinance,1d
2026-02-11,2984.64990234375,2998.0,2905.0,2909.39990234375,149418,TCS,BSE,yfinance,1d
2026-02-12,2883.550048828125,2883.550048828125,2740.14990234375,2751.89990234375,715354,TCS,BSE,yfinance,1d
2026-02-13,2579.0,2712.39990234375,2579.0,2692.14990234375,796863,TCS,BSE,yfinance,1d
2026-02-16,2700.0,2720.0,2671.5,2708.199951171875,377663,TCS,BSE,yfinance,1d
2026-02-17,2715.0,2759.300048828125,2695.050048828125,2717.449951171875,343290,TCS,BSE,yfinance,1d
2026-02-18,2735.75,2735.75,2658.0,2694.60009765625,211740,TCS,BSE,yfinance,1d
2026-02-19,2716.25,2748.0,2668.0,2680.449951171875,181680,TCS,BSE,yfinance,1d
2026-02-20,2676.949951171875,2702.85009765625,2648.449951171875,2686.64990234375,180374,TCS,BSE,yfinance,1d
2026-02-23,2686.64990234375,2704.449951171875,2660.449951171875,2675.85009765625,209954,TCS,BSE,yfinance,1d
2026-02-24,2640.0,2648.699951171875,2561.949951171875,2574.5,403845,TCS,BSE,yfinance,1d
2026-02-25,2580.550048828125,2653.449951171875,2580.550048828125,2629.5,275224,TCS,BSE,yfinance,1d
2026-02-26,2636.199951171875,2670.0,2634.800048828125,2647.699951171875,180513,TCS,BSE,yfinance,1d
2026-02-27,2678.0,2688.199951171875,2627.0,2636.39990234375,139073,TCS,BSE,yfinance,1d
2026-03-02,2551.550048828125,2623.699951171875,2551.550048828125,2613.199951171875,103494,TCS,BSE,yfinance,1d
2026-03-04,2595.050048828125,2634.800048828125,2580.39990234375,2587.35009765625,107842,TCS,BSE,yfinance,1d
2026-03-05,2593.050048828125,2610.800048828125,2546.25,2583.5,207154,TCS,BSE,yfinance,1d
2026-03-06,2575.0,2619.0,2555.0,2557.64990234375,104196,TCS,BSE,yfinance,1d
2026-03-09,2530.0,2559.949951171875,2505.550048828125,2527.699951171875,175882,TCS,BSE,yfinance,1d
2026-03-10,2545.0,2546.0,2490.35009765625,2513.39990234375,171908,TCS,BSE,yfinance,1d
2026-03-11,2513.35009765625,2520.35009765625,2461.5,2465.14990234375,196083,TCS,BSE,yfinance,1d
2026-03-12,2460.0,2472.5,2436.0,2442.85009765625,326704,TCS,BSE,yfinance,1d
2026-03-13,2442.0,2445.0,2397.10009765625,2410.300048828125,218508,TCS,BSE,yfinance,1d
2026-03-16,2410.300048828125,2424.89990234375,2366.39990234375,2408.35009765625,130847,TCS,BSE,yfinance,1d
2026-03-17,2422.0,2422.0,2360.0,2391.75,101752,TCS,BSE,yfinance,1d
2026-03-18,2410.0,2483.050048828125,2410.0,2441.14990234375,246142,TCS,BSE,yfinance,1d
2026-03-19,2416.0,2423.14990234375,2350.10009765625,2356.550048828125,416565,TCS,BSE,yfinance,1d
2026-03-20,2379.10009765625,2407.800048828125,2364.0,2390.60009765625,188527,TCS,BSE,yfinance,1d
2026-03-23,2365.0,2407.0,2350.0,2382.89990234375,337307,TCS,BSE,yfinance,1d
2026-03-24,2419.89990234375,2435.550048828125,2378.699951171875,2398.800048828125,162128,TCS,BSE,yfinance,1d
2026-03-25,2415.39990234375,2421.699951171875,2371.0,2378.14990234375,672818,TCS,BSE,yfinance,1d
2026-03-27,2385.050048828125,2421.949951171875,2385.050048828125,2389.85009765625,386217,TCS,BSE,yfinance,1d
2026-03-30,2379.949951171875,2397.300048828125,2348.25,2359.050048828125,515850,TCS,BSE,yfinance,1d
2026-04-01,2417.10009765625,2470.89990234375,2396.64990234375,2408.300048828125,283152,TCS,BSE,yfinance,1d
2026-04-02,2389.949951171875,2469.89990234375,2377.199951171875,2451.64990234375,512806,TCS,BSE,yfinance,1d
2026-04-06,2455.64990234375,2482.0,2448.199951171875,2473.550048828125,137113,TCS,BSE,yfinance,1d
2026-04-07,2468.85009765625,2543.949951171875,2446.550048828125,2539.85009765625,141868,TCS,BSE,yfinance,1d
2026-04-08,2583.949951171875,2583.949951171875,2540.199951171875,2559.800048828125,276577,TCS,BSE,yfinance,1d
2026-04-09,2559.75,2605.0,2530.199951171875,2587.75,735772,TCS,BSE,yfinance,1d
2026-04-10,2587.75,2587.800048828125,2501.699951171875,2524.35009765625,496022,TCS,BSE,yfinance,1d
2026-04-13,2480.199951171875,2505.89990234375,2472.0,2472.64990234375,201038,TCS,BSE,yfinance,1d
2026-04-15,2496.14990234375,2557.5,2495.0,2554.39990234375,456607,TCS,BSE,yfinance,1d
2026-04-16,2573.0,2593.89990234375,2558.0,2577.10009765625,500401,TCS,BSE,yfinance,1d
2026-04-17,2576.85009765625,2589.0,2556.10009765625,2581.64990234375,154121,TCS,BSE,yfinance,1d
2026-04-20,2594.39990234375,2594.39990234375,2561.64990234375,2578.449951171875,141974,TCS,BSE,yfinance,1d
2026-04-21,2567.75,2613.949951171875,2557.64990234375,2610.550048828125,110854,TCS,BSE,yfinance,1d
2026-04-22,2587.949951171875,2587.949951171875,2504.050048828125,2537.550048828125,301395,TCS,BSE,yfinance,1d
2026-04-23,2538.949951171875,2559.0,2516.10009765625,2522.550048828125,206766,TCS,BSE,yfinance,1d
2026-04-24,2499.89990234375,2505.0,2389.0,2397.300048828125,387455,TCS,BSE,yfinance,1d
2026-04-27,2396.89990234375,2458.5,2396.89990234375,2447.449951171875,225741,TCS,BSE,yfinance,1d
2026-04-28,2449.0,2486.300048828125,2428.0,2444.699951171875,58714,TCS,BSE,yfinance,1d
2026-04-29,2446.199951171875,2487.89990234375,2446.199951171875,2473.199951171875,139941,TCS,BSE,yfinance,1d
2026-04-30,2473.25,2491.39990234375,2438.10009765625,2473.5,456652,TCS,BSE,yfinance,1d
2026-05-04,2499.949951171875,2499.949951171875,2425.0,2430.75,325892,TCS,BSE,yfinance,1d
2026-05-05,2432.0,2460.0,2412.89990234375,2426.75,85976,TCS,BSE,yfinance,1d
2026-05-06,2474.85009765625,2474.85009765625,2407.10009765625,2435.35009765625,70524,TCS,BSE,yfinance,1d
2026-05-07,2440.0,2440.0,2397.550048828125,2401.75,316197,TCS,BSE,yfinance,1d
2026-05-08,2400.0,2406.85009765625,2375.0,2394.85009765625,195804,TCS,BSE,yfinance,1d
2026-05-11,2370.0,2415.0,2370.0,2392.449951171875,163025,TCS,BSE,yfinance,1d
2026-05-12,2370.0,2371.800048828125,2283.050048828125,2300.64990234375,277898,TCS,BSE,yfinance,1d
2026-05-13,2300.75,2310.0,2270.0,2272.699951171875,210328,TCS,BSE,yfinance,1d
2026-05-14,2271.85009765625,2271.85009765625,2210.0,2245.85009765625,670456,TCS,BSE,yfinance,1d
2026-05-15,2253.949951171875,2304.199951171875,2253.89990234375,2263.800048828125,98827,TCS,BSE,yfinance,1d
2026-05-18,2272.85009765625,2292.550048828125,2252.949951171875,2284.199951171875,157334,TCS,BSE,yfinance,1d
2026-05-19,2293.10009765625,2377.0,2293.10009765625,2327.550048828125,382267,TCS,BSE,yfinance,1d
2026-05-20,2329.60009765625,2343.0,2317.050048828125,2328.800048828125,199972,TCS,BSE,yfinance,1d
2026-05-21,2327.39990234375,2332.949951171875,2314.10009765625,2327.800048828125,234071,TCS,BSE,yfinance,1d
2026-05-22,2328.10009765625,2339.64990234375,2310.0,2319.0,890747,TCS,BSE,yfinance,1d
2026-05-25,2349.800048828125,2349.800048828125,2293.300048828125,2307.75,62982,TCS,BSE,yfinance,1d
2026-05-26,2307.0,2327.64990234375,2272.5,2276.699951171875,103876,TCS,BSE,yfinance,1d
2026-05-27,2277.0,2295.300048828125,2261.0,2281.0,395626,TCS,BSE,yfinance,1d
2026-05-28,2281.0,2281.0,2281.0,2281.0,0,TCS,BSE,yfinance,1d
2026-05-29,2313.449951171875,2333.699951171875,2235.0,2253.89990234375,250006,TCS,BSE,yfinance,1d
2026-06-01,2286.85009765625,2335.699951171875,2278.60009765625,2297.949951171875,161804,TCS,BSE,yfinance,1d
2026-06-02,2315.0,2457.0,2315.0,2448.10009765625,693123,TCS,BSE,yfinance,1d
2026-06-03,2405.5,2405.5,2225.449951171875,2241.699951171875,1148517,TCS,BSE,yfinance,1d
2026-06-04,2241.699951171875,2253.85009765625,2217.050048828125,2239.60009765625,291457,TCS,BSE,yfinance,1d
2026-06-05,2267.5,2271.75,2192.10009765625,2198.25,270021,TCS,BSE,yfinance,1d
2026-06-08,2179.699951171875,2179.699951171875,2144.0,2151.449951171875,349334,TCS,BSE,yfinance,1d
2026-06-09,2172.0,2173.0,2133.64990234375,2149.550048828125,227817,TCS,BSE,yfinance,1d
2026-06-10,2158.39990234375,2180.550048828125,2146.10009765625,2153.89990234375,131350,TCS,BSE,yfinance,1d
2026-06-11,2129.949951171875,2153.89990234375,2110.0,2135.300048828125,259684,TCS,BSE,yfinance,1d
2026-06-12,2150.10009765625,2167.5,2138.60009765625,2161.5,101685,TCS,BSE,yfinance,1d
2026-06-15,2192.0,2194.85009765625,2159.300048828125,2161.699951171875,220076,TCS,BSE,yfinance,1d
2026-06-16,2173.0,2208.5,2162.0,2198.85009765625,143516,TCS,BSE,yfinance,1d
2026-06-17,2200.60009765625,2230.0,2200.60009765625,2222.60009765625,99644,TCS,BSE,yfinance,1d
2026-06-18,2222.0,2222.0,2182.0,2204.300048828125,269501,TCS,BSE,yfinance,1d
2026-06-19,2113.949951171875,2139.39990234375,2060.5,2126.39990234375,706601,TCS,BSE,yfinance,1d
2026-06-22,2130.5,2156.5,2122.0,2127.300048828125,241061,TCS,BSE,yfinance,1d
2026-06-23,2109.0,2121.14990234375,2055.10009765625,2060.14990234375,511030,TCS,BSE,yfinance,1d
2026-06-24,2060.0,2120.0,2060.0,2108.75,553141,TCS,BSE,yfinance,1d
2026-06-25,2139.800048828125,2148.64990234375,2088.050048828125,2095.60009765625,351166,TCS,BSE,yfinance,1d
2026-06-26,2095.60009765625,2095.60009765625,2095.60009765625,2095.60009765625,0,TCS,BSE,yfinance,1d
2026-06-29,2085.10009765625,2104.25,2072.0,2096.949951171875,186505,TCS,BSE,yfinance,1d
2026-06-30,2096.949951171875,2103.14990234375,2018.9000244140625,2034.050048828125,323401,TCS,BSE,yfinance,1d
2026-07-01,2045.5,2051.89990234375,1976.0,1982.199951171875,412789,TCS,BSE,yfinance,1d
2026-07-02,2008.699951171875,2077.10009765625,2003.0,2067.050048828125,504701,TCS,BSE,yfinance,1d
2026-07-03,2108.35009765625,2116.449951171875,2085.10009765625,2092.75,160501,TCS,BSE,yfinance,1d
2026-07-06,2096.800048828125,2096.800048828125,2050.60009765625,2057.5,130125,TCS,BSE,yfinance,1d
2026-07-07,2055.0,2122.300048828125,2050.0,2095.85009765625,200515,TCS,BSE,yfinance,1d
2026-07-08,2098.0,2109.0,2049.0,2058.550048828125,160135,TCS,BSE,yfinance,1d
2026-07-09,2055.300048828125,2064.60009765625,2016.050048828125,2047.75,482922,TCS,BSE,yfinance,1d
2026-07-10,2109.949951171875,2132.0,2064.800048828125,2069.050048828125,459346,TCS,BSE,yfinance,1d
2026-07-13,2069.14990234375,2204.75,2062.5,2181.449951171875,1130638,TCS,BSE,yfinance,1d
2026-07-14,2186.85009765625,2227.85009765625,2178.199951171875,2200.949951171875,357414,TCS,BSE,yfinance,1d
2026-07-15,2173.0,2202.39990234375,2144.0,2188.89990234375,338725,TCS,BSE,yfinance,1d
2026-07-16,2204.89990234375,2231.75,2188.60009765625,2201.800048828125,320820,TCS,BSE,yfinance,1d
2026-07-17,2220.0,2273.0,2217.0,2268.25,558888,TCS,BSE,yfinance,1d
2026-07-20,2284.14990234375,2285.10009765625,2244.5,2250.10009765625,144070,TCS,BSE,yfinance,1d
2026-07-21,2249.89990234375,2259.0,2218.14990234375,2220.5,87980,TCS,BSE,yfinance,1d
2026-07-22,2214.85009765625,2227.14990234375,2200.25,2208.85009765625,93067,TCS,BSE,yfinance,1d
2026-07-23,2200.0,2249.89990234375,2194.0,2242.25,277875,TCS,BSE,yfinance,1d
2026-07-24,2210.0,2263.949951171875,2209.89990234375,2253.89990234375,96199,TCS,BSE,yfinance,1d
2026-07-27,2283.199951171875,2315.0,2272.699951171875,2295.14990234375,128471,TCS,BSE,yfinance,1d
2026-07-28,2324.0,2417.0,2324.0,2397.800048828125,464802,TCS,BSE,yfinance,1d
2026-07-29,2447.39990234375,2474.89990234375,2416.75,2445.60009765625,386065,TCS,BSE,yfinance,1d
2026-07-30,2445.550048828125,2494.199951171875,2423.0,2431.89990234375,235401,TCS,BSE,yfinance,1d
2026-07-31,2398.949951171875,2398.949951171875,2329.800048828125,2365.60009765625,228858,TCS,BSE,yfinance,1d
2026-08-03,2381.949951171875,2460.0,2381.949951171875,2450.0,190652,TCS,BSE,yfinance,1d
2026-08-04,2478.449951171875,2478.449951171875,2435.0,2450.0,97957,TCS,BSE,yfinance,1d
2026-08-05,2464.949951171875,2470.949951171875,2407.300048828125,2419.800048828125,122721,TCS,BSE,yfinance,1d
2026-08-06,2418.949951171875,2435.35009765625,2369.0,2370.0,233061,TCS,BSE,yfinance,1d
2026-08-07,2384.64990234375,2456.5,2375.0,2453.699951171875,230249,TCS,BSE,yfinance,1d
2026-08-10,2453.0,2472.0,2425.0,2434.0,168605,TCS,BSE,yfinance,1d
2026-08-11,2441.949951171875,2456.199951171875,2427.35009765625,2440.199951171875,117915,TCS,BSE,yfinance,1d
2026-08-12,2448.699951171875,2448.699951171875,2301.10009765625,2349.699951171875,463045,TCS,BSE,yfinance,1d
2026-08-13,2349.699951171875,2375.050048828125,2332.39990234375,2372.89990234375,362339,TCS,BSE,yfinance,1d
2026-08-14,2379.949951171875,2390.449951171875,2333.0,2359.0,136541,TCS,BSE,yfinance,1d
