date,open,high,low,close,volume,symbol,exchange,source,interval
2021-08-16,7500.0,7500.0,7335.75,7348.0,6361,ULTRACEMCO,BSE,yfinance,1d
2021-08-17,7385.0,7427.5498046875,7301.0498046875,7410.2998046875,7535,ULTRACEMCO,BSE,yfinance,1d
2021-08-18,7410.2998046875,7719.4501953125,7410.0,7592.60009765625,26736,ULTRACEMCO,BSE,yfinance,1d
2021-08-20,7600.0,7627.10009765625,7440.14990234375,7490.7001953125,5119,ULTRACEMCO,BSE,yfinance,1d
2021-08-23,7521.0,7526.7001953125,7290.0,7350.10009765625,454516,ULTRACEMCO,BSE,yfinance,1d
2021-08-24,7448.0,7469.64990234375,7370.0,7456.4501953125,5173,ULTRACEMCO,BSE,yfinance,1d
2021-08-25,7484.9501953125,7484.9501953125,7364.9501953125,7383.14990234375,5516,ULTRACEMCO,BSE,yfinance,1d
2021-08-26,7375.0,7410.0,7301.0,7306.64990234375,8119,ULTRACEMCO,BSE,yfinance,1d
2021-08-27,7326.0,7591.0,7326.0,7567.39990234375,13743,ULTRACEMCO,BSE,yfinance,1d
2021-08-30,7575.7998046875,7743.0,7575.35009765625,7701.75,12346,ULTRACEMCO,BSE,yfinance,1d
2021-08-31,7704.0,7860.39990234375,7675.89990234375,7833.9501953125,52563,ULTRACEMCO,BSE,yfinance,1d
2021-09-01,7860.0,7929.9501953125,7690.75,7764.14990234375,13449,ULTRACEMCO,BSE,yfinance,1d
2021-09-02,7799.89990234375,7991.0,7781.89990234375,7954.39990234375,10921,ULTRACEMCO,BSE,yfinance,1d
2021-09-03,7980.0,8029.0,7870.0,7928.2001953125,8302,ULTRACEMCO,BSE,yfinance,1d
2021-09-06,7988.0,8048.0498046875,7929.0,7949.89990234375,7364,ULTRACEMCO,BSE,yfinance,1d
2021-09-07,7954.0,8057.9501953125,7912.7001953125,8019.2998046875,8242,ULTRACEMCO,BSE,yfinance,1d
2021-09-08,8017.0498046875,8070.60009765625,7950.0,7991.89990234375,4006,ULTRACEMCO,BSE,yfinance,1d
2021-09-09,7901.0,7976.2001953125,7900.39990234375,7941.7998046875,3612,ULTRACEMCO,BSE,yfinance,1d
2021-09-13,7948.0,7960.0498046875,7905.2001953125,7934.2998046875,5187,ULTRACEMCO,BSE,yfinance,1d
2021-09-14,7962.0,7964.0,7852.0498046875,7857.39990234375,3433,ULTRACEMCO,BSE,yfinance,1d
2021-09-15,7944.0,7944.0,7790.89990234375,7824.10009765625,6368,ULTRACEMCO,BSE,yfinance,1d
2021-09-16,7836.0,7869.9501953125,7731.75,7771.0498046875,8166,ULTRACEMCO,BSE,yfinance,1d
2021-09-17,7791.0,7837.2001953125,7662.2001953125,7709.39990234375,12316,ULTRACEMCO,BSE,yfinance,1d
2021-09-20,7700.0,7721.89990234375,7546.2001953125,7574.7998046875,10477,ULTRACEMCO,BSE,yfinance,1d
2021-09-21,7575.0,7680.0498046875,7519.5,7596.35009765625,6257,ULTRACEMCO,BSE,yfinance,1d
2021-09-22,7556.0,7669.75,7556.0,7622.5498046875,16041,ULTRACEMCO,BSE,yfinance,1d
2021-09-23,7645.5498046875,7692.39990234375,7582.25,7616.25,100409,ULTRACEMCO,BSE,yfinance,1d
2021-09-24,7625.0,7640.0,7501.0,7525.25,4626,ULTRACEMCO,BSE,yfinance,1d
2021-09-27,7525.25,7672.2998046875,7525.25,7626.2001953125,13514,ULTRACEMCO,BSE,yfinance,1d
2021-09-28,7625.0,7786.2001953125,7550.0,7587.75,17152,ULTRACEMCO,BSE,yfinance,1d
2021-09-29,7587.75,7658.89990234375,7440.5498046875,7466.9501953125,10334,ULTRACEMCO,BSE,yfinance,1d
2021-09-30,7538.0,7538.0,7373.89990234375,7395.35009765625,12320,ULTRACEMCO,BSE,yfinance,1d
2021-10-01,7409.0,7501.0,7360.0,7487.35009765625,7783,ULTRACEMCO,BSE,yfinance,1d
2021-10-04,7499.0,7608.14990234375,7496.2001953125,7514.14990234375,13767,ULTRACEMCO,BSE,yfinance,1d
2021-10-05,7552.5,7560.0,7452.5,7461.9501953125,4590,ULTRACEMCO,BSE,yfinance,1d
2021-10-06,7465.0,7540.0,7341.9501953125,7367.0498046875,37508,ULTRACEMCO,BSE,yfinance,1d
2021-10-07,7380.0,7458.2998046875,7315.0,7356.2998046875,43667,ULTRACEMCO,BSE,yfinance,1d
2021-10-08,7393.0,7402.85009765625,7326.39990234375,7336.75,8159,ULTRACEMCO,BSE,yfinance,1d
2021-10-11,7352.0,7406.0,7315.0,7335.0498046875,102855,ULTRACEMCO,BSE,yfinance,1d
2021-10-12,7325.0,7359.2998046875,7190.0,7252.35009765625,17174,ULTRACEMCO,BSE,yfinance,1d
2021-10-13,7300.0,7386.0498046875,7257.5,7349.0,11033,ULTRACEMCO,BSE,yfinance,1d
2021-10-14,7449.39990234375,7457.14990234375,7341.7998046875,7403.5,10523,ULTRACEMCO,BSE,yfinance,1d
2021-10-18,7500.0498046875,7642.5498046875,7303.25,7397.7001953125,52529,ULTRACEMCO,BSE,yfinance,1d
2021-10-19,7415.14990234375,7453.39990234375,7150.0,7174.89990234375,22911,ULTRACEMCO,BSE,yfinance,1d
2021-10-20,7107.0,7307.7001953125,7094.60009765625,7135.64990234375,125445,ULTRACEMCO,BSE,yfinance,1d
2021-10-21,7184.0,7190.0,7090.0,7126.89990234375,9944,ULTRACEMCO,BSE,yfinance,1d
2021-10-22,7131.0,7230.0,7100.0498046875,7153.7001953125,8199,ULTRACEMCO,BSE,yfinance,1d
2021-10-25,7160.0,7173.60009765625,7010.0,7147.0,11769,ULTRACEMCO,BSE,yfinance,1d
2021-10-26,7195.0,7297.7998046875,7157.7001953125,7266.7998046875,22543,ULTRACEMCO,BSE,yfinance,1d
2021-10-27,7269.0,7370.60009765625,7238.4501953125,7360.0,28322,ULTRACEMCO,BSE,yfinance,1d
2021-10-28,7355.0,7499.0,7351.0,7438.75,40352,ULTRACEMCO,BSE,yfinance,1d
2021-10-29,7440.0,7690.5,7345.10009765625,7632.75,16460,ULTRACEMCO,BSE,yfinance,1d
2021-11-01,7700.0,7807.0,7657.7998046875,7773.25,9024,ULTRACEMCO,BSE,yfinance,1d
2021-11-02,7799.0,7818.85009765625,7690.10009765625,7709.64990234375,4769,ULTRACEMCO,BSE,yfinance,1d
2021-11-03,7780.0,7900.0,7733.0498046875,7891.2001953125,9294,ULTRACEMCO,BSE,yfinance,1d
2021-11-04,7892.0,7936.10009765625,7864.0,7877.35009765625,4065,ULTRACEMCO,BSE,yfinance,1d
2021-11-08,7955.0,8267.0,7850.0,8212.5498046875,31379,ULTRACEMCO,BSE,yfinance,1d
2021-11-09,8210.0,8256.4501953125,8146.64990234375,8164.35009765625,8810,ULTRACEMCO,BSE,yfinance,1d
2021-11-10,8164.0,8185.0,8048.2001953125,8106.35009765625,8729,ULTRACEMCO,BSE,yfinance,1d
2021-11-11,8106.0,8143.60009765625,8005.0,8047.10009765625,4353,ULTRACEMCO,BSE,yfinance,1d
2021-11-12,8100.0,8105.0,8005.0,8084.25,3169,ULTRACEMCO,BSE,yfinance,1d
2021-11-15,8084.0,8170.0,8031.2998046875,8046.64990234375,7639,ULTRACEMCO,BSE,yfinance,1d
2021-11-16,8139.0,8139.0,7853.4501953125,7883.0498046875,5833,ULTRACEMCO,BSE,yfinance,1d
2021-11-17,7800.0,7945.0,7800.0,7860.9501953125,9991,ULTRACEMCO,BSE,yfinance,1d
2021-11-18,7881.0,7928.0,7715.85009765625,7770.35009765625,7407,ULTRACEMCO,BSE,yfinance,1d
2021-11-22,7770.0,7800.0,7550.14990234375,7649.60009765625,10539,ULTRACEMCO,BSE,yfinance,1d
2021-11-23,7679.0,7712.7998046875,7547.7001953125,7657.10009765625,8625,ULTRACEMCO,BSE,yfinance,1d
2021-11-24,7742.7998046875,7758.5498046875,7550.0,7581.0,4424,ULTRACEMCO,BSE,yfinance,1d
2021-11-25,7590.0,7630.0,7521.89990234375,7610.10009765625,4582,ULTRACEMCO,BSE,yfinance,1d
2021-11-26,7500.0,7562.0,7370.0,7390.64990234375,11074,ULTRACEMCO,BSE,yfinance,1d
2021-11-29,7399.0,7432.0,7203.0498046875,7392.7998046875,10702,ULTRACEMCO,BSE,yfinance,1d
2021-11-30,7351.0,7516.64990234375,7351.0,7434.39990234375,6598,ULTRACEMCO,BSE,yfinance,1d
2021-12-01,7489.0,7668.60009765625,7300.0,7324.60009765625,9743,ULTRACEMCO,BSE,yfinance,1d
2021-12-02,7350.0,7386.35009765625,7263.7998046875,7322.25,7108,ULTRACEMCO,BSE,yfinance,1d
2021-12-03,7379.0,7450.0,7298.7998046875,7339.75,7569,ULTRACEMCO,BSE,yfinance,1d
2021-12-06,7370.0,7387.14990234375,7202.35009765625,7215.7001953125,8041,ULTRACEMCO,BSE,yfinance,1d
2021-12-07,7349.0,7349.0,7235.89990234375,7296.85009765625,4653,ULTRACEMCO,BSE,yfinance,1d
2021-12-08,7330.0,7459.0,7305.0,7421.60009765625,17119,ULTRACEMCO,BSE,yfinance,1d
2021-12-09,7450.0,7509.89990234375,7395.0,7438.7998046875,2968,ULTRACEMCO,BSE,yfinance,1d
2021-12-10,7510.0,7510.0,7392.10009765625,7440.64990234375,3284,ULTRACEMCO,BSE,yfinance,1d
2021-12-13,7549.9501953125,7549.9501953125,7391.39990234375,7423.2998046875,8975,ULTRACEMCO,BSE,yfinance,1d
2021-12-14,7427.0,7453.5,7336.7001953125,7386.4501953125,3311,ULTRACEMCO,BSE,yfinance,1d
2021-12-15,7386.7998046875,7407.14990234375,7339.25,7371.60009765625,2338,ULTRACEMCO,BSE,yfinance,1d
2021-12-16,7381.2998046875,7437.39990234375,7375.0,7411.39990234375,2937,ULTRACEMCO,BSE,yfinance,1d
2021-12-17,7400.0498046875,7400.0498046875,7304.9501953125,7335.75,2961,ULTRACEMCO,BSE,yfinance,1d
2021-12-20,7299.0,7299.0,7039.4501953125,7164.64990234375,9959,ULTRACEMCO,BSE,yfinance,1d
2021-12-21,7160.0,7372.0,7160.0,7325.35009765625,4698,ULTRACEMCO,BSE,yfinance,1d
2021-12-22,7360.0,7424.60009765625,7313.2001953125,7376.39990234375,3367,ULTRACEMCO,BSE,yfinance,1d
2021-12-23,7401.0,7427.0,7304.2001953125,7339.0498046875,3055,ULTRACEMCO,BSE,yfinance,1d
2021-12-24,7399.4501953125,7449.7001953125,7203.35009765625,7224.0498046875,5616,ULTRACEMCO,BSE,yfinance,1d
2021-12-27,7329.89990234375,7329.89990234375,7176.0498046875,7253.5,2808,ULTRACEMCO,BSE,yfinance,1d
2021-12-28,7271.4501953125,7417.2998046875,7271.4501953125,7405.2001953125,7010,ULTRACEMCO,BSE,yfinance,1d
2021-12-29,7350.0,7456.2001953125,7350.0,7427.5498046875,8444,ULTRACEMCO,BSE,yfinance,1d
2021-12-30,7422.9501953125,7493.0,7380.4501953125,7397.9501953125,5305,ULTRACEMCO,BSE,yfinance,1d
2021-12-31,7411.75,7656.9501953125,7411.75,7591.9501953125,11660,ULTRACEMCO,BSE,yfinance,1d
2022-01-03,7592.0,7747.5,7573.10009765625,7721.7001953125,20357,ULTRACEMCO,BSE,yfinance,1d
2022-01-04,7798.9501953125,7798.9501953125,7616.75,7649.2998046875,4048,ULTRACEMCO,BSE,yfinance,1d
2022-01-05,7660.0,7766.2001953125,7595.0498046875,7655.2998046875,4747,ULTRACEMCO,BSE,yfinance,1d
2022-01-06,7690.0,7699.9501953125,7428.0,7464.60009765625,8037,ULTRACEMCO,BSE,yfinance,1d
2022-01-07,7464.60009765625,7578.0,7443.10009765625,7554.14990234375,12698,ULTRACEMCO,BSE,yfinance,1d
2022-01-10,7585.0,7613.89990234375,7525.0,7582.85009765625,3852,ULTRACEMCO,BSE,yfinance,1d
2022-01-11,7570.0498046875,7682.9501953125,7564.14990234375,7603.4501953125,4872,ULTRACEMCO,BSE,yfinance,1d
2022-01-12,7679.0,7727.39990234375,7610.0498046875,7655.0,6741,ULTRACEMCO,BSE,yfinance,1d
2022-01-13,7728.7001953125,7728.7001953125,7557.0,7609.85009765625,7984,ULTRACEMCO,BSE,yfinance,1d
2022-01-14,7610.0,7699.9501953125,7569.0498046875,7655.25,7180,ULTRACEMCO,BSE,yfinance,1d
2022-01-17,7630.0,7947.89990234375,7506.0,7867.89990234375,33679,ULTRACEMCO,BSE,yfinance,1d
2022-01-18,7800.0,7890.0,7520.60009765625,7566.25,14927,ULTRACEMCO,BSE,yfinance,1d
2022-01-19,7627.0,7627.0,7356.0,7431.9501953125,16269,ULTRACEMCO,BSE,yfinance,1d
2022-01-20,7437.5498046875,7558.64990234375,7394.25,7454.89990234375,6591,ULTRACEMCO,BSE,yfinance,1d
2022-01-21,7448.0,7449.75,7313.7998046875,7364.75,5658,ULTRACEMCO,BSE,yfinance,1d
2022-01-24,7360.0,7364.75,7088.2001953125,7157.85009765625,13138,ULTRACEMCO,BSE,yfinance,1d
2022-01-25,7157.85009765625,7157.85009765625,7000.0,7101.35009765625,12990,ULTRACEMCO,BSE,yfinance,1d
2022-01-27,7123.7998046875,7150.0,6952.0,7123.7001953125,20205,ULTRACEMCO,BSE,yfinance,1d
2022-01-28,7140.0,7264.35009765625,7093.9501953125,7099.60009765625,20099,ULTRACEMCO,BSE,yfinance,1d
2022-01-31,7186.9501953125,7278.85009765625,7174.2001953125,7214.4501953125,4607,ULTRACEMCO,BSE,yfinance,1d
2022-02-01,7255.0,7535.75,7236.7001953125,7512.14990234375,15128,ULTRACEMCO,BSE,yfinance,1d
2022-02-02,7539.0,7575.89990234375,7426.35009765625,7442.64990234375,8744,ULTRACEMCO,BSE,yfinance,1d
2022-02-03,7482.0,7483.2998046875,7355.0,7374.89990234375,5275,ULTRACEMCO,BSE,yfinance,1d
2022-02-04,7435.0,7530.39990234375,7384.2001953125,7441.25,8590,ULTRACEMCO,BSE,yfinance,1d
2022-02-07,7430.0,7519.14990234375,7370.0,7475.2998046875,11521,ULTRACEMCO,BSE,yfinance,1d
2022-02-08,7485.0,7497.9501953125,7361.0,7426.35009765625,6984,ULTRACEMCO,BSE,yfinance,1d
2022-02-09,7425.0,7547.60009765625,7425.0,7502.89990234375,14969,ULTRACEMCO,BSE,yfinance,1d
2022-02-10,7549.89990234375,7549.89990234375,7457.2998046875,7471.2998046875,23794,ULTRACEMCO,BSE,yfinance,1d
2022-02-11,7475.0,7475.0,7299.0,7324.7001953125,7191,ULTRACEMCO,BSE,yfinance,1d
2022-02-14,7202.0,7242.0,7050.0,7086.5,16660,ULTRACEMCO,BSE,yfinance,1d
2022-02-15,7060.0,7317.7998046875,7036.89990234375,7290.89990234375,6995,ULTRACEMCO,BSE,yfinance,1d
2022-02-16,7327.0,7327.0,7165.64990234375,7184.64990234375,11619,ULTRACEMCO,BSE,yfinance,1d
2022-02-17,7179.0,7219.85009765625,7035.0,7048.2001953125,29001,ULTRACEMCO,BSE,yfinance,1d
2022-02-18,7038.0,7066.7001953125,6900.0,6915.5498046875,15108,ULTRACEMCO,BSE,yfinance,1d
2022-02-21,6959.0,6959.0,6795.0,6817.75,11288,ULTRACEMCO,BSE,yfinance,1d
2022-02-22,6666.0,6770.0,6666.0,6751.0,15743,ULTRACEMCO,BSE,yfinance,1d
2022-02-23,6860.0,6865.0,6732.89990234375,6784.5,15696,ULTRACEMCO,BSE,yfinance,1d
2022-02-24,6660.0,6660.0,6400.0,6420.5,28399,ULTRACEMCO,BSE,yfinance,1d
2022-02-25,6550.0,6654.0,6503.10009765625,6570.64990234375,20589,ULTRACEMCO,BSE,yfinance,1d
2022-02-28,6492.0,6605.0,6445.0,6569.75,12449,ULTRACEMCO,BSE,yfinance,1d
2022-03-02,6485.0,6529.89990234375,6342.2001953125,6395.89990234375,23210,ULTRACEMCO,BSE,yfinance,1d
2022-03-03,6450.0,6450.0,5970.0,5981.85009765625,179802,ULTRACEMCO,BSE,yfinance,1d
2022-03-04,5950.0,6167.0,5817.0498046875,6050.14990234375,55416,ULTRACEMCO,BSE,yfinance,1d
2022-03-07,6014.0,6014.0,5682.14990234375,5698.9501953125,54850,ULTRACEMCO,BSE,yfinance,1d
2022-03-08,5650.0,5874.0,5631.0498046875,5831.85009765625,44578,ULTRACEMCO,BSE,yfinance,1d
2022-03-09,5901.0,6059.7001953125,5822.10009765625,6018.2998046875,24108,ULTRACEMCO,BSE,yfinance,1d
2022-03-10,6199.0,6259.7998046875,6005.0498046875,6051.35009765625,38617,ULTRACEMCO,BSE,yfinance,1d
2022-03-11,6053.0,6120.0,5977.7001953125,6025.2998046875,8166,ULTRACEMCO,BSE,yfinance,1d
2022-03-14,6031.89990234375,6065.5498046875,5956.85009765625,6038.7001953125,12649,ULTRACEMCO,BSE,yfinance,1d
2022-03-15,6080.0,6172.89990234375,5977.4501953125,6020.89990234375,21886,ULTRACEMCO,BSE,yfinance,1d
2022-03-16,6115.0,6315.0,6088.0498046875,6303.5498046875,19872,ULTRACEMCO,BSE,yfinance,1d
2022-03-17,6397.7001953125,6473.4501953125,6347.5498046875,6373.0,18979,ULTRACEMCO,BSE,yfinance,1d
2022-03-21,6375.0,6375.0,6178.0498046875,6193.85009765625,13806,ULTRACEMCO,BSE,yfinance,1d
2022-03-22,6160.0,6223.75,6062.2001953125,6210.5498046875,60838,ULTRACEMCO,BSE,yfinance,1d
2022-03-23,6328.89990234375,6328.89990234375,6198.39990234375,6235.25,17199,ULTRACEMCO,BSE,yfinance,1d
2022-03-24,6234.0,6380.0,6209.60009765625,6345.7001953125,20104,ULTRACEMCO,BSE,yfinance,1d
2022-03-25,6350.0,6388.0,6286.14990234375,6314.60009765625,8272,ULTRACEMCO,BSE,yfinance,1d
2022-03-28,6325.0,6393.5,6245.2001953125,6355.89990234375,14919,ULTRACEMCO,BSE,yfinance,1d
2022-03-29,6362.2998046875,6547.0498046875,6362.2998046875,6527.25,12192,ULTRACEMCO,BSE,yfinance,1d
2022-03-30,6531.0,6667.0,6531.0,6638.89990234375,21837,ULTRACEMCO,BSE,yfinance,1d
2022-03-31,6643.0,6697.5498046875,6585.0,6602.14990234375,5219,ULTRACEMCO,BSE,yfinance,1d
2022-04-01,6602.0,6684.9501953125,6569.64990234375,6665.7001953125,4968,ULTRACEMCO,BSE,yfinance,1d
2022-04-04,6605.14990234375,6757.10009765625,6605.14990234375,6740.85009765625,8894,ULTRACEMCO,BSE,yfinance,1d
2022-04-05,6784.0,6815.25,6678.7001953125,6726.75,5991,ULTRACEMCO,BSE,yfinance,1d
2022-04-06,6720.0,6790.0,6690.0,6736.0498046875,8806,ULTRACEMCO,BSE,yfinance,1d
2022-04-07,6714.89990234375,6795.89990234375,6707.14990234375,6737.5498046875,4487,ULTRACEMCO,BSE,yfinance,1d
2022-04-08,6780.0,6848.0,6724.60009765625,6832.85009765625,18747,ULTRACEMCO,BSE,yfinance,1d
2022-04-11,6851.0,6916.0,6800.0,6857.75,12811,ULTRACEMCO,BSE,yfinance,1d
2022-04-12,6890.0,6890.0,6723.39990234375,6775.60009765625,7623,ULTRACEMCO,BSE,yfinance,1d
2022-04-13,6800.0,6837.35009765625,6694.9501953125,6726.9501953125,7614,ULTRACEMCO,BSE,yfinance,1d
2022-04-18,6700.0,6700.0,6576.9501953125,6637.75,6956,ULTRACEMCO,BSE,yfinance,1d
2022-04-19,6679.7998046875,6758.39990234375,6519.10009765625,6576.75,13741,ULTRACEMCO,BSE,yfinance,1d
2022-04-20,6639.0,6828.7998046875,6587.35009765625,6808.5498046875,8352,ULTRACEMCO,BSE,yfinance,1d
2022-04-21,6855.9501953125,6888.60009765625,6806.0,6843.9501953125,10605,ULTRACEMCO,BSE,yfinance,1d
2022-04-22,6800.0,6800.0,6707.60009765625,6743.89990234375,2884,ULTRACEMCO,BSE,yfinance,1d
2022-04-25,6666.0,6710.2001953125,6560.7998046875,6593.2001953125,4365,ULTRACEMCO,BSE,yfinance,1d
2022-04-26,6636.7998046875,6686.7998046875,6617.0498046875,6659.10009765625,4116,ULTRACEMCO,BSE,yfinance,1d
2022-04-27,6516.60009765625,6625.0,6516.60009765625,6548.0,4358,ULTRACEMCO,BSE,yfinance,1d
2022-04-28,6557.2998046875,6631.7998046875,6556.75,6612.7001953125,4788,ULTRACEMCO,BSE,yfinance,1d
2022-04-29,6603.10009765625,6791.85009765625,6525.0498046875,6629.0,15804,ULTRACEMCO,BSE,yfinance,1d
2022-05-02,6629.0,6728.5498046875,6543.85009765625,6677.75,6239,ULTRACEMCO,BSE,yfinance,1d
2022-05-04,6675.0,6699.89990234375,6504.25,6524.25,132546,ULTRACEMCO,BSE,yfinance,1d
2022-05-05,6628.10009765625,6628.10009765625,6341.0,6355.7998046875,12314,ULTRACEMCO,BSE,yfinance,1d
2022-05-06,6250.0,6299.9501953125,6161.0,6202.14990234375,13071,ULTRACEMCO,BSE,yfinance,1d
2022-05-09,6203.0,6272.39990234375,6112.7001953125,6228.0498046875,9328,ULTRACEMCO,BSE,yfinance,1d
2022-05-10,6224.60009765625,6420.0,6193.2998046875,6366.5498046875,33692,ULTRACEMCO,BSE,yfinance,1d
2022-05-11,6380.0,6434.9501953125,6212.60009765625,6336.14990234375,8680,ULTRACEMCO,BSE,yfinance,1d
2022-05-12,6283.89990234375,6284.0,6080.0,6190.2998046875,6168,ULTRACEMCO,BSE,yfinance,1d
2022-05-13,6250.0,6291.0,6143.60009765625,6199.89990234375,8679,ULTRACEMCO,BSE,yfinance,1d
2022-05-16,6219.0,6219.0,5825.0,6013.0498046875,25761,ULTRACEMCO,BSE,yfinance,1d
2022-05-17,6066.2001953125,6119.0,5981.89990234375,6109.25,10731,ULTRACEMCO,BSE,yfinance,1d
2022-05-18,6144.89990234375,6278.0,6130.10009765625,6232.14990234375,7971,ULTRACEMCO,BSE,yfinance,1d
2022-05-19,6110.0,6175.10009765625,6050.35009765625,6081.39990234375,15923,ULTRACEMCO,BSE,yfinance,1d
2022-05-20,6132.10009765625,6164.5,6070.14990234375,6123.39990234375,5955,ULTRACEMCO,BSE,yfinance,1d
2022-05-23,6150.0,6222.10009765625,5901.0,5919.25,17553,ULTRACEMCO,BSE,yfinance,1d
2022-05-24,5956.89990234375,5956.89990234375,5835.4501953125,5868.89990234375,11682,ULTRACEMCO,BSE,yfinance,1d
2022-05-25,5898.89990234375,5978.5498046875,5779.89990234375,5793.25,15063,ULTRACEMCO,BSE,yfinance,1d
2022-05-26,5836.2998046875,5915.0,5708.39990234375,5873.14990234375,16769,ULTRACEMCO,BSE,yfinance,1d
2022-05-27,5900.0,5973.2998046875,5888.0,5959.0498046875,7732,ULTRACEMCO,BSE,yfinance,1d
2022-05-30,5982.0,6152.0,5965.0,6100.4501953125,11320,ULTRACEMCO,BSE,yfinance,1d
2022-05-31,6110.0,6139.0,6045.0,6083.10009765625,6638,ULTRACEMCO,BSE,yfinance,1d
2022-06-01,6108.0,6108.0,5950.0,5977.64990234375,8407,ULTRACEMCO,BSE,yfinance,1d
2022-06-02,5980.0,6023.0,5907.0,6007.35009765625,7002,ULTRACEMCO,BSE,yfinance,1d
2022-06-03,6147.35009765625,6147.35009765625,5608.7998046875,5677.39990234375,63229,ULTRACEMCO,BSE,yfinance,1d
2022-06-06,5710.0,5733.5,5576.2998046875,5581.9501953125,25812,ULTRACEMCO,BSE,yfinance,1d
2022-06-07,5531.0,5578.4501953125,5411.0,5554.60009765625,35855,ULTRACEMCO,BSE,yfinance,1d
2022-06-08,5562.0498046875,5615.14990234375,5501.0,5533.14990234375,16498,ULTRACEMCO,BSE,yfinance,1d
2022-06-09,5530.10009765625,5533.89990234375,5445.89990234375,5481.7998046875,18383,ULTRACEMCO,BSE,yfinance,1d
2022-06-10,5450.0,5533.0,5411.0,5510.5498046875,15228,ULTRACEMCO,BSE,yfinance,1d
2022-06-13,5477.0,5477.0,5337.9501953125,5355.9501953125,17363,ULTRACEMCO,BSE,yfinance,1d
2022-06-14,5400.0,5500.60009765625,5327.64990234375,5426.39990234375,13040,ULTRACEMCO,BSE,yfinance,1d
2022-06-15,5459.0,5472.0,5405.0,5453.0,4950,ULTRACEMCO,BSE,yfinance,1d
2022-06-16,5488.0,5488.0,5280.0,5308.75,12382,ULTRACEMCO,BSE,yfinance,1d
2022-06-17,5280.0,5296.75,5158.0498046875,5177.75,19676,ULTRACEMCO,BSE,yfinance,1d
2022-06-20,5177.0,5345.64990234375,5162.5,5330.89990234375,38548,ULTRACEMCO,BSE,yfinance,1d
2022-06-21,5359.89990234375,5432.64990234375,5259.35009765625,5420.35009765625,6035,ULTRACEMCO,BSE,yfinance,1d
2022-06-22,5428.0,5428.0,5320.7998046875,5406.2998046875,7504,ULTRACEMCO,BSE,yfinance,1d
2022-06-23,5413.0,5498.0,5360.0,5408.25,17384,ULTRACEMCO,BSE,yfinance,1d
2022-06-24,5475.89990234375,5510.0,5439.75,5469.7001953125,4208,ULTRACEMCO,BSE,yfinance,1d
2022-06-27,5491.0,5581.9501953125,5487.89990234375,5559.7001953125,12088,ULTRACEMCO,BSE,yfinance,1d
2022-06-28,5565.0,5585.0,5480.0,5573.5,5473,ULTRACEMCO,BSE,yfinance,1d
2022-06-29,5520.0,5646.39990234375,5520.0,5623.75,13238,ULTRACEMCO,BSE,yfinance,1d
2022-06-30,5623.75,5649.0,5536.25,5599.9501953125,9128,ULTRACEMCO,BSE,yfinance,1d
2022-07-01,5628.85009765625,5700.35009765625,5486.0,5693.60009765625,11520,ULTRACEMCO,BSE,yfinance,1d
2022-07-04,5680.0,5741.7998046875,5631.0,5704.75,7549,ULTRACEMCO,BSE,yfinance,1d
2022-07-05,5708.2998046875,5763.75,5703.75,5728.7998046875,5947,ULTRACEMCO,BSE,yfinance,1d
2022-07-06,5725.0,5846.5,5725.0,5831.85009765625,9711,ULTRACEMCO,BSE,yfinance,1d
2022-07-07,5850.0,5875.5,5769.0498046875,5838.2001953125,10783,ULTRACEMCO,BSE,yfinance,1d
2022-07-08,5883.0,5956.60009765625,5810.0,5839.0498046875,63032,ULTRACEMCO,BSE,yfinance,1d
2022-07-11,5831.0,5868.9501953125,5783.0498046875,5848.75,14756,ULTRACEMCO,BSE,yfinance,1d
2022-07-12,5842.0,5890.0,5750.0,5775.35009765625,13384,ULTRACEMCO,BSE,yfinance,1d
2022-07-13,5799.0,5884.7998046875,5774.0,5798.9501953125,10772,ULTRACEMCO,BSE,yfinance,1d
2022-07-14,5771.2998046875,5850.0,5684.2001953125,5732.0498046875,8333,ULTRACEMCO,BSE,yfinance,1d
2022-07-15,5728.0,5830.0,5727.0,5806.35009765625,6307,ULTRACEMCO,BSE,yfinance,1d
2022-07-18,5822.0,5990.0,5822.0,5982.5498046875,157018,ULTRACEMCO,BSE,yfinance,1d
2022-07-19,6000.0,6093.0,5983.89990234375,6080.10009765625,17881,ULTRACEMCO,BSE,yfinance,1d
2022-07-20,6127.7001953125,6144.0,6080.0,6090.2998046875,7420,ULTRACEMCO,BSE,yfinance,1d
2022-07-21,6100.0,6147.10009765625,6039.7998046875,6129.0,11334,ULTRACEMCO,BSE,yfinance,1d
2022-07-22,6157.0,6491.0,6100.0,6454.5,33268,ULTRACEMCO,BSE,yfinance,1d
2022-07-25,6350.0,6443.0,6262.0,6382.14990234375,15904,ULTRACEMCO,BSE,yfinance,1d
2022-07-26,6399.9501953125,6460.9501953125,6309.85009765625,6395.85009765625,9830,ULTRACEMCO,BSE,yfinance,1d
2022-07-27,6384.35009765625,6551.25,6369.0498046875,6538.60009765625,6564,ULTRACEMCO,BSE,yfinance,1d
2022-07-28,6587.0,6587.0,6447.7998046875,6473.0,13404,ULTRACEMCO,BSE,yfinance,1d
2022-07-29,6520.0,6575.89990234375,6487.64990234375,6545.89990234375,17273,ULTRACEMCO,BSE,yfinance,1d
2022-08-01,6572.0,6665.2998046875,6568.4501953125,6658.7001953125,154476,ULTRACEMCO,BSE,yfinance,1d
2022-08-02,6613.0,6694.10009765625,6594.7998046875,6642.2998046875,11023,ULTRACEMCO,BSE,yfinance,1d
2022-08-03,6666.0,6690.0,6515.75,6602.35009765625,5000,ULTRACEMCO,BSE,yfinance,1d
2022-08-04,6610.0,6681.75,6546.2998046875,6592.2001953125,6200,ULTRACEMCO,BSE,yfinance,1d
2022-08-05,6598.0,6796.4501953125,6598.0,6780.60009765625,29054,ULTRACEMCO,BSE,yfinance,1d
2022-08-08,6771.7001953125,6773.75,6645.5,6669.85009765625,27287,ULTRACEMCO,BSE,yfinance,1d
2022-08-10,6683.2998046875,6743.39990234375,6580.89990234375,6591.60009765625,25616,ULTRACEMCO,BSE,yfinance,1d
2022-08-11,6666.60009765625,6666.60009765625,6580.0,6595.35009765625,12268,ULTRACEMCO,BSE,yfinance,1d
2022-08-12,6624.0,6624.0,6516.4501953125,6569.0,5432,ULTRACEMCO,BSE,yfinance,1d
2022-08-16,6600.0,6679.0,6561.9501953125,6653.9501953125,8856,ULTRACEMCO,BSE,yfinance,1d
2022-08-17,6680.0,6723.4501953125,6600.0,6608.64990234375,7730,ULTRACEMCO,BSE,yfinance,1d
2022-08-18,6625.0,6712.5,6611.0,6702.7998046875,5988,ULTRACEMCO,BSE,yfinance,1d
2022-08-19,6750.0,6779.0,6607.7998046875,6644.85009765625,20423,ULTRACEMCO,BSE,yfinance,1d
2022-08-22,6650.0,6660.39990234375,6449.0,6468.7001953125,8453,ULTRACEMCO,BSE,yfinance,1d
2022-08-23,6415.0,6578.9501953125,6411.64990234375,6495.4501953125,28530,ULTRACEMCO,BSE,yfinance,1d
2022-08-24,6455.0,6533.7998046875,6455.0,6507.64990234375,6883,ULTRACEMCO,BSE,yfinance,1d
2022-08-25,6493.75,6550.0,6456.7001953125,6472.9501953125,37724,ULTRACEMCO,BSE,yfinance,1d
2022-08-26,6495.0,6554.64990234375,6472.0,6513.89990234375,32353,ULTRACEMCO,BSE,yfinance,1d
2022-08-29,6449.89990234375,6580.60009765625,6420.0,6506.0,5152,ULTRACEMCO,BSE,yfinance,1d
2022-08-30,6550.0,6690.0,6550.0,6672.5,17826,ULTRACEMCO,BSE,yfinance,1d
2022-09-01,6672.5,6761.85009765625,6606.89990234375,6624.89990234375,16824,ULTRACEMCO,BSE,yfinance,1d
2022-09-02,6635.0,6663.7001953125,6549.2001953125,6577.60009765625,17662,ULTRACEMCO,BSE,yfinance,1d
2022-09-05,6600.0,6624.7001953125,6495.0498046875,6526.10009765625,15372,ULTRACEMCO,BSE,yfinance,1d
2022-09-06,6516.2998046875,6557.39990234375,6456.25,6499.5498046875,34294,ULTRACEMCO,BSE,yfinance,1d
2022-09-07,6479.89990234375,6797.89990234375,6435.4501953125,6767.9501953125,46350,ULTRACEMCO,BSE,yfinance,1d
2022-09-08,6815.2998046875,6939.39990234375,6784.64990234375,6918.2998046875,45096,ULTRACEMCO,BSE,yfinance,1d
2022-09-09,6911.0,7027.0,6766.5,6784.0498046875,19284,ULTRACEMCO,BSE,yfinance,1d
2022-09-12,6784.0498046875,6900.0,6741.35009765625,6866.85009765625,35877,ULTRACEMCO,BSE,yfinance,1d
2022-09-13,6871.0,6968.89990234375,6858.0,6896.10009765625,25639,ULTRACEMCO,BSE,yfinance,1d
2022-09-14,6820.0,6963.2001953125,6773.4501953125,6885.4501953125,21356,ULTRACEMCO,BSE,yfinance,1d
2022-09-15,6888.0,6925.0498046875,6759.35009765625,6786.9501953125,11315,ULTRACEMCO,BSE,yfinance,1d
2022-09-16,6811.0,6815.0,6452.0,6481.14990234375,15598,ULTRACEMCO,BSE,yfinance,1d
2022-09-19,6439.0,6512.0498046875,6245.4501953125,6462.35009765625,113047,ULTRACEMCO,BSE,yfinance,1d
2022-09-20,6514.0,6562.0,6463.75,6476.14990234375,11017,ULTRACEMCO,BSE,yfinance,1d
2022-09-21,6484.0,6529.0,6302.0,6320.7001953125,7339,ULTRACEMCO,BSE,yfinance,1d
2022-09-22,6302.0,6361.0,6230.0,6242.5,45068,ULTRACEMCO,BSE,yfinance,1d
2022-09-23,6242.5,6279.35009765625,6127.5498046875,6146.0,18824,ULTRACEMCO,BSE,yfinance,1d
2022-09-26,6108.2998046875,6241.5498046875,6005.0,6176.64990234375,17401,ULTRACEMCO,BSE,yfinance,1d
2022-09-27,6181.10009765625,6274.60009765625,6129.10009765625,6198.10009765625,21512,ULTRACEMCO,BSE,yfinance,1d
2022-09-28,6125.0498046875,6275.85009765625,6119.60009765625,6173.75,12990,ULTRACEMCO,BSE,yfinance,1d
2022-09-29,6212.0,6262.85009765625,6144.5498046875,6173.85009765625,10220,ULTRACEMCO,BSE,yfinance,1d
2022-09-30,6175.0498046875,6325.0,6175.0498046875,6249.85009765625,22928,ULTRACEMCO,BSE,yfinance,1d
2022-10-03,6299.89990234375,6355.4501953125,6230.0,6232.10009765625,6575,ULTRACEMCO,BSE,yfinance,1d
2022-10-04,6350.0,6378.0,6283.2998046875,6304.85009765625,5645,ULTRACEMCO,BSE,yfinance,1d
2022-10-06,6306.35009765625,6366.9501953125,6257.2998046875,6285.10009765625,12028,ULTRACEMCO,BSE,yfinance,1d
2022-10-07,6319.9501953125,6319.9501953125,6135.2001953125,6203.25,12276,ULTRACEMCO,BSE,yfinance,1d
2022-10-10,6155.0498046875,6172.0,6121.10009765625,6152.4501953125,6050,ULTRACEMCO,BSE,yfinance,1d
2022-10-11,6200.85009765625,6206.7001953125,6063.0,6076.35009765625,141155,ULTRACEMCO,BSE,yfinance,1d
2022-10-12,6123.9501953125,6191.0498046875,6060.0,6176.89990234375,4652,ULTRACEMCO,BSE,yfinance,1d
2022-10-13,6151.0498046875,6215.0,6105.0,6182.25,4333,ULTRACEMCO,BSE,yfinance,1d
2022-10-14,6240.0498046875,6251.9501953125,6169.89990234375,6188.75,12991,ULTRACEMCO,BSE,yfinance,1d
2022-10-17,6188.75,6282.5498046875,6082.7001953125,6268.0498046875,146850,ULTRACEMCO,BSE,yfinance,1d
2022-10-18,6322.9501953125,6444.0,6296.4501953125,6341.14990234375,21516,ULTRACEMCO,BSE,yfinance,1d
2022-10-19,6325.0,6445.0,6254.2001953125,6397.5498046875,65796,ULTRACEMCO,BSE,yfinance,1d
2022-10-20,6340.0,6408.5,6274.10009765625,6301.7001953125,19987,ULTRACEMCO,BSE,yfinance,1d
2022-10-21,6312.0,6421.2001953125,6312.0,6362.7998046875,8635,ULTRACEMCO,BSE,yfinance,1d
2022-10-24,6400.0,6445.35009765625,6383.4501953125,6393.0,1797,ULTRACEMCO,BSE,yfinance,1d
2022-10-25,6427.0,6474.0,6385.5498046875,6416.10009765625,5207,ULTRACEMCO,BSE,yfinance,1d
2022-10-27,6440.0,6474.25,6371.7998046875,6434.89990234375,15287,ULTRACEMCO,BSE,yfinance,1d
2022-10-28,6415.7998046875,6470.0498046875,6409.14990234375,6444.10009765625,2163,ULTRACEMCO,BSE,yfinance,1d
2022-10-31,6446.25,6727.75,6446.25,6713.35009765625,12914,ULTRACEMCO,BSE,yfinance,1d
2022-11-01,6716.0,6849.0,6716.0,6812.35009765625,9396,ULTRACEMCO,BSE,yfinance,1d
2022-11-02,6815.0,6876.0,6725.39990234375,6781.64990234375,6324,ULTRACEMCO,BSE,yfinance,1d
2022-11-03,6710.0,6780.7998046875,6670.0,6727.5498046875,7219,ULTRACEMCO,BSE,yfinance,1d
2022-11-04,6731.9501953125,6958.4501953125,6731.9501953125,6892.4501953125,19557,ULTRACEMCO,BSE,yfinance,1d
2022-11-07,6896.64990234375,7016.14990234375,6869.60009765625,6972.35009765625,12475,ULTRACEMCO,BSE,yfinance,1d
2022-11-09,6975.0498046875,7058.0,6862.60009765625,6904.7998046875,7162,ULTRACEMCO,BSE,yfinance,1d
2022-11-10,6850.0498046875,6889.7001953125,6793.5498046875,6801.5,7699,ULTRACEMCO,BSE,yfinance,1d
2022-11-11,6822.0498046875,6923.0,6785.10009765625,6812.0498046875,6530,ULTRACEMCO,BSE,yfinance,1d
2022-11-14,6816.35009765625,6894.9501953125,6816.35009765625,6854.7998046875,4243,ULTRACEMCO,BSE,yfinance,1d
2022-11-15,6864.0,7000.0,6864.0,6961.39990234375,39157,ULTRACEMCO,BSE,yfinance,1d
2022-11-16,6988.0,7035.7998046875,6869.7001953125,6908.85009765625,7581,ULTRACEMCO,BSE,yfinance,1d
2022-11-17,6910.4501953125,6957.0498046875,6851.39990234375,6865.25,4879,ULTRACEMCO,BSE,yfinance,1d
2022-11-18,6921.9501953125,6934.0,6765.5,6812.2998046875,7606,ULTRACEMCO,BSE,yfinance,1d
2022-11-21,6809.89990234375,6870.60009765625,6743.0498046875,6750.89990234375,18961,ULTRACEMCO,BSE,yfinance,1d
2022-11-22,6750.0,6915.39990234375,6743.0498046875,6844.10009765625,21919,ULTRACEMCO,BSE,yfinance,1d
2022-11-23,6899.0498046875,6899.10009765625,6800.0,6822.0498046875,10668,ULTRACEMCO,BSE,yfinance,1d
2022-11-24,6840.0,6890.0,6831.64990234375,6864.85009765625,18282,ULTRACEMCO,BSE,yfinance,1d
2022-11-25,6900.39990234375,6942.0,6855.89990234375,6873.60009765625,30682,ULTRACEMCO,BSE,yfinance,1d
2022-11-28,6854.0498046875,6923.7998046875,6854.0498046875,6891.7001953125,27239,ULTRACEMCO,BSE,yfinance,1d
2022-11-29,6860.5498046875,7002.2001953125,6860.5498046875,6926.89990234375,13001,ULTRACEMCO,BSE,yfinance,1d
2022-11-30,6964.85009765625,7093.5,6906.10009765625,7076.75,14258,ULTRACEMCO,BSE,yfinance,1d
2022-12-01,7100.0,7298.2998046875,7037.75,7279.10009765625,33208,ULTRACEMCO,BSE,yfinance,1d
2022-12-02,7290.0,7298.10009765625,7159.25,7237.75,12440,ULTRACEMCO,BSE,yfinance,1d
2022-12-05,7274.9501953125,7282.39990234375,7157.5498046875,7196.39990234375,13266,ULTRACEMCO,BSE,yfinance,1d
2022-12-06,7190.0,7274.0498046875,7142.10009765625,7245.5498046875,4971,ULTRACEMCO,BSE,yfinance,1d
2022-12-07,7267.9501953125,7293.39990234375,7150.0,7164.2998046875,13351,ULTRACEMCO,BSE,yfinance,1d
2022-12-08,7170.0,7220.14990234375,7151.75,7174.75,7681,ULTRACEMCO,BSE,yfinance,1d
2022-12-09,7168.25,7213.5498046875,7038.0,7085.89990234375,13821,ULTRACEMCO,BSE,yfinance,1d
2022-12-12,7051.0498046875,7163.0,6968.85009765625,7142.5498046875,19288,ULTRACEMCO,BSE,yfinance,1d
2022-12-13,7199.89990234375,7241.14990234375,7160.9501953125,7223.0,73292,ULTRACEMCO,BSE,yfinance,1d
2022-12-14,7250.0,7276.2001953125,7180.0,7196.85009765625,3784,ULTRACEMCO,BSE,yfinance,1d
2022-12-15,7150.0498046875,7211.25,7090.0,7108.10009765625,6362,ULTRACEMCO,BSE,yfinance,1d
2022-12-16,7149.9501953125,7161.5498046875,7000.0,7019.4501953125,5193,ULTRACEMCO,BSE,yfinance,1d
2022-12-19,7030.0498046875,7112.5,7017.5,7073.5498046875,6635,ULTRACEMCO,BSE,yfinance,1d
2022-12-20,7079.0,7123.85009765625,7009.64990234375,7090.25,6428,ULTRACEMCO,BSE,yfinance,1d
2022-12-21,7120.0,7145.5,6931.7001953125,6950.9501953125,4997,ULTRACEMCO,BSE,yfinance,1d
2022-12-22,6967.0498046875,7021.75,6860.89990234375,7009.2998046875,12202,ULTRACEMCO,BSE,yfinance,1d
2022-12-23,6872.14990234375,6985.14990234375,6872.14990234375,6907.2001953125,6347,ULTRACEMCO,BSE,yfinance,1d
2022-12-26,6909.39990234375,7102.75,6868.7001953125,7074.35009765625,13642,ULTRACEMCO,BSE,yfinance,1d
2022-12-27,7099.0,7158.0498046875,7043.2001953125,7106.4501953125,33088,ULTRACEMCO,BSE,yfinance,1d
2022-12-28,7075.0498046875,7152.0,7030.0,7047.25,21593,ULTRACEMCO,BSE,yfinance,1d
2022-12-29,7030.0498046875,7030.0498046875,6907.25,6986.60009765625,19021,ULTRACEMCO,BSE,yfinance,1d
2022-12-30,7010.0,7050.0,6947.35009765625,6959.0498046875,12485,ULTRACEMCO,BSE,yfinance,1d
2023-01-02,6950.0,7037.9501953125,6950.0,7010.25,5520,ULTRACEMCO,BSE,yfinance,1d
2023-01-03,7001.0,7036.7001953125,6964.0498046875,6996.7001953125,11023,ULTRACEMCO,BSE,yfinance,1d
2023-01-04,6996.0,7061.0,6984.7998046875,7003.7001953125,17507,ULTRACEMCO,BSE,yfinance,1d
2023-01-05,7005.35009765625,7040.0,6945.0498046875,7010.75,2324,ULTRACEMCO,BSE,yfinance,1d
2023-01-06,7000.0,7027.14990234375,6950.0498046875,6982.64990234375,4279,ULTRACEMCO,BSE,yfinance,1d
2023-01-09,7001.0498046875,7061.35009765625,7001.0,7036.39990234375,7757,ULTRACEMCO,BSE,yfinance,1d
2023-01-10,7037.0,7051.5,6889.10009765625,6924.35009765625,11147,ULTRACEMCO,BSE,yfinance,1d
2023-01-11,6925.0498046875,7037.89990234375,6921.25,7023.5498046875,7614,ULTRACEMCO,BSE,yfinance,1d
2023-01-12,7023.5498046875,7165.0,7023.5498046875,7150.60009765625,11599,ULTRACEMCO,BSE,yfinance,1d
2023-01-13,7151.25,7258.0,7137.0,7250.39990234375,15326,ULTRACEMCO,BSE,yfinance,1d
2023-01-16,7255.0,7333.89990234375,7249.7001953125,7287.4501953125,11533,ULTRACEMCO,BSE,yfinance,1d
2023-01-17,7287.0,7385.0,7268.9501953125,7373.75,11937,ULTRACEMCO,BSE,yfinance,1d
2023-01-18,7389.9501953125,7389.9501953125,7271.0,7285.0,5076,ULTRACEMCO,BSE,yfinance,1d
2023-01-19,7284.9501953125,7284.9501953125,7185.0,7212.35009765625,7385,ULTRACEMCO,BSE,yfinance,1d
2023-01-20,7230.0,7264.2998046875,7149.89990234375,7178.25,4610,ULTRACEMCO,BSE,yfinance,1d
2023-01-23,7080.0498046875,7180.75,6835.0,6846.89990234375,22779,ULTRACEMCO,BSE,yfinance,1d
2023-01-24,6885.0,6889.2001953125,6789.89990234375,6815.5498046875,5289,ULTRACEMCO,BSE,yfinance,1d
2023-01-25,6765.5498046875,6830.39990234375,6675.0,6704.35009765625,7129,ULTRACEMCO,BSE,yfinance,1d
2023-01-27,6745.9501953125,6796.0,6605.4501953125,6716.85009765625,11274,ULTRACEMCO,BSE,yfinance,1d
2023-01-30,6795.9501953125,6903.0,6645.9501953125,6885.2001953125,22393,ULTRACEMCO,BSE,yfinance,1d
2023-01-31,6943.89990234375,7097.9501953125,6895.85009765625,7089.10009765625,7955,ULTRACEMCO,BSE,yfinance,1d
2023-02-01,7097.9501953125,7238.0,6980.0498046875,7128.7998046875,33057,ULTRACEMCO,BSE,yfinance,1d
2023-02-02,7124.89990234375,7308.0,7010.2998046875,7172.0498046875,40044,ULTRACEMCO,BSE,yfinance,1d
2023-02-03,7170.0,7220.0,7130.5,7185.39990234375,16719,ULTRACEMCO,BSE,yfinance,1d
2023-02-06,7185.39990234375,7204.9501953125,7114.4501953125,7125.0498046875,8776,ULTRACEMCO,BSE,yfinance,1d
2023-02-07,7179.9501953125,7203.89990234375,7051.39990234375,7073.10009765625,4513,ULTRACEMCO,BSE,yfinance,1d
2023-02-08,7139.9501953125,7291.0,7121.10009765625,7247.75,60729,ULTRACEMCO,BSE,yfinance,1d
2023-02-09,7220.0498046875,7241.7998046875,7160.0,7175.10009765625,12319,ULTRACEMCO,BSE,yfinance,1d
2023-02-10,7165.0,7221.85009765625,7155.0,7195.7001953125,63886,ULTRACEMCO,BSE,yfinance,1d
2023-02-13,7206.0,7253.5,7155.0,7179.5,13484,ULTRACEMCO,BSE,yfinance,1d
2023-02-14,7183.0498046875,7227.0,7121.85009765625,7137.7001953125,16012,ULTRACEMCO,BSE,yfinance,1d
2023-02-15,7100.0498046875,7170.0,7050.0,7148.7001953125,6815,ULTRACEMCO,BSE,yfinance,1d
2023-02-16,7198.9501953125,7198.9501953125,7108.2001953125,7169.89990234375,2398,ULTRACEMCO,BSE,yfinance,1d
2023-02-17,7194.9501953125,7390.9501953125,7178.39990234375,7299.39990234375,20958,ULTRACEMCO,BSE,yfinance,1d
2023-02-20,7310.0,7489.0,7301.25,7426.7998046875,24414,ULTRACEMCO,BSE,yfinance,1d
2023-02-21,7426.7998046875,7484.2001953125,7329.25,7344.0,6119,ULTRACEMCO,BSE,yfinance,1d
2023-02-22,7335.0,7335.0,7193.0,7206.5,6163,ULTRACEMCO,BSE,yfinance,1d
2023-02-23,7207.0498046875,7266.7001953125,7144.0,7175.0,6456,ULTRACEMCO,BSE,yfinance,1d
2023-02-24,7215.0,7242.2998046875,7165.0498046875,7216.14990234375,3020,ULTRACEMCO,BSE,yfinance,1d
2023-02-27,7221.35009765625,7231.4501953125,7100.60009765625,7187.4501953125,6768,ULTRACEMCO,BSE,yfinance,1d
2023-02-28,7199.9501953125,7283.2001953125,7162.5498046875,7263.0498046875,4061,ULTRACEMCO,BSE,yfinance,1d
2023-03-01,7249.85009765625,7340.0498046875,7225.64990234375,7272.9501953125,6162,ULTRACEMCO,BSE,yfinance,1d
2023-03-02,7275.0,7325.0,7259.7001953125,7289.9501953125,1944,ULTRACEMCO,BSE,yfinance,1d
2023-03-03,7299.0,7341.2001953125,7188.2998046875,7213.85009765625,5701,ULTRACEMCO,BSE,yfinance,1d
2023-03-06,7226.0,7245.60009765625,7191.39990234375,7200.85009765625,2448,ULTRACEMCO,BSE,yfinance,1d
2023-03-08,7190.0498046875,7279.89990234375,7190.0498046875,7265.64990234375,4152,ULTRACEMCO,BSE,yfinance,1d
2023-03-09,7275.0,7300.0,7208.2001953125,7245.7001953125,2463,ULTRACEMCO,BSE,yfinance,1d
2023-03-10,7190.0,7240.0498046875,7138.0498046875,7225.10009765625,5222,ULTRACEMCO,BSE,yfinance,1d
2023-03-13,7130.0498046875,7251.9501953125,7053.5498046875,7073.0,2699,ULTRACEMCO,BSE,yfinance,1d
2023-03-14,7073.0,7111.0,6991.35009765625,7057.64990234375,3846,ULTRACEMCO,BSE,yfinance,1d
2023-03-15,7144.0,7185.4501953125,7081.7998046875,7102.5498046875,4969,ULTRACEMCO,BSE,yfinance,1d
2023-03-16,7093.0,7148.25,7078.2001953125,7108.7998046875,3257,ULTRACEMCO,BSE,yfinance,1d
2023-03-17,7109.10009765625,7305.7001953125,7109.10009765625,7288.7001953125,6542,ULTRACEMCO,BSE,yfinance,1d
2023-03-20,7200.0,7277.89990234375,7097.4501953125,7240.4501953125,26368,ULTRACEMCO,BSE,yfinance,1d
2023-03-21,7240.0,7360.85009765625,7240.0,7351.35009765625,4001,ULTRACEMCO,BSE,yfinance,1d
2023-03-22,7352.75,7449.0,7352.75,7389.2998046875,6465,ULTRACEMCO,BSE,yfinance,1d
2023-03-23,7380.0,7464.25,7374.2998046875,7411.7001953125,9165,ULTRACEMCO,BSE,yfinance,1d
2023-03-24,7390.0498046875,7428.5498046875,7330.85009765625,7401.35009765625,4051,ULTRACEMCO,BSE,yfinance,1d
2023-03-27,7401.35009765625,7482.75,7390.60009765625,7451.9501953125,5199,ULTRACEMCO,BSE,yfinance,1d
2023-03-28,7475.0,7509.60009765625,7367.7998046875,7406.2998046875,7688,ULTRACEMCO,BSE,yfinance,1d
2023-03-29,7407.0,7599.0,7407.0,7570.0,11194,ULTRACEMCO,BSE,yfinance,1d
2023-03-31,7570.0,7643.35009765625,7546.2998046875,7620.0,5028,ULTRACEMCO,BSE,yfinance,1d
2023-04-03,7644.0,7722.0,7581.64990234375,7639.2998046875,4992,ULTRACEMCO,BSE,yfinance,1d
2023-04-05,7633.9501953125,7696.35009765625,7597.0,7691.39990234375,5043,ULTRACEMCO,BSE,yfinance,1d
2023-04-06,7691.39990234375,7729.0,7671.0,7701.10009765625,2497,ULTRACEMCO,BSE,yfinance,1d
2023-04-10,7724.9501953125,7770.0,7670.5,7693.4501953125,3571,ULTRACEMCO,BSE,yfinance,1d
2023-04-11,7700.0,7792.0498046875,7700.0,7741.60009765625,21113,ULTRACEMCO,BSE,yfinance,1d
2023-04-12,7747.0,7792.0,7673.2001953125,7683.5,10846,ULTRACEMCO,BSE,yfinance,1d
2023-04-13,7749.9501953125,7749.9501953125,7625.5,7651.85009765625,10846,ULTRACEMCO,BSE,yfinance,1d
2023-04-17,7656.0,7824.64990234375,7654.39990234375,7736.85009765625,15515,ULTRACEMCO,BSE,yfinance,1d
2023-04-18,7765.0,7780.0,7571.0,7593.4501953125,5644,ULTRACEMCO,BSE,yfinance,1d
2023-04-19,7580.0498046875,7636.9501953125,7483.0,7517.14990234375,7627,ULTRACEMCO,BSE,yfinance,1d
2023-04-20,7552.4501953125,7598.25,7445.14990234375,7473.39990234375,10339,ULTRACEMCO,BSE,yfinance,1d
2023-04-21,7523.7001953125,7526.9501953125,7340.0,7361.85009765625,8718,ULTRACEMCO,BSE,yfinance,1d
2023-04-24,7325.0498046875,7455.2998046875,7308.39990234375,7441.5,26228,ULTRACEMCO,BSE,yfinance,1d
2023-04-25,7465.0,7508.7001953125,7428.25,7437.9501953125,4535,ULTRACEMCO,BSE,yfinance,1d
2023-04-26,7499.89990234375,7499.89990234375,7313.0,7456.0498046875,3905,ULTRACEMCO,BSE,yfinance,1d
2023-04-27,7440.0498046875,7508.35009765625,7438.0,7501.25,1929,ULTRACEMCO,BSE,yfinance,1d
2023-04-28,7524.9501953125,7576.5498046875,7487.5498046875,7554.60009765625,8316,ULTRACEMCO,BSE,yfinance,1d
2023-05-02,7554.5498046875,7576.0,7436.75,7456.0498046875,7806,ULTRACEMCO,BSE,yfinance,1d
2023-05-03,7530.10009765625,7544.0,7437.5,7501.0498046875,6068,ULTRACEMCO,BSE,yfinance,1d
2023-05-04,7450.0498046875,7528.7998046875,7450.0498046875,7503.85009765625,2012,ULTRACEMCO,BSE,yfinance,1d
2023-05-05,7486.35009765625,7668.0,7486.35009765625,7627.5,8199,ULTRACEMCO,BSE,yfinance,1d
2023-05-08,7626.0,7752.0,7626.0,7727.7001953125,8447,ULTRACEMCO,BSE,yfinance,1d
2023-05-09,7511.0498046875,7822.4501953125,7511.0498046875,7714.7998046875,4116,ULTRACEMCO,BSE,yfinance,1d
2023-05-10,7740.0,7774.0,7720.2998046875,7744.10009765625,3463,ULTRACEMCO,BSE,yfinance,1d
2023-05-11,7777.0,7855.0,7754.4501953125,7834.4501953125,9643,ULTRACEMCO,BSE,yfinance,1d
2023-05-12,7795.0498046875,7908.75,7692.64990234375,7701.60009765625,5115,ULTRACEMCO,BSE,yfinance,1d
2023-05-15,7773.9501953125,7776.0,7721.0,7761.0,2065,ULTRACEMCO,BSE,yfinance,1d
2023-05-16,7760.9501953125,7805.64990234375,7680.85009765625,7692.75,6095,ULTRACEMCO,BSE,yfinance,1d
2023-05-17,7709.7998046875,7762.4501953125,7658.0,7699.2998046875,2045,ULTRACEMCO,BSE,yfinance,1d
2023-05-18,7700.10009765625,7765.0,7592.25,7608.0498046875,2431,ULTRACEMCO,BSE,yfinance,1d
2023-05-19,7630.0498046875,7690.0,7584.35009765625,7680.2001953125,3108,ULTRACEMCO,BSE,yfinance,1d
2023-05-22,7635.35009765625,7739.5498046875,7635.35009765625,7714.14990234375,3513,ULTRACEMCO,BSE,yfinance,1d
2023-05-23,7710.0,7760.0,7628.60009765625,7655.2998046875,3225,ULTRACEMCO,BSE,yfinance,1d
2023-05-24,7655.2998046875,7682.5498046875,7592.0,7653.39990234375,2724,ULTRACEMCO,BSE,yfinance,1d
2023-05-25,7653.39990234375,7665.0,7591.75,7605.5498046875,14705,ULTRACEMCO,BSE,yfinance,1d
2023-05-26,7700.2998046875,7749.0,7639.2998046875,7723.7998046875,14458,ULTRACEMCO,BSE,yfinance,1d
2023-05-29,7703.0498046875,7857.5498046875,7703.0498046875,7839.2001953125,7788,ULTRACEMCO,BSE,yfinance,1d
2023-05-30,7865.0,7972.9501953125,7845.0,7899.5498046875,10353,ULTRACEMCO,BSE,yfinance,1d
2023-05-31,7899.0,7921.64990234375,7780.0,7873.64990234375,6990,ULTRACEMCO,BSE,yfinance,1d
2023-06-01,7873.64990234375,7896.10009765625,7813.64990234375,7842.7001953125,4036,ULTRACEMCO,BSE,yfinance,1d
2023-06-02,7840.0498046875,7947.39990234375,7835.0,7849.39990234375,3575,ULTRACEMCO,BSE,yfinance,1d
2023-06-05,7906.9501953125,7923.0498046875,7867.0,7872.85009765625,3070,ULTRACEMCO,BSE,yfinance,1d
2023-06-06,7870.0,8119.0,7870.0,8103.85009765625,22458,ULTRACEMCO,BSE,yfinance,1d
2023-06-07,8140.0,8170.14990234375,8082.5,8153.0,6127,ULTRACEMCO,BSE,yfinance,1d
2023-06-08,8165.0,8211.5,8084.64990234375,8096.4501953125,5262,ULTRACEMCO,BSE,yfinance,1d
2023-06-09,8125.2998046875,8215.0,8112.0,8151.2998046875,7054,ULTRACEMCO,BSE,yfinance,1d
2023-06-12,8151.2998046875,8204.0,8100.0,8198.25,4578,ULTRACEMCO,BSE,yfinance,1d
2023-06-13,8200.0,8318.9501953125,8200.0,8273.4501953125,4188,ULTRACEMCO,BSE,yfinance,1d
2023-06-14,8276.0498046875,8368.400390625,8276.0498046875,8348.5498046875,5650,ULTRACEMCO,BSE,yfinance,1d
2023-06-15,8360.0498046875,8427.0,8311.2001953125,8330.2001953125,18502,ULTRACEMCO,BSE,yfinance,1d
2023-06-16,8340.0498046875,8429.0,8306.099609375,8333.9501953125,8740,ULTRACEMCO,BSE,yfinance,1d
2023-06-19,8335.0,8410.099609375,8253.0,8267.4501953125,4492,ULTRACEMCO,BSE,yfinance,1d
2023-06-20,8267.4501953125,8292.400390625,8168.39990234375,8241.5498046875,2929,ULTRACEMCO,BSE,yfinance,1d
2023-06-21,8224.25,8342.599609375,8224.25,8241.849609375,13535,ULTRACEMCO,BSE,yfinance,1d
2023-06-22,8245.099609375,8274.25,8143.35009765625,8164.75,4544,ULTRACEMCO,BSE,yfinance,1d
2023-06-23,8121.0498046875,8151.2001953125,8057.14990234375,8067.0,20378,ULTRACEMCO,BSE,yfinance,1d
2023-06-26,8070.0,8180.0,8070.0,8168.25,10449,ULTRACEMCO,BSE,yfinance,1d
2023-06-27,8168.0498046875,8225.0,8168.0498046875,8207.5498046875,9129,ULTRACEMCO,BSE,yfinance,1d
2023-06-28,8175.0498046875,8310.0498046875,8175.0498046875,8265.650390625,2919,ULTRACEMCO,BSE,yfinance,1d
2023-06-30,8264.0,8315.2998046875,8234.650390625,8292.849609375,5728,ULTRACEMCO,BSE,yfinance,1d
2023-07-03,8380.0,8499.7001953125,8373.7998046875,8463.099609375,4695,ULTRACEMCO,BSE,yfinance,1d
2023-07-04,8501.0,8501.0,8385.0,8413.0,2734,ULTRACEMCO,BSE,yfinance,1d
2023-07-05,8413.0,8440.099609375,8345.0,8373.099609375,4146,ULTRACEMCO,BSE,yfinance,1d
2023-07-06,8400.0498046875,8475.0,8396.599609375,8405.9501953125,5277,ULTRACEMCO,BSE,yfinance,1d
2023-07-07,8400.0,8440.25,8328.849609375,8337.7001953125,4872,ULTRACEMCO,BSE,yfinance,1d
2023-07-10,8261.7001953125,8431.0,8261.7001953125,8349.7998046875,3550,ULTRACEMCO,BSE,yfinance,1d
2023-07-11,8429.9501953125,8440.849609375,8309.0,8326.5498046875,5970,ULTRACEMCO,BSE,yfinance,1d
2023-07-12,8326.599609375,8369.150390625,8154.5,8221.5,13321,ULTRACEMCO,BSE,yfinance,1d
2023-07-13,8225.099609375,8348.599609375,8208.150390625,8228.349609375,4938,ULTRACEMCO,BSE,yfinance,1d
2023-07-14,8334.099609375,8334.099609375,8149.10009765625,8190.85009765625,4990,ULTRACEMCO,BSE,yfinance,1d
2023-07-17,8190.89990234375,8258.75,8190.75,8250.0498046875,3742,ULTRACEMCO,BSE,yfinance,1d
2023-07-18,8248.9501953125,8248.9501953125,8158.75,8175.60009765625,2652,ULTRACEMCO,BSE,yfinance,1d
2023-07-19,8151.60009765625,8349.900390625,8151.60009765625,8330.5,6948,ULTRACEMCO,BSE,yfinance,1d
2023-07-20,8335.0498046875,8350.0,8168.9501953125,8223.900390625,6991,ULTRACEMCO,BSE,yfinance,1d
2023-07-21,8229.7998046875,8305.2998046875,8068.25,8126.5,117050,ULTRACEMCO,BSE,yfinance,1d
2023-07-24,8132.9501953125,8245.0,8097.75,8219.900390625,6624,ULTRACEMCO,BSE,yfinance,1d
2023-07-25,8244.0,8413.0,8244.0,8394.150390625,30812,ULTRACEMCO,BSE,yfinance,1d
2023-07-26,8400.0498046875,8458.25,8342.2998046875,8351.5498046875,7506,ULTRACEMCO,BSE,yfinance,1d
2023-07-27,8384.9501953125,8385.0,8260.0,8306.849609375,10169,ULTRACEMCO,BSE,yfinance,1d
2023-07-28,8285.0,8340.0,8217.2001953125,8301.7998046875,42437,ULTRACEMCO,BSE,yfinance,1d
2023-07-31,8319.150390625,8409.0,8301.7998046875,8314.9501953125,40693,ULTRACEMCO,BSE,yfinance,1d
2023-08-01,8315.0,8363.0,8274.7001953125,8281.5498046875,1763,ULTRACEMCO,BSE,yfinance,1d
2023-08-02,8265.0,8310.0,8217.2001953125,8286.099609375,2873,ULTRACEMCO,BSE,yfinance,1d
2023-08-03,8287.0,8287.0,8080.14990234375,8138.75,6435,ULTRACEMCO,BSE,yfinance,1d
2023-08-04,8145.0498046875,8228.75,8145.0498046875,8161.25,6299,ULTRACEMCO,BSE,yfinance,1d
2023-08-07,8197.9501953125,8248.0,8161.14990234375,8171.35009765625,6913,ULTRACEMCO,BSE,yfinance,1d
2023-08-08,8195.0,8221.5498046875,8130.0,8159.10009765625,10498,ULTRACEMCO,BSE,yfinance,1d
2023-08-09,8159.10009765625,8181.64990234375,8086.39990234375,8106.5,13634,ULTRACEMCO,BSE,yfinance,1d
2023-08-10,8107.0498046875,8205.0498046875,8080.0,8100.14990234375,31526,ULTRACEMCO,BSE,yfinance,1d
2023-08-11,8100.14990234375,8156.64990234375,8050.0,8126.2001953125,4534,ULTRACEMCO,BSE,yfinance,1d
2023-08-14,8062.60009765625,8130.0,8023.5,8048.9501953125,1886,ULTRACEMCO,BSE,yfinance,1d
2023-08-16,8028.35009765625,8264.9501953125,7940.5498046875,8244.650390625,5198,ULTRACEMCO,BSE,yfinance,1d
2023-08-17,8244.599609375,8244.599609375,8151.0,8206.5,2138,ULTRACEMCO,BSE,yfinance,1d
2023-08-18,8206.5,8241.25,8165.0,8219.0498046875,4318,ULTRACEMCO,BSE,yfinance,1d
2023-08-21,8120.0498046875,8278.5,8120.0498046875,8214.5,4642,ULTRACEMCO,BSE,yfinance,1d
2023-08-22,8164.25,8263.2001953125,8164.25,8198.650390625,30150,ULTRACEMCO,BSE,yfinance,1d
2023-08-23,8181.0498046875,8235.9501953125,8143.2001953125,8159.14990234375,21993,ULTRACEMCO,BSE,yfinance,1d
2023-08-24,8159.2001953125,8322.9501953125,8159.2001953125,8211.9501953125,20539,ULTRACEMCO,BSE,yfinance,1d
2023-08-25,8160.0498046875,8177.9501953125,8060.0,8070.39990234375,9719,ULTRACEMCO,BSE,yfinance,1d
2023-08-28,8100.0,8149.89990234375,8050.0,8114.9501953125,5127,ULTRACEMCO,BSE,yfinance,1d
2023-08-29,8150.0,8205.0,8150.0,8195.5,1702,ULTRACEMCO,BSE,yfinance,1d
2023-08-30,8210.0498046875,8311.0,8210.0498046875,8260.599609375,2584,ULTRACEMCO,BSE,yfinance,1d
2023-08-31,8222.650390625,8360.599609375,8222.650390625,8315.099609375,10216,ULTRACEMCO,BSE,yfinance,1d
2023-09-01,8300.099609375,8343.9501953125,8246.0,8264.2998046875,15998,ULTRACEMCO,BSE,yfinance,1d
2023-09-04,8279.9501953125,8600.0,8279.9501953125,8580.099609375,26066,ULTRACEMCO,BSE,yfinance,1d
2023-09-05,8580.5,8592.25,8442.9501953125,8456.099609375,13474,ULTRACEMCO,BSE,yfinance,1d
2023-09-06,8456.150390625,8550.0,8442.2001953125,8533.099609375,7129,ULTRACEMCO,BSE,yfinance,1d
2023-09-07,8535.0,8540.0,8430.650390625,8491.0498046875,3933,ULTRACEMCO,BSE,yfinance,1d
2023-09-08,8510.0,8547.400390625,8397.5498046875,8423.9501953125,2940,ULTRACEMCO,BSE,yfinance,1d
2023-09-11,8425.0498046875,8498.9501953125,8425.0498046875,8459.75,3202,ULTRACEMCO,BSE,yfinance,1d
2023-09-12,8467.0,8610.9501953125,8386.349609375,8577.5498046875,13812,ULTRACEMCO,BSE,yfinance,1d
2023-09-13,8577.599609375,8685.25,8530.0,8634.400390625,14137,ULTRACEMCO,BSE,yfinance,1d
2023-09-14,8652.7001953125,8703.7001953125,8607.2001953125,8689.2998046875,4072,ULTRACEMCO,BSE,yfinance,1d
2023-09-15,8740.849609375,8750.0,8657.0,8727.7001953125,5920,ULTRACEMCO,BSE,yfinance,1d
2023-09-18,8727.7001953125,8727.75,8603.75,8623.599609375,2671,ULTRACEMCO,BSE,yfinance,1d
2023-09-20,8600.0,8623.5,8435.099609375,8456.650390625,10920,ULTRACEMCO,BSE,yfinance,1d
2023-09-21,8380.150390625,8435.0,8284.0,8306.0498046875,30776,ULTRACEMCO,BSE,yfinance,1d
2023-09-22,8293.2998046875,8303.0498046875,8172.64990234375,8181.10009765625,23662,ULTRACEMCO,BSE,yfinance,1d
2023-09-25,8215.0,8271.0498046875,8163.0,8206.7001953125,4199,ULTRACEMCO,BSE,yfinance,1d
2023-09-26,8245.0,8327.900390625,8220.25,8226.349609375,4492,ULTRACEMCO,BSE,yfinance,1d
2023-09-27,8246.349609375,8295.599609375,8215.5498046875,8263.25,12614,ULTRACEMCO,BSE,yfinance,1d
2023-09-28,8295.2998046875,8321.849609375,8138.0,8153.25,5430,ULTRACEMCO,BSE,yfinance,1d
2023-09-29,8200.0,8283.7001953125,8126.9501953125,8257.5,35684,ULTRACEMCO,BSE,yfinance,1d
2023-10-03,8349.7998046875,8390.7998046875,8225.9501953125,8302.0498046875,29781,ULTRACEMCO,BSE,yfinance,1d
2023-10-04,8302.0498046875,8302.0498046875,8050.0,8117.5498046875,22815,ULTRACEMCO,BSE,yfinance,1d
2023-10-05,8235.9501953125,8235.9501953125,8130.0,8167.0498046875,30528,ULTRACEMCO,BSE,yfinance,1d
2023-10-06,8167.10009765625,8235.9501953125,8156.5498046875,8205.099609375,7944,ULTRACEMCO,BSE,yfinance,1d
2023-10-09,8199.9501953125,8199.9501953125,8090.0,8108.60009765625,5074,ULTRACEMCO,BSE,yfinance,1d
2023-10-10,8108.64990234375,8182.14990234375,8106.9501953125,8156.0,3092,ULTRACEMCO,BSE,yfinance,1d
2023-10-11,8170.0,8389.099609375,8170.0,8328.5,151618,ULTRACEMCO,BSE,yfinance,1d
2023-10-12,8340.0,8374.2998046875,8305.0,8357.9501953125,2933,ULTRACEMCO,BSE,yfinance,1d
2023-10-13,8260.0498046875,8414.0,8260.0498046875,8364.650390625,12980,ULTRACEMCO,BSE,yfinance,1d
2023-10-16,8364.75,8454.150390625,8272.75,8303.0498046875,3626,ULTRACEMCO,BSE,yfinance,1d
2023-10-17,8325.0,8332.25,8277.0,8300.2001953125,3331,ULTRACEMCO,BSE,yfinance,1d
2023-10-18,8369.599609375,8369.599609375,8250.0,8280.7001953125,2834,ULTRACEMCO,BSE,yfinance,1d
2023-10-19,8264.9501953125,8539.849609375,8199.75,8514.7998046875,80238,ULTRACEMCO,BSE,yfinance,1d
2023-10-20,8530.0,8636.099609375,8408.650390625,8453.75,8190,ULTRACEMCO,BSE,yfinance,1d
2023-10-23,8375.0498046875,8520.349609375,8306.0498046875,8321.0498046875,2949,ULTRACEMCO,BSE,yfinance,1d
2023-10-25,8346.5498046875,8392.2001953125,8194.099609375,8258.4501953125,2768,ULTRACEMCO,BSE,yfinance,1d
2023-10-26,8260.0,8260.0,8148.2998046875,8212.4501953125,41967,ULTRACEMCO,BSE,yfinance,1d
2023-10-27,8212.4501953125,8271.0,8176.75,8206.650390625,29590,ULTRACEMCO,BSE,yfinance,1d
2023-10-30,8282.7998046875,8427.599609375,8205.0,8411.7001953125,11829,ULTRACEMCO,BSE,yfinance,1d
2023-10-31,8401.7001953125,8453.150390625,8355.0,8429.099609375,5947,ULTRACEMCO,BSE,yfinance,1d
2023-11-01,8479.9501953125,8479.9501953125,8370.0,8380.5498046875,2956,ULTRACEMCO,BSE,yfinance,1d
2023-11-02,8427.150390625,8475.9501953125,8385.0,8461.099609375,4435,ULTRACEMCO,BSE,yfinance,1d
2023-11-03,8483.5498046875,8530.0,8437.75,8518.0498046875,31866,ULTRACEMCO,BSE,yfinance,1d
2023-11-06,8522.599609375,8649.900390625,8522.599609375,8638.349609375,3101,ULTRACEMCO,BSE,yfinance,1d
2023-11-07,8638.349609375,8692.2001953125,8587.650390625,8685.0498046875,3237,ULTRACEMCO,BSE,yfinance,1d
2023-11-08,8685.0498046875,8710.7998046875,8662.0,8698.099609375,2506,ULTRACEMCO,BSE,yfinance,1d
2023-11-09,8675.099609375,8719.0,8619.349609375,8629.650390625,1939,ULTRACEMCO,BSE,yfinance,1d
2023-11-10,8619.9501953125,8730.0,8592.150390625,8720.2998046875,9152,ULTRACEMCO,BSE,yfinance,1d
2023-11-13,8714.099609375,8724.75,8660.0,8676.0,1851,ULTRACEMCO,BSE,yfinance,1d
2023-11-15,8701.0,8817.0,8697.900390625,8765.7001953125,3253,ULTRACEMCO,BSE,yfinance,1d
2023-11-16,8778.0,8810.0,8700.0,8775.349609375,22262,ULTRACEMCO,BSE,yfinance,1d
2023-11-17,8768.0498046875,8870.650390625,8768.0498046875,8792.900390625,26620,ULTRACEMCO,BSE,yfinance,1d
2023-11-20,8790.0498046875,8801.150390625,8651.0,8663.5,3551,ULTRACEMCO,BSE,yfinance,1d
2023-11-21,8749.9501953125,8749.9501953125,8661.900390625,8704.0,2307,ULTRACEMCO,BSE,yfinance,1d
2023-11-22,8749.9501953125,8774.349609375,8617.900390625,8760.2998046875,2942,ULTRACEMCO,BSE,yfinance,1d
2023-11-23,8774.9501953125,8774.9501953125,8588.849609375,8607.099609375,30614,ULTRACEMCO,BSE,yfinance,1d
2023-11-24,8610.0498046875,8652.849609375,8544.0,8545.5,60222,ULTRACEMCO,BSE,yfinance,1d
2023-11-28,8624.9501953125,8737.2001953125,8582.7001953125,8728.0,3034,ULTRACEMCO,BSE,yfinance,1d
2023-11-29,8750.0,8788.4501953125,8693.25,8726.5498046875,3743,ULTRACEMCO,BSE,yfinance,1d
2023-11-30,8760.5498046875,9021.400390625,8760.5498046875,9000.650390625,9992,ULTRACEMCO,BSE,yfinance,1d
2023-12-01,9100.0498046875,9152.0,8976.4501953125,9031.349609375,24172,ULTRACEMCO,BSE,yfinance,1d
2023-12-04,9150.0,9336.7001953125,9086.2001953125,9317.5498046875,6188,ULTRACEMCO,BSE,yfinance,1d
2023-12-05,9349.650390625,9400.0,9244.0,9326.7998046875,4609,ULTRACEMCO,BSE,yfinance,1d
2023-12-06,9330.0,9342.599609375,9136.0,9210.150390625,12618,ULTRACEMCO,BSE,yfinance,1d
2023-12-07,9279.9501953125,9376.0,9234.099609375,9359.650390625,6794,ULTRACEMCO,BSE,yfinance,1d
2023-12-08,9360.2998046875,9434.650390625,9344.099609375,9399.650390625,63356,ULTRACEMCO,BSE,yfinance,1d
2023-12-11,9435.599609375,9725.0,9409.5,9685.0,5472,ULTRACEMCO,BSE,yfinance,1d
2023-12-12,9692.2001953125,9960.0,9625.400390625,9863.650390625,35417,ULTRACEMCO,BSE,yfinance,1d
2023-12-13,9895.4501953125,10040.0,9678.0498046875,9739.349609375,22342,ULTRACEMCO,BSE,yfinance,1d
2023-12-14,9850.0,9985.0,9773.2998046875,9958.5498046875,33626,ULTRACEMCO,BSE,yfinance,1d
2023-12-15,9980.849609375,10059.7001953125,9902.5498046875,10025.2998046875,17977,ULTRACEMCO,BSE,yfinance,1d
2023-12-18,10025.849609375,10028.0,9948.0498046875,9969.650390625,3140,ULTRACEMCO,BSE,yfinance,1d
2023-12-19,9980.0,10050.0,9957.0,10012.2998046875,3468,ULTRACEMCO,BSE,yfinance,1d
2023-12-20,10079.400390625,10121.0,9857.2998046875,9878.7998046875,4416,ULTRACEMCO,BSE,yfinance,1d
2023-12-21,9885.0,9976.9501953125,9826.5498046875,9953.5498046875,2633,ULTRACEMCO,BSE,yfinance,1d
2023-12-22,9999.9501953125,10015.599609375,9902.0498046875,9964.099609375,10297,ULTRACEMCO,BSE,yfinance,1d
2023-12-26,9999.900390625,10050.349609375,9972.349609375,10021.0498046875,2416,ULTRACEMCO,BSE,yfinance,1d
2023-12-27,10089.900390625,10489.400390625,10065.0,10445.150390625,16826,ULTRACEMCO,BSE,yfinance,1d
2023-12-28,10510.5498046875,10510.5498046875,10327.5498046875,10415.349609375,14405,ULTRACEMCO,BSE,yfinance,1d
2023-12-29,10493.849609375,10522.650390625,10363.7998046875,10503.150390625,4172,ULTRACEMCO,BSE,yfinance,1d
2024-01-01,10495.0,10519.2998046875,10416.099609375,10461.2998046875,5107,ULTRACEMCO,BSE,yfinance,1d
2024-01-02,10488.5,10489.5,10108.0498046875,10203.75,8834,ULTRACEMCO,BSE,yfinance,1d
2024-01-03,10250.5498046875,10250.5498046875,10090.0,10110.75,4716,ULTRACEMCO,BSE,yfinance,1d
2024-01-04,10186.849609375,10186.849609375,10002.75,10014.7998046875,3002,ULTRACEMCO,BSE,yfinance,1d
2024-01-05,10149.7998046875,10149.7998046875,9994.25,10014.5,5685,ULTRACEMCO,BSE,yfinance,1d
2024-01-08,10115.849609375,10115.849609375,9924.400390625,9932.5498046875,2793,ULTRACEMCO,BSE,yfinance,1d
2024-01-09,9935.150390625,10017.599609375,9870.349609375,9894.099609375,3139,ULTRACEMCO,BSE,yfinance,1d
2024-01-10,9900.0,9906.099609375,9730.2001953125,9777.5,2894,ULTRACEMCO,BSE,yfinance,1d
2024-01-11,9889.849609375,9940.0,9726.650390625,9903.650390625,6891,ULTRACEMCO,BSE,yfinance,1d
2024-01-12,9999.7998046875,9999.7998046875,9793.5498046875,9807.599609375,3406,ULTRACEMCO,BSE,yfinance,1d
2024-01-15,9880.0,9990.75,9823.0,9952.7001953125,2400,ULTRACEMCO,BSE,yfinance,1d
2024-01-16,9988.849609375,10040.0,9877.900390625,9965.5,3136,ULTRACEMCO,BSE,yfinance,1d
2024-01-17,9960.0,10043.2001953125,9826.5498046875,9850.75,4438,ULTRACEMCO,BSE,yfinance,1d
2024-01-18,9866.849609375,9930.0,9771.400390625,9892.7001953125,2944,ULTRACEMCO,BSE,yfinance,1d
2024-01-19,9983.2001953125,10132.5498046875,9847.349609375,10094.5,16792,ULTRACEMCO,BSE,yfinance,1d
2024-01-23,10000.0,10081.0,9819.900390625,9833.7001953125,4516,ULTRACEMCO,BSE,yfinance,1d
2024-01-24,9949.849609375,10029.0,9749.650390625,9993.5,5159,ULTRACEMCO,BSE,yfinance,1d
2024-01-25,9989.7998046875,10047.900390625,9883.650390625,9984.0498046875,4067,ULTRACEMCO,BSE,yfinance,1d
2024-01-29,9960.0498046875,10297.650390625,9960.0498046875,10275.400390625,13466,ULTRACEMCO,BSE,yfinance,1d
2024-01-30,10201.150390625,10321.349609375,9947.0,9958.5,7766,ULTRACEMCO,BSE,yfinance,1d
2024-01-31,9972.0498046875,10184.849609375,9906.0,10167.9501953125,2803,ULTRACEMCO,BSE,yfinance,1d
2024-02-01,10130.0498046875,10226.2998046875,9900.900390625,9921.5,4784,ULTRACEMCO,BSE,yfinance,1d
2024-02-02,10089.900390625,10163.349609375,9990.400390625,10095.5498046875,8485,ULTRACEMCO,BSE,yfinance,1d
2024-02-05,10094.7998046875,10120.25,9880.599609375,9917.2998046875,1742,ULTRACEMCO,BSE,yfinance,1d
2024-02-06,10067.650390625,10075.0,9951.25,10055.5,7791,ULTRACEMCO,BSE,yfinance,1d
2024-02-07,10088.150390625,10282.0,10085.0,10225.0498046875,10804,ULTRACEMCO,BSE,yfinance,1d
2024-02-08,10299.9501953125,10299.9501953125,9952.4501953125,9997.599609375,5596,ULTRACEMCO,BSE,yfinance,1d
2024-02-09,10005.349609375,10041.7998046875,9855.0,9946.7998046875,6033,ULTRACEMCO,BSE,yfinance,1d
2024-02-12,10077.099609375,10077.099609375,9911.0,9962.0,20269,ULTRACEMCO,BSE,yfinance,1d
2024-02-13,9951.2001953125,9994.099609375,9831.0498046875,9852.349609375,7299,ULTRACEMCO,BSE,yfinance,1d
2024-02-14,9827.7001953125,9827.7001953125,9710.2001953125,9796.7998046875,15713,ULTRACEMCO,BSE,yfinance,1d
2024-02-15,9849.9501953125,9849.9501953125,9707.0,9815.349609375,4161,ULTRACEMCO,BSE,yfinance,1d
2024-02-16,9863.150390625,9945.0,9848.349609375,9915.25,4544,ULTRACEMCO,BSE,yfinance,1d
2024-02-19,9936.9501953125,9953.2001953125,9890.900390625,9900.349609375,1902,ULTRACEMCO,BSE,yfinance,1d
2024-02-20,9900.349609375,10001.849609375,9863.2001953125,9983.7998046875,8363,ULTRACEMCO,BSE,yfinance,1d
2024-02-21,9952.25,10113.2998046875,9921.599609375,9968.849609375,17440,ULTRACEMCO,BSE,yfinance,1d
2024-02-22,9970.5,9994.9501953125,9810.0,9960.0498046875,5076,ULTRACEMCO,BSE,yfinance,1d
2024-02-23,10044.9501953125,10044.9501953125,9900.0,10005.7001953125,17332,ULTRACEMCO,BSE,yfinance,1d
2024-02-26,10019.5498046875,10043.0,9902.0,9927.400390625,4584,ULTRACEMCO,BSE,yfinance,1d
2024-02-27,9911.2001953125,10044.0498046875,9887.849609375,9954.2998046875,13245,ULTRACEMCO,BSE,yfinance,1d
2024-02-28,9885.0498046875,9980.0,9780.0498046875,9803.25,8333,ULTRACEMCO,BSE,yfinance,1d
2024-02-29,9750.0498046875,9934.5,9709.349609375,9901.900390625,1429,ULTRACEMCO,BSE,yfinance,1d
2024-03-01,9902.0,10178.5,9902.0,10132.099609375,11387,ULTRACEMCO,BSE,yfinance,1d
2024-03-04,10189.650390625,10189.650390625,9963.2998046875,9983.7998046875,13919,ULTRACEMCO,BSE,yfinance,1d
2024-03-05,9984.25,10027.5498046875,9831.0,9839.2001953125,10647,ULTRACEMCO,BSE,yfinance,1d
2024-03-06,9900.0,9902.0,9528.7998046875,9643.7001953125,28838,ULTRACEMCO,BSE,yfinance,1d
2024-03-07,9659.9501953125,9715.900390625,9568.0498046875,9672.599609375,45768,ULTRACEMCO,BSE,yfinance,1d
2024-03-11,9754.849609375,9822.099609375,9672.900390625,9697.900390625,10738,ULTRACEMCO,BSE,yfinance,1d
2024-03-12,9690.2998046875,9725.0,9579.400390625,9612.75,10169,ULTRACEMCO,BSE,yfinance,1d
2024-03-13,9654.650390625,9654.650390625,9502.75,9596.25,41029,ULTRACEMCO,BSE,yfinance,1d
2024-03-14,9502.2998046875,9708.0,9458.4501953125,9700.849609375,16118,ULTRACEMCO,BSE,yfinance,1d
2024-03-18,9632.5,9672.4501953125,9570.0,9619.599609375,9345,ULTRACEMCO,BSE,yfinance,1d
2024-03-19,9601.0,9601.0,9435.0,9456.0,3712,ULTRACEMCO,BSE,yfinance,1d
2024-03-20,9465.650390625,9529.4501953125,9450.0,9482.150390625,2931,ULTRACEMCO,BSE,yfinance,1d
2024-03-21,9549.25,9630.0,9513.349609375,9607.349609375,1090,ULTRACEMCO,BSE,yfinance,1d
2024-03-22,9607.349609375,9749.0,9578.5,9686.5498046875,5895,ULTRACEMCO,BSE,yfinance,1d
2024-03-26,9686.25,9686.25,9566.849609375,9600.349609375,3877,ULTRACEMCO,BSE,yfinance,1d
2024-03-27,9699.9501953125,9710.7998046875,9578.7998046875,9625.349609375,2268,ULTRACEMCO,BSE,yfinance,1d
2024-03-28,9625.75,9850.0,9625.75,9745.0498046875,9898,ULTRACEMCO,BSE,yfinance,1d
2024-04-01,9854.349609375,9990.0,9755.0,9956.2001953125,3339,ULTRACEMCO,BSE,yfinance,1d
2024-04-02,9911.849609375,10080.0,9846.2998046875,10039.900390625,9610,ULTRACEMCO,BSE,yfinance,1d
2024-04-03,10214.599609375,10272.9501953125,9985.0,9999.75,14451,ULTRACEMCO,BSE,yfinance,1d
2024-04-04,10109.2001953125,10109.2001953125,9905.0,10006.599609375,3469,ULTRACEMCO,BSE,yfinance,1d
2024-04-05,10000.0,10006.5,9801.650390625,9824.0498046875,8434,ULTRACEMCO,BSE,yfinance,1d
2024-04-08,9825.0498046875,9898.7001953125,9802.0,9863.400390625,3573,ULTRACEMCO,BSE,yfinance,1d
2024-04-09,9942.4501953125,9995.25,9758.5,9770.2998046875,3414,ULTRACEMCO,BSE,yfinance,1d
2024-04-10,9780.900390625,9857.25,9704.2998046875,9819.599609375,4275,ULTRACEMCO,BSE,yfinance,1d
2024-04-12,9767.0498046875,9846.2998046875,9615.0498046875,9646.9501953125,16961,ULTRACEMCO,BSE,yfinance,1d
2024-04-15,9635.0,9635.0,9490.0,9502.2001953125,3120,ULTRACEMCO,BSE,yfinance,1d
2024-04-16,9440.0,9495.0,9352.099609375,9473.349609375,6000,ULTRACEMCO,BSE,yfinance,1d
2024-04-18,9474.0,9525.0,9340.2998046875,9387.2001953125,10371,ULTRACEMCO,BSE,yfinance,1d
2024-04-19,9250.150390625,9400.0,9250.099609375,9367.400390625,9112,ULTRACEMCO,BSE,yfinance,1d
2024-04-22,9529.349609375,9587.0,9473.75,9567.150390625,6267,ULTRACEMCO,BSE,yfinance,1d
2024-04-23,9502.25,9621.2998046875,9502.25,9531.099609375,3987,ULTRACEMCO,BSE,yfinance,1d
2024-04-24,9560.0,9685.0,9560.0,9657.849609375,3073,ULTRACEMCO,BSE,yfinance,1d
2024-04-25,9648.349609375,9708.0,9564.099609375,9683.599609375,7011,ULTRACEMCO,BSE,yfinance,1d
2024-04-26,9751.7998046875,9779.75,9646.0,9700.2001953125,4452,ULTRACEMCO,BSE,yfinance,1d
2024-04-29,9849.400390625,10009.849609375,9747.2001953125,9962.25,16888,ULTRACEMCO,BSE,yfinance,1d
2024-04-30,10200.0,10200.0,9916.0,9966.75,17004,ULTRACEMCO,BSE,yfinance,1d
2024-05-02,10029.0498046875,10040.0,9953.25,9981.25,2823,ULTRACEMCO,BSE,yfinance,1d
2024-05-03,9998.900390625,10025.0,9776.7998046875,9816.75,11866,ULTRACEMCO,BSE,yfinance,1d
2024-05-06,9874.9501953125,9925.0,9746.0,9778.150390625,6134,ULTRACEMCO,BSE,yfinance,1d
2024-05-07,9780.099609375,9831.099609375,9630.0,9688.150390625,6194,ULTRACEMCO,BSE,yfinance,1d
2024-05-08,9630.150390625,9655.5,9502.0,9517.9501953125,8907,ULTRACEMCO,BSE,yfinance,1d
2024-05-09,9680.0,9680.0,9415.0,9446.4501953125,3325,ULTRACEMCO,BSE,yfinance,1d
2024-05-10,9463.0,9516.25,9420.0,9494.9501953125,5142,ULTRACEMCO,BSE,yfinance,1d
2024-05-13,9495.150390625,9580.25,9425.849609375,9554.150390625,4299,ULTRACEMCO,BSE,yfinance,1d
2024-05-14,9500.650390625,9700.0,9500.650390625,9662.650390625,6111,ULTRACEMCO,BSE,yfinance,1d
2024-05-15,9700.0,9700.0,9564.2998046875,9610.25,4992,ULTRACEMCO,BSE,yfinance,1d
2024-05-16,9602.5498046875,9724.9501953125,9528.099609375,9707.2001953125,6639,ULTRACEMCO,BSE,yfinance,1d
2024-05-17,9567.0498046875,9899.0,9567.0498046875,9890.75,4355,ULTRACEMCO,BSE,yfinance,1d
2024-05-21,9855.0,9855.0,9768.4501953125,9798.599609375,10129,ULTRACEMCO,BSE,yfinance,1d
2024-05-22,9899.5498046875,9950.0,9847.9501953125,9893.650390625,5558,ULTRACEMCO,BSE,yfinance,1d
2024-05-23,9977.349609375,10196.0,9848.900390625,10164.5498046875,8298,ULTRACEMCO,BSE,yfinance,1d
2024-05-24,10162.2001953125,10362.349609375,10129.0,10226.5498046875,9551,ULTRACEMCO,BSE,yfinance,1d
2024-05-27,10308.0,10351.599609375,10178.75,10225.9501953125,7472,ULTRACEMCO,BSE,yfinance,1d
2024-05-28,10279.9501953125,10365.0,10147.849609375,10168.9501953125,8316,ULTRACEMCO,BSE,yfinance,1d
2024-05-29,10199.9501953125,10199.9501953125,9961.849609375,10022.9501953125,3559,ULTRACEMCO,BSE,yfinance,1d
2024-05-30,10050.0,10050.0,9831.349609375,9866.2001953125,2309,ULTRACEMCO,BSE,yfinance,1d
2024-05-31,9896.0498046875,10080.400390625,9880.0,9901.349609375,10217,ULTRACEMCO,BSE,yfinance,1d
2024-06-03,10399.900390625,10519.900390625,10220.75,10467.900390625,12218,ULTRACEMCO,BSE,yfinance,1d
2024-06-04,10467.900390625,10480.0,9550.0,9908.099609375,14433,ULTRACEMCO,BSE,yfinance,1d
2024-06-05,10000.0,10066.7001953125,9767.400390625,10034.25,3562,ULTRACEMCO,BSE,yfinance,1d
2024-06-06,10034.25,10172.9501953125,9945.099609375,10064.2998046875,3308,ULTRACEMCO,BSE,yfinance,1d
2024-06-07,10054.0,10500.0,9966.7001953125,10462.2001953125,25711,ULTRACEMCO,BSE,yfinance,1d
2024-06-10,10549.75,10908.75,10489.5498046875,10830.25,13799,ULTRACEMCO,BSE,yfinance,1d
2024-06-11,10924.75,10986.349609375,10830.25,10925.599609375,10597,ULTRACEMCO,BSE,yfinance,1d
2024-06-12,10899.849609375,11095.0,10880.75,11043.7998046875,7742,ULTRACEMCO,BSE,yfinance,1d
2024-06-13,11205.349609375,11276.0498046875,11000.0,11182.150390625,4244,ULTRACEMCO,BSE,yfinance,1d
2024-06-14,11100.2001953125,11268.9501953125,11100.2001953125,11238.900390625,4943,ULTRACEMCO,BSE,yfinance,1d
2024-06-18,11250.0,11265.0,11056.599609375,11117.849609375,4287,ULTRACEMCO,BSE,yfinance,1d
2024-06-19,11130.0498046875,11180.150390625,10970.9501953125,10990.7998046875,2581,ULTRACEMCO,BSE,yfinance,1d
2024-06-20,11040.849609375,11163.7001953125,10874.650390625,10905.5,4161,ULTRACEMCO,BSE,yfinance,1d
2024-06-21,10906.0,10957.4501953125,10616.099609375,10662.9501953125,29863,ULTRACEMCO,BSE,yfinance,1d
2024-06-24,10675.25,10846.400390625,10600.0,10784.900390625,4312,ULTRACEMCO,BSE,yfinance,1d
2024-06-25,10875.2998046875,11000.0,10823.2001953125,10848.150390625,10772,ULTRACEMCO,BSE,yfinance,1d
2024-06-26,10890.0,11259.25,10890.0,11149.75,19037,ULTRACEMCO,BSE,yfinance,1d
2024-06-27,11220.0,11875.9501953125,11220.0,11714.7998046875,55251,ULTRACEMCO,BSE,yfinance,1d
2024-06-28,11779.849609375,11779.849609375,11483.349609375,11661.2998046875,46723,ULTRACEMCO,BSE,yfinance,1d
2024-07-01,11739.7001953125,12026.9501953125,11672.0,11907.400390625,7256,ULTRACEMCO,BSE,yfinance,1d
2024-07-02,11987.5498046875,12078.150390625,11814.7998046875,11846.900390625,10058,ULTRACEMCO,BSE,yfinance,1d
2024-07-03,11899.9501953125,11899.9501953125,11766.7998046875,11871.75,4857,ULTRACEMCO,BSE,yfinance,1d
2024-07-04,11860.0498046875,11933.7998046875,11725.349609375,11759.0,5043,ULTRACEMCO,BSE,yfinance,1d
2024-07-05,11770.75,11820.599609375,11621.400390625,11692.4501953125,14279,ULTRACEMCO,BSE,yfinance,1d
2024-07-08,11650.0498046875,11690.0,11532.400390625,11584.650390625,6852,ULTRACEMCO,BSE,yfinance,1d
2024-07-09,11600.0,11757.7001953125,11484.099609375,11680.4501953125,6289,ULTRACEMCO,BSE,yfinance,1d
2024-07-10,11680.4501953125,11730.849609375,11469.7001953125,11634.25,5105,ULTRACEMCO,BSE,yfinance,1d
2024-07-11,11565.349609375,11638.7998046875,11497.900390625,11563.2001953125,5604,ULTRACEMCO,BSE,yfinance,1d
2024-07-12,11514.0498046875,11685.5498046875,11469.25,11600.9501953125,34778,ULTRACEMCO,BSE,yfinance,1d
2024-07-15,11665.5,11899.599609375,11665.5,11831.150390625,4816,ULTRACEMCO,BSE,yfinance,1d
2024-07-16,11933.849609375,11933.849609375,11642.0,11655.349609375,5969,ULTRACEMCO,BSE,yfinance,1d
2024-07-18,11733.9501953125,11733.9501953125,11469.0498046875,11650.5,7161,ULTRACEMCO,BSE,yfinance,1d
2024-07-19,11615.599609375,11615.650390625,11229.7001953125,11268.099609375,35301,ULTRACEMCO,BSE,yfinance,1d
2024-07-22,11215.0498046875,11565.0,11215.0498046875,11515.849609375,9858,ULTRACEMCO,BSE,yfinance,1d
2024-07-23,11676.9501953125,11732.0,11313.400390625,11542.0498046875,25603,ULTRACEMCO,BSE,yfinance,1d
2024-07-24,11545.0,11551.9501953125,11355.5498046875,11458.5498046875,4906,ULTRACEMCO,BSE,yfinance,1d
2024-07-25,11424.400390625,11480.0,11292.75,11448.900390625,7419,ULTRACEMCO,BSE,yfinance,1d
2024-07-26,11499.9501953125,11736.0,11394.7001953125,11679.25,19997,ULTRACEMCO,BSE,yfinance,1d
2024-07-29,11798.9501953125,11940.0,11682.5,11877.2001953125,21734,ULTRACEMCO,BSE,yfinance,1d
2024-07-30,11926.2001953125,11926.2001953125,11647.5,11811.2998046875,16446,ULTRACEMCO,BSE,yfinance,1d
2024-07-31,11848.9501953125,11912.849609375,11747.5498046875,11882.7998046875,8087,ULTRACEMCO,BSE,yfinance,1d
2024-08-01,11941.099609375,12021.0498046875,11807.7001953125,11984.900390625,4192,ULTRACEMCO,BSE,yfinance,1d
2024-08-02,11949.849609375,11949.849609375,11717.7001953125,11758.400390625,35675,ULTRACEMCO,BSE,yfinance,1d
2024-08-05,11578.400390625,11680.0,11361.0,11420.0,9839,ULTRACEMCO,BSE,yfinance,1d
2024-08-06,11400.650390625,11573.650390625,11272.9501953125,11329.150390625,5916,ULTRACEMCO,BSE,yfinance,1d
2024-08-07,11411.0498046875,11586.150390625,11411.0498046875,11546.2001953125,4401,ULTRACEMCO,BSE,yfinance,1d
2024-08-08,11535.2001953125,11535.2001953125,11239.0498046875,11253.7001953125,6405,ULTRACEMCO,BSE,yfinance,1d
2024-08-09,11499.849609375,11499.849609375,11235.0,11305.0,8925,ULTRACEMCO,BSE,yfinance,1d
2024-08-12,11300.0,11377.5498046875,11226.7998046875,11297.7001953125,2732,ULTRACEMCO,BSE,yfinance,1d
2024-08-13,11398.75,11398.75,11241.0,11268.25,3735,ULTRACEMCO,BSE,yfinance,1d
2024-08-14,11200.0,11200.0,10970.0,11001.650390625,10327,ULTRACEMCO,BSE,yfinance,1d
2024-08-16,11099.349609375,11327.7001953125,10952.0,11287.4501953125,14330,ULTRACEMCO,BSE,yfinance,1d
2024-08-19,11349.0498046875,11465.7001953125,11283.849609375,11310.25,2182,ULTRACEMCO,BSE,yfinance,1d
2024-08-20,11389.9501953125,11520.349609375,11290.900390625,11388.2001953125,18816,ULTRACEMCO,BSE,yfinance,1d
2024-08-21,11242.0498046875,11312.5,11165.0,11203.0,12210,ULTRACEMCO,BSE,yfinance,1d
2024-08-22,11290.0,11373.2998046875,11208.2998046875,11307.25,4784,ULTRACEMCO,BSE,yfinance,1d
2024-08-23,11310.0,11382.650390625,11204.150390625,11324.5498046875,28479,ULTRACEMCO,BSE,yfinance,1d
2024-08-26,11399.9501953125,11399.9501953125,11275.0,11337.25,10333,ULTRACEMCO,BSE,yfinance,1d
2024-08-27,11419.599609375,11440.0,11292.0,11299.400390625,4070,ULTRACEMCO,BSE,yfinance,1d
2024-08-28,11278.0,11315.2998046875,11212.2001953125,11229.849609375,8644,ULTRACEMCO,BSE,yfinance,1d
2024-08-29,11234.0,11250.0,11118.0,11223.7998046875,2249,ULTRACEMCO,BSE,yfinance,1d
2024-08-30,11289.849609375,11359.349609375,11223.7998046875,11300.650390625,13365,ULTRACEMCO,BSE,yfinance,1d
2024-09-02,11293.9501953125,11464.400390625,11293.9501953125,11426.0,2818,ULTRACEMCO,BSE,yfinance,1d
2024-09-03,11449.9501953125,11500.0,11363.599609375,11460.5498046875,3860,ULTRACEMCO,BSE,yfinance,1d
2024-09-04,11250.0498046875,11620.0,11250.0498046875,11590.5,3748,ULTRACEMCO,BSE,yfinance,1d
2024-09-05,11669.7998046875,11820.0,11511.0,11537.25,15292,ULTRACEMCO,BSE,yfinance,1d
2024-09-06,11544.9501953125,11544.9501953125,11318.5,11426.7998046875,13075,ULTRACEMCO,BSE,yfinance,1d
2024-09-09,11426.7998046875,11513.2998046875,11311.75,11497.099609375,2474,ULTRACEMCO,BSE,yfinance,1d
2024-09-10,11505.349609375,11639.0,11464.7001953125,11541.7998046875,4807,ULTRACEMCO,BSE,yfinance,1d
2024-09-11,11594.9501953125,11606.75,11463.599609375,11488.599609375,3337,ULTRACEMCO,BSE,yfinance,1d
2024-09-12,11484.2001953125,11727.9501953125,11448.5,11706.5,12174,ULTRACEMCO,BSE,yfinance,1d
2024-09-13,11706.5,11762.349609375,11626.0,11715.7998046875,3736,ULTRACEMCO,BSE,yfinance,1d
2024-09-16,11715.0,11785.349609375,11610.0,11641.349609375,4488,ULTRACEMCO,BSE,yfinance,1d
2024-09-17,11637.2001953125,11722.0498046875,11581.099609375,11649.4501953125,17452,ULTRACEMCO,BSE,yfinance,1d
2024-09-18,11640.849609375,11760.0,11537.7998046875,11633.5498046875,5088,ULTRACEMCO,BSE,yfinance,1d
2024-09-19,11665.75,11731.349609375,11537.7998046875,11640.5498046875,4831,ULTRACEMCO,BSE,yfinance,1d
2024-09-20,11631.25,11840.0,11586.900390625,11803.25,34933,ULTRACEMCO,BSE,yfinance,1d
2024-09-23,11810.0498046875,11994.9501953125,11803.25,11971.4501953125,6660,ULTRACEMCO,BSE,yfinance,1d
2024-09-24,11971.4501953125,11971.4501953125,11742.75,11761.2998046875,4716,ULTRACEMCO,BSE,yfinance,1d
2024-09-25,11762.25,11846.099609375,11685.0,11813.4501953125,18737,ULTRACEMCO,BSE,yfinance,1d
2024-09-26,11782.400390625,12075.0,11770.0,12061.5498046875,4014,ULTRACEMCO,BSE,yfinance,1d
2024-09-27,12049.9501953125,12138.25,11917.75,11952.849609375,7309,ULTRACEMCO,BSE,yfinance,1d
2024-09-30,11899.2998046875,11917.9501953125,11776.150390625,11797.599609375,3418,ULTRACEMCO,BSE,yfinance,1d
2024-10-01,11854.9501953125,11885.0,11653.650390625,11836.0498046875,1728,ULTRACEMCO,BSE,yfinance,1d
2024-10-03,11650.0,11925.0,11615.650390625,11722.5498046875,3925,ULTRACEMCO,BSE,yfinance,1d
2024-10-04,11735.0498046875,11829.7001953125,11387.599609375,11445.4501953125,15636,ULTRACEMCO,BSE,yfinance,1d
2024-10-07,11450.0,11534.2998046875,11193.25,11233.25,7754,ULTRACEMCO,BSE,yfinance,1d
2024-10-08,11206.0,11474.650390625,11206.0,11387.5,2966,ULTRACEMCO,BSE,yfinance,1d
2024-10-09,11389.849609375,11503.900390625,11335.2001953125,11355.099609375,3046,ULTRACEMCO,BSE,yfinance,1d
2024-10-10,11455.0,11457.150390625,11358.849609375,11435.849609375,8654,ULTRACEMCO,BSE,yfinance,1d
2024-10-11,11350.0498046875,11460.9501953125,11350.0498046875,11421.400390625,12209,ULTRACEMCO,BSE,yfinance,1d
2024-10-14,11351.0498046875,11423.4501953125,11244.900390625,11311.099609375,9115,ULTRACEMCO,BSE,yfinance,1d
2024-10-15,11418.9501953125,11427.900390625,11293.5498046875,11404.9501953125,2832,ULTRACEMCO,BSE,yfinance,1d
2024-10-16,11379.9501953125,11415.7998046875,11230.5,11324.400390625,3992,ULTRACEMCO,BSE,yfinance,1d
2024-10-17,11329.9501953125,11364.900390625,10936.4501953125,11018.650390625,4683,ULTRACEMCO,BSE,yfinance,1d
2024-10-18,10945.0498046875,11134.7001953125,10903.900390625,11060.900390625,6438,ULTRACEMCO,BSE,yfinance,1d
2024-10-21,11134.9501953125,11158.0,10770.349609375,10869.2998046875,20694,ULTRACEMCO,BSE,yfinance,1d
2024-10-22,10800.0,11074.599609375,10743.4501953125,10817.349609375,23965,ULTRACEMCO,BSE,yfinance,1d
2024-10-23,10817.349609375,10840.0,10670.400390625,10752.2001953125,9431,ULTRACEMCO,BSE,yfinance,1d
2024-10-24,10785.25,11086.7998046875,10718.4501953125,11040.0498046875,6312,ULTRACEMCO,BSE,yfinance,1d
2024-10-25,11030.0498046875,11111.900390625,10963.900390625,10992.5,15369,ULTRACEMCO,BSE,yfinance,1d
2024-10-28,11000.0498046875,11198.849609375,10899.2001953125,11095.0,1839,ULTRACEMCO,BSE,yfinance,1d
2024-10-29,11093.0,11134.5498046875,10920.0,11116.2001953125,2752,ULTRACEMCO,BSE,yfinance,1d
2024-10-30,11164.599609375,11228.349609375,11011.2001953125,11198.150390625,3288,ULTRACEMCO,BSE,yfinance,1d
2024-10-31,11180.0,11247.0,11048.099609375,11067.650390625,7102,ULTRACEMCO,BSE,yfinance,1d
2024-11-01,11069.0498046875,11174.400390625,11069.0498046875,11138.25,1029,ULTRACEMCO,BSE,yfinance,1d
2024-11-04,11138.25,11158.4501953125,10938.0,11004.25,11619,ULTRACEMCO,BSE,yfinance,1d
2024-11-05,11149.599609375,11184.400390625,10964.400390625,11175.7001953125,4292,ULTRACEMCO,BSE,yfinance,1d
2024-11-06,11225.0,11300.5498046875,11112.75,11271.2001953125,7925,ULTRACEMCO,BSE,yfinance,1d
2024-11-07,11300.0,11300.0,11005.0,11065.9501953125,22368,ULTRACEMCO,BSE,yfinance,1d
2024-11-08,11110.0,11133.5,10963.150390625,11047.7998046875,6975,ULTRACEMCO,BSE,yfinance,1d
2024-11-11,10980.25,11109.900390625,10890.9501953125,10968.0,12857,ULTRACEMCO,BSE,yfinance,1d
2024-11-12,10984.9501953125,11022.099609375,10844.75,10891.099609375,2030,ULTRACEMCO,BSE,yfinance,1d
2024-11-13,10839.150390625,10873.75,10756.2998046875,10793.349609375,10775,ULTRACEMCO,BSE,yfinance,1d
2024-11-14,10754.0,10830.0,10549.5,10735.5,8199,ULTRACEMCO,BSE,yfinance,1d
2024-11-18,10535.75,10756.9501953125,10535.75,10626.400390625,2289,ULTRACEMCO,BSE,yfinance,1d
2024-11-19,10600.9501953125,10863.599609375,10600.9501953125,10774.599609375,6467,ULTRACEMCO,BSE,yfinance,1d
2024-11-21,10554.150390625,11008.0498046875,10554.150390625,10955.75,5187,ULTRACEMCO,BSE,yfinance,1d
2024-11-22,11000.0,11405.0,10932.0498046875,11387.150390625,14903,ULTRACEMCO,BSE,yfinance,1d
2024-11-25,11468.9501953125,11681.5498046875,11434.099609375,11456.849609375,10923,ULTRACEMCO,BSE,yfinance,1d
2024-11-26,11456.849609375,11468.599609375,11105.0,11120.099609375,6040,ULTRACEMCO,BSE,yfinance,1d
2024-11-27,11105.0,11187.599609375,10960.0,11139.25,4756,ULTRACEMCO,BSE,yfinance,1d
2024-11-28,11213.400390625,11213.400390625,10962.25,10997.7001953125,4419,ULTRACEMCO,BSE,yfinance,1d
2024-11-29,10938.650390625,11237.5498046875,10938.650390625,11199.5,11993,ULTRACEMCO,BSE,yfinance,1d
2024-12-02,11274.9501953125,11777.0,11209.2001953125,11639.650390625,11261,ULTRACEMCO,BSE,yfinance,1d
2024-12-03,11699.9501953125,11932.5,11631.0,11849.4501953125,7123,ULTRACEMCO,BSE,yfinance,1d
2024-12-04,11948.9501953125,11948.9501953125,11745.0,11762.2001953125,3422,ULTRACEMCO,BSE,yfinance,1d
2024-12-05,11676.25,12000.0,11676.25,11922.400390625,9669,ULTRACEMCO,BSE,yfinance,1d
2024-12-06,11945.0,11964.0498046875,11814.2998046875,11852.9501953125,4395,ULTRACEMCO,BSE,yfinance,1d
2024-12-09,11775.0498046875,11857.849609375,11719.9501953125,11810.2001953125,4650,ULTRACEMCO,BSE,yfinance,1d
2024-12-10,11810.9501953125,11810.9501953125,11700.0,11746.0498046875,2048,ULTRACEMCO,BSE,yfinance,1d
2024-12-11,11863.150390625,12057.5,11850.25,11886.599609375,36486,ULTRACEMCO,BSE,yfinance,1d
2024-12-12,11898.5498046875,11947.400390625,11777.5498046875,11871.2998046875,6746,ULTRACEMCO,BSE,yfinance,1d
2024-12-13,11874.9501953125,12117.9501953125,11730.2001953125,12092.900390625,8550,ULTRACEMCO,BSE,yfinance,1d
2024-12-16,12083.0,12143.900390625,11871.099609375,11936.400390625,5420,ULTRACEMCO,BSE,yfinance,1d
2024-12-17,11965.9501953125,11965.9501953125,11685.0498046875,11777.0,3636,ULTRACEMCO,BSE,yfinance,1d
2024-12-18,11897.9501953125,11897.9501953125,11702.5498046875,11763.900390625,8241,ULTRACEMCO,BSE,yfinance,1d
2024-12-19,11529.150390625,11745.7998046875,11529.150390625,11674.849609375,8788,ULTRACEMCO,BSE,yfinance,1d
2024-12-20,11674.849609375,11703.9501953125,11400.2998046875,11424.7001953125,4245,ULTRACEMCO,BSE,yfinance,1d
2024-12-23,11585.400390625,11585.400390625,11364.650390625,11467.900390625,2493,ULTRACEMCO,BSE,yfinance,1d
2024-12-24,11499.0498046875,11553.0498046875,11372.0,11395.5498046875,3223,ULTRACEMCO,BSE,yfinance,1d
2024-12-26,11370.0498046875,11485.0,11349.0,11457.2998046875,28440,ULTRACEMCO,BSE,yfinance,1d
2024-12-27,11594.849609375,11594.849609375,11375.0498046875,11400.0,4124,ULTRACEMCO,BSE,yfinance,1d
2024-12-30,11350.2001953125,11503.099609375,11245.650390625,11296.099609375,1409,ULTRACEMCO,BSE,yfinance,1d
2024-12-31,11279.5,11453.900390625,11195.099609375,11422.4501953125,1821,ULTRACEMCO,BSE,yfinance,1d
2025-01-01,11489.9501953125,11518.599609375,11305.0,11450.2001953125,1088,ULTRACEMCO,BSE,yfinance,1d
2025-01-02,11469.7998046875,11825.0,11463.25,11792.099609375,4331,ULTRACEMCO,BSE,yfinance,1d
2025-01-03,11772.0498046875,11858.150390625,11713.150390625,11790.9501953125,5877,ULTRACEMCO,BSE,yfinance,1d
2025-01-06,11555.150390625,11850.25,11450.0,11504.5,3094,ULTRACEMCO,BSE,yfinance,1d
2025-01-07,11480.2001953125,11637.0,11480.2001953125,11614.900390625,2726,ULTRACEMCO,BSE,yfinance,1d
2025-01-08,11615.0,11619.0,11382.0,11397.150390625,2338,ULTRACEMCO,BSE,yfinance,1d
2025-01-09,11404.25,11404.9501953125,11180.0498046875,11268.150390625,1389,ULTRACEMCO,BSE,yfinance,1d
2025-01-10,11170.099609375,11280.0,10837.599609375,10866.2001953125,3349,ULTRACEMCO,BSE,yfinance,1d
2025-01-13,10730.0,10830.0,10594.650390625,10612.150390625,2944,ULTRACEMCO,BSE,yfinance,1d
2025-01-14,10612.0,10727.2001953125,10462.099609375,10480.0,11645,ULTRACEMCO,BSE,yfinance,1d
2025-01-15,10535.0,10644.599609375,10480.0498046875,10524.5,6731,ULTRACEMCO,BSE,yfinance,1d
2025-01-16,10555.4501953125,10805.0,10555.4501953125,10642.25,63264,ULTRACEMCO,BSE,yfinance,1d
2025-01-17,10645.75,10720.0,10503.099609375,10586.0,3372,ULTRACEMCO,BSE,yfinance,1d
2025-01-20,10587.099609375,10650.0,10489.599609375,10624.150390625,2127,ULTRACEMCO,BSE,yfinance,1d
2025-01-21,10749.5498046875,10965.0,10640.0,10665.900390625,29941,ULTRACEMCO,BSE,yfinance,1d
2025-01-22,10665.9501953125,10799.0498046875,10635.4501953125,10694.099609375,1300,ULTRACEMCO,BSE,yfinance,1d
2025-01-23,10699.9501953125,11563.5498046875,10699.9501953125,11422.7001953125,30822,ULTRACEMCO,BSE,yfinance,1d
2025-01-24,11299.9501953125,11606.099609375,11230.0,11287.650390625,20680,ULTRACEMCO,BSE,yfinance,1d
2025-01-27,11270.0,11352.2001953125,11145.099609375,11240.099609375,4881,ULTRACEMCO,BSE,yfinance,1d
2025-01-28,11014.75,11400.0,11014.75,11281.650390625,7347,ULTRACEMCO,BSE,yfinance,1d
2025-01-29,11300.5,11577.0,11271.0498046875,11545.400390625,3452,ULTRACEMCO,BSE,yfinance,1d
2025-01-30,11465.0498046875,11605.25,11452.4501953125,11487.2998046875,5521,ULTRACEMCO,BSE,yfinance,1d
2025-01-31,11454.5,11599.0,11390.0498046875,11503.2998046875,4291,ULTRACEMCO,BSE,yfinance,1d
2025-02-03,11224.7998046875,11280.0,10952.5498046875,11173.5,6300,ULTRACEMCO,BSE,yfinance,1d
2025-02-04,11239.9501953125,11543.2001953125,11106.849609375,11525.0498046875,4993,ULTRACEMCO,BSE,yfinance,1d
2025-02-05,11502.900390625,11637.0498046875,11440.599609375,11584.849609375,3971,ULTRACEMCO,BSE,yfinance,1d
2025-02-06,11609.25,11609.25,11330.0,11474.599609375,3634,ULTRACEMCO,BSE,yfinance,1d
2025-02-07,11510.0,11726.7998046875,11472.900390625,11650.0,6457,ULTRACEMCO,BSE,yfinance,1d
2025-02-10,11500.0498046875,11611.9501953125,11491.599609375,11532.099609375,3106,ULTRACEMCO,BSE,yfinance,1d
2025-02-11,11450.2001953125,11518.400390625,11242.5498046875,11300.7001953125,5860,ULTRACEMCO,BSE,yfinance,1d
2025-02-12,11459.9501953125,11598.9501953125,11070.2001953125,11479.599609375,6317,ULTRACEMCO,BSE,yfinance,1d
2025-02-13,11460.2998046875,11648.150390625,11437.4501953125,11543.150390625,3079,ULTRACEMCO,BSE,yfinance,1d
2025-02-14,11545.0498046875,11577.4501953125,11176.400390625,11257.599609375,4157,ULTRACEMCO,BSE,yfinance,1d
2025-02-17,11244.9501953125,11501.5,11050.7001953125,11482.150390625,5340,ULTRACEMCO,BSE,yfinance,1d
2025-02-18,11440.0,11457.4501953125,11251.5498046875,11323.25,3752,ULTRACEMCO,BSE,yfinance,1d
2025-02-19,11310.0,11456.5,11250.0,11289.0,1692,ULTRACEMCO,BSE,yfinance,1d
2025-02-20,11319.599609375,11329.4501953125,11246.4501953125,11279.9501953125,13926,ULTRACEMCO,BSE,yfinance,1d
2025-02-21,11270.0,11270.0,11000.0,11158.25,7026,ULTRACEMCO,BSE,yfinance,1d
2025-02-24,11049.9501953125,11170.0,11000.0,11043.349609375,5710,ULTRACEMCO,BSE,yfinance,1d
2025-02-25,11046.0,11046.0,10836.650390625,10968.4501953125,10765,ULTRACEMCO,BSE,yfinance,1d
2025-02-27,10796.150390625,10800.0,10266.599609375,10420.650390625,210785,ULTRACEMCO,BSE,yfinance,1d
2025-02-28,10448.0498046875,10502.5,10053.0,10114.0,6873,ULTRACEMCO,BSE,yfinance,1d
2025-03-03,10315.0,10612.7998046875,10287.2998046875,10341.849609375,11958,ULTRACEMCO,BSE,yfinance,1d
2025-03-04,10299.9501953125,10452.5498046875,10243.4501953125,10376.099609375,5797,ULTRACEMCO,BSE,yfinance,1d
2025-03-05,10398.7001953125,10500.099609375,10292.599609375,10463.4501953125,5066,ULTRACEMCO,BSE,yfinance,1d
2025-03-06,10510.0,10525.75,10319.5,10488.9501953125,3590,ULTRACEMCO,BSE,yfinance,1d
2025-03-07,10401.0498046875,10608.7001953125,10401.0498046875,10579.75,6146,ULTRACEMCO,BSE,yfinance,1d
2025-03-10,10624.900390625,10643.150390625,10467.0,10514.400390625,3074,ULTRACEMCO,BSE,yfinance,1d
2025-03-11,10479.2998046875,10511.0,10379.5498046875,10439.0,4140,ULTRACEMCO,BSE,yfinance,1d
2025-03-12,10450.0498046875,10540.5498046875,10370.0,10518.7001953125,7650,ULTRACEMCO,BSE,yfinance,1d
2025-03-13,10598.4501953125,10598.4501953125,10387.7998046875,10448.5,1071,ULTRACEMCO,BSE,yfinance,1d
2025-03-17,10525.0,10577.4501953125,10449.7998046875,10547.7998046875,14803,ULTRACEMCO,BSE,yfinance,1d
2025-03-18,10598.9501953125,10743.650390625,10546.349609375,10699.4501953125,4724,ULTRACEMCO,BSE,yfinance,1d
2025-03-19,10749.7001953125,10947.150390625,10700.4501953125,10934.7001953125,9198,ULTRACEMCO,BSE,yfinance,1d
2025-03-20,10933.0,11105.9501953125,10814.099609375,10950.150390625,13065,ULTRACEMCO,BSE,yfinance,1d
2025-03-21,11011.900390625,11064.9501953125,10884.5,10979.0,24178,ULTRACEMCO,BSE,yfinance,1d
2025-03-24,10979.0,11079.25,10851.9501953125,11050.7998046875,5072,ULTRACEMCO,BSE,yfinance,1d
2025-03-25,11100.0498046875,11476.650390625,11100.0498046875,11428.0498046875,46535,ULTRACEMCO,BSE,yfinance,1d
2025-03-26,11295.75,11485.900390625,11295.75,11399.349609375,5423,ULTRACEMCO,BSE,yfinance,1d
2025-03-27,11399.099609375,11625.0,11343.150390625,11588.5,3692,ULTRACEMCO,BSE,yfinance,1d
2025-03-28,11588.5,11687.650390625,11460.2001953125,11504.5,7714,ULTRACEMCO,BSE,yfinance,1d
2025-04-01,11504.5,11566.2998046875,11341.5,11376.349609375,8449,ULTRACEMCO,BSE,yfinance,1d
2025-04-02,11391.400390625,11391.400390625,11185.0,11255.400390625,6250,ULTRACEMCO,BSE,yfinance,1d
2025-04-03,11104.900390625,11644.5,11104.900390625,11607.7998046875,6494,ULTRACEMCO,BSE,yfinance,1d
2025-04-04,11607.0,11607.0,11425.0,11496.9501953125,6593,ULTRACEMCO,BSE,yfinance,1d
2025-04-07,11200.0,11293.2001953125,11020.0,11192.650390625,5200,ULTRACEMCO,BSE,yfinance,1d
2025-04-08,11400.0,11538.0,11236.5,11276.75,76025,ULTRACEMCO,BSE,yfinance,1d
2025-04-09,11270.7001953125,11420.0,11174.5,11393.0498046875,3513,ULTRACEMCO,BSE,yfinance,1d
2025-04-11,11868.9501953125,11868.9501953125,11460.0,11506.150390625,4606,ULTRACEMCO,BSE,yfinance,1d
2025-04-15,11649.9501953125,11744.9501953125,11594.849609375,11718.099609375,11311,ULTRACEMCO,BSE,yfinance,1d
2025-04-16,11719.0,11827.650390625,11668.849609375,11726.7998046875,1872,ULTRACEMCO,BSE,yfinance,1d
2025-04-17,11700.0,11925.400390625,11600.650390625,11903.0,3786,ULTRACEMCO,BSE,yfinance,1d
2025-04-21,11810.599609375,12103.9501953125,11792.2001953125,11933.349609375,6700,ULTRACEMCO,BSE,yfinance,1d
2025-04-22,11934.0,12019.650390625,11853.5,11959.599609375,3679,ULTRACEMCO,BSE,yfinance,1d
2025-04-23,12028.9501953125,12033.0498046875,11830.0,11948.150390625,4104,ULTRACEMCO,BSE,yfinance,1d
2025-04-24,11944.900390625,12187.900390625,11872.0498046875,12163.150390625,5494,ULTRACEMCO,BSE,yfinance,1d
2025-04-25,12145.0,12300.0,11867.599609375,12219.25,10446,ULTRACEMCO,BSE,yfinance,1d
2025-04-28,12292.5,12341.0,12020.0,12108.25,6078,ULTRACEMCO,BSE,yfinance,1d
2025-04-29,12200.0498046875,12200.099609375,11807.849609375,11866.9501953125,11147,ULTRACEMCO,BSE,yfinance,1d
2025-04-30,11899.75,11914.5498046875,11550.0,11639.25,5566,ULTRACEMCO,BSE,yfinance,1d
2025-05-02,11639.2001953125,11740.900390625,11484.7998046875,11643.150390625,2830,ULTRACEMCO,BSE,yfinance,1d
2025-05-05,11776.650390625,11776.650390625,11648.099609375,11661.25,2529,ULTRACEMCO,BSE,yfinance,1d
2025-05-06,11789.9501953125,11789.9501953125,11550.0,11692.5498046875,2218,ULTRACEMCO,BSE,yfinance,1d
2025-05-07,11535.0498046875,11690.0,11535.0498046875,11656.5,1419,ULTRACEMCO,BSE,yfinance,1d
2025-05-08,11622.0,11711.0,11535.0,11629.25,1327,ULTRACEMCO,BSE,yfinance,1d
2025-05-09,11335.0,11546.650390625,11312.7001953125,11373.599609375,2943,ULTRACEMCO,BSE,yfinance,1d
2025-05-12,11689.9501953125,11768.2998046875,11565.5498046875,11738.5498046875,4416,ULTRACEMCO,BSE,yfinance,1d
2025-05-13,11738.5,11749.9501953125,11563.7001953125,11663.650390625,11408,ULTRACEMCO,BSE,yfinance,1d
2025-05-14,11744.900390625,11744.900390625,11620.2001953125,11674.349609375,3328,ULTRACEMCO,BSE,yfinance,1d
2025-05-15,11739.4501953125,11930.0,11640.0,11889.0498046875,7445,ULTRACEMCO,BSE,yfinance,1d
2025-05-16,11950.0,11986.0498046875,11866.5,11901.5,2184,ULTRACEMCO,BSE,yfinance,1d
2025-05-19,12047.400390625,12047.400390625,11891.2998046875,11916.849609375,1074,ULTRACEMCO,BSE,yfinance,1d
2025-05-20,11999.9501953125,11999.9501953125,11673.2998046875,11693.5498046875,3193,ULTRACEMCO,BSE,yfinance,1d
2025-05-21,11674.9501953125,11913.7001953125,11634.9501953125,11659.900390625,1266,ULTRACEMCO,BSE,yfinance,1d
2025-05-22,11659.900390625,11697.0,11530.0,11678.7001953125,1213,ULTRACEMCO,BSE,yfinance,1d
2025-05-23,11555.849609375,11878.150390625,11555.849609375,11740.650390625,2153,ULTRACEMCO,BSE,yfinance,1d
2025-05-26,11755.2001953125,11875.0,11641.0498046875,11688.5498046875,1262,ULTRACEMCO,BSE,yfinance,1d
2025-05-27,11600.599609375,11712.150390625,11371.0,11421.0498046875,20152,ULTRACEMCO,BSE,yfinance,1d
2025-05-28,11497.75,11497.75,11206.0,11236.5498046875,4668,ULTRACEMCO,BSE,yfinance,1d
2025-05-29,11236.599609375,11329.4501953125,11150.2001953125,11266.4501953125,2603,ULTRACEMCO,BSE,yfinance,1d
2025-05-30,11266.4501953125,11307.099609375,11169.650390625,11197.25,1610,ULTRACEMCO,BSE,yfinance,1d
2025-06-02,11249.849609375,11249.849609375,11020.849609375,11189.0,3306,ULTRACEMCO,BSE,yfinance,1d
2025-06-03,11250.0,11250.0,11002.0498046875,11048.0,6298,ULTRACEMCO,BSE,yfinance,1d
2025-06-04,11051.0,11051.0,10920.400390625,11036.2001953125,4531,ULTRACEMCO,BSE,yfinance,1d
2025-06-05,11036.2001953125,11170.0,11006.75,11159.099609375,3967,ULTRACEMCO,BSE,yfinance,1d
2025-06-06,11209.349609375,11308.150390625,11125.0,11246.2001953125,5017,ULTRACEMCO,BSE,yfinance,1d
2025-06-09,11300.9501953125,11301.0,11162.150390625,11258.849609375,5174,ULTRACEMCO,BSE,yfinance,1d
2025-06-10,11326.0498046875,11481.5498046875,11326.0498046875,11389.849609375,17012,ULTRACEMCO,BSE,yfinance,1d
2025-06-11,11454.599609375,11510.0,11340.849609375,11466.349609375,2472,ULTRACEMCO,BSE,yfinance,1d
2025-06-12,11415.599609375,11506.0498046875,11285.2998046875,11315.0498046875,4093,ULTRACEMCO,BSE,yfinance,1d
2025-06-13,11149.0,11250.0,11038.0498046875,11220.7001953125,4005,ULTRACEMCO,BSE,yfinance,1d
2025-06-16,11186.349609375,11516.2001953125,11186.349609375,11496.0498046875,5954,ULTRACEMCO,BSE,yfinance,1d
2025-06-17,11500.0,11500.0498046875,11359.150390625,11383.400390625,2637,ULTRACEMCO,BSE,yfinance,1d
2025-06-18,11393.9501953125,11479.5498046875,11331.4501953125,11404.2001953125,2803,ULTRACEMCO,BSE,yfinance,1d
2025-06-19,11415.400390625,11483.9501953125,11343.0,11408.0,1548,ULTRACEMCO,BSE,yfinance,1d
2025-06-20,11415.0,11520.5498046875,11375.0,11443.150390625,2211,ULTRACEMCO,BSE,yfinance,1d
2025-06-23,11435.0,11482.0498046875,11329.2001953125,11446.4501953125,1469,ULTRACEMCO,BSE,yfinance,1d
2025-06-24,11530.25,11825.0,11519.9501953125,11579.2001953125,13152,ULTRACEMCO,BSE,yfinance,1d
2025-06-25,11592.099609375,11762.9501953125,11592.099609375,11733.2001953125,2951,ULTRACEMCO,BSE,yfinance,1d
2025-06-26,11670.0,11986.75,11670.0,11944.7998046875,7595,ULTRACEMCO,BSE,yfinance,1d
2025-06-27,11999.0,12300.0,11918.4501953125,12234.9501953125,6691,ULTRACEMCO,BSE,yfinance,1d
2025-06-30,12023.099609375,12265.0,12020.0,12072.349609375,4817,ULTRACEMCO,BSE,yfinance,1d
2025-07-01,12132.7001953125,12223.599609375,12056.0498046875,12204.599609375,2484,ULTRACEMCO,BSE,yfinance,1d
2025-07-02,12111.150390625,12532.150390625,12111.150390625,12437.7998046875,10260,ULTRACEMCO,BSE,yfinance,1d
2025-07-03,12410.7001953125,12579.400390625,12375.0,12393.650390625,7972,ULTRACEMCO,BSE,yfinance,1d
2025-07-04,12397.9501953125,12529.0,12346.0,12505.599609375,3660,ULTRACEMCO,BSE,yfinance,1d
2025-07-07,12511.0,12511.0,12311.0,12348.2998046875,1932,ULTRACEMCO,BSE,yfinance,1d
2025-07-08,12285.2001953125,12495.2001953125,12285.2001953125,12443.5498046875,4168,ULTRACEMCO,BSE,yfinance,1d
2025-07-09,12430.0,12577.0,12377.849609375,12564.400390625,2673,ULTRACEMCO,BSE,yfinance,1d
2025-07-10,12564.400390625,12663.7001953125,12480.0,12503.099609375,4373,ULTRACEMCO,BSE,yfinance,1d
2025-07-11,12597.9501953125,12635.0,12457.0,12493.75,15682,ULTRACEMCO,BSE,yfinance,1d
2025-07-14,12493.0498046875,12580.25,12442.900390625,12513.099609375,1643,ULTRACEMCO,BSE,yfinance,1d
2025-07-15,12587.849609375,12587.849609375,12428.4501953125,12499.849609375,1862,ULTRACEMCO,BSE,yfinance,1d
2025-07-16,12594.25,12594.25,12396.0498046875,12453.5,1415,ULTRACEMCO,BSE,yfinance,1d
2025-07-17,12479.9501953125,12548.9501953125,12431.349609375,12496.599609375,2446,ULTRACEMCO,BSE,yfinance,1d
2025-07-18,12496.599609375,12551.5,12444.2998046875,12498.349609375,3604,ULTRACEMCO,BSE,yfinance,1d
2025-07-21,12604.5498046875,12711.9501953125,12381.0,12574.349609375,17697,ULTRACEMCO,BSE,yfinance,1d
2025-07-22,12679.4501953125,12688.0498046875,12300.0,12454.25,10151,ULTRACEMCO,BSE,yfinance,1d
2025-07-23,12499.9501953125,12521.849609375,12356.0,12369.849609375,21253,ULTRACEMCO,BSE,yfinance,1d
2025-07-24,12469.900390625,12469.900390625,12230.0,12298.2001953125,3213,ULTRACEMCO,BSE,yfinance,1d
2025-07-25,12297.9501953125,12345.2998046875,12200.0,12254.2001953125,2958,ULTRACEMCO,BSE,yfinance,1d
2025-07-28,12254.25,12364.5,12210.349609375,12236.5,2940,ULTRACEMCO,BSE,yfinance,1d
2025-07-29,12201.5,12258.849609375,12125.4501953125,12217.7998046875,16120,ULTRACEMCO,BSE,yfinance,1d
2025-07-30,12236.2998046875,12380.4501953125,12213.9501953125,12271.0498046875,24057,ULTRACEMCO,BSE,yfinance,1d
2025-07-31,12200.0,12327.9501953125,12157.349609375,12238.0,3546,ULTRACEMCO,BSE,yfinance,1d
2025-08-01,12250.0,12281.599609375,12079.7001953125,12105.5,4897,ULTRACEMCO,BSE,yfinance,1d
2025-08-04,12115.2998046875,12297.599609375,12115.2998046875,12252.849609375,3784,ULTRACEMCO,BSE,yfinance,1d
2025-08-05,12250.2001953125,12377.0498046875,12250.2001953125,12297.2998046875,11001,ULTRACEMCO,BSE,yfinance,1d
2025-08-06,12305.0,12385.650390625,12202.599609375,12225.4501953125,3244,ULTRACEMCO,BSE,yfinance,1d
2025-08-07,12113.0498046875,12308.4501953125,12113.0498046875,12276.150390625,1898,ULTRACEMCO,BSE,yfinance,1d
2025-08-08,12276.150390625,12315.9501953125,12131.0,12154.099609375,3352,ULTRACEMCO,BSE,yfinance,1d
2025-08-11,12160.0,12429.900390625,12160.0,12404.7001953125,3062,ULTRACEMCO,BSE,yfinance,1d
2025-08-12,12430.0498046875,12531.900390625,12404.0,12453.7998046875,5191,ULTRACEMCO,BSE,yfinance,1d
2025-08-13,12460.650390625,12516.5498046875,12385.0,12396.650390625,8898,ULTRACEMCO,BSE,yfinance,1d
2025-08-14,12457.599609375,12457.599609375,12239.0,12297.849609375,18294,ULTRACEMCO,BSE,yfinance,1d
2025-08-18,12649.5498046875,12905.9501953125,12560.849609375,12764.5,19960,ULTRACEMCO,BSE,yfinance,1d
2025-08-19,12848.9501953125,12880.0,12629.400390625,12855.7001953125,3080,ULTRACEMCO,BSE,yfinance,1d
2025-08-20,12848.0,12929.349609375,12774.150390625,12871.25,2951,ULTRACEMCO,BSE,yfinance,1d
2025-08-21,12946.7998046875,12946.7998046875,12785.150390625,12864.7998046875,1502,ULTRACEMCO,BSE,yfinance,1d
2025-08-22,12850.0,12857.349609375,12557.2998046875,12578.5498046875,6258,ULTRACEMCO,BSE,yfinance,1d
2025-08-25,12614.75,12722.25,12562.2998046875,12604.650390625,9696,ULTRACEMCO,BSE,yfinance,1d
2025-08-26,12599.900390625,12770.0,12239.0498046875,12608.349609375,17397,ULTRACEMCO,BSE,yfinance,1d
2025-08-28,12607.0,12645.099609375,12475.0498046875,12524.2001953125,2892,ULTRACEMCO,BSE,yfinance,1d
2025-08-29,12546.400390625,12725.0,12524.2001953125,12637.25,13883,ULTRACEMCO,BSE,yfinance,1d
2025-09-01,12637.25,12845.0,12637.25,12816.5,2394,ULTRACEMCO,BSE,yfinance,1d
2025-09-02,12819.9501953125,12822.0,12690.0,12728.900390625,1903,ULTRACEMCO,BSE,yfinance,1d
2025-09-03,12729.0,12764.9501953125,12657.2998046875,12730.0,18357,ULTRACEMCO,BSE,yfinance,1d
2025-09-04,12990.0,13101.7998046875,12633.7998046875,12654.5,9861,ULTRACEMCO,BSE,yfinance,1d
2025-09-05,12797.849609375,12797.849609375,12527.75,12596.900390625,3228,ULTRACEMCO,BSE,yfinance,1d
2025-09-08,12550.150390625,12738.2998046875,12550.150390625,12667.349609375,1523,ULTRACEMCO,BSE,yfinance,1d
2025-09-09,12627.5498046875,12708.4501953125,12535.349609375,12570.400390625,1767,ULTRACEMCO,BSE,yfinance,1d
2025-09-10,12600.0,12621.400390625,12433.25,12482.599609375,2774,ULTRACEMCO,BSE,yfinance,1d
2025-09-11,12451.9501953125,12517.0,12355.599609375,12382.4501953125,3456,ULTRACEMCO,BSE,yfinance,1d
2025-09-12,12499.849609375,12499.849609375,12340.0,12371.849609375,3809,ULTRACEMCO,BSE,yfinance,1d
2025-09-15,12350.5498046875,12479.150390625,12321.900390625,12429.0498046875,13615,ULTRACEMCO,BSE,yfinance,1d
2025-09-16,12508.150390625,12600.0,12450.0,12578.599609375,7410,ULTRACEMCO,BSE,yfinance,1d
2025-09-17,12650.0498046875,12800.0,12618.75,12716.099609375,13262,ULTRACEMCO,BSE,yfinance,1d
2025-09-18,12729.9501953125,12730.0,12565.9501953125,12625.349609375,5726,ULTRACEMCO,BSE,yfinance,1d
2025-09-19,12639.9501953125,12639.9501953125,12485.25,12519.25,3211,ULTRACEMCO,BSE,yfinance,1d
2025-09-22,12532.2001953125,12701.0,12532.2001953125,12646.5,15301,ULTRACEMCO,BSE,yfinance,1d
2025-09-23,12664.9501953125,12687.4501953125,12362.0498046875,12400.7001953125,11711,ULTRACEMCO,BSE,yfinance,1d
2025-09-24,12450.0,12450.0,12201.0,12211.7998046875,2839,ULTRACEMCO,BSE,yfinance,1d
2025-09-25,12232.5,12262.0,12119.900390625,12136.400390625,5732,ULTRACEMCO,BSE,yfinance,1d
2025-09-26,12136.400390625,12162.099609375,11991.0,12070.5498046875,2048,ULTRACEMCO,BSE,yfinance,1d
2025-09-29,12092.099609375,12141.0,11960.0,12051.5,3625,ULTRACEMCO,BSE,yfinance,1d
2025-09-30,12050.0,12256.900390625,12050.0,12223.900390625,6118,ULTRACEMCO,BSE,yfinance,1d
2025-10-01,12200.2001953125,12261.099609375,12066.650390625,12118.75,11854,ULTRACEMCO,BSE,yfinance,1d
2025-10-03,12119.150390625,12119.2001953125,11982.0,12014.900390625,5552,ULTRACEMCO,BSE,yfinance,1d
2025-10-06,12015.9501953125,12097.900390625,11988.849609375,12059.849609375,2729,ULTRACEMCO,BSE,yfinance,1d
2025-10-07,12056.0,12202.400390625,12056.0,12179.2998046875,4839,ULTRACEMCO,BSE,yfinance,1d
2025-10-08,12179.25,12179.25,11941.2001953125,11991.2001953125,2150,ULTRACEMCO,BSE,yfinance,1d
2025-10-09,12053.0,12211.25,11980.0,12192.599609375,3335,ULTRACEMCO,BSE,yfinance,1d
2025-10-10,12135.0498046875,12322.0498046875,12114.9501953125,12274.25,3048,ULTRACEMCO,BSE,yfinance,1d
2025-10-13,12239.150390625,12240.0,12154.400390625,12171.400390625,1014,ULTRACEMCO,BSE,yfinance,1d
2025-10-14,12141.0498046875,12250.0,12029.400390625,12070.150390625,1665,ULTRACEMCO,BSE,yfinance,1d
2025-10-15,12080.150390625,12320.5,12080.150390625,12307.150390625,4469,ULTRACEMCO,BSE,yfinance,1d
2025-10-16,12380.849609375,12400.0,12272.0498046875,12356.0498046875,4584,ULTRACEMCO,BSE,yfinance,1d
2025-10-17,12340.0,12392.900390625,12270.0,12362.25,2084,ULTRACEMCO,BSE,yfinance,1d
2025-10-20,12424.0498046875,12424.099609375,12178.9501953125,12336.400390625,6694,ULTRACEMCO,BSE,yfinance,1d
2025-10-21,12336.400390625,12336.400390625,12336.400390625,12336.400390625,0,ULTRACEMCO,BSE,yfinance,1d
2025-10-23,12346.5,12417.9501953125,12117.25,12142.75,14559,ULTRACEMCO,BSE,yfinance,1d
2025-10-24,12158.0,12164.0,11878.0,11911.400390625,80535,ULTRACEMCO,BSE,yfinance,1d
2025-10-27,11939.9501953125,12047.599609375,11925.0,12014.7001953125,56733,ULTRACEMCO,BSE,yfinance,1d
2025-10-28,12040.25,12040.2998046875,11868.0,11932.7001953125,3394,ULTRACEMCO,BSE,yfinance,1d
2025-10-29,11932.7001953125,12058.5498046875,11896.0,11998.900390625,4380,ULTRACEMCO,BSE,yfinance,1d
2025-10-30,12010.2001953125,12080.0,11951.599609375,12051.150390625,3252,ULTRACEMCO,BSE,yfinance,1d
2025-10-31,12053.0498046875,12100.0,11929.75,11946.7998046875,2168,ULTRACEMCO,BSE,yfinance,1d
2025-11-03,11892.2998046875,11977.0,11880.0498046875,11953.0498046875,2705,ULTRACEMCO,BSE,yfinance,1d
2025-11-04,11924.2998046875,11958.0,11775.0,11815.5498046875,4630,ULTRACEMCO,BSE,yfinance,1d
2025-11-06,11815.5498046875,11982.4501953125,11804.150390625,11906.5,27334,ULTRACEMCO,BSE,yfinance,1d
2025-11-07,11905.900390625,11952.400390625,11829.349609375,11850.599609375,1108,ULTRACEMCO,BSE,yfinance,1d
2025-11-10,11850.7998046875,11891.9501953125,11705.0,11734.849609375,2421,ULTRACEMCO,BSE,yfinance,1d
2025-11-11,11760.0,11846.9501953125,11718.400390625,11828.25,2162,ULTRACEMCO,BSE,yfinance,1d
2025-11-12,11752.099609375,11940.0,11752.099609375,11920.4501953125,5577,ULTRACEMCO,BSE,yfinance,1d
2025-11-13,11921.0,12017.0,11907.0498046875,11939.2001953125,4414,ULTRACEMCO,BSE,yfinance,1d
2025-11-14,11997.7998046875,11997.7998046875,11792.0,11863.599609375,3393,ULTRACEMCO,BSE,yfinance,1d
2025-11-17,11861.9501953125,11861.9501953125,11746.0,11780.099609375,2749,ULTRACEMCO,BSE,yfinance,1d
2025-11-18,11900.099609375,11900.150390625,11690.0,11706.349609375,2722,ULTRACEMCO,BSE,yfinance,1d
2025-11-19,11700.0,11753.9501953125,11642.0,11664.900390625,2429,ULTRACEMCO,BSE,yfinance,1d
2025-11-20,11776.0498046875,11776.0498046875,11664.0,11754.7001953125,8587,ULTRACEMCO,BSE,yfinance,1d
2025-11-21,11746.0498046875,11784.099609375,11691.599609375,11728.75,3201,ULTRACEMCO,BSE,yfinance,1d
2025-11-24,11899.349609375,11899.349609375,11558.099609375,11590.650390625,4153,ULTRACEMCO,BSE,yfinance,1d
2025-11-25,11600.0,11640.5498046875,11535.0,11570.849609375,1756,ULTRACEMCO,BSE,yfinance,1d
2025-11-26,11580.0,11776.849609375,11580.0,11760.150390625,1763,ULTRACEMCO,BSE,yfinance,1d
2025-11-27,11760.599609375,11773.9501953125,11602.2001953125,11624.9501953125,9226,ULTRACEMCO,BSE,yfinance,1d
2025-11-28,11697.099609375,11697.099609375,11557.400390625,11600.0,4742,ULTRACEMCO,BSE,yfinance,1d
2025-12-01,11620.0,11760.0,11556.900390625,11691.4501953125,4035,ULTRACEMCO,BSE,yfinance,1d
2025-12-02,11734.9501953125,11734.9501953125,11591.0,11662.900390625,5941,ULTRACEMCO,BSE,yfinance,1d
2025-12-03,11721.0498046875,11721.0498046875,11525.0,11597.75,2346,ULTRACEMCO,BSE,yfinance,1d
2025-12-04,11573.5,11630.0,11525.0,11603.7998046875,26860,ULTRACEMCO,BSE,yfinance,1d
2025-12-05,11604.849609375,11655.0,11568.0,11599.75,1453,ULTRACEMCO,BSE,yfinance,1d
2025-12-08,11599.0498046875,11621.900390625,11490.0,11532.0,2092,ULTRACEMCO,BSE,yfinance,1d
2025-12-09,11514.9501953125,11523.0,11380.0,11409.5,104859,ULTRACEMCO,BSE,yfinance,1d
2025-12-10,11350.4501953125,11493.0498046875,11297.5,11318.400390625,104726,ULTRACEMCO,BSE,yfinance,1d
2025-12-11,11427.75,11483.0,11270.25,11467.0498046875,7406,ULTRACEMCO,BSE,yfinance,1d
2025-12-12,11491.0,11736.0,11491.0,11725.0498046875,12497,ULTRACEMCO,BSE,yfinance,1d
2025-12-15,11699.4501953125,11800.0,11652.0498046875,11719.349609375,3188,ULTRACEMCO,BSE,yfinance,1d
2025-12-16,11719.349609375,11719.349609375,11514.0,11525.900390625,9151,ULTRACEMCO,BSE,yfinance,1d
2025-12-17,11455.150390625,11585.0,11455.150390625,11535.650390625,3252,ULTRACEMCO,BSE,yfinance,1d
2025-12-18,11434.349609375,11547.900390625,11416.0,11460.900390625,6522,ULTRACEMCO,BSE,yfinance,1d
2025-12-19,11475.650390625,11526.9501953125,11458.0498046875,11497.150390625,1587,ULTRACEMCO,BSE,yfinance,1d
2025-12-22,11469.9501953125,11540.0,11428.0498046875,11532.150390625,5307,ULTRACEMCO,BSE,yfinance,1d
2025-12-23,11533.2001953125,11746.4501953125,11531.650390625,11675.599609375,7241,ULTRACEMCO,BSE,yfinance,1d
2025-12-24,11676.4501953125,11792.9501953125,11670.75,11760.5498046875,6832,ULTRACEMCO,BSE,yfinance,1d
2025-12-26,11868.7998046875,11868.7998046875,11750.0,11794.900390625,6109,ULTRACEMCO,BSE,yfinance,1d
2025-12-29,11750.2001953125,11810.0,11734.5498046875,11797.900390625,8203,ULTRACEMCO,BSE,yfinance,1d
2025-12-30,11650.4501953125,11788.099609375,11650.4501953125,11709.25,7369,ULTRACEMCO,BSE,yfinance,1d
2025-12-31,11705.0,11797.9501953125,11681.0,11785.4501953125,5377,ULTRACEMCO,BSE,yfinance,1d
2026-01-01,11770.5498046875,11912.099609375,11770.5498046875,11896.900390625,6251,ULTRACEMCO,BSE,yfinance,1d
2026-01-02,11862.2998046875,11964.4501953125,11822.0498046875,11895.4501953125,4140,ULTRACEMCO,BSE,yfinance,1d
2026-01-05,11900.75,12111.2001953125,11887.599609375,12081.650390625,54186,ULTRACEMCO,BSE,yfinance,1d
2026-01-06,12119.650390625,12225.7998046875,12076.5,12200.2998046875,3258,ULTRACEMCO,BSE,yfinance,1d
2026-01-07,12170.2001953125,12200.150390625,12087.349609375,12185.4501953125,3376,ULTRACEMCO,BSE,yfinance,1d
2026-01-08,12121.75,12151.900390625,12035.599609375,12059.0,9687,ULTRACEMCO,BSE,yfinance,1d
2026-01-09,12046.599609375,12048.099609375,11860.0,11951.849609375,23402,ULTRACEMCO,BSE,yfinance,1d
2026-01-12,11820.75,12127.599609375,11788.9501953125,12101.900390625,39727,ULTRACEMCO,BSE,yfinance,1d
2026-01-13,11600.75,12194.9501953125,11600.75,12036.849609375,23176,ULTRACEMCO,BSE,yfinance,1d
2026-01-14,11923.099609375,12319.0,11923.099609375,12256.9501953125,9012,ULTRACEMCO,BSE,yfinance,1d
2026-01-16,12234.7998046875,12400.150390625,11920.0,12372.5498046875,20606,ULTRACEMCO,BSE,yfinance,1d
2026-01-19,12359.349609375,12392.0,12228.0,12277.0,33717,ULTRACEMCO,BSE,yfinance,1d
2026-01-20,12269.9501953125,12396.25,11995.0,12036.7998046875,65069,ULTRACEMCO,BSE,yfinance,1d
2026-01-21,12037.2001953125,12280.0,11991.75,12225.25,5132,ULTRACEMCO,BSE,yfinance,1d
2026-01-22,12379.150390625,12399.0,12172.9501953125,12364.5,14382,ULTRACEMCO,BSE,yfinance,1d
2026-01-23,12364.5,12555.0,12280.900390625,12368.2998046875,9602,ULTRACEMCO,BSE,yfinance,1d
2026-01-27,12588.7998046875,12829.400390625,12483.7001953125,12591.650390625,30142,ULTRACEMCO,BSE,yfinance,1d
2026-01-28,12600.599609375,12786.0,12559.5,12769.25,11012,ULTRACEMCO,BSE,yfinance,1d
2026-01-29,12750.0,12750.0498046875,12555.0,12719.5,87431,ULTRACEMCO,BSE,yfinance,1d
2026-01-30,12600.4501953125,12725.0,12535.0,12700.0498046875,4348,ULTRACEMCO,BSE,yfinance,1d
2026-02-02,12292.2001953125,12599.9501953125,12198.9501953125,12532.0498046875,3766,ULTRACEMCO,BSE,yfinance,1d
2026-02-03,12601.099609375,12919.0498046875,12574.900390625,12586.599609375,5575,ULTRACEMCO,BSE,yfinance,1d
2026-02-04,12590.0,12819.25,12581.0498046875,12802.4501953125,2873,ULTRACEMCO,BSE,yfinance,1d
2026-02-05,12735.0498046875,12820.0,12735.0,12774.349609375,1675,ULTRACEMCO,BSE,yfinance,1d
2026-02-06,12774.0498046875,12774.0498046875,12625.0,12725.5,3972,ULTRACEMCO,BSE,yfinance,1d
2026-02-09,12750.2001953125,13070.0,12723.75,13046.650390625,10369,ULTRACEMCO,BSE,yfinance,1d
2026-02-10,13048.0,13104.0,12978.5,13013.4501953125,11314,ULTRACEMCO,BSE,yfinance,1d
2026-02-11,13098.7001953125,13098.7001953125,12905.0498046875,12969.75,6347,ULTRACEMCO,BSE,yfinance,1d
2026-02-12,12950.4501953125,13069.150390625,12896.900390625,13027.849609375,7109,ULTRACEMCO,BSE,yfinance,1d
2026-02-13,12999.0,13006.900390625,12870.0,12964.650390625,2745,ULTRACEMCO,BSE,yfinance,1d
2026-02-16,12875.75,12997.5498046875,12861.0,12971.599609375,1920,ULTRACEMCO,BSE,yfinance,1d
2026-02-17,12911.849609375,13002.150390625,12841.349609375,12985.099609375,1388,ULTRACEMCO,BSE,yfinance,1d
2026-02-18,12998.9501953125,13088.4501953125,12998.9501953125,13048.25,6604,ULTRACEMCO,BSE,yfinance,1d
2026-02-19,13044.0,13055.0,12640.0,12676.099609375,3780,ULTRACEMCO,BSE,yfinance,1d
2026-02-20,12669.9501953125,12843.2998046875,12536.0,12764.400390625,2108,ULTRACEMCO,BSE,yfinance,1d
2026-02-23,12751.4501953125,12993.0,12751.4501953125,12974.5,1674,ULTRACEMCO,BSE,yfinance,1d
2026-02-24,12999.0498046875,13008.900390625,12904.25,12951.5,1319,ULTRACEMCO,BSE,yfinance,1d
2026-02-25,13024.25,13060.0,12873.0,13042.5498046875,15092,ULTRACEMCO,BSE,yfinance,1d
2026-02-26,13050.0,13050.0,12840.0,12934.099609375,5154,ULTRACEMCO,BSE,yfinance,1d
2026-02-27,12850.0,12892.0,12642.0,12680.25,7588,ULTRACEMCO,BSE,yfinance,1d
2026-03-02,12430.099609375,12610.400390625,12330.0,12515.7001953125,12091,ULTRACEMCO,BSE,yfinance,1d
2026-03-04,12220.0,12364.7001953125,11892.5498046875,12105.349609375,7877,ULTRACEMCO,BSE,yfinance,1d
2026-03-05,12218.900390625,12330.650390625,12025.9501953125,12301.849609375,48786,ULTRACEMCO,BSE,yfinance,1d
2026-03-06,12199.5498046875,12199.5498046875,11954.0,11986.75,11732,ULTRACEMCO,BSE,yfinance,1d
2026-03-09,11799.9501953125,11799.9501953125,11327.650390625,11376.2001953125,28406,ULTRACEMCO,BSE,yfinance,1d
2026-03-10,11598.0,11760.0498046875,11572.75,11651.5498046875,7796,ULTRACEMCO,BSE,yfinance,1d
2026-03-11,11724.9501953125,11724.9501953125,11435.5,11457.099609375,8510,ULTRACEMCO,BSE,yfinance,1d
2026-03-12,11450.0,11450.0,11058.650390625,11090.5498046875,8591,ULTRACEMCO,BSE,yfinance,1d
2026-03-13,11000.0,11000.0,10579.5498046875,10607.0,66979,ULTRACEMCO,BSE,yfinance,1d
2026-03-16,10625.7001953125,11140.0,10625.7001953125,11099.650390625,42420,ULTRACEMCO,BSE,yfinance,1d
2026-03-17,11099.650390625,11160.0,10993.150390625,11113.9501953125,14455,ULTRACEMCO,BSE,yfinance,1d
2026-03-18,11286.400390625,11286.400390625,11118.400390625,11246.599609375,11869,ULTRACEMCO,BSE,yfinance,1d
2026-03-19,11198.5498046875,11198.5498046875,10780.0,10811.0,7254,ULTRACEMCO,BSE,yfinance,1d
2026-03-20,10925.400390625,10975.0,10860.0,10927.75,11558,ULTRACEMCO,BSE,yfinance,1d
2026-03-23,10927.75,10927.75,10329.0,10359.75,10597,ULTRACEMCO,BSE,yfinance,1d
2026-03-24,10688.0498046875,10860.0,10476.599609375,10760.849609375,18871,ULTRACEMCO,BSE,yfinance,1d
2026-03-25,10889.900390625,11238.599609375,10869.150390625,11204.4501953125,31874,ULTRACEMCO,BSE,yfinance,1d
2026-03-27,11150.4501953125,11150.4501953125,10970.0498046875,11051.849609375,13987,ULTRACEMCO,BSE,yfinance,1d
2026-03-30,10910.75,10980.0,10550.0,10744.9501953125,21433,ULTRACEMCO,BSE,yfinance,1d
2026-04-01,10744.9501953125,11049.25,10648.849609375,10713.400390625,35927,ULTRACEMCO,BSE,yfinance,1d
2026-04-02,10649.9501953125,10663.2998046875,10384.099609375,10626.7001953125,34519,ULTRACEMCO,BSE,yfinance,1d
2026-04-06,10626.650390625,10970.0,10539.4501953125,10951.7001953125,14579,ULTRACEMCO,BSE,yfinance,1d
2026-04-07,10951.0,10956.0,10775.0,10929.7998046875,5350,ULTRACEMCO,BSE,yfinance,1d
2026-04-08,11574.849609375,11777.2998046875,11384.849609375,11599.5,15044,ULTRACEMCO,BSE,yfinance,1d
2026-04-09,11549.849609375,11549.849609375,11384.150390625,11442.0498046875,21386,ULTRACEMCO,BSE,yfinance,1d
2026-04-10,11547.75,11640.0,11480.0,11589.900390625,66313,ULTRACEMCO,BSE,yfinance,1d
2026-04-13,11311.0498046875,11519.0,11283.349609375,11499.900390625,7812,ULTRACEMCO,BSE,yfinance,1d
2026-04-15,11999.7001953125,11999.7001953125,11711.849609375,11769.75,12323,ULTRACEMCO,BSE,yfinance,1d
2026-04-16,11886.9501953125,11886.9501953125,11707.849609375,11828.2001953125,18752,ULTRACEMCO,BSE,yfinance,1d
2026-04-17,11750.599609375,11930.0,11742.75,11887.2998046875,5684,ULTRACEMCO,BSE,yfinance,1d
2026-04-20,11950.0498046875,12063.9501953125,11816.0,11911.2998046875,13231,ULTRACEMCO,BSE,yfinance,1d
2026-04-21,11848.9501953125,12061.900390625,11800.7001953125,12032.2001953125,6270,ULTRACEMCO,BSE,yfinance,1d
2026-04-22,12032.0,12223.150390625,12005.0,12195.0,105472,ULTRACEMCO,BSE,yfinance,1d
2026-04-23,12100.7998046875,12214.9501953125,11944.599609375,12147.4501953125,15920,ULTRACEMCO,BSE,yfinance,1d
2026-04-24,12297.7998046875,12297.7998046875,11953.650390625,12010.5,28705,ULTRACEMCO,BSE,yfinance,1d
2026-04-27,12150.0,12235.0,11873.2998046875,12013.2001953125,21508,ULTRACEMCO,BSE,yfinance,1d
2026-04-28,12300.099609375,12300.099609375,11789.7998046875,11816.400390625,19894,ULTRACEMCO,BSE,yfinance,1d
2026-04-29,11899.4501953125,12061.0,11815.0,11829.400390625,34782,ULTRACEMCO,BSE,yfinance,1d
2026-04-30,11796.900390625,11796.900390625,11482.0498046875,11582.7998046875,59388,ULTRACEMCO,BSE,yfinance,1d
2026-05-04,11695.150390625,11790.0,11590.0,11754.5498046875,12072,ULTRACEMCO,BSE,yfinance,1d
2026-05-05,11689.9501953125,11987.5,11629.7998046875,11964.4501953125,9545,ULTRACEMCO,BSE,yfinance,1d
2026-05-06,11964.599609375,12138.650390625,11945.5,12093.5,18991,ULTRACEMCO,BSE,yfinance,1d
2026-05-07,12103.099609375,12270.0,12103.099609375,12144.4501953125,29976,ULTRACEMCO,BSE,yfinance,1d
2026-05-08,12099.9501953125,12106.25,11885.0,11948.2001953125,14258,ULTRACEMCO,BSE,yfinance,1d
2026-05-11,11854.900390625,11937.9501953125,11780.150390625,11859.650390625,37257,ULTRACEMCO,BSE,yfinance,1d
2026-05-12,11840.150390625,11866.5498046875,11506.0,11516.849609375,9185,ULTRACEMCO,BSE,yfinance,1d
2026-05-13,11500.0,11650.0,11435.2001953125,11571.7998046875,9226,ULTRACEMCO,BSE,yfinance,1d
2026-05-14,11571.7998046875,11769.0,11546.900390625,11704.0498046875,7545,ULTRACEMCO,BSE,yfinance,1d
2026-05-15,11627.7001953125,11723.0,11460.099609375,11489.849609375,6241,ULTRACEMCO,BSE,yfinance,1d
2026-05-18,11401.0,11589.599609375,11255.650390625,11550.0,8348,ULTRACEMCO,BSE,yfinance,1d
2026-05-19,11579.650390625,11579.650390625,11343.650390625,11368.650390625,18158,ULTRACEMCO,BSE,yfinance,1d
2026-05-20,11256.7998046875,11430.0,11213.0,11430.0,10219,ULTRACEMCO,BSE,yfinance,1d
2026-05-21,11544.75,11544.75,11376.0,11481.2001953125,36986,ULTRACEMCO,BSE,yfinance,1d
2026-05-22,11451.0,11646.7001953125,11451.0,11574.099609375,17196,ULTRACEMCO,BSE,yfinance,1d
2026-05-25,11575.9501953125,11795.0,11575.9501953125,11722.849609375,10258,ULTRACEMCO,BSE,yfinance,1d
2026-05-26,11722.849609375,11752.4501953125,11580.0,11626.25,13533,ULTRACEMCO,BSE,yfinance,1d
2026-05-27,11638.5,11750.0,11606.599609375,11691.5498046875,28657,ULTRACEMCO,BSE,yfinance,1d
2026-05-28,11691.5498046875,11691.5498046875,11691.5498046875,11691.5498046875,0,ULTRACEMCO,BSE,yfinance,1d
2026-05-29,11649.599609375,11774.9501953125,11342.650390625,11449.2998046875,36811,ULTRACEMCO,BSE,yfinance,1d
2026-06-01,11544.5498046875,11570.0,11218.150390625,11234.849609375,15122,ULTRACEMCO,BSE,yfinance,1d
2026-06-02,11101.849609375,11200.0,11080.0,11172.150390625,11725,ULTRACEMCO,BSE,yfinance,1d
2026-06-03,11102.400390625,11199.0,11023.0,11101.7998046875,19994,ULTRACEMCO,BSE,yfinance,1d
2026-06-04,11140.7001953125,11147.650390625,10962.5,10995.5498046875,56179,ULTRACEMCO,BSE,yfinance,1d
2026-06-05,11148.099609375,11148.099609375,10847.0,10910.75,10461,ULTRACEMCO,BSE,yfinance,1d
2026-06-08,10860.25,10897.25,10750.0,10797.2998046875,8278,ULTRACEMCO,BSE,yfinance,1d
2026-06-09,10780.4501953125,10980.0,10780.0,10910.5498046875,6298,ULTRACEMCO,BSE,yfinance,1d
2026-06-10,10929.4501953125,10952.5,10818.5,10866.150390625,37458,ULTRACEMCO,BSE,yfinance,1d
2026-06-11,10851.599609375,10937.150390625,10705.0,10833.849609375,12777,ULTRACEMCO,BSE,yfinance,1d
2026-06-12,10891.150390625,11151.0,10850.0,11107.9501953125,20732,ULTRACEMCO,BSE,yfinance,1d
2026-06-15,11298.650390625,11566.0,11298.599609375,11473.75,11921,ULTRACEMCO,BSE,yfinance,1d
2026-06-16,11430.4501953125,11500.0,11368.0,11388.9501953125,9044,ULTRACEMCO,BSE,yfinance,1d
2026-06-17,11390.0,11420.0,11318.9501953125,11369.349609375,102136,ULTRACEMCO,BSE,yfinance,1d
2026-06-18,11400.0,11452.900390625,11240.5,11434.0498046875,69006,ULTRACEMCO,BSE,yfinance,1d
2026-06-19,11349.9501953125,11477.0,11303.0,11370.9501953125,13673,ULTRACEMCO,BSE,yfinance,1d
2026-06-22,11390.900390625,11414.9501953125,11311.150390625,11401.25,86391,ULTRACEMCO,BSE,yfinance,1d
2026-06-23,11399.25,11423.400390625,11266.7998046875,11310.7998046875,16058,ULTRACEMCO,BSE,yfinance,1d
2026-06-24,11263.099609375,11474.0,11262.900390625,11438.4501953125,9038,ULTRACEMCO,BSE,yfinance,1d
2026-06-25,11434.349609375,11671.0498046875,11434.349609375,11493.2998046875,42854,ULTRACEMCO,BSE,yfinance,1d
2026-06-26,11493.2998046875,11493.2998046875,11493.2998046875,11493.2998046875,0,ULTRACEMCO,BSE,yfinance,1d
2026-06-29,11418.2998046875,11538.4501953125,11315.0,11336.2001953125,10896,ULTRACEMCO,BSE,yfinance,1d
2026-06-30,11386.4501953125,11386.4501953125,11220.0,11269.849609375,18309,ULTRACEMCO,BSE,yfinance,1d
2026-07-01,11270.9501953125,11480.0,11270.9501953125,11460.150390625,8495,ULTRACEMCO,BSE,yfinance,1d
2026-07-02,11475.650390625,11565.599609375,11447.25,11534.849609375,23104,ULTRACEMCO,BSE,yfinance,1d
2026-07-03,11560.7001953125,11740.0,11560.7001953125,11722.2001953125,6820,ULTRACEMCO,BSE,yfinance,1d
2026-07-06,11799.5498046875,11799.5498046875,11631.0,11662.650390625,3937,ULTRACEMCO,BSE,yfinance,1d
2026-07-07,11628.5,11751.0,11609.0,11654.5498046875,3926,ULTRACEMCO,BSE,yfinance,1d
2026-07-08,11333.25,11612.099609375,11287.150390625,11359.0,10398,ULTRACEMCO,BSE,yfinance,1d
2026-07-09,11303.849609375,11610.0,11303.849609375,11515.900390625,33086,ULTRACEMCO,BSE,yfinance,1d
2026-07-10,11506.849609375,11725.0,11506.849609375,11713.5498046875,6552,ULTRACEMCO,BSE,yfinance,1d
2026-07-13,11507.900390625,11641.849609375,11507.900390625,11583.2998046875,5110,ULTRACEMCO,BSE,yfinance,1d
2026-07-14,11499.0,11544.4501953125,11355.0,11491.5,4119,ULTRACEMCO,BSE,yfinance,1d
2026-07-15,11475.5498046875,11857.849609375,11475.5498046875,11810.349609375,14200,ULTRACEMCO,BSE,yfinance,1d
2026-07-16,11850.150390625,11876.0,11712.5498046875,11779.849609375,34451,ULTRACEMCO,BSE,yfinance,1d
2026-07-17,11685.5,11799.0,11667.400390625,11725.5498046875,4534,ULTRACEMCO,BSE,yfinance,1d
2026-07-20,11730.0498046875,12000.0,11676.099609375,11897.7998046875,20038,ULTRACEMCO,BSE,yfinance,1d
2026-07-21,12124.9501953125,12131.9501953125,11932.5,12093.650390625,30239,ULTRACEMCO,BSE,yfinance,1d
2026-07-22,12119.9501953125,12150.0,11861.25,11892.900390625,20210,ULTRACEMCO,BSE,yfinance,1d
2026-07-23,11789.900390625,11960.75,11778.2001953125,11908.349609375,18104,ULTRACEMCO,BSE,yfinance,1d
2026-07-24,11558.650390625,11878.5,11558.650390625,11839.5498046875,7092,ULTRACEMCO,BSE,yfinance,1d
2026-07-27,11900.0,11965.2001953125,11756.099609375,11888.599609375,15950,ULTRACEMCO,BSE,yfinance,1d
2026-07-28,11841.849609375,12047.400390625,11822.9501953125,11969.0,22691,ULTRACEMCO,BSE,yfinance,1d
2026-07-29,12020.0,12087.0,11980.849609375,11998.0,15721,ULTRACEMCO,BSE,yfinance,1d
2026-07-30,11773.0498046875,11863.7998046875,11755.0,11847.75,12743,ULTRACEMCO,BSE,yfinance,1d
2026-07-31,11898.4501953125,12004.650390625,11800.0498046875,11852.0,24201,ULTRACEMCO,BSE,yfinance,1d
2026-08-03,11855.2001953125,12050.0,11855.2001953125,11950.0,9366,ULTRACEMCO,BSE,yfinance,1d
2026-08-04,11948.900390625,12000.0,11904.2001953125,11955.0,16597,ULTRACEMCO,BSE,yfinance,1d
2026-08-05,12099.7001953125,12237.5,11999.0498046875,12199.0,5717,ULTRACEMCO,BSE,yfinance,1d
2026-08-06,12150.0498046875,12200.0,12016.9501953125,12062.0,13293,ULTRACEMCO,BSE,yfinance,1d
2026-08-07,12062.0,12064.2001953125,11973.0,12040.0,7766,ULTRACEMCO,BSE,yfinance,1d
2026-08-10,12094.0,12120.599609375,11942.5,12103.150390625,3123,ULTRACEMCO,BSE,yfinance,1d
2026-08-11,12121.349609375,12121.349609375,11731.0,11770.0,29139,ULTRACEMCO,BSE,yfinance,1d
2026-08-12,11879.9501953125,11879.9501953125,11647.5,11836.0,15399,ULTRACEMCO,BSE,yfinance,1d
2026-08-13,11840.0498046875,11901.9501953125,11575.0,11750.0,2543507,ULTRACEMCO,BSE,yfinance,1d
2026-08-14,11816.599609375,11816.599609375,11590.2001953125,11715.0,12592,ULTRACEMCO,BSE,yfinance,1d
