date,open,high,low,close,volume,symbol,exchange,source,interval
2021-08-16,17315.44921875,17442.0,17288.349609375,17421.30078125,606600,NIFTY_FINANCIAL_SERVICES,NSE_INDEX,yfinance,1d
2021-08-17,17369.55078125,17397.05078125,17224.94921875,17371.150390625,708500,NIFTY_FINANCIAL_SERVICES,NSE_INDEX,yfinance,1d
2021-08-18,17516.650390625,17534.849609375,17226.19921875,17273.0,783800,NIFTY_FINANCIAL_SERVICES,NSE_INDEX,yfinance,1d
2021-08-20,17096.75,17218.55078125,17052.69921875,17152.55078125,948800,NIFTY_FINANCIAL_SERVICES,NSE_INDEX,yfinance,1d
2021-08-23,17330.099609375,17331.900390625,17086.650390625,17220.94921875,753100,NIFTY_FINANCIAL_SERVICES,NSE_INDEX,yfinance,1d
2021-08-24,17261.349609375,17487.0,17160.75,17461.099609375,817100,NIFTY_FINANCIAL_SERVICES,NSE_INDEX,yfinance,1d
2021-08-25,17502.599609375,17574.94921875,17376.75,17403.650390625,690100,NIFTY_FINANCIAL_SERVICES,NSE_INDEX,yfinance,1d
2021-08-26,17383.69921875,17486.900390625,17335.05078125,17441.400390625,904500,NIFTY_FINANCIAL_SERVICES,NSE_INDEX,yfinance,1d
2021-08-27,17424.5,17541.349609375,17325.650390625,17520.25,691800,NIFTY_FINANCIAL_SERVICES,NSE_INDEX,yfinance,1d
2021-08-30,17612.349609375,17870.849609375,17597.55078125,17843.900390625,865500,NIFTY_FINANCIAL_SERVICES,NSE_INDEX,yfinance,1d
2021-08-31,17832.599609375,18096.599609375,17802.5,18070.69921875,1172300,NIFTY_FINANCIAL_SERVICES,NSE_INDEX,yfinance,1d
2021-09-01,18106.69921875,18248.150390625,17999.05078125,18036.0,1092100,NIFTY_FINANCIAL_SERVICES,NSE_INDEX,yfinance,1d
2021-09-02,18047.19921875,18203.400390625,17995.80078125,18181.80078125,889200,NIFTY_FINANCIAL_SERVICES,NSE_INDEX,yfinance,1d
2021-09-03,18180.30078125,18286.80078125,18030.150390625,18130.55078125,852400,NIFTY_FINANCIAL_SERVICES,NSE_INDEX,yfinance,1d
2021-09-06,18193.55078125,18201.55078125,18048.30078125,18077.19921875,672000,NIFTY_FINANCIAL_SERVICES,NSE_INDEX,yfinance,1d
2021-09-07,18074.400390625,18185.5,17899.94921875,18103.94921875,666100,NIFTY_FINANCIAL_SERVICES,NSE_INDEX,yfinance,1d
2021-09-08,18115.80078125,18244.80078125,18060.0,18207.44921875,923100,NIFTY_FINANCIAL_SERVICES,NSE_INDEX,yfinance,1d
2021-09-09,18167.75,18243.19921875,18095.25,18160.55078125,701400,NIFTY_FINANCIAL_SERVICES,NSE_INDEX,yfinance,1d
2021-09-13,18146.349609375,18198.0,18009.150390625,18126.599609375,638700,NIFTY_FINANCIAL_SERVICES,NSE_INDEX,yfinance,1d
2021-09-14,18212.75,18230.0,18090.900390625,18103.849609375,582600,NIFTY_FINANCIAL_SERVICES,NSE_INDEX,yfinance,1d
2021-09-15,18067.94921875,18201.94921875,18063.94921875,18158.25,805500,NIFTY_FINANCIAL_SERVICES,NSE_INDEX,yfinance,1d
2021-09-16,18160.150390625,18379.30078125,18116.75,18356.75,1179400,NIFTY_FINANCIAL_SERVICES,NSE_INDEX,yfinance,1d
2021-09-17,18477.44921875,18634.25,18305.75,18476.25,1719800,NIFTY_FINANCIAL_SERVICES,NSE_INDEX,yfinance,1d
2021-09-20,18278.05078125,18472.55078125,18138.849609375,18177.94921875,698300,NIFTY_FINANCIAL_SERVICES,NSE_INDEX,yfinance,1d
2021-09-21,18239.349609375,18342.099609375,17958.44921875,18310.05078125,737500,NIFTY_FINANCIAL_SERVICES,NSE_INDEX,yfinance,1d
2021-09-22,18312.55078125,18330.05078125,18129.599609375,18152.099609375,608700,NIFTY_FINANCIAL_SERVICES,NSE_INDEX,yfinance,1d
2021-09-23,18300.349609375,18590.849609375,18259.400390625,18566.19921875,878100,NIFTY_FINANCIAL_SERVICES,NSE_INDEX,yfinance,1d
2021-09-24,18644.650390625,18692.099609375,18521.150390625,18630.0,678000,NIFTY_FINANCIAL_SERVICES,NSE_INDEX,yfinance,1d
2021-09-27,18720.69921875,18822.05078125,18663.599609375,18706.849609375,611600,NIFTY_FINANCIAL_SERVICES,NSE_INDEX,yfinance,1d
2021-09-28,18779.0,18794.19921875,18261.55078125,18534.75,1065000,NIFTY_FINANCIAL_SERVICES,NSE_INDEX,yfinance,1d
2021-09-29,18382.5,18447.80078125,18270.650390625,18371.30078125,1330000,NIFTY_FINANCIAL_SERVICES,NSE_INDEX,yfinance,1d
2021-09-30,18338.400390625,18465.80078125,18264.599609375,18303.80078125,1050200,NIFTY_FINANCIAL_SERVICES,NSE_INDEX,yfinance,1d
2021-10-01,18181.75,18197.19921875,18041.599609375,18137.80078125,741400,NIFTY_FINANCIAL_SERVICES,NSE_INDEX,yfinance,1d
2021-10-04,18239.19921875,18406.05078125,18217.55078125,18312.44921875,648200,NIFTY_FINANCIAL_SERVICES,NSE_INDEX,yfinance,1d
2021-10-05,18275.599609375,18388.44921875,18230.30078125,18367.05078125,806800,NIFTY_FINANCIAL_SERVICES,NSE_INDEX,yfinance,1d
2021-10-06,18378.599609375,18562.0,18274.900390625,18309.150390625,797000,NIFTY_FINANCIAL_SERVICES,NSE_INDEX,yfinance,1d
2021-10-07,18479.30078125,18487.150390625,18320.19921875,18336.94921875,617500,NIFTY_FINANCIAL_SERVICES,NSE_INDEX,yfinance,1d
2021-10-08,18392.30078125,18451.099609375,18258.150390625,18274.099609375,588100,NIFTY_FINANCIAL_SERVICES,NSE_INDEX,yfinance,1d
2021-10-11,18315.75,18621.69921875,18299.80078125,18527.650390625,668500,NIFTY_FINANCIAL_SERVICES,NSE_INDEX,yfinance,1d
2021-10-12,18483.25,18632.400390625,18455.55078125,18589.5,748800,NIFTY_FINANCIAL_SERVICES,NSE_INDEX,yfinance,1d
2021-10-13,18693.349609375,18720.900390625,18601.19921875,18652.5,684000,NIFTY_FINANCIAL_SERVICES,NSE_INDEX,yfinance,1d
2021-10-14,18668.900390625,18965.19921875,18653.69921875,18947.650390625,1241900,NIFTY_FINANCIAL_SERVICES,NSE_INDEX,yfinance,1d
2021-10-18,19194.599609375,19196.650390625,19001.30078125,19034.30078125,1051700,NIFTY_FINANCIAL_SERVICES,NSE_INDEX,yfinance,1d
2021-10-19,19143.55078125,19175.400390625,18957.400390625,19068.44921875,935200,NIFTY_FINANCIAL_SERVICES,NSE_INDEX,yfinance,1d
2021-10-20,19084.599609375,19109.900390625,18878.900390625,18957.55078125,1007500,NIFTY_FINANCIAL_SERVICES,NSE_INDEX,yfinance,1d
2021-10-21,19049.25,19247.650390625,18925.55078125,19188.849609375,913800,NIFTY_FINANCIAL_SERVICES,NSE_INDEX,yfinance,1d
2021-10-22,19263.30078125,19508.80078125,19234.849609375,19302.94921875,1029700,NIFTY_FINANCIAL_SERVICES,NSE_INDEX,yfinance,1d
2021-10-25,19525.94921875,19778.94921875,19312.849609375,19559.5,2070200,NIFTY_FINANCIAL_SERVICES,NSE_INDEX,yfinance,1d
2021-10-26,19517.5,19696.30078125,19463.849609375,19651.099609375,1078800,NIFTY_FINANCIAL_SERVICES,NSE_INDEX,yfinance,1d
2021-10-27,19664.75,19715.30078125,19444.75,19504.75,1437700,NIFTY_FINANCIAL_SERVICES,NSE_INDEX,yfinance,1d
2021-10-28,19493.44921875,19504.94921875,18917.150390625,18987.55078125,1144700,NIFTY_FINANCIAL_SERVICES,NSE_INDEX,yfinance,1d
2021-10-29,18954.5,19041.900390625,18568.849609375,18792.849609375,1242900,NIFTY_FINANCIAL_SERVICES,NSE_INDEX,yfinance,1d
2021-11-01,18931.44921875,19095.19921875,18724.55078125,19009.650390625,924300,NIFTY_FINANCIAL_SERVICES,NSE_INDEX,yfinance,1d
2021-11-02,19040.19921875,19148.19921875,18955.05078125,19074.849609375,912900,NIFTY_FINANCIAL_SERVICES,NSE_INDEX,yfinance,1d
2021-11-03,19126.44921875,19220.5,18853.599609375,18930.099609375,1438400,NIFTY_FINANCIAL_SERVICES,NSE_INDEX,yfinance,1d
2021-11-04,19031.599609375,19056.80078125,18971.19921875,18994.19921875,181100,NIFTY_FINANCIAL_SERVICES,NSE_INDEX,yfinance,1d
2021-11-08,19102.650390625,19258.44921875,18938.599609375,19216.19921875,1132700,NIFTY_FINANCIAL_SERVICES,NSE_INDEX,yfinance,1d
2021-11-09,19212.30078125,19226.099609375,19014.150390625,19085.30078125,864900,NIFTY_FINANCIAL_SERVICES,NSE_INDEX,yfinance,1d
2021-11-10,18995.19921875,19054.849609375,18874.25,19010.25,722700,NIFTY_FINANCIAL_SERVICES,NSE_INDEX,yfinance,1d
2021-11-11,18948.099609375,18956.55078125,18688.099609375,18772.80078125,707700,NIFTY_FINANCIAL_SERVICES,NSE_INDEX,yfinance,1d
2021-11-12,18855.849609375,18996.05078125,18764.5,18976.19921875,881100,NIFTY_FINANCIAL_SERVICES,NSE_INDEX,yfinance,1d
2021-11-15,19031.75,19122.94921875,18894.30078125,18955.25,749500,NIFTY_FINANCIAL_SERVICES,NSE_INDEX,yfinance,1d
2021-11-16,18945.0,18964.0,18768.150390625,18805.75,722900,NIFTY_FINANCIAL_SERVICES,NSE_INDEX,yfinance,1d
2021-11-17,18707.849609375,18866.400390625,18653.5,18679.94921875,818900,NIFTY_FINANCIAL_SERVICES,NSE_INDEX,yfinance,1d
2021-11-18,18677.099609375,18771.900390625,18546.75,18606.349609375,873000,NIFTY_FINANCIAL_SERVICES,NSE_INDEX,yfinance,1d
2021-11-22,18667.80078125,18691.150390625,17998.44921875,18177.19921875,1086200,NIFTY_FINANCIAL_SERVICES,NSE_INDEX,yfinance,1d
2021-11-23,17995.400390625,18331.900390625,17959.94921875,18261.5,1035100,NIFTY_FINANCIAL_SERVICES,NSE_INDEX,yfinance,1d
2021-11-24,18300.599609375,18521.599609375,18233.05078125,18304.349609375,951600,NIFTY_FINANCIAL_SERVICES,NSE_INDEX,yfinance,1d
2021-11-25,18278.25,18323.849609375,18148.80078125,18264.44921875,740400,NIFTY_FINANCIAL_SERVICES,NSE_INDEX,yfinance,1d
2021-11-26,17998.0,18042.400390625,17575.150390625,17614.69921875,1058800,NIFTY_FINANCIAL_SERVICES,NSE_INDEX,yfinance,1d
2021-11-29,17661.25,17762.650390625,17282.849609375,17629.94921875,937100,NIFTY_FINANCIAL_SERVICES,NSE_INDEX,yfinance,1d
2021-11-30,17558.30078125,18007.150390625,17477.900390625,17534.75,2458700,NIFTY_FINANCIAL_SERVICES,NSE_INDEX,yfinance,1d
2021-12-01,17654.150390625,17808.75,17612.650390625,17758.849609375,828400,NIFTY_FINANCIAL_SERVICES,NSE_INDEX,yfinance,1d
2021-12-02,17739.650390625,18012.849609375,17708.150390625,17982.900390625,789300,NIFTY_FINANCIAL_SERVICES,NSE_INDEX,yfinance,1d
2021-12-03,17956.69921875,18100.349609375,17737.94921875,17779.5,861000,NIFTY_FINANCIAL_SERVICES,NSE_INDEX,yfinance,1d
2021-12-06,17802.30078125,17843.650390625,17576.900390625,17596.69921875,705300,NIFTY_FINANCIAL_SERVICES,NSE_INDEX,yfinance,1d
2021-12-07,17769.55078125,18071.44921875,17700.0,17979.349609375,1025700,NIFTY_FINANCIAL_SERVICES,NSE_INDEX,yfinance,1d
2021-12-08,18140.5,18317.94921875,18115.44921875,18284.94921875,1070200,NIFTY_FINANCIAL_SERVICES,NSE_INDEX,yfinance,1d
2021-12-09,18329.75,18355.150390625,18115.44921875,18202.44921875,727500,NIFTY_FINANCIAL_SERVICES,NSE_INDEX,yfinance,1d
2021-12-10,18164.69921875,18209.80078125,18037.150390625,18165.55078125,596000,NIFTY_FINANCIAL_SERVICES,NSE_INDEX,yfinance,1d
2021-12-13,18270.19921875,18324.94921875,17984.30078125,18006.900390625,839700,NIFTY_FINANCIAL_SERVICES,NSE_INDEX,yfinance,1d
2021-12-14,17919.94921875,17965.650390625,17757.30078125,17905.19921875,830700,NIFTY_FINANCIAL_SERVICES,NSE_INDEX,yfinance,1d
2021-12-15,17915.94921875,17972.650390625,17758.19921875,17776.94921875,589000,NIFTY_FINANCIAL_SERVICES,NSE_INDEX,yfinance,1d
2021-12-16,17934.349609375,17962.099609375,17639.900390625,17713.849609375,701100,NIFTY_FINANCIAL_SERVICES,NSE_INDEX,yfinance,1d
2021-12-17,17685.75,17721.900390625,17243.19921875,17280.69921875,858200,NIFTY_FINANCIAL_SERVICES,NSE_INDEX,yfinance,1d
2021-12-20,17077.900390625,17103.80078125,16547.150390625,16779.19921875,980200,NIFTY_FINANCIAL_SERVICES,NSE_INDEX,yfinance,1d
2021-12-21,16988.05078125,17050.94921875,16742.05078125,16841.44921875,719000,NIFTY_FINANCIAL_SERVICES,NSE_INDEX,yfinance,1d
2021-12-22,16951.599609375,17031.349609375,16848.80078125,16992.75,639100,NIFTY_FINANCIAL_SERVICES,NSE_INDEX,yfinance,1d
2021-12-23,17130.94921875,17220.19921875,17057.80078125,17116.55078125,662600,NIFTY_FINANCIAL_SERVICES,NSE_INDEX,yfinance,1d
2021-12-24,17177.25,17190.05078125,16847.900390625,16956.75,538300,NIFTY_FINANCIAL_SERVICES,NSE_INDEX,yfinance,1d
2021-12-27,16849.30078125,17137.19921875,16735.19921875,17111.30078125,431900,NIFTY_FINANCIAL_SERVICES,NSE_INDEX,yfinance,1d
2021-12-28,17232.55078125,17253.55078125,17103.94921875,17178.599609375,503100,NIFTY_FINANCIAL_SERVICES,NSE_INDEX,yfinance,1d
2021-12-29,17183.55078125,17248.80078125,17066.25,17130.0,439100,NIFTY_FINANCIAL_SERVICES,NSE_INDEX,yfinance,1d
2021-12-30,17113.849609375,17180.349609375,17021.099609375,17116.55078125,726200,NIFTY_FINANCIAL_SERVICES,NSE_INDEX,yfinance,1d
2021-12-31,17147.900390625,17379.19921875,17146.650390625,17330.849609375,439600,NIFTY_FINANCIAL_SERVICES,NSE_INDEX,yfinance,1d
2022-01-03,17377.94921875,17788.44921875,17371.349609375,17761.05078125,613800,NIFTY_FINANCIAL_SERVICES,NSE_INDEX,yfinance,1d
2022-01-04,17816.349609375,17994.349609375,17726.849609375,17972.94921875,766000,NIFTY_FINANCIAL_SERVICES,NSE_INDEX,yfinance,1d
2022-01-05,18027.599609375,18395.400390625,17973.5,18336.650390625,937900,NIFTY_FINANCIAL_SERVICES,NSE_INDEX,yfinance,1d
2022-01-06,18111.599609375,18284.75,18016.80078125,18174.80078125,692900,NIFTY_FINANCIAL_SERVICES,NSE_INDEX,yfinance,1d
2022-01-07,18215.150390625,18356.55078125,18070.849609375,18206.05078125,799300,NIFTY_FINANCIAL_SERVICES,NSE_INDEX,yfinance,1d
2022-01-10,18282.69921875,18503.900390625,18282.69921875,18483.849609375,667800,NIFTY_FINANCIAL_SERVICES,NSE_INDEX,yfinance,1d
2022-01-11,18487.099609375,18562.849609375,18381.849609375,18538.80078125,662000,NIFTY_FINANCIAL_SERVICES,NSE_INDEX,yfinance,1d
2022-01-12,18660.25,18747.650390625,18613.599609375,18684.75,767100,NIFTY_FINANCIAL_SERVICES,NSE_INDEX,yfinance,1d
2022-01-13,18705.099609375,18705.099609375,18560.400390625,18611.80078125,709300,NIFTY_FINANCIAL_SERVICES,NSE_INDEX,yfinance,1d
2022-01-14,18508.05078125,18603.599609375,18412.0,18566.099609375,567600,NIFTY_FINANCIAL_SERVICES,NSE_INDEX,yfinance,1d
2022-01-17,18504.0,18688.400390625,18478.650390625,18521.650390625,744500,NIFTY_FINANCIAL_SERVICES,NSE_INDEX,yfinance,1d
2022-01-18,18590.30078125,18730.099609375,18429.099609375,18468.69921875,867100,NIFTY_FINANCIAL_SERVICES,NSE_INDEX,yfinance,1d
2022-01-19,18488.05078125,18488.05078125,18170.44921875,18269.94921875,756500,NIFTY_FINANCIAL_SERVICES,NSE_INDEX,yfinance,1d
2022-01-20,18286.150390625,18319.0,17988.0,18137.94921875,791100,NIFTY_FINANCIAL_SERVICES,NSE_INDEX,yfinance,1d
2022-01-21,17974.349609375,18114.30078125,17858.099609375,18047.05078125,799900,NIFTY_FINANCIAL_SERVICES,NSE_INDEX,yfinance,1d
2022-01-24,18019.900390625,18039.5,17389.0,17633.44921875,1043200,NIFTY_FINANCIAL_SERVICES,NSE_INDEX,yfinance,1d
2022-01-25,17445.55078125,17829.19921875,17324.150390625,17789.80078125,1272000,NIFTY_FINANCIAL_SERVICES,NSE_INDEX,yfinance,1d
2022-01-27,17509.30078125,17834.599609375,17386.0,17763.150390625,1518200,NIFTY_FINANCIAL_SERVICES,NSE_INDEX,yfinance,1d
2022-01-28,17878.05078125,17995.849609375,17634.150390625,17673.55078125,1103300,NIFTY_FINANCIAL_SERVICES,NSE_INDEX,yfinance,1d
2022-01-31,17856.80078125,17931.400390625,17707.349609375,17836.25,1090500,NIFTY_FINANCIAL_SERVICES,NSE_INDEX,yfinance,1d
2022-02-01,18065.900390625,18218.150390625,17702.55078125,18060.25,1135500,NIFTY_FINANCIAL_SERVICES,NSE_INDEX,yfinance,1d
2022-02-02,18207.099609375,18430.75,18178.19921875,18408.80078125,988100,NIFTY_FINANCIAL_SERVICES,NSE_INDEX,yfinance,1d
2022-02-03,18394.55078125,18429.25,18090.900390625,18153.30078125,1030300,NIFTY_FINANCIAL_SERVICES,NSE_INDEX,yfinance,1d
2022-02-04,18221.44921875,18241.05078125,17978.650390625,18071.69921875,1118900,NIFTY_FINANCIAL_SERVICES,NSE_INDEX,yfinance,1d
2022-02-07,17970.5,18066.400390625,17534.94921875,17607.849609375,1217900,NIFTY_FINANCIAL_SERVICES,NSE_INDEX,yfinance,1d
2022-02-08,17695.69921875,17719.69921875,17379.599609375,17632.55078125,1033000,NIFTY_FINANCIAL_SERVICES,NSE_INDEX,yfinance,1d
2022-02-09,17761.55078125,17879.94921875,17716.44921875,17860.349609375,742600,NIFTY_FINANCIAL_SERVICES,NSE_INDEX,yfinance,1d
2022-02-10,17967.05078125,18145.80078125,17819.19921875,18068.349609375,977400,NIFTY_FINANCIAL_SERVICES,NSE_INDEX,yfinance,1d
2022-02-11,17859.19921875,17907.69921875,17730.599609375,17803.0,855700,NIFTY_FINANCIAL_SERVICES,NSE_INDEX,yfinance,1d
2022-02-14,17439.80078125,17488.44921875,17022.400390625,17059.099609375,1111100,NIFTY_FINANCIAL_SERVICES,NSE_INDEX,yfinance,1d
2022-02-15,17119.400390625,17613.30078125,16976.80078125,17584.44921875,1068300,NIFTY_FINANCIAL_SERVICES,NSE_INDEX,yfinance,1d
2022-02-16,17654.849609375,17773.099609375,17488.94921875,17544.25,1203500,NIFTY_FINANCIAL_SERVICES,NSE_INDEX,yfinance,1d
2022-02-17,17607.44921875,17655.75,17408.900390625,17479.349609375,825000,NIFTY_FINANCIAL_SERVICES,NSE_INDEX,yfinance,1d
2022-02-18,17406.19921875,17617.900390625,17384.30078125,17524.94921875,640600,NIFTY_FINANCIAL_SERVICES,NSE_INDEX,yfinance,1d
2022-02-21,17420.349609375,17669.849609375,17305.75,17530.150390625,651500,NIFTY_FINANCIAL_SERVICES,NSE_INDEX,yfinance,1d
2022-02-22,17136.0,17567.849609375,17129.0,17462.69921875,929300,NIFTY_FINANCIAL_SERVICES,NSE_INDEX,yfinance,1d
2022-02-23,17586.349609375,17628.400390625,17392.400390625,17428.75,691100,NIFTY_FINANCIAL_SERVICES,NSE_INDEX,yfinance,1d
2022-02-24,16847.75,17076.5,16448.44921875,16531.55078125,1454800,NIFTY_FINANCIAL_SERVICES,NSE_INDEX,yfinance,1d
2022-02-25,16836.650390625,17142.30078125,16772.900390625,17028.900390625,1069000,NIFTY_FINANCIAL_SERVICES,NSE_INDEX,yfinance,1d
2022-02-28,16810.0,16974.0,16645.400390625,16936.30078125,1155000,NIFTY_FINANCIAL_SERVICES,NSE_INDEX,yfinance,1d
2022-03-02,16573.650390625,16636.5,16375.7001953125,16551.900390625,1575400,NIFTY_FINANCIAL_SERVICES,NSE_INDEX,yfinance,1d
2022-03-03,16652.80078125,16729.75,16277.7998046875,16359.0498046875,954900,NIFTY_FINANCIAL_SERVICES,NSE_INDEX,yfinance,1d
2022-03-04,16188.900390625,16373.150390625,15938.150390625,16080.150390625,995300,NIFTY_FINANCIAL_SERVICES,NSE_INDEX,yfinance,1d
2022-03-07,15567.7998046875,15627.5498046875,15220.150390625,15391.150390625,1455900,NIFTY_FINANCIAL_SERVICES,NSE_INDEX,yfinance,1d
2022-03-08,15239.900390625,15566.099609375,15042.4501953125,15528.849609375,1713700,NIFTY_FINANCIAL_SERVICES,NSE_INDEX,yfinance,1d
2022-03-09,15565.400390625,15930.75,15428.900390625,15845.5,1462700,NIFTY_FINANCIAL_SERVICES,NSE_INDEX,yfinance,1d
2022-03-10,16467.0,16511.599609375,15990.9501953125,16134.9501953125,1520300,NIFTY_FINANCIAL_SERVICES,NSE_INDEX,yfinance,1d
2022-03-11,16055.400390625,16316.349609375,15952.4501953125,16165.2001953125,934500,NIFTY_FINANCIAL_SERVICES,NSE_INDEX,yfinance,1d
2022-03-14,16203.0,16555.900390625,16167.7001953125,16514.25,1067400,NIFTY_FINANCIAL_SERVICES,NSE_INDEX,yfinance,1d
2022-03-15,16570.69921875,16651.80078125,16225.7998046875,16352.099609375,1191000,NIFTY_FINANCIAL_SERVICES,NSE_INDEX,yfinance,1d
2022-03-16,16596.5,16742.400390625,16557.349609375,16675.5,853300,NIFTY_FINANCIAL_SERVICES,NSE_INDEX,yfinance,1d
2022-03-17,16952.05078125,17196.349609375,16939.75,17137.400390625,1220200,NIFTY_FINANCIAL_SERVICES,NSE_INDEX,yfinance,1d
2022-03-21,17224.349609375,17236.5,16898.599609375,16936.900390625,744000,NIFTY_FINANCIAL_SERVICES,NSE_INDEX,yfinance,1d
2022-03-22,16927.150390625,17132.849609375,16686.75,17087.150390625,870400,NIFTY_FINANCIAL_SERVICES,NSE_INDEX,yfinance,1d
2022-03-23,17207.150390625,17277.75,16898.80078125,16936.75,733400,NIFTY_FINANCIAL_SERVICES,NSE_INDEX,yfinance,1d
2022-03-24,16712.94921875,16859.80078125,16628.650390625,16672.0,978100,NIFTY_FINANCIAL_SERVICES,NSE_INDEX,yfinance,1d
2022-03-25,16770.5,16773.44921875,16531.25,16616.69921875,671100,NIFTY_FINANCIAL_SERVICES,NSE_INDEX,yfinance,1d
2022-03-28,16657.150390625,16687.80078125,16374.900390625,16667.94921875,743900,NIFTY_FINANCIAL_SERVICES,NSE_INDEX,yfinance,1d
2022-03-29,16774.44921875,16884.30078125,16676.900390625,16836.650390625,669200,NIFTY_FINANCIAL_SERVICES,NSE_INDEX,yfinance,1d
2022-03-30,17017.849609375,17181.44921875,16936.55078125,17167.05078125,1005000,NIFTY_FINANCIAL_SERVICES,NSE_INDEX,yfinance,1d
2022-03-31,17204.69921875,17318.05078125,17115.099609375,17147.150390625,846200,NIFTY_FINANCIAL_SERVICES,NSE_INDEX,yfinance,1d
2022-04-01,17093.25,17501.5,17067.5,17467.150390625,775600,NIFTY_FINANCIAL_SERVICES,NSE_INDEX,yfinance,1d
2022-04-04,17853.0,18624.5,17813.94921875,18277.19921875,1805800,NIFTY_FINANCIAL_SERVICES,NSE_INDEX,yfinance,1d
2022-04-05,18286.05078125,18298.25,17936.849609375,17989.30078125,1207300,NIFTY_FINANCIAL_SERVICES,NSE_INDEX,yfinance,1d
2022-04-06,17820.349609375,17883.80078125,17679.19921875,17703.5,910200,NIFTY_FINANCIAL_SERVICES,NSE_INDEX,yfinance,1d
2022-04-07,17600.94921875,17748.80078125,17537.900390625,17577.400390625,1052500,NIFTY_FINANCIAL_SERVICES,NSE_INDEX,yfinance,1d
2022-04-08,17647.650390625,17733.5,17482.30078125,17667.30078125,1030600,NIFTY_FINANCIAL_SERVICES,NSE_INDEX,yfinance,1d
2022-04-11,17586.099609375,17702.099609375,17534.44921875,17567.80078125,703200,NIFTY_FINANCIAL_SERVICES,NSE_INDEX,yfinance,1d
2022-04-12,17473.25,17650.94921875,17424.599609375,17572.150390625,800300,NIFTY_FINANCIAL_SERVICES,NSE_INDEX,yfinance,1d
2022-04-13,17644.80078125,17689.25,17391.69921875,17419.599609375,729700,NIFTY_FINANCIAL_SERVICES,NSE_INDEX,yfinance,1d
2022-04-18,17124.349609375,17172.30078125,16931.94921875,17034.650390625,1047100,NIFTY_FINANCIAL_SERVICES,NSE_INDEX,yfinance,1d
2022-04-19,17068.69921875,17100.75,16525.400390625,16708.900390625,1442200,NIFTY_FINANCIAL_SERVICES,NSE_INDEX,yfinance,1d
2022-04-20,16775.05078125,16790.19921875,16585.0,16702.400390625,857200,NIFTY_FINANCIAL_SERVICES,NSE_INDEX,yfinance,1d
2022-04-21,16800.349609375,16994.69921875,16728.69921875,16959.94921875,784300,NIFTY_FINANCIAL_SERVICES,NSE_INDEX,yfinance,1d
2022-04-22,16789.900390625,16847.19921875,16641.150390625,16664.44921875,766500,NIFTY_FINANCIAL_SERVICES,NSE_INDEX,yfinance,1d
2022-04-25,16545.25,16715.94921875,16434.400390625,16639.94921875,915200,NIFTY_FINANCIAL_SERVICES,NSE_INDEX,yfinance,1d
2022-04-26,16831.5,16856.099609375,16720.19921875,16804.80078125,800400,NIFTY_FINANCIAL_SERVICES,NSE_INDEX,yfinance,1d
2022-04-27,16654.19921875,16681.69921875,16469.099609375,16557.69921875,887500,NIFTY_FINANCIAL_SERVICES,NSE_INDEX,yfinance,1d
2022-04-28,16637.25,16744.55078125,16505.05078125,16713.150390625,936600,NIFTY_FINANCIAL_SERVICES,NSE_INDEX,yfinance,1d
2022-04-29,16772.150390625,16927.30078125,16580.30078125,16636.55078125,1237000,NIFTY_FINANCIAL_SERVICES,NSE_INDEX,yfinance,1d
2022-05-02,16403.25,16700.44921875,16400.25,16671.94921875,801800,NIFTY_FINANCIAL_SERVICES,NSE_INDEX,yfinance,1d
2022-05-04,16698.0,16732.19921875,16177.5,16236.9501953125,923200,NIFTY_FINANCIAL_SERVICES,NSE_INDEX,yfinance,1d
2022-05-05,16422.55078125,16540.75,16221.400390625,16261.5498046875,703200,NIFTY_FINANCIAL_SERVICES,NSE_INDEX,yfinance,1d
2022-05-06,15959.5498046875,16008.9501953125,15835.5,15895.349609375,949600,NIFTY_FINANCIAL_SERVICES,NSE_INDEX,yfinance,1d
2022-05-09,15656.349609375,15957.9501953125,15634.2998046875,15844.099609375,849700,NIFTY_FINANCIAL_SERVICES,NSE_INDEX,yfinance,1d
2022-05-10,15803.400390625,16067.599609375,15802.849609375,15929.900390625,687200,NIFTY_FINANCIAL_SERVICES,NSE_INDEX,yfinance,1d
2022-05-11,16033.5,16073.7001953125,15769.2998046875,15974.7001953125,794600,NIFTY_FINANCIAL_SERVICES,NSE_INDEX,yfinance,1d
2022-05-12,15797.0,15828.9501953125,15400.400390625,15487.5,926900,NIFTY_FINANCIAL_SERVICES,NSE_INDEX,yfinance,1d
2022-05-13,15647.2001953125,15674.75,15247.150390625,15291.7001953125,1291300,NIFTY_FINANCIAL_SERVICES,NSE_INDEX,yfinance,1d
2022-05-16,15342.400390625,15584.650390625,15247.5498046875,15492.849609375,714400,NIFTY_FINANCIAL_SERVICES,NSE_INDEX,yfinance,1d
2022-05-17,15568.25,15835.0,15505.2998046875,15810.5,696000,NIFTY_FINANCIAL_SERVICES,NSE_INDEX,yfinance,1d
2022-05-18,15878.2001953125,15981.9501953125,15740.849609375,15765.900390625,744800,NIFTY_FINANCIAL_SERVICES,NSE_INDEX,yfinance,1d
2022-05-19,15430.9501953125,15525.5,15347.9501953125,15397.900390625,767900,NIFTY_FINANCIAL_SERVICES,NSE_INDEX,yfinance,1d
2022-05-20,15600.5,15827.2998046875,15548.0498046875,15793.599609375,644900,NIFTY_FINANCIAL_SERVICES,NSE_INDEX,yfinance,1d
2022-05-23,15828.2998046875,16017.2998046875,15702.7998046875,15759.5498046875,726100,NIFTY_FINANCIAL_SERVICES,NSE_INDEX,yfinance,1d
2022-05-24,15739.349609375,15932.650390625,15703.4501953125,15809.849609375,728500,NIFTY_FINANCIAL_SERVICES,NSE_INDEX,yfinance,1d
2022-05-25,15904.150390625,16023.099609375,15874.7001953125,15918.099609375,658100,NIFTY_FINANCIAL_SERVICES,NSE_INDEX,yfinance,1d
2022-05-26,16035.4501953125,16285.400390625,15919.5,16231.2998046875,875400,NIFTY_FINANCIAL_SERVICES,NSE_INDEX,yfinance,1d
2022-05-27,16336.25,16513.69921875,16301.349609375,16476.05078125,708200,NIFTY_FINANCIAL_SERVICES,NSE_INDEX,yfinance,1d
2022-05-30,16658.849609375,16721.900390625,16599.75,16629.19921875,577600,NIFTY_FINANCIAL_SERVICES,NSE_INDEX,yfinance,1d
2022-05-31,16518.849609375,16618.849609375,16378.9501953125,16475.69921875,1180500,NIFTY_FINANCIAL_SERVICES,NSE_INDEX,yfinance,1d
2022-06-01,16419.94921875,16579.0,16368.599609375,16502.30078125,612800,NIFTY_FINANCIAL_SERVICES,NSE_INDEX,yfinance,1d
2022-06-02,16436.5,16468.75,16349.5498046875,16447.400390625,578100,NIFTY_FINANCIAL_SERVICES,NSE_INDEX,yfinance,1d
2022-06-03,16593.599609375,16615.0,16290.2998046875,16330.400390625,560600,NIFTY_FINANCIAL_SERVICES,NSE_INDEX,yfinance,1d
2022-06-06,16258.150390625,16382.4501953125,16218.0498046875,16324.599609375,560800,NIFTY_FINANCIAL_SERVICES,NSE_INDEX,yfinance,1d
2022-06-07,16202.7001953125,16225.650390625,16075.25,16152.0,505000,NIFTY_FINANCIAL_SERVICES,NSE_INDEX,yfinance,1d
2022-06-08,16237.9501953125,16345.9501953125,16063.400390625,16146.7998046875,671100,NIFTY_FINANCIAL_SERVICES,NSE_INDEX,yfinance,1d
2022-06-09,16060.25,16232.2998046875,16024.7998046875,16209.849609375,490900,NIFTY_FINANCIAL_SERVICES,NSE_INDEX,yfinance,1d
2022-06-10,16027.349609375,16053.5498046875,15808.7001953125,15847.2998046875,514700,NIFTY_FINANCIAL_SERVICES,NSE_INDEX,yfinance,1d
2022-06-13,15482.2998046875,15504.400390625,15276.099609375,15356.400390625,680800,NIFTY_FINANCIAL_SERVICES,NSE_INDEX,yfinance,1d
2022-06-14,15230.650390625,15438.4501953125,15217.25,15292.150390625,631800,NIFTY_FINANCIAL_SERVICES,NSE_INDEX,yfinance,1d
2022-06-15,15283.7001953125,15407.650390625,15251.7001953125,15333.2998046875,543300,NIFTY_FINANCIAL_SERVICES,NSE_INDEX,yfinance,1d
2022-06-16,15461.4501953125,15515.7998046875,14970.900390625,15002.0,661900,NIFTY_FINANCIAL_SERVICES,NSE_INDEX,yfinance,1d
2022-06-17,14882.099609375,15136.599609375,14857.2998046875,15059.2998046875,843600,NIFTY_FINANCIAL_SERVICES,NSE_INDEX,yfinance,1d
2022-06-20,15116.9501953125,15234.400390625,14995.349609375,15203.9501953125,641800,NIFTY_FINANCIAL_SERVICES,NSE_INDEX,yfinance,1d
2022-06-21,15327.9501953125,15588.2001953125,15251.150390625,15436.349609375,679100,NIFTY_FINANCIAL_SERVICES,NSE_INDEX,yfinance,1d
2022-06-22,15367.9501953125,15393.599609375,15242.349609375,15271.4501953125,481800,NIFTY_FINANCIAL_SERVICES,NSE_INDEX,yfinance,1d
2022-06-23,15300.7001953125,15498.75,15179.599609375,15391.650390625,654500,NIFTY_FINANCIAL_SERVICES,NSE_INDEX,yfinance,1d
2022-06-24,15500.5498046875,15648.4501953125,15494.849609375,15595.5,557800,NIFTY_FINANCIAL_SERVICES,NSE_INDEX,yfinance,1d
2022-06-27,15826.349609375,15826.5,15629.900390625,15651.0,515300,NIFTY_FINANCIAL_SERVICES,NSE_INDEX,yfinance,1d
2022-06-28,15548.2998046875,15611.349609375,15470.2998046875,15559.0498046875,629700,NIFTY_FINANCIAL_SERVICES,NSE_INDEX,yfinance,1d
2022-06-29,15410.349609375,15490.0498046875,15383.2998046875,15409.349609375,636200,NIFTY_FINANCIAL_SERVICES,NSE_INDEX,yfinance,1d
2022-06-30,15358.7001953125,15563.900390625,15358.7001953125,15474.400390625,837600,NIFTY_FINANCIAL_SERVICES,NSE_INDEX,yfinance,1d
2022-07-01,15395.900390625,15674.900390625,15315.0498046875,15620.75,707500,NIFTY_FINANCIAL_SERVICES,NSE_INDEX,yfinance,1d
2022-07-04,15600.7001953125,15786.400390625,15559.599609375,15766.5,468400,NIFTY_FINANCIAL_SERVICES,NSE_INDEX,yfinance,1d
2022-07-05,15855.2001953125,15981.5,15695.2998046875,15729.150390625,861500,NIFTY_FINANCIAL_SERVICES,NSE_INDEX,yfinance,1d
2022-07-06,15745.0498046875,16009.849609375,15735.400390625,15980.25,716900,NIFTY_FINANCIAL_SERVICES,NSE_INDEX,yfinance,1d
2022-07-07,16109.2998046875,16196.7998046875,16031.7001953125,16179.0,696900,NIFTY_FINANCIAL_SERVICES,NSE_INDEX,yfinance,1d
2022-07-08,16332.400390625,16332.400390625,16188.4501953125,16260.2001953125,630900,NIFTY_FINANCIAL_SERVICES,NSE_INDEX,yfinance,1d
2022-07-11,16217.650390625,16403.900390625,16211.5,16365.599609375,589800,NIFTY_FINANCIAL_SERVICES,NSE_INDEX,yfinance,1d
2022-07-12,16282.75,16306.400390625,16168.150390625,16200.599609375,474100,NIFTY_FINANCIAL_SERVICES,NSE_INDEX,yfinance,1d
2022-07-13,16260.650390625,16291.599609375,16025.9501953125,16043.849609375,536500,NIFTY_FINANCIAL_SERVICES,NSE_INDEX,yfinance,1d
2022-07-14,16065.599609375,16165.900390625,15950.650390625,15998.75,531200,NIFTY_FINANCIAL_SERVICES,NSE_INDEX,yfinance,1d
2022-07-15,16035.7998046875,16128.7998046875,15976.099609375,16112.75,427500,NIFTY_FINANCIAL_SERVICES,NSE_INDEX,yfinance,1d
2022-07-18,16164.25,16351.599609375,16120.0,16341.4501953125,650100,NIFTY_FINANCIAL_SERVICES,NSE_INDEX,yfinance,1d
2022-07-19,16248.0498046875,16458.75,16246.099609375,16436.19921875,686900,NIFTY_FINANCIAL_SERVICES,NSE_INDEX,yfinance,1d
2022-07-20,16593.25,16617.849609375,16487.900390625,16530.099609375,827000,NIFTY_FINANCIAL_SERVICES,NSE_INDEX,yfinance,1d
2022-07-21,16531.05078125,16631.150390625,16466.349609375,16600.5,631700,NIFTY_FINANCIAL_SERVICES,NSE_INDEX,yfinance,1d
2022-07-22,16663.44921875,16897.05078125,16643.349609375,16858.55078125,655800,NIFTY_FINANCIAL_SERVICES,NSE_INDEX,yfinance,1d
2022-07-25,16855.80078125,16964.349609375,16738.25,16837.55078125,642500,NIFTY_FINANCIAL_SERVICES,NSE_INDEX,yfinance,1d
2022-07-26,16850.400390625,16855.30078125,16697.849609375,16734.099609375,623300,NIFTY_FINANCIAL_SERVICES,NSE_INDEX,yfinance,1d
2022-07-27,16717.69921875,16891.849609375,16661.55078125,16880.30078125,656800,NIFTY_FINANCIAL_SERVICES,NSE_INDEX,yfinance,1d
2022-07-28,17022.5,17310.400390625,16998.25,17280.0,824900,NIFTY_FINANCIAL_SERVICES,NSE_INDEX,yfinance,1d
2022-07-29,17470.75,17506.849609375,17290.400390625,17437.80078125,922400,NIFTY_FINANCIAL_SERVICES,NSE_INDEX,yfinance,1d
2022-08-01,17512.55078125,17602.44921875,17414.0,17584.19921875,596800,NIFTY_FINANCIAL_SERVICES,NSE_INDEX,yfinance,1d
2022-08-02,17518.5,17595.849609375,17385.94921875,17538.80078125,726400,NIFTY_FINANCIAL_SERVICES,NSE_INDEX,yfinance,1d
2022-08-03,17513.19921875,17574.55078125,17375.55078125,17551.69921875,770800,NIFTY_FINANCIAL_SERVICES,NSE_INDEX,yfinance,1d
2022-08-04,17613.150390625,17641.75,17245.75,17472.05078125,655900,NIFTY_FINANCIAL_SERVICES,NSE_INDEX,yfinance,1d
2022-08-05,17515.69921875,17616.94921875,17466.19921875,17534.55078125,767700,NIFTY_FINANCIAL_SERVICES,NSE_INDEX,yfinance,1d
2022-08-08,17519.80078125,17729.44921875,17440.650390625,17697.599609375,837500,NIFTY_FINANCIAL_SERVICES,NSE_INDEX,yfinance,1d
2022-08-10,17741.150390625,17764.900390625,17643.849609375,17699.099609375,823200,NIFTY_FINANCIAL_SERVICES,NSE_INDEX,yfinance,1d
2022-08-11,17898.69921875,17998.5,17858.30078125,17977.400390625,853400,NIFTY_FINANCIAL_SERVICES,NSE_INDEX,yfinance,1d
2022-08-12,17993.0,18075.349609375,17918.94921875,18055.150390625,629500,NIFTY_FINANCIAL_SERVICES,NSE_INDEX,yfinance,1d
2022-08-16,18152.349609375,18243.55078125,18122.599609375,18191.349609375,0,NIFTY_FINANCIAL_SERVICES,NSE_INDEX,yfinance,1d
2022-08-17,18230.150390625,18374.5,18144.25,18348.25,873900,NIFTY_FINANCIAL_SERVICES,NSE_INDEX,yfinance,1d
2022-08-18,18287.0,18427.349609375,18272.94921875,18406.05078125,745500,NIFTY_FINANCIAL_SERVICES,NSE_INDEX,yfinance,1d
2022-08-19,18425.05078125,18450.19921875,18064.69921875,18114.900390625,670700,NIFTY_FINANCIAL_SERVICES,NSE_INDEX,yfinance,1d
2022-08-22,17997.05078125,18007.94921875,17749.80078125,17763.400390625,600400,NIFTY_FINANCIAL_SERVICES,NSE_INDEX,yfinance,1d
2022-08-23,17626.849609375,17963.94921875,17621.349609375,17897.349609375,625300,NIFTY_FINANCIAL_SERVICES,NSE_INDEX,yfinance,1d
2022-08-24,17815.80078125,18011.650390625,17814.05078125,17987.0,609100,NIFTY_FINANCIAL_SERVICES,NSE_INDEX,yfinance,1d
2022-08-25,18053.849609375,18165.80078125,17862.349609375,17916.349609375,673900,NIFTY_FINANCIAL_SERVICES,NSE_INDEX,yfinance,1d
2022-08-26,18010.150390625,18102.30078125,17879.05078125,17933.900390625,582700,NIFTY_FINANCIAL_SERVICES,NSE_INDEX,yfinance,1d
2022-08-29,17533.25,17693.400390625,17481.05078125,17631.69921875,610200,NIFTY_FINANCIAL_SERVICES,NSE_INDEX,yfinance,1d
2022-08-30,17734.55078125,18265.69921875,17724.900390625,18235.05078125,962000,NIFTY_FINANCIAL_SERVICES,NSE_INDEX,yfinance,1d
2022-09-01,17913.94921875,18248.5,17912.75,18056.0,900600,NIFTY_FINANCIAL_SERVICES,NSE_INDEX,yfinance,1d
2022-09-02,18108.19921875,18219.94921875,17996.44921875,18147.25,604800,NIFTY_FINANCIAL_SERVICES,NSE_INDEX,yfinance,1d
2022-09-05,18159.19921875,18304.80078125,18154.44921875,18264.900390625,515800,NIFTY_FINANCIAL_SERVICES,NSE_INDEX,yfinance,1d
2022-09-06,18301.349609375,18385.69921875,18162.75,18197.900390625,807400,NIFTY_FINANCIAL_SERVICES,NSE_INDEX,yfinance,1d
2022-09-07,18052.0,18189.05078125,18043.25,18140.5,588700,NIFTY_FINANCIAL_SERVICES,NSE_INDEX,yfinance,1d
2022-09-08,18274.400390625,18426.94921875,18249.75,18409.44921875,695000,NIFTY_FINANCIAL_SERVICES,NSE_INDEX,yfinance,1d
2022-09-09,18537.25,18553.5,18353.75,18383.94921875,701700,NIFTY_FINANCIAL_SERVICES,NSE_INDEX,yfinance,1d
2022-09-12,18427.400390625,18494.5,18360.150390625,18437.599609375,599100,NIFTY_FINANCIAL_SERVICES,NSE_INDEX,yfinance,1d
2022-09-13,18571.05078125,18638.19921875,18544.599609375,18605.349609375,888000,NIFTY_FINANCIAL_SERVICES,NSE_INDEX,yfinance,1d
2022-09-14,18333.400390625,18857.80078125,18333.400390625,18745.599609375,908800,NIFTY_FINANCIAL_SERVICES,NSE_INDEX,yfinance,1d
2022-09-15,18800.75,18923.900390625,18609.94921875,18654.900390625,780100,NIFTY_FINANCIAL_SERVICES,NSE_INDEX,yfinance,1d
2022-09-16,18545.80078125,18599.25,18271.150390625,18372.05078125,1152900,NIFTY_FINANCIAL_SERVICES,NSE_INDEX,yfinance,1d
2022-09-19,18348.599609375,18576.0,18274.30078125,18492.599609375,675100,NIFTY_FINANCIAL_SERVICES,NSE_INDEX,yfinance,1d
2022-09-20,18656.900390625,18842.19921875,18614.5,18750.75,704200,NIFTY_FINANCIAL_SERVICES,NSE_INDEX,yfinance,1d
2022-09-21,18664.69921875,18774.150390625,18518.75,18662.150390625,531600,NIFTY_FINANCIAL_SERVICES,NSE_INDEX,yfinance,1d
2022-09-22,18504.94921875,18581.5,18274.94921875,18403.69921875,699200,NIFTY_FINANCIAL_SERVICES,NSE_INDEX,yfinance,1d
2022-09-23,18300.19921875,18342.55078125,17882.80078125,17947.25,786800,NIFTY_FINANCIAL_SERVICES,NSE_INDEX,yfinance,1d
2022-09-26,17723.19921875,17816.44921875,17511.150390625,17565.30078125,855800,NIFTY_FINANCIAL_SERVICES,NSE_INDEX,yfinance,1d
2022-09-27,17636.94921875,17737.150390625,17361.349609375,17424.05078125,786700,NIFTY_FINANCIAL_SERVICES,NSE_INDEX,yfinance,1d
2022-09-28,17301.05078125,17449.94921875,17155.349609375,17210.05078125,763700,NIFTY_FINANCIAL_SERVICES,NSE_INDEX,yfinance,1d
2022-09-29,17345.099609375,17411.80078125,17080.69921875,17123.0,893600,NIFTY_FINANCIAL_SERVICES,NSE_INDEX,yfinance,1d
2022-09-30,17095.150390625,17609.400390625,16983.75,17506.650390625,928700,NIFTY_FINANCIAL_SERVICES,NSE_INDEX,yfinance,1d
2022-10-03,17438.349609375,17495.75,17232.30078125,17270.19921875,607100,NIFTY_FINANCIAL_SERVICES,NSE_INDEX,yfinance,1d
2022-10-04,17564.099609375,17761.30078125,17525.650390625,17741.05078125,581500,NIFTY_FINANCIAL_SERVICES,NSE_INDEX,yfinance,1d
2022-10-06,17830.44921875,17900.44921875,17730.75,17749.05078125,704100,NIFTY_FINANCIAL_SERVICES,NSE_INDEX,yfinance,1d
2022-10-07,17663.55078125,17737.75,17579.099609375,17707.0,579900,NIFTY_FINANCIAL_SERVICES,NSE_INDEX,yfinance,1d
2022-10-10,17488.55078125,17720.599609375,17409.80078125,17626.5,627800,NIFTY_FINANCIAL_SERVICES,NSE_INDEX,yfinance,1d
2022-10-11,17591.5,17675.05078125,17414.94921875,17455.19921875,685800,NIFTY_FINANCIAL_SERVICES,NSE_INDEX,yfinance,1d
2022-10-12,17472.650390625,17624.44921875,17421.650390625,17603.849609375,746800,NIFTY_FINANCIAL_SERVICES,NSE_INDEX,yfinance,1d
2022-10-13,17520.05078125,17552.19921875,17316.69921875,17389.44921875,704900,NIFTY_FINANCIAL_SERVICES,NSE_INDEX,yfinance,1d
2022-10-14,17726.150390625,17820.25,17646.150390625,17705.5,572700,NIFTY_FINANCIAL_SERVICES,NSE_INDEX,yfinance,1d
2022-10-17,17680.75,17929.25,17624.849609375,17908.900390625,667000,NIFTY_FINANCIAL_SERVICES,NSE_INDEX,yfinance,1d
2022-10-18,18038.0,18080.05078125,17961.05078125,18021.30078125,793000,NIFTY_FINANCIAL_SERVICES,NSE_INDEX,yfinance,1d
2022-10-19,18163.25,18227.05078125,18030.5,18093.75,624000,NIFTY_FINANCIAL_SERVICES,NSE_INDEX,yfinance,1d
2022-10-20,17980.94921875,18086.5,17912.25,18057.25,608300,NIFTY_FINANCIAL_SERVICES,NSE_INDEX,yfinance,1d
2022-10-21,18154.849609375,18300.849609375,18115.05078125,18194.099609375,1288800,NIFTY_FINANCIAL_SERVICES,NSE_INDEX,yfinance,1d
2022-10-24,18442.5,18476.69921875,18393.94921875,18424.75,177200,NIFTY_FINANCIAL_SERVICES,NSE_INDEX,yfinance,1d
2022-10-25,18504.05078125,18515.44921875,18245.099609375,18280.900390625,931100,NIFTY_FINANCIAL_SERVICES,NSE_INDEX,yfinance,1d
2022-10-27,18441.400390625,18456.400390625,18281.05078125,18334.05078125,1082900,NIFTY_FINANCIAL_SERVICES,NSE_INDEX,yfinance,1d
2022-10-28,18313.650390625,18450.75,18218.599609375,18284.30078125,888700,NIFTY_FINANCIAL_SERVICES,NSE_INDEX,yfinance,1d
2022-10-31,18416.650390625,18554.5,18385.150390625,18538.30078125,786000,NIFTY_FINANCIAL_SERVICES,NSE_INDEX,yfinance,1d
2022-11-01,18641.94921875,18734.55078125,18558.19921875,18606.400390625,966500,NIFTY_FINANCIAL_SERVICES,NSE_INDEX,yfinance,1d
2022-11-02,18670.0,18687.400390625,18542.150390625,18577.150390625,669100,NIFTY_FINANCIAL_SERVICES,NSE_INDEX,yfinance,1d
2022-11-03,18439.0,18654.150390625,18434.150390625,18582.25,760000,NIFTY_FINANCIAL_SERVICES,NSE_INDEX,yfinance,1d
2022-11-04,18568.69921875,18692.44921875,18515.25,18599.69921875,818400,NIFTY_FINANCIAL_SERVICES,NSE_INDEX,yfinance,1d
2022-11-07,18751.55078125,18767.900390625,18580.75,18739.25,1089000,NIFTY_FINANCIAL_SERVICES,NSE_INDEX,yfinance,1d
2022-11-09,18804.099609375,18823.5,18646.099609375,18689.349609375,728200,NIFTY_FINANCIAL_SERVICES,NSE_INDEX,yfinance,1d
2022-11-10,18566.599609375,18636.099609375,18493.25,18604.599609375,860000,NIFTY_FINANCIAL_SERVICES,NSE_INDEX,yfinance,1d
2022-11-11,18853.900390625,19117.69921875,18795.94921875,19007.900390625,1421500,NIFTY_FINANCIAL_SERVICES,NSE_INDEX,yfinance,1d
2022-11-14,19028.900390625,19062.0,18920.25,18970.849609375,667300,NIFTY_FINANCIAL_SERVICES,NSE_INDEX,yfinance,1d
2022-11-15,19032.75,19118.400390625,18946.44921875,19083.599609375,646200,NIFTY_FINANCIAL_SERVICES,NSE_INDEX,yfinance,1d
2022-11-16,19054.0,19192.55078125,19013.69921875,19148.349609375,731300,NIFTY_FINANCIAL_SERVICES,NSE_INDEX,yfinance,1d
2022-11-17,19079.099609375,19193.400390625,19043.80078125,19077.0,754300,NIFTY_FINANCIAL_SERVICES,NSE_INDEX,yfinance,1d
2022-11-18,19112.44921875,19134.349609375,18971.099609375,19070.94921875,791600,NIFTY_FINANCIAL_SERVICES,NSE_INDEX,yfinance,1d
2022-11-21,18993.900390625,19024.400390625,18902.599609375,18949.599609375,580400,NIFTY_FINANCIAL_SERVICES,NSE_INDEX,yfinance,1d
2022-11-22,18987.69921875,19000.400390625,18940.19921875,18973.19921875,611900,NIFTY_FINANCIAL_SERVICES,NSE_INDEX,yfinance,1d
2022-11-23,19069.900390625,19128.099609375,19019.75,19069.099609375,713800,NIFTY_FINANCIAL_SERVICES,NSE_INDEX,yfinance,1d
2022-11-24,19124.69921875,19318.55078125,19096.80078125,19277.0,944000,NIFTY_FINANCIAL_SERVICES,NSE_INDEX,yfinance,1d
2022-11-25,19324.900390625,19340.94921875,19165.25,19216.900390625,1151000,NIFTY_FINANCIAL_SERVICES,NSE_INDEX,yfinance,1d
2022-11-28,19096.44921875,19257.599609375,19091.94921875,19200.19921875,1009300,NIFTY_FINANCIAL_SERVICES,NSE_INDEX,yfinance,1d
2022-11-29,19176.44921875,19320.0,19176.44921875,19231.44921875,734200,NIFTY_FINANCIAL_SERVICES,NSE_INDEX,yfinance,1d
2022-11-30,19266.69921875,19407.69921875,19197.55078125,19358.849609375,1035600,NIFTY_FINANCIAL_SERVICES,NSE_INDEX,yfinance,1d
2022-12-01,19480.650390625,19483.05078125,19307.099609375,19369.05078125,893100,NIFTY_FINANCIAL_SERVICES,NSE_INDEX,yfinance,1d
2022-12-02,19232.30078125,19292.55078125,19193.0,19249.55078125,646900,NIFTY_FINANCIAL_SERVICES,NSE_INDEX,yfinance,1d
2022-12-05,19300.400390625,19319.349609375,19165.150390625,19297.30078125,729100,NIFTY_FINANCIAL_SERVICES,NSE_INDEX,yfinance,1d
2022-12-06,19174.30078125,19256.94921875,19174.30078125,19242.30078125,732500,NIFTY_FINANCIAL_SERVICES,NSE_INDEX,yfinance,1d
2022-12-07,19247.19921875,19303.30078125,19139.44921875,19180.44921875,920000,NIFTY_FINANCIAL_SERVICES,NSE_INDEX,yfinance,1d
2022-12-08,19185.150390625,19312.69921875,19156.55078125,19292.400390625,972900,NIFTY_FINANCIAL_SERVICES,NSE_INDEX,yfinance,1d
2022-12-09,19362.400390625,19367.849609375,19200.19921875,19290.349609375,745600,NIFTY_FINANCIAL_SERVICES,NSE_INDEX,yfinance,1d
2022-12-12,19191.55078125,19357.349609375,19148.69921875,19313.80078125,693600,NIFTY_FINANCIAL_SERVICES,NSE_INDEX,yfinance,1d
2022-12-13,19346.25,19429.94921875,19336.44921875,19409.849609375,731000,NIFTY_FINANCIAL_SERVICES,NSE_INDEX,yfinance,1d
2022-12-14,19465.900390625,19515.900390625,19433.599609375,19466.0,784200,NIFTY_FINANCIAL_SERVICES,NSE_INDEX,yfinance,1d
2022-12-15,19421.150390625,19477.19921875,19171.099609375,19216.0,732100,NIFTY_FINANCIAL_SERVICES,NSE_INDEX,yfinance,1d
2022-12-16,19106.0,19220.349609375,19030.75,19111.94921875,711100,NIFTY_FINANCIAL_SERVICES,NSE_INDEX,yfinance,1d
2022-12-19,19153.5,19295.900390625,19100.19921875,19277.69921875,515500,NIFTY_FINANCIAL_SERVICES,NSE_INDEX,yfinance,1d
2022-12-20,19149.5,19245.94921875,19068.150390625,19222.30078125,529800,NIFTY_FINANCIAL_SERVICES,NSE_INDEX,yfinance,1d
2022-12-21,19283.400390625,19329.0,18839.0,18925.19921875,693400,NIFTY_FINANCIAL_SERVICES,NSE_INDEX,yfinance,1d
2022-12-22,19026.150390625,19053.75,18787.150390625,18858.599609375,773600,NIFTY_FINANCIAL_SERVICES,NSE_INDEX,yfinance,1d
2022-12-23,18675.69921875,18779.25,18571.94921875,18595.599609375,820600,NIFTY_FINANCIAL_SERVICES,NSE_INDEX,yfinance,1d
2022-12-27,19002.05078125,19036.849609375,18838.30078125,19011.19921875,474700,NIFTY_FINANCIAL_SERVICES,NSE_INDEX,yfinance,1d
2022-12-28,18956.30078125,19042.599609375,18940.55078125,18982.849609375,520000,NIFTY_FINANCIAL_SERVICES,NSE_INDEX,yfinance,1d
2022-12-29,18903.150390625,19179.150390625,18796.94921875,19090.599609375,853900,NIFTY_FINANCIAL_SERVICES,NSE_INDEX,yfinance,1d
2022-12-30,19161.94921875,19166.69921875,18922.30078125,18981.19921875,725500,NIFTY_FINANCIAL_SERVICES,NSE_INDEX,yfinance,1d
2023-01-02,18982.5,19123.5,18937.150390625,19074.44921875,610114100,NIFTY_FINANCIAL_SERVICES,NSE_INDEX,yfinance,1d
2023-01-03,19041.55078125,19219.55078125,19041.55078125,19196.05078125,1117600,NIFTY_FINANCIAL_SERVICES,NSE_INDEX,yfinance,1d
2023-01-04,19172.599609375,19257.05078125,18966.75,19007.0,858400,NIFTY_FINANCIAL_SERVICES,NSE_INDEX,yfinance,1d
2023-01-05,19042.150390625,19045.19921875,18670.150390625,18782.19921875,896500,NIFTY_FINANCIAL_SERVICES,NSE_INDEX,yfinance,1d
2023-01-06,18808.650390625,18816.44921875,18500.099609375,18603.75,1013300,NIFTY_FINANCIAL_SERVICES,NSE_INDEX,yfinance,1d
2023-01-09,18687.599609375,18805.099609375,18608.05078125,18731.55078125,914100,NIFTY_FINANCIAL_SERVICES,NSE_INDEX,yfinance,1d
2023-01-10,18758.19921875,18771.599609375,18412.400390625,18474.05078125,800500,NIFTY_FINANCIAL_SERVICES,NSE_INDEX,yfinance,1d
2023-01-11,18485.80078125,18608.94921875,18347.30078125,18566.599609375,739100,NIFTY_FINANCIAL_SERVICES,NSE_INDEX,yfinance,1d
2023-01-12,18571.099609375,18632.349609375,18411.55078125,18540.05078125,771900,NIFTY_FINANCIAL_SERVICES,NSE_INDEX,yfinance,1d
2023-01-13,18567.150390625,18682.44921875,18453.900390625,18646.19921875,762500,NIFTY_FINANCIAL_SERVICES,NSE_INDEX,yfinance,1d
2023-01-16,18763.099609375,18794.849609375,18461.05078125,18506.25,684700,NIFTY_FINANCIAL_SERVICES,NSE_INDEX,yfinance,1d
2023-01-17,18531.19921875,18632.44921875,18447.19921875,18604.25,742200,NIFTY_FINANCIAL_SERVICES,NSE_INDEX,yfinance,1d
2023-01-18,18617.099609375,18785.19921875,18560.099609375,18753.5,783300,NIFTY_FINANCIAL_SERVICES,NSE_INDEX,yfinance,1d
2023-01-19,18740.150390625,18797.0,18685.0,18739.69921875,587100,NIFTY_FINANCIAL_SERVICES,NSE_INDEX,yfinance,1d
2023-01-20,18799.75,18873.0,18751.69921875,18772.400390625,694600,NIFTY_FINANCIAL_SERVICES,NSE_INDEX,yfinance,1d
2023-01-23,18897.30078125,18961.849609375,18843.349609375,18887.5,695300,NIFTY_FINANCIAL_SERVICES,NSE_INDEX,yfinance,1d
2023-01-24,18957.55078125,19003.80078125,18844.900390625,18890.0,802200,NIFTY_FINANCIAL_SERVICES,NSE_INDEX,yfinance,1d
2023-01-25,18869.099609375,18886.099609375,18447.05078125,18488.55078125,1099700,NIFTY_FINANCIAL_SERVICES,NSE_INDEX,yfinance,1d
2023-01-27,18372.650390625,18383.55078125,17916.55078125,18030.849609375,1823600,NIFTY_FINANCIAL_SERVICES,NSE_INDEX,yfinance,1d
2023-01-30,17836.099609375,18175.650390625,17707.44921875,18091.25,1551200,NIFTY_FINANCIAL_SERVICES,NSE_INDEX,yfinance,1d
2023-01-31,18155.099609375,18175.69921875,17950.5,18095.0,1279200,NIFTY_FINANCIAL_SERVICES,NSE_INDEX,yfinance,1d
2023-02-01,18294.900390625,18658.650390625,17715.650390625,18084.80078125,1954000,NIFTY_FINANCIAL_SERVICES,NSE_INDEX,yfinance,1d
2023-02-02,17839.5,18085.599609375,17747.900390625,18022.150390625,1390700,NIFTY_FINANCIAL_SERVICES,NSE_INDEX,yfinance,1d
2023-02-03,18132.150390625,18462.150390625,18074.650390625,18447.650390625,1101900,NIFTY_FINANCIAL_SERVICES,NSE_INDEX,yfinance,1d
2023-02-06,18440.80078125,18510.19921875,18296.849609375,18371.599609375,883300,NIFTY_FINANCIAL_SERVICES,NSE_INDEX,yfinance,1d
2023-02-07,18421.650390625,18455.94921875,18242.900390625,18395.650390625,771400,NIFTY_FINANCIAL_SERVICES,NSE_INDEX,yfinance,1d
2023-02-08,18415.5,18566.75,18405.349609375,18485.94921875,735400,NIFTY_FINANCIAL_SERVICES,NSE_INDEX,yfinance,1d
2023-02-09,18525.44921875,18538.0,18396.650390625,18511.80078125,724400,NIFTY_FINANCIAL_SERVICES,NSE_INDEX,yfinance,1d
2023-02-10,18476.25,18565.44921875,18463.900390625,18516.19921875,587800,NIFTY_FINANCIAL_SERVICES,NSE_INDEX,yfinance,1d
2023-02-13,18504.05078125,18540.099609375,18342.150390625,18428.94921875,694900,NIFTY_FINANCIAL_SERVICES,NSE_INDEX,yfinance,1d
2023-02-14,18483.849609375,18619.5,18425.599609375,18595.69921875,821900,NIFTY_FINANCIAL_SERVICES,NSE_INDEX,yfinance,1d
2023-02-15,18595.099609375,18663.0,18494.94921875,18636.94921875,695700,NIFTY_FINANCIAL_SERVICES,NSE_INDEX,yfinance,1d
2023-02-16,18714.05078125,18738.849609375,18541.849609375,18587.80078125,600600,NIFTY_FINANCIAL_SERVICES,NSE_INDEX,yfinance,1d
2023-02-17,18539.150390625,18555.80078125,18317.400390625,18434.099609375,627000,NIFTY_FINANCIAL_SERVICES,NSE_INDEX,yfinance,1d
2023-02-20,18473.599609375,18503.80078125,18208.55078125,18252.55078125,645400,NIFTY_FINANCIAL_SERVICES,NSE_INDEX,yfinance,1d
2023-02-21,18295.69921875,18378.349609375,18215.400390625,18262.44921875,780800,NIFTY_FINANCIAL_SERVICES,NSE_INDEX,yfinance,1d
2023-02-22,18186.05078125,18204.55078125,17905.19921875,17941.25,800700,NIFTY_FINANCIAL_SERVICES,NSE_INDEX,yfinance,1d
2023-02-23,17926.5,17984.650390625,17763.75,17912.099609375,826100,NIFTY_FINANCIAL_SERVICES,NSE_INDEX,yfinance,1d
2023-02-24,18022.25,18036.75,17827.94921875,17864.099609375,650800,NIFTY_FINANCIAL_SERVICES,NSE_INDEX,yfinance,1d
2023-02-27,17819.55078125,18037.0,17787.099609375,18001.400390625,666400,NIFTY_FINANCIAL_SERVICES,NSE_INDEX,yfinance,1d
2023-02-28,17969.69921875,18059.849609375,17909.44921875,17989.650390625,1000100,NIFTY_FINANCIAL_SERVICES,NSE_INDEX,yfinance,1d
2023-03-01,18083.5,18136.099609375,18037.94921875,18100.30078125,782100,NIFTY_FINANCIAL_SERVICES,NSE_INDEX,yfinance,1d
2023-03-02,18070.19921875,18144.150390625,17920.400390625,17946.94921875,750100,NIFTY_FINANCIAL_SERVICES,NSE_INDEX,yfinance,1d
2023-03-03,18070.349609375,18322.80078125,18024.25,18264.5,931600,NIFTY_FINANCIAL_SERVICES,NSE_INDEX,yfinance,1d
2023-03-06,18336.349609375,18466.19921875,18320.19921875,18369.55078125,1025900,NIFTY_FINANCIAL_SERVICES,NSE_INDEX,yfinance,1d
2023-03-08,18316.0,18410.900390625,18272.30078125,18393.19921875,1160700,NIFTY_FINANCIAL_SERVICES,NSE_INDEX,yfinance,1d
2023-03-09,18374.94921875,18445.69921875,18237.19921875,18255.5,1005100,NIFTY_FINANCIAL_SERVICES,NSE_INDEX,yfinance,1d
2023-03-10,18077.30078125,18088.0,17863.19921875,17927.75,956700,NIFTY_FINANCIAL_SERVICES,NSE_INDEX,yfinance,1d
2023-03-13,17907.55078125,18079.0,17584.0,17635.0,978700,NIFTY_FINANCIAL_SERVICES,NSE_INDEX,yfinance,1d
2023-03-14,17617.5,17717.650390625,17456.44921875,17545.75,1157100,NIFTY_FINANCIAL_SERVICES,NSE_INDEX,yfinance,1d
2023-03-15,17693.44921875,17746.25,17361.849609375,17410.75,1082900,NIFTY_FINANCIAL_SERVICES,NSE_INDEX,yfinance,1d
2023-03-16,17429.94921875,17564.44921875,17261.30078125,17463.900390625,1093400,NIFTY_FINANCIAL_SERVICES,NSE_INDEX,yfinance,1d
2023-03-17,17577.05078125,17728.849609375,17386.19921875,17671.400390625,1207000,NIFTY_FINANCIAL_SERVICES,NSE_INDEX,yfinance,1d
2023-03-20,17665.80078125,17665.80078125,17379.94921875,17549.75,1019400,NIFTY_FINANCIAL_SERVICES,NSE_INDEX,yfinance,1d
2023-03-21,17660.30078125,17830.349609375,17593.69921875,17806.80078125,1176000,NIFTY_FINANCIAL_SERVICES,NSE_INDEX,yfinance,1d
2023-03-22,17869.400390625,17895.5,17783.25,17863.44921875,0,NIFTY_FINANCIAL_SERVICES,NSE_INDEX,yfinance,1d
2023-03-23,17790.69921875,17967.05078125,17716.25,17746.55078125,969300,NIFTY_FINANCIAL_SERVICES,NSE_INDEX,yfinance,1d
2023-03-24,17688.650390625,17788.44921875,17579.94921875,17623.400390625,959900,NIFTY_FINANCIAL_SERVICES,NSE_INDEX,yfinance,1d
2023-03-27,17659.80078125,17727.94921875,17555.5,17616.05078125,969100,NIFTY_FINANCIAL_SERVICES,NSE_INDEX,yfinance,1d
2023-03-28,17668.44921875,17698.25,17589.150390625,17664.44921875,1052300,NIFTY_FINANCIAL_SERVICES,NSE_INDEX,yfinance,1d
2023-03-29,17702.94921875,17856.400390625,17693.94921875,17793.849609375,1331600,NIFTY_FINANCIAL_SERVICES,NSE_INDEX,yfinance,1d
2023-03-31,17924.150390625,18090.25,17903.69921875,18058.69921875,1203600,NIFTY_FINANCIAL_SERVICES,NSE_INDEX,yfinance,1d
2023-04-03,18096.650390625,18185.150390625,18041.75,18164.75,1107600,NIFTY_FINANCIAL_SERVICES,NSE_INDEX,yfinance,1d
2023-04-05,18221.25,18390.400390625,18197.599609375,18372.150390625,1107400,NIFTY_FINANCIAL_SERVICES,NSE_INDEX,yfinance,1d
2023-04-06,18345.650390625,18510.55078125,18303.80078125,18462.150390625,1822700,NIFTY_FINANCIAL_SERVICES,NSE_INDEX,yfinance,1d
2023-04-10,18487.400390625,18493.349609375,18348.19921875,18390.69921875,1404300,NIFTY_FINANCIAL_SERVICES,NSE_INDEX,yfinance,1d
2023-04-11,18518.69921875,18606.900390625,18447.400390625,18588.55078125,1654300,NIFTY_FINANCIAL_SERVICES,NSE_INDEX,yfinance,1d
2023-04-12,18618.44921875,18726.75,18587.05078125,18702.05078125,1092000,NIFTY_FINANCIAL_SERVICES,NSE_INDEX,yfinance,1d
2023-04-13,18718.900390625,18878.30078125,18661.900390625,18854.30078125,1478600,NIFTY_FINANCIAL_SERVICES,NSE_INDEX,yfinance,1d
2023-04-17,19103.5,19103.5,18665.05078125,18827.25,1485500,NIFTY_FINANCIAL_SERVICES,NSE_INDEX,yfinance,1d
2023-04-18,18890.0,18896.400390625,18718.349609375,18764.599609375,1348000,NIFTY_FINANCIAL_SERVICES,NSE_INDEX,yfinance,1d
2023-04-19,18783.349609375,18794.44921875,18704.19921875,18768.650390625,1113500,NIFTY_FINANCIAL_SERVICES,NSE_INDEX,yfinance,1d
2023-04-20,18793.5,18851.349609375,18733.75,18790.30078125,1033500,NIFTY_FINANCIAL_SERVICES,NSE_INDEX,yfinance,1d
2023-04-21,18786.349609375,18843.30078125,18671.55078125,18753.75,1135500,NIFTY_FINANCIAL_SERVICES,NSE_INDEX,yfinance,1d
2023-04-24,18910.400390625,19006.349609375,18822.650390625,18992.94921875,1456200,NIFTY_FINANCIAL_SERVICES,NSE_INDEX,yfinance,1d
2023-04-25,19010.5,19050.25,18934.30078125,18961.849609375,1897200,NIFTY_FINANCIAL_SERVICES,NSE_INDEX,yfinance,1d
2023-04-26,18929.150390625,19024.0,18859.849609375,19003.0,1230300,NIFTY_FINANCIAL_SERVICES,NSE_INDEX,yfinance,1d
2023-04-27,18976.69921875,19118.75,18970.69921875,19097.150390625,1317200,NIFTY_FINANCIAL_SERVICES,NSE_INDEX,yfinance,1d
2023-04-28,19109.44921875,19189.05078125,18977.75,19162.55078125,1485400,NIFTY_FINANCIAL_SERVICES,NSE_INDEX,yfinance,1d
2023-05-02,19229.5,19265.19921875,19168.05078125,19208.05078125,1361800,NIFTY_FINANCIAL_SERVICES,NSE_INDEX,yfinance,1d
2023-05-03,19151.55078125,19200.44921875,19091.80078125,19182.25,996800,NIFTY_FINANCIAL_SERVICES,NSE_INDEX,yfinance,1d
2023-05-04,19161.849609375,19501.19921875,19152.5,19479.349609375,1326900,NIFTY_FINANCIAL_SERVICES,NSE_INDEX,yfinance,1d
2023-05-05,19104.150390625,19306.75,18995.349609375,19023.849609375,1542700,NIFTY_FINANCIAL_SERVICES,NSE_INDEX,yfinance,1d
2023-05-08,19079.400390625,19353.400390625,19055.650390625,19303.94921875,1016100,NIFTY_FINANCIAL_SERVICES,NSE_INDEX,yfinance,1d
2023-05-09,19360.44921875,19424.900390625,19238.150390625,19274.69921875,1208600,NIFTY_FINANCIAL_SERVICES,NSE_INDEX,yfinance,1d
2023-05-10,19306.0,19356.150390625,19138.099609375,19337.150390625,1186900,NIFTY_FINANCIAL_SERVICES,NSE_INDEX,yfinance,1d
2023-05-11,19428.150390625,19517.650390625,19366.75,19401.5,1083600,NIFTY_FINANCIAL_SERVICES,NSE_INDEX,yfinance,1d
2023-05-12,19366.69921875,19556.349609375,19335.849609375,19507.150390625,1031700,NIFTY_FINANCIAL_SERVICES,NSE_INDEX,yfinance,1d
2023-05-15,19519.80078125,19631.849609375,19461.400390625,19583.19921875,852500,NIFTY_FINANCIAL_SERVICES,NSE_INDEX,yfinance,1d
2023-05-16,19584.55078125,19584.55078125,19392.650390625,19439.0,1394200,NIFTY_FINANCIAL_SERVICES,NSE_INDEX,yfinance,1d
2023-05-17,19460.69921875,19461.30078125,19206.400390625,19301.349609375,1130900,NIFTY_FINANCIAL_SERVICES,NSE_INDEX,yfinance,1d
2023-05-18,19421.75,19485.55078125,19332.05078125,19363.75,1508400,NIFTY_FINANCIAL_SERVICES,NSE_INDEX,yfinance,1d
2023-05-19,19443.19921875,19446.099609375,19266.849609375,19420.19921875,1151800,NIFTY_FINANCIAL_SERVICES,NSE_INDEX,yfinance,1d
2023-05-22,19405.400390625,19448.849609375,19310.75,19386.19921875,981000,NIFTY_FINANCIAL_SERVICES,NSE_INDEX,yfinance,1d
2023-05-23,19437.150390625,19465.349609375,19356.75,19397.80078125,950100,NIFTY_FINANCIAL_SERVICES,NSE_INDEX,yfinance,1d
2023-05-24,19309.099609375,19433.25,19227.150390625,19243.0,874400,NIFTY_FINANCIAL_SERVICES,NSE_INDEX,yfinance,1d
2023-05-25,19219.55078125,19255.900390625,19118.400390625,19239.30078125,984900,NIFTY_FINANCIAL_SERVICES,NSE_INDEX,yfinance,1d
2023-05-26,19276.5,19391.44921875,19200.650390625,19370.5,752000,NIFTY_FINANCIAL_SERVICES,NSE_INDEX,yfinance,1d
2023-05-29,19516.94921875,19614.099609375,19476.5,19532.69921875,1056100,NIFTY_FINANCIAL_SERVICES,NSE_INDEX,yfinance,1d
2023-05-30,19518.19921875,19636.900390625,19493.55078125,19606.05078125,1204400,NIFTY_FINANCIAL_SERVICES,NSE_INDEX,yfinance,1d
2023-05-31,19567.69921875,19572.55078125,19338.55078125,19445.75,2724900,NIFTY_FINANCIAL_SERVICES,NSE_INDEX,yfinance,1d
2023-06-01,19508.400390625,19509.099609375,19285.900390625,19322.69921875,1120300,NIFTY_FINANCIAL_SERVICES,NSE_INDEX,yfinance,1d
2023-06-02,19419.25,19435.349609375,19318.30078125,19368.19921875,951600,NIFTY_FINANCIAL_SERVICES,NSE_INDEX,yfinance,1d
2023-06-05,19453.5,19512.599609375,19426.05078125,19438.5,952400,NIFTY_FINANCIAL_SERVICES,NSE_INDEX,yfinance,1d
2023-06-06,19461.75,19516.75,19407.849609375,19479.650390625,1021600,NIFTY_FINANCIAL_SERVICES,NSE_INDEX,yfinance,1d
2023-06-07,19542.80078125,19556.05078125,19469.19921875,19538.099609375,925700,NIFTY_FINANCIAL_SERVICES,NSE_INDEX,yfinance,1d
2023-06-08,19494.75,19623.05078125,19403.19921875,19436.349609375,1193000,NIFTY_FINANCIAL_SERVICES,NSE_INDEX,yfinance,1d
2023-06-09,19455.30078125,19505.94921875,19391.30078125,19411.80078125,2436400,NIFTY_FINANCIAL_SERVICES,NSE_INDEX,yfinance,1d
2023-06-12,19440.75,19481.69921875,19377.5,19399.75,1080000,NIFTY_FINANCIAL_SERVICES,NSE_INDEX,yfinance,1d
2023-06-13,19372.099609375,19497.650390625,19372.05078125,19469.0,1209500,NIFTY_FINANCIAL_SERVICES,NSE_INDEX,yfinance,1d
2023-06-14,19512.5,19528.75,19403.5,19418.30078125,963400,NIFTY_FINANCIAL_SERVICES,NSE_INDEX,yfinance,1d
2023-06-15,19452.80078125,19457.599609375,19213.5,19228.650390625,1147600,NIFTY_FINANCIAL_SERVICES,NSE_INDEX,yfinance,1d
2023-06-16,19290.5,19519.80078125,19264.25,19456.900390625,1098800,NIFTY_FINANCIAL_SERVICES,NSE_INDEX,yfinance,1d
2023-06-19,19522.05078125,19533.05078125,19361.80078125,19425.900390625,1227400,NIFTY_FINANCIAL_SERVICES,NSE_INDEX,yfinance,1d
2023-06-20,19422.5,19525.94921875,19302.900390625,19502.900390625,1310300,NIFTY_FINANCIAL_SERVICES,NSE_INDEX,yfinance,1d
2023-06-21,19594.30078125,19660.099609375,19533.0,19635.94921875,1361300,NIFTY_FINANCIAL_SERVICES,NSE_INDEX,yfinance,1d
2023-06-22,19660.400390625,19741.80078125,19577.900390625,19594.349609375,1378500,NIFTY_FINANCIAL_SERVICES,NSE_INDEX,yfinance,1d
2023-06-23,19543.400390625,19624.650390625,19488.150390625,19515.05078125,857300,NIFTY_FINANCIAL_SERVICES,NSE_INDEX,yfinance,1d
2023-06-26,19532.900390625,19554.75,19456.30078125,19521.75,791700,NIFTY_FINANCIAL_SERVICES,NSE_INDEX,yfinance,1d
2023-06-27,19601.0,19809.150390625,19555.80078125,19788.5,1374200,NIFTY_FINANCIAL_SERVICES,NSE_INDEX,yfinance,1d
2023-06-28,19917.19921875,19954.900390625,19812.349609375,19895.150390625,1862700,NIFTY_FINANCIAL_SERVICES,NSE_INDEX,yfinance,1d
2023-06-30,20041.75,20077.80078125,19949.44921875,20057.69921875,1194900,NIFTY_FINANCIAL_SERVICES,NSE_INDEX,yfinance,1d
2023-07-03,20147.25,20398.75,20125.0,20253.75,1007300,NIFTY_FINANCIAL_SERVICES,NSE_INDEX,yfinance,1d
2023-07-04,20373.349609375,20577.25,20307.30078125,20413.400390625,1331900,NIFTY_FINANCIAL_SERVICES,NSE_INDEX,yfinance,1d
2023-07-05,20354.19921875,20395.75,20203.55078125,20246.19921875,1023600,NIFTY_FINANCIAL_SERVICES,NSE_INDEX,yfinance,1d
2023-07-06,20210.25,20314.400390625,20186.650390625,20270.150390625,1068300,NIFTY_FINANCIAL_SERVICES,NSE_INDEX,yfinance,1d
2023-07-07,20167.099609375,20246.400390625,20053.44921875,20086.900390625,769800,NIFTY_FINANCIAL_SERVICES,NSE_INDEX,yfinance,1d
2023-07-10,20097.650390625,20175.19921875,20014.099609375,20057.30078125,1031700,NIFTY_FINANCIAL_SERVICES,NSE_INDEX,yfinance,1d
2023-07-11,20112.599609375,20201.94921875,19940.900390625,19969.349609375,1411900,NIFTY_FINANCIAL_SERVICES,NSE_INDEX,yfinance,1d
2023-07-12,20035.94921875,20091.30078125,19893.05078125,19924.099609375,1649300,NIFTY_FINANCIAL_SERVICES,NSE_INDEX,yfinance,1d
2023-07-13,20091.19921875,20159.099609375,19991.900390625,20021.5,1265300,NIFTY_FINANCIAL_SERVICES,NSE_INDEX,yfinance,1d
2023-07-14,20117.55078125,20140.25,19937.400390625,20050.5,898900,NIFTY_FINANCIAL_SERVICES,NSE_INDEX,yfinance,1d
2023-07-17,20111.19921875,20339.5,19984.599609375,20301.25,1020700,NIFTY_FINANCIAL_SERVICES,NSE_INDEX,yfinance,1d
2023-07-18,20428.30078125,20476.25,20208.650390625,20262.55078125,1649800,NIFTY_FINANCIAL_SERVICES,NSE_INDEX,yfinance,1d
2023-07-19,20312.05078125,20388.44921875,20268.150390625,20377.30078125,1013300,NIFTY_FINANCIAL_SERVICES,NSE_INDEX,yfinance,1d
2023-07-20,20369.5,20613.0,20319.30078125,20584.349609375,1436600,NIFTY_FINANCIAL_SERVICES,NSE_INDEX,yfinance,1d
2023-07-21,20531.94921875,20653.44921875,20482.099609375,20534.30078125,1030400,NIFTY_FINANCIAL_SERVICES,NSE_INDEX,yfinance,1d
2023-07-24,20574.099609375,20611.349609375,20471.599609375,20502.75,1575000,NIFTY_FINANCIAL_SERVICES,NSE_INDEX,yfinance,1d
2023-07-25,20607.099609375,20608.0,20411.400390625,20530.099609375,1463100,NIFTY_FINANCIAL_SERVICES,NSE_INDEX,yfinance,1d
2023-07-26,20560.900390625,20627.30078125,20480.599609375,20540.80078125,880500,NIFTY_FINANCIAL_SERVICES,NSE_INDEX,yfinance,1d
2023-07-27,20656.900390625,20666.599609375,20330.349609375,20381.099609375,2182500,NIFTY_FINANCIAL_SERVICES,NSE_INDEX,yfinance,1d
2023-07-28,20339.80078125,20407.80078125,20195.599609375,20298.05078125,1391300,NIFTY_FINANCIAL_SERVICES,NSE_INDEX,yfinance,1d
2023-07-31,20303.599609375,20363.19921875,20213.349609375,20342.05078125,1137800,NIFTY_FINANCIAL_SERVICES,NSE_INDEX,yfinance,1d
2023-08-01,20369.05078125,20382.19921875,20268.349609375,20327.25,1281200,NIFTY_FINANCIAL_SERVICES,NSE_INDEX,yfinance,1d
2023-08-02,20172.650390625,20245.400390625,19957.349609375,20066.94921875,1332100,NIFTY_FINANCIAL_SERVICES,NSE_INDEX,yfinance,1d
2023-08-03,20000.05078125,20088.44921875,19731.150390625,19832.44921875,1675800,NIFTY_FINANCIAL_SERVICES,NSE_INDEX,yfinance,1d
2023-08-04,19931.099609375,20043.5,19851.5,19988.55078125,1757100,NIFTY_FINANCIAL_SERVICES,NSE_INDEX,yfinance,1d
2023-08-07,20062.650390625,20077.349609375,19971.099609375,20022.599609375,1660700,NIFTY_FINANCIAL_SERVICES,NSE_INDEX,yfinance,1d
2023-08-08,20048.30078125,20120.900390625,20012.599609375,20087.44921875,2024900,NIFTY_FINANCIAL_SERVICES,NSE_INDEX,yfinance,1d
2023-08-09,20104.80078125,20104.80078125,19908.599609375,20044.400390625,1151000,NIFTY_FINANCIAL_SERVICES,NSE_INDEX,yfinance,1d
2023-08-10,20009.349609375,20066.400390625,19846.650390625,19890.900390625,1451900,NIFTY_FINANCIAL_SERVICES,NSE_INDEX,yfinance,1d
2023-08-11,19913.5,19915.69921875,19699.900390625,19718.650390625,1569900,NIFTY_FINANCIAL_SERVICES,NSE_INDEX,yfinance,1d
2023-08-14,19647.099609375,19705.30078125,19527.05078125,19652.5,1264100,NIFTY_FINANCIAL_SERVICES,NSE_INDEX,yfinance,1d
2023-08-16,19486.25,19610.900390625,19424.19921875,19586.099609375,0,NIFTY_FINANCIAL_SERVICES,NSE_INDEX,yfinance,1d
2023-08-17,19565.900390625,19622.69921875,19496.400390625,19548.0,1674900,NIFTY_FINANCIAL_SERVICES,NSE_INDEX,yfinance,1d
2023-08-18,19461.650390625,19528.849609375,19436.849609375,19481.25,1098800,NIFTY_FINANCIAL_SERVICES,NSE_INDEX,yfinance,1d
2023-08-21,19511.44921875,19622.0,19470.80078125,19571.5,944700,NIFTY_FINANCIAL_SERVICES,NSE_INDEX,yfinance,1d
2023-08-22,19626.5,19657.599609375,19527.400390625,19551.75,1239400,NIFTY_FINANCIAL_SERVICES,NSE_INDEX,yfinance,1d
2023-08-23,19584.44921875,19744.099609375,19511.55078125,19731.94921875,1088700,NIFTY_FINANCIAL_SERVICES,NSE_INDEX,yfinance,1d
2023-08-24,19823.05078125,19927.05078125,19690.75,19717.849609375,1331100,NIFTY_FINANCIAL_SERVICES,NSE_INDEX,yfinance,1d
2023-08-25,19633.599609375,19705.0,19541.900390625,19651.55078125,1020100,NIFTY_FINANCIAL_SERVICES,NSE_INDEX,yfinance,1d
2023-08-28,19659.75,19797.44921875,19638.150390625,19759.650390625,946900,NIFTY_FINANCIAL_SERVICES,NSE_INDEX,yfinance,1d
2023-08-29,19836.5,19843.650390625,19765.25,19799.94921875,1129900,NIFTY_FINANCIAL_SERVICES,NSE_INDEX,yfinance,1d
2023-08-30,19899.30078125,19914.400390625,19666.849609375,19701.349609375,1006400,NIFTY_FINANCIAL_SERVICES,NSE_INDEX,yfinance,1d
2023-08-31,19719.099609375,19745.80078125,19566.19921875,19597.650390625,5056400,NIFTY_FINANCIAL_SERVICES,NSE_INDEX,yfinance,1d
2023-09-01,19598.05078125,19806.75,19545.69921875,19764.349609375,1519200,NIFTY_FINANCIAL_SERVICES,NSE_INDEX,yfinance,1d
2023-09-04,19867.25,19871.0,19701.0,19787.599609375,1118909000,NIFTY_FINANCIAL_SERVICES,NSE_INDEX,yfinance,1d
2023-09-05,19808.599609375,19817.05078125,19706.5,19754.75,1488400,NIFTY_FINANCIAL_SERVICES,NSE_INDEX,yfinance,1d
2023-09-06,19739.5,19811.05078125,19654.0,19759.0,1537900,NIFTY_FINANCIAL_SERVICES,NSE_INDEX,yfinance,1d
2023-09-07,19764.349609375,19977.349609375,19719.349609375,19960.69921875,1197100,NIFTY_FINANCIAL_SERVICES,NSE_INDEX,yfinance,1d
2023-09-08,19989.80078125,20221.349609375,19953.650390625,20138.099609375,2355800,NIFTY_FINANCIAL_SERVICES,NSE_INDEX,yfinance,1d
2023-09-11,20218.099609375,20329.30078125,20177.849609375,20305.30078125,1318300,NIFTY_FINANCIAL_SERVICES,NSE_INDEX,yfinance,1d
2023-09-12,20439.94921875,20440.05078125,20222.900390625,20303.849609375,1836100,NIFTY_FINANCIAL_SERVICES,NSE_INDEX,yfinance,1d
2023-09-13,20265.25,20430.150390625,20206.19921875,20386.75,1549700,NIFTY_FINANCIAL_SERVICES,NSE_INDEX,yfinance,1d
2023-09-14,20416.44921875,20468.05078125,20329.849609375,20408.19921875,1095500,NIFTY_FINANCIAL_SERVICES,NSE_INDEX,yfinance,1d
2023-09-15,20455.599609375,20573.25,20447.349609375,20531.349609375,1928900,NIFTY_FINANCIAL_SERVICES,NSE_INDEX,yfinance,1d
2023-09-18,20479.900390625,20509.599609375,20374.80078125,20408.25,1314900,NIFTY_FINANCIAL_SERVICES,NSE_INDEX,yfinance,1d
2023-09-20,20191.30078125,20267.650390625,20064.349609375,20104.5,1794500,NIFTY_FINANCIAL_SERVICES,NSE_INDEX,yfinance,1d
2023-09-21,20005.69921875,20032.0,19799.25,19814.94921875,1623800,NIFTY_FINANCIAL_SERVICES,NSE_INDEX,yfinance,1d
2023-09-22,19831.599609375,19931.94921875,19706.599609375,19732.94921875,1406400,NIFTY_FINANCIAL_SERVICES,NSE_INDEX,yfinance,1d
2023-09-25,19748.44921875,19913.0,19721.25,19842.599609375,969900,NIFTY_FINANCIAL_SERVICES,NSE_INDEX,yfinance,1d
2023-09-26,19821.150390625,19852.849609375,19771.69921875,19797.849609375,929900,NIFTY_FINANCIAL_SERVICES,NSE_INDEX,yfinance,1d
2023-09-27,19726.0,19799.0,19603.900390625,19772.55078125,1537000,NIFTY_FINANCIAL_SERVICES,NSE_INDEX,yfinance,1d
2023-09-28,19808.400390625,19828.44921875,19649.349609375,19675.55078125,1668700,NIFTY_FINANCIAL_SERVICES,NSE_INDEX,yfinance,1d
2023-09-29,19729.19921875,19880.599609375,19695.599609375,19811.099609375,1133600,NIFTY_FINANCIAL_SERVICES,NSE_INDEX,yfinance,1d
2023-10-03,19793.400390625,19795.0,19669.05078125,19733.69921875,1328100,NIFTY_FINANCIAL_SERVICES,NSE_INDEX,yfinance,1d
2023-10-04,19629.44921875,19655.150390625,19534.75,19578.05078125,1526100,NIFTY_FINANCIAL_SERVICES,NSE_INDEX,yfinance,1d
2023-10-05,19672.55078125,19762.75,19638.150390625,19678.599609375,1089800,NIFTY_FINANCIAL_SERVICES,NSE_INDEX,yfinance,1d
2023-10-06,19759.849609375,19856.75,19714.75,19818.19921875,843000,NIFTY_FINANCIAL_SERVICES,NSE_INDEX,yfinance,1d
2023-10-09,19698.44921875,19716.5,19569.599609375,19594.650390625,776700,NIFTY_FINANCIAL_SERVICES,NSE_INDEX,yfinance,1d
2023-10-10,19659.19921875,19879.25,19650.900390625,19834.849609375,1119200,NIFTY_FINANCIAL_SERVICES,NSE_INDEX,yfinance,1d
2023-10-11,19931.05078125,19985.150390625,19879.94921875,19929.75,1042200,NIFTY_FINANCIAL_SERVICES,NSE_INDEX,yfinance,1d
2023-10-12,19938.94921875,19972.69921875,19903.94921875,19945.69921875,782800,NIFTY_FINANCIAL_SERVICES,NSE_INDEX,yfinance,1d
2023-10-13,19836.75,19937.400390625,19788.400390625,19827.349609375,972400,NIFTY_FINANCIAL_SERVICES,NSE_INDEX,yfinance,1d
2023-10-16,19797.30078125,19863.94921875,19733.0,19814.5,747200,NIFTY_FINANCIAL_SERVICES,NSE_INDEX,yfinance,1d
2023-10-17,19980.05078125,19981.849609375,19918.80078125,19943.19921875,816900,NIFTY_FINANCIAL_SERVICES,NSE_INDEX,yfinance,1d
2023-10-18,19923.94921875,19926.94921875,19667.349609375,19687.19921875,845700,NIFTY_FINANCIAL_SERVICES,NSE_INDEX,yfinance,1d
2023-10-19,19533.80078125,19737.150390625,19500.650390625,19610.150390625,829900,NIFTY_FINANCIAL_SERVICES,NSE_INDEX,yfinance,1d
2023-10-20,19525.400390625,19664.30078125,19506.25,19606.25,729000,NIFTY_FINANCIAL_SERVICES,NSE_INDEX,yfinance,1d
2023-10-23,19646.25,19665.69921875,19350.30078125,19404.80078125,1021200,NIFTY_FINANCIAL_SERVICES,NSE_INDEX,yfinance,1d
2023-10-25,19460.400390625,19486.849609375,19192.25,19224.099609375,947300,NIFTY_FINANCIAL_SERVICES,NSE_INDEX,yfinance,1d
2023-10-26,19152.150390625,19161.400390625,18870.150390625,18922.69921875,1527200,NIFTY_FINANCIAL_SERVICES,NSE_INDEX,yfinance,1d
2023-10-27,19051.349609375,19154.19921875,19031.80078125,19129.150390625,903600,NIFTY_FINANCIAL_SERVICES,NSE_INDEX,yfinance,1d
2023-10-30,19095.599609375,19269.5,18964.150390625,19241.400390625,730800,NIFTY_FINANCIAL_SERVICES,NSE_INDEX,yfinance,1d
2023-10-31,19386.30078125,19386.69921875,19175.5,19204.599609375,1072200,NIFTY_FINANCIAL_SERVICES,NSE_INDEX,yfinance,1d
2023-11-01,19140.94921875,19196.55078125,19088.0,19144.599609375,974900,NIFTY_FINANCIAL_SERVICES,NSE_INDEX,yfinance,1d
2023-11-02,19277.650390625,19399.650390625,19194.599609375,19271.94921875,1601000,NIFTY_FINANCIAL_SERVICES,NSE_INDEX,yfinance,1d
2023-11-03,19404.349609375,19433.900390625,19356.650390625,19367.400390625,882900,NIFTY_FINANCIAL_SERVICES,NSE_INDEX,yfinance,1d
2023-11-06,19509.25,19548.19921875,19423.55078125,19537.55078125,972600,NIFTY_FINANCIAL_SERVICES,NSE_INDEX,yfinance,1d
2023-11-07,19552.19921875,19586.69921875,19356.349609375,19560.599609375,1176700,NIFTY_FINANCIAL_SERVICES,NSE_INDEX,yfinance,1d
2023-11-08,19574.349609375,19577.400390625,19456.05078125,19510.900390625,868800,NIFTY_FINANCIAL_SERVICES,NSE_INDEX,yfinance,1d
2023-11-09,19495.099609375,19566.900390625,19448.25,19491.94921875,1181200,NIFTY_FINANCIAL_SERVICES,NSE_INDEX,yfinance,1d
2023-11-10,19429.05078125,19608.19921875,19423.099609375,19571.05078125,796400,NIFTY_FINANCIAL_SERVICES,NSE_INDEX,yfinance,1d
2023-11-13,19606.0,19615.69921875,19479.900390625,19542.150390625,1371000,NIFTY_FINANCIAL_SERVICES,NSE_INDEX,yfinance,1d
2023-11-15,19759.099609375,19775.650390625,19690.30078125,19722.849609375,1301000,NIFTY_FINANCIAL_SERVICES,NSE_INDEX,yfinance,1d
2023-11-16,19688.599609375,19842.55078125,19640.0,19732.25,1022000,NIFTY_FINANCIAL_SERVICES,NSE_INDEX,yfinance,1d
2023-11-17,19496.94921875,19647.94921875,19469.849609375,19554.30078125,1458200,NIFTY_FINANCIAL_SERVICES,NSE_INDEX,yfinance,1d
2023-11-20,19552.80078125,19592.5,19483.099609375,19518.599609375,987300,NIFTY_FINANCIAL_SERVICES,NSE_INDEX,yfinance,1d
2023-11-21,19619.0,19635.400390625,19584.599609375,19612.099609375,1260000,NIFTY_FINANCIAL_SERVICES,NSE_INDEX,yfinance,1d
2023-11-22,19604.599609375,19615.69921875,19467.25,19566.30078125,1015400,NIFTY_FINANCIAL_SERVICES,NSE_INDEX,yfinance,1d
2023-11-23,19563.69921875,19642.400390625,19561.69921875,19587.25,789600,NIFTY_FINANCIAL_SERVICES,NSE_INDEX,yfinance,1d
2023-11-24,19595.44921875,19665.400390625,19576.94921875,19652.0,681700,NIFTY_FINANCIAL_SERVICES,NSE_INDEX,yfinance,1d
2023-11-28,19685.44921875,19739.400390625,19645.849609375,19702.650390625,939500,NIFTY_FINANCIAL_SERVICES,NSE_INDEX,yfinance,1d
2023-11-29,19786.75,20022.55078125,19766.150390625,20000.349609375,1029700,NIFTY_FINANCIAL_SERVICES,NSE_INDEX,yfinance,1d
2023-11-30,20051.599609375,20099.30078125,19903.349609375,20054.650390625,2192300,NIFTY_FINANCIAL_SERVICES,NSE_INDEX,yfinance,1d
2023-12-01,20096.69921875,20255.30078125,20074.150390625,20211.0,1660100,NIFTY_FINANCIAL_SERVICES,NSE_INDEX,yfinance,1d
2023-12-04,20571.30078125,20884.30078125,20493.05078125,20862.900390625,1949800,NIFTY_FINANCIAL_SERVICES,NSE_INDEX,yfinance,1d
2023-12-05,21068.05078125,21161.80078125,20938.25,21055.80078125,1933300,NIFTY_FINANCIAL_SERVICES,NSE_INDEX,yfinance,1d
2023-12-06,21161.150390625,21161.150390625,20993.5,21026.75,1349000,NIFTY_FINANCIAL_SERVICES,NSE_INDEX,yfinance,1d
2023-12-07,20992.44921875,21075.25,20911.05078125,21023.44921875,1403500,NIFTY_FINANCIAL_SERVICES,NSE_INDEX,yfinance,1d
2023-12-08,21007.05078125,21237.19921875,21006.30078125,21213.849609375,1436100,NIFTY_FINANCIAL_SERVICES,NSE_INDEX,yfinance,1d
2023-12-11,21192.650390625,21321.5,21162.44921875,21214.69921875,905600,NIFTY_FINANCIAL_SERVICES,NSE_INDEX,yfinance,1d
2023-12-12,21260.75,21277.75,21140.349609375,21173.25,1134700,NIFTY_FINANCIAL_SERVICES,NSE_INDEX,yfinance,1d
2023-12-13,21203.650390625,21208.69921875,21055.44921875,21171.19921875,1712400,NIFTY_FINANCIAL_SERVICES,NSE_INDEX,yfinance,1d
2023-12-14,21375.599609375,21562.19921875,21354.349609375,21461.25,1426100,NIFTY_FINANCIAL_SERVICES,NSE_INDEX,yfinance,1d
2023-12-15,21545.400390625,21570.94921875,21365.400390625,21529.75,2026800,NIFTY_FINANCIAL_SERVICES,NSE_INDEX,yfinance,1d
2023-12-18,21513.150390625,21535.44921875,21418.150390625,21444.900390625,986100,NIFTY_FINANCIAL_SERVICES,NSE_INDEX,yfinance,1d
2023-12-19,21476.849609375,21491.05078125,21337.150390625,21434.44921875,979200,NIFTY_FINANCIAL_SERVICES,NSE_INDEX,yfinance,1d
2023-12-20,21518.349609375,21552.349609375,21096.75,21201.25,1452800,NIFTY_FINANCIAL_SERVICES,NSE_INDEX,yfinance,1d
2023-12-21,21087.25,21359.25,20996.44921875,21326.0,1385800,NIFTY_FINANCIAL_SERVICES,NSE_INDEX,yfinance,1d
2023-12-22,21339.25,21413.5,21138.44921875,21197.150390625,1307200,NIFTY_FINANCIAL_SERVICES,NSE_INDEX,yfinance,1d
2023-12-26,21240.349609375,21303.599609375,21192.900390625,21261.650390625,1064500,NIFTY_FINANCIAL_SERVICES,NSE_INDEX,yfinance,1d
2023-12-27,21316.0,21491.69921875,21306.05078125,21465.69921875,963800,NIFTY_FINANCIAL_SERVICES,NSE_INDEX,yfinance,1d
2023-12-28,21555.349609375,21627.349609375,21490.80078125,21534.099609375,1598300,NIFTY_FINANCIAL_SERVICES,NSE_INDEX,yfinance,1d
2023-12-29,21461.5,21523.900390625,21417.400390625,21487.44921875,1573200,NIFTY_FINANCIAL_SERVICES,NSE_INDEX,yfinance,1d
2024-01-02,21453.69921875,21465.80078125,21299.099609375,21346.150390625,1206200,NIFTY_FINANCIAL_SERVICES,NSE_INDEX,yfinance,1d
2024-01-03,21362.150390625,21368.30078125,21216.55078125,21256.55078125,1049800,NIFTY_FINANCIAL_SERVICES,NSE_INDEX,yfinance,1d
2024-01-04,21346.75,21551.55078125,21329.099609375,21516.599609375,1374200,NIFTY_FINANCIAL_SERVICES,NSE_INDEX,yfinance,1d
2024-01-05,21529.94921875,21602.099609375,21380.400390625,21514.19921875,1052100,NIFTY_FINANCIAL_SERVICES,NSE_INDEX,yfinance,1d
2024-01-08,21511.94921875,21554.05078125,21270.150390625,21292.44921875,899400,NIFTY_FINANCIAL_SERVICES,NSE_INDEX,yfinance,1d
2024-01-09,21385.44921875,21479.44921875,21155.400390625,21197.25,1083300,NIFTY_FINANCIAL_SERVICES,NSE_INDEX,yfinance,1d
2024-01-10,21138.849609375,21256.94921875,21095.849609375,21224.30078125,907100,NIFTY_FINANCIAL_SERVICES,NSE_INDEX,yfinance,1d
2024-01-11,21299.25,21382.75,21170.80078125,21249.19921875,843900,NIFTY_FINANCIAL_SERVICES,NSE_INDEX,yfinance,1d
2024-01-12,21303.75,21371.94921875,21217.900390625,21300.69921875,932000,NIFTY_FINANCIAL_SERVICES,NSE_INDEX,yfinance,1d
2024-01-15,21374.5,21499.349609375,21336.69921875,21461.349609375,1111000,NIFTY_FINANCIAL_SERVICES,NSE_INDEX,yfinance,1d
2024-01-16,21444.05078125,21513.5,21415.0,21447.150390625,1134200,NIFTY_FINANCIAL_SERVICES,NSE_INDEX,yfinance,1d
2024-01-17,20733.69921875,21015.80078125,20486.900390625,20528.900390625,3102400,NIFTY_FINANCIAL_SERVICES,NSE_INDEX,yfinance,1d
2024-01-18,20245.94921875,20522.099609375,20194.75,20324.05078125,2362600,NIFTY_FINANCIAL_SERVICES,NSE_INDEX,yfinance,1d
2024-01-19,20510.349609375,20604.900390625,20371.150390625,20425.349609375,1835500,NIFTY_FINANCIAL_SERVICES,NSE_INDEX,yfinance,1d
2024-01-23,20735.5,20771.849609375,20081.30078125,20137.05078125,2807900,NIFTY_FINANCIAL_SERVICES,NSE_INDEX,yfinance,1d
2024-01-24,19878.55078125,20324.5,19878.55078125,20206.400390625,2202400,NIFTY_FINANCIAL_SERVICES,NSE_INDEX,yfinance,1d
2024-01-25,20204.150390625,20234.900390625,19941.30078125,20099.400390625,1851400,NIFTY_FINANCIAL_SERVICES,NSE_INDEX,yfinance,1d
2024-01-29,20246.400390625,20465.0,20235.75,20413.349609375,2025000,NIFTY_FINANCIAL_SERVICES,NSE_INDEX,yfinance,1d
2024-01-30,20392.150390625,20466.30078125,20242.69921875,20285.5,1654100,NIFTY_FINANCIAL_SERVICES,NSE_INDEX,yfinance,1d
2024-01-31,20249.25,20587.44921875,20160.55078125,20497.5,1655500,NIFTY_FINANCIAL_SERVICES,NSE_INDEX,yfinance,1d
2024-02-01,20555.94921875,20570.19921875,20355.69921875,20516.650390625,1309000,NIFTY_FINANCIAL_SERVICES,NSE_INDEX,yfinance,1d
2024-02-02,20661.05078125,20817.5,20408.30078125,20434.05078125,1324200,NIFTY_FINANCIAL_SERVICES,NSE_INDEX,yfinance,1d
2024-02-05,20441.349609375,20458.05078125,20260.0,20315.849609375,1335600,NIFTY_FINANCIAL_SERVICES,NSE_INDEX,yfinance,1d
2024-02-06,20351.80078125,20391.0,20240.55078125,20365.5,1405800,NIFTY_FINANCIAL_SERVICES,NSE_INDEX,yfinance,1d
2024-02-07,20463.44921875,20537.599609375,20357.849609375,20443.650390625,1836500,NIFTY_FINANCIAL_SERVICES,NSE_INDEX,yfinance,1d
2024-02-08,20496.650390625,20542.849609375,20021.349609375,20064.69921875,2084800,NIFTY_FINANCIAL_SERVICES,NSE_INDEX,yfinance,1d
2024-02-09,20037.849609375,20233.55078125,19958.599609375,20203.30078125,2026600,NIFTY_FINANCIAL_SERVICES,NSE_INDEX,yfinance,1d
2024-02-12,20198.400390625,20231.55078125,19822.05078125,19918.5,1349800,NIFTY_FINANCIAL_SERVICES,NSE_INDEX,yfinance,1d
2024-02-13,19984.30078125,20272.099609375,19920.05078125,20190.5,1464300,NIFTY_FINANCIAL_SERVICES,NSE_INDEX,yfinance,1d
2024-02-14,19976.650390625,20394.0,19941.099609375,20325.55078125,1552100,NIFTY_FINANCIAL_SERVICES,NSE_INDEX,yfinance,1d
2024-02-15,20372.19921875,20442.94921875,20205.349609375,20416.150390625,1130100,NIFTY_FINANCIAL_SERVICES,NSE_INDEX,yfinance,1d
2024-02-16,20526.0,20552.30078125,20401.900390625,20472.75,982700,NIFTY_FINANCIAL_SERVICES,NSE_INDEX,yfinance,1d
2024-02-20,20517.44921875,20818.19921875,20482.19921875,20800.849609375,1070900,NIFTY_FINANCIAL_SERVICES,NSE_INDEX,yfinance,1d
2024-02-21,20897.30078125,20897.30078125,20631.44921875,20686.75,1111700,NIFTY_FINANCIAL_SERVICES,NSE_INDEX,yfinance,1d
2024-02-22,20635.05078125,20712.0,20440.900390625,20665.900390625,1168700,NIFTY_FINANCIAL_SERVICES,NSE_INDEX,yfinance,1d
2024-02-23,20717.69921875,20794.650390625,20645.0,20677.099609375,876400,NIFTY_FINANCIAL_SERVICES,NSE_INDEX,yfinance,1d
2024-02-26,20585.849609375,20724.19921875,20585.25,20619.69921875,856200,NIFTY_FINANCIAL_SERVICES,NSE_INDEX,yfinance,1d
2024-02-27,20564.849609375,20631.30078125,20527.94921875,20552.900390625,1192100,NIFTY_FINANCIAL_SERVICES,NSE_INDEX,yfinance,1d
2024-02-28,20577.05078125,20627.900390625,20293.349609375,20340.400390625,898100,NIFTY_FINANCIAL_SERVICES,NSE_INDEX,yfinance,1d
2024-02-29,20306.849609375,20495.400390625,20234.75,20407.900390625,1547000,NIFTY_FINANCIAL_SERVICES,NSE_INDEX,yfinance,1d
2024-03-01,20446.099609375,20863.650390625,20446.099609375,20842.69921875,963000,NIFTY_FINANCIAL_SERVICES,NSE_INDEX,yfinance,1d
2024-03-04,20852.150390625,20959.80078125,20807.0,20927.25,1213100,NIFTY_FINANCIAL_SERVICES,NSE_INDEX,yfinance,1d
2024-03-05,20846.5,20958.25,20814.5,20854.5,1133700,NIFTY_FINANCIAL_SERVICES,NSE_INDEX,yfinance,1d
2024-03-06,20815.650390625,21064.75,20802.69921875,20986.150390625,1690000,NIFTY_FINANCIAL_SERVICES,NSE_INDEX,yfinance,1d
2024-03-07,21017.94921875,21063.80078125,20947.849609375,21005.849609375,1080100,NIFTY_FINANCIAL_SERVICES,NSE_INDEX,yfinance,1d
2024-03-11,21001.400390625,21020.400390625,20833.25,20862.55078125,1325800,NIFTY_FINANCIAL_SERVICES,NSE_INDEX,yfinance,1d
2024-03-12,20867.94921875,21069.849609375,20647.849609375,20897.5,1618400,NIFTY_FINANCIAL_SERVICES,NSE_INDEX,yfinance,1d
2024-03-13,20928.400390625,20960.44921875,20696.75,20758.19921875,1745100,NIFTY_FINANCIAL_SERVICES,NSE_INDEX,yfinance,1d
2024-03-14,20725.30078125,20864.19921875,20590.5,20725.900390625,1353100,NIFTY_FINANCIAL_SERVICES,NSE_INDEX,yfinance,1d
2024-03-15,20617.650390625,20706.44921875,20530.349609375,20644.30078125,2910400,NIFTY_FINANCIAL_SERVICES,NSE_INDEX,yfinance,1d
2024-03-18,20572.94921875,20703.25,20413.150390625,20626.650390625,877100,NIFTY_FINANCIAL_SERVICES,NSE_INDEX,yfinance,1d
2024-03-19,20552.5,20651.599609375,20541.30078125,20601.94921875,1213800,NIFTY_FINANCIAL_SERVICES,NSE_INDEX,yfinance,1d
2024-03-20,20591.0,20689.849609375,20362.80078125,20544.25,1275700,NIFTY_FINANCIAL_SERVICES,NSE_INDEX,yfinance,1d
2024-03-21,20692.44921875,20822.75,20656.849609375,20714.80078125,1340700,NIFTY_FINANCIAL_SERVICES,NSE_INDEX,yfinance,1d
2024-03-22,20693.75,20846.05078125,20667.349609375,20783.55078125,1198700,NIFTY_FINANCIAL_SERVICES,NSE_INDEX,yfinance,1d
2024-03-26,20629.599609375,20769.349609375,20629.25,20705.94921875,1390900,NIFTY_FINANCIAL_SERVICES,NSE_INDEX,yfinance,1d
2024-03-27,20737.25,20861.25,20737.25,20792.400390625,2208500,NIFTY_FINANCIAL_SERVICES,NSE_INDEX,yfinance,1d
2024-03-28,20809.400390625,21141.75,20809.349609375,20989.099609375,1509100,NIFTY_FINANCIAL_SERVICES,NSE_INDEX,yfinance,1d
2024-04-01,21108.75,21237.5,21100.19921875,21198.400390625,861200,NIFTY_FINANCIAL_SERVICES,NSE_INDEX,yfinance,1d
2024-04-02,21157.25,21220.44921875,21118.650390625,21150.94921875,1133500,NIFTY_FINANCIAL_SERVICES,NSE_INDEX,yfinance,1d
2024-04-03,21069.30078125,21261.25,21065.25,21197.25,1273400,NIFTY_FINANCIAL_SERVICES,NSE_INDEX,yfinance,1d
2024-04-04,21390.099609375,21457.44921875,21220.5,21373.5,1593300,NIFTY_FINANCIAL_SERVICES,NSE_INDEX,yfinance,1d
2024-04-05,21375.400390625,21579.650390625,21294.94921875,21556.650390625,1127700,NIFTY_FINANCIAL_SERVICES,NSE_INDEX,yfinance,1d
2024-04-08,21613.30078125,21669.150390625,21552.94921875,21604.5,917900,NIFTY_FINANCIAL_SERVICES,NSE_INDEX,yfinance,1d
2024-04-09,21716.55078125,21758.349609375,21625.150390625,21682.19921875,895600,NIFTY_FINANCIAL_SERVICES,NSE_INDEX,yfinance,1d
2024-04-10,21748.5,21754.25,21670.69921875,21717.69921875,990200,NIFTY_FINANCIAL_SERVICES,NSE_INDEX,yfinance,1d
2024-04-12,21584.94921875,21665.0,21484.349609375,21521.80078125,1112600,NIFTY_FINANCIAL_SERVICES,NSE_INDEX,yfinance,1d
2024-04-15,21292.650390625,21377.30078125,21130.349609375,21146.0,823600,NIFTY_FINANCIAL_SERVICES,NSE_INDEX,yfinance,1d
2024-04-16,20996.94921875,21145.94921875,20964.099609375,21099.25,934600,NIFTY_FINANCIAL_SERVICES,NSE_INDEX,yfinance,1d
2024-04-18,21142.75,21228.19921875,20862.0,20899.44921875,1244100,NIFTY_FINANCIAL_SERVICES,NSE_INDEX,yfinance,1d
2024-04-19,20758.94921875,21211.099609375,20694.349609375,21173.0,1100300,NIFTY_FINANCIAL_SERVICES,NSE_INDEX,yfinance,1d
2024-04-22,21409.099609375,21409.69921875,21194.44921875,21326.5,975900,NIFTY_FINANCIAL_SERVICES,NSE_INDEX,yfinance,1d
2024-04-23,21476.0,21477.25,21302.69921875,21334.19921875,876000,NIFTY_FINANCIAL_SERVICES,NSE_INDEX,yfinance,1d
2024-04-24,21391.0,21481.650390625,21361.30078125,21442.599609375,726200,NIFTY_FINANCIAL_SERVICES,NSE_INDEX,yfinance,1d
2024-04-25,21290.55078125,21612.900390625,21269.5,21545.349609375,2336100,NIFTY_FINANCIAL_SERVICES,NSE_INDEX,yfinance,1d
2024-04-26,21552.55078125,21552.55078125,21304.55078125,21354.05078125,1360000,NIFTY_FINANCIAL_SERVICES,NSE_INDEX,yfinance,1d
2024-04-29,21426.25,21832.0,21418.150390625,21811.19921875,1680200,NIFTY_FINANCIAL_SERVICES,NSE_INDEX,yfinance,1d
2024-04-30,21827.5,22073.69921875,21779.19921875,21841.150390625,2895400,NIFTY_FINANCIAL_SERVICES,NSE_INDEX,yfinance,1d
2024-05-02,21785.44921875,21967.900390625,21773.849609375,21873.69921875,2700700,NIFTY_FINANCIAL_SERVICES,NSE_INDEX,yfinance,1d
2024-05-03,22009.30078125,22136.599609375,21707.44921875,21797.400390625,1979500,NIFTY_FINANCIAL_SERVICES,NSE_INDEX,yfinance,1d
2024-05-06,21857.75,21890.75,21707.05078125,21743.69921875,2573600,NIFTY_FINANCIAL_SERVICES,NSE_INDEX,yfinance,1d
2024-05-07,21783.0,21807.75,21509.400390625,21543.5,1586400,NIFTY_FINANCIAL_SERVICES,NSE_INDEX,yfinance,1d
2024-05-08,21457.30078125,21528.19921875,21396.400390625,21428.349609375,1878800,NIFTY_FINANCIAL_SERVICES,NSE_INDEX,yfinance,1d
2024-05-09,21376.05078125,21475.25,21072.599609375,21093.5,1628600,NIFTY_FINANCIAL_SERVICES,NSE_INDEX,yfinance,1d
2024-05-10,21120.349609375,21270.69921875,21017.650390625,21094.150390625,1219800,NIFTY_FINANCIAL_SERVICES,NSE_INDEX,yfinance,1d
2024-05-13,21062.69921875,21288.55078125,20934.400390625,21249.80078125,1023400,NIFTY_FINANCIAL_SERVICES,NSE_INDEX,yfinance,1d
2024-05-14,21247.5,21317.55078125,21184.94921875,21254.55078125,910700,NIFTY_FINANCIAL_SERVICES,NSE_INDEX,yfinance,1d
2024-05-15,21281.099609375,21293.80078125,21125.150390625,21186.0,1080400,NIFTY_FINANCIAL_SERVICES,NSE_INDEX,yfinance,1d
2024-05-16,21308.05078125,21445.650390625,21093.849609375,21416.099609375,1512300,NIFTY_FINANCIAL_SERVICES,NSE_INDEX,yfinance,1d
2024-05-17,21354.44921875,21509.5,21320.099609375,21478.30078125,932500,NIFTY_FINANCIAL_SERVICES,NSE_INDEX,yfinance,1d
2024-05-21,21373.55078125,21495.80078125,21373.5,21438.19921875,1012400,NIFTY_FINANCIAL_SERVICES,NSE_INDEX,yfinance,1d
2024-05-22,21463.69921875,21463.69921875,21198.80078125,21326.69921875,1039000,NIFTY_FINANCIAL_SERVICES,NSE_INDEX,yfinance,1d
2024-05-23,21370.099609375,21759.19921875,21352.94921875,21731.650390625,1097300,NIFTY_FINANCIAL_SERVICES,NSE_INDEX,yfinance,1d
2024-05-24,21686.0,21890.650390625,21673.099609375,21852.30078125,1164900,NIFTY_FINANCIAL_SERVICES,NSE_INDEX,yfinance,1d
2024-05-27,21913.0,22143.44921875,21868.69921875,21965.599609375,1328700,NIFTY_FINANCIAL_SERVICES,NSE_INDEX,yfinance,1d
2024-05-28,22011.349609375,22056.099609375,21917.05078125,21982.150390625,1081200,NIFTY_FINANCIAL_SERVICES,NSE_INDEX,yfinance,1d
2024-05-29,21829.099609375,21914.400390625,21593.0,21620.44921875,1251300,NIFTY_FINANCIAL_SERVICES,NSE_INDEX,yfinance,1d
2024-05-30,21530.400390625,21740.44921875,21529.599609375,21597.30078125,1176900,NIFTY_FINANCIAL_SERVICES,NSE_INDEX,yfinance,1d
2024-05-31,21696.349609375,21786.80078125,21565.75,21718.30078125,2091900,NIFTY_FINANCIAL_SERVICES,NSE_INDEX,yfinance,1d
2024-06-03,22600.400390625,22660.05078125,22259.400390625,22596.400390625,2798500,NIFTY_FINANCIAL_SERVICES,NSE_INDEX,yfinance,1d
2024-06-04,22475.44921875,22475.44921875,20457.900390625,20819.5,5333400,NIFTY_FINANCIAL_SERVICES,NSE_INDEX,yfinance,1d
2024-06-05,21048.900390625,21785.30078125,20666.94921875,21682.599609375,3542100,NIFTY_FINANCIAL_SERVICES,NSE_INDEX,yfinance,1d
2024-06-06,21850.900390625,22034.900390625,21710.400390625,21894.900390625,2328400,NIFTY_FINANCIAL_SERVICES,NSE_INDEX,yfinance,1d
2024-06-07,21937.849609375,22224.94921875,21814.44921875,22165.80078125,1612700,NIFTY_FINANCIAL_SERVICES,NSE_INDEX,yfinance,1d
2024-06-10,22182.55078125,22326.55078125,22085.650390625,22154.849609375,1282100,NIFTY_FINANCIAL_SERVICES,NSE_INDEX,yfinance,1d
2024-06-11,22140.05078125,22220.69921875,22038.30078125,22125.44921875,1247400,NIFTY_FINANCIAL_SERVICES,NSE_INDEX,yfinance,1d
2024-06-12,22190.900390625,22376.75,22135.5,22232.400390625,1331500,NIFTY_FINANCIAL_SERVICES,NSE_INDEX,yfinance,1d
2024-06-13,22355.94921875,22386.80078125,22273.900390625,22296.69921875,1385400,NIFTY_FINANCIAL_SERVICES,NSE_INDEX,yfinance,1d
2024-06-14,22364.69921875,22446.900390625,22250.05078125,22411.94921875,1053100,NIFTY_FINANCIAL_SERVICES,NSE_INDEX,yfinance,1d
2024-06-18,22486.099609375,22633.849609375,22355.25,22585.349609375,1243400,NIFTY_FINANCIAL_SERVICES,NSE_INDEX,yfinance,1d
2024-06-19,22657.55078125,23154.25,22586.5,22943.94921875,1878000,NIFTY_FINANCIAL_SERVICES,NSE_INDEX,yfinance,1d
2024-06-20,23065.44921875,23068.75,22818.25,23035.30078125,1350100,NIFTY_FINANCIAL_SERVICES,NSE_INDEX,yfinance,1d
2024-06-21,23110.25,23110.400390625,22814.19921875,22991.55078125,2198600,NIFTY_FINANCIAL_SERVICES,NSE_INDEX,yfinance,1d
2024-06-24,22833.80078125,23098.099609375,22811.05078125,23071.25,968500,NIFTY_FINANCIAL_SERVICES,NSE_INDEX,yfinance,1d
2024-06-25,23101.30078125,23577.5,23098.05078125,23510.650390625,1741200,NIFTY_FINANCIAL_SERVICES,NSE_INDEX,yfinance,1d
2024-06-26,23518.849609375,23638.80078125,23402.099609375,23592.69921875,1276600,NIFTY_FINANCIAL_SERVICES,NSE_INDEX,yfinance,1d
2024-06-27,23638.19921875,23763.19921875,23504.44921875,23624.849609375,1703800,NIFTY_FINANCIAL_SERVICES,NSE_INDEX,yfinance,1d
2024-06-28,23644.19921875,23711.05078125,23379.55078125,23420.30078125,1036000,NIFTY_FINANCIAL_SERVICES,NSE_INDEX,yfinance,1d
2024-07-01,23418.5,23660.25,23361.099609375,23631.05078125,0,NIFTY_FINANCIAL_SERVICES,NSE_INDEX,yfinance,1d
2024-07-02,23732.55078125,23749.25,23395.94921875,23500.849609375,0,NIFTY_FINANCIAL_SERVICES,NSE_INDEX,yfinance,1d
2024-07-03,23847.19921875,23991.44921875,23692.75,23923.75,0,NIFTY_FINANCIAL_SERVICES,NSE_INDEX,yfinance,1d
2024-07-04,24044.25,24046.599609375,23808.94921875,23879.69921875,1245500,NIFTY_FINANCIAL_SERVICES,NSE_INDEX,yfinance,1d
2024-07-05,23640.400390625,23719.400390625,23496.849609375,23641.75,1280000,NIFTY_FINANCIAL_SERVICES,NSE_INDEX,yfinance,1d
2024-07-08,23615.599609375,23680.25,23476.80078125,23586.75,1155000,NIFTY_FINANCIAL_SERVICES,NSE_INDEX,yfinance,1d
2024-07-09,23566.25,23685.80078125,23523.599609375,23662.599609375,1108600,NIFTY_FINANCIAL_SERVICES,NSE_INDEX,yfinance,1d
2024-07-10,23647.5,23649.849609375,23478.0,23599.099609375,1550800,NIFTY_FINANCIAL_SERVICES,NSE_INDEX,yfinance,1d
2024-07-11,23652.400390625,23684.5,23388.25,23599.44921875,1007200,NIFTY_FINANCIAL_SERVICES,NSE_INDEX,yfinance,1d
2024-07-12,23606.94921875,23819.900390625,23553.0,23604.400390625,1085900,NIFTY_FINANCIAL_SERVICES,NSE_INDEX,yfinance,1d
2024-07-15,23627.75,23775.25,23556.19921875,23691.849609375,1181600,NIFTY_FINANCIAL_SERVICES,NSE_INDEX,yfinance,1d
2024-07-16,23696.0,23760.19921875,23628.849609375,23648.349609375,938500,NIFTY_FINANCIAL_SERVICES,NSE_INDEX,yfinance,1d
2024-07-18,23559.150390625,23838.5,23523.75,23783.5,1166500,NIFTY_FINANCIAL_SERVICES,NSE_INDEX,yfinance,1d
2024-07-19,23737.69921875,23762.05078125,23566.05078125,23596.349609375,849500,NIFTY_FINANCIAL_SERVICES,NSE_INDEX,yfinance,1d
2024-07-22,23543.19921875,23719.05078125,23450.80078125,23626.80078125,1086100,NIFTY_FINANCIAL_SERVICES,NSE_INDEX,yfinance,1d
2024-07-23,23710.30078125,23725.0,23111.05078125,23304.099609375,1636100,NIFTY_FINANCIAL_SERVICES,NSE_INDEX,yfinance,1d
2024-07-24,23224.099609375,23388.349609375,22969.19921875,23165.099609375,1553400,NIFTY_FINANCIAL_SERVICES,NSE_INDEX,yfinance,1d
2024-07-25,22921.599609375,23064.19921875,22866.150390625,23049.5,1215700,NIFTY_FINANCIAL_SERVICES,NSE_INDEX,yfinance,1d
2024-07-26,22941.150390625,23358.94921875,22934.0,23316.69921875,1398500,NIFTY_FINANCIAL_SERVICES,NSE_INDEX,yfinance,1d
2024-07-29,23371.0,23668.55078125,23222.150390625,23315.30078125,1776300,NIFTY_FINANCIAL_SERVICES,NSE_INDEX,yfinance,1d
2024-07-30,23298.900390625,23583.849609375,23208.349609375,23338.0,1491600,NIFTY_FINANCIAL_SERVICES,NSE_INDEX,yfinance,1d
2024-07-31,23364.94921875,23463.69921875,23348.150390625,23412.19921875,1140400,NIFTY_FINANCIAL_SERVICES,NSE_INDEX,yfinance,1d
2024-08-01,23462.80078125,23550.650390625,23387.650390625,23435.849609375,907700,NIFTY_FINANCIAL_SERVICES,NSE_INDEX,yfinance,1d
2024-08-02,23254.19921875,23476.849609375,23238.25,23365.900390625,1053100,NIFTY_FINANCIAL_SERVICES,NSE_INDEX,yfinance,1d
2024-08-05,22984.5,23086.150390625,22598.0,22762.69921875,1665100,NIFTY_FINANCIAL_SERVICES,NSE_INDEX,yfinance,1d
2024-08-06,22917.849609375,23078.900390625,22497.80078125,22520.099609375,1368900,NIFTY_FINANCIAL_SERVICES,NSE_INDEX,yfinance,1d
2024-08-07,22782.69921875,22857.94921875,22622.05078125,22804.75,1285200,NIFTY_FINANCIAL_SERVICES,NSE_INDEX,yfinance,1d
2024-08-08,22762.94921875,22988.849609375,22679.599609375,22838.400390625,994200,NIFTY_FINANCIAL_SERVICES,NSE_INDEX,yfinance,1d
2024-08-09,23044.25,23088.55078125,22945.599609375,22983.30078125,808900,NIFTY_FINANCIAL_SERVICES,NSE_INDEX,yfinance,1d
2024-08-12,22966.599609375,23158.400390625,22830.80078125,23028.55078125,917800,NIFTY_FINANCIAL_SERVICES,NSE_INDEX,yfinance,1d
2024-08-13,22919.5,22989.150390625,22574.5,22596.80078125,1122400,NIFTY_FINANCIAL_SERVICES,NSE_INDEX,yfinance,1d
2024-08-14,22636.400390625,22663.400390625,22518.849609375,22591.69921875,774100,NIFTY_FINANCIAL_SERVICES,NSE_INDEX,yfinance,1d
2024-08-16,22774.400390625,22997.099609375,22617.94921875,22976.19921875,823600,NIFTY_FINANCIAL_SERVICES,NSE_INDEX,yfinance,1d
2024-08-19,23062.400390625,23065.900390625,22872.0,22922.69921875,642400,NIFTY_FINANCIAL_SERVICES,NSE_INDEX,yfinance,1d
2024-08-20,22943.80078125,23247.19921875,22926.80078125,23178.150390625,1058200,NIFTY_FINANCIAL_SERVICES,NSE_INDEX,yfinance,1d
2024-08-21,23123.0,23170.400390625,23014.05078125,23143.650390625,1109500,NIFTY_FINANCIAL_SERVICES,NSE_INDEX,yfinance,1d
2024-08-22,23230.849609375,23283.849609375,23163.44921875,23247.150390625,641600,NIFTY_FINANCIAL_SERVICES,NSE_INDEX,yfinance,1d
2024-08-23,23275.150390625,23305.5,23199.94921875,23232.150390625,565100,NIFTY_FINANCIAL_SERVICES,NSE_INDEX,yfinance,1d
2024-08-26,23324.05078125,23437.44921875,23286.5,23386.19921875,676800,NIFTY_FINANCIAL_SERVICES,NSE_INDEX,yfinance,1d
2024-08-27,23402.900390625,23603.150390625,23280.400390625,23578.80078125,1345100,NIFTY_FINANCIAL_SERVICES,NSE_INDEX,yfinance,1d
2024-08-28,23557.599609375,23571.19921875,23481.25,23521.5,865400,NIFTY_FINANCIAL_SERVICES,NSE_INDEX,yfinance,1d
2024-08-29,23519.5,23675.55078125,23484.849609375,23581.69921875,1274700,NIFTY_FINANCIAL_SERVICES,NSE_INDEX,yfinance,1d
2024-08-30,23712.849609375,23718.19921875,23593.849609375,23637.900390625,3217100,NIFTY_FINANCIAL_SERVICES,NSE_INDEX,yfinance,1d
2024-09-02,23756.69921875,23766.400390625,23663.150390625,23727.55078125,912200,NIFTY_FINANCIAL_SERVICES,NSE_INDEX,yfinance,1d
2024-09-03,23764.900390625,23950.94921875,23595.05078125,23922.19921875,1217800,NIFTY_FINANCIAL_SERVICES,NSE_INDEX,yfinance,1d
2024-09-04,23772.099609375,23847.69921875,23742.400390625,23834.05078125,815500,NIFTY_FINANCIAL_SERVICES,NSE_INDEX,yfinance,1d
2024-09-05,23886.0,23921.599609375,23829.5,23859.5,802700,NIFTY_FINANCIAL_SERVICES,NSE_INDEX,yfinance,1d
2024-09-06,23750.80078125,23855.19921875,23473.0,23529.75,1454500,NIFTY_FINANCIAL_SERVICES,NSE_INDEX,yfinance,1d
2024-09-09,23524.05078125,23735.25,23441.55078125,23722.150390625,1158100,NIFTY_FINANCIAL_SERVICES,NSE_INDEX,yfinance,1d
2024-09-10,23806.94921875,23807.400390625,23559.19921875,23649.400390625,1070000,NIFTY_FINANCIAL_SERVICES,NSE_INDEX,yfinance,1d
2024-09-11,23625.69921875,23725.349609375,23542.400390625,23582.5,925000,NIFTY_FINANCIAL_SERVICES,NSE_INDEX,yfinance,1d
2024-09-12,23712.19921875,23990.25,23578.44921875,23945.599609375,1107200,NIFTY_FINANCIAL_SERVICES,NSE_INDEX,yfinance,1d
2024-09-13,24021.25,24021.25,23855.80078125,23979.55078125,892300,NIFTY_FINANCIAL_SERVICES,NSE_INDEX,yfinance,1d
2024-09-16,24034.349609375,24081.099609375,23932.69921875,23989.849609375,748000,NIFTY_FINANCIAL_SERVICES,NSE_INDEX,yfinance,1d
2024-09-17,24022.5,24049.69921875,23939.75,23991.55078125,931300,NIFTY_FINANCIAL_SERVICES,NSE_INDEX,yfinance,1d
2024-09-18,24006.25,24412.599609375,23998.25,24326.900390625,1219000,NIFTY_FINANCIAL_SERVICES,NSE_INDEX,yfinance,1d
2024-09-19,24399.55078125,24584.44921875,24333.25,24403.650390625,1248900,NIFTY_FINANCIAL_SERVICES,NSE_INDEX,yfinance,1d
2024-09-20,24488.099609375,24905.349609375,24407.69921875,24789.19921875,2224000,NIFTY_FINANCIAL_SERVICES,NSE_INDEX,yfinance,1d
2024-09-23,24857.94921875,24994.25,24790.900390625,24953.099609375,843400,NIFTY_FINANCIAL_SERVICES,NSE_INDEX,yfinance,1d
2024-09-24,24959.650390625,25038.19921875,24849.349609375,24883.650390625,956300,NIFTY_FINANCIAL_SERVICES,NSE_INDEX,yfinance,1d
2024-09-25,24814.94921875,25007.80078125,24813.55078125,24987.75,866400,NIFTY_FINANCIAL_SERVICES,NSE_INDEX,yfinance,1d
2024-09-26,24965.44921875,25201.94921875,24945.900390625,25155.44921875,1112000,NIFTY_FINANCIAL_SERVICES,NSE_INDEX,yfinance,1d
2024-09-27,25127.05078125,25127.05078125,24873.19921875,24907.94921875,1286300,NIFTY_FINANCIAL_SERVICES,NSE_INDEX,yfinance,1d
2024-09-30,24799.25,24851.25,24459.5,24480.30078125,1022000,NIFTY_FINANCIAL_SERVICES,NSE_INDEX,yfinance,1d
2024-10-01,24410.5,24609.099609375,24410.5,24477.44921875,954900,NIFTY_FINANCIAL_SERVICES,NSE_INDEX,yfinance,1d
2024-10-03,24215.25,24326.25,23819.80078125,23881.55078125,1405900,NIFTY_FINANCIAL_SERVICES,NSE_INDEX,yfinance,1d
2024-10-04,23795.30078125,24035.75,23560.0,23621.80078125,1199500,NIFTY_FINANCIAL_SERVICES,NSE_INDEX,yfinance,1d
2024-10-07,23641.400390625,23744.849609375,23120.5,23221.099609375,1932600,NIFTY_FINANCIAL_SERVICES,NSE_INDEX,yfinance,1d
2024-10-08,23311.69921875,23511.05078125,23213.55078125,23452.849609375,1162600,NIFTY_FINANCIAL_SERVICES,NSE_INDEX,yfinance,1d
2024-10-09,23518.150390625,23824.349609375,23467.55078125,23546.0,1655300,NIFTY_FINANCIAL_SERVICES,NSE_INDEX,yfinance,1d
2024-10-10,23631.25,23821.150390625,23572.05078125,23764.650390625,704700,NIFTY_FINANCIAL_SERVICES,NSE_INDEX,yfinance,1d
2024-10-11,23740.94921875,23762.599609375,23527.0,23612.55078125,636500,NIFTY_FINANCIAL_SERVICES,NSE_INDEX,yfinance,1d
2024-10-14,23654.150390625,23888.55078125,23630.75,23857.55078125,650500,NIFTY_FINANCIAL_SERVICES,NSE_INDEX,yfinance,1d
2024-10-15,23948.05078125,23954.5,23808.650390625,23863.44921875,748600,NIFTY_FINANCIAL_SERVICES,NSE_INDEX,yfinance,1d
2024-10-16,23805.349609375,23983.75,23805.30078125,23882.349609375,638800,NIFTY_FINANCIAL_SERVICES,NSE_INDEX,yfinance,1d
2024-10-17,23904.349609375,23924.5,23531.349609375,23583.75,775500,NIFTY_FINANCIAL_SERVICES,NSE_INDEX,yfinance,1d
2024-10-18,23550.80078125,23987.5,23428.900390625,23938.099609375,859700,NIFTY_FINANCIAL_SERVICES,NSE_INDEX,yfinance,1d
2024-10-21,24096.80078125,24213.80078125,23899.099609375,23954.69921875,886800,NIFTY_FINANCIAL_SERVICES,NSE_INDEX,yfinance,1d
2024-10-22,24000.400390625,24124.75,23662.849609375,23700.349609375,1124900,NIFTY_FINANCIAL_SERVICES,NSE_INDEX,yfinance,1d
2024-10-23,23597.25,23903.55078125,23597.05078125,23752.0,927500,NIFTY_FINANCIAL_SERVICES,NSE_INDEX,yfinance,1d
2024-10-24,23771.44921875,23965.75,23731.05078125,23854.150390625,737000,NIFTY_FINANCIAL_SERVICES,NSE_INDEX,yfinance,1d
2024-10-25,23910.30078125,23990.30078125,23551.05078125,23732.69921875,907800,NIFTY_FINANCIAL_SERVICES,NSE_INDEX,yfinance,1d
2024-10-28,23887.69921875,24033.55078125,23826.25,23861.849609375,1084700,NIFTY_FINANCIAL_SERVICES,NSE_INDEX,yfinance,1d
2024-10-29,23877.94921875,24379.94921875,23799.80078125,24357.80078125,1380600,NIFTY_FINANCIAL_SERVICES,NSE_INDEX,yfinance,1d
2024-10-30,24208.5,24308.900390625,23994.55078125,24037.400390625,997400,NIFTY_FINANCIAL_SERVICES,NSE_INDEX,yfinance,1d
2024-10-31,23966.849609375,24058.05078125,23804.80078125,23886.55078125,890900,NIFTY_FINANCIAL_SERVICES,NSE_INDEX,yfinance,1d
2024-11-01,23920.94921875,24019.44921875,23878.150390625,23947.599609375,72600,NIFTY_FINANCIAL_SERVICES,NSE_INDEX,yfinance,1d
2024-11-04,23997.900390625,23997.94921875,23606.900390625,23660.25,840700,NIFTY_FINANCIAL_SERVICES,NSE_INDEX,yfinance,1d
2024-11-05,23579.099609375,24174.0,23419.80078125,24128.900390625,1242800,NIFTY_FINANCIAL_SERVICES,NSE_INDEX,yfinance,1d
2024-11-06,24218.349609375,24257.05078125,24097.94921875,24181.19921875,805500,NIFTY_FINANCIAL_SERVICES,NSE_INDEX,yfinance,1d
2024-11-07,24134.0,24194.599609375,23871.849609375,23966.599609375,667100,NIFTY_FINANCIAL_SERVICES,NSE_INDEX,yfinance,1d
2024-11-08,23948.5,24037.05078125,23801.55078125,23834.55078125,775800,NIFTY_FINANCIAL_SERVICES,NSE_INDEX,yfinance,1d
2024-11-11,23828.69921875,24145.25,23727.849609375,23959.94921875,947800,NIFTY_FINANCIAL_SERVICES,NSE_INDEX,yfinance,1d
2024-11-12,24050.69921875,24091.80078125,23486.25,23563.650390625,852600,NIFTY_FINANCIAL_SERVICES,NSE_INDEX,yfinance,1d
2024-11-13,23516.19921875,23632.349609375,23053.55078125,23138.400390625,915300,NIFTY_FINANCIAL_SERVICES,NSE_INDEX,yfinance,1d
2024-11-14,23100.150390625,23365.099609375,23089.55078125,23200.30078125,685400,NIFTY_FINANCIAL_SERVICES,NSE_INDEX,yfinance,1d
2024-11-18,23270.25,23347.900390625,23194.599609375,23257.69921875,709300,NIFTY_FINANCIAL_SERVICES,NSE_INDEX,yfinance,1d
2024-11-19,23361.599609375,23466.150390625,23289.849609375,23403.05078125,1244200,NIFTY_FINANCIAL_SERVICES,NSE_INDEX,yfinance,1d
2024-11-21,23416.19921875,23426.19921875,23094.849609375,23273.44921875,1380100,NIFTY_FINANCIAL_SERVICES,NSE_INDEX,yfinance,1d
2024-11-22,23324.69921875,23673.5,23319.30078125,23623.75,1117100,NIFTY_FINANCIAL_SERVICES,NSE_INDEX,yfinance,1d
2024-11-25,24037.650390625,24135.80078125,23931.94921875,24058.69921875,3363400,NIFTY_FINANCIAL_SERVICES,NSE_INDEX,yfinance,1d
2024-11-26,24229.75,24229.94921875,23954.0,24046.80078125,679400,NIFTY_FINANCIAL_SERVICES,NSE_INDEX,yfinance,1d
2024-11-27,24040.94921875,24201.650390625,24012.5,24171.55078125,766700,NIFTY_FINANCIAL_SERVICES,NSE_INDEX,yfinance,1d
2024-11-28,24211.900390625,24378.05078125,23854.69921875,23919.599609375,1207100,NIFTY_FINANCIAL_SERVICES,NSE_INDEX,yfinance,1d
2024-11-29,23968.150390625,24035.44921875,23853.5,24010.150390625,849000,NIFTY_FINANCIAL_SERVICES,NSE_INDEX,yfinance,1d
2024-12-02,24033.400390625,24101.150390625,23854.80078125,24072.650390625,630100,NIFTY_FINANCIAL_SERVICES,NSE_INDEX,yfinance,1d
2024-12-03,24199.5,24347.80078125,24138.75,24296.55078125,986200,NIFTY_FINANCIAL_SERVICES,NSE_INDEX,yfinance,1d
2024-12-04,24339.19921875,24615.599609375,24314.099609375,24562.599609375,1062000,NIFTY_FINANCIAL_SERVICES,NSE_INDEX,yfinance,1d
2024-12-05,24596.94921875,24874.849609375,24336.0,24731.25,994800,NIFTY_FINANCIAL_SERVICES,NSE_INDEX,yfinance,1d
2024-12-06,24731.849609375,24830.849609375,24562.900390625,24703.69921875,801100,NIFTY_FINANCIAL_SERVICES,NSE_INDEX,yfinance,1d
2024-12-09,24648.19921875,24856.75,24626.400390625,24722.599609375,698400,NIFTY_FINANCIAL_SERVICES,NSE_INDEX,yfinance,1d
2024-12-10,24754.44921875,24838.44921875,24681.400390625,24802.94921875,643600,NIFTY_FINANCIAL_SERVICES,NSE_INDEX,yfinance,1d
2024-12-11,24756.099609375,24865.69921875,24696.650390625,24803.05078125,582600,NIFTY_FINANCIAL_SERVICES,NSE_INDEX,yfinance,1d
2024-12-12,24717.55078125,24858.19921875,24695.80078125,24726.94921875,576400,NIFTY_FINANCIAL_SERVICES,NSE_INDEX,yfinance,1d
2024-12-13,24688.349609375,24911.150390625,24276.69921875,24880.400390625,705000,NIFTY_FINANCIAL_SERVICES,NSE_INDEX,yfinance,1d
2024-12-16,24846.900390625,24931.69921875,24755.349609375,24857.0,462500,NIFTY_FINANCIAL_SERVICES,NSE_INDEX,yfinance,1d
2024-12-17,24776.349609375,24821.099609375,24449.55078125,24498.900390625,690300,NIFTY_FINANCIAL_SERVICES,NSE_INDEX,yfinance,1d
2024-12-18,24441.900390625,24512.900390625,24140.44921875,24198.349609375,656100,NIFTY_FINANCIAL_SERVICES,NSE_INDEX,yfinance,1d
2024-12-19,23874.599609375,23977.44921875,23794.099609375,23906.599609375,759900,NIFTY_FINANCIAL_SERVICES,NSE_INDEX,yfinance,1d
2024-12-20,23834.44921875,23958.150390625,23525.75,23591.69921875,1558400,NIFTY_FINANCIAL_SERVICES,NSE_INDEX,yfinance,1d
2024-12-23,23713.80078125,23889.150390625,23703.19921875,23785.55078125,467600,NIFTY_FINANCIAL_SERVICES,NSE_INDEX,yfinance,1d
2024-12-24,23794.44921875,23833.75,23680.19921875,23737.599609375,478300,NIFTY_FINANCIAL_SERVICES,NSE_INDEX,yfinance,1d
2024-12-26,23809.099609375,23949.5,23623.900390625,23743.80078125,487400,NIFTY_FINANCIAL_SERVICES,NSE_INDEX,yfinance,1d
2024-12-27,23799.0,23929.30078125,23757.849609375,23788.0,398800,NIFTY_FINANCIAL_SERVICES,NSE_INDEX,yfinance,1d
2024-12-30,23757.099609375,24047.349609375,23497.19921875,23565.30078125,1358700,NIFTY_FINANCIAL_SERVICES,NSE_INDEX,yfinance,1d
2024-12-31,23462.94921875,23564.69921875,23440.44921875,23512.80078125,574000,NIFTY_FINANCIAL_SERVICES,NSE_INDEX,yfinance,1d
2025-01-02,23632.30078125,24046.650390625,23632.30078125,24006.69921875,831200,NIFTY_FINANCIAL_SERVICES,NSE_INDEX,yfinance,1d
2025-01-03,24000.75,24035.150390625,23701.650390625,23735.69921875,952000,NIFTY_FINANCIAL_SERVICES,NSE_INDEX,yfinance,1d
2025-01-06,23738.05078125,23801.80078125,23243.44921875,23317.849609375,769700,NIFTY_FINANCIAL_SERVICES,NSE_INDEX,yfinance,1d
2025-01-07,23375.599609375,23519.099609375,23288.80078125,23430.30078125,580200,NIFTY_FINANCIAL_SERVICES,NSE_INDEX,yfinance,1d
2025-01-08,23420.849609375,23444.94921875,23050.30078125,23236.05078125,729100,NIFTY_FINANCIAL_SERVICES,NSE_INDEX,yfinance,1d
2025-01-09,23179.94921875,23221.099609375,22924.30078125,23026.150390625,830900,NIFTY_FINANCIAL_SERVICES,NSE_INDEX,yfinance,1d
2025-01-10,23010.349609375,23030.5,22684.650390625,22730.19921875,795700,NIFTY_FINANCIAL_SERVICES,NSE_INDEX,yfinance,1d
2025-01-13,22503.94921875,22659.5,22357.94921875,22400.44921875,824600,NIFTY_FINANCIAL_SERVICES,NSE_INDEX,yfinance,1d
2025-01-14,22521.099609375,22809.150390625,22505.55078125,22722.150390625,986700,NIFTY_FINANCIAL_SERVICES,NSE_INDEX,yfinance,1d
2025-01-15,22773.94921875,22821.900390625,22567.349609375,22680.099609375,774800,NIFTY_FINANCIAL_SERVICES,NSE_INDEX,yfinance,1d
2025-01-16,22842.75,22994.849609375,22832.400390625,22943.75,1116900,NIFTY_FINANCIAL_SERVICES,NSE_INDEX,yfinance,1d
2025-01-17,22803.94921875,22839.30078125,22518.30078125,22608.19921875,940900,NIFTY_FINANCIAL_SERVICES,NSE_INDEX,yfinance,1d
2025-01-20,22697.69921875,23025.5,22638.900390625,22926.69921875,1101100,NIFTY_FINANCIAL_SERVICES,NSE_INDEX,yfinance,1d
2025-01-21,23003.19921875,23009.400390625,22492.099609375,22548.900390625,998100,NIFTY_FINANCIAL_SERVICES,NSE_INDEX,yfinance,1d
2025-01-22,22607.099609375,22679.19921875,22367.30078125,22650.400390625,1065000,NIFTY_FINANCIAL_SERVICES,NSE_INDEX,yfinance,1d
2025-01-23,22684.55078125,22719.55078125,22563.599609375,22625.849609375,938500,NIFTY_FINANCIAL_SERVICES,NSE_INDEX,yfinance,1d
2025-01-24,22616.900390625,22736.25,22458.44921875,22513.5,820300,NIFTY_FINANCIAL_SERVICES,NSE_INDEX,yfinance,1d
2025-01-27,22357.400390625,22494.19921875,22320.849609375,22383.099609375,872200,NIFTY_FINANCIAL_SERVICES,NSE_INDEX,yfinance,1d
2025-01-28,22650.849609375,22984.0,22589.69921875,22805.900390625,1374500,NIFTY_FINANCIAL_SERVICES,NSE_INDEX,yfinance,1d
2025-01-29,22865.69921875,23060.5,22803.400390625,23044.94921875,779600,NIFTY_FINANCIAL_SERVICES,NSE_INDEX,yfinance,1d
2025-01-30,23088.599609375,23197.25,23012.900390625,23133.69921875,1009200,NIFTY_FINANCIAL_SERVICES,NSE_INDEX,yfinance,1d
2025-01-31,23122.19921875,23267.75,23031.94921875,23220.55078125,741100,NIFTY_FINANCIAL_SERVICES,NSE_INDEX,yfinance,1d
2025-02-03,22964.55078125,23164.599609375,22911.75,23132.44921875,971000,NIFTY_FINANCIAL_SERVICES,NSE_INDEX,yfinance,1d
2025-02-04,23288.30078125,23648.80078125,23239.599609375,23620.69921875,1155000,NIFTY_FINANCIAL_SERVICES,NSE_INDEX,yfinance,1d
2025-02-05,23714.400390625,23743.80078125,23621.30078125,23664.400390625,836800,NIFTY_FINANCIAL_SERVICES,NSE_INDEX,yfinance,1d
2025-02-06,23705.5,23734.30078125,23571.55078125,23660.400390625,1042500,NIFTY_FINANCIAL_SERVICES,NSE_INDEX,yfinance,1d
2025-02-07,23724.94921875,23780.44921875,23410.80078125,23539.75,1204200,NIFTY_FINANCIAL_SERVICES,NSE_INDEX,yfinance,1d
2025-02-10,23479.80078125,23532.400390625,23281.80078125,23400.349609375,662700,NIFTY_FINANCIAL_SERVICES,NSE_INDEX,yfinance,1d
2025-02-11,23329.55078125,23358.80078125,22966.0,23089.599609375,844300,NIFTY_FINANCIAL_SERVICES,NSE_INDEX,yfinance,1d
2025-02-12,23068.25,23310.099609375,22819.900390625,23192.80078125,983200,NIFTY_FINANCIAL_SERVICES,NSE_INDEX,yfinance,1d
2025-02-13,23195.30078125,23485.80078125,23188.44921875,23272.400390625,1022500,NIFTY_FINANCIAL_SERVICES,NSE_INDEX,yfinance,1d
2025-02-14,23321.80078125,23368.19921875,22998.599609375,23186.900390625,784000,NIFTY_FINANCIAL_SERVICES,NSE_INDEX,yfinance,1d
2025-02-17,23053.599609375,23293.80078125,22958.55078125,23271.0,698200,NIFTY_FINANCIAL_SERVICES,NSE_INDEX,yfinance,1d
2025-02-18,23258.5,23311.150390625,23092.5,23280.30078125,660800,NIFTY_FINANCIAL_SERVICES,NSE_INDEX,yfinance,1d
2025-02-19,23197.150390625,23501.400390625,23158.400390625,23456.19921875,676600,NIFTY_FINANCIAL_SERVICES,NSE_INDEX,yfinance,1d
2025-02-20,23321.30078125,23396.05078125,23227.599609375,23281.400390625,772400,NIFTY_FINANCIAL_SERVICES,NSE_INDEX,yfinance,1d
2025-02-21,23189.650390625,23288.0,23030.900390625,23174.349609375,650600,NIFTY_FINANCIAL_SERVICES,NSE_INDEX,yfinance,1d
2025-02-24,22996.69921875,23049.05078125,22842.599609375,22995.19921875,612100,NIFTY_FINANCIAL_SERVICES,NSE_INDEX,yfinance,1d
2025-02-25,23008.099609375,23121.25,23002.599609375,23036.05078125,714400,NIFTY_FINANCIAL_SERVICES,NSE_INDEX,yfinance,1d
2025-02-27,23081.80078125,23261.650390625,23081.75,23173.650390625,1100900,NIFTY_FINANCIAL_SERVICES,NSE_INDEX,yfinance,1d
2025-02-28,23034.30078125,23128.75,22925.849609375,23028.94921875,1705300,NIFTY_FINANCIAL_SERVICES,NSE_INDEX,yfinance,1d
2025-03-03,23117.80078125,23159.94921875,22855.599609375,22953.0,894500,NIFTY_FINANCIAL_SERVICES,NSE_INDEX,yfinance,1d
2025-03-04,22865.0,23076.44921875,22861.05078125,23028.44921875,868400,NIFTY_FINANCIAL_SERVICES,NSE_INDEX,yfinance,1d
2025-03-05,22985.80078125,23126.69921875,22952.25,23050.599609375,872200,NIFTY_FINANCIAL_SERVICES,NSE_INDEX,yfinance,1d
2025-03-06,23175.5,23198.650390625,22942.400390625,23163.0,950100,NIFTY_FINANCIAL_SERVICES,NSE_INDEX,yfinance,1d
2025-03-07,23089.349609375,23235.94921875,23066.55078125,23136.19921875,642100,NIFTY_FINANCIAL_SERVICES,NSE_INDEX,yfinance,1d
2025-03-10,23110.0,23288.0,23015.400390625,23056.849609375,655800,NIFTY_FINANCIAL_SERVICES,NSE_INDEX,yfinance,1d
2025-03-11,22992.349609375,23258.55078125,22934.55078125,23203.349609375,680400,NIFTY_FINANCIAL_SERVICES,NSE_INDEX,yfinance,1d
2025-03-12,23254.44921875,23365.900390625,23200.599609375,23327.900390625,712200,NIFTY_FINANCIAL_SERVICES,NSE_INDEX,yfinance,1d
2025-03-13,23399.150390625,23458.19921875,23262.900390625,23290.0,621700,NIFTY_FINANCIAL_SERVICES,NSE_INDEX,yfinance,1d
2025-03-17,23313.650390625,23567.69921875,23305.44921875,23529.25,703900,NIFTY_FINANCIAL_SERVICES,NSE_INDEX,yfinance,1d
2025-03-18,23744.650390625,24008.19921875,23678.25,23969.69921875,823600,NIFTY_FINANCIAL_SERVICES,NSE_INDEX,yfinance,1d
2025-03-19,23994.0,24199.349609375,23968.44921875,24140.349609375,766500,NIFTY_FINANCIAL_SERVICES,NSE_INDEX,yfinance,1d
2025-03-20,24263.44921875,24352.44921875,24131.0,24309.0,702100,NIFTY_FINANCIAL_SERVICES,NSE_INDEX,yfinance,1d
2025-03-21,24316.69921875,24604.400390625,24294.55078125,24567.94921875,1573600,NIFTY_FINANCIAL_SERVICES,NSE_INDEX,yfinance,1d
2025-03-24,24759.69921875,25101.30078125,24673.150390625,25057.55078125,908800,NIFTY_FINANCIAL_SERVICES,NSE_INDEX,yfinance,1d
2025-03-25,25158.650390625,25297.349609375,25006.44921875,25086.0,1167600,NIFTY_FINANCIAL_SERVICES,NSE_INDEX,yfinance,1d
2025-03-26,25114.44921875,25151.349609375,24769.44921875,24829.599609375,759500,NIFTY_FINANCIAL_SERVICES,NSE_INDEX,yfinance,1d
2025-03-27,24775.05078125,25101.05078125,24764.30078125,25011.150390625,1137900,NIFTY_FINANCIAL_SERVICES,NSE_INDEX,yfinance,1d
2025-03-28,25034.05078125,25199.05078125,24937.349609375,25074.900390625,748400,NIFTY_FINANCIAL_SERVICES,NSE_INDEX,yfinance,1d
2025-04-01,24855.69921875,24998.05078125,24516.400390625,24529.400390625,805300,NIFTY_FINANCIAL_SERVICES,NSE_INDEX,yfinance,1d
2025-04-02,24582.44921875,24772.099609375,24577.30078125,24750.05078125,716400,NIFTY_FINANCIAL_SERVICES,NSE_INDEX,yfinance,1d
2025-04-03,24550.94921875,24795.849609375,24548.599609375,24724.94921875,655800,NIFTY_FINANCIAL_SERVICES,NSE_INDEX,yfinance,1d
2025-04-04,24792.150390625,24942.55078125,24718.75,24774.30078125,997900,NIFTY_FINANCIAL_SERVICES,NSE_INDEX,yfinance,1d
2025-04-07,23767.25,24216.400390625,23546.5,23908.44921875,1614000,NIFTY_FINANCIAL_SERVICES,NSE_INDEX,yfinance,1d
2025-04-08,24143.75,24403.44921875,24044.0,24301.5,1356900,NIFTY_FINANCIAL_SERVICES,NSE_INDEX,yfinance,1d
2025-04-09,24297.349609375,24301.349609375,23991.349609375,24132.650390625,1081300,NIFTY_FINANCIAL_SERVICES,NSE_INDEX,yfinance,1d
2025-04-11,24319.19921875,24698.599609375,24319.19921875,24555.55078125,1190800,NIFTY_FINANCIAL_SERVICES,NSE_INDEX,yfinance,1d
2025-04-15,25215.849609375,25333.05078125,25035.599609375,25280.650390625,1319600,NIFTY_FINANCIAL_SERVICES,NSE_INDEX,yfinance,1d
2025-04-16,25401.69921875,25514.400390625,25287.599609375,25492.099609375,1221300,NIFTY_FINANCIAL_SERVICES,NSE_INDEX,yfinance,1d
2025-04-17,25509.650390625,26116.400390625,25470.849609375,26071.599609375,1482900,NIFTY_FINANCIAL_SERVICES,NSE_INDEX,yfinance,1d
2025-04-21,26341.80078125,26527.69921875,26224.650390625,26435.099609375,1477100,NIFTY_FINANCIAL_SERVICES,NSE_INDEX,yfinance,1d
2025-04-22,26519.150390625,26726.349609375,26459.25,26624.80078125,1443400,NIFTY_FINANCIAL_SERVICES,NSE_INDEX,yfinance,1d
2025-04-23,26819.099609375,26819.099609375,26346.25,26446.19921875,1290500,NIFTY_FINANCIAL_SERVICES,NSE_INDEX,yfinance,1d
2025-04-24,26378.900390625,26473.94921875,26266.0,26305.650390625,1070200,NIFTY_FINANCIAL_SERVICES,NSE_INDEX,yfinance,1d
2025-04-25,26354.69921875,26430.25,25789.849609375,26036.099609375,1446900,NIFTY_FINANCIAL_SERVICES,NSE_INDEX,yfinance,1d
2025-04-28,25990.0,26346.900390625,25961.650390625,26291.650390625,1202200,NIFTY_FINANCIAL_SERVICES,NSE_INDEX,yfinance,1d
2025-04-29,26313.5,26447.19921875,26133.849609375,26193.849609375,903600,NIFTY_FINANCIAL_SERVICES,NSE_INDEX,yfinance,1d
2025-04-30,26162.05078125,26247.75,25943.69921875,26113.55078125,1453700,NIFTY_FINANCIAL_SERVICES,NSE_INDEX,yfinance,1d
2025-05-02,26121.650390625,26354.849609375,26067.55078125,26151.75,1043800,NIFTY_FINANCIAL_SERVICES,NSE_INDEX,yfinance,1d
2025-05-05,26172.69921875,26287.30078125,26089.19921875,26164.900390625,932300,NIFTY_FINANCIAL_SERVICES,NSE_INDEX,yfinance,1d
2025-05-06,26148.30078125,26198.0,25925.099609375,25969.0,884100,NIFTY_FINANCIAL_SERVICES,NSE_INDEX,yfinance,1d
2025-05-07,25855.75,26196.900390625,25795.849609375,26165.650390625,956000,NIFTY_FINANCIAL_SERVICES,NSE_INDEX,yfinance,1d
2025-05-08,26239.849609375,26277.0,25849.150390625,25980.650390625,1206900,NIFTY_FINANCIAL_SERVICES,NSE_INDEX,yfinance,1d
2025-05-09,25608.55078125,25811.25,25453.80078125,25502.099609375,1120600,NIFTY_FINANCIAL_SERVICES,NSE_INDEX,yfinance,1d
2025-05-12,25988.0,26530.30078125,25956.75,26497.599609375,1008400,NIFTY_FINANCIAL_SERVICES,NSE_INDEX,yfinance,1d
2025-05-13,26409.099609375,26543.30078125,26177.150390625,26206.0,1036100,NIFTY_FINANCIAL_SERVICES,NSE_INDEX,yfinance,1d
2025-05-14,26218.94921875,26326.55078125,26013.69921875,26145.55078125,1160900,NIFTY_FINANCIAL_SERVICES,NSE_INDEX,yfinance,1d
2025-05-15,26169.400390625,26550.94921875,25966.150390625,26482.80078125,1322700,NIFTY_FINANCIAL_SERVICES,NSE_INDEX,yfinance,1d
2025-05-16,26486.75,26518.349609375,26425.94921875,26474.599609375,976200,NIFTY_FINANCIAL_SERVICES,NSE_INDEX,yfinance,1d
2025-05-19,26455.099609375,26610.400390625,26452.19921875,26507.80078125,728200,NIFTY_FINANCIAL_SERVICES,NSE_INDEX,yfinance,1d
2025-05-20,26504.05078125,26558.94921875,26172.349609375,26193.849609375,988400,NIFTY_FINANCIAL_SERVICES,NSE_INDEX,yfinance,1d
2025-05-21,26283.25,26472.19921875,26176.75,26339.650390625,847500,NIFTY_FINANCIAL_SERVICES,NSE_INDEX,yfinance,1d
2025-05-22,26270.30078125,26297.5,26070.94921875,26225.94921875,846800,NIFTY_FINANCIAL_SERVICES,NSE_INDEX,yfinance,1d
2025-05-23,26241.94921875,26510.900390625,26188.75,26485.400390625,622300,NIFTY_FINANCIAL_SERVICES,NSE_INDEX,yfinance,1d
2025-05-26,26550.400390625,26724.75,26476.150390625,26591.900390625,542100,NIFTY_FINANCIAL_SERVICES,NSE_INDEX,yfinance,1d
2025-05-27,26519.900390625,26669.150390625,26292.44921875,26420.80078125,1011100,NIFTY_FINANCIAL_SERVICES,NSE_INDEX,yfinance,1d
2025-05-28,26432.69921875,26523.900390625,26386.69921875,26451.849609375,905700,NIFTY_FINANCIAL_SERVICES,NSE_INDEX,yfinance,1d
2025-05-29,26509.05078125,26601.30078125,26288.44921875,26478.44921875,1005700,NIFTY_FINANCIAL_SERVICES,NSE_INDEX,yfinance,1d
2025-05-30,26501.099609375,26552.30078125,26399.599609375,26499.25,1353100,NIFTY_FINANCIAL_SERVICES,NSE_INDEX,yfinance,1d
2025-06-02,26386.099609375,26491.0,26226.5,26448.400390625,897100,NIFTY_FINANCIAL_SERVICES,NSE_INDEX,yfinance,1d
2025-06-03,26507.05078125,26566.400390625,26207.650390625,26254.94921875,936000,NIFTY_FINANCIAL_SERVICES,NSE_INDEX,yfinance,1d
2025-06-04,26254.05078125,26322.75,26191.150390625,26264.55078125,749300,NIFTY_FINANCIAL_SERVICES,NSE_INDEX,yfinance,1d
2025-06-05,26329.349609375,26508.099609375,26229.80078125,26387.150390625,886900,NIFTY_FINANCIAL_SERVICES,NSE_INDEX,yfinance,1d
2025-06-06,26360.0,26922.19921875,26285.55078125,26848.900390625,1607200,NIFTY_FINANCIAL_SERVICES,NSE_INDEX,yfinance,1d
2025-06-09,27079.849609375,27086.69921875,26938.400390625,26992.849609375,1265700,NIFTY_FINANCIAL_SERVICES,NSE_INDEX,yfinance,1d
2025-06-10,27082.80078125,27083.5,26811.5,26867.05078125,884200,NIFTY_FINANCIAL_SERVICES,NSE_INDEX,yfinance,1d
2025-06-11,26872.19921875,26930.400390625,26761.94921875,26789.94921875,730700,NIFTY_FINANCIAL_SERVICES,NSE_INDEX,yfinance,1d
2025-06-12,26796.30078125,26889.349609375,26524.44921875,26579.900390625,877100,NIFTY_FINANCIAL_SERVICES,NSE_INDEX,yfinance,1d
2025-06-13,26132.099609375,26406.150390625,26132.099609375,26335.599609375,885300,NIFTY_FINANCIAL_SERVICES,NSE_INDEX,yfinance,1d
2025-06-16,26385.599609375,26576.900390625,26306.849609375,26554.75,822700,NIFTY_FINANCIAL_SERVICES,NSE_INDEX,yfinance,1d
2025-06-17,26577.25,26610.349609375,26395.349609375,26451.650390625,670300,NIFTY_FINANCIAL_SERVICES,NSE_INDEX,yfinance,1d
2025-06-18,26349.80078125,26507.75,26319.849609375,26399.94921875,669700,NIFTY_FINANCIAL_SERVICES,NSE_INDEX,yfinance,1d
2025-06-19,26379.099609375,26459.849609375,26244.849609375,26299.650390625,890300,NIFTY_FINANCIAL_SERVICES,NSE_INDEX,yfinance,1d
2025-06-20,26294.099609375,26680.25,26292.94921875,26648.69921875,1716500,NIFTY_FINANCIAL_SERVICES,NSE_INDEX,yfinance,1d
2025-06-23,26448.75,26622.80078125,26389.55078125,26556.5,675200,NIFTY_FINANCIAL_SERVICES,NSE_INDEX,yfinance,1d
2025-06-24,26783.30078125,26975.25,26678.25,26750.400390625,1109100,NIFTY_FINANCIAL_SERVICES,NSE_INDEX,yfinance,1d
2025-06-25,26809.0,26868.94921875,26741.80078125,26851.19921875,763500,NIFTY_FINANCIAL_SERVICES,NSE_INDEX,yfinance,1d
2025-06-26,26882.349609375,27278.900390625,26848.05078125,27248.400390625,1759900,NIFTY_FINANCIAL_SERVICES,NSE_INDEX,yfinance,1d
2025-06-27,27245.55078125,27369.80078125,27083.55078125,27344.05078125,2265000,NIFTY_FINANCIAL_SERVICES,NSE_INDEX,yfinance,1d
2025-06-30,27364.349609375,27369.25,27117.25,27174.44921875,1193700,NIFTY_FINANCIAL_SERVICES,NSE_INDEX,yfinance,1d
2025-07-01,27190.900390625,27212.75,27069.05078125,27124.19921875,949400,NIFTY_FINANCIAL_SERVICES,NSE_INDEX,yfinance,1d
2025-07-02,27157.19921875,27209.400390625,26779.19921875,26861.69921875,902500,NIFTY_FINANCIAL_SERVICES,NSE_INDEX,yfinance,1d
2025-07-03,26902.94921875,26954.099609375,26719.349609375,26734.900390625,896700,NIFTY_FINANCIAL_SERVICES,NSE_INDEX,yfinance,1d
2025-07-04,26773.75,26892.55078125,26681.25,26866.30078125,637200,NIFTY_FINANCIAL_SERVICES,NSE_INDEX,yfinance,1d
2025-07-07,26837.849609375,26894.69921875,26772.05078125,26833.44921875,596400,NIFTY_FINANCIAL_SERVICES,NSE_INDEX,yfinance,1d
2025-07-08,26802.599609375,27041.900390625,26795.5,27016.849609375,798100,NIFTY_FINANCIAL_SERVICES,NSE_INDEX,yfinance,1d
2025-07-09,26998.05078125,27087.44921875,26931.900390625,27058.44921875,865500,NIFTY_FINANCIAL_SERVICES,NSE_INDEX,yfinance,1d
2025-07-10,27130.099609375,27147.55078125,26951.05078125,26984.349609375,1116500,NIFTY_FINANCIAL_SERVICES,NSE_INDEX,yfinance,1d
2025-07-11,26917.5,27004.5,26808.44921875,26853.099609375,865700,NIFTY_FINANCIAL_SERVICES,NSE_INDEX,yfinance,1d
2025-07-14,26886.900390625,26886.900390625,26703.099609375,26802.25,776500,NIFTY_FINANCIAL_SERVICES,NSE_INDEX,yfinance,1d
2025-07-15,26782.650390625,26967.150390625,26780.69921875,26928.94921875,746500,NIFTY_FINANCIAL_SERVICES,NSE_INDEX,yfinance,1d
2025-07-16,26993.5,27022.900390625,26866.349609375,26916.400390625,1000800,NIFTY_FINANCIAL_SERVICES,NSE_INDEX,yfinance,1d
2025-07-17,26959.349609375,26968.5,26790.05078125,26809.44921875,974900,NIFTY_FINANCIAL_SERVICES,NSE_INDEX,yfinance,1d
2025-07-18,26694.0,26785.349609375,26513.80078125,26556.150390625,1453800,NIFTY_FINANCIAL_SERVICES,NSE_INDEX,yfinance,1d
2025-07-21,26710.05078125,27002.75,26637.400390625,26986.94921875,982100,NIFTY_FINANCIAL_SERVICES,NSE_INDEX,yfinance,1d
2025-07-22,27109.900390625,27126.849609375,26963.25,26990.44921875,859400,NIFTY_FINANCIAL_SERVICES,NSE_INDEX,yfinance,1d
2025-07-23,27063.099609375,27227.849609375,26987.099609375,27215.849609375,966300,NIFTY_FINANCIAL_SERVICES,NSE_INDEX,yfinance,1d
2025-07-24,27271.849609375,27271.849609375,27003.599609375,27046.30078125,827600,NIFTY_FINANCIAL_SERVICES,NSE_INDEX,yfinance,1d
2025-07-25,26993.900390625,26993.900390625,26735.44921875,26808.0,1224700,NIFTY_FINANCIAL_SERVICES,NSE_INDEX,yfinance,1d
2025-07-28,26684.349609375,26856.80078125,26562.099609375,26615.19921875,1086900,NIFTY_FINANCIAL_SERVICES,NSE_INDEX,yfinance,1d
2025-07-29,26515.150390625,26740.30078125,26495.30078125,26700.69921875,1118100,NIFTY_FINANCIAL_SERVICES,NSE_INDEX,yfinance,1d
2025-07-30,26749.900390625,26757.94921875,26613.55078125,26703.5,778300,NIFTY_FINANCIAL_SERVICES,NSE_INDEX,yfinance,1d
2025-07-31,26495.150390625,26844.650390625,26462.69921875,26649.94921875,1370200,NIFTY_FINANCIAL_SERVICES,NSE_INDEX,yfinance,1d
2025-08-01,26619.400390625,26732.349609375,26461.05078125,26492.5,871700,NIFTY_FINANCIAL_SERVICES,NSE_INDEX,yfinance,1d
2025-08-04,26507.19921875,26590.099609375,26412.19921875,26476.599609375,776900,NIFTY_FINANCIAL_SERVICES,NSE_INDEX,yfinance,1d
2025-08-05,26434.69921875,26474.69921875,26288.849609375,26373.5,849900,NIFTY_FINANCIAL_SERVICES,NSE_INDEX,yfinance,1d
2025-08-06,26338.099609375,26433.25,26288.25,26371.150390625,802400,NIFTY_FINANCIAL_SERVICES,NSE_INDEX,yfinance,1d
2025-08-07,26265.5,26451.05078125,26180.30078125,26403.900390625,907300,NIFTY_FINANCIAL_SERVICES,NSE_INDEX,yfinance,1d
2025-08-08,26379.849609375,26425.69921875,26129.80078125,26167.349609375,723500,NIFTY_FINANCIAL_SERVICES,NSE_INDEX,yfinance,1d
2025-08-11,26165.55078125,26426.400390625,26138.0,26405.80078125,769000,NIFTY_FINANCIAL_SERVICES,NSE_INDEX,yfinance,1d
2025-08-12,26367.5,26415.05078125,26112.69921875,26135.30078125,651500,NIFTY_FINANCIAL_SERVICES,NSE_INDEX,yfinance,1d
2025-08-13,26282.30078125,26287.05078125,26142.69921875,26238.400390625,680100,NIFTY_FINANCIAL_SERVICES,NSE_INDEX,yfinance,1d
2025-08-14,26204.650390625,26390.94921875,26189.25,26333.44921875,751400,NIFTY_FINANCIAL_SERVICES,NSE_INDEX,yfinance,1d
2025-08-18,26670.19921875,26840.30078125,26592.80078125,26609.099609375,956700,NIFTY_FINANCIAL_SERVICES,NSE_INDEX,yfinance,1d
2025-08-19,26564.69921875,26663.5,26504.599609375,26592.30078125,659900,NIFTY_FINANCIAL_SERVICES,NSE_INDEX,yfinance,1d
2025-08-20,26535.0,26567.30078125,26419.0,26487.80078125,592600,NIFTY_FINANCIAL_SERVICES,NSE_INDEX,yfinance,1d
2025-08-21,26624.05078125,26641.80078125,26530.69921875,26573.349609375,686000,NIFTY_FINANCIAL_SERVICES,NSE_INDEX,yfinance,1d
2025-08-22,26537.75,26565.0,26297.150390625,26317.05078125,626700,NIFTY_FINANCIAL_SERVICES,NSE_INDEX,yfinance,1d
2025-08-25,26321.349609375,26378.94921875,26260.94921875,26306.900390625,639200,NIFTY_FINANCIAL_SERVICES,NSE_INDEX,yfinance,1d
2025-08-26,26244.349609375,26297.849609375,25922.5,25952.599609375,1091100,NIFTY_FINANCIAL_SERVICES,NSE_INDEX,yfinance,1d
2025-08-28,25832.69921875,25910.400390625,25619.19921875,25640.30078125,1303700,NIFTY_FINANCIAL_SERVICES,NSE_INDEX,yfinance,1d
2025-08-29,25575.400390625,25750.5,25539.75,25567.69921875,976900,NIFTY_FINANCIAL_SERVICES,NSE_INDEX,yfinance,1d
2025-09-01,25561.650390625,25756.94921875,25561.599609375,25743.5,708700,NIFTY_FINANCIAL_SERVICES,NSE_INDEX,yfinance,1d
2025-09-02,25774.94921875,25830.599609375,25529.69921875,25572.94921875,761200,NIFTY_FINANCIAL_SERVICES,NSE_INDEX,yfinance,1d
2025-09-03,25562.30078125,25763.099609375,25481.94921875,25732.55078125,815600,NIFTY_FINANCIAL_SERVICES,NSE_INDEX,yfinance,1d
2025-09-04,25973.30078125,26024.849609375,25797.349609375,25853.400390625,1083000,NIFTY_FINANCIAL_SERVICES,NSE_INDEX,yfinance,1d
2025-09-05,25986.55078125,25986.55078125,25727.80078125,25889.30078125,621000,NIFTY_FINANCIAL_SERVICES,NSE_INDEX,yfinance,1d
2025-09-08,25950.80078125,26092.55078125,25858.94921875,25942.69921875,572300,NIFTY_FINANCIAL_SERVICES,NSE_INDEX,yfinance,1d
2025-09-09,26025.05078125,26033.349609375,25905.400390625,25961.94921875,656000,NIFTY_FINANCIAL_SERVICES,NSE_INDEX,yfinance,1d
2025-09-10,26124.650390625,26190.75,26056.80078125,26123.75,868200,NIFTY_FINANCIAL_SERVICES,NSE_INDEX,yfinance,1d
2025-09-11,26051.400390625,26223.05078125,26047.25,26178.69921875,736300,NIFTY_FINANCIAL_SERVICES,NSE_INDEX,yfinance,1d
2025-09-12,26228.69921875,26375.349609375,26140.150390625,26363.25,816500,NIFTY_FINANCIAL_SERVICES,NSE_INDEX,yfinance,1d
2025-09-15,26384.25,26468.44921875,26342.599609375,26393.05078125,776300,NIFTY_FINANCIAL_SERVICES,NSE_INDEX,yfinance,1d
2025-09-16,26329.25,26515.19921875,26328.849609375,26495.30078125,879900,NIFTY_FINANCIAL_SERVICES,NSE_INDEX,yfinance,1d
2025-09-17,26500.849609375,26611.05078125,26495.55078125,26563.55078125,915400,NIFTY_FINANCIAL_SERVICES,NSE_INDEX,yfinance,1d
2025-09-18,26685.900390625,26723.94921875,26588.5,26698.650390625,947200,NIFTY_FINANCIAL_SERVICES,NSE_INDEX,yfinance,1d
2025-09-19,26646.150390625,26664.25,26463.75,26527.599609375,1284000,NIFTY_FINANCIAL_SERVICES,NSE_INDEX,yfinance,1d
2025-09-22,26513.150390625,26658.94921875,26479.099609375,26528.400390625,676700,NIFTY_FINANCIAL_SERVICES,NSE_INDEX,yfinance,1d
2025-09-23,26504.599609375,26641.44921875,26464.0,26559.5,1145300,NIFTY_FINANCIAL_SERVICES,NSE_INDEX,yfinance,1d
2025-09-24,26471.19921875,26532.849609375,26308.349609375,26388.44921875,876400,NIFTY_FINANCIAL_SERVICES,NSE_INDEX,yfinance,1d
2025-09-25,26352.30078125,26431.650390625,26222.80078125,26247.400390625,1261100,NIFTY_FINANCIAL_SERVICES,NSE_INDEX,yfinance,1d
2025-09-26,26152.400390625,26197.150390625,25945.44921875,25985.25,919800,NIFTY_FINANCIAL_SERVICES,NSE_INDEX,yfinance,1d
2025-09-29,26016.900390625,26111.80078125,25886.599609375,26007.0,1379100,NIFTY_FINANCIAL_SERVICES,NSE_INDEX,yfinance,1d
2025-09-30,26100.900390625,26133.150390625,25970.94921875,26022.099609375,1229000,NIFTY_FINANCIAL_SERVICES,NSE_INDEX,yfinance,1d
2025-10-01,26016.19921875,26414.400390625,25989.400390625,26382.19921875,1377600,NIFTY_FINANCIAL_SERVICES,NSE_INDEX,yfinance,1d
2025-10-03,26265.69921875,26439.400390625,26259.150390625,26426.75,1095200,NIFTY_FINANCIAL_SERVICES,NSE_INDEX,yfinance,1d
2025-10-06,26532.30078125,26724.5,26489.75,26712.05078125,1098800,NIFTY_FINANCIAL_SERVICES,NSE_INDEX,yfinance,1d
2025-10-07,26724.30078125,26919.80078125,26670.650390625,26777.30078125,1085300,NIFTY_FINANCIAL_SERVICES,NSE_INDEX,yfinance,1d
2025-10-08,26688.349609375,26822.44921875,26593.150390625,26656.400390625,722800,NIFTY_FINANCIAL_SERVICES,NSE_INDEX,yfinance,1d
2025-10-09,26621.400390625,26751.349609375,26534.400390625,26724.30078125,805000,NIFTY_FINANCIAL_SERVICES,NSE_INDEX,yfinance,1d
2025-10-10,26717.55078125,26925.80078125,26709.849609375,26842.25,793900,NIFTY_FINANCIAL_SERVICES,NSE_INDEX,yfinance,1d
2025-10-13,26703.94921875,26918.69921875,26690.099609375,26885.25,841400,NIFTY_FINANCIAL_SERVICES,NSE_INDEX,yfinance,1d
2025-10-14,26886.599609375,26972.849609375,26704.94921875,26828.30078125,988500,NIFTY_FINANCIAL_SERVICES,NSE_INDEX,yfinance,1d
2025-10-15,26853.900390625,27118.5,26840.849609375,27071.80078125,1183500,NIFTY_FINANCIAL_SERVICES,NSE_INDEX,yfinance,1d
2025-10-16,27214.150390625,27429.75,27158.30078125,27381.19921875,1298300,NIFTY_FINANCIAL_SERVICES,NSE_INDEX,yfinance,1d
2025-10-17,27343.849609375,27597.69921875,27276.400390625,27538.599609375,1140500,NIFTY_FINANCIAL_SERVICES,NSE_INDEX,yfinance,1d
2025-10-20,27584.25,27723.94921875,27463.05078125,27505.5,1220100,NIFTY_FINANCIAL_SERVICES,NSE_INDEX,yfinance,1d
2025-10-21,27533.150390625,27571.25,27479.599609375,27536.849609375,195100,NIFTY_FINANCIAL_SERVICES,NSE_INDEX,yfinance,1d
2025-10-23,27689.19921875,27774.69921875,27504.30078125,27556.650390625,1628400,NIFTY_FINANCIAL_SERVICES,NSE_INDEX,yfinance,1d
2025-10-24,27603.25,27623.30078125,27295.099609375,27395.30078125,856900,NIFTY_FINANCIAL_SERVICES,NSE_INDEX,yfinance,1d
2025-10-27,27447.400390625,27585.55078125,27388.94921875,27519.0,980400,NIFTY_FINANCIAL_SERVICES,NSE_INDEX,yfinance,1d
2025-10-28,27441.650390625,27549.900390625,27299.400390625,27453.94921875,1623200,NIFTY_FINANCIAL_SERVICES,NSE_INDEX,yfinance,1d
2025-10-29,27497.19921875,27627.849609375,27414.849609375,27587.650390625,1160300,NIFTY_FINANCIAL_SERVICES,NSE_INDEX,yfinance,1d
2025-10-30,27483.349609375,27555.349609375,27358.0,27376.0,974400,NIFTY_FINANCIAL_SERVICES,NSE_INDEX,yfinance,1d
2025-10-31,27329.400390625,27461.599609375,27120.94921875,27138.849609375,1179400,NIFTY_FINANCIAL_SERVICES,NSE_INDEX,yfinance,1d
2025-11-03,27093.44921875,27370.44921875,27086.69921875,27306.150390625,88300,NIFTY_FINANCIAL_SERVICES,NSE_INDEX,yfinance,1d
2025-11-04,27230.400390625,27320.19921875,27159.150390625,27195.80078125,1072600,NIFTY_FINANCIAL_SERVICES,NSE_INDEX,yfinance,1d
2025-11-06,27103.150390625,27197.5,27011.55078125,27033.099609375,1295500,NIFTY_FINANCIAL_SERVICES,NSE_INDEX,yfinance,1d
2025-11-07,26956.900390625,27309.900390625,26874.400390625,27238.75,1194500,NIFTY_FINANCIAL_SERVICES,NSE_INDEX,yfinance,1d
2025-11-10,27247.400390625,27390.5,27222.099609375,27305.05078125,864200,NIFTY_FINANCIAL_SERVICES,NSE_INDEX,yfinance,1d
2025-11-11,27246.650390625,27311.349609375,27003.150390625,27279.30078125,1076000,NIFTY_FINANCIAL_SERVICES,NSE_INDEX,yfinance,1d
2025-11-12,27472.55078125,27476.69921875,27297.150390625,27337.349609375,1098200,NIFTY_FINANCIAL_SERVICES,NSE_INDEX,yfinance,1d
2025-11-13,27284.94921875,27507.349609375,27264.349609375,27396.150390625,1034000,NIFTY_FINANCIAL_SERVICES,NSE_INDEX,yfinance,1d
2025-11-14,27245.25,27523.349609375,27245.25,27491.849609375,1030200,NIFTY_FINANCIAL_SERVICES,NSE_INDEX,yfinance,1d
2025-11-17,27550.55078125,27665.75,27496.599609375,27646.19921875,874100,NIFTY_FINANCIAL_SERVICES,NSE_INDEX,yfinance,1d
2025-11-18,27643.25,27657.25,27499.30078125,27546.75,898100,NIFTY_FINANCIAL_SERVICES,NSE_INDEX,yfinance,1d
2025-11-19,27534.05078125,27664.650390625,27437.400390625,27643.69921875,834600,NIFTY_FINANCIAL_SERVICES,NSE_INDEX,yfinance,1d
2025-11-20,27698.69921875,27903.849609375,27624.44921875,27861.349609375,885900,NIFTY_FINANCIAL_SERVICES,NSE_INDEX,yfinance,1d
2025-11-21,27742.30078125,27772.0,27551.19921875,27566.150390625,870800,NIFTY_FINANCIAL_SERVICES,NSE_INDEX,yfinance,1d
2025-11-24,27629.80078125,27740.19921875,27419.599609375,27498.650390625,1608100,NIFTY_FINANCIAL_SERVICES,NSE_INDEX,yfinance,1d
2025-11-25,27538.94921875,27589.349609375,27381.650390625,27409.400390625,989000,NIFTY_FINANCIAL_SERVICES,NSE_INDEX,yfinance,1d
2025-11-26,27370.55078125,27814.599609375,27370.55078125,27799.5,1004700,NIFTY_FINANCIAL_SERVICES,NSE_INDEX,yfinance,1d
2025-11-27,27835.05078125,28055.349609375,27802.25,27946.19921875,1093000,NIFTY_FINANCIAL_SERVICES,NSE_INDEX,yfinance,1d
2025-11-28,27954.900390625,27990.349609375,27868.19921875,27890.25,744900,NIFTY_FINANCIAL_SERVICES,NSE_INDEX,yfinance,1d
2025-12-01,28065.5,28065.5,27751.44921875,27814.5,758900,NIFTY_FINANCIAL_SERVICES,NSE_INDEX,yfinance,1d
2025-12-02,27617.599609375,27717.80078125,27544.75,27565.25,1113200,NIFTY_FINANCIAL_SERVICES,NSE_INDEX,yfinance,1d
2025-12-03,27492.150390625,27654.0,27434.80078125,27629.599609375,941200,NIFTY_FINANCIAL_SERVICES,NSE_INDEX,yfinance,1d
2025-12-04,27605.19921875,27697.05078125,27507.849609375,27611.44921875,868300,NIFTY_FINANCIAL_SERVICES,NSE_INDEX,yfinance,1d
2025-12-05,27533.44921875,27901.44921875,27519.400390625,27881.900390625,960800,NIFTY_FINANCIAL_SERVICES,NSE_INDEX,yfinance,1d
2025-12-08,27835.349609375,27863.69921875,27603.349609375,27687.150390625,1000700,NIFTY_FINANCIAL_SERVICES,NSE_INDEX,yfinance,1d
2025-12-09,27537.400390625,27638.05078125,27460.400390625,27549.75,988000,NIFTY_FINANCIAL_SERVICES,NSE_INDEX,yfinance,1d
2025-12-10,27558.05078125,27633.099609375,27373.099609375,27404.30078125,795100,NIFTY_FINANCIAL_SERVICES,NSE_INDEX,yfinance,1d
2025-12-11,27426.19921875,27641.650390625,27347.400390625,27561.900390625,716200,NIFTY_FINANCIAL_SERVICES,NSE_INDEX,yfinance,1d
2025-12-12,27648.099609375,27716.0,27582.94921875,27672.599609375,640600,NIFTY_FINANCIAL_SERVICES,NSE_INDEX,yfinance,1d
2025-12-15,27511.849609375,27648.05078125,27499.150390625,27603.150390625,638800,NIFTY_FINANCIAL_SERVICES,NSE_INDEX,yfinance,1d
2025-12-16,27516.25,27538.0,27352.75,27385.55078125,950400,NIFTY_FINANCIAL_SERVICES,NSE_INDEX,yfinance,1d
2025-12-17,27424.0,27446.69921875,27190.69921875,27251.94921875,860500,NIFTY_FINANCIAL_SERVICES,NSE_INDEX,yfinance,1d
2025-12-18,27153.25,27400.44921875,27153.25,27267.099609375,778800,NIFTY_FINANCIAL_SERVICES,NSE_INDEX,yfinance,1d
2025-12-19,27351.900390625,27410.650390625,27291.44921875,27378.599609375,1289500,NIFTY_FINANCIAL_SERVICES,NSE_INDEX,yfinance,1d
2025-12-22,27455.80078125,27519.650390625,27420.19921875,27479.849609375,982600,NIFTY_FINANCIAL_SERVICES,NSE_INDEX,yfinance,1d
2025-12-23,27513.44921875,27620.25,27483.599609375,27584.55078125,955000,NIFTY_FINANCIAL_SERVICES,NSE_INDEX,yfinance,1d
2025-12-24,27575.05078125,27722.69921875,27529.69921875,27565.5,740400,NIFTY_FINANCIAL_SERVICES,NSE_INDEX,yfinance,1d
2025-12-26,27539.55078125,27571.55078125,27391.849609375,27430.75,522900,NIFTY_FINANCIAL_SERVICES,NSE_INDEX,yfinance,1d
2025-12-29,27464.05078125,27505.44921875,27311.099609375,27363.5,651900,NIFTY_FINANCIAL_SERVICES,NSE_INDEX,yfinance,1d
2025-12-30,27338.30078125,27463.05078125,27248.5,27382.80078125,1605200,NIFTY_FINANCIAL_SERVICES,NSE_INDEX,yfinance,1d
2025-12-31,27420.94921875,27679.94921875,27417.69921875,27613.30078125,786100,NIFTY_FINANCIAL_SERVICES,NSE_INDEX,yfinance,1d
2026-01-02,27676.599609375,27927.599609375,27650.25,27899.150390625,1113900,NIFTY_FINANCIAL_SERVICES,NSE_INDEX,yfinance,1d
2026-01-05,27925.19921875,27977.80078125,27768.099609375,27851.44921875,1049200,NIFTY_FINANCIAL_SERVICES,NSE_INDEX,yfinance,1d
2026-01-06,27836.75,28041.19921875,27801.599609375,27945.099609375,1257800,NIFTY_FINANCIAL_SERVICES,NSE_INDEX,yfinance,1d
2026-01-07,27891.849609375,27895.94921875,27766.69921875,27853.349609375,1424400,NIFTY_FINANCIAL_SERVICES,NSE_INDEX,yfinance,1d
2026-01-08,27823.650390625,27896.94921875,27592.69921875,27672.599609375,1030600,NIFTY_FINANCIAL_SERVICES,NSE_INDEX,yfinance,1d
2026-01-09,27614.80078125,27689.05078125,27302.5,27382.099609375,1197400,NIFTY_FINANCIAL_SERVICES,NSE_INDEX,yfinance,1d
2026-01-12,27407.150390625,27545.80078125,27258.5,27518.5,1082600,NIFTY_FINANCIAL_SERVICES,NSE_INDEX,yfinance,1d
2026-01-13,27618.849609375,27670.05078125,27465.30078125,27586.0,1199000,NIFTY_FINANCIAL_SERVICES,NSE_INDEX,yfinance,1d
2026-01-14,27471.44921875,27644.349609375,27455.0,27501.400390625,1227800,NIFTY_FINANCIAL_SERVICES,NSE_INDEX,yfinance,1d
2026-01-16,27501.25,27723.400390625,27478.80078125,27523.150390625,1691100,NIFTY_FINANCIAL_SERVICES,NSE_INDEX,yfinance,1d
2026-01-19,27519.05078125,27578.30078125,27369.94921875,27518.94921875,1492300,NIFTY_FINANCIAL_SERVICES,NSE_INDEX,yfinance,1d
2026-01-20,27525.55078125,27526.349609375,27136.5,27200.599609375,1517000,NIFTY_FINANCIAL_SERVICES,NSE_INDEX,yfinance,1d
2026-01-21,27067.150390625,27206.099609375,26773.5,26963.5,1527000,NIFTY_FINANCIAL_SERVICES,NSE_INDEX,yfinance,1d
2026-01-22,27150.650390625,27275.30078125,26956.05078125,27149.94921875,1439300,NIFTY_FINANCIAL_SERVICES,NSE_INDEX,yfinance,1d
2026-01-23,27193.44921875,27226.25,26779.05078125,26821.349609375,1346000,NIFTY_FINANCIAL_SERVICES,NSE_INDEX,yfinance,1d
2026-01-27,26819.44921875,27162.05078125,26693.5,27058.0,2286700,NIFTY_FINANCIAL_SERVICES,NSE_INDEX,yfinance,1d
2026-01-28,27212.099609375,27402.650390625,27174.099609375,27335.19921875,1557700,NIFTY_FINANCIAL_SERVICES,NSE_INDEX,yfinance,1d
2026-01-29,27268.75,27562.400390625,27169.099609375,27509.599609375,1871400,NIFTY_FINANCIAL_SERVICES,NSE_INDEX,yfinance,1d
2026-01-30,27339.650390625,27463.099609375,27288.19921875,27330.849609375,1878700,NIFTY_FINANCIAL_SERVICES,NSE_INDEX,yfinance,1d
2026-02-02,26612.19921875,26842.80078125,26463.150390625,26799.0,1760700,NIFTY_FINANCIAL_SERVICES,NSE_INDEX,yfinance,1d
2026-02-03,28125.849609375,28275.19921875,27546.94921875,27674.05078125,2466900,NIFTY_FINANCIAL_SERVICES,NSE_INDEX,yfinance,1d
2026-02-04,27737.55078125,27875.05078125,27587.599609375,27802.55078125,1594200,NIFTY_FINANCIAL_SERVICES,NSE_INDEX,yfinance,1d
2026-02-05,27812.599609375,27814.849609375,27608.599609375,27689.349609375,1478000,NIFTY_FINANCIAL_SERVICES,NSE_INDEX,yfinance,1d
2026-02-06,27658.150390625,27822.599609375,27531.349609375,27807.099609375,1276300,NIFTY_FINANCIAL_SERVICES,NSE_INDEX,yfinance,1d
2026-02-09,28120.599609375,28162.80078125,28008.849609375,28154.05078125,1861000,NIFTY_FINANCIAL_SERVICES,NSE_INDEX,yfinance,1d
2026-02-10,28238.150390625,28263.94921875,28140.5,28186.25,1571700,NIFTY_FINANCIAL_SERVICES,NSE_INDEX,yfinance,1d
2026-02-11,28226.650390625,28287.05078125,28146.19921875,28276.94921875,1203400,NIFTY_FINANCIAL_SERVICES,NSE_INDEX,yfinance,1d
2026-02-12,28263.80078125,28413.849609375,28231.94921875,28385.19921875,1586500,NIFTY_FINANCIAL_SERVICES,NSE_INDEX,yfinance,1d
2026-02-13,28261.75,28335.849609375,28085.5,28126.349609375,1812000,NIFTY_FINANCIAL_SERVICES,NSE_INDEX,yfinance,1d
2026-02-16,27955.650390625,28327.349609375,27907.150390625,28306.25,1133400,NIFTY_FINANCIAL_SERVICES,NSE_INDEX,yfinance,1d
2026-02-17,28246.5,28307.25,28098.5,28287.400390625,1012100,NIFTY_FINANCIAL_SERVICES,NSE_INDEX,yfinance,1d
2026-02-18,28331.650390625,28483.349609375,28285.0,28463.25,890300,NIFTY_FINANCIAL_SERVICES,NSE_INDEX,yfinance,1d
2026-02-19,28519.80078125,28519.80078125,27992.19921875,28069.5,982900,NIFTY_FINANCIAL_SERVICES,NSE_INDEX,yfinance,1d
2026-02-20,28012.849609375,28299.349609375,27999.25,28210.599609375,960600,NIFTY_FINANCIAL_SERVICES,NSE_INDEX,yfinance,1d
2026-02-23,28360.0,28562.5,28329.400390625,28455.0,1082000,NIFTY_FINANCIAL_SERVICES,NSE_INDEX,yfinance,1d
2026-02-24,28494.599609375,28494.599609375,28208.650390625,28295.099609375,1380600,NIFTY_FINANCIAL_SERVICES,NSE_INDEX,yfinance,1d
2026-02-25,28374.05078125,28458.75,28236.0,28339.650390625,1175600,NIFTY_FINANCIAL_SERVICES,NSE_INDEX,yfinance,1d
2026-02-26,28404.400390625,28408.150390625,28173.94921875,28309.849609375,1545400,NIFTY_FINANCIAL_SERVICES,NSE_INDEX,yfinance,1d
2026-02-27,28204.349609375,28233.80078125,27825.900390625,27869.75,1489500,NIFTY_FINANCIAL_SERVICES,NSE_INDEX,yfinance,1d
2026-03-02,27353.099609375,27710.44921875,27298.0,27564.099609375,1534500,NIFTY_FINANCIAL_SERVICES,NSE_INDEX,yfinance,1d
2026-03-04,26948.5,27169.94921875,26868.80078125,27020.44921875,1725500,NIFTY_FINANCIAL_SERVICES,NSE_INDEX,yfinance,1d
2026-03-05,27182.30078125,27337.5,26920.55078125,27235.80078125,1620300,NIFTY_FINANCIAL_SERVICES,NSE_INDEX,yfinance,1d
2026-03-06,27074.150390625,27146.150390625,26609.150390625,26652.44921875,1617800,NIFTY_FINANCIAL_SERVICES,NSE_INDEX,yfinance,1d
2026-03-09,25882.44921875,26070.75,25557.900390625,26039.30078125,1820300,NIFTY_FINANCIAL_SERVICES,NSE_INDEX,yfinance,1d
2026-03-10,26324.55078125,26615.0,26226.30078125,26535.19921875,1966100,NIFTY_FINANCIAL_SERVICES,NSE_INDEX,yfinance,1d
2026-03-11,26447.0,26538.5,25869.349609375,25920.80078125,1631800,NIFTY_FINANCIAL_SERVICES,NSE_INDEX,yfinance,1d
2026-03-12,25593.900390625,25925.75,25512.25,25663.19921875,1932100,NIFTY_FINANCIAL_SERVICES,NSE_INDEX,yfinance,1d
2026-03-13,25442.5,25505.099609375,25094.900390625,25138.650390625,1771700,NIFTY_FINANCIAL_SERVICES,NSE_INDEX,yfinance,1d
2026-03-16,25113.349609375,25645.69921875,24946.05078125,25515.25,1956700,NIFTY_FINANCIAL_SERVICES,NSE_INDEX,yfinance,1d
2026-03-17,25624.150390625,25795.349609375,25426.19921875,25724.650390625,1581500,NIFTY_FINANCIAL_SERVICES,NSE_INDEX,yfinance,1d
2026-03-18,25774.55078125,26012.349609375,25615.400390625,25927.349609375,1469200,NIFTY_FINANCIAL_SERVICES,NSE_INDEX,yfinance,1d
2026-03-19,25148.69921875,25376.099609375,24853.650390625,24951.80078125,2943100,NIFTY_FINANCIAL_SERVICES,NSE_INDEX,yfinance,1d
2026-03-20,24997.150390625,25219.400390625,24721.25,24781.150390625,2648600,NIFTY_FINANCIAL_SERVICES,NSE_INDEX,yfinance,1d
2026-03-23,24400.94921875,24427.94921875,23895.69921875,23959.19921875,2242900,NIFTY_FINANCIAL_SERVICES,NSE_INDEX,yfinance,1d
2026-03-24,24388.099609375,24614.099609375,24102.75,24482.19921875,2313500,NIFTY_FINANCIAL_SERVICES,NSE_INDEX,yfinance,1d
2026-03-25,24690.900390625,25213.400390625,24689.19921875,25056.349609375,2275600,NIFTY_FINANCIAL_SERVICES,NSE_INDEX,yfinance,1d
2026-03-27,24856.150390625,24888.349609375,24335.900390625,24373.19921875,2447400,NIFTY_FINANCIAL_SERVICES,NSE_INDEX,yfinance,1d
2026-03-30,24012.400390625,24057.80078125,23450.849609375,23521.80078125,3217300,NIFTY_FINANCIAL_SERVICES,NSE_INDEX,yfinance,1d
2026-04-01,24129.19921875,24275.150390625,23941.94921875,23981.80078125,2444800,NIFTY_FINANCIAL_SERVICES,NSE_INDEX,yfinance,1d
2026-04-02,23608.44921875,24123.349609375,23373.94921875,24041.55078125,1953300,NIFTY_FINANCIAL_SERVICES,NSE_INDEX,yfinance,1d
2026-04-06,24101.75,24647.25,23867.75,24603.099609375,1727900,NIFTY_FINANCIAL_SERVICES,NSE_INDEX,yfinance,1d
2026-04-07,24457.0,24709.55078125,24307.19921875,24685.55078125,1856200,NIFTY_FINANCIAL_SERVICES,NSE_INDEX,yfinance,1d
2026-04-08,25688.650390625,26094.30078125,25623.900390625,26053.05078125,2717300,NIFTY_FINANCIAL_SERVICES,NSE_INDEX,yfinance,1d
2026-04-09,25916.19921875,25966.55078125,25556.150390625,25685.849609375,1930800,NIFTY_FINANCIAL_SERVICES,NSE_INDEX,yfinance,1d
2026-04-10,25898.599609375,26242.80078125,25884.150390625,26213.900390625,1704800,NIFTY_FINANCIAL_SERVICES,NSE_INDEX,yfinance,1d
2026-04-13,25645.349609375,26135.44921875,25525.05078125,26047.5,2042700,NIFTY_FINANCIAL_SERVICES,NSE_INDEX,yfinance,1d
2026-04-15,26404.900390625,26592.599609375,26376.349609375,26445.0,1784300,NIFTY_FINANCIAL_SERVICES,NSE_INDEX,yfinance,1d
2026-04-16,26607.05078125,26719.400390625,26304.05078125,26343.55078125,2303800,NIFTY_FINANCIAL_SERVICES,NSE_INDEX,yfinance,1d
2026-04-17,26309.05078125,26552.19921875,26200.400390625,26521.25,1952000,NIFTY_FINANCIAL_SERVICES,NSE_INDEX,yfinance,1d
2026-04-20,26561.19921875,26706.599609375,26380.94921875,26537.099609375,2084200,NIFTY_FINANCIAL_SERVICES,NSE_INDEX,yfinance,1d
2026-04-21,26624.80078125,26883.19921875,26569.69921875,26850.75,2017600,NIFTY_FINANCIAL_SERVICES,NSE_INDEX,yfinance,1d
2026-04-22,26763.099609375,26855.349609375,26592.05078125,26625.25,1465800,NIFTY_FINANCIAL_SERVICES,NSE_INDEX,yfinance,1d
2026-04-23,26400.349609375,26509.94921875,26221.05078125,26247.19921875,2241000,NIFTY_FINANCIAL_SERVICES,NSE_INDEX,yfinance,1d
2026-04-24,26177.25,26318.349609375,25998.5,26141.75,1540600,NIFTY_FINANCIAL_SERVICES,NSE_INDEX,yfinance,1d
2026-04-27,26160.650390625,26216.55078125,26042.80078125,26164.650390625,1464700,NIFTY_FINANCIAL_SERVICES,NSE_INDEX,yfinance,1d
2026-04-28,26056.19921875,26255.55078125,25887.30078125,25937.5,1643400,NIFTY_FINANCIAL_SERVICES,NSE_INDEX,yfinance,1d
2026-04-29,26007.19921875,26158.75,25846.75,25913.94921875,1415900,NIFTY_FINANCIAL_SERVICES,NSE_INDEX,yfinance,1d
2026-04-30,25717.599609375,25767.400390625,25491.44921875,25657.349609375,2175200,NIFTY_FINANCIAL_SERVICES,NSE_INDEX,yfinance,1d
2026-05-04,25664.75,26022.900390625,25659.650390625,25814.400390625,2010600,NIFTY_FINANCIAL_SERVICES,NSE_INDEX,yfinance,1d
2026-05-05,25712.75,25817.849609375,25568.849609375,25716.900390625,1624800,NIFTY_FINANCIAL_SERVICES,NSE_INDEX,yfinance,1d
2026-05-06,25938.349609375,26450.44921875,25828.05078125,26392.75,2127100,NIFTY_FINANCIAL_SERVICES,NSE_INDEX,yfinance,1d
2026-05-07,26494.69921875,26592.0,26352.75,26449.5,2005600,NIFTY_FINANCIAL_SERVICES,NSE_INDEX,yfinance,1d
2026-05-08,26344.349609375,26353.150390625,25953.80078125,26011.5,1745900,NIFTY_FINANCIAL_SERVICES,NSE_INDEX,yfinance,1d
2026-05-11,25765.19921875,25903.5,25580.599609375,25655.44921875,1940300,NIFTY_FINANCIAL_SERVICES,NSE_INDEX,yfinance,1d
2026-05-12,25539.75,25595.900390625,25096.25,25137.150390625,1740200,NIFTY_FINANCIAL_SERVICES,NSE_INDEX,yfinance,1d
2026-05-13,25152.55078125,25375.0,24970.400390625,25116.650390625,1542200,NIFTY_FINANCIAL_SERVICES,NSE_INDEX,yfinance,1d
2026-05-14,25200.75,25590.75,25041.5,25472.5,1671100,NIFTY_FINANCIAL_SERVICES,NSE_INDEX,yfinance,1d
2026-05-15,25470.69921875,25614.75,25304.05078125,25343.849609375,1361000,NIFTY_FINANCIAL_SERVICES,NSE_INDEX,yfinance,1d
2026-05-18,25087.650390625,25403.099609375,24911.44921875,25349.75,1324400,NIFTY_FINANCIAL_SERVICES,NSE_INDEX,yfinance,1d
2026-05-19,25350.19921875,25460.599609375,25256.400390625,25283.400390625,1708800,NIFTY_FINANCIAL_SERVICES,NSE_INDEX,yfinance,1d
2026-05-20,25078.44921875,25329.150390625,25010.30078125,25294.599609375,1130400,NIFTY_FINANCIAL_SERVICES,NSE_INDEX,yfinance,1d
2026-05-21,25493.349609375,25537.900390625,25126.400390625,25237.19921875,1274700,NIFTY_FINANCIAL_SERVICES,NSE_INDEX,yfinance,1d
2026-05-22,25269.900390625,25628.19921875,25265.94921875,25531.5,1044600,NIFTY_FINANCIAL_SERVICES,NSE_INDEX,yfinance,1d
2026-05-25,25805.80078125,26145.75,25797.94921875,26102.150390625,1134900,NIFTY_FINANCIAL_SERVICES,NSE_INDEX,yfinance,1d
2026-05-26,26092.55078125,26179.400390625,25886.25,25932.25,1313900,NIFTY_FINANCIAL_SERVICES,NSE_INDEX,yfinance,1d
2026-05-27,25901.44921875,25947.30078125,25715.80078125,25752.19921875,1409900,NIFTY_FINANCIAL_SERVICES,NSE_INDEX,yfinance,1d
2026-05-29,25643.599609375,25816.25,25288.05078125,25354.0,3505400,NIFTY_FINANCIAL_SERVICES,NSE_INDEX,yfinance,1d
2026-06-01,25428.69921875,25488.5,24959.599609375,25008.44921875,1360300,NIFTY_FINANCIAL_SERVICES,NSE_INDEX,yfinance,1d
2026-06-02,24782.44921875,24973.25,24663.25,24861.25,1726900,NIFTY_FINANCIAL_SERVICES,NSE_INDEX,yfinance,1d
2026-06-03,24794.55078125,25023.69921875,24530.80078125,24955.69921875,1592700,NIFTY_FINANCIAL_SERVICES,NSE_INDEX,yfinance,1d
2026-06-04,24824.400390625,25120.30078125,24787.349609375,25031.25,1512300,NIFTY_FINANCIAL_SERVICES,NSE_INDEX,yfinance,1d
2026-06-05,25085.599609375,25355.099609375,24950.650390625,25056.80078125,1448200,NIFTY_FINANCIAL_SERVICES,NSE_INDEX,yfinance,1d
2026-06-08,24738.30078125,24951.900390625,24734.44921875,24805.0,1206800,NIFTY_FINANCIAL_SERVICES,NSE_INDEX,yfinance,1d
2026-06-09,24934.5,25199.599609375,24897.349609375,25152.44921875,1554300,NIFTY_FINANCIAL_SERVICES,NSE_INDEX,yfinance,1d
2026-06-10,25105.55078125,25445.44921875,25097.400390625,25206.25,1645900,NIFTY_FINANCIAL_SERVICES,NSE_INDEX,yfinance,1d
2026-06-11,25087.80078125,25405.599609375,25068.30078125,25152.0,1550000,NIFTY_FINANCIAL_SERVICES,NSE_INDEX,yfinance,1d
2026-06-12,25489.25,25962.05078125,25401.05078125,25943.349609375,1507700,NIFTY_FINANCIAL_SERVICES,NSE_INDEX,yfinance,1d
2026-06-15,26423.5,26512.94921875,26232.69921875,26274.80078125,1619700,NIFTY_FINANCIAL_SERVICES,NSE_INDEX,yfinance,1d
2026-06-16,26325.650390625,26460.099609375,26306.75,26442.30078125,1194700,NIFTY_FINANCIAL_SERVICES,NSE_INDEX,yfinance,1d
2026-06-17,26477.400390625,26508.80078125,26348.150390625,26404.94921875,1091700,NIFTY_FINANCIAL_SERVICES,NSE_INDEX,yfinance,1d
2026-06-18,26396.30078125,26605.69921875,26385.19921875,26581.94921875,1218900,NIFTY_FINANCIAL_SERVICES,NSE_INDEX,yfinance,1d
2026-06-19,26466.25,26487.650390625,26331.05078125,26431.150390625,1302100,NIFTY_FINANCIAL_SERVICES,NSE_INDEX,yfinance,1d
2026-06-22,26551.75,26634.349609375,26503.650390625,26585.55078125,976400,NIFTY_FINANCIAL_SERVICES,NSE_INDEX,yfinance,1d
2026-06-23,26563.849609375,26691.5,26282.599609375,26329.30078125,1148300,NIFTY_FINANCIAL_SERVICES,NSE_INDEX,yfinance,1d
2026-06-24,26277.55078125,26785.400390625,26277.55078125,26736.0,1342100,NIFTY_FINANCIAL_SERVICES,NSE_INDEX,yfinance,1d
2026-06-25,26884.349609375,27048.349609375,26747.150390625,26770.55078125,1685100,NIFTY_FINANCIAL_SERVICES,NSE_INDEX,yfinance,1d
2026-06-29,26793.44921875,26887.150390625,26565.400390625,26598.349609375,2233700,NIFTY_FINANCIAL_SERVICES,NSE_INDEX,yfinance,1d
2026-06-30,26724.849609375,26729.69921875,26505.75,26554.55078125,1706000,NIFTY_FINANCIAL_SERVICES,NSE_INDEX,yfinance,1d
2026-07-01,26553.75,26848.69921875,26527.900390625,26797.75,1174100,NIFTY_FINANCIAL_SERVICES,NSE_INDEX,yfinance,1d
2026-07-02,26804.150390625,26979.05078125,26802.55078125,26862.400390625,1214500,NIFTY_FINANCIAL_SERVICES,NSE_INDEX,yfinance,1d
2026-07-03,27090.900390625,27097.0,26844.0,26875.05078125,1144500,NIFTY_FINANCIAL_SERVICES,NSE_INDEX,yfinance,1d
2026-07-06,26910.30078125,27070.0,26878.75,26993.849609375,1678100,NIFTY_FINANCIAL_SERVICES,NSE_INDEX,yfinance,1d
2026-07-07,27111.75,27127.150390625,26928.150390625,26985.05078125,1814100,NIFTY_FINANCIAL_SERVICES,NSE_INDEX,yfinance,1d
2026-07-08,26820.05078125,26898.44921875,26237.30078125,26323.75,1764000,NIFTY_FINANCIAL_SERVICES,NSE_INDEX,yfinance,1d
2026-07-09,26366.80078125,26592.94921875,26361.25,26482.44921875,1561700,NIFTY_FINANCIAL_SERVICES,NSE_INDEX,yfinance,1d
2026-07-10,26650.400390625,26857.94921875,26641.25,26831.05078125,1184100,NIFTY_FINANCIAL_SERVICES,NSE_INDEX,yfinance,1d
2026-07-13,26602.94921875,26882.5,26550.30078125,26836.150390625,1017500,NIFTY_FINANCIAL_SERVICES,NSE_INDEX,yfinance,1d
2026-07-14,26669.849609375,26695.849609375,26466.94921875,26536.69921875,1292900,NIFTY_FINANCIAL_SERVICES,NSE_INDEX,yfinance,1d
2026-07-15,26631.69921875,26900.0,26581.69921875,26693.349609375,1142800,NIFTY_FINANCIAL_SERVICES,NSE_INDEX,yfinance,1d
2026-07-16,26712.0,26736.80078125,26484.19921875,26556.69921875,1111400,NIFTY_FINANCIAL_SERVICES,NSE_INDEX,yfinance,1d
2026-07-17,26630.900390625,26959.849609375,26569.30078125,26903.349609375,2181300,NIFTY_FINANCIAL_SERVICES,NSE_INDEX,yfinance,1d
