date,open,high,low,close,volume,symbol,exchange,source,interval
2021-08-16,32671.75,32905.3515625,32438.25,32577.94921875,18000,NIFTY_IT,NSE_INDEX,yfinance,1d
2021-08-17,32614.0,33487.1015625,32449.650390625,33414.75,42300,NIFTY_IT,NSE_INDEX,yfinance,1d
2021-08-18,33482.8515625,33840.44921875,33268.6015625,33448.8984375,29400,NIFTY_IT,NSE_INDEX,yfinance,1d
2021-08-20,32954.19921875,33652.3984375,32949.8984375,33351.3515625,28500,NIFTY_IT,NSE_INDEX,yfinance,1d
2021-08-23,33582.1484375,34153.3984375,33567.3515625,33919.80078125,36600,NIFTY_IT,NSE_INDEX,yfinance,1d
2021-08-24,34145.25,34262.6015625,33634.75,33838.3984375,28600,NIFTY_IT,NSE_INDEX,yfinance,1d
2021-08-25,33887.75,34399.8515625,33764.1015625,34083.94921875,25300,NIFTY_IT,NSE_INDEX,yfinance,1d
2021-08-26,34092.8984375,34375.94921875,33929.69921875,34041.1015625,21000,NIFTY_IT,NSE_INDEX,yfinance,1d
2021-08-27,34036.44921875,34392.8515625,33799.05078125,34309.80078125,26200,NIFTY_IT,NSE_INDEX,yfinance,1d
2021-08-30,34338.75,34480.1484375,34027.5,34109.25,21200,NIFTY_IT,NSE_INDEX,yfinance,1d
2021-08-31,34205.80078125,34680.6484375,34043.6015625,34570.25,40000,NIFTY_IT,NSE_INDEX,yfinance,1d
2021-09-01,34698.75,34780.0,34037.1484375,34110.5,22300,NIFTY_IT,NSE_INDEX,yfinance,1d
2021-09-02,34218.25,34846.8984375,34051.8984375,34680.30078125,27500,NIFTY_IT,NSE_INDEX,yfinance,1d
2021-09-03,34744.44921875,34997.69921875,34490.6484375,34891.19921875,20900,NIFTY_IT,NSE_INDEX,yfinance,1d
2021-09-06,34992.05078125,35464.3984375,34855.94921875,35415.1015625,27600,NIFTY_IT,NSE_INDEX,yfinance,1d
2021-09-07,35549.30078125,35581.55078125,34906.8515625,34951.30078125,19400,NIFTY_IT,NSE_INDEX,yfinance,1d
2021-09-08,34973.8984375,34979.30078125,34515.44921875,34678.19921875,22700,NIFTY_IT,NSE_INDEX,yfinance,1d
2021-09-09,34676.19921875,34862.8515625,34530.0,34802.30078125,18000,NIFTY_IT,NSE_INDEX,yfinance,1d
2021-09-13,34688.30078125,35242.5,34573.69921875,35129.6015625,21100,NIFTY_IT,NSE_INDEX,yfinance,1d
2021-09-14,35224.25,35476.8984375,35020.69921875,35431.5,20200,NIFTY_IT,NSE_INDEX,yfinance,1d
2021-09-15,35462.3515625,36200.0,35375.3515625,36075.19921875,23100,NIFTY_IT,NSE_INDEX,yfinance,1d
2021-09-16,36151.3515625,36310.75,35694.8515625,35852.44921875,19500,NIFTY_IT,NSE_INDEX,yfinance,1d
2021-09-17,35915.3984375,36131.25,35527.0,35646.5,30300,NIFTY_IT,NSE_INDEX,yfinance,1d
2021-09-20,35462.3984375,36130.55078125,35346.19921875,35400.05078125,22500,NIFTY_IT,NSE_INDEX,yfinance,1d
2021-09-21,35609.1015625,36127.80078125,35332.8515625,36086.05078125,19600,NIFTY_IT,NSE_INDEX,yfinance,1d
2021-09-22,36154.05078125,36713.1484375,36145.94921875,36422.44921875,25700,NIFTY_IT,NSE_INDEX,yfinance,1d
2021-09-23,36691.94921875,36867.44921875,36532.44921875,36816.8984375,16700,NIFTY_IT,NSE_INDEX,yfinance,1d
2021-09-24,37128.75,37823.1484375,37055.0,37103.25,39400,NIFTY_IT,NSE_INDEX,yfinance,1d
2021-09-27,37335.8984375,37345.05078125,35968.75,36034.3984375,29900,NIFTY_IT,NSE_INDEX,yfinance,1d
2021-09-28,36082.0,36082.0,34924.55078125,35239.94921875,34200,NIFTY_IT,NSE_INDEX,yfinance,1d
2021-09-29,34894.8984375,35578.30078125,34733.94921875,35282.6484375,37000,NIFTY_IT,NSE_INDEX,yfinance,1d
2021-09-30,35394.8984375,35408.1015625,34975.6015625,35028.0,25400,NIFTY_IT,NSE_INDEX,yfinance,1d
2021-10-01,34955.5,35100.8984375,34719.80078125,34780.6015625,20000,NIFTY_IT,NSE_INDEX,yfinance,1d
2021-10-04,34923.80078125,35184.55078125,34778.25,35126.1484375,16800,NIFTY_IT,NSE_INDEX,yfinance,1d
2021-10-05,34978.3984375,35650.8515625,34781.6015625,35544.30078125,20600,NIFTY_IT,NSE_INDEX,yfinance,1d
2021-10-06,35689.55078125,35801.5,35003.05078125,35075.80078125,18500,NIFTY_IT,NSE_INDEX,yfinance,1d
2021-10-07,35323.6015625,35903.94921875,35233.30078125,35703.8515625,17800,NIFTY_IT,NSE_INDEX,yfinance,1d
2021-10-08,35920.55078125,36703.55078125,35786.30078125,36402.0,31000,NIFTY_IT,NSE_INDEX,yfinance,1d
2021-10-11,35494.3984375,35690.3984375,34768.94921875,35179.94921875,43100,NIFTY_IT,NSE_INDEX,yfinance,1d
2021-10-12,35179.19921875,35294.1484375,34512.80078125,34869.75,41100,NIFTY_IT,NSE_INDEX,yfinance,1d
2021-10-13,35053.69921875,35324.44921875,34872.3984375,35285.6015625,29400,NIFTY_IT,NSE_INDEX,yfinance,1d
2021-10-14,35921.44921875,36412.44921875,35571.3984375,35744.8515625,111700,NIFTY_IT,NSE_INDEX,yfinance,1d
2021-10-18,36012.0,36400.6015625,35863.3984375,36306.3515625,58800,NIFTY_IT,NSE_INDEX,yfinance,1d
2021-10-19,36841.6015625,37491.8515625,36720.0,37106.3515625,53800,NIFTY_IT,NSE_INDEX,yfinance,1d
2021-10-20,37188.1484375,37463.8984375,36534.5,36846.80078125,37500,NIFTY_IT,NSE_INDEX,yfinance,1d
2021-10-21,36988.8984375,36988.8984375,35624.5,35913.6015625,38300,NIFTY_IT,NSE_INDEX,yfinance,1d
2021-10-22,35892.6484375,36297.19921875,35098.19921875,35394.6484375,30400,NIFTY_IT,NSE_INDEX,yfinance,1d
2021-10-25,35467.1015625,35521.05078125,34529.8515625,35005.3984375,32100,NIFTY_IT,NSE_INDEX,yfinance,1d
2021-10-26,35181.69921875,35699.8515625,34957.75,35162.3515625,40800,NIFTY_IT,NSE_INDEX,yfinance,1d
2021-10-27,35245.05078125,35578.0,35163.05078125,35503.8984375,23600,NIFTY_IT,NSE_INDEX,yfinance,1d
2021-10-28,35575.6484375,35575.6484375,34787.1015625,34913.6015625,22600,NIFTY_IT,NSE_INDEX,yfinance,1d
2021-10-29,34820.30078125,35178.75,34288.55078125,34408.75,26900,NIFTY_IT,NSE_INDEX,yfinance,1d
2021-11-01,34677.30078125,35328.55078125,34654.94921875,35290.0,19700,NIFTY_IT,NSE_INDEX,yfinance,1d
2021-11-02,35334.25,35522.3515625,35076.1484375,35177.3515625,17700,NIFTY_IT,NSE_INDEX,yfinance,1d
2021-11-03,35351.44921875,35525.75,35093.05078125,35177.1015625,15000,NIFTY_IT,NSE_INDEX,yfinance,1d
2021-11-04,35403.0,35452.3515625,35302.44921875,35334.25,2200,NIFTY_IT,NSE_INDEX,yfinance,1d
2021-11-08,35606.0,35852.5,35177.94921875,35782.3515625,22100,NIFTY_IT,NSE_INDEX,yfinance,1d
2021-11-09,35839.19921875,36117.94921875,35763.8515625,35815.1015625,18300,NIFTY_IT,NSE_INDEX,yfinance,1d
2021-11-10,35635.05078125,35862.44921875,35576.19921875,35722.94921875,15500,NIFTY_IT,NSE_INDEX,yfinance,1d
2021-11-11,35626.6484375,35697.0,35141.30078125,35583.6484375,19600,NIFTY_IT,NSE_INDEX,yfinance,1d
2021-11-12,35860.1015625,36378.05078125,35732.75,36332.30078125,23500,NIFTY_IT,NSE_INDEX,yfinance,1d
2021-11-15,36391.1015625,36646.25,36302.94921875,36465.30078125,18700,NIFTY_IT,NSE_INDEX,yfinance,1d
2021-11-16,36555.25,36794.25,36429.8984375,36643.8984375,23800,NIFTY_IT,NSE_INDEX,yfinance,1d
2021-11-17,36623.75,36835.94921875,36431.25,36660.8984375,19700,NIFTY_IT,NSE_INDEX,yfinance,1d
2021-11-18,36641.55078125,36702.3984375,35867.30078125,36007.0,22000,NIFTY_IT,NSE_INDEX,yfinance,1d
2021-11-22,36097.0,36097.0,35224.55078125,35478.94921875,24300,NIFTY_IT,NSE_INDEX,yfinance,1d
2021-11-23,35206.0,35645.44921875,34707.8515625,35504.3984375,24100,NIFTY_IT,NSE_INDEX,yfinance,1d
2021-11-24,35627.94921875,35662.6015625,34828.30078125,34966.25,20200,NIFTY_IT,NSE_INDEX,yfinance,1d
2021-11-25,34978.0,35365.75,34934.55078125,35300.25,16900,NIFTY_IT,NSE_INDEX,yfinance,1d
2021-11-26,35024.69921875,35190.1015625,34512.6015625,34606.1484375,17400,NIFTY_IT,NSE_INDEX,yfinance,1d
2021-11-29,34382.3984375,35104.3515625,33953.8984375,34870.75,21000,NIFTY_IT,NSE_INDEX,yfinance,1d
2021-11-30,35018.8984375,35654.19921875,34918.6015625,35043.75,68200,NIFTY_IT,NSE_INDEX,yfinance,1d
2021-12-01,35143.0,35652.19921875,35123.94921875,35429.0,20200,NIFTY_IT,NSE_INDEX,yfinance,1d
2021-12-02,35504.80078125,36195.6484375,35418.25,36157.8515625,23600,NIFTY_IT,NSE_INDEX,yfinance,1d
2021-12-03,36314.80078125,36518.80078125,35784.1484375,35848.05078125,22500,NIFTY_IT,NSE_INDEX,yfinance,1d
2021-12-06,35835.44921875,35953.75,34828.1484375,34879.3984375,17500,NIFTY_IT,NSE_INDEX,yfinance,1d
2021-12-07,35136.55078125,35384.0,34756.6015625,35272.30078125,16200,NIFTY_IT,NSE_INDEX,yfinance,1d
2021-12-08,35584.80078125,36131.94921875,35576.8515625,35959.05078125,18600,NIFTY_IT,NSE_INDEX,yfinance,1d
2021-12-09,35963.69921875,36114.0,35573.3515625,35946.3515625,12400,NIFTY_IT,NSE_INDEX,yfinance,1d
2021-12-10,35820.05078125,35974.75,35652.19921875,35939.6015625,11800,NIFTY_IT,NSE_INDEX,yfinance,1d
2021-12-13,36104.3515625,36507.30078125,35984.55078125,36050.55078125,20400,NIFTY_IT,NSE_INDEX,yfinance,1d
2021-12-14,35946.75,36252.05078125,35637.8515625,36102.55078125,17400,NIFTY_IT,NSE_INDEX,yfinance,1d
2021-12-15,36033.8984375,36060.0,35536.1484375,35737.19921875,13100,NIFTY_IT,NSE_INDEX,yfinance,1d
2021-12-16,36078.30078125,36354.8515625,35979.1484375,36160.30078125,18900,NIFTY_IT,NSE_INDEX,yfinance,1d
2021-12-17,36704.19921875,37013.25,36497.94921875,36647.8984375,89100,NIFTY_IT,NSE_INDEX,yfinance,1d
2021-12-20,36411.8515625,36598.3515625,35559.30078125,35916.44921875,29300,NIFTY_IT,NSE_INDEX,yfinance,1d
2021-12-21,36159.19921875,36970.55078125,36147.6015625,36627.1484375,32300,NIFTY_IT,NSE_INDEX,yfinance,1d
2021-12-22,36853.8515625,37014.75,36669.0,36989.1484375,18900,NIFTY_IT,NSE_INDEX,yfinance,1d
2021-12-23,37190.30078125,37528.0,37086.8984375,37362.8515625,18500,NIFTY_IT,NSE_INDEX,yfinance,1d
2021-12-24,37657.1484375,37822.1484375,37417.6484375,37727.80078125,34400,NIFTY_IT,NSE_INDEX,yfinance,1d
2021-12-27,37722.8984375,38029.30078125,37431.0,37988.5,19000,NIFTY_IT,NSE_INDEX,yfinance,1d
2021-12-28,38184.6015625,38500.25,38164.44921875,38357.80078125,19000,NIFTY_IT,NSE_INDEX,yfinance,1d
2021-12-29,38269.1015625,38484.8984375,38181.8984375,38274.6484375,14200,NIFTY_IT,NSE_INDEX,yfinance,1d
2021-12-30,38231.1484375,38897.6015625,38153.3515625,38658.80078125,27100,NIFTY_IT,NSE_INDEX,yfinance,1d
2021-12-31,38708.1484375,38861.1015625,38468.3984375,38701.05078125,16300,NIFTY_IT,NSE_INDEX,yfinance,1d
2022-01-03,38752.6015625,39286.3515625,38752.55078125,39123.80078125,16700,NIFTY_IT,NSE_INDEX,yfinance,1d
2022-01-04,39243.5,39446.69921875,38828.6015625,39370.69921875,19900,NIFTY_IT,NSE_INDEX,yfinance,1d
2022-01-05,39261.55078125,39293.1484375,38409.25,38609.1484375,25200,NIFTY_IT,NSE_INDEX,yfinance,1d
2022-01-06,38181.3515625,38206.6015625,37757.19921875,38009.0,25900,NIFTY_IT,NSE_INDEX,yfinance,1d
2022-01-07,38140.1484375,38394.80078125,38003.1484375,38139.8515625,21600,NIFTY_IT,NSE_INDEX,yfinance,1d
2022-01-10,38596.75,38621.8984375,37991.30078125,38212.19921875,32800,NIFTY_IT,NSE_INDEX,yfinance,1d
2022-01-11,38186.94921875,38664.3984375,38138.0,38605.44921875,26600,NIFTY_IT,NSE_INDEX,yfinance,1d
2022-01-12,38857.75,38902.80078125,38424.75,38604.75,28100,NIFTY_IT,NSE_INDEX,yfinance,1d
2022-01-13,38768.8515625,38886.8515625,38151.05078125,38607.0,61200,NIFTY_IT,NSE_INDEX,yfinance,1d
2022-01-14,38351.3515625,38892.6484375,38049.6015625,38826.8515625,35700,NIFTY_IT,NSE_INDEX,yfinance,1d
2022-01-17,38764.6484375,38993.25,38486.3515625,38804.94921875,35400,NIFTY_IT,NSE_INDEX,yfinance,1d
2022-01-18,38830.1484375,38990.55078125,38004.25,38091.75,28100,NIFTY_IT,NSE_INDEX,yfinance,1d
2022-01-19,38011.8984375,38011.8984375,37236.1484375,37281.69921875,32700,NIFTY_IT,NSE_INDEX,yfinance,1d
2022-01-20,37175.0,37249.05078125,36512.5,36662.19921875,32000,NIFTY_IT,NSE_INDEX,yfinance,1d
2022-01-21,36354.30078125,36579.6484375,35836.6484375,36054.6015625,34500,NIFTY_IT,NSE_INDEX,yfinance,1d
2022-01-24,35934.19921875,35969.8515625,34563.19921875,34821.6015625,36400,NIFTY_IT,NSE_INDEX,yfinance,1d
2022-01-25,34490.3515625,35065.80078125,33956.55078125,34707.44921875,41900,NIFTY_IT,NSE_INDEX,yfinance,1d
2022-01-27,34338.1015625,34362.8515625,33251.69921875,33475.05078125,49300,NIFTY_IT,NSE_INDEX,yfinance,1d
2022-01-28,33608.44921875,34473.5,33608.44921875,33851.94921875,48300,NIFTY_IT,NSE_INDEX,yfinance,1d
2022-01-31,34519.30078125,34972.25,34440.30078125,34824.55078125,40400,NIFTY_IT,NSE_INDEX,yfinance,1d
2022-02-01,35337.94921875,35435.5,34754.3515625,35371.6484375,29800,NIFTY_IT,NSE_INDEX,yfinance,1d
2022-02-02,35556.5,35845.30078125,35278.55078125,35788.75,32400,NIFTY_IT,NSE_INDEX,yfinance,1d
2022-02-03,35656.8515625,35693.3984375,34962.44921875,35056.80078125,21200,NIFTY_IT,NSE_INDEX,yfinance,1d
2022-02-04,34982.69921875,35194.6015625,34539.8984375,35080.1015625,21600,NIFTY_IT,NSE_INDEX,yfinance,1d
2022-02-07,34898.0,35148.0,34372.94921875,34621.25,21600,NIFTY_IT,NSE_INDEX,yfinance,1d
2022-02-08,34687.8515625,34862.1015625,34189.6484375,34521.55078125,22700,NIFTY_IT,NSE_INDEX,yfinance,1d
2022-02-09,34741.8515625,35052.6484375,34707.6484375,34983.30078125,18600,NIFTY_IT,NSE_INDEX,yfinance,1d
2022-02-10,35255.94921875,35379.8515625,34994.75,35341.8515625,17800,NIFTY_IT,NSE_INDEX,yfinance,1d
2022-02-11,34889.44921875,34917.8515625,34313.25,34379.05078125,28100,NIFTY_IT,NSE_INDEX,yfinance,1d
2022-02-14,33857.3984375,34466.6484375,33666.25,33880.6484375,29100,NIFTY_IT,NSE_INDEX,yfinance,1d
2022-02-15,34268.30078125,35017.1015625,34081.05078125,34913.30078125,22600,NIFTY_IT,NSE_INDEX,yfinance,1d
2022-02-16,35103.19921875,35209.69921875,34712.30078125,34801.94921875,21700,NIFTY_IT,NSE_INDEX,yfinance,1d
2022-02-17,35022.8515625,35052.3515625,34564.19921875,34634.1015625,18800,NIFTY_IT,NSE_INDEX,yfinance,1d
2022-02-18,34359.94921875,34727.1015625,34295.69921875,34483.1015625,21700,NIFTY_IT,NSE_INDEX,yfinance,1d
2022-02-21,34372.0,34692.3515625,33989.30078125,34472.05078125,27100,NIFTY_IT,NSE_INDEX,yfinance,1d
2022-02-22,33678.3515625,34287.19921875,33600.44921875,34129.55078125,32900,NIFTY_IT,NSE_INDEX,yfinance,1d
2022-02-23,34385.1015625,34430.94921875,34042.69921875,34114.30078125,19900,NIFTY_IT,NSE_INDEX,yfinance,1d
2022-02-24,33077.6484375,33396.25,32438.25,32547.900390625,44300,NIFTY_IT,NSE_INDEX,yfinance,1d
2022-02-25,33214.3515625,33678.0,33058.80078125,33476.94921875,27500,NIFTY_IT,NSE_INDEX,yfinance,1d
2022-02-28,33180.3515625,33961.05078125,32858.75,33847.8515625,39200,NIFTY_IT,NSE_INDEX,yfinance,1d
2022-03-02,33748.3984375,33924.75,33484.6015625,33720.0,25400,NIFTY_IT,NSE_INDEX,yfinance,1d
2022-03-03,34032.19921875,34410.69921875,33887.55078125,34130.30078125,31900,NIFTY_IT,NSE_INDEX,yfinance,1d
2022-03-04,33720.6484375,34504.8515625,33462.19921875,34177.69921875,34400,NIFTY_IT,NSE_INDEX,yfinance,1d
2022-03-07,33524.6015625,34435.6015625,33499.3515625,34135.8984375,34500,NIFTY_IT,NSE_INDEX,yfinance,1d
2022-03-08,33977.8984375,35162.94921875,33977.8984375,35055.55078125,34100,NIFTY_IT,NSE_INDEX,yfinance,1d
2022-03-09,35218.1484375,35726.25,35154.19921875,35440.55078125,35100,NIFTY_IT,NSE_INDEX,yfinance,1d
2022-03-10,35931.1484375,35931.1484375,35265.5,35399.1015625,29000,NIFTY_IT,NSE_INDEX,yfinance,1d
2022-03-11,35203.80078125,35478.3515625,35148.1015625,35348.69921875,17400,NIFTY_IT,NSE_INDEX,yfinance,1d
2022-03-14,35347.94921875,36071.3984375,35347.94921875,36028.0,28700,NIFTY_IT,NSE_INDEX,yfinance,1d
2022-03-15,36131.44921875,36131.44921875,34996.55078125,35097.8515625,26400,NIFTY_IT,NSE_INDEX,yfinance,1d
2022-03-16,35601.3515625,35787.94921875,35369.69921875,35729.6484375,20900,NIFTY_IT,NSE_INDEX,yfinance,1d
2022-03-17,36245.05078125,36246.44921875,35466.19921875,35643.6015625,42400,NIFTY_IT,NSE_INDEX,yfinance,1d
2022-03-21,35829.19921875,36135.5,35299.1015625,35377.75,26700,NIFTY_IT,NSE_INDEX,yfinance,1d
2022-03-22,35425.94921875,36119.8515625,35309.55078125,36070.44921875,25700,NIFTY_IT,NSE_INDEX,yfinance,1d
2022-03-23,36251.8515625,36362.94921875,35883.1015625,36082.0,21300,NIFTY_IT,NSE_INDEX,yfinance,1d
2022-03-24,35872.55078125,36597.80078125,35853.1015625,36516.75,16600,NIFTY_IT,NSE_INDEX,yfinance,1d
2022-03-25,36630.19921875,36710.5,35914.80078125,36152.30078125,17500,NIFTY_IT,NSE_INDEX,yfinance,1d
2022-03-28,36108.5,36207.75,35669.6015625,36026.05078125,18400,NIFTY_IT,NSE_INDEX,yfinance,1d
2022-03-29,36075.44921875,36256.30078125,35982.94921875,36146.75,17500,NIFTY_IT,NSE_INDEX,yfinance,1d
2022-03-30,36493.1015625,36519.75,36244.44921875,36463.55078125,26800,NIFTY_IT,NSE_INDEX,yfinance,1d
2022-03-31,36517.94921875,36663.19921875,36164.8984375,36317.19921875,21700,NIFTY_IT,NSE_INDEX,yfinance,1d
2022-04-01,36228.25,36424.6015625,36039.6484375,36343.3984375,18600,NIFTY_IT,NSE_INDEX,yfinance,1d
2022-04-04,36347.55078125,36526.75,36130.3515625,36442.8984375,18800,NIFTY_IT,NSE_INDEX,yfinance,1d
2022-04-05,36534.94921875,36813.1015625,36423.5,36466.55078125,22100,NIFTY_IT,NSE_INDEX,yfinance,1d
2022-04-06,36371.0,36371.8984375,35781.5,35871.5,19000,NIFTY_IT,NSE_INDEX,yfinance,1d
2022-04-07,35744.6484375,35817.44921875,35379.19921875,35423.25,24700,NIFTY_IT,NSE_INDEX,yfinance,1d
2022-04-08,35599.30078125,35679.30078125,35219.6484375,35394.44921875,21400,NIFTY_IT,NSE_INDEX,yfinance,1d
2022-04-11,35429.6484375,35443.80078125,34832.8515625,34895.8984375,29900,NIFTY_IT,NSE_INDEX,yfinance,1d
2022-04-12,34683.8515625,34747.75,34204.1015625,34379.5,26600,NIFTY_IT,NSE_INDEX,yfinance,1d
2022-04-13,34553.1015625,34591.0,34231.80078125,34354.80078125,18500,NIFTY_IT,NSE_INDEX,yfinance,1d
2022-04-18,33174.55078125,33366.1484375,32600.900390625,32780.05078125,57300,NIFTY_IT,NSE_INDEX,yfinance,1d
2022-04-19,33108.6484375,33108.6484375,31569.349609375,31804.19921875,38800,NIFTY_IT,NSE_INDEX,yfinance,1d
2022-04-20,32030.75,32306.349609375,31718.150390625,32173.400390625,27900,NIFTY_IT,NSE_INDEX,yfinance,1d
2022-04-21,32399.599609375,32700.0,32145.30078125,32611.599609375,26500,NIFTY_IT,NSE_INDEX,yfinance,1d
2022-04-22,32287.849609375,32748.849609375,32186.400390625,32426.69921875,30100,NIFTY_IT,NSE_INDEX,yfinance,1d
2022-04-25,32103.19921875,32130.44921875,31637.44921875,31744.0,22500,NIFTY_IT,NSE_INDEX,yfinance,1d
2022-04-26,32088.94921875,32141.44921875,31683.19921875,31840.05078125,19500,NIFTY_IT,NSE_INDEX,yfinance,1d
2022-04-27,31689.849609375,31689.849609375,31276.150390625,31594.349609375,26900,NIFTY_IT,NSE_INDEX,yfinance,1d
2022-04-28,31858.5,32156.30078125,31468.150390625,31914.349609375,28000,NIFTY_IT,NSE_INDEX,yfinance,1d
2022-04-29,32135.900390625,32212.900390625,31541.349609375,31622.400390625,33500,NIFTY_IT,NSE_INDEX,yfinance,1d
2022-05-02,31377.349609375,31409.650390625,30940.650390625,31138.80078125,37000,NIFTY_IT,NSE_INDEX,yfinance,1d
2022-05-04,31260.400390625,31452.80078125,30663.400390625,30794.599609375,25000,NIFTY_IT,NSE_INDEX,yfinance,1d
2022-05-05,31215.69921875,31470.150390625,31117.5,31432.44921875,21100,NIFTY_IT,NSE_INDEX,yfinance,1d
2022-05-06,30803.75,30881.099609375,30278.849609375,30719.44921875,31900,NIFTY_IT,NSE_INDEX,yfinance,1d
2022-05-09,30490.94921875,30934.44921875,30019.80078125,30733.30078125,31400,NIFTY_IT,NSE_INDEX,yfinance,1d
2022-05-10,30635.0,30785.94921875,30343.099609375,30427.19921875,22900,NIFTY_IT,NSE_INDEX,yfinance,1d
2022-05-11,30425.55078125,30548.55078125,29669.25,30050.25,29100,NIFTY_IT,NSE_INDEX,yfinance,1d
2022-05-12,29744.5,30184.349609375,29497.25,29756.849609375,26400,NIFTY_IT,NSE_INDEX,yfinance,1d
2022-05-13,30062.80078125,30115.05078125,29539.05078125,29624.849609375,24100,NIFTY_IT,NSE_INDEX,yfinance,1d
2022-05-16,29680.650390625,29875.25,29278.349609375,29403.5,18000,NIFTY_IT,NSE_INDEX,yfinance,1d
2022-05-17,29503.30078125,30313.900390625,29339.650390625,30218.75,23400,NIFTY_IT,NSE_INDEX,yfinance,1d
2022-05-18,30367.5,30823.150390625,30045.650390625,30077.69921875,27900,NIFTY_IT,NSE_INDEX,yfinance,1d
2022-05-19,29448.44921875,29495.150390625,28193.599609375,28352.150390625,45400,NIFTY_IT,NSE_INDEX,yfinance,1d
2022-05-20,28884.75,28897.44921875,28577.650390625,28789.400390625,26500,NIFTY_IT,NSE_INDEX,yfinance,1d
2022-05-23,28861.349609375,29308.25,28604.69921875,29079.30078125,22000,NIFTY_IT,NSE_INDEX,yfinance,1d
2022-05-24,29123.599609375,29141.55078125,28425.400390625,28531.5,23400,NIFTY_IT,NSE_INDEX,yfinance,1d
2022-05-25,28470.900390625,28479.349609375,27423.80078125,27566.099609375,33600,NIFTY_IT,NSE_INDEX,yfinance,1d
2022-05-26,27729.150390625,28040.25,27516.400390625,27932.55078125,31500,NIFTY_IT,NSE_INDEX,yfinance,1d
2022-05-27,28302.30078125,28728.30078125,28210.80078125,28641.599609375,25700,NIFTY_IT,NSE_INDEX,yfinance,1d
2022-05-30,29084.099609375,29837.650390625,29069.0,29753.30078125,28000,NIFTY_IT,NSE_INDEX,yfinance,1d
2022-05-31,29609.099609375,29807.349609375,29294.349609375,29679.05078125,55300,NIFTY_IT,NSE_INDEX,yfinance,1d
2022-06-01,29822.150390625,29829.75,29148.55078125,29260.75,22400,NIFTY_IT,NSE_INDEX,yfinance,1d
2022-06-02,29249.80078125,29875.349609375,29197.900390625,29792.400390625,24100,NIFTY_IT,NSE_INDEX,yfinance,1d
2022-06-03,30169.94921875,30559.0,29858.150390625,29903.80078125,33100,NIFTY_IT,NSE_INDEX,yfinance,1d
2022-06-06,29750.69921875,29972.849609375,29281.44921875,29819.80078125,22400,NIFTY_IT,NSE_INDEX,yfinance,1d
2022-06-07,29593.44921875,29650.55078125,29243.900390625,29351.69921875,14300,NIFTY_IT,NSE_INDEX,yfinance,1d
2022-06-08,29519.650390625,29588.400390625,29155.599609375,29472.150390625,14200,NIFTY_IT,NSE_INDEX,yfinance,1d
2022-06-09,29254.400390625,29802.80078125,29062.19921875,29761.55078125,14100,NIFTY_IT,NSE_INDEX,yfinance,1d
2022-06-10,29299.5,29350.599609375,29022.75,29114.30078125,23600,NIFTY_IT,NSE_INDEX,yfinance,1d
2022-06-13,28419.849609375,28443.849609375,27792.099609375,27914.599609375,22900,NIFTY_IT,NSE_INDEX,yfinance,1d
2022-06-14,27626.19921875,28249.599609375,27502.05078125,27953.349609375,25900,NIFTY_IT,NSE_INDEX,yfinance,1d
2022-06-15,28017.94921875,28131.150390625,27786.650390625,27812.44921875,18600,NIFTY_IT,NSE_INDEX,yfinance,1d
2022-06-16,28191.849609375,28224.5,27067.44921875,27136.44921875,29200,NIFTY_IT,NSE_INDEX,yfinance,1d
2022-06-17,26866.599609375,26993.55078125,26399.75,26732.44921875,50900,NIFTY_IT,NSE_INDEX,yfinance,1d
2022-06-20,26819.44921875,27112.650390625,26544.80078125,26966.19921875,22800,NIFTY_IT,NSE_INDEX,yfinance,1d
2022-06-21,27202.900390625,27895.0,27137.900390625,27810.650390625,23000,NIFTY_IT,NSE_INDEX,yfinance,1d
2022-06-22,27656.30078125,27824.05078125,27426.05078125,27488.400390625,25100,NIFTY_IT,NSE_INDEX,yfinance,1d
2022-06-23,27532.75,28100.05078125,27532.75,28027.80078125,26700,NIFTY_IT,NSE_INDEX,yfinance,1d
2022-06-24,28261.0,28361.19921875,27631.44921875,27777.80078125,24600,NIFTY_IT,NSE_INDEX,yfinance,1d
2022-06-27,28293.19921875,28588.69921875,28251.400390625,28345.94921875,22500,NIFTY_IT,NSE_INDEX,yfinance,1d
2022-06-28,28218.5,28602.05078125,27983.599609375,28509.099609375,19200,NIFTY_IT,NSE_INDEX,yfinance,1d
2022-06-29,28105.69921875,28446.44921875,28046.75,28140.099609375,25400,NIFTY_IT,NSE_INDEX,yfinance,1d
2022-06-30,28131.94921875,28325.650390625,27775.75,27843.349609375,27100,NIFTY_IT,NSE_INDEX,yfinance,1d
2022-07-01,27718.80078125,28151.0,27524.30078125,28064.25,17400,NIFTY_IT,NSE_INDEX,yfinance,1d
2022-07-04,28084.25,28174.400390625,27643.650390625,27890.650390625,16500,NIFTY_IT,NSE_INDEX,yfinance,1d
2022-07-05,28020.30078125,28233.05078125,27642.599609375,27695.150390625,22700,NIFTY_IT,NSE_INDEX,yfinance,1d
2022-07-06,27778.650390625,28148.900390625,27628.55078125,28007.599609375,19400,NIFTY_IT,NSE_INDEX,yfinance,1d
2022-07-07,28217.80078125,28459.25,28077.05078125,28196.349609375,17500,NIFTY_IT,NSE_INDEX,yfinance,1d
2022-07-08,28450.55078125,28459.55078125,28095.349609375,28250.30078125,18400,NIFTY_IT,NSE_INDEX,yfinance,1d
2022-07-11,27855.75,27941.19921875,27195.650390625,27380.55078125,31000,NIFTY_IT,NSE_INDEX,yfinance,1d
2022-07-12,27248.19921875,27504.400390625,27022.849609375,27063.75,22900,NIFTY_IT,NSE_INDEX,yfinance,1d
2022-07-13,27228.94921875,27247.44921875,26872.75,26949.75,32800,NIFTY_IT,NSE_INDEX,yfinance,1d
2022-07-14,27155.0,27162.900390625,26298.0,26523.30078125,29800,NIFTY_IT,NSE_INDEX,yfinance,1d
2022-07-15,26664.30078125,26734.0,26189.400390625,26484.75,34100,NIFTY_IT,NSE_INDEX,yfinance,1d
2022-07-18,26801.75,27376.19921875,26785.80078125,27322.94921875,28800,NIFTY_IT,NSE_INDEX,yfinance,1d
2022-07-19,27071.80078125,27399.5,27065.80078125,27346.150390625,23300,NIFTY_IT,NSE_INDEX,yfinance,1d
2022-07-20,27701.05078125,28175.5,27631.400390625,28146.349609375,35900,NIFTY_IT,NSE_INDEX,yfinance,1d
2022-07-21,28116.55078125,28369.94921875,27848.75,28342.900390625,42400,NIFTY_IT,NSE_INDEX,yfinance,1d
2022-07-22,28429.55078125,28549.25,27862.05078125,28168.150390625,27400,NIFTY_IT,NSE_INDEX,yfinance,1d
2022-07-25,28006.650390625,28320.849609375,27890.650390625,28216.0,23800,NIFTY_IT,NSE_INDEX,yfinance,1d
2022-07-26,28157.5,28157.5,27383.94921875,27418.849609375,29900,NIFTY_IT,NSE_INDEX,yfinance,1d
2022-07-27,27420.650390625,27908.25,27339.94921875,27878.80078125,19700,NIFTY_IT,NSE_INDEX,yfinance,1d
2022-07-28,28225.099609375,28703.400390625,28170.44921875,28663.05078125,27400,NIFTY_IT,NSE_INDEX,yfinance,1d
2022-07-29,28983.25,29355.0,28909.150390625,29152.30078125,31500,NIFTY_IT,NSE_INDEX,yfinance,1d
2022-08-01,29376.650390625,29376.650390625,28928.94921875,29220.0,16500,NIFTY_IT,NSE_INDEX,yfinance,1d
2022-08-02,29131.099609375,29153.05078125,28871.19921875,29024.650390625,21400,NIFTY_IT,NSE_INDEX,yfinance,1d
2022-08-03,29002.30078125,29453.349609375,28929.900390625,29416.94921875,25600,NIFTY_IT,NSE_INDEX,yfinance,1d
2022-08-04,29694.05078125,29972.349609375,29278.150390625,29782.900390625,30900,NIFTY_IT,NSE_INDEX,yfinance,1d
2022-08-05,29891.849609375,30080.19921875,29799.19921875,29973.55078125,20200,NIFTY_IT,NSE_INDEX,yfinance,1d
2022-08-08,29999.150390625,30036.75,29694.150390625,29967.69921875,15200,NIFTY_IT,NSE_INDEX,yfinance,1d
2022-08-10,30013.44921875,30013.44921875,29456.80078125,29701.150390625,19600,NIFTY_IT,NSE_INDEX,yfinance,1d
2022-08-11,30164.19921875,30388.900390625,30073.94921875,30233.69921875,18800,NIFTY_IT,NSE_INDEX,yfinance,1d
2022-08-12,30184.94921875,30195.0,29819.150390625,29885.900390625,15100,NIFTY_IT,NSE_INDEX,yfinance,1d
2022-08-16,30130.900390625,30141.349609375,29826.25,29909.0,0,NIFTY_IT,NSE_INDEX,yfinance,1d
2022-08-17,29917.349609375,30328.150390625,29784.150390625,30256.900390625,22100,NIFTY_IT,NSE_INDEX,yfinance,1d
2022-08-18,30148.80078125,30166.099609375,29857.650390625,30018.900390625,22300,NIFTY_IT,NSE_INDEX,yfinance,1d
2022-08-19,30095.44921875,30474.650390625,29943.900390625,30036.099609375,25500,NIFTY_IT,NSE_INDEX,yfinance,1d
2022-08-22,29847.349609375,29881.75,29430.94921875,29478.900390625,19900,NIFTY_IT,NSE_INDEX,yfinance,1d
2022-08-23,29041.599609375,29188.900390625,28714.150390625,28957.849609375,25300,NIFTY_IT,NSE_INDEX,yfinance,1d
2022-08-24,28981.349609375,29120.30078125,28762.44921875,28859.849609375,13500,NIFTY_IT,NSE_INDEX,yfinance,1d
2022-08-25,29061.55078125,29081.75,28561.80078125,28608.650390625,18200,NIFTY_IT,NSE_INDEX,yfinance,1d
2022-08-26,28862.349609375,29067.55078125,28638.94921875,28691.599609375,14900,NIFTY_IT,NSE_INDEX,yfinance,1d
2022-08-29,27648.099609375,27773.099609375,27333.05078125,27678.94921875,35900,NIFTY_IT,NSE_INDEX,yfinance,1d
2022-08-30,27971.94921875,28466.80078125,27831.349609375,28407.900390625,30100,NIFTY_IT,NSE_INDEX,yfinance,1d
2022-09-01,27987.349609375,28020.0,27710.05078125,27846.80078125,28400,NIFTY_IT,NSE_INDEX,yfinance,1d
2022-09-02,28083.30078125,28085.349609375,27717.150390625,27745.80078125,17000,NIFTY_IT,NSE_INDEX,yfinance,1d
2022-09-05,27727.0,27978.80078125,27669.400390625,27836.599609375,20000,NIFTY_IT,NSE_INDEX,yfinance,1d
2022-09-06,27884.849609375,27967.099609375,27580.349609375,27742.80078125,21200,NIFTY_IT,NSE_INDEX,yfinance,1d
2022-09-07,27500.5,27917.80078125,27487.69921875,27832.400390625,17900,NIFTY_IT,NSE_INDEX,yfinance,1d
2022-09-08,28109.69921875,28206.599609375,27959.650390625,28102.400390625,19800,NIFTY_IT,NSE_INDEX,yfinance,1d
2022-09-09,28343.80078125,28848.400390625,28127.44921875,28724.05078125,21500,NIFTY_IT,NSE_INDEX,yfinance,1d
2022-09-12,28975.900390625,29296.19921875,28932.05078125,29131.19921875,23700,NIFTY_IT,NSE_INDEX,yfinance,1d
2022-09-13,29334.05078125,29344.900390625,29062.599609375,29116.849609375,18100,NIFTY_IT,NSE_INDEX,yfinance,1d
2022-09-14,28215.75,28284.05078125,28040.30078125,28137.650390625,43300,NIFTY_IT,NSE_INDEX,yfinance,1d
2022-09-15,28232.849609375,28265.75,27684.400390625,27734.349609375,28100,NIFTY_IT,NSE_INDEX,yfinance,1d
2022-09-16,27530.599609375,27575.55078125,26632.94921875,26706.44921875,50200,NIFTY_IT,NSE_INDEX,yfinance,1d
2022-09-19,26882.650390625,27034.0,26506.900390625,26810.150390625,22600,NIFTY_IT,NSE_INDEX,yfinance,1d
2022-09-20,27079.150390625,27370.349609375,26969.55078125,27020.599609375,19600,NIFTY_IT,NSE_INDEX,yfinance,1d
2022-09-21,26896.80078125,27020.5,26805.44921875,26843.25,25900,NIFTY_IT,NSE_INDEX,yfinance,1d
2022-09-22,26659.05078125,27009.05078125,26552.44921875,26782.650390625,27300,NIFTY_IT,NSE_INDEX,yfinance,1d
2022-09-23,26715.650390625,27063.5,26560.94921875,26592.349609375,27900,NIFTY_IT,NSE_INDEX,yfinance,1d
2022-09-26,26431.900390625,27049.19921875,26186.69921875,26743.650390625,31600,NIFTY_IT,NSE_INDEX,yfinance,1d
2022-09-27,26922.5,27101.099609375,26682.150390625,27004.150390625,27400,NIFTY_IT,NSE_INDEX,yfinance,1d
2022-09-28,26778.849609375,27243.19921875,26773.80078125,27067.650390625,22600,NIFTY_IT,NSE_INDEX,yfinance,1d
2022-09-29,27273.900390625,27300.0,26721.94921875,26819.05078125,25000,NIFTY_IT,NSE_INDEX,yfinance,1d
2022-09-30,26713.05078125,27091.0,26453.0,26981.150390625,27600,NIFTY_IT,NSE_INDEX,yfinance,1d
2022-10-03,26950.05078125,27011.5,26597.55078125,26729.099609375,16700,NIFTY_IT,NSE_INDEX,yfinance,1d
2022-10-04,27163.349609375,27530.80078125,27106.5,27496.94921875,22500,NIFTY_IT,NSE_INDEX,yfinance,1d
2022-10-06,27734.849609375,28009.30078125,27726.05078125,27928.75,22200,NIFTY_IT,NSE_INDEX,yfinance,1d
2022-10-07,27874.849609375,27972.75,27656.650390625,27733.599609375,14900,NIFTY_IT,NSE_INDEX,yfinance,1d
2022-10-10,27259.400390625,28097.599609375,27259.400390625,28027.599609375,23400,NIFTY_IT,NSE_INDEX,yfinance,1d
2022-10-11,28065.150390625,28313.30078125,27400.05078125,27469.5,36400,NIFTY_IT,NSE_INDEX,yfinance,1d
2022-10-12,27609.650390625,27752.0,27416.69921875,27694.650390625,20500,NIFTY_IT,NSE_INDEX,yfinance,1d
2022-10-13,27625.75,27705.25,27346.5,27506.19921875,61300,NIFTY_IT,NSE_INDEX,yfinance,1d
2022-10-14,28221.05078125,28371.30078125,27842.69921875,27954.05078125,44900,NIFTY_IT,NSE_INDEX,yfinance,1d
2022-10-17,27903.349609375,28128.849609375,27798.69921875,28019.150390625,19000,NIFTY_IT,NSE_INDEX,yfinance,1d
2022-10-18,28342.5,28402.94921875,28211.55078125,28315.19921875,24100,NIFTY_IT,NSE_INDEX,yfinance,1d
2022-10-19,28370.5,28376.69921875,28007.05078125,28060.349609375,15200,NIFTY_IT,NSE_INDEX,yfinance,1d
2022-10-20,27905.599609375,28462.25,27901.05078125,28432.19921875,19700,NIFTY_IT,NSE_INDEX,yfinance,1d
2022-10-21,28428.400390625,28476.150390625,28207.30078125,28336.94921875,14700,NIFTY_IT,NSE_INDEX,yfinance,1d
2022-10-24,28632.849609375,28663.650390625,28504.55078125,28534.30078125,3800,NIFTY_IT,NSE_INDEX,yfinance,1d
2022-10-25,28687.900390625,28820.150390625,28544.650390625,28722.849609375,16500,NIFTY_IT,NSE_INDEX,yfinance,1d
2022-10-27,28787.099609375,28827.44921875,28403.30078125,28572.19921875,22300,NIFTY_IT,NSE_INDEX,yfinance,1d
2022-10-28,28567.650390625,28629.55078125,28267.19921875,28318.349609375,13800,NIFTY_IT,NSE_INDEX,yfinance,1d
2022-10-31,28588.69921875,28843.150390625,28573.25,28727.599609375,16000,NIFTY_IT,NSE_INDEX,yfinance,1d
2022-11-01,28924.25,29296.150390625,28874.650390625,29270.650390625,21500,NIFTY_IT,NSE_INDEX,yfinance,1d
2022-11-02,29299.400390625,29307.0,29023.5,29138.650390625,15600,NIFTY_IT,NSE_INDEX,yfinance,1d
2022-11-03,28866.349609375,28969.19921875,28643.5,28795.75,16600,NIFTY_IT,NSE_INDEX,yfinance,1d
2022-11-04,28756.75,28757.94921875,28425.599609375,28693.05078125,15700,NIFTY_IT,NSE_INDEX,yfinance,1d
2022-11-07,28815.94921875,28944.19921875,28480.650390625,28741.30078125,16300,NIFTY_IT,NSE_INDEX,yfinance,1d
2022-11-09,28940.400390625,28940.400390625,28505.30078125,28626.80078125,14000,NIFTY_IT,NSE_INDEX,yfinance,1d
2022-11-10,28287.849609375,28667.849609375,28284.650390625,28505.75,14500,NIFTY_IT,NSE_INDEX,yfinance,1d
2022-11-11,29182.349609375,29733.150390625,29163.75,29591.94921875,37800,NIFTY_IT,NSE_INDEX,yfinance,1d
2022-11-14,29709.75,29945.150390625,29610.55078125,29849.30078125,21700,NIFTY_IT,NSE_INDEX,yfinance,1d
2022-11-15,29789.849609375,29926.150390625,29531.650390625,29865.30078125,17000,NIFTY_IT,NSE_INDEX,yfinance,1d
2022-11-16,29920.650390625,30125.19921875,29812.900390625,29951.5,18100,NIFTY_IT,NSE_INDEX,yfinance,1d
2022-11-17,29810.44921875,29838.599609375,29610.099609375,29681.400390625,14000,NIFTY_IT,NSE_INDEX,yfinance,1d
2022-11-18,29739.19921875,29890.5,29398.94921875,29669.25,15000,NIFTY_IT,NSE_INDEX,yfinance,1d
2022-11-21,29520.150390625,29576.150390625,29153.900390625,29209.55078125,13000,NIFTY_IT,NSE_INDEX,yfinance,1d
2022-11-22,29195.69921875,29478.0,29020.349609375,29446.900390625,15000,NIFTY_IT,NSE_INDEX,yfinance,1d
2022-11-23,29574.650390625,29592.05078125,29365.25,29405.650390625,13100,NIFTY_IT,NSE_INDEX,yfinance,1d
2022-11-24,29507.55078125,30258.0,29464.75,30178.650390625,20800,NIFTY_IT,NSE_INDEX,yfinance,1d
2022-11-25,30233.900390625,30400.349609375,29981.150390625,30334.599609375,18600,NIFTY_IT,NSE_INDEX,yfinance,1d
2022-11-28,30207.75,30619.650390625,30152.849609375,30309.650390625,18400,NIFTY_IT,NSE_INDEX,yfinance,1d
2022-11-29,30242.400390625,30568.349609375,30228.099609375,30345.650390625,13300,NIFTY_IT,NSE_INDEX,yfinance,1d
2022-11-30,30274.5,30499.349609375,30133.94921875,30391.69921875,34400,NIFTY_IT,NSE_INDEX,yfinance,1d
2022-12-01,30749.44921875,31227.599609375,30723.25,31120.5,30800,NIFTY_IT,NSE_INDEX,yfinance,1d
2022-12-02,31097.55078125,31135.19921875,30869.69921875,31052.099609375,22900,NIFTY_IT,NSE_INDEX,yfinance,1d
2022-12-05,31052.0,31104.099609375,30750.55078125,30891.5,17100,NIFTY_IT,NSE_INDEX,yfinance,1d
2022-12-06,30656.19921875,30690.400390625,30323.94921875,30443.0,17000,NIFTY_IT,NSE_INDEX,yfinance,1d
2022-12-07,30319.25,30337.30078125,30091.19921875,30187.05078125,15200,NIFTY_IT,NSE_INDEX,yfinance,1d
2022-12-08,30175.849609375,30226.55078125,29983.400390625,30115.0,14400,NIFTY_IT,NSE_INDEX,yfinance,1d
2022-12-09,30196.25,30196.25,29038.599609375,29168.44921875,36300,NIFTY_IT,NSE_INDEX,yfinance,1d
2022-12-12,28940.94921875,29183.80078125,28661.099609375,29050.5,22600,NIFTY_IT,NSE_INDEX,yfinance,1d
2022-12-13,29103.5,29421.099609375,28993.80078125,29376.55078125,17100,NIFTY_IT,NSE_INDEX,yfinance,1d
2022-12-14,29546.94921875,29810.349609375,29503.099609375,29713.900390625,18400,NIFTY_IT,NSE_INDEX,yfinance,1d
2022-12-15,29609.599609375,29615.94921875,29039.25,29087.94921875,20500,NIFTY_IT,NSE_INDEX,yfinance,1d
2022-12-16,28805.94921875,29131.849609375,28623.650390625,28702.19921875,32700,NIFTY_IT,NSE_INDEX,yfinance,1d
2022-12-19,28567.69921875,28698.25,28374.44921875,28556.44921875,19000,NIFTY_IT,NSE_INDEX,yfinance,1d
2022-12-20,28464.849609375,28644.099609375,28109.150390625,28612.5,19300,NIFTY_IT,NSE_INDEX,yfinance,1d
2022-12-21,28742.30078125,28958.150390625,28658.69921875,28764.25,19500,NIFTY_IT,NSE_INDEX,yfinance,1d
2022-12-22,28973.349609375,29022.30078125,28629.849609375,28763.900390625,18200,NIFTY_IT,NSE_INDEX,yfinance,1d
2022-12-23,28442.80078125,28603.599609375,28179.55078125,28237.05078125,19000,NIFTY_IT,NSE_INDEX,yfinance,1d
2022-12-26,28268.25,28493.19921875,28209.94921875,28385.69921875,12400,NIFTY_IT,NSE_INDEX,yfinance,1d
2022-12-27,28551.75,28685.0,28333.80078125,28636.25,12800,NIFTY_IT,NSE_INDEX,yfinance,1d
2022-12-28,28495.75,28715.30078125,28346.25,28583.44921875,13400,NIFTY_IT,NSE_INDEX,yfinance,1d
2022-12-29,28408.30078125,28724.75,28386.650390625,28687.19921875,16200,NIFTY_IT,NSE_INDEX,yfinance,1d
2022-12-30,28887.80078125,29027.0,28564.75,28621.69921875,15500,NIFTY_IT,NSE_INDEX,yfinance,1d
2023-01-02,28681.55078125,28777.599609375,28474.69921875,28737.30078125,1084494200,NIFTY_IT,NSE_INDEX,yfinance,1d
2023-01-03,28713.69921875,29032.400390625,28636.400390625,28962.30078125,14200,NIFTY_IT,NSE_INDEX,yfinance,1d
2023-01-04,28912.599609375,28925.44921875,28600.75,28677.80078125,17300,NIFTY_IT,NSE_INDEX,yfinance,1d
2023-01-05,28803.05078125,28803.05078125,28386.0,28527.75,21300,NIFTY_IT,NSE_INDEX,yfinance,1d
2023-01-06,28466.900390625,28507.150390625,27908.75,27956.44921875,18900,NIFTY_IT,NSE_INDEX,yfinance,1d
2023-01-09,28134.05078125,28780.0,28134.05078125,28748.150390625,26300,NIFTY_IT,NSE_INDEX,yfinance,1d
2023-01-10,28627.80078125,28661.69921875,28242.900390625,28502.69921875,19600,NIFTY_IT,NSE_INDEX,yfinance,1d
2023-01-11,28550.650390625,28946.0,28460.0,28596.349609375,19400,NIFTY_IT,NSE_INDEX,yfinance,1d
2023-01-12,28722.44921875,28832.599609375,28509.5,28720.30078125,21500,NIFTY_IT,NSE_INDEX,yfinance,1d
2023-01-13,28717.0,29060.94921875,28292.30078125,28933.75,34600,NIFTY_IT,NSE_INDEX,yfinance,1d
2023-01-16,29037.05078125,29327.900390625,28895.400390625,29264.650390625,30100,NIFTY_IT,NSE_INDEX,yfinance,1d
2023-01-17,29291.150390625,29518.849609375,29259.099609375,29498.0,22500,NIFTY_IT,NSE_INDEX,yfinance,1d
2023-01-18,29580.25,29715.80078125,29541.94921875,29617.80078125,25500,NIFTY_IT,NSE_INDEX,yfinance,1d
2023-01-19,29487.5,29714.94921875,29396.05078125,29632.349609375,19700,NIFTY_IT,NSE_INDEX,yfinance,1d
2023-01-20,29574.44921875,29783.80078125,29479.69921875,29529.650390625,24000,NIFTY_IT,NSE_INDEX,yfinance,1d
2023-01-23,29620.25,30124.05078125,29505.5,30086.0,18300,NIFTY_IT,NSE_INDEX,yfinance,1d
2023-01-24,30220.5,30499.75,30151.55078125,30316.900390625,23100,NIFTY_IT,NSE_INDEX,yfinance,1d
2023-01-25,30208.099609375,30231.400390625,30004.75,30043.900390625,14000,NIFTY_IT,NSE_INDEX,yfinance,1d
2023-01-27,30052.69921875,30234.349609375,29542.44921875,29766.44921875,19800,NIFTY_IT,NSE_INDEX,yfinance,1d
2023-01-30,29842.69921875,30224.5,29606.349609375,30094.849609375,21200,NIFTY_IT,NSE_INDEX,yfinance,1d
2023-01-31,30163.19921875,30172.75,29556.30078125,29740.349609375,29500,NIFTY_IT,NSE_INDEX,yfinance,1d
2023-02-01,29885.94921875,30083.400390625,29659.0,30018.25,17600,NIFTY_IT,NSE_INDEX,yfinance,1d
2023-02-02,30124.900390625,30610.099609375,30107.099609375,30566.75,23900,NIFTY_IT,NSE_INDEX,yfinance,1d
2023-02-03,30839.05078125,30849.599609375,30417.900390625,30597.650390625,20000,NIFTY_IT,NSE_INDEX,yfinance,1d
2023-02-06,30502.900390625,30534.69921875,30186.69921875,30411.099609375,14200,NIFTY_IT,NSE_INDEX,yfinance,1d
2023-02-07,30429.75,30544.099609375,30250.75,30310.69921875,13700,NIFTY_IT,NSE_INDEX,yfinance,1d
2023-02-08,30415.599609375,30938.400390625,30415.599609375,30774.05078125,21900,NIFTY_IT,NSE_INDEX,yfinance,1d
2023-02-09,30769.80078125,31012.94921875,30665.44921875,30990.849609375,15900,NIFTY_IT,NSE_INDEX,yfinance,1d
2023-02-10,30839.25,30900.150390625,30636.400390625,30870.19921875,13800,NIFTY_IT,NSE_INDEX,yfinance,1d
2023-02-13,30790.19921875,30792.849609375,30238.05078125,30289.650390625,20400,NIFTY_IT,NSE_INDEX,yfinance,1d
2023-02-14,30481.5,30759.44921875,30457.400390625,30588.75,16900,NIFTY_IT,NSE_INDEX,yfinance,1d
2023-02-15,30512.0,30959.30078125,30324.19921875,30934.349609375,17300,NIFTY_IT,NSE_INDEX,yfinance,1d
2023-02-16,31042.30078125,31587.349609375,31024.150390625,31434.849609375,32200,NIFTY_IT,NSE_INDEX,yfinance,1d
2023-02-17,31147.099609375,31218.25,30963.05078125,31054.849609375,15800,NIFTY_IT,NSE_INDEX,yfinance,1d
2023-02-20,31056.05078125,31405.30078125,30961.94921875,31222.349609375,15900,NIFTY_IT,NSE_INDEX,yfinance,1d
2023-02-21,31318.349609375,31393.0,30911.05078125,30947.25,13400,NIFTY_IT,NSE_INDEX,yfinance,1d
2023-02-22,30621.099609375,30815.900390625,30503.349609375,30608.19921875,14900,NIFTY_IT,NSE_INDEX,yfinance,1d
2023-02-23,30759.599609375,30899.400390625,30497.55078125,30598.400390625,15700,NIFTY_IT,NSE_INDEX,yfinance,1d
2023-02-24,30732.44921875,30859.69921875,30445.900390625,30514.900390625,11300,NIFTY_IT,NSE_INDEX,yfinance,1d
2023-02-27,30338.69921875,30345.5,29667.099609375,29919.19921875,15700,NIFTY_IT,NSE_INDEX,yfinance,1d
2023-02-28,29986.19921875,30294.44921875,29608.94921875,29663.94921875,46200,NIFTY_IT,NSE_INDEX,yfinance,1d
2023-03-01,29722.150390625,30121.650390625,29712.80078125,30097.75,14100,NIFTY_IT,NSE_INDEX,yfinance,1d
2023-03-02,29883.099609375,29936.400390625,29618.599609375,29717.44921875,15800,NIFTY_IT,NSE_INDEX,yfinance,1d
2023-03-03,29968.75,29988.55078125,29774.05078125,29817.05078125,14800,NIFTY_IT,NSE_INDEX,yfinance,1d
2023-03-06,30048.69921875,30340.94921875,30032.05078125,30179.75,19000,NIFTY_IT,NSE_INDEX,yfinance,1d
2023-03-08,29944.19921875,30096.69921875,29729.25,30065.75,15000,NIFTY_IT,NSE_INDEX,yfinance,1d
2023-03-09,30090.25,30096.599609375,29712.0,29742.349609375,14000,NIFTY_IT,NSE_INDEX,yfinance,1d
2023-03-10,29418.599609375,29584.44921875,29324.0,29545.5,11300,NIFTY_IT,NSE_INDEX,yfinance,1d
2023-03-13,29695.0,30051.599609375,29187.099609375,29267.0,31200,NIFTY_IT,NSE_INDEX,yfinance,1d
2023-03-14,29281.25,29402.25,28638.900390625,28784.69921875,25500,NIFTY_IT,NSE_INDEX,yfinance,1d
2023-03-15,29080.349609375,29179.5,28689.400390625,28716.5,19100,NIFTY_IT,NSE_INDEX,yfinance,1d
2023-03-16,28694.30078125,28746.349609375,28400.349609375,28517.25,18800,NIFTY_IT,NSE_INDEX,yfinance,1d
2023-03-17,28737.69921875,29120.75,28721.099609375,28854.44921875,31800,NIFTY_IT,NSE_INDEX,yfinance,1d
2023-03-20,28732.849609375,28744.30078125,28209.05078125,28442.94921875,22400,NIFTY_IT,NSE_INDEX,yfinance,1d
2023-03-21,28455.650390625,28552.0,28124.25,28164.849609375,21600,NIFTY_IT,NSE_INDEX,yfinance,1d
2023-03-22,28375.900390625,28549.0,28148.400390625,28217.599609375,0,NIFTY_IT,NSE_INDEX,yfinance,1d
2023-03-23,28065.80078125,28116.44921875,27843.25,27999.25,19300,NIFTY_IT,NSE_INDEX,yfinance,1d
2023-03-24,28208.349609375,28453.849609375,27869.5,27935.650390625,19400,NIFTY_IT,NSE_INDEX,yfinance,1d
2023-03-27,27985.650390625,28193.599609375,27818.25,27948.75,13400,NIFTY_IT,NSE_INDEX,yfinance,1d
2023-03-28,27998.30078125,28090.75,27674.69921875,27702.80078125,19000,NIFTY_IT,NSE_INDEX,yfinance,1d
2023-03-29,27777.94921875,28113.94921875,27639.650390625,28011.30078125,23500,NIFTY_IT,NSE_INDEX,yfinance,1d
2023-03-31,28379.75,28741.599609375,28277.0,28698.599609375,22600,NIFTY_IT,NSE_INDEX,yfinance,1d
2023-04-03,28841.599609375,28841.599609375,28449.25,28633.0,13100,NIFTY_IT,NSE_INDEX,yfinance,1d
2023-04-05,28520.0,29032.650390625,28506.69921875,28977.19921875,21500,NIFTY_IT,NSE_INDEX,yfinance,1d
2023-04-06,28876.19921875,29004.80078125,28666.0,28764.55078125,16900,NIFTY_IT,NSE_INDEX,yfinance,1d
2023-04-10,28810.849609375,29086.400390625,28739.400390625,29041.599609375,12600,NIFTY_IT,NSE_INDEX,yfinance,1d
2023-04-11,29051.75,29095.44921875,28530.5,28675.75,17700,NIFTY_IT,NSE_INDEX,yfinance,1d
2023-04-12,28773.400390625,29031.05078125,28578.099609375,28980.349609375,16300,NIFTY_IT,NSE_INDEX,yfinance,1d
2023-04-13,28713.650390625,28736.69921875,28230.0,28342.80078125,27400,NIFTY_IT,NSE_INDEX,yfinance,1d
2023-04-17,27059.150390625,27076.150390625,26184.44921875,27008.19921875,84900,NIFTY_IT,NSE_INDEX,yfinance,1d
2023-04-18,27189.400390625,27189.400390625,26851.69921875,27166.94921875,28100,NIFTY_IT,NSE_INDEX,yfinance,1d
2023-04-19,27174.599609375,27193.099609375,26640.19921875,26687.44921875,26900,NIFTY_IT,NSE_INDEX,yfinance,1d
2023-04-20,26694.099609375,26868.900390625,26597.94921875,26637.150390625,19800,NIFTY_IT,NSE_INDEX,yfinance,1d
2023-04-21,26701.69921875,26835.69921875,26602.80078125,26822.099609375,27000,NIFTY_IT,NSE_INDEX,yfinance,1d
2023-04-24,26910.69921875,27034.900390625,26721.5,27013.650390625,24400,NIFTY_IT,NSE_INDEX,yfinance,1d
2023-04-25,27028.80078125,27082.099609375,26820.69921875,26985.80078125,18000,NIFTY_IT,NSE_INDEX,yfinance,1d
2023-04-26,27007.55078125,27158.75,26977.55078125,27065.0,16600,NIFTY_IT,NSE_INDEX,yfinance,1d
2023-04-27,27079.0,27378.099609375,27024.150390625,27355.25,24400,NIFTY_IT,NSE_INDEX,yfinance,1d
2023-04-28,27401.94921875,27743.0,27388.80078125,27708.19921875,39000,NIFTY_IT,NSE_INDEX,yfinance,1d
2023-05-02,27792.69921875,28154.099609375,27756.0,28025.0,26000,NIFTY_IT,NSE_INDEX,yfinance,1d
2023-05-03,27872.400390625,27883.44921875,27693.30078125,27743.75,16100,NIFTY_IT,NSE_INDEX,yfinance,1d
2023-05-04,27716.55078125,27912.5,27685.55078125,27883.19921875,14100,NIFTY_IT,NSE_INDEX,yfinance,1d
2023-05-05,27905.349609375,27915.25,27634.849609375,27719.94921875,14900,NIFTY_IT,NSE_INDEX,yfinance,1d
2023-05-08,27837.30078125,27947.0,27735.150390625,27920.94921875,14900,NIFTY_IT,NSE_INDEX,yfinance,1d
2023-05-09,27961.0,28168.44921875,27910.650390625,28125.5,15500,NIFTY_IT,NSE_INDEX,yfinance,1d
2023-05-10,28220.44921875,28236.849609375,27998.94921875,28091.75,14700,NIFTY_IT,NSE_INDEX,yfinance,1d
2023-05-11,28298.25,28348.349609375,28039.19921875,28102.0,16100,NIFTY_IT,NSE_INDEX,yfinance,1d
2023-05-12,28070.849609375,28164.44921875,27874.099609375,28028.400390625,15500,NIFTY_IT,NSE_INDEX,yfinance,1d
2023-05-15,28083.75,28323.55078125,27957.5,28165.400390625,13700,NIFTY_IT,NSE_INDEX,yfinance,1d
2023-05-16,28252.75,28421.05078125,28178.69921875,28216.0,12300,NIFTY_IT,NSE_INDEX,yfinance,1d
2023-05-17,28197.80078125,28300.099609375,27776.80078125,27942.94921875,22400,NIFTY_IT,NSE_INDEX,yfinance,1d
2023-05-18,28125.44921875,28137.69921875,27858.75,27892.55078125,13800,NIFTY_IT,NSE_INDEX,yfinance,1d
2023-05-19,28063.349609375,28369.400390625,28007.05078125,28303.650390625,22900,NIFTY_IT,NSE_INDEX,yfinance,1d
2023-05-22,28357.599609375,29062.05078125,28294.25,29007.30078125,22200,NIFTY_IT,NSE_INDEX,yfinance,1d
2023-05-23,29076.5,29319.900390625,28830.0,28873.69921875,20800,NIFTY_IT,NSE_INDEX,yfinance,1d
2023-05-24,28721.150390625,28959.349609375,28655.0,28890.80078125,14800,NIFTY_IT,NSE_INDEX,yfinance,1d
2023-05-25,28854.94921875,28970.94921875,28686.19921875,28928.75,16200,NIFTY_IT,NSE_INDEX,yfinance,1d
2023-05-26,28975.94921875,29384.849609375,28975.94921875,29355.900390625,17500,NIFTY_IT,NSE_INDEX,yfinance,1d
2023-05-29,29629.75,29659.599609375,29200.25,29240.19921875,13600,NIFTY_IT,NSE_INDEX,yfinance,1d
2023-05-30,29253.5,29405.19921875,29172.69921875,29297.650390625,17300,NIFTY_IT,NSE_INDEX,yfinance,1d
2023-05-31,29248.05078125,29495.05078125,29212.5,29319.75,46000,NIFTY_IT,NSE_INDEX,yfinance,1d
2023-06-01,29455.349609375,29599.099609375,29382.05078125,29446.25,13600,NIFTY_IT,NSE_INDEX,yfinance,1d
2023-06-02,29485.849609375,29550.150390625,29272.55078125,29328.150390625,21200,NIFTY_IT,NSE_INDEX,yfinance,1d
2023-06-05,29459.150390625,29533.400390625,29217.349609375,29238.75,14800,NIFTY_IT,NSE_INDEX,yfinance,1d
2023-06-06,29003.5,29013.900390625,28485.849609375,28689.05078125,27300,NIFTY_IT,NSE_INDEX,yfinance,1d
2023-06-07,28886.69921875,28937.94921875,28754.849609375,28913.69921875,16900,NIFTY_IT,NSE_INDEX,yfinance,1d
2023-06-08,28892.650390625,28918.05078125,28568.599609375,28591.099609375,19000,NIFTY_IT,NSE_INDEX,yfinance,1d
2023-06-09,28645.69921875,28674.44921875,28322.150390625,28355.349609375,19100,NIFTY_IT,NSE_INDEX,yfinance,1d
2023-06-12,28457.44921875,28844.30078125,28402.55078125,28784.0,18200,NIFTY_IT,NSE_INDEX,yfinance,1d
2023-06-13,28935.900390625,28974.150390625,28866.19921875,28899.30078125,17900,NIFTY_IT,NSE_INDEX,yfinance,1d
2023-06-14,28896.25,28928.650390625,28666.900390625,28855.05078125,18300,NIFTY_IT,NSE_INDEX,yfinance,1d
2023-06-15,28824.599609375,28833.25,28645.80078125,28699.0,27900,NIFTY_IT,NSE_INDEX,yfinance,1d
2023-06-16,28671.099609375,28759.400390625,28441.05078125,28588.80078125,42600,NIFTY_IT,NSE_INDEX,yfinance,1d
2023-06-19,28641.44921875,28750.69921875,28568.55078125,28708.30078125,16300,NIFTY_IT,NSE_INDEX,yfinance,1d
2023-06-20,28728.5,28966.94921875,28640.30078125,28930.80078125,20000,NIFTY_IT,NSE_INDEX,yfinance,1d
2023-06-21,29022.69921875,29084.44921875,28869.80078125,29025.69921875,15600,NIFTY_IT,NSE_INDEX,yfinance,1d
2023-06-22,28969.150390625,28977.900390625,28750.400390625,28811.150390625,17600,NIFTY_IT,NSE_INDEX,yfinance,1d
2023-06-23,28747.599609375,28752.5,28482.150390625,28554.30078125,18300,NIFTY_IT,NSE_INDEX,yfinance,1d
2023-06-26,28539.80078125,28631.75,28451.150390625,28590.099609375,12100,NIFTY_IT,NSE_INDEX,yfinance,1d
2023-06-27,28681.94921875,28821.849609375,28630.44921875,28800.150390625,11700,NIFTY_IT,NSE_INDEX,yfinance,1d
2023-06-28,28945.0,28997.349609375,28778.150390625,28843.0,16000,NIFTY_IT,NSE_INDEX,yfinance,1d
2023-06-30,29013.150390625,29594.19921875,28957.150390625,29563.0,28000,NIFTY_IT,NSE_INDEX,yfinance,1d
2023-07-03,29648.400390625,29718.94921875,29334.400390625,29424.80078125,19300,NIFTY_IT,NSE_INDEX,yfinance,1d
2023-07-04,29557.55078125,29743.349609375,29444.80078125,29729.849609375,19000,NIFTY_IT,NSE_INDEX,yfinance,1d
2023-07-05,29910.0,29910.349609375,29702.650390625,29841.849609375,21300,NIFTY_IT,NSE_INDEX,yfinance,1d
2023-07-06,29792.099609375,29848.05078125,29690.25,29805.19921875,18400,NIFTY_IT,NSE_INDEX,yfinance,1d
2023-07-07,29654.25,29937.75,29508.849609375,29560.44921875,18800,NIFTY_IT,NSE_INDEX,yfinance,1d
2023-07-10,29609.849609375,29609.849609375,29116.30078125,29194.75,15800,NIFTY_IT,NSE_INDEX,yfinance,1d
2023-07-11,29299.30078125,29371.5,29092.69921875,29324.80078125,20100,NIFTY_IT,NSE_INDEX,yfinance,1d
2023-07-12,29412.5,29424.75,29020.19921875,29118.05078125,24400,NIFTY_IT,NSE_INDEX,yfinance,1d
2023-07-13,29158.55078125,29903.650390625,29115.69921875,29628.19921875,39800,NIFTY_IT,NSE_INDEX,yfinance,1d
2023-07-14,29860.55078125,31017.55078125,29847.05078125,30945.5,53600,NIFTY_IT,NSE_INDEX,yfinance,1d
2023-07-17,31007.599609375,31658.099609375,30805.0,31041.599609375,51100,NIFTY_IT,NSE_INDEX,yfinance,1d
2023-07-18,31089.900390625,31491.75,30865.849609375,31371.150390625,37100,NIFTY_IT,NSE_INDEX,yfinance,1d
2023-07-19,31490.44921875,31653.849609375,31068.150390625,31353.55078125,30000,NIFTY_IT,NSE_INDEX,yfinance,1d
2023-07-20,31292.349609375,31348.599609375,30960.75,31145.94921875,20500,NIFTY_IT,NSE_INDEX,yfinance,1d
2023-07-21,29854.25,30338.099609375,29701.19921875,29871.05078125,78300,NIFTY_IT,NSE_INDEX,yfinance,1d
2023-07-24,29993.849609375,30112.900390625,29807.150390625,29843.44921875,21700,NIFTY_IT,NSE_INDEX,yfinance,1d
2023-07-25,29899.0,29921.400390625,29685.400390625,29761.150390625,18000,NIFTY_IT,NSE_INDEX,yfinance,1d
2023-07-26,29854.400390625,29988.900390625,29770.19921875,29800.400390625,16000,NIFTY_IT,NSE_INDEX,yfinance,1d
2023-07-27,29826.0,29895.0,29670.5,29745.0,36200,NIFTY_IT,NSE_INDEX,yfinance,1d
2023-07-28,29741.150390625,29829.75,29339.349609375,29490.25,19400,NIFTY_IT,NSE_INDEX,yfinance,1d
2023-07-31,29605.5,29951.599609375,29452.349609375,29928.44921875,22500,NIFTY_IT,NSE_INDEX,yfinance,1d
2023-08-01,29998.150390625,30348.75,29948.0,30288.650390625,20700,NIFTY_IT,NSE_INDEX,yfinance,1d
2023-08-02,30253.099609375,30259.400390625,29801.55078125,30043.599609375,19300,NIFTY_IT,NSE_INDEX,yfinance,1d
2023-08-03,29913.650390625,30054.349609375,29685.150390625,29971.150390625,17300,NIFTY_IT,NSE_INDEX,yfinance,1d
2023-08-04,30082.55078125,30555.80078125,30027.30078125,30436.099609375,22500,NIFTY_IT,NSE_INDEX,yfinance,1d
2023-08-07,30582.44921875,30809.0,30451.349609375,30779.25,15000,NIFTY_IT,NSE_INDEX,yfinance,1d
2023-08-08,30817.25,30910.55078125,30670.150390625,30824.94921875,22500,NIFTY_IT,NSE_INDEX,yfinance,1d
2023-08-09,30772.5,30964.69921875,30590.55078125,30940.05078125,17000,NIFTY_IT,NSE_INDEX,yfinance,1d
2023-08-10,30845.650390625,30967.75,30722.19921875,30867.0,16900,NIFTY_IT,NSE_INDEX,yfinance,1d
2023-08-11,30950.30078125,31164.30078125,30764.5,30819.150390625,23300,NIFTY_IT,NSE_INDEX,yfinance,1d
2023-08-14,30755.80078125,31058.900390625,30570.5,31028.900390625,13700,NIFTY_IT,NSE_INDEX,yfinance,1d
2023-08-16,31129.30078125,31304.75,31047.0,31212.099609375,0,NIFTY_IT,NSE_INDEX,yfinance,1d
2023-08-17,31205.30078125,31238.25,30885.400390625,31060.19921875,17300,NIFTY_IT,NSE_INDEX,yfinance,1d
2023-08-18,30907.44921875,30934.099609375,30515.0,30604.05078125,20000,NIFTY_IT,NSE_INDEX,yfinance,1d
2023-08-21,30626.25,30987.650390625,30597.05078125,30937.599609375,12900,NIFTY_IT,NSE_INDEX,yfinance,1d
2023-08-22,30973.900390625,31024.599609375,30785.69921875,30902.400390625,11400,NIFTY_IT,NSE_INDEX,yfinance,1d
2023-08-23,31036.94921875,31084.650390625,30887.44921875,30924.099609375,12200,NIFTY_IT,NSE_INDEX,yfinance,1d
2023-08-24,31084.55078125,31212.44921875,31004.75,31112.150390625,37500,NIFTY_IT,NSE_INDEX,yfinance,1d
2023-08-25,30907.849609375,30998.94921875,30803.0,30914.55078125,15200,NIFTY_IT,NSE_INDEX,yfinance,1d
2023-08-28,30975.349609375,31025.75,30745.0,30773.599609375,11100,NIFTY_IT,NSE_INDEX,yfinance,1d
2023-08-29,30899.94921875,30978.25,30784.849609375,30866.05078125,11400,NIFTY_IT,NSE_INDEX,yfinance,1d
2023-08-30,31069.849609375,31197.75,31023.75,31103.900390625,11800,NIFTY_IT,NSE_INDEX,yfinance,1d
2023-08-31,31175.099609375,31428.0,31067.69921875,31164.900390625,35300,NIFTY_IT,NSE_INDEX,yfinance,1d
2023-09-01,31166.599609375,31550.94921875,31149.25,31514.349609375,14300,NIFTY_IT,NSE_INDEX,yfinance,1d
2023-09-04,31552.5,32197.849609375,31454.5,32163.94921875,30800,NIFTY_IT,NSE_INDEX,yfinance,1d
2023-09-05,32207.400390625,32482.650390625,32014.94921875,32365.30078125,24000,NIFTY_IT,NSE_INDEX,yfinance,1d
2023-09-06,32437.849609375,32515.05078125,32038.55078125,32312.30078125,19400,NIFTY_IT,NSE_INDEX,yfinance,1d
2023-09-07,32264.5,32497.650390625,32153.400390625,32448.349609375,17700,NIFTY_IT,NSE_INDEX,yfinance,1d
2023-09-08,32450.75,32561.25,32353.400390625,32415.650390625,12700,NIFTY_IT,NSE_INDEX,yfinance,1d
2023-09-11,32531.0,32674.44921875,32458.05078125,32642.80078125,15300,NIFTY_IT,NSE_INDEX,yfinance,1d
2023-09-12,32758.55078125,33114.1484375,32429.5,32977.8984375,24400,NIFTY_IT,NSE_INDEX,yfinance,1d
2023-09-13,32943.1484375,32982.3515625,32713.099609375,32886.69921875,14900,NIFTY_IT,NSE_INDEX,yfinance,1d
2023-09-14,32991.44921875,33240.19921875,32949.55078125,33045.3984375,24000,NIFTY_IT,NSE_INDEX,yfinance,1d
2023-09-15,33216.8984375,33402.75,33156.19921875,33355.05078125,31900,NIFTY_IT,NSE_INDEX,yfinance,1d
2023-09-18,33255.1015625,33266.8984375,33030.3515625,33129.5,14200,NIFTY_IT,NSE_INDEX,yfinance,1d
2023-09-20,32860.8984375,33167.30078125,32851.75,32949.19921875,16600,NIFTY_IT,NSE_INDEX,yfinance,1d
2023-09-21,32849.8984375,32976.8515625,32504.75,32919.94921875,20700,NIFTY_IT,NSE_INDEX,yfinance,1d
2023-09-22,32799.05078125,33109.6484375,32664.400390625,32906.30078125,22900,NIFTY_IT,NSE_INDEX,yfinance,1d
2023-09-25,32881.3515625,32960.94921875,32581.150390625,32648.599609375,15200,NIFTY_IT,NSE_INDEX,yfinance,1d
2023-09-26,32675.099609375,32693.25,32391.44921875,32471.0,12200,NIFTY_IT,NSE_INDEX,yfinance,1d
2023-09-27,32439.05078125,32651.0,32339.94921875,32594.650390625,13800,NIFTY_IT,NSE_INDEX,yfinance,1d
2023-09-28,32616.05078125,32623.349609375,31808.75,31879.599609375,26100,NIFTY_IT,NSE_INDEX,yfinance,1d
2023-09-29,31814.650390625,32020.349609375,31514.900390625,31784.400390625,22000,NIFTY_IT,NSE_INDEX,yfinance,1d
2023-10-03,31772.75,31852.650390625,31499.349609375,31717.25,14300,NIFTY_IT,NSE_INDEX,yfinance,1d
2023-10-04,31531.349609375,31874.69921875,31412.5,31811.5,16000,NIFTY_IT,NSE_INDEX,yfinance,1d
2023-10-05,31995.0,32368.44921875,31956.900390625,32125.400390625,21400,NIFTY_IT,NSE_INDEX,yfinance,1d
2023-10-06,32251.44921875,32438.400390625,32098.80078125,32341.69921875,14000,NIFTY_IT,NSE_INDEX,yfinance,1d
2023-10-09,32216.150390625,32638.25,32203.55078125,32308.55078125,17400,NIFTY_IT,NSE_INDEX,yfinance,1d
2023-10-10,32423.94921875,32616.349609375,32200.25,32569.44921875,14500,NIFTY_IT,NSE_INDEX,yfinance,1d
2023-10-11,32688.69921875,32981.8984375,32489.599609375,32548.05078125,24900,NIFTY_IT,NSE_INDEX,yfinance,1d
2023-10-12,32474.150390625,32556.5,31907.0,32003.650390625,28500,NIFTY_IT,NSE_INDEX,yfinance,1d
2023-10-13,31457.5,32024.349609375,31434.099609375,31807.94921875,37300,NIFTY_IT,NSE_INDEX,yfinance,1d
2023-10-16,31831.05078125,31949.75,31710.650390625,31750.400390625,15800,NIFTY_IT,NSE_INDEX,yfinance,1d
2023-10-17,31884.25,31938.19921875,31770.75,31794.900390625,13200,NIFTY_IT,NSE_INDEX,yfinance,1d
2023-10-18,31778.55078125,31882.44921875,31568.19921875,31606.650390625,14900,NIFTY_IT,NSE_INDEX,yfinance,1d
2023-10-19,31345.55078125,31667.0,31345.55078125,31540.05078125,31200,NIFTY_IT,NSE_INDEX,yfinance,1d
2023-10-20,31445.44921875,31605.75,31360.5,31469.349609375,17300,NIFTY_IT,NSE_INDEX,yfinance,1d
2023-10-23,31358.44921875,31456.099609375,30802.05078125,30848.400390625,13500,NIFTY_IT,NSE_INDEX,yfinance,1d
2023-10-25,30790.349609375,31004.19921875,30469.0,30530.5,16600,NIFTY_IT,NSE_INDEX,yfinance,1d
2023-10-26,30184.0,30312.44921875,30054.19921875,30225.650390625,28200,NIFTY_IT,NSE_INDEX,yfinance,1d
2023-10-27,30328.25,30676.94921875,30313.94921875,30599.69921875,15100,NIFTY_IT,NSE_INDEX,yfinance,1d
2023-10-30,30627.900390625,30698.400390625,30433.650390625,30641.0,11000,NIFTY_IT,NSE_INDEX,yfinance,1d
2023-10-31,30765.25,30769.19921875,30396.05078125,30582.25,12400,NIFTY_IT,NSE_INDEX,yfinance,1d
2023-11-01,30609.44921875,30694.44921875,30283.150390625,30344.849609375,10900,NIFTY_IT,NSE_INDEX,yfinance,1d
2023-11-02,30575.80078125,30731.55078125,30495.30078125,30582.75,12400,NIFTY_IT,NSE_INDEX,yfinance,1d
2023-11-03,30797.25,30924.849609375,30739.349609375,30779.94921875,11800,NIFTY_IT,NSE_INDEX,yfinance,1d
2023-11-06,30955.349609375,31034.150390625,30863.650390625,30972.94921875,9500,NIFTY_IT,NSE_INDEX,yfinance,1d
2023-11-07,30949.94921875,31052.5,30860.650390625,30981.599609375,9400,NIFTY_IT,NSE_INDEX,yfinance,1d
2023-11-08,31049.75,31128.900390625,30865.25,30917.19921875,11100,NIFTY_IT,NSE_INDEX,yfinance,1d
2023-11-09,30982.650390625,30993.05078125,30655.55078125,30717.69921875,20500,NIFTY_IT,NSE_INDEX,yfinance,1d
2023-11-10,30623.69921875,30680.849609375,30504.099609375,30639.05078125,12700,NIFTY_IT,NSE_INDEX,yfinance,1d
2023-11-13,30793.650390625,30810.349609375,30572.94921875,30635.849609375,8900,NIFTY_IT,NSE_INDEX,yfinance,1d
2023-11-15,31095.80078125,31472.5,30987.75,31429.349609375,24300,NIFTY_IT,NSE_INDEX,yfinance,1d
2023-11-16,31555.099609375,32453.650390625,31431.5,32273.349609375,26900,NIFTY_IT,NSE_INDEX,yfinance,1d
2023-11-17,32288.900390625,32405.849609375,32134.650390625,32191.349609375,16400,NIFTY_IT,NSE_INDEX,yfinance,1d
2023-11-20,32202.30078125,32600.349609375,32198.099609375,32383.19921875,15300,NIFTY_IT,NSE_INDEX,yfinance,1d
2023-11-21,32507.75,32587.150390625,32300.05078125,32325.69921875,12400,NIFTY_IT,NSE_INDEX,yfinance,1d
2023-11-22,32298.0,32583.44921875,32262.150390625,32564.400390625,11100,NIFTY_IT,NSE_INDEX,yfinance,1d
2023-11-23,32657.150390625,32688.0,32334.5,32370.650390625,14200,NIFTY_IT,NSE_INDEX,yfinance,1d
2023-11-24,32341.0,32420.44921875,32010.0,32055.150390625,11800,NIFTY_IT,NSE_INDEX,yfinance,1d
2023-11-28,32115.849609375,32187.94921875,31807.849609375,32118.5,14300,NIFTY_IT,NSE_INDEX,yfinance,1d
2023-11-29,32258.5,32633.0,32248.349609375,32608.400390625,18800,NIFTY_IT,NSE_INDEX,yfinance,1d
2023-11-30,32569.80078125,32701.650390625,32455.30078125,32582.19921875,39500,NIFTY_IT,NSE_INDEX,yfinance,1d
2023-12-01,32729.80078125,32729.80078125,32478.75,32598.69921875,13400,NIFTY_IT,NSE_INDEX,yfinance,1d
2023-12-04,32888.19921875,32888.19921875,32522.44921875,32665.55078125,16800,NIFTY_IT,NSE_INDEX,yfinance,1d
2023-12-05,32754.0,32755.19921875,32252.44921875,32479.150390625,19000,NIFTY_IT,NSE_INDEX,yfinance,1d
2023-12-06,32560.150390625,33073.05078125,32529.30078125,33022.6015625,25300,NIFTY_IT,NSE_INDEX,yfinance,1d
2023-12-07,33053.6484375,33111.6484375,32891.75,32961.6015625,16800,NIFTY_IT,NSE_INDEX,yfinance,1d
2023-12-08,33098.6484375,33452.3984375,33012.69921875,33392.8984375,25700,NIFTY_IT,NSE_INDEX,yfinance,1d
2023-12-11,33424.0,33615.69921875,33332.5,33514.25,16300,NIFTY_IT,NSE_INDEX,yfinance,1d
2023-12-12,33484.80078125,33799.80078125,33358.0,33493.8984375,19700,NIFTY_IT,NSE_INDEX,yfinance,1d
2023-12-13,33466.30078125,33497.44921875,32715.650390625,33066.6484375,23500,NIFTY_IT,NSE_INDEX,yfinance,1d
2023-12-14,33451.94921875,34308.55078125,33419.1015625,34223.3515625,44000,NIFTY_IT,NSE_INDEX,yfinance,1d
2023-12-15,34427.55078125,35947.6015625,34427.55078125,35782.44921875,67500,NIFTY_IT,NSE_INDEX,yfinance,1d
2023-12-18,35707.30078125,36132.0,35487.94921875,35685.55078125,27600,NIFTY_IT,NSE_INDEX,yfinance,1d
2023-12-19,35728.3984375,35762.1015625,35091.94921875,35345.0,20600,NIFTY_IT,NSE_INDEX,yfinance,1d
2023-12-20,35492.80078125,35928.5,34621.0,34741.05078125,32400,NIFTY_IT,NSE_INDEX,yfinance,1d
2023-12-21,34406.80078125,35020.0,34394.55078125,34846.05078125,19900,NIFTY_IT,NSE_INDEX,yfinance,1d
2023-12-22,34974.6484375,35770.44921875,34740.1484375,35637.80078125,39200,NIFTY_IT,NSE_INDEX,yfinance,1d
2023-12-26,35421.1484375,35682.6484375,35185.44921875,35493.44921875,40100,NIFTY_IT,NSE_INDEX,yfinance,1d
2023-12-27,35557.30078125,35814.69921875,35447.1015625,35741.0,22900,NIFTY_IT,NSE_INDEX,yfinance,1d
2023-12-28,35812.0,35850.3984375,35614.80078125,35691.6484375,21700,NIFTY_IT,NSE_INDEX,yfinance,1d
2023-12-29,35559.3984375,35781.1015625,35395.05078125,35515.0,18000,NIFTY_IT,NSE_INDEX,yfinance,1d
2024-01-01,35496.3984375,35890.75,35353.8515625,35695.8984375,17600,NIFTY_IT,NSE_INDEX,yfinance,1d
2024-01-02,35668.05078125,35701.80078125,35106.1484375,35283.1015625,18400,NIFTY_IT,NSE_INDEX,yfinance,1d
2024-01-03,35039.05078125,35076.94921875,34367.75,34395.44921875,24900,NIFTY_IT,NSE_INDEX,yfinance,1d
2024-01-04,34552.94921875,34800.3515625,34236.6015625,34409.3984375,26900,NIFTY_IT,NSE_INDEX,yfinance,1d
2024-01-05,34469.69921875,34991.55078125,34459.44921875,34851.75,24600,NIFTY_IT,NSE_INDEX,yfinance,1d
2024-01-08,34876.6484375,34881.80078125,34419.75,34514.6484375,15000,NIFTY_IT,NSE_INDEX,yfinance,1d
2024-01-09,34926.6484375,35139.3515625,34608.44921875,34662.44921875,18700,NIFTY_IT,NSE_INDEX,yfinance,1d
2024-01-10,34693.0,34941.0,34546.94921875,34834.3515625,16300,NIFTY_IT,NSE_INDEX,yfinance,1d
2024-01-11,34978.30078125,35104.94921875,34665.1015625,34735.25,21900,NIFTY_IT,NSE_INDEX,yfinance,1d
2024-01-12,35673.0,36581.1015625,35659.55078125,36521.69921875,67100,NIFTY_IT,NSE_INDEX,yfinance,1d
2024-01-15,37538.44921875,37929.30078125,37109.3515625,37201.94921875,99200,NIFTY_IT,NSE_INDEX,yfinance,1d
2024-01-16,37132.3984375,37132.3984375,36600.44921875,36727.1015625,28800,NIFTY_IT,NSE_INDEX,yfinance,1d
2024-01-17,36299.6015625,37107.19921875,36289.30078125,36960.3984375,35600,NIFTY_IT,NSE_INDEX,yfinance,1d
2024-01-18,36784.3515625,36826.44921875,36136.3984375,36730.5,34200,NIFTY_IT,NSE_INDEX,yfinance,1d
2024-01-19,37065.0,37263.94921875,36831.3515625,37069.25,24400,NIFTY_IT,NSE_INDEX,yfinance,1d
2024-01-23,36958.30078125,37383.44921875,36424.8984375,36521.3515625,31200,NIFTY_IT,NSE_INDEX,yfinance,1d
2024-01-24,36761.6015625,37174.19921875,36435.30078125,37090.1484375,23600,NIFTY_IT,NSE_INDEX,yfinance,1d
2024-01-25,36938.6015625,36938.6015625,36354.1015625,36496.19921875,30800,NIFTY_IT,NSE_INDEX,yfinance,1d
2024-01-29,36553.80078125,36653.25,36351.5,36531.8984375,18300,NIFTY_IT,NSE_INDEX,yfinance,1d
2024-01-30,36682.1015625,37022.8984375,36321.1015625,36381.94921875,19500,NIFTY_IT,NSE_INDEX,yfinance,1d
2024-01-31,36373.94921875,36704.5,36228.8515625,36638.3984375,25100,NIFTY_IT,NSE_INDEX,yfinance,1d
2024-02-01,36632.5,36951.3984375,36451.1484375,36534.55078125,18700,NIFTY_IT,NSE_INDEX,yfinance,1d
2024-02-02,36730.1484375,37663.94921875,36729.94921875,37323.25,26900,NIFTY_IT,NSE_INDEX,yfinance,1d
2024-02-05,37441.0,37574.44921875,37097.94921875,37162.1484375,15400,NIFTY_IT,NSE_INDEX,yfinance,1d
2024-02-06,37267.1484375,38286.0,37161.6015625,38246.30078125,36900,NIFTY_IT,NSE_INDEX,yfinance,1d
2024-02-07,38345.3984375,38373.44921875,37734.55078125,37767.75,17800,NIFTY_IT,NSE_INDEX,yfinance,1d
2024-02-08,37893.44921875,38101.5,37625.75,37851.6015625,20900,NIFTY_IT,NSE_INDEX,yfinance,1d
2024-02-09,37891.5,38082.05078125,37443.75,37699.25,16100,NIFTY_IT,NSE_INDEX,yfinance,1d
2024-02-12,37770.0,38285.3515625,37770.0,37998.0,38300,NIFTY_IT,NSE_INDEX,yfinance,1d
2024-02-13,38070.3984375,38258.5,37605.30078125,38204.0,20500,NIFTY_IT,NSE_INDEX,yfinance,1d
2024-02-14,37724.75,37844.69921875,37200.05078125,37775.3984375,23000,NIFTY_IT,NSE_INDEX,yfinance,1d
2024-02-15,38053.30078125,38270.44921875,37735.6015625,37999.55078125,19200,NIFTY_IT,NSE_INDEX,yfinance,1d
2024-02-16,38211.55078125,38516.55078125,38131.8515625,38477.05078125,29500,NIFTY_IT,NSE_INDEX,yfinance,1d
2024-02-19,38526.94921875,38559.8515625,38042.6484375,38363.19921875,17700,NIFTY_IT,NSE_INDEX,yfinance,1d
2024-02-20,38190.75,38347.8984375,37780.19921875,38029.69921875,15700,NIFTY_IT,NSE_INDEX,yfinance,1d
2024-02-21,37938.8515625,38001.44921875,37302.6015625,37405.8984375,18900,NIFTY_IT,NSE_INDEX,yfinance,1d
2024-02-22,37535.75,38192.1015625,37395.3515625,38130.1484375,23900,NIFTY_IT,NSE_INDEX,yfinance,1d
2024-02-23,38487.5,38490.44921875,37980.1015625,38045.6484375,22900,NIFTY_IT,NSE_INDEX,yfinance,1d
2024-02-26,37991.8984375,38005.8515625,37384.8984375,37598.6484375,14500,NIFTY_IT,NSE_INDEX,yfinance,1d
2024-02-27,37606.69921875,37929.30078125,37606.69921875,37870.25,17900,NIFTY_IT,NSE_INDEX,yfinance,1d
2024-02-28,37926.6484375,38138.3515625,37594.5,37741.75,14800,NIFTY_IT,NSE_INDEX,yfinance,1d
2024-02-29,37616.19921875,37896.05078125,37414.94921875,37720.3984375,26400,NIFTY_IT,NSE_INDEX,yfinance,1d
2024-03-01,37823.69921875,37888.8515625,37462.8515625,37516.05078125,18800,NIFTY_IT,NSE_INDEX,yfinance,1d
2024-03-04,37634.25,37733.25,37279.44921875,37314.80078125,14500,NIFTY_IT,NSE_INDEX,yfinance,1d
2024-03-05,37180.05078125,37202.30078125,36613.1015625,36720.75,18100,NIFTY_IT,NSE_INDEX,yfinance,1d
2024-03-06,36627.6484375,37050.1484375,36134.0,37001.80078125,20100,NIFTY_IT,NSE_INDEX,yfinance,1d
2024-03-07,37057.94921875,37318.94921875,36838.3515625,37099.8984375,20500,NIFTY_IT,NSE_INDEX,yfinance,1d
2024-03-11,37082.0,37203.8515625,36820.3515625,36988.30078125,21000,NIFTY_IT,NSE_INDEX,yfinance,1d
2024-03-12,36991.5,37568.94921875,36981.69921875,37224.25,20600,NIFTY_IT,NSE_INDEX,yfinance,1d
2024-03-13,37320.80078125,37556.6015625,36689.1015625,36946.44921875,21800,NIFTY_IT,NSE_INDEX,yfinance,1d
2024-03-14,36901.8984375,37723.3515625,36607.6484375,37679.6015625,26000,NIFTY_IT,NSE_INDEX,yfinance,1d
2024-03-15,37524.3515625,37592.05078125,37264.8984375,37500.69921875,30300,NIFTY_IT,NSE_INDEX,yfinance,1d
2024-03-18,37458.8515625,37522.8515625,36746.6015625,36886.05078125,14300,NIFTY_IT,NSE_INDEX,yfinance,1d
2024-03-19,36562.0,36573.05078125,35783.3984375,35814.6484375,25700,NIFTY_IT,NSE_INDEX,yfinance,1d
2024-03-20,35875.6015625,36115.19921875,35697.8515625,35748.8984375,15000,NIFTY_IT,NSE_INDEX,yfinance,1d
2024-03-21,36039.19921875,36296.3515625,35816.80078125,36026.80078125,26600,NIFTY_IT,NSE_INDEX,yfinance,1d
2024-03-22,35256.6015625,35419.25,34701.75,35188.3984375,48800,NIFTY_IT,NSE_INDEX,yfinance,1d
2024-03-26,35003.1015625,35400.1484375,34938.0,34969.1015625,29100,NIFTY_IT,NSE_INDEX,yfinance,1d
2024-03-27,35057.3984375,35121.55078125,34693.6015625,34744.3515625,22400,NIFTY_IT,NSE_INDEX,yfinance,1d
2024-03-28,34862.6015625,35203.25,34786.6484375,34898.1484375,35100,NIFTY_IT,NSE_INDEX,yfinance,1d
2024-04-01,35224.0,35265.30078125,34963.80078125,35042.80078125,16258200,NIFTY_IT,NSE_INDEX,yfinance,1d
2024-04-02,34900.1484375,34984.3515625,34769.8984375,34793.94921875,17500,NIFTY_IT,NSE_INDEX,yfinance,1d
2024-04-03,34682.6015625,35289.69921875,34626.19921875,35047.3984375,27300,NIFTY_IT,NSE_INDEX,yfinance,1d
2024-04-04,35314.69921875,35649.6015625,34915.1484375,35426.69921875,31100,NIFTY_IT,NSE_INDEX,yfinance,1d
2024-04-05,35331.80078125,35371.1015625,35146.5,35247.8984375,15000,NIFTY_IT,NSE_INDEX,yfinance,1d
2024-04-08,35381.0,35429.94921875,35018.6015625,35064.1484375,27200,NIFTY_IT,NSE_INDEX,yfinance,1d
2024-04-09,35241.8984375,35568.80078125,35002.80078125,35079.3515625,24200,NIFTY_IT,NSE_INDEX,yfinance,1d
2024-04-10,35191.1484375,35350.6015625,34952.25,35293.1484375,19200,NIFTY_IT,NSE_INDEX,yfinance,1d
2024-04-12,35222.55078125,35363.6015625,34980.8515625,35018.1015625,31900,NIFTY_IT,NSE_INDEX,yfinance,1d
2024-04-15,34845.80078125,35188.1484375,34335.1484375,34463.6015625,26100,NIFTY_IT,NSE_INDEX,yfinance,1d
2024-04-16,34108.6015625,34175.6015625,33504.3515625,33574.94921875,37500,NIFTY_IT,NSE_INDEX,yfinance,1d
2024-04-18,33746.3984375,34102.1484375,33445.3515625,33498.6484375,47200,NIFTY_IT,NSE_INDEX,yfinance,1d
2024-04-19,33047.3515625,33538.55078125,32915.5,33368.30078125,43300,NIFTY_IT,NSE_INDEX,yfinance,1d
2024-04-22,33488.75,33627.55078125,33341.6484375,33538.80078125,25300,NIFTY_IT,NSE_INDEX,yfinance,1d
2024-04-23,33752.8515625,33803.8515625,33614.25,33714.55078125,18900,NIFTY_IT,NSE_INDEX,yfinance,1d
2024-04-24,33829.55078125,33840.1015625,33393.6484375,33442.55078125,13400,NIFTY_IT,NSE_INDEX,yfinance,1d
2024-04-25,33283.44921875,33659.44921875,33283.44921875,33554.44921875,29000,NIFTY_IT,NSE_INDEX,yfinance,1d
2024-04-26,33743.1015625,34307.44921875,33574.6015625,33666.25,51300,NIFTY_IT,NSE_INDEX,yfinance,1d
2024-04-29,33640.75,33792.8515625,33527.05078125,33579.3984375,28000,NIFTY_IT,NSE_INDEX,yfinance,1d
2024-04-30,33547.69921875,33688.94921875,33145.8984375,33200.94921875,25700,NIFTY_IT,NSE_INDEX,yfinance,1d
2024-05-02,33059.30078125,33332.19921875,33059.30078125,33203.3515625,30400,NIFTY_IT,NSE_INDEX,yfinance,1d
2024-05-03,33248.5,33305.0,32690.5,32908.3984375,31100,NIFTY_IT,NSE_INDEX,yfinance,1d
2024-05-06,33041.19921875,33435.3515625,32990.80078125,33217.1484375,18200,NIFTY_IT,NSE_INDEX,yfinance,1d
2024-05-07,33268.1484375,33525.5,32998.19921875,33473.0,22600,NIFTY_IT,NSE_INDEX,yfinance,1d
2024-05-08,33425.1484375,33489.6484375,33237.1015625,33335.1484375,21700,NIFTY_IT,NSE_INDEX,yfinance,1d
2024-05-09,33275.75,33454.75,33006.94921875,33205.8515625,22500,NIFTY_IT,NSE_INDEX,yfinance,1d
2024-05-10,33166.1015625,33178.3984375,32786.55078125,32935.1484375,20700,NIFTY_IT,NSE_INDEX,yfinance,1d
2024-05-13,32910.6484375,33108.25,32669.25,33074.6015625,13000,NIFTY_IT,NSE_INDEX,yfinance,1d
2024-05-14,33106.75,33321.6015625,32918.69921875,33122.8515625,12900,NIFTY_IT,NSE_INDEX,yfinance,1d
2024-05-15,33144.0,33292.3515625,32986.05078125,33117.3984375,13700,NIFTY_IT,NSE_INDEX,yfinance,1d
2024-05-16,33364.6484375,33705.19921875,33208.25,33668.44921875,32600,NIFTY_IT,NSE_INDEX,yfinance,1d
2024-05-17,33763.8515625,33766.69921875,33361.0,33381.8515625,20200,NIFTY_IT,NSE_INDEX,yfinance,1d
2024-05-21,33253.0,33453.6015625,33191.75,33379.75,21300,NIFTY_IT,NSE_INDEX,yfinance,1d
2024-05-22,33444.25,33724.3515625,33364.1484375,33613.1015625,18800,NIFTY_IT,NSE_INDEX,yfinance,1d
2024-05-23,33683.69921875,34098.05078125,33615.3515625,34042.8515625,25500,NIFTY_IT,NSE_INDEX,yfinance,1d
2024-05-24,34024.6484375,34088.19921875,33761.69921875,33824.30078125,15500,NIFTY_IT,NSE_INDEX,yfinance,1d
2024-05-27,33914.44921875,34227.05078125,33769.8984375,33995.25,35800,NIFTY_IT,NSE_INDEX,yfinance,1d
2024-05-28,34095.6484375,34136.25,33802.05078125,33880.8515625,21800,NIFTY_IT,NSE_INDEX,yfinance,1d
2024-05-29,33888.8984375,33888.8984375,33515.1484375,33542.69921875,20700,NIFTY_IT,NSE_INDEX,yfinance,1d
2024-05-30,33363.8984375,33433.25,32685.349609375,32806.75,31500,NIFTY_IT,NSE_INDEX,yfinance,1d
2024-05-31,32732.80078125,32816.8515625,32280.80078125,32386.099609375,76700,NIFTY_IT,NSE_INDEX,yfinance,1d
2024-06-03,33114.69921875,33143.55078125,32455.80078125,32511.400390625,26500,NIFTY_IT,NSE_INDEX,yfinance,1d
2024-06-04,32575.19921875,32594.349609375,31320.150390625,32315.55078125,37300,NIFTY_IT,NSE_INDEX,yfinance,1d
2024-06-05,32464.05078125,33319.6015625,32410.80078125,33087.94921875,26600,NIFTY_IT,NSE_INDEX,yfinance,1d
2024-06-06,33451.69921875,34093.1484375,33343.0,34023.80078125,35900,NIFTY_IT,NSE_INDEX,yfinance,1d
2024-06-07,34274.6015625,35248.1015625,34256.30078125,35169.8984375,81900,NIFTY_IT,NSE_INDEX,yfinance,1d
2024-06-10,35140.44921875,35167.75,34360.6484375,34526.25,60800,NIFTY_IT,NSE_INDEX,yfinance,1d
2024-06-11,34600.8515625,34751.30078125,34483.3984375,34531.44921875,16900,NIFTY_IT,NSE_INDEX,yfinance,1d
2024-06-12,34860.05078125,35016.3984375,34505.8984375,34547.44921875,30300,NIFTY_IT,NSE_INDEX,yfinance,1d
2024-06-13,34796.3984375,35039.55078125,34783.19921875,34902.05078125,27000,NIFTY_IT,NSE_INDEX,yfinance,1d
2024-06-14,35035.69921875,35035.69921875,34568.8515625,34598.55078125,19200,NIFTY_IT,NSE_INDEX,yfinance,1d
2024-06-18,34696.0,34917.6484375,34655.8984375,34802.94921875,28600,NIFTY_IT,NSE_INDEX,yfinance,1d
2024-06-19,34904.8984375,35036.6484375,34604.05078125,34927.1015625,24000,NIFTY_IT,NSE_INDEX,yfinance,1d
2024-06-20,35002.5,35002.5,34728.6015625,34936.44921875,23900,NIFTY_IT,NSE_INDEX,yfinance,1d
2024-06-21,35474.3515625,35875.30078125,35061.0,35200.30078125,88800,NIFTY_IT,NSE_INDEX,yfinance,1d
2024-06-24,35067.75,35282.0,34918.1484375,35143.80078125,18100,NIFTY_IT,NSE_INDEX,yfinance,1d
2024-06-25,35146.6484375,35468.0,35004.8515625,35426.8984375,16000,NIFTY_IT,NSE_INDEX,yfinance,1d
2024-06-26,35484.05078125,35593.94921875,35336.0,35406.6015625,18200,NIFTY_IT,NSE_INDEX,yfinance,1d
2024-06-27,35289.25,36191.19921875,35105.69921875,36123.69921875,54800,NIFTY_IT,NSE_INDEX,yfinance,1d
2024-06-28,36154.19921875,36334.6484375,36041.19921875,36157.5,29200,NIFTY_IT,NSE_INDEX,yfinance,1d
2024-07-01,36103.0,37093.3515625,36085.44921875,36869.19921875,0,NIFTY_IT,NSE_INDEX,yfinance,1d
2024-07-02,37006.3515625,37525.44921875,36944.8984375,37299.1484375,0,NIFTY_IT,NSE_INDEX,yfinance,1d
2024-07-03,37439.44921875,37444.0,37064.0,37314.3515625,0,NIFTY_IT,NSE_INDEX,yfinance,1d
2024-07-04,37455.6484375,37935.1015625,37399.1015625,37725.8984375,32000,NIFTY_IT,NSE_INDEX,yfinance,1d
2024-07-05,37754.1484375,37884.6484375,37491.3984375,37720.75,20600,NIFTY_IT,NSE_INDEX,yfinance,1d
2024-07-08,37766.0,37949.80078125,37582.69921875,37742.25,20600,NIFTY_IT,NSE_INDEX,yfinance,1d
2024-07-09,37747.30078125,37827.80078125,37603.8515625,37668.6484375,16000,NIFTY_IT,NSE_INDEX,yfinance,1d
2024-07-10,37713.94921875,37824.6484375,37110.3515625,37280.75,23500,NIFTY_IT,NSE_INDEX,yfinance,1d
2024-07-11,37464.8515625,37636.19921875,37108.3515625,37332.6015625,24500,NIFTY_IT,NSE_INDEX,yfinance,1d
2024-07-12,37917.3515625,39237.69921875,37825.25,39023.0,76200,NIFTY_IT,NSE_INDEX,yfinance,1d
2024-07-15,39432.1015625,39567.0,38831.6484375,38911.3515625,35300,NIFTY_IT,NSE_INDEX,yfinance,1d
2024-07-16,39013.75,39280.0,38730.55078125,39141.5,22100,NIFTY_IT,NSE_INDEX,yfinance,1d
2024-07-18,39010.3515625,40075.69921875,39010.3515625,40010.3984375,41700,NIFTY_IT,NSE_INDEX,yfinance,1d
2024-07-19,40682.69921875,40682.69921875,39833.1015625,39923.30078125,63900,NIFTY_IT,NSE_INDEX,yfinance,1d
2024-07-22,39664.8515625,39945.5,39418.44921875,39773.1484375,57200,NIFTY_IT,NSE_INDEX,yfinance,1d
2024-07-23,39773.75,40193.8515625,39081.30078125,40044.69921875,30800,NIFTY_IT,NSE_INDEX,yfinance,1d
2024-07-24,40003.0,40282.1015625,39918.75,40115.05078125,21200,NIFTY_IT,NSE_INDEX,yfinance,1d
2024-07-25,39809.80078125,40198.6484375,39693.6015625,40055.5,27700,NIFTY_IT,NSE_INDEX,yfinance,1d
2024-07-26,40164.44921875,41073.6484375,40081.8984375,40977.3515625,42900,NIFTY_IT,NSE_INDEX,yfinance,1d
2024-07-29,41220.75,41381.1015625,40691.3515625,40820.1015625,18100,NIFTY_IT,NSE_INDEX,yfinance,1d
2024-07-30,40827.1015625,40889.8984375,40561.6015625,40776.3515625,14500,NIFTY_IT,NSE_INDEX,yfinance,1d
2024-07-31,40728.75,41074.05078125,40657.05078125,40851.1015625,17800,NIFTY_IT,NSE_INDEX,yfinance,1d
2024-08-01,40862.3984375,41036.05078125,40537.19921875,40709.3984375,20100,NIFTY_IT,NSE_INDEX,yfinance,1d
2024-08-02,40346.55078125,40632.25,39662.6484375,39730.30078125,24200,NIFTY_IT,NSE_INDEX,yfinance,1d
2024-08-05,38822.55078125,39044.69921875,37829.1015625,38435.94921875,33000,NIFTY_IT,NSE_INDEX,yfinance,1d
2024-08-06,38565.8515625,39395.3984375,38551.69921875,38624.19921875,21500,NIFTY_IT,NSE_INDEX,yfinance,1d
2024-08-07,39269.05078125,39427.1015625,38882.94921875,39194.80078125,16000,NIFTY_IT,NSE_INDEX,yfinance,1d
2024-08-08,39030.5,39098.75,38371.1484375,38448.30078125,21600,NIFTY_IT,NSE_INDEX,yfinance,1d
2024-08-09,39007.69921875,39252.3984375,38931.8515625,39043.30078125,13900,NIFTY_IT,NSE_INDEX,yfinance,1d
2024-08-12,39038.94921875,39329.05078125,38747.8515625,39109.55078125,13600,NIFTY_IT,NSE_INDEX,yfinance,1d
2024-08-13,39198.25,39383.30078125,38972.69921875,39114.8515625,12400,NIFTY_IT,NSE_INDEX,yfinance,1d
2024-08-14,39259.69921875,39767.1484375,39177.69921875,39731.25,24100,NIFTY_IT,NSE_INDEX,yfinance,1d
2024-08-16,40287.30078125,40927.1484375,40063.8984375,40878.25,33700,NIFTY_IT,NSE_INDEX,yfinance,1d
2024-08-19,40940.8984375,41271.6015625,40736.55078125,41236.8515625,16300,NIFTY_IT,NSE_INDEX,yfinance,1d
2024-08-20,41421.25,41746.55078125,41366.19921875,41572.80078125,17900,NIFTY_IT,NSE_INDEX,yfinance,1d
2024-08-21,41532.05078125,41603.6015625,41368.05078125,41570.8515625,11500,NIFTY_IT,NSE_INDEX,yfinance,1d
2024-08-22,41735.25,41834.0,41406.19921875,41506.19921875,17000,NIFTY_IT,NSE_INDEX,yfinance,1d
2024-08-23,41492.75,41548.75,41029.5,41089.8515625,16900,NIFTY_IT,NSE_INDEX,yfinance,1d
2024-08-26,41343.44921875,41820.8984375,41319.05078125,41662.1015625,21200,NIFTY_IT,NSE_INDEX,yfinance,1d
2024-08-27,41696.8515625,41936.69921875,41589.8515625,41709.25,14800,NIFTY_IT,NSE_INDEX,yfinance,1d
2024-08-28,41792.8984375,42717.1484375,41594.8984375,42394.3984375,37800,NIFTY_IT,NSE_INDEX,yfinance,1d
2024-08-29,42191.1015625,42790.30078125,42151.5,42591.6484375,31500,NIFTY_IT,NSE_INDEX,yfinance,1d
2024-08-30,42644.1015625,42913.94921875,42455.1015625,42787.80078125,38100,NIFTY_IT,NSE_INDEX,yfinance,1d
2024-09-02,42864.8515625,43299.5,42847.80078125,42975.6015625,22600,NIFTY_IT,NSE_INDEX,yfinance,1d
2024-09-03,42953.1015625,43194.55078125,42746.75,42851.30078125,20100,NIFTY_IT,NSE_INDEX,yfinance,1d
2024-09-04,42315.69921875,42498.44921875,42023.5,42450.5,22900,NIFTY_IT,NSE_INDEX,yfinance,1d
2024-09-05,42578.1484375,42766.05078125,42294.55078125,42644.6484375,17700,NIFTY_IT,NSE_INDEX,yfinance,1d
2024-09-06,42607.8515625,42983.6015625,42167.1484375,42228.8984375,22500,NIFTY_IT,NSE_INDEX,yfinance,1d
2024-09-09,42104.05078125,42431.6484375,41809.6484375,41919.05078125,18600,NIFTY_IT,NSE_INDEX,yfinance,1d
2024-09-10,42128.30078125,42937.44921875,42055.8515625,42644.19921875,21600,NIFTY_IT,NSE_INDEX,yfinance,1d
2024-09-11,42710.1484375,42984.19921875,42406.1484375,42473.30078125,15900,NIFTY_IT,NSE_INDEX,yfinance,1d
2024-09-12,42836.5,43265.25,42449.05078125,43152.1015625,26400,NIFTY_IT,NSE_INDEX,yfinance,1d
2024-09-13,43244.19921875,43571.6484375,42989.3984375,43394.3515625,28000,NIFTY_IT,NSE_INDEX,yfinance,1d
2024-09-16,43457.3984375,43583.1484375,43286.80078125,43352.6484375,11500,NIFTY_IT,NSE_INDEX,yfinance,1d
2024-09-17,43294.44921875,43645.8984375,43133.55078125,43415.0,12500,NIFTY_IT,NSE_INDEX,yfinance,1d
2024-09-18,43222.44921875,43222.44921875,41814.3984375,42089.30078125,27100,NIFTY_IT,NSE_INDEX,yfinance,1d
2024-09-19,42551.0,42850.44921875,41670.80078125,41945.6015625,32400,NIFTY_IT,NSE_INDEX,yfinance,1d
2024-09-20,42186.8515625,42375.19921875,41614.25,42204.3984375,39800,NIFTY_IT,NSE_INDEX,yfinance,1d
2024-09-23,42288.3515625,42378.5,41785.1484375,41987.44921875,14000,NIFTY_IT,NSE_INDEX,yfinance,1d
2024-09-24,41863.3515625,42403.8984375,41691.3984375,42243.94921875,21800,NIFTY_IT,NSE_INDEX,yfinance,1d
2024-09-25,42128.1484375,42222.8515625,41645.8515625,41960.94921875,17300,NIFTY_IT,NSE_INDEX,yfinance,1d
2024-09-26,42033.8984375,42345.3984375,41982.8515625,42160.8984375,27100,NIFTY_IT,NSE_INDEX,yfinance,1d
2024-09-27,42738.55078125,43377.94921875,42270.55078125,42312.6015625,46500,NIFTY_IT,NSE_INDEX,yfinance,1d
2024-09-30,42045.55078125,42275.3984375,41853.25,41946.1015625,20900,NIFTY_IT,NSE_INDEX,yfinance,1d
2024-10-01,41916.30078125,42470.5,41916.30078125,42434.80078125,19500,NIFTY_IT,NSE_INDEX,yfinance,1d
2024-10-03,41978.44921875,42325.8515625,41631.5,41762.6015625,26100,NIFTY_IT,NSE_INDEX,yfinance,1d
2024-10-04,41682.94921875,42566.1484375,41682.94921875,41912.5,28100,NIFTY_IT,NSE_INDEX,yfinance,1d
2024-10-07,42134.6484375,42491.8515625,41760.1015625,42190.6015625,22000,NIFTY_IT,NSE_INDEX,yfinance,1d
2024-10-08,42275.25,42445.25,41639.44921875,42387.55078125,18400,NIFTY_IT,NSE_INDEX,yfinance,1d
2024-10-09,42524.69921875,42920.55078125,42498.55078125,42622.75,16700,NIFTY_IT,NSE_INDEX,yfinance,1d
2024-10-10,42801.05078125,42880.3984375,42012.3515625,42088.80078125,19800,NIFTY_IT,NSE_INDEX,yfinance,1d
2024-10-11,41770.5,42567.19921875,41734.19921875,42335.69921875,20800,NIFTY_IT,NSE_INDEX,yfinance,1d
2024-10-14,42383.25,42985.1015625,42357.75,42872.75,28300,NIFTY_IT,NSE_INDEX,yfinance,1d
2024-10-15,42917.6484375,43329.5,42572.80078125,42731.30078125,29400,NIFTY_IT,NSE_INDEX,yfinance,1d
2024-10-16,42605.3515625,42691.1484375,42168.69921875,42230.69921875,17100,NIFTY_IT,NSE_INDEX,yfinance,1d
2024-10-17,42455.6015625,42900.44921875,42369.80078125,42734.3515625,35400,NIFTY_IT,NSE_INDEX,yfinance,1d
2024-10-18,42216.8984375,42579.75,41838.0,42106.5,58500,NIFTY_IT,NSE_INDEX,yfinance,1d
2024-10-21,42426.44921875,42609.05078125,41481.55078125,41562.69921875,28100,NIFTY_IT,NSE_INDEX,yfinance,1d
2024-10-22,41556.3515625,41850.6015625,41155.8515625,41238.80078125,21800,NIFTY_IT,NSE_INDEX,yfinance,1d
2024-10-23,41168.3984375,42530.94921875,41151.3515625,42222.1015625,27400,NIFTY_IT,NSE_INDEX,yfinance,1d
2024-10-24,41929.25,42379.6015625,41926.8515625,42139.8515625,16300,NIFTY_IT,NSE_INDEX,yfinance,1d
2024-10-25,42235.30078125,42366.1484375,41874.55078125,42038.8515625,19000,NIFTY_IT,NSE_INDEX,yfinance,1d
2024-10-28,42012.6015625,42401.30078125,41963.30078125,42205.3984375,19200,NIFTY_IT,NSE_INDEX,yfinance,1d
2024-10-29,42167.55078125,42210.8984375,41746.6015625,42031.44921875,16300,NIFTY_IT,NSE_INDEX,yfinance,1d
2024-10-30,41975.3515625,42164.3515625,41572.1015625,41668.6015625,22800,NIFTY_IT,NSE_INDEX,yfinance,1d
2024-10-31,41501.94921875,41501.94921875,40191.94921875,40407.55078125,29400,NIFTY_IT,NSE_INDEX,yfinance,1d
2024-11-01,40568.6484375,40646.69921875,40366.5,40433.6484375,2200,NIFTY_IT,NSE_INDEX,yfinance,1d
2024-11-04,40202.25,40472.44921875,39975.0,40421.80078125,21800,NIFTY_IT,NSE_INDEX,yfinance,1d
2024-11-05,40345.44921875,40658.25,40225.19921875,40424.6015625,11900,NIFTY_IT,NSE_INDEX,yfinance,1d
2024-11-06,40770.6015625,42105.5,40675.05078125,42039.5,34500,NIFTY_IT,NSE_INDEX,yfinance,1d
2024-11-07,42151.5,42369.6484375,41348.75,41752.3984375,19600,NIFTY_IT,NSE_INDEX,yfinance,1d
2024-11-08,41938.80078125,42306.69921875,41840.69921875,42050.1484375,21700,NIFTY_IT,NSE_INDEX,yfinance,1d
2024-11-11,41991.3515625,42798.1484375,41793.6484375,42590.30078125,18100,NIFTY_IT,NSE_INDEX,yfinance,1d
2024-11-12,42846.0,42884.6015625,42462.05078125,42609.55078125,18300,NIFTY_IT,NSE_INDEX,yfinance,1d
2024-11-13,42484.44921875,42659.69921875,42201.3984375,42369.5,15000,NIFTY_IT,NSE_INDEX,yfinance,1d
2024-11-14,42318.75,42633.0,42162.80078125,42390.8515625,16600,NIFTY_IT,NSE_INDEX,yfinance,1d
2024-11-18,42442.8515625,42442.8515625,41035.3984375,41406.55078125,21800,NIFTY_IT,NSE_INDEX,yfinance,1d
2024-11-19,41534.6015625,42447.6484375,41534.6015625,41748.3515625,18800,NIFTY_IT,NSE_INDEX,yfinance,1d
2024-11-21,41928.8984375,42325.8515625,41678.19921875,41952.80078125,19200,NIFTY_IT,NSE_INDEX,yfinance,1d
2024-11-22,42229.19921875,43436.1484375,41983.55078125,43332.1015625,24600,NIFTY_IT,NSE_INDEX,yfinance,1d
2024-11-25,43697.8515625,43751.6484375,43337.6015625,43618.1484375,42000,NIFTY_IT,NSE_INDEX,yfinance,1d
2024-11-26,43763.19921875,44244.6015625,43699.44921875,44085.94921875,21700,NIFTY_IT,NSE_INDEX,yfinance,1d
2024-11-27,44132.5,44330.6015625,43980.1484375,44018.69921875,18100,NIFTY_IT,NSE_INDEX,yfinance,1d
2024-11-28,43948.0,44013.1015625,42864.80078125,42968.75,24100,NIFTY_IT,NSE_INDEX,yfinance,1d
2024-11-29,42873.80078125,43468.94921875,42738.75,43146.25,16700,NIFTY_IT,NSE_INDEX,yfinance,1d
2024-12-02,43171.75,43578.0,42860.80078125,43547.0,14500,NIFTY_IT,NSE_INDEX,yfinance,1d
2024-12-03,43794.69921875,43811.5,43404.0,43754.94921875,28300,NIFTY_IT,NSE_INDEX,yfinance,1d
2024-12-04,43761.1484375,44225.55078125,43585.05078125,43949.25,28900,NIFTY_IT,NSE_INDEX,yfinance,1d
2024-12-05,44174.80078125,45027.94921875,44023.8984375,44806.3984375,34800,NIFTY_IT,NSE_INDEX,yfinance,1d
2024-12-06,44780.44921875,44852.30078125,44519.69921875,44716.05078125,17900,NIFTY_IT,NSE_INDEX,yfinance,1d
2024-12-09,44648.30078125,44913.30078125,44477.1484375,44832.0,19500,NIFTY_IT,NSE_INDEX,yfinance,1d
2024-12-10,44848.5,45377.75,44824.1484375,45199.75,32300,NIFTY_IT,NSE_INDEX,yfinance,1d
2024-12-11,45238.80078125,45398.94921875,45046.6015625,45350.3515625,19400,NIFTY_IT,NSE_INDEX,yfinance,1d
2024-12-12,45409.69921875,46002.6484375,45375.5,45701.6484375,29300,NIFTY_IT,NSE_INDEX,yfinance,1d
2024-12-13,45496.94921875,46088.8984375,45073.5,45995.80078125,20500,NIFTY_IT,NSE_INDEX,yfinance,1d
2024-12-16,45937.1015625,46005.19921875,45536.8515625,45653.6015625,15600,NIFTY_IT,NSE_INDEX,yfinance,1d
2024-12-17,45576.1484375,45759.6484375,45213.8515625,45413.75,24200,NIFTY_IT,NSE_INDEX,yfinance,1d
2024-12-18,45293.05078125,45693.0,45237.30078125,45526.8515625,21600,NIFTY_IT,NSE_INDEX,yfinance,1d
2024-12-19,44493.44921875,45265.94921875,44434.1015625,44954.19921875,27800,NIFTY_IT,NSE_INDEX,yfinance,1d
2024-12-20,45513.3515625,45647.30078125,43663.05078125,43771.05078125,47400,NIFTY_IT,NSE_INDEX,yfinance,1d
2024-12-23,44011.5,44267.3984375,43643.94921875,43828.3515625,16400,NIFTY_IT,NSE_INDEX,yfinance,1d
2024-12-24,43897.0,44203.05078125,43262.1015625,43668.8984375,15500,NIFTY_IT,NSE_INDEX,yfinance,1d
2024-12-26,43708.19921875,43851.0,43420.8984375,43664.25,14300,NIFTY_IT,NSE_INDEX,yfinance,1d
2024-12-27,43707.0,43863.6484375,43546.05078125,43721.3984375,15700,NIFTY_IT,NSE_INDEX,yfinance,1d
2024-12-30,43674.05078125,44175.5,43259.80078125,43971.44921875,41600,NIFTY_IT,NSE_INDEX,yfinance,1d
2024-12-31,43622.3984375,43659.6484375,42574.44921875,43337.80078125,19800,NIFTY_IT,NSE_INDEX,yfinance,1d
2025-01-01,43290.6484375,43568.5,43249.80078125,43373.1015625,12800,NIFTY_IT,NSE_INDEX,yfinance,1d
2025-01-02,43401.6484375,44420.94921875,43325.8984375,44351.75,23700,NIFTY_IT,NSE_INDEX,yfinance,1d
2025-01-03,44334.1484375,44337.1484375,43554.94921875,43726.55078125,27300,NIFTY_IT,NSE_INDEX,yfinance,1d
2025-01-06,43961.6484375,44331.1015625,43401.69921875,43674.8515625,22700,NIFTY_IT,NSE_INDEX,yfinance,1d
2025-01-07,43836.3515625,44112.05078125,43293.6484375,43375.8515625,20000,NIFTY_IT,NSE_INDEX,yfinance,1d
2025-01-08,43333.8984375,43725.94921875,42735.55078125,43634.25,20100,NIFTY_IT,NSE_INDEX,yfinance,1d
2025-01-09,43606.30078125,43838.6484375,43032.44921875,43126.44921875,21900,NIFTY_IT,NSE_INDEX,yfinance,1d
2025-01-10,43731.5,44798.6484375,43731.5,44609.5,46400,NIFTY_IT,NSE_INDEX,yfinance,1d
2025-01-13,44390.6015625,44655.69921875,43927.3984375,43999.1015625,28700,NIFTY_IT,NSE_INDEX,yfinance,1d
2025-01-14,43996.6015625,44007.55078125,42916.75,43061.19921875,38300,NIFTY_IT,NSE_INDEX,yfinance,1d
2025-01-15,43190.80078125,43447.69921875,42976.30078125,43401.25,16600,NIFTY_IT,NSE_INDEX,yfinance,1d
2025-01-16,43696.44921875,44012.3515625,43095.0,43188.8515625,31300,NIFTY_IT,NSE_INDEX,yfinance,1d
2025-01-17,42469.0,42495.05078125,41962.6484375,42032.19921875,34600,NIFTY_IT,NSE_INDEX,yfinance,1d
2025-01-20,42377.3515625,42478.5,41709.55078125,42192.80078125,54700,NIFTY_IT,NSE_INDEX,yfinance,1d
2025-01-21,42288.55078125,42536.69921875,41639.0,41697.94921875,32700,NIFTY_IT,NSE_INDEX,yfinance,1d
2025-01-22,41755.19921875,42635.3515625,41750.19921875,42590.69921875,49400,NIFTY_IT,NSE_INDEX,yfinance,1d
2025-01-23,42750.44921875,43663.44921875,42741.19921875,43351.75,60000,NIFTY_IT,NSE_INDEX,yfinance,1d
2025-01-24,43220.44921875,43959.1484375,43217.5,43524.1015625,36100,NIFTY_IT,NSE_INDEX,yfinance,1d
2025-01-27,42986.8984375,43245.94921875,41961.1484375,42060.69921875,29700,NIFTY_IT,NSE_INDEX,yfinance,1d
2025-01-28,42097.05078125,42463.1484375,41731.25,41820.6484375,31300,NIFTY_IT,NSE_INDEX,yfinance,1d
2025-01-29,42052.0,42968.3984375,42051.55078125,42914.5,29700,NIFTY_IT,NSE_INDEX,yfinance,1d
2025-01-30,42893.80078125,43025.8515625,42117.3515625,42426.6484375,24800,NIFTY_IT,NSE_INDEX,yfinance,1d
2025-01-31,42586.1015625,42967.75,42486.80078125,42662.75,27500,NIFTY_IT,NSE_INDEX,yfinance,1d
2025-02-03,41592.19921875,42375.25,41328.25,42314.25,27100,NIFTY_IT,NSE_INDEX,yfinance,1d
2025-02-04,42642.75,42931.1015625,42407.3515625,42860.19921875,32200,NIFTY_IT,NSE_INDEX,yfinance,1d
2025-02-05,43060.6484375,43250.75,42818.1015625,42888.30078125,21900,NIFTY_IT,NSE_INDEX,yfinance,1d
2025-02-06,43197.30078125,43431.80078125,42838.1484375,43020.94921875,26500,NIFTY_IT,NSE_INDEX,yfinance,1d
2025-02-07,43106.1484375,43133.3515625,42623.44921875,42921.6484375,19200,NIFTY_IT,NSE_INDEX,yfinance,1d
2025-02-10,42956.44921875,42973.6484375,42511.25,42596.55078125,21600,NIFTY_IT,NSE_INDEX,yfinance,1d
2025-02-11,42616.8984375,42790.25,41866.6015625,41968.30078125,21500,NIFTY_IT,NSE_INDEX,yfinance,1d
2025-02-12,42039.5,42263.05078125,41591.19921875,41733.0,23600,NIFTY_IT,NSE_INDEX,yfinance,1d
2025-02-13,41787.0,41944.69921875,41182.3984375,41315.55078125,21300,NIFTY_IT,NSE_INDEX,yfinance,1d
2025-02-14,41547.05078125,41606.75,40958.0,41311.1484375,18600,NIFTY_IT,NSE_INDEX,yfinance,1d
2025-02-17,40968.80078125,41254.8984375,40592.5,41073.19921875,17400,NIFTY_IT,NSE_INDEX,yfinance,1d
2025-02-18,41097.44921875,41530.30078125,41039.25,41464.3515625,23200,NIFTY_IT,NSE_INDEX,yfinance,1d
2025-02-19,41373.5,41403.25,40785.05078125,40924.25,20800,NIFTY_IT,NSE_INDEX,yfinance,1d
2025-02-20,40725.3984375,41004.8515625,40701.1015625,40865.94921875,17400,NIFTY_IT,NSE_INDEX,yfinance,1d
2025-02-21,40821.6484375,40905.3984375,40417.44921875,40544.55078125,18400,NIFTY_IT,NSE_INDEX,yfinance,1d
2025-02-24,40100.25,40186.5,39306.69921875,39446.6015625,32200,NIFTY_IT,NSE_INDEX,yfinance,1d
2025-02-25,39085.6015625,39518.19921875,39066.3984375,39131.30078125,24900,NIFTY_IT,NSE_INDEX,yfinance,1d
2025-02-27,38971.6015625,39237.69921875,38742.8984375,38946.6484375,31400,NIFTY_IT,NSE_INDEX,yfinance,1d
2025-02-28,38620.69921875,38642.0,37167.30078125,37318.30078125,50700,NIFTY_IT,NSE_INDEX,yfinance,1d
2025-03-03,37408.6484375,37930.1484375,37369.69921875,37614.44921875,30400,NIFTY_IT,NSE_INDEX,yfinance,1d
2025-03-04,37228.80078125,37537.19921875,36797.3984375,37276.94921875,26600,NIFTY_IT,NSE_INDEX,yfinance,1d
2025-03-05,37287.25,38381.75,37287.25,38072.30078125,31500,NIFTY_IT,NSE_INDEX,yfinance,1d
2025-03-06,38226.1015625,38347.1015625,37912.0,38145.30078125,30200,NIFTY_IT,NSE_INDEX,yfinance,1d
2025-03-07,38028.1484375,38048.3515625,37625.05078125,37820.44921875,22900,NIFTY_IT,NSE_INDEX,yfinance,1d
2025-03-10,37791.6015625,38037.30078125,37564.3984375,37644.3984375,20500,NIFTY_IT,NSE_INDEX,yfinance,1d
2025-03-11,37185.25,37500.80078125,36826.8984375,37400.1015625,28500,NIFTY_IT,NSE_INDEX,yfinance,1d
2025-03-12,37181.8515625,37201.55078125,35828.80078125,36310.6484375,44900,NIFTY_IT,NSE_INDEX,yfinance,1d
2025-03-13,36378.19921875,36592.94921875,35948.25,36122.5,23400,NIFTY_IT,NSE_INDEX,yfinance,1d
2025-03-17,35828.05078125,36170.25,35828.05078125,36137.19921875,29600,NIFTY_IT,NSE_INDEX,yfinance,1d
2025-03-18,36242.1484375,36681.1484375,36008.8515625,36619.3515625,29900,NIFTY_IT,NSE_INDEX,yfinance,1d
2025-03-19,36581.6484375,36581.6484375,35804.6015625,36223.5,36900,NIFTY_IT,NSE_INDEX,yfinance,1d
2025-03-20,36444.55078125,37109.8515625,36444.55078125,36676.6484375,37100,NIFTY_IT,NSE_INDEX,yfinance,1d
2025-03-21,35942.5,37033.8984375,35674.3984375,36702.80078125,53100,NIFTY_IT,NSE_INDEX,yfinance,1d
2025-03-24,36944.8984375,37469.8515625,36539.94921875,37217.05078125,27900,NIFTY_IT,NSE_INDEX,yfinance,1d
2025-03-25,37542.3984375,38073.05078125,37406.0,37706.8984375,36100,NIFTY_IT,NSE_INDEX,yfinance,1d
2025-03-26,37719.44921875,37929.3984375,37216.6015625,37336.69921875,23500,NIFTY_IT,NSE_INDEX,yfinance,1d
2025-03-27,37168.1484375,37627.6015625,37160.0,37548.30078125,35100,NIFTY_IT,NSE_INDEX,yfinance,1d
2025-03-28,37376.6015625,37540.80078125,36767.25,36886.1484375,28900,NIFTY_IT,NSE_INDEX,yfinance,1d
2025-04-01,36422.8515625,36538.6015625,35890.3984375,35980.6484375,31000,NIFTY_IT,NSE_INDEX,yfinance,1d
2025-04-02,36024.44921875,36368.8515625,35970.69921875,36283.5,21600,NIFTY_IT,NSE_INDEX,yfinance,1d
2025-04-03,35676.44921875,35686.55078125,34642.3984375,34757.25,38300,NIFTY_IT,NSE_INDEX,yfinance,1d
2025-04-04,34224.6015625,34361.6484375,33418.6484375,33511.44921875,42300,NIFTY_IT,NSE_INDEX,yfinance,1d
2025-04-07,31307.94921875,32835.1015625,30918.94921875,32668.80078125,56200,NIFTY_IT,NSE_INDEX,yfinance,1d
2025-04-08,33232.3984375,33742.8515625,32859.05078125,33244.3984375,42300,NIFTY_IT,NSE_INDEX,yfinance,1d
2025-04-09,32710.25,32762.30078125,32200.25,32517.349609375,41900,NIFTY_IT,NSE_INDEX,yfinance,1d
2025-04-11,32926.6484375,33210.80078125,32526.0,32740.849609375,41400,NIFTY_IT,NSE_INDEX,yfinance,1d
2025-04-15,33504.1484375,33520.6484375,32932.94921875,33275.30078125,31500,NIFTY_IT,NSE_INDEX,yfinance,1d
2025-04-16,33215.94921875,33387.44921875,32867.94921875,33295.5,35800,NIFTY_IT,NSE_INDEX,yfinance,1d
2025-04-17,32832.6484375,33471.55078125,32470.94921875,33372.3515625,82800,NIFTY_IT,NSE_INDEX,yfinance,1d
2025-04-21,33299.6015625,34528.55078125,33283.8515625,34135.05078125,100,NIFTY_IT,NSE_INDEX,yfinance,1d
2025-04-22,34075.6015625,34130.30078125,33789.1484375,33941.05078125,37700,NIFTY_IT,NSE_INDEX,yfinance,1d
2025-04-23,34700.1015625,35522.75,34648.44921875,35414.6484375,71800,NIFTY_IT,NSE_INDEX,yfinance,1d
2025-04-24,35463.6015625,35572.0,35197.30078125,35307.1015625,43600,NIFTY_IT,NSE_INDEX,yfinance,1d
2025-04-25,35487.30078125,35941.44921875,35068.1484375,35562.25,46200,NIFTY_IT,NSE_INDEX,yfinance,1d
2025-04-28,35541.55078125,35679.3515625,35089.75,35482.94921875,29000,NIFTY_IT,NSE_INDEX,yfinance,1d
2025-04-29,35565.75,36157.19921875,35416.8984375,35920.3984375,33700,NIFTY_IT,NSE_INDEX,yfinance,1d
2025-04-30,35913.69921875,36206.55078125,35440.80078125,35794.94921875,32300,NIFTY_IT,NSE_INDEX,yfinance,1d
2025-05-02,35868.5,36300.6015625,35637.3984375,35891.8515625,31300,NIFTY_IT,NSE_INDEX,yfinance,1d
2025-05-05,36042.6015625,36352.3984375,35949.3515625,35991.25,21200,NIFTY_IT,NSE_INDEX,yfinance,1d
2025-05-06,36129.30078125,36314.19921875,35778.80078125,35869.19921875,21800,NIFTY_IT,NSE_INDEX,yfinance,1d
2025-05-07,35479.1015625,36042.25,35440.6484375,35920.30078125,24900,NIFTY_IT,NSE_INDEX,yfinance,1d
2025-05-08,35960.94921875,36240.25,35832.80078125,36002.44921875,30700,NIFTY_IT,NSE_INDEX,yfinance,1d
2025-05-09,35490.8984375,35929.30078125,35488.3984375,35880.1015625,22100,NIFTY_IT,NSE_INDEX,yfinance,1d
2025-05-12,36656.6484375,38356.1015625,36600.75,38282.55078125,43200,NIFTY_IT,NSE_INDEX,yfinance,1d
2025-05-13,38326.3984375,38326.3984375,37304.94921875,37354.6015625,36600,NIFTY_IT,NSE_INDEX,yfinance,1d
2025-05-14,37480.6015625,37913.80078125,37379.1484375,37853.55078125,22000,NIFTY_IT,NSE_INDEX,yfinance,1d
2025-05-15,37929.1015625,38377.3515625,37456.75,38293.80078125,37300,NIFTY_IT,NSE_INDEX,yfinance,1d
2025-05-16,38351.8984375,38351.8984375,37814.8984375,37972.3515625,18000,NIFTY_IT,NSE_INDEX,yfinance,1d
2025-05-19,37845.6015625,37917.19921875,37429.6015625,37477.80078125,21700,NIFTY_IT,NSE_INDEX,yfinance,1d
2025-05-20,37722.19921875,38019.05078125,37234.19921875,37283.5,25400,NIFTY_IT,NSE_INDEX,yfinance,1d
2025-05-21,37418.25,37618.8984375,37112.6015625,37540.1015625,14600,NIFTY_IT,NSE_INDEX,yfinance,1d
2025-05-22,37246.25,37316.30078125,36868.55078125,37050.1484375,25400,NIFTY_IT,NSE_INDEX,yfinance,1d
2025-05-23,37108.69921875,37826.3984375,37062.80078125,37403.55078125,17900,NIFTY_IT,NSE_INDEX,yfinance,1d
2025-05-26,37491.1015625,37819.6484375,37442.8515625,37785.8984375,10600,NIFTY_IT,NSE_INDEX,yfinance,1d
2025-05-27,37777.8984375,37798.69921875,37323.30078125,37501.44921875,22400,NIFTY_IT,NSE_INDEX,yfinance,1d
2025-05-28,37751.3984375,37777.5,37440.69921875,37465.75,14900,NIFTY_IT,NSE_INDEX,yfinance,1d
2025-05-29,37762.1484375,38121.3984375,37585.05078125,37754.1484375,29700,NIFTY_IT,NSE_INDEX,yfinance,1d
2025-05-30,37646.3984375,37665.44921875,37241.25,37321.75,39500,NIFTY_IT,NSE_INDEX,yfinance,1d
2025-06-02,37147.8515625,37172.6015625,36770.1484375,37061.8515625,19000,NIFTY_IT,NSE_INDEX,yfinance,1d
2025-06-03,37199.6484375,37367.3515625,36740.55078125,36814.8984375,24300,NIFTY_IT,NSE_INDEX,yfinance,1d
2025-06-04,36831.30078125,37088.5,36762.80078125,36938.1015625,20100,NIFTY_IT,NSE_INDEX,yfinance,1d
2025-06-05,37034.44921875,37408.25,36886.25,37107.94921875,23500,NIFTY_IT,NSE_INDEX,yfinance,1d
2025-06-06,37134.1484375,37356.30078125,36910.94921875,37294.8515625,15100,NIFTY_IT,NSE_INDEX,yfinance,1d
2025-06-09,37522.5,37786.25,37445.30078125,37669.19921875,18600,NIFTY_IT,NSE_INDEX,yfinance,1d
2025-06-10,37871.6015625,38567.75,37825.1484375,38300.0,37600,NIFTY_IT,NSE_INDEX,yfinance,1d
2025-06-11,38355.5,38834.75,38215.0,38784.30078125,42400,NIFTY_IT,NSE_INDEX,yfinance,1d
2025-06-12,38732.94921875,38891.05078125,38227.25,38460.30078125,38400,NIFTY_IT,NSE_INDEX,yfinance,1d
2025-06-13,37769.5,38687.55078125,37722.19921875,38469.25,24700,NIFTY_IT,NSE_INDEX,yfinance,1d
2025-06-16,38440.8515625,39258.3984375,38369.05078125,39073.05078125,25400,NIFTY_IT,NSE_INDEX,yfinance,1d
2025-06-17,39123.0,39499.1484375,38977.94921875,39356.1015625,24100,NIFTY_IT,NSE_INDEX,yfinance,1d
2025-06-18,39220.3515625,39572.5,38963.80078125,39030.8984375,18500,NIFTY_IT,NSE_INDEX,yfinance,1d
2025-06-19,38945.3515625,38966.80078125,38429.3984375,38664.94921875,30200,NIFTY_IT,NSE_INDEX,yfinance,1d
2025-06-20,38674.19921875,39041.05078125,38454.05078125,38991.44921875,34000,NIFTY_IT,NSE_INDEX,yfinance,1d
2025-06-23,38642.1484375,38646.5,38278.69921875,38414.1015625,21900,NIFTY_IT,NSE_INDEX,yfinance,1d
2025-06-24,38852.6484375,38936.55078125,38380.0,38417.94921875,25900,NIFTY_IT,NSE_INDEX,yfinance,1d
2025-06-25,38635.0,39109.25,38605.5,39046.30078125,20000,NIFTY_IT,NSE_INDEX,yfinance,1d
2025-06-26,38996.6484375,39103.3515625,38760.1484375,38996.25,27500,NIFTY_IT,NSE_INDEX,yfinance,1d
2025-06-27,39125.75,39357.75,38707.1484375,38822.94921875,39100,NIFTY_IT,NSE_INDEX,yfinance,1d
2025-06-30,38945.8515625,39011.94921875,38652.30078125,38950.0,21000,NIFTY_IT,NSE_INDEX,yfinance,1d
2025-07-01,39004.6484375,39282.94921875,38725.25,38833.1484375,17400,NIFTY_IT,NSE_INDEX,yfinance,1d
2025-07-02,39080.30078125,39519.5,38738.8515625,38879.1015625,27500,NIFTY_IT,NSE_INDEX,yfinance,1d
2025-07-03,39009.8515625,39203.69921875,38803.75,38854.30078125,22500,NIFTY_IT,NSE_INDEX,yfinance,1d
2025-07-04,38968.1015625,39191.8984375,38784.3984375,39166.55078125,16200,NIFTY_IT,NSE_INDEX,yfinance,1d
2025-07-07,39146.1484375,39176.6484375,38799.69921875,38866.94921875,14500,NIFTY_IT,NSE_INDEX,yfinance,1d
2025-07-08,38837.0,39238.19921875,38732.55078125,38983.25,18500,NIFTY_IT,NSE_INDEX,yfinance,1d
2025-07-09,38986.80078125,38999.75,38540.6484375,38680.8515625,24200,NIFTY_IT,NSE_INDEX,yfinance,1d
2025-07-10,38713.80078125,38715.19921875,38197.3515625,38376.6484375,22300,NIFTY_IT,NSE_INDEX,yfinance,1d
2025-07-11,37702.55078125,37990.80078125,37558.1015625,37693.25,40700,NIFTY_IT,NSE_INDEX,yfinance,1d
2025-07-14,37643.3515625,37664.19921875,37016.1015625,37273.69921875,30900,NIFTY_IT,NSE_INDEX,yfinance,1d
2025-07-15,37077.0,37664.8984375,37048.94921875,37424.6015625,38900,NIFTY_IT,NSE_INDEX,yfinance,1d
2025-07-16,37325.69921875,37758.5,37258.05078125,37660.75,30700,NIFTY_IT,NSE_INDEX,yfinance,1d
2025-07-17,37552.8515625,37666.55078125,37060.69921875,37138.55078125,32600,NIFTY_IT,NSE_INDEX,yfinance,1d
2025-07-18,37366.69921875,37419.6015625,36951.8515625,37141.8984375,49800,NIFTY_IT,NSE_INDEX,yfinance,1d
2025-07-21,37109.80078125,37164.8515625,36780.05078125,37031.75,25900,NIFTY_IT,NSE_INDEX,yfinance,1d
2025-07-22,36963.6484375,37121.0,36827.3984375,36858.8984375,24800,NIFTY_IT,NSE_INDEX,yfinance,1d
2025-07-23,36958.30078125,37086.6015625,36745.19921875,36951.5,25700,NIFTY_IT,NSE_INDEX,yfinance,1d
2025-07-24,36949.30078125,36974.05078125,36097.6484375,36135.80078125,48500,NIFTY_IT,NSE_INDEX,yfinance,1d
2025-07-25,35998.0,36271.1015625,35531.6484375,35623.75,34100,NIFTY_IT,NSE_INDEX,yfinance,1d
2025-07-28,35521.69921875,35566.55078125,35049.8984375,35370.05078125,28700,NIFTY_IT,NSE_INDEX,yfinance,1d
2025-07-29,35270.8984375,35438.75,35101.5,35373.25,37000,NIFTY_IT,NSE_INDEX,yfinance,1d
2025-07-30,35453.05078125,35531.55078125,35258.0,35481.69921875,20900,NIFTY_IT,NSE_INDEX,yfinance,1d
2025-07-31,35218.8515625,35589.0,34999.25,35301.6484375,25100,NIFTY_IT,NSE_INDEX,yfinance,1d
2025-08-01,35118.6015625,35166.3984375,34586.8984375,34649.6015625,24500,NIFTY_IT,NSE_INDEX,yfinance,1d
2025-08-04,34558.69921875,35219.8515625,34324.8515625,35203.3515625,23000,NIFTY_IT,NSE_INDEX,yfinance,1d
2025-08-05,35196.75,35196.75,34854.30078125,35034.5,27900,NIFTY_IT,NSE_INDEX,yfinance,1d
2025-08-06,34957.94921875,34990.3515625,34347.44921875,34426.25,25900,NIFTY_IT,NSE_INDEX,yfinance,1d
2025-08-07,34284.94921875,34808.05078125,34224.55078125,34726.80078125,25200,NIFTY_IT,NSE_INDEX,yfinance,1d
2025-08-08,34603.0,34643.75,34350.8515625,34398.5,30100,NIFTY_IT,NSE_INDEX,yfinance,1d
2025-08-11,34367.25,34624.3984375,34228.0,34544.6484375,17400,NIFTY_IT,NSE_INDEX,yfinance,1d
2025-08-12,34589.8515625,35072.5,34561.30078125,34674.30078125,29700,NIFTY_IT,NSE_INDEX,yfinance,1d
2025-08-13,34756.6484375,34842.1484375,34552.8515625,34692.94921875,24700,NIFTY_IT,NSE_INDEX,yfinance,1d
2025-08-14,34732.25,35332.19921875,34732.25,34833.19921875,37800,NIFTY_IT,NSE_INDEX,yfinance,1d
2025-08-18,35152.69921875,35158.69921875,34514.0,34634.94921875,21900,NIFTY_IT,NSE_INDEX,yfinance,1d
2025-08-19,34618.8515625,34825.30078125,34549.05078125,34756.69921875,16700,NIFTY_IT,NSE_INDEX,yfinance,1d
2025-08-20,34647.19921875,35773.6484375,34647.19921875,35690.05078125,41800,NIFTY_IT,NSE_INDEX,yfinance,1d
2025-08-21,35918.80078125,35922.55078125,35461.44921875,35723.8984375,24200,NIFTY_IT,NSE_INDEX,yfinance,1d
2025-08-22,35735.44921875,35767.1484375,35415.3984375,35440.8515625,27600,NIFTY_IT,NSE_INDEX,yfinance,1d
2025-08-25,35795.5,36445.30078125,35795.5,36280.1015625,39100,NIFTY_IT,NSE_INDEX,yfinance,1d
2025-08-26,36106.80078125,36324.30078125,35998.94921875,36063.19921875,46100,NIFTY_IT,NSE_INDEX,yfinance,1d
2025-08-28,36017.1484375,36018.94921875,35444.19921875,35488.80078125,22800,NIFTY_IT,NSE_INDEX,yfinance,1d
2025-08-29,35491.6015625,35575.19921875,35130.3515625,35181.25,28100,NIFTY_IT,NSE_INDEX,yfinance,1d
2025-09-01,35255.30078125,35787.69921875,35255.30078125,35740.6484375,14500,NIFTY_IT,NSE_INDEX,yfinance,1d
2025-09-02,35767.0,36061.1015625,35541.19921875,35737.8984375,16900,NIFTY_IT,NSE_INDEX,yfinance,1d
2025-09-03,35807.94921875,35832.0,35293.1015625,35474.94921875,15400,NIFTY_IT,NSE_INDEX,yfinance,1d
2025-09-04,35580.6015625,35599.30078125,35093.3984375,35143.1015625,17400,NIFTY_IT,NSE_INDEX,yfinance,1d
2025-09-05,35234.75,35331.5,34343.3984375,34635.8515625,23500,NIFTY_IT,NSE_INDEX,yfinance,1d
2025-09-08,34744.8984375,34912.8515625,34259.3984375,34310.44921875,19600,NIFTY_IT,NSE_INDEX,yfinance,1d
2025-09-09,34773.05078125,35304.8515625,34770.3515625,35255.94921875,35900,NIFTY_IT,NSE_INDEX,yfinance,1d
2025-09-10,35428.8984375,36255.19921875,35426.6015625,36183.80078125,36500,NIFTY_IT,NSE_INDEX,yfinance,1d
2025-09-11,36265.94921875,36278.19921875,35829.8515625,36003.5,22600,NIFTY_IT,NSE_INDEX,yfinance,1d
2025-09-12,36331.44921875,36356.6484375,36025.30078125,36110.75,24600,NIFTY_IT,NSE_INDEX,yfinance,1d
2025-09-15,36139.69921875,36151.44921875,35686.1484375,35902.19921875,15700,NIFTY_IT,NSE_INDEX,yfinance,1d
2025-09-16,35962.30078125,36274.0,35860.5,36212.1484375,23600,NIFTY_IT,NSE_INDEX,yfinance,1d
2025-09-17,36326.30078125,36608.8984375,36253.8984375,36447.1484375,22100,NIFTY_IT,NSE_INDEX,yfinance,1d
2025-09-18,36801.5,37064.94921875,36631.05078125,36750.25,31300,NIFTY_IT,NSE_INDEX,yfinance,1d
2025-09-19,36765.5,36821.19921875,36369.94921875,36578.25,37200,NIFTY_IT,NSE_INDEX,yfinance,1d
2025-09-22,35437.8984375,35781.6015625,35145.1015625,35500.1484375,51000,NIFTY_IT,NSE_INDEX,yfinance,1d
2025-09-23,35477.6015625,35642.69921875,35177.3515625,35249.1015625,29900,NIFTY_IT,NSE_INDEX,yfinance,1d
2025-09-24,35104.05078125,35193.30078125,34857.69921875,34994.30078125,23600,NIFTY_IT,NSE_INDEX,yfinance,1d
2025-09-25,34914.0,35092.3984375,34460.30078125,34548.30078125,29200,NIFTY_IT,NSE_INDEX,yfinance,1d
2025-09-26,34399.19921875,34477.30078125,33636.55078125,33702.0,37000,NIFTY_IT,NSE_INDEX,yfinance,1d
2025-09-29,33900.6015625,33970.05078125,33606.44921875,33693.1015625,31900,NIFTY_IT,NSE_INDEX,yfinance,1d
2025-09-30,33789.69921875,33922.6015625,33634.30078125,33655.1015625,28800,NIFTY_IT,NSE_INDEX,yfinance,1d
2025-10-01,33702.8515625,34016.6015625,33432.1015625,33905.19921875,24200,NIFTY_IT,NSE_INDEX,yfinance,1d
2025-10-03,33921.1015625,33992.1484375,33763.1015625,33949.75,28900,NIFTY_IT,NSE_INDEX,yfinance,1d
2025-10-06,33961.3984375,34743.75,33926.6484375,34722.55078125,20400,NIFTY_IT,NSE_INDEX,yfinance,1d
2025-10-07,34820.6015625,34879.19921875,34533.75,34709.44921875,21000,NIFTY_IT,NSE_INDEX,yfinance,1d
2025-10-08,34664.3984375,35394.55078125,34607.30078125,35232.25,23300,NIFTY_IT,NSE_INDEX,yfinance,1d
2025-10-09,35315.3984375,35688.3515625,35174.80078125,35628.5,21200,NIFTY_IT,NSE_INDEX,yfinance,1d
2025-10-10,35705.6484375,35821.30078125,35321.8515625,35609.05078125,25100,NIFTY_IT,NSE_INDEX,yfinance,1d
2025-10-13,35397.19921875,35505.3515625,35072.3984375,35330.80078125,20300,NIFTY_IT,NSE_INDEX,yfinance,1d
2025-10-14,35542.8515625,35766.25,35148.3984375,35214.8515625,26300,NIFTY_IT,NSE_INDEX,yfinance,1d
2025-10-15,35327.19921875,35571.6015625,35226.1484375,35401.80078125,36000,NIFTY_IT,NSE_INDEX,yfinance,1d
2025-10-16,35443.69921875,35574.25,35229.6015625,35531.05078125,27600,NIFTY_IT,NSE_INDEX,yfinance,1d
2025-10-17,35356.5,35356.5,34872.94921875,34950.69921875,73000,NIFTY_IT,NSE_INDEX,yfinance,1d
2025-10-20,35109.75,35377.8515625,35077.8515625,35292.6015625,25600,NIFTY_IT,NSE_INDEX,yfinance,1d
2025-10-21,35500.8984375,35564.19921875,35221.55078125,35299.75,4700,NIFTY_IT,NSE_INDEX,yfinance,1d
2025-10-23,35936.75,36462.0,35859.75,36078.6484375,57100,NIFTY_IT,NSE_INDEX,yfinance,1d
2025-10-24,36211.3984375,36268.6484375,35886.1484375,35986.3515625,23100,NIFTY_IT,NSE_INDEX,yfinance,1d
2025-10-27,36075.55078125,36279.3984375,35962.80078125,36129.1015625,29100,NIFTY_IT,NSE_INDEX,yfinance,1d
2025-10-28,36088.6484375,36193.1484375,35677.6015625,35860.3984375,27100,NIFTY_IT,NSE_INDEX,yfinance,1d
2025-10-29,35916.1015625,36201.55078125,35778.19921875,36090.1015625,23400,NIFTY_IT,NSE_INDEX,yfinance,1d
2025-10-30,36073.1484375,36127.8984375,35812.75,35906.3984375,22300,NIFTY_IT,NSE_INDEX,yfinance,1d
2025-10-31,35918.55078125,36050.3515625,35681.05078125,35712.3515625,18500,NIFTY_IT,NSE_INDEX,yfinance,1d
2025-11-03,35664.80078125,35742.80078125,35479.5,35653.1015625,1100,NIFTY_IT,NSE_INDEX,yfinance,1d
2025-11-04,35580.55078125,35668.75,35198.75,35274.55078125,23000,NIFTY_IT,NSE_INDEX,yfinance,1d
2025-11-06,35380.44921875,35509.0,35248.30078125,35337.6015625,25100,NIFTY_IT,NSE_INDEX,yfinance,1d
2025-11-07,35233.19921875,35272.55078125,34732.5,35117.6484375,21700,NIFTY_IT,NSE_INDEX,yfinance,1d
2025-11-10,35246.94921875,35855.6015625,35237.19921875,35688.25,26700,NIFTY_IT,NSE_INDEX,yfinance,1d
2025-11-11,35902.8984375,36149.8984375,35683.8984375,36116.8984375,33800,NIFTY_IT,NSE_INDEX,yfinance,1d
2025-11-12,36299.3984375,36911.94921875,36290.80078125,36855.3984375,40400,NIFTY_IT,NSE_INDEX,yfinance,1d
2025-11-13,36937.94921875,36939.8515625,36525.3984375,36679.5,33100,NIFTY_IT,NSE_INDEX,yfinance,1d
2025-11-14,36392.05078125,36503.0,35957.30078125,36301.25,25000,NIFTY_IT,NSE_INDEX,yfinance,1d
2025-11-17,36285.19921875,36406.44921875,36138.19921875,36375.19921875,21400,NIFTY_IT,NSE_INDEX,yfinance,1d
2025-11-18,36294.69921875,36312.94921875,35914.3515625,35975.19921875,24200,NIFTY_IT,NSE_INDEX,yfinance,1d
2025-11-19,36062.19921875,37116.5,36024.44921875,37044.6484375,44600,NIFTY_IT,NSE_INDEX,yfinance,1d
2025-11-20,37228.05078125,37278.75,36964.3515625,37043.30078125,26300,NIFTY_IT,NSE_INDEX,yfinance,1d
2025-11-21,36930.25,37096.25,36761.55078125,36885.3515625,28500,NIFTY_IT,NSE_INDEX,yfinance,1d
2025-11-24,37084.6484375,37554.3515625,36951.80078125,37037.94921875,63800,NIFTY_IT,NSE_INDEX,yfinance,1d
2025-11-25,37112.1015625,37124.55078125,36727.3515625,36826.8984375,25900,NIFTY_IT,NSE_INDEX,yfinance,1d
2025-11-26,36881.94921875,37407.0,36881.1015625,37364.6015625,23300,NIFTY_IT,NSE_INDEX,yfinance,1d
2025-11-27,37487.6484375,37668.55078125,37208.25,37446.30078125,22500,NIFTY_IT,NSE_INDEX,yfinance,1d
2025-11-28,37488.5,37554.6015625,37323.44921875,37405.5,18500,NIFTY_IT,NSE_INDEX,yfinance,1d
2025-12-01,37476.6015625,37659.75,37413.0,37549.75,16400,NIFTY_IT,NSE_INDEX,yfinance,1d
2025-12-02,37559.3984375,37734.3515625,37418.5,37541.25,23200,NIFTY_IT,NSE_INDEX,yfinance,1d
2025-12-03,37530.8515625,38007.30078125,37515.0,37825.25,40900,NIFTY_IT,NSE_INDEX,yfinance,1d
2025-12-04,37875.69921875,38471.6015625,37847.69921875,38360.25,39900,NIFTY_IT,NSE_INDEX,yfinance,1d
2025-12-05,38500.6015625,38920.6015625,38369.55078125,38703.6484375,32300,NIFTY_IT,NSE_INDEX,yfinance,1d
2025-12-08,38783.3984375,38937.3515625,38322.44921875,38590.69921875,28400,NIFTY_IT,NSE_INDEX,yfinance,1d
2025-12-09,38438.5,38463.94921875,37908.8984375,38130.6015625,26000,NIFTY_IT,NSE_INDEX,yfinance,1d
2025-12-10,38273.75,38300.5,37745.25,37789.8984375,18900,NIFTY_IT,NSE_INDEX,yfinance,1d
2025-12-11,37925.94921875,38136.44921875,37672.3984375,38097.0,18800,NIFTY_IT,NSE_INDEX,yfinance,1d
2025-12-12,38203.8515625,38300.30078125,37901.75,38274.75,13900,NIFTY_IT,NSE_INDEX,yfinance,1d
2025-12-15,38125.94921875,38410.69921875,38042.94921875,38386.30078125,13600,NIFTY_IT,NSE_INDEX,yfinance,1d
2025-12-16,38262.30078125,38293.3984375,37946.75,38062.5,14700,NIFTY_IT,NSE_INDEX,yfinance,1d
2025-12-17,37996.94921875,38367.8515625,37969.44921875,38172.05078125,14800,NIFTY_IT,NSE_INDEX,yfinance,1d
2025-12-18,38273.6015625,38667.3515625,38248.75,38633.3515625,23500,NIFTY_IT,NSE_INDEX,yfinance,1d
2025-12-19,38991.30078125,39054.3515625,38590.25,38691.6015625,38500,NIFTY_IT,NSE_INDEX,yfinance,1d
2025-12-22,39023.25,39530.25,39006.3984375,39488.0,45600,NIFTY_IT,NSE_INDEX,yfinance,1d
2025-12-23,39395.80078125,39398.1484375,38942.3515625,39173.69921875,24100,NIFTY_IT,NSE_INDEX,yfinance,1d
2025-12-24,39084.8984375,39098.8984375,38901.05078125,38974.80078125,15800,NIFTY_IT,NSE_INDEX,yfinance,1d
2025-12-26,38921.6484375,39019.94921875,38495.3984375,38572.30078125,12400,NIFTY_IT,NSE_INDEX,yfinance,1d
2025-12-29,38622.6015625,38721.69921875,38206.75,38282.69921875,21200,NIFTY_IT,NSE_INDEX,yfinance,1d
2025-12-30,38281.55078125,38281.55078125,37906.6015625,37998.6015625,32700,NIFTY_IT,NSE_INDEX,yfinance,1d
2025-12-31,38051.69921875,38108.5,37822.1484375,37884.05078125,20900,NIFTY_IT,NSE_INDEX,yfinance,1d
2026-01-01,37931.55078125,38256.94921875,37862.6015625,38171.5,11200,NIFTY_IT,NSE_INDEX,yfinance,1d
2026-01-02,38251.3515625,38359.0,38085.3984375,38320.30078125,16400,NIFTY_IT,NSE_INDEX,yfinance,1d
2026-01-05,38222.0,38260.8515625,37365.8984375,37771.1484375,22000,NIFTY_IT,NSE_INDEX,yfinance,1d
2026-01-06,37712.05078125,38053.1015625,37680.69921875,37977.3984375,16600,NIFTY_IT,NSE_INDEX,yfinance,1d
2026-01-07,37951.30078125,38736.80078125,37940.8515625,38688.80078125,25100,NIFTY_IT,NSE_INDEX,yfinance,1d
2026-01-08,38686.55078125,38728.6484375,37853.75,37920.30078125,24900,NIFTY_IT,NSE_INDEX,yfinance,1d
2026-01-09,37861.25,38244.55078125,37861.1484375,38027.19921875,20800,NIFTY_IT,NSE_INDEX,yfinance,1d
2026-01-12,37938.6015625,38079.6015625,37573.1015625,37988.25,20200,NIFTY_IT,NSE_INDEX,yfinance,1d
2026-01-13,38227.8515625,38394.3984375,37777.75,38236.6015625,33700,NIFTY_IT,NSE_INDEX,yfinance,1d
2026-01-14,38127.19921875,38295.75,37649.1484375,37822.69921875,23600,NIFTY_IT,NSE_INDEX,yfinance,1d
2026-01-16,38433.3515625,39139.5,38390.5,39086.6484375,48900,NIFTY_IT,NSE_INDEX,yfinance,1d
2026-01-19,38892.3984375,38977.6484375,38624.8984375,38902.5,89700,NIFTY_IT,NSE_INDEX,yfinance,1d
2026-01-20,38753.19921875,38809.0,38023.8515625,38101.05078125,35600,NIFTY_IT,NSE_INDEX,yfinance,1d
2026-01-21,38001.94921875,38128.30078125,37451.3515625,37992.30078125,34600,NIFTY_IT,NSE_INDEX,yfinance,1d
2026-01-22,38294.80078125,38542.5,38080.94921875,38301.75,25700,NIFTY_IT,NSE_INDEX,yfinance,1d
2026-01-23,38513.69921875,38576.6484375,38149.30078125,38238.5,31300,NIFTY_IT,NSE_INDEX,yfinance,1d
2026-01-27,38482.8515625,38677.55078125,38074.80078125,38566.1015625,40600,NIFTY_IT,NSE_INDEX,yfinance,1d
2026-01-28,38583.1484375,38792.6484375,38433.44921875,38725.3515625,28900,NIFTY_IT,NSE_INDEX,yfinance,1d
2026-01-29,38601.8515625,38635.6015625,38063.3984375,38431.30078125,26800,NIFTY_IT,NSE_INDEX,yfinance,1d
2026-01-30,38262.6484375,38262.6484375,37704.3515625,38036.1484375,32600,NIFTY_IT,NSE_INDEX,yfinance,1d
2026-02-02,38396.0,38413.1484375,37807.1015625,38074.1484375,26200,NIFTY_IT,NSE_INDEX,yfinance,1d
2026-02-03,40301.3984375,40301.3984375,38550.5,38611.75,47500,NIFTY_IT,NSE_INDEX,yfinance,1d
2026-02-04,37165.3515625,37176.69921875,35809.5,36345.6484375,84600,NIFTY_IT,NSE_INDEX,yfinance,1d
2026-02-05,36215.6484375,36621.94921875,36023.8984375,36143.30078125,100,NIFTY_IT,NSE_INDEX,yfinance,1d
2026-02-06,36079.8515625,36105.8515625,35211.94921875,35611.05078125,41100,NIFTY_IT,NSE_INDEX,yfinance,1d
2026-02-09,35840.8984375,36056.44921875,35544.05078125,35616.6484375,25100,NIFTY_IT,NSE_INDEX,yfinance,1d
2026-02-10,35656.94921875,36059.6484375,35427.3984375,35722.19921875,33800,NIFTY_IT,NSE_INDEX,yfinance,1d
2026-02-11,35788.6484375,35857.6484375,35013.6015625,35095.1484375,26900,NIFTY_IT,NSE_INDEX,yfinance,1d
2026-02-12,34439.0,34488.80078125,33058.19921875,33160.19921875,97100,NIFTY_IT,NSE_INDEX,yfinance,1d
2026-02-13,31487.400390625,32932.75,31422.599609375,32681.5,112500,NIFTY_IT,NSE_INDEX,yfinance,1d
2026-02-16,32693.0,32809.3515625,32299.55078125,32738.05078125,49100,NIFTY_IT,NSE_INDEX,yfinance,1d
2026-02-17,32793.75,33703.1015625,32650.44921875,33075.05078125,66600,NIFTY_IT,NSE_INDEX,yfinance,1d
2026-02-18,33133.8515625,33169.30078125,32169.150390625,32668.30078125,53700,NIFTY_IT,NSE_INDEX,yfinance,1d
2026-02-19,32875.1015625,33167.6015625,32195.94921875,32319.400390625,40300,NIFTY_IT,NSE_INDEX,yfinance,1d
2026-02-20,32098.94921875,32339.80078125,31804.75,32004.05078125,41700,NIFTY_IT,NSE_INDEX,yfinance,1d
2026-02-23,31987.80078125,32051.69921875,31416.55078125,31550.5,50800,NIFTY_IT,NSE_INDEX,yfinance,1d
2026-02-24,31031.849609375,31056.44921875,29875.0,30053.5,93800,NIFTY_IT,NSE_INDEX,yfinance,1d
2026-02-25,30343.900390625,30999.75,30340.94921875,30526.349609375,50600,NIFTY_IT,NSE_INDEX,yfinance,1d
2026-02-26,30797.05078125,31112.19921875,30459.80078125,30554.19921875,41400,NIFTY_IT,NSE_INDEX,yfinance,1d
2026-02-27,31145.75,31305.80078125,30546.0,30603.849609375,58700,NIFTY_IT,NSE_INDEX,yfinance,1d
2026-03-02,30020.150390625,30587.30078125,29889.5,30272.94921875,30900,NIFTY_IT,NSE_INDEX,yfinance,1d
2026-03-04,30092.19921875,30579.44921875,30092.19921875,30305.30078125,47900,NIFTY_IT,NSE_INDEX,yfinance,1d
2026-03-05,30554.849609375,30563.349609375,29823.150390625,30126.80078125,34600,NIFTY_IT,NSE_INDEX,yfinance,1d
2026-03-06,30074.599609375,30664.94921875,30062.75,30138.400390625,28200,NIFTY_IT,NSE_INDEX,yfinance,1d
2026-03-09,29688.05078125,30241.099609375,29533.900390625,30162.05078125,46500,NIFTY_IT,NSE_INDEX,yfinance,1d
2026-03-10,30337.599609375,30360.150390625,29741.05078125,30024.05078125,33700,NIFTY_IT,NSE_INDEX,yfinance,1d
2026-03-11,30043.849609375,30231.400390625,29598.30078125,29651.69921875,47700,NIFTY_IT,NSE_INDEX,yfinance,1d
2026-03-12,29587.05078125,29790.80078125,29322.80078125,29579.44921875,40600,NIFTY_IT,NSE_INDEX,yfinance,1d
2026-03-13,29381.650390625,29508.44921875,28936.75,29071.30078125,29600,NIFTY_IT,NSE_INDEX,yfinance,1d
2026-03-16,28934.599609375,29202.69921875,28586.94921875,29042.55078125,38900,NIFTY_IT,NSE_INDEX,yfinance,1d
2026-03-17,29080.75,29080.75,28288.05078125,28760.900390625,47900,NIFTY_IT,NSE_INDEX,yfinance,1d
2026-03-18,28912.05078125,30055.599609375,28912.05078125,29559.30078125,54400,NIFTY_IT,NSE_INDEX,yfinance,1d
2026-03-19,29141.94921875,29321.849609375,28477.5,28579.599609375,32000,NIFTY_IT,NSE_INDEX,yfinance,1d
2026-03-20,28993.0,29322.400390625,28844.44921875,29199.599609375,69900,NIFTY_IT,NSE_INDEX,yfinance,1d
2026-03-23,28847.900390625,29295.69921875,28613.80078125,29147.05078125,43000,NIFTY_IT,NSE_INDEX,yfinance,1d
2026-03-24,29572.75,29926.349609375,29210.69921875,29648.900390625,41800,NIFTY_IT,NSE_INDEX,yfinance,1d
2026-03-25,29552.150390625,29950.05078125,29413.44921875,29671.30078125,46700,NIFTY_IT,NSE_INDEX,yfinance,1d
2026-03-27,29721.0,30029.55078125,29461.19921875,29541.650390625,61900,NIFTY_IT,NSE_INDEX,yfinance,1d
2026-03-30,29225.599609375,29439.05078125,28961.400390625,29062.599609375,61900,NIFTY_IT,NSE_INDEX,yfinance,1d
2026-04-01,29943.150390625,30257.849609375,29562.349609375,29669.05078125,32100,NIFTY_IT,NSE_INDEX,yfinance,1d
2026-04-02,29352.44921875,30558.599609375,29324.349609375,30441.44921875,52900,NIFTY_IT,NSE_INDEX,yfinance,1d
2026-04-06,30490.400390625,30821.349609375,30444.05078125,30636.55078125,44300,NIFTY_IT,NSE_INDEX,yfinance,1d
2026-04-07,30489.30078125,31443.05078125,30372.099609375,31403.349609375,55300,NIFTY_IT,NSE_INDEX,yfinance,1d
2026-04-08,31786.69921875,31946.75,31272.80078125,31565.80078125,56300,NIFTY_IT,NSE_INDEX,yfinance,1d
2026-04-09,31436.650390625,31718.0,31105.75,31636.19921875,46100,NIFTY_IT,NSE_INDEX,yfinance,1d
2026-04-10,31533.349609375,31544.69921875,30680.80078125,31030.599609375,93000,NIFTY_IT,NSE_INDEX,yfinance,1d
2026-04-13,30619.75,30821.400390625,30402.25,30669.80078125,42500,NIFTY_IT,NSE_INDEX,yfinance,1d
2026-04-15,31170.75,31661.150390625,31111.5,31539.75,55800,NIFTY_IT,NSE_INDEX,yfinance,1d
2026-04-16,31833.599609375,32134.25,31600.099609375,31817.5,71300,NIFTY_IT,NSE_INDEX,yfinance,1d
2026-04-17,31656.55078125,31959.349609375,31411.75,31809.849609375,105100,NIFTY_IT,NSE_INDEX,yfinance,1d
2026-04-20,31855.349609375,31912.5,31498.75,31585.75,44800,NIFTY_IT,NSE_INDEX,yfinance,1d
2026-04-21,31536.55078125,31883.849609375,31415.75,31729.099609375,42700,NIFTY_IT,NSE_INDEX,yfinance,1d
2026-04-22,31068.25,31072.94921875,30135.150390625,30496.25,102300,NIFTY_IT,NSE_INDEX,yfinance,1d
2026-04-23,30432.94921875,30525.900390625,29982.25,30124.30078125,56000,NIFTY_IT,NSE_INDEX,yfinance,1d
2026-04-24,29650.19921875,29872.5,28442.400390625,28530.599609375,110100,NIFTY_IT,NSE_INDEX,yfinance,1d
2026-04-27,28582.75,29238.849609375,28578.55078125,29159.150390625,80100,NIFTY_IT,NSE_INDEX,yfinance,1d
2026-04-28,29098.55078125,29270.05078125,28891.099609375,28959.900390625,52600,NIFTY_IT,NSE_INDEX,yfinance,1d
2026-04-29,29072.150390625,29486.80078125,29034.30078125,29245.25,38100,NIFTY_IT,NSE_INDEX,yfinance,1d
2026-04-30,29287.30078125,29543.099609375,29012.69921875,29353.900390625,43900,NIFTY_IT,NSE_INDEX,yfinance,1d
2026-05-04,29606.5,29664.5,28955.599609375,29076.150390625,27100,NIFTY_IT,NSE_INDEX,yfinance,1d
2026-05-05,29069.849609375,29407.0,28889.44921875,29107.30078125,26800,NIFTY_IT,NSE_INDEX,yfinance,1d
2026-05-06,29435.5,29646.05078125,29123.80078125,29267.94921875,59000,NIFTY_IT,NSE_INDEX,yfinance,1d
2026-05-07,29377.80078125,29418.0,29009.400390625,29043.5,49600,NIFTY_IT,NSE_INDEX,yfinance,1d
2026-05-08,29031.55078125,29490.599609375,28961.80078125,29394.19921875,42300,NIFTY_IT,NSE_INDEX,yfinance,1d
2026-05-11,29323.400390625,29536.900390625,29274.05078125,29329.44921875,28900,NIFTY_IT,NSE_INDEX,yfinance,1d
2026-05-12,29091.05078125,29091.05078125,28126.900390625,28234.900390625,63000,NIFTY_IT,NSE_INDEX,yfinance,1d
2026-05-13,28226.80078125,28335.44921875,27880.75,27916.650390625,35100,NIFTY_IT,NSE_INDEX,yfinance,1d
2026-05-14,27847.5,27856.0,27078.0,27360.349609375,54500,NIFTY_IT,NSE_INDEX,yfinance,1d
2026-05-15,27472.650390625,28114.099609375,27472.650390625,27716.900390625,53300,NIFTY_IT,NSE_INDEX,yfinance,1d
2026-05-18,27689.599609375,28466.099609375,27663.80078125,28389.80078125,47300,NIFTY_IT,NSE_INDEX,yfinance,1d
2026-05-19,28679.849609375,29609.599609375,28677.80078125,29308.0,86700,NIFTY_IT,NSE_INDEX,yfinance,1d
2026-05-20,29140.80078125,29517.150390625,29036.650390625,29185.150390625,44300,NIFTY_IT,NSE_INDEX,yfinance,1d
2026-05-21,29277.94921875,29328.349609375,28964.94921875,29021.099609375,38600,NIFTY_IT,NSE_INDEX,yfinance,1d
2026-05-22,29072.599609375,29181.94921875,28792.5,28912.5,58200,NIFTY_IT,NSE_INDEX,yfinance,1d
2026-05-25,29103.650390625,29177.80078125,28831.30078125,28979.849609375,86100,NIFTY_IT,NSE_INDEX,yfinance,1d
2026-05-26,28970.5,29203.099609375,28919.05078125,28978.5,64100,NIFTY_IT,NSE_INDEX,yfinance,1d
2026-05-27,28928.900390625,29116.400390625,28800.900390625,28906.69921875,54100,NIFTY_IT,NSE_INDEX,yfinance,1d
2026-05-29,29347.5,29747.19921875,28931.75,29080.150390625,192800,NIFTY_IT,NSE_INDEX,yfinance,1d
2026-06-01,29349.19921875,30238.150390625,29341.599609375,29854.25,73300,NIFTY_IT,NSE_INDEX,yfinance,1d
2026-06-02,30265.69921875,31290.94921875,30264.599609375,31116.55078125,116100,NIFTY_IT,NSE_INDEX,yfinance,1d
2026-06-03,30563.19921875,30567.0,29301.0,29384.44921875,112300,NIFTY_IT,NSE_INDEX,yfinance,1d
2026-06-04,29150.05078125,29382.900390625,28971.80078125,29300.599609375,66000,NIFTY_IT,NSE_INDEX,yfinance,1d
2026-06-05,29509.94921875,29639.80078125,28918.849609375,29010.30078125,65200,NIFTY_IT,NSE_INDEX,yfinance,1d
2026-06-08,28577.69921875,28915.849609375,28417.69921875,28653.55078125,97700,NIFTY_IT,NSE_INDEX,yfinance,1d
2026-06-09,28895.30078125,28895.30078125,28294.599609375,28516.25,50100,NIFTY_IT,NSE_INDEX,yfinance,1d
2026-06-10,28541.849609375,28799.349609375,28249.19921875,28279.94921875,33500,NIFTY_IT,NSE_INDEX,yfinance,1d
2026-06-11,27888.0,28003.94921875,27519.150390625,27821.05078125,36400,NIFTY_IT,NSE_INDEX,yfinance,1d
2026-06-12,28025.25,28078.599609375,27660.0,27795.75,32300,NIFTY_IT,NSE_INDEX,yfinance,1d
2026-06-15,28178.849609375,28384.25,27955.05078125,28067.900390625,33000,NIFTY_IT,NSE_INDEX,yfinance,1d
2026-06-16,28237.05078125,28663.849609375,28124.30078125,28568.099609375,41700,NIFTY_IT,NSE_INDEX,yfinance,1d
2026-06-17,28759.05078125,29007.0,28688.400390625,28809.55078125,35900,NIFTY_IT,NSE_INDEX,yfinance,1d
2026-06-18,28592.400390625,28662.900390625,28262.650390625,28466.44921875,50700,NIFTY_IT,NSE_INDEX,yfinance,1d
2026-06-19,27012.150390625,27527.75,26634.5,27426.849609375,124500,NIFTY_IT,NSE_INDEX,yfinance,1d
2026-06-22,27531.0,27856.400390625,27531.0,27628.55078125,34900,NIFTY_IT,NSE_INDEX,yfinance,1d
2026-06-23,27416.44921875,27428.5,26955.5,27012.05078125,60400,NIFTY_IT,NSE_INDEX,yfinance,1d
2026-06-24,27046.400390625,27705.94921875,27036.099609375,27566.69921875,85400,NIFTY_IT,NSE_INDEX,yfinance,1d
2026-06-25,27801.400390625,27881.0,27295.099609375,27330.849609375,55600,NIFTY_IT,NSE_INDEX,yfinance,1d
2026-06-29,27172.19921875,27313.349609375,26965.349609375,27038.5,64900,NIFTY_IT,NSE_INDEX,yfinance,1d
2026-06-30,26989.94921875,27032.19921875,26208.5,26299.05078125,71600,NIFTY_IT,NSE_INDEX,yfinance,1d
2026-07-01,26381.0,26505.75,25699.099609375,25769.80078125,66500,NIFTY_IT,NSE_INDEX,yfinance,1d
2026-07-02,26141.75,27030.94921875,26132.0,26965.05078125,84300,NIFTY_IT,NSE_INDEX,yfinance,1d
2026-07-03,27482.400390625,27759.55078125,27286.55078125,27439.400390625,68400,NIFTY_IT,NSE_INDEX,yfinance,1d
2026-07-06,27489.849609375,27502.599609375,27127.44921875,27276.44921875,23200,NIFTY_IT,NSE_INDEX,yfinance,1d
2026-07-07,27248.30078125,28156.19921875,27248.30078125,27939.150390625,58500,NIFTY_IT,NSE_INDEX,yfinance,1d
2026-07-08,27915.19921875,28067.849609375,27468.849609375,27555.19921875,42400,NIFTY_IT,NSE_INDEX,yfinance,1d
2026-07-09,27495.5,27646.44921875,27014.5,27471.25,29700,NIFTY_IT,NSE_INDEX,yfinance,1d
2026-07-10,28043.5,28439.55078125,27870.0,28010.400390625,44500,NIFTY_IT,NSE_INDEX,yfinance,1d
2026-07-13,27880.55078125,29272.650390625,27856.099609375,29015.849609375,76300,NIFTY_IT,NSE_INDEX,yfinance,1d
2026-07-14,29020.400390625,29285.05078125,28674.5,28724.75,55300,NIFTY_IT,NSE_INDEX,yfinance,1d
2026-07-15,28412.80078125,28725.25,28223.80078125,28532.25,33800,NIFTY_IT,NSE_INDEX,yfinance,1d
2026-07-16,28697.44921875,29052.900390625,28669.80078125,28722.599609375,36300,NIFTY_IT,NSE_INDEX,yfinance,1d
2026-07-17,29082.05078125,29380.75,28935.94921875,29226.599609375,61600,NIFTY_IT,NSE_INDEX,yfinance,1d
2026-07-20,29324.44921875,29483.150390625,29113.75,29161.900390625,27500,NIFTY_IT,NSE_INDEX,yfinance,1d
2026-07-21,29075.25,29415.25,28930.55078125,28984.400390625,32900,NIFTY_IT,NSE_INDEX,yfinance,1d
2026-07-22,28881.94921875,28913.349609375,28502.94921875,28549.849609375,19900,NIFTY_IT,NSE_INDEX,yfinance,1d
2026-07-23,28502.900390625,28688.94921875,28277.75,28533.55078125,35400,NIFTY_IT,NSE_INDEX,yfinance,1d
2026-07-24,28204.849609375,28812.30078125,28141.0,28767.94921875,57500,NIFTY_IT,NSE_INDEX,yfinance,1d
2026-07-27,29181.69921875,29537.5,29070.25,29441.900390625,43800,NIFTY_IT,NSE_INDEX,yfinance,1d
2026-07-28,29825.400390625,30664.099609375,29820.05078125,30418.349609375,92900,NIFTY_IT,NSE_INDEX,yfinance,1d
2026-07-29,31106.599609375,31352.80078125,30770.55078125,31123.099609375,83500,NIFTY_IT,NSE_INDEX,yfinance,1d
2026-07-30,31207.55078125,31846.400390625,31131.349609375,31194.55078125,98000,NIFTY_IT,NSE_INDEX,yfinance,1d
2026-07-31,30488.400390625,30900.25,30034.400390625,30708.94921875,50200,NIFTY_IT,NSE_INDEX,yfinance,1d
2026-08-03,30950.94921875,31715.25,30796.55078125,31715.25,40100,NIFTY_IT,NSE_INDEX,yfinance,1d
2026-08-04,31616.099609375,31676.650390625,31245.05078125,31454.150390625,31400,NIFTY_IT,NSE_INDEX,yfinance,1d
2026-08-05,31578.0,31603.30078125,31237.099609375,31404.05078125,31100,NIFTY_IT,NSE_INDEX,yfinance,1d
2026-08-06,31467.900390625,31701.900390625,31090.19921875,31106.25,27900,NIFTY_IT,NSE_INDEX,yfinance,1d
2026-08-07,31067.05078125,31799.150390625,31047.44921875,31547.69921875,32400,NIFTY_IT,NSE_INDEX,yfinance,1d
2026-08-10,31611.55078125,31955.0,31546.400390625,31631.44921875,25500,NIFTY_IT,NSE_INDEX,yfinance,1d
2026-08-11,31741.25,31954.0,31639.099609375,31823.150390625,27800,NIFTY_IT,NSE_INDEX,yfinance,1d
2026-08-12,31813.599609375,31822.650390625,30997.900390625,31332.55078125,31200,NIFTY_IT,NSE_INDEX,yfinance,1d
2026-08-13,31277.0,31459.30078125,31098.599609375,31453.900390625,20900,NIFTY_IT,NSE_INDEX,yfinance,1d
2026-08-14,31419.849609375,31529.55078125,31052.69921875,31357.75,22900,NIFTY_IT,NSE_INDEX,yfinance,1d
