date,open,high,low,close,volume,symbol,exchange,source,interval
2021-08-16,39543.80078125,39584.30078125,39381.94921875,39548.05078125,184700,NIFTY_MIDCAP_50,NSE_INDEX,yfinance,1d
2021-08-17,39568.80078125,39803.1484375,39382.94921875,39755.19921875,315500,NIFTY_MIDCAP_50,NSE_INDEX,yfinance,1d
2021-08-18,39827.55078125,40080.1484375,39799.6015625,39973.6484375,279100,NIFTY_MIDCAP_50,NSE_INDEX,yfinance,1d
2021-08-20,39660.3984375,39933.69921875,39228.94921875,39381.8515625,302300,NIFTY_MIDCAP_50,NSE_INDEX,yfinance,1d
2021-08-23,39697.75,39770.6015625,39022.30078125,39220.1484375,354600,NIFTY_MIDCAP_50,NSE_INDEX,yfinance,1d
2021-08-24,39460.3515625,39655.6015625,39233.30078125,39601.80078125,337400,NIFTY_MIDCAP_50,NSE_INDEX,yfinance,1d
2021-08-25,39777.19921875,39842.05078125,39645.94921875,39784.94921875,256500,NIFTY_MIDCAP_50,NSE_INDEX,yfinance,1d
2021-08-26,39932.5,40055.3515625,39733.8515625,39904.05078125,274400,NIFTY_MIDCAP_50,NSE_INDEX,yfinance,1d
2021-08-27,40090.3515625,40427.0,39936.19921875,40403.8984375,225400,NIFTY_MIDCAP_50,NSE_INDEX,yfinance,1d
2021-08-30,40594.8984375,41052.1484375,40585.8515625,41028.5,263100,NIFTY_MIDCAP_50,NSE_INDEX,yfinance,1d
2021-08-31,41104.44921875,41639.6015625,40992.8515625,41585.44921875,310200,NIFTY_MIDCAP_50,NSE_INDEX,yfinance,1d
2021-09-01,41790.1015625,41939.0,41595.30078125,41887.55078125,313400,NIFTY_MIDCAP_50,NSE_INDEX,yfinance,1d
2021-09-02,41950.0,42345.69921875,41876.25,42315.6484375,325600,NIFTY_MIDCAP_50,NSE_INDEX,yfinance,1d
2021-09-03,42521.69921875,42591.6484375,42288.75,42559.1015625,279700,NIFTY_MIDCAP_50,NSE_INDEX,yfinance,1d
2021-09-06,42788.0,42790.8515625,42467.3984375,42503.5,174700,NIFTY_MIDCAP_50,NSE_INDEX,yfinance,1d
2021-09-07,42626.94921875,42695.69921875,42186.8515625,42357.69921875,195100,NIFTY_MIDCAP_50,NSE_INDEX,yfinance,1d
2021-09-08,42420.25,42637.55078125,42272.1015625,42588.8515625,290200,NIFTY_MIDCAP_50,NSE_INDEX,yfinance,1d
2021-09-09,42578.19921875,42799.1484375,42508.6484375,42774.5,185600,NIFTY_MIDCAP_50,NSE_INDEX,yfinance,1d
2021-09-13,42814.3515625,42958.30078125,42637.75,42907.5,215600,NIFTY_MIDCAP_50,NSE_INDEX,yfinance,1d
2021-09-14,43082.0,43181.94921875,42948.6484375,43041.94921875,926600,NIFTY_MIDCAP_50,NSE_INDEX,yfinance,1d
2021-09-15,43187.05078125,43268.05078125,43098.19921875,43212.1015625,503200,NIFTY_MIDCAP_50,NSE_INDEX,yfinance,1d
2021-09-16,43406.0,43562.6015625,43307.3515625,43514.6015625,1230300,NIFTY_MIDCAP_50,NSE_INDEX,yfinance,1d
2021-09-17,43573.5,43633.30078125,42920.05078125,43157.25,903400,NIFTY_MIDCAP_50,NSE_INDEX,yfinance,1d
2021-09-20,42797.6484375,43030.44921875,42262.80078125,42354.55078125,341200,NIFTY_MIDCAP_50,NSE_INDEX,yfinance,1d
2021-09-21,42296.3984375,42766.3515625,41936.3515625,42725.1484375,300900,NIFTY_MIDCAP_50,NSE_INDEX,yfinance,1d
2021-09-22,42807.6015625,43066.30078125,42754.30078125,42957.55078125,251700,NIFTY_MIDCAP_50,NSE_INDEX,yfinance,1d
2021-09-23,43212.1015625,43478.6015625,43137.5,43437.69921875,294000,NIFTY_MIDCAP_50,NSE_INDEX,yfinance,1d
2021-09-24,43596.05078125,43648.3515625,42959.8515625,43071.6484375,302000,NIFTY_MIDCAP_50,NSE_INDEX,yfinance,1d
2021-09-27,43223.55078125,43235.6015625,42664.6015625,42949.75,228100,NIFTY_MIDCAP_50,NSE_INDEX,yfinance,1d
2021-09-28,43043.69921875,43073.69921875,42423.94921875,42640.69921875,366800,NIFTY_MIDCAP_50,NSE_INDEX,yfinance,1d
2021-09-29,42426.44921875,42664.80078125,42321.8984375,42411.05078125,452900,NIFTY_MIDCAP_50,NSE_INDEX,yfinance,1d
2021-09-30,42519.69921875,42613.3984375,42284.25,42383.8515625,396300,NIFTY_MIDCAP_50,NSE_INDEX,yfinance,1d
2021-10-01,42343.8984375,42560.19921875,42109.8984375,42513.6484375,541300,NIFTY_MIDCAP_50,NSE_INDEX,yfinance,1d
2021-10-04,42772.3515625,43199.3984375,42679.25,43159.55078125,406900,NIFTY_MIDCAP_50,NSE_INDEX,yfinance,1d
2021-10-05,43198.44921875,43382.3984375,43111.5,43332.25,363900,NIFTY_MIDCAP_50,NSE_INDEX,yfinance,1d
2021-10-06,43546.5,43726.1484375,42832.80078125,42919.30078125,434600,NIFTY_MIDCAP_50,NSE_INDEX,yfinance,1d
2021-10-07,43308.5,43506.05078125,43250.6015625,43371.05078125,365900,NIFTY_MIDCAP_50,NSE_INDEX,yfinance,1d
2021-10-08,43580.6015625,43621.69921875,43218.30078125,43270.69921875,365800,NIFTY_MIDCAP_50,NSE_INDEX,yfinance,1d
2021-10-11,43440.5,43630.19921875,43257.1484375,43465.1484375,307600,NIFTY_MIDCAP_50,NSE_INDEX,yfinance,1d
2021-10-12,43596.1484375,43850.75,43392.69921875,43792.8515625,368600,NIFTY_MIDCAP_50,NSE_INDEX,yfinance,1d
2021-10-13,44052.8515625,44401.1015625,43956.75,44217.25,395100,NIFTY_MIDCAP_50,NSE_INDEX,yfinance,1d
2021-10-14,44444.3515625,44860.1484375,44427.75,44597.3984375,438000,NIFTY_MIDCAP_50,NSE_INDEX,yfinance,1d
2021-10-18,45216.55078125,45290.80078125,44657.0,44708.1015625,1123800,NIFTY_MIDCAP_50,NSE_INDEX,yfinance,1d
2021-10-19,45138.8515625,45209.3984375,43954.6484375,44085.44921875,572200,NIFTY_MIDCAP_50,NSE_INDEX,yfinance,1d
2021-10-20,44097.19921875,44122.1484375,43029.25,43322.69921875,461100,NIFTY_MIDCAP_50,NSE_INDEX,yfinance,1d
2021-10-21,43628.8515625,43673.19921875,42633.6484375,43002.3984375,682700,NIFTY_MIDCAP_50,NSE_INDEX,yfinance,1d
2021-10-22,43114.94921875,43204.75,42192.5,42403.80078125,663400,NIFTY_MIDCAP_50,NSE_INDEX,yfinance,1d
2021-10-25,42592.6015625,42600.25,41371.25,42032.6015625,586100,NIFTY_MIDCAP_50,NSE_INDEX,yfinance,1d
2021-10-26,42094.05078125,42586.8515625,42057.8515625,42528.94921875,605300,NIFTY_MIDCAP_50,NSE_INDEX,yfinance,1d
2021-10-27,42666.44921875,42984.3515625,42610.44921875,42748.6484375,488500,NIFTY_MIDCAP_50,NSE_INDEX,yfinance,1d
2021-10-28,42727.19921875,42737.19921875,41722.8984375,41842.6484375,728300,NIFTY_MIDCAP_50,NSE_INDEX,yfinance,1d
2021-10-29,41899.6015625,42497.6015625,41273.05078125,42087.0,577500,NIFTY_MIDCAP_50,NSE_INDEX,yfinance,1d
2021-11-01,42401.6015625,42692.0,42014.3984375,42610.8515625,525000,NIFTY_MIDCAP_50,NSE_INDEX,yfinance,1d
2021-11-02,42678.8515625,42829.8515625,42565.3984375,42629.6484375,368200,NIFTY_MIDCAP_50,NSE_INDEX,yfinance,1d
2021-11-03,42781.0,42950.3515625,42473.69921875,42872.5,349200,NIFTY_MIDCAP_50,NSE_INDEX,yfinance,1d
2021-11-04,43165.8515625,43265.8515625,43052.8515625,43099.3515625,71100,NIFTY_MIDCAP_50,NSE_INDEX,yfinance,1d
2021-11-08,43388.44921875,43713.8984375,42891.8515625,43660.8515625,367500,NIFTY_MIDCAP_50,NSE_INDEX,yfinance,1d
2021-11-09,43736.8515625,43862.6015625,43571.55078125,43822.0,338700,NIFTY_MIDCAP_50,NSE_INDEX,yfinance,1d
2021-11-10,43669.94921875,44003.69921875,43582.80078125,43898.44921875,400500,NIFTY_MIDCAP_50,NSE_INDEX,yfinance,1d
2021-11-11,43902.0,43983.05078125,43598.69921875,43710.05078125,338400,NIFTY_MIDCAP_50,NSE_INDEX,yfinance,1d
2021-11-12,44024.75,44265.6484375,43877.75,44242.55078125,224300,NIFTY_MIDCAP_50,NSE_INDEX,yfinance,1d
2021-11-15,44490.55078125,44532.6484375,44209.0,44362.1484375,205200,NIFTY_MIDCAP_50,NSE_INDEX,yfinance,1d
2021-11-16,44421.19921875,44597.5,44191.1015625,44290.19921875,238700,NIFTY_MIDCAP_50,NSE_INDEX,yfinance,1d
2021-11-17,44194.19921875,44603.5,44148.94921875,44241.44921875,209300,NIFTY_MIDCAP_50,NSE_INDEX,yfinance,1d
2021-11-18,44313.0,44388.30078125,43362.5,43615.44921875,392700,NIFTY_MIDCAP_50,NSE_INDEX,yfinance,1d
2021-11-22,43777.1484375,43808.6015625,42321.44921875,42804.3984375,384100,NIFTY_MIDCAP_50,NSE_INDEX,yfinance,1d
2021-11-23,42644.1484375,43519.25,42508.05078125,43448.05078125,647300,NIFTY_MIDCAP_50,NSE_INDEX,yfinance,1d
2021-11-24,43557.25,43657.3515625,43073.6015625,43216.0,272400,NIFTY_MIDCAP_50,NSE_INDEX,yfinance,1d
2021-11-25,43287.75,43683.94921875,42870.05078125,43588.69921875,275200,NIFTY_MIDCAP_50,NSE_INDEX,yfinance,1d
2021-11-26,43189.80078125,43292.6015625,42143.80078125,42271.3515625,388600,NIFTY_MIDCAP_50,NSE_INDEX,yfinance,1d
2021-11-29,42060.1015625,42203.55078125,41096.6015625,41883.69921875,312400,NIFTY_MIDCAP_50,NSE_INDEX,yfinance,1d
2021-11-30,41852.1015625,42542.5,41574.8984375,41782.3515625,480100,NIFTY_MIDCAP_50,NSE_INDEX,yfinance,1d
2021-12-01,41923.3984375,42196.6484375,41602.3984375,42022.55078125,330900,NIFTY_MIDCAP_50,NSE_INDEX,yfinance,1d
2021-12-02,42131.0,42495.44921875,42003.94921875,42438.69921875,246300,NIFTY_MIDCAP_50,NSE_INDEX,yfinance,1d
2021-12-03,42540.05078125,42726.44921875,42295.25,42353.6484375,275000,NIFTY_MIDCAP_50,NSE_INDEX,yfinance,1d
2021-12-06,42460.6484375,42470.30078125,41466.0,41536.69921875,293400,NIFTY_MIDCAP_50,NSE_INDEX,yfinance,1d
2021-12-07,41867.5,42269.55078125,41728.69921875,42165.6484375,517900,NIFTY_MIDCAP_50,NSE_INDEX,yfinance,1d
2021-12-08,42356.75,42743.8515625,42351.0,42711.8515625,307200,NIFTY_MIDCAP_50,NSE_INDEX,yfinance,1d
2021-12-09,42825.0,42882.5,42572.69921875,42801.8984375,566400,NIFTY_MIDCAP_50,NSE_INDEX,yfinance,1d
2021-12-10,42772.75,43013.80078125,42737.3515625,42968.05078125,497500,NIFTY_MIDCAP_50,NSE_INDEX,yfinance,1d
2021-12-13,43338.05078125,43413.6015625,42699.3515625,42760.1015625,496300,NIFTY_MIDCAP_50,NSE_INDEX,yfinance,1d
2021-12-14,42673.6484375,42939.25,42500.8984375,42900.0,352900,NIFTY_MIDCAP_50,NSE_INDEX,yfinance,1d
2021-12-15,42910.1015625,42945.1484375,42486.80078125,42545.75,274200,NIFTY_MIDCAP_50,NSE_INDEX,yfinance,1d
2021-12-16,42812.55078125,42854.25,42306.3984375,42399.0,281500,NIFTY_MIDCAP_50,NSE_INDEX,yfinance,1d
2021-12-17,42341.1015625,42367.1484375,41259.55078125,41353.6015625,323000,NIFTY_MIDCAP_50,NSE_INDEX,yfinance,1d
2021-12-20,40957.55078125,40980.94921875,39720.3984375,40183.8515625,376500,NIFTY_MIDCAP_50,NSE_INDEX,yfinance,1d
2021-12-21,40481.3515625,41186.8515625,40430.30078125,40941.75,290600,NIFTY_MIDCAP_50,NSE_INDEX,yfinance,1d
2021-12-22,41187.5,41568.1484375,41128.8515625,41503.5,296000,NIFTY_MIDCAP_50,NSE_INDEX,yfinance,1d
2021-12-23,41787.30078125,41989.05078125,41762.75,41947.0,236700,NIFTY_MIDCAP_50,NSE_INDEX,yfinance,1d
2021-12-24,42067.80078125,42094.3984375,41465.6015625,41509.05078125,255500,NIFTY_MIDCAP_50,NSE_INDEX,yfinance,1d
2021-12-27,41459.6484375,41666.25,41134.6484375,41618.6484375,219200,NIFTY_MIDCAP_50,NSE_INDEX,yfinance,1d
2021-12-28,41833.19921875,42022.25,41794.8515625,41993.6015625,217600,NIFTY_MIDCAP_50,NSE_INDEX,yfinance,1d
2021-12-29,42002.05078125,42117.1015625,41836.0,41898.1015625,255100,NIFTY_MIDCAP_50,NSE_INDEX,yfinance,1d
2021-12-30,41849.80078125,41867.55078125,41507.5,41577.5,272700,NIFTY_MIDCAP_50,NSE_INDEX,yfinance,1d
2021-12-31,41641.05078125,42258.30078125,41638.80078125,42217.8984375,204500,NIFTY_MIDCAP_50,NSE_INDEX,yfinance,1d
2022-01-03,42323.5,42607.8984375,42289.6484375,42549.69921875,375200,NIFTY_MIDCAP_50,NSE_INDEX,yfinance,1d
2022-01-04,42746.80078125,42776.80078125,42247.1484375,42556.3515625,427100,NIFTY_MIDCAP_50,NSE_INDEX,yfinance,1d
2022-01-05,42574.3984375,42789.25,42431.5,42760.3984375,538400,NIFTY_MIDCAP_50,NSE_INDEX,yfinance,1d
2022-01-06,42531.05078125,42678.6015625,42300.44921875,42649.6015625,314400,NIFTY_MIDCAP_50,NSE_INDEX,yfinance,1d
2022-01-07,42739.05078125,42964.8515625,42574.19921875,42826.3515625,352100,NIFTY_MIDCAP_50,NSE_INDEX,yfinance,1d
2022-01-10,42916.6015625,43034.75,42784.44921875,42994.30078125,311500,NIFTY_MIDCAP_50,NSE_INDEX,yfinance,1d
2022-01-11,43009.3515625,43073.3984375,42759.55078125,42975.30078125,349700,NIFTY_MIDCAP_50,NSE_INDEX,yfinance,1d
2022-01-12,43240.8515625,43329.1015625,43007.80078125,43295.75,247300,NIFTY_MIDCAP_50,NSE_INDEX,yfinance,1d
2022-01-13,43446.44921875,43531.1015625,43205.8984375,43488.75,339400,NIFTY_MIDCAP_50,NSE_INDEX,yfinance,1d
2022-01-14,43353.05078125,43602.44921875,43181.69921875,43551.75,225300,NIFTY_MIDCAP_50,NSE_INDEX,yfinance,1d
2022-01-17,43605.05078125,43748.6015625,43334.8984375,43713.25,214000,NIFTY_MIDCAP_50,NSE_INDEX,yfinance,1d
2022-01-18,43863.05078125,43938.75,42868.8984375,42958.55078125,315300,NIFTY_MIDCAP_50,NSE_INDEX,yfinance,1d
2022-01-19,43008.44921875,43036.8984375,42564.3515625,42928.19921875,346600,NIFTY_MIDCAP_50,NSE_INDEX,yfinance,1d
2022-01-20,42990.8515625,43081.25,42689.1015625,42895.8515625,256500,NIFTY_MIDCAP_50,NSE_INDEX,yfinance,1d
2022-01-21,42662.75,42683.6484375,41832.75,42182.19921875,306700,NIFTY_MIDCAP_50,NSE_INDEX,yfinance,1d
2022-01-24,42198.75,42206.94921875,40199.8515625,40616.05078125,500200,NIFTY_MIDCAP_50,NSE_INDEX,yfinance,1d
2022-01-25,40223.1015625,41165.5,39753.94921875,40998.75,370700,NIFTY_MIDCAP_50,NSE_INDEX,yfinance,1d
2022-01-27,40665.05078125,40671.75,39909.44921875,40299.30078125,475300,NIFTY_MIDCAP_50,NSE_INDEX,yfinance,1d
2022-01-28,40591.6484375,41314.6015625,40556.8515625,40633.19921875,397800,NIFTY_MIDCAP_50,NSE_INDEX,yfinance,1d
2022-01-31,41115.6484375,41327.8984375,41027.25,41097.25,322300,NIFTY_MIDCAP_50,NSE_INDEX,yfinance,1d
2022-02-01,41427.55078125,41898.19921875,41085.8984375,41810.6015625,464800,NIFTY_MIDCAP_50,NSE_INDEX,yfinance,1d
2022-02-02,42000.44921875,42286.0,41918.94921875,42249.1015625,383100,NIFTY_MIDCAP_50,NSE_INDEX,yfinance,1d
2022-02-03,42198.0,42233.6015625,41942.6015625,42030.1484375,356300,NIFTY_MIDCAP_50,NSE_INDEX,yfinance,1d
2022-02-04,42117.80078125,42263.55078125,41872.25,41998.0,364100,NIFTY_MIDCAP_50,NSE_INDEX,yfinance,1d
2022-02-07,42100.0,42285.1484375,41506.44921875,41716.8984375,527400,NIFTY_MIDCAP_50,NSE_INDEX,yfinance,1d
2022-02-08,41844.6484375,41959.25,41192.8515625,41522.1015625,492900,NIFTY_MIDCAP_50,NSE_INDEX,yfinance,1d
2022-02-09,41736.8984375,42038.0,41671.19921875,41991.8984375,309900,NIFTY_MIDCAP_50,NSE_INDEX,yfinance,1d
2022-02-10,42117.8984375,42205.55078125,41817.80078125,42165.3515625,349500,NIFTY_MIDCAP_50,NSE_INDEX,yfinance,1d
2022-02-11,41920.0,41920.3515625,41422.30078125,41553.05078125,299300,NIFTY_MIDCAP_50,NSE_INDEX,yfinance,1d
2022-02-14,40661.80078125,40970.3515625,40055.1015625,40164.80078125,369500,NIFTY_MIDCAP_50,NSE_INDEX,yfinance,1d
2022-02-15,40317.1484375,41180.0,39853.69921875,41138.80078125,354700,NIFTY_MIDCAP_50,NSE_INDEX,yfinance,1d
2022-02-16,41412.6015625,41536.6484375,40936.0,41058.19921875,280600,NIFTY_MIDCAP_50,NSE_INDEX,yfinance,1d
2022-02-17,41265.19921875,41408.0,41031.0,41145.6484375,249400,NIFTY_MIDCAP_50,NSE_INDEX,yfinance,1d
2022-02-18,41002.6484375,41156.5,40650.5,40709.1484375,238900,NIFTY_MIDCAP_50,NSE_INDEX,yfinance,1d
2022-02-21,40537.94921875,40650.94921875,40013.1484375,40177.44921875,234000,NIFTY_MIDCAP_50,NSE_INDEX,yfinance,1d
2022-02-22,39289.1484375,40167.1484375,39218.8515625,40096.94921875,347300,NIFTY_MIDCAP_50,NSE_INDEX,yfinance,1d
2022-02-23,40318.30078125,40632.6484375,40309.1015625,40434.19921875,294800,NIFTY_MIDCAP_50,NSE_INDEX,yfinance,1d
2022-02-24,39060.05078125,39448.55078125,38082.69921875,38165.19921875,759100,NIFTY_MIDCAP_50,NSE_INDEX,yfinance,1d
2022-02-25,38873.3515625,39755.0,38834.69921875,39609.3984375,526500,NIFTY_MIDCAP_50,NSE_INDEX,yfinance,1d
2022-02-28,39328.30078125,40105.19921875,38917.30078125,40052.1015625,490700,NIFTY_MIDCAP_50,NSE_INDEX,yfinance,1d
2022-03-02,39798.8515625,40267.6015625,39687.5,40063.8984375,472700,NIFTY_MIDCAP_50,NSE_INDEX,yfinance,1d
2022-03-03,40599.80078125,40647.5,39914.6015625,40010.5,449700,NIFTY_MIDCAP_50,NSE_INDEX,yfinance,1d
2022-03-04,39779.80078125,39831.19921875,38980.75,39042.30078125,420200,NIFTY_MIDCAP_50,NSE_INDEX,yfinance,1d
2022-03-07,38404.1484375,38430.19921875,37712.1015625,38014.8984375,426000,NIFTY_MIDCAP_50,NSE_INDEX,yfinance,1d
2022-03-08,38087.6484375,38674.25,37672.6484375,38587.8515625,426500,NIFTY_MIDCAP_50,NSE_INDEX,yfinance,1d
2022-03-09,38905.3515625,39353.3984375,38691.44921875,39132.8984375,400700,NIFTY_MIDCAP_50,NSE_INDEX,yfinance,1d
2022-03-10,39959.5,40059.75,39591.1484375,39890.80078125,461400,NIFTY_MIDCAP_50,NSE_INDEX,yfinance,1d
2022-03-11,39813.5,40130.6484375,39696.8984375,40087.1015625,305100,NIFTY_MIDCAP_50,NSE_INDEX,yfinance,1d
2022-03-14,40121.44921875,40207.3515625,39649.6484375,39939.8515625,332200,NIFTY_MIDCAP_50,NSE_INDEX,yfinance,1d
2022-03-15,40028.30078125,40169.80078125,39304.6484375,39567.3515625,376000,NIFTY_MIDCAP_50,NSE_INDEX,yfinance,1d
2022-03-16,40015.3515625,40491.8984375,40004.19921875,40462.0,276900,NIFTY_MIDCAP_50,NSE_INDEX,yfinance,1d
2022-03-17,40906.6015625,41128.30078125,40824.5,41059.0,1086200,NIFTY_MIDCAP_50,NSE_INDEX,yfinance,1d
2022-03-21,41183.6015625,41231.44921875,40430.30078125,40504.25,357400,NIFTY_MIDCAP_50,NSE_INDEX,yfinance,1d
2022-03-22,40554.3515625,40621.1015625,39970.75,40572.8515625,323300,NIFTY_MIDCAP_50,NSE_INDEX,yfinance,1d
2022-03-23,40838.94921875,40923.8515625,40543.80078125,40660.94921875,372900,NIFTY_MIDCAP_50,NSE_INDEX,yfinance,1d
2022-03-24,40505.1015625,40819.05078125,40445.55078125,40738.0,256800,NIFTY_MIDCAP_50,NSE_INDEX,yfinance,1d
2022-03-25,40959.19921875,40979.05078125,40471.30078125,40754.55078125,264800,NIFTY_MIDCAP_50,NSE_INDEX,yfinance,1d
2022-03-28,40903.19921875,40909.69921875,40261.19921875,40614.80078125,339500,NIFTY_MIDCAP_50,NSE_INDEX,yfinance,1d
2022-03-29,40828.1484375,40898.69921875,40684.0,40811.94921875,320400,NIFTY_MIDCAP_50,NSE_INDEX,yfinance,1d
2022-03-30,41106.75,41377.0,40857.1484375,41054.69921875,566500,NIFTY_MIDCAP_50,NSE_INDEX,yfinance,1d
2022-03-31,41177.0,41345.1015625,40984.19921875,41115.3984375,264300,NIFTY_MIDCAP_50,NSE_INDEX,yfinance,1d
2022-04-01,41236.3515625,41823.1015625,41176.30078125,41754.1015625,251200,NIFTY_MIDCAP_50,NSE_INDEX,yfinance,1d
2022-04-04,41912.0,42447.55078125,41902.94921875,42403.8984375,279900,NIFTY_MIDCAP_50,NSE_INDEX,yfinance,1d
2022-04-05,42628.19921875,43000.05078125,42453.25,42753.25,290700,NIFTY_MIDCAP_50,NSE_INDEX,yfinance,1d
2022-04-06,42636.05078125,42950.3515625,42486.3984375,42910.44921875,304900,NIFTY_MIDCAP_50,NSE_INDEX,yfinance,1d
2022-04-07,42977.69921875,43419.75,42697.3984375,42784.30078125,289900,NIFTY_MIDCAP_50,NSE_INDEX,yfinance,1d
2022-04-08,43113.8515625,43536.25,43058.3515625,43445.8984375,252500,NIFTY_MIDCAP_50,NSE_INDEX,yfinance,1d
2022-04-11,43580.55078125,44010.80078125,43548.6484375,43878.1484375,234100,NIFTY_MIDCAP_50,NSE_INDEX,yfinance,1d
2022-04-12,43982.0,44112.6484375,43116.25,43382.19921875,260500,NIFTY_MIDCAP_50,NSE_INDEX,yfinance,1d
2022-04-13,43625.25,43802.05078125,43386.25,43443.8984375,207900,NIFTY_MIDCAP_50,NSE_INDEX,yfinance,1d
2022-04-18,43185.5,43365.30078125,42784.3984375,43289.3984375,216900,NIFTY_MIDCAP_50,NSE_INDEX,yfinance,1d
2022-04-19,43631.69921875,43825.94921875,42190.69921875,42500.44921875,248000,NIFTY_MIDCAP_50,NSE_INDEX,yfinance,1d
2022-04-20,42780.44921875,43020.8984375,42528.69921875,42713.0,203400,NIFTY_MIDCAP_50,NSE_INDEX,yfinance,1d
2022-04-21,43037.94921875,43326.19921875,42890.3515625,43256.1484375,199900,NIFTY_MIDCAP_50,NSE_INDEX,yfinance,1d
2022-04-22,43075.5,43191.8984375,42870.8515625,42934.55078125,171100,NIFTY_MIDCAP_50,NSE_INDEX,yfinance,1d
2022-04-25,42498.75,42498.75,41956.5,42084.3515625,251100,NIFTY_MIDCAP_50,NSE_INDEX,yfinance,1d
2022-04-26,42505.3515625,43145.5,42489.3984375,43072.25,194100,NIFTY_MIDCAP_50,NSE_INDEX,yfinance,1d
2022-04-27,42830.6484375,42960.8984375,42320.30078125,42504.75,195300,NIFTY_MIDCAP_50,NSE_INDEX,yfinance,1d
2022-04-28,42941.8515625,43171.69921875,42516.05078125,43086.1015625,178900,NIFTY_MIDCAP_50,NSE_INDEX,yfinance,1d
2022-04-29,43309.69921875,43412.44921875,42393.94921875,42533.94921875,199000,NIFTY_MIDCAP_50,NSE_INDEX,yfinance,1d
2022-05-02,42268.69921875,42422.44921875,42029.80078125,42381.1484375,149000,NIFTY_MIDCAP_50,NSE_INDEX,yfinance,1d
2022-05-04,42523.3515625,42577.80078125,40951.1015625,41162.3515625,235900,NIFTY_MIDCAP_50,NSE_INDEX,yfinance,1d
2022-05-05,41603.69921875,41728.0,41071.8984375,41225.6484375,206800,NIFTY_MIDCAP_50,NSE_INDEX,yfinance,1d
2022-05-06,40511.05078125,40653.25,40160.3515625,40354.25,273300,NIFTY_MIDCAP_50,NSE_INDEX,yfinance,1d
2022-05-09,40028.25,40080.1484375,39445.69921875,39574.6484375,209500,NIFTY_MIDCAP_50,NSE_INDEX,yfinance,1d
2022-05-10,39543.75,39998.44921875,38600.5,38690.1484375,227000,NIFTY_MIDCAP_50,NSE_INDEX,yfinance,1d
2022-05-11,38857.80078125,39348.25,37925.6484375,38645.69921875,308600,NIFTY_MIDCAP_50,NSE_INDEX,yfinance,1d
2022-05-12,38462.05078125,38517.69921875,37383.3515625,37675.8515625,419000,NIFTY_MIDCAP_50,NSE_INDEX,yfinance,1d
2022-05-13,38171.25,38557.44921875,37321.3515625,37507.5,341000,NIFTY_MIDCAP_50,NSE_INDEX,yfinance,1d
2022-05-16,37858.44921875,38250.80078125,37447.1015625,38074.05078125,287800,NIFTY_MIDCAP_50,NSE_INDEX,yfinance,1d
2022-05-17,38480.05078125,39091.6484375,38153.6015625,39047.75,246600,NIFTY_MIDCAP_50,NSE_INDEX,yfinance,1d
2022-05-18,39311.0,39585.5,38999.19921875,39069.0,294900,NIFTY_MIDCAP_50,NSE_INDEX,yfinance,1d
2022-05-19,38119.3515625,38311.75,37828.69921875,38000.0,231700,NIFTY_MIDCAP_50,NSE_INDEX,yfinance,1d
2022-05-20,38611.94921875,38654.69921875,38404.1484375,38569.1484375,211900,NIFTY_MIDCAP_50,NSE_INDEX,yfinance,1d
2022-05-23,38663.3515625,38787.3515625,38166.94921875,38234.1484375,340200,NIFTY_MIDCAP_50,NSE_INDEX,yfinance,1d
2022-05-24,38381.8984375,38429.25,37759.30078125,37912.44921875,427900,NIFTY_MIDCAP_50,NSE_INDEX,yfinance,1d
2022-05-25,38068.94921875,38135.5,37182.3984375,37268.30078125,324300,NIFTY_MIDCAP_50,NSE_INDEX,yfinance,1d
2022-05-26,37460.6484375,37967.55078125,36533.8515625,37784.1015625,313600,NIFTY_MIDCAP_50,NSE_INDEX,yfinance,1d
2022-05-27,38105.1015625,38135.6015625,37792.75,38039.6015625,217100,NIFTY_MIDCAP_50,NSE_INDEX,yfinance,1d
2022-05-30,38418.55078125,38979.30078125,38356.25,38945.80078125,319600,NIFTY_MIDCAP_50,NSE_INDEX,yfinance,1d
2022-05-31,38872.55078125,39332.19921875,38701.44921875,38981.80078125,493000,NIFTY_MIDCAP_50,NSE_INDEX,yfinance,1d
2022-06-01,38955.8984375,39148.19921875,38373.5,38615.69921875,292900,NIFTY_MIDCAP_50,NSE_INDEX,yfinance,1d
2022-06-02,38574.6484375,38850.6484375,38474.3984375,38818.5,241100,NIFTY_MIDCAP_50,NSE_INDEX,yfinance,1d
2022-06-03,39095.1484375,39178.1484375,38213.69921875,38257.55078125,181900,NIFTY_MIDCAP_50,NSE_INDEX,yfinance,1d
2022-06-06,38179.0,38220.25,37687.30078125,38146.19921875,180800,NIFTY_MIDCAP_50,NSE_INDEX,yfinance,1d
2022-06-07,37934.0,37969.55078125,37676.1015625,37826.1015625,185300,NIFTY_MIDCAP_50,NSE_INDEX,yfinance,1d
2022-06-08,37965.8984375,38048.69921875,37503.55078125,37707.94921875,211200,NIFTY_MIDCAP_50,NSE_INDEX,yfinance,1d
2022-06-09,37540.80078125,38038.75,37376.8984375,38002.94921875,211200,NIFTY_MIDCAP_50,NSE_INDEX,yfinance,1d
2022-06-10,37654.3984375,37815.8984375,37514.69921875,37657.1484375,185600,NIFTY_MIDCAP_50,NSE_INDEX,yfinance,1d
2022-06-13,37019.6015625,37178.30078125,36701.19921875,36842.0,195000,NIFTY_MIDCAP_50,NSE_INDEX,yfinance,1d
2022-06-14,36859.8984375,37278.3515625,36612.75,36955.44921875,229000,NIFTY_MIDCAP_50,NSE_INDEX,yfinance,1d
2022-06-15,37192.8515625,37238.1015625,36956.5,37036.1015625,155300,NIFTY_MIDCAP_50,NSE_INDEX,yfinance,1d
2022-06-16,37438.0,37452.3984375,36103.5,36268.69921875,233400,NIFTY_MIDCAP_50,NSE_INDEX,yfinance,1d
2022-06-17,36037.1015625,36262.1015625,35534.94921875,35668.19921875,309900,NIFTY_MIDCAP_50,NSE_INDEX,yfinance,1d
2022-06-20,35805.94921875,35856.19921875,35018.19921875,35405.3984375,264300,NIFTY_MIDCAP_50,NSE_INDEX,yfinance,1d
2022-06-21,35729.6484375,36481.1484375,35600.0,36381.05078125,258800,NIFTY_MIDCAP_50,NSE_INDEX,yfinance,1d
2022-06-22,36232.6484375,36232.6484375,35616.0,35716.25,220600,NIFTY_MIDCAP_50,NSE_INDEX,yfinance,1d
2022-06-23,35811.69921875,36279.5,35714.25,36141.1015625,216600,NIFTY_MIDCAP_50,NSE_INDEX,yfinance,1d
2022-06-24,36419.8984375,36657.1015625,36353.8515625,36616.30078125,207900,NIFTY_MIDCAP_50,NSE_INDEX,yfinance,1d
2022-06-27,37066.25,37093.3984375,36805.1484375,36882.44921875,270400,NIFTY_MIDCAP_50,NSE_INDEX,yfinance,1d
2022-06-28,36772.1015625,36986.69921875,36420.6484375,36937.25,315400,NIFTY_MIDCAP_50,NSE_INDEX,yfinance,1d
2022-06-29,36566.0,36807.69921875,36516.1484375,36679.25,264600,NIFTY_MIDCAP_50,NSE_INDEX,yfinance,1d
2022-06-30,36712.1484375,36929.25,36440.5,36505.3984375,309400,NIFTY_MIDCAP_50,NSE_INDEX,yfinance,1d
2022-07-01,36477.94921875,36991.3984375,36190.75,36901.19921875,298400,NIFTY_MIDCAP_50,NSE_INDEX,yfinance,1d
2022-07-04,36937.1484375,37316.55078125,36833.80078125,37273.8984375,202100,NIFTY_MIDCAP_50,NSE_INDEX,yfinance,1d
2022-07-05,37439.80078125,37696.6484375,37217.80078125,37306.0,206700,NIFTY_MIDCAP_50,NSE_INDEX,yfinance,1d
2022-07-06,37318.8984375,37986.0,37221.75,37937.6484375,221400,NIFTY_MIDCAP_50,NSE_INDEX,yfinance,1d
2022-07-07,38230.3984375,38332.30078125,38049.6484375,38264.3984375,272800,NIFTY_MIDCAP_50,NSE_INDEX,yfinance,1d
2022-07-08,38499.75,38511.3984375,38069.44921875,38374.6484375,185200,NIFTY_MIDCAP_50,NSE_INDEX,yfinance,1d
2022-07-11,38292.05078125,39053.44921875,38252.8515625,38979.6015625,219100,NIFTY_MIDCAP_50,NSE_INDEX,yfinance,1d
2022-07-12,38854.3515625,39078.80078125,38749.30078125,38849.25,260300,NIFTY_MIDCAP_50,NSE_INDEX,yfinance,1d
2022-07-13,39047.75,39157.3984375,38706.44921875,38835.75,227400,NIFTY_MIDCAP_50,NSE_INDEX,yfinance,1d
2022-07-14,39010.3515625,39041.55078125,38390.94921875,38791.3515625,220400,NIFTY_MIDCAP_50,NSE_INDEX,yfinance,1d
2022-07-15,38960.75,39087.6484375,38757.1015625,38944.3515625,232400,NIFTY_MIDCAP_50,NSE_INDEX,yfinance,1d
2022-07-18,39228.44921875,39507.1015625,39140.30078125,39466.75,210000,NIFTY_MIDCAP_50,NSE_INDEX,yfinance,1d
2022-07-19,39347.69921875,39733.55078125,39308.1484375,39657.69921875,237700,NIFTY_MIDCAP_50,NSE_INDEX,yfinance,1d
2022-07-20,40022.69921875,40023.80078125,39653.69921875,39730.55078125,301300,NIFTY_MIDCAP_50,NSE_INDEX,yfinance,1d
2022-07-21,39761.94921875,40381.94921875,39654.05078125,40314.3984375,200600,NIFTY_MIDCAP_50,NSE_INDEX,yfinance,1d
2022-07-22,40472.69921875,40482.1015625,40013.8984375,40165.0,189900,NIFTY_MIDCAP_50,NSE_INDEX,yfinance,1d
2022-07-25,40213.25,40218.8984375,39947.1015625,40122.5,402500,NIFTY_MIDCAP_50,NSE_INDEX,yfinance,1d
2022-07-26,40164.1015625,40165.8984375,39522.94921875,39613.1015625,577600,NIFTY_MIDCAP_50,NSE_INDEX,yfinance,1d
2022-07-27,39579.6484375,39967.44921875,39471.30078125,39938.8515625,551600,NIFTY_MIDCAP_50,NSE_INDEX,yfinance,1d
2022-07-28,40112.1484375,40428.94921875,40007.0,40397.6015625,489100,NIFTY_MIDCAP_50,NSE_INDEX,yfinance,1d
2022-07-29,40675.1015625,41016.55078125,40647.6484375,40906.1484375,419200,NIFTY_MIDCAP_50,NSE_INDEX,yfinance,1d
2022-08-01,41124.94921875,41535.05078125,40853.3984375,41499.75,376800,NIFTY_MIDCAP_50,NSE_INDEX,yfinance,1d
2022-08-02,41536.8984375,41738.6015625,41342.1015625,41674.05078125,795500,NIFTY_MIDCAP_50,NSE_INDEX,yfinance,1d
2022-08-03,41666.3984375,41775.75,41121.80078125,41514.1015625,816100,NIFTY_MIDCAP_50,NSE_INDEX,yfinance,1d
2022-08-04,41719.5,41837.44921875,41047.3515625,41724.8984375,672700,NIFTY_MIDCAP_50,NSE_INDEX,yfinance,1d
2022-08-05,41899.05078125,42014.1484375,41612.30078125,41684.25,724400,NIFTY_MIDCAP_50,NSE_INDEX,yfinance,1d
2022-08-08,41766.8515625,41930.69921875,41631.80078125,41894.1484375,344400,NIFTY_MIDCAP_50,NSE_INDEX,yfinance,1d
2022-08-10,42026.30078125,42062.25,41596.80078125,41748.8515625,409500,NIFTY_MIDCAP_50,NSE_INDEX,yfinance,1d
2022-08-11,42038.0,42125.94921875,41937.69921875,42095.30078125,329900,NIFTY_MIDCAP_50,NSE_INDEX,yfinance,1d
2022-08-12,42132.0,42298.94921875,42052.55078125,42211.3984375,549900,NIFTY_MIDCAP_50,NSE_INDEX,yfinance,1d
2022-08-16,42428.30078125,42911.25,42388.8984375,42877.5,0,NIFTY_MIDCAP_50,NSE_INDEX,yfinance,1d
2022-08-17,43035.8515625,43372.80078125,43017.0,43313.05078125,508200,NIFTY_MIDCAP_50,NSE_INDEX,yfinance,1d
2022-08-18,43299.6484375,43677.8984375,43193.30078125,43576.8984375,507900,NIFTY_MIDCAP_50,NSE_INDEX,yfinance,1d
2022-08-19,43708.05078125,43864.30078125,43001.19921875,43133.80078125,520300,NIFTY_MIDCAP_50,NSE_INDEX,yfinance,1d
2022-08-22,43042.0,43063.1484375,42256.19921875,42337.5,416000,NIFTY_MIDCAP_50,NSE_INDEX,yfinance,1d
2022-08-23,41959.94921875,42661.6484375,41946.6484375,42543.55078125,403700,NIFTY_MIDCAP_50,NSE_INDEX,yfinance,1d
2022-08-24,42533.05078125,42821.3515625,42274.75,42797.25,308100,NIFTY_MIDCAP_50,NSE_INDEX,yfinance,1d
2022-08-25,42999.6484375,43204.5,42721.1015625,42808.5,362000,NIFTY_MIDCAP_50,NSE_INDEX,yfinance,1d
2022-08-26,43082.1015625,43254.8515625,42953.19921875,43030.6015625,319000,NIFTY_MIDCAP_50,NSE_INDEX,yfinance,1d
2022-08-29,41917.25,42852.6484375,41870.5,42773.6015625,278000,NIFTY_MIDCAP_50,NSE_INDEX,yfinance,1d
2022-08-30,43101.25,43759.05078125,43082.5,43709.1484375,363700,NIFTY_MIDCAP_50,NSE_INDEX,yfinance,1d
2022-09-01,43403.8984375,43848.44921875,43340.80078125,43713.80078125,401200,NIFTY_MIDCAP_50,NSE_INDEX,yfinance,1d
2022-09-02,43964.3984375,44013.94921875,43557.1015625,43633.55078125,309500,NIFTY_MIDCAP_50,NSE_INDEX,yfinance,1d
2022-09-05,43748.1484375,43849.5,43518.0,43582.75,245600,NIFTY_MIDCAP_50,NSE_INDEX,yfinance,1d
2022-09-06,43806.8984375,43895.55078125,43571.6484375,43865.6484375,382400,NIFTY_MIDCAP_50,NSE_INDEX,yfinance,1d
2022-09-07,43767.25,44117.8984375,43702.30078125,44019.44921875,275000,NIFTY_MIDCAP_50,NSE_INDEX,yfinance,1d
2022-09-08,44331.8515625,44342.25,44002.19921875,44137.44921875,360500,NIFTY_MIDCAP_50,NSE_INDEX,yfinance,1d
2022-09-09,44477.6484375,44477.75,43951.3984375,44109.94921875,355100,NIFTY_MIDCAP_50,NSE_INDEX,yfinance,1d
2022-09-12,44268.69921875,44677.6484375,44245.6015625,44635.6484375,270400,NIFTY_MIDCAP_50,NSE_INDEX,yfinance,1d
2022-09-13,44887.3984375,44986.55078125,44723.8515625,44928.6484375,417600,NIFTY_MIDCAP_50,NSE_INDEX,yfinance,1d
2022-09-14,44239.25,45280.1484375,44237.19921875,45133.30078125,452100,NIFTY_MIDCAP_50,NSE_INDEX,yfinance,1d
2022-09-15,45408.75,45509.69921875,45007.69921875,45413.3984375,383100,NIFTY_MIDCAP_50,NSE_INDEX,yfinance,1d
2022-09-16,45275.75,45403.30078125,43821.25,44093.3515625,577900,NIFTY_MIDCAP_50,NSE_INDEX,yfinance,1d
2022-09-19,44255.25,44517.3515625,43700.80078125,44238.3515625,375100,NIFTY_MIDCAP_50,NSE_INDEX,yfinance,1d
2022-09-20,44654.8515625,45042.75,44608.8515625,44735.69921875,336100,NIFTY_MIDCAP_50,NSE_INDEX,yfinance,1d
2022-09-21,44752.3984375,44958.75,43921.6484375,44021.1484375,298600,NIFTY_MIDCAP_50,NSE_INDEX,yfinance,1d
2022-09-22,43857.0,44296.94921875,43623.05078125,44207.19921875,287200,NIFTY_MIDCAP_50,NSE_INDEX,yfinance,1d
2022-09-23,44292.55078125,44371.5,43353.75,43415.05078125,292400,NIFTY_MIDCAP_50,NSE_INDEX,yfinance,1d
2022-09-26,43071.80078125,43081.1015625,42027.44921875,42236.05078125,339900,NIFTY_MIDCAP_50,NSE_INDEX,yfinance,1d
2022-09-27,42459.3984375,42740.0,41916.1015625,42347.80078125,291500,NIFTY_MIDCAP_50,NSE_INDEX,yfinance,1d
2022-09-28,42043.80078125,42504.1484375,41861.19921875,42083.80078125,297600,NIFTY_MIDCAP_50,NSE_INDEX,yfinance,1d
2022-09-29,42463.8515625,42699.5,41858.8515625,41949.25,407000,NIFTY_MIDCAP_50,NSE_INDEX,yfinance,1d
2022-09-30,41913.80078125,42461.19921875,41534.69921875,42385.44921875,348800,NIFTY_MIDCAP_50,NSE_INDEX,yfinance,1d
2022-10-03,42422.1015625,42522.55078125,41134.1484375,41412.25,252700,NIFTY_MIDCAP_50,NSE_INDEX,yfinance,1d
2022-10-04,42209.5,42423.69921875,41902.75,42381.3984375,244900,NIFTY_MIDCAP_50,NSE_INDEX,yfinance,1d
2022-10-06,42675.5,42843.0,42518.55078125,42717.75,247500,NIFTY_MIDCAP_50,NSE_INDEX,yfinance,1d
2022-10-07,42723.30078125,42729.94921875,42240.75,42646.69921875,325400,NIFTY_MIDCAP_50,NSE_INDEX,yfinance,1d
2022-10-10,42122.80078125,42414.1484375,41893.3515625,42292.44921875,216300,NIFTY_MIDCAP_50,NSE_INDEX,yfinance,1d
2022-10-11,42506.55078125,42506.55078125,41406.80078125,41514.69921875,212100,NIFTY_MIDCAP_50,NSE_INDEX,yfinance,1d
2022-10-12,41644.1015625,41900.8515625,41234.6484375,41847.6484375,196000,NIFTY_MIDCAP_50,NSE_INDEX,yfinance,1d
2022-10-13,41847.44921875,41940.75,41312.25,41438.0,179900,NIFTY_MIDCAP_50,NSE_INDEX,yfinance,1d
2022-10-14,42108.5,42120.80078125,41238.25,41287.80078125,192100,NIFTY_MIDCAP_50,NSE_INDEX,yfinance,1d
2022-10-17,41239.75,41611.3515625,40953.6484375,41555.80078125,184100,NIFTY_MIDCAP_50,NSE_INDEX,yfinance,1d
2022-10-18,41757.30078125,42035.55078125,41743.30078125,41984.6015625,287200,NIFTY_MIDCAP_50,NSE_INDEX,yfinance,1d
2022-10-19,42156.69921875,42249.8984375,41874.25,41933.5,195200,NIFTY_MIDCAP_50,NSE_INDEX,yfinance,1d
2022-10-20,41793.5,42427.44921875,41691.55078125,42339.80078125,228200,NIFTY_MIDCAP_50,NSE_INDEX,yfinance,1d
2022-10-21,42433.69921875,42483.1484375,41609.55078125,41777.55078125,222600,NIFTY_MIDCAP_50,NSE_INDEX,yfinance,1d
2022-10-24,42215.75,42220.05078125,41843.5,41912.0,34900,NIFTY_MIDCAP_50,NSE_INDEX,yfinance,1d
2022-10-25,41979.3984375,42021.1484375,41639.5,41914.80078125,244600,NIFTY_MIDCAP_50,NSE_INDEX,yfinance,1d
2022-10-27,42169.1015625,42489.05078125,42034.44921875,42395.30078125,253000,NIFTY_MIDCAP_50,NSE_INDEX,yfinance,1d
2022-10-28,42467.1015625,42468.3984375,41974.25,42189.55078125,218200,NIFTY_MIDCAP_50,NSE_INDEX,yfinance,1d
2022-10-31,42326.3984375,42680.69921875,42308.30078125,42623.8515625,254800,NIFTY_MIDCAP_50,NSE_INDEX,yfinance,1d
2022-11-01,42765.1484375,43105.55078125,42739.19921875,43059.05078125,226500,NIFTY_MIDCAP_50,NSE_INDEX,yfinance,1d
2022-11-02,43069.8515625,43141.80078125,42863.69921875,42968.44921875,197300,NIFTY_MIDCAP_50,NSE_INDEX,yfinance,1d
2022-11-03,42727.30078125,43061.3984375,42684.05078125,43018.55078125,189500,NIFTY_MIDCAP_50,NSE_INDEX,yfinance,1d
2022-11-04,43082.55078125,43147.19921875,42857.3984375,43097.30078125,226500,NIFTY_MIDCAP_50,NSE_INDEX,yfinance,1d
2022-11-07,43312.5,43354.1484375,42980.1484375,43284.5,371000,NIFTY_MIDCAP_50,NSE_INDEX,yfinance,1d
2022-11-09,43454.8984375,43515.8515625,43087.80078125,43199.69921875,316700,NIFTY_MIDCAP_50,NSE_INDEX,yfinance,1d
2022-11-10,43074.1015625,43169.19921875,42541.6015625,42778.1015625,275200,NIFTY_MIDCAP_50,NSE_INDEX,yfinance,1d
2022-11-11,43224.19921875,43329.25,43033.75,43189.0,627400,NIFTY_MIDCAP_50,NSE_INDEX,yfinance,1d
2022-11-14,43283.8515625,43496.69921875,43214.8515625,43419.8984375,367000,NIFTY_MIDCAP_50,NSE_INDEX,yfinance,1d
2022-11-15,43530.30078125,43537.6484375,43260.25,43492.6015625,228700,NIFTY_MIDCAP_50,NSE_INDEX,yfinance,1d
2022-11-16,43539.25,43557.8515625,42962.55078125,43173.8984375,266600,NIFTY_MIDCAP_50,NSE_INDEX,yfinance,1d
2022-11-17,43148.75,43175.05078125,42769.19921875,42848.94921875,294000,NIFTY_MIDCAP_50,NSE_INDEX,yfinance,1d
2022-11-18,42995.75,43043.55078125,42378.05078125,42605.75,262300,NIFTY_MIDCAP_50,NSE_INDEX,yfinance,1d
2022-11-21,42571.25,42586.30078125,42290.0,42371.55078125,223700,NIFTY_MIDCAP_50,NSE_INDEX,yfinance,1d
2022-11-22,42398.80078125,42513.25,42260.44921875,42473.30078125,243000,NIFTY_MIDCAP_50,NSE_INDEX,yfinance,1d
2022-11-23,42631.8515625,42670.05078125,42490.25,42554.3984375,250000,NIFTY_MIDCAP_50,NSE_INDEX,yfinance,1d
2022-11-24,42680.3984375,42747.94921875,42616.3515625,42717.6015625,271600,NIFTY_MIDCAP_50,NSE_INDEX,yfinance,1d
2022-11-25,42850.69921875,42866.30078125,42620.44921875,42835.3984375,254000,NIFTY_MIDCAP_50,NSE_INDEX,yfinance,1d
2022-11-28,42874.6484375,43104.80078125,42844.3515625,42929.30078125,242900,NIFTY_MIDCAP_50,NSE_INDEX,yfinance,1d
2022-11-29,42995.8984375,43284.75,42958.44921875,43147.1015625,223300,NIFTY_MIDCAP_50,NSE_INDEX,yfinance,1d
2022-11-30,43237.44921875,43837.5,43203.5,43687.8984375,789700,NIFTY_MIDCAP_50,NSE_INDEX,yfinance,1d
2022-12-01,43927.5,43973.75,43733.3515625,43857.44921875,298000,NIFTY_MIDCAP_50,NSE_INDEX,yfinance,1d
2022-12-02,43918.8515625,43956.75,43720.44921875,43920.5,289400,NIFTY_MIDCAP_50,NSE_INDEX,yfinance,1d
2022-12-05,44028.44921875,44070.80078125,43594.0,43845.25,258000,NIFTY_MIDCAP_50,NSE_INDEX,yfinance,1d
2022-12-06,43781.19921875,43915.69921875,43709.6015625,43806.19921875,207000,NIFTY_MIDCAP_50,NSE_INDEX,yfinance,1d
2022-12-07,43936.69921875,44085.3515625,43767.69921875,43892.19921875,192800,NIFTY_MIDCAP_50,NSE_INDEX,yfinance,1d
2022-12-08,44001.44921875,44098.25,43924.3515625,44068.44921875,238000,NIFTY_MIDCAP_50,NSE_INDEX,yfinance,1d
2022-12-09,44260.44921875,44310.3984375,43499.80078125,43798.6015625,303900,NIFTY_MIDCAP_50,NSE_INDEX,yfinance,1d
2022-12-12,43798.80078125,43852.80078125,43410.6015625,43806.8984375,201100,NIFTY_MIDCAP_50,NSE_INDEX,yfinance,1d
2022-12-13,43964.94921875,44005.05078125,43667.94921875,43734.3515625,170400,NIFTY_MIDCAP_50,NSE_INDEX,yfinance,1d
2022-12-14,43851.30078125,44038.8515625,43808.44921875,43937.1015625,192800,NIFTY_MIDCAP_50,NSE_INDEX,yfinance,1d
2022-12-15,43895.8984375,44008.55078125,43448.1484375,43544.1015625,193400,NIFTY_MIDCAP_50,NSE_INDEX,yfinance,1d
2022-12-16,43396.94921875,43524.75,42940.25,42986.30078125,259000,NIFTY_MIDCAP_50,NSE_INDEX,yfinance,1d
2022-12-19,43031.69921875,43456.94921875,42849.8515625,43413.5,175000,NIFTY_MIDCAP_50,NSE_INDEX,yfinance,1d
2022-12-20,43348.69921875,43379.44921875,42935.0,43329.25,174400,NIFTY_MIDCAP_50,NSE_INDEX,yfinance,1d
2022-12-21,43464.1015625,43620.80078125,42492.6484375,42638.6484375,215600,NIFTY_MIDCAP_50,NSE_INDEX,yfinance,1d
2022-12-22,42775.44921875,42962.3515625,42044.80078125,42326.3515625,238800,NIFTY_MIDCAP_50,NSE_INDEX,yfinance,1d
2022-12-23,42008.1484375,42075.80078125,40627.0,40753.80078125,320900,NIFTY_MIDCAP_50,NSE_INDEX,yfinance,1d
2022-12-26,40773.0,41856.6484375,40401.3984375,41712.69921875,245000,NIFTY_MIDCAP_50,NSE_INDEX,yfinance,1d
2022-12-27,41946.69921875,42178.3515625,41764.75,42139.3984375,182000,NIFTY_MIDCAP_50,NSE_INDEX,yfinance,1d
2022-12-28,42116.6015625,42395.1484375,41987.19921875,42261.44921875,206000,NIFTY_MIDCAP_50,NSE_INDEX,yfinance,1d
2022-12-29,42089.44921875,42435.6484375,41739.8515625,42252.55078125,187400,NIFTY_MIDCAP_50,NSE_INDEX,yfinance,1d
2022-12-30,42542.75,42665.3515625,42105.30078125,42187.6484375,160000,NIFTY_MIDCAP_50,NSE_INDEX,yfinance,1d
2023-01-02,42321.1015625,42409.8515625,42117.69921875,42248.3984375,134900,NIFTY_MIDCAP_50,NSE_INDEX,yfinance,1d
2023-01-03,42332.6484375,42515.05078125,42287.55078125,42434.25,164700,NIFTY_MIDCAP_50,NSE_INDEX,yfinance,1d
2023-01-04,42454.30078125,42481.19921875,41800.0,41861.25,200900,NIFTY_MIDCAP_50,NSE_INDEX,yfinance,1d
2023-01-05,42042.1015625,42211.5,41731.8984375,42150.5,162900,NIFTY_MIDCAP_50,NSE_INDEX,yfinance,1d
2023-01-06,42197.3515625,42257.0,41700.69921875,41841.3515625,164400,NIFTY_MIDCAP_50,NSE_INDEX,yfinance,1d
2023-01-09,42093.30078125,42244.0,41906.8984375,42179.75,164700,NIFTY_MIDCAP_50,NSE_INDEX,yfinance,1d
2023-01-10,42250.0,42256.6484375,41700.55078125,42026.30078125,179100,NIFTY_MIDCAP_50,NSE_INDEX,yfinance,1d
2023-01-11,42103.80078125,42153.69921875,41808.3984375,41889.8984375,179600,NIFTY_MIDCAP_50,NSE_INDEX,yfinance,1d
2023-01-12,41974.8984375,42027.44921875,41787.69921875,41978.8984375,207300,NIFTY_MIDCAP_50,NSE_INDEX,yfinance,1d
2023-01-13,42052.69921875,42184.94921875,41815.05078125,42152.44921875,181100,NIFTY_MIDCAP_50,NSE_INDEX,yfinance,1d
2023-01-16,42201.44921875,42263.8515625,41985.1484375,42125.1484375,154300,NIFTY_MIDCAP_50,NSE_INDEX,yfinance,1d
2023-01-17,42186.69921875,42258.1015625,41894.94921875,42161.5,243800,NIFTY_MIDCAP_50,NSE_INDEX,yfinance,1d
2023-01-18,42206.5,42221.94921875,41977.05078125,42165.05078125,247700,NIFTY_MIDCAP_50,NSE_INDEX,yfinance,1d
2023-01-19,42057.30078125,42094.19921875,41862.55078125,42019.1015625,175400,NIFTY_MIDCAP_50,NSE_INDEX,yfinance,1d
2023-01-20,42042.75,42085.55078125,41791.3984375,41861.44921875,212600,NIFTY_MIDCAP_50,NSE_INDEX,yfinance,1d
2023-01-23,41960.8984375,42049.1015625,41815.1015625,41926.25,188700,NIFTY_MIDCAP_50,NSE_INDEX,yfinance,1d
2023-01-24,42037.8515625,42071.1484375,41763.8984375,41820.6484375,211400,NIFTY_MIDCAP_50,NSE_INDEX,yfinance,1d
2023-01-25,41673.30078125,41696.30078125,40711.44921875,40768.19921875,475300,NIFTY_MIDCAP_50,NSE_INDEX,yfinance,1d
2023-01-27,40683.80078125,40702.55078125,38754.44921875,39250.44921875,496800,NIFTY_MIDCAP_50,NSE_INDEX,yfinance,1d
2023-01-30,38952.19921875,39463.6484375,38307.94921875,38802.94921875,415000,NIFTY_MIDCAP_50,NSE_INDEX,yfinance,1d
2023-01-31,38849.44921875,39293.6484375,38658.30078125,39199.30078125,414300,NIFTY_MIDCAP_50,NSE_INDEX,yfinance,1d
2023-02-01,39488.19921875,39571.75,37872.55078125,38565.1484375,449200,NIFTY_MIDCAP_50,NSE_INDEX,yfinance,1d
2023-02-02,38293.1015625,38607.30078125,37949.6015625,38473.8984375,333400,NIFTY_MIDCAP_50,NSE_INDEX,yfinance,1d
2023-02-03,38455.3984375,38506.19921875,37846.1015625,38464.1484375,318800,NIFTY_MIDCAP_50,NSE_INDEX,yfinance,1d
2023-02-06,38463.6015625,38720.30078125,38294.69921875,38677.6015625,260300,NIFTY_MIDCAP_50,NSE_INDEX,yfinance,1d
2023-02-07,38644.6484375,38758.69921875,38469.55078125,38615.5,298900,NIFTY_MIDCAP_50,NSE_INDEX,yfinance,1d
2023-02-08,38704.80078125,38988.8984375,38659.25,38961.0,477700,NIFTY_MIDCAP_50,NSE_INDEX,yfinance,1d
2023-02-09,38894.6484375,38896.5,38680.25,38767.25,433700,NIFTY_MIDCAP_50,NSE_INDEX,yfinance,1d
2023-02-10,38683.44921875,38799.44921875,38576.94921875,38735.3984375,382400,NIFTY_MIDCAP_50,NSE_INDEX,yfinance,1d
2023-02-13,38674.75,38699.19921875,38138.30078125,38177.1015625,228700,NIFTY_MIDCAP_50,NSE_INDEX,yfinance,1d
2023-02-14,38130.30078125,38215.3984375,37952.3984375,38134.8515625,231500,NIFTY_MIDCAP_50,NSE_INDEX,yfinance,1d
2023-02-15,38042.44921875,38449.1015625,38013.0,38405.19921875,167300,NIFTY_MIDCAP_50,NSE_INDEX,yfinance,1d
2023-02-16,38488.55078125,38749.1484375,38457.19921875,38680.1015625,227200,NIFTY_MIDCAP_50,NSE_INDEX,yfinance,1d
2023-02-17,38526.8984375,38672.0,38357.8515625,38439.3984375,197600,NIFTY_MIDCAP_50,NSE_INDEX,yfinance,1d
2023-02-20,38447.6015625,38514.55078125,38191.80078125,38319.30078125,273000,NIFTY_MIDCAP_50,NSE_INDEX,yfinance,1d
2023-02-21,38417.6015625,38469.5,38203.44921875,38248.25,259800,NIFTY_MIDCAP_50,NSE_INDEX,yfinance,1d
2023-02-22,38074.3515625,38074.3515625,37574.0,37698.0,222400,NIFTY_MIDCAP_50,NSE_INDEX,yfinance,1d
2023-02-23,37709.19921875,37730.19921875,37290.30078125,37536.30078125,301700,NIFTY_MIDCAP_50,NSE_INDEX,yfinance,1d
2023-02-24,37622.25,37721.44921875,37382.69921875,37504.19921875,235000,NIFTY_MIDCAP_50,NSE_INDEX,yfinance,1d
2023-02-27,37372.5,37387.25,36850.75,37153.1484375,212000,NIFTY_MIDCAP_50,NSE_INDEX,yfinance,1d
2023-02-28,37159.6015625,37390.0,37054.5,37252.55078125,475800,NIFTY_MIDCAP_50,NSE_INDEX,yfinance,1d
2023-03-01,37294.1484375,37713.25,37294.1484375,37686.6484375,203100,NIFTY_MIDCAP_50,NSE_INDEX,yfinance,1d
2023-03-02,37724.25,37756.5,37552.80078125,37665.6015625,171200,NIFTY_MIDCAP_50,NSE_INDEX,yfinance,1d
2023-03-03,37921.44921875,38097.6484375,37865.05078125,38008.05078125,240600,NIFTY_MIDCAP_50,NSE_INDEX,yfinance,1d
2023-03-06,38234.94921875,38406.3515625,38222.0,38310.55078125,222700,NIFTY_MIDCAP_50,NSE_INDEX,yfinance,1d
2023-03-08,38209.80078125,38483.44921875,38022.1015625,38452.80078125,191300,NIFTY_MIDCAP_50,NSE_INDEX,yfinance,1d
2023-03-09,38570.30078125,38643.80078125,38124.6484375,38171.8515625,170200,NIFTY_MIDCAP_50,NSE_INDEX,yfinance,1d
2023-03-10,37935.0,38115.75,37693.80078125,38083.19921875,179900,NIFTY_MIDCAP_50,NSE_INDEX,yfinance,1d
2023-03-13,38101.05078125,38268.25,37535.6015625,37594.94921875,199700,NIFTY_MIDCAP_50,NSE_INDEX,yfinance,1d
2023-03-14,37611.94921875,37669.19921875,37150.3984375,37375.55078125,230300,NIFTY_MIDCAP_50,NSE_INDEX,yfinance,1d
2023-03-15,37586.6015625,37647.8984375,37302.25,37354.0,181700,NIFTY_MIDCAP_50,NSE_INDEX,yfinance,1d
2023-03-16,37348.8984375,37685.1484375,36926.8515625,37579.1484375,677000,NIFTY_MIDCAP_50,NSE_INDEX,yfinance,1d
2023-03-17,37895.69921875,37987.1015625,37727.8515625,37787.3515625,420200,NIFTY_MIDCAP_50,NSE_INDEX,yfinance,1d
2023-03-20,37572.1484375,37680.25,37254.1484375,37512.44921875,269800,NIFTY_MIDCAP_50,NSE_INDEX,yfinance,1d
2023-03-21,37690.25,37796.6484375,37497.5,37728.69921875,203200,NIFTY_MIDCAP_50,NSE_INDEX,yfinance,1d
2023-03-22,37895.30078125,38061.3515625,37876.8515625,37973.0,0,NIFTY_MIDCAP_50,NSE_INDEX,yfinance,1d
2023-03-23,37894.6015625,37989.69921875,37779.1015625,37818.55078125,205500,NIFTY_MIDCAP_50,NSE_INDEX,yfinance,1d
2023-03-24,37929.0,37951.25,37472.55078125,37528.55078125,260000,NIFTY_MIDCAP_50,NSE_INDEX,yfinance,1d
2023-03-27,37570.8984375,37696.94921875,37287.1484375,37334.0,262200,NIFTY_MIDCAP_50,NSE_INDEX,yfinance,1d
2023-03-28,37319.3984375,37328.6015625,36895.6484375,36982.30078125,248000,NIFTY_MIDCAP_50,NSE_INDEX,yfinance,1d
2023-03-29,36911.44921875,37383.05078125,36903.05078125,37279.0,321800,NIFTY_MIDCAP_50,NSE_INDEX,yfinance,1d
2023-03-31,37493.0,37848.3515625,37488.3984375,37797.75,331000,NIFTY_MIDCAP_50,NSE_INDEX,yfinance,1d
2023-04-03,37987.44921875,37987.75,37687.19921875,37891.3515625,187800,NIFTY_MIDCAP_50,NSE_INDEX,yfinance,1d
2023-04-05,37905.30078125,38125.94921875,37828.19921875,38094.30078125,208200,NIFTY_MIDCAP_50,NSE_INDEX,yfinance,1d
2023-04-06,38119.3984375,38231.55078125,38008.3984375,38187.05078125,190600,NIFTY_MIDCAP_50,NSE_INDEX,yfinance,1d
2023-04-10,38293.69921875,38375.94921875,38159.1015625,38296.75,188100,NIFTY_MIDCAP_50,NSE_INDEX,yfinance,1d
2023-04-11,38467.55078125,38580.05078125,38245.6015625,38379.6484375,168900,NIFTY_MIDCAP_50,NSE_INDEX,yfinance,1d
2023-04-12,38482.3515625,38588.44921875,38403.1015625,38560.8984375,171500,NIFTY_MIDCAP_50,NSE_INDEX,yfinance,1d
2023-04-13,38592.0,38623.30078125,38411.55078125,38496.75,155400,NIFTY_MIDCAP_50,NSE_INDEX,yfinance,1d
2023-04-17,38498.3515625,38690.0,38300.94921875,38663.5,155000,NIFTY_MIDCAP_50,NSE_INDEX,yfinance,1d
2023-04-18,38745.8984375,38885.6484375,38620.69921875,38806.1484375,159200,NIFTY_MIDCAP_50,NSE_INDEX,yfinance,1d
2023-04-19,38834.5,38841.30078125,38415.8984375,38459.94921875,182400,NIFTY_MIDCAP_50,NSE_INDEX,yfinance,1d
2023-04-20,38513.5,38581.8515625,38414.44921875,38475.6484375,139300,NIFTY_MIDCAP_50,NSE_INDEX,yfinance,1d
2023-04-21,38524.0,38548.55078125,38303.25,38426.05078125,223200,NIFTY_MIDCAP_50,NSE_INDEX,yfinance,1d
2023-04-24,38521.75,38592.5,38380.75,38572.0,156700,NIFTY_MIDCAP_50,NSE_INDEX,yfinance,1d
2023-04-25,38613.3984375,38809.1484375,38570.8515625,38738.6015625,331100,NIFTY_MIDCAP_50,NSE_INDEX,yfinance,1d
2023-04-26,38722.8984375,38913.19921875,38679.69921875,38888.3984375,177400,NIFTY_MIDCAP_50,NSE_INDEX,yfinance,1d
2023-04-27,38917.5,39022.69921875,38841.69921875,38992.0,223800,NIFTY_MIDCAP_50,NSE_INDEX,yfinance,1d
2023-04-28,39100.69921875,39558.80078125,39032.1015625,39514.19921875,423000,NIFTY_MIDCAP_50,NSE_INDEX,yfinance,1d
2023-05-02,39647.55078125,39828.8515625,39606.8984375,39774.5,268400,NIFTY_MIDCAP_50,NSE_INDEX,yfinance,1d
2023-05-03,39731.3984375,39931.80078125,39658.30078125,39845.1484375,225500,NIFTY_MIDCAP_50,NSE_INDEX,yfinance,1d
2023-05-04,39949.6015625,40119.94921875,39881.25,40096.1484375,281800,NIFTY_MIDCAP_50,NSE_INDEX,yfinance,1d
2023-05-05,40101.55078125,40303.19921875,40034.25,40091.25,241100,NIFTY_MIDCAP_50,NSE_INDEX,yfinance,1d
2023-05-08,40174.05078125,40391.94921875,40153.1484375,40365.1015625,258200,NIFTY_MIDCAP_50,NSE_INDEX,yfinance,1d
2023-05-09,40447.0,40613.6015625,40218.30078125,40323.30078125,285500,NIFTY_MIDCAP_50,NSE_INDEX,yfinance,1d
2023-05-10,40386.75,40580.05078125,40256.0,40551.5,199500,NIFTY_MIDCAP_50,NSE_INDEX,yfinance,1d
2023-05-11,40741.6484375,40900.80078125,40648.19921875,40867.0,191400,NIFTY_MIDCAP_50,NSE_INDEX,yfinance,1d
2023-05-12,40874.0,40976.1484375,40651.0,40801.1015625,198300,NIFTY_MIDCAP_50,NSE_INDEX,yfinance,1d
2023-05-15,40825.25,41145.94921875,40778.69921875,40995.05078125,195900,NIFTY_MIDCAP_50,NSE_INDEX,yfinance,1d
2023-05-16,41097.19921875,41256.80078125,41018.44921875,41052.05078125,276100,NIFTY_MIDCAP_50,NSE_INDEX,yfinance,1d
2023-05-17,41124.5,41137.0,40668.6484375,40821.3984375,203300,NIFTY_MIDCAP_50,NSE_INDEX,yfinance,1d
2023-05-18,40983.19921875,41044.19921875,40353.3984375,40415.3515625,217400,NIFTY_MIDCAP_50,NSE_INDEX,yfinance,1d
2023-05-19,40453.3984375,40630.5,40090.25,40546.1484375,237600,NIFTY_MIDCAP_50,NSE_INDEX,yfinance,1d
2023-05-22,40601.8984375,40938.19921875,40465.8515625,40923.44921875,309800,NIFTY_MIDCAP_50,NSE_INDEX,yfinance,1d
2023-05-23,41100.0,41194.0,40968.1484375,41010.3515625,231000,NIFTY_MIDCAP_50,NSE_INDEX,yfinance,1d
2023-05-24,41014.6484375,41122.55078125,40897.69921875,40984.05078125,213900,NIFTY_MIDCAP_50,NSE_INDEX,yfinance,1d
2023-05-25,41005.19921875,41275.19921875,40944.6015625,41213.30078125,307700,NIFTY_MIDCAP_50,NSE_INDEX,yfinance,1d
2023-05-26,41225.5,41710.8515625,41186.3515625,41684.69921875,255700,NIFTY_MIDCAP_50,NSE_INDEX,yfinance,1d
2023-05-29,41980.5,41996.94921875,41840.25,41925.30078125,206800,NIFTY_MIDCAP_50,NSE_INDEX,yfinance,1d
2023-05-30,41961.6015625,42031.25,41834.8515625,41946.0,190400,NIFTY_MIDCAP_50,NSE_INDEX,yfinance,1d
2023-05-31,41899.3984375,42129.3515625,41804.8515625,42049.30078125,612200,NIFTY_MIDCAP_50,NSE_INDEX,yfinance,1d
2023-06-01,42132.8984375,42320.8984375,42067.80078125,42154.69921875,200000,NIFTY_MIDCAP_50,NSE_INDEX,yfinance,1d
2023-06-02,42290.30078125,42372.8984375,42216.05078125,42331.3984375,329300,NIFTY_MIDCAP_50,NSE_INDEX,yfinance,1d
2023-06-05,42419.0,42546.55078125,42360.44921875,42401.3515625,238400,NIFTY_MIDCAP_50,NSE_INDEX,yfinance,1d
2023-06-06,42475.30078125,42642.8515625,42352.6015625,42597.1015625,197300,NIFTY_MIDCAP_50,NSE_INDEX,yfinance,1d
2023-06-07,42766.30078125,43027.6484375,42710.3984375,42998.5,209400,NIFTY_MIDCAP_50,NSE_INDEX,yfinance,1d
2023-06-08,43103.55078125,43119.5,42652.3984375,42713.44921875,244800,NIFTY_MIDCAP_50,NSE_INDEX,yfinance,1d
2023-06-09,42804.1015625,42862.69921875,42630.3984375,42672.6484375,205100,NIFTY_MIDCAP_50,NSE_INDEX,yfinance,1d
2023-06-12,42793.25,42946.3515625,42646.5,42870.55078125,243500,NIFTY_MIDCAP_50,NSE_INDEX,yfinance,1d
2023-06-13,43039.30078125,43304.5,42997.19921875,43278.6484375,222300,NIFTY_MIDCAP_50,NSE_INDEX,yfinance,1d
2023-06-14,43407.80078125,43424.8515625,43250.80078125,43379.25,227900,NIFTY_MIDCAP_50,NSE_INDEX,yfinance,1d
2023-06-15,43460.0,43641.19921875,43339.1015625,43393.8515625,222900,NIFTY_MIDCAP_50,NSE_INDEX,yfinance,1d
2023-06-16,43568.6484375,43932.3515625,43530.0,43836.75,234200,NIFTY_MIDCAP_50,NSE_INDEX,yfinance,1d
2023-06-19,43978.25,44054.1015625,43709.1015625,43764.69921875,211100,NIFTY_MIDCAP_50,NSE_INDEX,yfinance,1d
2023-06-20,43861.3515625,43978.25,43674.1015625,43926.30078125,182400,NIFTY_MIDCAP_50,NSE_INDEX,yfinance,1d
2023-06-21,44044.1484375,44175.55078125,43749.5,43905.6484375,213500,NIFTY_MIDCAP_50,NSE_INDEX,yfinance,1d
2023-06-22,43984.94921875,43985.1015625,43341.1484375,43387.1484375,206000,NIFTY_MIDCAP_50,NSE_INDEX,yfinance,1d
2023-06-23,43406.5,43414.80078125,42781.55078125,42833.1484375,205400,NIFTY_MIDCAP_50,NSE_INDEX,yfinance,1d
2023-06-26,42669.30078125,43070.75,42589.8515625,43006.6015625,161900,NIFTY_MIDCAP_50,NSE_INDEX,yfinance,1d
2023-06-27,43149.6484375,43254.5,43074.1015625,43192.6015625,188500,NIFTY_MIDCAP_50,NSE_INDEX,yfinance,1d
2023-06-28,43381.80078125,43524.05078125,43263.30078125,43465.44921875,301400,NIFTY_MIDCAP_50,NSE_INDEX,yfinance,1d
2023-06-30,43622.6484375,43782.8984375,43575.5,43750.30078125,269200,NIFTY_MIDCAP_50,NSE_INDEX,yfinance,1d
2023-07-03,43921.75,43966.1015625,43780.8515625,43924.8515625,224300,NIFTY_MIDCAP_50,NSE_INDEX,yfinance,1d
2023-07-04,44073.55078125,44081.0,43647.8984375,43758.19921875,159900,NIFTY_MIDCAP_50,NSE_INDEX,yfinance,1d
2023-07-05,43932.30078125,44156.80078125,43867.1484375,44108.0,217400,NIFTY_MIDCAP_50,NSE_INDEX,yfinance,1d
2023-07-06,44209.3515625,44396.75,44136.69921875,44372.1015625,236600,NIFTY_MIDCAP_50,NSE_INDEX,yfinance,1d
2023-07-07,44371.3984375,44510.1015625,43928.0,44002.5,225700,NIFTY_MIDCAP_50,NSE_INDEX,yfinance,1d
2023-07-10,44120.0,44132.94921875,43659.69921875,43759.94921875,169300,NIFTY_MIDCAP_50,NSE_INDEX,yfinance,1d
2023-07-11,43866.30078125,44210.1015625,43812.55078125,44090.80078125,220300,NIFTY_MIDCAP_50,NSE_INDEX,yfinance,1d
2023-07-12,44186.3984375,44231.05078125,43949.19921875,44202.8515625,203200,NIFTY_MIDCAP_50,NSE_INDEX,yfinance,1d
2023-07-13,44392.05078125,44473.19921875,43781.05078125,43917.1015625,362900,NIFTY_MIDCAP_50,NSE_INDEX,yfinance,1d
2023-07-14,44113.75,44286.6484375,43890.3984375,44243.05078125,242600,NIFTY_MIDCAP_50,NSE_INDEX,yfinance,1d
2023-07-17,44334.94921875,44437.8984375,44258.3984375,44370.1484375,186600,NIFTY_MIDCAP_50,NSE_INDEX,yfinance,1d
2023-07-18,44506.8984375,44507.1015625,44053.1484375,44180.6015625,204000,NIFTY_MIDCAP_50,NSE_INDEX,yfinance,1d
2023-07-19,44289.6484375,44444.8984375,44242.19921875,44414.3984375,173500,NIFTY_MIDCAP_50,NSE_INDEX,yfinance,1d
2023-07-20,44489.6484375,44506.1484375,44166.44921875,44350.80078125,170600,NIFTY_MIDCAP_50,NSE_INDEX,yfinance,1d
2023-07-21,44292.69921875,44401.1484375,44139.80078125,44184.75,229500,NIFTY_MIDCAP_50,NSE_INDEX,yfinance,1d
2023-07-24,44256.6484375,44345.19921875,44113.1484375,44176.80078125,233700,NIFTY_MIDCAP_50,NSE_INDEX,yfinance,1d
2023-07-25,44253.25,44432.25,44118.0,44407.55078125,243400,NIFTY_MIDCAP_50,NSE_INDEX,yfinance,1d
2023-07-26,44579.6484375,44622.0,44446.3984375,44568.25,223700,NIFTY_MIDCAP_50,NSE_INDEX,yfinance,1d
2023-07-27,44682.30078125,44824.0,44543.30078125,44696.44921875,236600,NIFTY_MIDCAP_50,NSE_INDEX,yfinance,1d
2023-07-28,44858.3515625,45187.94921875,44732.5,45166.3984375,325800,NIFTY_MIDCAP_50,NSE_INDEX,yfinance,1d
2023-07-31,45156.0,45368.44921875,45151.69921875,45287.0,268500,NIFTY_MIDCAP_50,NSE_INDEX,yfinance,1d
2023-08-01,45393.55078125,45408.55078125,45170.6015625,45263.25,216300,NIFTY_MIDCAP_50,NSE_INDEX,yfinance,1d
2023-08-02,45219.6015625,45242.3515625,44316.55078125,44645.80078125,269900,NIFTY_MIDCAP_50,NSE_INDEX,yfinance,1d
2023-08-03,44588.3515625,44621.1015625,44150.05078125,44414.55078125,506800,NIFTY_MIDCAP_50,NSE_INDEX,yfinance,1d
2023-08-04,44637.1015625,44913.8984375,44627.80078125,44765.0,585200,NIFTY_MIDCAP_50,NSE_INDEX,yfinance,1d
2023-08-07,44908.0,44930.94921875,44696.8515625,44838.44921875,426100,NIFTY_MIDCAP_50,NSE_INDEX,yfinance,1d
2023-08-08,44953.8984375,44989.6484375,44547.75,44838.80078125,335400,NIFTY_MIDCAP_50,NSE_INDEX,yfinance,1d
2023-08-09,44950.80078125,44983.05078125,44728.25,44948.1484375,245200,NIFTY_MIDCAP_50,NSE_INDEX,yfinance,1d
2023-08-10,45009.5,45009.5,44578.0,44676.1484375,252500,NIFTY_MIDCAP_50,NSE_INDEX,yfinance,1d
2023-08-11,44824.25,44862.5,44508.0,44566.69921875,225700,NIFTY_MIDCAP_50,NSE_INDEX,yfinance,1d
2023-08-14,44460.55078125,44460.55078125,43600.1015625,44008.75,211200,NIFTY_MIDCAP_50,NSE_INDEX,yfinance,1d
2023-08-16,43889.19921875,44045.05078125,43662.1484375,44009.75,202900,NIFTY_MIDCAP_50,NSE_INDEX,yfinance,1d
2023-08-17,44075.6015625,44127.19921875,43838.05078125,43892.8515625,157100,NIFTY_MIDCAP_50,NSE_INDEX,yfinance,1d
2023-08-18,43855.6015625,43883.1015625,43613.25,43681.0,179700,NIFTY_MIDCAP_50,NSE_INDEX,yfinance,1d
2023-08-21,43756.3515625,44064.6015625,43691.05078125,44033.8984375,146100,NIFTY_MIDCAP_50,NSE_INDEX,yfinance,1d
2023-08-22,44176.30078125,44359.69921875,44142.55078125,44324.5,246700,NIFTY_MIDCAP_50,NSE_INDEX,yfinance,1d
2023-08-23,44466.0,44555.94921875,44316.25,44346.0,223400,NIFTY_MIDCAP_50,NSE_INDEX,yfinance,1d
2023-08-24,44626.8984375,44730.44921875,44458.05078125,44504.6015625,202100,NIFTY_MIDCAP_50,NSE_INDEX,yfinance,1d
2023-08-25,44431.0,44531.19921875,44008.80078125,44087.55078125,219100,NIFTY_MIDCAP_50,NSE_INDEX,yfinance,1d
2023-08-28,44276.8515625,44400.5,44121.8515625,44326.44921875,258800,NIFTY_MIDCAP_50,NSE_INDEX,yfinance,1d
2023-08-29,44460.6015625,44628.44921875,44405.05078125,44589.3984375,201200,NIFTY_MIDCAP_50,NSE_INDEX,yfinance,1d
2023-08-30,44798.3984375,44905.8515625,44709.8515625,44743.25,365000,NIFTY_MIDCAP_50,NSE_INDEX,yfinance,1d
2023-08-31,44785.6484375,44797.1484375,44375.30078125,44415.5,313500,NIFTY_MIDCAP_50,NSE_INDEX,yfinance,1d
2023-09-01,44493.69921875,44836.69921875,44403.55078125,44799.75,249600,NIFTY_MIDCAP_50,NSE_INDEX,yfinance,1d
2023-09-04,45026.44921875,45244.25,44799.75,45201.0,240200,NIFTY_MIDCAP_50,NSE_INDEX,yfinance,1d
2023-09-05,45348.1484375,45433.69921875,45126.30078125,45294.1015625,232700,NIFTY_MIDCAP_50,NSE_INDEX,yfinance,1d
2023-09-06,45382.6015625,45531.19921875,45287.5,45508.1484375,193400,NIFTY_MIDCAP_50,NSE_INDEX,yfinance,1d
2023-09-07,45569.3515625,45794.8984375,45508.1484375,45739.3515625,269500,NIFTY_MIDCAP_50,NSE_INDEX,yfinance,1d
2023-09-08,45893.3515625,46207.1015625,45739.3515625,46110.80078125,297900,NIFTY_MIDCAP_50,NSE_INDEX,yfinance,1d
2023-09-11,46359.6015625,46637.1484375,46277.80078125,46585.69921875,298400,NIFTY_MIDCAP_50,NSE_INDEX,yfinance,1d
2023-09-12,46796.6015625,46799.0,45430.6015625,45515.3515625,334900,NIFTY_MIDCAP_50,NSE_INDEX,yfinance,1d
2023-09-13,45496.44921875,45735.75,45068.1484375,45655.44921875,244900,NIFTY_MIDCAP_50,NSE_INDEX,yfinance,1d
2023-09-14,45861.6484375,46030.44921875,45743.94921875,45971.19921875,210300,NIFTY_MIDCAP_50,NSE_INDEX,yfinance,1d
2023-09-15,46116.1484375,46146.5,45889.30078125,46051.8515625,372400,NIFTY_MIDCAP_50,NSE_INDEX,yfinance,1d
2023-09-18,46296.05078125,46296.3984375,45979.69921875,46026.05078125,296000,NIFTY_MIDCAP_50,NSE_INDEX,yfinance,1d
2023-09-20,45915.69921875,46058.0,45550.19921875,45620.6484375,280100,NIFTY_MIDCAP_50,NSE_INDEX,yfinance,1d
2023-09-21,45586.8515625,45718.8984375,45125.94921875,45231.19921875,190700,NIFTY_MIDCAP_50,NSE_INDEX,yfinance,1d
2023-09-22,45265.05078125,45506.8515625,45008.05078125,45176.0,227800,NIFTY_MIDCAP_50,NSE_INDEX,yfinance,1d
2023-09-25,45248.55078125,45281.44921875,44876.3984375,45070.94921875,175500,NIFTY_MIDCAP_50,NSE_INDEX,yfinance,1d
2023-09-26,45092.8515625,45285.05078125,45085.1015625,45158.8984375,162800,NIFTY_MIDCAP_50,NSE_INDEX,yfinance,1d
2023-09-27,45173.5,45245.0,44896.75,45222.6015625,193200,NIFTY_MIDCAP_50,NSE_INDEX,yfinance,1d
2023-09-28,45286.19921875,45311.8515625,44469.8984375,44548.80078125,249500,NIFTY_MIDCAP_50,NSE_INDEX,yfinance,1d
2023-09-29,44739.55078125,45163.69921875,44672.6484375,45036.6484375,197000,NIFTY_MIDCAP_50,NSE_INDEX,yfinance,1d
2023-10-03,45133.1484375,45213.5,44901.8515625,45186.75,322700,NIFTY_MIDCAP_50,NSE_INDEX,yfinance,1d
2023-10-04,45068.69921875,45084.69921875,44337.75,44560.8515625,332000,NIFTY_MIDCAP_50,NSE_INDEX,yfinance,1d
2023-10-05,44759.8515625,44862.94921875,44521.75,44669.6484375,397400,NIFTY_MIDCAP_50,NSE_INDEX,yfinance,1d
2023-10-06,44886.3984375,44987.05078125,44780.19921875,44950.3984375,230500,NIFTY_MIDCAP_50,NSE_INDEX,yfinance,1d
2023-10-09,44550.8984375,44605.0,44251.25,44407.1015625,232100,NIFTY_MIDCAP_50,NSE_INDEX,yfinance,1d
2023-10-10,44596.69921875,45035.05078125,44581.0,45006.19921875,236000,NIFTY_MIDCAP_50,NSE_INDEX,yfinance,1d
2023-10-11,45199.3515625,45382.3515625,45160.05078125,45237.05078125,311400,NIFTY_MIDCAP_50,NSE_INDEX,yfinance,1d
2023-10-12,45368.75,45435.1015625,45285.1484375,45342.0,273100,NIFTY_MIDCAP_50,NSE_INDEX,yfinance,1d
2023-10-13,45158.19921875,45403.0,45114.94921875,45290.30078125,226300,NIFTY_MIDCAP_50,NSE_INDEX,yfinance,1d
2023-10-16,45271.6015625,45502.94921875,45202.3984375,45421.44921875,193500,NIFTY_MIDCAP_50,NSE_INDEX,yfinance,1d
2023-10-17,45595.1484375,45652.6484375,45518.69921875,45586.75,196700,NIFTY_MIDCAP_50,NSE_INDEX,yfinance,1d
2023-10-18,45625.94921875,45636.44921875,45011.1015625,45120.25,294600,NIFTY_MIDCAP_50,NSE_INDEX,yfinance,1d
2023-10-19,44911.55078125,45065.80078125,44682.25,44974.5,178700,NIFTY_MIDCAP_50,NSE_INDEX,yfinance,1d
2023-10-20,44883.8515625,44911.1015625,44464.8515625,44547.6484375,236600,NIFTY_MIDCAP_50,NSE_INDEX,yfinance,1d
2023-10-23,44552.80078125,44604.1484375,43574.55078125,43684.75,265600,NIFTY_MIDCAP_50,NSE_INDEX,yfinance,1d
2023-10-25,43762.44921875,44022.8515625,43144.1484375,43418.6484375,227000,NIFTY_MIDCAP_50,NSE_INDEX,yfinance,1d
2023-10-26,43226.30078125,43228.3984375,42539.1484375,42994.5,363500,NIFTY_MIDCAP_50,NSE_INDEX,yfinance,1d
2023-10-27,43257.75,43939.3984375,43252.5,43837.5,264300,NIFTY_MIDCAP_50,NSE_INDEX,yfinance,1d
2023-10-30,43923.8515625,43982.8515625,43462.8515625,43906.6015625,195100,NIFTY_MIDCAP_50,NSE_INDEX,yfinance,1d
2023-10-31,44133.8984375,44183.05078125,43890.94921875,44019.1015625,243500,NIFTY_MIDCAP_50,NSE_INDEX,yfinance,1d
2023-11-01,44122.1484375,44216.25,43718.6484375,43783.1484375,254000,NIFTY_MIDCAP_50,NSE_INDEX,yfinance,1d
2023-11-02,44114.75,44478.3515625,44086.30078125,44451.1015625,255800,NIFTY_MIDCAP_50,NSE_INDEX,yfinance,1d
2023-11-03,44691.3515625,44907.8984375,44613.3515625,44885.0,412600,NIFTY_MIDCAP_50,NSE_INDEX,yfinance,1d
2023-11-06,45061.80078125,45269.3515625,44985.3515625,45227.44921875,387700,NIFTY_MIDCAP_50,NSE_INDEX,yfinance,1d
2023-11-07,45302.5,45641.1484375,45137.8515625,45593.30078125,383100,NIFTY_MIDCAP_50,NSE_INDEX,yfinance,1d
2023-11-08,45798.8515625,45912.19921875,45695.6484375,45894.8984375,279300,NIFTY_MIDCAP_50,NSE_INDEX,yfinance,1d
2023-11-09,45996.19921875,46011.25,45628.1484375,45660.3984375,208300,NIFTY_MIDCAP_50,NSE_INDEX,yfinance,1d
2023-11-10,45568.6484375,45767.5,45378.5,45724.19921875,196500,NIFTY_MIDCAP_50,NSE_INDEX,yfinance,1d
2023-11-13,45898.19921875,46009.8515625,45739.6484375,45986.69921875,213100,NIFTY_MIDCAP_50,NSE_INDEX,yfinance,1d
2023-11-15,46348.05078125,46478.55078125,46155.05078125,46425.55078125,272400,NIFTY_MIDCAP_50,NSE_INDEX,yfinance,1d
2023-11-16,46486.44921875,46691.25,46330.25,46591.55078125,212800,NIFTY_MIDCAP_50,NSE_INDEX,yfinance,1d
2023-11-17,46510.8984375,46870.75,46422.8984375,46838.25,271400,NIFTY_MIDCAP_50,NSE_INDEX,yfinance,1d
2023-11-20,46943.55078125,46948.55078125,46640.44921875,46716.8984375,182000,NIFTY_MIDCAP_50,NSE_INDEX,yfinance,1d
2023-11-21,46887.6015625,46935.1484375,46683.94921875,46718.25,177300,NIFTY_MIDCAP_50,NSE_INDEX,yfinance,1d
2023-11-22,46768.75,46851.1484375,46367.8515625,46541.1484375,186300,NIFTY_MIDCAP_50,NSE_INDEX,yfinance,1d
2023-11-23,46651.3984375,46781.3984375,46549.44921875,46675.55078125,161400,NIFTY_MIDCAP_50,NSE_INDEX,yfinance,1d
2023-11-24,46762.80078125,46819.0,46578.1015625,46607.75,194500,NIFTY_MIDCAP_50,NSE_INDEX,yfinance,1d
2023-11-28,46793.30078125,47216.25,46718.6015625,47161.94921875,358600,NIFTY_MIDCAP_50,NSE_INDEX,yfinance,1d
2023-11-29,47471.94921875,47556.3984375,47414.19921875,47487.5,392400,NIFTY_MIDCAP_50,NSE_INDEX,yfinance,1d
2023-11-30,47550.5,48082.94921875,47382.69921875,48020.3984375,623700,NIFTY_MIDCAP_50,NSE_INDEX,yfinance,1d
2023-12-01,48373.1015625,48565.55078125,48197.44921875,48486.3984375,388300,NIFTY_MIDCAP_50,NSE_INDEX,yfinance,1d
2023-12-04,49347.55078125,49473.1015625,49071.3984375,49424.80078125,518300,NIFTY_MIDCAP_50,NSE_INDEX,yfinance,1d
2023-12-05,49568.0,49956.6015625,49405.69921875,49937.3515625,476900,NIFTY_MIDCAP_50,NSE_INDEX,yfinance,1d
2023-12-06,50223.44921875,50621.80078125,50184.3515625,50517.3515625,476600,NIFTY_MIDCAP_50,NSE_INDEX,yfinance,1d
2023-12-07,50753.19921875,50987.25,50544.3515625,50920.6015625,505300,NIFTY_MIDCAP_50,NSE_INDEX,yfinance,1d
2023-12-08,51197.69921875,51289.55078125,50079.0,50608.75,400000,NIFTY_MIDCAP_50,NSE_INDEX,yfinance,1d
2023-12-11,50770.1015625,51172.94921875,50696.8515625,51139.6484375,318700,NIFTY_MIDCAP_50,NSE_INDEX,yfinance,1d
2023-12-12,51324.1484375,51352.44921875,50583.8984375,50813.19921875,267600,NIFTY_MIDCAP_50,NSE_INDEX,yfinance,1d
2023-12-13,50984.6484375,51321.6015625,50687.44921875,51273.5,318400,NIFTY_MIDCAP_50,NSE_INDEX,yfinance,1d
2023-12-14,51651.25,52004.69921875,51540.75,51925.44921875,352100,NIFTY_MIDCAP_50,NSE_INDEX,yfinance,1d
2023-12-15,52191.6015625,52210.55078125,51836.25,51957.3515625,358500,NIFTY_MIDCAP_50,NSE_INDEX,yfinance,1d
2023-12-18,52090.0,52369.0,51796.75,52301.0,336900,NIFTY_MIDCAP_50,NSE_INDEX,yfinance,1d
2023-12-19,52481.8515625,52515.80078125,51917.69921875,52387.19921875,308300,NIFTY_MIDCAP_50,NSE_INDEX,yfinance,1d
2023-12-20,52734.6484375,52823.3984375,50688.0,50844.6015625,394000,NIFTY_MIDCAP_50,NSE_INDEX,yfinance,1d
2023-12-21,50385.3515625,51594.25,50102.94921875,51520.6484375,325100,NIFTY_MIDCAP_50,NSE_INDEX,yfinance,1d
2023-12-22,51845.94921875,51999.5,51514.94921875,51944.0,332900,NIFTY_MIDCAP_50,NSE_INDEX,yfinance,1d
2023-12-26,52201.05078125,52483.30078125,52113.19921875,52434.8515625,281200,NIFTY_MIDCAP_50,NSE_INDEX,yfinance,1d
2023-12-27,52699.3515625,52875.0,52428.94921875,52680.19921875,263800,NIFTY_MIDCAP_50,NSE_INDEX,yfinance,1d
2023-12-28,52906.75,53038.6484375,52734.80078125,52964.1015625,515300,NIFTY_MIDCAP_50,NSE_INDEX,yfinance,1d
2023-12-29,53033.55078125,53388.8984375,52845.05078125,53344.80078125,366500,NIFTY_MIDCAP_50,NSE_INDEX,yfinance,1d
2024-01-01,53551.6015625,53648.94921875,53297.8984375,53409.80078125,289400,NIFTY_MIDCAP_50,NSE_INDEX,yfinance,1d
2024-01-02,53586.3515625,53604.3984375,52605.19921875,53277.5,310400,NIFTY_MIDCAP_50,NSE_INDEX,yfinance,1d
2024-01-03,53408.3515625,53842.1015625,53225.19921875,53680.3515625,382500,NIFTY_MIDCAP_50,NSE_INDEX,yfinance,1d
2024-01-04,53908.94921875,54434.19921875,53897.80078125,54359.94921875,299100,NIFTY_MIDCAP_50,NSE_INDEX,yfinance,1d
2024-01-05,54582.05078125,54687.6015625,53949.0,54295.25,339200,NIFTY_MIDCAP_50,NSE_INDEX,yfinance,1d
2024-01-08,54450.0,54450.0,53670.0,53728.8984375,286200,NIFTY_MIDCAP_50,NSE_INDEX,yfinance,1d
2024-01-09,54115.19921875,54297.6015625,53891.6484375,53960.6484375,248200,NIFTY_MIDCAP_50,NSE_INDEX,yfinance,1d
2024-01-10,53997.6484375,54131.94921875,53490.05078125,54077.6484375,269700,NIFTY_MIDCAP_50,NSE_INDEX,yfinance,1d
2024-01-11,54355.25,54675.55078125,54318.8984375,54595.6015625,293700,NIFTY_MIDCAP_50,NSE_INDEX,yfinance,1d
2024-01-12,54847.6015625,54852.8984375,54587.1015625,54742.8984375,310800,NIFTY_MIDCAP_50,NSE_INDEX,yfinance,1d
2024-01-15,55013.19921875,55025.6015625,54530.6015625,54936.6484375,284800,NIFTY_MIDCAP_50,NSE_INDEX,yfinance,1d
2024-01-16,55013.0,55056.75,54515.0,54816.8984375,337600,NIFTY_MIDCAP_50,NSE_INDEX,yfinance,1d
2024-01-17,54478.6484375,54813.1015625,54116.55078125,54206.25,410800,NIFTY_MIDCAP_50,NSE_INDEX,yfinance,1d
2024-01-18,54052.55078125,54150.94921875,52766.30078125,53948.3984375,381300,NIFTY_MIDCAP_50,NSE_INDEX,yfinance,1d
2024-01-19,54297.25,54741.80078125,54250.94921875,54709.0,353200,NIFTY_MIDCAP_50,NSE_INDEX,yfinance,1d
2024-01-23,55218.25,55227.69921875,53009.75,53294.69921875,454900,NIFTY_MIDCAP_50,NSE_INDEX,yfinance,1d
2024-01-24,53419.05078125,54272.05078125,52872.94921875,54208.30078125,372100,NIFTY_MIDCAP_50,NSE_INDEX,yfinance,1d
2024-01-25,54493.19921875,54493.19921875,53779.5,54291.75,399600,NIFTY_MIDCAP_50,NSE_INDEX,yfinance,1d
2024-01-29,54564.19921875,55081.19921875,54369.3984375,55012.6015625,452500,NIFTY_MIDCAP_50,NSE_INDEX,yfinance,1d
2024-01-30,55249.25,55507.1484375,54763.75,54826.19921875,395000,NIFTY_MIDCAP_50,NSE_INDEX,yfinance,1d
2024-01-31,54916.1015625,55346.55078125,54800.1015625,55299.25,467500,NIFTY_MIDCAP_50,NSE_INDEX,yfinance,1d
2024-02-01,55673.8515625,55858.30078125,55168.6015625,55508.8515625,481100,NIFTY_MIDCAP_50,NSE_INDEX,yfinance,1d
2024-02-02,55852.80078125,56218.25,55818.6015625,55940.30078125,539100,NIFTY_MIDCAP_50,NSE_INDEX,yfinance,1d
2024-02-05,56330.55078125,56535.3515625,55463.5,55669.8515625,468200,NIFTY_MIDCAP_50,NSE_INDEX,yfinance,1d
2024-02-06,55935.44921875,56530.3984375,55504.05078125,56465.44921875,353200,NIFTY_MIDCAP_50,NSE_INDEX,yfinance,1d
2024-02-07,56931.25,57489.55078125,56600.3984375,57386.6015625,462800,NIFTY_MIDCAP_50,NSE_INDEX,yfinance,1d
2024-02-08,57754.19921875,57927.69921875,57388.44921875,57660.69921875,570200,NIFTY_MIDCAP_50,NSE_INDEX,yfinance,1d
2024-02-09,57811.55078125,57834.6015625,56263.3984375,57432.8984375,662100,NIFTY_MIDCAP_50,NSE_INDEX,yfinance,1d
2024-02-12,57559.69921875,57698.69921875,56104.0,56323.69921875,479700,NIFTY_MIDCAP_50,NSE_INDEX,yfinance,1d
2024-02-13,56425.1015625,56939.94921875,55701.8984375,56893.05078125,357600,NIFTY_MIDCAP_50,NSE_INDEX,yfinance,1d
2024-02-14,56477.1484375,57806.69921875,56274.69921875,57672.3984375,318300,NIFTY_MIDCAP_50,NSE_INDEX,yfinance,1d
2024-02-15,58073.5,58241.19921875,57931.6015625,58185.8984375,543800,NIFTY_MIDCAP_50,NSE_INDEX,yfinance,1d
2024-02-16,58460.8515625,58694.8984375,58393.6015625,58586.1484375,396600,NIFTY_MIDCAP_50,NSE_INDEX,yfinance,1d
2024-02-19,58838.30078125,58897.75,58548.3984375,58650.30078125,280700,NIFTY_MIDCAP_50,NSE_INDEX,yfinance,1d
2024-02-20,58702.3984375,58767.19921875,58428.25,58706.3984375,270100,NIFTY_MIDCAP_50,NSE_INDEX,yfinance,1d
2024-02-21,58913.6015625,59104.80078125,58204.25,58386.5,327300,NIFTY_MIDCAP_50,NSE_INDEX,yfinance,1d
2024-02-22,58638.44921875,59080.3984375,58006.8984375,58999.0,281200,NIFTY_MIDCAP_50,NSE_INDEX,yfinance,1d
2024-02-23,59172.94921875,59331.44921875,58811.94921875,59153.75,339000,NIFTY_MIDCAP_50,NSE_INDEX,yfinance,1d
2024-02-26,59146.8515625,59375.05078125,58998.25,59198.55078125,267900,NIFTY_MIDCAP_50,NSE_INDEX,yfinance,1d
2024-02-27,59246.05078125,59633.6015625,58885.05078125,59150.6484375,248600,NIFTY_MIDCAP_50,NSE_INDEX,yfinance,1d
2024-02-28,59296.0,59370.0,58218.1015625,58387.30078125,330100,NIFTY_MIDCAP_50,NSE_INDEX,yfinance,1d
2024-02-29,58390.80078125,59256.30078125,57803.69921875,58991.3515625,790700,NIFTY_MIDCAP_50,NSE_INDEX,yfinance,1d
2024-03-01,59315.3984375,59578.19921875,59213.69921875,59506.75,263800,NIFTY_MIDCAP_50,NSE_INDEX,yfinance,1d
2024-03-04,59936.0,60045.6015625,59648.8515625,59944.19921875,330100,NIFTY_MIDCAP_50,NSE_INDEX,yfinance,1d
2024-03-05,60079.94921875,60225.55078125,59858.30078125,59981.3515625,322800,NIFTY_MIDCAP_50,NSE_INDEX,yfinance,1d
2024-03-06,60033.75,60048.8515625,58900.1484375,59806.1015625,854800,NIFTY_MIDCAP_50,NSE_INDEX,yfinance,1d
2024-03-07,59934.6484375,60573.1015625,59929.1015625,60323.8984375,338500,NIFTY_MIDCAP_50,NSE_INDEX,yfinance,1d
2024-03-11,60467.44921875,60920.25,60203.75,60311.1484375,331000,NIFTY_MIDCAP_50,NSE_INDEX,yfinance,1d
2024-03-12,60361.19921875,60418.80078125,59294.6015625,59377.19921875,268300,NIFTY_MIDCAP_50,NSE_INDEX,yfinance,1d
2024-03-13,59466.80078125,59661.80078125,56716.8515625,57149.55078125,406400,NIFTY_MIDCAP_50,NSE_INDEX,yfinance,1d
2024-03-14,56938.44921875,58639.8515625,56430.8515625,58520.19921875,325400,NIFTY_MIDCAP_50,NSE_INDEX,yfinance,1d
2024-03-15,58414.3515625,58661.1015625,57184.19921875,58058.80078125,549500,NIFTY_MIDCAP_50,NSE_INDEX,yfinance,1d
2024-03-18,58072.8515625,58563.1484375,57808.69921875,58422.0,242400,NIFTY_MIDCAP_50,NSE_INDEX,yfinance,1d
2024-03-19,58403.55078125,58403.94921875,57319.25,57402.69921875,249300,NIFTY_MIDCAP_50,NSE_INDEX,yfinance,1d
2024-03-20,57583.3515625,57798.0,56678.8984375,57581.44921875,238100,NIFTY_MIDCAP_50,NSE_INDEX,yfinance,1d
2024-03-21,58110.1015625,58986.5,58075.5,58918.30078125,277500,NIFTY_MIDCAP_50,NSE_INDEX,yfinance,1d
2024-03-22,58987.1015625,59326.25,58644.30078125,59188.8984375,240000,NIFTY_MIDCAP_50,NSE_INDEX,yfinance,1d
2024-03-26,59000.05078125,59858.55078125,58991.80078125,59801.5,271600,NIFTY_MIDCAP_50,NSE_INDEX,yfinance,1d
2024-03-27,60098.1015625,60352.25,59833.25,59911.69921875,300600,NIFTY_MIDCAP_50,NSE_INDEX,yfinance,1d
2024-03-28,60079.69921875,60842.3515625,60026.0,60624.30078125,231000,NIFTY_MIDCAP_50,NSE_INDEX,yfinance,1d
2024-04-01,61107.05078125,61755.3515625,61068.3515625,61634.6015625,316600,NIFTY_MIDCAP_50,NSE_INDEX,yfinance,1d
2024-04-02,61882.6484375,62296.8515625,61722.80078125,62254.1015625,445300,NIFTY_MIDCAP_50,NSE_INDEX,yfinance,1d
2024-04-03,62180.8515625,62480.8984375,61983.55078125,62423.75,445800,NIFTY_MIDCAP_50,NSE_INDEX,yfinance,1d
2024-04-04,62882.1484375,62951.0,62005.55078125,62158.94921875,422800,NIFTY_MIDCAP_50,NSE_INDEX,yfinance,1d
2024-04-05,62209.6484375,62734.75,62019.30078125,62696.1015625,406800,NIFTY_MIDCAP_50,NSE_INDEX,yfinance,1d
2024-04-08,63097.5,63242.8515625,62861.3515625,62993.6015625,366400,NIFTY_MIDCAP_50,NSE_INDEX,yfinance,1d
2024-04-09,63240.0,63256.5,62500.1484375,62794.05078125,347200,NIFTY_MIDCAP_50,NSE_INDEX,yfinance,1d
2024-04-10,63030.8984375,63460.8515625,63020.1015625,63325.44921875,397900,NIFTY_MIDCAP_50,NSE_INDEX,yfinance,1d
2024-04-12,63377.30078125,63735.3515625,62987.6015625,63067.8515625,444400,NIFTY_MIDCAP_50,NSE_INDEX,yfinance,1d
2024-04-15,62076.25,62716.6484375,61330.0,62008.1484375,494800,NIFTY_MIDCAP_50,NSE_INDEX,yfinance,1d
2024-04-16,61789.80078125,62331.55078125,61475.3515625,62057.5,401600,NIFTY_MIDCAP_50,NSE_INDEX,yfinance,1d
2024-04-18,62594.55078125,63033.6015625,61751.8984375,61989.19921875,451300,NIFTY_MIDCAP_50,NSE_INDEX,yfinance,1d
2024-04-19,61469.44921875,62051.69921875,60647.25,61887.8984375,368700,NIFTY_MIDCAP_50,NSE_INDEX,yfinance,1d
2024-04-22,62514.1484375,62759.3515625,62204.94921875,62683.6484375,350000,NIFTY_MIDCAP_50,NSE_INDEX,yfinance,1d
2024-04-23,63068.8984375,63068.8984375,62703.3984375,62798.55078125,307100,NIFTY_MIDCAP_50,NSE_INDEX,yfinance,1d
2024-04-24,63003.25,63460.1015625,62945.5,63277.3984375,308400,NIFTY_MIDCAP_50,NSE_INDEX,yfinance,1d
2024-04-25,63317.1015625,63766.3515625,63153.5,63704.44921875,322300,NIFTY_MIDCAP_50,NSE_INDEX,yfinance,1d
2024-04-26,63911.44921875,64375.25,63905.3515625,64134.55078125,424000,NIFTY_MIDCAP_50,NSE_INDEX,yfinance,1d
2024-04-29,64508.3515625,64652.3515625,64094.1484375,64488.05078125,379100,NIFTY_MIDCAP_50,NSE_INDEX,yfinance,1d
2024-04-30,64887.25,65421.3984375,64802.6015625,64900.5,585800,NIFTY_MIDCAP_50,NSE_INDEX,yfinance,1d
2024-05-02,65149.44921875,66058.046875,65090.80078125,66008.8515625,505900,NIFTY_MIDCAP_50,NSE_INDEX,yfinance,1d
2024-05-03,66450.3515625,66456.25,65190.75,65770.5,408700,NIFTY_MIDCAP_50,NSE_INDEX,yfinance,1d
2024-05-06,65829.5,65865.3984375,64398.1015625,64937.3984375,586100,NIFTY_MIDCAP_50,NSE_INDEX,yfinance,1d
2024-05-07,65179.6484375,65332.1015625,63550.25,63937.3515625,501900,NIFTY_MIDCAP_50,NSE_INDEX,yfinance,1d
2024-05-08,63908.05078125,65076.0,63562.8984375,64784.25,458300,NIFTY_MIDCAP_50,NSE_INDEX,yfinance,1d
2024-05-09,64983.0,65063.80078125,63284.25,63411.1015625,453800,NIFTY_MIDCAP_50,NSE_INDEX,yfinance,1d
2024-05-10,63788.25,64056.80078125,63019.0,63934.19921875,380000,NIFTY_MIDCAP_50,NSE_INDEX,yfinance,1d
2024-05-13,64190.1015625,64453.8515625,62941.19921875,64354.3984375,450300,NIFTY_MIDCAP_50,NSE_INDEX,yfinance,1d
2024-05-14,64584.5,65388.6484375,64508.1484375,65304.80078125,449800,NIFTY_MIDCAP_50,NSE_INDEX,yfinance,1d
2024-05-15,65723.796875,65915.546875,65422.8515625,65643.703125,443200,NIFTY_MIDCAP_50,NSE_INDEX,yfinance,1d
2024-05-16,66020.8984375,66483.8984375,65444.6015625,66320.203125,473400,NIFTY_MIDCAP_50,NSE_INDEX,yfinance,1d
2024-05-17,66564.046875,67181.25,66475.703125,67105.046875,526500,NIFTY_MIDCAP_50,NSE_INDEX,yfinance,1d
2024-05-21,68054.046875,68324.25,67706.8984375,68241.75,637300,NIFTY_MIDCAP_50,NSE_INDEX,yfinance,1d
2024-05-22,68573.703125,68611.3515625,67662.046875,68328.25,521200,NIFTY_MIDCAP_50,NSE_INDEX,yfinance,1d
2024-05-23,68546.0,68858.0,68226.546875,68819.796875,611400,NIFTY_MIDCAP_50,NSE_INDEX,yfinance,1d
2024-05-24,68949.1015625,69458.953125,68671.5,69033.25,488800,NIFTY_MIDCAP_50,NSE_INDEX,yfinance,1d
2024-05-27,69427.453125,69599.6484375,68564.6484375,69136.296875,500300,NIFTY_MIDCAP_50,NSE_INDEX,yfinance,1d
2024-05-28,69343.6484375,69453.796875,68032.203125,68545.6015625,407100,NIFTY_MIDCAP_50,NSE_INDEX,yfinance,1d
2024-05-29,68191.0,68535.453125,67899.8515625,68070.5,408800,NIFTY_MIDCAP_50,NSE_INDEX,yfinance,1d
2024-05-30,68000.703125,68161.3515625,67162.296875,67358.203125,441500,NIFTY_MIDCAP_50,NSE_INDEX,yfinance,1d
2024-05-31,67799.1015625,67926.1015625,66816.296875,67527.6484375,1119400,NIFTY_MIDCAP_50,NSE_INDEX,yfinance,1d
2024-06-03,70871.8984375,70871.8984375,69492.6484375,70620.25,979700,NIFTY_MIDCAP_50,NSE_INDEX,yfinance,1d
2024-06-04,70511.296875,70511.296875,60663.3984375,64022.1484375,1886800,NIFTY_MIDCAP_50,NSE_INDEX,yfinance,1d
2024-06-05,65266.6015625,67079.5,62764.25,66835.3984375,1142200,NIFTY_MIDCAP_50,NSE_INDEX,yfinance,1d
2024-06-06,67567.546875,68790.296875,67553.703125,68224.453125,678600,NIFTY_MIDCAP_50,NSE_INDEX,yfinance,1d
2024-06-07,68331.046875,69300.0,67897.703125,69222.25,502000,NIFTY_MIDCAP_50,NSE_INDEX,yfinance,1d
2024-06-10,69722.25,70049.5,69233.3984375,69744.6015625,491000,NIFTY_MIDCAP_50,NSE_INDEX,yfinance,1d
2024-06-11,69922.1484375,70183.8984375,69598.1015625,69678.703125,453900,NIFTY_MIDCAP_50,NSE_INDEX,yfinance,1d
2024-06-12,69991.3515625,70361.953125,69858.3984375,70202.1484375,454700,NIFTY_MIDCAP_50,NSE_INDEX,yfinance,1d
2024-06-13,70831.3984375,70933.546875,70231.796875,70842.546875,462800,NIFTY_MIDCAP_50,NSE_INDEX,yfinance,1d
2024-06-14,71215.546875,71970.25,71078.046875,71892.1484375,446800,NIFTY_MIDCAP_50,NSE_INDEX,yfinance,1d
2024-06-18,72333.8515625,72414.3515625,72051.203125,72345.703125,433500,NIFTY_MIDCAP_50,NSE_INDEX,yfinance,1d
2024-06-19,72596.3984375,72614.6015625,71303.953125,71536.703125,532700,NIFTY_MIDCAP_50,NSE_INDEX,yfinance,1d
2024-06-20,71649.8515625,71843.6015625,71025.75,71632.203125,394500,NIFTY_MIDCAP_50,NSE_INDEX,yfinance,1d
2024-06-21,71847.3984375,71878.25,70970.796875,71111.796875,457100,NIFTY_MIDCAP_50,NSE_INDEX,yfinance,1d
2024-06-24,70944.8515625,71693.1015625,70383.1015625,71642.25,388000,NIFTY_MIDCAP_50,NSE_INDEX,yfinance,1d
2024-06-25,71915.703125,72049.3515625,71257.296875,71360.8515625,355700,NIFTY_MIDCAP_50,NSE_INDEX,yfinance,1d
2024-06-26,71271.1015625,71520.1015625,71032.546875,71235.796875,491200,NIFTY_MIDCAP_50,NSE_INDEX,yfinance,1d
2024-06-27,71204.796875,71578.203125,70654.3515625,71340.6484375,547500,NIFTY_MIDCAP_50,NSE_INDEX,yfinance,1d
2024-06-28,71536.046875,71829.0,71365.1484375,71523.453125,453400,NIFTY_MIDCAP_50,NSE_INDEX,yfinance,1d
2024-07-01,71727.5,72247.6484375,71536.046875,72197.25,396200,NIFTY_MIDCAP_50,NSE_INDEX,yfinance,1d
2024-07-02,72428.0,72431.703125,71335.203125,71807.5,423700,NIFTY_MIDCAP_50,NSE_INDEX,yfinance,1d
2024-07-03,72220.3984375,72635.8515625,72112.703125,72584.953125,400300,NIFTY_MIDCAP_50,NSE_INDEX,yfinance,1d
2024-07-04,72877.203125,73131.796875,72534.953125,72928.25,335000,NIFTY_MIDCAP_50,NSE_INDEX,yfinance,1d
2024-07-05,72984.8515625,73483.796875,72785.6484375,73426.546875,555800,NIFTY_MIDCAP_50,NSE_INDEX,yfinance,1d
2024-07-08,73693.75,73812.203125,73232.3515625,73508.796875,635900,NIFTY_MIDCAP_50,NSE_INDEX,yfinance,1d
2024-07-09,73823.8984375,74096.0,73446.5,73863.6015625,494000,NIFTY_MIDCAP_50,NSE_INDEX,yfinance,1d
2024-07-10,74148.703125,74158.8984375,72254.0,73897.5,563800,NIFTY_MIDCAP_50,NSE_INDEX,yfinance,1d
2024-07-11,74155.453125,74308.546875,73787.046875,74059.203125,438900,NIFTY_MIDCAP_50,NSE_INDEX,yfinance,1d
2024-07-12,74322.3984375,74453.296875,73424.3984375,73732.1015625,610900,NIFTY_MIDCAP_50,NSE_INDEX,yfinance,1d
2024-07-15,74053.0,74430.953125,73744.6484375,74367.3515625,519800,NIFTY_MIDCAP_50,NSE_INDEX,yfinance,1d
2024-07-16,74612.453125,74715.6015625,73807.5,73921.703125,433800,NIFTY_MIDCAP_50,NSE_INDEX,yfinance,1d
2024-07-18,73906.25,73943.3515625,72648.046875,73112.5,513100,NIFTY_MIDCAP_50,NSE_INDEX,yfinance,1d
2024-07-19,73047.8515625,73059.6015625,71246.8984375,71353.0,474300,NIFTY_MIDCAP_50,NSE_INDEX,yfinance,1d
2024-07-22,71092.1015625,72352.0,70696.296875,72265.953125,364700,NIFTY_MIDCAP_50,NSE_INDEX,yfinance,1d
2024-07-23,72627.0,72635.203125,68938.5,71632.203125,595600,NIFTY_MIDCAP_50,NSE_INDEX,yfinance,1d
2024-07-24,71704.296875,72163.75,71449.8984375,71844.6484375,405200,NIFTY_MIDCAP_50,NSE_INDEX,yfinance,1d
2024-07-25,71340.203125,72355.3984375,71055.296875,72210.25,467700,NIFTY_MIDCAP_50,NSE_INDEX,yfinance,1d
2024-07-26,72611.203125,73457.8515625,72559.6015625,73400.6484375,422000,NIFTY_MIDCAP_50,NSE_INDEX,yfinance,1d
2024-07-29,73836.203125,74365.5,73571.6015625,74288.296875,680000,NIFTY_MIDCAP_50,NSE_INDEX,yfinance,1d
2024-07-30,74495.8515625,74656.6484375,74118.953125,74215.8515625,442400,NIFTY_MIDCAP_50,NSE_INDEX,yfinance,1d
2024-07-31,74514.796875,74879.046875,74381.25,74788.1015625,423600,NIFTY_MIDCAP_50,NSE_INDEX,yfinance,1d
2024-08-01,74936.703125,75057.296875,73921.296875,74294.6484375,489100,NIFTY_MIDCAP_50,NSE_INDEX,yfinance,1d
2024-08-02,73621.3984375,74241.25,73173.453125,73328.1484375,723600,NIFTY_MIDCAP_50,NSE_INDEX,yfinance,1d
2024-08-05,71459.546875,72084.953125,70269.453125,70936.8984375,775900,NIFTY_MIDCAP_50,NSE_INDEX,yfinance,1d
2024-08-06,71496.3984375,72456.6484375,70081.0,70282.453125,541200,NIFTY_MIDCAP_50,NSE_INDEX,yfinance,1d
2024-08-07,71577.6484375,72491.046875,71077.3515625,72401.25,482100,NIFTY_MIDCAP_50,NSE_INDEX,yfinance,1d
2024-08-08,72465.1015625,72495.546875,71716.3984375,71825.8984375,337400,NIFTY_MIDCAP_50,NSE_INDEX,yfinance,1d
2024-08-09,72658.8984375,72900.0,72241.203125,72718.8515625,306600,NIFTY_MIDCAP_50,NSE_INDEX,yfinance,1d
2024-08-12,72401.5,72736.6484375,71965.8515625,72434.25,335500,NIFTY_MIDCAP_50,NSE_INDEX,yfinance,1d
2024-08-13,72596.8515625,72669.0,71534.25,71609.796875,321500,NIFTY_MIDCAP_50,NSE_INDEX,yfinance,1d
2024-08-14,71840.1015625,71921.6484375,71100.1015625,71642.3984375,307100,NIFTY_MIDCAP_50,NSE_INDEX,yfinance,1d
2024-08-16,72208.546875,73001.8515625,71885.203125,72943.203125,302700,NIFTY_MIDCAP_50,NSE_INDEX,yfinance,1d
2024-08-19,73446.453125,73664.3515625,73249.8515625,73370.75,317500,NIFTY_MIDCAP_50,NSE_INDEX,yfinance,1d
2024-08-20,73628.796875,74002.75,73314.953125,73971.296875,397700,NIFTY_MIDCAP_50,NSE_INDEX,yfinance,1d
2024-08-21,74088.953125,74256.046875,73922.046875,74178.5,276700,NIFTY_MIDCAP_50,NSE_INDEX,yfinance,1d
2024-08-22,74546.1484375,74713.6484375,74382.0,74660.3515625,258300,NIFTY_MIDCAP_50,NSE_INDEX,yfinance,1d
2024-08-23,74904.3515625,74958.6015625,74325.25,74403.6015625,327600,NIFTY_MIDCAP_50,NSE_INDEX,yfinance,1d
2024-08-26,74752.5,74817.25,74433.5,74768.796875,240700,NIFTY_MIDCAP_50,NSE_INDEX,yfinance,1d
2024-08-27,74884.546875,74933.3515625,74622.6015625,74848.953125,248400,NIFTY_MIDCAP_50,NSE_INDEX,yfinance,1d
2024-08-28,75173.75,75308.046875,74786.203125,75082.546875,248500,NIFTY_MIDCAP_50,NSE_INDEX,yfinance,1d
2024-08-29,75119.6015625,75259.8984375,74290.8515625,74896.3984375,302300,NIFTY_MIDCAP_50,NSE_INDEX,yfinance,1d
2024-08-30,75166.1484375,75450.546875,75056.3984375,75279.796875,384600,NIFTY_MIDCAP_50,NSE_INDEX,yfinance,1d
2024-09-02,75674.8515625,75712.3515625,74989.1484375,75335.796875,341000,NIFTY_MIDCAP_50,NSE_INDEX,yfinance,1d
2024-09-03,75741.75,75746.296875,75242.1484375,75413.6484375,331000,NIFTY_MIDCAP_50,NSE_INDEX,yfinance,1d
2024-09-04,74894.546875,75530.6015625,74744.25,75450.546875,319400,NIFTY_MIDCAP_50,NSE_INDEX,yfinance,1d
2024-09-05,75736.8515625,75807.703125,75382.796875,75485.953125,378800,NIFTY_MIDCAP_50,NSE_INDEX,yfinance,1d
2024-09-06,75473.3984375,75509.703125,74315.8984375,74462.0,415000,NIFTY_MIDCAP_50,NSE_INDEX,yfinance,1d
2024-09-09,74350.3984375,74701.046875,73570.796875,74572.8984375,354600,NIFTY_MIDCAP_50,NSE_INDEX,yfinance,1d
2024-09-10,74877.3984375,75092.203125,74535.546875,74737.6015625,360000,NIFTY_MIDCAP_50,NSE_INDEX,yfinance,1d
2024-09-11,74882.6484375,75132.203125,74176.703125,74355.25,384200,NIFTY_MIDCAP_50,NSE_INDEX,yfinance,1d
2024-09-12,74904.5,75469.953125,74741.703125,75446.3515625,336300,NIFTY_MIDCAP_50,NSE_INDEX,yfinance,1d
2024-09-13,75698.6015625,75754.703125,75372.8515625,75427.546875,349400,NIFTY_MIDCAP_50,NSE_INDEX,yfinance,1d
2024-09-16,75707.3984375,75742.703125,75342.1484375,75464.296875,264900,NIFTY_MIDCAP_50,NSE_INDEX,yfinance,1d
2024-09-17,75635.1015625,75635.1015625,75040.25,75260.203125,268900,NIFTY_MIDCAP_50,NSE_INDEX,yfinance,1d
2024-09-18,75359.296875,75502.953125,74508.1015625,74936.1484375,318600,NIFTY_MIDCAP_50,NSE_INDEX,yfinance,1d
2024-09-19,75397.1015625,75578.0,73338.546875,74419.546875,404500,NIFTY_MIDCAP_50,NSE_INDEX,yfinance,1d
2024-09-20,74678.453125,75691.046875,74545.296875,75481.8515625,479200,NIFTY_MIDCAP_50,NSE_INDEX,yfinance,1d
2024-09-23,75893.546875,76743.3515625,75775.25,76707.5,354900,NIFTY_MIDCAP_50,NSE_INDEX,yfinance,1d
2024-09-24,76747.3515625,76959.3515625,76636.453125,76803.796875,398100,NIFTY_MIDCAP_50,NSE_INDEX,yfinance,1d
2024-09-25,76889.703125,76915.203125,76049.453125,76517.3984375,322500,NIFTY_MIDCAP_50,NSE_INDEX,yfinance,1d
2024-09-26,76751.703125,77143.703125,76431.1484375,77086.953125,369700,NIFTY_MIDCAP_50,NSE_INDEX,yfinance,1d
2024-09-27,77201.796875,77918.0,77053.953125,77813.25,826100,NIFTY_MIDCAP_50,NSE_INDEX,yfinance,1d
2024-09-30,77668.703125,77866.3515625,77006.8515625,77095.1484375,369500,NIFTY_MIDCAP_50,NSE_INDEX,yfinance,1d
2024-10-01,77233.0,77532.0,77004.6484375,77284.453125,374000,NIFTY_MIDCAP_50,NSE_INDEX,yfinance,1d
2024-10-03,75950.75,76783.5,75059.75,75448.296875,468700,NIFTY_MIDCAP_50,NSE_INDEX,yfinance,1d
2024-10-04,75363.296875,75724.046875,74184.75,74620.25,453600,NIFTY_MIDCAP_50,NSE_INDEX,yfinance,1d
2024-10-07,74989.25,75156.0,72531.296875,72884.296875,509700,NIFTY_MIDCAP_50,NSE_INDEX,yfinance,1d
2024-10-08,72771.3984375,74740.796875,72459.8515625,74597.296875,412800,NIFTY_MIDCAP_50,NSE_INDEX,yfinance,1d
2024-10-09,75013.75,76009.8984375,74926.5,75407.796875,378500,NIFTY_MIDCAP_50,NSE_INDEX,yfinance,1d
2024-10-10,75668.5,76085.8984375,75163.796875,75278.1015625,270600,NIFTY_MIDCAP_50,NSE_INDEX,yfinance,1d
2024-10-11,75397.796875,75514.3515625,74975.8984375,75378.453125,184300,NIFTY_MIDCAP_50,NSE_INDEX,yfinance,1d
2024-10-14,75659.3515625,75745.8984375,75309.5,75651.703125,213400,NIFTY_MIDCAP_50,NSE_INDEX,yfinance,1d
2024-10-15,76018.546875,76054.453125,75634.453125,75859.8515625,230700,NIFTY_MIDCAP_50,NSE_INDEX,yfinance,1d
2024-10-16,75830.3984375,76093.296875,75340.046875,75698.1484375,256600,NIFTY_MIDCAP_50,NSE_INDEX,yfinance,1d
2024-10-17,75717.3984375,75746.75,73933.046875,74007.203125,275700,NIFTY_MIDCAP_50,NSE_INDEX,yfinance,1d
2024-10-18,73813.6015625,74415.8984375,73085.0,74288.1015625,354100,NIFTY_MIDCAP_50,NSE_INDEX,yfinance,1d
2024-10-21,74495.203125,74782.3515625,73153.1484375,73285.3515625,278100,NIFTY_MIDCAP_50,NSE_INDEX,yfinance,1d
2024-10-22,73296.5,73351.8984375,71049.8515625,71158.6484375,418600,NIFTY_MIDCAP_50,NSE_INDEX,yfinance,1d
2024-10-23,71087.203125,71706.546875,70262.1015625,70884.703125,560300,NIFTY_MIDCAP_50,NSE_INDEX,yfinance,1d
2024-10-24,71112.953125,71360.796875,70587.3984375,70826.25,345400,NIFTY_MIDCAP_50,NSE_INDEX,yfinance,1d
2024-10-25,71049.546875,71244.796875,68826.546875,69716.5,395200,NIFTY_MIDCAP_50,NSE_INDEX,yfinance,1d
2024-10-28,69789.046875,70469.796875,69018.5,70030.546875,477600,NIFTY_MIDCAP_50,NSE_INDEX,yfinance,1d
2024-10-29,70121.953125,70624.1015625,69095.8984375,70538.3515625,434000,NIFTY_MIDCAP_50,NSE_INDEX,yfinance,1d
2024-10-30,70405.703125,70890.453125,70050.0,70268.3515625,414700,NIFTY_MIDCAP_50,NSE_INDEX,yfinance,1d
2024-10-31,70327.6484375,70461.25,69651.796875,69911.75,391300,NIFTY_MIDCAP_50,NSE_INDEX,yfinance,1d
2024-11-01,70320.703125,70611.703125,70288.8515625,70400.75,86600,NIFTY_MIDCAP_50,NSE_INDEX,yfinance,1d
2024-11-04,70462.3515625,70469.75,68726.453125,69418.25,457400,NIFTY_MIDCAP_50,NSE_INDEX,yfinance,1d
2024-11-05,69317.6015625,69895.5,68495.703125,69797.453125,387200,NIFTY_MIDCAP_50,NSE_INDEX,yfinance,1d
2024-11-06,70191.8515625,71482.703125,70135.453125,71389.796875,409300,NIFTY_MIDCAP_50,NSE_INDEX,yfinance,1d
2024-11-07,71580.75,71722.1484375,70522.0,70639.8984375,327600,NIFTY_MIDCAP_50,NSE_INDEX,yfinance,1d
2024-11-08,70668.6015625,70889.953125,69561.546875,69774.203125,283000,NIFTY_MIDCAP_50,NSE_INDEX,yfinance,1d
2024-11-11,69713.6015625,70603.0,69228.3984375,69973.75,292900,NIFTY_MIDCAP_50,NSE_INDEX,yfinance,1d
2024-11-12,70097.953125,70424.296875,68280.1484375,68448.8984375,290600,NIFTY_MIDCAP_50,NSE_INDEX,yfinance,1d
2024-11-13,68270.3984375,68528.453125,66896.453125,67101.453125,386800,NIFTY_MIDCAP_50,NSE_INDEX,yfinance,1d
2024-11-14,67221.8515625,67926.296875,66925.3515625,67408.6484375,352600,NIFTY_MIDCAP_50,NSE_INDEX,yfinance,1d
2024-11-18,67913.6484375,68080.1015625,67013.203125,67472.0,312100,NIFTY_MIDCAP_50,NSE_INDEX,yfinance,1d
2024-11-19,67789.796875,68536.296875,67611.3984375,67775.5,304500,NIFTY_MIDCAP_50,NSE_INDEX,yfinance,1d
2024-11-21,67395.75,67404.3515625,65996.0,66765.453125,533300,NIFTY_MIDCAP_50,NSE_INDEX,yfinance,1d
2024-11-22,66931.703125,68269.5,66858.75,68016.8515625,378400,NIFTY_MIDCAP_50,NSE_INDEX,yfinance,1d
2024-11-25,69337.75,69907.453125,69249.3515625,69342.703125,690800,NIFTY_MIDCAP_50,NSE_INDEX,yfinance,1d
2024-11-26,69588.5,69828.1015625,69309.8515625,69522.25,267700,NIFTY_MIDCAP_50,NSE_INDEX,yfinance,1d
2024-11-27,69724.1484375,70243.953125,69398.296875,70185.3984375,375700,NIFTY_MIDCAP_50,NSE_INDEX,yfinance,1d
2024-11-28,70442.8984375,70872.3984375,70050.75,70254.25,423400,NIFTY_MIDCAP_50,NSE_INDEX,yfinance,1d
2024-11-29,70366.296875,70977.203125,70207.3515625,70726.8515625,464600,NIFTY_MIDCAP_50,NSE_INDEX,yfinance,1d
2024-12-02,70690.203125,71197.953125,70572.703125,71164.3515625,281100,NIFTY_MIDCAP_50,NSE_INDEX,yfinance,1d
2024-12-03,71426.6015625,71941.546875,71369.296875,71890.75,333700,NIFTY_MIDCAP_50,NSE_INDEX,yfinance,1d
2024-12-04,72196.1484375,72415.796875,71716.8515625,72244.8515625,391700,NIFTY_MIDCAP_50,NSE_INDEX,yfinance,1d
2024-12-05,72520.296875,72571.703125,71950.3515625,72487.046875,356000,NIFTY_MIDCAP_50,NSE_INDEX,yfinance,1d
2024-12-06,72789.1015625,73218.6015625,72619.3515625,73040.3984375,537500,NIFTY_MIDCAP_50,NSE_INDEX,yfinance,1d
2024-12-09,72894.5,73001.3984375,72538.6015625,72708.1015625,376100,NIFTY_MIDCAP_50,NSE_INDEX,yfinance,1d
2024-12-10,72888.453125,73152.453125,72700.1484375,73096.453125,289400,NIFTY_MIDCAP_50,NSE_INDEX,yfinance,1d
2024-12-11,73126.6484375,73438.203125,73012.6015625,73292.1484375,341100,NIFTY_MIDCAP_50,NSE_INDEX,yfinance,1d
2024-12-12,73344.046875,73443.8984375,73037.453125,73082.6015625,309400,NIFTY_MIDCAP_50,NSE_INDEX,yfinance,1d
2024-12-13,73026.703125,73068.203125,71711.5,72965.953125,318800,NIFTY_MIDCAP_50,NSE_INDEX,yfinance,1d
2024-12-16,73060.8984375,73284.5,72856.796875,73155.6015625,222200,NIFTY_MIDCAP_50,NSE_INDEX,yfinance,1d
2024-12-17,73082.3515625,73298.703125,72061.046875,72188.0,282900,NIFTY_MIDCAP_50,NSE_INDEX,yfinance,1d
2024-12-18,72183.796875,72262.8984375,71104.1484375,71250.0,247700,NIFTY_MIDCAP_50,NSE_INDEX,yfinance,1d
2024-12-19,70026.953125,70821.3515625,69849.1484375,70625.703125,271100,NIFTY_MIDCAP_50,NSE_INDEX,yfinance,1d
2024-12-20,70762.953125,70956.25,68519.75,68702.6484375,584800,NIFTY_MIDCAP_50,NSE_INDEX,yfinance,1d
2024-12-23,69096.3984375,69456.3515625,68633.953125,68888.953125,303200,NIFTY_MIDCAP_50,NSE_INDEX,yfinance,1d
2024-12-24,68957.6015625,69231.8984375,68571.8515625,68857.25,210100,NIFTY_MIDCAP_50,NSE_INDEX,yfinance,1d
2024-12-26,69020.1015625,69233.25,68688.1015625,69165.8515625,193400,NIFTY_MIDCAP_50,NSE_INDEX,yfinance,1d
2024-12-27,69218.203125,69432.6484375,68458.453125,68557.1484375,151800,NIFTY_MIDCAP_50,NSE_INDEX,yfinance,1d
2024-12-30,68624.203125,68704.0,67840.5,68063.796875,834500,NIFTY_MIDCAP_50,NSE_INDEX,yfinance,1d
2024-12-31,67737.6015625,68154.203125,67380.203125,67988.3515625,264100,NIFTY_MIDCAP_50,NSE_INDEX,yfinance,1d
2025-01-01,68044.6484375,68325.046875,67744.8984375,68247.953125,152100,NIFTY_MIDCAP_50,NSE_INDEX,yfinance,1d
2025-01-02,68362.203125,69198.453125,68189.203125,69103.6015625,269900,NIFTY_MIDCAP_50,NSE_INDEX,yfinance,1d
2025-01-03,69444.25,69785.8984375,69096.0,69192.453125,356400,NIFTY_MIDCAP_50,NSE_INDEX,yfinance,1d
2025-01-06,69280.6015625,69280.6015625,66759.6015625,66996.796875,429200,NIFTY_MIDCAP_50,NSE_INDEX,yfinance,1d
2025-01-07,67034.6015625,67629.3984375,66819.8515625,66938.8984375,323300,NIFTY_MIDCAP_50,NSE_INDEX,yfinance,1d
2025-01-08,67011.203125,67084.546875,65880.3984375,66402.6015625,276400,NIFTY_MIDCAP_50,NSE_INDEX,yfinance,1d
2025-01-09,66481.8515625,66490.703125,65482.3984375,65557.203125,252400,NIFTY_MIDCAP_50,NSE_INDEX,yfinance,1d
2025-01-10,65544.3515625,65662.453125,64126.25,64257.1015625,342500,NIFTY_MIDCAP_50,NSE_INDEX,yfinance,1d
2025-01-13,63399.19921875,63478.55078125,61388.8984375,61481.55078125,429100,NIFTY_MIDCAP_50,NSE_INDEX,yfinance,1d
2025-01-14,61860.75,63296.6484375,61839.55078125,63084.1015625,480300,NIFTY_MIDCAP_50,NSE_INDEX,yfinance,1d
2025-01-15,63580.05078125,63953.6484375,62990.80078125,63639.55078125,382800,NIFTY_MIDCAP_50,NSE_INDEX,yfinance,1d
2025-01-16,64520.55078125,64914.94921875,64448.8515625,64564.5,359900,NIFTY_MIDCAP_50,NSE_INDEX,yfinance,1d
2025-01-17,64616.19921875,65250.80078125,64251.94921875,65053.6015625,272200,NIFTY_MIDCAP_50,NSE_INDEX,yfinance,1d
2025-01-20,65322.6484375,65574.546875,64689.75,65106.1484375,323300,NIFTY_MIDCAP_50,NSE_INDEX,yfinance,1d
2025-01-21,64933.55078125,65029.44921875,63348.1484375,63406.1484375,525600,NIFTY_MIDCAP_50,NSE_INDEX,yfinance,1d
2025-01-22,63467.80078125,63579.1484375,61895.80078125,62865.6015625,434000,NIFTY_MIDCAP_50,NSE_INDEX,yfinance,1d
2025-01-23,62773.3515625,63808.6015625,62567.8515625,63499.75,270700,NIFTY_MIDCAP_50,NSE_INDEX,yfinance,1d
2025-01-24,63574.69921875,63755.1015625,62388.6015625,62494.0,264600,NIFTY_MIDCAP_50,NSE_INDEX,yfinance,1d
2025-01-27,62041.80078125,62050.8515625,60600.1484375,60730.8984375,364500,NIFTY_MIDCAP_50,NSE_INDEX,yfinance,1d
2025-01-28,61173.75,61542.55078125,60131.3984375,60912.1015625,449200,NIFTY_MIDCAP_50,NSE_INDEX,yfinance,1d
2025-01-29,60992.5,62213.44921875,60965.1015625,62142.1484375,364400,NIFTY_MIDCAP_50,NSE_INDEX,yfinance,1d
2025-01-30,62330.5,62771.75,61890.8515625,62193.1484375,371600,NIFTY_MIDCAP_50,NSE_INDEX,yfinance,1d
2025-01-31,62303.94921875,63311.30078125,62026.05078125,63127.3515625,474800,NIFTY_MIDCAP_50,NSE_INDEX,yfinance,1d
2025-02-03,63039.8515625,63039.8515625,62106.75,62634.19921875,455600,NIFTY_MIDCAP_50,NSE_INDEX,yfinance,1d
2025-02-04,63302.94921875,63674.3515625,62923.05078125,63598.3515625,372200,NIFTY_MIDCAP_50,NSE_INDEX,yfinance,1d
2025-02-05,63838.30078125,64377.5,63833.8515625,64012.80078125,344300,NIFTY_MIDCAP_50,NSE_INDEX,yfinance,1d
2025-02-06,64451.30078125,64458.05078125,63342.69921875,63536.69921875,251000,NIFTY_MIDCAP_50,NSE_INDEX,yfinance,1d
2025-02-07,63653.69921875,63907.3515625,62910.6015625,63552.19921875,280300,NIFTY_MIDCAP_50,NSE_INDEX,yfinance,1d
2025-02-10,63572.80078125,64029.1015625,62156.1015625,62390.30078125,250600,NIFTY_MIDCAP_50,NSE_INDEX,yfinance,1d
2025-02-11,62374.25,62521.75,60574.75,60827.80078125,358000,NIFTY_MIDCAP_50,NSE_INDEX,yfinance,1d
2025-02-12,60793.69921875,61157.5,59151.8984375,60826.5,463700,NIFTY_MIDCAP_50,NSE_INDEX,yfinance,1d
2025-02-13,60975.69921875,61738.8984375,60827.05078125,60947.75,268800,NIFTY_MIDCAP_50,NSE_INDEX,yfinance,1d
2025-02-14,61145.5,61239.80078125,59066.8515625,59557.94921875,312000,NIFTY_MIDCAP_50,NSE_INDEX,yfinance,1d
2025-02-17,59221.94921875,59551.5,58230.8984375,59446.55078125,314900,NIFTY_MIDCAP_50,NSE_INDEX,yfinance,1d
2025-02-18,59567.5,59673.55078125,58784.25,59449.3984375,289700,NIFTY_MIDCAP_50,NSE_INDEX,yfinance,1d
2025-02-19,59074.5,60273.25,58798.75,60156.3984375,314400,NIFTY_MIDCAP_50,NSE_INDEX,yfinance,1d
2025-02-20,59946.44921875,61073.25,59769.44921875,61039.1015625,314000,NIFTY_MIDCAP_50,NSE_INDEX,yfinance,1d
2025-02-21,60973.44921875,61417.55078125,60246.3515625,60466.80078125,326200,NIFTY_MIDCAP_50,NSE_INDEX,yfinance,1d
2025-02-24,59850.30078125,60062.8984375,59535.30078125,59752.6015625,235200,NIFTY_MIDCAP_50,NSE_INDEX,yfinance,1d
2025-02-25,59790.3984375,60057.8984375,59251.3515625,59312.5,295600,NIFTY_MIDCAP_50,NSE_INDEX,yfinance,1d
2025-02-27,59368.3984375,59572.75,58615.0,58767.19921875,323300,NIFTY_MIDCAP_50,NSE_INDEX,yfinance,1d
2025-02-28,58275.5,58370.6015625,56868.44921875,57063.05078125,660500,NIFTY_MIDCAP_50,NSE_INDEX,yfinance,1d
2025-03-03,57261.69921875,57798.6015625,56192.44921875,57646.80078125,420400,NIFTY_MIDCAP_50,NSE_INDEX,yfinance,1d
2025-03-04,57135.30078125,58168.94921875,56741.3984375,57966.8515625,379600,NIFTY_MIDCAP_50,NSE_INDEX,yfinance,1d
2025-03-05,57943.25,59483.19921875,57943.25,59441.6484375,352200,NIFTY_MIDCAP_50,NSE_INDEX,yfinance,1d
2025-03-06,60134.80078125,60350.05078125,59844.1015625,60114.3515625,321900,NIFTY_MIDCAP_50,NSE_INDEX,yfinance,1d
2025-03-07,60113.69921875,60391.8984375,59673.6484375,59852.55078125,287800,NIFTY_MIDCAP_50,NSE_INDEX,yfinance,1d
2025-03-10,59900.75,60318.1484375,58854.3984375,58972.0,316600,NIFTY_MIDCAP_50,NSE_INDEX,yfinance,1d
2025-03-11,58351.44921875,59469.3984375,58162.3984375,59274.1015625,356500,NIFTY_MIDCAP_50,NSE_INDEX,yfinance,1d
2025-03-12,59502.0,59751.8984375,58554.55078125,59277.55078125,310600,NIFTY_MIDCAP_50,NSE_INDEX,yfinance,1d
2025-03-13,59618.8984375,59883.55078125,58914.1484375,58976.1015625,283100,NIFTY_MIDCAP_50,NSE_INDEX,yfinance,1d
2025-03-17,59056.6015625,59583.1015625,59006.1484375,59406.6015625,245200,NIFTY_MIDCAP_50,NSE_INDEX,yfinance,1d
2025-03-18,59793.5,61049.19921875,59677.30078125,60971.3984375,319400,NIFTY_MIDCAP_50,NSE_INDEX,yfinance,1d
2025-03-19,61205.05078125,62095.19921875,60989.75,61953.44921875,313400,NIFTY_MIDCAP_50,NSE_INDEX,yfinance,1d
2025-03-20,62373.6484375,62553.1015625,61717.44921875,62309.3515625,298900,NIFTY_MIDCAP_50,NSE_INDEX,yfinance,1d
2025-03-21,62319.3984375,63063.1015625,62214.1484375,62855.8515625,523100,NIFTY_MIDCAP_50,NSE_INDEX,yfinance,1d
2025-03-24,63373.05078125,63794.6015625,63114.8515625,63638.3984375,368300,NIFTY_MIDCAP_50,NSE_INDEX,yfinance,1d
2025-03-25,64133.30078125,64141.30078125,62589.80078125,62703.75,364600,NIFTY_MIDCAP_50,NSE_INDEX,yfinance,1d
2025-03-26,62721.44921875,63186.8515625,62388.6015625,62460.80078125,389400,NIFTY_MIDCAP_50,NSE_INDEX,yfinance,1d
2025-03-27,62298.55078125,63606.69921875,62165.5,63442.55078125,1138000,NIFTY_MIDCAP_50,NSE_INDEX,yfinance,1d
2025-03-28,63471.80078125,63916.8984375,62917.75,63043.19921875,436000,NIFTY_MIDCAP_50,NSE_INDEX,yfinance,1d
2025-04-01,62981.1015625,63339.1484375,62181.19921875,62372.1015625,286300,NIFTY_MIDCAP_50,NSE_INDEX,yfinance,1d
2025-04-02,62466.55078125,63143.25,61933.69921875,63087.1015625,192800,NIFTY_MIDCAP_50,NSE_INDEX,yfinance,1d
2025-04-03,62604.1484375,63259.69921875,62551.3984375,63104.30078125,250300,NIFTY_MIDCAP_50,NSE_INDEX,yfinance,1d
2025-04-04,63090.05078125,63330.94921875,61162.0,61468.69921875,305800,NIFTY_MIDCAP_50,NSE_INDEX,yfinance,1d
2025-04-07,57256.55078125,59815.6015625,57250.25,59546.19921875,351200,NIFTY_MIDCAP_50,NSE_INDEX,yfinance,1d
2025-04-08,60665.25,61094.6484375,59904.44921875,60807.55078125,250900,NIFTY_MIDCAP_50,NSE_INDEX,yfinance,1d
2025-04-09,60779.80078125,60950.5,60101.6484375,60664.6015625,205900,NIFTY_MIDCAP_50,NSE_INDEX,yfinance,1d
2025-04-11,61839.1484375,61839.1484375,61137.69921875,61473.55078125,216100,NIFTY_MIDCAP_50,NSE_INDEX,yfinance,1d
2025-04-15,62862.1484375,63452.8984375,62301.8984375,63374.30078125,290400,NIFTY_MIDCAP_50,NSE_INDEX,yfinance,1d
2025-04-16,63454.80078125,63843.3984375,63231.75,63798.55078125,263800,NIFTY_MIDCAP_50,NSE_INDEX,yfinance,1d
2025-04-17,63770.80078125,64419.30078125,63508.94921875,64255.55078125,244300,NIFTY_MIDCAP_50,NSE_INDEX,yfinance,1d
2025-04-21,64750.3515625,65496.6484375,64441.80078125,65406.19921875,264600,NIFTY_MIDCAP_50,NSE_INDEX,yfinance,1d
2025-04-22,65649.25,65886.3984375,65141.6015625,65548.3984375,265800,NIFTY_MIDCAP_50,NSE_INDEX,yfinance,1d
2025-04-23,65829.25,66040.546875,65064.6015625,65999.6484375,279100,NIFTY_MIDCAP_50,NSE_INDEX,yfinance,1d
2025-04-24,66092.6484375,66291.6015625,65698.1484375,65900.796875,282400,NIFTY_MIDCAP_50,NSE_INDEX,yfinance,1d
2025-04-25,66044.1015625,66313.0,63762.5,64314.8984375,332600,NIFTY_MIDCAP_50,NSE_INDEX,yfinance,1d
2025-04-28,64139.94921875,65188.1015625,64124.25,65043.44921875,228000,NIFTY_MIDCAP_50,NSE_INDEX,yfinance,1d
2025-04-29,65349.6015625,65587.296875,64822.44921875,64892.3515625,249800,NIFTY_MIDCAP_50,NSE_INDEX,yfinance,1d
2025-04-30,64965.75,65204.55078125,64202.1015625,64508.8515625,282600,NIFTY_MIDCAP_50,NSE_INDEX,yfinance,1d
2025-05-02,64471.6484375,65123.44921875,64156.05078125,64429.75,238500,NIFTY_MIDCAP_50,NSE_INDEX,yfinance,1d
2025-05-05,64749.19921875,65484.0,64706.6484375,65406.8515625,296800,NIFTY_MIDCAP_50,NSE_INDEX,yfinance,1d
2025-05-06,65511.25,65605.546875,63605.3515625,63824.8984375,282400,NIFTY_MIDCAP_50,NSE_INDEX,yfinance,1d
2025-05-07,62864.55078125,64227.1484375,62864.55078125,64134.3984375,344000,NIFTY_MIDCAP_50,NSE_INDEX,yfinance,1d
2025-05-08,64267.3984375,64453.3515625,62346.5,62760.25,364000,NIFTY_MIDCAP_50,NSE_INDEX,yfinance,1d
2025-05-09,61416.44921875,62669.19921875,61401.69921875,62527.0,297600,NIFTY_MIDCAP_50,NSE_INDEX,yfinance,1d
2025-05-12,64366.1484375,65136.3515625,64169.0,65078.55078125,316000,NIFTY_MIDCAP_50,NSE_INDEX,yfinance,1d
2025-05-13,65128.30078125,65472.1484375,64903.19921875,65065.80078125,364600,NIFTY_MIDCAP_50,NSE_INDEX,yfinance,1d
2025-05-14,65202.25,65716.953125,65045.5,65540.75,314400,NIFTY_MIDCAP_50,NSE_INDEX,yfinance,1d
2025-05-15,65721.75,66284.796875,65492.3984375,66226.546875,252000,NIFTY_MIDCAP_50,NSE_INDEX,yfinance,1d
2025-05-16,66364.796875,67159.75,66138.296875,67078.953125,349600,NIFTY_MIDCAP_50,NSE_INDEX,yfinance,1d
2025-05-19,67281.546875,67677.25,67069.25,67405.796875,293300,NIFTY_MIDCAP_50,NSE_INDEX,yfinance,1d
2025-05-20,67686.296875,67747.3515625,66081.203125,66165.5,284400,NIFTY_MIDCAP_50,NSE_INDEX,yfinance,1d
2025-05-21,66289.296875,66982.1015625,65973.453125,66939.1015625,225000,NIFTY_MIDCAP_50,NSE_INDEX,yfinance,1d
2025-05-22,66833.3984375,66887.953125,66353.75,66716.8984375,191900,NIFTY_MIDCAP_50,NSE_INDEX,yfinance,1d
2025-05-23,66837.75,67178.1015625,66644.25,67095.8984375,174800,NIFTY_MIDCAP_50,NSE_INDEX,yfinance,1d
2025-05-26,67376.8515625,67692.8515625,67291.203125,67372.296875,169700,NIFTY_MIDCAP_50,NSE_INDEX,yfinance,1d
2025-05-27,67416.8984375,67418.0,66891.203125,67190.75,224900,NIFTY_MIDCAP_50,NSE_INDEX,yfinance,1d
2025-05-28,67331.703125,67440.046875,66887.8984375,66996.203125,197100,NIFTY_MIDCAP_50,NSE_INDEX,yfinance,1d
2025-05-29,67256.3984375,67327.8984375,66855.546875,67093.796875,235000,NIFTY_MIDCAP_50,NSE_INDEX,yfinance,1d
2025-05-30,67136.5,67299.953125,66596.1484375,66761.296875,421100,NIFTY_MIDCAP_50,NSE_INDEX,yfinance,1d
2025-06-02,66782.6484375,67097.3984375,66637.953125,67039.796875,279300,NIFTY_MIDCAP_50,NSE_INDEX,yfinance,1d
2025-06-03,67230.0,67351.6484375,66607.75,66671.796875,263500,NIFTY_MIDCAP_50,NSE_INDEX,yfinance,1d
2025-06-04,66763.8984375,66909.8515625,66305.8984375,66866.6015625,316700,NIFTY_MIDCAP_50,NSE_INDEX,yfinance,1d
2025-06-05,67077.3984375,67389.953125,66975.8515625,67147.1015625,250400,NIFTY_MIDCAP_50,NSE_INDEX,yfinance,1d
2025-06-06,67275.3515625,68030.1015625,67153.1484375,67992.8515625,345000,NIFTY_MIDCAP_50,NSE_INDEX,yfinance,1d
2025-06-09,68351.1015625,68861.703125,68246.8515625,68843.5,259900,NIFTY_MIDCAP_50,NSE_INDEX,yfinance,1d
2025-06-10,69125.3515625,69125.3515625,68659.6484375,68922.546875,256400,NIFTY_MIDCAP_50,NSE_INDEX,yfinance,1d
2025-06-11,68993.046875,69121.453125,68497.6015625,68771.8515625,314300,NIFTY_MIDCAP_50,NSE_INDEX,yfinance,1d
2025-06-12,68884.796875,68887.296875,67389.8984375,67536.5,273400,NIFTY_MIDCAP_50,NSE_INDEX,yfinance,1d
2025-06-13,66175.296875,67084.953125,66051.703125,66979.046875,236000,NIFTY_MIDCAP_50,NSE_INDEX,yfinance,1d
2025-06-16,66988.8984375,67521.5,66361.1015625,67472.1484375,187900,NIFTY_MIDCAP_50,NSE_INDEX,yfinance,1d
2025-06-17,67555.046875,67733.75,66923.703125,66996.453125,162800,NIFTY_MIDCAP_50,NSE_INDEX,yfinance,1d
2025-06-18,67007.0,67309.75,66623.1015625,66788.703125,169700,NIFTY_MIDCAP_50,NSE_INDEX,yfinance,1d
2025-06-19,66752.3515625,66969.3984375,65690.046875,65848.1484375,254700,NIFTY_MIDCAP_50,NSE_INDEX,yfinance,1d
2025-06-20,65894.046875,66852.25,65830.25,66733.046875,412200,NIFTY_MIDCAP_50,NSE_INDEX,yfinance,1d
2025-06-23,66209.453125,66944.3984375,66204.1015625,66780.5,187900,NIFTY_MIDCAP_50,NSE_INDEX,yfinance,1d
2025-06-24,67517.0,67792.296875,67224.3984375,67349.3515625,220500,NIFTY_MIDCAP_50,NSE_INDEX,yfinance,1d
2025-06-25,67692.25,67782.453125,67525.796875,67669.3984375,194700,NIFTY_MIDCAP_50,NSE_INDEX,yfinance,1d
2025-06-26,67879.453125,68346.703125,67621.3515625,68295.1484375,234600,NIFTY_MIDCAP_50,NSE_INDEX,yfinance,1d
2025-06-27,68479.0,68904.1484375,68439.703125,68712.3984375,327700,NIFTY_MIDCAP_50,NSE_INDEX,yfinance,1d
2025-06-30,68913.703125,69042.3515625,68731.8984375,68998.203125,244200,NIFTY_MIDCAP_50,NSE_INDEX,yfinance,1d
2025-07-01,69163.296875,69179.25,68669.453125,68930.203125,226900,NIFTY_MIDCAP_50,NSE_INDEX,yfinance,1d
2025-07-02,68980.8984375,69144.8515625,68335.1484375,68729.796875,214600,NIFTY_MIDCAP_50,NSE_INDEX,yfinance,1d
2025-07-03,68800.8515625,68889.796875,68305.3515625,68355.8515625,210200,NIFTY_MIDCAP_50,NSE_INDEX,yfinance,1d
2025-07-04,68546.8984375,68731.6484375,68280.1484375,68607.796875,175200,NIFTY_MIDCAP_50,NSE_INDEX,yfinance,1d
2025-07-07,68692.8515625,68869.953125,68544.6015625,68725.796875,190700,NIFTY_MIDCAP_50,NSE_INDEX,yfinance,1d
2025-07-08,68820.953125,68987.25,68368.3515625,68719.046875,171100,NIFTY_MIDCAP_50,NSE_INDEX,yfinance,1d
2025-07-09,68755.953125,68905.953125,68527.8515625,68678.1484375,218300,NIFTY_MIDCAP_50,NSE_INDEX,yfinance,1d
2025-07-10,68821.8984375,68840.046875,68354.3515625,68523.453125,209900,NIFTY_MIDCAP_50,NSE_INDEX,yfinance,1d
2025-07-11,68507.046875,68627.046875,67869.75,67965.546875,193300,NIFTY_MIDCAP_50,NSE_INDEX,yfinance,1d
2025-07-14,67956.0,68368.6015625,67793.1484375,68285.6484375,200900,NIFTY_MIDCAP_50,NSE_INDEX,yfinance,1d
2025-07-15,68440.8515625,68778.796875,68336.3984375,68727.546875,177400,NIFTY_MIDCAP_50,NSE_INDEX,yfinance,1d
2025-07-16,68740.953125,68958.796875,68517.703125,68870.546875,245100,NIFTY_MIDCAP_50,NSE_INDEX,yfinance,1d
2025-07-17,68992.1484375,69046.453125,68638.8515625,68711.453125,160100,NIFTY_MIDCAP_50,NSE_INDEX,yfinance,1d
2025-07-18,68799.8984375,68877.8515625,68139.546875,68225.1484375,167700,NIFTY_MIDCAP_50,NSE_INDEX,yfinance,1d
2025-07-21,68278.6015625,68576.046875,67988.203125,68503.1484375,158500,NIFTY_MIDCAP_50,NSE_INDEX,yfinance,1d
2025-07-22,68704.3515625,68747.296875,68173.5,68253.8984375,273500,NIFTY_MIDCAP_50,NSE_INDEX,yfinance,1d
2025-07-23,68371.75,68408.6484375,67946.0,68363.0,253100,NIFTY_MIDCAP_50,NSE_INDEX,yfinance,1d
2025-07-24,68392.703125,68486.203125,67945.1484375,68207.296875,294100,NIFTY_MIDCAP_50,NSE_INDEX,yfinance,1d
2025-07-25,68098.6015625,68130.296875,67059.6484375,67146.6484375,208300,NIFTY_MIDCAP_50,NSE_INDEX,yfinance,1d
2025-07-28,67023.0,67566.6484375,66678.296875,66768.8984375,185800,NIFTY_MIDCAP_50,NSE_INDEX,yfinance,1d
2025-07-29,66652.296875,67466.8515625,66470.5,67379.203125,184100,NIFTY_MIDCAP_50,NSE_INDEX,yfinance,1d
2025-07-30,67505.6015625,67560.296875,67173.796875,67435.1484375,220800,NIFTY_MIDCAP_50,NSE_INDEX,yfinance,1d
2025-07-31,66606.6484375,67443.5,66606.203125,67096.1484375,244800,NIFTY_MIDCAP_50,NSE_INDEX,yfinance,1d
2025-08-01,67119.25,67195.5,66068.453125,66192.796875,190900,NIFTY_MIDCAP_50,NSE_INDEX,yfinance,1d
2025-08-04,66238.5,66963.453125,66025.046875,66917.5,177600,NIFTY_MIDCAP_50,NSE_INDEX,yfinance,1d
2025-08-05,66995.75,66996.25,66423.1015625,66762.046875,153900,NIFTY_MIDCAP_50,NSE_INDEX,yfinance,1d
2025-08-06,66850.203125,66853.296875,66015.25,66181.3515625,214500,NIFTY_MIDCAP_50,NSE_INDEX,yfinance,1d
2025-08-07,65924.296875,66468.203125,65471.25,66338.1015625,183100,NIFTY_MIDCAP_50,NSE_INDEX,yfinance,1d
2025-08-08,66400.3984375,66487.1484375,65429.5,65514.69921875,149100,NIFTY_MIDCAP_50,NSE_INDEX,yfinance,1d
2025-08-11,65571.953125,66336.3515625,65378.6015625,66283.953125,174400,NIFTY_MIDCAP_50,NSE_INDEX,yfinance,1d
2025-08-12,66332.75,66602.25,66185.25,66223.8984375,138700,NIFTY_MIDCAP_50,NSE_INDEX,yfinance,1d
2025-08-13,66396.0,66735.453125,66393.0,66622.25,154900,NIFTY_MIDCAP_50,NSE_INDEX,yfinance,1d
2025-08-14,66776.296875,66833.1015625,66414.546875,66511.6015625,168200,NIFTY_MIDCAP_50,NSE_INDEX,yfinance,1d
2025-08-18,67396.5,67852.203125,67295.953125,67399.6015625,189400,NIFTY_MIDCAP_50,NSE_INDEX,yfinance,1d
2025-08-19,67505.1484375,67944.75,67226.6484375,67907.453125,172400,NIFTY_MIDCAP_50,NSE_INDEX,yfinance,1d
2025-08-20,67960.8515625,68258.796875,67885.703125,68164.296875,193400,NIFTY_MIDCAP_50,NSE_INDEX,yfinance,1d
2025-08-21,68337.703125,68353.703125,67928.1484375,67972.6484375,174500,NIFTY_MIDCAP_50,NSE_INDEX,yfinance,1d
2025-08-22,68049.203125,68252.296875,67510.453125,67540.1015625,140800,NIFTY_MIDCAP_50,NSE_INDEX,yfinance,1d
2025-08-25,67834.1015625,67893.203125,67604.8515625,67711.3515625,139500,NIFTY_MIDCAP_50,NSE_INDEX,yfinance,1d
2025-08-26,67632.203125,67709.1484375,66699.6484375,66800.3515625,335000,NIFTY_MIDCAP_50,NSE_INDEX,yfinance,1d
2025-08-28,66931.6484375,66931.6484375,65880.75,65940.296875,183600,NIFTY_MIDCAP_50,NSE_INDEX,yfinance,1d
2025-08-29,65960.75,66305.953125,65544.8515625,65745.75,200100,NIFTY_MIDCAP_50,NSE_INDEX,yfinance,1d
2025-09-01,65917.3515625,66703.453125,65910.0,66670.1484375,157900,NIFTY_MIDCAP_50,NSE_INDEX,yfinance,1d
2025-09-02,66799.1484375,67222.1015625,66459.75,67017.75,147800,NIFTY_MIDCAP_50,NSE_INDEX,yfinance,1d
2025-09-03,67153.8515625,67506.1484375,67127.1015625,67463.046875,140300,NIFTY_MIDCAP_50,NSE_INDEX,yfinance,1d
2025-09-04,68362.953125,68362.953125,67071.046875,67151.546875,164900,NIFTY_MIDCAP_50,NSE_INDEX,yfinance,1d
2025-09-05,67333.1015625,67498.703125,66669.6015625,67089.796875,147700,NIFTY_MIDCAP_50,NSE_INDEX,yfinance,1d
2025-09-08,67305.5,67701.3984375,67123.046875,67366.046875,188300,NIFTY_MIDCAP_50,NSE_INDEX,yfinance,1d
2025-09-09,67512.3984375,67578.796875,67256.6015625,67460.75,131200,NIFTY_MIDCAP_50,NSE_INDEX,yfinance,1d
2025-09-10,67696.046875,67962.703125,67629.3984375,67753.796875,189100,NIFTY_MIDCAP_50,NSE_INDEX,yfinance,1d
2025-09-11,67816.3515625,68064.1015625,67648.546875,67974.703125,262400,NIFTY_MIDCAP_50,NSE_INDEX,yfinance,1d
2025-09-12,68196.1015625,68303.703125,68064.1015625,68194.0,198300,NIFTY_MIDCAP_50,NSE_INDEX,yfinance,1d
2025-09-15,68377.046875,68691.3984375,68339.796875,68603.1484375,191100,NIFTY_MIDCAP_50,NSE_INDEX,yfinance,1d
2025-09-16,68779.0,69048.6484375,68604.546875,69000.75,193000,NIFTY_MIDCAP_50,NSE_INDEX,yfinance,1d
2025-09-17,69188.796875,69306.5,68971.5,69147.1015625,237100,NIFTY_MIDCAP_50,NSE_INDEX,yfinance,1d
2025-09-18,69314.046875,69438.8515625,69017.8515625,69334.296875,182000,NIFTY_MIDCAP_50,NSE_INDEX,yfinance,1d
2025-09-19,69621.296875,69863.296875,69494.8984375,69736.6015625,397800,NIFTY_MIDCAP_50,NSE_INDEX,yfinance,1d
2025-09-22,69822.0,70462.203125,69756.75,69962.296875,360800,NIFTY_MIDCAP_50,NSE_INDEX,yfinance,1d
2025-09-23,70251.1484375,70317.3984375,69471.953125,69643.3984375,413200,NIFTY_MIDCAP_50,NSE_INDEX,yfinance,1d
2025-09-24,69626.1015625,69698.6015625,68757.546875,68808.203125,363600,NIFTY_MIDCAP_50,NSE_INDEX,yfinance,1d
2025-09-25,68804.8515625,69123.75,68210.3984375,68293.6484375,342700,NIFTY_MIDCAP_50,NSE_INDEX,yfinance,1d
2025-09-26,68248.3515625,68298.0,67073.453125,67144.953125,255800,NIFTY_MIDCAP_50,NSE_INDEX,yfinance,1d
2025-09-29,67353.75,67911.546875,67222.703125,67835.1015625,306100,NIFTY_MIDCAP_50,NSE_INDEX,yfinance,1d
2025-09-30,67938.046875,68161.25,67571.703125,67845.1484375,280900,NIFTY_MIDCAP_50,NSE_INDEX,yfinance,1d
2025-10-01,67842.703125,68199.046875,67662.046875,68087.296875,257000,NIFTY_MIDCAP_50,NSE_INDEX,yfinance,1d
2025-10-03,68213.75,68396.3515625,67848.546875,68355.8984375,315000,NIFTY_MIDCAP_50,NSE_INDEX,yfinance,1d
2025-10-06,68436.203125,68633.75,68157.953125,68590.25,238900,NIFTY_MIDCAP_50,NSE_INDEX,yfinance,1d
2025-10-07,68696.8515625,68872.75,68476.046875,68671.203125,237100,NIFTY_MIDCAP_50,NSE_INDEX,yfinance,1d
2025-10-08,68685.046875,68737.953125,68050.703125,68139.953125,228900,NIFTY_MIDCAP_50,NSE_INDEX,yfinance,1d
2025-10-09,68288.1015625,68562.546875,68004.796875,68520.25,191600,NIFTY_MIDCAP_50,NSE_INDEX,yfinance,1d
2025-10-10,68619.3515625,68908.6015625,68425.046875,68687.25,213700,NIFTY_MIDCAP_50,NSE_INDEX,yfinance,1d
2025-10-13,68423.75,68601.8515625,68165.1484375,68569.6484375,213900,NIFTY_MIDCAP_50,NSE_INDEX,yfinance,1d
2025-10-14,68749.953125,68868.453125,68038.703125,68207.8515625,223900,NIFTY_MIDCAP_50,NSE_INDEX,yfinance,1d
2025-10-15,68389.8515625,69166.8515625,68361.546875,69113.546875,258300,NIFTY_MIDCAP_50,NSE_INDEX,yfinance,1d
2025-10-16,69274.6484375,69546.953125,69138.75,69453.203125,274200,NIFTY_MIDCAP_50,NSE_INDEX,yfinance,1d
2025-10-17,69458.0,69624.1015625,69083.6015625,69356.046875,343100,NIFTY_MIDCAP_50,NSE_INDEX,yfinance,1d
2025-10-20,69641.953125,69715.796875,69385.75,69450.3515625,280900,NIFTY_MIDCAP_50,NSE_INDEX,yfinance,1d
2025-10-21,69805.296875,69829.296875,69385.046875,69519.6484375,58400,NIFTY_MIDCAP_50,NSE_INDEX,yfinance,1d
2025-10-23,69790.703125,69944.296875,69334.453125,69434.3515625,286900,NIFTY_MIDCAP_50,NSE_INDEX,yfinance,1d
2025-10-24,69530.546875,69656.453125,69146.6015625,69355.8984375,214600,NIFTY_MIDCAP_50,NSE_INDEX,yfinance,1d
2025-10-27,69579.1484375,69654.6484375,69416.953125,69612.203125,225600,NIFTY_MIDCAP_50,NSE_INDEX,yfinance,1d
2025-10-28,69751.75,69775.6015625,69029.796875,69258.25,255000,NIFTY_MIDCAP_50,NSE_INDEX,yfinance,1d
2025-10-29,69413.8515625,70318.6484375,69355.25,70238.453125,434200,NIFTY_MIDCAP_50,NSE_INDEX,yfinance,1d
2025-10-30,70405.1484375,70405.1484375,69788.75,70082.546875,361100,NIFTY_MIDCAP_50,NSE_INDEX,yfinance,1d
2025-10-31,70172.6484375,70289.3515625,69769.296875,69824.75,336200,NIFTY_MIDCAP_50,NSE_INDEX,yfinance,1d
2025-11-03,69995.703125,70544.75,69965.796875,70483.296875,40400,NIFTY_MIDCAP_50,NSE_INDEX,yfinance,1d
2025-11-04,70493.796875,70551.1484375,70108.453125,70168.796875,239500,NIFTY_MIDCAP_50,NSE_INDEX,yfinance,1d
2025-11-06,70285.1484375,70334.546875,69241.796875,69299.546875,217700,NIFTY_MIDCAP_50,NSE_INDEX,yfinance,1d
2025-11-07,69074.6484375,69525.25,68396.8984375,69366.1484375,228200,NIFTY_MIDCAP_50,NSE_INDEX,yfinance,1d
2025-11-10,69513.1484375,69912.296875,69509.453125,69629.203125,179900,NIFTY_MIDCAP_50,NSE_INDEX,yfinance,1d
2025-11-11,69666.453125,69758.703125,69036.6015625,69725.1015625,217000,NIFTY_MIDCAP_50,NSE_INDEX,yfinance,1d
2025-11-12,69977.453125,70133.3515625,69724.1484375,69807.953125,239600,NIFTY_MIDCAP_50,NSE_INDEX,yfinance,1d
2025-11-13,69916.6484375,70159.546875,69713.796875,69851.6484375,236900,NIFTY_MIDCAP_50,NSE_INDEX,yfinance,1d
2025-11-14,69822.953125,70261.203125,69517.1484375,69786.8515625,226900,NIFTY_MIDCAP_50,NSE_INDEX,yfinance,1d
2025-11-17,70014.75,70262.296875,69947.3515625,70154.1015625,197800,NIFTY_MIDCAP_50,NSE_INDEX,yfinance,1d
2025-11-18,70275.703125,70275.703125,69560.6015625,69643.5,177400,NIFTY_MIDCAP_50,NSE_INDEX,yfinance,1d
2025-11-19,69681.453125,69782.0,69404.1484375,69635.8515625,197600,NIFTY_MIDCAP_50,NSE_INDEX,yfinance,1d
2025-11-20,69897.046875,69898.8515625,69489.6015625,69567.75,159700,NIFTY_MIDCAP_50,NSE_INDEX,yfinance,1d
2025-11-21,69448.5,69463.203125,68623.1484375,68669.1484375,165400,NIFTY_MIDCAP_50,NSE_INDEX,yfinance,1d
2025-11-24,68679.453125,68726.296875,67927.6484375,67997.453125,323700,NIFTY_MIDCAP_50,NSE_INDEX,yfinance,1d
2025-11-25,68030.796875,68242.0,67982.296875,68172.453125,165200,NIFTY_MIDCAP_50,NSE_INDEX,yfinance,1d
2025-11-26,68302.796875,69230.046875,68219.3984375,69189.3984375,173200,NIFTY_MIDCAP_50,NSE_INDEX,yfinance,1d
2025-11-27,69349.703125,69408.1015625,68858.453125,69069.796875,173300,NIFTY_MIDCAP_50,NSE_INDEX,yfinance,1d
2025-11-28,69072.203125,69222.796875,68900.703125,69137.453125,212800,NIFTY_MIDCAP_50,NSE_INDEX,yfinance,1d
2025-12-01,69401.703125,69464.5,69022.203125,69220.6015625,171000,NIFTY_MIDCAP_50,NSE_INDEX,yfinance,1d
2025-12-02,69116.6015625,69374.203125,69003.6015625,69154.453125,665400,NIFTY_MIDCAP_50,NSE_INDEX,yfinance,1d
2025-12-03,69208.953125,69276.8515625,68226.3984375,68400.8515625,279100,NIFTY_MIDCAP_50,NSE_INDEX,yfinance,1d
2025-12-04,68445.6015625,68807.0,68345.3984375,68560.796875,182300,NIFTY_MIDCAP_50,NSE_INDEX,yfinance,1d
2025-12-05,68557.296875,68764.1484375,68131.296875,68709.8515625,164200,NIFTY_MIDCAP_50,NSE_INDEX,yfinance,1d
2025-12-08,68702.0,68735.8984375,67027.3515625,67302.5,201100,NIFTY_MIDCAP_50,NSE_INDEX,yfinance,1d
2025-12-09,67066.953125,67775.3515625,66403.3515625,67704.453125,232300,NIFTY_MIDCAP_50,NSE_INDEX,yfinance,1d
2025-12-10,67779.8515625,68239.0,67455.796875,67572.3984375,185500,NIFTY_MIDCAP_50,NSE_INDEX,yfinance,1d
2025-12-11,67645.0,68068.25,67324.046875,67939.5,192100,NIFTY_MIDCAP_50,NSE_INDEX,yfinance,1d
2025-12-12,68141.75,68564.0,68031.8515625,68509.703125,215300,NIFTY_MIDCAP_50,NSE_INDEX,yfinance,1d
2025-12-15,68431.296875,68650.75,68060.8515625,68622.453125,201800,NIFTY_MIDCAP_50,NSE_INDEX,yfinance,1d
2025-12-16,68602.1015625,68613.0,68069.0,68337.203125,185400,NIFTY_MIDCAP_50,NSE_INDEX,yfinance,1d
2025-12-17,68419.703125,68646.1484375,67915.8515625,68076.8515625,196500,NIFTY_MIDCAP_50,NSE_INDEX,yfinance,1d
2025-12-18,68059.203125,68069.796875,67332.8984375,67830.25,157100,NIFTY_MIDCAP_50,NSE_INDEX,yfinance,1d
2025-12-19,67950.3515625,68432.6015625,67840.75,68378.6484375,197500,NIFTY_MIDCAP_50,NSE_INDEX,yfinance,1d
2025-12-22,68616.8984375,68936.3984375,68452.6015625,68842.75,179500,NIFTY_MIDCAP_50,NSE_INDEX,yfinance,1d
2025-12-23,69046.8515625,69189.703125,68868.046875,69096.296875,198100,NIFTY_MIDCAP_50,NSE_INDEX,yfinance,1d
2025-12-24,69194.1015625,69314.296875,68851.6015625,68957.25,162600,NIFTY_MIDCAP_50,NSE_INDEX,yfinance,1d
2025-12-26,68987.546875,69301.546875,68810.796875,68961.046875,287500,NIFTY_MIDCAP_50,NSE_INDEX,yfinance,1d
2025-12-29,69040.546875,69209.8515625,68543.3515625,68638.75,264500,NIFTY_MIDCAP_50,NSE_INDEX,yfinance,1d
2025-12-30,68597.3984375,68814.8984375,68324.296875,68667.75,276400,NIFTY_MIDCAP_50,NSE_INDEX,yfinance,1d
2025-12-31,68839.3515625,69531.3515625,68817.1015625,69364.5,212200,NIFTY_MIDCAP_50,NSE_INDEX,yfinance,1d
2026-01-01,69523.1484375,69722.1484375,69276.796875,69675.3984375,216100,NIFTY_MIDCAP_50,NSE_INDEX,yfinance,1d
2026-01-02,69823.6484375,70461.296875,69792.1484375,70416.8984375,256100,NIFTY_MIDCAP_50,NSE_INDEX,yfinance,1d
2026-01-05,70528.046875,70611.8515625,70129.3515625,70413.3984375,211100,NIFTY_MIDCAP_50,NSE_INDEX,yfinance,1d
2026-01-06,70529.25,70670.1484375,70228.796875,70602.1015625,202600,NIFTY_MIDCAP_50,NSE_INDEX,yfinance,1d
2026-01-07,70681.8984375,70833.6484375,70404.3515625,70690.6015625,172100,NIFTY_MIDCAP_50,NSE_INDEX,yfinance,1d
2026-01-08,70633.8984375,70648.3515625,69077.5,69196.1015625,217400,NIFTY_MIDCAP_50,NSE_INDEX,yfinance,1d
2026-01-09,69059.203125,69530.703125,68258.75,68492.203125,203500,NIFTY_MIDCAP_50,NSE_INDEX,yfinance,1d
2026-01-12,68553.6484375,68770.8515625,67642.703125,68699.046875,203500,NIFTY_MIDCAP_50,NSE_INDEX,yfinance,1d
2026-01-13,68907.75,69126.6484375,67946.6484375,68522.0,168800,NIFTY_MIDCAP_50,NSE_INDEX,yfinance,1d
2026-01-14,68446.796875,68984.6015625,68272.6015625,68786.8984375,258000,NIFTY_MIDCAP_50,NSE_INDEX,yfinance,1d
2026-01-16,68867.3515625,69358.6015625,68593.1484375,68857.8984375,270900,NIFTY_MIDCAP_50,NSE_INDEX,yfinance,1d
2026-01-19,68792.25,69233.703125,68516.8984375,68693.8984375,295600,NIFTY_MIDCAP_50,NSE_INDEX,yfinance,1d
2026-01-20,68642.8515625,68748.75,66923.1484375,67110.8984375,322500,NIFTY_MIDCAP_50,NSE_INDEX,yfinance,1d
2026-01-21,66864.3515625,67310.1484375,65997.6015625,66864.453125,272700,NIFTY_MIDCAP_50,NSE_INDEX,yfinance,1d
2026-01-22,67332.3515625,67976.3984375,67194.953125,67592.796875,216000,NIFTY_MIDCAP_50,NSE_INDEX,yfinance,1d
2026-01-23,67829.203125,67834.25,66109.75,66260.546875,312700,NIFTY_MIDCAP_50,NSE_INDEX,yfinance,1d
2026-01-27,66696.6015625,66896.953125,65868.6015625,66696.546875,319600,NIFTY_MIDCAP_50,NSE_INDEX,yfinance,1d
2026-01-28,66906.796875,68298.0,66872.546875,68205.6484375,312500,NIFTY_MIDCAP_50,NSE_INDEX,yfinance,1d
2026-01-29,68300.203125,68458.203125,67756.3515625,68409.75,428500,NIFTY_MIDCAP_50,NSE_INDEX,yfinance,1d
2026-01-30,68146.8515625,68153.0,67439.796875,67839.8515625,392300,NIFTY_MIDCAP_50,NSE_INDEX,yfinance,1d
2026-02-02,66452.296875,67244.046875,65573.75,67073.203125,314500,NIFTY_MIDCAP_50,NSE_INDEX,yfinance,1d
2026-02-03,69488.6484375,69884.1484375,68446.953125,68849.3984375,424700,NIFTY_MIDCAP_50,NSE_INDEX,yfinance,1d
2026-02-04,68889.1484375,69354.6484375,68098.3515625,69298.546875,335800,NIFTY_MIDCAP_50,NSE_INDEX,yfinance,1d
2026-02-05,69078.5,69206.546875,68524.6484375,68970.3984375,253300,NIFTY_MIDCAP_50,NSE_INDEX,yfinance,1d
2026-02-06,68772.6484375,69128.546875,68166.6484375,69058.3984375,257700,NIFTY_MIDCAP_50,NSE_INDEX,yfinance,1d
2026-02-09,69436.453125,69797.453125,69107.3515625,69729.3515625,237900,NIFTY_MIDCAP_50,NSE_INDEX,yfinance,1d
2026-02-10,69941.75,69969.3984375,69614.1484375,69829.6015625,239400,NIFTY_MIDCAP_50,NSE_INDEX,yfinance,1d
2026-02-11,70049.0,70386.1484375,69740.75,70216.546875,235500,NIFTY_MIDCAP_50,NSE_INDEX,yfinance,1d
2026-02-12,70221.796875,70223.6484375,69605.703125,69916.1015625,209700,NIFTY_MIDCAP_50,NSE_INDEX,yfinance,1d
2026-02-13,69374.6484375,69381.796875,68485.5,68826.75,217800,NIFTY_MIDCAP_50,NSE_INDEX,yfinance,1d
2026-02-16,68553.8515625,69588.046875,68369.296875,69496.75,1500,NIFTY_MIDCAP_50,NSE_INDEX,yfinance,1d
2026-02-17,69433.953125,69915.203125,69255.0,69868.75,195800,NIFTY_MIDCAP_50,NSE_INDEX,yfinance,1d
2026-02-18,69964.453125,70389.5,69796.703125,70334.3515625,185900,NIFTY_MIDCAP_50,NSE_INDEX,yfinance,1d
2026-02-19,70379.796875,70439.703125,68822.5,69028.75,174000,NIFTY_MIDCAP_50,NSE_INDEX,yfinance,1d
2026-02-20,68913.203125,69650.0,68862.25,69453.6484375,209200,NIFTY_MIDCAP_50,NSE_INDEX,yfinance,1d
2026-02-23,69844.796875,70042.953125,69417.8515625,69723.1015625,190000,NIFTY_MIDCAP_50,NSE_INDEX,yfinance,1d
2026-02-24,69498.3515625,69948.1015625,69108.546875,69778.453125,213100,NIFTY_MIDCAP_50,NSE_INDEX,yfinance,1d
2026-02-25,70045.5,70498.75,70014.6484375,70399.25,272300,NIFTY_MIDCAP_50,NSE_INDEX,yfinance,1d
2026-02-26,70534.6015625,70697.25,70118.546875,70628.5,232800,NIFTY_MIDCAP_50,NSE_INDEX,yfinance,1d
2026-02-27,70630.1015625,70630.1015625,69553.453125,69710.8984375,242700,NIFTY_MIDCAP_50,NSE_INDEX,yfinance,1d
2026-03-02,67393.296875,69144.453125,67352.546875,68650.25,301800,NIFTY_MIDCAP_50,NSE_INDEX,yfinance,1d
2026-03-04,67555.296875,67575.1015625,66480.703125,66799.3984375,336800,NIFTY_MIDCAP_50,NSE_INDEX,yfinance,1d
2026-03-05,67102.8515625,67893.3984375,67036.703125,67722.203125,278400,NIFTY_MIDCAP_50,NSE_INDEX,yfinance,1d
2026-03-06,67559.046875,68078.296875,67392.8984375,67476.6484375,251600,NIFTY_MIDCAP_50,NSE_INDEX,yfinance,1d
2026-03-09,66198.25,66202.3984375,64998.80078125,66070.6484375,297300,NIFTY_MIDCAP_50,NSE_INDEX,yfinance,1d
2026-03-10,66929.703125,67391.3515625,66431.6015625,67227.953125,257200,NIFTY_MIDCAP_50,NSE_INDEX,yfinance,1d
2026-03-11,67375.8984375,67765.3984375,66363.703125,66498.6484375,232400,NIFTY_MIDCAP_50,NSE_INDEX,yfinance,1d
2026-03-12,66119.0,66815.25,65299.0,66424.546875,360700,NIFTY_MIDCAP_50,NSE_INDEX,yfinance,1d
2026-03-13,66132.203125,66429.5,64578.75,64691.44921875,286500,NIFTY_MIDCAP_50,NSE_INDEX,yfinance,1d
2026-03-16,64621.55078125,64969.5,63525.5,64462.30078125,362400,NIFTY_MIDCAP_50,NSE_INDEX,yfinance,1d
2026-03-17,64722.05078125,65161.3984375,64261.30078125,65021.6015625,250600,NIFTY_MIDCAP_50,NSE_INDEX,yfinance,1d
2026-03-18,65200.5,65883.3984375,65050.6484375,65668.5,241500,NIFTY_MIDCAP_50,NSE_INDEX,yfinance,1d
2026-03-19,64706.75,64706.75,63319.75,63573.80078125,219500,NIFTY_MIDCAP_50,NSE_INDEX,yfinance,1d
2026-03-20,64035.75,64918.3515625,63744.6484375,63862.30078125,347700,NIFTY_MIDCAP_50,NSE_INDEX,yfinance,1d
2026-03-23,63236.75,63238.6484375,61272.25,61414.8984375,318900,NIFTY_MIDCAP_50,NSE_INDEX,yfinance,1d
2026-03-24,62668.1484375,62876.19921875,61349.3515625,62360.69921875,335200,NIFTY_MIDCAP_50,NSE_INDEX,yfinance,1d
2026-03-25,63051.3984375,64038.44921875,62975.25,63620.6015625,313300,NIFTY_MIDCAP_50,NSE_INDEX,yfinance,1d
2026-03-27,63324.1015625,63335.75,61969.94921875,62043.05078125,443400,NIFTY_MIDCAP_50,NSE_INDEX,yfinance,1d
2026-03-30,61170.3984375,61818.25,60269.30078125,60349.80078125,386100,NIFTY_MIDCAP_50,NSE_INDEX,yfinance,1d
2026-04-01,62118.05078125,62477.25,61677.3984375,61912.75,368400,NIFTY_MIDCAP_50,NSE_INDEX,yfinance,1d
2026-04-02,61136.3984375,62100.3515625,59896.1015625,61957.6015625,367300,NIFTY_MIDCAP_50,NSE_INDEX,yfinance,1d
2026-04-06,62198.05078125,62932.3515625,61586.80078125,62858.94921875,428900,NIFTY_MIDCAP_50,NSE_INDEX,yfinance,1d
2026-04-07,62607.44921875,63217.25,62021.1484375,63151.05078125,275700,NIFTY_MIDCAP_50,NSE_INDEX,yfinance,1d
2026-04-08,65491.3515625,66247.25,65295.05078125,66145.296875,503600,NIFTY_MIDCAP_50,NSE_INDEX,yfinance,1d
2026-04-09,66079.25,66605.5,65592.1015625,66268.6484375,322700,NIFTY_MIDCAP_50,NSE_INDEX,yfinance,1d
2026-04-10,66677.25,67708.953125,66623.6484375,67641.25,325100,NIFTY_MIDCAP_50,NSE_INDEX,yfinance,1d
2026-04-13,66038.3984375,67321.796875,65625.546875,67123.296875,384000,NIFTY_MIDCAP_50,NSE_INDEX,yfinance,1d
2026-04-15,68203.546875,68663.1015625,68109.203125,68569.3515625,351400,NIFTY_MIDCAP_50,NSE_INDEX,yfinance,1d
2026-04-16,69070.203125,69432.453125,68716.75,69300.6015625,356500,NIFTY_MIDCAP_50,NSE_INDEX,yfinance,1d
2026-04-17,69397.75,70410.0,69117.046875,70273.796875,344000,NIFTY_MIDCAP_50,NSE_INDEX,yfinance,1d
2026-04-20,70342.8515625,70813.8515625,69522.8984375,70341.0,316100,NIFTY_MIDCAP_50,NSE_INDEX,yfinance,1d
2026-04-21,70583.1484375,71050.6484375,70576.8515625,70824.453125,296900,NIFTY_MIDCAP_50,NSE_INDEX,yfinance,1d
2026-04-22,70756.046875,71536.796875,70591.296875,71346.203125,383000,NIFTY_MIDCAP_50,NSE_INDEX,yfinance,1d
2026-04-23,71168.6484375,71169.796875,70322.0,70410.3515625,383800,NIFTY_MIDCAP_50,NSE_INDEX,yfinance,1d
2026-04-24,70500.203125,70659.8984375,69234.6015625,69883.953125,310700,NIFTY_MIDCAP_50,NSE_INDEX,yfinance,1d
2026-04-27,70201.0,70903.0,70183.8984375,70798.6484375,317100,NIFTY_MIDCAP_50,NSE_INDEX,yfinance,1d
2026-04-28,70763.0,71028.046875,70470.6484375,70568.203125,337400,NIFTY_MIDCAP_50,NSE_INDEX,yfinance,1d
2026-04-29,70866.203125,71093.796875,70415.6484375,70521.796875,328900,NIFTY_MIDCAP_50,NSE_INDEX,yfinance,1d
2026-04-30,70127.703125,70165.25,69057.0,69643.8984375,363200,NIFTY_MIDCAP_50,NSE_INDEX,yfinance,1d
2026-05-04,69976.546875,70834.046875,69958.203125,70283.8515625,347000,NIFTY_MIDCAP_50,NSE_INDEX,yfinance,1d
2026-05-05,70256.796875,70731.953125,69959.796875,70627.296875,351300,NIFTY_MIDCAP_50,NSE_INDEX,yfinance,1d
2026-05-06,71260.203125,71764.1484375,70808.0,71691.453125,391300,NIFTY_MIDCAP_50,NSE_INDEX,yfinance,1d
2026-05-07,71982.5,72037.6015625,71610.8984375,71852.8984375,358400,NIFTY_MIDCAP_50,NSE_INDEX,yfinance,1d
2026-05-08,71776.3984375,71889.6015625,71423.8984375,71495.6015625,261400,NIFTY_MIDCAP_50,NSE_INDEX,yfinance,1d
2026-05-11,71046.6015625,71053.296875,70184.75,70297.8515625,304300,NIFTY_MIDCAP_50,NSE_INDEX,yfinance,1d
2026-05-12,70121.8515625,70367.6484375,68466.453125,68586.546875,321000,NIFTY_MIDCAP_50,NSE_INDEX,yfinance,1d
2026-05-13,68490.75,69630.6015625,68275.3984375,69166.3984375,369300,NIFTY_MIDCAP_50,NSE_INDEX,yfinance,1d
2026-05-14,69703.6015625,70115.6484375,68840.0,69940.296875,357600,NIFTY_MIDCAP_50,NSE_INDEX,yfinance,1d
2026-05-15,70134.046875,70197.8984375,69190.0,69280.25,367200,NIFTY_MIDCAP_50,NSE_INDEX,yfinance,1d
2026-05-18,68832.1015625,68832.1015625,67629.046875,68618.0,305700,NIFTY_MIDCAP_50,NSE_INDEX,yfinance,1d
2026-05-19,68817.25,69298.546875,68737.453125,68992.3515625,281200,NIFTY_MIDCAP_50,NSE_INDEX,yfinance,1d
2026-05-20,68578.0,69464.6484375,68262.3984375,69361.546875,302100,NIFTY_MIDCAP_50,NSE_INDEX,yfinance,1d
2026-05-21,69968.3984375,70106.25,69415.453125,69505.6015625,302000,NIFTY_MIDCAP_50,NSE_INDEX,yfinance,1d
2026-05-22,69670.3515625,69947.5,69416.0,69783.046875,245100,NIFTY_MIDCAP_50,NSE_INDEX,yfinance,1d
2026-05-25,70444.046875,70909.75,70390.8984375,70815.8515625,347900,NIFTY_MIDCAP_50,NSE_INDEX,yfinance,1d
2026-05-26,70875.3984375,71099.1015625,70650.8984375,70945.1015625,344300,NIFTY_MIDCAP_50,NSE_INDEX,yfinance,1d
2026-05-27,71043.8984375,72143.5,70996.25,71957.203125,328800,NIFTY_MIDCAP_50,NSE_INDEX,yfinance,1d
2026-05-29,72350.75,72442.1484375,70860.6484375,71073.6484375,642900,NIFTY_MIDCAP_50,NSE_INDEX,yfinance,1d
2026-06-01,71430.8515625,71530.6484375,69806.546875,69921.8515625,280900,NIFTY_MIDCAP_50,NSE_INDEX,yfinance,1d
2026-06-02,69481.203125,70175.5,69158.796875,70115.796875,305900,NIFTY_MIDCAP_50,NSE_INDEX,yfinance,1d
2026-06-03,70137.8515625,70137.8515625,69130.6484375,69856.3984375,257300,NIFTY_MIDCAP_50,NSE_INDEX,yfinance,1d
2026-06-04,69672.703125,70425.546875,69530.1484375,70010.953125,226700,NIFTY_MIDCAP_50,NSE_INDEX,yfinance,1d
2026-06-05,70311.5,70568.953125,69814.796875,70191.953125,299600,NIFTY_MIDCAP_50,NSE_INDEX,yfinance,1d
2026-06-08,69353.703125,69810.3515625,68689.1015625,68975.3984375,238500,NIFTY_MIDCAP_50,NSE_INDEX,yfinance,1d
2026-06-09,69351.1015625,70052.0,69311.8984375,69945.8515625,299900,NIFTY_MIDCAP_50,NSE_INDEX,yfinance,1d
2026-06-10,69958.75,70027.25,68999.453125,69154.703125,252000,NIFTY_MIDCAP_50,NSE_INDEX,yfinance,1d
2026-06-11,68784.75,69036.453125,68282.796875,68378.75,279800,NIFTY_MIDCAP_50,NSE_INDEX,yfinance,1d
2026-06-12,69318.203125,70080.953125,68947.3984375,70007.203125,280200,NIFTY_MIDCAP_50,NSE_INDEX,yfinance,1d
2026-06-15,71155.703125,73098.953125,71119.796875,71685.25,309000,NIFTY_MIDCAP_50,NSE_INDEX,yfinance,1d
2026-06-16,71840.6484375,71868.6015625,71387.75,71798.6484375,212700,NIFTY_MIDCAP_50,NSE_INDEX,yfinance,1d
2026-06-17,71857.6484375,72294.6484375,71583.1484375,72258.5,559000,NIFTY_MIDCAP_50,NSE_INDEX,yfinance,1d
2026-06-18,72415.75,72744.796875,72084.046875,72595.953125,702200,NIFTY_MIDCAP_50,NSE_INDEX,yfinance,1d
2026-06-19,72408.6015625,72604.1015625,71982.296875,72356.6484375,531800,NIFTY_MIDCAP_50,NSE_INDEX,yfinance,1d
2026-06-22,72611.75,73141.046875,72341.6015625,73073.203125,368800,NIFTY_MIDCAP_50,NSE_INDEX,yfinance,1d
2026-06-23,73072.75,73072.75,71953.703125,72068.75,547000,NIFTY_MIDCAP_50,NSE_INDEX,yfinance,1d
2026-06-24,72021.75,72339.046875,71693.6484375,72060.5,360600,NIFTY_MIDCAP_50,NSE_INDEX,yfinance,1d
2026-06-25,72341.8984375,72735.6484375,72143.25,72199.546875,404600,NIFTY_MIDCAP_50,NSE_INDEX,yfinance,1d
2026-06-29,72179.6484375,72266.25,71316.453125,71510.296875,504200,NIFTY_MIDCAP_50,NSE_INDEX,yfinance,1d
2026-06-30,71716.8984375,71970.046875,71358.453125,71629.453125,281300,NIFTY_MIDCAP_50,NSE_INDEX,yfinance,1d
2026-07-01,71792.8984375,72166.8515625,71590.6015625,72100.6484375,262700,NIFTY_MIDCAP_50,NSE_INDEX,yfinance,1d
2026-07-02,72422.1015625,72524.0,72090.8984375,72418.546875,266900,NIFTY_MIDCAP_50,NSE_INDEX,yfinance,1d
2026-07-03,72701.8984375,72701.8984375,72169.8984375,72268.953125,307400,NIFTY_MIDCAP_50,NSE_INDEX,yfinance,1d
2026-07-06,72422.8515625,72858.546875,72325.203125,72685.6015625,239600,NIFTY_MIDCAP_50,NSE_INDEX,yfinance,1d
2026-07-07,72845.3515625,72871.046875,72107.5,72248.453125,248500,NIFTY_MIDCAP_50,NSE_INDEX,yfinance,1d
2026-07-08,71794.25,72198.75,70597.953125,70898.75,326300,NIFTY_MIDCAP_50,NSE_INDEX,yfinance,1d
2026-07-09,70970.25,71681.6484375,70964.3515625,71485.8515625,211000,NIFTY_MIDCAP_50,NSE_INDEX,yfinance,1d
2026-07-10,71953.546875,72438.453125,71825.046875,72391.796875,256100,NIFTY_MIDCAP_50,NSE_INDEX,yfinance,1d
2026-07-13,71819.1484375,72209.046875,71429.6015625,72111.3984375,223200,NIFTY_MIDCAP_50,NSE_INDEX,yfinance,1d
2026-07-14,71757.25,71938.546875,71449.1484375,71851.6015625,234700,NIFTY_MIDCAP_50,NSE_INDEX,yfinance,1d
2026-07-15,72108.046875,72552.046875,72011.8984375,72148.796875,292800,NIFTY_MIDCAP_50,NSE_INDEX,yfinance,1d
2026-07-16,72376.0,72675.796875,71826.796875,71896.75,244800,NIFTY_MIDCAP_50,NSE_INDEX,yfinance,1d
2026-07-17,71929.25,72004.296875,71626.75,71828.3984375,222300,NIFTY_MIDCAP_50,NSE_INDEX,yfinance,1d
2026-07-20,71745.3515625,72533.6015625,71595.3984375,72460.046875,355100,NIFTY_MIDCAP_50,NSE_INDEX,yfinance,1d
2026-07-21,72533.796875,72839.953125,72303.6484375,72777.1015625,229000,NIFTY_MIDCAP_50,NSE_INDEX,yfinance,1d
2026-07-22,72860.1015625,72862.75,72196.703125,72296.6484375,212600,NIFTY_MIDCAP_50,NSE_INDEX,yfinance,1d
2026-07-23,72040.8984375,72606.6015625,71634.6015625,71840.453125,186000,NIFTY_MIDCAP_50,NSE_INDEX,yfinance,1d
2026-07-24,71285.1484375,71979.75,71063.203125,71766.0,211500,NIFTY_MIDCAP_50,NSE_INDEX,yfinance,1d
2026-07-27,72205.6015625,72637.75,72186.3984375,72596.8515625,225000,NIFTY_MIDCAP_50,NSE_INDEX,yfinance,1d
2026-07-28,72637.6015625,72647.453125,71977.3515625,72087.453125,271800,NIFTY_MIDCAP_50,NSE_INDEX,yfinance,1d
2026-07-29,72317.703125,72693.3984375,72248.6484375,72626.546875,204000,NIFTY_MIDCAP_50,NSE_INDEX,yfinance,1d
2026-07-30,72617.8984375,72767.8984375,72365.1484375,72698.953125,181400,NIFTY_MIDCAP_50,NSE_INDEX,yfinance,1d
2026-07-31,72955.75,73804.25,72955.75,73651.296875,252800,NIFTY_MIDCAP_50,NSE_INDEX,yfinance,1d
2026-08-03,74109.296875,74611.796875,74055.796875,74608.703125,242900,NIFTY_MIDCAP_50,NSE_INDEX,yfinance,1d
2026-08-04,74551.5,74667.203125,74037.1484375,74210.546875,201000,NIFTY_MIDCAP_50,NSE_INDEX,yfinance,1d
2026-08-05,74661.3515625,74860.1015625,74254.6484375,74469.953125,209900,NIFTY_MIDCAP_50,NSE_INDEX,yfinance,1d
2026-08-06,74478.8984375,74649.75,74236.8984375,74526.75,252600,NIFTY_MIDCAP_50,NSE_INDEX,yfinance,1d
2026-08-07,74490.296875,74848.6484375,74442.3984375,74697.546875,291500,NIFTY_MIDCAP_50,NSE_INDEX,yfinance,1d
2026-08-10,74777.1484375,74837.75,74532.046875,74766.8515625,226800,NIFTY_MIDCAP_50,NSE_INDEX,yfinance,1d
2026-08-11,74878.453125,74878.453125,74367.3515625,74650.8515625,213900,NIFTY_MIDCAP_50,NSE_INDEX,yfinance,1d
2026-08-12,74580.3515625,74759.3984375,74130.25,74748.1015625,283600,NIFTY_MIDCAP_50,NSE_INDEX,yfinance,1d
2026-08-13,74824.203125,74851.0,74375.046875,74726.6484375,176800,NIFTY_MIDCAP_50,NSE_INDEX,yfinance,1d
2026-08-14,74616.296875,74740.1015625,74441.3515625,74486.546875,175600,NIFTY_MIDCAP_50,NSE_INDEX,yfinance,1d
