date,open,high,low,close,volume,symbol,exchange,source,interval
2021-08-16,418.0,418.0,407.0,414.3599853515625,108661,NIFTY_NEXT_50,NSE_INDEX,yfinance,1d
2021-08-17,360.5,476.45001220703125,360.5,415.8999938964844,84455,NIFTY_NEXT_50,NSE_INDEX,yfinance,1d
2021-08-18,419.0,422.0,412.0,418.32000732421875,67646,NIFTY_NEXT_50,NSE_INDEX,yfinance,1d
2021-08-20,419.3999938964844,422.0,411.0,413.0299987792969,133429,NIFTY_NEXT_50,NSE_INDEX,yfinance,1d
2021-08-23,419.0,419.70001220703125,409.5,411.239990234375,100392,NIFTY_NEXT_50,NSE_INDEX,yfinance,1d
2021-08-24,415.95001220703125,417.0,403.04998779296875,414.510009765625,109531,NIFTY_NEXT_50,NSE_INDEX,yfinance,1d
2021-08-25,418.95001220703125,419.0,411.0,414.989990234375,86476,NIFTY_NEXT_50,NSE_INDEX,yfinance,1d
2021-08-26,419.3999938964844,419.739990234375,377.6499938964844,417.7300109863281,84882,NIFTY_NEXT_50,NSE_INDEX,yfinance,1d
2021-08-27,492.8500061035156,492.8500061035156,392.75,422.0400085449219,69997,NIFTY_NEXT_50,NSE_INDEX,yfinance,1d
2021-08-30,424.95001220703125,431.0,416.04998779296875,428.20001220703125,111563,NIFTY_NEXT_50,NSE_INDEX,yfinance,1d
2021-08-31,492.3500061035156,492.3500061035156,402.54998779296875,433.8800048828125,172103,NIFTY_NEXT_50,NSE_INDEX,yfinance,1d
2021-09-01,377.5,498.95001220703125,377.5,438.1400146484375,145874,NIFTY_NEXT_50,NSE_INDEX,yfinance,1d
2021-09-02,442.95001220703125,444.0,432.95001220703125,438.75,130480,NIFTY_NEXT_50,NSE_INDEX,yfinance,1d
2021-09-03,436.04998779296875,446.95001220703125,436.04998779296875,445.5799865722656,77487,NIFTY_NEXT_50,NSE_INDEX,yfinance,1d
2021-09-06,449.8900146484375,454.8800048828125,444.5899963378906,445.3299865722656,171916,NIFTY_NEXT_50,NSE_INDEX,yfinance,1d
2021-09-07,448.95001220703125,449.94000244140625,427.4599914550781,443.54998779296875,104059,NIFTY_NEXT_50,NSE_INDEX,yfinance,1d
2021-09-08,416.8999938964844,447.79998779296875,416.8999938964844,444.7200012207031,84829,NIFTY_NEXT_50,NSE_INDEX,yfinance,1d
2021-09-09,454.0,454.0,437.0,447.57000732421875,61012,NIFTY_NEXT_50,NSE_INDEX,yfinance,1d
2021-09-13,454.0,454.0,443.04998779296875,449.3900146484375,124366,NIFTY_NEXT_50,NSE_INDEX,yfinance,1d
2021-09-14,391.0,453.79998779296875,391.0,450.739990234375,83369,NIFTY_NEXT_50,NSE_INDEX,yfinance,1d
2021-09-15,455.95001220703125,455.95001220703125,410.20001220703125,451.8299865722656,57962,NIFTY_NEXT_50,NSE_INDEX,yfinance,1d
2021-09-16,454.95001220703125,456.9700012207031,445.0,455.260009765625,81939,NIFTY_NEXT_50,NSE_INDEX,yfinance,1d
2021-09-17,463.0,463.0,450.25,452.75,81219,NIFTY_NEXT_50,NSE_INDEX,yfinance,1d
2021-09-20,453.95001220703125,454.9700012207031,442.0,444.260009765625,124223,NIFTY_NEXT_50,NSE_INDEX,yfinance,1d
2021-09-21,386.5,501.95001220703125,386.5,448.010009765625,89566,NIFTY_NEXT_50,NSE_INDEX,yfinance,1d
2021-09-22,451.95001220703125,452.94000244140625,421.1000061035156,450.2200012207031,74592,NIFTY_NEXT_50,NSE_INDEX,yfinance,1d
2021-09-23,458.95001220703125,458.95001220703125,450.29998779296875,453.20001220703125,169509,NIFTY_NEXT_50,NSE_INDEX,yfinance,1d
2021-09-24,521.2000122070312,521.2000122070312,447.0,451.3399963378906,71876,NIFTY_NEXT_50,NSE_INDEX,yfinance,1d
2021-09-27,458.0,458.0,447.0,449.260009765625,80217,NIFTY_NEXT_50,NSE_INDEX,yfinance,1d
2021-09-28,454.0,454.0,445.04998779296875,447.44000244140625,111156,NIFTY_NEXT_50,NSE_INDEX,yfinance,1d
2021-09-29,514.5999755859375,514.5999755859375,441.04998779296875,444.739990234375,61979,NIFTY_NEXT_50,NSE_INDEX,yfinance,1d
2021-09-30,449.0,449.0,436.0,444.2900085449219,212954,NIFTY_NEXT_50,NSE_INDEX,yfinance,1d
2021-10-01,447.95001220703125,447.95001220703125,436.04998779296875,443.54998779296875,354479,NIFTY_NEXT_50,NSE_INDEX,yfinance,1d
2021-10-04,416.8999938964844,510.04998779296875,416.8999938964844,449.67999267578125,185163,NIFTY_NEXT_50,NSE_INDEX,yfinance,1d
2021-10-05,452.95001220703125,454.5,442.04998779296875,453.5899963378906,109878,NIFTY_NEXT_50,NSE_INDEX,yfinance,1d
2021-10-06,462.95001220703125,462.95001220703125,447.04998779296875,449.9700012207031,82564,NIFTY_NEXT_50,NSE_INDEX,yfinance,1d
2021-10-07,458.95001220703125,458.95001220703125,447.04998779296875,454.30999755859375,69883,NIFTY_NEXT_50,NSE_INDEX,yfinance,1d
2021-10-08,461.0400085449219,461.0400085449219,450.3500061035156,453.0799865722656,203870,NIFTY_NEXT_50,NSE_INDEX,yfinance,1d
2021-10-11,459.0,459.0,446.04998779296875,454.760009765625,93085,NIFTY_NEXT_50,NSE_INDEX,yfinance,1d
2021-10-12,435.3800048828125,459.44000244140625,435.3800048828125,457.9599914550781,62686,NIFTY_NEXT_50,NSE_INDEX,yfinance,1d
2021-10-13,462.95001220703125,464.5400085449219,451.04998779296875,462.9599914550781,109295,NIFTY_NEXT_50,NSE_INDEX,yfinance,1d
2021-10-14,467.95001220703125,469.8699951171875,463.010009765625,466.8599853515625,84043,NIFTY_NEXT_50,NSE_INDEX,yfinance,1d
2021-10-18,406.20001220703125,474.0,406.20001220703125,468.1300048828125,134768,NIFTY_NEXT_50,NSE_INDEX,yfinance,1d
2021-10-19,477.0,477.0,455.29998779296875,463.2699890136719,110287,NIFTY_NEXT_50,NSE_INDEX,yfinance,1d
2021-10-20,403.0,532.75,403.0,453.3399963378906,118641,NIFTY_NEXT_50,NSE_INDEX,yfinance,1d
2021-10-21,462.95001220703125,462.95001220703125,426.1499938964844,450.8800048828125,86335,NIFTY_NEXT_50,NSE_INDEX,yfinance,1d
2021-10-22,441.04998779296875,462.8500061035156,441.04998779296875,444.260009765625,97788,NIFTY_NEXT_50,NSE_INDEX,yfinance,1d
2021-10-25,449.8999938964844,449.95001220703125,433.55999755859375,440.1700134277344,117354,NIFTY_NEXT_50,NSE_INDEX,yfinance,1d
2021-10-26,506.1499938964844,506.1499938964844,436.04998779296875,445.4599914550781,72755,NIFTY_NEXT_50,NSE_INDEX,yfinance,1d
2021-10-27,525.5499877929688,525.5499877929688,437.04998779296875,447.7200012207031,60101,NIFTY_NEXT_50,NSE_INDEX,yfinance,1d
2021-10-28,453.95001220703125,453.95001220703125,438.0,441.55999755859375,117266,NIFTY_NEXT_50,NSE_INDEX,yfinance,1d
2021-10-29,446.95001220703125,446.95001220703125,426.3999938964844,440.75,91245,NIFTY_NEXT_50,NSE_INDEX,yfinance,1d
2021-11-01,498.0,498.0,434.0,445.760009765625,133024,NIFTY_NEXT_50,NSE_INDEX,yfinance,1d
2021-11-02,454.0,454.0,436.0,447.04998779296875,97970,NIFTY_NEXT_50,NSE_INDEX,yfinance,1d
2021-11-03,456.0,456.0,441.04998779296875,448.25,67845,NIFTY_NEXT_50,NSE_INDEX,yfinance,1d
2021-11-04,506.5,506.5,421.3999938964844,452.1199951171875,47688,NIFTY_NEXT_50,NSE_INDEX,yfinance,1d
2021-11-08,459.0,459.0,443.0,456.8999938964844,104955,NIFTY_NEXT_50,NSE_INDEX,yfinance,1d
2021-11-09,463.0,463.0,447.0,459.5299987792969,61996,NIFTY_NEXT_50,NSE_INDEX,yfinance,1d
2021-11-10,442.0,487.1000061035156,442.0,460.6499938964844,74090,NIFTY_NEXT_50,NSE_INDEX,yfinance,1d
2021-11-11,468.0,468.0,451.0,458.82000732421875,92226,NIFTY_NEXT_50,NSE_INDEX,yfinance,1d
2021-11-12,518.5,518.5,431.29998779296875,463.6300048828125,39997,NIFTY_NEXT_50,NSE_INDEX,yfinance,1d
2021-11-15,472.0,475.7900085449219,456.0,465.75,81773,NIFTY_NEXT_50,NSE_INDEX,yfinance,1d
2021-11-16,474.0,474.0,460.04998779296875,464.80999755859375,73388,NIFTY_NEXT_50,NSE_INDEX,yfinance,1d
2021-11-17,404.3999938964844,469.0,404.3999938964844,464.2699890136719,55190,NIFTY_NEXT_50,NSE_INDEX,yfinance,1d
2021-11-18,403.8999938964844,524.5999755859375,403.8999938964844,457.6700134277344,97412,NIFTY_NEXT_50,NSE_INDEX,yfinance,1d
2021-11-22,517.2000122070312,517.2000122070312,430.20001220703125,449.1400146484375,248142,NIFTY_NEXT_50,NSE_INDEX,yfinance,1d
2021-11-23,390.79998779296875,476.1000061035156,390.79998779296875,455.6700134277344,81497,NIFTY_NEXT_50,NSE_INDEX,yfinance,1d
2021-11-24,396.3999938964844,497.5,396.3999938964844,453.42999267578125,56512,NIFTY_NEXT_50,NSE_INDEX,yfinance,1d
2021-11-25,480.6000061035156,480.6000061035156,426.20001220703125,457.1099853515625,49611,NIFTY_NEXT_50,NSE_INDEX,yfinance,1d
2021-11-26,495.0,495.0,429.70001220703125,446.010009765625,207509,NIFTY_NEXT_50,NSE_INDEX,yfinance,1d
2021-11-29,419.20001220703125,504.0,419.20001220703125,439.5400085449219,165183,NIFTY_NEXT_50,NSE_INDEX,yfinance,1d
2021-11-30,447.0,447.0,430.0,439.739990234375,159956,NIFTY_NEXT_50,NSE_INDEX,yfinance,1d
2021-12-01,413.3999938964844,496.8999938964844,413.3999938964844,440.95001220703125,87010,NIFTY_NEXT_50,NSE_INDEX,yfinance,1d
2021-12-02,498.29998779296875,498.29998779296875,435.0,444.57000732421875,84992,NIFTY_NEXT_50,NSE_INDEX,yfinance,1d
2021-12-03,454.0,454.0,436.0,444.6000061035156,59119,NIFTY_NEXT_50,NSE_INDEX,yfinance,1d
2021-12-06,471.29998779296875,471.29998779296875,435.5,436.510009765625,174544,NIFTY_NEXT_50,NSE_INDEX,yfinance,1d
2021-12-07,493.29998779296875,493.29998779296875,434.0,442.30999755859375,88843,NIFTY_NEXT_50,NSE_INDEX,yfinance,1d
2021-12-08,402.5,485.0,402.5,447.8500061035156,80259,NIFTY_NEXT_50,NSE_INDEX,yfinance,1d
2021-12-09,459.0,459.0,443.1199951171875,448.0799865722656,98706,NIFTY_NEXT_50,NSE_INDEX,yfinance,1d
2021-12-10,485.0,485.0,421.20001220703125,450.8399963378906,77729,NIFTY_NEXT_50,NSE_INDEX,yfinance,1d
2021-12-13,463.0,463.0,443.0,448.9200134277344,77387,NIFTY_NEXT_50,NSE_INDEX,yfinance,1d
2021-12-14,456.0,456.0,441.0,450.010009765625,66859,NIFTY_NEXT_50,NSE_INDEX,yfinance,1d
2021-12-15,459.0,459.0,443.0,446.30999755859375,60437,NIFTY_NEXT_50,NSE_INDEX,yfinance,1d
2021-12-16,485.0,485.0,419.5,445.55999755859375,41655,NIFTY_NEXT_50,NSE_INDEX,yfinance,1d
2021-12-17,454.0,454.0,434.1000061035156,434.8299865722656,154731,NIFTY_NEXT_50,NSE_INDEX,yfinance,1d
2021-12-20,441.0,441.0,417.25,422.6600036621094,486722,NIFTY_NEXT_50,NSE_INDEX,yfinance,1d
2021-12-21,474.0,474.0,397.29998779296875,428.8800048828125,182461,NIFTY_NEXT_50,NSE_INDEX,yfinance,1d
2021-12-22,425.0,493.20001220703125,403.1000061035156,435.4100036621094,129219,NIFTY_NEXT_50,NSE_INDEX,yfinance,1d
2021-12-23,447.0,447.0,427.0,438.75,199929,NIFTY_NEXT_50,NSE_INDEX,yfinance,1d
2021-12-24,381.70001220703125,498.6499938964844,381.70001220703125,436.3299865722656,107626,NIFTY_NEXT_50,NSE_INDEX,yfinance,1d
2021-12-27,397.1000061035156,501.79998779296875,397.1000061035156,437.54998779296875,74468,NIFTY_NEXT_50,NSE_INDEX,yfinance,1d
2021-12-28,485.0,485.0,401.25,441.05999755859375,82211,NIFTY_NEXT_50,NSE_INDEX,yfinance,1d
2021-12-29,447.0,447.0,434.0,440.1300048828125,267554,NIFTY_NEXT_50,NSE_INDEX,yfinance,1d
2021-12-30,382.8999938964844,484.0,382.8999938964844,437.1600036621094,167689,NIFTY_NEXT_50,NSE_INDEX,yfinance,1d
2021-12-31,481.0,484.0,432.0,443.82000732421875,337854,NIFTY_NEXT_50,NSE_INDEX,yfinance,1d
2022-01-03,386.1000061035156,464.67999267578125,386.1000061035156,446.80999755859375,467591,NIFTY_NEXT_50,NSE_INDEX,yfinance,1d
2022-01-04,468.1300048828125,468.1300048828125,420.0,448.5299987792969,201553,NIFTY_NEXT_50,NSE_INDEX,yfinance,1d
2022-01-05,475.3999938964844,475.3999938964844,434.0,447.1600036621094,157286,NIFTY_NEXT_50,NSE_INDEX,yfinance,1d
2022-01-06,485.0,485.0,421.55999755859375,446.9100036621094,74103,NIFTY_NEXT_50,NSE_INDEX,yfinance,1d
2022-01-07,505.0,505.0,426.0,450.07000732421875,59548,NIFTY_NEXT_50,NSE_INDEX,yfinance,1d
2022-01-10,495.0,495.0,430.55999755859375,450.82000732421875,106952,NIFTY_NEXT_50,NSE_INDEX,yfinance,1d
2022-01-11,491.3999938964844,491.3999938964844,423.79998779296875,451.75,81163,NIFTY_NEXT_50,NSE_INDEX,yfinance,1d
2022-01-12,456.8399963378906,478.8999938964844,441.1199951171875,453.2900085449219,61867,NIFTY_NEXT_50,NSE_INDEX,yfinance,1d
2022-01-13,463.0,463.0,447.0,456.3399963378906,55666,NIFTY_NEXT_50,NSE_INDEX,yfinance,1d
2022-01-14,515.7000122070312,515.7000122070312,442.1600036621094,457.2799987792969,50608,NIFTY_NEXT_50,NSE_INDEX,yfinance,1d
2022-01-17,397.79998779296875,516.7000122070312,397.79998779296875,459.07000732421875,108143,NIFTY_NEXT_50,NSE_INDEX,yfinance,1d
2022-01-18,480.0,480.0,450.1000061035156,451.5,199935,NIFTY_NEXT_50,NSE_INDEX,yfinance,1d
2022-01-19,452.0,453.5,445.010009765625,451.29998779296875,76217,NIFTY_NEXT_50,NSE_INDEX,yfinance,1d
2022-01-20,457.0,457.0,441.0,450.95001220703125,68856,NIFTY_NEXT_50,NSE_INDEX,yfinance,1d
2022-01-21,478.0,478.0,423.8999938964844,443.5400085449219,161934,NIFTY_NEXT_50,NSE_INDEX,yfinance,1d
2022-01-24,470.20001220703125,470.20001220703125,385.8999938964844,427.95001220703125,504478,NIFTY_NEXT_50,NSE_INDEX,yfinance,1d
2022-01-25,498.6499938964844,498.6499938964844,389.3999938964844,431.4800109863281,245133,NIFTY_NEXT_50,NSE_INDEX,yfinance,1d
2022-01-27,435.0,435.0,412.0199890136719,423.3900146484375,358434,NIFTY_NEXT_50,NSE_INDEX,yfinance,1d
2022-01-28,436.0,442.79998779296875,417.0,428.739990234375,215506,NIFTY_NEXT_50,NSE_INDEX,yfinance,1d
2022-01-31,488.70001220703125,488.70001220703125,425.0,432.30999755859375,70278,NIFTY_NEXT_50,NSE_INDEX,yfinance,1d
2022-02-01,439.3999938964844,495.0,427.0,437.2200012207031,202918,NIFTY_NEXT_50,NSE_INDEX,yfinance,1d
2022-02-02,447.0,447.0,435.0,444.1099853515625,93635,NIFTY_NEXT_50,NSE_INDEX,yfinance,1d
2022-02-03,444.5,446.8999938964844,436.0,441.7200012207031,111914,NIFTY_NEXT_50,NSE_INDEX,yfinance,1d
2022-02-04,484.0,484.0,402.0,441.5299987792969,89623,NIFTY_NEXT_50,NSE_INDEX,yfinance,1d
2022-02-07,484.5,484.5,403.1499938964844,438.6199951171875,119174,NIFTY_NEXT_50,NSE_INDEX,yfinance,1d
2022-02-08,445.0,445.0,432.5,437.1199951171875,75190,NIFTY_NEXT_50,NSE_INDEX,yfinance,1d
2022-02-09,484.0,484.0,392.5,441.94000244140625,165705,NIFTY_NEXT_50,NSE_INDEX,yfinance,1d
2022-02-10,448.0,448.0,437.5,443.19000244140625,48965,NIFTY_NEXT_50,NSE_INDEX,yfinance,1d
2022-02-11,500.79998779296875,500.79998779296875,436.0,437.1499938964844,95173,NIFTY_NEXT_50,NSE_INDEX,yfinance,1d
2022-02-14,443.0,443.0,421.30999755859375,422.7900085449219,262549,NIFTY_NEXT_50,NSE_INDEX,yfinance,1d
2022-02-15,460.79998779296875,460.79998779296875,397.3999938964844,430.7300109863281,330518,NIFTY_NEXT_50,NSE_INDEX,yfinance,1d
2022-02-16,443.0,443.0,421.0,431.6600036621094,51204,NIFTY_NEXT_50,NSE_INDEX,yfinance,1d
2022-02-17,484.0,484.0,430.0,431.25,123812,NIFTY_NEXT_50,NSE_INDEX,yfinance,1d
2022-02-18,435.8999938964844,436.0,405.3999938964844,428.05999755859375,75701,NIFTY_NEXT_50,NSE_INDEX,yfinance,1d
2022-02-21,477.25,477.25,420.6000061035156,423.05999755859375,173944,NIFTY_NEXT_50,NSE_INDEX,yfinance,1d
2022-02-22,472.25,472.25,397.70001220703125,421.7200012207031,188016,NIFTY_NEXT_50,NSE_INDEX,yfinance,1d
2022-02-23,434.0,434.0,396.3999938964844,425.6700134277344,93815,NIFTY_NEXT_50,NSE_INDEX,yfinance,1d
2022-02-24,400.1000061035156,430.0,399.6499938964844,403.29998779296875,989794,NIFTY_NEXT_50,NSE_INDEX,yfinance,1d
2022-02-25,444.25,444.25,379.1000061035156,416.95001220703125,408966,NIFTY_NEXT_50,NSE_INDEX,yfinance,1d
2022-02-28,450.0,450.0,407.80999755859375,420.92999267578125,146087,NIFTY_NEXT_50,NSE_INDEX,yfinance,1d
2022-03-02,366.20001220703125,450.0,366.20001220703125,420.1000061035156,150018,NIFTY_NEXT_50,NSE_INDEX,yfinance,1d
2022-03-03,429.0,429.0,418.0,421.239990234375,95472,NIFTY_NEXT_50,NSE_INDEX,yfinance,1d
2022-03-04,429.3999938964844,429.3999938964844,408.5,410.2900085449219,251072,NIFTY_NEXT_50,NSE_INDEX,yfinance,1d
2022-03-07,406.8999938964844,409.0,391.0,403.9700012207031,534229,NIFTY_NEXT_50,NSE_INDEX,yfinance,1d
2022-03-08,411.0,411.0,397.010009765625,405.75,186596,NIFTY_NEXT_50,NSE_INDEX,yfinance,1d
2022-03-09,415.0,415.0,405.0,412.4100036621094,393510,NIFTY_NEXT_50,NSE_INDEX,yfinance,1d
2022-03-10,461.29998779296875,461.29998779296875,387.70001220703125,418.4700012207031,230676,NIFTY_NEXT_50,NSE_INDEX,yfinance,1d
2022-03-11,472.8999938964844,472.8999938964844,393.3999938964844,420.6199951171875,90630,NIFTY_NEXT_50,NSE_INDEX,yfinance,1d
2022-03-14,448.70001220703125,448.70001220703125,395.3999938964844,421.05999755859375,154322,NIFTY_NEXT_50,NSE_INDEX,yfinance,1d
2022-03-15,427.0,427.0,411.0,416.82000732421875,134042,NIFTY_NEXT_50,NSE_INDEX,yfinance,1d
2022-03-16,438.70001220703125,438.70001220703125,410.5799865722656,426.20001220703125,79293,NIFTY_NEXT_50,NSE_INDEX,yfinance,1d
2022-03-17,445.70001220703125,445.70001220703125,400.6099853515625,431.25,62254,NIFTY_NEXT_50,NSE_INDEX,yfinance,1d
2022-03-21,458.70001220703125,458.70001220703125,407.1499938964844,427.5899963378906,116675,NIFTY_NEXT_50,NSE_INDEX,yfinance,1d
2022-03-22,463.70001220703125,463.70001220703125,402.1499938964844,427.760009765625,122239,NIFTY_NEXT_50,NSE_INDEX,yfinance,1d
2022-03-23,436.0,436.0,421.0,428.67999267578125,198485,NIFTY_NEXT_50,NSE_INDEX,yfinance,1d
2022-03-24,464.70001220703125,464.70001220703125,419.9700012207031,429.79998779296875,258116,NIFTY_NEXT_50,NSE_INDEX,yfinance,1d
2022-03-25,468.8999938964844,468.8999938964844,404.0,428.7300109863281,221557,NIFTY_NEXT_50,NSE_INDEX,yfinance,1d
2022-03-28,436.0,436.0,421.0,428.2799987792969,93076,NIFTY_NEXT_50,NSE_INDEX,yfinance,1d
2022-03-29,464.70001220703125,464.70001220703125,427.0,430.32000732421875,79291,NIFTY_NEXT_50,NSE_INDEX,yfinance,1d
2022-03-30,468.70001220703125,468.70001220703125,429.9800109863281,432.9700012207031,195681,NIFTY_NEXT_50,NSE_INDEX,yfinance,1d
2022-03-31,464.70001220703125,464.70001220703125,430.80999755859375,434.1300048828125,57174,NIFTY_NEXT_50,NSE_INDEX,yfinance,1d
2022-04-01,392.1499938964844,464.67999267578125,392.1499938964844,438.2699890136719,203669,NIFTY_NEXT_50,NSE_INDEX,yfinance,1d
2022-04-04,445.0,463.25,434.3599853515625,447.9100036621094,164047,NIFTY_NEXT_50,NSE_INDEX,yfinance,1d
2022-04-05,441.0,454.1000061035156,441.0,451.239990234375,164607,NIFTY_NEXT_50,NSE_INDEX,yfinance,1d
2022-04-06,452.25,464.0,411.54998779296875,452.29998779296875,113029,NIFTY_NEXT_50,NSE_INDEX,yfinance,1d
2022-04-07,411.6000061035156,511.1000061035156,411.6000061035156,451.19000244140625,121443,NIFTY_NEXT_50,NSE_INDEX,yfinance,1d
2022-04-08,459.0,459.1300048828125,446.0,458.29998779296875,86561,NIFTY_NEXT_50,NSE_INDEX,yfinance,1d
2022-04-11,461.04998779296875,468.0,453.1000061035156,463.5299987792969,93236,NIFTY_NEXT_50,NSE_INDEX,yfinance,1d
2022-04-12,403.29998779296875,495.0,403.29998779296875,456.0400085449219,1119101,NIFTY_NEXT_50,NSE_INDEX,yfinance,1d
2022-04-13,437.010009765625,485.0,437.010009765625,458.6700134277344,137689,NIFTY_NEXT_50,NSE_INDEX,yfinance,1d
2022-04-18,456.3500061035156,459.9800109863281,449.8699951171875,455.5799865722656,229453,NIFTY_NEXT_50,NSE_INDEX,yfinance,1d
2022-04-19,459.0400085449219,485.0,440.0899963378906,448.989990234375,174268,NIFTY_NEXT_50,NSE_INDEX,yfinance,1d
2022-04-20,467.2799987792969,467.2799987792969,440.0400085449219,450.2200012207031,98732,NIFTY_NEXT_50,NSE_INDEX,yfinance,1d
2022-04-21,456.7799987792969,457.0,448.0400085449219,455.30999755859375,100834,NIFTY_NEXT_50,NSE_INDEX,yfinance,1d
2022-04-22,484.0,484.0,441.010009765625,453.1499938964844,65331,NIFTY_NEXT_50,NSE_INDEX,yfinance,1d
2022-04-25,453.1000061035156,453.1000061035156,421.260009765625,443.7799987792969,143030,NIFTY_NEXT_50,NSE_INDEX,yfinance,1d
2022-04-26,449.94000244140625,501.5,443.7799987792969,453.7699890136719,61137,NIFTY_NEXT_50,NSE_INDEX,yfinance,1d
2022-04-27,468.79998779296875,468.79998779296875,445.80999755859375,448.7200012207031,74502,NIFTY_NEXT_50,NSE_INDEX,yfinance,1d
2022-04-28,454.2300109863281,475.6000061035156,445.4599914550781,453.57000732421875,54142,NIFTY_NEXT_50,NSE_INDEX,yfinance,1d
2022-04-29,462.57000732421875,462.57000732421875,439.4700012207031,449.25,75695,NIFTY_NEXT_50,NSE_INDEX,yfinance,1d
2022-05-02,507.70001220703125,507.70001220703125,443.0,446.3900146484375,146911,NIFTY_NEXT_50,NSE_INDEX,yfinance,1d
2022-05-04,388.3999938964844,486.6000061035156,388.3999938964844,434.4599914550781,347068,NIFTY_NEXT_50,NSE_INDEX,yfinance,1d
2022-05-05,408.3999938964844,447.0,408.3999938964844,435.44000244140625,78900,NIFTY_NEXT_50,NSE_INDEX,yfinance,1d
2022-05-06,492.0,492.0,423.2200012207031,425.8800048828125,287190,NIFTY_NEXT_50,NSE_INDEX,yfinance,1d
2022-05-09,469.69000244140625,481.20001220703125,416.1000061035156,418.70001220703125,583558,NIFTY_NEXT_50,NSE_INDEX,yfinance,1d
2022-05-10,474.0,474.0,400.0,408.989990234375,270742,NIFTY_NEXT_50,NSE_INDEX,yfinance,1d
2022-05-11,458.0,458.0,399.95001220703125,408.3900146484375,186072,NIFTY_NEXT_50,NSE_INDEX,yfinance,1d
2022-05-12,458.0,458.0,383.8999938964844,398.3399963378906,431920,NIFTY_NEXT_50,NSE_INDEX,yfinance,1d
2022-05-13,458.0,458.0,381.010009765625,395.9700012207031,185522,NIFTY_NEXT_50,NSE_INDEX,yfinance,1d
2022-05-16,458.0,458.0,392.0299987792969,401.3800048828125,99912,NIFTY_NEXT_50,NSE_INDEX,yfinance,1d
2022-05-17,458.0,458.0,391.1000061035156,410.4200134277344,118302,NIFTY_NEXT_50,NSE_INDEX,yfinance,1d
2022-05-18,468.0,468.0,392.25,412.5400085449219,80697,NIFTY_NEXT_50,NSE_INDEX,yfinance,1d
2022-05-19,458.0,458.0,396.0,401.3500061035156,194301,NIFTY_NEXT_50,NSE_INDEX,yfinance,1d
2022-05-20,444.25,444.25,400.3999938964844,406.25,72315,NIFTY_NEXT_50,NSE_INDEX,yfinance,1d
2022-05-23,444.0,444.0,396.1000061035156,403.9599914550781,123766,NIFTY_NEXT_50,NSE_INDEX,yfinance,1d
2022-05-24,442.25,442.25,398.6000061035156,400.4599914550781,99743,NIFTY_NEXT_50,NSE_INDEX,yfinance,1d
2022-05-25,440.0,440.0,392.0,393.8299865722656,174063,NIFTY_NEXT_50,NSE_INDEX,yfinance,1d
2022-05-26,400.0,400.0,385.1199951171875,398.0,132675,NIFTY_NEXT_50,NSE_INDEX,yfinance,1d
2022-05-27,438.0,438.0,396.260009765625,400.6300048828125,64082,NIFTY_NEXT_50,NSE_INDEX,yfinance,1d
2022-05-30,438.0,438.0,393.010009765625,410.57000732421875,107649,NIFTY_NEXT_50,NSE_INDEX,yfinance,1d
2022-05-31,438.0,438.0,405.0199890136719,411.45001220703125,94069,NIFTY_NEXT_50,NSE_INDEX,yfinance,1d
2022-06-01,422.4599914550781,422.4599914550781,386.79998779296875,407.6499938964844,100543,NIFTY_NEXT_50,NSE_INDEX,yfinance,1d
2022-06-02,420.0,420.0,404.07000732421875,409.55999755859375,53346,NIFTY_NEXT_50,NSE_INDEX,yfinance,1d
2022-06-03,428.0,428.0,403.0299987792969,403.9599914550781,103343,NIFTY_NEXT_50,NSE_INDEX,yfinance,1d
2022-06-06,400.80999755859375,428.0,390.0,402.6300048828125,144190,NIFTY_NEXT_50,NSE_INDEX,yfinance,1d
2022-06-07,424.0,424.0,397.0,399.3800048828125,107083,NIFTY_NEXT_50,NSE_INDEX,yfinance,1d
2022-06-08,415.3500061035156,415.3500061035156,396.04998779296875,399.010009765625,104961,NIFTY_NEXT_50,NSE_INDEX,yfinance,1d
2022-06-09,399.2300109863281,404.25,395.260009765625,401.2900085449219,83305,NIFTY_NEXT_50,NSE_INDEX,yfinance,1d
2022-06-10,418.0,418.0,390.45001220703125,397.67999267578125,127199,NIFTY_NEXT_50,NSE_INDEX,yfinance,1d
2022-06-13,414.0,414.0,387.0,389.30999755859375,327374,NIFTY_NEXT_50,NSE_INDEX,yfinance,1d
2022-06-14,409.3999938964844,409.3999938964844,382.3500061035156,390.3599853515625,141257,NIFTY_NEXT_50,NSE_INDEX,yfinance,1d
2022-06-15,394.239990234375,398.6000061035156,387.4700012207031,391.2300109863281,69963,NIFTY_NEXT_50,NSE_INDEX,yfinance,1d
2022-06-16,417.8999938964844,417.8999938964844,381.5,383.17999267578125,276833,NIFTY_NEXT_50,NSE_INDEX,yfinance,1d
2022-06-17,403.8999938964844,403.8999938964844,375.55999755859375,377.239990234375,229579,NIFTY_NEXT_50,NSE_INDEX,yfinance,1d
2022-06-20,383.5899963378906,386.0,370.25,374.260009765625,198655,NIFTY_NEXT_50,NSE_INDEX,yfinance,1d
2022-06-21,399.95001220703125,399.95001220703125,368.0,382.739990234375,177678,NIFTY_NEXT_50,NSE_INDEX,yfinance,1d
2022-06-22,386.8900146484375,390.0,371.1700134277344,377.6300048828125,106194,NIFTY_NEXT_50,NSE_INDEX,yfinance,1d
2022-06-23,384.0,384.0,372.5,380.6099853515625,87430,NIFTY_NEXT_50,NSE_INDEX,yfinance,1d
2022-06-24,387.1400146484375,399.989990234375,376.8599853515625,386.6600036621094,51972,NIFTY_NEXT_50,NSE_INDEX,yfinance,1d
2022-06-27,403.989990234375,403.989990234375,383.0,389.9800109863281,126932,NIFTY_NEXT_50,NSE_INDEX,yfinance,1d
2022-06-28,399.989990234375,399.989990234375,366.6000061035156,390.44000244140625,57961,NIFTY_NEXT_50,NSE_INDEX,yfinance,1d
2022-06-29,392.8900146484375,398.3999938964844,384.20001220703125,387.3800048828125,61303,NIFTY_NEXT_50,NSE_INDEX,yfinance,1d
2022-06-30,397.3999938964844,397.3999938964844,384.0,385.510009765625,95309,NIFTY_NEXT_50,NSE_INDEX,yfinance,1d
2022-07-01,397.3999938964844,397.3999938964844,380.0,390.17999267578125,96987,NIFTY_NEXT_50,NSE_INDEX,yfinance,1d
2022-07-04,399.989990234375,399.989990234375,386.17999267578125,392.6400146484375,393177,NIFTY_NEXT_50,NSE_INDEX,yfinance,1d
2022-07-05,397.9599914550781,397.9599914550781,385.25,393.9800109863281,161099,NIFTY_NEXT_50,NSE_INDEX,yfinance,1d
2022-07-06,398.0,400.3399963378906,386.25,399.67999267578125,110619,NIFTY_NEXT_50,NSE_INDEX,yfinance,1d
2022-07-07,413.989990234375,413.989990234375,391.260009765625,404.4200134277344,146163,NIFTY_NEXT_50,NSE_INDEX,yfinance,1d
2022-07-08,409.489990234375,409.489990234375,401.0,405.25,217945,NIFTY_NEXT_50,NSE_INDEX,yfinance,1d
2022-07-11,444.0,444.0,352.6199951171875,410.4599914550781,188959,NIFTY_NEXT_50,NSE_INDEX,yfinance,1d
2022-07-12,410.0,412.0,401.010009765625,409.4599914550781,89277,NIFTY_NEXT_50,NSE_INDEX,yfinance,1d
2022-07-13,418.8800048828125,418.8800048828125,405.1199951171875,409.9800109863281,87630,NIFTY_NEXT_50,NSE_INDEX,yfinance,1d
2022-07-14,402.25,415.94000244140625,402.25,408.3299865722656,69338,NIFTY_NEXT_50,NSE_INDEX,yfinance,1d
2022-07-15,419.67999267578125,419.67999267578125,405.0,411.5,88260,NIFTY_NEXT_50,NSE_INDEX,yfinance,1d
2022-07-18,424.8800048828125,424.8800048828125,410.70001220703125,416.010009765625,121743,NIFTY_NEXT_50,NSE_INDEX,yfinance,1d
2022-07-19,417.8999938964844,419.9800109863281,411.6199951171875,419.32000732421875,183221,NIFTY_NEXT_50,NSE_INDEX,yfinance,1d
2022-07-20,425.95001220703125,425.95001220703125,410.010009765625,420.2099914550781,71448,NIFTY_NEXT_50,NSE_INDEX,yfinance,1d
2022-07-21,433.8800048828125,433.8800048828125,411.2099914550781,425.1499938964844,197901,NIFTY_NEXT_50,NSE_INDEX,yfinance,1d
2022-07-22,428.8800048828125,428.8800048828125,421.0,424.6300048828125,113500,NIFTY_NEXT_50,NSE_INDEX,yfinance,1d
2022-07-25,427.9200134277344,427.9200134277344,420.8800048828125,423.760009765625,194261,NIFTY_NEXT_50,NSE_INDEX,yfinance,1d
2022-07-26,427.05999755859375,427.05999755859375,416.80999755859375,418.3500061035156,590246,NIFTY_NEXT_50,NSE_INDEX,yfinance,1d
2022-07-27,421.8900146484375,422.80999755859375,413.45001220703125,420.8999938964844,93676,NIFTY_NEXT_50,NSE_INDEX,yfinance,1d
2022-07-28,426.0,427.0,421.0,425.8399963378906,104387,NIFTY_NEXT_50,NSE_INDEX,yfinance,1d
2022-07-29,431.3900146484375,432.79998779296875,424.0,432.1000061035156,111258,NIFTY_NEXT_50,NSE_INDEX,yfinance,1d
2022-08-01,435.69000244140625,438.5,424.8599853515625,437.5199890136719,147221,NIFTY_NEXT_50,NSE_INDEX,yfinance,1d
2022-08-02,440.239990234375,440.239990234375,434.5,439.3999938964844,111052,NIFTY_NEXT_50,NSE_INDEX,yfinance,1d
2022-08-03,443.489990234375,443.489990234375,420.010009765625,437.7200012207031,92965,NIFTY_NEXT_50,NSE_INDEX,yfinance,1d
2022-08-04,441.0400085449219,445.0,433.3500061035156,440.0299987792969,102023,NIFTY_NEXT_50,NSE_INDEX,yfinance,1d
2022-08-05,431.0299987792969,444.0,431.0299987792969,440.19000244140625,89866,NIFTY_NEXT_50,NSE_INDEX,yfinance,1d
2022-08-08,442.0,442.8399963378906,437.0,442.1499938964844,101137,NIFTY_NEXT_50,NSE_INDEX,yfinance,1d
2022-08-10,445.44000244140625,445.44000244140625,437.510009765625,441.6300048828125,142803,NIFTY_NEXT_50,NSE_INDEX,yfinance,1d
2022-08-11,449.5400085449219,449.5400085449219,435.010009765625,444.0899963378906,88782,NIFTY_NEXT_50,NSE_INDEX,yfinance,1d
2022-08-12,446.5,447.5799865722656,441.3800048828125,446.9800109863281,355828,NIFTY_NEXT_50,NSE_INDEX,yfinance,1d
2022-08-16,450.8399963378906,454.3999938964844,420.20001220703125,452.75,115447,NIFTY_NEXT_50,NSE_INDEX,yfinance,1d
2022-08-17,446.0,459.0,446.0,457.5400085449219,112497,NIFTY_NEXT_50,NSE_INDEX,yfinance,1d
2022-08-18,398.1000061035156,462.0,398.1000061035156,460.8399963378906,214690,NIFTY_NEXT_50,NSE_INDEX,yfinance,1d
2022-08-19,464.489990234375,464.489990234375,433.20001220703125,454.6199951171875,253854,NIFTY_NEXT_50,NSE_INDEX,yfinance,1d
2022-08-22,395.5,459.0,395.5,447.2099914550781,161212,NIFTY_NEXT_50,NSE_INDEX,yfinance,1d
2022-08-23,411.1099853515625,451.54998779296875,411.1099853515625,450.17999267578125,135304,NIFTY_NEXT_50,NSE_INDEX,yfinance,1d
2022-08-24,451.5,452.45001220703125,445.05999755859375,451.489990234375,271132,NIFTY_NEXT_50,NSE_INDEX,yfinance,1d
2022-08-25,415.5,456.2900085449219,415.5,451.79998779296875,78897,NIFTY_NEXT_50,NSE_INDEX,yfinance,1d
2022-08-26,471.0,471.0,450.7099914550781,454.7699890136719,88037,NIFTY_NEXT_50,NSE_INDEX,yfinance,1d
2022-08-29,454.7699890136719,454.7699890136719,440.510009765625,452.92999267578125,197570,NIFTY_NEXT_50,NSE_INDEX,yfinance,1d
2022-08-30,456.7799987792969,462.67999267578125,451.1199951171875,462.17999267578125,119309,NIFTY_NEXT_50,NSE_INDEX,yfinance,1d
2022-09-01,489.8999938964844,489.8999938964844,452.1000061035156,461.19000244140625,193624,NIFTY_NEXT_50,NSE_INDEX,yfinance,1d
2022-09-02,484.3999938964844,484.3999938964844,453.1300048828125,460.75,132851,NIFTY_NEXT_50,NSE_INDEX,yfinance,1d
2022-09-05,465.0,465.0,458.6600036621094,461.04998779296875,78881,NIFTY_NEXT_50,NSE_INDEX,yfinance,1d
2022-09-06,464.6300048828125,468.3999938964844,458.05999755859375,464.5899963378906,168190,NIFTY_NEXT_50,NSE_INDEX,yfinance,1d
2022-09-07,464.94000244140625,466.5,459.3500061035156,466.010009765625,50581,NIFTY_NEXT_50,NSE_INDEX,yfinance,1d
2022-09-08,474.70001220703125,474.70001220703125,453.739990234375,467.07000732421875,143127,NIFTY_NEXT_50,NSE_INDEX,yfinance,1d
2022-09-09,406.3999938964844,474.3999938964844,406.3999938964844,467.17999267578125,74672,NIFTY_NEXT_50,NSE_INDEX,yfinance,1d
2022-09-12,467.5,472.489990234375,460.29998779296875,472.0299987792969,93436,NIFTY_NEXT_50,NSE_INDEX,yfinance,1d
2022-09-13,474.8999938964844,478.0,472.04998779296875,475.239990234375,85761,NIFTY_NEXT_50,NSE_INDEX,yfinance,1d
2022-09-14,474.94000244140625,478.44000244140625,467.25,476.6700134277344,91365,NIFTY_NEXT_50,NSE_INDEX,yfinance,1d
2022-09-15,480.5400085449219,480.95001220703125,475.1099853515625,480.3800048828125,83200,NIFTY_NEXT_50,NSE_INDEX,yfinance,1d
2022-09-16,486.0,486.0,463.9100036621094,467.1199951171875,156130,NIFTY_NEXT_50,NSE_INDEX,yfinance,1d
2022-09-19,469.6000061035156,471.0,462.4100036621094,468.1600036621094,113708,NIFTY_NEXT_50,NSE_INDEX,yfinance,1d
2022-09-20,476.0,476.5799865722656,469.510009765625,472.489990234375,64145,NIFTY_NEXT_50,NSE_INDEX,yfinance,1d
2022-09-21,469.54998779296875,474.989990234375,465.0199890136719,466.2699890136719,84778,NIFTY_NEXT_50,NSE_INDEX,yfinance,1d
2022-09-22,466.8999938964844,469.2799987792969,461.3599853515625,468.1700134277344,92076,NIFTY_NEXT_50,NSE_INDEX,yfinance,1d
2022-09-23,469.70001220703125,469.70001220703125,459.010009765625,459.95001220703125,139187,NIFTY_NEXT_50,NSE_INDEX,yfinance,1d
2022-09-26,464.3999938964844,464.3999938964844,445.1099853515625,447.5199890136719,196883,NIFTY_NEXT_50,NSE_INDEX,yfinance,1d
2022-09-27,450.8999938964844,452.8500061035156,443.9599914550781,448.5400085449219,89131,NIFTY_NEXT_50,NSE_INDEX,yfinance,1d
2022-09-28,448.95001220703125,450.20001220703125,442.42999267578125,445.5,75647,NIFTY_NEXT_50,NSE_INDEX,yfinance,1d
2022-09-29,449.8999938964844,451.8699951171875,443.5,444.5299987792969,101009,NIFTY_NEXT_50,NSE_INDEX,yfinance,1d
2022-09-30,441.0,511.20001220703125,439.30999755859375,447.75,350727,NIFTY_NEXT_50,NSE_INDEX,yfinance,1d
2022-10-03,450.70001220703125,451.4800109863281,435.6000061035156,438.5400085449219,861872,NIFTY_NEXT_50,NSE_INDEX,yfinance,1d
2022-10-04,445.8900146484375,452.0,441.0,448.8299865722656,220071,NIFTY_NEXT_50,NSE_INDEX,yfinance,1d
2022-10-06,452.79998779296875,453.9800109863281,448.95001220703125,452.2699890136719,198153,NIFTY_NEXT_50,NSE_INDEX,yfinance,1d
2022-10-07,455.07000732421875,481.989990234375,393.5,451.55999755859375,140068,NIFTY_NEXT_50,NSE_INDEX,yfinance,1d
2022-10-10,449.0,449.70001220703125,424.510009765625,447.1600036621094,223235,NIFTY_NEXT_50,NSE_INDEX,yfinance,1d
2022-10-11,450.0,455.0,438.6499938964844,441.8999938964844,152530,NIFTY_NEXT_50,NSE_INDEX,yfinance,1d
2022-10-12,415.3999938964844,449.3999938964844,415.3999938964844,443.05999755859375,95072,NIFTY_NEXT_50,NSE_INDEX,yfinance,1d
2022-10-13,445.0,445.0,437.30999755859375,438.7699890136719,94977,NIFTY_NEXT_50,NSE_INDEX,yfinance,1d
2022-10-14,448.0,448.0,436.54998779296875,437.1400146484375,104923,NIFTY_NEXT_50,NSE_INDEX,yfinance,1d
2022-10-17,438.95001220703125,441.1499938964844,433.3299865722656,439.6600036621094,122372,NIFTY_NEXT_50,NSE_INDEX,yfinance,1d
2022-10-18,444.0,444.8399963378906,440.6600036621094,444.4200134277344,113446,NIFTY_NEXT_50,NSE_INDEX,yfinance,1d
2022-10-19,447.20001220703125,447.3399963378906,443.0,443.7200012207031,90112,NIFTY_NEXT_50,NSE_INDEX,yfinance,1d
2022-10-20,443.989990234375,449.20001220703125,441.25,448.1400146484375,49506,NIFTY_NEXT_50,NSE_INDEX,yfinance,1d
2022-10-21,454.3999938964844,454.3999938964844,440.510009765625,442.3999938964844,72645,NIFTY_NEXT_50,NSE_INDEX,yfinance,1d
2022-10-24,499.8999938964844,499.8999938964844,441.3599853515625,445.19000244140625,117303,NIFTY_NEXT_50,NSE_INDEX,yfinance,1d
2022-10-25,448.0,449.0,442.25,443.6499938964844,97265,NIFTY_NEXT_50,NSE_INDEX,yfinance,1d
2022-10-27,443.6499938964844,454.0,443.6499938964844,447.7799987792969,139368,NIFTY_NEXT_50,NSE_INDEX,yfinance,1d
2022-10-28,451.3999938964844,451.3999938964844,444.30999755859375,446.94000244140625,70233,NIFTY_NEXT_50,NSE_INDEX,yfinance,1d
2022-10-31,451.7900085449219,451.79998779296875,446.1499938964844,449.4700012207031,101784,NIFTY_NEXT_50,NSE_INDEX,yfinance,1d
2022-11-01,452.79998779296875,456.0,450.29998779296875,454.7699890136719,139908,NIFTY_NEXT_50,NSE_INDEX,yfinance,1d
2022-11-02,458.0,458.0,452.3299865722656,453.4200134277344,80444,NIFTY_NEXT_50,NSE_INDEX,yfinance,1d
2022-11-03,454.5,454.8999938964844,449.5,453.5,81530,NIFTY_NEXT_50,NSE_INDEX,yfinance,1d
2022-11-04,456.0,456.0,452.6000061035156,454.3800048828125,273723,NIFTY_NEXT_50,NSE_INDEX,yfinance,1d
2022-11-07,463.0,463.0,455.0,458.42999267578125,106977,NIFTY_NEXT_50,NSE_INDEX,yfinance,1d
2022-11-09,461.20001220703125,462.3999938964844,455.8999938964844,457.5899963378906,137217,NIFTY_NEXT_50,NSE_INDEX,yfinance,1d
2022-11-10,459.5,459.5,450.29998779296875,453.010009765625,110838,NIFTY_NEXT_50,NSE_INDEX,yfinance,1d
2022-11-11,465.0,465.0,455.30999755859375,457.4599914550781,83969,NIFTY_NEXT_50,NSE_INDEX,yfinance,1d
2022-11-14,461.0,461.0,456.2699890136719,459.70001220703125,139399,NIFTY_NEXT_50,NSE_INDEX,yfinance,1d
2022-11-15,465.0,465.0,457.70001220703125,460.6099853515625,63094,NIFTY_NEXT_50,NSE_INDEX,yfinance,1d
2022-11-16,462.8800048828125,462.8800048828125,419.20001220703125,457.07000732421875,83342,NIFTY_NEXT_50,NSE_INDEX,yfinance,1d
2022-11-17,397.70001220703125,460.0,397.70001220703125,453.6099853515625,65460,NIFTY_NEXT_50,NSE_INDEX,yfinance,1d
2022-11-18,455.9800109863281,455.9800109863281,448.30999755859375,451.32000732421875,75850,NIFTY_NEXT_50,NSE_INDEX,yfinance,1d
2022-11-21,392.6000061035156,454.0,392.6000061035156,448.5799865722656,77159,NIFTY_NEXT_50,NSE_INDEX,yfinance,1d
2022-11-22,390.29998779296875,451.79998779296875,390.29998779296875,449.3900146484375,55404,NIFTY_NEXT_50,NSE_INDEX,yfinance,1d
2022-11-23,451.8999938964844,451.8999938964844,447.1199951171875,450.5299987792969,49567,NIFTY_NEXT_50,NSE_INDEX,yfinance,1d
2022-11-24,454.0,454.0,449.6600036621094,452.3299865722656,67377,NIFTY_NEXT_50,NSE_INDEX,yfinance,1d
2022-11-25,459.0,459.0,450.1099853515625,453.6000061035156,78554,NIFTY_NEXT_50,NSE_INDEX,yfinance,1d
2022-11-28,426.3999938964844,460.0,426.3999938964844,454.5899963378906,103572,NIFTY_NEXT_50,NSE_INDEX,yfinance,1d
2022-11-29,456.5,458.0,452.54998779296875,456.8900146484375,68755,NIFTY_NEXT_50,NSE_INDEX,yfinance,1d
2022-11-30,459.0,463.5,455.0299987792969,461.2699890136719,196360,NIFTY_NEXT_50,NSE_INDEX,yfinance,1d
2022-12-01,468.0,468.0,461.3500061035156,463.17999267578125,111937,NIFTY_NEXT_50,NSE_INDEX,yfinance,1d
2022-12-02,469.0,469.0,435.3999938964844,463.989990234375,94687,NIFTY_NEXT_50,NSE_INDEX,yfinance,1d
2022-12-05,403.70001220703125,468.3999938964844,403.70001220703125,463.739990234375,114124,NIFTY_NEXT_50,NSE_INDEX,yfinance,1d
2022-12-06,465.69000244140625,465.70001220703125,462.1000061035156,463.6300048828125,65164,NIFTY_NEXT_50,NSE_INDEX,yfinance,1d
2022-12-07,462.1000061035156,466.6099853515625,462.1000061035156,464.54998779296875,46833,NIFTY_NEXT_50,NSE_INDEX,yfinance,1d
2022-12-08,466.79998779296875,466.9700012207031,461.25,466.4700012207031,83802,NIFTY_NEXT_50,NSE_INDEX,yfinance,1d
2022-12-09,469.5,469.5,460.0,463.8699951171875,86200,NIFTY_NEXT_50,NSE_INDEX,yfinance,1d
2022-12-12,465.70001220703125,465.70001220703125,459.8299865722656,463.8800048828125,67134,NIFTY_NEXT_50,NSE_INDEX,yfinance,1d
2022-12-13,467.7900085449219,491.70001220703125,436.0,463.2300109863281,59684,NIFTY_NEXT_50,NSE_INDEX,yfinance,1d
2022-12-14,472.510009765625,472.510009765625,463.2300109863281,465.0899963378906,62829,NIFTY_NEXT_50,NSE_INDEX,yfinance,1d
2022-12-15,465.0899963378906,466.94000244140625,458.29998779296875,460.4599914550781,91309,NIFTY_NEXT_50,NSE_INDEX,yfinance,1d
2022-12-16,462.45001220703125,462.45001220703125,453.04998779296875,454.1700134277344,184674,NIFTY_NEXT_50,NSE_INDEX,yfinance,1d
2022-12-19,456.69000244140625,459.6400146484375,453.5899963378906,458.9800109863281,76747,NIFTY_NEXT_50,NSE_INDEX,yfinance,1d
2022-12-20,399.29998779296875,461.0,399.29998779296875,458.8900146484375,111970,NIFTY_NEXT_50,NSE_INDEX,yfinance,1d
2022-12-21,459.1300048828125,461.94000244140625,450.0199890136719,451.5199890136719,77118,NIFTY_NEXT_50,NSE_INDEX,yfinance,1d
2022-12-22,454.69000244140625,454.8699951171875,445.1700134277344,448.0799865722656,98212,NIFTY_NEXT_50,NSE_INDEX,yfinance,1d
2022-12-23,443.260009765625,447.8599853515625,430.3299865722656,431.8599853515625,276889,NIFTY_NEXT_50,NSE_INDEX,yfinance,1d
2022-12-26,434.0,443.0,430.5199890136719,441.42999267578125,142260,NIFTY_NEXT_50,NSE_INDEX,yfinance,1d
2022-12-27,443.8900146484375,446.0,441.44000244140625,445.010009765625,99759,NIFTY_NEXT_50,NSE_INDEX,yfinance,1d
2022-12-28,445.989990234375,448.44000244140625,444.4200134277344,447.05999755859375,69467,NIFTY_NEXT_50,NSE_INDEX,yfinance,1d
2022-12-29,448.69000244140625,448.69000244140625,441.8999938964844,447.3500061035156,57754,NIFTY_NEXT_50,NSE_INDEX,yfinance,1d
2022-12-30,449.7900085449219,451.7300109863281,446.0,447.2300109863281,77808,NIFTY_NEXT_50,NSE_INDEX,yfinance,1d
2023-01-02,447.2300109863281,450.0,445.1099853515625,445.6499938964844,255683,NIFTY_NEXT_50,NSE_INDEX,yfinance,1d
2023-01-03,447.19000244140625,449.0,445.6400146484375,448.5799865722656,111751,NIFTY_NEXT_50,NSE_INDEX,yfinance,1d
2023-01-04,446.54998779296875,449.5,442.6000061035156,443.3699951171875,85234,NIFTY_NEXT_50,NSE_INDEX,yfinance,1d
2023-01-05,445.44000244140625,446.8599853515625,441.5299987792969,445.94000244140625,170951,NIFTY_NEXT_50,NSE_INDEX,yfinance,1d
2023-01-06,447.6499938964844,447.8999938964844,441.70001220703125,442.45001220703125,88498,NIFTY_NEXT_50,NSE_INDEX,yfinance,1d
2023-01-09,444.010009765625,447.1400146484375,443.0199890136719,446.67999267578125,228556,NIFTY_NEXT_50,NSE_INDEX,yfinance,1d
2023-01-10,447.9800109863281,447.9800109863281,441.1099853515625,445.1199951171875,93989,NIFTY_NEXT_50,NSE_INDEX,yfinance,1d
2023-01-11,431.75,447.4800109863281,431.75,442.79998779296875,77685,NIFTY_NEXT_50,NSE_INDEX,yfinance,1d
2023-01-12,444.79998779296875,445.19000244140625,442.1099853515625,443.760009765625,60807,NIFTY_NEXT_50,NSE_INDEX,yfinance,1d
2023-01-13,445.69000244140625,446.70001220703125,442.6099853515625,445.739990234375,61585,NIFTY_NEXT_50,NSE_INDEX,yfinance,1d
2023-01-16,448.79998779296875,448.9800109863281,443.3999938964844,446.0899963378906,76496,NIFTY_NEXT_50,NSE_INDEX,yfinance,1d
2023-01-17,447.8999938964844,447.8999938964844,443.1099853515625,446.29998779296875,48062,NIFTY_NEXT_50,NSE_INDEX,yfinance,1d
2023-01-18,459.70001220703125,459.70001220703125,432.8999938964844,445.489990234375,138470,NIFTY_NEXT_50,NSE_INDEX,yfinance,1d
2023-01-19,446.45001220703125,446.45001220703125,442.1700134277344,443.7699890136719,68258,NIFTY_NEXT_50,NSE_INDEX,yfinance,1d
2023-01-20,443.7699890136719,445.5,442.1600036621094,442.8399963378906,62675,NIFTY_NEXT_50,NSE_INDEX,yfinance,1d
2023-01-23,445.69000244140625,446.70001220703125,442.5,443.8399963378906,55827,NIFTY_NEXT_50,NSE_INDEX,yfinance,1d
2023-01-24,447.8999938964844,447.8999938964844,442.3500061035156,442.94000244140625,61751,NIFTY_NEXT_50,NSE_INDEX,yfinance,1d
2023-01-25,443.8999938964844,443.8999938964844,431.1199951171875,431.9200134277344,246420,NIFTY_NEXT_50,NSE_INDEX,yfinance,1d
2023-01-27,444.8999938964844,444.8999938964844,409.8500061035156,415.260009765625,685555,NIFTY_NEXT_50,NSE_INDEX,yfinance,1d
2023-01-30,425.1000061035156,427.8999938964844,406.1000061035156,410.1000061035156,284598,NIFTY_NEXT_50,NSE_INDEX,yfinance,1d
2023-01-31,422.3999938964844,422.3999938964844,407.1199951171875,414.67999267578125,146243,NIFTY_NEXT_50,NSE_INDEX,yfinance,1d
2023-02-01,427.1000061035156,427.1000061035156,402.92999267578125,408.4200134277344,253135,NIFTY_NEXT_50,NSE_INDEX,yfinance,1d
2023-02-02,414.0,414.0,401.0,407.07000732421875,249929,NIFTY_NEXT_50,NSE_INDEX,yfinance,1d
2023-02-03,419.29998779296875,419.29998779296875,394.8500061035156,405.2699890136719,403907,NIFTY_NEXT_50,NSE_INDEX,yfinance,1d
2023-02-06,417.45001220703125,417.45001220703125,402.1000061035156,409.5799865722656,171521,NIFTY_NEXT_50,NSE_INDEX,yfinance,1d
2023-02-07,413.9800109863281,413.9800109863281,406.5199890136719,409.1000061035156,157985,NIFTY_NEXT_50,NSE_INDEX,yfinance,1d
2023-02-08,411.8999938964844,414.4700012207031,409.1000061035156,412.8500061035156,302363,NIFTY_NEXT_50,NSE_INDEX,yfinance,1d
2023-02-09,425.25,425.25,408.010009765625,409.1300048828125,878108,NIFTY_NEXT_50,NSE_INDEX,yfinance,1d
2023-02-10,410.8999938964844,411.1499938964844,403.0,410.2300109863281,92749,NIFTY_NEXT_50,NSE_INDEX,yfinance,1d
2023-02-13,419.0,419.0,403.07000732421875,403.4700012207031,1435293,NIFTY_NEXT_50,NSE_INDEX,yfinance,1d
2023-02-14,409.8999938964844,409.8999938964844,401.7099914550781,404.1700134277344,1767395,NIFTY_NEXT_50,NSE_INDEX,yfinance,1d
2023-02-15,416.29998779296875,416.29998779296875,402.25,405.3800048828125,108065,NIFTY_NEXT_50,NSE_INDEX,yfinance,1d
2023-02-16,417.54998779296875,417.54998779296875,405.3800048828125,409.9100036621094,85735,NIFTY_NEXT_50,NSE_INDEX,yfinance,1d
2023-02-17,410.0,410.0,406.5,406.92999267578125,121715,NIFTY_NEXT_50,NSE_INDEX,yfinance,1d
2023-02-20,408.8999938964844,409.80999755859375,404.5199890136719,406.0899963378906,148727,NIFTY_NEXT_50,NSE_INDEX,yfinance,1d
2023-02-21,408.8999938964844,408.8999938964844,404.25,405.69000244140625,99948,NIFTY_NEXT_50,NSE_INDEX,yfinance,1d
2023-02-22,407.0,407.0,398.75,399.82000732421875,273887,NIFTY_NEXT_50,NSE_INDEX,yfinance,1d
2023-02-23,411.79998779296875,411.79998779296875,395.5,397.8900146484375,175751,NIFTY_NEXT_50,NSE_INDEX,yfinance,1d
2023-02-24,409.8500061035156,409.8500061035156,396.5,397.4200134277344,119001,NIFTY_NEXT_50,NSE_INDEX,yfinance,1d
2023-02-27,403.0,403.0,390.79998779296875,393.9599914550781,280467,NIFTY_NEXT_50,NSE_INDEX,yfinance,1d
2023-02-28,405.79998779296875,405.80999755859375,392.760009765625,394.4700012207031,123327,NIFTY_NEXT_50,NSE_INDEX,yfinance,1d
2023-03-01,406.29998779296875,406.29998779296875,393.20001220703125,398.9700012207031,135778,NIFTY_NEXT_50,NSE_INDEX,yfinance,1d
2023-03-02,400.739990234375,401.44000244140625,397.1099853515625,398.8800048828125,86358,NIFTY_NEXT_50,NSE_INDEX,yfinance,1d
2023-03-03,410.8500061035156,410.8500061035156,398.8900146484375,402.79998779296875,146262,NIFTY_NEXT_50,NSE_INDEX,yfinance,1d
2023-03-06,408.79998779296875,408.79998779296875,403.0400085449219,406.5199890136719,131815,NIFTY_NEXT_50,NSE_INDEX,yfinance,1d
2023-03-08,418.70001220703125,418.70001220703125,403.25,406.70001220703125,103269,NIFTY_NEXT_50,NSE_INDEX,yfinance,1d
2023-03-09,406.70001220703125,408.6000061035156,403.2799987792969,404.1499938964844,79692,NIFTY_NEXT_50,NSE_INDEX,yfinance,1d
2023-03-10,402.8999938964844,404.57000732421875,396.0,403.8299865722656,192552,NIFTY_NEXT_50,NSE_INDEX,yfinance,1d
2023-03-13,405.79998779296875,406.79998779296875,398.0,399.3399963378906,167297,NIFTY_NEXT_50,NSE_INDEX,yfinance,1d
2023-03-14,401.45001220703125,401.70001220703125,392.75,394.82000732421875,397957,NIFTY_NEXT_50,NSE_INDEX,yfinance,1d
2023-03-15,406.6499938964844,406.6499938964844,394.1000061035156,396.510009765625,146043,NIFTY_NEXT_50,NSE_INDEX,yfinance,1d
2023-03-16,408.3999938964844,408.3999938964844,384.6000061035156,398.04998779296875,207844,NIFTY_NEXT_50,NSE_INDEX,yfinance,1d
2023-03-17,410.0,410.0,398.2099914550781,401.010009765625,80213,NIFTY_NEXT_50,NSE_INDEX,yfinance,1d
2023-03-20,403.4800109863281,403.70001220703125,395.04998779296875,398.0899963378906,204267,NIFTY_NEXT_50,NSE_INDEX,yfinance,1d
2023-03-21,410.04998779296875,410.04998779296875,397.7099914550781,399.5,65093,NIFTY_NEXT_50,NSE_INDEX,yfinance,1d
2023-03-22,387.5,403.1499938964844,387.5,402.8599853515625,53331,NIFTY_NEXT_50,NSE_INDEX,yfinance,1d
2023-03-23,407.6600036621094,407.6600036621094,399.010009765625,400.29998779296875,78923,NIFTY_NEXT_50,NSE_INDEX,yfinance,1d
2023-03-24,409.8500061035156,409.8500061035156,397.79998779296875,398.2799987792969,80702,NIFTY_NEXT_50,NSE_INDEX,yfinance,1d
2023-03-27,401.9100036621094,401.9100036621094,395.0,395.8299865722656,150184,NIFTY_NEXT_50,NSE_INDEX,yfinance,1d
2023-03-28,407.70001220703125,407.70001220703125,391.0,392.1199951171875,160984,NIFTY_NEXT_50,NSE_INDEX,yfinance,1d
2023-03-29,393.989990234375,397.8999938964844,390.25,394.6199951171875,172537,NIFTY_NEXT_50,NSE_INDEX,yfinance,1d
2023-03-31,397.5,401.05999755859375,393.1000061035156,400.42999267578125,154582,NIFTY_NEXT_50,NSE_INDEX,yfinance,1d
2023-04-03,403.8999938964844,404.79998779296875,397.1199951171875,400.9200134277344,279193,NIFTY_NEXT_50,NSE_INDEX,yfinance,1d
2023-04-05,403.42999267578125,403.70001220703125,398.25,402.9100036621094,167917,NIFTY_NEXT_50,NSE_INDEX,yfinance,1d
2023-04-06,415.0,415.0,401.1099853515625,404.8500061035156,164847,NIFTY_NEXT_50,NSE_INDEX,yfinance,1d
2023-04-10,407.20001220703125,407.44000244140625,401.1199951171875,406.1199951171875,191047,NIFTY_NEXT_50,NSE_INDEX,yfinance,1d
2023-04-11,404.55999755859375,408.6000061035156,404.3299865722656,406.8900146484375,102948,NIFTY_NEXT_50,NSE_INDEX,yfinance,1d
2023-04-12,394.70001220703125,408.989990234375,394.70001220703125,408.4800109863281,77432,NIFTY_NEXT_50,NSE_INDEX,yfinance,1d
2023-04-13,410.29998779296875,410.29998779296875,406.2200012207031,407.4800109863281,98697,NIFTY_NEXT_50,NSE_INDEX,yfinance,1d
2023-04-17,404.6400146484375,411.0,404.6400146484375,409.6099853515625,115572,NIFTY_NEXT_50,NSE_INDEX,yfinance,1d
2023-04-18,397.29998779296875,412.3999938964844,397.29998779296875,411.3599853515625,99711,NIFTY_NEXT_50,NSE_INDEX,yfinance,1d
2023-04-19,412.3999938964844,412.3999938964844,406.8900146484375,407.5799865722656,69440,NIFTY_NEXT_50,NSE_INDEX,yfinance,1d
2023-04-20,408.7799987792969,410.9800109863281,406.510009765625,407.2099914550781,75261,NIFTY_NEXT_50,NSE_INDEX,yfinance,1d
2023-04-21,404.79998779296875,409.20001220703125,395.0,406.2900085449219,58280,NIFTY_NEXT_50,NSE_INDEX,yfinance,1d
2023-04-24,408.70001220703125,409.0899963378906,405.1600036621094,408.510009765625,88806,NIFTY_NEXT_50,NSE_INDEX,yfinance,1d
2023-04-25,409.75,410.989990234375,407.1000061035156,410.42999267578125,137498,NIFTY_NEXT_50,NSE_INDEX,yfinance,1d
2023-04-26,413.5,413.5,398.1000061035156,411.30999755859375,71634,NIFTY_NEXT_50,NSE_INDEX,yfinance,1d
2023-04-27,412.45001220703125,413.6499938964844,409.54998779296875,413.0799865722656,96450,NIFTY_NEXT_50,NSE_INDEX,yfinance,1d
2023-04-28,415.6000061035156,418.94000244140625,413.20001220703125,418.3900146484375,135304,NIFTY_NEXT_50,NSE_INDEX,yfinance,1d
2023-05-02,419.489990234375,421.95001220703125,417.1000061035156,420.1000061035156,242888,NIFTY_NEXT_50,NSE_INDEX,yfinance,1d
2023-05-03,421.3999938964844,423.010009765625,417.3599853515625,421.0799865722656,106448,NIFTY_NEXT_50,NSE_INDEX,yfinance,1d
2023-05-04,433.70001220703125,433.70001220703125,419.25,423.8399963378906,115172,NIFTY_NEXT_50,NSE_INDEX,yfinance,1d
2023-05-05,423.8399963378906,425.989990234375,421.25,423.55999755859375,124365,NIFTY_NEXT_50,NSE_INDEX,yfinance,1d
2023-05-08,426.739990234375,427.7900085449219,422.55999755859375,427.05999755859375,177449,NIFTY_NEXT_50,NSE_INDEX,yfinance,1d
2023-05-09,429.489990234375,429.75,424.3500061035156,426.5400085449219,94297,NIFTY_NEXT_50,NSE_INDEX,yfinance,1d
2023-05-10,429.69000244140625,429.69000244140625,425.2799987792969,428.2699890136719,81222,NIFTY_NEXT_50,NSE_INDEX,yfinance,1d
2023-05-11,429.989990234375,432.0,427.3599853515625,431.6600036621094,105222,NIFTY_NEXT_50,NSE_INDEX,yfinance,1d
2023-05-12,433.2099914550781,433.5,430.0,431.1099853515625,87626,NIFTY_NEXT_50,NSE_INDEX,yfinance,1d
2023-05-15,432.70001220703125,435.0,429.25,433.04998779296875,141457,NIFTY_NEXT_50,NSE_INDEX,yfinance,1d
2023-05-16,420.04998779296875,436.0,420.04998779296875,433.5400085449219,94969,NIFTY_NEXT_50,NSE_INDEX,yfinance,1d
2023-05-17,428.9200134277344,435.95001220703125,428.9200134277344,431.1700134277344,136537,NIFTY_NEXT_50,NSE_INDEX,yfinance,1d
2023-05-18,433.8999938964844,433.989990234375,426.70001220703125,427.17999267578125,103519,NIFTY_NEXT_50,NSE_INDEX,yfinance,1d
2023-05-19,414.3500061035156,429.70001220703125,414.3500061035156,428.760009765625,74401,NIFTY_NEXT_50,NSE_INDEX,yfinance,1d
2023-05-22,429.79998779296875,433.5899963378906,427.29998779296875,433.1600036621094,102590,NIFTY_NEXT_50,NSE_INDEX,yfinance,1d
2023-05-23,446.1499938964844,446.1499938964844,420.1499938964844,434.260009765625,81482,NIFTY_NEXT_50,NSE_INDEX,yfinance,1d
2023-05-24,447.29998779296875,447.29998779296875,425.29998779296875,433.5,56197,NIFTY_NEXT_50,NSE_INDEX,yfinance,1d
2023-05-25,434.8999938964844,436.79998779296875,432.54998779296875,435.8699951171875,82151,NIFTY_NEXT_50,NSE_INDEX,yfinance,1d
2023-05-26,437.8599853515625,441.0,434.25,440.6300048828125,132315,NIFTY_NEXT_50,NSE_INDEX,yfinance,1d
2023-05-29,444.79998779296875,464.989990234375,441.0,443.1099853515625,136732,NIFTY_NEXT_50,NSE_INDEX,yfinance,1d
2023-05-30,445.0,445.1000061035156,442.1600036621094,443.3800048828125,68857,NIFTY_NEXT_50,NSE_INDEX,yfinance,1d
2023-05-31,444.5,444.79998779296875,441.0,444.2300109863281,96160,NIFTY_NEXT_50,NSE_INDEX,yfinance,1d
2023-06-01,442.5,447.989990234375,441.0,446.3500061035156,130023,NIFTY_NEXT_50,NSE_INDEX,yfinance,1d
2023-06-02,446.3500061035156,459.75,444.54998779296875,447.989990234375,101399,NIFTY_NEXT_50,NSE_INDEX,yfinance,1d
2023-06-05,453.1300048828125,453.1300048828125,448.1099853515625,449.0799865722656,106129,NIFTY_NEXT_50,NSE_INDEX,yfinance,1d
2023-06-06,462.54998779296875,462.54998779296875,447.3500061035156,451.1099853515625,108930,NIFTY_NEXT_50,NSE_INDEX,yfinance,1d
2023-06-07,464.6499938964844,464.6499938964844,451.1099853515625,455.0299987792969,92514,NIFTY_NEXT_50,NSE_INDEX,yfinance,1d
2023-06-08,459.0899963378906,459.0899963378906,451.7099914550781,452.3399963378906,185959,NIFTY_NEXT_50,NSE_INDEX,yfinance,1d
2023-06-09,454.20001220703125,454.44000244140625,450.69000244140625,452.0799865722656,70248,NIFTY_NEXT_50,NSE_INDEX,yfinance,1d
2023-06-12,454.19000244140625,454.44000244140625,451.2200012207031,453.6199951171875,117582,NIFTY_NEXT_50,NSE_INDEX,yfinance,1d
2023-06-13,467.25,467.25,453.6199951171875,457.5899963378906,84387,NIFTY_NEXT_50,NSE_INDEX,yfinance,1d
2023-06-14,459.3999938964844,460.0,457.2900085449219,459.04998779296875,84555,NIFTY_NEXT_50,NSE_INDEX,yfinance,1d
2023-06-15,468.0,468.0,458.1000061035156,458.8900146484375,110460,NIFTY_NEXT_50,NSE_INDEX,yfinance,1d
2023-06-16,472.6499938964844,472.6499938964844,458.29998779296875,463.5400085449219,110574,NIFTY_NEXT_50,NSE_INDEX,yfinance,1d
2023-06-19,477.45001220703125,477.45001220703125,462.29998779296875,463.2799987792969,114321,NIFTY_NEXT_50,NSE_INDEX,yfinance,1d
2023-06-20,472.6499938964844,472.6499938964844,449.3999938964844,465.3999938964844,111599,NIFTY_NEXT_50,NSE_INDEX,yfinance,1d
2023-06-21,479.3500061035156,479.3500061035156,462.7699890136719,464.3800048828125,138270,NIFTY_NEXT_50,NSE_INDEX,yfinance,1d
2023-06-22,468.0,468.0,457.54998779296875,458.3299865722656,193830,NIFTY_NEXT_50,NSE_INDEX,yfinance,1d
2023-06-23,462.0199890136719,462.0199890136719,452.5,453.1099853515625,127647,NIFTY_NEXT_50,NSE_INDEX,yfinance,1d
2023-06-26,454.7900085449219,457.0,451.260009765625,455.07000732421875,105907,NIFTY_NEXT_50,NSE_INDEX,yfinance,1d
2023-06-27,468.70001220703125,468.70001220703125,450.1000061035156,456.4700012207031,92948,NIFTY_NEXT_50,NSE_INDEX,yfinance,1d
2023-06-28,470.1499938964844,470.1499938964844,456.4700012207031,459.760009765625,88039,NIFTY_NEXT_50,NSE_INDEX,yfinance,1d
2023-06-30,473.54998779296875,473.54998779296875,459.1000061035156,464.260009765625,188814,NIFTY_NEXT_50,NSE_INDEX,yfinance,1d
2023-07-03,450.3500061035156,467.29998779296875,450.3500061035156,464.7300109863281,641160,NIFTY_NEXT_50,NSE_INDEX,yfinance,1d
2023-07-04,478.6499938964844,478.6499938964844,462.29998779296875,463.8500061035156,143774,NIFTY_NEXT_50,NSE_INDEX,yfinance,1d
2023-07-05,470.95001220703125,470.95001220703125,455.1000061035156,467.8800048828125,154105,NIFTY_NEXT_50,NSE_INDEX,yfinance,1d
2023-07-06,475.25,475.25,465.29998779296875,470.510009765625,111915,NIFTY_NEXT_50,NSE_INDEX,yfinance,1d
2023-07-07,472.29998779296875,472.29998779296875,465.5,466.42999267578125,159296,NIFTY_NEXT_50,NSE_INDEX,yfinance,1d
2023-07-10,480.3999938964844,480.3999938964844,463.1000061035156,463.8299865722656,158537,NIFTY_NEXT_50,NSE_INDEX,yfinance,1d
2023-07-11,449.8999938964844,468.70001220703125,449.8999938964844,466.989990234375,110394,NIFTY_NEXT_50,NSE_INDEX,yfinance,1d
2023-07-12,472.45001220703125,472.45001220703125,465.69000244140625,468.5199890136719,73213,NIFTY_NEXT_50,NSE_INDEX,yfinance,1d
2023-07-13,474.0,474.0,464.30999755859375,466.17999267578125,140506,NIFTY_NEXT_50,NSE_INDEX,yfinance,1d
2023-07-14,473.95001220703125,473.95001220703125,465.2099914550781,469.3500061035156,100295,NIFTY_NEXT_50,NSE_INDEX,yfinance,1d
2023-07-17,483.45001220703125,483.45001220703125,468.1000061035156,470.5799865722656,156233,NIFTY_NEXT_50,NSE_INDEX,yfinance,1d
2023-07-18,484.70001220703125,484.70001220703125,467.29998779296875,468.8800048828125,77637,NIFTY_NEXT_50,NSE_INDEX,yfinance,1d
2023-07-19,482.95001220703125,482.95001220703125,468.8800048828125,471.05999755859375,90468,NIFTY_NEXT_50,NSE_INDEX,yfinance,1d
2023-07-20,485.20001220703125,485.20001220703125,465.25,470.1199951171875,110964,NIFTY_NEXT_50,NSE_INDEX,yfinance,1d
2023-07-21,471.20001220703125,471.20001220703125,466.25,467.510009765625,232335,NIFTY_NEXT_50,NSE_INDEX,yfinance,1d
2023-07-24,481.54998779296875,481.54998779296875,465.79998779296875,467.70001220703125,97997,NIFTY_NEXT_50,NSE_INDEX,yfinance,1d
2023-07-25,481.75,481.75,453.6499938964844,469.6300048828125,90752,NIFTY_NEXT_50,NSE_INDEX,yfinance,1d
2023-07-26,483.70001220703125,483.70001220703125,469.1000061035156,471.5199890136719,73803,NIFTY_NEXT_50,NSE_INDEX,yfinance,1d
2023-07-27,457.3500061035156,488.04998779296875,457.3500061035156,472.8299865722656,116861,NIFTY_NEXT_50,NSE_INDEX,yfinance,1d
2023-07-28,487.0,487.0,472.5799865722656,477.8299865722656,97093,NIFTY_NEXT_50,NSE_INDEX,yfinance,1d
2023-07-31,492.1499938964844,492.1499938964844,477.1000061035156,480.260009765625,68531,NIFTY_NEXT_50,NSE_INDEX,yfinance,1d
2023-08-01,494.6499938964844,494.6499938964844,478.42999267578125,479.2699890136719,140911,NIFTY_NEXT_50,NSE_INDEX,yfinance,1d
2023-08-02,480.8999938964844,481.0,469.1099853515625,473.5299987792969,137166,NIFTY_NEXT_50,NSE_INDEX,yfinance,1d
2023-08-03,459.29998779296875,475.510009765625,459.29998779296875,470.3800048828125,131766,NIFTY_NEXT_50,NSE_INDEX,yfinance,1d
2023-08-04,484.5,484.5,469.1600036621094,475.1400146484375,137266,NIFTY_NEXT_50,NSE_INDEX,yfinance,1d
2023-08-07,489.3999938964844,489.3999938964844,474.19000244140625,475.82000732421875,126848,NIFTY_NEXT_50,NSE_INDEX,yfinance,1d
2023-08-08,478.25,482.79998779296875,461.54998779296875,476.1199951171875,57238,NIFTY_NEXT_50,NSE_INDEX,yfinance,1d
2023-08-09,490.3999938964844,490.3999938964844,461.8500061035156,477.20001220703125,49589,NIFTY_NEXT_50,NSE_INDEX,yfinance,1d
2023-08-10,491.5,491.5,472.1499938964844,474.6400146484375,95027,NIFTY_NEXT_50,NSE_INDEX,yfinance,1d
2023-08-11,460.3999938964844,477.5,460.3999938964844,473.6000061035156,102831,NIFTY_NEXT_50,NSE_INDEX,yfinance,1d
2023-08-14,487.79998779296875,487.79998779296875,459.3999938964844,467.6600036621094,268833,NIFTY_NEXT_50,NSE_INDEX,yfinance,1d
2023-08-16,481.70001220703125,481.70001220703125,462.25,467.6199951171875,96973,NIFTY_NEXT_50,NSE_INDEX,yfinance,1d
2023-08-17,453.6000061035156,481.6499938964844,453.6000061035156,466.45001220703125,90025,NIFTY_NEXT_50,NSE_INDEX,yfinance,1d
2023-08-18,475.25,475.25,463.4100036621094,464.30999755859375,86987,NIFTY_NEXT_50,NSE_INDEX,yfinance,1d
2023-08-21,450.3999938964844,468.1499938964844,450.3999938964844,466.1600036621094,208326,NIFTY_NEXT_50,NSE_INDEX,yfinance,1d
2023-08-22,469.0,471.010009765625,465.260009765625,470.3699951171875,64577,NIFTY_NEXT_50,NSE_INDEX,yfinance,1d
2023-08-23,484.5,484.5,470.3699951171875,471.0899963378906,63119,NIFTY_NEXT_50,NSE_INDEX,yfinance,1d
2023-08-24,485.20001220703125,485.20001220703125,466.0,470.8500061035156,129889,NIFTY_NEXT_50,NSE_INDEX,yfinance,1d
2023-08-25,485.0,485.0,460.8500061035156,467.05999755859375,105204,NIFTY_NEXT_50,NSE_INDEX,yfinance,1d
2023-08-28,460.1499938964844,470.9700012207031,460.1499938964844,470.3599853515625,78145,NIFTY_NEXT_50,NSE_INDEX,yfinance,1d
2023-08-29,484.45001220703125,484.45001220703125,470.3599853515625,473.29998779296875,55516,NIFTY_NEXT_50,NSE_INDEX,yfinance,1d
2023-08-30,487.5,487.5,459.1000061035156,474.8999938964844,50483,NIFTY_NEXT_50,NSE_INDEX,yfinance,1d
2023-08-31,464.04998779296875,478.3500061035156,464.04998779296875,471.7799987792969,51602,NIFTY_NEXT_50,NSE_INDEX,yfinance,1d
2023-09-01,474.6499938964844,476.3500061035156,470.25,476.0199890136719,77278,NIFTY_NEXT_50,NSE_INDEX,yfinance,1d
2023-09-04,490.29998779296875,490.29998779296875,475.1000061035156,480.1499938964844,127796,NIFTY_NEXT_50,NSE_INDEX,yfinance,1d
2023-09-05,482.8500061035156,482.8500061035156,479.5,480.9800109863281,72938,NIFTY_NEXT_50,NSE_INDEX,yfinance,1d
2023-09-06,483.25,483.8399963378906,473.04998779296875,483.489990234375,129689,NIFTY_NEXT_50,NSE_INDEX,yfinance,1d
2023-09-07,498.0,498.0,469.0,486.1700134277344,104411,NIFTY_NEXT_50,NSE_INDEX,yfinance,1d
2023-09-08,494.25,494.25,471.6000061035156,490.0799865722656,127027,NIFTY_NEXT_50,NSE_INDEX,yfinance,1d
2023-09-11,504.79998779296875,504.79998779296875,475.3999938964844,494.2200012207031,166583,NIFTY_NEXT_50,NSE_INDEX,yfinance,1d
2023-09-12,497.79998779296875,497.79998779296875,482.05999755859375,483.6600036621094,178543,NIFTY_NEXT_50,NSE_INDEX,yfinance,1d
2023-09-13,487.3500061035156,487.3500061035156,479.20001220703125,485.32000732421875,117466,NIFTY_NEXT_50,NSE_INDEX,yfinance,1d
2023-09-14,499.8999938964844,499.8999938964844,485.1499938964844,488.510009765625,70919,NIFTY_NEXT_50,NSE_INDEX,yfinance,1d
2023-09-15,503.1499938964844,503.1499938964844,473.8500061035156,489.0299987792969,61763,NIFTY_NEXT_50,NSE_INDEX,yfinance,1d
2023-09-18,503.70001220703125,503.70001220703125,482.05999755859375,488.94000244140625,86920,NIFTY_NEXT_50,NSE_INDEX,yfinance,1d
2023-09-20,487.989990234375,489.9200134277344,484.0,484.8599853515625,94932,NIFTY_NEXT_50,NSE_INDEX,yfinance,1d
2023-09-21,470.29998779296875,499.3999938964844,470.29998779296875,480.489990234375,90522,NIFTY_NEXT_50,NSE_INDEX,yfinance,1d
2023-09-22,494.8999938964844,494.8999938964844,475.6000061035156,480.2099914550781,130593,NIFTY_NEXT_50,NSE_INDEX,yfinance,1d
2023-09-25,494.6000061035156,494.6000061035156,476.57000732421875,478.6300048828125,136396,NIFTY_NEXT_50,NSE_INDEX,yfinance,1d
2023-09-26,487.25,487.25,478.1300048828125,479.5,80182,NIFTY_NEXT_50,NSE_INDEX,yfinance,1d
2023-09-27,469.54998779296875,493.8999938964844,469.54998779296875,479.8999938964844,98302,NIFTY_NEXT_50,NSE_INDEX,yfinance,1d
2023-09-28,494.29998779296875,494.29998779296875,472.6000061035156,474.80999755859375,83778,NIFTY_NEXT_50,NSE_INDEX,yfinance,1d
2023-09-29,478.6499938964844,480.0,474.80999755859375,478.92999267578125,61170,NIFTY_NEXT_50,NSE_INDEX,yfinance,1d
2023-10-03,464.54998779296875,483.0,464.54998779296875,478.2799987792969,913350,NIFTY_NEXT_50,NSE_INDEX,yfinance,1d
2023-10-04,492.6499938964844,492.6499938964844,467.1499938964844,472.989990234375,240503,NIFTY_NEXT_50,NSE_INDEX,yfinance,1d
2023-10-05,487.20001220703125,487.20001220703125,471.70001220703125,473.19000244140625,138830,NIFTY_NEXT_50,NSE_INDEX,yfinance,1d
2023-10-06,487.3999938964844,487.3999938964844,459.0,475.8900146484375,104454,NIFTY_NEXT_50,NSE_INDEX,yfinance,1d
2023-10-09,490.1499938964844,490.1499938964844,461.6000061035156,470.57000732421875,135659,NIFTY_NEXT_50,NSE_INDEX,yfinance,1d
2023-10-10,456.45001220703125,478.3500061035156,456.45001220703125,476.5,139036,NIFTY_NEXT_50,NSE_INDEX,yfinance,1d
2023-10-11,482.6000061035156,482.6000061035156,465.1499938964844,477.9800109863281,94290,NIFTY_NEXT_50,NSE_INDEX,yfinance,1d
2023-10-12,492.29998779296875,492.29998779296875,475.9800109863281,479.3699951171875,79547,NIFTY_NEXT_50,NSE_INDEX,yfinance,1d
2023-10-13,465.0,480.9700012207031,465.0,479.6099853515625,77199,NIFTY_NEXT_50,NSE_INDEX,yfinance,1d
2023-10-16,494.0,494.0,465.0,480.9200134277344,123142,NIFTY_NEXT_50,NSE_INDEX,yfinance,1d
2023-10-17,493.1499938964844,493.1499938964844,466.5,482.6700134277344,65458,NIFTY_NEXT_50,NSE_INDEX,yfinance,1d
2023-10-18,489.0,489.0,477.0,478.6499938964844,75918,NIFTY_NEXT_50,NSE_INDEX,yfinance,1d
2023-10-19,464.29998779296875,489.25,464.29998779296875,477.1600036621094,60635,NIFTY_NEXT_50,NSE_INDEX,yfinance,1d
2023-10-20,491.45001220703125,491.45001220703125,466.5,473.44000244140625,88440,NIFTY_NEXT_50,NSE_INDEX,yfinance,1d
2023-10-23,487.6499938964844,487.6499938964844,463.010009765625,464.55999755859375,171639,NIFTY_NEXT_50,NSE_INDEX,yfinance,1d
2023-10-25,478.5,478.5,458.510009765625,460.4599914550781,199831,NIFTY_NEXT_50,NSE_INDEX,yfinance,1d
2023-10-26,474.25,474.25,451.0,457.2900085449219,189225,NIFTY_NEXT_50,NSE_INDEX,yfinance,1d
2023-10-27,471.0,471.0,443.54998779296875,465.760009765625,203694,NIFTY_NEXT_50,NSE_INDEX,yfinance,1d
2023-10-30,479.75,479.75,460.0,466.6600036621094,75451,NIFTY_NEXT_50,NSE_INDEX,yfinance,1d
2023-10-31,480.6499938964844,480.6499938964844,459.29998779296875,467.7200012207031,127862,NIFTY_NEXT_50,NSE_INDEX,yfinance,1d
2023-11-01,481.75,481.75,453.70001220703125,465.239990234375,125504,NIFTY_NEXT_50,NSE_INDEX,yfinance,1d
2023-11-02,479.20001220703125,479.20001220703125,454.20001220703125,471.4800109863281,115470,NIFTY_NEXT_50,NSE_INDEX,yfinance,1d
2023-11-03,471.4800109863281,477.0,468.0,475.79998779296875,82901,NIFTY_NEXT_50,NSE_INDEX,yfinance,1d
2023-11-06,480.6000061035156,480.6000061035156,469.6000061035156,479.70001220703125,92836,NIFTY_NEXT_50,NSE_INDEX,yfinance,1d
2023-11-07,494.1000061035156,494.1000061035156,465.29998779296875,483.70001220703125,103740,NIFTY_NEXT_50,NSE_INDEX,yfinance,1d
2023-11-08,486.6000061035156,487.0,471.04998779296875,486.1199951171875,96666,NIFTY_NEXT_50,NSE_INDEX,yfinance,1d
2023-11-09,497.3500061035156,497.3500061035156,483.70001220703125,484.1600036621094,152747,NIFTY_NEXT_50,NSE_INDEX,yfinance,1d
2023-11-10,498.70001220703125,498.70001220703125,479.29998779296875,485.3900146484375,92841,NIFTY_NEXT_50,NSE_INDEX,yfinance,1d
2023-11-13,498.3999938964844,498.3999938964844,485.2900085449219,488.5299987792969,85694,NIFTY_NEXT_50,NSE_INDEX,yfinance,1d
2023-11-15,473.8500061035156,503.20001220703125,473.8500061035156,493.239990234375,107140,NIFTY_NEXT_50,NSE_INDEX,yfinance,1d
2023-11-16,502.6000061035156,502.6000061035156,491.2200012207031,494.8599853515625,118278,NIFTY_NEXT_50,NSE_INDEX,yfinance,1d
2023-11-17,509.70001220703125,509.70001220703125,490.1000061035156,498.20001220703125,127859,NIFTY_NEXT_50,NSE_INDEX,yfinance,1d
2023-11-20,500.29998779296875,500.29998779296875,495.0,496.95001220703125,100943,NIFTY_NEXT_50,NSE_INDEX,yfinance,1d
2023-11-21,482.04998779296875,500.5,482.04998779296875,497.0899963378906,69275,NIFTY_NEXT_50,NSE_INDEX,yfinance,1d
2023-11-22,499.0,499.0,493.1099853515625,495.0400085449219,61480,NIFTY_NEXT_50,NSE_INDEX,yfinance,1d
2023-11-23,500.0,500.0,480.20001220703125,496.5199890136719,59352,NIFTY_NEXT_50,NSE_INDEX,yfinance,1d
2023-11-24,502.1499938964844,502.1499938964844,481.6000061035156,495.8800048828125,54461,NIFTY_NEXT_50,NSE_INDEX,yfinance,1d
2023-11-28,510.75,510.75,481.0,500.0799865722656,140988,NIFTY_NEXT_50,NSE_INDEX,yfinance,1d
2023-11-29,515.0999755859375,515.0999755859375,488.6000061035156,504.75,103379,NIFTY_NEXT_50,NSE_INDEX,yfinance,1d
2023-11-30,519.9000244140625,519.9000244140625,489.6000061035156,510.260009765625,85830,NIFTY_NEXT_50,NSE_INDEX,yfinance,1d
2023-12-01,525.5499877929688,525.5499877929688,494.95001220703125,515.5599975585938,149337,NIFTY_NEXT_50,NSE_INDEX,yfinance,1d
2023-12-04,531.0499877929688,531.0499877929688,518.0999755859375,525.719970703125,190598,NIFTY_NEXT_50,NSE_INDEX,yfinance,1d
2023-12-05,531.4500122070312,538.219970703125,525.010009765625,531.75,164489,NIFTY_NEXT_50,NSE_INDEX,yfinance,1d
2023-12-06,529.0800170898438,537.9099731445312,515.7999877929688,537.3800048828125,127541,NIFTY_NEXT_50,NSE_INDEX,yfinance,1d
2023-12-07,553.5,553.5,536.1599731445312,541.4500122070312,85355,NIFTY_NEXT_50,NSE_INDEX,yfinance,1d
2023-12-08,551.1500244140625,551.1500244140625,525.2000122070312,537.8900146484375,142150,NIFTY_NEXT_50,NSE_INDEX,yfinance,1d
2023-12-11,521.75,544.219970703125,521.75,543.8400268554688,106970,NIFTY_NEXT_50,NSE_INDEX,yfinance,1d
2023-12-12,560.1500244140625,560.1500244140625,536.6699829101562,540.4600219726562,123670,NIFTY_NEXT_50,NSE_INDEX,yfinance,1d
2023-12-13,556.6500244140625,556.6500244140625,532.0,543.969970703125,94043,NIFTY_NEXT_50,NSE_INDEX,yfinance,1d
2023-12-14,528.02001953125,552.0,527.6500244140625,550.72998046875,90380,NIFTY_NEXT_50,NSE_INDEX,yfinance,1d
2023-12-15,562.1500244140625,562.1500244140625,550.260009765625,551.6599731445312,88659,NIFTY_NEXT_50,NSE_INDEX,yfinance,1d
2023-12-18,568.2000122070312,568.2000122070312,547.0,556.219970703125,100236,NIFTY_NEXT_50,NSE_INDEX,yfinance,1d
2023-12-19,558.5,558.5,551.5499877929688,556.719970703125,97011,NIFTY_NEXT_50,NSE_INDEX,yfinance,1d
2023-12-20,570.2999877929688,570.2999877929688,539.1300048828125,541.7100219726562,236810,NIFTY_NEXT_50,NSE_INDEX,yfinance,1d
2023-12-21,541.7100219726562,555.25,532.2999877929688,547.739990234375,102889,NIFTY_NEXT_50,NSE_INDEX,yfinance,1d
2023-12-22,564.1500244140625,564.1500244140625,532.2999877929688,552.4500122070312,124029,NIFTY_NEXT_50,NSE_INDEX,yfinance,1d
2023-12-26,540.2999877929688,563.1500244140625,540.2999877929688,557.5900268554688,136938,NIFTY_NEXT_50,NSE_INDEX,yfinance,1d
2023-12-27,564.0,574.2999877929688,556.6799926757812,560.25,144712,NIFTY_NEXT_50,NSE_INDEX,yfinance,1d
2023-12-28,577.0499877929688,577.0499877929688,560.260009765625,562.75,92767,NIFTY_NEXT_50,NSE_INDEX,yfinance,1d
2023-12-29,579.6500244140625,579.6500244140625,545.8499755859375,567.3599853515625,128249,NIFTY_NEXT_50,NSE_INDEX,yfinance,1d
2024-01-01,582.2999877929688,582.2999877929688,550.2999877929688,568.1300048828125,366729,NIFTY_NEXT_50,NSE_INDEX,yfinance,1d
2024-01-02,585.1500244140625,585.1500244140625,559.3200073242188,566.6799926757812,220026,NIFTY_NEXT_50,NSE_INDEX,yfinance,1d
2024-01-03,568.5,575.0,564.6099853515625,571.7100219726562,162026,NIFTY_NEXT_50,NSE_INDEX,yfinance,1d
2024-01-04,588.8499755859375,588.8499755859375,571.72998046875,576.9299926757812,102850,NIFTY_NEXT_50,NSE_INDEX,yfinance,1d
2024-01-05,571.72998046875,586.0999755859375,564.5999755859375,576.3300170898438,130348,NIFTY_NEXT_50,NSE_INDEX,yfinance,1d
2024-01-08,578.8499755859375,579.8900146484375,570.7000122070312,571.5499877929688,201402,NIFTY_NEXT_50,NSE_INDEX,yfinance,1d
2024-01-09,588.2999877929688,588.2999877929688,568.0,573.9400024414062,121301,NIFTY_NEXT_50,NSE_INDEX,yfinance,1d
2024-01-10,569.9199829101562,576.5999755859375,559.25,574.760009765625,114308,NIFTY_NEXT_50,NSE_INDEX,yfinance,1d
2024-01-11,587.5,587.5,562.0999755859375,580.4500122070312,76519,NIFTY_NEXT_50,NSE_INDEX,yfinance,1d
2024-01-12,584.5,584.5,580.2899780273438,581.1199951171875,124006,NIFTY_NEXT_50,NSE_INDEX,yfinance,1d
2024-01-15,585.7999877929688,585.7999877929688,578.6900024414062,582.47998046875,134659,NIFTY_NEXT_50,NSE_INDEX,yfinance,1d
2024-01-16,599.9500122070312,599.9500122070312,570.8300170898438,581.8099975585938,82701,NIFTY_NEXT_50,NSE_INDEX,yfinance,1d
2024-01-17,599.25,599.25,564.3599853515625,576.1599731445312,137378,NIFTY_NEXT_50,NSE_INDEX,yfinance,1d
2024-01-18,592.1500244140625,592.1500244140625,561.0,573.5700073242188,141337,NIFTY_NEXT_50,NSE_INDEX,yfinance,1d
2024-01-19,578.7000122070312,581.97998046875,573.5700073242188,581.6199951171875,85408,NIFTY_NEXT_50,NSE_INDEX,yfinance,1d
2024-01-23,586.5,586.6199951171875,563.510009765625,566.9400024414062,155473,NIFTY_NEXT_50,NSE_INDEX,yfinance,1d
2024-01-24,569.7000122070312,576.989990234375,561.4099731445312,576.219970703125,131762,NIFTY_NEXT_50,NSE_INDEX,yfinance,1d
2024-01-25,574.2999877929688,585.0,571.8099975585938,579.0900268554688,135932,NIFTY_NEXT_50,NSE_INDEX,yfinance,1d
2024-01-29,596.4500122070312,596.4500122070312,578.2999877929688,585.0399780273438,123036,NIFTY_NEXT_50,NSE_INDEX,yfinance,1d
2024-01-30,602.5999755859375,602.5999755859375,582.2100219726562,583.0999755859375,84117,NIFTY_NEXT_50,NSE_INDEX,yfinance,1d
2024-01-31,599.1500244140625,599.1500244140625,582.0,587.7000122070312,66569,NIFTY_NEXT_50,NSE_INDEX,yfinance,1d
2024-02-01,590.7000122070312,593.8800048828125,586.2000122070312,589.9199829101562,87232,NIFTY_NEXT_50,NSE_INDEX,yfinance,1d
2024-02-02,607.5999755859375,607.5999755859375,589.9199829101562,594.9199829101562,115345,NIFTY_NEXT_50,NSE_INDEX,yfinance,1d
2024-02-05,612.75,612.75,589.47998046875,592.280029296875,176362,NIFTY_NEXT_50,NSE_INDEX,yfinance,1d
2024-02-06,577.02001953125,600.9600219726562,575.0999755859375,600.3699951171875,104233,NIFTY_NEXT_50,NSE_INDEX,yfinance,1d
2024-02-07,586.5999755859375,612.0999755859375,586.5999755859375,610.1699829101562,135880,NIFTY_NEXT_50,NSE_INDEX,yfinance,1d
2024-02-08,618.0,618.0,603.2000122070312,611.3099975585938,221522,NIFTY_NEXT_50,NSE_INDEX,yfinance,1d
2024-02-09,629.6500244140625,629.6500244140625,596.02001953125,610.6400146484375,159569,NIFTY_NEXT_50,NSE_INDEX,yfinance,1d
2024-02-12,610.6400146484375,615.989990234375,597.0,599.6400146484375,132535,NIFTY_NEXT_50,NSE_INDEX,yfinance,1d
2024-02-13,601.8499755859375,605.0,592.52001953125,603.469970703125,350821,NIFTY_NEXT_50,NSE_INDEX,yfinance,1d
2024-02-14,602.0,613.5399780273438,593.0,611.9600219726562,78304,NIFTY_NEXT_50,NSE_INDEX,yfinance,1d
2024-02-15,611.9600219726562,618.5499877929688,611.9600219726562,617.8499755859375,81658,NIFTY_NEXT_50,NSE_INDEX,yfinance,1d
2024-02-16,636.4000244140625,636.4000244140625,617.8499755859375,622.7100219726562,108836,NIFTY_NEXT_50,NSE_INDEX,yfinance,1d
2024-02-19,626.7000122070312,626.7000122070312,621.9400024414062,624.1599731445312,114928,NIFTY_NEXT_50,NSE_INDEX,yfinance,1d
2024-02-20,642.9000244140625,642.9000244140625,610.0999755859375,624.9000244140625,105565,NIFTY_NEXT_50,NSE_INDEX,yfinance,1d
2024-02-21,643.6500244140625,643.6500244140625,619.3699951171875,621.1900024414062,91016,NIFTY_NEXT_50,NSE_INDEX,yfinance,1d
2024-02-22,624.7000122070312,628.8800048828125,617.0,627.9199829101562,69003,NIFTY_NEXT_50,NSE_INDEX,yfinance,1d
2024-02-23,631.5,631.5,625.6699829101562,629.5399780273438,72395,NIFTY_NEXT_50,NSE_INDEX,yfinance,1d
2024-02-26,631.8499755859375,632.7999877929688,621.5,630.1300048828125,156441,NIFTY_NEXT_50,NSE_INDEX,yfinance,1d
2024-02-27,631.9000244140625,634.489990234375,626.3499755859375,629.2899780273438,107313,NIFTY_NEXT_50,NSE_INDEX,yfinance,1d
2024-02-28,614.02001953125,648.1500244140625,614.02001953125,621.3099975585938,151431,NIFTY_NEXT_50,NSE_INDEX,yfinance,1d
2024-02-29,622.0,639.9500122070312,614.8099975585938,627.760009765625,85525,NIFTY_NEXT_50,NSE_INDEX,yfinance,1d
2024-03-01,646.5999755859375,646.5999755859375,613.0999755859375,632.469970703125,132294,NIFTY_NEXT_50,NSE_INDEX,yfinance,1d
2024-03-04,655.1500244140625,655.1500244140625,634.25,637.010009765625,104974,NIFTY_NEXT_50,NSE_INDEX,yfinance,1d
2024-03-05,646.0,646.0,631.0,638.5399780273438,99389,NIFTY_NEXT_50,NSE_INDEX,yfinance,1d
2024-03-06,652.1500244140625,652.1500244140625,621.2999877929688,636.719970703125,179722,NIFTY_NEXT_50,NSE_INDEX,yfinance,1d
2024-03-07,639.5,644.9000244140625,636.719970703125,642.8800048828125,104503,NIFTY_NEXT_50,NSE_INDEX,yfinance,1d
2024-03-11,662.1500244140625,662.1500244140625,623.5900268554688,642.489990234375,149661,NIFTY_NEXT_50,NSE_INDEX,yfinance,1d
2024-03-12,661.75,661.75,624.5,630.3699951171875,331342,NIFTY_NEXT_50,NSE_INDEX,yfinance,1d
2024-03-13,633.7999877929688,634.25,603.8699951171875,609.5900268554688,379394,NIFTY_NEXT_50,NSE_INDEX,yfinance,1d
2024-03-14,627.9000244140625,629.8499755859375,601.0,623.1699829101562,171573,NIFTY_NEXT_50,NSE_INDEX,yfinance,1d
2024-03-15,641.8499755859375,641.8499755859375,609.010009765625,617.9600219726562,176196,NIFTY_NEXT_50,NSE_INDEX,yfinance,1d
2024-03-18,636.5,637.2000122070312,599.4000244140625,621.8099975585938,132358,NIFTY_NEXT_50,NSE_INDEX,yfinance,1d
2024-03-19,620.4500122070312,636.0,609.5,610.3499755859375,192443,NIFTY_NEXT_50,NSE_INDEX,yfinance,1d
2024-03-20,628.6500244140625,629.0,603.5,612.7999877929688,131121,NIFTY_NEXT_50,NSE_INDEX,yfinance,1d
2024-03-21,594.4000244140625,626.5,594.4000244140625,625.72998046875,125726,NIFTY_NEXT_50,NSE_INDEX,yfinance,1d
2024-03-22,644.5,644.5,610.0999755859375,628.469970703125,100472,NIFTY_NEXT_50,NSE_INDEX,yfinance,1d
2024-03-26,630.4000244140625,635.5800170898438,613.02001953125,634.4500122070312,190884,NIFTY_NEXT_50,NSE_INDEX,yfinance,1d
2024-03-27,619.02001953125,641.4000244140625,619.02001953125,637.1500244140625,227358,NIFTY_NEXT_50,NSE_INDEX,yfinance,1d
2024-03-28,656.25,656.25,630.0499877929688,643.8099975585938,184687,NIFTY_NEXT_50,NSE_INDEX,yfinance,1d
2024-04-01,659.0,659.0,636.0,655.780029296875,274750,NIFTY_NEXT_50,NSE_INDEX,yfinance,1d
2024-04-02,675.4500122070312,675.4500122070312,636.0999755859375,662.719970703125,186563,NIFTY_NEXT_50,NSE_INDEX,yfinance,1d
2024-04-03,682.5999755859375,682.5999755859375,650.0,664.77001953125,212121,NIFTY_NEXT_50,NSE_INDEX,yfinance,1d
2024-04-04,684.7000122070312,684.7000122070312,660.0,661.6599731445312,231651,NIFTY_NEXT_50,NSE_INDEX,yfinance,1d
2024-04-05,681.5,681.5,644.0999755859375,666.0800170898438,187784,NIFTY_NEXT_50,NSE_INDEX,yfinance,1d
2024-04-08,672.0,679.0,661.0,670.3400268554688,126239,NIFTY_NEXT_50,NSE_INDEX,yfinance,1d
2024-04-09,675.0,675.0,665.0,668.489990234375,138491,NIFTY_NEXT_50,NSE_INDEX,yfinance,1d
2024-04-10,688.5499877929688,688.5499877929688,653.02001953125,674.469970703125,126524,NIFTY_NEXT_50,NSE_INDEX,yfinance,1d
2024-04-12,694.7000122070312,694.7000122070312,668.5,670.6599731445312,471836,NIFTY_NEXT_50,NSE_INDEX,yfinance,1d
2024-04-15,650.5499877929688,671.5,650.5499877929688,660.530029296875,986754,NIFTY_NEXT_50,NSE_INDEX,yfinance,1d
2024-04-16,674.1500244140625,674.1500244140625,640.7000122070312,660.9299926757812,167595,NIFTY_NEXT_50,NSE_INDEX,yfinance,1d
2024-04-18,680.75,680.75,657.010009765625,659.719970703125,229165,NIFTY_NEXT_50,NSE_INDEX,yfinance,1d
2024-04-19,679.5,679.5,641.5,659.4299926757812,233948,NIFTY_NEXT_50,NSE_INDEX,yfinance,1d
2024-04-22,666.5,668.0,662.0999755859375,667.3900146484375,119324,NIFTY_NEXT_50,NSE_INDEX,yfinance,1d
2024-04-23,687.4000244140625,687.4000244140625,665.0,668.97998046875,162258,NIFTY_NEXT_50,NSE_INDEX,yfinance,1d
2024-04-24,689.0499877929688,689.0499877929688,648.9000244140625,673.8599853515625,216901,NIFTY_NEXT_50,NSE_INDEX,yfinance,1d
2024-04-25,694.0999755859375,694.0999755859375,658.02001953125,677.5599975585938,121210,NIFTY_NEXT_50,NSE_INDEX,yfinance,1d
2024-04-26,657.25,697.9000244140625,657.25,682.9199829101562,185512,NIFTY_NEXT_50,NSE_INDEX,yfinance,1d
2024-04-29,703.4000244140625,703.4000244140625,682.2000122070312,684.8400268554688,302013,NIFTY_NEXT_50,NSE_INDEX,yfinance,1d
2024-04-30,705.4000244140625,705.4000244140625,684.4299926757812,690.3300170898438,161356,NIFTY_NEXT_50,NSE_INDEX,yfinance,1d
2024-05-02,693.75,701.530029296875,690.3300170898438,700.5700073242188,201499,NIFTY_NEXT_50,NSE_INDEX,yfinance,1d
2024-05-03,705.4000244140625,708.0,694.02001953125,700.3300170898438,267806,NIFTY_NEXT_50,NSE_INDEX,yfinance,1d
2024-05-06,721.3499755859375,721.3499755859375,685.5,691.280029296875,347197,NIFTY_NEXT_50,NSE_INDEX,yfinance,1d
2024-05-07,712.0,712.0,676.5999755859375,680.5700073242188,253016,NIFTY_NEXT_50,NSE_INDEX,yfinance,1d
2024-05-08,683.8499755859375,692.7899780273438,676.5499877929688,688.25,224047,NIFTY_NEXT_50,NSE_INDEX,yfinance,1d
2024-05-09,708.9000244140625,708.9000244140625,667.5999755859375,675.3200073242188,293118,NIFTY_NEXT_50,NSE_INDEX,yfinance,1d
2024-05-10,674.3499755859375,682.6500244140625,671.6599731445312,681.4199829101562,160103,NIFTY_NEXT_50,NSE_INDEX,yfinance,1d
2024-05-13,701.8499755859375,701.8499755859375,661.0,685.4500122070312,220006,NIFTY_NEXT_50,NSE_INDEX,yfinance,1d
2024-05-14,706.0,706.0,664.9000244140625,695.239990234375,183626,NIFTY_NEXT_50,NSE_INDEX,yfinance,1d
2024-05-15,698.7999877929688,700.0,695.239990234375,698.969970703125,233819,NIFTY_NEXT_50,NSE_INDEX,yfinance,1d
2024-05-16,703.7899780273438,706.0,697.0999755859375,704.0800170898438,226430,NIFTY_NEXT_50,NSE_INDEX,yfinance,1d
2024-05-17,725.2000122070312,725.2000122070312,701.8900146484375,714.260009765625,188106,NIFTY_NEXT_50,NSE_INDEX,yfinance,1d
2024-05-21,741.7999877929688,741.7999877929688,705.0,726.4500122070312,173794,NIFTY_NEXT_50,NSE_INDEX,yfinance,1d
2024-05-22,748.25,748.25,715.5499877929688,728.2000122070312,186951,NIFTY_NEXT_50,NSE_INDEX,yfinance,1d
2024-05-23,731.9000244140625,732.8499755859375,726.25,732.1400146484375,154505,NIFTY_NEXT_50,NSE_INDEX,yfinance,1d
2024-05-24,754.0999755859375,754.0999755859375,727.3499755859375,735.8599853515625,360625,NIFTY_NEXT_50,NSE_INDEX,yfinance,1d
2024-05-27,740.0,740.5,720.02001953125,736.1900024414062,227509,NIFTY_NEXT_50,NSE_INDEX,yfinance,1d
2024-05-28,714.0999755859375,739.9000244140625,714.0999755859375,730.0499877929688,186717,NIFTY_NEXT_50,NSE_INDEX,yfinance,1d
2024-05-29,740.0,740.0,719.0999755859375,725.0800170898438,164030,NIFTY_NEXT_50,NSE_INDEX,yfinance,1d
2024-05-30,746.8499755859375,746.8499755859375,715.5499877929688,719.5399780273438,227611,NIFTY_NEXT_50,NSE_INDEX,yfinance,1d
2024-05-31,724.5,724.97998046875,712.3400268554688,719.9199829101562,215276,NIFTY_NEXT_50,NSE_INDEX,yfinance,1d
2024-06-03,741.5,751.989990234375,730.0,750.2000122070312,434759,NIFTY_NEXT_50,NSE_INDEX,yfinance,1d
2024-06-04,749.7000122070312,769.0,651.989990234375,740.260009765625,1549840,NIFTY_NEXT_50,NSE_INDEX,yfinance,1d
2024-06-05,736.0,750.0,682.0499877929688,712.3499755859375,1081909,NIFTY_NEXT_50,NSE_INDEX,yfinance,1d
2024-06-06,724.7000122070312,732.719970703125,702.0,726.6699829101562,353016,NIFTY_NEXT_50,NSE_INDEX,yfinance,1d
2024-06-07,748.4500122070312,748.4500122070312,720.510009765625,736.5599975585938,302294,NIFTY_NEXT_50,NSE_INDEX,yfinance,1d
2024-06-10,741.5,745.0,733.5499877929688,742.9000244140625,226240,NIFTY_NEXT_50,NSE_INDEX,yfinance,1d
2024-06-11,747.7000122070312,747.7000122070312,741.0,742.219970703125,178970,NIFTY_NEXT_50,NSE_INDEX,yfinance,1d
2024-06-12,736.25,748.3300170898438,736.25,747.510009765625,186639,NIFTY_NEXT_50,NSE_INDEX,yfinance,1d
2024-06-13,754.1500244140625,754.72998046875,736.5999755859375,753.8200073242188,342093,NIFTY_NEXT_50,NSE_INDEX,yfinance,1d
2024-06-14,763.0999755859375,765.9199829101562,744.3099975585938,764.4000244140625,265979,NIFTY_NEXT_50,NSE_INDEX,yfinance,1d
2024-06-18,770.7899780273438,770.7999877929688,755.2999877929688,768.8900146484375,271496,NIFTY_NEXT_50,NSE_INDEX,yfinance,1d
2024-06-19,780.2999877929688,780.2999877929688,755.0999755859375,762.0999755859375,279413,NIFTY_NEXT_50,NSE_INDEX,yfinance,1d
2024-06-20,772.0999755859375,772.0999755859375,756.4500122070312,762.8699951171875,187545,NIFTY_NEXT_50,NSE_INDEX,yfinance,1d
2024-06-21,785.75,785.75,756.1300048828125,757.5800170898438,169097,NIFTY_NEXT_50,NSE_INDEX,yfinance,1d
2024-06-24,759.2999877929688,762.9600219726562,750.5599975585938,761.9400024414062,291966,NIFTY_NEXT_50,NSE_INDEX,yfinance,1d
2024-06-25,761.9400024414062,765.7000122070312,758.3499755859375,759.760009765625,174941,NIFTY_NEXT_50,NSE_INDEX,yfinance,1d
2024-06-26,764.7999877929688,764.7999877929688,756.3499755859375,759.0999755859375,148561,NIFTY_NEXT_50,NSE_INDEX,yfinance,1d
2024-06-27,761.8400268554688,762.469970703125,752.3099975585938,759.0900268554688,174210,NIFTY_NEXT_50,NSE_INDEX,yfinance,1d
2024-06-28,764.7999877929688,764.7999877929688,758.2000122070312,761.0399780273438,165456,NIFTY_NEXT_50,NSE_INDEX,yfinance,1d
2024-07-01,757.260009765625,769.0,757.25,767.8699951171875,422216,NIFTY_NEXT_50,NSE_INDEX,yfinance,1d
2024-07-02,790.9000244140625,790.9000244140625,756.3499755859375,767.7899780273438,291238,NIFTY_NEXT_50,NSE_INDEX,yfinance,1d
2024-07-03,768.0999755859375,775.7899780273438,757.2999877929688,772.8599853515625,211149,NIFTY_NEXT_50,NSE_INDEX,yfinance,1d
2024-07-04,757.02001953125,779.0900268554688,755.0999755859375,776.9199829101562,231721,NIFTY_NEXT_50,NSE_INDEX,yfinance,1d
2024-07-05,779.5900268554688,783.77001953125,772.5,783.1699829101562,183325,NIFTY_NEXT_50,NSE_INDEX,yfinance,1d
2024-07-08,783.2000122070312,787.0,780.1400146484375,783.9199829101562,262570,NIFTY_NEXT_50,NSE_INDEX,yfinance,1d
2024-07-09,787.489990234375,788.8499755859375,782.0,787.0700073242188,237873,NIFTY_NEXT_50,NSE_INDEX,yfinance,1d
2024-07-10,810.7000122070312,810.7000122070312,770.0999755859375,787.260009765625,303765,NIFTY_NEXT_50,NSE_INDEX,yfinance,1d
2024-07-11,790.7000122070312,790.9000244140625,776.2999877929688,789.2100219726562,121508,NIFTY_NEXT_50,NSE_INDEX,yfinance,1d
2024-07-12,789.25,793.0,782.9199829101562,786.1699829101562,207789,NIFTY_NEXT_50,NSE_INDEX,yfinance,1d
2024-07-15,809.75,809.75,774.2999877929688,792.2899780273438,169727,NIFTY_NEXT_50,NSE_INDEX,yfinance,1d
2024-07-16,795.5,795.5,786.7100219726562,788.239990234375,227503,NIFTY_NEXT_50,NSE_INDEX,yfinance,1d
2024-07-18,811.9000244140625,811.9000244140625,764.5999755859375,779.489990234375,352169,NIFTY_NEXT_50,NSE_INDEX,yfinance,1d
2024-07-19,802.8499755859375,802.8499755859375,760.0,761.4099731445312,514021,NIFTY_NEXT_50,NSE_INDEX,yfinance,1d
2024-07-22,779.97998046875,779.97998046875,751.0999755859375,770.1799926757812,232378,NIFTY_NEXT_50,NSE_INDEX,yfinance,1d
2024-07-23,772.0,774.7000122070312,736.8900146484375,764.4500122070312,474819,NIFTY_NEXT_50,NSE_INDEX,yfinance,1d
2024-07-24,760.0,769.52001953125,760.0,766.0399780273438,191560,NIFTY_NEXT_50,NSE_INDEX,yfinance,1d
2024-07-25,789.0,789.0,751.0999755859375,768.530029296875,291032,NIFTY_NEXT_50,NSE_INDEX,yfinance,1d
2024-07-26,775.0,785.0800170898438,753.02001953125,782.52001953125,411420,NIFTY_NEXT_50,NSE_INDEX,yfinance,1d
2024-07-29,792.5999755859375,792.5999755859375,782.8900146484375,790.1300048828125,249256,NIFTY_NEXT_50,NSE_INDEX,yfinance,1d
2024-07-30,775.02001953125,793.7999877929688,766.4500122070312,789.22998046875,129511,NIFTY_NEXT_50,NSE_INDEX,yfinance,1d
2024-07-31,812.9000244140625,812.9000244140625,785.0,794.510009765625,148376,NIFTY_NEXT_50,NSE_INDEX,yfinance,1d
2024-08-01,795.2000122070312,799.0,787.1099853515625,791.5,192589,NIFTY_NEXT_50,NSE_INDEX,yfinance,1d
2024-08-02,781.5499877929688,792.0,781.5499877929688,782.8699951171875,339839,NIFTY_NEXT_50,NSE_INDEX,yfinance,1d
2024-08-05,806.3499755859375,806.3499755859375,750.280029296875,767.489990234375,800045,NIFTY_NEXT_50,NSE_INDEX,yfinance,1d
2024-08-06,745.02001953125,775.7999877929688,745.02001953125,749.8200073242188,510202,NIFTY_NEXT_50,NSE_INDEX,yfinance,1d
2024-08-07,762.0,771.030029296875,741.0,769.9400024414062,254394,NIFTY_NEXT_50,NSE_INDEX,yfinance,1d
2024-08-08,776.0,776.0,755.25,767.0,169102,NIFTY_NEXT_50,NSE_INDEX,yfinance,1d
2024-08-09,777.7999877929688,779.1599731445312,768.4299926757812,775.0399780273438,269482,NIFTY_NEXT_50,NSE_INDEX,yfinance,1d
2024-08-12,778.5,779.5,767.5,772.4500122070312,221899,NIFTY_NEXT_50,NSE_INDEX,yfinance,1d
2024-08-13,776.8499755859375,776.8499755859375,763.2000122070312,764.1699829101562,192442,NIFTY_NEXT_50,NSE_INDEX,yfinance,1d
2024-08-14,767.7000122070312,767.7000122070312,759.010009765625,765.1699829101562,151985,NIFTY_NEXT_50,NSE_INDEX,yfinance,1d
2024-08-16,773.5,779.0,767.0,776.4600219726562,207434,NIFTY_NEXT_50,NSE_INDEX,yfinance,1d
2024-08-19,753.1500244140625,783.5999755859375,753.1500244140625,781.4099731445312,167984,NIFTY_NEXT_50,NSE_INDEX,yfinance,1d
2024-08-20,789.0,789.3099975585938,773.0,788.8900146484375,155852,NIFTY_NEXT_50,NSE_INDEX,yfinance,1d
2024-08-21,791.9000244140625,792.0,786.3499755859375,791.3699951171875,302199,NIFTY_NEXT_50,NSE_INDEX,yfinance,1d
2024-08-22,791.3699951171875,797.5,790.0999755859375,796.8300170898438,372576,NIFTY_NEXT_50,NSE_INDEX,yfinance,1d
2024-08-23,796.7999877929688,799.5999755859375,793.75,794.52001953125,280701,NIFTY_NEXT_50,NSE_INDEX,yfinance,1d
2024-08-26,799.5,800.5,794.52001953125,798.219970703125,171308,NIFTY_NEXT_50,NSE_INDEX,yfinance,1d
2024-08-27,799.0,799.4299926757812,774.25,798.8800048828125,121471,NIFTY_NEXT_50,NSE_INDEX,yfinance,1d
2024-08-28,797.0999755859375,802.7000122070312,796.7999877929688,800.6099853515625,158950,NIFTY_NEXT_50,NSE_INDEX,yfinance,1d
2024-08-29,824.6500244140625,824.6500244140625,793.3499755859375,799.030029296875,148185,NIFTY_NEXT_50,NSE_INDEX,yfinance,1d
2024-08-30,799.030029296875,803.7000122070312,775.0499877929688,801.7999877929688,148349,NIFTY_NEXT_50,NSE_INDEX,yfinance,1d
2024-09-02,825.8499755859375,825.8499755859375,777.75,802.489990234375,203669,NIFTY_NEXT_50,NSE_INDEX,yfinance,1d
2024-09-03,805.5,806.5,801.1500244140625,803.5800170898438,181042,NIFTY_NEXT_50,NSE_INDEX,yfinance,1d
2024-09-04,804.5,806.6599731445312,790.9500122070312,805.530029296875,201989,NIFTY_NEXT_50,NSE_INDEX,yfinance,1d
2024-09-05,808.0,829.7000122070312,781.3499755859375,803.2000122070312,507098,NIFTY_NEXT_50,NSE_INDEX,yfinance,1d
2024-09-06,827.2999877929688,827.2999877929688,790.0,795.7899780273438,217125,NIFTY_NEXT_50,NSE_INDEX,yfinance,1d
2024-09-09,798.5,798.5,785.4600219726562,796.0700073242188,246093,NIFTY_NEXT_50,NSE_INDEX,yfinance,1d
2024-09-10,806.0,806.0,795.510009765625,798.0999755859375,136986,NIFTY_NEXT_50,NSE_INDEX,yfinance,1d
2024-09-11,800.7999877929688,801.8699951171875,792.010009765625,793.8099975585938,126957,NIFTY_NEXT_50,NSE_INDEX,yfinance,1d
2024-09-12,799.5,804.219970703125,796.0999755859375,803.5599975585938,139739,NIFTY_NEXT_50,NSE_INDEX,yfinance,1d
2024-09-13,805.0,807.989990234375,803.3099975585938,804.2899780273438,135687,NIFTY_NEXT_50,NSE_INDEX,yfinance,1d
2024-09-16,808.7999877929688,808.7999877929688,803.3499755859375,804.2899780273438,177087,NIFTY_NEXT_50,NSE_INDEX,yfinance,1d
2024-09-17,780.1500244140625,809.7999877929688,780.1500244140625,803.1400146484375,138931,NIFTY_NEXT_50,NSE_INDEX,yfinance,1d
2024-09-18,827.25,830.0,795.25,800.1500244140625,155079,NIFTY_NEXT_50,NSE_INDEX,yfinance,1d
2024-09-19,791.0,809.0,782.5499877929688,794.8099975585938,414579,NIFTY_NEXT_50,NSE_INDEX,yfinance,1d
2024-09-20,798.7999877929688,806.5900268554688,794.0999755859375,804.5800170898438,197101,NIFTY_NEXT_50,NSE_INDEX,yfinance,1d
2024-09-23,805.0,817.0999755859375,786.25,816.3800048828125,310470,NIFTY_NEXT_50,NSE_INDEX,yfinance,1d
2024-09-24,819.8400268554688,819.8499755859375,806.2999877929688,817.280029296875,181100,NIFTY_NEXT_50,NSE_INDEX,yfinance,1d
2024-09-25,812.0,819.7000122070312,810.9000244140625,814.8499755859375,150285,NIFTY_NEXT_50,NSE_INDEX,yfinance,1d
2024-09-26,817.97998046875,820.75,811.25,819.9400024414062,147066,NIFTY_NEXT_50,NSE_INDEX,yfinance,1d
2024-09-27,822.7000122070312,827.7999877929688,817.0,825.8599853515625,153161,NIFTY_NEXT_50,NSE_INDEX,yfinance,1d
2024-09-30,826.989990234375,828.6500244140625,820.010009765625,821.5999755859375,248333,NIFTY_NEXT_50,NSE_INDEX,yfinance,1d
2024-10-01,824.7999877929688,825.1500244140625,818.3699951171875,821.8300170898438,374051,NIFTY_NEXT_50,NSE_INDEX,yfinance,1d
2024-10-03,820.7999877929688,820.7999877929688,801.3900146484375,807.6300048828125,526815,NIFTY_NEXT_50,NSE_INDEX,yfinance,1d
2024-10-04,801.3499755859375,810.9000244140625,792.25,803.2000122070312,424012,NIFTY_NEXT_50,NSE_INDEX,yfinance,1d
2024-10-07,807.6900024414062,807.7000122070312,772.8599853515625,784.969970703125,907931,NIFTY_NEXT_50,NSE_INDEX,yfinance,1d
2024-10-08,793.969970703125,797.6599731445312,773.2000122070312,796.030029296875,321118,NIFTY_NEXT_50,NSE_INDEX,yfinance,1d
2024-10-09,801.8499755859375,810.0,786.3499755859375,804.7000122070312,248201,NIFTY_NEXT_50,NSE_INDEX,yfinance,1d
2024-10-10,828.8499755859375,828.8499755859375,802.0,803.2999877929688,153130,NIFTY_NEXT_50,NSE_INDEX,yfinance,1d
2024-10-11,806.5,806.5,779.1900024414062,804.1500244140625,106406,NIFTY_NEXT_50,NSE_INDEX,yfinance,1d
2024-10-14,808.5,808.5,803.260009765625,807.010009765625,151410,NIFTY_NEXT_50,NSE_INDEX,yfinance,1d
2024-10-15,804.25,811.5,804.25,809.4500122070312,193297,NIFTY_NEXT_50,NSE_INDEX,yfinance,1d
2024-10-16,809.4299926757812,811.9000244140625,804.0,807.8099975585938,197453,NIFTY_NEXT_50,NSE_INDEX,yfinance,1d
2024-10-17,810.5,810.5,789.0,789.9099731445312,459686,NIFTY_NEXT_50,NSE_INDEX,yfinance,1d
2024-10-18,792.7999877929688,794.219970703125,780.510009765625,792.989990234375,273906,NIFTY_NEXT_50,NSE_INDEX,yfinance,1d
2024-10-21,816.7999877929688,816.7999877929688,781.02001953125,781.989990234375,325284,NIFTY_NEXT_50,NSE_INDEX,yfinance,1d
2024-10-22,784.7999877929688,786.8699951171875,758.0,759.5499877929688,680772,NIFTY_NEXT_50,NSE_INDEX,yfinance,1d
2024-10-23,764.5499877929688,764.8099975585938,749.6599731445312,757.3099975585938,427531,NIFTY_NEXT_50,NSE_INDEX,yfinance,1d
2024-10-24,762.7999877929688,762.7999877929688,752.8900146484375,753.6699829101562,387006,NIFTY_NEXT_50,NSE_INDEX,yfinance,1d
2024-10-25,776.2999877929688,776.2999877929688,734.3599853515625,744.489990234375,535364,NIFTY_NEXT_50,NSE_INDEX,yfinance,1d
2024-10-28,766.7999877929688,766.7999877929688,730.02001953125,747.72998046875,353822,NIFTY_NEXT_50,NSE_INDEX,yfinance,1d
2024-10-29,751.5,753.5999755859375,737.5,752.77001953125,235014,NIFTY_NEXT_50,NSE_INDEX,yfinance,1d
2024-10-30,755.5,756.530029296875,747.2000122070312,749.9099731445312,199333,NIFTY_NEXT_50,NSE_INDEX,yfinance,1d
2024-10-31,751.7999877929688,751.7999877929688,744.1500244140625,746.5900268554688,176289,NIFTY_NEXT_50,NSE_INDEX,yfinance,1d
2024-11-01,746.5900268554688,746.5900268554688,746.5900268554688,746.5900268554688,0,NIFTY_NEXT_50,NSE_INDEX,yfinance,1d
2024-11-04,778.75,778.75,733.4000244140625,741.010009765625,544329,NIFTY_NEXT_50,NSE_INDEX,yfinance,1d
2024-11-05,754.0,754.0,731.0,744.9600219726562,319271,NIFTY_NEXT_50,NSE_INDEX,yfinance,1d
2024-11-06,754.0,763.2000122070312,733.0,762.02001953125,391823,NIFTY_NEXT_50,NSE_INDEX,yfinance,1d
2024-11-07,784.9000244140625,798.9400024414062,739.1500244140625,753.9000244140625,222106,NIFTY_NEXT_50,NSE_INDEX,yfinance,1d
2024-11-08,770.0,776.5,743.0,744.969970703125,191280,NIFTY_NEXT_50,NSE_INDEX,yfinance,1d
2024-11-11,725.02001953125,753.6199951171875,725.02001953125,747.4099731445312,239459,NIFTY_NEXT_50,NSE_INDEX,yfinance,1d
2024-11-12,753.7000122070312,753.7000122070312,729.2100219726562,730.8499755859375,399623,NIFTY_NEXT_50,NSE_INDEX,yfinance,1d
2024-11-13,752.7999877929688,752.7999877929688,708.9000244140625,717.1599731445312,531016,NIFTY_NEXT_50,NSE_INDEX,yfinance,1d
2024-11-14,738.6500244140625,738.6500244140625,705.3499755859375,720.3900146484375,270469,NIFTY_NEXT_50,NSE_INDEX,yfinance,1d
2024-11-18,698.7999877929688,734.0999755859375,698.7999877929688,719.719970703125,360782,NIFTY_NEXT_50,NSE_INDEX,yfinance,1d
2024-11-19,741.2999877929688,741.2999877929688,720.0499877929688,723.5700073242188,236325,NIFTY_NEXT_50,NSE_INDEX,yfinance,1d
2024-11-21,728.5,728.5,705.0999755859375,713.25,441139,NIFTY_NEXT_50,NSE_INDEX,yfinance,1d
2024-11-22,734.6500244140625,734.6500244140625,697.25,726.3300170898438,322547,NIFTY_NEXT_50,NSE_INDEX,yfinance,1d
2024-11-25,743.0,745.0700073242188,704.5499877929688,740.8400268554688,435308,NIFTY_NEXT_50,NSE_INDEX,yfinance,1d
2024-11-26,745.7999877929688,745.7999877929688,735.260009765625,742.52001953125,214116,NIFTY_NEXT_50,NSE_INDEX,yfinance,1d
2024-11-27,764.7999877929688,764.7999877929688,735.1099853515625,749.3099975585938,220932,NIFTY_NEXT_50,NSE_INDEX,yfinance,1d
2024-11-28,753.5,756.0999755859375,745.25,750.1599731445312,200986,NIFTY_NEXT_50,NSE_INDEX,yfinance,1d
2024-11-29,753.7999877929688,757.4299926757812,745.5499877929688,754.97998046875,133510,NIFTY_NEXT_50,NSE_INDEX,yfinance,1d
2024-12-02,774.2000122070312,774.2000122070312,747.0,759.9500122070312,242685,NIFTY_NEXT_50,NSE_INDEX,yfinance,1d
2024-12-03,764.7000122070312,768.3400268554688,755.239990234375,767.9400024414062,247786,NIFTY_NEXT_50,NSE_INDEX,yfinance,1d
2024-12-04,771.7000122070312,772.27001953125,763.5499877929688,771.3800048828125,212631,NIFTY_NEXT_50,NSE_INDEX,yfinance,1d
2024-12-05,755.0,775.5999755859375,748.25,773.469970703125,208389,NIFTY_NEXT_50,NSE_INDEX,yfinance,1d
2024-12-06,792.4000244140625,792.4000244140625,768.25,778.5,216151,NIFTY_NEXT_50,NSE_INDEX,yfinance,1d
2024-12-09,782.7999877929688,782.7999877929688,772.5,776.5,200415,NIFTY_NEXT_50,NSE_INDEX,yfinance,1d
2024-12-10,780.5,780.9000244140625,773.5499877929688,780.6199951171875,192396,NIFTY_NEXT_50,NSE_INDEX,yfinance,1d
2024-12-11,780.6199951171875,783.5,757.2000122070312,782.1599731445312,177892,NIFTY_NEXT_50,NSE_INDEX,yfinance,1d
2024-12-12,772.2000122070312,787.969970703125,772.2000122070312,780.239990234375,164570,NIFTY_NEXT_50,NSE_INDEX,yfinance,1d
2024-12-13,803.6500244140625,803.6500244140625,756.8499755859375,779.0599975585938,269120,NIFTY_NEXT_50,NSE_INDEX,yfinance,1d
2024-12-16,782.5,782.5,775.25,781.280029296875,226580,NIFTY_NEXT_50,NSE_INDEX,yfinance,1d
2024-12-17,776.25,782.9000244140625,769.4400024414062,771.0900268554688,238899,NIFTY_NEXT_50,NSE_INDEX,yfinance,1d
2024-12-18,794.2000122070312,794.2000122070312,759.0,760.8900146484375,250684,NIFTY_NEXT_50,NSE_INDEX,yfinance,1d
2024-12-19,738.0499877929688,756.2000122070312,738.0499877929688,754.1799926757812,295978,NIFTY_NEXT_50,NSE_INDEX,yfinance,1d
2024-12-20,750.0999755859375,757.8200073242188,732.27001953125,734.2100219726562,328622,NIFTY_NEXT_50,NSE_INDEX,yfinance,1d
2024-12-23,741.9000244140625,741.9000244140625,720.02001953125,735.77001953125,242772,NIFTY_NEXT_50,NSE_INDEX,yfinance,1d
2024-12-24,713.7000122070312,739.989990234375,713.7000122070312,736.2100219726562,161172,NIFTY_NEXT_50,NSE_INDEX,yfinance,1d
2024-12-26,739.7999877929688,739.9500122070312,733.8599853515625,738.219970703125,214428,NIFTY_NEXT_50,NSE_INDEX,yfinance,1d
2024-12-27,716.0499877929688,757.3800048828125,716.0499877929688,733.0399780273438,157947,NIFTY_NEXT_50,NSE_INDEX,yfinance,1d
2024-12-30,755.0499877929688,755.0499877929688,720.3900146484375,727.5,241638,NIFTY_NEXT_50,NSE_INDEX,yfinance,1d
2024-12-31,712.02001953125,745.25,712.02001953125,726.989990234375,234575,NIFTY_NEXT_50,NSE_INDEX,yfinance,1d
2025-01-01,748.7999877929688,748.7999877929688,724.3499755859375,729.5499877929688,336470,NIFTY_NEXT_50,NSE_INDEX,yfinance,1d
2025-01-02,724.27001953125,751.4500122070312,724.27001953125,738.739990234375,196273,NIFTY_NEXT_50,NSE_INDEX,yfinance,1d
2025-01-03,716.5999755859375,750.0,716.5999755859375,739.8400268554688,158570,NIFTY_NEXT_50,NSE_INDEX,yfinance,1d
2025-01-06,717.6500244140625,744.7999877929688,714.0499877929688,717.1599731445312,558805,NIFTY_NEXT_50,NSE_INDEX,yfinance,1d
2025-01-07,738.6500244140625,738.6500244140625,712.0,715.7000122070312,256257,NIFTY_NEXT_50,NSE_INDEX,yfinance,1d
2025-01-08,726.0,726.0,704.3099975585938,709.7999877929688,339961,NIFTY_NEXT_50,NSE_INDEX,yfinance,1d
2025-01-09,713.7000122070312,713.7000122070312,688.5,700.969970703125,289225,NIFTY_NEXT_50,NSE_INDEX,yfinance,1d
2025-01-10,705.5,705.5,685.9000244140625,687.8300170898438,587849,NIFTY_NEXT_50,NSE_INDEX,yfinance,1d
2025-01-13,691.0,700.0999755859375,656.010009765625,660.9099731445312,1163898,NIFTY_NEXT_50,NSE_INDEX,yfinance,1d
2025-01-14,671.7000122070312,676.3699951171875,661.1500244140625,674.6199951171875,515655,NIFTY_NEXT_50,NSE_INDEX,yfinance,1d
2025-01-15,694.8499755859375,694.8499755859375,671.2100219726562,680.27001953125,334298,NIFTY_NEXT_50,NSE_INDEX,yfinance,1d
2025-01-16,666.0,693.6400146484375,666.0,689.3200073242188,256893,NIFTY_NEXT_50,NSE_INDEX,yfinance,1d
2025-01-17,692.4000244140625,699.7000122070312,684.25,695.8300170898438,230618,NIFTY_NEXT_50,NSE_INDEX,yfinance,1d
2025-01-20,705.0,705.0,691.760009765625,696.5700073242188,298966,NIFTY_NEXT_50,NSE_INDEX,yfinance,1d
2025-01-21,699.5999755859375,699.5999755859375,675.0999755859375,678.2999877929688,697277,NIFTY_NEXT_50,NSE_INDEX,yfinance,1d
2025-01-22,698.6500244140625,698.6500244140625,661.760009765625,672.25,525912,NIFTY_NEXT_50,NSE_INDEX,yfinance,1d
2025-01-23,685.2000122070312,685.2000122070312,661.0,679.0,290988,NIFTY_NEXT_50,NSE_INDEX,yfinance,1d
2025-01-24,682.7899780273438,682.7999877929688,667.0,668.3400268554688,390661,NIFTY_NEXT_50,NSE_INDEX,yfinance,1d
2025-01-27,688.4000244140625,688.4000244140625,648.0,649.719970703125,817673,NIFTY_NEXT_50,NSE_INDEX,yfinance,1d
2025-01-28,666.0,666.0,637.5,651.510009765625,529416,NIFTY_NEXT_50,NSE_INDEX,yfinance,1d
2025-01-29,671.0499877929688,671.0499877929688,640.0,664.3699951171875,304266,NIFTY_NEXT_50,NSE_INDEX,yfinance,1d
2025-01-30,684.2999877929688,684.2999877929688,655.0,664.989990234375,557135,NIFTY_NEXT_50,NSE_INDEX,yfinance,1d
2025-01-31,678.0,680.0,650.0,676.9099731445312,354916,NIFTY_NEXT_50,NSE_INDEX,yfinance,1d
2025-02-01,697.2000122070312,697.2000122070312,668.9099731445312,678.72998046875,363222,NIFTY_NEXT_50,NSE_INDEX,yfinance,1d
2025-02-03,677.7000122070312,679.2000122070312,664.1099853515625,669.6599731445312,479375,NIFTY_NEXT_50,NSE_INDEX,yfinance,1d
2025-02-04,685.0,685.0,670.0700073242188,680.3900146484375,288606,NIFTY_NEXT_50,NSE_INDEX,yfinance,1d
2025-02-05,685.0,690.0,680.4000244140625,684.5499877929688,264501,NIFTY_NEXT_50,NSE_INDEX,yfinance,1d
2025-02-06,705.0999755859375,705.0999755859375,677.4600219726562,679.3800048828125,270504,NIFTY_NEXT_50,NSE_INDEX,yfinance,1d
2025-02-07,697.0,697.0,672.77001953125,679.7100219726562,223146,NIFTY_NEXT_50,NSE_INDEX,yfinance,1d
2025-02-10,691.9000244140625,691.9000244140625,664.7000122070312,667.3099975585938,381669,NIFTY_NEXT_50,NSE_INDEX,yfinance,1d
2025-02-11,682.0,682.0,647.2899780273438,650.3800048828125,1031129,NIFTY_NEXT_50,NSE_INDEX,yfinance,1d
2025-02-12,654.5,654.5,632.5999755859375,650.75,772405,NIFTY_NEXT_50,NSE_INDEX,yfinance,1d
2025-02-13,665.0,665.0,634.0,651.9400024414062,421091,NIFTY_NEXT_50,NSE_INDEX,yfinance,1d
2025-02-14,663.4500122070312,663.4500122070312,632.1099853515625,637.510009765625,637988,NIFTY_NEXT_50,NSE_INDEX,yfinance,1d
2025-02-17,640.7000122070312,640.7000122070312,624.0,635.6500244140625,667908,NIFTY_NEXT_50,NSE_INDEX,yfinance,1d
2025-02-18,639.5,641.0,629.0999755859375,636.8800048828125,402268,NIFTY_NEXT_50,NSE_INDEX,yfinance,1d
2025-02-19,656.0,656.0,621.02001953125,643.9400024414062,358229,NIFTY_NEXT_50,NSE_INDEX,yfinance,1d
2025-02-20,650.0,653.5399780273438,630.0,653.219970703125,286368,NIFTY_NEXT_50,NSE_INDEX,yfinance,1d
2025-02-21,653.219970703125,672.7999877929688,633.0,647.2100219726562,361960,NIFTY_NEXT_50,NSE_INDEX,yfinance,1d
2025-02-24,647.0,647.0,630.0,639.760009765625,429138,NIFTY_NEXT_50,NSE_INDEX,yfinance,1d
2025-02-25,642.7999877929688,642.7999877929688,633.6699829101562,634.8400268554688,430142,NIFTY_NEXT_50,NSE_INDEX,yfinance,1d
2025-02-27,620.0,650.0,620.0,629.1099853515625,401292,NIFTY_NEXT_50,NSE_INDEX,yfinance,1d
2025-02-28,628.0,628.0,609.25,612.0800170898438,1043197,NIFTY_NEXT_50,NSE_INDEX,yfinance,1d
2025-03-03,630.4500122070312,630.4500122070312,595.0,616.280029296875,831868,NIFTY_NEXT_50,NSE_INDEX,yfinance,1d
2025-03-04,634.75,634.75,607.260009765625,620.3599853515625,655731,NIFTY_NEXT_50,NSE_INDEX,yfinance,1d
2025-03-05,638.9500122070312,638.9500122070312,618.1699829101562,636.1400146484375,584674,NIFTY_NEXT_50,NSE_INDEX,yfinance,1d
2025-03-06,655.2000122070312,655.2000122070312,617.0499877929688,643.9400024414062,445447,NIFTY_NEXT_50,NSE_INDEX,yfinance,1d
2025-03-07,646.8499755859375,647.8499755859375,638.8499755859375,641.0900268554688,508970,NIFTY_NEXT_50,NSE_INDEX,yfinance,1d
2025-03-10,646.0,646.0,630.5,631.3900146484375,433765,NIFTY_NEXT_50,NSE_INDEX,yfinance,1d
2025-03-11,632.4000244140625,636.5999755859375,616.0,634.77001953125,437242,NIFTY_NEXT_50,NSE_INDEX,yfinance,1d
2025-03-12,650.0,650.0,626.780029296875,634.6099853515625,502773,NIFTY_NEXT_50,NSE_INDEX,yfinance,1d
2025-03-13,646.0,646.0,630.5999755859375,631.0800170898438,374371,NIFTY_NEXT_50,NSE_INDEX,yfinance,1d
2025-03-17,645.0,645.0,616.02001953125,635.5399780273438,411202,NIFTY_NEXT_50,NSE_INDEX,yfinance,1d
2025-03-18,635.5399780273438,635.5399780273438,635.5399780273438,635.5399780273438,0,NIFTY_NEXT_50,NSE_INDEX,yfinance,1d
2025-03-19,656.5,664.6500244140625,632.8499755859375,662.989990234375,710252,NIFTY_NEXT_50,NSE_INDEX,yfinance,1d
2025-03-20,675.0,675.0,660.0,666.9600219726562,401090,NIFTY_NEXT_50,NSE_INDEX,yfinance,1d
2025-03-21,686.9500122070312,686.9500122070312,655.8499755859375,671.8300170898438,521610,NIFTY_NEXT_50,NSE_INDEX,yfinance,1d
2025-03-24,685.0,687.4400024414062,659.8499755859375,680.5599975585938,557688,NIFTY_NEXT_50,NSE_INDEX,yfinance,1d
2025-03-25,692.5,694.25,669.75,670.719970703125,607446,NIFTY_NEXT_50,NSE_INDEX,yfinance,1d
2025-03-26,650.5999755859375,690.8499755859375,650.5999755859375,667.8900146484375,540572,NIFTY_NEXT_50,NSE_INDEX,yfinance,1d
2025-03-27,687.9500122070312,687.9500122070312,661.0499877929688,676.25,449816,NIFTY_NEXT_50,NSE_INDEX,yfinance,1d
2025-03-28,696.5499877929688,696.5499877929688,655.9500122070312,672.0800170898438,409090,NIFTY_NEXT_50,NSE_INDEX,yfinance,1d
2025-04-01,692.25,692.25,655.02001953125,667.8499755859375,409123,NIFTY_NEXT_50,NSE_INDEX,yfinance,1d
2025-04-02,687.9000244140625,687.9000244140625,662.6199951171875,675.530029296875,288364,NIFTY_NEXT_50,NSE_INDEX,yfinance,1d
2025-04-03,692.0,692.0,660.02001953125,675.7000122070312,341105,NIFTY_NEXT_50,NSE_INDEX,yfinance,1d
2025-04-04,678.989990234375,680.989990234375,655.0999755859375,658.5,670078,NIFTY_NEXT_50,NSE_INDEX,yfinance,1d
2025-04-07,678.25,678.25,620.0,640.0,1812281,NIFTY_NEXT_50,NSE_INDEX,yfinance,1d
2025-04-08,659.2000122070312,659.2000122070312,640.0,651.0900268554688,530625,NIFTY_NEXT_50,NSE_INDEX,yfinance,1d
2025-04-09,666.4500122070312,666.4500122070312,640.0,649.8200073242188,270401,NIFTY_NEXT_50,NSE_INDEX,yfinance,1d
2025-04-11,669.2999877929688,672.0,655.3499755859375,658.3200073242188,486347,NIFTY_NEXT_50,NSE_INDEX,yfinance,1d
2025-04-15,678.25,678.25,663.7000122070312,677.2899780273438,472450,NIFTY_NEXT_50,NSE_INDEX,yfinance,1d
2025-04-16,697.5999755859375,697.5999755859375,673.75,681.3900146484375,345914,NIFTY_NEXT_50,NSE_INDEX,yfinance,1d
2025-04-17,683.7000122070312,687.3300170898438,677.6599731445312,685.5900268554688,439778,NIFTY_NEXT_50,NSE_INDEX,yfinance,1d
2025-04-21,690.0,706.1500244140625,677.3900146484375,698.1599731445312,553717,NIFTY_NEXT_50,NSE_INDEX,yfinance,1d
2025-04-22,708.3499755859375,708.3499755859375,688.3499755859375,699.2999877929688,424652,NIFTY_NEXT_50,NSE_INDEX,yfinance,1d
2025-04-23,699.2999877929688,711.3499755859375,694.260009765625,704.25,401694,NIFTY_NEXT_50,NSE_INDEX,yfinance,1d
2025-04-24,715.0,715.0,683.1199951171875,702.9199829101562,321371,NIFTY_NEXT_50,NSE_INDEX,yfinance,1d
2025-04-25,707.7999877929688,707.7999877929688,681.8599853515625,687.5999755859375,653269,NIFTY_NEXT_50,NSE_INDEX,yfinance,1d
2025-04-28,691.9500122070312,696.1300048828125,683.0999755859375,694.2000122070312,309154,NIFTY_NEXT_50,NSE_INDEX,yfinance,1d
2025-04-29,704.5999755859375,704.5999755859375,690.25,693.4099731445312,298491,NIFTY_NEXT_50,NSE_INDEX,yfinance,1d
2025-04-30,714.2100219726562,714.2100219726562,685.5,688.47998046875,329940,NIFTY_NEXT_50,NSE_INDEX,yfinance,1d
2025-05-02,709.1300048828125,709.1300048828125,684.0999755859375,687.0999755859375,340426,NIFTY_NEXT_50,NSE_INDEX,yfinance,1d
2025-05-05,684.0,699.1400146484375,684.0,698.3900146484375,348555,NIFTY_NEXT_50,NSE_INDEX,yfinance,1d
2025-05-06,714.0,714.0,681.010009765625,683.0800170898438,559849,NIFTY_NEXT_50,NSE_INDEX,yfinance,1d
2025-05-07,670.0,689.9000244140625,670.0,686.3099975585938,511628,NIFTY_NEXT_50,NSE_INDEX,yfinance,1d
2025-05-08,699.0,699.0,669.219970703125,672.1699829101562,451604,NIFTY_NEXT_50,NSE_INDEX,yfinance,1d
2025-05-09,692.3400268554688,692.3400268554688,651.989990234375,670.1500244140625,455182,NIFTY_NEXT_50,NSE_INDEX,yfinance,1d
2025-05-12,683.4000244140625,697.5,675.3499755859375,696.77001953125,667718,NIFTY_NEXT_50,NSE_INDEX,yfinance,1d
2025-05-13,717.6699829101562,717.6699829101562,691.1799926757812,696.72998046875,421131,NIFTY_NEXT_50,NSE_INDEX,yfinance,1d
2025-05-14,707.0,707.0,696.010009765625,701.9099731445312,408676,NIFTY_NEXT_50,NSE_INDEX,yfinance,1d
2025-05-15,722.969970703125,722.969970703125,699.25,708.010009765625,510126,NIFTY_NEXT_50,NSE_INDEX,yfinance,1d
2025-05-16,729.25,729.25,701.3499755859375,718.280029296875,739392,NIFTY_NEXT_50,NSE_INDEX,yfinance,1d
2025-05-19,725.8499755859375,725.8499755859375,716.7000122070312,721.8400268554688,486755,NIFTY_NEXT_50,NSE_INDEX,yfinance,1d
2025-05-20,730.0,730.0,707.72998046875,708.5399780273438,602502,NIFTY_NEXT_50,NSE_INDEX,yfinance,1d
2025-05-21,715.3499755859375,717.0,706.02001953125,716.3699951171875,360637,NIFTY_NEXT_50,NSE_INDEX,yfinance,1d
2025-05-22,727.0,727.0,709.0,713.9199829101562,278142,NIFTY_NEXT_50,NSE_INDEX,yfinance,1d
2025-05-23,720.3499755859375,720.3499755859375,705.3499755859375,717.7999877929688,269910,NIFTY_NEXT_50,NSE_INDEX,yfinance,1d
2025-05-26,717.7999877929688,723.489990234375,717.239990234375,720.8400268554688,216825,NIFTY_NEXT_50,NSE_INDEX,yfinance,1d
2025-05-27,742.469970703125,742.469970703125,713.2000122070312,717.5999755859375,450453,NIFTY_NEXT_50,NSE_INDEX,yfinance,1d
2025-05-28,720.7000122070312,721.0,715.0,715.8900146484375,177290,NIFTY_NEXT_50,NSE_INDEX,yfinance,1d
2025-05-29,724.0,728.3499755859375,715.239990234375,716.9299926757812,286446,NIFTY_NEXT_50,NSE_INDEX,yfinance,1d
2025-05-30,730.989990234375,738.4400024414062,712.02001953125,714.9099731445312,342588,NIFTY_NEXT_50,NSE_INDEX,yfinance,1d
2025-06-02,736.3599853515625,736.3599853515625,700.010009765625,717.5399780273438,275526,NIFTY_NEXT_50,NSE_INDEX,yfinance,1d
2025-06-03,728.0,728.0,713.0999755859375,713.97998046875,357557,NIFTY_NEXT_50,NSE_INDEX,yfinance,1d
2025-06-04,713.0999755859375,716.989990234375,700.0,716.0999755859375,252076,NIFTY_NEXT_50,NSE_INDEX,yfinance,1d
2025-06-05,694.6199951171875,720.9500122070312,694.6199951171875,718.6799926757812,271404,NIFTY_NEXT_50,NSE_INDEX,yfinance,1d
2025-06-06,740.239990234375,740.239990234375,708.510009765625,726.6099853515625,420725,NIFTY_NEXT_50,NSE_INDEX,yfinance,1d
2025-06-09,748.4099731445312,748.4099731445312,714.3499755859375,735.3300170898438,392386,NIFTY_NEXT_50,NSE_INDEX,yfinance,1d
2025-06-10,745.3499755859375,745.3499755859375,732.989990234375,737.4099731445312,330223,NIFTY_NEXT_50,NSE_INDEX,yfinance,1d
2025-06-11,746.0,759.530029296875,730.0599975585938,734.7100219726562,303590,NIFTY_NEXT_50,NSE_INDEX,yfinance,1d
2025-06-12,732.0,743.989990234375,722.0,723.469970703125,464938,NIFTY_NEXT_50,NSE_INDEX,yfinance,1d
2025-06-13,720.3499755859375,720.3499755859375,706.3499755859375,718.0,495630,NIFTY_NEXT_50,NSE_INDEX,yfinance,1d
2025-06-16,728.0,750.989990234375,708.010009765625,722.760009765625,381522,NIFTY_NEXT_50,NSE_INDEX,yfinance,1d
2025-06-17,729.8499755859375,729.8499755859375,716.6900024414062,717.3200073242188,286619,NIFTY_NEXT_50,NSE_INDEX,yfinance,1d
2025-06-18,729.989990234375,729.989990234375,713.5,715.3900146484375,213675,NIFTY_NEXT_50,NSE_INDEX,yfinance,1d
2025-06-19,723.260009765625,723.260009765625,704.4000244140625,705.5499877929688,358236,NIFTY_NEXT_50,NSE_INDEX,yfinance,1d
2025-06-20,698.489990234375,715.989990234375,698.489990234375,714.9400024414062,430404,NIFTY_NEXT_50,NSE_INDEX,yfinance,1d
2025-06-23,721.3499755859375,721.3499755859375,705.010009765625,715.1900024414062,643068,NIFTY_NEXT_50,NSE_INDEX,yfinance,1d
2025-06-24,724.0,726.0,715.0999755859375,721.8400268554688,428732,NIFTY_NEXT_50,NSE_INDEX,yfinance,1d
2025-06-25,721.8400268554688,731.3499755859375,721.6099853515625,725.030029296875,271706,NIFTY_NEXT_50,NSE_INDEX,yfinance,1d
2025-06-26,743.0,743.0,711.0,729.77001953125,295710,NIFTY_NEXT_50,NSE_INDEX,yfinance,1d
2025-06-27,733.8499755859375,735.9500122070312,730.7000122070312,733.9299926757812,448882,NIFTY_NEXT_50,NSE_INDEX,yfinance,1d
2025-06-30,726.5900268554688,739.8499755859375,726.0,736.9500122070312,319436,NIFTY_NEXT_50,NSE_INDEX,yfinance,1d
2025-07-01,714.8400268554688,745.0599975585938,714.8400268554688,736.47998046875,243085,NIFTY_NEXT_50,NSE_INDEX,yfinance,1d
2025-07-02,744.3499755859375,744.3499755859375,731.010009765625,736.27001953125,390733,NIFTY_NEXT_50,NSE_INDEX,yfinance,1d
2025-07-03,744.0,754.6699829101562,728.0,732.8900146484375,273754,NIFTY_NEXT_50,NSE_INDEX,yfinance,1d
2025-07-04,714.5599975585938,751.2100219726562,710.9000244140625,735.6599731445312,1052567,NIFTY_NEXT_50,NSE_INDEX,yfinance,1d
2025-07-07,728.2999877929688,738.0,710.9000244140625,735.6500244140625,513888,NIFTY_NEXT_50,NSE_INDEX,yfinance,1d
2025-07-08,735.5,742.3499755859375,726.0,736.3300170898438,261612,NIFTY_NEXT_50,NSE_INDEX,yfinance,1d
2025-07-09,758.4199829101562,758.4199829101562,731.0,736.219970703125,230953,NIFTY_NEXT_50,NSE_INDEX,yfinance,1d
2025-07-10,755.989990234375,755.989990234375,729.0,734.530029296875,210828,NIFTY_NEXT_50,NSE_INDEX,yfinance,1d
2025-07-11,756.5700073242188,756.5700073242188,727.5399780273438,728.5800170898438,375326,NIFTY_NEXT_50,NSE_INDEX,yfinance,1d
2025-07-14,745.0,745.0,724.5499877929688,731.9199829101562,273432,NIFTY_NEXT_50,NSE_INDEX,yfinance,1d
2025-07-15,731.9199829101562,736.8599853515625,724.0,736.0900268554688,228448,NIFTY_NEXT_50,NSE_INDEX,yfinance,1d
2025-07-16,743.3499755859375,743.3499755859375,728.7000122070312,737.3599853515625,181002,NIFTY_NEXT_50,NSE_INDEX,yfinance,1d
2025-07-17,745.469970703125,745.469970703125,734.1699829101562,736.3900146484375,315351,NIFTY_NEXT_50,NSE_INDEX,yfinance,1d
2025-07-18,717.97998046875,744.489990234375,714.2999877929688,731.7000122070312,277157,NIFTY_NEXT_50,NSE_INDEX,yfinance,1d
2025-07-21,753.6500244140625,753.6500244140625,718.0,734.52001953125,271776,NIFTY_NEXT_50,NSE_INDEX,yfinance,1d
2025-07-22,753.97998046875,753.97998046875,728.280029296875,731.7999877929688,154922,NIFTY_NEXT_50,NSE_INDEX,yfinance,1d
2025-07-23,753.75,753.75,709.8499755859375,732.4600219726562,249810,NIFTY_NEXT_50,NSE_INDEX,yfinance,1d
2025-07-24,754.4299926757812,754.4299926757812,727.9600219726562,731.4500122070312,258831,NIFTY_NEXT_50,NSE_INDEX,yfinance,1d
2025-07-25,753.3900146484375,753.3900146484375,719.5999755859375,720.489990234375,530197,NIFTY_NEXT_50,NSE_INDEX,yfinance,1d
2025-07-28,725.0,728.0599975585938,715.3499755859375,716.4500122070312,333048,NIFTY_NEXT_50,NSE_INDEX,yfinance,1d
2025-07-29,732.3499755859375,732.3499755859375,710.0,722.969970703125,248719,NIFTY_NEXT_50,NSE_INDEX,yfinance,1d
2025-07-30,718.5,730.5,717.1900024414062,723.3499755859375,155713,NIFTY_NEXT_50,NSE_INDEX,yfinance,1d
2025-07-31,731.5999755859375,731.5999755859375,715.0,719.8099975585938,388785,NIFTY_NEXT_50,NSE_INDEX,yfinance,1d
2025-08-01,741.4000244140625,741.4000244140625,709.5800170898438,711.2000122070312,287098,NIFTY_NEXT_50,NSE_INDEX,yfinance,1d
2025-08-04,718.5999755859375,719.3499755859375,704.72998046875,718.989990234375,259298,NIFTY_NEXT_50,NSE_INDEX,yfinance,1d
2025-08-05,740.5599975585938,740.5599975585938,713.7999877929688,716.75,232796,NIFTY_NEXT_50,NSE_INDEX,yfinance,1d
2025-08-06,723.75,728.3499755859375,709.0,711.0800170898438,303648,NIFTY_NEXT_50,NSE_INDEX,yfinance,1d
2025-08-07,715.0,732.4099731445312,700.4099731445312,712.72998046875,381743,NIFTY_NEXT_50,NSE_INDEX,yfinance,1d
2025-08-08,729.0,734.1099853515625,701.0,704.1300048828125,268994,NIFTY_NEXT_50,NSE_INDEX,yfinance,1d
2025-08-11,718.0,718.0,697.1300048828125,711.7000122070312,261331,NIFTY_NEXT_50,NSE_INDEX,yfinance,1d
2025-08-12,713.989990234375,715.0,704.5800170898438,710.8800048828125,212869,NIFTY_NEXT_50,NSE_INDEX,yfinance,1d
2025-08-13,714.8499755859375,717.1099853515625,710.7999877929688,715.97998046875,179928,NIFTY_NEXT_50,NSE_INDEX,yfinance,1d
2025-08-14,705.0,737.4600219726562,705.0,715.239990234375,122570,NIFTY_NEXT_50,NSE_INDEX,yfinance,1d
2025-08-18,715.239990234375,729.0,715.239990234375,724.4099731445312,275260,NIFTY_NEXT_50,NSE_INDEX,yfinance,1d
2025-08-19,717.1699829101562,729.47998046875,717.1699829101562,729.0800170898438,168920,NIFTY_NEXT_50,NSE_INDEX,yfinance,1d
2025-08-20,730.0,733.0,726.25,732.1900024414062,195616,NIFTY_NEXT_50,NSE_INDEX,yfinance,1d
2025-08-21,754.1599731445312,754.1599731445312,726.3300170898438,729.7000122070312,176989,NIFTY_NEXT_50,NSE_INDEX,yfinance,1d
2025-08-22,736.7000122070312,737.0,723.5,725.219970703125,175697,NIFTY_NEXT_50,NSE_INDEX,yfinance,1d
2025-08-25,719.0599975585938,734.3499755859375,703.4600219726562,727.8699951171875,122410,NIFTY_NEXT_50,NSE_INDEX,yfinance,1d
2025-08-26,728.9000244140625,728.9000244140625,717.52001953125,718.5700073242188,335015,NIFTY_NEXT_50,NSE_INDEX,yfinance,1d
2025-08-28,740.1300048828125,740.1300048828125,708.7000122070312,709.469970703125,303050,NIFTY_NEXT_50,NSE_INDEX,yfinance,1d
2025-08-29,708.9500122070312,716.469970703125,702.2999877929688,707.47998046875,338382,NIFTY_NEXT_50,NSE_INDEX,yfinance,1d
2025-09-01,713.0,724.3499755859375,701.469970703125,716.4600219726562,361714,NIFTY_NEXT_50,NSE_INDEX,yfinance,1d
2025-09-02,723.0,723.3499755859375,711.0,719.5999755859375,225075,NIFTY_NEXT_50,NSE_INDEX,yfinance,1d
2025-09-03,730.0,730.0,715.6500244140625,723.8699951171875,197705,NIFTY_NEXT_50,NSE_INDEX,yfinance,1d
2025-09-04,716.0,734.3400268554688,716.0,721.280029296875,285313,NIFTY_NEXT_50,NSE_INDEX,yfinance,1d
2025-09-05,728.0,728.0,717.0,721.1300048828125,202395,NIFTY_NEXT_50,NSE_INDEX,yfinance,1d
2025-09-08,728.0,749.7000122070312,714.25,724.02001953125,189824,NIFTY_NEXT_50,NSE_INDEX,yfinance,1d
2025-09-09,728.510009765625,728.6199951171875,721.1500244140625,724.9400024414062,106407,NIFTY_NEXT_50,NSE_INDEX,yfinance,1d
2025-09-10,733.3499755859375,733.3499755859375,725.5,728.6599731445312,290812,NIFTY_NEXT_50,NSE_INDEX,yfinance,1d
2025-09-11,732.22998046875,732.22998046875,726.3900146484375,729.8800048828125,179990,NIFTY_NEXT_50,NSE_INDEX,yfinance,1d
2025-09-12,735.8499755859375,735.8499755859375,730.0,732.219970703125,135770,NIFTY_NEXT_50,NSE_INDEX,yfinance,1d
2025-09-15,725.0,739.7000122070312,725.0,736.2999877929688,231942,NIFTY_NEXT_50,NSE_INDEX,yfinance,1d
2025-09-16,743.0,743.0,730.5,739.8699951171875,183863,NIFTY_NEXT_50,NSE_INDEX,yfinance,1d
2025-09-17,743.5700073242188,745.1099853515625,734.97998046875,743.0999755859375,260953,NIFTY_NEXT_50,NSE_INDEX,yfinance,1d
2025-09-18,743.0999755859375,746.5499877929688,737.6500244140625,744.9299926757812,204706,NIFTY_NEXT_50,NSE_INDEX,yfinance,1d
2025-09-19,767.280029296875,767.280029296875,739.5,748.75,199109,NIFTY_NEXT_50,NSE_INDEX,yfinance,1d
2025-09-22,754.3499755859375,756.0,743.0,749.8900146484375,404323,NIFTY_NEXT_50,NSE_INDEX,yfinance,1d
2025-09-23,756.8900146484375,758.1099853515625,745.1799926757812,748.219970703125,195576,NIFTY_NEXT_50,NSE_INDEX,yfinance,1d
2025-09-24,748.219970703125,754.5,738.5,740.1900024414062,216221,NIFTY_NEXT_50,NSE_INDEX,yfinance,1d
2025-09-25,743.8900146484375,746.8499755859375,733.5,734.7899780273438,395742,NIFTY_NEXT_50,NSE_INDEX,yfinance,1d
2025-09-26,737.9500122070312,737.9500122070312,721.4000244140625,722.5900268554688,447678,NIFTY_NEXT_50,NSE_INDEX,yfinance,1d
2025-09-29,716.0,729.7100219726562,716.0,728.9500122070312,192028,NIFTY_NEXT_50,NSE_INDEX,yfinance,1d
2025-09-30,734.3499755859375,734.3499755859375,723.1199951171875,729.8599853515625,212521,NIFTY_NEXT_50,NSE_INDEX,yfinance,1d
2025-10-01,737.3499755859375,737.3499755859375,724.02001953125,731.260009765625,372893,NIFTY_NEXT_50,NSE_INDEX,yfinance,1d
2025-10-03,738.0,738.0,724.0,734.7899780273438,273047,NIFTY_NEXT_50,NSE_INDEX,yfinance,1d
2025-10-06,743.3900146484375,743.3900146484375,728.9099731445312,737.510009765625,527557,NIFTY_NEXT_50,NSE_INDEX,yfinance,1d
2025-10-07,759.6400146484375,759.6400146484375,731.6099853515625,736.1599731445312,322704,NIFTY_NEXT_50,NSE_INDEX,yfinance,1d
2025-10-08,743.0,743.0,730.0499877929688,731.1099853515625,234576,NIFTY_NEXT_50,NSE_INDEX,yfinance,1d
2025-10-09,739.0,739.3699951171875,724.0,734.77001953125,171850,NIFTY_NEXT_50,NSE_INDEX,yfinance,1d
2025-10-10,728.0,756.9000244140625,721.0,736.8800048828125,215425,NIFTY_NEXT_50,NSE_INDEX,yfinance,1d
2025-10-13,737.6099853515625,737.9000244140625,731.2100219726562,735.969970703125,240905,NIFTY_NEXT_50,NSE_INDEX,yfinance,1d
2025-10-14,758.0499877929688,758.0499877929688,730.0800170898438,732.22998046875,209280,NIFTY_NEXT_50,NSE_INDEX,yfinance,1d
2025-10-15,733.0,741.72998046875,730.9199829101562,741.1900024414062,289626,NIFTY_NEXT_50,NSE_INDEX,yfinance,1d
2025-10-16,763.4299926757812,763.4299926757812,738.780029296875,745.02001953125,200354,NIFTY_NEXT_50,NSE_INDEX,yfinance,1d
2025-10-17,751.1300048828125,751.1300048828125,739.5,745.469970703125,394356,NIFTY_NEXT_50,NSE_INDEX,yfinance,1d
2025-10-20,753.969970703125,754.0700073242188,741.0,746.7999877929688,277177,NIFTY_NEXT_50,NSE_INDEX,yfinance,1d
2025-10-21,755.0,755.0,741.4199829101562,747.739990234375,126186,NIFTY_NEXT_50,NSE_INDEX,yfinance,1d
2025-10-23,770.1699829101562,777.0,744.5,746.6300048828125,385135,NIFTY_NEXT_50,NSE_INDEX,yfinance,1d
2025-10-27,768.52001953125,768.52001953125,740.5,748.72998046875,230586,NIFTY_NEXT_50,NSE_INDEX,yfinance,1d
2025-10-28,760.0,760.0,736.0,745.0499877929688,193570,NIFTY_NEXT_50,NSE_INDEX,yfinance,1d
2025-10-29,745.0499877929688,754.989990234375,744.0,753.6400146484375,280254,NIFTY_NEXT_50,NSE_INDEX,yfinance,1d
2025-10-30,765.0,772.0,744.989990234375,751.8900146484375,542493,NIFTY_NEXT_50,NSE_INDEX,yfinance,1d
2025-10-31,759.0,759.0,750.0,750.9500122070312,268711,NIFTY_NEXT_50,NSE_INDEX,yfinance,1d
2025-11-03,761.0,763.0,742.9500122070312,757.6799926757812,294200,NIFTY_NEXT_50,NSE_INDEX,yfinance,1d
2025-11-04,763.3499755859375,763.3499755859375,753.489990234375,754.3900146484375,170707,NIFTY_NEXT_50,NSE_INDEX,yfinance,1d
2025-11-06,759.3499755859375,759.3499755859375,745.0,745.7100219726562,342814,NIFTY_NEXT_50,NSE_INDEX,yfinance,1d
2025-11-07,752.97998046875,752.97998046875,735.5900268554688,746.3400268554688,331370,NIFTY_NEXT_50,NSE_INDEX,yfinance,1d
2025-11-10,746.3900146484375,764.8499755859375,741.0,749.469970703125,350221,NIFTY_NEXT_50,NSE_INDEX,yfinance,1d
2025-11-11,752.0900268554688,753.6900024414062,742.7999877929688,749.9099731445312,224895,NIFTY_NEXT_50,NSE_INDEX,yfinance,1d
2025-11-12,757.3499755859375,757.3499755859375,750.2100219726562,751.4299926757812,226514,NIFTY_NEXT_50,NSE_INDEX,yfinance,1d
2025-11-13,754.8900146484375,754.8900146484375,748.9500122070312,751.3300170898438,274128,NIFTY_NEXT_50,NSE_INDEX,yfinance,1d
2025-11-14,773.8699951171875,773.8699951171875,743.8200073242188,750.8800048828125,258929,NIFTY_NEXT_50,NSE_INDEX,yfinance,1d
2025-11-17,755.0,756.0,749.239990234375,754.510009765625,234880,NIFTY_NEXT_50,NSE_INDEX,yfinance,1d
2025-11-18,758.3499755859375,758.3499755859375,748.0,749.5999755859375,271181,NIFTY_NEXT_50,NSE_INDEX,yfinance,1d
2025-11-19,755.0,755.0,745.6099853515625,749.4099731445312,203290,NIFTY_NEXT_50,NSE_INDEX,yfinance,1d
2025-11-20,755.0,755.0,747.2999877929688,748.52001953125,274326,NIFTY_NEXT_50,NSE_INDEX,yfinance,1d
2025-11-21,750.2999877929688,750.2999877929688,738.5,739.0900268554688,379882,NIFTY_NEXT_50,NSE_INDEX,yfinance,1d
2025-11-24,743.989990234375,744.0,731.1500244140625,731.8499755859375,305348,NIFTY_NEXT_50,NSE_INDEX,yfinance,1d
2025-11-25,726.3599853515625,738.4400024414062,726.1599731445312,733.5800170898438,202459,NIFTY_NEXT_50,NSE_INDEX,yfinance,1d
2025-11-26,755.5900268554688,755.5900268554688,730.0,743.8200073242188,260104,NIFTY_NEXT_50,NSE_INDEX,yfinance,1d
2025-11-27,748.0,748.0,741.0999755859375,742.8800048828125,234579,NIFTY_NEXT_50,NSE_INDEX,yfinance,1d
2025-11-28,765.1699829101562,765.1699829101562,740.02001953125,744.1199951171875,176787,NIFTY_NEXT_50,NSE_INDEX,yfinance,1d
2025-12-01,747.2000122070312,748.5900268554688,741.5499877929688,744.8800048828125,368218,NIFTY_NEXT_50,NSE_INDEX,yfinance,1d
2025-12-02,751.5800170898438,751.5800170898438,740.5800170898438,744.3099975585938,214322,NIFTY_NEXT_50,NSE_INDEX,yfinance,1d
2025-12-03,741.5800170898438,747.1400146484375,734.0399780273438,734.489990234375,619394,NIFTY_NEXT_50,NSE_INDEX,yfinance,1d
2025-12-04,740.72998046875,741.489990234375,732.7999877929688,737.8699951171875,227338,NIFTY_NEXT_50,NSE_INDEX,yfinance,1d
2025-12-05,741.0,741.0,733.5,739.6400146484375,305288,NIFTY_NEXT_50,NSE_INDEX,yfinance,1d
2025-12-08,742.6400146484375,744.6400146484375,721.5999755859375,724.489990234375,689033,NIFTY_NEXT_50,NSE_INDEX,yfinance,1d
2025-12-09,727.489990234375,729.489990234375,714.7999877929688,728.77001953125,430196,NIFTY_NEXT_50,NSE_INDEX,yfinance,1d
2025-12-10,732.0,733.8699951171875,723.8099975585938,726.9000244140625,233376,NIFTY_NEXT_50,NSE_INDEX,yfinance,1d
2025-12-11,730.989990234375,732.5,723.1400146484375,731.1500244140625,240011,NIFTY_NEXT_50,NSE_INDEX,yfinance,1d
2025-12-12,734.1500244140625,737.0,730.010009765625,736.4099731445312,295695,NIFTY_NEXT_50,NSE_INDEX,yfinance,1d
2025-12-15,740.0,740.5900268554688,732.0,737.3300170898438,223822,NIFTY_NEXT_50,NSE_INDEX,yfinance,1d
2025-12-16,740.3300170898438,740.3300170898438,728.6799926757812,735.760009765625,201525,NIFTY_NEXT_50,NSE_INDEX,yfinance,1d
2025-12-17,731.0,738.6500244140625,731.0,732.5399780273438,212889,NIFTY_NEXT_50,NSE_INDEX,yfinance,1d
2025-12-18,735.530029296875,736.0,723.5800170898438,729.6799926757812,279324,NIFTY_NEXT_50,NSE_INDEX,yfinance,1d
2025-12-19,734.8281860351562,734.8281860351562,734.8281860351562,734.8281860351562,0,NIFTY_NEXT_50,NSE_INDEX,yfinance,1d
2025-12-22,737.9000244140625,740.0999755859375,734.2000122070312,738.9500122070312,345578,NIFTY_NEXT_50,NSE_INDEX,yfinance,1d
2025-12-23,742.0,745.0,736.0,742.7899780273438,289357,NIFTY_NEXT_50,NSE_INDEX,yfinance,1d
2025-12-24,742.219970703125,745.9600219726562,738.010009765625,741.4199829101562,191512,NIFTY_NEXT_50,NSE_INDEX,yfinance,1d
2025-12-26,744.4099731445312,744.9500122070312,738.0,741.4600219726562,261406,NIFTY_NEXT_50,NSE_INDEX,yfinance,1d
2025-12-29,744.5,744.5,737.1199951171875,738.5800170898438,273211,NIFTY_NEXT_50,NSE_INDEX,yfinance,1d
2025-12-30,741.5800170898438,741.5800170898438,734.0,739.1199951171875,285477,NIFTY_NEXT_50,NSE_INDEX,yfinance,1d
2025-12-31,742.0,746.280029296875,736.1199951171875,744.8800048828125,361355,NIFTY_NEXT_50,NSE_INDEX,yfinance,1d
2026-01-01,745.4000244140625,748.469970703125,743.52001953125,747.760009765625,232825,NIFTY_NEXT_50,NSE_INDEX,yfinance,1d
2026-01-02,750.0,765.0,747.6900024414062,755.8599853515625,426982,NIFTY_NEXT_50,NSE_INDEX,yfinance,1d
2026-01-05,760.0800170898438,760.0800170898438,752.780029296875,756.1199951171875,405269,NIFTY_NEXT_50,NSE_INDEX,yfinance,1d
2026-01-06,760.0,760.3099975585938,752.0499877929688,759.8499755859375,778747,NIFTY_NEXT_50,NSE_INDEX,yfinance,1d
2026-01-07,759.0,762.989990234375,756.8599853515625,760.8400268554688,424559,NIFTY_NEXT_50,NSE_INDEX,yfinance,1d
2026-01-08,762.4400024414062,762.4400024414062,743.4099731445312,744.780029296875,565734,NIFTY_NEXT_50,NSE_INDEX,yfinance,1d
2026-01-09,747.0,748.2999877929688,734.7100219726562,737.3200073242188,517148,NIFTY_NEXT_50,NSE_INDEX,yfinance,1d
2026-01-12,740.0,740.0,728.0599975585938,738.6699829101562,722511,NIFTY_NEXT_50,NSE_INDEX,yfinance,1d
2026-01-13,740.6699829101562,743.8400268554688,731.3499755859375,737.0599975585938,516660,NIFTY_NEXT_50,NSE_INDEX,yfinance,1d
2026-01-14,740.0,745.0,733.760009765625,741.3099975585938,465966,NIFTY_NEXT_50,NSE_INDEX,yfinance,1d
2026-01-15,741.3099975585938,741.3099975585938,741.3099975585938,741.3099975585938,0,NIFTY_NEXT_50,NSE_INDEX,yfinance,1d
2026-01-16,744.0,746.489990234375,736.7000122070312,740.6900024414062,494936,NIFTY_NEXT_50,NSE_INDEX,yfinance,1d
2026-01-19,742.0800170898438,744.5,737.0,738.6300048828125,546844,NIFTY_NEXT_50,NSE_INDEX,yfinance,1d
2026-01-20,738.6300048828125,741.1500244140625,720.010009765625,722.6400146484375,781740,NIFTY_NEXT_50,NSE_INDEX,yfinance,1d
2026-01-21,725.0,725.02001953125,710.1699829101562,719.0900268554688,760440,NIFTY_NEXT_50,NSE_INDEX,yfinance,1d
2026-01-22,722.0,730.9000244140625,716.5900268554688,727.469970703125,284206,NIFTY_NEXT_50,NSE_INDEX,yfinance,1d
2026-01-23,730.7999877929688,730.7999877929688,711.010009765625,713.2999877929688,585613,NIFTY_NEXT_50,NSE_INDEX,yfinance,1d
2026-01-27,714.8200073242188,719.0,709.2000122070312,717.0599975585938,643370,NIFTY_NEXT_50,NSE_INDEX,yfinance,1d
2026-01-28,715.0,733.0,715.0,732.0,499784,NIFTY_NEXT_50,NSE_INDEX,yfinance,1d
2026-01-29,729.0,734.8099975585938,727.2899780273438,733.9500122070312,428250,NIFTY_NEXT_50,NSE_INDEX,yfinance,1d
2026-01-30,735.9500122070312,735.9500122070312,725.0499877929688,729.6099853515625,780267,NIFTY_NEXT_50,NSE_INDEX,yfinance,1d
2026-02-02,721.219970703125,723.0,705.72998046875,721.2100219726562,581845,NIFTY_NEXT_50,NSE_INDEX,yfinance,1d
2026-02-03,739.6699829101562,749.1900024414062,735.0,738.7899780273438,697688,NIFTY_NEXT_50,NSE_INDEX,yfinance,1d
2026-02-04,743.0,744.8900146484375,730.5999755859375,744.0499877929688,425652,NIFTY_NEXT_50,NSE_INDEX,yfinance,1d
2026-02-05,748.0,748.0,735.5999755859375,740.3300170898438,472540,NIFTY_NEXT_50,NSE_INDEX,yfinance,1d
2026-02-06,745.0,745.0,733.0,742.1900024414062,503509,NIFTY_NEXT_50,NSE_INDEX,yfinance,1d
2026-02-09,748.0,749.25,738.0,748.6599731445312,483720,NIFTY_NEXT_50,NSE_INDEX,yfinance,1d
2026-02-10,748.6599731445312,752.760009765625,747.7000122070312,751.6099853515625,393463,NIFTY_NEXT_50,NSE_INDEX,yfinance,1d
2026-02-11,756.8699951171875,756.8699951171875,749.02001953125,753.8499755859375,444562,NIFTY_NEXT_50,NSE_INDEX,yfinance,1d
2026-02-12,757.780029296875,757.780029296875,747.5499877929688,751.0399780273438,248297,NIFTY_NEXT_50,NSE_INDEX,yfinance,1d
2026-02-13,755.0,755.0,737.2100219726562,740.8900146484375,394474,NIFTY_NEXT_50,NSE_INDEX,yfinance,1d
2026-02-16,734.02001953125,763.1199951171875,734.02001953125,747.260009765625,323804,NIFTY_NEXT_50,NSE_INDEX,yfinance,1d
2026-02-17,749.489990234375,751.6900024414062,743.4600219726562,751.27001953125,269258,NIFTY_NEXT_50,NSE_INDEX,yfinance,1d
2026-02-18,758.0,758.0,744.0,755.3599853515625,297119,NIFTY_NEXT_50,NSE_INDEX,yfinance,1d
2026-02-19,765.0,765.0,741.0,743.4400024414062,403130,NIFTY_NEXT_50,NSE_INDEX,yfinance,1d
2026-02-20,745.0800170898438,749.8300170898438,739.010009765625,747.5599975585938,196205,NIFTY_NEXT_50,NSE_INDEX,yfinance,1d
2026-02-23,753.0,753.9500122070312,735.0,749.6699829101562,262382,NIFTY_NEXT_50,NSE_INDEX,yfinance,1d
2026-02-24,756.0,756.0,743.0,750.280029296875,289249,NIFTY_NEXT_50,NSE_INDEX,yfinance,1d
2026-02-25,749.72998046875,757.2000122070312,749.72998046875,756.010009765625,567721,NIFTY_NEXT_50,NSE_INDEX,yfinance,1d
2026-02-26,763.0,763.0,753.5399780273438,758.6699829101562,323640,NIFTY_NEXT_50,NSE_INDEX,yfinance,1d
2026-02-27,758.6699829101562,758.6699829101562,748.0,750.47998046875,408773,NIFTY_NEXT_50,NSE_INDEX,yfinance,1d
2026-03-02,733.0700073242188,753.97998046875,727.0,739.9500122070312,1145821,NIFTY_NEXT_50,NSE_INDEX,yfinance,1d
2026-03-04,762.1500244140625,762.1500244140625,716.260009765625,719.9099731445312,1063556,NIFTY_NEXT_50,NSE_INDEX,yfinance,1d
2026-03-05,726.75,730.7899780273438,698.3099975585938,729.3099975585938,629291,NIFTY_NEXT_50,NSE_INDEX,yfinance,1d
2026-03-06,731.2100219726562,732.6599731445312,707.4299926757812,727.2000122070312,338737,NIFTY_NEXT_50,NSE_INDEX,yfinance,1d
2026-03-09,724.3599853515625,724.3599853515625,700.5499877929688,711.5399780273438,1262872,NIFTY_NEXT_50,NSE_INDEX,yfinance,1d
2026-03-10,720.0,725.7999877929688,712.5,724.260009765625,486275,NIFTY_NEXT_50,NSE_INDEX,yfinance,1d
2026-03-11,728.5,729.0,715.2000122070312,716.6199951171875,551783,NIFTY_NEXT_50,NSE_INDEX,yfinance,1d
2026-03-12,718.97998046875,719.8900146484375,703.510009765625,715.8400268554688,724196,NIFTY_NEXT_50,NSE_INDEX,yfinance,1d
2026-03-13,717.7999877929688,717.7999877929688,696.5999755859375,699.7100219726562,1226236,NIFTY_NEXT_50,NSE_INDEX,yfinance,1d
2026-03-16,692.0,705.9400024414062,684.4099731445312,693.6699829101562,940865,NIFTY_NEXT_50,NSE_INDEX,yfinance,1d
2026-03-17,701.6500244140625,702.0,691.22998046875,700.6099853515625,593145,NIFTY_NEXT_50,NSE_INDEX,yfinance,1d
2026-03-18,706.780029296875,709.4500122070312,697.4299926757812,706.47998046875,838725,NIFTY_NEXT_50,NSE_INDEX,yfinance,1d
2026-03-19,706.5499877929688,706.5499877929688,683.6099853515625,688.1400146484375,1277879,NIFTY_NEXT_50,NSE_INDEX,yfinance,1d
2026-03-20,692.0,699.5,685.0,688.510009765625,547732,NIFTY_NEXT_50,NSE_INDEX,yfinance,1d
2026-03-23,688.6500244140625,688.6500244140625,660.8400268554688,662.1699829101562,1596516,NIFTY_NEXT_50,NSE_INDEX,yfinance,1d
2026-03-24,668.02001953125,679.0,661.7000122070312,672.2899780273438,1004778,NIFTY_NEXT_50,NSE_INDEX,yfinance,1d
2026-03-25,681.0,689.9000244140625,673.5,686.239990234375,569676,NIFTY_NEXT_50,NSE_INDEX,yfinance,1d
2026-03-27,694.489990234375,694.489990234375,670.0,671.0599975585938,862625,NIFTY_NEXT_50,NSE_INDEX,yfinance,1d
2026-03-30,668.3099975585938,668.3099975585938,650.0999755859375,651.9000244140625,1603413,NIFTY_NEXT_50,NSE_INDEX,yfinance,1d
2026-04-01,640.02001953125,675.9000244140625,632.3400268554688,669.6599731445312,541499,NIFTY_NEXT_50,NSE_INDEX,yfinance,1d
2026-04-02,680.0,680.0,647.5,668.77001953125,1040679,NIFTY_NEXT_50,NSE_INDEX,yfinance,1d
2026-04-06,668.4400024414062,677.6699829101562,663.4199829101562,676.8300170898438,1307896,NIFTY_NEXT_50,NSE_INDEX,yfinance,1d
2026-04-07,689.219970703125,689.219970703125,669.0,680.8599853515625,614444,NIFTY_NEXT_50,NSE_INDEX,yfinance,1d
2026-04-08,692.0,714.9500122070312,692.0,713.5399780273438,872931,NIFTY_NEXT_50,NSE_INDEX,yfinance,1d
2026-04-09,723.0,723.0,707.010009765625,713.9199829101562,655578,NIFTY_NEXT_50,NSE_INDEX,yfinance,1d
2026-04-10,720.2899780273438,730.8900146484375,714.780029296875,729.4600219726562,923386,NIFTY_NEXT_50,NSE_INDEX,yfinance,1d
2026-04-13,723.1099853515625,725.489990234375,707.5800170898438,723.5999755859375,714013,NIFTY_NEXT_50,NSE_INDEX,yfinance,1d
2026-04-15,745.3099975585938,745.3099975585938,730.2999877929688,738.6199951171875,585196,NIFTY_NEXT_50,NSE_INDEX,yfinance,1d
2026-04-16,745.2999877929688,747.1699829101562,739.2999877929688,746.1599731445312,604233,NIFTY_NEXT_50,NSE_INDEX,yfinance,1d
2026-04-17,749.7999877929688,758.9400024414062,743.489990234375,757.5999755859375,692841,NIFTY_NEXT_50,NSE_INDEX,yfinance,1d
2026-04-20,756.9500122070312,762.3699951171875,750.0,756.5499877929688,822748,NIFTY_NEXT_50,NSE_INDEX,yfinance,1d
2026-04-21,756.5499877929688,764.9000244140625,756.5499877929688,762.6099853515625,440267,NIFTY_NEXT_50,NSE_INDEX,yfinance,1d
2026-04-22,761.8800048828125,769.7999877929688,759.0,768.27001953125,498602,NIFTY_NEXT_50,NSE_INDEX,yfinance,1d
2026-04-23,767.0,767.0,758.0,759.6500244140625,464203,NIFTY_NEXT_50,NSE_INDEX,yfinance,1d
2026-04-24,765.0,765.0,747.0,754.260009765625,457599,NIFTY_NEXT_50,NSE_INDEX,yfinance,1d
2026-04-27,761.4299926757812,764.2999877929688,755.7999877929688,763.3800048828125,364426,NIFTY_NEXT_50,NSE_INDEX,yfinance,1d
2026-04-28,766.0399780273438,766.0399780273438,760.0999755859375,761.6199951171875,285565,NIFTY_NEXT_50,NSE_INDEX,yfinance,1d
2026-04-29,764.5599975585938,766.27001953125,758.75,759.760009765625,362237,NIFTY_NEXT_50,NSE_INDEX,yfinance,1d
2026-04-30,757.7000122070312,759.1900024414062,745.0999755859375,752.7999877929688,434879,NIFTY_NEXT_50,NSE_INDEX,yfinance,1d
2026-05-01,752.7999877929688,752.7999877929688,752.7999877929688,752.7999877929688,0,NIFTY_NEXT_50,NSE_INDEX,yfinance,1d
2026-05-04,775.3800048828125,775.3800048828125,752.8900146484375,759.219970703125,373904,NIFTY_NEXT_50,NSE_INDEX,yfinance,1d
2026-05-05,762.7999877929688,763.5,750.5499877929688,762.47998046875,240316,NIFTY_NEXT_50,NSE_INDEX,yfinance,1d
2026-05-06,775.0599975585938,775.0599975585938,763.3400268554688,773.0700073242188,365966,NIFTY_NEXT_50,NSE_INDEX,yfinance,1d
2026-05-07,749.8800048828125,777.2999877929688,749.8800048828125,774.969970703125,395842,NIFTY_NEXT_50,NSE_INDEX,yfinance,1d
2026-05-08,760.02001953125,777.219970703125,760.02001953125,771.72998046875,313544,NIFTY_NEXT_50,NSE_INDEX,yfinance,1d
2026-05-11,770.719970703125,770.72998046875,756.260009765625,758.9000244140625,629827,NIFTY_NEXT_50,NSE_INDEX,yfinance,1d
2026-05-12,752.2999877929688,759.9500122070312,738.1500244140625,740.489990234375,686292,NIFTY_NEXT_50,NSE_INDEX,yfinance,1d
2026-05-13,741.989990234375,750.5,732.5,745.8599853515625,510378,NIFTY_NEXT_50,NSE_INDEX,yfinance,1d
2026-05-14,750.2999877929688,754.9000244140625,742.0,753.2000122070312,389199,NIFTY_NEXT_50,NSE_INDEX,yfinance,1d
2026-05-15,755.9000244140625,755.9000244140625,746.510009765625,747.8599853515625,318629,NIFTY_NEXT_50,NSE_INDEX,yfinance,1d
2026-05-18,746.739990234375,746.739990234375,728.6500244140625,740.5999755859375,542569,NIFTY_NEXT_50,NSE_INDEX,yfinance,1d
2026-05-19,738.1199951171875,748.25,738.1099853515625,744.7999877929688,284574,NIFTY_NEXT_50,NSE_INDEX,yfinance,1d
2026-05-20,744.0599975585938,748.5,735.530029296875,747.489990234375,225433,NIFTY_NEXT_50,NSE_INDEX,yfinance,1d
2026-05-21,756.2999877929688,756.2999877929688,748.1500244140625,749.5800170898438,259355,NIFTY_NEXT_50,NSE_INDEX,yfinance,1d
2026-05-22,748.030029296875,768.3200073242188,748.030029296875,753.3599853515625,271801,NIFTY_NEXT_50,NSE_INDEX,yfinance,1d
2026-05-25,755.2999877929688,767.0,755.2999877929688,764.7999877929688,517432,NIFTY_NEXT_50,NSE_INDEX,yfinance,1d
2026-05-26,766.7999877929688,768.7999877929688,762.510009765625,765.6799926757812,378122,NIFTY_NEXT_50,NSE_INDEX,yfinance,1d
2026-05-27,758.1699829101562,776.9400024414062,758.1699829101562,775.1099853515625,485830,NIFTY_NEXT_50,NSE_INDEX,yfinance,1d
2026-05-28,775.1099853515625,775.1099853515625,775.1099853515625,775.1099853515625,0,NIFTY_NEXT_50,NSE_INDEX,yfinance,1d
2026-05-29,759.6099853515625,780.8900146484375,759.6099853515625,767.8599853515625,718861,NIFTY_NEXT_50,NSE_INDEX,yfinance,1d
2026-06-01,772.2899780273438,772.2999877929688,754.0999755859375,755.2000122070312,818907,NIFTY_NEXT_50,NSE_INDEX,yfinance,1d
2026-06-02,753.0,757.8900146484375,747.0,757.3099975585938,541297,NIFTY_NEXT_50,NSE_INDEX,yfinance,1d
2026-06-03,761.2999877929688,761.2999877929688,746.530029296875,753.780029296875,538082,NIFTY_NEXT_50,NSE_INDEX,yfinance,1d
2026-06-04,768.8599853515625,768.8599853515625,747.4600219726562,756.0800170898438,226193,NIFTY_NEXT_50,NSE_INDEX,yfinance,1d
2026-06-05,762.0,762.2999877929688,753.7999877929688,757.760009765625,363807,NIFTY_NEXT_50,NSE_INDEX,yfinance,1d
2026-06-08,757.760009765625,768.0,741.5999755859375,744.8800048828125,593024,NIFTY_NEXT_50,NSE_INDEX,yfinance,1d
2026-06-09,752.0,756.0,744.72998046875,755.3499755859375,226454,NIFTY_NEXT_50,NSE_INDEX,yfinance,1d
2026-06-10,752.6400146484375,757.6300048828125,743.0,746.6199951171875,261961,NIFTY_NEXT_50,NSE_INDEX,yfinance,1d
2026-06-11,757.6300048828125,757.6300048828125,737.5599975585938,738.47998046875,291787,NIFTY_NEXT_50,NSE_INDEX,yfinance,1d
2026-06-12,749.9000244140625,757.0,743.5,755.72998046875,440665,NIFTY_NEXT_50,NSE_INDEX,yfinance,1d
2026-06-15,773.2999877929688,776.5499877929688,762.0,773.4199829101562,739827,NIFTY_NEXT_50,NSE_INDEX,yfinance,1d
2026-06-16,779.2999877929688,779.2999877929688,770.1900024414062,774.780029296875,312842,NIFTY_NEXT_50,NSE_INDEX,yfinance,1d
2026-06-17,777.5,780.7000122070312,772.4500122070312,779.8400268554688,457488,NIFTY_NEXT_50,NSE_INDEX,yfinance,1d
2026-06-18,778.0800170898438,785.0,775.3200073242188,783.469970703125,372772,NIFTY_NEXT_50,NSE_INDEX,yfinance,1d
2026-06-19,787.3099975585938,787.3099975585938,777.5,781.0399780273438,352600,NIFTY_NEXT_50,NSE_INDEX,yfinance,1d
2026-06-22,787.989990234375,788.0,780.1400146484375,786.8300170898438,451146,NIFTY_NEXT_50,NSE_INDEX,yfinance,1d
2026-06-23,774.0,789.969970703125,774.0,778.2000122070312,472118,NIFTY_NEXT_50,NSE_INDEX,yfinance,1d
2026-06-24,774.25,780.5,774.0,778.4000244140625,302995,NIFTY_NEXT_50,NSE_INDEX,yfinance,1d
2026-06-25,783.5,783.52001953125,779.0,779.6500244140625,537720,NIFTY_NEXT_50,NSE_INDEX,yfinance,1d
2026-06-26,779.6500244140625,779.6500244140625,779.6500244140625,779.6500244140625,0,NIFTY_NEXT_50,NSE_INDEX,yfinance,1d
2026-06-29,784.5999755859375,784.5999755859375,770.6599731445312,772.9600219726562,343731,NIFTY_NEXT_50,NSE_INDEX,yfinance,1d
2026-06-30,778.5,778.5,770.8499755859375,773.97998046875,276959,NIFTY_NEXT_50,NSE_INDEX,yfinance,1d
2026-07-01,777.989990234375,779.52001953125,758.5,779.1500244140625,511310,NIFTY_NEXT_50,NSE_INDEX,yfinance,1d
2026-07-02,784.5,784.5,763.5700073242188,782.4199829101562,457530,NIFTY_NEXT_50,NSE_INDEX,yfinance,1d
2026-07-03,798.0700073242188,798.0700073242188,779.6099853515625,780.7100219726562,760141,NIFTY_NEXT_50,NSE_INDEX,yfinance,1d
2026-07-06,784.989990234375,786.0,780.7100219726562,784.8400268554688,430323,NIFTY_NEXT_50,NSE_INDEX,yfinance,1d
2026-07-07,787.0,787.489990234375,778.6099853515625,780.280029296875,295254,NIFTY_NEXT_50,NSE_INDEX,yfinance,1d
2026-07-08,779.27001953125,779.5800170898438,761.1099853515625,765.8800048828125,697932,NIFTY_NEXT_50,NSE_INDEX,yfinance,1d
2026-07-09,763.4600219726562,774.489990234375,763.4500122070312,771.8200073242188,376074,NIFTY_NEXT_50,NSE_INDEX,yfinance,1d
2026-07-10,776.0,782.5,774.010009765625,781.8499755859375,390193,NIFTY_NEXT_50,NSE_INDEX,yfinance,1d
2026-07-13,786.0,786.0,772.0,779.1900024414062,328470,NIFTY_NEXT_50,NSE_INDEX,yfinance,1d
2026-07-14,779.0,779.0,772.0,776.3900146484375,297157,NIFTY_NEXT_50,NSE_INDEX,yfinance,1d
2026-07-15,782.280029296875,782.5,776.0,778.8400268554688,267168,NIFTY_NEXT_50,NSE_INDEX,yfinance,1d
2026-07-16,782.0,784.0,776.0,776.97998046875,279146,NIFTY_NEXT_50,NSE_INDEX,yfinance,1d
2026-07-17,765.5999755859375,779.0,765.5999755859375,776.1099853515625,251285,NIFTY_NEXT_50,NSE_INDEX,yfinance,1d
2026-07-20,777.5,782.0,772.0399780273438,781.489990234375,309091,NIFTY_NEXT_50,NSE_INDEX,yfinance,1d
2026-07-21,797.1199951171875,797.1199951171875,779.3699951171875,784.4299926757812,283010,NIFTY_NEXT_50,NSE_INDEX,yfinance,1d
2026-07-22,784.7000122070312,786.0,778.5,779.6099853515625,277542,NIFTY_NEXT_50,NSE_INDEX,yfinance,1d
2026-07-23,783.0,784.239990234375,774.3900146484375,776.239990234375,447617,NIFTY_NEXT_50,NSE_INDEX,yfinance,1d
2026-07-24,775.97998046875,778.0,766.52001953125,776.2999877929688,314178,NIFTY_NEXT_50,NSE_INDEX,yfinance,1d
2026-07-27,780.0,784.47998046875,777.3200073242188,783.4500122070312,338305,NIFTY_NEXT_50,NSE_INDEX,yfinance,1d
2026-07-28,781.5,785.5,778.52001953125,779.5800170898438,271082,NIFTY_NEXT_50,NSE_INDEX,yfinance,1d
2026-07-29,783.7999877929688,784.1500244140625,781.0,783.510009765625,249083,NIFTY_NEXT_50,NSE_INDEX,yfinance,1d
2026-07-30,799.1799926757812,799.1799926757812,780.0,784.3499755859375,265371,NIFTY_NEXT_50,NSE_INDEX,yfinance,1d
2026-07-31,784.3400268554688,796.9000244140625,783.0,795.6500244140625,608159,NIFTY_NEXT_50,NSE_INDEX,yfinance,1d
2026-08-03,800.0,805.0,795.0,801.5900268554688,548402,NIFTY_NEXT_50,NSE_INDEX,yfinance,1d
2026-08-04,805.5999755859375,810.5999755859375,801.25,802.0,308254,NIFTY_NEXT_50,NSE_INDEX,yfinance,1d
2026-08-05,818.0399780273438,818.0399780273438,788.0,805.739990234375,376109,NIFTY_NEXT_50,NSE_INDEX,yfinance,1d
2026-08-06,810.5999755859375,810.5999755859375,803.7999877929688,807.25,234994,NIFTY_NEXT_50,NSE_INDEX,yfinance,1d
2026-08-07,812.2999877929688,812.2999877929688,803.1099853515625,807.6300048828125,361061,NIFTY_NEXT_50,NSE_INDEX,yfinance,1d
2026-08-10,813.5,813.5,791.47998046875,809.0,255645,NIFTY_NEXT_50,NSE_INDEX,yfinance,1d
2026-08-11,801.0,810.47998046875,792.8200073242188,807.7000122070312,307666,NIFTY_NEXT_50,NSE_INDEX,yfinance,1d
2026-08-12,813.2999877929688,813.2999877929688,802.5,806.3099975585938,258176,NIFTY_NEXT_50,NSE_INDEX,yfinance,1d
2026-08-13,815.2999877929688,815.2999877929688,782.1199951171875,807.6900024414062,217630,NIFTY_NEXT_50,NSE_INDEX,yfinance,1d
